Project, Version, Budget, Suite, RelBudget, Test count, APFDf, TTFF, pTTFF, Misses, Hit, HitCount
Gson,1,10%,Ekstazi,0.08974358974358973,7.0,0.06196581196581197,NA,NA,28,0,2
Gson,1,10%,FAST,0.08974358974358973,7.0,0.9653846153846156,3.2,0.04102564102564103,0,1,30
Gson,1,10%,Ekstazi+dpt,0.08974358974358973,7.0,0.0,NA,NA,30,0,0
Gson,1,10%,DPT,0.08974358974358973,7.0,0.0,NA,NA,30,0,0
Gson,1,10%,STARTS,0.08974358974358973,7.0,0.06324786324786325,NA,NA,28,0,2
Gson,1,10%,STARTS+FAST-S,0.08974358974358973,7.0,0.9224358974358974,NA,NA,1,0,29
Gson,1,10%,STARTS+FAST-P,0.08974358974358973,7.0,0.9241452991452992,NA,NA,1,0,29
Gson,1,10%,STARTS+DPT,0.08974358974358973,7.0,0.0,NA,NA,30,0,0
Gson,1,10%,Fastazi-S,0.08974358974358973,7.0,0.9688034188034191,2.933333333333333,0.0376068376068376,0,1,30
Gson,1,10%,Fastazi-P,0.08974358974358973,7.0,0.9679487179487183,3.0,0.03846153846153846,0,1,30
Gson,1,10%,Random,0.08974358974358973,7.0,0.09380341880341879,NA,NA,27,0,3
Gson,1,20%,Ekstazi,0.19230769230769243,15.0,0.06196581196581197,NA,NA,28,0,2
Gson,1,20%,FAST,0.19230769230769243,15.0,0.9653846153846156,3.2,0.04102564102564103,0,1,30
Gson,1,20%,Ekstazi+dpt,0.19230769230769243,15.0,0.0,NA,NA,30,0,0
Gson,1,20%,DPT,0.19230769230769243,15.0,0.0,NA,NA,30,0,0
Gson,1,20%,STARTS,0.19230769230769243,15.0,0.06324786324786325,NA,NA,28,0,2
Gson,1,20%,STARTS+FAST-S,0.19230769230769243,15.0,0.9521367521367521,4.233333333333333,0.05427350427350429,0,1,30
Gson,1,20%,STARTS+FAST-P,0.19230769230769243,15.0,0.9538461538461539,4.1,0.05256410256410258,0,1,30
Gson,1,20%,STARTS+DPT,0.19230769230769243,15.0,0.0,NA,NA,30,0,0
Gson,1,20%,Fastazi-S,0.19230769230769243,15.0,0.9688034188034191,2.933333333333333,0.0376068376068376,0,1,30
Gson,1,20%,Fastazi-P,0.19230769230769243,15.0,0.9679487179487183,3.0,0.03846153846153846,0,1,30
Gson,1,20%,Random,0.19230769230769243,15.0,0.2061965811965812,NA,NA,23,0,7
Gson,1,25%,Ekstazi,0.24358974358974358,19.0,0.11410256410256409,NA,NA,26,0,4
Gson,1,25%,FAST,0.24358974358974358,19.0,0.9653846153846156,3.2,0.04102564102564103,0,1,30
Gson,1,25%,Ekstazi+dpt,0.24358974358974358,19.0,0.0,NA,NA,30,0,0
Gson,1,25%,DPT,0.24358974358974358,19.0,0.0,NA,NA,30,0,0
Gson,1,25%,STARTS,0.24358974358974358,19.0,0.11538461538461538,NA,NA,26,0,4
Gson,1,25%,STARTS+FAST-S,0.24358974358974358,19.0,0.9521367521367521,4.233333333333333,0.05427350427350429,0,1,30
Gson,1,25%,STARTS+FAST-P,0.24358974358974358,19.0,0.9538461538461539,4.1,0.05256410256410258,0,1,30
Gson,1,25%,STARTS+DPT,0.24358974358974358,19.0,0.0,NA,NA,30,0,0
Gson,1,25%,Fastazi-S,0.24358974358974358,19.0,0.9688034188034191,2.933333333333333,0.0376068376068376,0,1,30
Gson,1,25%,Fastazi-P,0.24358974358974358,19.0,0.9679487179487183,3.0,0.03846153846153846,0,1,30
Gson,1,25%,Random,0.24358974358974358,19.0,0.2061965811965812,NA,NA,23,0,7
Gson,1,30%,Ekstazi,0.2948717948717948,23.0,0.18782051282051285,NA,NA,23,0,7
Gson,1,30%,FAST,0.2948717948717948,23.0,0.9653846153846156,3.2,0.04102564102564103,0,1,30
Gson,1,30%,Ekstazi+dpt,0.2948717948717948,23.0,0.7371794871794876,21.0,0.2692307692307692,0,1,30
Gson,1,30%,DPT,0.2948717948717948,23.0,0.7371794871794876,21.0,0.2692307692307692,0,1,30
Gson,1,30%,STARTS,0.2948717948717948,23.0,0.23568376068376068,NA,NA,21,0,9
Gson,1,30%,STARTS+FAST-S,0.2948717948717948,23.0,0.9521367521367521,4.233333333333333,0.05427350427350429,0,1,30
Gson,1,30%,STARTS+FAST-P,0.2948717948717948,23.0,0.9538461538461539,4.1,0.05256410256410258,0,1,30
Gson,1,30%,STARTS+DPT,0.2948717948717948,23.0,0.7371794871794876,21.0,0.2692307692307692,0,1,30
Gson,1,30%,Fastazi-S,0.2948717948717948,23.0,0.9688034188034191,2.933333333333333,0.0376068376068376,0,1,30
Gson,1,30%,Fastazi-P,0.2948717948717948,23.0,0.9679487179487183,3.0,0.03846153846153846,0,1,30
Gson,1,30%,Random,0.2948717948717948,23.0,0.2061965811965812,NA,NA,23,0,7
Gson,1,40%,Ekstazi,0.38461538461538486,30.0,0.2525641025641026,NA,NA,20,0,10
Gson,1,40%,FAST,0.38461538461538486,30.0,0.9653846153846156,3.2,0.04102564102564103,0,1,30
Gson,1,40%,Ekstazi+dpt,0.38461538461538486,30.0,0.7371794871794876,21.0,0.2692307692307692,0,1,30
Gson,1,40%,DPT,0.38461538461538486,30.0,0.7371794871794876,21.0,0.2692307692307692,0,1,30
Gson,1,40%,STARTS,0.38461538461538486,30.0,0.3211538461538462,NA,NA,17,0,13
Gson,1,40%,STARTS+FAST-S,0.38461538461538486,30.0,0.9521367521367521,4.233333333333333,0.05427350427350429,0,1,30
Gson,1,40%,STARTS+FAST-P,0.38461538461538486,30.0,0.9538461538461539,4.1,0.05256410256410258,0,1,30
Gson,1,40%,STARTS+DPT,0.38461538461538486,30.0,0.7371794871794876,21.0,0.2692307692307692,0,1,30
Gson,1,40%,Fastazi-S,0.38461538461538486,30.0,0.9688034188034191,2.933333333333333,0.0376068376068376,0,1,30
Gson,1,40%,Fastazi-P,0.38461538461538486,30.0,0.9679487179487183,3.0,0.03846153846153846,0,1,30
Gson,1,40%,Random,0.38461538461538486,30.0,0.2722222222222222,NA,NA,20,0,10
Gson,1,50%,Ekstazi,0.48717948717948717,38.0,0.27029914529914534,NA,NA,19,0,11
Gson,1,50%,FAST,0.48717948717948717,38.0,0.9653846153846156,3.2,0.04102564102564103,0,1,30
Gson,1,50%,Ekstazi+dpt,0.48717948717948717,38.0,0.7371794871794876,21.0,0.2692307692307692,0,1,30
Gson,1,50%,DPT,0.48717948717948717,38.0,0.7371794871794876,21.0,0.2692307692307692,0,1,30
Gson,1,50%,STARTS,0.48717948717948717,38.0,0.41495726495726504,NA,NA,12,0,18
Gson,1,50%,STARTS+FAST-S,0.48717948717948717,38.0,0.9521367521367521,4.233333333333333,0.05427350427350429,0,1,30
Gson,1,50%,STARTS+FAST-P,0.48717948717948717,38.0,0.9538461538461539,4.1,0.05256410256410258,0,1,30
Gson,1,50%,STARTS+DPT,0.48717948717948717,38.0,0.7371794871794876,21.0,0.2692307692307692,0,1,30
Gson,1,50%,Fastazi-S,0.48717948717948717,38.0,0.9688034188034191,2.933333333333333,0.0376068376068376,0,1,30
Gson,1,50%,Fastazi-P,0.48717948717948717,38.0,0.9679487179487183,3.0,0.03846153846153846,0,1,30
Gson,1,50%,Random,0.48717948717948717,38.0,0.3102564102564102,NA,NA,18,0,12
Gson,1,60%,Ekstazi,0.5897435897435896,46.0,0.3335470085470085,NA,NA,15,0,15
Gson,1,60%,FAST,0.5897435897435896,46.0,0.9653846153846156,3.2,0.04102564102564103,0,1,30
Gson,1,60%,Ekstazi+dpt,0.5897435897435896,46.0,0.7371794871794876,21.0,0.2692307692307692,0,1,30
Gson,1,60%,DPT,0.5897435897435896,46.0,0.7371794871794876,21.0,0.2692307692307692,0,1,30
Gson,1,60%,STARTS,0.5897435897435896,46.0,0.4634615384615384,NA,NA,9,0,21
Gson,1,60%,STARTS+FAST-S,0.5897435897435896,46.0,0.9521367521367521,4.233333333333333,0.05427350427350429,0,1,30
Gson,1,60%,STARTS+FAST-P,0.5897435897435896,46.0,0.9538461538461539,4.1,0.05256410256410258,0,1,30
Gson,1,60%,STARTS+DPT,0.5897435897435896,46.0,0.7371794871794876,21.0,0.2692307692307692,0,1,30
Gson,1,60%,Fastazi-S,0.5897435897435896,46.0,0.9688034188034191,2.933333333333333,0.0376068376068376,0,1,30
Gson,1,60%,Fastazi-P,0.5897435897435896,46.0,0.9679487179487183,3.0,0.03846153846153846,0,1,30
Gson,1,60%,Random,0.5897435897435896,46.0,0.4034188034188034,NA,NA,12,0,18
Gson,1,70%,Ekstazi,0.6794871794871792,53.0,0.34572649572649566,NA,NA,14,0,16
Gson,1,70%,FAST,0.6794871794871792,53.0,0.9653846153846156,3.2,0.04102564102564103,0,1,30
Gson,1,70%,Ekstazi+dpt,0.6794871794871792,53.0,0.7371794871794876,21.0,0.2692307692307692,0,1,30
Gson,1,70%,DPT,0.6794871794871792,53.0,0.7371794871794876,21.0,0.2692307692307692,0,1,30
Gson,1,70%,STARTS,0.6794871794871792,53.0,0.4634615384615384,NA,NA,9,0,21
Gson,1,70%,STARTS+FAST-S,0.6794871794871792,53.0,0.9521367521367521,4.233333333333333,0.05427350427350429,0,1,30
Gson,1,70%,STARTS+FAST-P,0.6794871794871792,53.0,0.9538461538461539,4.1,0.05256410256410258,0,1,30
Gson,1,70%,STARTS+DPT,0.6794871794871792,53.0,0.7371794871794876,21.0,0.2692307692307692,0,1,30
Gson,1,70%,Fastazi-S,0.6794871794871792,53.0,0.9688034188034191,2.933333333333333,0.0376068376068376,0,1,30
Gson,1,70%,Fastazi-P,0.6794871794871792,53.0,0.9679487179487183,3.0,0.03846153846153846,0,1,30
Gson,1,70%,Random,0.6794871794871792,53.0,0.4399572649572648,NA,NA,9,0,21
Gson,1,75%,Ekstazi,0.7307692307692303,57.0,0.3666666666666666,NA,NA,12,0,18
Gson,1,75%,FAST,0.7307692307692303,57.0,0.9653846153846156,3.2,0.04102564102564103,0,1,30
Gson,1,75%,Ekstazi+dpt,0.7307692307692303,57.0,0.7371794871794876,21.0,0.2692307692307692,0,1,30
Gson,1,75%,DPT,0.7307692307692303,57.0,0.7371794871794876,21.0,0.2692307692307692,0,1,30
Gson,1,75%,STARTS,0.7307692307692303,57.0,0.49358974358974356,NA,NA,6,0,24
Gson,1,75%,STARTS+FAST-S,0.7307692307692303,57.0,0.9521367521367521,4.233333333333333,0.05427350427350429,0,1,30
Gson,1,75%,STARTS+FAST-P,0.7307692307692303,57.0,0.9538461538461539,4.1,0.05256410256410258,0,1,30
Gson,1,75%,STARTS+DPT,0.7307692307692303,57.0,0.7371794871794876,21.0,0.2692307692307692,0,1,30
Gson,1,75%,Fastazi-S,0.7307692307692303,57.0,0.9688034188034191,2.933333333333333,0.0376068376068376,0,1,30
Gson,1,75%,Fastazi-P,0.7307692307692303,57.0,0.9679487179487183,3.0,0.03846153846153846,0,1,30
Gson,1,75%,Random,0.7307692307692303,57.0,0.48055555555555535,NA,NA,5,0,25
Gson,1,80%,Ekstazi,0.782051282051282,61.0,0.3929487179487179,NA,NA,9,0,21
Gson,1,80%,FAST,0.782051282051282,61.0,0.9653846153846156,3.2,0.04102564102564103,0,1,30
Gson,1,80%,Ekstazi+dpt,0.782051282051282,61.0,0.7371794871794876,21.0,0.2692307692307692,0,1,30
Gson,1,80%,DPT,0.782051282051282,61.0,0.7371794871794876,21.0,0.2692307692307692,0,1,30
Gson,1,80%,STARTS,0.782051282051282,61.0,0.5106837606837608,NA,NA,4,0,26
Gson,1,80%,STARTS+FAST-S,0.782051282051282,61.0,0.9521367521367521,4.233333333333333,0.05427350427350429,0,1,30
Gson,1,80%,STARTS+FAST-P,0.782051282051282,61.0,0.9538461538461539,4.1,0.05256410256410258,0,1,30
Gson,1,80%,STARTS+DPT,0.782051282051282,61.0,0.7371794871794876,21.0,0.2692307692307692,0,1,30
Gson,1,80%,Fastazi-S,0.782051282051282,61.0,0.9688034188034191,2.933333333333333,0.0376068376068376,0,1,30
Gson,1,80%,Fastazi-P,0.782051282051282,61.0,0.9679487179487183,3.0,0.03846153846153846,0,1,30
Gson,1,80%,Random,0.782051282051282,61.0,0.48055555555555535,NA,NA,5,0,25
Gson,1,90%,Ekstazi,0.8846153846153844,69.0,0.4143162393162393,NA,NA,5,0,25
Gson,1,90%,FAST,0.8846153846153844,69.0,0.9653846153846156,3.2,0.04102564102564103,0,1,30
Gson,1,90%,Ekstazi+dpt,0.8846153846153844,69.0,0.7371794871794876,21.0,0.2692307692307692,0,1,30
Gson,1,90%,DPT,0.8846153846153844,69.0,0.7371794871794876,21.0,0.2692307692307692,0,1,30
Gson,1,90%,STARTS,0.8846153846153844,69.0,0.5292735042735043,NA,NA,1,0,29
Gson,1,90%,STARTS+FAST-S,0.8846153846153844,69.0,0.9521367521367521,4.233333333333333,0.05427350427350429,0,1,30
Gson,1,90%,STARTS+FAST-P,0.8846153846153844,69.0,0.9538461538461539,4.1,0.05256410256410258,0,1,30
Gson,1,90%,STARTS+DPT,0.8846153846153844,69.0,0.7371794871794876,21.0,0.2692307692307692,0,1,30
Gson,1,90%,Fastazi-S,0.8846153846153844,69.0,0.9688034188034191,2.933333333333333,0.0376068376068376,0,1,30
Gson,1,90%,Fastazi-P,0.8846153846153844,69.0,0.9679487179487183,3.0,0.03846153846153846,0,1,30
Gson,1,90%,Random,0.8846153846153844,69.0,0.49829059829059813,NA,NA,2,0,28
Gson,1,100%,Ekstazi,0.987179487179488,77.0,0.4256410256410256,45.3,0.5807692307692309,0,1,30
Gson,1,100%,FAST,0.987179487179488,77.0,0.9653846153846156,3.2,0.04102564102564103,0,1,30
Gson,1,100%,Ekstazi+dpt,0.987179487179488,77.0,0.7371794871794876,21.0,0.2692307692307692,0,1,30
Gson,1,100%,DPT,0.987179487179488,77.0,0.7371794871794876,21.0,0.2692307692307692,0,1,30
Gson,1,100%,STARTS,0.987179487179488,77.0,0.5299145299145299,37.166666666666664,0.47649572649572647,0,1,30
Gson,1,100%,STARTS+FAST-S,0.987179487179488,77.0,0.9521367521367521,4.233333333333333,0.05427350427350429,0,1,30
Gson,1,100%,STARTS+FAST-P,0.987179487179488,77.0,0.9538461538461539,4.1,0.05256410256410258,0,1,30
Gson,1,100%,STARTS+DPT,0.987179487179488,77.0,0.7371794871794876,21.0,0.2692307692307692,0,1,30
Gson,1,100%,Fastazi-S,0.987179487179488,77.0,0.9688034188034191,2.933333333333333,0.0376068376068376,0,1,30
Gson,1,100%,Fastazi-P,0.987179487179488,77.0,0.9679487179487183,3.0,0.03846153846153846,0,1,30
Gson,1,100%,Random,0.987179487179488,77.0,0.5034188034188033,39.233333333333334,0.5029914529914529,0,1,30
Gson,2,10%,Ekstazi,0.0952380952380953,8.0,0.12936507936507938,NA,NA,26,0,4
Gson,2,10%,FAST,0.0952380952380953,8.0,0.8186507936507935,NA,NA,4,0,26
Gson,2,10%,Ekstazi+dpt,0.0952380952380953,8.0,0.93452380952381,6.0,0.07142857142857141,0,1,30
Gson,2,10%,DPT,0.0952380952380953,8.0,0.93452380952381,6.0,0.07142857142857141,0,1,30
Gson,2,10%,STARTS,0.0952380952380953,8.0,0.0,NA,NA,30,0,0
Gson,2,10%,STARTS+FAST-S,0.0952380952380953,8.0,0.9781746031746033,2.3333333333333335,0.027777777777777787,0,1,30
Gson,2,10%,STARTS+FAST-P,0.0952380952380953,8.0,0.975793650793651,2.533333333333333,0.030158730158730166,0,1,30
Gson,2,10%,STARTS+DPT,0.0952380952380953,8.0,0.93452380952381,6.0,0.07142857142857141,0,1,30
Gson,2,10%,Fastazi-S,0.0952380952380953,8.0,0.7559523809523809,NA,NA,6,0,24
Gson,2,10%,Fastazi-P,0.0952380952380953,8.0,0.8194444444444444,NA,NA,4,0,26
Gson,2,10%,Random,0.0952380952380953,8.0,0.0623015873015873,NA,NA,28,0,2
Gson,2,20%,Ekstazi,0.1904761904761906,16.0,0.18730158730158727,NA,NA,24,0,6
Gson,2,20%,FAST,0.1904761904761906,16.0,0.9357142857142855,5.9,0.07023809523809524,0,1,30
Gson,2,20%,Ekstazi+dpt,0.1904761904761906,16.0,0.93452380952381,6.0,0.07142857142857141,0,1,30
Gson,2,20%,DPT,0.1904761904761906,16.0,0.93452380952381,6.0,0.07142857142857141,0,1,30
Gson,2,20%,STARTS,0.1904761904761906,16.0,0.0867063492063492,NA,NA,27,0,3
Gson,2,20%,STARTS+FAST-S,0.1904761904761906,16.0,0.9781746031746033,2.3333333333333335,0.027777777777777787,0,1,30
Gson,2,20%,STARTS+FAST-P,0.1904761904761906,16.0,0.975793650793651,2.533333333333333,0.030158730158730166,0,1,30
Gson,2,20%,STARTS+DPT,0.1904761904761906,16.0,0.93452380952381,6.0,0.07142857142857141,0,1,30
Gson,2,20%,Fastazi-S,0.1904761904761906,16.0,0.9273809523809523,6.6,0.07857142857142858,0,1,30
Gson,2,20%,Fastazi-P,0.1904761904761906,16.0,0.9365079365079364,5.833333333333333,0.06944444444444445,0,1,30
Gson,2,20%,Random,0.1904761904761906,16.0,0.08948412698412697,NA,NA,27,0,3
Gson,2,25%,Ekstazi,0.2380952380952381,20.0,0.21289682539682536,NA,NA,23,0,7
Gson,2,25%,FAST,0.2380952380952381,20.0,0.9357142857142855,5.9,0.07023809523809524,0,1,30
Gson,2,25%,Ekstazi+dpt,0.2380952380952381,20.0,0.93452380952381,6.0,0.07142857142857141,0,1,30
Gson,2,25%,DPT,0.2380952380952381,20.0,0.93452380952381,6.0,0.07142857142857141,0,1,30
Gson,2,25%,STARTS,0.2380952380952381,20.0,0.1130952380952381,NA,NA,26,0,4
Gson,2,25%,STARTS+FAST-S,0.2380952380952381,20.0,0.9781746031746033,2.3333333333333335,0.027777777777777787,0,1,30
Gson,2,25%,STARTS+FAST-P,0.2380952380952381,20.0,0.975793650793651,2.533333333333333,0.030158730158730166,0,1,30
Gson,2,25%,STARTS+DPT,0.2380952380952381,20.0,0.93452380952381,6.0,0.07142857142857141,0,1,30
Gson,2,25%,Fastazi-S,0.2380952380952381,20.0,0.9273809523809523,6.6,0.07857142857142858,0,1,30
Gson,2,25%,Fastazi-P,0.2380952380952381,20.0,0.9365079365079364,5.833333333333333,0.06944444444444445,0,1,30
Gson,2,25%,Random,0.2380952380952381,20.0,0.08948412698412697,NA,NA,27,0,3
Gson,2,30%,Ekstazi,0.28571428571428564,24.0,0.21289682539682536,NA,NA,23,0,7
Gson,2,30%,FAST,0.28571428571428564,24.0,0.9357142857142855,5.9,0.07023809523809524,0,1,30
Gson,2,30%,Ekstazi+dpt,0.28571428571428564,24.0,0.93452380952381,6.0,0.07142857142857141,0,1,30
Gson,2,30%,DPT,0.28571428571428564,24.0,0.93452380952381,6.0,0.07142857142857141,0,1,30
Gson,2,30%,STARTS,0.28571428571428564,24.0,0.18710317460317463,NA,NA,23,0,7
Gson,2,30%,STARTS+FAST-S,0.28571428571428564,24.0,0.9781746031746033,2.3333333333333335,0.027777777777777787,0,1,30
Gson,2,30%,STARTS+FAST-P,0.28571428571428564,24.0,0.975793650793651,2.533333333333333,0.030158730158730166,0,1,30
Gson,2,30%,STARTS+DPT,0.28571428571428564,24.0,0.93452380952381,6.0,0.07142857142857141,0,1,30
Gson,2,30%,Fastazi-S,0.28571428571428564,24.0,0.9273809523809523,6.6,0.07857142857142858,0,1,30
Gson,2,30%,Fastazi-P,0.28571428571428564,24.0,0.9365079365079364,5.833333333333333,0.06944444444444445,0,1,30
Gson,2,30%,Random,0.28571428571428564,24.0,0.1134920634920635,NA,NA,26,0,4
Gson,2,40%,Ekstazi,0.39285714285714285,33.0,0.21289682539682536,NA,NA,23,0,7
Gson,2,40%,FAST,0.39285714285714285,33.0,0.9357142857142855,5.9,0.07023809523809524,0,1,30
Gson,2,40%,Ekstazi+dpt,0.39285714285714285,33.0,0.93452380952381,6.0,0.07142857142857141,0,1,30
Gson,2,40%,DPT,0.39285714285714285,33.0,0.93452380952381,6.0,0.07142857142857141,0,1,30
Gson,2,40%,STARTS,0.39285714285714285,33.0,0.2543650793650793,NA,NA,20,0,10
Gson,2,40%,STARTS+FAST-S,0.39285714285714285,33.0,0.9781746031746033,2.3333333333333335,0.027777777777777787,0,1,30
Gson,2,40%,STARTS+FAST-P,0.39285714285714285,33.0,0.975793650793651,2.533333333333333,0.030158730158730166,0,1,30
Gson,2,40%,STARTS+DPT,0.39285714285714285,33.0,0.93452380952381,6.0,0.07142857142857141,0,1,30
Gson,2,40%,Fastazi-S,0.39285714285714285,33.0,0.9273809523809523,6.6,0.07857142857142858,0,1,30
Gson,2,40%,Fastazi-P,0.39285714285714285,33.0,0.9365079365079364,5.833333333333333,0.06944444444444445,0,1,30
Gson,2,40%,Random,0.39285714285714285,33.0,0.22757936507936508,NA,NA,21,0,9
Gson,2,50%,Ekstazi,0.48809523809523775,41.0,0.3079365079365079,NA,NA,18,0,12
Gson,2,50%,FAST,0.48809523809523775,41.0,0.9357142857142855,5.9,0.07023809523809524,0,1,30
Gson,2,50%,Ekstazi+dpt,0.48809523809523775,41.0,0.93452380952381,6.0,0.07142857142857141,0,1,30
Gson,2,50%,DPT,0.48809523809523775,41.0,0.93452380952381,6.0,0.07142857142857141,0,1,30
Gson,2,50%,STARTS,0.48809523809523775,41.0,0.3317460317460317,NA,NA,16,0,14
Gson,2,50%,STARTS+FAST-S,0.48809523809523775,41.0,0.9781746031746033,2.3333333333333335,0.027777777777777787,0,1,30
Gson,2,50%,STARTS+FAST-P,0.48809523809523775,41.0,0.975793650793651,2.533333333333333,0.030158730158730166,0,1,30
Gson,2,50%,STARTS+DPT,0.48809523809523775,41.0,0.93452380952381,6.0,0.07142857142857141,0,1,30
Gson,2,50%,Fastazi-S,0.48809523809523775,41.0,0.9273809523809523,6.6,0.07857142857142858,0,1,30
Gson,2,50%,Fastazi-P,0.48809523809523775,41.0,0.9365079365079364,5.833333333333333,0.06944444444444445,0,1,30
Gson,2,50%,Random,0.48809523809523775,41.0,0.30218253968253966,NA,NA,17,0,13
Gson,2,60%,Ekstazi,0.5833333333333335,49.0,0.35575396825396827,NA,NA,15,0,15
Gson,2,60%,FAST,0.5833333333333335,49.0,0.9357142857142855,5.9,0.07023809523809524,0,1,30
Gson,2,60%,Ekstazi+dpt,0.5833333333333335,49.0,0.93452380952381,6.0,0.07142857142857141,0,1,30
Gson,2,60%,DPT,0.5833333333333335,49.0,0.93452380952381,6.0,0.07142857142857141,0,1,30
Gson,2,60%,STARTS,0.5833333333333335,49.0,0.3771825396825397,NA,NA,13,0,17
Gson,2,60%,STARTS+FAST-S,0.5833333333333335,49.0,0.9781746031746033,2.3333333333333335,0.027777777777777787,0,1,30
Gson,2,60%,STARTS+FAST-P,0.5833333333333335,49.0,0.975793650793651,2.533333333333333,0.030158730158730166,0,1,30
Gson,2,60%,STARTS+DPT,0.5833333333333335,49.0,0.93452380952381,6.0,0.07142857142857141,0,1,30
Gson,2,60%,Fastazi-S,0.5833333333333335,49.0,0.9273809523809523,6.6,0.07857142857142858,0,1,30
Gson,2,60%,Fastazi-P,0.5833333333333335,49.0,0.9365079365079364,5.833333333333333,0.06944444444444445,0,1,30
Gson,2,60%,Random,0.5833333333333335,49.0,0.34722222222222215,NA,NA,14,0,16
Gson,2,70%,Ekstazi,0.6904761904761901,58.0,0.4158730158730159,NA,NA,10,0,20
Gson,2,70%,FAST,0.6904761904761901,58.0,0.9357142857142855,5.9,0.07023809523809524,0,1,30
Gson,2,70%,Ekstazi+dpt,0.6904761904761901,58.0,0.93452380952381,6.0,0.07142857142857141,0,1,30
Gson,2,70%,DPT,0.6904761904761901,58.0,0.93452380952381,6.0,0.07142857142857141,0,1,30
Gson,2,70%,STARTS,0.6904761904761901,58.0,0.40019841269841266,NA,NA,11,0,19
Gson,2,70%,STARTS+FAST-S,0.6904761904761901,58.0,0.9781746031746033,2.3333333333333335,0.027777777777777787,0,1,30
Gson,2,70%,STARTS+FAST-P,0.6904761904761901,58.0,0.975793650793651,2.533333333333333,0.030158730158730166,0,1,30
Gson,2,70%,STARTS+DPT,0.6904761904761901,58.0,0.93452380952381,6.0,0.07142857142857141,0,1,30
Gson,2,70%,Fastazi-S,0.6904761904761901,58.0,0.9273809523809523,6.6,0.07857142857142858,0,1,30
Gson,2,70%,Fastazi-P,0.6904761904761901,58.0,0.9365079365079364,5.833333333333333,0.06944444444444445,0,1,30
Gson,2,70%,Random,0.6904761904761901,58.0,0.3694444444444444,NA,NA,12,0,18
Gson,2,75%,Ekstazi,0.7380952380952376,62.0,0.4255952380952382,NA,NA,9,0,21
Gson,2,75%,FAST,0.7380952380952376,62.0,0.9357142857142855,5.9,0.07023809523809524,0,1,30
Gson,2,75%,Ekstazi+dpt,0.7380952380952376,62.0,0.93452380952381,6.0,0.07142857142857141,0,1,30
Gson,2,75%,DPT,0.7380952380952376,62.0,0.93452380952381,6.0,0.07142857142857141,0,1,30
Gson,2,75%,STARTS,0.7380952380952376,62.0,0.40019841269841266,NA,NA,11,0,19
Gson,2,75%,STARTS+FAST-S,0.7380952380952376,62.0,0.9781746031746033,2.3333333333333335,0.027777777777777787,0,1,30
Gson,2,75%,STARTS+FAST-P,0.7380952380952376,62.0,0.975793650793651,2.533333333333333,0.030158730158730166,0,1,30
Gson,2,75%,STARTS+DPT,0.7380952380952376,62.0,0.93452380952381,6.0,0.07142857142857141,0,1,30
Gson,2,75%,Fastazi-S,0.7380952380952376,62.0,0.9273809523809523,6.6,0.07857142857142858,0,1,30
Gson,2,75%,Fastazi-P,0.7380952380952376,62.0,0.9365079365079364,5.833333333333333,0.06944444444444445,0,1,30
Gson,2,75%,Random,0.7380952380952376,62.0,0.37916666666666665,NA,NA,11,0,19
Gson,2,80%,Ekstazi,0.7857142857142857,66.0,0.45694444444444454,NA,NA,5,0,25
Gson,2,80%,FAST,0.7857142857142857,66.0,0.9357142857142855,5.9,0.07023809523809524,0,1,30
Gson,2,80%,Ekstazi+dpt,0.7857142857142857,66.0,0.93452380952381,6.0,0.07142857142857141,0,1,30
Gson,2,80%,DPT,0.7857142857142857,66.0,0.93452380952381,6.0,0.07142857142857141,0,1,30
Gson,2,80%,STARTS,0.7857142857142857,66.0,0.40019841269841266,NA,NA,11,0,19
Gson,2,80%,STARTS+FAST-S,0.7857142857142857,66.0,0.9781746031746033,2.3333333333333335,0.027777777777777787,0,1,30
Gson,2,80%,STARTS+FAST-P,0.7857142857142857,66.0,0.975793650793651,2.533333333333333,0.030158730158730166,0,1,30
Gson,2,80%,STARTS+DPT,0.7857142857142857,66.0,0.93452380952381,6.0,0.07142857142857141,0,1,30
Gson,2,80%,Fastazi-S,0.7857142857142857,66.0,0.9273809523809523,6.6,0.07857142857142858,0,1,30
Gson,2,80%,Fastazi-P,0.7857142857142857,66.0,0.9365079365079364,5.833333333333333,0.06944444444444445,0,1,30
Gson,2,80%,Random,0.7857142857142857,66.0,0.39503968253968247,NA,NA,9,0,21
Gson,2,90%,Ekstazi,0.8809523809523807,74.0,0.4819444444444445,NA,NA,1,0,29
Gson,2,90%,FAST,0.8809523809523807,74.0,0.9357142857142855,5.9,0.07023809523809524,0,1,30
Gson,2,90%,Ekstazi+dpt,0.8809523809523807,74.0,0.93452380952381,6.0,0.07142857142857141,0,1,30
Gson,2,90%,DPT,0.8809523809523807,74.0,0.93452380952381,6.0,0.07142857142857141,0,1,30
Gson,2,90%,STARTS,0.8809523809523807,74.0,0.43392857142857133,NA,NA,5,0,25
Gson,2,90%,STARTS+FAST-S,0.8809523809523807,74.0,0.9781746031746033,2.3333333333333335,0.027777777777777787,0,1,30
Gson,2,90%,STARTS+FAST-P,0.8809523809523807,74.0,0.975793650793651,2.533333333333333,0.030158730158730166,0,1,30
Gson,2,90%,STARTS+DPT,0.8809523809523807,74.0,0.93452380952381,6.0,0.07142857142857141,0,1,30
Gson,2,90%,Fastazi-S,0.8809523809523807,74.0,0.9273809523809523,6.6,0.07857142857142858,0,1,30
Gson,2,90%,Fastazi-P,0.8809523809523807,74.0,0.9365079365079364,5.833333333333333,0.06944444444444445,0,1,30
Gson,2,90%,Random,0.8809523809523807,74.0,0.4053571428571428,NA,NA,7,0,23
Gson,2,100%,Ekstazi,0.9880952380952375,83.0,0.48373015873015884,43.86666666666667,0.5222222222222224,0,1,30
Gson,2,100%,FAST,0.9880952380952375,83.0,0.9357142857142855,5.9,0.07023809523809524,0,1,30
Gson,2,100%,Ekstazi+dpt,0.9880952380952375,83.0,0.93452380952381,6.0,0.07142857142857141,0,1,30
Gson,2,100%,DPT,0.9880952380952375,83.0,0.93452380952381,6.0,0.07142857142857141,0,1,30
Gson,2,100%,STARTS,0.9880952380952375,83.0,0.4444444444444443,47.166666666666664,0.5615079365079366,0,1,30
Gson,2,100%,STARTS+FAST-S,0.9880952380952375,83.0,0.9781746031746033,2.3333333333333335,0.027777777777777787,0,1,30
Gson,2,100%,STARTS+FAST-P,0.9880952380952375,83.0,0.975793650793651,2.533333333333333,0.030158730158730166,0,1,30
Gson,2,100%,STARTS+DPT,0.9880952380952375,83.0,0.93452380952381,6.0,0.07142857142857141,0,1,30
Gson,2,100%,Fastazi-S,0.9880952380952375,83.0,0.9273809523809523,6.6,0.07857142857142858,0,1,30
Gson,2,100%,Fastazi-P,0.9880952380952375,83.0,0.9365079365079364,5.833333333333333,0.06944444444444445,0,1,30
Gson,2,100%,Random,0.9880952380952375,83.0,0.42103174603174603,49.13333333333333,0.584920634920635,0,1,30
Gson,3,10%,Ekstazi,0.0952380952380953,8.0,0.0630952380952381,NA,NA,28,0,2
Gson,3,10%,FAST,0.0952380952380953,8.0,0.0,NA,NA,30,0,0
Gson,3,10%,Ekstazi+dpt,0.0952380952380953,8.0,0.9940476190476194,1.0,0.011904761904761913,0,1,30
Gson,3,10%,DPT,0.0952380952380953,8.0,0.9940476190476194,1.0,0.011904761904761913,0,1,30
Gson,3,10%,STARTS,0.0952380952380953,8.0,0.09702380952380953,NA,NA,27,0,3
Gson,3,10%,STARTS+FAST-S,0.0952380952380953,8.0,0.0,NA,NA,30,0,0
Gson,3,10%,STARTS+FAST-P,0.0952380952380953,8.0,0.0,NA,NA,30,0,0
Gson,3,10%,STARTS+DPT,0.0952380952380953,8.0,0.9940476190476194,1.0,0.011904761904761913,0,1,30
Gson,3,10%,Fastazi-S,0.0952380952380953,8.0,0.0,NA,NA,30,0,0
Gson,3,10%,Fastazi-P,0.0952380952380953,8.0,0.0,NA,NA,30,0,0
Gson,3,10%,Random,0.0952380952380953,8.0,0.06349206349206349,NA,NA,28,0,2
Gson,3,20%,Ekstazi,0.1904761904761906,16.0,0.11984126984126983,NA,NA,26,0,4
Gson,3,20%,FAST,0.1904761904761906,16.0,0.0,NA,NA,30,0,0
Gson,3,20%,Ekstazi+dpt,0.1904761904761906,16.0,0.9940476190476194,1.0,0.011904761904761913,0,1,30
Gson,3,20%,DPT,0.1904761904761906,16.0,0.9940476190476194,1.0,0.011904761904761913,0,1,30
Gson,3,20%,STARTS,0.1904761904761906,16.0,0.1841269841269841,NA,NA,24,0,6
Gson,3,20%,STARTS+FAST-S,0.1904761904761906,16.0,0.0,NA,NA,30,0,0
Gson,3,20%,STARTS+FAST-P,0.1904761904761906,16.0,0.0,NA,NA,30,0,0
Gson,3,20%,STARTS+DPT,0.1904761904761906,16.0,0.9940476190476194,1.0,0.011904761904761913,0,1,30
Gson,3,20%,Fastazi-S,0.1904761904761906,16.0,0.0,NA,NA,30,0,0
Gson,3,20%,Fastazi-P,0.1904761904761906,16.0,0.0,NA,NA,30,0,0
Gson,3,20%,Random,0.1904761904761906,16.0,0.23293650793650794,NA,NA,22,0,8
Gson,3,25%,Ekstazi,0.2380952380952381,20.0,0.17261904761904762,NA,NA,24,0,6
Gson,3,25%,FAST,0.2380952380952381,20.0,0.0,NA,NA,30,0,0
Gson,3,25%,Ekstazi+dpt,0.2380952380952381,20.0,0.9940476190476194,1.0,0.011904761904761913,0,1,30
Gson,3,25%,DPT,0.2380952380952381,20.0,0.9940476190476194,1.0,0.011904761904761913,0,1,30
Gson,3,25%,STARTS,0.2380952380952381,20.0,0.1841269841269841,NA,NA,24,0,6
Gson,3,25%,STARTS+FAST-S,0.2380952380952381,20.0,0.0,NA,NA,30,0,0
Gson,3,25%,STARTS+FAST-P,0.2380952380952381,20.0,0.0,NA,NA,30,0,0
Gson,3,25%,STARTS+DPT,0.2380952380952381,20.0,0.9940476190476194,1.0,0.011904761904761913,0,1,30
Gson,3,25%,Fastazi-S,0.2380952380952381,20.0,0.0,NA,NA,30,0,0
Gson,3,25%,Fastazi-P,0.2380952380952381,20.0,0.0,NA,NA,30,0,0
Gson,3,25%,Random,0.2380952380952381,20.0,0.23293650793650794,NA,NA,22,0,8
Gson,3,30%,Ekstazi,0.28571428571428564,24.0,0.17261904761904762,NA,NA,24,0,6
Gson,3,30%,FAST,0.28571428571428564,24.0,0.0,NA,NA,30,0,0
Gson,3,30%,Ekstazi+dpt,0.28571428571428564,24.0,0.9940476190476194,1.0,0.011904761904761913,0,1,30
Gson,3,30%,DPT,0.28571428571428564,24.0,0.9940476190476194,1.0,0.011904761904761913,0,1,30
Gson,3,30%,STARTS,0.28571428571428564,24.0,0.2329365079365079,NA,NA,22,0,8
Gson,3,30%,STARTS+FAST-S,0.28571428571428564,24.0,0.0,NA,NA,30,0,0
Gson,3,30%,STARTS+FAST-P,0.28571428571428564,24.0,0.0,NA,NA,30,0,0
Gson,3,30%,STARTS+DPT,0.28571428571428564,24.0,0.9940476190476194,1.0,0.011904761904761913,0,1,30
Gson,3,30%,Fastazi-S,0.28571428571428564,24.0,0.0,NA,NA,30,0,0
Gson,3,30%,Fastazi-P,0.28571428571428564,24.0,0.0,NA,NA,30,0,0
Gson,3,30%,Random,0.28571428571428564,24.0,0.2573412698412698,NA,NA,21,0,9
Gson,3,40%,Ekstazi,0.39285714285714285,33.0,0.3035714285714286,NA,NA,18,0,12
Gson,3,40%,FAST,0.39285714285714285,33.0,0.0,NA,NA,30,0,0
Gson,3,40%,Ekstazi+dpt,0.39285714285714285,33.0,0.9940476190476194,1.0,0.011904761904761913,0,1,30
Gson,3,40%,DPT,0.39285714285714285,33.0,0.9940476190476194,1.0,0.011904761904761913,0,1,30
Gson,3,40%,STARTS,0.39285714285714285,33.0,0.27619047619047615,NA,NA,20,0,10
Gson,3,40%,STARTS+FAST-S,0.39285714285714285,33.0,0.0,NA,NA,30,0,0
Gson,3,40%,STARTS+FAST-P,0.39285714285714285,33.0,0.0,NA,NA,30,0,0
Gson,3,40%,STARTS+DPT,0.39285714285714285,33.0,0.9940476190476194,1.0,0.011904761904761913,0,1,30
Gson,3,40%,Fastazi-S,0.39285714285714285,33.0,0.0,NA,NA,30,0,0
Gson,3,40%,Fastazi-P,0.39285714285714285,33.0,0.0,NA,NA,30,0,0
Gson,3,40%,Random,0.39285714285714285,33.0,0.34305555555555556,NA,NA,17,0,13
Gson,3,50%,Ekstazi,0.48809523809523775,41.0,0.375,NA,NA,14,0,16
Gson,3,50%,FAST,0.48809523809523775,41.0,0.0,NA,NA,30,0,0
Gson,3,50%,Ekstazi+dpt,0.48809523809523775,41.0,0.9940476190476194,1.0,0.011904761904761913,0,1,30
Gson,3,50%,DPT,0.48809523809523775,41.0,0.9940476190476194,1.0,0.011904761904761913,0,1,30
Gson,3,50%,STARTS,0.48809523809523775,41.0,0.36964285714285716,NA,NA,15,0,15
Gson,3,50%,STARTS+FAST-S,0.48809523809523775,41.0,0.0,NA,NA,30,0,0
Gson,3,50%,STARTS+FAST-P,0.48809523809523775,41.0,0.0,NA,NA,30,0,0
Gson,3,50%,STARTS+DPT,0.48809523809523775,41.0,0.9940476190476194,1.0,0.011904761904761913,0,1,30
Gson,3,50%,Fastazi-S,0.48809523809523775,41.0,0.0,NA,NA,30,0,0
Gson,3,50%,Fastazi-P,0.48809523809523775,41.0,0.0,NA,NA,30,0,0
Gson,3,50%,Random,0.48809523809523775,41.0,0.4121031746031745,NA,NA,13,0,17
Gson,3,60%,Ekstazi,0.5833333333333335,49.0,0.4706349206349206,NA,NA,8,0,22
Gson,3,60%,FAST,0.5833333333333335,49.0,0.0,NA,NA,30,0,0
Gson,3,60%,Ekstazi+dpt,0.5833333333333335,49.0,0.9940476190476194,1.0,0.011904761904761913,0,1,30
Gson,3,60%,DPT,0.5833333333333335,49.0,0.9940476190476194,1.0,0.011904761904761913,0,1,30
Gson,3,60%,STARTS,0.5833333333333335,49.0,0.4166666666666667,NA,NA,12,0,18
Gson,3,60%,STARTS+FAST-S,0.5833333333333335,49.0,0.0,NA,NA,30,0,0
Gson,3,60%,STARTS+FAST-P,0.5833333333333335,49.0,0.0,NA,NA,30,0,0
Gson,3,60%,STARTS+DPT,0.5833333333333335,49.0,0.9940476190476194,1.0,0.011904761904761913,0,1,30
Gson,3,60%,Fastazi-S,0.5833333333333335,49.0,0.0,NA,NA,30,0,0
Gson,3,60%,Fastazi-P,0.5833333333333335,49.0,0.0,NA,NA,30,0,0
Gson,3,60%,Random,0.5833333333333335,49.0,0.47678571428571426,NA,NA,9,0,21
Gson,3,70%,Ekstazi,0.6904761904761901,58.0,0.5069444444444444,NA,NA,5,0,25
Gson,3,70%,FAST,0.6904761904761901,58.0,0.0,NA,NA,30,0,0
Gson,3,70%,Ekstazi+dpt,0.6904761904761901,58.0,0.9940476190476194,1.0,0.011904761904761913,0,1,30
Gson,3,70%,DPT,0.6904761904761901,58.0,0.9940476190476194,1.0,0.011904761904761913,0,1,30
Gson,3,70%,STARTS,0.6904761904761901,58.0,0.4404761904761905,NA,NA,10,0,20
Gson,3,70%,STARTS+FAST-S,0.6904761904761901,58.0,0.0,NA,NA,30,0,0
Gson,3,70%,STARTS+FAST-P,0.6904761904761901,58.0,0.0,NA,NA,30,0,0
Gson,3,70%,STARTS+DPT,0.6904761904761901,58.0,0.9940476190476194,1.0,0.011904761904761913,0,1,30
Gson,3,70%,Fastazi-S,0.6904761904761901,58.0,0.0,NA,NA,30,0,0
Gson,3,70%,Fastazi-P,0.6904761904761901,58.0,0.0,NA,NA,30,0,0
Gson,3,70%,Random,0.6904761904761901,58.0,0.5228174603174602,NA,NA,5,0,25
Gson,3,75%,Ekstazi,0.7380952380952376,62.0,0.5069444444444444,NA,NA,5,0,25
Gson,3,75%,FAST,0.7380952380952376,62.0,0.27698412698412705,61.233333333333334,0.7289682539682535,0,1,30
Gson,3,75%,Ekstazi+dpt,0.7380952380952376,62.0,0.9940476190476194,1.0,0.011904761904761913,0,1,30
Gson,3,75%,DPT,0.7380952380952376,62.0,0.9940476190476194,1.0,0.011904761904761913,0,1,30
Gson,3,75%,STARTS,0.7380952380952376,62.0,0.4773809523809524,NA,NA,6,0,24
Gson,3,75%,STARTS+FAST-S,0.7380952380952376,62.0,0.0,NA,NA,30,0,0
Gson,3,75%,STARTS+FAST-P,0.7380952380952376,62.0,0.0,NA,NA,30,0,0
Gson,3,75%,STARTS+DPT,0.7380952380952376,62.0,0.9940476190476194,1.0,0.011904761904761913,0,1,30
Gson,3,75%,Fastazi-S,0.7380952380952376,62.0,0.2777777777777779,61.166666666666664,0.7281746031746027,0,1,30
Gson,3,75%,Fastazi-P,0.7380952380952376,62.0,0.288888888888889,60.233333333333334,0.7170634920634921,0,1,30
Gson,3,75%,Random,0.7380952380952376,62.0,0.5325396825396823,NA,NA,4,0,26
Gson,3,80%,Ekstazi,0.7857142857142857,66.0,0.5232142857142856,NA,NA,3,0,27
Gson,3,80%,FAST,0.7857142857142857,66.0,0.27698412698412705,61.233333333333334,0.7289682539682535,0,1,30
Gson,3,80%,Ekstazi+dpt,0.7857142857142857,66.0,0.9940476190476194,1.0,0.011904761904761913,0,1,30
Gson,3,80%,DPT,0.7857142857142857,66.0,0.9940476190476194,1.0,0.011904761904761913,0,1,30
Gson,3,80%,STARTS,0.7857142857142857,66.0,0.5009920634920635,NA,NA,3,0,27
Gson,3,80%,STARTS+FAST-S,0.7857142857142857,66.0,0.007341269841269842,NA,NA,29,0,1
Gson,3,80%,STARTS+FAST-P,0.7857142857142857,66.0,0.014682539682539684,NA,NA,28,0,2
Gson,3,80%,STARTS+DPT,0.7857142857142857,66.0,0.9940476190476194,1.0,0.011904761904761913,0,1,30
Gson,3,80%,Fastazi-S,0.7857142857142857,66.0,0.2777777777777779,61.166666666666664,0.7281746031746027,0,1,30
Gson,3,80%,Fastazi-P,0.7857142857142857,66.0,0.288888888888889,60.233333333333334,0.7170634920634921,0,1,30
Gson,3,80%,Random,0.7857142857142857,66.0,0.540674603174603,NA,NA,3,0,27
Gson,3,90%,Ekstazi,0.8809523809523807,74.0,0.5293650793650793,NA,NA,2,0,28
Gson,3,90%,FAST,0.8809523809523807,74.0,0.27698412698412705,61.233333333333334,0.7289682539682535,0,1,30
Gson,3,90%,Ekstazi+dpt,0.8809523809523807,74.0,0.9940476190476194,1.0,0.011904761904761913,0,1,30
Gson,3,90%,DPT,0.8809523809523807,74.0,0.9940476190476194,1.0,0.011904761904761913,0,1,30
Gson,3,90%,STARTS,0.8809523809523807,74.0,0.5109126984126985,NA,NA,1,0,29
Gson,3,90%,STARTS+FAST-S,0.8809523809523807,74.0,0.20595238095238091,67.2,0.7999999999999999,0,1,30
Gson,3,90%,STARTS+FAST-P,0.8809523809523807,74.0,0.2071428571428571,67.1,0.7988095238095237,0,1,30
Gson,3,90%,STARTS+DPT,0.8809523809523807,74.0,0.9940476190476194,1.0,0.011904761904761913,0,1,30
Gson,3,90%,Fastazi-S,0.8809523809523807,74.0,0.2777777777777779,61.166666666666664,0.7281746031746027,0,1,30
Gson,3,90%,Fastazi-P,0.8809523809523807,74.0,0.288888888888889,60.233333333333334,0.7170634920634921,0,1,30
Gson,3,90%,Random,0.8809523809523807,74.0,0.540674603174603,NA,NA,3,0,27
Gson,3,100%,Ekstazi,0.9880952380952375,83.0,0.5309523809523808,39.9,0.4749999999999999,0,1,30
Gson,3,100%,FAST,0.9880952380952375,83.0,0.27698412698412705,61.233333333333334,0.7289682539682535,0,1,30
Gson,3,100%,Ekstazi+dpt,0.9880952380952375,83.0,0.9940476190476194,1.0,0.011904761904761913,0,1,30
Gson,3,100%,DPT,0.9880952380952375,83.0,0.9940476190476194,1.0,0.011904761904761913,0,1,30
Gson,3,100%,STARTS,0.9880952380952375,83.0,0.5130952380952382,41.4,0.4928571428571429,0,1,30
Gson,3,100%,STARTS+FAST-S,0.9880952380952375,83.0,0.20595238095238091,67.2,0.7999999999999999,0,1,30
Gson,3,100%,STARTS+FAST-P,0.9880952380952375,83.0,0.2071428571428571,67.1,0.7988095238095237,0,1,30
Gson,3,100%,STARTS+DPT,0.9880952380952375,83.0,0.9940476190476194,1.0,0.011904761904761913,0,1,30
Gson,3,100%,Fastazi-S,0.9880952380952375,83.0,0.2777777777777779,61.166666666666664,0.7281746031746027,0,1,30
Gson,3,100%,Fastazi-P,0.9880952380952375,83.0,0.288888888888889,60.233333333333334,0.7170634920634921,0,1,30
Gson,3,100%,Random,0.9880952380952375,83.0,0.544047619047619,38.8,0.4619047619047618,0,1,30
Gson,4,10%,Ekstazi,0.09195402298850568,8.0,0.25325670498084296,NA,NA,22,0,8
Gson,4,10%,FAST,0.09195402298850568,8.0,0.9388888888888896,NA,NA,1,0,29
Gson,4,10%,Ekstazi+dpt,0.09195402298850568,8.0,0.0,NA,NA,30,0,0
Gson,4,10%,DPT,0.09195402298850568,8.0,0.0,NA,NA,30,0,0
Gson,4,10%,STARTS,0.09195402298850568,8.0,0.22203065134099617,NA,NA,23,0,7
Gson,4,10%,STARTS+FAST-S,0.09195402298850568,8.0,0.0,NA,NA,30,0,0
Gson,4,10%,STARTS+FAST-P,0.09195402298850568,8.0,0.0,NA,NA,30,0,0
Gson,4,10%,STARTS+DPT,0.09195402298850568,8.0,0.0,NA,NA,30,0,0
Gson,4,10%,Fastazi-S,0.09195402298850568,8.0,0.7743295019157092,NA,NA,6,0,24
Gson,4,10%,Fastazi-P,0.09195402298850568,8.0,0.9388888888888896,NA,NA,1,0,29
Gson,4,10%,Random,0.09195402298850568,8.0,0.06475095785440614,NA,NA,28,0,2
Gson,4,20%,Ekstazi,0.18390804597701135,16.0,0.34118773946360154,NA,NA,19,0,11
Gson,4,20%,FAST,0.18390804597701135,16.0,0.9678160919540236,3.3,0.03793103448275862,0,1,30
Gson,4,20%,Ekstazi+dpt,0.18390804597701135,16.0,0.0,NA,NA,30,0,0
Gson,4,20%,DPT,0.18390804597701135,16.0,0.0,NA,NA,30,0,0
Gson,4,20%,STARTS,0.18390804597701135,16.0,0.30613026819923367,NA,NA,20,0,10
Gson,4,20%,STARTS+FAST-S,0.18390804597701135,16.0,0.8701149425287356,11.8,0.13563218390804596,0,1,30
Gson,4,20%,STARTS+FAST-P,0.18390804597701135,16.0,0.8724137931034482,11.6,0.13333333333333333,0,1,30
Gson,4,20%,STARTS+DPT,0.18390804597701135,16.0,0.0,NA,NA,30,0,0
Gson,4,20%,Fastazi-S,0.18390804597701135,16.0,0.9471264367816097,5.1,0.05862068965517243,0,1,30
Gson,4,20%,Fastazi-P,0.18390804597701135,16.0,0.9678160919540236,3.3,0.03793103448275862,0,1,30
Gson,4,20%,Random,0.18390804597701135,16.0,0.2634099616858238,NA,NA,21,0,9
Gson,4,25%,Ekstazi,0.24137931034482746,21.0,0.4473180076628352,NA,NA,15,0,15
Gson,4,25%,FAST,0.24137931034482746,21.0,0.9678160919540236,3.3,0.03793103448275862,0,1,30
Gson,4,25%,Ekstazi+dpt,0.24137931034482746,21.0,0.0,NA,NA,30,0,0
Gson,4,25%,DPT,0.24137931034482746,21.0,0.0,NA,NA,30,0,0
Gson,4,25%,STARTS,0.24137931034482746,21.0,0.3578544061302681,NA,NA,18,0,12
Gson,4,25%,STARTS+FAST-S,0.24137931034482746,21.0,0.8701149425287356,11.8,0.13563218390804596,0,1,30
Gson,4,25%,STARTS+FAST-P,0.24137931034482746,21.0,0.8724137931034482,11.6,0.13333333333333333,0,1,30
Gson,4,25%,STARTS+DPT,0.24137931034482746,21.0,0.0,NA,NA,30,0,0
Gson,4,25%,Fastazi-S,0.24137931034482746,21.0,0.9471264367816097,5.1,0.05862068965517243,0,1,30
Gson,4,25%,Fastazi-P,0.24137931034482746,21.0,0.9678160919540236,3.3,0.03793103448275862,0,1,30
Gson,4,25%,Random,0.24137931034482746,21.0,0.34176245210727974,NA,NA,18,0,12
Gson,4,30%,Ekstazi,0.2873563218390806,25.0,0.47241379310344833,NA,NA,14,0,16
Gson,4,30%,FAST,0.2873563218390806,25.0,0.9678160919540236,3.3,0.03793103448275862,0,1,30
Gson,4,30%,Ekstazi+dpt,0.2873563218390806,25.0,0.0,NA,NA,30,0,0
Gson,4,30%,DPT,0.2873563218390806,25.0,0.0,NA,NA,30,0,0
Gson,4,30%,STARTS,0.2873563218390806,25.0,0.4555555555555555,NA,NA,14,0,16
Gson,4,30%,STARTS+FAST-S,0.2873563218390806,25.0,0.8701149425287356,11.8,0.13563218390804596,0,1,30
Gson,4,30%,STARTS+FAST-P,0.2873563218390806,25.0,0.8724137931034482,11.6,0.13333333333333333,0,1,30
Gson,4,30%,STARTS+DPT,0.2873563218390806,25.0,0.0,NA,NA,30,0,0
Gson,4,30%,Fastazi-S,0.2873563218390806,25.0,0.9471264367816097,5.1,0.05862068965517243,0,1,30
Gson,4,30%,Fastazi-P,0.2873563218390806,25.0,0.9678160919540236,3.3,0.03793103448275862,0,1,30
Gson,4,30%,Random,0.2873563218390806,25.0,0.4143678160919541,NA,NA,15,0,15
Gson,4,40%,Ekstazi,0.379310344827586,33.0,0.539655172413793,NA,NA,11,0,19
Gson,4,40%,FAST,0.379310344827586,33.0,0.9678160919540236,3.3,0.03793103448275862,0,1,30
Gson,4,40%,Ekstazi+dpt,0.379310344827586,33.0,0.0,NA,NA,30,0,0
Gson,4,40%,DPT,0.379310344827586,33.0,0.0,NA,NA,30,0,0
Gson,4,40%,STARTS,0.379310344827586,33.0,0.5452107279693487,NA,NA,10,0,20
Gson,4,40%,STARTS+FAST-S,0.379310344827586,33.0,0.8701149425287356,11.8,0.13563218390804596,0,1,30
Gson,4,40%,STARTS+FAST-P,0.379310344827586,33.0,0.8724137931034482,11.6,0.13333333333333333,0,1,30
Gson,4,40%,STARTS+DPT,0.379310344827586,33.0,0.0,NA,NA,30,0,0
Gson,4,40%,Fastazi-S,0.379310344827586,33.0,0.9471264367816097,5.1,0.05862068965517243,0,1,30
Gson,4,40%,Fastazi-P,0.379310344827586,33.0,0.9678160919540236,3.3,0.03793103448275862,0,1,30
Gson,4,40%,Random,0.379310344827586,33.0,0.5685823754789273,NA,NA,8,0,22
Gson,4,50%,Ekstazi,0.4827586206896549,42.0,0.5954022988505748,NA,NA,8,0,22
Gson,4,50%,FAST,0.4827586206896549,42.0,0.9678160919540236,3.3,0.03793103448275862,0,1,30
Gson,4,50%,Ekstazi+dpt,0.4827586206896549,42.0,0.0,NA,NA,30,0,0
Gson,4,50%,DPT,0.4827586206896549,42.0,0.0,NA,NA,30,0,0
Gson,4,50%,STARTS,0.4827586206896549,42.0,0.564176245210728,NA,NA,9,0,21
Gson,4,50%,STARTS+FAST-S,0.4827586206896549,42.0,0.8701149425287356,11.8,0.13563218390804596,0,1,30
Gson,4,50%,STARTS+FAST-P,0.4827586206896549,42.0,0.8724137931034482,11.6,0.13333333333333333,0,1,30
Gson,4,50%,STARTS+DPT,0.4827586206896549,42.0,0.0,NA,NA,30,0,0
Gson,4,50%,Fastazi-S,0.4827586206896549,42.0,0.9471264367816097,5.1,0.05862068965517243,0,1,30
Gson,4,50%,Fastazi-P,0.4827586206896549,42.0,0.9678160919540236,3.3,0.03793103448275862,0,1,30
Gson,4,50%,Random,0.4827586206896549,42.0,0.6072796934865902,NA,NA,6,0,24
Gson,4,60%,Ekstazi,0.5747126436781612,50.0,0.6423371647509579,NA,NA,5,0,25
Gson,4,60%,FAST,0.5747126436781612,50.0,0.9678160919540236,3.3,0.03793103448275862,0,1,30
Gson,4,60%,Ekstazi+dpt,0.5747126436781612,50.0,0.0,NA,NA,30,0,0
Gson,4,60%,DPT,0.5747126436781612,50.0,0.0,NA,NA,30,0,0
Gson,4,60%,STARTS,0.5747126436781612,50.0,0.6266283524904216,NA,NA,5,0,25
Gson,4,60%,STARTS+FAST-S,0.5747126436781612,50.0,0.8701149425287356,11.8,0.13563218390804596,0,1,30
Gson,4,60%,STARTS+FAST-P,0.5747126436781612,50.0,0.8724137931034482,11.6,0.13333333333333333,0,1,30
Gson,4,60%,STARTS+DPT,0.5747126436781612,50.0,0.0,NA,NA,30,0,0
Gson,4,60%,Fastazi-S,0.5747126436781612,50.0,0.9471264367816097,5.1,0.05862068965517243,0,1,30
Gson,4,60%,Fastazi-P,0.5747126436781612,50.0,0.9678160919540236,3.3,0.03793103448275862,0,1,30
Gson,4,60%,Random,0.5747126436781612,50.0,0.656513409961686,NA,NA,3,0,27
Gson,4,70%,Ekstazi,0.6666666666666666,58.0,0.6804597701149426,NA,NA,2,0,28
Gson,4,70%,FAST,0.6666666666666666,58.0,0.9678160919540236,3.3,0.03793103448275862,0,1,30
Gson,4,70%,Ekstazi+dpt,0.6666666666666666,58.0,0.0,NA,NA,30,0,0
Gson,4,70%,DPT,0.6666666666666666,58.0,0.0,NA,NA,30,0,0
Gson,4,70%,STARTS,0.6666666666666666,58.0,0.6507662835249044,NA,NA,3,0,27
Gson,4,70%,STARTS+FAST-S,0.6666666666666666,58.0,0.8701149425287356,11.8,0.13563218390804596,0,1,30
Gson,4,70%,STARTS+FAST-P,0.6666666666666666,58.0,0.8724137931034482,11.6,0.13333333333333333,0,1,30
Gson,4,70%,STARTS+DPT,0.6666666666666666,58.0,0.0,NA,NA,30,0,0
Gson,4,70%,Fastazi-S,0.6666666666666666,58.0,0.9471264367816097,5.1,0.05862068965517243,0,1,30
Gson,4,70%,Fastazi-P,0.6666666666666666,58.0,0.9678160919540236,3.3,0.03793103448275862,0,1,30
Gson,4,70%,Random,0.6666666666666666,58.0,0.6697318007662836,NA,NA,2,0,28
Gson,4,75%,Ekstazi,0.7241379310344829,63.0,0.6804597701149426,NA,NA,2,0,28
Gson,4,75%,FAST,0.7241379310344829,63.0,0.9678160919540236,3.3,0.03793103448275862,0,1,30
Gson,4,75%,Ekstazi+dpt,0.7241379310344829,63.0,0.0,NA,NA,30,0,0
Gson,4,75%,DPT,0.7241379310344829,63.0,0.0,NA,NA,30,0,0
Gson,4,75%,STARTS,0.7241379310344829,63.0,0.6616858237547895,NA,NA,2,0,28
Gson,4,75%,STARTS+FAST-S,0.7241379310344829,63.0,0.8701149425287356,11.8,0.13563218390804596,0,1,30
Gson,4,75%,STARTS+FAST-P,0.7241379310344829,63.0,0.8724137931034482,11.6,0.13333333333333333,0,1,30
Gson,4,75%,STARTS+DPT,0.7241379310344829,63.0,0.0,NA,NA,30,0,0
Gson,4,75%,Fastazi-S,0.7241379310344829,63.0,0.9471264367816097,5.1,0.05862068965517243,0,1,30
Gson,4,75%,Fastazi-P,0.7241379310344829,63.0,0.9678160919540236,3.3,0.03793103448275862,0,1,30
Gson,4,75%,Random,0.7241379310344829,63.0,0.6697318007662836,NA,NA,2,0,28
Gson,4,80%,Ekstazi,0.7701149425287356,67.0,0.6886973180076629,NA,NA,1,0,29
Gson,4,80%,FAST,0.7701149425287356,67.0,0.9678160919540236,3.3,0.03793103448275862,0,1,30
Gson,4,80%,Ekstazi+dpt,0.7701149425287356,67.0,0.0,NA,NA,30,0,0
Gson,4,80%,DPT,0.7701149425287356,67.0,0.0,NA,NA,30,0,0
Gson,4,80%,STARTS,0.7701149425287356,67.0,0.6616858237547895,NA,NA,2,0,28
Gson,4,80%,STARTS+FAST-S,0.7701149425287356,67.0,0.8701149425287356,11.8,0.13563218390804596,0,1,30
Gson,4,80%,STARTS+FAST-P,0.7701149425287356,67.0,0.8724137931034482,11.6,0.13333333333333333,0,1,30
Gson,4,80%,STARTS+DPT,0.7701149425287356,67.0,0.0,NA,NA,30,0,0
Gson,4,80%,Fastazi-S,0.7701149425287356,67.0,0.9471264367816097,5.1,0.05862068965517243,0,1,30
Gson,4,80%,Fastazi-P,0.7701149425287356,67.0,0.9678160919540236,3.3,0.03793103448275862,0,1,30
Gson,4,80%,Random,0.7701149425287356,67.0,0.6697318007662836,NA,NA,2,0,28
Gson,4,90%,Ekstazi,0.8620689655172418,75.0,0.6946360153256705,27.066666666666666,0.31111111111111117,0,1,30
Gson,4,90%,FAST,0.8620689655172418,75.0,0.9678160919540236,3.3,0.03793103448275862,0,1,30
Gson,4,90%,Ekstazi+dpt,0.8620689655172418,75.0,0.0,NA,NA,30,0,0
Gson,4,90%,DPT,0.8620689655172418,75.0,0.0,NA,NA,30,0,0
Gson,4,90%,STARTS,0.8620689655172418,75.0,0.6687739463601534,NA,NA,1,0,29
Gson,4,90%,STARTS+FAST-S,0.8620689655172418,75.0,0.8701149425287356,11.8,0.13563218390804596,0,1,30
Gson,4,90%,STARTS+FAST-P,0.8620689655172418,75.0,0.8724137931034482,11.6,0.13333333333333333,0,1,30
Gson,4,90%,STARTS+DPT,0.8620689655172418,75.0,0.0,NA,NA,30,0,0
Gson,4,90%,Fastazi-S,0.8620689655172418,75.0,0.9471264367816097,5.1,0.05862068965517243,0,1,30
Gson,4,90%,Fastazi-P,0.8620689655172418,75.0,0.9678160919540236,3.3,0.03793103448275862,0,1,30
Gson,4,90%,Random,0.8620689655172418,75.0,0.6760536398467434,NA,NA,1,0,29
Gson,4,100%,Ekstazi,0.9655172413793098,84.0,0.6946360153256705,27.066666666666666,0.31111111111111117,0,1,30
Gson,4,100%,FAST,0.9655172413793098,84.0,0.9678160919540236,3.3,0.03793103448275862,0,1,30
Gson,4,100%,Ekstazi+dpt,0.9655172413793098,84.0,0.07547892720306516,80.93333333333334,0.9302681992337164,0,1,30
Gson,4,100%,DPT,0.9655172413793098,84.0,0.06934865900383144,81.46666666666667,0.9363984674329502,0,1,30
Gson,4,100%,STARTS,0.9655172413793098,84.0,0.6727969348659006,28.966666666666665,0.33295019157088124,0,1,30
Gson,4,100%,STARTS+FAST-S,0.9655172413793098,84.0,0.8701149425287356,11.8,0.13563218390804596,0,1,30
Gson,4,100%,STARTS+FAST-P,0.9655172413793098,84.0,0.8724137931034482,11.6,0.13333333333333333,0,1,30
Gson,4,100%,STARTS+DPT,0.9655172413793098,84.0,0.0662835249042146,81.73333333333333,0.9394636015325671,0,1,30
Gson,4,100%,Fastazi-S,0.9655172413793098,84.0,0.9471264367816097,5.1,0.05862068965517243,0,1,30
Gson,4,100%,Fastazi-P,0.9655172413793098,84.0,0.9678160919540236,3.3,0.03793103448275862,0,1,30
Gson,4,100%,Random,0.9655172413793098,84.0,0.6793103448275862,28.4,0.32643678160919537,0,1,30
Gson,5,10%,Ekstazi,0.0,0.0,0.0,NA,NA,30,0,0
Gson,5,10%,FAST,0.0,0.0,0.0,NA,NA,30,0,0
Gson,5,10%,Ekstazi+dpt,0.0,0.0,0.0,NA,NA,30,0,0
Gson,5,10%,DPT,0.0,0.0,0.0,NA,NA,30,0,0
Gson,5,10%,STARTS,0.0,0.0,0.0,NA,NA,30,0,0
Gson,5,10%,STARTS+FAST-S,0.0,0.0,0.0,NA,NA,30,0,0
Gson,5,10%,STARTS+FAST-P,0.0,0.0,0.0,NA,NA,30,0,0
Gson,5,10%,STARTS+DPT,0.0,0.0,0.0,NA,NA,30,0,0
Gson,5,10%,Fastazi-S,0.0,0.0,0.0,NA,NA,30,0,0
Gson,5,10%,Fastazi-P,0.0,0.0,0.0,NA,NA,30,0,0
Gson,5,10%,Random,0.0,0.0,0.0,NA,NA,30,0,0
Gson,5,20%,Ekstazi,0.0,0.0,0.0,NA,NA,30,0,0
Gson,5,20%,FAST,0.0,0.0,0.0,NA,NA,30,0,0
Gson,5,20%,Ekstazi+dpt,0.0,0.0,0.0,NA,NA,30,0,0
Gson,5,20%,DPT,0.0,0.0,0.0,NA,NA,30,0,0
Gson,5,20%,STARTS,0.0,0.0,0.0,NA,NA,30,0,0
Gson,5,20%,STARTS+FAST-S,0.0,0.0,0.0,NA,NA,30,0,0
Gson,5,20%,STARTS+FAST-P,0.0,0.0,0.0,NA,NA,30,0,0
Gson,5,20%,STARTS+DPT,0.0,0.0,0.0,NA,NA,30,0,0
Gson,5,20%,Fastazi-S,0.0,0.0,0.0,NA,NA,30,0,0
Gson,5,20%,Fastazi-P,0.0,0.0,0.0,NA,NA,30,0,0
Gson,5,20%,Random,0.0,0.0,0.0,NA,NA,30,0,0
Gson,5,25%,Ekstazi,0.0,0.0,0.0,NA,NA,30,0,0
Gson,5,25%,FAST,0.0,0.0,0.0,NA,NA,30,0,0
Gson,5,25%,Ekstazi+dpt,0.0,0.0,0.0,NA,NA,30,0,0
Gson,5,25%,DPT,0.0,0.0,0.0,NA,NA,30,0,0
Gson,5,25%,STARTS,0.0,0.0,0.0,NA,NA,30,0,0
Gson,5,25%,STARTS+FAST-S,0.0,0.0,0.0,NA,NA,30,0,0
Gson,5,25%,STARTS+FAST-P,0.0,0.0,0.0,NA,NA,30,0,0
Gson,5,25%,STARTS+DPT,0.0,0.0,0.0,NA,NA,30,0,0
Gson,5,25%,Fastazi-S,0.0,0.0,0.0,NA,NA,30,0,0
Gson,5,25%,Fastazi-P,0.0,0.0,0.0,NA,NA,30,0,0
Gson,5,25%,Random,0.0,0.0,0.0,NA,NA,30,0,0
Gson,5,30%,Ekstazi,0.0,0.0,0.0,NA,NA,30,0,0
Gson,5,30%,FAST,0.0,0.0,0.0,NA,NA,30,0,0
Gson,5,30%,Ekstazi+dpt,0.0,0.0,0.0,NA,NA,30,0,0
Gson,5,30%,DPT,0.0,0.0,0.0,NA,NA,30,0,0
Gson,5,30%,STARTS,0.0,0.0,0.0,NA,NA,30,0,0
Gson,5,30%,STARTS+FAST-S,0.0,0.0,0.0,NA,NA,30,0,0
Gson,5,30%,STARTS+FAST-P,0.0,0.0,0.0,NA,NA,30,0,0
Gson,5,30%,STARTS+DPT,0.0,0.0,0.0,NA,NA,30,0,0
Gson,5,30%,Fastazi-S,0.0,0.0,0.0,NA,NA,30,0,0
Gson,5,30%,Fastazi-P,0.0,0.0,0.0,NA,NA,30,0,0
Gson,5,30%,Random,0.0,0.0,0.0,NA,NA,30,0,0
Gson,5,40%,Ekstazi,0.0,0.0,0.0,NA,NA,30,0,0
Gson,5,40%,FAST,0.0,0.0,0.0,NA,NA,30,0,0
Gson,5,40%,Ekstazi+dpt,0.0,0.0,0.0,NA,NA,30,0,0
Gson,5,40%,DPT,0.0,0.0,0.0,NA,NA,30,0,0
Gson,5,40%,STARTS,0.0,0.0,0.0,NA,NA,30,0,0
Gson,5,40%,STARTS+FAST-S,0.0,0.0,0.0,NA,NA,30,0,0
Gson,5,40%,STARTS+FAST-P,0.0,0.0,0.0,NA,NA,30,0,0
Gson,5,40%,STARTS+DPT,0.0,0.0,0.0,NA,NA,30,0,0
Gson,5,40%,Fastazi-S,0.0,0.0,0.0,NA,NA,30,0,0
Gson,5,40%,Fastazi-P,0.0,0.0,0.0,NA,NA,30,0,0
Gson,5,40%,Random,0.0,0.0,0.0,NA,NA,30,0,0
Gson,5,50%,Ekstazi,0.0,0.0,0.0,NA,NA,30,0,0
Gson,5,50%,FAST,0.0,0.0,0.0,NA,NA,30,0,0
Gson,5,50%,Ekstazi+dpt,0.0,0.0,0.0,NA,NA,30,0,0
Gson,5,50%,DPT,0.0,0.0,0.0,NA,NA,30,0,0
Gson,5,50%,STARTS,0.0,0.0,0.0,NA,NA,30,0,0
Gson,5,50%,STARTS+FAST-S,0.0,0.0,0.0,NA,NA,30,0,0
Gson,5,50%,STARTS+FAST-P,0.0,0.0,0.0,NA,NA,30,0,0
Gson,5,50%,STARTS+DPT,0.0,0.0,0.0,NA,NA,30,0,0
Gson,5,50%,Fastazi-S,0.0,0.0,0.0,NA,NA,30,0,0
Gson,5,50%,Fastazi-P,0.0,0.0,0.0,NA,NA,30,0,0
Gson,5,50%,Random,0.0,0.0,0.0,NA,NA,30,0,0
Gson,5,60%,Ekstazi,0.0,0.0,0.0,NA,NA,30,0,0
Gson,5,60%,FAST,0.0,0.0,0.0,NA,NA,30,0,0
Gson,5,60%,Ekstazi+dpt,0.0,0.0,0.0,NA,NA,30,0,0
Gson,5,60%,DPT,0.0,0.0,0.0,NA,NA,30,0,0
Gson,5,60%,STARTS,0.0,0.0,0.0,NA,NA,30,0,0
Gson,5,60%,STARTS+FAST-S,0.0,0.0,0.0,NA,NA,30,0,0
Gson,5,60%,STARTS+FAST-P,0.0,0.0,0.0,NA,NA,30,0,0
Gson,5,60%,STARTS+DPT,0.0,0.0,0.0,NA,NA,30,0,0
Gson,5,60%,Fastazi-S,0.0,0.0,0.0,NA,NA,30,0,0
Gson,5,60%,Fastazi-P,0.0,0.0,0.0,NA,NA,30,0,0
Gson,5,60%,Random,0.0,0.0,0.0,NA,NA,30,0,0
Gson,5,70%,Ekstazi,0.0,0.0,0.0,NA,NA,30,0,0
Gson,5,70%,FAST,0.0,0.0,0.0,NA,NA,30,0,0
Gson,5,70%,Ekstazi+dpt,0.0,0.0,0.0,NA,NA,30,0,0
Gson,5,70%,DPT,0.0,0.0,0.0,NA,NA,30,0,0
Gson,5,70%,STARTS,0.0,0.0,0.0,NA,NA,30,0,0
Gson,5,70%,STARTS+FAST-S,0.0,0.0,0.0,NA,NA,30,0,0
Gson,5,70%,STARTS+FAST-P,0.0,0.0,0.0,NA,NA,30,0,0
Gson,5,70%,STARTS+DPT,0.0,0.0,0.0,NA,NA,30,0,0
Gson,5,70%,Fastazi-S,0.0,0.0,0.0,NA,NA,30,0,0
Gson,5,70%,Fastazi-P,0.0,0.0,0.0,NA,NA,30,0,0
Gson,5,70%,Random,0.0,0.0,0.0,NA,NA,30,0,0
Gson,5,75%,Ekstazi,0.0,0.0,0.0,NA,NA,30,0,0
Gson,5,75%,FAST,0.0,0.0,0.0,NA,NA,30,0,0
Gson,5,75%,Ekstazi+dpt,0.0,0.0,0.0,NA,NA,30,0,0
Gson,5,75%,DPT,0.0,0.0,0.0,NA,NA,30,0,0
Gson,5,75%,STARTS,0.0,0.0,0.0,NA,NA,30,0,0
Gson,5,75%,STARTS+FAST-S,0.0,0.0,0.0,NA,NA,30,0,0
Gson,5,75%,STARTS+FAST-P,0.0,0.0,0.0,NA,NA,30,0,0
Gson,5,75%,STARTS+DPT,0.0,0.0,0.0,NA,NA,30,0,0
Gson,5,75%,Fastazi-S,0.0,0.0,0.0,NA,NA,30,0,0
Gson,5,75%,Fastazi-P,0.0,0.0,0.0,NA,NA,30,0,0
Gson,5,75%,Random,0.0,0.0,0.0,NA,NA,30,0,0
Gson,5,80%,Ekstazi,0.0,0.0,0.0,NA,NA,30,0,0
Gson,5,80%,FAST,0.0,0.0,0.0,NA,NA,30,0,0
Gson,5,80%,Ekstazi+dpt,0.0,0.0,0.0,NA,NA,30,0,0
Gson,5,80%,DPT,0.0,0.0,0.0,NA,NA,30,0,0
Gson,5,80%,STARTS,0.0,0.0,0.0,NA,NA,30,0,0
Gson,5,80%,STARTS+FAST-S,0.0,0.0,0.0,NA,NA,30,0,0
Gson,5,80%,STARTS+FAST-P,0.0,0.0,0.0,NA,NA,30,0,0
Gson,5,80%,STARTS+DPT,0.0,0.0,0.0,NA,NA,30,0,0
Gson,5,80%,Fastazi-S,0.0,0.0,0.0,NA,NA,30,0,0
Gson,5,80%,Fastazi-P,0.0,0.0,0.0,NA,NA,30,0,0
Gson,5,80%,Random,0.0,0.0,0.0,NA,NA,30,0,0
Gson,5,90%,Ekstazi,0.0,0.0,0.0,NA,NA,30,0,0
Gson,5,90%,FAST,0.0,0.0,0.0,NA,NA,30,0,0
Gson,5,90%,Ekstazi+dpt,0.0,0.0,0.0,NA,NA,30,0,0
Gson,5,90%,DPT,0.0,0.0,0.0,NA,NA,30,0,0
Gson,5,90%,STARTS,0.0,0.0,0.0,NA,NA,30,0,0
Gson,5,90%,STARTS+FAST-S,0.0,0.0,0.0,NA,NA,30,0,0
Gson,5,90%,STARTS+FAST-P,0.0,0.0,0.0,NA,NA,30,0,0
Gson,5,90%,STARTS+DPT,0.0,0.0,0.0,NA,NA,30,0,0
Gson,5,90%,Fastazi-S,0.0,0.0,0.0,NA,NA,30,0,0
Gson,5,90%,Fastazi-P,0.0,0.0,0.0,NA,NA,30,0,0
Gson,5,90%,Random,0.0,0.0,0.0,NA,NA,30,0,0
Gson,5,100%,Ekstazi,0.01149425287356321,1.0,0.9942528735632188,1.0,0.01149425287356321,0,1,30
Gson,5,100%,FAST,0.01149425287356321,1.0,0.0,NA,NA,30,0,0
Gson,5,100%,Ekstazi+dpt,0.01149425287356321,1.0,0.9942528735632188,1.0,0.01149425287356321,0,1,30
Gson,5,100%,DPT,0.01149425287356321,1.0,0.0,NA,NA,30,0,0
Gson,5,100%,STARTS,0.01149425287356321,1.0,0.0,NA,NA,30,0,0
Gson,5,100%,STARTS+FAST-S,0.01149425287356321,1.0,0.03314176245210728,NA,NA,29,0,1
Gson,5,100%,STARTS+FAST-P,0.01149425287356321,1.0,0.0,NA,NA,30,0,0
Gson,5,100%,STARTS+DPT,0.01149425287356321,1.0,0.0,NA,NA,30,0,0
Gson,5,100%,Fastazi-S,0.01149425287356321,1.0,0.9942528735632188,1.0,0.01149425287356321,0,1,30
Gson,5,100%,Fastazi-P,0.01149425287356321,1.0,0.9942528735632188,1.0,0.01149425287356321,0,1,30
Gson,5,100%,Random,0.01149425287356321,1.0,0.06628352490421456,NA,NA,28,0,2
Gson,6,10%,Ekstazi,0.06818181818181814,6.0,0.16458333333333333,NA,NA,25,0,5
Gson,6,10%,FAST,0.06818181818181814,6.0,0.0,NA,NA,30,0,0
Gson,6,10%,Ekstazi+dpt,0.06818181818181814,6.0,0.0,NA,NA,30,0,0
Gson,6,10%,DPT,0.06818181818181814,6.0,0.0,NA,NA,30,0,0
Gson,6,10%,STARTS,0.06818181818181814,6.0,0.1604166666666667,NA,NA,25,0,5
Gson,6,10%,STARTS+FAST-S,0.06818181818181814,6.0,0.0,NA,NA,30,0,0
Gson,6,10%,STARTS+FAST-P,0.06818181818181814,6.0,0.0,NA,NA,30,0,0
Gson,6,10%,STARTS+DPT,0.06818181818181814,6.0,0.0,NA,NA,30,0,0
Gson,6,10%,Fastazi-S,0.06818181818181814,6.0,0.9034090909090915,NA,NA,2,0,28
Gson,6,10%,Fastazi-P,0.06818181818181814,6.0,0.0,NA,NA,30,0,0
Gson,6,10%,Random,0.06818181818181814,6.0,0.03162878787878788,NA,NA,29,0,1
Gson,6,20%,Ekstazi,0.14772727272727282,13.0,0.2857954545454546,NA,NA,21,0,9
Gson,6,20%,FAST,0.14772727272727282,13.0,0.0,NA,NA,30,0,0
Gson,6,20%,Ekstazi+dpt,0.14772727272727282,13.0,0.0,NA,NA,30,0,0
Gson,6,20%,DPT,0.14772727272727282,13.0,0.0,NA,NA,30,0,0
Gson,6,20%,STARTS,0.14772727272727282,13.0,0.18939393939393942,NA,NA,24,0,6
Gson,6,20%,STARTS+FAST-S,0.14772727272727282,13.0,0.8814393939393935,10.933333333333334,0.12424242424242427,0,1,30
Gson,6,20%,STARTS+FAST-P,0.14772727272727282,13.0,0.8825757575757572,10.833333333333334,0.12310606060606061,0,1,30
Gson,6,20%,STARTS+DPT,0.14772727272727282,13.0,0.0,NA,NA,30,0,0
Gson,6,20%,Fastazi-S,0.14772727272727282,13.0,0.9636363636363642,3.7,0.04204545454545454,0,1,30
Gson,6,20%,Fastazi-P,0.14772727272727282,13.0,0.8973484848484846,9.533333333333333,0.1083333333333333,0,1,30
Gson,6,20%,Random,0.14772727272727282,13.0,0.03162878787878788,NA,NA,29,0,1
Gson,6,25%,Ekstazi,0.18181818181818174,16.0,0.3975378787878788,NA,NA,17,0,13
Gson,6,25%,FAST,0.18181818181818174,16.0,0.8393939393939399,14.633333333333333,0.16628787878787885,0,1,30
Gson,6,25%,Ekstazi+dpt,0.18181818181818174,16.0,0.0,NA,NA,30,0,0
Gson,6,25%,DPT,0.18181818181818174,16.0,0.0,NA,NA,30,0,0
Gson,6,25%,STARTS,0.18181818181818174,16.0,0.18939393939393942,NA,NA,24,0,6
Gson,6,25%,STARTS+FAST-S,0.18181818181818174,16.0,0.8814393939393935,10.933333333333334,0.12424242424242427,0,1,30
Gson,6,25%,STARTS+FAST-P,0.18181818181818174,16.0,0.8825757575757572,10.833333333333334,0.12310606060606061,0,1,30
Gson,6,25%,STARTS+DPT,0.18181818181818174,16.0,0.0,NA,NA,30,0,0
Gson,6,25%,Fastazi-S,0.18181818181818174,16.0,0.9636363636363642,3.7,0.04204545454545454,0,1,30
Gson,6,25%,Fastazi-P,0.18181818181818174,16.0,0.8973484848484846,9.533333333333333,0.1083333333333333,0,1,30
Gson,6,25%,Random,0.18181818181818174,16.0,0.0869318181818182,NA,NA,27,0,3
Gson,6,30%,Ekstazi,0.21590909090909086,19.0,0.4246212121212121,NA,NA,16,0,14
Gson,6,30%,FAST,0.21590909090909086,19.0,0.8393939393939399,14.633333333333333,0.16628787878787885,0,1,30
Gson,6,30%,Ekstazi+dpt,0.21590909090909086,19.0,0.0,NA,NA,30,0,0
Gson,6,30%,DPT,0.21590909090909086,19.0,0.0,NA,NA,30,0,0
Gson,6,30%,STARTS,0.21590909090909086,19.0,0.215719696969697,NA,NA,23,0,7
Gson,6,30%,STARTS+FAST-S,0.21590909090909086,19.0,0.8814393939393935,10.933333333333334,0.12424242424242427,0,1,30
Gson,6,30%,STARTS+FAST-P,0.21590909090909086,19.0,0.8825757575757572,10.833333333333334,0.12310606060606061,0,1,30
Gson,6,30%,STARTS+DPT,0.21590909090909086,19.0,0.0,NA,NA,30,0,0
Gson,6,30%,Fastazi-S,0.21590909090909086,19.0,0.9636363636363642,3.7,0.04204545454545454,0,1,30
Gson,6,30%,Fastazi-P,0.21590909090909086,19.0,0.8973484848484846,9.533333333333333,0.1083333333333333,0,1,30
Gson,6,30%,Random,0.21590909090909086,19.0,0.0869318181818182,NA,NA,27,0,3
Gson,6,40%,Ekstazi,0.29545454545454564,26.0,0.47310606060606053,NA,NA,14,0,16
Gson,6,40%,FAST,0.29545454545454564,26.0,0.8393939393939399,14.633333333333333,0.16628787878787885,0,1,30
Gson,6,40%,Ekstazi+dpt,0.29545454545454564,26.0,0.0,NA,NA,30,0,0
Gson,6,40%,DPT,0.29545454545454564,26.0,0.0,NA,NA,30,0,0
Gson,6,40%,STARTS,0.29545454545454564,26.0,0.26647727272727273,NA,NA,21,0,9
Gson,6,40%,STARTS+FAST-S,0.29545454545454564,26.0,0.8814393939393935,10.933333333333334,0.12424242424242427,0,1,30
Gson,6,40%,STARTS+FAST-P,0.29545454545454564,26.0,0.8825757575757572,10.833333333333334,0.12310606060606061,0,1,30
Gson,6,40%,STARTS+DPT,0.29545454545454564,26.0,0.0,NA,NA,30,0,0
Gson,6,40%,Fastazi-S,0.29545454545454564,26.0,0.9636363636363642,3.7,0.04204545454545454,0,1,30
Gson,6,40%,Fastazi-P,0.29545454545454564,26.0,0.8973484848484846,9.533333333333333,0.1083333333333333,0,1,30
Gson,6,40%,Random,0.29545454545454564,26.0,0.1850378787878788,NA,NA,23,0,7
Gson,6,50%,Ekstazi,0.3636363636363635,32.0,0.4956439393939393,NA,NA,13,0,17
Gson,6,50%,FAST,0.3636363636363635,32.0,0.8393939393939399,14.633333333333333,0.16628787878787885,0,1,30
Gson,6,50%,Ekstazi+dpt,0.3636363636363635,32.0,0.0,NA,NA,30,0,0
Gson,6,50%,DPT,0.3636363636363635,32.0,0.0,NA,NA,30,0,0
Gson,6,50%,STARTS,0.3636363636363635,32.0,0.33333333333333337,NA,NA,18,0,12
Gson,6,50%,STARTS+FAST-S,0.3636363636363635,32.0,0.8814393939393935,10.933333333333334,0.12424242424242427,0,1,30
Gson,6,50%,STARTS+FAST-P,0.3636363636363635,32.0,0.8825757575757572,10.833333333333334,0.12310606060606061,0,1,30
Gson,6,50%,STARTS+DPT,0.3636363636363635,32.0,0.0,NA,NA,30,0,0
Gson,6,50%,Fastazi-S,0.3636363636363635,32.0,0.9636363636363642,3.7,0.04204545454545454,0,1,30
Gson,6,50%,Fastazi-P,0.3636363636363635,32.0,0.8973484848484846,9.533333333333333,0.1083333333333333,0,1,30
Gson,6,50%,Random,0.3636363636363635,32.0,0.23087121212121214,NA,NA,21,0,9
Gson,6,60%,Ekstazi,0.4431818181818183,39.0,0.5357954545454545,NA,NA,11,0,19
Gson,6,60%,FAST,0.4431818181818183,39.0,0.8393939393939399,14.633333333333333,0.16628787878787885,0,1,30
Gson,6,60%,Ekstazi+dpt,0.4431818181818183,39.0,0.0,NA,NA,30,0,0
Gson,6,60%,DPT,0.4431818181818183,39.0,0.0,NA,NA,30,0,0
Gson,6,60%,STARTS,0.4431818181818183,39.0,0.39261363636363644,NA,NA,15,0,15
Gson,6,60%,STARTS+FAST-S,0.4431818181818183,39.0,0.8814393939393935,10.933333333333334,0.12424242424242427,0,1,30
Gson,6,60%,STARTS+FAST-P,0.4431818181818183,39.0,0.8825757575757572,10.833333333333334,0.12310606060606061,0,1,30
Gson,6,60%,STARTS+DPT,0.4431818181818183,39.0,0.0,NA,NA,30,0,0
Gson,6,60%,Fastazi-S,0.4431818181818183,39.0,0.9636363636363642,3.7,0.04204545454545454,0,1,30
Gson,6,60%,Fastazi-P,0.4431818181818183,39.0,0.8973484848484846,9.533333333333333,0.1083333333333333,0,1,30
Gson,6,60%,Random,0.4431818181818183,39.0,0.31117424242424246,NA,NA,17,0,13
Gson,6,70%,Ekstazi,0.5113636363636366,45.0,0.5893939393939395,NA,NA,8,0,22
Gson,6,70%,FAST,0.5113636363636366,45.0,0.8393939393939399,14.633333333333333,0.16628787878787885,0,1,30
Gson,6,70%,Ekstazi+dpt,0.5113636363636366,45.0,0.3176136363636364,NA,NA,11,0,19
Gson,6,70%,DPT,0.5113636363636366,45.0,0.4172348484848485,NA,NA,5,0,25
Gson,6,70%,STARTS,0.5113636363636366,45.0,0.40909090909090917,NA,NA,14,0,16
Gson,6,70%,STARTS+FAST-S,0.5113636363636366,45.0,0.8814393939393935,10.933333333333334,0.12424242424242427,0,1,30
Gson,6,70%,STARTS+FAST-P,0.5113636363636366,45.0,0.8825757575757572,10.833333333333334,0.12310606060606061,0,1,30
Gson,6,70%,STARTS+DPT,0.5113636363636366,45.0,0.2831439393939394,NA,NA,13,0,17
Gson,6,70%,Fastazi-S,0.5113636363636366,45.0,0.9636363636363642,3.7,0.04204545454545454,0,1,30
Gson,6,70%,Fastazi-P,0.5113636363636366,45.0,0.8973484848484846,9.533333333333333,0.1083333333333333,0,1,30
Gson,6,70%,Random,0.5113636363636366,45.0,0.3996212121212121,NA,NA,12,0,18
Gson,6,75%,Ekstazi,0.5454545454545451,48.0,0.6208333333333333,NA,NA,6,0,24
Gson,6,75%,FAST,0.5454545454545451,48.0,0.8393939393939399,14.633333333333333,0.16628787878787885,0,1,30
Gson,6,75%,Ekstazi+dpt,0.5454545454545451,48.0,0.49469696969696975,44.96666666666667,0.5109848484848486,0,1,30
Gson,6,75%,DPT,0.5454545454545451,48.0,0.4977272727272727,44.7,0.5079545454545457,0,1,30
Gson,6,75%,STARTS,0.5454545454545451,48.0,0.4712121212121213,NA,NA,10,0,20
Gson,6,75%,STARTS+FAST-S,0.5454545454545451,48.0,0.8814393939393935,10.933333333333334,0.12424242424242427,0,1,30
Gson,6,75%,STARTS+FAST-P,0.5454545454545451,48.0,0.8825757575757572,10.833333333333334,0.12310606060606061,0,1,30
Gson,6,75%,STARTS+DPT,0.5454545454545451,48.0,0.4924242424242423,45.166666666666664,0.513257575757576,0,1,30
Gson,6,75%,Fastazi-S,0.5454545454545451,48.0,0.9636363636363642,3.7,0.04204545454545454,0,1,30
Gson,6,75%,Fastazi-P,0.5454545454545451,48.0,0.8973484848484846,9.533333333333333,0.1083333333333333,0,1,30
Gson,6,75%,Random,0.5454545454545451,48.0,0.3996212121212121,NA,NA,12,0,18
Gson,6,80%,Ekstazi,0.5909090909090913,52.0,0.6346590909090909,NA,NA,5,0,25
Gson,6,80%,FAST,0.5909090909090913,52.0,0.8393939393939399,14.633333333333333,0.16628787878787885,0,1,30
Gson,6,80%,Ekstazi+dpt,0.5909090909090913,52.0,0.49469696969696975,44.96666666666667,0.5109848484848486,0,1,30
Gson,6,80%,DPT,0.5909090909090913,52.0,0.4977272727272727,44.7,0.5079545454545457,0,1,30
Gson,6,80%,STARTS,0.5909090909090913,52.0,0.48579545454545464,NA,NA,9,0,21
Gson,6,80%,STARTS+FAST-S,0.5909090909090913,52.0,0.8814393939393935,10.933333333333334,0.12424242424242427,0,1,30
Gson,6,80%,STARTS+FAST-P,0.5909090909090913,52.0,0.8825757575757572,10.833333333333334,0.12310606060606061,0,1,30
Gson,6,80%,STARTS+DPT,0.5909090909090913,52.0,0.4924242424242423,45.166666666666664,0.513257575757576,0,1,30
Gson,6,80%,Fastazi-S,0.5909090909090913,52.0,0.9636363636363642,3.7,0.04204545454545454,0,1,30
Gson,6,80%,Fastazi-P,0.5909090909090913,52.0,0.8973484848484846,9.533333333333333,0.1083333333333333,0,1,30
Gson,6,80%,Random,0.5909090909090913,52.0,0.41420454545454544,NA,NA,11,0,19
Gson,6,90%,Ekstazi,0.659090909090909,58.0,0.6465909090909091,NA,NA,4,0,26
Gson,6,90%,FAST,0.659090909090909,58.0,0.8393939393939399,14.633333333333333,0.16628787878787885,0,1,30
Gson,6,90%,Ekstazi+dpt,0.659090909090909,58.0,0.49469696969696975,44.96666666666667,0.5109848484848486,0,1,30
Gson,6,90%,DPT,0.659090909090909,58.0,0.4977272727272727,44.7,0.5079545454545457,0,1,30
Gson,6,90%,STARTS,0.659090909090909,58.0,0.5111742424242425,NA,NA,7,0,23
Gson,6,90%,STARTS+FAST-S,0.659090909090909,58.0,0.8814393939393935,10.933333333333334,0.12424242424242427,0,1,30
Gson,6,90%,STARTS+FAST-P,0.659090909090909,58.0,0.8825757575757572,10.833333333333334,0.12310606060606061,0,1,30
Gson,6,90%,STARTS+DPT,0.659090909090909,58.0,0.4924242424242423,45.166666666666664,0.513257575757576,0,1,30
Gson,6,90%,Fastazi-S,0.659090909090909,58.0,0.9636363636363642,3.7,0.04204545454545454,0,1,30
Gson,6,90%,Fastazi-P,0.659090909090909,58.0,0.8973484848484846,9.533333333333333,0.1083333333333333,0,1,30
Gson,6,90%,Random,0.659090909090909,58.0,0.42613636363636365,NA,NA,10,0,20
Gson,6,100%,Ekstazi,0.7386363636363634,65.0,0.6856060606060608,28.166666666666668,0.3200757575757577,0,1,30
Gson,6,100%,FAST,0.7386363636363634,65.0,0.8393939393939399,14.633333333333333,0.16628787878787885,0,1,30
Gson,6,100%,Ekstazi+dpt,0.7386363636363634,65.0,0.49469696969696975,44.96666666666667,0.5109848484848486,0,1,30
Gson,6,100%,DPT,0.7386363636363634,65.0,0.4977272727272727,44.7,0.5079545454545457,0,1,30
Gson,6,100%,STARTS,0.7386363636363634,65.0,0.521969696969697,NA,NA,6,0,24
Gson,6,100%,STARTS+FAST-S,0.7386363636363634,65.0,0.8814393939393935,10.933333333333334,0.12424242424242427,0,1,30
Gson,6,100%,STARTS+FAST-P,0.7386363636363634,65.0,0.8825757575757572,10.833333333333334,0.12310606060606061,0,1,30
Gson,6,100%,STARTS+DPT,0.7386363636363634,65.0,0.4924242424242423,45.166666666666664,0.513257575757576,0,1,30
Gson,6,100%,Fastazi-S,0.7386363636363634,65.0,0.9636363636363642,3.7,0.04204545454545454,0,1,30
Gson,6,100%,Fastazi-P,0.7386363636363634,65.0,0.8973484848484846,9.533333333333333,0.1083333333333333,0,1,30
Gson,6,100%,Random,0.7386363636363634,65.0,0.4681818181818182,NA,NA,6,0,24
Gson,7,10%,Ekstazi,0.06818181818181814,6.0,0.19356060606060604,NA,NA,24,0,6
Gson,7,10%,FAST,0.06818181818181814,6.0,0.8314393939393943,NA,NA,4,0,26
Gson,7,10%,Ekstazi+dpt,0.06818181818181814,6.0,0.9943181818181824,1.0,0.011363636363636359,0,1,30
Gson,7,10%,DPT,0.06818181818181814,6.0,0.9943181818181824,1.0,0.011363636363636359,0,1,30
Gson,7,10%,STARTS,0.06818181818181814,6.0,0.1253787878787879,NA,NA,26,0,4
Gson,7,10%,STARTS+FAST-S,0.06818181818181814,6.0,0.0331439393939394,NA,NA,29,0,1
Gson,7,10%,STARTS+FAST-P,0.06818181818181814,6.0,0.0,NA,NA,30,0,0
Gson,7,10%,STARTS+DPT,0.06818181818181814,6.0,0.9943181818181824,1.0,0.011363636363636359,0,1,30
Gson,7,10%,Fastazi-S,0.06818181818181814,6.0,0.8070075757575762,NA,NA,5,0,25
Gson,7,10%,Fastazi-P,0.06818181818181814,6.0,0.8443181818181821,NA,NA,4,0,26
Gson,7,10%,Random,0.06818181818181814,6.0,0.1303030303030303,NA,NA,26,0,4
Gson,7,20%,Ekstazi,0.14772727272727282,13.0,0.400189393939394,NA,NA,17,0,13
Gson,7,20%,FAST,0.14772727272727282,13.0,0.9469696969696973,5.166666666666667,0.05871212121212119,0,1,30
Gson,7,20%,Ekstazi+dpt,0.14772727272727282,13.0,0.9943181818181824,1.0,0.011363636363636359,0,1,30
Gson,7,20%,DPT,0.14772727272727282,13.0,0.9943181818181824,1.0,0.011363636363636359,0,1,30
Gson,7,20%,STARTS,0.14772727272727282,13.0,0.21344696969696972,NA,NA,23,0,7
Gson,7,20%,STARTS+FAST-S,0.14772727272727282,13.0,0.9185606060606057,7.666666666666667,0.08712121212121211,0,1,30
Gson,7,20%,STARTS+FAST-P,0.14772727272727282,13.0,0.908333333333333,8.566666666666666,0.09734848484848477,0,1,30
Gson,7,20%,STARTS+DPT,0.14772727272727282,13.0,0.9943181818181824,1.0,0.011363636363636359,0,1,30
Gson,7,20%,Fastazi-S,0.14772727272727282,13.0,0.9590909090909095,4.1,0.0465909090909091,0,1,30
Gson,7,20%,Fastazi-P,0.14772727272727282,13.0,0.9659090909090912,3.5,0.03977272727272726,0,1,30
Gson,7,20%,Random,0.14772727272727282,13.0,0.3708333333333333,NA,NA,18,0,12
Gson,7,25%,Ekstazi,0.19318181818181826,17.0,0.42727272727272736,NA,NA,16,0,14
Gson,7,25%,FAST,0.19318181818181826,17.0,0.9469696969696973,5.166666666666667,0.05871212121212119,0,1,30
Gson,7,25%,Ekstazi+dpt,0.19318181818181826,17.0,0.9943181818181824,1.0,0.011363636363636359,0,1,30
Gson,7,25%,DPT,0.19318181818181826,17.0,0.9943181818181824,1.0,0.011363636363636359,0,1,30
Gson,7,25%,STARTS,0.19318181818181826,17.0,0.32329545454545455,NA,NA,19,0,11
Gson,7,25%,STARTS+FAST-S,0.19318181818181826,17.0,0.9185606060606057,7.666666666666667,0.08712121212121211,0,1,30
Gson,7,25%,STARTS+FAST-P,0.19318181818181826,17.0,0.908333333333333,8.566666666666666,0.09734848484848477,0,1,30
Gson,7,25%,STARTS+DPT,0.19318181818181826,17.0,0.9943181818181824,1.0,0.011363636363636359,0,1,30
Gson,7,25%,Fastazi-S,0.19318181818181826,17.0,0.9590909090909095,4.1,0.0465909090909091,0,1,30
Gson,7,25%,Fastazi-P,0.19318181818181826,17.0,0.9659090909090912,3.5,0.03977272727272726,0,1,30
Gson,7,25%,Random,0.19318181818181826,17.0,0.4261363636363636,NA,NA,16,0,14
Gson,7,30%,Ekstazi,0.22727272727272732,20.0,0.5054924242424242,NA,NA,13,0,17
Gson,7,30%,FAST,0.22727272727272732,20.0,0.9469696969696973,5.166666666666667,0.05871212121212119,0,1,30
Gson,7,30%,Ekstazi+dpt,0.22727272727272732,20.0,0.9943181818181824,1.0,0.011363636363636359,0,1,30
Gson,7,30%,DPT,0.22727272727272732,20.0,0.9943181818181824,1.0,0.011363636363636359,0,1,30
Gson,7,30%,STARTS,0.22727272727272732,20.0,0.4015151515151515,NA,NA,16,0,14
Gson,7,30%,STARTS+FAST-S,0.22727272727272732,20.0,0.9185606060606057,7.666666666666667,0.08712121212121211,0,1,30
Gson,7,30%,STARTS+FAST-P,0.22727272727272732,20.0,0.908333333333333,8.566666666666666,0.09734848484848477,0,1,30
Gson,7,30%,STARTS+DPT,0.22727272727272732,20.0,0.9943181818181824,1.0,0.011363636363636359,0,1,30
Gson,7,30%,Fastazi-S,0.22727272727272732,20.0,0.9590909090909095,4.1,0.0465909090909091,0,1,30
Gson,7,30%,Fastazi-P,0.22727272727272732,20.0,0.9659090909090912,3.5,0.03977272727272726,0,1,30
Gson,7,30%,Random,0.22727272727272732,20.0,0.4261363636363636,NA,NA,16,0,14
Gson,7,40%,Ekstazi,0.3068181818181817,27.0,0.5784090909090909,NA,NA,10,0,20
Gson,7,40%,FAST,0.3068181818181817,27.0,0.9469696969696973,5.166666666666667,0.05871212121212119,0,1,30
Gson,7,40%,Ekstazi+dpt,0.3068181818181817,27.0,0.9943181818181824,1.0,0.011363636363636359,0,1,30
Gson,7,40%,DPT,0.3068181818181817,27.0,0.9943181818181824,1.0,0.011363636363636359,0,1,30
Gson,7,40%,STARTS,0.3068181818181817,27.0,0.4992424242424242,NA,NA,12,0,18
Gson,7,40%,STARTS+FAST-S,0.3068181818181817,27.0,0.9185606060606057,7.666666666666667,0.08712121212121211,0,1,30
Gson,7,40%,STARTS+FAST-P,0.3068181818181817,27.0,0.908333333333333,8.566666666666666,0.09734848484848477,0,1,30
Gson,7,40%,STARTS+DPT,0.3068181818181817,27.0,0.9943181818181824,1.0,0.011363636363636359,0,1,30
Gson,7,40%,Fastazi-S,0.3068181818181817,27.0,0.9590909090909095,4.1,0.0465909090909091,0,1,30
Gson,7,40%,Fastazi-P,0.3068181818181817,27.0,0.9659090909090912,3.5,0.03977272727272726,0,1,30
Gson,7,40%,Random,0.3068181818181817,27.0,0.5234848484848486,NA,NA,12,0,18
Gson,7,50%,Ekstazi,0.3863636363636365,34.0,0.6670454545454547,NA,NA,6,0,24
Gson,7,50%,FAST,0.3863636363636365,34.0,0.9469696969696973,5.166666666666667,0.05871212121212119,0,1,30
Gson,7,50%,Ekstazi+dpt,0.3863636363636365,34.0,0.9943181818181824,1.0,0.011363636363636359,0,1,30
Gson,7,50%,DPT,0.3863636363636365,34.0,0.9943181818181824,1.0,0.011363636363636359,0,1,30
Gson,7,50%,STARTS,0.3863636363636365,34.0,0.543560606060606,NA,NA,10,0,20
Gson,7,50%,STARTS+FAST-S,0.3863636363636365,34.0,0.9185606060606057,7.666666666666667,0.08712121212121211,0,1,30
Gson,7,50%,STARTS+FAST-P,0.3863636363636365,34.0,0.908333333333333,8.566666666666666,0.09734848484848477,0,1,30
Gson,7,50%,STARTS+DPT,0.3863636363636365,34.0,0.9943181818181824,1.0,0.011363636363636359,0,1,30
Gson,7,50%,Fastazi-S,0.3863636363636365,34.0,0.9590909090909095,4.1,0.0465909090909091,0,1,30
Gson,7,50%,Fastazi-P,0.3863636363636365,34.0,0.9659090909090912,3.5,0.03977272727272726,0,1,30
Gson,7,50%,Random,0.3863636363636365,34.0,0.5670454545454545,NA,NA,10,0,20
Gson,7,60%,Ekstazi,0.4659090909090912,41.0,0.706439393939394,NA,NA,4,0,26
Gson,7,60%,FAST,0.4659090909090912,41.0,0.9469696969696973,5.166666666666667,0.05871212121212119,0,1,30
Gson,7,60%,Ekstazi+dpt,0.4659090909090912,41.0,0.9943181818181824,1.0,0.011363636363636359,0,1,30
Gson,7,60%,DPT,0.4659090909090912,41.0,0.9943181818181824,1.0,0.011363636363636359,0,1,30
Gson,7,60%,STARTS,0.4659090909090912,41.0,0.6200757575757577,NA,NA,6,0,24
Gson,7,60%,STARTS+FAST-S,0.4659090909090912,41.0,0.9185606060606057,7.666666666666667,0.08712121212121211,0,1,30
Gson,7,60%,STARTS+FAST-P,0.4659090909090912,41.0,0.908333333333333,8.566666666666666,0.09734848484848477,0,1,30
Gson,7,60%,STARTS+DPT,0.4659090909090912,41.0,0.9943181818181824,1.0,0.011363636363636359,0,1,30
Gson,7,60%,Fastazi-S,0.4659090909090912,41.0,0.9590909090909095,4.1,0.0465909090909091,0,1,30
Gson,7,60%,Fastazi-P,0.4659090909090912,41.0,0.9659090909090912,3.5,0.03977272727272726,0,1,30
Gson,7,60%,Random,0.4659090909090912,41.0,0.5865530303030303,NA,NA,9,0,21
Gson,7,70%,Ekstazi,0.5454545454545451,48.0,0.7232954545454545,NA,NA,3,0,27
Gson,7,70%,FAST,0.5454545454545451,48.0,0.9469696969696973,5.166666666666667,0.05871212121212119,0,1,30
Gson,7,70%,Ekstazi+dpt,0.5454545454545451,48.0,0.9943181818181824,1.0,0.011363636363636359,0,1,30
Gson,7,70%,DPT,0.5454545454545451,48.0,0.9943181818181824,1.0,0.011363636363636359,0,1,30
Gson,7,70%,STARTS,0.5454545454545451,48.0,0.6859848484848485,NA,NA,2,0,28
Gson,7,70%,STARTS+FAST-S,0.5454545454545451,48.0,0.9185606060606057,7.666666666666667,0.08712121212121211,0,1,30
Gson,7,70%,STARTS+FAST-P,0.5454545454545451,48.0,0.908333333333333,8.566666666666666,0.09734848484848477,0,1,30
Gson,7,70%,STARTS+DPT,0.5454545454545451,48.0,0.9943181818181824,1.0,0.011363636363636359,0,1,30
Gson,7,70%,Fastazi-S,0.5454545454545451,48.0,0.9590909090909095,4.1,0.0465909090909091,0,1,30
Gson,7,70%,Fastazi-P,0.5454545454545451,48.0,0.9659090909090912,3.5,0.03977272727272726,0,1,30
Gson,7,70%,Random,0.5454545454545451,48.0,0.6666666666666667,NA,NA,4,0,26
Gson,7,75%,Ekstazi,0.5795454545454548,51.0,0.752840909090909,NA,NA,1,0,29
Gson,7,75%,FAST,0.5795454545454548,51.0,0.9469696969696973,5.166666666666667,0.05871212121212119,0,1,30
Gson,7,75%,Ekstazi+dpt,0.5795454545454548,51.0,0.9943181818181824,1.0,0.011363636363636359,0,1,30
Gson,7,75%,DPT,0.5795454545454548,51.0,0.9943181818181824,1.0,0.011363636363636359,0,1,30
Gson,7,75%,STARTS,0.5795454545454548,51.0,0.6859848484848485,NA,NA,2,0,28
Gson,7,75%,STARTS+FAST-S,0.5795454545454548,51.0,0.9185606060606057,7.666666666666667,0.08712121212121211,0,1,30
Gson,7,75%,STARTS+FAST-P,0.5795454545454548,51.0,0.908333333333333,8.566666666666666,0.09734848484848477,0,1,30
Gson,7,75%,STARTS+DPT,0.5795454545454548,51.0,0.9943181818181824,1.0,0.011363636363636359,0,1,30
Gson,7,75%,Fastazi-S,0.5795454545454548,51.0,0.9590909090909095,4.1,0.0465909090909091,0,1,30
Gson,7,75%,Fastazi-P,0.5795454545454548,51.0,0.9659090909090912,3.5,0.03977272727272726,0,1,30
Gson,7,75%,Random,0.5795454545454548,51.0,0.6666666666666667,NA,NA,4,0,26
Gson,7,80%,Ekstazi,0.625,55.0,0.752840909090909,NA,NA,1,0,29
Gson,7,80%,FAST,0.625,55.0,0.9469696969696973,5.166666666666667,0.05871212121212119,0,1,30
Gson,7,80%,Ekstazi+dpt,0.625,55.0,0.9943181818181824,1.0,0.011363636363636359,0,1,30
Gson,7,80%,DPT,0.625,55.0,0.9943181818181824,1.0,0.011363636363636359,0,1,30
Gson,7,80%,STARTS,0.625,55.0,0.6990530303030306,NA,NA,1,0,29
Gson,7,80%,STARTS+FAST-S,0.625,55.0,0.9185606060606057,7.666666666666667,0.08712121212121211,0,1,30
Gson,7,80%,STARTS+FAST-P,0.625,55.0,0.908333333333333,8.566666666666666,0.09734848484848477,0,1,30
Gson,7,80%,STARTS+DPT,0.625,55.0,0.9943181818181824,1.0,0.011363636363636359,0,1,30
Gson,7,80%,Fastazi-S,0.625,55.0,0.9590909090909095,4.1,0.0465909090909091,0,1,30
Gson,7,80%,Fastazi-P,0.625,55.0,0.9659090909090912,3.5,0.03977272727272726,0,1,30
Gson,7,80%,Random,0.625,55.0,0.6793560606060607,NA,NA,3,0,27
Gson,7,90%,Ekstazi,0.7045454545454545,62.0,0.7640151515151514,21.266666666666666,0.24166666666666667,0,1,30
Gson,7,90%,FAST,0.7045454545454545,62.0,0.9469696969696973,5.166666666666667,0.05871212121212119,0,1,30
Gson,7,90%,Ekstazi+dpt,0.7045454545454545,62.0,0.9943181818181824,1.0,0.011363636363636359,0,1,30
Gson,7,90%,DPT,0.7045454545454545,62.0,0.9943181818181824,1.0,0.011363636363636359,0,1,30
Gson,7,90%,STARTS,0.7045454545454545,62.0,0.6990530303030306,NA,NA,1,0,29
Gson,7,90%,STARTS+FAST-S,0.7045454545454545,62.0,0.9185606060606057,7.666666666666667,0.08712121212121211,0,1,30
Gson,7,90%,STARTS+FAST-P,0.7045454545454545,62.0,0.908333333333333,8.566666666666666,0.09734848484848477,0,1,30
Gson,7,90%,STARTS+DPT,0.7045454545454545,62.0,0.9943181818181824,1.0,0.011363636363636359,0,1,30
Gson,7,90%,Fastazi-S,0.7045454545454545,62.0,0.9590909090909095,4.1,0.0465909090909091,0,1,30
Gson,7,90%,Fastazi-P,0.7045454545454545,62.0,0.9659090909090912,3.5,0.03977272727272726,0,1,30
Gson,7,90%,Random,0.7045454545454545,62.0,0.7109848484848486,25.933333333333334,0.2946969696969697,0,1,30
Gson,7,100%,Ekstazi,0.7840909090909091,69.0,0.7640151515151514,21.266666666666666,0.24166666666666667,0,1,30
Gson,7,100%,FAST,0.7840909090909091,69.0,0.9469696969696973,5.166666666666667,0.05871212121212119,0,1,30
Gson,7,100%,Ekstazi+dpt,0.7840909090909091,69.0,0.9943181818181824,1.0,0.011363636363636359,0,1,30
Gson,7,100%,DPT,0.7840909090909091,69.0,0.9943181818181824,1.0,0.011363636363636359,0,1,30
Gson,7,100%,STARTS,0.7840909090909091,69.0,0.7068181818181821,26.3,0.2988636363636364,0,1,30
Gson,7,100%,STARTS+FAST-S,0.7840909090909091,69.0,0.9185606060606057,7.666666666666667,0.08712121212121211,0,1,30
Gson,7,100%,STARTS+FAST-P,0.7840909090909091,69.0,0.908333333333333,8.566666666666666,0.09734848484848477,0,1,30
Gson,7,100%,STARTS+DPT,0.7840909090909091,69.0,0.9943181818181824,1.0,0.011363636363636359,0,1,30
Gson,7,100%,Fastazi-S,0.7840909090909091,69.0,0.9590909090909095,4.1,0.0465909090909091,0,1,30
Gson,7,100%,Fastazi-P,0.7840909090909091,69.0,0.9659090909090912,3.5,0.03977272727272726,0,1,30
Gson,7,100%,Random,0.7840909090909091,69.0,0.7109848484848486,25.933333333333334,0.2946969696969697,0,1,30
Gson,8,10%,Ekstazi,0.06741573033707861,6.0,0.031647940074906365,NA,NA,29,0,1
Gson,8,10%,FAST,0.06741573033707861,6.0,0.0,NA,NA,30,0,0
Gson,8,10%,Ekstazi+dpt,0.06741573033707861,6.0,0.0,NA,NA,30,0,0
Gson,8,10%,DPT,0.06741573033707861,6.0,0.0,NA,NA,30,0,0
Gson,8,10%,STARTS,0.06741573033707861,6.0,0.031647940074906365,NA,NA,29,0,1
Gson,8,10%,STARTS+FAST-S,0.06741573033707861,6.0,0.0,NA,NA,30,0,0
Gson,8,10%,STARTS+FAST-P,0.06741573033707861,6.0,0.0,NA,NA,30,0,0
Gson,8,10%,STARTS+DPT,0.06741573033707861,6.0,0.0,NA,NA,30,0,0
Gson,8,10%,Fastazi-S,0.06741573033707861,6.0,0.0,NA,NA,30,0,0
Gson,8,10%,Fastazi-P,0.06741573033707861,6.0,0.0,NA,NA,30,0,0
Gson,8,10%,Random,0.06741573033707861,6.0,0.0956928838951311,NA,NA,27,0,3
Gson,8,20%,Ekstazi,0.1460674157303371,13.0,0.21142322097378277,NA,NA,23,0,7
Gson,8,20%,FAST,0.1460674157303371,13.0,0.0,NA,NA,30,0,0
Gson,8,20%,Ekstazi+dpt,0.1460674157303371,13.0,0.0,NA,NA,30,0,0
Gson,8,20%,DPT,0.1460674157303371,13.0,0.0,NA,NA,30,0,0
Gson,8,20%,STARTS,0.1460674157303371,13.0,0.2069288389513109,NA,NA,23,0,7
Gson,8,20%,STARTS+FAST-S,0.1460674157303371,13.0,0.0,NA,NA,30,0,0
Gson,8,20%,STARTS+FAST-P,0.1460674157303371,13.0,0.0,NA,NA,30,0,0
Gson,8,20%,STARTS+DPT,0.1460674157303371,13.0,0.0,NA,NA,30,0,0
Gson,8,20%,Fastazi-S,0.1460674157303371,13.0,0.0,NA,NA,30,0,0
Gson,8,20%,Fastazi-P,0.1460674157303371,13.0,0.0,NA,NA,30,0,0
Gson,8,20%,Random,0.1460674157303371,13.0,0.12434456928838952,NA,NA,26,0,4
Gson,8,25%,Ekstazi,0.17977528089887648,16.0,0.2668539325842697,NA,NA,21,0,9
Gson,8,25%,FAST,0.17977528089887648,16.0,0.0,NA,NA,30,0,0
Gson,8,25%,Ekstazi+dpt,0.17977528089887648,16.0,0.0,NA,NA,30,0,0
Gson,8,25%,DPT,0.17977528089887648,16.0,0.0,NA,NA,30,0,0
Gson,8,25%,STARTS,0.17977528089887648,16.0,0.26273408239700374,NA,NA,21,0,9
Gson,8,25%,STARTS+FAST-S,0.17977528089887648,16.0,0.0,NA,NA,30,0,0
Gson,8,25%,STARTS+FAST-P,0.17977528089887648,16.0,0.0,NA,NA,30,0,0
Gson,8,25%,STARTS+DPT,0.17977528089887648,16.0,0.0,NA,NA,30,0,0
Gson,8,25%,Fastazi-S,0.17977528089887648,16.0,0.0,NA,NA,30,0,0
Gson,8,25%,Fastazi-P,0.17977528089887648,16.0,0.0,NA,NA,30,0,0
Gson,8,25%,Random,0.17977528089887648,16.0,0.15187265917602996,NA,NA,25,0,5
Gson,8,30%,Ekstazi,0.21348314606741584,19.0,0.347191011235955,NA,NA,18,0,12
Gson,8,30%,FAST,0.21348314606741584,19.0,0.0,NA,NA,30,0,0
Gson,8,30%,Ekstazi+dpt,0.21348314606741584,19.0,0.0,NA,NA,30,0,0
Gson,8,30%,DPT,0.21348314606741584,19.0,0.0,NA,NA,30,0,0
Gson,8,30%,STARTS,0.21348314606741584,19.0,0.3162921348314606,NA,NA,19,0,11
Gson,8,30%,STARTS+FAST-S,0.21348314606741584,19.0,0.0,NA,NA,30,0,0
Gson,8,30%,STARTS+FAST-P,0.21348314606741584,19.0,0.026404494382022473,NA,NA,29,0,1
Gson,8,30%,STARTS+DPT,0.21348314606741584,19.0,0.0,NA,NA,30,0,0
Gson,8,30%,Fastazi-S,0.21348314606741584,19.0,0.0,NA,NA,30,0,0
Gson,8,30%,Fastazi-P,0.21348314606741584,19.0,0.0,NA,NA,30,0,0
Gson,8,30%,Random,0.21348314606741584,19.0,0.17902621722846443,NA,NA,24,0,6
Gson,8,40%,Ekstazi,0.2921348314606742,26.0,0.397378277153558,NA,NA,16,0,14
Gson,8,40%,FAST,0.2921348314606742,26.0,0.0,NA,NA,30,0,0
Gson,8,40%,Ekstazi+dpt,0.2921348314606742,26.0,0.0,NA,NA,30,0,0
Gson,8,40%,DPT,0.2921348314606742,26.0,0.0,NA,NA,30,0,0
Gson,8,40%,STARTS,0.2921348314606742,26.0,0.39213483146067407,NA,NA,16,0,14
Gson,8,40%,STARTS+FAST-S,0.2921348314606742,26.0,0.0,NA,NA,30,0,0
Gson,8,40%,STARTS+FAST-P,0.2921348314606742,26.0,0.026404494382022473,NA,NA,29,0,1
Gson,8,40%,STARTS+DPT,0.2921348314606742,26.0,0.0,NA,NA,30,0,0
Gson,8,40%,Fastazi-S,0.2921348314606742,26.0,0.7179775280898878,25.6,0.2876404494382023,0,1,30
Gson,8,40%,Fastazi-P,0.2921348314606742,26.0,0.7202247191011237,25.4,0.28539325842696633,0,1,30
Gson,8,40%,Random,0.2921348314606742,26.0,0.22883895131086143,NA,NA,22,0,8
Gson,8,50%,Ekstazi,0.37078651685393277,33.0,0.5299625468164794,NA,NA,10,0,20
Gson,8,50%,FAST,0.37078651685393277,33.0,0.0,NA,NA,30,0,0
Gson,8,50%,Ekstazi+dpt,0.37078651685393277,33.0,0.0,NA,NA,30,0,0
Gson,8,50%,DPT,0.37078651685393277,33.0,0.0,NA,NA,30,0,0
Gson,8,50%,STARTS,0.37078651685393277,33.0,0.39213483146067407,NA,NA,16,0,14
Gson,8,50%,STARTS+FAST-S,0.37078651685393277,33.0,0.6940074906367039,27.733333333333334,0.3116104868913857,0,1,30
Gson,8,50%,STARTS+FAST-P,0.37078651685393277,33.0,0.6985018726591757,27.333333333333332,0.30711610486891383,0,1,30
Gson,8,50%,STARTS+DPT,0.37078651685393277,33.0,0.0,NA,NA,30,0,0
Gson,8,50%,Fastazi-S,0.37078651685393277,33.0,0.7179775280898878,25.6,0.2876404494382023,0,1,30
Gson,8,50%,Fastazi-P,0.37078651685393277,33.0,0.7202247191011237,25.4,0.28539325842696633,0,1,30
Gson,8,50%,Random,0.37078651685393277,33.0,0.2949438202247191,NA,NA,19,0,11
Gson,8,60%,Ekstazi,0.43820224719101125,39.0,0.550374531835206,NA,NA,9,0,21
Gson,8,60%,FAST,0.43820224719101125,39.0,0.6176029962546818,34.53333333333333,0.3880149812734082,0,1,30
Gson,8,60%,Ekstazi+dpt,0.43820224719101125,39.0,0.0,NA,NA,30,0,0
Gson,8,60%,DPT,0.43820224719101125,39.0,0.0,NA,NA,30,0,0
Gson,8,60%,STARTS,0.43820224719101125,39.0,0.41142322097378276,NA,NA,15,0,15
Gson,8,60%,STARTS+FAST-S,0.43820224719101125,39.0,0.6940074906367039,27.733333333333334,0.3116104868913857,0,1,30
Gson,8,60%,STARTS+FAST-P,0.43820224719101125,39.0,0.6985018726591757,27.333333333333332,0.30711610486891383,0,1,30
Gson,8,60%,STARTS+DPT,0.43820224719101125,39.0,0.0,NA,NA,30,0,0
Gson,8,60%,Fastazi-S,0.43820224719101125,39.0,0.7179775280898878,25.6,0.2876404494382023,0,1,30
Gson,8,60%,Fastazi-P,0.43820224719101125,39.0,0.7202247191011237,25.4,0.28539325842696633,0,1,30
Gson,8,60%,Random,0.43820224719101125,39.0,0.3754681647940075,NA,NA,15,0,15
Gson,8,70%,Ekstazi,0.51685393258427,46.0,0.6177902621722847,NA,NA,5,0,25
Gson,8,70%,FAST,0.51685393258427,46.0,0.6176029962546818,34.53333333333333,0.3880149812734082,0,1,30
Gson,8,70%,Ekstazi+dpt,0.51685393258427,46.0,0.0,NA,NA,30,0,0
Gson,8,70%,DPT,0.51685393258427,46.0,0.0,NA,NA,30,0,0
Gson,8,70%,STARTS,0.51685393258427,46.0,0.4470037453183521,NA,NA,13,0,17
Gson,8,70%,STARTS+FAST-S,0.51685393258427,46.0,0.6940074906367039,27.733333333333334,0.3116104868913857,0,1,30
Gson,8,70%,STARTS+FAST-P,0.51685393258427,46.0,0.6985018726591757,27.333333333333332,0.30711610486891383,0,1,30
Gson,8,70%,STARTS+DPT,0.51685393258427,46.0,0.0,NA,NA,30,0,0
Gson,8,70%,Fastazi-S,0.51685393258427,46.0,0.7179775280898878,25.6,0.2876404494382023,0,1,30
Gson,8,70%,Fastazi-P,0.51685393258427,46.0,0.7202247191011237,25.4,0.28539325842696633,0,1,30
Gson,8,70%,Random,0.51685393258427,46.0,0.3917602996254682,NA,NA,14,0,16
Gson,8,75%,Ekstazi,0.5505617977528092,49.0,0.6177902621722847,NA,NA,5,0,25
Gson,8,75%,FAST,0.5505617977528092,49.0,0.6176029962546818,34.53333333333333,0.3880149812734082,0,1,30
Gson,8,75%,Ekstazi+dpt,0.5505617977528092,49.0,0.0,NA,NA,30,0,0
Gson,8,75%,DPT,0.5505617977528092,49.0,0.0,NA,NA,30,0,0
Gson,8,75%,STARTS,0.5505617977528092,49.0,0.47883895131086146,NA,NA,11,0,19
Gson,8,75%,STARTS+FAST-S,0.5505617977528092,49.0,0.6940074906367039,27.733333333333334,0.3116104868913857,0,1,30
Gson,8,75%,STARTS+FAST-P,0.5505617977528092,49.0,0.6985018726591757,27.333333333333332,0.30711610486891383,0,1,30
Gson,8,75%,STARTS+DPT,0.5505617977528092,49.0,0.0,NA,NA,30,0,0
Gson,8,75%,Fastazi-S,0.5505617977528092,49.0,0.7179775280898878,25.6,0.2876404494382023,0,1,30
Gson,8,75%,Fastazi-P,0.5505617977528092,49.0,0.7202247191011237,25.4,0.28539325842696633,0,1,30
Gson,8,75%,Random,0.5505617977528092,49.0,0.3917602996254682,NA,NA,14,0,16
Gson,8,80%,Ekstazi,0.5842696629213484,52.0,0.6177902621722847,NA,NA,5,0,25
Gson,8,80%,FAST,0.5842696629213484,52.0,0.6176029962546818,34.53333333333333,0.3880149812734082,0,1,30
Gson,8,80%,Ekstazi+dpt,0.5842696629213484,52.0,0.0,NA,NA,30,0,0
Gson,8,80%,DPT,0.5842696629213484,52.0,0.0,NA,NA,30,0,0
Gson,8,80%,STARTS,0.5842696629213484,52.0,0.4932584269662922,NA,NA,10,0,20
Gson,8,80%,STARTS+FAST-S,0.5842696629213484,52.0,0.6940074906367039,27.733333333333334,0.3116104868913857,0,1,30
Gson,8,80%,STARTS+FAST-P,0.5842696629213484,52.0,0.6985018726591757,27.333333333333332,0.30711610486891383,0,1,30
Gson,8,80%,STARTS+DPT,0.5842696629213484,52.0,0.0,NA,NA,30,0,0
Gson,8,80%,Fastazi-S,0.5842696629213484,52.0,0.7179775280898878,25.6,0.2876404494382023,0,1,30
Gson,8,80%,Fastazi-P,0.5842696629213484,52.0,0.7202247191011237,25.4,0.28539325842696633,0,1,30
Gson,8,80%,Random,0.5842696629213484,52.0,0.4058052434456929,NA,NA,13,0,17
Gson,8,90%,Ekstazi,0.6629213483146068,59.0,0.6679775280898876,NA,NA,1,0,29
Gson,8,90%,FAST,0.6629213483146068,59.0,0.6176029962546818,34.53333333333333,0.3880149812734082,0,1,30
Gson,8,90%,Ekstazi+dpt,0.6629213483146068,59.0,0.0,NA,NA,30,0,0
Gson,8,90%,DPT,0.6629213483146068,59.0,0.0,NA,NA,30,0,0
Gson,8,90%,STARTS,0.6629213483146068,59.0,0.5308988764044943,NA,NA,7,0,23
Gson,8,90%,STARTS+FAST-S,0.6629213483146068,59.0,0.6940074906367039,27.733333333333334,0.3116104868913857,0,1,30
Gson,8,90%,STARTS+FAST-P,0.6629213483146068,59.0,0.6985018726591757,27.333333333333332,0.30711610486891383,0,1,30
Gson,8,90%,STARTS+DPT,0.6629213483146068,59.0,0.0,NA,NA,30,0,0
Gson,8,90%,Fastazi-S,0.6629213483146068,59.0,0.7179775280898878,25.6,0.2876404494382023,0,1,30
Gson,8,90%,Fastazi-P,0.6629213483146068,59.0,0.7202247191011237,25.4,0.28539325842696633,0,1,30
Gson,8,90%,Random,0.6629213483146068,59.0,0.4290262172284644,NA,NA,11,0,19
Gson,8,100%,Ekstazi,0.7415730337078655,66.0,0.6782771535580525,29.133333333333333,0.3273408239700375,0,1,30
Gson,8,100%,FAST,0.7415730337078655,66.0,0.6176029962546818,34.53333333333333,0.3880149812734082,0,1,30
Gson,8,100%,Ekstazi+dpt,0.7415730337078655,66.0,0.26404494382022475,66.0,0.7415730337078655,0,1,30
Gson,8,100%,DPT,0.7415730337078655,66.0,0.0,NA,NA,30,0,0
Gson,8,100%,STARTS,0.7415730337078655,66.0,0.5705992509363296,NA,NA,3,0,27
Gson,8,100%,STARTS+FAST-S,0.7415730337078655,66.0,0.6940074906367039,27.733333333333334,0.3116104868913857,0,1,30
Gson,8,100%,STARTS+FAST-P,0.7415730337078655,66.0,0.6985018726591757,27.333333333333332,0.30711610486891383,0,1,30
Gson,8,100%,STARTS+DPT,0.7415730337078655,66.0,0.0,NA,NA,30,0,0
Gson,8,100%,Fastazi-S,0.7415730337078655,66.0,0.7179775280898878,25.6,0.2876404494382023,0,1,30
Gson,8,100%,Fastazi-P,0.7415730337078655,66.0,0.7202247191011237,25.4,0.28539325842696633,0,1,30
Gson,8,100%,Random,0.7415730337078655,66.0,0.4393258426966292,NA,NA,10,0,20
Gson,9,10%,Ekstazi,0.06741573033707861,6.0,0.12883895131086145,NA,NA,26,0,4
Gson,9,10%,FAST,0.06741573033707861,6.0,0.0,NA,NA,30,0,0
Gson,9,10%,Ekstazi+dpt,0.06741573033707861,6.0,0.0,NA,NA,30,0,0
Gson,9,10%,DPT,0.06741573033707861,6.0,0.0,NA,NA,30,0,0
Gson,9,10%,STARTS,0.06741573033707861,6.0,0.06404494382022471,NA,NA,28,0,2
Gson,9,10%,STARTS+FAST-S,0.06741573033707861,6.0,0.0,NA,NA,30,0,0
Gson,9,10%,STARTS+FAST-P,0.06741573033707861,6.0,0.0,NA,NA,30,0,0
Gson,9,10%,STARTS+DPT,0.06741573033707861,6.0,0.0,NA,NA,30,0,0
Gson,9,10%,Fastazi-S,0.06741573033707861,6.0,0.0,NA,NA,30,0,0
Gson,9,10%,Fastazi-P,0.06741573033707861,6.0,0.0,NA,NA,30,0,0
Gson,9,10%,Random,0.06741573033707861,6.0,0.03314606741573033,NA,NA,29,0,1
Gson,9,20%,Ekstazi,0.13483146067415722,12.0,0.1895131086142322,NA,NA,24,0,6
Gson,9,20%,FAST,0.13483146067415722,12.0,0.0,NA,NA,30,0,0
Gson,9,20%,Ekstazi+dpt,0.13483146067415722,12.0,0.0,NA,NA,30,0,0
Gson,9,20%,DPT,0.13483146067415722,12.0,0.0,NA,NA,30,0,0
Gson,9,20%,STARTS,0.13483146067415722,12.0,0.1850187265917603,NA,NA,24,0,6
Gson,9,20%,STARTS+FAST-S,0.13483146067415722,12.0,0.0,NA,NA,30,0,0
Gson,9,20%,STARTS+FAST-P,0.13483146067415722,12.0,0.0,NA,NA,30,0,0
Gson,9,20%,STARTS+DPT,0.13483146067415722,12.0,0.0,NA,NA,30,0,0
Gson,9,20%,Fastazi-S,0.13483146067415722,12.0,0.0,NA,NA,30,0,0
Gson,9,20%,Fastazi-P,0.13483146067415722,12.0,0.0,NA,NA,30,0,0
Gson,9,20%,Random,0.13483146067415722,12.0,0.09194756554307117,NA,NA,27,0,3
Gson,9,25%,Ekstazi,0.16853932584269674,15.0,0.21779026217228464,NA,NA,23,0,7
Gson,9,25%,FAST,0.16853932584269674,15.0,0.0,NA,NA,30,0,0
Gson,9,25%,Ekstazi+dpt,0.16853932584269674,15.0,0.0,NA,NA,30,0,0
Gson,9,25%,DPT,0.16853932584269674,15.0,0.0,NA,NA,30,0,0
Gson,9,25%,STARTS,0.16853932584269674,15.0,0.21292134831460674,NA,NA,23,0,7
Gson,9,25%,STARTS+FAST-S,0.16853932584269674,15.0,0.0,NA,NA,30,0,0
Gson,9,25%,STARTS+FAST-P,0.16853932584269674,15.0,0.0,NA,NA,30,0,0
Gson,9,25%,STARTS+DPT,0.16853932584269674,15.0,0.0,NA,NA,30,0,0
Gson,9,25%,Fastazi-S,0.16853932584269674,15.0,0.0,NA,NA,30,0,0
Gson,9,25%,Fastazi-P,0.16853932584269674,15.0,0.0,NA,NA,30,0,0
Gson,9,25%,Random,0.16853932584269674,15.0,0.1202247191011236,NA,NA,26,0,4
Gson,9,30%,Ekstazi,0.20224719101123598,18.0,0.24531835205992508,NA,NA,22,0,8
Gson,9,30%,FAST,0.20224719101123598,18.0,0.0,NA,NA,30,0,0
Gson,9,30%,Ekstazi+dpt,0.20224719101123598,18.0,0.0,NA,NA,30,0,0
Gson,9,30%,DPT,0.20224719101123598,18.0,0.0,NA,NA,30,0,0
Gson,9,30%,STARTS,0.20224719101123598,18.0,0.2404494382022472,NA,NA,22,0,8
Gson,9,30%,STARTS+FAST-S,0.20224719101123598,18.0,0.0,NA,NA,30,0,0
Gson,9,30%,STARTS+FAST-P,0.20224719101123598,18.0,0.0,NA,NA,30,0,0
Gson,9,30%,STARTS+DPT,0.20224719101123598,18.0,0.0,NA,NA,30,0,0
Gson,9,30%,Fastazi-S,0.20224719101123598,18.0,0.0,NA,NA,30,0,0
Gson,9,30%,Fastazi-P,0.20224719101123598,18.0,0.0,NA,NA,30,0,0
Gson,9,30%,Random,0.20224719101123598,18.0,0.1202247191011236,NA,NA,26,0,4
Gson,9,40%,Ekstazi,0.2808988764044944,25.0,0.2951310861423221,NA,NA,20,0,10
Gson,9,40%,FAST,0.2808988764044944,25.0,0.0,NA,NA,30,0,0
Gson,9,40%,Ekstazi+dpt,0.2808988764044944,25.0,0.0,NA,NA,30,0,0
Gson,9,40%,DPT,0.2808988764044944,25.0,0.0,NA,NA,30,0,0
Gson,9,40%,STARTS,0.2808988764044944,25.0,0.31591760299625465,NA,NA,19,0,11
Gson,9,40%,STARTS+FAST-S,0.2808988764044944,25.0,0.0,NA,NA,30,0,0
Gson,9,40%,STARTS+FAST-P,0.2808988764044944,25.0,0.0,NA,NA,30,0,0
Gson,9,40%,STARTS+DPT,0.2808988764044944,25.0,0.0,NA,NA,30,0,0
Gson,9,40%,Fastazi-S,0.2808988764044944,25.0,0.0,NA,NA,30,0,0
Gson,9,40%,Fastazi-P,0.2808988764044944,25.0,0.0,NA,NA,30,0,0
Gson,9,40%,Random,0.2808988764044944,25.0,0.19794007490636703,NA,NA,23,0,7
Gson,9,50%,Ekstazi,0.34831460674157294,31.0,0.3411985018726592,NA,NA,18,0,12
Gson,9,50%,FAST,0.34831460674157294,31.0,0.0,NA,NA,30,0,0
Gson,9,50%,Ekstazi+dpt,0.34831460674157294,31.0,0.0,NA,NA,30,0,0
Gson,9,50%,DPT,0.34831460674157294,31.0,0.0,NA,NA,30,0,0
Gson,9,50%,STARTS,0.34831460674157294,31.0,0.3861423220973783,NA,NA,16,0,14
Gson,9,50%,STARTS+FAST-S,0.34831460674157294,31.0,0.0,NA,NA,30,0,0
Gson,9,50%,STARTS+FAST-P,0.34831460674157294,31.0,0.0,NA,NA,30,0,0
Gson,9,50%,STARTS+DPT,0.34831460674157294,31.0,0.0,NA,NA,30,0,0
Gson,9,50%,Fastazi-S,0.34831460674157294,31.0,0.0,NA,NA,30,0,0
Gson,9,50%,Fastazi-P,0.34831460674157294,31.0,0.0,NA,NA,30,0,0
Gson,9,50%,Random,0.34831460674157294,31.0,0.19794007490636703,NA,NA,23,0,7
Gson,9,60%,Ekstazi,0.41573033707865165,37.0,0.402059925093633,NA,NA,15,0,15
Gson,9,60%,FAST,0.41573033707865165,37.0,0.0,NA,NA,30,0,0
Gson,9,60%,Ekstazi+dpt,0.41573033707865165,37.0,0.0,NA,NA,30,0,0
Gson,9,60%,DPT,0.41573033707865165,37.0,0.0,NA,NA,30,0,0
Gson,9,60%,STARTS,0.41573033707865165,37.0,0.44737827715355816,NA,NA,13,0,17
Gson,9,60%,STARTS+FAST-S,0.41573033707865165,37.0,0.0,NA,NA,30,0,0
Gson,9,60%,STARTS+FAST-P,0.41573033707865165,37.0,0.0,NA,NA,30,0,0
Gson,9,60%,STARTS+DPT,0.41573033707865165,37.0,0.0,NA,NA,30,0,0
Gson,9,60%,Fastazi-S,0.41573033707865165,37.0,0.0,NA,NA,30,0,0
Gson,9,60%,Fastazi-P,0.41573033707865165,37.0,0.0,NA,NA,30,0,0
Gson,9,60%,Random,0.41573033707865165,37.0,0.28258426966292133,NA,NA,19,0,11
Gson,9,70%,Ekstazi,0.4943820224719103,44.0,0.47322097378277156,NA,NA,11,0,19
Gson,9,70%,FAST,0.4943820224719103,44.0,0.0,NA,NA,30,0,0
Gson,9,70%,Ekstazi+dpt,0.4943820224719103,44.0,0.0,NA,NA,30,0,0
Gson,9,70%,DPT,0.4943820224719103,44.0,0.0,NA,NA,30,0,0
Gson,9,70%,STARTS,0.4943820224719103,44.0,0.501123595505618,NA,NA,10,0,20
Gson,9,70%,STARTS+FAST-S,0.4943820224719103,44.0,0.0,NA,NA,30,0,0
Gson,9,70%,STARTS+FAST-P,0.4943820224719103,44.0,0.0,NA,NA,30,0,0
Gson,9,70%,STARTS+DPT,0.4943820224719103,44.0,0.0,NA,NA,30,0,0
Gson,9,70%,Fastazi-S,0.4943820224719103,44.0,0.0,NA,NA,30,0,0
Gson,9,70%,Fastazi-P,0.4943820224719103,44.0,0.0,NA,NA,30,0,0
Gson,9,70%,Random,0.4943820224719103,44.0,0.28258426966292133,NA,NA,19,0,11
Gson,9,75%,Ekstazi,0.5280898876404495,47.0,0.4891385767790262,NA,NA,10,0,20
Gson,9,75%,FAST,0.5280898876404495,47.0,0.0,NA,NA,30,0,0
Gson,9,75%,Ekstazi+dpt,0.5280898876404495,47.0,0.0,NA,NA,30,0,0
Gson,9,75%,DPT,0.5280898876404495,47.0,0.0,NA,NA,30,0,0
Gson,9,75%,STARTS,0.5280898876404495,47.0,0.501123595505618,NA,NA,10,0,20
Gson,9,75%,STARTS+FAST-S,0.5280898876404495,47.0,0.0,NA,NA,30,0,0
Gson,9,75%,STARTS+FAST-P,0.5280898876404495,47.0,0.0,NA,NA,30,0,0
Gson,9,75%,STARTS+DPT,0.5280898876404495,47.0,0.0,NA,NA,30,0,0
Gson,9,75%,Fastazi-S,0.5280898876404495,47.0,0.0,NA,NA,30,0,0
Gson,9,75%,Fastazi-P,0.5280898876404495,47.0,0.0,NA,NA,30,0,0
Gson,9,75%,Random,0.5280898876404495,47.0,0.29850187265917605,NA,NA,18,0,12
Gson,9,80%,Ekstazi,0.5617977528089888,50.0,0.5350187265917603,NA,NA,7,0,23
Gson,9,80%,FAST,0.5617977528089888,50.0,0.0,NA,NA,30,0,0
Gson,9,80%,Ekstazi+dpt,0.5617977528089888,50.0,0.0,NA,NA,30,0,0
Gson,9,80%,DPT,0.5617977528089888,50.0,0.0,NA,NA,30,0,0
Gson,9,80%,STARTS,0.5617977528089888,50.0,0.5473782771535581,NA,NA,7,0,23
Gson,9,80%,STARTS+FAST-S,0.5617977528089888,50.0,0.0,NA,NA,30,0,0
Gson,9,80%,STARTS+FAST-P,0.5617977528089888,50.0,0.0,NA,NA,30,0,0
Gson,9,80%,STARTS+DPT,0.5617977528089888,50.0,0.0,NA,NA,30,0,0
Gson,9,80%,Fastazi-S,0.5617977528089888,50.0,0.45468164794007515,49.03333333333333,0.5509363295880152,0,1,30
Gson,9,80%,Fastazi-P,0.5617977528089888,50.0,0.4647940074906368,48.13333333333333,0.540823970037453,0,1,30
Gson,9,80%,Random,0.5617977528089888,50.0,0.29850187265917605,NA,NA,18,0,12
Gson,9,90%,Ekstazi,0.6292134831460673,56.0,0.5612359550561797,NA,NA,5,0,25
Gson,9,90%,FAST,0.6292134831460673,56.0,0.0,NA,NA,30,0,0
Gson,9,90%,Ekstazi+dpt,0.6292134831460673,56.0,0.0,NA,NA,30,0,0
Gson,9,90%,DPT,0.6292134831460673,56.0,0.0,NA,NA,30,0,0
Gson,9,90%,STARTS,0.6292134831460673,56.0,0.5473782771535581,NA,NA,7,0,23
Gson,9,90%,STARTS+FAST-S,0.6292134831460673,56.0,0.0,NA,NA,30,0,0
Gson,9,90%,STARTS+FAST-P,0.6292134831460673,56.0,0.0,NA,NA,30,0,0
Gson,9,90%,STARTS+DPT,0.6292134831460673,56.0,0.0,NA,NA,30,0,0
Gson,9,90%,Fastazi-S,0.6292134831460673,56.0,0.45468164794007515,49.03333333333333,0.5509363295880152,0,1,30
Gson,9,90%,Fastazi-P,0.6292134831460673,56.0,0.4647940074906368,48.13333333333333,0.540823970037453,0,1,30
Gson,9,90%,Random,0.6292134831460673,56.0,0.33689138576779026,NA,NA,15,0,15
Gson,9,100%,Ekstazi,0.7078651685393258,63.0,0.6131086142322096,34.93333333333333,0.39250936329588004,0,1,30
Gson,9,100%,FAST,0.7078651685393258,63.0,0.0,NA,NA,30,0,0
Gson,9,100%,Ekstazi+dpt,0.7078651685393258,63.0,0.2977528089887641,63.0,0.7078651685393258,0,1,30
Gson,9,100%,DPT,0.7078651685393258,63.0,0.0,NA,NA,30,0,0
Gson,9,100%,STARTS,0.7078651685393258,63.0,0.5691011235955056,NA,NA,5,0,25
Gson,9,100%,STARTS+FAST-S,0.7078651685393258,63.0,0.0,NA,NA,30,0,0
Gson,9,100%,STARTS+FAST-P,0.7078651685393258,63.0,0.0,NA,NA,30,0,0
Gson,9,100%,STARTS+DPT,0.7078651685393258,63.0,0.0,NA,NA,30,0,0
Gson,9,100%,Fastazi-S,0.7078651685393258,63.0,0.45468164794007515,49.03333333333333,0.5509363295880152,0,1,30
Gson,9,100%,Fastazi-P,0.7078651685393258,63.0,0.4647940074906368,48.13333333333333,0.540823970037453,0,1,30
Gson,9,100%,Random,0.7078651685393258,63.0,0.41685393258426967,NA,NA,8,0,22
Gson,10,10%,Ekstazi,0.06666666666666667,6.0,0.032407407407407406,NA,NA,29,0,1
Gson,10,10%,FAST,0.06666666666666667,6.0,0.0,NA,NA,30,0,0
Gson,10,10%,Ekstazi+dpt,0.06666666666666667,6.0,0.0,NA,NA,30,0,0
Gson,10,10%,DPT,0.06666666666666667,6.0,0.0,NA,NA,30,0,0
Gson,10,10%,STARTS,0.06666666666666667,6.0,0.032777777777777774,NA,NA,29,0,1
Gson,10,10%,STARTS+FAST-S,0.06666666666666667,6.0,0.03314814814814815,NA,NA,29,0,1
Gson,10,10%,STARTS+FAST-P,0.06666666666666667,6.0,0.0,NA,NA,30,0,0
Gson,10,10%,STARTS+DPT,0.06666666666666667,6.0,0.0,NA,NA,30,0,0
Gson,10,10%,Fastazi-S,0.06666666666666667,6.0,0.0,NA,NA,30,0,0
Gson,10,10%,Fastazi-P,0.06666666666666667,6.0,0.0,NA,NA,30,0,0
Gson,10,10%,Random,0.06666666666666667,6.0,0.03166666666666666,NA,NA,29,0,1
Gson,10,20%,Ekstazi,0.14444444444444443,13.0,0.12259259259259259,NA,NA,26,0,4
Gson,10,20%,FAST,0.14444444444444443,13.0,0.0,NA,NA,30,0,0
Gson,10,20%,Ekstazi+dpt,0.14444444444444443,13.0,0.0,NA,NA,30,0,0
Gson,10,20%,DPT,0.14444444444444443,13.0,0.0,NA,NA,30,0,0
Gson,10,20%,STARTS,0.14444444444444443,13.0,0.12222222222222222,NA,NA,26,0,4
Gson,10,20%,STARTS+FAST-S,0.14444444444444443,13.0,0.03314814814814815,NA,NA,29,0,1
Gson,10,20%,STARTS+FAST-P,0.14444444444444443,13.0,0.0,NA,NA,30,0,0
Gson,10,20%,STARTS+DPT,0.14444444444444443,13.0,0.0,NA,NA,30,0,0
Gson,10,20%,Fastazi-S,0.14444444444444443,13.0,0.0,NA,NA,30,0,0
Gson,10,20%,Fastazi-P,0.14444444444444443,13.0,0.0,NA,NA,30,0,0
Gson,10,20%,Random,0.14444444444444443,13.0,0.06259259259259259,NA,NA,28,0,2
Gson,10,25%,Ekstazi,0.17777777777777776,16.0,0.1785185185185185,NA,NA,24,0,6
Gson,10,25%,FAST,0.17777777777777776,16.0,0.0,NA,NA,30,0,0
Gson,10,25%,Ekstazi+dpt,0.17777777777777776,16.0,0.0,NA,NA,30,0,0
Gson,10,25%,DPT,0.17777777777777776,16.0,0.0,NA,NA,30,0,0
Gson,10,25%,STARTS,0.17777777777777776,16.0,0.2061111111111111,NA,NA,23,0,7
Gson,10,25%,STARTS+FAST-S,0.17777777777777776,16.0,0.03314814814814815,NA,NA,29,0,1
Gson,10,25%,STARTS+FAST-P,0.17777777777777776,16.0,0.0,NA,NA,30,0,0
Gson,10,25%,STARTS+DPT,0.17777777777777776,16.0,0.0,NA,NA,30,0,0
Gson,10,25%,Fastazi-S,0.17777777777777776,16.0,0.0,NA,NA,30,0,0
Gson,10,25%,Fastazi-P,0.17777777777777776,16.0,0.0,NA,NA,30,0,0
Gson,10,25%,Random,0.17777777777777776,16.0,0.09018518518518519,NA,NA,27,0,3
Gson,10,30%,Ekstazi,0.2111111111111112,19.0,0.20537037037037034,NA,NA,23,0,7
Gson,10,30%,FAST,0.2111111111111112,19.0,0.0,NA,NA,30,0,0
Gson,10,30%,Ekstazi+dpt,0.2111111111111112,19.0,0.0,NA,NA,30,0,0
Gson,10,30%,DPT,0.2111111111111112,19.0,0.0,NA,NA,30,0,0
Gson,10,30%,STARTS,0.2111111111111112,19.0,0.2601851851851852,NA,NA,21,0,9
Gson,10,30%,STARTS+FAST-S,0.2111111111111112,19.0,0.03314814814814815,NA,NA,29,0,1
Gson,10,30%,STARTS+FAST-P,0.2111111111111112,19.0,0.0,NA,NA,30,0,0
Gson,10,30%,STARTS+DPT,0.2111111111111112,19.0,0.0,NA,NA,30,0,0
Gson,10,30%,Fastazi-S,0.2111111111111112,19.0,0.0,NA,NA,30,0,0
Gson,10,30%,Fastazi-P,0.2111111111111112,19.0,0.0,NA,NA,30,0,0
Gson,10,30%,Random,0.2111111111111112,19.0,0.11703703703703704,NA,NA,26,0,4
Gson,10,40%,Ekstazi,0.28888888888888886,26.0,0.30499999999999994,NA,NA,19,0,11
Gson,10,40%,FAST,0.28888888888888886,26.0,0.0,NA,NA,30,0,0
Gson,10,40%,Ekstazi+dpt,0.28888888888888886,26.0,0.7718518518518519,21.033333333333335,0.23370370370370372,0,1,30
Gson,10,40%,DPT,0.28888888888888886,26.0,0.7714814814814817,21.066666666666666,0.2340740740740741,0,1,30
Gson,10,40%,STARTS,0.28888888888888886,26.0,0.33481481481481473,NA,NA,18,0,12
Gson,10,40%,STARTS+FAST-S,0.28888888888888886,26.0,0.03314814814814815,NA,NA,29,0,1
Gson,10,40%,STARTS+FAST-P,0.28888888888888886,26.0,0.0,NA,NA,30,0,0
Gson,10,40%,STARTS+DPT,0.28888888888888886,26.0,0.7711111111111112,21.1,0.23444444444444448,0,1,30
Gson,10,40%,Fastazi-S,0.28888888888888886,26.0,0.0,NA,NA,30,0,0
Gson,10,40%,Fastazi-P,0.28888888888888886,26.0,0.0,NA,NA,30,0,0
Gson,10,40%,Random,0.28888888888888886,26.0,0.19055555555555556,NA,NA,23,0,7
Gson,10,50%,Ekstazi,0.36666666666666664,33.0,0.4412962962962963,NA,NA,13,0,17
Gson,10,50%,FAST,0.36666666666666664,33.0,0.0,NA,NA,30,0,0
Gson,10,50%,Ekstazi+dpt,0.36666666666666664,33.0,0.7718518518518519,21.033333333333335,0.23370370370370372,0,1,30
Gson,10,50%,DPT,0.36666666666666664,33.0,0.7714814814814817,21.066666666666666,0.2340740740740741,0,1,30
Gson,10,50%,STARTS,0.36666666666666664,33.0,0.40388888888888885,NA,NA,15,0,15
Gson,10,50%,STARTS+FAST-S,0.36666666666666664,33.0,0.03314814814814815,NA,NA,29,0,1
Gson,10,50%,STARTS+FAST-P,0.36666666666666664,33.0,0.0,NA,NA,30,0,0
Gson,10,50%,STARTS+DPT,0.36666666666666664,33.0,0.7711111111111112,21.1,0.23444444444444448,0,1,30
Gson,10,50%,Fastazi-S,0.36666666666666664,33.0,0.0,NA,NA,30,0,0
Gson,10,50%,Fastazi-P,0.36666666666666664,33.0,0.0,NA,NA,30,0,0
Gson,10,50%,Random,0.36666666666666664,33.0,0.2125925925925926,NA,NA,22,0,8
Gson,10,60%,Ekstazi,0.4333333333333335,39.0,0.5205555555555555,NA,NA,9,0,21
Gson,10,60%,FAST,0.4333333333333335,39.0,0.0,NA,NA,30,0,0
Gson,10,60%,Ekstazi+dpt,0.4333333333333335,39.0,0.7718518518518519,21.033333333333335,0.23370370370370372,0,1,30
Gson,10,60%,DPT,0.4333333333333335,39.0,0.7714814814814817,21.066666666666666,0.2340740740740741,0,1,30
Gson,10,60%,STARTS,0.4333333333333335,39.0,0.40388888888888885,NA,NA,15,0,15
Gson,10,60%,STARTS+FAST-S,0.4333333333333335,39.0,0.03314814814814815,NA,NA,29,0,1
Gson,10,60%,STARTS+FAST-P,0.4333333333333335,39.0,0.0,NA,NA,30,0,0
Gson,10,60%,STARTS+DPT,0.4333333333333335,39.0,0.7711111111111112,21.1,0.23444444444444448,0,1,30
Gson,10,60%,Fastazi-S,0.4333333333333335,39.0,0.0,NA,NA,30,0,0
Gson,10,60%,Fastazi-P,0.4333333333333335,39.0,0.0,NA,NA,30,0,0
Gson,10,60%,Random,0.4333333333333335,39.0,0.2742592592592592,NA,NA,19,0,11
Gson,10,70%,Ekstazi,0.5111111111111111,46.0,0.5381481481481482,NA,NA,8,0,22
Gson,10,70%,FAST,0.5111111111111111,46.0,0.0,NA,NA,30,0,0
Gson,10,70%,Ekstazi+dpt,0.5111111111111111,46.0,0.7718518518518519,21.033333333333335,0.23370370370370372,0,1,30
Gson,10,70%,DPT,0.5111111111111111,46.0,0.7714814814814817,21.066666666666666,0.2340740740740741,0,1,30
Gson,10,70%,STARTS,0.5111111111111111,46.0,0.45629629629629626,NA,NA,12,0,18
Gson,10,70%,STARTS+FAST-S,0.5111111111111111,46.0,0.5270370370370369,43.06666666666667,0.4785185185185185,0,1,30
Gson,10,70%,STARTS+FAST-P,0.5111111111111111,46.0,0.4996296296296297,45.53333333333333,0.5059259259259259,0,1,30
Gson,10,70%,STARTS+DPT,0.5111111111111111,46.0,0.7711111111111112,21.1,0.23444444444444448,0,1,30
Gson,10,70%,Fastazi-S,0.5111111111111111,46.0,0.0,NA,NA,30,0,0
Gson,10,70%,Fastazi-P,0.5111111111111111,46.0,0.0,NA,NA,30,0,0
Gson,10,70%,Random,0.5111111111111111,46.0,0.2742592592592592,NA,NA,19,0,11
Gson,10,75%,Ekstazi,0.5444444444444444,49.0,0.5535185185185186,NA,NA,7,0,23
Gson,10,75%,FAST,0.5444444444444444,49.0,0.0,NA,NA,30,0,0
Gson,10,75%,Ekstazi+dpt,0.5444444444444444,49.0,0.7718518518518519,21.033333333333335,0.23370370370370372,0,1,30
Gson,10,75%,DPT,0.5444444444444444,49.0,0.7714814814814817,21.066666666666666,0.2340740740740741,0,1,30
Gson,10,75%,STARTS,0.5444444444444444,49.0,0.45629629629629626,NA,NA,12,0,18
Gson,10,75%,STARTS+FAST-S,0.5444444444444444,49.0,0.5270370370370369,43.06666666666667,0.4785185185185185,0,1,30
Gson,10,75%,STARTS+FAST-P,0.5444444444444444,49.0,0.4996296296296297,45.53333333333333,0.5059259259259259,0,1,30
Gson,10,75%,STARTS+DPT,0.5444444444444444,49.0,0.7711111111111112,21.1,0.23444444444444448,0,1,30
Gson,10,75%,Fastazi-S,0.5444444444444444,49.0,0.0,NA,NA,30,0,0
Gson,10,75%,Fastazi-P,0.5444444444444444,49.0,0.0,NA,NA,30,0,0
Gson,10,75%,Random,0.5444444444444444,49.0,0.32185185185185183,NA,NA,16,0,14
Gson,10,80%,Ekstazi,0.5777777777777777,52.0,0.5977777777777777,NA,NA,4,0,26
Gson,10,80%,FAST,0.5777777777777777,52.0,0.0,NA,NA,30,0,0
Gson,10,80%,Ekstazi+dpt,0.5777777777777777,52.0,0.7718518518518519,21.033333333333335,0.23370370370370372,0,1,30
Gson,10,80%,DPT,0.5777777777777777,52.0,0.7714814814814817,21.066666666666666,0.2340740740740741,0,1,30
Gson,10,80%,STARTS,0.5777777777777777,52.0,0.47129629629629627,NA,NA,11,0,19
Gson,10,80%,STARTS+FAST-S,0.5777777777777777,52.0,0.5270370370370369,43.06666666666667,0.4785185185185185,0,1,30
Gson,10,80%,STARTS+FAST-P,0.5777777777777777,52.0,0.4996296296296297,45.53333333333333,0.5059259259259259,0,1,30
Gson,10,80%,STARTS+DPT,0.5777777777777777,52.0,0.7711111111111112,21.1,0.23444444444444448,0,1,30
Gson,10,80%,Fastazi-S,0.5777777777777777,52.0,0.0,NA,NA,30,0,0
Gson,10,80%,Fastazi-P,0.5777777777777777,52.0,0.0,NA,NA,30,0,0
Gson,10,80%,Random,0.5777777777777777,52.0,0.32185185185185183,NA,NA,16,0,14
Gson,10,90%,Ekstazi,0.6555555555555553,59.0,0.5977777777777777,NA,NA,4,0,26
Gson,10,90%,FAST,0.6555555555555553,59.0,0.0,NA,NA,30,0,0
Gson,10,90%,Ekstazi+dpt,0.6555555555555553,59.0,0.7718518518518519,21.033333333333335,0.23370370370370372,0,1,30
Gson,10,90%,DPT,0.6555555555555553,59.0,0.7714814814814817,21.066666666666666,0.2340740740740741,0,1,30
Gson,10,90%,STARTS,0.6555555555555553,59.0,0.4829629629629629,NA,NA,10,0,20
Gson,10,90%,STARTS+FAST-S,0.6555555555555553,59.0,0.5270370370370369,43.06666666666667,0.4785185185185185,0,1,30
Gson,10,90%,STARTS+FAST-P,0.6555555555555553,59.0,0.4996296296296297,45.53333333333333,0.5059259259259259,0,1,30
Gson,10,90%,STARTS+DPT,0.6555555555555553,59.0,0.7711111111111112,21.1,0.23444444444444448,0,1,30
Gson,10,90%,Fastazi-S,0.6555555555555553,59.0,0.35999999999999976,58.1,0.6455555555555557,0,1,30
Gson,10,90%,Fastazi-P,0.6555555555555553,59.0,0.3603703703703702,58.06666666666667,0.6451851851851853,0,1,30
Gson,10,90%,Random,0.6555555555555553,59.0,0.3722222222222222,NA,NA,12,0,18
Gson,10,100%,Ekstazi,0.7333333333333333,66.0,0.6392592592592591,32.96666666666667,0.3662962962962963,0,1,30
Gson,10,100%,FAST,0.7333333333333333,66.0,0.0,NA,NA,30,0,0
Gson,10,100%,Ekstazi+dpt,0.7333333333333333,66.0,0.7718518518518519,21.033333333333335,0.23370370370370372,0,1,30
Gson,10,100%,DPT,0.7333333333333333,66.0,0.7714814814814817,21.066666666666666,0.2340740740740741,0,1,30
Gson,10,100%,STARTS,0.7333333333333333,66.0,0.504074074074074,NA,NA,8,0,22
Gson,10,100%,STARTS+FAST-S,0.7333333333333333,66.0,0.5270370370370369,43.06666666666667,0.4785185185185185,0,1,30
Gson,10,100%,STARTS+FAST-P,0.7333333333333333,66.0,0.4996296296296297,45.53333333333333,0.5059259259259259,0,1,30
Gson,10,100%,STARTS+DPT,0.7333333333333333,66.0,0.7711111111111112,21.1,0.23444444444444448,0,1,30
Gson,10,100%,Fastazi-S,0.7333333333333333,66.0,0.35999999999999976,58.1,0.6455555555555557,0,1,30
Gson,10,100%,Fastazi-P,0.7333333333333333,66.0,0.3603703703703702,58.06666666666667,0.6451851851851853,0,1,30
Gson,10,100%,Random,0.7333333333333333,66.0,0.3831481481481481,NA,NA,11,0,19
Gson,11,10%,Ekstazi,0.07692307692307691,7.0,0.03315018315018315,NA,NA,29,0,1
Gson,11,10%,FAST,0.07692307692307691,7.0,0.0,NA,NA,30,0,0
Gson,11,10%,Ekstazi+dpt,0.07692307692307691,7.0,0.0,NA,NA,30,0,0
Gson,11,10%,DPT,0.07692307692307691,7.0,0.0,NA,NA,30,0,0
Gson,11,10%,STARTS,0.07692307692307691,7.0,0.0663003663003663,NA,NA,28,0,2
Gson,11,10%,STARTS+FAST-S,0.07692307692307691,7.0,0.0,NA,NA,30,0,0
Gson,11,10%,STARTS+FAST-P,0.07692307692307691,7.0,0.0,NA,NA,30,0,0
Gson,11,10%,STARTS+DPT,0.07692307692307691,7.0,0.0,NA,NA,30,0,0
Gson,11,10%,Fastazi-S,0.07692307692307691,7.0,0.0,NA,NA,30,0,0
Gson,11,10%,Fastazi-P,0.07692307692307691,7.0,0.0,NA,NA,30,0,0
Gson,11,10%,Random,0.07692307692307691,7.0,0.030952380952380953,NA,NA,29,0,1
Gson,11,20%,Ekstazi,0.16483516483516483,15.0,0.21043956043956047,NA,NA,23,0,7
Gson,11,20%,FAST,0.16483516483516483,15.0,0.0,NA,NA,30,0,0
Gson,11,20%,Ekstazi+dpt,0.16483516483516483,15.0,0.0,NA,NA,30,0,0
Gson,11,20%,DPT,0.16483516483516483,15.0,0.0,NA,NA,30,0,0
Gson,11,20%,STARTS,0.16483516483516483,15.0,0.21336996336996336,NA,NA,23,0,7
Gson,11,20%,STARTS+FAST-S,0.16483516483516483,15.0,0.0,NA,NA,30,0,0
Gson,11,20%,STARTS+FAST-P,0.16483516483516483,15.0,0.0,NA,NA,30,0,0
Gson,11,20%,STARTS+DPT,0.16483516483516483,15.0,0.0,NA,NA,30,0,0
Gson,11,20%,Fastazi-S,0.16483516483516483,15.0,0.0,NA,NA,30,0,0
Gson,11,20%,Fastazi-P,0.16483516483516483,15.0,0.0,NA,NA,30,0,0
Gson,11,20%,Random,0.16483516483516483,15.0,0.14963369963369963,NA,NA,25,0,5
Gson,11,25%,Ekstazi,0.20879120879120888,19.0,0.2915750915750916,NA,NA,20,0,10
Gson,11,25%,FAST,0.20879120879120888,19.0,0.0,NA,NA,30,0,0
Gson,11,25%,Ekstazi+dpt,0.20879120879120888,19.0,0.0,NA,NA,30,0,0
Gson,11,25%,DPT,0.20879120879120888,19.0,0.0,NA,NA,30,0,0
Gson,11,25%,STARTS,0.20879120879120888,19.0,0.267948717948718,NA,NA,21,0,9
Gson,11,25%,STARTS+FAST-S,0.20879120879120888,19.0,0.0,NA,NA,30,0,0
Gson,11,25%,STARTS+FAST-P,0.20879120879120888,19.0,0.0,NA,NA,30,0,0
Gson,11,25%,STARTS+DPT,0.20879120879120888,19.0,0.0,NA,NA,30,0,0
Gson,11,25%,Fastazi-S,0.20879120879120888,19.0,0.0,NA,NA,30,0,0
Gson,11,25%,Fastazi-P,0.20879120879120888,19.0,0.0,NA,NA,30,0,0
Gson,11,25%,Random,0.20879120879120888,19.0,0.14963369963369963,NA,NA,25,0,5
Gson,11,30%,Ekstazi,0.25274725274725274,23.0,0.3428571428571429,NA,NA,18,0,12
Gson,11,30%,FAST,0.25274725274725274,23.0,0.0,NA,NA,30,0,0
Gson,11,30%,Ekstazi+dpt,0.25274725274725274,23.0,0.0,NA,NA,30,0,0
Gson,11,30%,DPT,0.25274725274725274,23.0,0.0,NA,NA,30,0,0
Gson,11,30%,STARTS,0.25274725274725274,23.0,0.29413919413919415,NA,NA,20,0,10
Gson,11,30%,STARTS+FAST-S,0.25274725274725274,23.0,0.0,NA,NA,30,0,0
Gson,11,30%,STARTS+FAST-P,0.25274725274725274,23.0,0.0,NA,NA,30,0,0
Gson,11,30%,STARTS+DPT,0.25274725274725274,23.0,0.0,NA,NA,30,0,0
Gson,11,30%,Fastazi-S,0.25274725274725274,23.0,0.0,NA,NA,30,0,0
Gson,11,30%,Fastazi-P,0.25274725274725274,23.0,0.0,NA,NA,30,0,0
Gson,11,30%,Random,0.25274725274725274,23.0,0.14963369963369963,NA,NA,25,0,5
Gson,11,40%,Ekstazi,0.34065934065934067,31.0,0.48278388278388273,NA,NA,12,0,18
Gson,11,40%,FAST,0.34065934065934067,31.0,0.0,NA,NA,30,0,0
Gson,11,40%,Ekstazi+dpt,0.34065934065934067,31.0,0.7417582417582412,24.0,0.26373626373626374,0,1,30
Gson,11,40%,DPT,0.34065934065934067,31.0,0.7417582417582412,24.0,0.26373626373626374,0,1,30
Gson,11,40%,STARTS,0.34065934065934067,31.0,0.3653846153846155,NA,NA,17,0,13
Gson,11,40%,STARTS+FAST-S,0.34065934065934067,31.0,0.0,NA,NA,30,0,0
Gson,11,40%,STARTS+FAST-P,0.34065934065934067,31.0,0.0,NA,NA,30,0,0
Gson,11,40%,STARTS+DPT,0.34065934065934067,31.0,0.7417582417582412,24.0,0.26373626373626374,0,1,30
Gson,11,40%,Fastazi-S,0.34065934065934067,31.0,0.0,NA,NA,30,0,0
Gson,11,40%,Fastazi-P,0.34065934065934067,31.0,0.0,NA,NA,30,0,0
Gson,11,40%,Random,0.34065934065934067,31.0,0.2194139194139194,NA,NA,22,0,8
Gson,11,50%,Ekstazi,0.4285714285714287,39.0,0.5445054945054945,NA,NA,9,0,21
Gson,11,50%,FAST,0.4285714285714287,39.0,0.0,NA,NA,30,0,0
Gson,11,50%,Ekstazi+dpt,0.4285714285714287,39.0,0.7417582417582412,24.0,0.26373626373626374,0,1,30
Gson,11,50%,DPT,0.4285714285714287,39.0,0.7417582417582412,24.0,0.26373626373626374,0,1,30
Gson,11,50%,STARTS,0.4285714285714287,39.0,0.3653846153846155,NA,NA,17,0,13
Gson,11,50%,STARTS+FAST-S,0.4285714285714287,39.0,0.0,NA,NA,30,0,0
Gson,11,50%,STARTS+FAST-P,0.4285714285714287,39.0,0.0,NA,NA,30,0,0
Gson,11,50%,STARTS+DPT,0.4285714285714287,39.0,0.7417582417582412,24.0,0.26373626373626374,0,1,30
Gson,11,50%,Fastazi-S,0.4285714285714287,39.0,0.0,NA,NA,30,0,0
Gson,11,50%,Fastazi-P,0.4285714285714287,39.0,0.0,NA,NA,30,0,0
Gson,11,50%,Random,0.4285714285714287,39.0,0.2194139194139194,NA,NA,22,0,8
Gson,11,60%,Ekstazi,0.5164835164835165,47.0,0.6159340659340659,NA,NA,5,0,25
Gson,11,60%,FAST,0.5164835164835165,47.0,0.0,NA,NA,30,0,0
Gson,11,60%,Ekstazi+dpt,0.5164835164835165,47.0,0.7417582417582412,24.0,0.26373626373626374,0,1,30
Gson,11,60%,DPT,0.5164835164835165,47.0,0.7417582417582412,24.0,0.26373626373626374,0,1,30
Gson,11,60%,STARTS,0.5164835164835165,47.0,0.4005494505494506,NA,NA,15,0,15
Gson,11,60%,STARTS+FAST-S,0.5164835164835165,47.0,0.0,NA,NA,30,0,0
Gson,11,60%,STARTS+FAST-P,0.5164835164835165,47.0,0.0,NA,NA,30,0,0
Gson,11,60%,STARTS+DPT,0.5164835164835165,47.0,0.7417582417582412,24.0,0.26373626373626374,0,1,30
Gson,11,60%,Fastazi-S,0.5164835164835165,47.0,0.0,NA,NA,30,0,0
Gson,11,60%,Fastazi-P,0.5164835164835165,47.0,0.0,NA,NA,30,0,0
Gson,11,60%,Random,0.5164835164835165,47.0,0.23608058608058607,NA,NA,21,0,9
Gson,11,70%,Ekstazi,0.6043956043956044,55.0,0.6159340659340659,NA,NA,5,0,25
Gson,11,70%,FAST,0.6043956043956044,55.0,0.0,NA,NA,30,0,0
Gson,11,70%,Ekstazi+dpt,0.6043956043956044,55.0,0.7417582417582412,24.0,0.26373626373626374,0,1,30
Gson,11,70%,DPT,0.6043956043956044,55.0,0.7417582417582412,24.0,0.26373626373626374,0,1,30
Gson,11,70%,STARTS,0.6043956043956044,55.0,0.4150183150183151,NA,NA,14,0,16
Gson,11,70%,STARTS+FAST-S,0.6043956043956044,55.0,0.0,NA,NA,30,0,0
Gson,11,70%,STARTS+FAST-P,0.6043956043956044,55.0,0.0,NA,NA,30,0,0
Gson,11,70%,STARTS+DPT,0.6043956043956044,55.0,0.7417582417582412,24.0,0.26373626373626374,0,1,30
Gson,11,70%,Fastazi-S,0.6043956043956044,55.0,0.0,NA,NA,30,0,0
Gson,11,70%,Fastazi-P,0.6043956043956044,55.0,0.0,NA,NA,30,0,0
Gson,11,70%,Random,0.6043956043956044,55.0,0.2820512820512821,NA,NA,18,0,12
Gson,11,75%,Ekstazi,0.6483516483516484,59.0,0.6159340659340659,NA,NA,5,0,25
Gson,11,75%,FAST,0.6483516483516484,59.0,0.0,NA,NA,30,0,0
Gson,11,75%,Ekstazi+dpt,0.6483516483516484,59.0,0.7417582417582412,24.0,0.26373626373626374,0,1,30
Gson,11,75%,DPT,0.6483516483516484,59.0,0.7417582417582412,24.0,0.26373626373626374,0,1,30
Gson,11,75%,STARTS,0.6483516483516484,59.0,0.4150183150183151,NA,NA,14,0,16
Gson,11,75%,STARTS+FAST-S,0.6483516483516484,59.0,0.0,NA,NA,30,0,0
Gson,11,75%,STARTS+FAST-P,0.6483516483516484,59.0,0.0,NA,NA,30,0,0
Gson,11,75%,STARTS+DPT,0.6483516483516484,59.0,0.7417582417582412,24.0,0.26373626373626374,0,1,30
Gson,11,75%,Fastazi-S,0.6483516483516484,59.0,0.0,NA,NA,30,0,0
Gson,11,75%,Fastazi-P,0.6483516483516484,59.0,0.0,NA,NA,30,0,0
Gson,11,75%,Random,0.6483516483516484,59.0,0.31849816849816853,NA,NA,15,0,15
Gson,11,80%,Ekstazi,0.6923076923076923,63.0,0.6159340659340659,NA,NA,5,0,25
Gson,11,80%,FAST,0.6923076923076923,63.0,0.0,NA,NA,30,0,0
Gson,11,80%,Ekstazi+dpt,0.6923076923076923,63.0,0.7417582417582412,24.0,0.26373626373626374,0,1,30
Gson,11,80%,DPT,0.6923076923076923,63.0,0.7417582417582412,24.0,0.26373626373626374,0,1,30
Gson,11,80%,STARTS,0.6923076923076923,63.0,0.4150183150183151,NA,NA,14,0,16
Gson,11,80%,STARTS+FAST-S,0.6923076923076923,63.0,0.0,NA,NA,30,0,0
Gson,11,80%,STARTS+FAST-P,0.6923076923076923,63.0,0.0,NA,NA,30,0,0
Gson,11,80%,STARTS+DPT,0.6923076923076923,63.0,0.7417582417582412,24.0,0.26373626373626374,0,1,30
Gson,11,80%,Fastazi-S,0.6923076923076923,63.0,0.0,NA,NA,30,0,0
Gson,11,80%,Fastazi-P,0.6923076923076923,63.0,0.0,NA,NA,30,0,0
Gson,11,80%,Random,0.6923076923076923,63.0,0.3635531135531137,NA,NA,11,0,19
Gson,11,90%,Ekstazi,0.7802197802197807,71.0,0.6489010989010988,NA,NA,1,0,29
Gson,11,90%,FAST,0.7802197802197807,71.0,0.0,NA,NA,30,0,0
Gson,11,90%,Ekstazi+dpt,0.7802197802197807,71.0,0.7417582417582412,24.0,0.26373626373626374,0,1,30
Gson,11,90%,DPT,0.7802197802197807,71.0,0.7417582417582412,24.0,0.26373626373626374,0,1,30
Gson,11,90%,STARTS,0.7802197802197807,71.0,0.49542124542124555,NA,NA,5,0,25
Gson,11,90%,STARTS+FAST-S,0.7802197802197807,71.0,0.0,NA,NA,30,0,0
Gson,11,90%,STARTS+FAST-P,0.7802197802197807,71.0,0.0,NA,NA,30,0,0
Gson,11,90%,STARTS+DPT,0.7802197802197807,71.0,0.7417582417582412,24.0,0.26373626373626374,0,1,30
Gson,11,90%,Fastazi-S,0.7802197802197807,71.0,0.26849816849816843,67.06666666666666,0.7369963369963376,0,1,30
Gson,11,90%,Fastazi-P,0.7802197802197807,71.0,0.278021978021978,66.2,0.7274725274725274,0,1,30
Gson,11,90%,Random,0.7802197802197807,71.0,0.3725274725274727,NA,NA,10,0,20
Gson,11,100%,Ekstazi,0.8681318681318685,79.0,0.6534798534798534,32.03333333333333,0.35201465201465215,0,1,30
Gson,11,100%,FAST,0.8681318681318685,79.0,0.14688644688644692,78.13333333333334,0.8586080586080589,0,1,30
Gson,11,100%,Ekstazi+dpt,0.8681318681318685,79.0,0.7417582417582412,24.0,0.26373626373626374,0,1,30
Gson,11,100%,DPT,0.8681318681318685,79.0,0.7417582417582412,24.0,0.26373626373626374,0,1,30
Gson,11,100%,STARTS,0.8681318681318685,79.0,0.5161172161172163,NA,NA,2,0,28
Gson,11,100%,STARTS+FAST-S,0.8681318681318685,79.0,0.0,NA,NA,30,0,0
Gson,11,100%,STARTS+FAST-P,0.8681318681318685,79.0,0.1236263736263736,NA,NA,3,0,27
Gson,11,100%,STARTS+DPT,0.8681318681318685,79.0,0.7417582417582412,24.0,0.26373626373626374,0,1,30
Gson,11,100%,Fastazi-S,0.8681318681318685,79.0,0.26849816849816843,67.06666666666666,0.7369963369963376,0,1,30
Gson,11,100%,Fastazi-P,0.8681318681318685,79.0,0.278021978021978,66.2,0.7274725274725274,0,1,30
Gson,11,100%,Random,0.8681318681318685,79.0,0.38241758241758245,NA,NA,8,0,22
Gson,12,10%,Ekstazi,0.07608695652173919,7.0,0.03242753623188406,NA,NA,29,0,1
Gson,12,10%,FAST,0.07608695652173919,7.0,0.0,NA,NA,30,0,0
Gson,12,10%,Ekstazi+dpt,0.07608695652173919,7.0,0.0,NA,NA,30,0,0
Gson,12,10%,DPT,0.07608695652173919,7.0,0.0,NA,NA,30,0,0
Gson,12,10%,STARTS,0.07608695652173919,7.0,0.06449275362318842,NA,NA,28,0,2
Gson,12,10%,STARTS+FAST-S,0.07608695652173919,7.0,0.0,NA,NA,30,0,0
Gson,12,10%,STARTS+FAST-P,0.07608695652173919,7.0,0.0,NA,NA,30,0,0
Gson,12,10%,STARTS+DPT,0.07608695652173919,7.0,0.0,NA,NA,30,0,0
Gson,12,10%,Fastazi-S,0.07608695652173919,7.0,0.0,NA,NA,30,0,0
Gson,12,10%,Fastazi-P,0.07608695652173919,7.0,0.0,NA,NA,30,0,0
Gson,12,10%,Random,0.07608695652173919,7.0,0.06376811594202898,NA,NA,28,0,2
Gson,12,20%,Ekstazi,0.16304347826086954,15.0,0.12065217391304349,NA,NA,26,0,4
Gson,12,20%,FAST,0.16304347826086954,15.0,0.0,NA,NA,30,0,0
Gson,12,20%,Ekstazi+dpt,0.16304347826086954,15.0,0.0,NA,NA,30,0,0
Gson,12,20%,DPT,0.16304347826086954,15.0,0.0,NA,NA,30,0,0
Gson,12,20%,STARTS,0.16304347826086954,15.0,0.2081521739130435,NA,NA,23,0,7
Gson,12,20%,STARTS+FAST-S,0.16304347826086954,15.0,0.0,NA,NA,30,0,0
Gson,12,20%,STARTS+FAST-P,0.16304347826086954,15.0,0.0,NA,NA,30,0,0
Gson,12,20%,STARTS+DPT,0.16304347826086954,15.0,0.0,NA,NA,30,0,0
Gson,12,20%,Fastazi-S,0.16304347826086954,15.0,0.0,NA,NA,30,0,0
Gson,12,20%,Fastazi-P,0.16304347826086954,15.0,0.0,NA,NA,30,0,0
Gson,12,20%,Random,0.16304347826086954,15.0,0.15090579710144927,NA,NA,25,0,5
Gson,12,25%,Ekstazi,0.20652173913043465,19.0,0.17500000000000002,NA,NA,24,0,6
Gson,12,25%,FAST,0.20652173913043465,19.0,0.0,NA,NA,30,0,0
Gson,12,25%,Ekstazi+dpt,0.20652173913043465,19.0,0.0,NA,NA,30,0,0
Gson,12,25%,DPT,0.20652173913043465,19.0,0.0,NA,NA,30,0,0
Gson,12,25%,STARTS,0.20652173913043465,19.0,0.2898550724637681,NA,NA,20,0,10
Gson,12,25%,STARTS+FAST-S,0.20652173913043465,19.0,0.0,NA,NA,30,0,0
Gson,12,25%,STARTS+FAST-P,0.20652173913043465,19.0,0.0,NA,NA,30,0,0
Gson,12,25%,STARTS+DPT,0.20652173913043465,19.0,0.0,NA,NA,30,0,0
Gson,12,25%,Fastazi-S,0.20652173913043465,19.0,0.0,NA,NA,30,0,0
Gson,12,25%,Fastazi-P,0.20652173913043465,19.0,0.0,NA,NA,30,0,0
Gson,12,25%,Random,0.20652173913043465,19.0,0.2052536231884058,NA,NA,23,0,7
Gson,12,30%,Ekstazi,0.25,23.0,0.2782608695652174,NA,NA,20,0,10
Gson,12,30%,FAST,0.25,23.0,0.0,NA,NA,30,0,0
Gson,12,30%,Ekstazi+dpt,0.25,23.0,0.0,NA,NA,30,0,0
Gson,12,30%,DPT,0.25,23.0,0.0,NA,NA,30,0,0
Gson,12,30%,STARTS,0.25,23.0,0.3416666666666667,NA,NA,18,0,12
Gson,12,30%,STARTS+FAST-S,0.25,23.0,0.0,NA,NA,30,0,0
Gson,12,30%,STARTS+FAST-P,0.25,23.0,0.0,NA,NA,30,0,0
Gson,12,30%,STARTS+DPT,0.25,23.0,0.0,NA,NA,30,0,0
Gson,12,30%,Fastazi-S,0.25,23.0,0.0,NA,NA,30,0,0
Gson,12,30%,Fastazi-P,0.25,23.0,0.0,NA,NA,30,0,0
Gson,12,30%,Random,0.25,23.0,0.2052536231884058,NA,NA,23,0,7
Gson,12,40%,Ekstazi,0.3260869565217391,30.0,0.32681159420289857,NA,NA,18,0,12
Gson,12,40%,FAST,0.3260869565217391,30.0,0.0,NA,NA,30,0,0
Gson,12,40%,Ekstazi+dpt,0.3260869565217391,30.0,0.0,NA,NA,30,0,0
Gson,12,40%,DPT,0.3260869565217391,30.0,0.0,NA,NA,30,0,0
Gson,12,40%,STARTS,0.3260869565217391,30.0,0.3643115942028985,NA,NA,17,0,13
Gson,12,40%,STARTS+FAST-S,0.3260869565217391,30.0,0.0,NA,NA,30,0,0
Gson,12,40%,STARTS+FAST-P,0.3260869565217391,30.0,0.0,NA,NA,30,0,0
Gson,12,40%,STARTS+DPT,0.3260869565217391,30.0,0.0,NA,NA,30,0,0
Gson,12,40%,Fastazi-S,0.3260869565217391,30.0,0.0,NA,NA,30,0,0
Gson,12,40%,Fastazi-P,0.3260869565217391,30.0,0.0,NA,NA,30,0,0
Gson,12,40%,Random,0.3260869565217391,30.0,0.3231884057971015,NA,NA,18,0,12
Gson,12,50%,Ekstazi,0.4130434782608693,38.0,0.36884057971014494,NA,NA,16,0,14
Gson,12,50%,FAST,0.4130434782608693,38.0,0.0,NA,NA,30,0,0
Gson,12,50%,Ekstazi+dpt,0.4130434782608693,38.0,0.0,NA,NA,30,0,0
Gson,12,50%,DPT,0.4130434782608693,38.0,0.0,NA,NA,30,0,0
Gson,12,50%,STARTS,0.4130434782608693,38.0,0.38586956521739135,NA,NA,16,0,14
Gson,12,50%,STARTS+FAST-S,0.4130434782608693,38.0,0.0,NA,NA,30,0,0
Gson,12,50%,STARTS+FAST-P,0.4130434782608693,38.0,0.0,NA,NA,30,0,0
Gson,12,50%,STARTS+DPT,0.4130434782608693,38.0,0.0,NA,NA,30,0,0
Gson,12,50%,Fastazi-S,0.4130434782608693,38.0,0.0,NA,NA,30,0,0
Gson,12,50%,Fastazi-P,0.4130434782608693,38.0,0.0,NA,NA,30,0,0
Gson,12,50%,Random,0.4130434782608693,38.0,0.38750000000000007,NA,NA,15,0,15
Gson,12,60%,Ekstazi,0.5,46.0,0.4230072463768116,NA,NA,13,0,17
Gson,12,60%,FAST,0.5,46.0,0.0,NA,NA,30,0,0
Gson,12,60%,Ekstazi+dpt,0.5,46.0,0.0,NA,NA,30,0,0
Gson,12,60%,DPT,0.5,46.0,0.0,NA,NA,30,0,0
Gson,12,60%,STARTS,0.5,46.0,0.42210144927536236,NA,NA,14,0,16
Gson,12,60%,STARTS+FAST-S,0.5,46.0,0.0,NA,NA,30,0,0
Gson,12,60%,STARTS+FAST-P,0.5,46.0,0.0,NA,NA,30,0,0
Gson,12,60%,STARTS+DPT,0.5,46.0,0.0,NA,NA,30,0,0
Gson,12,60%,Fastazi-S,0.5,46.0,0.0,NA,NA,30,0,0
Gson,12,60%,Fastazi-P,0.5,46.0,0.0,NA,NA,30,0,0
Gson,12,60%,Random,0.5,46.0,0.40507246376811595,NA,NA,14,0,16
Gson,12,70%,Ekstazi,0.5760869565217387,53.0,0.5036231884057972,NA,NA,8,0,22
Gson,12,70%,FAST,0.5760869565217387,53.0,0.0,NA,NA,30,0,0
Gson,12,70%,Ekstazi+dpt,0.5760869565217387,53.0,0.0,NA,NA,30,0,0
Gson,12,70%,DPT,0.5760869565217387,53.0,0.0,NA,NA,30,0,0
Gson,12,70%,STARTS,0.5760869565217387,53.0,0.45362318840579713,NA,NA,12,0,18
Gson,12,70%,STARTS+FAST-S,0.5760869565217387,53.0,0.44637681159420267,51.43333333333333,0.5590579710144928,0,1,30
Gson,12,70%,STARTS+FAST-P,0.5760869565217387,53.0,0.43768115942028984,52.233333333333334,0.5677536231884056,0,1,30
Gson,12,70%,STARTS+DPT,0.5760869565217387,53.0,0.0,NA,NA,30,0,0
Gson,12,70%,Fastazi-S,0.5760869565217387,53.0,0.48007246376811613,48.333333333333336,0.5253623188405798,0,1,30
Gson,12,70%,Fastazi-P,0.5760869565217387,53.0,0.4822463768115944,48.13333333333333,0.5231884057971016,0,1,30
Gson,12,70%,Random,0.5760869565217387,53.0,0.4677536231884058,NA,NA,10,0,20
Gson,12,75%,Ekstazi,0.6195652173913045,57.0,0.5307971014492755,NA,NA,6,0,24
Gson,12,75%,FAST,0.6195652173913045,57.0,0.0,NA,NA,30,0,0
Gson,12,75%,Ekstazi+dpt,0.6195652173913045,57.0,0.0,NA,NA,30,0,0
Gson,12,75%,DPT,0.6195652173913045,57.0,0.0,NA,NA,30,0,0
Gson,12,75%,STARTS,0.6195652173913045,57.0,0.45362318840579713,NA,NA,12,0,18
Gson,12,75%,STARTS+FAST-S,0.6195652173913045,57.0,0.44637681159420267,51.43333333333333,0.5590579710144928,0,1,30
Gson,12,75%,STARTS+FAST-P,0.6195652173913045,57.0,0.43768115942028984,52.233333333333334,0.5677536231884056,0,1,30
Gson,12,75%,STARTS+DPT,0.6195652173913045,57.0,0.0,NA,NA,30,0,0
Gson,12,75%,Fastazi-S,0.6195652173913045,57.0,0.48007246376811613,48.333333333333336,0.5253623188405798,0,1,30
Gson,12,75%,Fastazi-P,0.6195652173913045,57.0,0.4822463768115944,48.13333333333333,0.5231884057971016,0,1,30
Gson,12,75%,Random,0.6195652173913045,57.0,0.4677536231884058,NA,NA,10,0,20
Gson,12,80%,Ekstazi,0.6630434782608696,61.0,0.5668478260869566,NA,NA,3,0,27
Gson,12,80%,FAST,0.6630434782608696,61.0,0.35217391304347817,60.1,0.6532608695652172,0,1,30
Gson,12,80%,Ekstazi+dpt,0.6630434782608696,61.0,0.0,NA,NA,30,0,0
Gson,12,80%,DPT,0.6630434782608696,61.0,0.0,NA,NA,30,0,0
Gson,12,80%,STARTS,0.6630434782608696,61.0,0.46576086956521745,NA,NA,11,0,19
Gson,12,80%,STARTS+FAST-S,0.6630434782608696,61.0,0.44637681159420267,51.43333333333333,0.5590579710144928,0,1,30
Gson,12,80%,STARTS+FAST-P,0.6630434782608696,61.0,0.43768115942028984,52.233333333333334,0.5677536231884056,0,1,30
Gson,12,80%,STARTS+DPT,0.6630434782608696,61.0,0.0,NA,NA,30,0,0
Gson,12,80%,Fastazi-S,0.6630434782608696,61.0,0.48007246376811613,48.333333333333336,0.5253623188405798,0,1,30
Gson,12,80%,Fastazi-P,0.6630434782608696,61.0,0.4822463768115944,48.13333333333333,0.5231884057971016,0,1,30
Gson,12,80%,Random,0.6630434782608696,61.0,0.4802536231884058,NA,NA,9,0,21
Gson,12,90%,Ekstazi,0.75,69.0,0.5856884057971016,NA,NA,1,0,29
Gson,12,90%,FAST,0.75,69.0,0.35217391304347817,60.1,0.6532608695652172,0,1,30
Gson,12,90%,Ekstazi+dpt,0.75,69.0,0.0,NA,NA,30,0,0
Gson,12,90%,DPT,0.75,69.0,0.0,NA,NA,30,0,0
Gson,12,90%,STARTS,0.75,69.0,0.5034420289855074,NA,NA,7,0,23
Gson,12,90%,STARTS+FAST-S,0.75,69.0,0.44637681159420267,51.43333333333333,0.5590579710144928,0,1,30
Gson,12,90%,STARTS+FAST-P,0.75,69.0,0.43768115942028984,52.233333333333334,0.5677536231884056,0,1,30
Gson,12,90%,STARTS+DPT,0.75,69.0,0.0,NA,NA,30,0,0
Gson,12,90%,Fastazi-S,0.75,69.0,0.48007246376811613,48.333333333333336,0.5253623188405798,0,1,30
Gson,12,90%,Fastazi-P,0.75,69.0,0.4822463768115944,48.13333333333333,0.5231884057971016,0,1,30
Gson,12,90%,Random,0.75,69.0,0.4909420289855072,NA,NA,8,0,22
Gson,12,100%,Ekstazi,0.8369565217391302,77.0,0.593840579710145,37.86666666666667,0.4115942028985507,0,1,30
Gson,12,100%,FAST,0.8369565217391302,77.0,0.35217391304347817,60.1,0.6532608695652172,0,1,30
Gson,12,100%,Ekstazi+dpt,0.8369565217391302,77.0,0.22898550724637676,71.43333333333334,0.776449275362319,0,1,30
Gson,12,100%,DPT,0.8369565217391302,77.0,0.2271739130434782,71.6,0.7782608695652173,0,1,30
Gson,12,100%,STARTS,0.8369565217391302,77.0,0.5161231884057972,NA,NA,5,0,25
Gson,12,100%,STARTS+FAST-S,0.8369565217391302,77.0,0.44637681159420267,51.43333333333333,0.5590579710144928,0,1,30
Gson,12,100%,STARTS+FAST-P,0.8369565217391302,77.0,0.43768115942028984,52.233333333333334,0.5677536231884056,0,1,30
Gson,12,100%,STARTS+DPT,0.8369565217391302,77.0,0.22826086956521732,71.5,0.7771739130434783,0,1,30
Gson,12,100%,Fastazi-S,0.8369565217391302,77.0,0.48007246376811613,48.333333333333336,0.5253623188405798,0,1,30
Gson,12,100%,Fastazi-P,0.8369565217391302,77.0,0.4822463768115944,48.13333333333333,0.5231884057971016,0,1,30
Gson,12,100%,Random,0.8369565217391302,77.0,0.5202898550724637,NA,NA,4,0,26
Gson,13,10%,Ekstazi,0.08695652173913039,8.0,0.16105072463768116,NA,NA,25,0,5
Gson,13,10%,FAST,0.08695652173913039,8.0,0.7670289855072461,NA,NA,6,0,24
Gson,13,10%,Ekstazi+dpt,0.08695652173913039,8.0,0.0,NA,NA,30,0,0
Gson,13,10%,DPT,0.08695652173913039,8.0,0.0,NA,NA,30,0,0
Gson,13,10%,STARTS,0.08695652173913039,8.0,0.06195652173913044,NA,NA,28,0,2
Gson,13,10%,STARTS+FAST-S,0.08695652173913039,8.0,0.0,NA,NA,30,0,0
Gson,13,10%,STARTS+FAST-P,0.08695652173913039,8.0,0.0,NA,NA,30,0,0
Gson,13,10%,STARTS+DPT,0.08695652173913039,8.0,0.0,NA,NA,30,0,0
Gson,13,10%,Fastazi-S,0.08695652173913039,8.0,0.702173913043478,NA,NA,8,0,22
Gson,13,10%,Fastazi-P,0.08695652173913039,8.0,0.7681159420289855,NA,NA,6,0,24
Gson,13,10%,Random,0.08695652173913039,8.0,0.191304347826087,NA,NA,24,0,6
Gson,13,20%,Ekstazi,0.17391304347826078,16.0,0.21757246376811595,NA,NA,23,0,7
Gson,13,20%,FAST,0.17391304347826078,16.0,0.9398550724637679,6.033333333333333,0.06557971014492753,0,1,30
Gson,13,20%,Ekstazi+dpt,0.17391304347826078,16.0,0.0,NA,NA,30,0,0
Gson,13,20%,DPT,0.17391304347826078,16.0,0.0,NA,NA,30,0,0
Gson,13,20%,STARTS,0.17391304347826078,16.0,0.20670289855072463,NA,NA,23,0,7
Gson,13,20%,STARTS+FAST-S,0.17391304347826078,16.0,0.8782608695652174,11.7,0.12717391304347828,0,1,30
Gson,13,20%,STARTS+FAST-P,0.17391304347826078,16.0,0.8771739130434781,11.8,0.12826086956521743,0,1,30
Gson,13,20%,STARTS+DPT,0.17391304347826078,16.0,0.0,NA,NA,30,0,0
Gson,13,20%,Fastazi-S,0.17391304347826078,16.0,0.9355072463768112,6.433333333333334,0.06992753623188407,0,1,30
Gson,13,20%,Fastazi-P,0.17391304347826078,16.0,0.9438405797101447,5.666666666666667,0.06159420289855073,0,1,30
Gson,13,20%,Random,0.17391304347826078,16.0,0.2485507246376812,NA,NA,22,0,8
Gson,13,25%,Ekstazi,0.21739130434782614,20.0,0.3518115942028985,NA,NA,18,0,12
Gson,13,25%,FAST,0.21739130434782614,20.0,0.9398550724637679,6.033333333333333,0.06557971014492753,0,1,30
Gson,13,25%,Ekstazi+dpt,0.21739130434782614,20.0,0.0,NA,NA,30,0,0
Gson,13,25%,DPT,0.21739130434782614,20.0,0.0,NA,NA,30,0,0
Gson,13,25%,STARTS,0.21739130434782614,20.0,0.2610507246376812,NA,NA,21,0,9
Gson,13,25%,STARTS+FAST-S,0.21739130434782614,20.0,0.8782608695652174,11.7,0.12717391304347828,0,1,30
Gson,13,25%,STARTS+FAST-P,0.21739130434782614,20.0,0.8771739130434781,11.8,0.12826086956521743,0,1,30
Gson,13,25%,STARTS+DPT,0.21739130434782614,20.0,0.0,NA,NA,30,0,0
Gson,13,25%,Fastazi-S,0.21739130434782614,20.0,0.9355072463768112,6.433333333333334,0.06992753623188407,0,1,30
Gson,13,25%,Fastazi-P,0.21739130434782614,20.0,0.9438405797101447,5.666666666666667,0.06159420289855073,0,1,30
Gson,13,25%,Random,0.21739130434782614,20.0,0.2751811594202899,NA,NA,21,0,9
Gson,13,30%,Ekstazi,0.2608695652173914,24.0,0.37735507246376804,NA,NA,17,0,13
Gson,13,30%,FAST,0.2608695652173914,24.0,0.9398550724637679,6.033333333333333,0.06557971014492753,0,1,30
Gson,13,30%,Ekstazi+dpt,0.2608695652173914,24.0,0.0,NA,NA,30,0,0
Gson,13,30%,DPT,0.2608695652173914,24.0,0.0,NA,NA,30,0,0
Gson,13,30%,STARTS,0.2608695652173914,24.0,0.31177536231884057,NA,NA,19,0,11
Gson,13,30%,STARTS+FAST-S,0.2608695652173914,24.0,0.8782608695652174,11.7,0.12717391304347828,0,1,30
Gson,13,30%,STARTS+FAST-P,0.2608695652173914,24.0,0.8771739130434781,11.8,0.12826086956521743,0,1,30
Gson,13,30%,STARTS+DPT,0.2608695652173914,24.0,0.0,NA,NA,30,0,0
Gson,13,30%,Fastazi-S,0.2608695652173914,24.0,0.9355072463768112,6.433333333333334,0.06992753623188407,0,1,30
Gson,13,30%,Fastazi-P,0.2608695652173914,24.0,0.9438405797101447,5.666666666666667,0.06159420289855073,0,1,30
Gson,13,30%,Random,0.2608695652173914,24.0,0.2751811594202899,NA,NA,21,0,9
Gson,13,40%,Ekstazi,0.34782608695652156,32.0,0.4675724637681159,NA,NA,13,0,17
Gson,13,40%,FAST,0.34782608695652156,32.0,0.9398550724637679,6.033333333333333,0.06557971014492753,0,1,30
Gson,13,40%,Ekstazi+dpt,0.34782608695652156,32.0,0.0,NA,NA,30,0,0
Gson,13,40%,DPT,0.34782608695652156,32.0,0.0,NA,NA,30,0,0
Gson,13,40%,STARTS,0.34782608695652156,32.0,0.33442028985507244,NA,NA,18,0,12
Gson,13,40%,STARTS+FAST-S,0.34782608695652156,32.0,0.8782608695652174,11.7,0.12717391304347828,0,1,30
Gson,13,40%,STARTS+FAST-P,0.34782608695652156,32.0,0.8771739130434781,11.8,0.12826086956521743,0,1,30
Gson,13,40%,STARTS+DPT,0.34782608695652156,32.0,0.0,NA,NA,30,0,0
Gson,13,40%,Fastazi-S,0.34782608695652156,32.0,0.9355072463768112,6.433333333333334,0.06992753623188407,0,1,30
Gson,13,40%,Fastazi-P,0.34782608695652156,32.0,0.9438405797101447,5.666666666666667,0.06159420289855073,0,1,30
Gson,13,40%,Random,0.34782608695652156,32.0,0.2985507246376812,NA,NA,20,0,10
Gson,13,50%,Ekstazi,0.4456521739130431,41.0,0.48731884057971003,NA,NA,12,0,18
Gson,13,50%,FAST,0.4456521739130431,41.0,0.9398550724637679,6.033333333333333,0.06557971014492753,0,1,30
Gson,13,50%,Ekstazi+dpt,0.4456521739130431,41.0,0.0,NA,NA,30,0,0
Gson,13,50%,DPT,0.4456521739130431,41.0,0.0,NA,NA,30,0,0
Gson,13,50%,STARTS,0.4456521739130431,41.0,0.39474637681159425,NA,NA,15,0,15
Gson,13,50%,STARTS+FAST-S,0.4456521739130431,41.0,0.8782608695652174,11.7,0.12717391304347828,0,1,30
Gson,13,50%,STARTS+FAST-P,0.4456521739130431,41.0,0.8771739130434781,11.8,0.12826086956521743,0,1,30
Gson,13,50%,STARTS+DPT,0.4456521739130431,41.0,0.0,NA,NA,30,0,0
Gson,13,50%,Fastazi-S,0.4456521739130431,41.0,0.9355072463768112,6.433333333333334,0.06992753623188407,0,1,30
Gson,13,50%,Fastazi-P,0.4456521739130431,41.0,0.9438405797101447,5.666666666666667,0.06159420289855073,0,1,30
Gson,13,50%,Random,0.4456521739130431,41.0,0.3376811594202899,NA,NA,18,0,12
Gson,13,60%,Ekstazi,0.532608695652174,49.0,0.5565217391304347,NA,NA,8,0,22
Gson,13,60%,FAST,0.532608695652174,49.0,0.9398550724637679,6.033333333333333,0.06557971014492753,0,1,30
Gson,13,60%,Ekstazi+dpt,0.532608695652174,49.0,0.0,NA,NA,30,0,0
Gson,13,60%,DPT,0.532608695652174,49.0,0.0,NA,NA,30,0,0
Gson,13,60%,STARTS,0.532608695652174,49.0,0.4617753623188406,NA,NA,11,0,19
Gson,13,60%,STARTS+FAST-S,0.532608695652174,49.0,0.8782608695652174,11.7,0.12717391304347828,0,1,30
Gson,13,60%,STARTS+FAST-P,0.532608695652174,49.0,0.8771739130434781,11.8,0.12826086956521743,0,1,30
Gson,13,60%,STARTS+DPT,0.532608695652174,49.0,0.0,NA,NA,30,0,0
Gson,13,60%,Fastazi-S,0.532608695652174,49.0,0.9355072463768112,6.433333333333334,0.06992753623188407,0,1,30
Gson,13,60%,Fastazi-P,0.532608695652174,49.0,0.9438405797101447,5.666666666666667,0.06159420289855073,0,1,30
Gson,13,60%,Random,0.532608695652174,49.0,0.3376811594202899,NA,NA,18,0,12
Gson,13,70%,Ekstazi,0.6195652173913045,57.0,0.5565217391304347,NA,NA,8,0,22
Gson,13,70%,FAST,0.6195652173913045,57.0,0.9398550724637679,6.033333333333333,0.06557971014492753,0,1,30
Gson,13,70%,Ekstazi+dpt,0.6195652173913045,57.0,0.0,NA,NA,30,0,0
Gson,13,70%,DPT,0.6195652173913045,57.0,0.0,NA,NA,30,0,0
Gson,13,70%,STARTS,0.6195652173913045,57.0,0.475,NA,NA,10,0,20
Gson,13,70%,STARTS+FAST-S,0.6195652173913045,57.0,0.8782608695652174,11.7,0.12717391304347828,0,1,30
Gson,13,70%,STARTS+FAST-P,0.6195652173913045,57.0,0.8771739130434781,11.8,0.12826086956521743,0,1,30
Gson,13,70%,STARTS+DPT,0.6195652173913045,57.0,0.0,NA,NA,30,0,0
Gson,13,70%,Fastazi-S,0.6195652173913045,57.0,0.9355072463768112,6.433333333333334,0.06992753623188407,0,1,30
Gson,13,70%,Fastazi-P,0.6195652173913045,57.0,0.9438405797101447,5.666666666666667,0.06159420289855073,0,1,30
Gson,13,70%,Random,0.6195652173913045,57.0,0.36739130434782613,NA,NA,16,0,14
Gson,13,75%,Ekstazi,0.6630434782608696,61.0,0.5565217391304347,NA,NA,8,0,22
Gson,13,75%,FAST,0.6630434782608696,61.0,0.9398550724637679,6.033333333333333,0.06557971014492753,0,1,30
Gson,13,75%,Ekstazi+dpt,0.6630434782608696,61.0,0.0,NA,NA,30,0,0
Gson,13,75%,DPT,0.6630434782608696,61.0,0.0,NA,NA,30,0,0
Gson,13,75%,STARTS,0.6630434782608696,61.0,0.48677536231884055,NA,NA,9,0,21
Gson,13,75%,STARTS+FAST-S,0.6630434782608696,61.0,0.8782608695652174,11.7,0.12717391304347828,0,1,30
Gson,13,75%,STARTS+FAST-P,0.6630434782608696,61.0,0.8771739130434781,11.8,0.12826086956521743,0,1,30
Gson,13,75%,STARTS+DPT,0.6630434782608696,61.0,0.0,NA,NA,30,0,0
Gson,13,75%,Fastazi-S,0.6630434782608696,61.0,0.9355072463768112,6.433333333333334,0.06992753623188407,0,1,30
Gson,13,75%,Fastazi-P,0.6630434782608696,61.0,0.9438405797101447,5.666666666666667,0.06159420289855073,0,1,30
Gson,13,75%,Random,0.6630434782608696,61.0,0.41557971014492756,NA,NA,12,0,18
Gson,13,80%,Ekstazi,0.7065217391304348,65.0,0.5672101449275361,NA,NA,7,0,23
Gson,13,80%,FAST,0.7065217391304348,65.0,0.9398550724637679,6.033333333333333,0.06557971014492753,0,1,30
Gson,13,80%,Ekstazi+dpt,0.7065217391304348,65.0,0.0,NA,NA,30,0,0
Gson,13,80%,DPT,0.7065217391304348,65.0,0.0,NA,NA,30,0,0
Gson,13,80%,STARTS,0.7065217391304348,65.0,0.5085144927536231,NA,NA,7,0,23
Gson,13,80%,STARTS+FAST-S,0.7065217391304348,65.0,0.8782608695652174,11.7,0.12717391304347828,0,1,30
Gson,13,80%,STARTS+FAST-P,0.7065217391304348,65.0,0.8771739130434781,11.8,0.12826086956521743,0,1,30
Gson,13,80%,STARTS+DPT,0.7065217391304348,65.0,0.0,NA,NA,30,0,0
Gson,13,80%,Fastazi-S,0.7065217391304348,65.0,0.9355072463768112,6.433333333333334,0.06992753623188407,0,1,30
Gson,13,80%,Fastazi-P,0.7065217391304348,65.0,0.9438405797101447,5.666666666666667,0.06159420289855073,0,1,30
Gson,13,80%,Random,0.7065217391304348,65.0,0.44800724637681155,NA,NA,9,0,21
Gson,13,90%,Ekstazi,0.7934782608695653,73.0,0.6090579710144927,NA,NA,2,0,28
Gson,13,90%,FAST,0.7934782608695653,73.0,0.9398550724637679,6.033333333333333,0.06557971014492753,0,1,30
Gson,13,90%,Ekstazi+dpt,0.7934782608695653,73.0,0.0,NA,NA,30,0,0
Gson,13,90%,DPT,0.7934782608695653,73.0,0.0,NA,NA,30,0,0
Gson,13,90%,STARTS,0.7934782608695653,73.0,0.5251811594202899,NA,NA,5,0,25
Gson,13,90%,STARTS+FAST-S,0.7934782608695653,73.0,0.8782608695652174,11.7,0.12717391304347828,0,1,30
Gson,13,90%,STARTS+FAST-P,0.7934782608695653,73.0,0.8771739130434781,11.8,0.12826086956521743,0,1,30
Gson,13,90%,STARTS+DPT,0.7934782608695653,73.0,0.0,NA,NA,30,0,0
Gson,13,90%,Fastazi-S,0.7934782608695653,73.0,0.9355072463768112,6.433333333333334,0.06992753623188407,0,1,30
Gson,13,90%,Fastazi-P,0.7934782608695653,73.0,0.9438405797101447,5.666666666666667,0.06159420289855073,0,1,30
Gson,13,90%,Random,0.7934782608695653,73.0,0.49836956521739123,NA,NA,3,0,27
Gson,13,100%,Ekstazi,0.8913043478260863,82.0,0.6221014492753623,35.266666666666666,0.38333333333333336,0,1,30
Gson,13,100%,FAST,0.8913043478260863,82.0,0.9398550724637679,6.033333333333333,0.06557971014492753,0,1,30
Gson,13,100%,Ekstazi+dpt,0.8913043478260863,82.0,0.11413043478260877,82.0,0.8913043478260863,0,1,30
Gson,13,100%,DPT,0.8913043478260863,82.0,0.0,NA,NA,30,0,0
Gson,13,100%,STARTS,0.8913043478260863,82.0,0.5451086956521739,NA,NA,1,0,29
Gson,13,100%,STARTS+FAST-S,0.8913043478260863,82.0,0.8782608695652174,11.7,0.12717391304347828,0,1,30
Gson,13,100%,STARTS+FAST-P,0.8913043478260863,82.0,0.8771739130434781,11.8,0.12826086956521743,0,1,30
Gson,13,100%,STARTS+DPT,0.8913043478260863,82.0,0.0,NA,NA,30,0,0
Gson,13,100%,Fastazi-S,0.8913043478260863,82.0,0.9355072463768112,6.433333333333334,0.06992753623188407,0,1,30
Gson,13,100%,Fastazi-P,0.8913043478260863,82.0,0.9438405797101447,5.666666666666667,0.06159420289855073,0,1,30
Gson,13,100%,Random,0.8913043478260863,82.0,0.5047101449275362,NA,NA,2,0,28
Gson,14,10%,Ekstazi,0.07526881720430105,7.0,0.1629032258064516,NA,NA,25,0,5
Gson,14,10%,FAST,0.07526881720430105,7.0,0.033154121863799284,NA,NA,29,0,1
Gson,14,10%,Ekstazi+dpt,0.07526881720430105,7.0,0.0,NA,NA,30,0,0
Gson,14,10%,DPT,0.07526881720430105,7.0,0.0,NA,NA,30,0,0
Gson,14,10%,STARTS,0.07526881720430105,7.0,0.09408602150537634,NA,NA,27,0,3
Gson,14,10%,STARTS+FAST-S,0.07526881720430105,7.0,0.033154121863799284,NA,NA,29,0,1
Gson,14,10%,STARTS+FAST-P,0.07526881720430105,7.0,0.033154121863799284,NA,NA,29,0,1
Gson,14,10%,STARTS+DPT,0.07526881720430105,7.0,0.0,NA,NA,30,0,0
Gson,14,10%,Fastazi-S,0.07526881720430105,7.0,0.0,NA,NA,30,0,0
Gson,14,10%,Fastazi-P,0.07526881720430105,7.0,0.033154121863799284,NA,NA,29,0,1
Gson,14,10%,Random,0.07526881720430105,7.0,0.031720430107526884,NA,NA,29,0,1
Gson,14,20%,Ekstazi,0.1612903225806451,15.0,0.22311827956989247,NA,NA,23,0,7
Gson,14,20%,FAST,0.1612903225806451,15.0,0.033154121863799284,NA,NA,29,0,1
Gson,14,20%,Ekstazi+dpt,0.1612903225806451,15.0,0.0,NA,NA,30,0,0
Gson,14,20%,DPT,0.1612903225806451,15.0,0.0,NA,NA,30,0,0
Gson,14,20%,STARTS,0.1612903225806451,15.0,0.1532258064516129,NA,NA,25,0,5
Gson,14,20%,STARTS+FAST-S,0.1612903225806451,15.0,0.033154121863799284,NA,NA,29,0,1
Gson,14,20%,STARTS+FAST-P,0.1612903225806451,15.0,0.033154121863799284,NA,NA,29,0,1
Gson,14,20%,STARTS+DPT,0.1612903225806451,15.0,0.0,NA,NA,30,0,0
Gson,14,20%,Fastazi-S,0.1612903225806451,15.0,0.0,NA,NA,30,0,0
Gson,14,20%,Fastazi-P,0.1612903225806451,15.0,0.033154121863799284,NA,NA,29,0,1
Gson,14,20%,Random,0.1612903225806451,15.0,0.08799283154121863,NA,NA,27,0,3
Gson,14,25%,Ekstazi,0.20430107526881708,19.0,0.332078853046595,NA,NA,19,0,11
Gson,14,25%,FAST,0.20430107526881708,19.0,0.033154121863799284,NA,NA,29,0,1
Gson,14,25%,Ekstazi+dpt,0.20430107526881708,19.0,0.0,NA,NA,30,0,0
Gson,14,25%,DPT,0.20430107526881708,19.0,0.0,NA,NA,30,0,0
Gson,14,25%,STARTS,0.20430107526881708,19.0,0.20770609318996414,NA,NA,23,0,7
Gson,14,25%,STARTS+FAST-S,0.20430107526881708,19.0,0.033154121863799284,NA,NA,29,0,1
Gson,14,25%,STARTS+FAST-P,0.20430107526881708,19.0,0.033154121863799284,NA,NA,29,0,1
Gson,14,25%,STARTS+DPT,0.20430107526881708,19.0,0.0,NA,NA,30,0,0
Gson,14,25%,Fastazi-S,0.20430107526881708,19.0,0.0,NA,NA,30,0,0
Gson,14,25%,Fastazi-P,0.20430107526881708,19.0,0.033154121863799284,NA,NA,29,0,1
Gson,14,25%,Random,0.20430107526881708,19.0,0.11577060931899642,NA,NA,26,0,4
Gson,14,30%,Ekstazi,0.24731182795698908,23.0,0.35770609318996416,NA,NA,18,0,12
Gson,14,30%,FAST,0.24731182795698908,23.0,0.033154121863799284,NA,NA,29,0,1
Gson,14,30%,Ekstazi+dpt,0.24731182795698908,23.0,0.0,NA,NA,30,0,0
Gson,14,30%,DPT,0.24731182795698908,23.0,0.0,NA,NA,30,0,0
Gson,14,30%,STARTS,0.24731182795698908,23.0,0.2596774193548386,NA,NA,21,0,9
Gson,14,30%,STARTS+FAST-S,0.24731182795698908,23.0,0.033154121863799284,NA,NA,29,0,1
Gson,14,30%,STARTS+FAST-P,0.24731182795698908,23.0,0.033154121863799284,NA,NA,29,0,1
Gson,14,30%,STARTS+DPT,0.24731182795698908,23.0,0.0,NA,NA,30,0,0
Gson,14,30%,Fastazi-S,0.24731182795698908,23.0,0.0,NA,NA,30,0,0
Gson,14,30%,Fastazi-P,0.24731182795698908,23.0,0.033154121863799284,NA,NA,29,0,1
Gson,14,30%,Random,0.24731182795698908,23.0,0.1410394265232975,NA,NA,25,0,5
Gson,14,40%,Ekstazi,0.3333333333333333,31.0,0.47365591397849466,NA,NA,13,0,17
Gson,14,40%,FAST,0.3333333333333333,31.0,0.033154121863799284,NA,NA,29,0,1
Gson,14,40%,Ekstazi+dpt,0.3333333333333333,31.0,0.0,NA,NA,30,0,0
Gson,14,40%,DPT,0.3333333333333333,31.0,0.0,NA,NA,30,0,0
Gson,14,40%,STARTS,0.3333333333333333,31.0,0.3066308243727598,NA,NA,19,0,11
Gson,14,40%,STARTS+FAST-S,0.3333333333333333,31.0,0.033154121863799284,NA,NA,29,0,1
Gson,14,40%,STARTS+FAST-P,0.3333333333333333,31.0,0.033154121863799284,NA,NA,29,0,1
Gson,14,40%,STARTS+DPT,0.3333333333333333,31.0,0.0,NA,NA,30,0,0
Gson,14,40%,Fastazi-S,0.3333333333333333,31.0,0.0,NA,NA,30,0,0
Gson,14,40%,Fastazi-P,0.3333333333333333,31.0,0.033154121863799284,NA,NA,29,0,1
Gson,14,40%,Random,0.3333333333333333,31.0,0.18620071684587813,NA,NA,23,0,7
Gson,14,50%,Ekstazi,0.41935483870967744,39.0,0.47365591397849466,NA,NA,13,0,17
Gson,14,50%,FAST,0.41935483870967744,39.0,0.033154121863799284,NA,NA,29,0,1
Gson,14,50%,Ekstazi+dpt,0.41935483870967744,39.0,0.0,NA,NA,30,0,0
Gson,14,50%,DPT,0.41935483870967744,39.0,0.0,NA,NA,30,0,0
Gson,14,50%,STARTS,0.41935483870967744,39.0,0.389426523297491,NA,NA,15,0,15
Gson,14,50%,STARTS+FAST-S,0.41935483870967744,39.0,0.033154121863799284,NA,NA,29,0,1
Gson,14,50%,STARTS+FAST-P,0.41935483870967744,39.0,0.033154121863799284,NA,NA,29,0,1
Gson,14,50%,STARTS+DPT,0.41935483870967744,39.0,0.0,NA,NA,30,0,0
Gson,14,50%,Fastazi-S,0.41935483870967744,39.0,0.0,NA,NA,30,0,0
Gson,14,50%,Fastazi-P,0.41935483870967744,39.0,0.033154121863799284,NA,NA,29,0,1
Gson,14,50%,Random,0.41935483870967744,39.0,0.2270609318996416,NA,NA,21,0,9
Gson,14,60%,Ekstazi,0.5053763440860218,47.0,0.4906810035842294,NA,NA,12,0,18
Gson,14,60%,FAST,0.5053763440860218,47.0,0.033154121863799284,NA,NA,29,0,1
Gson,14,60%,Ekstazi+dpt,0.5053763440860218,47.0,0.5146953405017922,45.63333333333333,0.49068100358422934,0,1,30
Gson,14,60%,DPT,0.5053763440860218,47.0,0.5157706093189965,45.53333333333333,0.489605734767025,0,1,30
Gson,14,60%,STARTS,0.5053763440860218,47.0,0.389426523297491,NA,NA,15,0,15
Gson,14,60%,STARTS+FAST-S,0.5053763440860218,47.0,0.033154121863799284,NA,NA,29,0,1
Gson,14,60%,STARTS+FAST-P,0.5053763440860218,47.0,0.033154121863799284,NA,NA,29,0,1
Gson,14,60%,STARTS+DPT,0.5053763440860218,47.0,0.5157706093189964,45.53333333333333,0.4896057347670251,0,1,30
Gson,14,60%,Fastazi-S,0.5053763440860218,47.0,0.31666666666666665,NA,NA,11,0,19
Gson,14,60%,Fastazi-P,0.5053763440860218,47.0,0.3664874551971326,NA,NA,9,0,21
Gson,14,60%,Random,0.5053763440860218,47.0,0.3016129032258064,NA,NA,17,0,13
Gson,14,70%,Ekstazi,0.5913978494623657,55.0,0.5218637992831542,NA,NA,10,0,20
Gson,14,70%,FAST,0.5913978494623657,55.0,0.033154121863799284,NA,NA,29,0,1
Gson,14,70%,Ekstazi+dpt,0.5913978494623657,55.0,0.5146953405017922,45.63333333333333,0.49068100358422934,0,1,30
Gson,14,70%,DPT,0.5913978494623657,55.0,0.5157706093189965,45.53333333333333,0.489605734767025,0,1,30
Gson,14,70%,STARTS,0.5913978494623657,55.0,0.4336917562724014,NA,NA,12,0,18
Gson,14,70%,STARTS+FAST-S,0.5913978494623657,55.0,0.4103942652329748,NA,NA,2,0,28
Gson,14,70%,STARTS+FAST-P,0.5913978494623657,55.0,0.41290322580645145,NA,NA,2,0,28
Gson,14,70%,STARTS+DPT,0.5913978494623657,55.0,0.5157706093189964,45.53333333333333,0.4896057347670251,0,1,30
Gson,14,70%,Fastazi-S,0.5913978494623657,55.0,0.49605734767025084,47.36666666666667,0.5093189964157706,0,1,30
Gson,14,70%,Fastazi-P,0.5913978494623657,55.0,0.5132616487455196,45.766666666666666,0.49211469534050184,0,1,30
Gson,14,70%,Random,0.5913978494623657,55.0,0.33207885304659496,NA,NA,15,0,15
Gson,14,75%,Ekstazi,0.6344086021505376,59.0,0.5218637992831542,NA,NA,10,0,20
Gson,14,75%,FAST,0.6344086021505376,59.0,0.3985663082437274,56.43333333333333,0.6068100358422938,0,1,30
Gson,14,75%,Ekstazi+dpt,0.6344086021505376,59.0,0.5146953405017922,45.63333333333333,0.49068100358422934,0,1,30
Gson,14,75%,DPT,0.6344086021505376,59.0,0.5157706093189965,45.53333333333333,0.489605734767025,0,1,30
Gson,14,75%,STARTS,0.6344086021505376,59.0,0.446415770609319,NA,NA,11,0,19
Gson,14,75%,STARTS+FAST-S,0.6344086021505376,59.0,0.43727598566308234,52.833333333333336,0.5681003584229392,0,1,30
Gson,14,75%,STARTS+FAST-P,0.6344086021505376,59.0,0.4397849462365589,52.6,0.5655913978494624,0,1,30
Gson,14,75%,STARTS+DPT,0.6344086021505376,59.0,0.5157706093189964,45.53333333333333,0.4896057347670251,0,1,30
Gson,14,75%,Fastazi-S,0.6344086021505376,59.0,0.49605734767025084,47.36666666666667,0.5093189964157706,0,1,30
Gson,14,75%,Fastazi-P,0.6344086021505376,59.0,0.5132616487455196,45.766666666666666,0.49211469534050184,0,1,30
Gson,14,75%,Random,0.6344086021505376,59.0,0.3713261648745519,NA,NA,12,0,18
Gson,14,80%,Ekstazi,0.6774193548387095,63.0,0.5338709677419354,NA,NA,9,0,21
Gson,14,80%,FAST,0.6774193548387095,63.0,0.3985663082437274,56.43333333333333,0.6068100358422938,0,1,30
Gson,14,80%,Ekstazi+dpt,0.6774193548387095,63.0,0.5146953405017922,45.63333333333333,0.49068100358422934,0,1,30
Gson,14,80%,DPT,0.6774193548387095,63.0,0.5157706093189965,45.53333333333333,0.489605734767025,0,1,30
Gson,14,80%,STARTS,0.6774193548387095,63.0,0.47007168458781357,NA,NA,9,0,21
Gson,14,80%,STARTS+FAST-S,0.6774193548387095,63.0,0.43727598566308234,52.833333333333336,0.5681003584229392,0,1,30
Gson,14,80%,STARTS+FAST-P,0.6774193548387095,63.0,0.4397849462365589,52.6,0.5655913978494624,0,1,30
Gson,14,80%,STARTS+DPT,0.6774193548387095,63.0,0.5157706093189964,45.53333333333333,0.4896057347670251,0,1,30
Gson,14,80%,Fastazi-S,0.6774193548387095,63.0,0.49605734767025084,47.36666666666667,0.5093189964157706,0,1,30
Gson,14,80%,Fastazi-P,0.6774193548387095,63.0,0.5132616487455196,45.766666666666666,0.49211469534050184,0,1,30
Gson,14,80%,Random,0.6774193548387095,63.0,0.39390681003584227,NA,NA,10,0,20
Gson,14,90%,Ekstazi,0.7634408602150534,71.0,0.5634408602150537,NA,NA,6,0,24
Gson,14,90%,FAST,0.7634408602150534,71.0,0.3985663082437274,56.43333333333333,0.6068100358422938,0,1,30
Gson,14,90%,Ekstazi+dpt,0.7634408602150534,71.0,0.5146953405017922,45.63333333333333,0.49068100358422934,0,1,30
Gson,14,90%,DPT,0.7634408602150534,71.0,0.5157706093189965,45.53333333333333,0.489605734767025,0,1,30
Gson,14,90%,STARTS,0.7634408602150534,71.0,0.49713261648745516,NA,NA,6,0,24
Gson,14,90%,STARTS+FAST-S,0.7634408602150534,71.0,0.43727598566308234,52.833333333333336,0.5681003584229392,0,1,30
Gson,14,90%,STARTS+FAST-P,0.7634408602150534,71.0,0.4397849462365589,52.6,0.5655913978494624,0,1,30
Gson,14,90%,STARTS+DPT,0.7634408602150534,71.0,0.5157706093189964,45.53333333333333,0.4896057347670251,0,1,30
Gson,14,90%,Fastazi-S,0.7634408602150534,71.0,0.49605734767025084,47.36666666666667,0.5093189964157706,0,1,30
Gson,14,90%,Fastazi-P,0.7634408602150534,71.0,0.5132616487455196,45.766666666666666,0.49211469534050184,0,1,30
Gson,14,90%,Random,0.7634408602150534,71.0,0.4143369175627239,NA,NA,8,0,22
Gson,14,100%,Ekstazi,0.8494623655913973,79.0,0.6014336917562723,37.56666666666667,0.40394265232974913,0,1,30
Gson,14,100%,FAST,0.8494623655913973,79.0,0.3985663082437274,56.43333333333333,0.6068100358422938,0,1,30
Gson,14,100%,Ekstazi+dpt,0.8494623655913973,79.0,0.5146953405017922,45.63333333333333,0.49068100358422934,0,1,30
Gson,14,100%,DPT,0.8494623655913973,79.0,0.5157706093189965,45.53333333333333,0.489605734767025,0,1,30
Gson,14,100%,STARTS,0.8494623655913973,79.0,0.5207885304659498,NA,NA,2,0,28
Gson,14,100%,STARTS+FAST-S,0.8494623655913973,79.0,0.43727598566308234,52.833333333333336,0.5681003584229392,0,1,30
Gson,14,100%,STARTS+FAST-P,0.8494623655913973,79.0,0.4397849462365589,52.6,0.5655913978494624,0,1,30
Gson,14,100%,STARTS+DPT,0.8494623655913973,79.0,0.5157706093189964,45.53333333333333,0.4896057347670251,0,1,30
Gson,14,100%,Fastazi-S,0.8494623655913973,79.0,0.49605734767025084,47.36666666666667,0.5093189964157706,0,1,30
Gson,14,100%,Fastazi-P,0.8494623655913973,79.0,0.5132616487455196,45.766666666666666,0.49211469534050184,0,1,30
Gson,14,100%,Random,0.8494623655913973,79.0,0.4327956989247311,NA,NA,5,0,25
Gson,15,10%,Ekstazi,0.06451612903225802,6.0,0.0,NA,NA,30,0,0
Gson,15,10%,FAST,0.06451612903225802,6.0,0.033154121863799284,NA,NA,29,0,1
Gson,15,10%,Ekstazi+dpt,0.06451612903225802,6.0,0.0,NA,NA,30,0,0
Gson,15,10%,DPT,0.06451612903225802,6.0,0.0,NA,NA,30,0,0
Gson,15,10%,STARTS,0.06451612903225802,6.0,0.0,NA,NA,30,0,0
Gson,15,10%,STARTS+FAST-S,0.06451612903225802,6.0,0.0,NA,NA,30,0,0
Gson,15,10%,STARTS+FAST-P,0.06451612903225802,6.0,0.0,NA,NA,30,0,0
Gson,15,10%,STARTS+DPT,0.06451612903225802,6.0,0.0,NA,NA,30,0,0
Gson,15,10%,Fastazi-S,0.06451612903225802,6.0,0.033154121863799284,NA,NA,29,0,1
Gson,15,10%,Fastazi-P,0.06451612903225802,6.0,0.033154121863799284,NA,NA,29,0,1
Gson,15,10%,Random,0.06451612903225802,6.0,0.0,NA,NA,30,0,0
Gson,15,20%,Ekstazi,0.13978494623655904,13.0,0.0,NA,NA,30,0,0
Gson,15,20%,FAST,0.13978494623655904,13.0,0.033154121863799284,NA,NA,29,0,1
Gson,15,20%,Ekstazi+dpt,0.13978494623655904,13.0,0.0,NA,NA,30,0,0
Gson,15,20%,DPT,0.13978494623655904,13.0,0.0,NA,NA,30,0,0
Gson,15,20%,STARTS,0.13978494623655904,13.0,0.02992831541218638,NA,NA,29,0,1
Gson,15,20%,STARTS+FAST-S,0.13978494623655904,13.0,0.0,NA,NA,30,0,0
Gson,15,20%,STARTS+FAST-P,0.13978494623655904,13.0,0.0,NA,NA,30,0,0
Gson,15,20%,STARTS+DPT,0.13978494623655904,13.0,0.0,NA,NA,30,0,0
Gson,15,20%,Fastazi-S,0.13978494623655904,13.0,0.033154121863799284,NA,NA,29,0,1
Gson,15,20%,Fastazi-P,0.13978494623655904,13.0,0.033154121863799284,NA,NA,29,0,1
Gson,15,20%,Random,0.13978494623655904,13.0,0.06093189964157706,NA,NA,28,0,2
Gson,15,25%,Ekstazi,0.1720430107526881,16.0,0.05698924731182796,NA,NA,28,0,2
Gson,15,25%,FAST,0.1720430107526881,16.0,0.033154121863799284,NA,NA,29,0,1
Gson,15,25%,Ekstazi+dpt,0.1720430107526881,16.0,0.0,NA,NA,30,0,0
Gson,15,25%,DPT,0.1720430107526881,16.0,0.0,NA,NA,30,0,0
Gson,15,25%,STARTS,0.1720430107526881,16.0,0.11505376344086021,NA,NA,26,0,4
Gson,15,25%,STARTS+FAST-S,0.1720430107526881,16.0,0.0,NA,NA,30,0,0
Gson,15,25%,STARTS+FAST-P,0.1720430107526881,16.0,0.0,NA,NA,30,0,0
Gson,15,25%,STARTS+DPT,0.1720430107526881,16.0,0.0,NA,NA,30,0,0
Gson,15,25%,Fastazi-S,0.1720430107526881,16.0,0.033154121863799284,NA,NA,29,0,1
Gson,15,25%,Fastazi-P,0.1720430107526881,16.0,0.033154121863799284,NA,NA,29,0,1
Gson,15,25%,Random,0.1720430107526881,16.0,0.17275985663082433,NA,NA,24,0,6
Gson,15,30%,Ekstazi,0.21505376344086008,20.0,0.08333333333333333,NA,NA,27,0,3
Gson,15,30%,FAST,0.21505376344086008,20.0,0.033154121863799284,NA,NA,29,0,1
Gson,15,30%,Ekstazi+dpt,0.21505376344086008,20.0,0.0,NA,NA,30,0,0
Gson,15,30%,DPT,0.21505376344086008,20.0,0.0,NA,NA,30,0,0
Gson,15,30%,STARTS,0.21505376344086008,20.0,0.11505376344086021,NA,NA,26,0,4
Gson,15,30%,STARTS+FAST-S,0.21505376344086008,20.0,0.0,NA,NA,30,0,0
Gson,15,30%,STARTS+FAST-P,0.21505376344086008,20.0,0.0,NA,NA,30,0,0
Gson,15,30%,STARTS+DPT,0.21505376344086008,20.0,0.0,NA,NA,30,0,0
Gson,15,30%,Fastazi-S,0.21505376344086008,20.0,0.033154121863799284,NA,NA,29,0,1
Gson,15,30%,Fastazi-P,0.21505376344086008,20.0,0.033154121863799284,NA,NA,29,0,1
Gson,15,30%,Random,0.21505376344086008,20.0,0.22724014336917558,NA,NA,22,0,8
Gson,15,40%,Ekstazi,0.2795698924731181,26.0,0.18620071684587813,NA,NA,23,0,7
Gson,15,40%,FAST,0.2795698924731181,26.0,0.033154121863799284,NA,NA,29,0,1
Gson,15,40%,Ekstazi+dpt,0.2795698924731181,26.0,0.0,NA,NA,30,0,0
Gson,15,40%,DPT,0.2795698924731181,26.0,0.0,NA,NA,30,0,0
Gson,15,40%,STARTS,0.2795698924731181,26.0,0.16559139784946236,NA,NA,24,0,6
Gson,15,40%,STARTS+FAST-S,0.2795698924731181,26.0,0.0,NA,NA,30,0,0
Gson,15,40%,STARTS+FAST-P,0.2795698924731181,26.0,0.0,NA,NA,30,0,0
Gson,15,40%,STARTS+DPT,0.2795698924731181,26.0,0.0,NA,NA,30,0,0
Gson,15,40%,Fastazi-S,0.2795698924731181,26.0,0.033154121863799284,NA,NA,29,0,1
Gson,15,40%,Fastazi-P,0.2795698924731181,26.0,0.033154121863799284,NA,NA,29,0,1
Gson,15,40%,Random,0.2795698924731181,26.0,0.25215053763440853,NA,NA,21,0,9
Gson,15,50%,Ekstazi,0.3548387096774194,33.0,0.32419354838709674,NA,NA,17,0,13
Gson,15,50%,FAST,0.3548387096774194,33.0,0.033154121863799284,NA,NA,29,0,1
Gson,15,50%,Ekstazi+dpt,0.3548387096774194,33.0,0.0,NA,NA,30,0,0
Gson,15,50%,DPT,0.3548387096774194,33.0,0.0,NA,NA,30,0,0
Gson,15,50%,STARTS,0.3548387096774194,33.0,0.2114695340501792,NA,NA,22,0,8
Gson,15,50%,STARTS+FAST-S,0.3548387096774194,33.0,0.0,NA,NA,30,0,0
Gson,15,50%,STARTS+FAST-P,0.3548387096774194,33.0,0.0,NA,NA,30,0,0
Gson,15,50%,STARTS+DPT,0.3548387096774194,33.0,0.0,NA,NA,30,0,0
Gson,15,50%,Fastazi-S,0.3548387096774194,33.0,0.033154121863799284,NA,NA,29,0,1
Gson,15,50%,Fastazi-P,0.3548387096774194,33.0,0.033154121863799284,NA,NA,29,0,1
Gson,15,50%,Random,0.3548387096774194,33.0,0.29695340501792106,NA,NA,19,0,11
Gson,15,60%,Ekstazi,0.43010752688172016,40.0,0.4471326164874552,NA,NA,11,0,19
Gson,15,60%,FAST,0.43010752688172016,40.0,0.033154121863799284,NA,NA,29,0,1
Gson,15,60%,Ekstazi+dpt,0.43010752688172016,40.0,0.0,NA,NA,30,0,0
Gson,15,60%,DPT,0.43010752688172016,40.0,0.0,NA,NA,30,0,0
Gson,15,60%,STARTS,0.43010752688172016,40.0,0.2530465949820788,NA,NA,20,0,10
Gson,15,60%,STARTS+FAST-S,0.43010752688172016,40.0,0.0,NA,NA,30,0,0
Gson,15,60%,STARTS+FAST-P,0.43010752688172016,40.0,0.0,NA,NA,30,0,0
Gson,15,60%,STARTS+DPT,0.43010752688172016,40.0,0.0,NA,NA,30,0,0
Gson,15,60%,Fastazi-S,0.43010752688172016,40.0,0.033154121863799284,NA,NA,29,0,1
Gson,15,60%,Fastazi-P,0.43010752688172016,40.0,0.033154121863799284,NA,NA,29,0,1
Gson,15,60%,Random,0.43010752688172016,40.0,0.33566308243727594,NA,NA,17,0,13
Gson,15,70%,Ekstazi,0.49462365591397817,46.0,0.46415770609319,NA,NA,10,0,20
Gson,15,70%,FAST,0.49462365591397817,46.0,0.033154121863799284,NA,NA,29,0,1
Gson,15,70%,Ekstazi+dpt,0.49462365591397817,46.0,0.0,NA,NA,30,0,0
Gson,15,70%,DPT,0.49462365591397817,46.0,0.0,NA,NA,30,0,0
Gson,15,70%,STARTS,0.49462365591397817,46.0,0.342831541218638,NA,NA,15,0,15
Gson,15,70%,STARTS+FAST-S,0.49462365591397817,46.0,0.0,NA,NA,30,0,0
Gson,15,70%,STARTS+FAST-P,0.49462365591397817,46.0,0.0,NA,NA,30,0,0
Gson,15,70%,STARTS+DPT,0.49462365591397817,46.0,0.0,NA,NA,30,0,0
Gson,15,70%,Fastazi-S,0.49462365591397817,46.0,0.033154121863799284,NA,NA,29,0,1
Gson,15,70%,Fastazi-P,0.49462365591397817,46.0,0.033154121863799284,NA,NA,29,0,1
Gson,15,70%,Random,0.49462365591397817,46.0,0.40698924731182795,NA,NA,13,0,17
Gson,15,75%,Ekstazi,0.5376344086021502,50.0,0.46415770609319,NA,NA,10,0,20
Gson,15,75%,FAST,0.5376344086021502,50.0,0.033154121863799284,NA,NA,29,0,1
Gson,15,75%,Ekstazi+dpt,0.5376344086021502,50.0,0.0,NA,NA,30,0,0
Gson,15,75%,DPT,0.5376344086021502,50.0,0.0,NA,NA,30,0,0
Gson,15,75%,STARTS,0.5376344086021502,50.0,0.3584229390681003,NA,NA,14,0,16
Gson,15,75%,STARTS+FAST-S,0.5376344086021502,50.0,0.0,NA,NA,30,0,0
Gson,15,75%,STARTS+FAST-P,0.5376344086021502,50.0,0.0,NA,NA,30,0,0
Gson,15,75%,STARTS+DPT,0.5376344086021502,50.0,0.0,NA,NA,30,0,0
Gson,15,75%,Fastazi-S,0.5376344086021502,50.0,0.033154121863799284,NA,NA,29,0,1
Gson,15,75%,Fastazi-P,0.5376344086021502,50.0,0.04874551971326165,NA,NA,28,0,2
Gson,15,75%,Random,0.5376344086021502,50.0,0.40698924731182795,NA,NA,13,0,17
Gson,15,80%,Ekstazi,0.5698924731182798,53.0,0.47903225806451616,NA,NA,9,0,21
Gson,15,80%,FAST,0.5698924731182798,53.0,0.033154121863799284,NA,NA,29,0,1
Gson,15,80%,Ekstazi+dpt,0.5698924731182798,53.0,0.0,NA,NA,30,0,0
Gson,15,80%,DPT,0.5698924731182798,53.0,0.0,NA,NA,30,0,0
Gson,15,80%,STARTS,0.5698924731182798,53.0,0.3584229390681003,NA,NA,14,0,16
Gson,15,80%,STARTS+FAST-S,0.5698924731182798,53.0,0.0,NA,NA,30,0,0
Gson,15,80%,STARTS+FAST-P,0.5698924731182798,53.0,0.0,NA,NA,30,0,0
Gson,15,80%,STARTS+DPT,0.5698924731182798,53.0,0.0,NA,NA,30,0,0
Gson,15,80%,Fastazi-S,0.5698924731182798,53.0,0.4623655913978492,50.5,0.5430107526881719,0,1,30
Gson,15,80%,Fastazi-P,0.5698924731182798,53.0,0.4734767025089606,49.46666666666667,0.5318996415770612,0,1,30
Gson,15,80%,Random,0.5698924731182798,53.0,0.4374551971326165,NA,NA,11,0,19
Gson,15,90%,Ekstazi,0.6451612903225804,60.0,0.5335125448028674,NA,NA,5,0,25
Gson,15,90%,FAST,0.6451612903225804,60.0,0.033154121863799284,NA,NA,29,0,1
Gson,15,90%,Ekstazi+dpt,0.6451612903225804,60.0,0.0,NA,NA,30,0,0
Gson,15,90%,DPT,0.6451612903225804,60.0,0.0,NA,NA,30,0,0
Gson,15,90%,STARTS,0.6451612903225804,60.0,0.43655913978494626,NA,NA,8,0,22
Gson,15,90%,STARTS+FAST-S,0.6451612903225804,60.0,0.0,NA,NA,30,0,0
Gson,15,90%,STARTS+FAST-P,0.6451612903225804,60.0,0.0,NA,NA,30,0,0
Gson,15,90%,STARTS+DPT,0.6451612903225804,60.0,0.0,NA,NA,30,0,0
Gson,15,90%,Fastazi-S,0.6451612903225804,60.0,0.4623655913978492,50.5,0.5430107526881719,0,1,30
Gson,15,90%,Fastazi-P,0.6451612903225804,60.0,0.4734767025089606,49.46666666666667,0.5318996415770612,0,1,30
Gson,15,90%,Random,0.6451612903225804,60.0,0.47491039426523296,NA,NA,8,0,22
Gson,15,100%,Ekstazi,0.7204301075268815,67.0,0.585663082437276,39.03333333333333,0.41971326164874545,0,1,30
Gson,15,100%,FAST,0.7204301075268815,67.0,0.033154121863799284,NA,NA,29,0,1
Gson,15,100%,Ekstazi+dpt,0.7204301075268815,67.0,0.2849462365591399,67.0,0.7204301075268815,0,1,30
Gson,15,100%,DPT,0.7204301075268815,67.0,0.0,NA,NA,30,0,0
Gson,15,100%,STARTS,0.7204301075268815,67.0,0.46899641577060935,NA,NA,5,0,25
Gson,15,100%,STARTS+FAST-S,0.7204301075268815,67.0,0.0,NA,NA,30,0,0
Gson,15,100%,STARTS+FAST-P,0.7204301075268815,67.0,0.0,NA,NA,30,0,0
Gson,15,100%,STARTS+DPT,0.7204301075268815,67.0,0.0,NA,NA,30,0,0
Gson,15,100%,Fastazi-S,0.7204301075268815,67.0,0.4623655913978492,50.5,0.5430107526881719,0,1,30
Gson,15,100%,Fastazi-P,0.7204301075268815,67.0,0.4734767025089606,49.46666666666667,0.5318996415770612,0,1,30
Gson,15,100%,Random,0.7204301075268815,67.0,0.49641577060931896,NA,NA,6,0,24
Gson,16,10%,Ekstazi,0.08602150537634405,8.0,0.06594982078853047,NA,NA,28,0,2
Gson,16,10%,FAST,0.08602150537634405,8.0,0.0,NA,NA,30,0,0
Gson,16,10%,Ekstazi+dpt,0.08602150537634405,8.0,0.0,NA,NA,30,0,0
Gson,16,10%,DPT,0.08602150537634405,8.0,0.0,NA,NA,30,0,0
Gson,16,10%,STARTS,0.08602150537634405,8.0,0.06272401433691757,NA,NA,28,0,2
Gson,16,10%,STARTS+FAST-S,0.08602150537634405,8.0,0.033154121863799284,NA,NA,29,0,1
Gson,16,10%,STARTS+FAST-P,0.08602150537634405,8.0,0.0,NA,NA,30,0,0
Gson,16,10%,STARTS+DPT,0.08602150537634405,8.0,0.0,NA,NA,30,0,0
Gson,16,10%,Fastazi-S,0.08602150537634405,8.0,0.0,NA,NA,30,0,0
Gson,16,10%,Fastazi-P,0.08602150537634405,8.0,0.0,NA,NA,30,0,0
Gson,16,10%,Random,0.08602150537634405,8.0,0.06272401433691757,NA,NA,28,0,2
Gson,16,20%,Ekstazi,0.1720430107526881,16.0,0.12508960573476705,NA,NA,26,0,4
Gson,16,20%,FAST,0.1720430107526881,16.0,0.0,NA,NA,30,0,0
Gson,16,20%,Ekstazi+dpt,0.1720430107526881,16.0,0.0,NA,NA,30,0,0
Gson,16,20%,DPT,0.1720430107526881,16.0,0.0,NA,NA,30,0,0
Gson,16,20%,STARTS,0.1720430107526881,16.0,0.06272401433691757,NA,NA,28,0,2
Gson,16,20%,STARTS+FAST-S,0.1720430107526881,16.0,0.033154121863799284,NA,NA,29,0,1
Gson,16,20%,STARTS+FAST-P,0.1720430107526881,16.0,0.0,NA,NA,30,0,0
Gson,16,20%,STARTS+DPT,0.1720430107526881,16.0,0.0,NA,NA,30,0,0
Gson,16,20%,Fastazi-S,0.1720430107526881,16.0,0.0,NA,NA,30,0,0
Gson,16,20%,Fastazi-P,0.1720430107526881,16.0,0.0,NA,NA,30,0,0
Gson,16,20%,Random,0.1720430107526881,16.0,0.1507168458781362,NA,NA,25,0,5
Gson,16,25%,Ekstazi,0.21505376344086008,20.0,0.12508960573476705,NA,NA,26,0,4
Gson,16,25%,FAST,0.21505376344086008,20.0,0.0,NA,NA,30,0,0
Gson,16,25%,Ekstazi+dpt,0.21505376344086008,20.0,0.0,NA,NA,30,0,0
Gson,16,25%,DPT,0.21505376344086008,20.0,0.0,NA,NA,30,0,0
Gson,16,25%,STARTS,0.21505376344086008,20.0,0.1164874551971326,NA,NA,26,0,4
Gson,16,25%,STARTS+FAST-S,0.21505376344086008,20.0,0.033154121863799284,NA,NA,29,0,1
Gson,16,25%,STARTS+FAST-P,0.21505376344086008,20.0,0.0,NA,NA,30,0,0
Gson,16,25%,STARTS+DPT,0.21505376344086008,20.0,0.0,NA,NA,30,0,0
Gson,16,25%,Fastazi-S,0.21505376344086008,20.0,0.0,NA,NA,30,0,0
Gson,16,25%,Fastazi-P,0.21505376344086008,20.0,0.0,NA,NA,30,0,0
Gson,16,25%,Random,0.21505376344086008,20.0,0.17777777777777773,NA,NA,24,0,6
Gson,16,30%,Ekstazi,0.2580645161290321,24.0,0.12508960573476705,NA,NA,26,0,4
Gson,16,30%,FAST,0.2580645161290321,24.0,0.0,NA,NA,30,0,0
Gson,16,30%,Ekstazi+dpt,0.2580645161290321,24.0,0.0,NA,NA,30,0,0
Gson,16,30%,DPT,0.2580645161290321,24.0,0.0,NA,NA,30,0,0
Gson,16,30%,STARTS,0.2580645161290321,24.0,0.1922939068100358,NA,NA,23,0,7
Gson,16,30%,STARTS+FAST-S,0.2580645161290321,24.0,0.033154121863799284,NA,NA,29,0,1
Gson,16,30%,STARTS+FAST-P,0.2580645161290321,24.0,0.0,NA,NA,30,0,0
Gson,16,30%,STARTS+DPT,0.2580645161290321,24.0,0.0,NA,NA,30,0,0
Gson,16,30%,Fastazi-S,0.2580645161290321,24.0,0.0,NA,NA,30,0,0
Gson,16,30%,Fastazi-P,0.2580645161290321,24.0,0.0,NA,NA,30,0,0
Gson,16,30%,Random,0.2580645161290321,24.0,0.20340501792114693,NA,NA,23,0,7
Gson,16,40%,Ekstazi,0.3440860215053762,32.0,0.19480286738351255,NA,NA,23,0,7
Gson,16,40%,FAST,0.3440860215053762,32.0,0.0,NA,NA,30,0,0
Gson,16,40%,Ekstazi+dpt,0.3440860215053762,32.0,0.0,NA,NA,30,0,0
Gson,16,40%,DPT,0.3440860215053762,32.0,0.0,NA,NA,30,0,0
Gson,16,40%,STARTS,0.3440860215053762,32.0,0.21684587813620068,NA,NA,22,0,8
Gson,16,40%,STARTS+FAST-S,0.3440860215053762,32.0,0.033154121863799284,NA,NA,29,0,1
Gson,16,40%,STARTS+FAST-P,0.3440860215053762,32.0,0.0,NA,NA,30,0,0
Gson,16,40%,STARTS+DPT,0.3440860215053762,32.0,0.0,NA,NA,30,0,0
Gson,16,40%,Fastazi-S,0.3440860215053762,32.0,0.0,NA,NA,30,0,0
Gson,16,40%,Fastazi-P,0.3440860215053762,32.0,0.0,NA,NA,30,0,0
Gson,16,40%,Random,0.3440860215053762,32.0,0.20340501792114693,NA,NA,23,0,7
Gson,16,50%,Ekstazi,0.43010752688172016,40.0,0.3177419354838709,NA,NA,17,0,13
Gson,16,50%,FAST,0.43010752688172016,40.0,0.0,NA,NA,30,0,0
Gson,16,50%,Ekstazi+dpt,0.43010752688172016,40.0,0.0,NA,NA,30,0,0
Gson,16,50%,DPT,0.43010752688172016,40.0,0.0,NA,NA,30,0,0
Gson,16,50%,STARTS,0.43010752688172016,40.0,0.23602150537634406,NA,NA,21,0,9
Gson,16,50%,STARTS+FAST-S,0.43010752688172016,40.0,0.033154121863799284,NA,NA,29,0,1
Gson,16,50%,STARTS+FAST-P,0.43010752688172016,40.0,0.0,NA,NA,30,0,0
Gson,16,50%,STARTS+DPT,0.43010752688172016,40.0,0.0,NA,NA,30,0,0
Gson,16,50%,Fastazi-S,0.43010752688172016,40.0,0.0,NA,NA,30,0,0
Gson,16,50%,Fastazi-P,0.43010752688172016,40.0,0.0,NA,NA,30,0,0
Gson,16,50%,Random,0.43010752688172016,40.0,0.20340501792114693,NA,NA,23,0,7
Gson,16,60%,Ekstazi,0.5161290322580642,48.0,0.3553763440860215,NA,NA,15,0,15
Gson,16,60%,FAST,0.5161290322580642,48.0,0.0,NA,NA,30,0,0
Gson,16,60%,Ekstazi+dpt,0.5161290322580642,48.0,0.5483870967741935,42.5,0.4569892473118278,0,1,30
Gson,16,60%,DPT,0.5161290322580642,48.0,0.5451612903225805,42.8,0.4602150537634409,0,1,30
Gson,16,60%,STARTS,0.5161290322580642,48.0,0.32114695340501787,NA,NA,16,0,14
Gson,16,60%,STARTS+FAST-S,0.5161290322580642,48.0,0.033154121863799284,NA,NA,29,0,1
Gson,16,60%,STARTS+FAST-P,0.5161290322580642,48.0,0.0,NA,NA,30,0,0
Gson,16,60%,STARTS+DPT,0.5161290322580642,48.0,0.5476702508960573,42.56666666666667,0.4577060931899641,0,1,30
Gson,16,60%,Fastazi-S,0.5161290322580642,48.0,0.0,NA,NA,30,0,0
Gson,16,60%,Fastazi-P,0.5161290322580642,48.0,0.016308243727598568,NA,NA,29,0,1
Gson,16,60%,Random,0.5161290322580642,48.0,0.27616487455197125,NA,NA,19,0,11
Gson,16,70%,Ekstazi,0.6021505376344084,56.0,0.4010752688172043,NA,NA,12,0,18
Gson,16,70%,FAST,0.6021505376344084,56.0,0.0,NA,NA,30,0,0
Gson,16,70%,Ekstazi+dpt,0.6021505376344084,56.0,0.5483870967741935,42.5,0.4569892473118278,0,1,30
Gson,16,70%,DPT,0.6021505376344084,56.0,0.5451612903225805,42.8,0.4602150537634409,0,1,30
Gson,16,70%,STARTS,0.6021505376344084,56.0,0.3654121863799283,NA,NA,13,0,17
Gson,16,70%,STARTS+FAST-S,0.6021505376344084,56.0,0.43906810035842275,52.666666666666664,0.5663082437275986,0,1,30
Gson,16,70%,STARTS+FAST-P,0.6021505376344084,56.0,0.4193548387096773,54.5,0.586021505376344,0,1,30
Gson,16,70%,STARTS+DPT,0.6021505376344084,56.0,0.5476702508960573,42.56666666666667,0.4577060931899641,0,1,30
Gson,16,70%,Fastazi-S,0.6021505376344084,56.0,0.47491039426523296,49.333333333333336,0.5304659498207885,0,1,30
Gson,16,70%,Fastazi-P,0.6021505376344084,56.0,0.4752688172043011,49.3,0.5301075268817205,0,1,30
Gson,16,70%,Random,0.6021505376344084,56.0,0.350179211469534,NA,NA,14,0,16
Gson,16,75%,Ekstazi,0.6451612903225804,60.0,0.4134408602150537,NA,NA,11,0,19
Gson,16,75%,FAST,0.6451612903225804,60.0,0.37849462365591385,58.3,0.6268817204301076,0,1,30
Gson,16,75%,Ekstazi+dpt,0.6451612903225804,60.0,0.5483870967741935,42.5,0.4569892473118278,0,1,30
Gson,16,75%,DPT,0.6451612903225804,60.0,0.5451612903225805,42.8,0.4602150537634409,0,1,30
Gson,16,75%,STARTS,0.6451612903225804,60.0,0.3901433691756272,NA,NA,11,0,19
Gson,16,75%,STARTS+FAST-S,0.6451612903225804,60.0,0.43906810035842275,52.666666666666664,0.5663082437275986,0,1,30
Gson,16,75%,STARTS+FAST-P,0.6451612903225804,60.0,0.4193548387096773,54.5,0.586021505376344,0,1,30
Gson,16,75%,STARTS+DPT,0.6451612903225804,60.0,0.5476702508960573,42.56666666666667,0.4577060931899641,0,1,30
Gson,16,75%,Fastazi-S,0.6451612903225804,60.0,0.47491039426523296,49.333333333333336,0.5304659498207885,0,1,30
Gson,16,75%,Fastazi-P,0.6451612903225804,60.0,0.4752688172043011,49.3,0.5301075268817205,0,1,30
Gson,16,75%,Random,0.6451612903225804,60.0,0.350179211469534,NA,NA,14,0,16
Gson,16,80%,Ekstazi,0.6881720430107524,64.0,0.4240143369175627,NA,NA,10,0,20
Gson,16,80%,FAST,0.6881720430107524,64.0,0.37849462365591385,58.3,0.6268817204301076,0,1,30
Gson,16,80%,Ekstazi+dpt,0.6881720430107524,64.0,0.5483870967741935,42.5,0.4569892473118278,0,1,30
Gson,16,80%,DPT,0.6881720430107524,64.0,0.5451612903225805,42.8,0.4602150537634409,0,1,30
Gson,16,80%,STARTS,0.6881720430107524,64.0,0.41236559139784945,NA,NA,9,0,21
Gson,16,80%,STARTS+FAST-S,0.6881720430107524,64.0,0.43906810035842275,52.666666666666664,0.5663082437275986,0,1,30
Gson,16,80%,STARTS+FAST-P,0.6881720430107524,64.0,0.4193548387096773,54.5,0.586021505376344,0,1,30
Gson,16,80%,STARTS+DPT,0.6881720430107524,64.0,0.5476702508960573,42.56666666666667,0.4577060931899641,0,1,30
Gson,16,80%,Fastazi-S,0.6881720430107524,64.0,0.47491039426523296,49.333333333333336,0.5304659498207885,0,1,30
Gson,16,80%,Fastazi-P,0.6881720430107524,64.0,0.4752688172043011,49.3,0.5301075268817205,0,1,30
Gson,16,80%,Random,0.6881720430107524,64.0,0.3829749103942652,NA,NA,11,0,19
Gson,16,90%,Ekstazi,0.7741935483870964,72.0,0.45878136200716846,NA,NA,6,0,24
Gson,16,90%,FAST,0.7741935483870964,72.0,0.37849462365591385,58.3,0.6268817204301076,0,1,30
Gson,16,90%,Ekstazi+dpt,0.7741935483870964,72.0,0.5483870967741935,42.5,0.4569892473118278,0,1,30
Gson,16,90%,DPT,0.7741935483870964,72.0,0.5451612903225805,42.8,0.4602150537634409,0,1,30
Gson,16,90%,STARTS,0.7741935483870964,72.0,0.4302867383512545,NA,NA,7,0,23
Gson,16,90%,STARTS+FAST-S,0.7741935483870964,72.0,0.43906810035842275,52.666666666666664,0.5663082437275986,0,1,30
Gson,16,90%,STARTS+FAST-P,0.7741935483870964,72.0,0.4193548387096773,54.5,0.586021505376344,0,1,30
Gson,16,90%,STARTS+DPT,0.7741935483870964,72.0,0.5476702508960573,42.56666666666667,0.4577060931899641,0,1,30
Gson,16,90%,Fastazi-S,0.7741935483870964,72.0,0.47491039426523296,49.333333333333336,0.5304659498207885,0,1,30
Gson,16,90%,Fastazi-P,0.7741935483870964,72.0,0.4752688172043011,49.3,0.5301075268817205,0,1,30
Gson,16,90%,Random,0.7741935483870964,72.0,0.4261648745519713,NA,NA,6,0,24
Gson,16,100%,Ekstazi,0.8602150537634403,80.0,0.4921146953405018,47.733333333333334,0.5132616487455197,0,1,30
Gson,16,100%,FAST,0.8602150537634403,80.0,0.37849462365591385,58.3,0.6268817204301076,0,1,30
Gson,16,100%,Ekstazi+dpt,0.8602150537634403,80.0,0.5483870967741935,42.5,0.4569892473118278,0,1,30
Gson,16,100%,DPT,0.8602150537634403,80.0,0.5451612903225805,42.8,0.4602150537634409,0,1,30
Gson,16,100%,STARTS,0.8602150537634403,80.0,0.4455197132616488,NA,NA,4,0,26
Gson,16,100%,STARTS+FAST-S,0.8602150537634403,80.0,0.43906810035842275,52.666666666666664,0.5663082437275986,0,1,30
Gson,16,100%,STARTS+FAST-P,0.8602150537634403,80.0,0.4193548387096773,54.5,0.586021505376344,0,1,30
Gson,16,100%,STARTS+DPT,0.8602150537634403,80.0,0.5476702508960573,42.56666666666667,0.4577060931899641,0,1,30
Gson,16,100%,Fastazi-S,0.8602150537634403,80.0,0.47491039426523296,49.333333333333336,0.5304659498207885,0,1,30
Gson,16,100%,Fastazi-P,0.8602150537634403,80.0,0.4752688172043011,49.3,0.5301075268817205,0,1,30
Gson,16,100%,Random,0.8602150537634403,80.0,0.4310035842293906,NA,NA,5,0,25
Gson,17,10%,Ekstazi,0.05376344086021502,5.0,0.03207885304659498,NA,NA,29,0,1
Gson,17,10%,FAST,0.05376344086021502,5.0,0.0,NA,NA,30,0,0
Gson,17,10%,Ekstazi+dpt,0.05376344086021502,5.0,0.0,NA,NA,30,0,0
Gson,17,10%,DPT,0.05376344086021502,5.0,0.0,NA,NA,30,0,0
Gson,17,10%,STARTS,0.05376344086021502,5.0,0.06415770609318996,NA,NA,28,0,2
Gson,17,10%,STARTS+FAST-S,0.05376344086021502,5.0,0.033154121863799284,NA,NA,29,0,1
Gson,17,10%,STARTS+FAST-P,0.05376344086021502,5.0,0.0,NA,NA,30,0,0
Gson,17,10%,STARTS+DPT,0.05376344086021502,5.0,0.0,NA,NA,30,0,0
Gson,17,10%,Fastazi-S,0.05376344086021502,5.0,0.0,NA,NA,30,0,0
Gson,17,10%,Fastazi-P,0.05376344086021502,5.0,0.0,NA,NA,30,0,0
Gson,17,10%,Random,0.05376344086021502,5.0,0.0,NA,NA,30,0,0
Gson,17,20%,Ekstazi,0.10752688172043004,10.0,0.18602150537634407,NA,NA,24,0,6
Gson,17,20%,FAST,0.10752688172043004,10.0,0.0,NA,NA,30,0,0
Gson,17,20%,Ekstazi+dpt,0.10752688172043004,10.0,0.0,NA,NA,30,0,0
Gson,17,20%,DPT,0.10752688172043004,10.0,0.0,NA,NA,30,0,0
Gson,17,20%,STARTS,0.10752688172043004,10.0,0.09551971326164875,NA,NA,27,0,3
Gson,17,20%,STARTS+FAST-S,0.10752688172043004,10.0,0.033154121863799284,NA,NA,29,0,1
Gson,17,20%,STARTS+FAST-P,0.10752688172043004,10.0,0.0,NA,NA,30,0,0
Gson,17,20%,STARTS+DPT,0.10752688172043004,10.0,0.0,NA,NA,30,0,0
Gson,17,20%,Fastazi-S,0.10752688172043004,10.0,0.0,NA,NA,30,0,0
Gson,17,20%,Fastazi-P,0.10752688172043004,10.0,0.0,NA,NA,30,0,0
Gson,17,20%,Random,0.10752688172043004,10.0,0.06129032258064516,NA,NA,28,0,2
Gson,17,25%,Ekstazi,0.13978494623655904,13.0,0.24480286738351253,NA,NA,22,0,8
Gson,17,25%,FAST,0.13978494623655904,13.0,0.0,NA,NA,30,0,0
Gson,17,25%,Ekstazi+dpt,0.13978494623655904,13.0,0.0,NA,NA,30,0,0
Gson,17,25%,DPT,0.13978494623655904,13.0,0.0,NA,NA,30,0,0
Gson,17,25%,STARTS,0.13978494623655904,13.0,0.09551971326164875,NA,NA,27,0,3
Gson,17,25%,STARTS+FAST-S,0.13978494623655904,13.0,0.033154121863799284,NA,NA,29,0,1
Gson,17,25%,STARTS+FAST-P,0.13978494623655904,13.0,0.0,NA,NA,30,0,0
Gson,17,25%,STARTS+DPT,0.13978494623655904,13.0,0.0,NA,NA,30,0,0
Gson,17,25%,Fastazi-S,0.13978494623655904,13.0,0.0,NA,NA,30,0,0
Gson,17,25%,Fastazi-P,0.13978494623655904,13.0,0.0,NA,NA,30,0,0
Gson,17,25%,Random,0.13978494623655904,13.0,0.09050179211469533,NA,NA,27,0,3
Gson,17,30%,Ekstazi,0.1720430107526881,16.0,0.32921146953405017,NA,NA,19,0,11
Gson,17,30%,FAST,0.1720430107526881,16.0,0.0,NA,NA,30,0,0
Gson,17,30%,Ekstazi+dpt,0.1720430107526881,16.0,0.0,NA,NA,30,0,0
Gson,17,30%,DPT,0.1720430107526881,16.0,0.0,NA,NA,30,0,0
Gson,17,30%,STARTS,0.1720430107526881,16.0,0.1799283154121864,NA,NA,24,0,6
Gson,17,30%,STARTS+FAST-S,0.1720430107526881,16.0,0.033154121863799284,NA,NA,29,0,1
Gson,17,30%,STARTS+FAST-P,0.1720430107526881,16.0,0.0,NA,NA,30,0,0
Gson,17,30%,STARTS+DPT,0.1720430107526881,16.0,0.0,NA,NA,30,0,0
Gson,17,30%,Fastazi-S,0.1720430107526881,16.0,0.0,NA,NA,30,0,0
Gson,17,30%,Fastazi-P,0.1720430107526881,16.0,0.0,NA,NA,30,0,0
Gson,17,30%,Random,0.1720430107526881,16.0,0.09050179211469533,NA,NA,27,0,3
Gson,17,40%,Ekstazi,0.22580645161290308,21.0,0.382258064516129,NA,NA,17,0,13
Gson,17,40%,FAST,0.22580645161290308,21.0,0.0,NA,NA,30,0,0
Gson,17,40%,Ekstazi+dpt,0.22580645161290308,21.0,0.0,NA,NA,30,0,0
Gson,17,40%,DPT,0.22580645161290308,21.0,0.0,NA,NA,30,0,0
Gson,17,40%,STARTS,0.22580645161290308,21.0,0.20591397849462367,NA,NA,23,0,7
Gson,17,40%,STARTS+FAST-S,0.22580645161290308,21.0,0.033154121863799284,NA,NA,29,0,1
Gson,17,40%,STARTS+FAST-P,0.22580645161290308,21.0,0.0,NA,NA,30,0,0
Gson,17,40%,STARTS+DPT,0.22580645161290308,21.0,0.0,NA,NA,30,0,0
Gson,17,40%,Fastazi-S,0.22580645161290308,21.0,0.0,NA,NA,30,0,0
Gson,17,40%,Fastazi-P,0.22580645161290308,21.0,0.0,NA,NA,30,0,0
Gson,17,40%,Random,0.22580645161290308,21.0,0.142831541218638,NA,NA,25,0,5
Gson,17,50%,Ekstazi,0.29032258064516125,27.0,0.47974910394265236,NA,NA,13,0,17
Gson,17,50%,FAST,0.29032258064516125,27.0,0.0,NA,NA,30,0,0
Gson,17,50%,Ekstazi+dpt,0.29032258064516125,27.0,0.0,NA,NA,30,0,0
Gson,17,50%,DPT,0.29032258064516125,27.0,0.0,NA,NA,30,0,0
Gson,17,50%,STARTS,0.29032258064516125,27.0,0.28028673835125445,NA,NA,20,0,10
Gson,17,50%,STARTS+FAST-S,0.29032258064516125,27.0,0.033154121863799284,NA,NA,29,0,1
Gson,17,50%,STARTS+FAST-P,0.29032258064516125,27.0,0.0,NA,NA,30,0,0
Gson,17,50%,STARTS+DPT,0.29032258064516125,27.0,0.0,NA,NA,30,0,0
Gson,17,50%,Fastazi-S,0.29032258064516125,27.0,0.0,NA,NA,30,0,0
Gson,17,50%,Fastazi-P,0.29032258064516125,27.0,0.0,NA,NA,30,0,0
Gson,17,50%,Random,0.29032258064516125,27.0,0.1915770609318996,NA,NA,23,0,7
Gson,17,60%,Ekstazi,0.3440860215053762,32.0,0.5028673835125448,NA,NA,12,0,18
Gson,17,60%,FAST,0.3440860215053762,32.0,0.0,NA,NA,30,0,0
Gson,17,60%,Ekstazi+dpt,0.3440860215053762,32.0,0.0,NA,NA,30,0,0
Gson,17,60%,DPT,0.3440860215053762,32.0,0.0,NA,NA,30,0,0
Gson,17,60%,STARTS,0.3440860215053762,32.0,0.32544802867383515,NA,NA,18,0,12
Gson,17,60%,STARTS+FAST-S,0.3440860215053762,32.0,0.033154121863799284,NA,NA,29,0,1
Gson,17,60%,STARTS+FAST-P,0.3440860215053762,32.0,0.0,NA,NA,30,0,0
Gson,17,60%,STARTS+DPT,0.3440860215053762,32.0,0.0,NA,NA,30,0,0
Gson,17,60%,Fastazi-S,0.3440860215053762,32.0,0.6881720430107529,29.5,0.3172043010752687,0,1,30
Gson,17,60%,Fastazi-P,0.3440860215053762,32.0,0.6899641577060934,29.333333333333332,0.3154121863799283,0,1,30
Gson,17,60%,Random,0.3440860215053762,32.0,0.23637992831541216,NA,NA,21,0,9
Gson,17,70%,Ekstazi,0.39784946236559143,37.0,0.5437275985663083,NA,NA,10,0,20
Gson,17,70%,FAST,0.39784946236559143,37.0,0.0,NA,NA,30,0,0
Gson,17,70%,Ekstazi+dpt,0.39784946236559143,37.0,0.0,NA,NA,30,0,0
Gson,17,70%,DPT,0.39784946236559143,37.0,0.0,NA,NA,30,0,0
Gson,17,70%,STARTS,0.39784946236559143,37.0,0.40967741935483876,NA,NA,14,0,16
Gson,17,70%,STARTS+FAST-S,0.39784946236559143,37.0,0.033154121863799284,NA,NA,29,0,1
Gson,17,70%,STARTS+FAST-P,0.39784946236559143,37.0,0.0,NA,NA,30,0,0
Gson,17,70%,STARTS+DPT,0.39784946236559143,37.0,0.0,NA,NA,30,0,0
Gson,17,70%,Fastazi-S,0.39784946236559143,37.0,0.6881720430107529,29.5,0.3172043010752687,0,1,30
Gson,17,70%,Fastazi-P,0.39784946236559143,37.0,0.6899641577060934,29.333333333333332,0.3154121863799283,0,1,30
Gson,17,70%,Random,0.39784946236559143,37.0,0.3209677419354839,NA,NA,17,0,13
Gson,17,75%,Ekstazi,0.43010752688172016,40.0,0.5632616487455198,NA,NA,9,0,21
Gson,17,75%,FAST,0.43010752688172016,40.0,0.0,NA,NA,30,0,0
Gson,17,75%,Ekstazi+dpt,0.43010752688172016,40.0,0.0,NA,NA,30,0,0
Gson,17,75%,DPT,0.43010752688172016,40.0,0.0,NA,NA,30,0,0
Gson,17,75%,STARTS,0.43010752688172016,40.0,0.40967741935483876,NA,NA,14,0,16
Gson,17,75%,STARTS+FAST-S,0.43010752688172016,40.0,0.033154121863799284,NA,NA,29,0,1
Gson,17,75%,STARTS+FAST-P,0.43010752688172016,40.0,0.0,NA,NA,30,0,0
Gson,17,75%,STARTS+DPT,0.43010752688172016,40.0,0.0,NA,NA,30,0,0
Gson,17,75%,Fastazi-S,0.43010752688172016,40.0,0.6881720430107529,29.5,0.3172043010752687,0,1,30
Gson,17,75%,Fastazi-P,0.43010752688172016,40.0,0.6899641577060934,29.333333333333332,0.3154121863799283,0,1,30
Gson,17,75%,Random,0.43010752688172016,40.0,0.3209677419354839,NA,NA,17,0,13
Gson,17,80%,Ekstazi,0.46236559139784955,43.0,0.600179211469534,NA,NA,7,0,23
Gson,17,80%,FAST,0.46236559139784955,43.0,0.0,NA,NA,30,0,0
Gson,17,80%,Ekstazi+dpt,0.46236559139784955,43.0,0.0,NA,NA,30,0,0
Gson,17,80%,DPT,0.46236559139784955,43.0,0.0,NA,NA,30,0,0
Gson,17,80%,STARTS,0.46236559139784955,43.0,0.40967741935483876,NA,NA,14,0,16
Gson,17,80%,STARTS+FAST-S,0.46236559139784955,43.0,0.32275985663082435,NA,NA,13,0,17
Gson,17,80%,STARTS+FAST-P,0.46236559139784955,43.0,0.28960573476702506,NA,NA,14,0,16
Gson,17,80%,STARTS+DPT,0.46236559139784955,43.0,0.0,NA,NA,30,0,0
Gson,17,80%,Fastazi-S,0.46236559139784955,43.0,0.6881720430107529,29.5,0.3172043010752687,0,1,30
Gson,17,80%,Fastazi-P,0.46236559139784955,43.0,0.6899641577060934,29.333333333333332,0.3154121863799283,0,1,30
Gson,17,80%,Random,0.46236559139784955,43.0,0.3209677419354839,NA,NA,17,0,13
Gson,17,90%,Ekstazi,0.5161290322580642,48.0,0.6501792114695341,NA,NA,4,0,26
Gson,17,90%,FAST,0.5161290322580642,48.0,0.0,NA,NA,30,0,0
Gson,17,90%,Ekstazi+dpt,0.5161290322580642,48.0,0.0,NA,NA,30,0,0
Gson,17,90%,DPT,0.5161290322580642,48.0,0.0,NA,NA,30,0,0
Gson,17,90%,STARTS,0.5161290322580642,48.0,0.4274193548387098,NA,NA,13,0,17
Gson,17,90%,STARTS+FAST-S,0.5161290322580642,48.0,0.5534050179211467,42.03333333333333,0.4519713261648745,0,1,30
Gson,17,90%,STARTS+FAST-P,0.5161290322580642,48.0,0.5372759856630823,43.53333333333333,0.46810035842293907,0,1,30
Gson,17,90%,STARTS+DPT,0.5161290322580642,48.0,0.0,NA,NA,30,0,0
Gson,17,90%,Fastazi-S,0.5161290322580642,48.0,0.6881720430107529,29.5,0.3172043010752687,0,1,30
Gson,17,90%,Fastazi-P,0.5161290322580642,48.0,0.6899641577060934,29.333333333333332,0.3154121863799283,0,1,30
Gson,17,90%,Random,0.5161290322580642,48.0,0.33763440860215055,NA,NA,16,0,14
Gson,17,100%,Ekstazi,0.5806451612903225,54.0,0.7096774193548389,27.5,0.2956989247311828,0,1,30
Gson,17,100%,FAST,0.5806451612903225,54.0,0.44086021505376327,52.5,0.564516129032258,0,1,30
Gson,17,100%,Ekstazi+dpt,0.5806451612903225,54.0,0.42473118279569866,54.0,0.5806451612903225,0,1,30
Gson,17,100%,DPT,0.5806451612903225,54.0,0.0,NA,NA,30,0,0
Gson,17,100%,STARTS,0.5806451612903225,54.0,0.44265232974910407,NA,NA,12,0,18
Gson,17,100%,STARTS+FAST-S,0.5806451612903225,54.0,0.5534050179211467,42.03333333333333,0.4519713261648745,0,1,30
Gson,17,100%,STARTS+FAST-P,0.5806451612903225,54.0,0.5372759856630823,43.53333333333333,0.46810035842293907,0,1,30
Gson,17,100%,STARTS+DPT,0.5806451612903225,54.0,0.0,NA,NA,30,0,0
Gson,17,100%,Fastazi-S,0.5806451612903225,54.0,0.6881720430107529,29.5,0.3172043010752687,0,1,30
Gson,17,100%,Fastazi-P,0.5806451612903225,54.0,0.6899641577060934,29.333333333333332,0.3154121863799283,0,1,30
Gson,17,100%,Random,0.5806451612903225,54.0,0.35250896057347675,NA,NA,15,0,15
Gson,18,10%,Ekstazi,0.07526881720430105,7.0,0.13010752688172042,NA,NA,26,0,4
Gson,18,10%,FAST,0.07526881720430105,7.0,0.06630824372759857,NA,NA,28,0,2
Gson,18,10%,Ekstazi+dpt,0.07526881720430105,7.0,0.9673835125448024,3.533333333333333,0.037992831541218616,0,1,30
Gson,18,10%,DPT,0.07526881720430105,7.0,0.9688172043010749,3.4,0.03655913978494622,0,1,30
Gson,18,10%,STARTS,0.07526881720430105,7.0,0.12903225806451613,NA,NA,26,0,4
Gson,18,10%,STARTS+FAST-S,0.07526881720430105,7.0,0.0,NA,NA,30,0,0
Gson,18,10%,STARTS+FAST-P,0.07526881720430105,7.0,0.0,NA,NA,30,0,0
Gson,18,10%,STARTS+DPT,0.07526881720430105,7.0,0.9666666666666665,3.6,0.03870967741935482,0,1,30
Gson,18,10%,Fastazi-S,0.07526881720430105,7.0,0.0,NA,NA,30,0,0
Gson,18,10%,Fastazi-P,0.07526881720430105,7.0,0.06630824372759857,NA,NA,28,0,2
Gson,18,10%,Random,0.07526881720430105,7.0,0.032795698924731186,NA,NA,29,0,1
Gson,18,20%,Ekstazi,0.1505376344086021,14.0,0.21953405017921143,NA,NA,23,0,7
Gson,18,20%,FAST,0.1505376344086021,14.0,0.06630824372759857,NA,NA,28,0,2
Gson,18,20%,Ekstazi+dpt,0.1505376344086021,14.0,0.9673835125448024,3.533333333333333,0.037992831541218616,0,1,30
Gson,18,20%,DPT,0.1505376344086021,14.0,0.9688172043010749,3.4,0.03655913978494622,0,1,30
Gson,18,20%,STARTS,0.1505376344086021,14.0,0.18745519713261652,NA,NA,24,0,6
Gson,18,20%,STARTS+FAST-S,0.1505376344086021,14.0,0.0,NA,NA,30,0,0
Gson,18,20%,STARTS+FAST-P,0.1505376344086021,14.0,0.0,NA,NA,30,0,0
Gson,18,20%,STARTS+DPT,0.1505376344086021,14.0,0.9666666666666665,3.6,0.03870967741935482,0,1,30
Gson,18,20%,Fastazi-S,0.1505376344086021,14.0,0.0,NA,NA,30,0,0
Gson,18,20%,Fastazi-P,0.1505376344086021,14.0,0.06630824372759857,NA,NA,28,0,2
Gson,18,20%,Random,0.1505376344086021,14.0,0.1496415770609319,NA,NA,25,0,5
Gson,18,25%,Ekstazi,0.1935483870967741,18.0,0.2476702508960573,NA,NA,22,0,8
Gson,18,25%,FAST,0.1935483870967741,18.0,0.06630824372759857,NA,NA,28,0,2
Gson,18,25%,Ekstazi+dpt,0.1935483870967741,18.0,0.9673835125448024,3.533333333333333,0.037992831541218616,0,1,30
Gson,18,25%,DPT,0.1935483870967741,18.0,0.9688172043010749,3.4,0.03655913978494622,0,1,30
Gson,18,25%,STARTS,0.1935483870967741,18.0,0.21523297491039425,NA,NA,23,0,7
Gson,18,25%,STARTS+FAST-S,0.1935483870967741,18.0,0.0,NA,NA,30,0,0
Gson,18,25%,STARTS+FAST-P,0.1935483870967741,18.0,0.0,NA,NA,30,0,0
Gson,18,25%,STARTS+DPT,0.1935483870967741,18.0,0.9666666666666665,3.6,0.03870967741935482,0,1,30
Gson,18,25%,Fastazi-S,0.1935483870967741,18.0,0.32473118279569896,NA,NA,18,0,12
Gson,18,25%,Fastazi-P,0.1935483870967741,18.0,0.3102150537634409,NA,NA,19,0,11
Gson,18,25%,Random,0.1935483870967741,18.0,0.1496415770609319,NA,NA,25,0,5
Gson,18,30%,Ekstazi,0.22580645161290308,21.0,0.2476702508960573,NA,NA,22,0,8
Gson,18,30%,FAST,0.22580645161290308,21.0,0.06630824372759857,NA,NA,28,0,2
Gson,18,30%,Ekstazi+dpt,0.22580645161290308,21.0,0.9673835125448024,3.533333333333333,0.037992831541218616,0,1,30
Gson,18,30%,DPT,0.22580645161290308,21.0,0.9688172043010749,3.4,0.03655913978494622,0,1,30
Gson,18,30%,STARTS,0.22580645161290308,21.0,0.24193548387096772,NA,NA,22,0,8
Gson,18,30%,STARTS+FAST-S,0.22580645161290308,21.0,0.0,NA,NA,30,0,0
Gson,18,30%,STARTS+FAST-P,0.22580645161290308,21.0,0.0,NA,NA,30,0,0
Gson,18,30%,STARTS+DPT,0.22580645161290308,21.0,0.9666666666666665,3.6,0.03870967741935482,0,1,30
Gson,18,30%,Fastazi-S,0.22580645161290308,21.0,0.8046594982078853,18.666666666666668,0.20071684587813607,0,1,30
Gson,18,30%,Fastazi-P,0.22580645161290308,21.0,0.8157706093189965,17.633333333333333,0.18960573476702497,0,1,30
Gson,18,30%,Random,0.22580645161290308,21.0,0.17598566308243727,NA,NA,24,0,6
Gson,18,40%,Ekstazi,0.3118279569892473,29.0,0.37007168458781353,NA,NA,17,0,13
Gson,18,40%,FAST,0.3118279569892473,29.0,0.7741935483870968,21.5,0.23118279569892458,0,1,30
Gson,18,40%,Ekstazi+dpt,0.3118279569892473,29.0,0.9673835125448024,3.533333333333333,0.037992831541218616,0,1,30
Gson,18,40%,DPT,0.3118279569892473,29.0,0.9688172043010749,3.4,0.03655913978494622,0,1,30
Gson,18,40%,STARTS,0.3118279569892473,29.0,0.292831541218638,NA,NA,20,0,10
Gson,18,40%,STARTS+FAST-S,0.3118279569892473,29.0,0.7172043010752688,26.8,0.28817204301075267,0,1,30
Gson,18,40%,STARTS+FAST-P,0.3118279569892473,29.0,0.7200716845878137,26.533333333333335,0.2853046594982078,0,1,30
Gson,18,40%,STARTS+DPT,0.3118279569892473,29.0,0.9666666666666665,3.6,0.03870967741935482,0,1,30
Gson,18,40%,Fastazi-S,0.3118279569892473,29.0,0.8046594982078853,18.666666666666668,0.20071684587813607,0,1,30
Gson,18,40%,Fastazi-P,0.3118279569892473,29.0,0.8157706093189965,17.633333333333333,0.18960573476702497,0,1,30
Gson,18,40%,Random,0.3118279569892473,29.0,0.32258064516129026,NA,NA,18,0,12
Gson,18,50%,Ekstazi,0.3870967741935482,36.0,0.37007168458781353,NA,NA,17,0,13
Gson,18,50%,FAST,0.3870967741935482,36.0,0.7741935483870968,21.5,0.23118279569892458,0,1,30
Gson,18,50%,Ekstazi+dpt,0.3870967741935482,36.0,0.9673835125448024,3.533333333333333,0.037992831541218616,0,1,30
Gson,18,50%,DPT,0.3870967741935482,36.0,0.9688172043010749,3.4,0.03655913978494622,0,1,30
Gson,18,50%,STARTS,0.3870967741935482,36.0,0.3365591397849463,NA,NA,18,0,12
Gson,18,50%,STARTS+FAST-S,0.3870967741935482,36.0,0.7172043010752688,26.8,0.28817204301075267,0,1,30
Gson,18,50%,STARTS+FAST-P,0.3870967741935482,36.0,0.7200716845878137,26.533333333333335,0.2853046594982078,0,1,30
Gson,18,50%,STARTS+DPT,0.3870967741935482,36.0,0.9666666666666665,3.6,0.03870967741935482,0,1,30
Gson,18,50%,Fastazi-S,0.3870967741935482,36.0,0.8046594982078853,18.666666666666668,0.20071684587813607,0,1,30
Gson,18,50%,Fastazi-P,0.3870967741935482,36.0,0.8157706093189965,17.633333333333333,0.18960573476702497,0,1,30
Gson,18,50%,Random,0.3870967741935482,36.0,0.38799283154121866,NA,NA,15,0,15
Gson,18,60%,Ekstazi,0.46236559139784955,43.0,0.446774193548387,NA,NA,13,0,17
Gson,18,60%,FAST,0.46236559139784955,43.0,0.7741935483870968,21.5,0.23118279569892458,0,1,30
Gson,18,60%,Ekstazi+dpt,0.46236559139784955,43.0,0.9673835125448024,3.533333333333333,0.037992831541218616,0,1,30
Gson,18,60%,DPT,0.46236559139784955,43.0,0.9688172043010749,3.4,0.03655913978494622,0,1,30
Gson,18,60%,STARTS,0.46236559139784955,43.0,0.4121863799283155,NA,NA,14,0,16
Gson,18,60%,STARTS+FAST-S,0.46236559139784955,43.0,0.7172043010752688,26.8,0.28817204301075267,0,1,30
Gson,18,60%,STARTS+FAST-P,0.46236559139784955,43.0,0.7200716845878137,26.533333333333335,0.2853046594982078,0,1,30
Gson,18,60%,STARTS+DPT,0.46236559139784955,43.0,0.9666666666666665,3.6,0.03870967741935482,0,1,30
Gson,18,60%,Fastazi-S,0.46236559139784955,43.0,0.8046594982078853,18.666666666666668,0.20071684587813607,0,1,30
Gson,18,60%,Fastazi-P,0.46236559139784955,43.0,0.8157706093189965,17.633333333333333,0.18960573476702497,0,1,30
Gson,18,60%,Random,0.46236559139784955,43.0,0.38799283154121866,NA,NA,15,0,15
Gson,18,70%,Ekstazi,0.5483870967741938,51.0,0.4982078853046595,NA,NA,10,0,20
Gson,18,70%,FAST,0.5483870967741938,51.0,0.7741935483870968,21.5,0.23118279569892458,0,1,30
Gson,18,70%,Ekstazi+dpt,0.5483870967741938,51.0,0.9673835125448024,3.533333333333333,0.037992831541218616,0,1,30
Gson,18,70%,DPT,0.5483870967741938,51.0,0.9688172043010749,3.4,0.03655913978494622,0,1,30
Gson,18,70%,STARTS,0.5483870967741938,51.0,0.44731182795698926,NA,NA,12,0,18
Gson,18,70%,STARTS+FAST-S,0.5483870967741938,51.0,0.7172043010752688,26.8,0.28817204301075267,0,1,30
Gson,18,70%,STARTS+FAST-P,0.5483870967741938,51.0,0.7200716845878137,26.533333333333335,0.2853046594982078,0,1,30
Gson,18,70%,STARTS+DPT,0.5483870967741938,51.0,0.9666666666666665,3.6,0.03870967741935482,0,1,30
Gson,18,70%,Fastazi-S,0.5483870967741938,51.0,0.8046594982078853,18.666666666666668,0.20071684587813607,0,1,30
Gson,18,70%,Fastazi-P,0.5483870967741938,51.0,0.8157706093189965,17.633333333333333,0.18960573476702497,0,1,30
Gson,18,70%,Random,0.5483870967741938,51.0,0.421326164874552,NA,NA,13,0,17
Gson,18,75%,Ekstazi,0.5806451612903225,54.0,0.4982078853046595,NA,NA,10,0,20
Gson,18,75%,FAST,0.5806451612903225,54.0,0.7741935483870968,21.5,0.23118279569892458,0,1,30
Gson,18,75%,Ekstazi+dpt,0.5806451612903225,54.0,0.9673835125448024,3.533333333333333,0.037992831541218616,0,1,30
Gson,18,75%,DPT,0.5806451612903225,54.0,0.9688172043010749,3.4,0.03655913978494622,0,1,30
Gson,18,75%,STARTS,0.5806451612903225,54.0,0.4763440860215055,NA,NA,10,0,20
Gson,18,75%,STARTS+FAST-S,0.5806451612903225,54.0,0.7172043010752688,26.8,0.28817204301075267,0,1,30
Gson,18,75%,STARTS+FAST-P,0.5806451612903225,54.0,0.7200716845878137,26.533333333333335,0.2853046594982078,0,1,30
Gson,18,75%,STARTS+DPT,0.5806451612903225,54.0,0.9666666666666665,3.6,0.03870967741935482,0,1,30
Gson,18,75%,Fastazi-S,0.5806451612903225,54.0,0.8046594982078853,18.666666666666668,0.20071684587813607,0,1,30
Gson,18,75%,Fastazi-P,0.5806451612903225,54.0,0.8157706093189965,17.633333333333333,0.18960573476702497,0,1,30
Gson,18,75%,Random,0.5806451612903225,54.0,0.421326164874552,NA,NA,13,0,17
Gson,18,80%,Ekstazi,0.6236559139784946,58.0,0.4982078853046595,NA,NA,10,0,20
Gson,18,80%,FAST,0.6236559139784946,58.0,0.7741935483870968,21.5,0.23118279569892458,0,1,30
Gson,18,80%,Ekstazi+dpt,0.6236559139784946,58.0,0.9673835125448024,3.533333333333333,0.037992831541218616,0,1,30
Gson,18,80%,DPT,0.6236559139784946,58.0,0.9688172043010749,3.4,0.03655913978494622,0,1,30
Gson,18,80%,STARTS,0.6236559139784946,58.0,0.5021505376344088,NA,NA,8,0,22
Gson,18,80%,STARTS+FAST-S,0.6236559139784946,58.0,0.7172043010752688,26.8,0.28817204301075267,0,1,30
Gson,18,80%,STARTS+FAST-P,0.6236559139784946,58.0,0.7200716845878137,26.533333333333335,0.2853046594982078,0,1,30
Gson,18,80%,STARTS+DPT,0.6236559139784946,58.0,0.9666666666666665,3.6,0.03870967741935482,0,1,30
Gson,18,80%,Fastazi-S,0.6236559139784946,58.0,0.8046594982078853,18.666666666666668,0.20071684587813607,0,1,30
Gson,18,80%,Fastazi-P,0.6236559139784946,58.0,0.8157706093189965,17.633333333333333,0.18960573476702497,0,1,30
Gson,18,80%,Random,0.6236559139784946,58.0,0.4340501792114696,NA,NA,12,0,18
Gson,18,90%,Ekstazi,0.6989247311827959,65.0,0.5517921146953404,NA,NA,5,0,25
Gson,18,90%,FAST,0.6989247311827959,65.0,0.7741935483870968,21.5,0.23118279569892458,0,1,30
Gson,18,90%,Ekstazi+dpt,0.6989247311827959,65.0,0.9673835125448024,3.533333333333333,0.037992831541218616,0,1,30
Gson,18,90%,DPT,0.6989247311827959,65.0,0.9688172043010749,3.4,0.03655913978494622,0,1,30
Gson,18,90%,STARTS,0.6989247311827959,65.0,0.5353046594982079,NA,NA,5,0,25
Gson,18,90%,STARTS+FAST-S,0.6989247311827959,65.0,0.7172043010752688,26.8,0.28817204301075267,0,1,30
Gson,18,90%,STARTS+FAST-P,0.6989247311827959,65.0,0.7200716845878137,26.533333333333335,0.2853046594982078,0,1,30
Gson,18,90%,STARTS+DPT,0.6989247311827959,65.0,0.9666666666666665,3.6,0.03870967741935482,0,1,30
Gson,18,90%,Fastazi-S,0.6989247311827959,65.0,0.8046594982078853,18.666666666666668,0.20071684587813607,0,1,30
Gson,18,90%,Fastazi-P,0.6989247311827959,65.0,0.8157706093189965,17.633333333333333,0.18960573476702497,0,1,30
Gson,18,90%,Random,0.6989247311827959,65.0,0.48100358422939077,NA,NA,8,0,22
Gson,18,100%,Ekstazi,0.7849462365591399,73.0,0.5964157706093189,38.03333333333333,0.4089605734767025,0,1,30
Gson,18,100%,FAST,0.7849462365591399,73.0,0.7741935483870968,21.5,0.23118279569892458,0,1,30
Gson,18,100%,Ekstazi+dpt,0.7849462365591399,73.0,0.9673835125448024,3.533333333333333,0.037992831541218616,0,1,30
Gson,18,100%,DPT,0.7849462365591399,73.0,0.9688172043010749,3.4,0.03655913978494622,0,1,30
Gson,18,100%,STARTS,0.7849462365591399,73.0,0.5437275985663083,NA,NA,4,0,26
Gson,18,100%,STARTS+FAST-S,0.7849462365591399,73.0,0.7172043010752688,26.8,0.28817204301075267,0,1,30
Gson,18,100%,STARTS+FAST-P,0.7849462365591399,73.0,0.7200716845878137,26.533333333333335,0.2853046594982078,0,1,30
Gson,18,100%,STARTS+DPT,0.7849462365591399,73.0,0.9666666666666665,3.6,0.03870967741935482,0,1,30
Gson,18,100%,Fastazi-S,0.7849462365591399,73.0,0.8046594982078853,18.666666666666668,0.20071684587813607,0,1,30
Gson,18,100%,Fastazi-P,0.7849462365591399,73.0,0.8157706093189965,17.633333333333333,0.18960573476702497,0,1,30
Gson,18,100%,Random,0.7849462365591399,73.0,0.5146953405017922,NA,NA,4,0,26
