Project, Version, Suite, Test count, APFDf, TTFF, pTTFF, Misses, Hit, HitCount
Cli,11,Ekstazi,24.0,0.5069444444444443,12.333333333333334,0.5138888888888888,0,1,30
Cli,11,FAST,24.0,0.8305555555555555,4.566666666666666,0.19027777777777774,0,1,30
Cli,11,Ekstazi+dpt,24.0,0.3916666666666666,15.1,0.6291666666666667,0,1,30
Cli,11,DPT,24.0,0.38472222222222224,15.266666666666667,0.6361111111111111,0,1,30
Cli,11,STARTS,24.0,0.4569444444444445,13.533333333333333,0.5638888888888889,0,1,30
Cli,11,STARTS+FAST-S,24.0,0.9222222222222223,2.3666666666666667,0.09861111111111115,0,1,30
Cli,11,STARTS+FAST-P,24.0,0.9250000000000002,2.3,0.09583333333333334,0,1,30
Cli,11,STARTS+DPT,24.0,0.3763888888888889,15.466666666666667,0.6444444444444444,0,1,30
Cli,11,Fastazi-S,24.0,0.9152777777777777,2.533333333333333,0.10555555555555557,0,1,30
Cli,11,Fastazi-P,24.0,0.8305555555555555,4.566666666666666,0.19027777777777774,0,1,30
Cli,11,Random,24.0,0.49444444444444446,12.633333333333333,0.5263888888888889,0,1,30
Cli,12,Ekstazi,20.0,0.5121212121212121,11.233333333333333,0.5106060606060605,0,1,30
Cli,12,FAST,22.0,0.3348484848484849,15.133333333333333,0.687878787878788,0,1,30
Cli,12,Ekstazi+dpt,20.0,0.7924242424242426,5.066666666666666,0.2303030303030303,0,1,30
Cli,12,DPT,22.0,0.7939393939393937,5.033333333333333,0.22878787878787868,0,1,30
Cli,12,STARTS,20.0,0.5833333333333333,9.666666666666666,0.43939393939393934,0,1,30
Cli,12,STARTS+FAST-S,20.0,0.8151515151515153,4.566666666666666,0.20757575757575758,0,1,30
Cli,12,STARTS+FAST-P,20.0,0.8393939393939392,4.033333333333333,0.1833333333333333,0,1,30
Cli,12,STARTS+DPT,20.0,0.790909090909091,5.1,0.23181818181818178,0,1,30
Cli,12,Fastazi-S,20.0,0.3515151515151516,14.766666666666667,0.6712121212121215,0,1,30
Cli,12,Fastazi-P,20.0,0.4106060606060607,13.466666666666667,0.6121212121212122,0,1,30
Cli,12,Random,22.0,0.45909090909090905,12.4,0.5636363636363637,0,1,30
Cli,13,Ekstazi,45.0,0.5025157232704404,26.866666666666667,0.5069182389937107,0,1,30
Cli,13,FAST,53.0,0.5842767295597487,22.533333333333335,0.42515723270440264,0,1,30
Cli,13,Ekstazi+dpt,45.0,0.7471698113207547,13.9,0.26226415094339633,0,1,30
Cli,13,DPT,53.0,0.7427672955974843,14.133333333333333,0.26666666666666666,0,1,30
Cli,13,STARTS,52.0,0.6050314465408805,21.433333333333334,0.4044025157232705,0,1,30
Cli,13,STARTS+FAST-S,52.0,0.5842767295597487,22.533333333333335,0.4251572327044027,0,1,30
Cli,13,STARTS+FAST-P,52.0,0.5993710691823902,21.733333333333334,0.4100628930817611,0,1,30
Cli,13,STARTS+DPT,52.0,0.7452830188679244,14.0,0.2641509433962265,0,1,30
Cli,13,Fastazi-S,45.0,0.6389937106918241,19.633333333333333,0.370440251572327,0,1,30
Cli,13,Fastazi-P,45.0,0.6427672955974846,19.433333333333334,0.36666666666666675,0,1,30
Cli,13,Random,53.0,0.5345911949685536,25.166666666666668,0.47484276729559755,0,1,30
Cli,14,Ekstazi,38.0,0.6666666666666664,18.833333333333332,0.34242424242424246,0,1,30
Cli,14,FAST,55.0,0.4181818181818182,32.5,0.5909090909090909,0,1,30
Cli,14,Ekstazi+dpt,38.0,0.7436363636363638,14.6,0.2654545454545455,0,1,30
Cli,14,DPT,55.0,0.7490909090909091,14.3,0.25999999999999995,0,1,30
Cli,14,STARTS,45.0,0.5563636363636365,24.9,0.4527272727272728,0,1,30
Cli,14,STARTS+FAST-S,45.0,0.9357575757575759,4.033333333333333,0.07333333333333333,0,1,30
Cli,14,STARTS+FAST-P,45.0,0.9406060606060606,3.7666666666666666,0.06848484848484851,0,1,30
Cli,14,STARTS+DPT,45.0,0.7424242424242422,14.666666666666666,0.26666666666666666,0,1,30
Cli,14,Fastazi-S,38.0,0.5763636363636364,23.8,0.43272727272727274,0,1,30
Cli,14,Fastazi-P,38.0,0.5787878787878789,23.666666666666668,0.43030303030303035,0,1,30
Cli,14,Random,55.0,0.5333333333333334,26.166666666666668,0.4757575757575757,0,1,30
Cli,15,Ekstazi,33.0,0.7505952380952381,14.466666666666667,0.25833333333333336,0,1,30
Cli,15,FAST,56.0,0.4107142857142857,33.5,0.5982142857142857,0,1,30
Cli,15,Ekstazi+dpt,33.0,0.6333333333333333,21.033333333333335,0.37559523809523815,0,1,30
Cli,15,DPT,56.0,0.6011904761904762,22.833333333333332,0.4077380952380953,0,1,30
Cli,15,STARTS,42.0,0.5619047619047617,25.033333333333335,0.44702380952380955,0,1,30
Cli,15,STARTS+FAST-S,42.0,0.9363095238095238,4.066666666666666,0.07261904761904761,0,1,30
Cli,15,STARTS+FAST-P,42.0,0.9470238095238094,3.466666666666667,0.0619047619047619,0,1,30
Cli,15,STARTS+DPT,42.0,0.5898809523809523,23.466666666666665,0.41904761904761906,0,1,30
Cli,15,Fastazi-S,33.0,0.8416666666666665,9.366666666666667,0.16726190476190472,0,1,30
Cli,15,Fastazi-P,33.0,0.6482142857142856,20.2,0.36071428571428577,0,1,30
Cli,15,Random,56.0,0.5125,27.8,0.4964285714285715,0,1,30
Cli,16,Ekstazi,42.0,0.9035087719298247,6.0,0.10526315789473682,0,1,30
Cli,16,FAST,57.0,0.9461988304093566,3.566666666666667,0.06257309941520467,0,1,30
Cli,16,Ekstazi+dpt,42.0,0.9894736842105262,1.1,0.01929824561403509,0,1,30
Cli,16,DPT,57.0,0.985380116959064,1.3333333333333333,0.02339181286549708,0,1,30
Cli,16,STARTS,47.0,0.8760233918128655,7.566666666666666,0.13274853801169592,0,1,30
Cli,16,STARTS+FAST-S,47.0,0.9573099415204676,2.933333333333333,0.051461988304093535,0,1,30
Cli,16,STARTS+FAST-P,47.0,0.9584795321637425,2.8666666666666667,0.050292397660818694,0,1,30
Cli,16,STARTS+DPT,47.0,0.9888888888888887,1.1333333333333333,0.019883040935672523,0,1,30
Cli,16,Fastazi-S,42.0,0.967836257309941,2.3333333333333335,0.04093567251461989,0,1,30
Cli,16,Fastazi-P,42.0,0.9684210526315785,2.3,0.040350877192982464,0,1,30
Cli,16,Random,57.0,0.8350877192982455,9.9,0.17368421052631572,0,1,30
Cli,17,Ekstazi,22.0,0.5449275362318841,10.966666666666667,0.47681159420289865,0,1,30
Cli,17,FAST,23.0,0.08550724637681166,21.533333333333335,0.9362318840579711,0,1,30
Cli,17,Ekstazi+dpt,22.0,0.872463768115942,3.433333333333333,0.14927536231884056,0,1,30
Cli,17,DPT,23.0,0.8652173913043479,3.6,0.15652173913043474,0,1,30
Cli,17,STARTS,23.0,0.42463768115942024,13.733333333333333,0.5971014492753625,0,1,30
Cli,17,STARTS+FAST-S,23.0,0.415942028985507,13.933333333333334,0.6057971014492757,0,1,30
Cli,17,STARTS+FAST-P,23.0,0.42173913043478245,13.8,0.6000000000000004,0,1,30
Cli,17,STARTS+DPT,23.0,0.8681159420289857,3.533333333333333,0.15362318840579708,0,1,30
Cli,17,Fastazi-S,22.0,0.06521739130434784,22.0,0.9565217391304344,0,1,30
Cli,17,Fastazi-P,22.0,0.12608695652173904,20.6,0.8956521739130433,0,1,30
Cli,17,Random,23.0,0.5811594202898551,10.133333333333333,0.44057971014492747,0,1,30
Cli,18,Ekstazi,15.0,0.7275362318840579,6.766666666666667,0.2942028985507247,0,1,30
Cli,18,FAST,23.0,0.3652173913043476,15.1,0.6565217391304347,0,1,30
Cli,18,Ekstazi+dpt,15.0,0.8681159420289857,3.533333333333333,0.15362318840579706,0,1,30
Cli,18,DPT,23.0,0.8739130434782608,3.4,0.14782608695652172,0,1,30
Cli,18,STARTS,15.0,0.6086956521739132,9.5,0.4130434782608697,0,1,30
Cli,18,STARTS+FAST-S,15.0,0.7289855072463765,6.733333333333333,0.2927536231884059,0,1,30
Cli,18,STARTS+FAST-P,15.0,0.7985507246376812,5.133333333333334,0.2231884057971015,0,1,30
Cli,18,STARTS+DPT,15.0,0.8695652173913043,3.5,0.15217391304347822,0,1,30
Cli,18,Fastazi-S,15.0,0.7623188405797104,5.966666666666667,0.25942028985507254,0,1,30
Cli,18,Fastazi-P,15.0,0.618840579710145,9.266666666666667,0.4028985507246377,0,1,30
Cli,18,Random,23.0,0.5478260869565218,10.9,0.4739130434782609,0,1,30
Cli,19,Ekstazi,15.0,0.6681159420289855,8.133333333333333,0.3536231884057971,0,1,30
Cli,19,FAST,23.0,0.35507246376811585,15.333333333333334,0.6666666666666665,0,1,30
Cli,19,Ekstazi+dpt,15.0,0.8739130434782607,3.4,0.1478260869565217,0,1,30
Cli,19,DPT,23.0,0.865217391304348,3.6,0.15652173913043477,0,1,30
Cli,19,STARTS,15.0,0.7246376811594203,6.833333333333333,0.2971014492753624,0,1,30
Cli,19,STARTS+FAST-S,15.0,0.7362318840579706,6.566666666666666,0.28550724637681174,0,1,30
Cli,19,STARTS+FAST-P,15.0,0.791304347826087,5.3,0.2304347826086957,0,1,30
Cli,19,STARTS+DPT,15.0,0.8695652173913045,3.5,0.1521739130434782,0,1,30
Cli,19,Fastazi-S,15.0,0.7550724637681161,6.133333333333334,0.2666666666666667,0,1,30
Cli,19,Fastazi-P,15.0,0.6217391304347827,9.2,0.40000000000000013,0,1,30
Cli,19,Random,23.0,0.446376811594203,13.233333333333333,0.5753623188405798,0,1,30
Cli,20,Ekstazi,15.0,0.646376811594203,8.633333333333333,0.3753623188405798,0,1,30
Cli,20,FAST,23.0,0.3927536231884056,14.466666666666667,0.6289855072463766,0,1,30
Cli,20,Ekstazi+dpt,15.0,0.8739130434782607,3.4,0.14782608695652172,0,1,30
Cli,20,DPT,23.0,0.8666666666666668,3.566666666666667,0.1550724637681159,0,1,30
Cli,20,STARTS,15.0,0.6202898550724638,9.233333333333333,0.40144927536231895,0,1,30
Cli,20,STARTS+FAST-S,15.0,0.7376811594202893,6.533333333333333,0.2840579710144929,0,1,30
Cli,20,STARTS+FAST-P,15.0,0.8043478260869568,5.0,0.21739130434782614,0,1,30
Cli,20,STARTS+DPT,15.0,0.8739130434782607,3.4,0.14782608695652172,0,1,30
Cli,20,Fastazi-S,15.0,0.7420289855072465,6.433333333333334,0.2797101449275363,0,1,30
Cli,20,Fastazi-P,15.0,0.6391304347826087,8.8,0.382608695652174,0,1,30
Cli,20,Random,23.0,0.47826086956521735,12.5,0.5434782608695652,0,1,30
Cli,21,Ekstazi,42.0,0.6627118644067796,20.4,0.3457627118644067,0,1,30
Cli,21,FAST,59.0,0.12316384180790965,52.233333333333334,0.8853107344632765,0,1,30
Cli,21,Ekstazi+dpt,42.0,0.7412429378531074,15.766666666666667,0.2672316384180792,0,1,30
Cli,21,DPT,59.0,0.7418079096045197,15.733333333333333,0.2666666666666667,0,1,30
Cli,21,STARTS,58.0,0.5135593220338984,29.2,0.49491525423728816,0,1,30
Cli,21,STARTS+FAST-S,58.0,0.1548022598870057,50.36666666666667,0.8536723163841805,0,1,30
Cli,21,STARTS+FAST-P,58.0,0.20282485875706216,47.53333333333333,0.8056497175141241,0,1,30
Cli,21,STARTS+DPT,58.0,0.7525423728813558,15.1,0.2559322033898306,0,1,30
Cli,21,Fastazi-S,42.0,0.35254237288135626,38.7,0.6559322033898302,0,1,30
Cli,21,Fastazi-P,42.0,0.3689265536723161,37.733333333333334,0.6395480225988706,0,1,30
Cli,21,Random,59.0,0.4610169491525425,32.3,0.5474576271186442,0,1,30
Cli,22,Ekstazi,21.0,0.718840579710145,6.966666666666667,0.30289855072463767,0,1,30
Cli,22,FAST,23.0,0.21014492753623182,18.666666666666668,0.8115942028985504,0,1,30
Cli,22,Ekstazi+dpt,21.0,0.9101449275362316,2.566666666666667,0.11159420289855074,0,1,30
Cli,22,DPT,23.0,0.9188405797101448,2.3666666666666667,0.10289855072463765,0,1,30
Cli,22,STARTS,23.0,0.6695652173913041,8.1,0.3521739130434783,0,1,30
Cli,22,STARTS+FAST-S,23.0,0.5884057971014492,9.966666666666667,0.4333333333333332,0,1,30
Cli,22,STARTS+FAST-P,23.0,0.6115942028985505,9.433333333333334,0.41014492753623183,0,1,30
Cli,22,STARTS+DPT,23.0,0.9101449275362317,2.566666666666667,0.11159420289855074,0,1,30
Cli,22,Fastazi-S,21.0,0.44492753623188386,13.266666666666667,0.5768115942028983,0,1,30
Cli,22,Fastazi-P,21.0,0.29420289855072457,16.733333333333334,0.727536231884058,0,1,30
Cli,22,Random,23.0,0.7086956521739131,7.2,0.31304347826086953,0,1,30
Cli,23,Ekstazi,20.0,0.5777777777777777,10.633333333333333,0.44305555555555554,0,1,30
Cli,23,FAST,24.0,0.4416666666666666,13.9,0.5791666666666665,0,1,30
Cli,23,Ekstazi+dpt,20.0,0.22916666666666677,19.0,0.7916666666666669,0,1,30
Cli,23,DPT,24.0,0.22916666666666677,19.0,0.7916666666666669,0,1,30
Cli,23,STARTS,21.0,0.5541666666666667,11.2,0.4666666666666667,0,1,30
Cli,23,STARTS+FAST-S,21.0,0.3013888888888889,17.266666666666666,0.7194444444444444,0,1,30
Cli,23,STARTS+FAST-P,21.0,0.4138888888888889,14.566666666666666,0.6069444444444444,0,1,30
Cli,23,STARTS+DPT,21.0,0.22916666666666677,19.0,0.7916666666666669,0,1,30
Cli,23,Fastazi-S,20.0,0.534722222222222,11.666666666666666,0.486111111111111,0,1,30
Cli,23,Fastazi-P,20.0,0.5875000000000001,10.4,0.43333333333333335,0,1,30
Cli,23,Random,24.0,0.4611111111111112,13.433333333333334,0.5597222222222223,0,1,30
Cli,24,Ekstazi,5.0,0.9097222222222225,2.6666666666666665,0.11111111111111108,0,1,30
Cli,24,FAST,24.0,0.648611111111111,8.933333333333334,0.3722222222222222,0,1,30
Cli,24,Ekstazi+dpt,5.0,0.8541666666666671,4.0,0.16666666666666666,0,1,30
Cli,24,DPT,24.0,0.22916666666666677,19.0,0.7916666666666669,0,1,30
Cli,24,STARTS,5.0,0.890277777777778,3.1333333333333333,0.13055555555555554,0,1,30
Cli,24,STARTS+FAST-S,5.0,0.8958333333333336,3.0,0.12499999999999996,0,1,30
Cli,24,STARTS+FAST-P,5.0,0.8625000000000005,3.8,0.15833333333333333,0,1,30
Cli,24,STARTS+DPT,5.0,0.8541666666666671,4.0,0.16666666666666666,0,1,30
Cli,24,Fastazi-S,5.0,0.9124999999999998,2.6,0.10833333333333334,0,1,30
Cli,24,Fastazi-P,5.0,0.9138888888888889,2.566666666666667,0.10694444444444445,0,1,30
Cli,24,Random,24.0,0.513888888888889,12.166666666666666,0.5069444444444444,0,1,30
Cli,25,Ekstazi,5.0,0.9097222222222222,2.6666666666666665,0.11111111111111112,0,1,30
Cli,25,FAST,24.0,0.6236111111111112,9.533333333333333,0.39722222222222214,0,1,30
Cli,25,Ekstazi+dpt,5.0,0.8541666666666671,4.0,0.16666666666666666,0,1,30
Cli,25,DPT,24.0,0.22916666666666677,19.0,0.7916666666666669,0,1,30
Cli,25,STARTS,5.0,0.9083333333333335,2.7,0.1125,0,1,30
Cli,25,STARTS+FAST-S,5.0,0.8944444444444447,3.033333333333333,0.12638888888888883,0,1,30
Cli,25,STARTS+FAST-P,5.0,0.8694444444444448,3.6333333333333333,0.15138888888888888,0,1,30
Cli,25,STARTS+DPT,5.0,0.8541666666666671,4.0,0.16666666666666666,0,1,30
Cli,25,Fastazi-S,5.0,0.9236111111111108,2.3333333333333335,0.09722222222222222,0,1,30
Cli,25,Fastazi-P,5.0,0.9041666666666665,2.8,0.11666666666666667,0,1,30
Cli,25,Random,24.0,0.476388888888889,13.066666666666666,0.5444444444444444,0,1,30
Cli,26,Ekstazi,23.0,0.47083333333333327,13.2,0.55,0,1,30
Cli,26,FAST,24.0,0.4666666666666666,13.3,0.5541666666666666,0,1,30
Cli,26,Ekstazi+dpt,23.0,0.10416666666666666,22.0,0.9166666666666671,0,1,30
Cli,26,DPT,24.0,0.10416666666666666,22.0,0.9166666666666671,0,1,30
Cli,26,STARTS,24.0,0.4972222222222221,12.566666666666666,0.5236111111111111,0,1,30
Cli,26,STARTS+FAST-S,24.0,0.49166666666666664,12.7,0.5291666666666669,0,1,30
Cli,26,STARTS+FAST-P,24.0,0.4958333333333334,12.6,0.525,0,1,30
Cli,26,STARTS+DPT,24.0,0.10416666666666666,22.0,0.9166666666666671,0,1,30
Cli,26,Fastazi-S,23.0,0.45138888888888873,13.666666666666666,0.5694444444444443,0,1,30
Cli,26,Fastazi-P,23.0,0.5069444444444444,12.333333333333334,0.5138888888888888,0,1,30
Cli,26,Random,24.0,0.5791666666666667,10.6,0.4416666666666667,0,1,30
Cli,27,Ekstazi,19.0,0.7710144927536232,5.766666666666667,0.25072463768115943,0,1,30
Cli,27,FAST,23.0,0.7811594202898547,5.533333333333333,0.24057971014492763,0,1,30
Cli,27,Ekstazi+dpt,19.0,0.9579710144927539,1.4666666666666666,0.06376811594202896,0,1,30
Cli,27,DPT,23.0,0.9608695652173916,1.4,0.06086956521739128,0,1,30
Cli,27,STARTS,20.0,0.8159420289855074,4.733333333333333,0.2057971014492755,0,1,30
Cli,27,STARTS+FAST-S,20.0,0.7811594202898549,5.533333333333333,0.24057971014492763,0,1,30
Cli,27,STARTS+FAST-P,20.0,0.750724637681159,6.233333333333333,0.27101449275362327,0,1,30
Cli,27,STARTS+DPT,20.0,0.9550724637681164,1.5333333333333334,0.06666666666666664,0,1,30
Cli,27,Fastazi-S,19.0,0.7956521739130437,5.2,0.22608695652173919,0,1,30
Cli,27,Fastazi-P,19.0,0.8217391304347826,4.6,0.20000000000000007,0,1,30
Cli,27,Random,23.0,0.7623188405797101,5.966666666666667,0.25942028985507254,0,1,30
Cli,28,Ekstazi,22.0,0.6597222222222222,8.666666666666666,0.3611111111111111,0,1,30
Cli,28,FAST,24.0,0.2902777777777777,17.533333333333335,0.7305555555555556,0,1,30
Cli,28,Ekstazi+dpt,22.0,0.41250000000000003,14.6,0.6083333333333332,0,1,30
Cli,28,DPT,24.0,0.39722222222222214,14.966666666666667,0.623611111111111,0,1,30
Cli,28,STARTS,23.0,0.525,11.9,0.4958333333333333,0,1,30
Cli,28,STARTS+FAST-S,23.0,0.17083333333333334,20.4,0.85,0,1,30
Cli,28,STARTS+FAST-P,23.0,0.20138888888888887,19.666666666666668,0.8194444444444444,0,1,30
Cli,28,STARTS+DPT,23.0,0.4027777777777777,14.833333333333334,0.6180555555555556,0,1,30
Cli,28,Fastazi-S,22.0,0.3319444444444445,16.533333333333335,0.6888888888888888,0,1,30
Cli,28,Fastazi-P,22.0,0.33472222222222214,16.466666666666665,0.6861111111111111,0,1,30
Cli,28,Random,24.0,0.4861111111111111,12.833333333333334,0.5347222222222221,0,1,30
Cli,29,Ekstazi,18.0,0.6375,9.2,0.38333333333333336,0,1,30
Cli,29,FAST,24.0,0.22777777777777788,19.033333333333335,0.7930555555555558,0,1,30
Cli,29,Ekstazi+dpt,18.0,0.2708333333333332,18.0,0.75,0,1,30
Cli,29,DPT,24.0,0.062499999999999986,23.0,0.9583333333333329,0,1,30
Cli,29,STARTS,22.0,0.5958333333333334,10.2,0.425,0,1,30
Cli,29,STARTS+FAST-S,22.0,0.2097222222222222,19.466666666666665,0.811111111111111,0,1,30
Cli,29,STARTS+FAST-P,22.0,0.2638888888888889,18.166666666666668,0.7569444444444444,0,1,30
Cli,29,STARTS+DPT,22.0,0.14583333333333337,21.0,0.875,0,1,30
Cli,29,Fastazi-S,18.0,0.4319444444444445,14.133333333333333,0.5888888888888888,0,1,30
Cli,29,Fastazi-P,18.0,0.4347222222222222,14.066666666666666,0.5861111111111111,0,1,30
Cli,29,Random,24.0,0.49999999999999994,12.5,0.5208333333333333,0,1,30
Cli,30,Ekstazi,22.0,0.8861111111111113,3.2333333333333334,0.13472222222222222,0,1,30
Cli,30,FAST,24.0,0.8166666666666667,4.9,0.2041666666666667,0,1,30
Cli,30,Ekstazi+dpt,22.0,0.9541666666666668,1.6,0.06666666666666667,0,1,30
Cli,30,DPT,24.0,0.9597222222222225,1.4666666666666666,0.06111111111111111,0,1,30
Cli,30,STARTS,23.0,0.8111111111111111,5.033333333333333,0.2097222222222222,0,1,30
Cli,30,STARTS+FAST-S,23.0,0.8319444444444445,4.533333333333333,0.18888888888888886,0,1,30
Cli,30,STARTS+FAST-P,23.0,0.8333333333333334,4.5,0.18749999999999994,0,1,30
Cli,30,STARTS+DPT,23.0,0.9583333333333336,1.5,0.06250000000000001,0,1,30
Cli,30,Fastazi-S,22.0,0.7958333333333336,5.4,0.22500000000000006,0,1,30
Cli,30,Fastazi-P,22.0,0.8430555555555554,4.266666666666667,0.17777777777777776,0,1,30
Cli,30,Random,24.0,0.8347222222222225,4.466666666666667,0.18611111111111114,0,1,30
Cli,31,Ekstazi,22.0,0.44166666666666665,13.9,0.5791666666666667,0,1,30
Cli,31,FAST,24.0,0.9388888888888888,1.9666666666666666,0.08194444444444444,0,1,30
Cli,31,Ekstazi+dpt,22.0,0.40694444444444444,14.733333333333333,0.6138888888888888,0,1,30
Cli,31,DPT,24.0,0.3888888888888889,15.166666666666666,0.6319444444444445,0,1,30
Cli,31,STARTS,23.0,0.5333333333333333,11.7,0.48750000000000004,0,1,30
Cli,31,STARTS+FAST-S,23.0,0.9388888888888888,1.9666666666666666,0.08194444444444444,0,1,30
Cli,31,STARTS+FAST-P,23.0,0.9402777777777779,1.9333333333333333,0.08055555555555555,0,1,30
Cli,31,STARTS+DPT,23.0,0.4152777777777778,14.533333333333333,0.6055555555555555,0,1,30
Cli,31,Fastazi-S,22.0,0.9375,2.0,0.08333333333333333,0,1,30
Cli,31,Fastazi-P,22.0,0.9402777777777778,1.9333333333333333,0.08055555555555555,0,1,30
Cli,31,Random,24.0,0.43888888888888883,13.966666666666667,0.5819444444444443,0,1,30
Cli,32,Ekstazi,5.0,0.9222222222222223,2.3666666666666667,0.09861111111111112,0,1,30
Cli,32,FAST,24.0,0.9402777777777779,1.9333333333333333,0.08055555555555555,0,1,30
Cli,32,Ekstazi+dpt,5.0,0.8958333333333329,3.0,0.125,0,1,30
Cli,32,DPT,24.0,0.3958333333333333,15.0,0.625,0,1,30
Cli,32,STARTS,5.0,0.9013888888888889,2.8666666666666667,0.11944444444444446,0,1,30
Cli,32,STARTS+FAST-S,5.0,0.9444444444444445,1.8333333333333333,0.0763888888888889,0,1,30
Cli,32,STARTS+FAST-P,5.0,0.9694444444444448,1.2333333333333334,0.051388888888888914,0,1,30
Cli,32,STARTS+DPT,5.0,0.8958333333333329,3.0,0.125,0,1,30
Cli,32,Fastazi-S,5.0,0.9444444444444445,1.8333333333333333,0.07638888888888888,0,1,30
Cli,32,Fastazi-P,5.0,0.9722222222222225,1.1666666666666667,0.048611111111111126,0,1,30
Cli,32,Random,24.0,0.44166666666666654,13.9,0.5791666666666667,0,1,30
Cli,33,Ekstazi,5.0,0.8986111111111114,2.933333333333333,0.12222222222222223,0,1,30
Cli,33,FAST,24.0,0.9375,2.0,0.08333333333333333,0,1,30
Cli,33,Ekstazi+dpt,5.0,0.8958333333333329,3.0,0.125,0,1,30
Cli,33,DPT,24.0,0.373611111111111,15.533333333333333,0.6472222222222223,0,1,30
Cli,33,STARTS,5.0,0.8958333333333334,3.0,0.12500000000000003,0,1,30
Cli,33,STARTS+FAST-S,5.0,0.9444444444444445,1.8333333333333333,0.07638888888888887,0,1,30
Cli,33,STARTS+FAST-P,5.0,0.9680555555555558,1.2666666666666666,0.05277777777777779,0,1,30
Cli,33,STARTS+DPT,5.0,0.8958333333333329,3.0,0.125,0,1,30
Cli,33,Fastazi-S,5.0,0.9444444444444444,1.8333333333333333,0.07638888888888888,0,1,30
Cli,33,Fastazi-P,5.0,0.9750000000000004,1.1,0.045833333333333344,0,1,30
Cli,33,Random,24.0,0.4958333333333334,12.6,0.5250000000000001,0,1,30
Cli,34,Ekstazi,22.0,0.6055555555555555,9.966666666666667,0.41527777777777775,0,1,30
Cli,34,FAST,24.0,0.8277777777777778,4.633333333333334,0.19305555555555554,0,1,30
Cli,34,Ekstazi+dpt,22.0,0.7041666666666668,7.6,0.31666666666666654,0,1,30
Cli,34,DPT,24.0,0.7097222222222224,7.466666666666667,0.311111111111111,0,1,30
Cli,34,STARTS,23.0,0.6499999999999999,8.9,0.37083333333333324,0,1,30
Cli,34,STARTS+FAST-S,23.0,0.8319444444444445,4.533333333333333,0.18888888888888886,0,1,30
Cli,34,STARTS+FAST-P,23.0,0.8333333333333334,4.5,0.18749999999999994,0,1,30
Cli,34,STARTS+DPT,23.0,0.7083333333333336,7.5,0.31249999999999994,0,1,30
Cli,34,Fastazi-S,22.0,0.8722222222222222,3.566666666666667,0.1486111111111111,0,1,30
Cli,34,Fastazi-P,22.0,0.8652777777777781,3.7333333333333334,0.15555555555555553,0,1,30
Cli,34,Random,24.0,0.6777777777777778,8.233333333333333,0.34305555555555556,0,1,30
Cli,35,Ekstazi,24.0,0.5186666666666666,12.533333333333333,0.5013333333333334,0,1,30
Cli,35,FAST,25.0,0.8773333333333333,3.566666666666667,0.14266666666666675,0,1,30
Cli,35,Ekstazi+dpt,24.0,0.9800000000000003,1.0,0.040000000000000015,0,1,30
Cli,35,DPT,25.0,0.9800000000000003,1.0,0.040000000000000015,0,1,30
Cli,35,STARTS,25.0,0.40666666666666657,15.333333333333334,0.6133333333333334,0,1,30
Cli,35,STARTS+FAST-S,25.0,0.9200000000000004,2.5,0.10000000000000003,0,1,30
Cli,35,STARTS+FAST-P,25.0,0.9373333333333337,2.066666666666667,0.0826666666666667,0,1,30
Cli,35,STARTS+DPT,25.0,0.9800000000000003,1.0,0.040000000000000015,0,1,30
Cli,35,Fastazi-S,24.0,0.8799999999999997,3.5,0.1400000000000001,0,1,30
Cli,35,Fastazi-P,24.0,0.884,3.4,0.13600000000000007,0,1,30
Cli,35,Random,25.0,0.428,14.8,0.5920000000000001,0,1,30
Cli,36,Ekstazi,22.0,0.5602564102564102,11.933333333333334,0.45897435897435895,0,1,30
Cli,36,FAST,26.0,0.9410256410256411,2.033333333333333,0.07820512820512819,0,1,30
Cli,36,Ekstazi+dpt,22.0,0.2679487179487179,19.533333333333335,0.7512820512820514,0,1,30
Cli,36,DPT,26.0,0.26923076923076916,19.5,0.75,0,1,30
Cli,36,STARTS,23.0,0.541025641025641,12.433333333333334,0.4782051282051281,0,1,30
Cli,36,STARTS+FAST-S,23.0,0.9282051282051286,2.3666666666666667,0.09102564102564106,0,1,30
Cli,36,STARTS+FAST-P,23.0,0.9461538461538462,1.9,0.0730769230769231,0,1,30
Cli,36,STARTS+DPT,23.0,0.2717948717948718,19.433333333333334,0.7474358974358972,0,1,30
Cli,36,Fastazi-S,22.0,0.9410256410256412,2.033333333333333,0.07820512820512819,0,1,30
Cli,36,Fastazi-P,22.0,0.9461538461538462,1.9,0.07307692307692308,0,1,30
Cli,36,Random,26.0,0.35384615384615387,17.3,0.6653846153846154,0,1,30
Cli,37,Ekstazi,23.0,0.6148148148148148,10.9,0.4037037037037037,0,1,30
Cli,37,FAST,27.0,0.45679012345679004,15.166666666666666,0.5617283950617281,0,1,30
Cli,37,Ekstazi+dpt,23.0,0.2802469135802469,19.933333333333334,0.7382716049382715,0,1,30
Cli,37,DPT,27.0,0.274074074074074,20.1,0.7444444444444446,0,1,30
Cli,37,STARTS,24.0,0.5358024691358024,13.033333333333333,0.4827160493827159,0,1,30
Cli,37,STARTS+FAST-S,24.0,0.739506172839506,7.533333333333333,0.2790123456790123,0,1,30
Cli,37,STARTS+FAST-P,24.0,0.75679012345679,7.066666666666666,0.2617283950617284,0,1,30
Cli,37,STARTS+DPT,24.0,0.2753086419753086,20.066666666666666,0.7432098765432099,0,1,30
Cli,37,Fastazi-S,23.0,0.5444444444444445,12.8,0.47407407407407404,0,1,30
Cli,37,Fastazi-P,23.0,0.5444444444444444,12.8,0.47407407407407387,0,1,30
Cli,37,Random,27.0,0.5308641975308642,13.166666666666666,0.4876543209876543,0,1,30
Cli,38,Ekstazi,4.0,0.9296296296296293,2.4,0.08888888888888888,0,1,30
Cli,38,FAST,27.0,0.6160493827160493,10.866666666666667,0.4024691358024689,0,1,30
Cli,38,Ekstazi+dpt,4.0,0.8703703703703703,4.0,0.14814814814814803,0,1,30
Cli,38,DPT,27.0,0.27901234567901234,19.966666666666665,0.7395061728395063,0,1,30
Cli,38,STARTS,8.0,0.828395061728395,5.133333333333334,0.1901234567901234,0,1,30
Cli,38,STARTS+FAST-S,8.0,0.9074074074074076,3.0,0.11111111111111115,0,1,30
Cli,38,STARTS+FAST-P,8.0,0.9382716049382711,2.1666666666666665,0.08024691358024687,0,1,30
Cli,38,STARTS+DPT,8.0,0.7592592592592594,7.0,0.25925925925925936,0,1,30
Cli,38,Fastazi-S,4.0,0.9271604938271605,2.466666666666667,0.09135802469135806,0,1,30
Cli,38,Fastazi-P,4.0,0.9432098765432093,2.033333333333333,0.0753086419753086,0,1,30
Cli,38,Random,27.0,0.6012345679012346,11.266666666666667,0.41728395061728396,0,1,30
Cli,39,Ekstazi,23.0,0.5518518518518517,12.6,0.46666666666666656,0,1,30
Cli,39,FAST,27.0,0.6222222222222221,10.7,0.39629629629629615,0,1,30
Cli,39,Ekstazi+dpt,23.0,0.7592592592592594,7.0,0.25925925925925936,0,1,30
Cli,39,DPT,27.0,0.7592592592592594,7.0,0.25925925925925936,0,1,30
Cli,39,STARTS,24.0,0.5567901234567901,12.466666666666667,0.4617283950617284,0,1,30
Cli,39,STARTS+FAST-S,24.0,0.683950617283951,9.033333333333333,0.33456790123456787,0,1,30
Cli,39,STARTS+FAST-P,24.0,0.669135802469136,9.433333333333334,0.34938271604938265,0,1,30
Cli,39,STARTS+DPT,24.0,0.7592592592592594,7.0,0.25925925925925936,0,1,30
Cli,39,Fastazi-S,23.0,0.7160493827160496,8.166666666666666,0.3024691358024691,0,1,30
Cli,39,Fastazi-P,23.0,0.7012345679012346,8.566666666666666,0.3172839506172839,0,1,30
Cli,39,Random,27.0,0.5604938271604939,12.366666666666667,0.45802469135802465,0,1,30
Cli,40,Ekstazi,7.0,0.8793103448275864,4.0,0.13793103448275862,0,1,30
Cli,40,FAST,29.0,0.9114942528735639,3.066666666666667,0.1057471264367816,0,1,30
Cli,40,Ekstazi+dpt,7.0,0.775862068965517,7.0,0.24137931034482746,0,1,30
Cli,40,DPT,29.0,0.15057471264367817,25.133333333333333,0.8666666666666668,0,1,30
Cli,40,STARTS,22.0,0.6229885057471266,11.433333333333334,0.39425287356321853,0,1,30
Cli,40,STARTS+FAST-S,22.0,0.9091954022988511,3.1333333333333333,0.10804597701149425,0,1,30
Cli,40,STARTS+FAST-P,22.0,0.9183908045977012,2.8666666666666667,0.09885057471264368,0,1,30
Cli,40,STARTS+DPT,22.0,0.293103448275862,21.0,0.7241379310344829,0,1,30
Cli,40,Fastazi-S,7.0,0.9482758620689656,2.0,0.0689655172413793,0,1,30
Cli,40,Fastazi-P,7.0,0.9804597701149422,1.0666666666666667,0.03678160919540229,0,1,30
Cli,40,Random,29.0,0.44942528735632176,16.466666666666665,0.5678160919540232,0,1,30
Codec,11,Ekstazi,34.0,0.5438596491228069,17.833333333333332,0.4692982456140351,0,1,30
Codec,11,FAST,38.0,0.04561403508771926,36.766666666666666,0.9675438596491228,0,1,30
Codec,11,Ekstazi+dpt,34.0,0.4491228070175438,21.433333333333334,0.5640350877192984,0,1,30
Codec,11,DPT,38.0,0.4473684210526316,21.5,0.5657894736842106,0,1,30
Codec,11,STARTS,34.0,0.6447368421052633,14.0,0.36842105263157887,0,1,30
Codec,11,STARTS+FAST-S,34.0,0.32105263157894737,26.3,0.6921052631578951,0,1,30
Codec,11,STARTS+FAST-P,34.0,0.2947368421052632,27.3,0.7184210526315791,0,1,30
Codec,11,STARTS+DPT,34.0,0.45526315789473676,21.2,0.5578947368421052,0,1,30
Codec,11,Fastazi-S,34.0,0.11842105263157889,34.0,0.8947368421052635,0,1,30
Codec,11,Fastazi-P,34.0,0.1473684210526315,32.9,0.8657894736842109,0,1,30
Codec,11,Random,38.0,0.517543859649123,18.833333333333332,0.49561403508771923,0,1,30
Codec,12,Ekstazi,12.0,0.9111111111111106,3.966666666666667,0.10170940170940171,0,1,30
Codec,12,FAST,39.0,0.6478632478632476,14.233333333333333,0.3649572649572651,0,1,30
Codec,12,Ekstazi+dpt,12.0,0.9358974358974353,3.0,0.07692307692307691,0,1,30
Codec,12,DPT,39.0,0.9358974358974353,3.0,0.07692307692307691,0,1,30
Codec,12,STARTS,12.0,0.9008547008547004,4.366666666666666,0.11196581196581196,0,1,30
Codec,12,STARTS+FAST-S,12.0,0.9307692307692302,3.2,0.08205128205128204,0,1,30
Codec,12,STARTS+FAST-P,12.0,0.9136752136752132,3.8666666666666667,0.09914529914529918,0,1,30
Codec,12,STARTS+DPT,12.0,0.9358974358974353,3.0,0.07692307692307691,0,1,30
Codec,12,Fastazi-S,12.0,0.9196581196581192,3.6333333333333333,0.09316239316239315,0,1,30
Codec,12,Fastazi-P,12.0,0.9076923076923072,4.1,0.10512820512820517,0,1,30
Codec,12,Random,39.0,0.7017094017094015,12.133333333333333,0.31111111111111106,0,1,30
Codec,13,Ekstazi,46.0,0.5852564102564105,22.066666666666666,0.4243589743589743,0,1,30
Codec,13,FAST,52.0,0.7897435897435895,11.433333333333334,0.21987179487179492,0,1,30
Codec,13,Ekstazi+dpt,46.0,0.7358974358974361,14.233333333333333,0.2737179487179487,0,1,30
Codec,13,DPT,52.0,0.7391025641025644,14.066666666666666,0.2705128205128205,0,1,30
Codec,13,STARTS,46.0,0.5339743589743589,24.733333333333334,0.4756410256410256,0,1,30
Codec,13,STARTS+FAST-S,46.0,0.7660256410256407,12.666666666666666,0.2435897435897436,0,1,30
Codec,13,STARTS+FAST-P,46.0,0.7647435897435895,12.733333333333333,0.2448717948717949,0,1,30
Codec,13,STARTS+DPT,46.0,0.7397435897435898,14.033333333333333,0.26987179487179486,0,1,30
Codec,13,Fastazi-S,46.0,0.8083333333333336,10.466666666666667,0.20128205128205137,0,1,30
Codec,13,Fastazi-P,46.0,0.810897435897436,10.333333333333334,0.19871794871794882,0,1,30
Codec,13,Random,52.0,0.5198717948717948,25.466666666666665,0.4897435897435897,0,1,30
Codec,14,Ekstazi,5.0,0.9532051282051283,2.933333333333333,0.056410256410256404,0,1,30
Codec,14,FAST,52.0,0.09294871794871787,47.666666666666664,0.9166666666666662,0,1,30
Codec,14,Ekstazi+dpt,5.0,0.9519230769230768,3.0,0.0576923076923077,0,1,30
Codec,14,DPT,52.0,0.9519230769230768,3.0,0.0576923076923077,0,1,30
Codec,14,STARTS,5.0,0.9551282051282054,2.8333333333333335,0.054487179487179495,0,1,30
Codec,14,STARTS+FAST-S,5.0,0.9596153846153845,2.6,0.05000000000000001,0,1,30
Codec,14,STARTS+FAST-P,5.0,0.9705128205128208,2.033333333333333,0.0391025641025641,0,1,30
Codec,14,STARTS+DPT,5.0,0.9519230769230768,3.0,0.0576923076923077,0,1,30
Codec,14,Fastazi-S,5.0,0.944230769230769,3.4,0.06538461538461536,0,1,30
Codec,14,Fastazi-P,5.0,0.9185897435897442,4.733333333333333,0.09102564102564109,0,1,30
Codec,14,Random,52.0,0.5153846153846154,25.7,0.4942307692307693,0,1,30
Codec,15,Ekstazi,28.0,0.7728395061728397,12.766666666666667,0.23641975308641977,0,1,30
Codec,15,FAST,54.0,0.9234567901234568,4.633333333333334,0.08580246913580251,0,1,30
Codec,15,Ekstazi+dpt,28.0,0.6802469135802471,17.766666666666666,0.32901234567901233,0,1,30
Codec,15,DPT,54.0,0.5895061728395063,22.666666666666668,0.4197530864197531,0,1,30
Codec,15,STARTS,35.0,0.6759259259259262,18.0,0.33333333333333326,0,1,30
Codec,15,STARTS+FAST-S,35.0,0.9654320987654317,2.3666666666666667,0.04382716049382715,0,1,30
Codec,15,STARTS+FAST-P,35.0,0.9802469135802465,1.5666666666666667,0.029012345679012334,0,1,30
Codec,15,STARTS+DPT,35.0,0.6561728395061728,19.066666666666666,0.35308641975308636,0,1,30
Codec,15,Fastazi-S,28.0,0.9604938271604934,2.6333333333333333,0.0487654320987654,0,1,30
Codec,15,Fastazi-P,28.0,0.9796296296296293,1.6,0.029629629629629617,0,1,30
Codec,15,Random,54.0,0.47222222222222227,29.0,0.537037037037037,0,1,30
Codec,16,Ekstazi,5.0,0.9524691358024692,3.066666666666667,0.056790123456790124,0,1,30
Codec,16,FAST,54.0,0.4814814814814812,28.5,0.5277777777777777,0,1,30
Codec,16,Ekstazi+dpt,5.0,0.9228395061728399,4.666666666666667,0.08641975308641972,0,1,30
Codec,16,DPT,54.0,0.5950617283950617,22.366666666666667,0.4141975308641976,0,1,30
Codec,16,STARTS,5.0,0.95,3.2,0.05925925925925925,0,1,30
Codec,16,STARTS+FAST-S,5.0,0.9598765432098763,2.6666666666666665,0.04938271604938274,0,1,30
Codec,16,STARTS+FAST-P,5.0,0.9703703703703699,2.1,0.03888888888888887,0,1,30
Codec,16,STARTS+DPT,5.0,0.9259259259259266,4.5,0.08333333333333329,0,1,30
Codec,16,Fastazi-S,5.0,0.9623456790123452,2.533333333333333,0.04691358024691359,0,1,30
Codec,16,Fastazi-P,5.0,0.9351851851851859,4.0,0.07407407407407401,0,1,30
Codec,16,Random,54.0,0.5537037037037038,24.6,0.45555555555555555,0,1,30
Codec,17,Ekstazi,36.0,0.7304597701149426,16.133333333333333,0.27816091954022987,0,1,30
Codec,17,FAST,58.0,0.041379310344827565,56.1,0.9672413793103448,0,1,30
Codec,17,Ekstazi+dpt,36.0,0.4568965517241383,32.0,0.5517241379310343,0,1,30
Codec,17,DPT,58.0,0.267241379310345,43.0,0.741379310344828,0,1,30
Codec,17,STARTS,41.0,0.652873563218391,20.633333333333333,0.3557471264367817,0,1,30
Codec,17,STARTS+FAST-S,41.0,0.6913793103448274,18.4,0.31724137931034474,0,1,30
Codec,17,STARTS+FAST-P,41.0,0.6925287356321839,18.333333333333332,0.31609195402298856,0,1,30
Codec,17,STARTS+DPT,41.0,0.3879310344827585,36.0,0.620689655172414,0,1,30
Codec,17,Fastazi-S,36.0,0.40804597701149414,34.833333333333336,0.6005747126436785,0,1,30
Codec,17,Fastazi-P,36.0,0.4080459770114941,34.833333333333336,0.6005747126436785,0,1,30
Codec,17,Random,58.0,0.532183908045977,27.633333333333333,0.4764367816091954,0,1,30
Codec,18,Ekstazi,17.0,0.8614942528735631,8.533333333333333,0.1471264367816092,0,1,30
Codec,18,FAST,58.0,0.00862068965517241,58.0,1.0,0,1,30
Codec,18,Ekstazi+dpt,17.0,0.7155172413793099,17.0,0.293103448275862,0,1,30
Codec,18,DPT,58.0,0.28850574712643684,41.766666666666666,0.720114942528736,0,1,30
Codec,18,STARTS,30.0,0.725287356321839,16.433333333333334,0.2833333333333333,0,1,30
Codec,18,STARTS+FAST-S,30.0,0.8017241379310346,12.0,0.20689655172413793,0,1,30
Codec,18,STARTS+FAST-P,30.0,0.8172413793103452,11.1,0.1913793103448275,0,1,30
Codec,18,STARTS+DPT,30.0,0.5557471264367815,26.266666666666666,0.45287356321839073,0,1,30
Codec,18,Fastazi-S,17.0,0.841379310344827,9.7,0.16724137931034494,0,1,30
Codec,18,Fastazi-P,17.0,0.7155172413793099,17.0,0.293103448275862,0,1,30
Codec,18,Random,58.0,0.5614942528735632,25.933333333333334,0.4471264367816092,0,1,30
Collections,25,Ekstazi,157.0,0.568213058419244,84.26666666666667,0.434364261168385,0,1,30
Collections,25,FAST,194.0,0.12491408934707905,170.26666666666668,0.8776632302405502,0,1,30
Collections,25,Ekstazi+dpt,157.0,0.9664948453608242,7.0,0.03608247422680412,0,1,30
Collections,25,DPT,194.0,0.9664948453608242,7.0,0.03608247422680412,0,1,30
Collections,25,STARTS,157.0,0.6085910652920962,76.43333333333334,0.3939862542955327,0,1,30
Collections,25,STARTS+FAST-S,157.0,0.40859106529209616,115.23333333333333,0.5939862542955326,0,1,30
Collections,25,STARTS+FAST-P,157.0,0.4087628865979381,115.2,0.5938144329896905,0,1,30
Collections,25,STARTS+DPT,157.0,0.9664948453608242,7.0,0.03608247422680412,0,1,30
Collections,25,Fastazi-S,157.0,0.34158075601374555,128.23333333333332,0.660996563573883,0,1,30
Collections,25,Fastazi-P,157.0,0.28900343642611676,138.43333333333334,0.7135738831615122,0,1,30
Collections,25,Random,194.0,0.4364261168384881,109.83333333333333,0.566151202749141,0,1,30
Collections,28,Ekstazi,127.0,0.6681518151815182,67.53333333333333,0.3343234323432343,0,1,30
Collections,28,FAST,202.0,0.5912541254125412,83.06666666666666,0.41122112211221135,0,1,30
Collections,28,Ekstazi+dpt,127.0,0.8787128712871287,25.0,0.12376237623762384,0,1,30
Collections,28,DPT,202.0,0.8783828382838283,25.066666666666666,0.12409240924092417,0,1,30
Collections,28,STARTS,129.0,0.6905940594059408,63.0,0.3118811881188119,0,1,30
Collections,28,STARTS+FAST-S,129.0,0.8075907590759083,39.36666666666667,0.19488448844884487,0,1,30
Collections,28,STARTS+FAST-P,129.0,0.8113861386138613,38.6,0.19108910891089112,0,1,30
Collections,28,STARTS+DPT,129.0,0.8787128712871287,25.0,0.12376237623762384,0,1,30
Collections,28,Fastazi-S,127.0,0.7704620462046204,46.86666666666667,0.232013201320132,0,1,30
Collections,28,Fastazi-P,127.0,0.7419141914191419,52.63333333333333,0.26056105610561064,0,1,30
Collections,28,Random,202.0,0.5490099009900989,91.6,0.4534653465346535,0,1,30
Compress,9,Ekstazi,44.0,0.5188405797101451,22.633333333333333,0.49202898550724644,0,1,30
Compress,9,FAST,46.0,0.4521739130434785,25.7,0.5586956521739131,0,1,30
Compress,9,Ekstazi+dpt,44.0,0.48043478260869577,24.4,0.5304347826086955,0,1,30
Compress,9,DPT,46.0,0.4760869565217393,24.6,0.5347826086956521,0,1,30
Compress,9,STARTS,46.0,0.5282608695652173,22.2,0.48260869565217396,0,1,30
Compress,9,STARTS+FAST-S,46.0,0.4760869565217391,24.6,0.5347826086956521,0,1,30
Compress,9,STARTS+FAST-P,46.0,0.4782608695652174,24.5,0.5326086956521737,0,1,30
Compress,9,STARTS+DPT,46.0,0.4775362318840581,24.533333333333335,0.5333333333333332,0,1,30
Compress,9,Fastazi-S,44.0,0.4579710144927536,25.433333333333334,0.5528985507246376,0,1,30
Compress,9,Fastazi-P,44.0,0.47463768115942023,24.666666666666668,0.5362318840579708,0,1,30
Compress,9,Random,46.0,0.6188405797101451,18.033333333333335,0.39202898550724635,0,1,30
Compress,10,Ekstazi,33.0,0.6512345679012346,19.333333333333332,0.35802469135802467,0,1,30
Compress,10,FAST,54.0,0.5777777777777778,23.3,0.4314814814814817,0,1,30
Compress,10,Ekstazi+dpt,33.0,0.9166666666666671,5.0,0.09259259259259257,0,1,30
Compress,10,DPT,54.0,0.9166666666666671,5.0,0.09259259259259257,0,1,30
Compress,10,STARTS,43.0,0.5611111111111111,24.2,0.4481481481481481,0,1,30
Compress,10,STARTS+FAST-S,43.0,0.8240740740740737,10.0,0.18518518518518515,0,1,30
Compress,10,STARTS+FAST-P,43.0,0.7993827160493827,11.333333333333334,0.2098765432098766,0,1,30
Compress,10,STARTS+DPT,43.0,0.9166666666666671,5.0,0.09259259259259257,0,1,30
Compress,10,Fastazi-S,33.0,0.6086419753086417,21.633333333333333,0.4006172839506171,0,1,30
Compress,10,Fastazi-P,33.0,0.7074074074074073,16.3,0.30185185185185187,0,1,30
Compress,10,Random,54.0,0.4197530864197532,31.833333333333332,0.5895061728395063,0,1,30
Compress,11,Ekstazi,35.0,0.6571428571428569,19.7,0.3517857142857142,0,1,30
Compress,11,FAST,56.0,0.892261904761905,6.533333333333333,0.11666666666666668,0,1,30
Compress,11,Ekstazi+dpt,35.0,0.5821428571428572,23.9,0.4267857142857144,0,1,30
Compress,11,DPT,56.0,0.5625,25.0,0.44642857142857134,0,1,30
Compress,11,STARTS,37.0,0.6904761904761905,17.833333333333332,0.31845238095238104,0,1,30
Compress,11,STARTS+FAST-S,37.0,0.5249999999999997,27.1,0.4839285714285716,0,1,30
Compress,11,STARTS+FAST-P,37.0,0.5071428571428569,28.1,0.5017857142857144,0,1,30
Compress,11,STARTS+DPT,37.0,0.5767857142857142,24.2,0.43214285714285716,0,1,30
Compress,11,Fastazi-S,35.0,0.9196428571428574,5.0,0.08928571428571429,0,1,30
Compress,11,Fastazi-P,35.0,0.9309523809523808,4.366666666666666,0.07797619047619046,0,1,30
Compress,11,Random,56.0,0.5041666666666667,28.266666666666666,0.5047619047619049,0,1,30
Compress,12,Ekstazi,12.0,0.9059523809523807,5.766666666666667,0.10297619047619049,0,1,30
Compress,12,FAST,56.0,0.9392857142857144,3.9,0.06964285714285713,0,1,30
Compress,12,Ekstazi+dpt,12.0,0.8934523809523813,6.466666666666667,0.1154761904761905,0,1,30
Compress,12,DPT,56.0,0.630952380952381,21.166666666666668,0.3779761904761905,0,1,30
Compress,12,STARTS,34.0,0.6601190476190476,19.533333333333335,0.34880952380952374,0,1,30
Compress,12,STARTS+FAST-S,34.0,0.8035714285714286,11.5,0.20535714285714282,0,1,30
Compress,12,STARTS+FAST-P,34.0,0.8184523809523809,10.666666666666666,0.1904761904761905,0,1,30
Compress,12,STARTS+DPT,34.0,0.700595238095238,17.266666666666666,0.30833333333333335,0,1,30
Compress,12,Fastazi-S,12.0,0.9583333333333329,2.8333333333333335,0.05059523809523811,0,1,30
Compress,12,Fastazi-P,12.0,0.9726190476190474,2.033333333333333,0.0363095238095238,0,1,30
Compress,12,Random,56.0,0.4613095238095238,30.666666666666668,0.5476190476190476,0,1,30
Compress,13,Ekstazi,22.0,0.8736842105263157,7.7,0.13508771929824562,0,1,30
Compress,13,FAST,57.0,0.9573099415204676,2.933333333333333,0.05146198830409354,0,1,30
Compress,13,Ekstazi+dpt,22.0,0.8508771929824557,9.0,0.15789473684210528,0,1,30
Compress,13,DPT,57.0,0.8333333333333331,10.0,0.17543859649122803,0,1,30
Compress,13,STARTS,40.0,0.7713450292397662,13.533333333333333,0.2374269005847953,0,1,30
Compress,13,STARTS+FAST-S,40.0,0.9473684210526311,3.5,0.0614035087719298,0,1,30
Compress,13,STARTS+FAST-P,40.0,0.9549707602339178,3.066666666666667,0.053801169590643266,0,1,30
Compress,13,STARTS+DPT,40.0,0.8333333333333331,10.0,0.17543859649122803,0,1,30
Compress,13,Fastazi-S,22.0,0.9549707602339179,3.066666666666667,0.05380116959064326,0,1,30
Compress,13,Fastazi-P,22.0,0.9695906432748534,2.2333333333333334,0.03918128654970759,0,1,30
Compress,13,Random,57.0,0.6274853801169591,21.733333333333334,0.38128654970760234,0,1,30
Compress,14,Ekstazi,11.0,0.9081871345029238,5.733333333333333,0.10058479532163744,0,1,30
Compress,14,FAST,57.0,0.9210526315789477,5.0,0.08771929824561402,0,1,30
Compress,14,Ekstazi+dpt,11.0,0.8432748538011692,9.433333333333334,0.16549707602339184,0,1,30
Compress,14,DPT,57.0,0.39064327485380124,35.233333333333334,0.6181286549707602,0,1,30
Compress,14,STARTS,34.0,0.7403508771929824,15.3,0.26842105263157895,0,1,30
Compress,14,STARTS+FAST-S,34.0,0.8432748538011694,9.433333333333334,0.16549707602339184,0,1,30
Compress,14,STARTS+FAST-P,34.0,0.8456140350877189,9.3,0.1631578947368421,0,1,30
Compress,14,STARTS+DPT,34.0,0.5269005847953221,27.466666666666665,0.48187134502923956,0,1,30
Compress,14,Fastazi-S,11.0,0.9561403508771924,3.0,0.0526315789473684,0,1,30
Compress,14,Fastazi-P,11.0,0.9701754385964908,2.2,0.03859649122807019,0,1,30
Compress,14,Random,57.0,0.5350877192982455,27.0,0.4736842105263157,0,1,30
Compress,15,Ekstazi,41.0,0.6847457627118646,19.1,0.323728813559322,0,1,30
Compress,15,FAST,59.0,0.05649717514124288,56.166666666666664,0.951977401129943,0,1,30
Compress,15,Ekstazi+dpt,41.0,0.7203389830508476,17.0,0.28813559322033905,0,1,30
Compress,15,DPT,59.0,0.7203389830508476,17.0,0.28813559322033905,0,1,30
Compress,15,STARTS,45.0,0.6994350282485876,18.233333333333334,0.30903954802259886,0,1,30
Compress,15,STARTS+FAST-S,45.0,0.3288135593220341,40.1,0.6796610169491523,0,1,30
Compress,15,STARTS+FAST-P,45.0,0.35197740112994375,38.733333333333334,0.6564971751412426,0,1,30
Compress,15,STARTS+DPT,45.0,0.7203389830508476,17.0,0.28813559322033905,0,1,30
Compress,15,Fastazi-S,41.0,0.33050847457627147,40.0,0.6779661016949149,0,1,30
Compress,15,Fastazi-P,41.0,0.3514124293785313,38.766666666666666,0.6570621468926551,0,1,30
Compress,15,Random,59.0,0.4751412429378531,31.466666666666665,0.5333333333333334,0,1,30
Compress,16,Ekstazi,37.0,0.6728813559322033,19.8,0.33559322033898303,0,1,30
Compress,16,FAST,59.0,0.9333333333333336,4.433333333333334,0.0751412429378531,0,1,30
Compress,16,Ekstazi+dpt,37.0,0.7372881355932205,16.0,0.2711864406779662,0,1,30
Compress,16,DPT,59.0,0.7288135593220342,16.5,0.2796610169491526,0,1,30
Compress,16,STARTS,40.0,0.6084745762711864,23.6,0.4,0,1,30
Compress,16,STARTS+FAST-S,40.0,0.4175141242937854,34.86666666666667,0.5909604519774011,0,1,30
Compress,16,STARTS+FAST-P,40.0,0.39491525423728824,36.2,0.6135593220338982,0,1,30
Compress,16,STARTS+DPT,40.0,0.7305084745762713,16.4,0.27796610169491537,0,1,30
Compress,16,Fastazi-S,37.0,0.9423728813559326,3.9,0.06610169491525426,0,1,30
Compress,16,Fastazi-P,37.0,0.9491525423728818,3.5,0.059322033898305114,0,1,30
Compress,16,Random,59.0,0.4610169491525424,32.3,0.5474576271186442,0,1,30
Compress,17,Ekstazi,40.0,0.689265536723164,18.833333333333332,0.3192090395480226,0,1,30
Compress,17,FAST,59.0,0.8977401129943501,6.533333333333333,0.1107344632768362,0,1,30
Compress,17,Ekstazi+dpt,40.0,0.5,30.0,0.5084745762711864,0,1,30
Compress,17,DPT,59.0,0.5016949152542373,29.9,0.506779661016949,0,1,30
Compress,17,STARTS,42.0,0.6689265536723163,20.033333333333335,0.33954802259887,0,1,30
Compress,17,STARTS+FAST-S,42.0,0.8881355932203389,7.1,0.12033898305084748,0,1,30
Compress,17,STARTS+FAST-P,42.0,0.8920903954802262,6.866666666666666,0.11638418079096048,0,1,30
Compress,17,STARTS+DPT,42.0,0.5005649717514123,29.966666666666665,0.5079096045197738,0,1,30
Compress,17,Fastazi-S,40.0,0.9056497175141244,6.066666666666666,0.10282485875706218,0,1,30
Compress,17,Fastazi-P,40.0,0.9045197740112992,6.133333333333334,0.10395480225988703,0,1,30
Compress,17,Random,59.0,0.47853107344632756,31.266666666666666,0.5299435028248588,0,1,30
Compress,18,Ekstazi,28.0,0.7757062146892655,13.733333333333333,0.23276836158192088,0,1,30
Compress,18,FAST,59.0,0.8706214689265541,8.133333333333333,0.13785310734463282,0,1,30
Compress,18,Ekstazi+dpt,28.0,0.6694915254237288,20.0,0.33898305084745745,0,1,30
Compress,18,DPT,59.0,0.6525423728813563,21.0,0.3559322033898305,0,1,30
Compress,18,STARTS,42.0,0.6344632768361582,22.066666666666666,0.37401129943502814,0,1,30
Compress,18,STARTS+FAST-S,42.0,0.6519774011299436,21.033333333333335,0.3564971751412429,0,1,30
Compress,18,STARTS+FAST-P,42.0,0.6531073446327684,20.966666666666665,0.35536723163841805,0,1,30
Compress,18,STARTS+DPT,42.0,0.6525423728813563,21.0,0.3559322033898305,0,1,30
Compress,18,Fastazi-S,28.0,0.875706214689266,7.833333333333333,0.13276836158192096,0,1,30
Compress,18,Fastazi-P,28.0,0.8796610169491531,7.6,0.12881355932203395,0,1,30
Compress,18,Random,59.0,0.48192090395480225,31.066666666666666,0.5265536723163842,0,1,30
Compress,19,Ekstazi,52.0,0.5661290322580643,27.4,0.4419354838709678,0,1,30
Compress,19,FAST,62.0,0.3209677419354838,42.6,0.6870967741935486,0,1,30
Compress,19,Ekstazi+dpt,52.0,0.8881720430107525,7.433333333333334,0.1198924731182795,0,1,30
Compress,19,DPT,62.0,0.886559139784946,7.533333333333333,0.12150537634408594,0,1,30
Compress,19,STARTS,54.0,0.5118279569892473,30.766666666666666,0.4962365591397849,0,1,30
Compress,19,STARTS+FAST-S,54.0,0.820967741935484,11.6,0.18709677419354837,0,1,30
Compress,19,STARTS+FAST-P,54.0,0.7946236559139785,13.233333333333333,0.2134408602150537,0,1,30
Compress,19,STARTS+DPT,54.0,0.8870967741935482,7.5,0.12096774193548379,0,1,30
Compress,19,Fastazi-S,52.0,0.4440860215053765,34.96666666666667,0.5639784946236558,0,1,30
Compress,19,Fastazi-P,52.0,0.4537634408602152,34.36666666666667,0.5543010752688172,0,1,30
Compress,19,Random,62.0,0.5198924731182797,30.266666666666666,0.4881720430107527,0,1,30
Compress,20,Ekstazi,40.0,0.6958333333333333,19.966666666666665,0.31197916666666664,0,1,30
Compress,20,FAST,64.0,0.20520833333333333,51.36666666666667,0.8026041666666667,0,1,30
Compress,20,Ekstazi+dpt,40.0,0.43854166666666666,36.43333333333333,0.5692708333333333,0,1,30
Compress,20,DPT,64.0,0.38958333333333334,39.56666666666667,0.6182291666666667,0,1,30
Compress,20,STARTS,45.0,0.6296875,24.2,0.378125,0,1,30
Compress,20,STARTS+FAST-S,45.0,0.403125,38.7,0.6046875,0,1,30
Compress,20,STARTS+FAST-P,45.0,0.3880208333333333,39.666666666666664,0.6197916666666666,0,1,30
Compress,20,STARTS+DPT,45.0,0.42239583333333336,37.46666666666667,0.5854166666666667,0,1,30
Compress,20,Fastazi-S,40.0,0.5833333333333334,27.166666666666668,0.4244791666666667,0,1,30
Compress,20,Fastazi-P,40.0,0.49375,32.9,0.5140625,0,1,30
Compress,20,Random,64.0,0.578125,27.5,0.4296875,0,1,30
Compress,21,Ekstazi,58.0,0.6049549549549551,29.733333333333334,0.40180180180180186,0,1,30
Compress,21,FAST,74.0,0.23603603603603618,57.03333333333333,0.7707207207207207,0,1,30
Compress,21,Ekstazi+dpt,58.0,0.9527027027027024,4.0,0.05405405405405402,0,1,30
Compress,21,DPT,74.0,0.9527027027027024,4.0,0.05405405405405402,0,1,30
Compress,21,STARTS,62.0,0.5878378378378379,31.0,0.41891891891891897,0,1,30
Compress,21,STARTS+FAST-S,62.0,0.39594594594594595,45.2,0.6108108108108109,0,1,30
Compress,21,STARTS+FAST-P,62.0,0.3653153153153152,47.46666666666667,0.6414414414414417,0,1,30
Compress,21,STARTS+DPT,62.0,0.9527027027027024,4.0,0.05405405405405402,0,1,30
Compress,21,Fastazi-S,58.0,0.37072072072072065,47.06666666666667,0.6360360360360363,0,1,30
Compress,21,Fastazi-P,58.0,0.37207207207207205,46.96666666666667,0.6346846846846849,0,1,30
Compress,21,Random,74.0,0.4801801801801801,38.96666666666667,0.5265765765765765,0,1,30
Compress,22,Ekstazi,53.0,0.6977777777777779,23.166666666666668,0.3088888888888889,0,1,30
Compress,22,FAST,75.0,0.20533333333333328,60.1,0.8013333333333335,0,1,30
Compress,22,Ekstazi+dpt,53.0,0.40133333333333315,45.4,0.6053333333333332,0,1,30
Compress,22,DPT,75.0,0.3871111111111111,46.46666666666667,0.6195555555555555,0,1,30
Compress,22,STARTS,57.0,0.6204444444444446,28.966666666666665,0.38622222222222213,0,1,30
Compress,22,STARTS+FAST-S,57.0,0.7120000000000001,22.1,0.2946666666666665,0,1,30
Compress,22,STARTS+FAST-P,57.0,0.6715555555555557,25.133333333333333,0.335111111111111,0,1,30
Compress,22,STARTS+DPT,57.0,0.3871111111111112,46.46666666666667,0.6195555555555554,0,1,30
Compress,22,Fastazi-S,53.0,0.39155555555555555,46.13333333333333,0.615111111111111,0,1,30
Compress,22,Fastazi-P,53.0,0.43777777777777777,42.666666666666664,0.5688888888888887,0,1,30
Compress,22,Random,75.0,0.5582222222222223,33.63333333333333,0.4484444444444444,0,1,30
Compress,23,Ekstazi,2.0,0.9871111111111113,1.4666666666666666,0.019555555555555548,0,1,30
Compress,23,FAST,75.0,0.8115555555555557,14.633333333333333,0.1951111111111111,0,1,30
Compress,23,Ekstazi+dpt,2.0,0.9800000000000003,2.0,0.02666666666666665,0,1,30
Compress,23,DPT,75.0,0.8573333333333336,11.2,0.14933333333333335,0,1,30
Compress,23,STARTS,3.0,0.9786666666666665,2.1,0.028000000000000004,0,1,30
Compress,23,STARTS+FAST-S,3.0,0.9835555555555556,1.7333333333333334,0.023111111111111096,0,1,30
Compress,23,STARTS+FAST-P,3.0,0.9928888888888886,1.0333333333333334,0.013777777777777769,0,1,30
Compress,23,STARTS+DPT,3.0,0.966666666666666,3.0,0.040000000000000015,0,1,30
Compress,23,Fastazi-S,2.0,0.9875555555555555,1.4333333333333333,0.0191111111111111,0,1,30
Compress,23,Fastazi-P,2.0,0.9924444444444442,1.0666666666666667,0.014222222222222214,0,1,30
Compress,23,Random,75.0,0.4484444444444444,41.86666666666667,0.5582222222222222,0,1,30
Compress,24,Ekstazi,19.0,0.8831111111111111,9.266666666666667,0.12355555555555552,0,1,30
Compress,24,FAST,75.0,0.5115555555555555,37.13333333333333,0.49511111111111084,0,1,30
Compress,24,Ekstazi+dpt,19.0,0.7533333333333336,19.0,0.2533333333333332,0,1,30
Compress,24,DPT,75.0,0.36133333333333334,48.4,0.6453333333333334,0,1,30
Compress,24,STARTS,49.0,0.6835555555555556,24.233333333333334,0.3231111111111112,0,1,30
Compress,24,STARTS+FAST-S,49.0,0.5115555555555557,37.13333333333333,0.49511111111111133,0,1,30
Compress,24,STARTS+FAST-P,49.0,0.4724444444444442,40.06666666666667,0.5342222222222222,0,1,30
Compress,24,STARTS+DPT,49.0,0.42,44.0,0.5866666666666663,0,1,30
Compress,24,Fastazi-S,19.0,0.8528888888888893,11.533333333333333,0.15377777777777785,0,1,30
Compress,24,Fastazi-P,19.0,0.8244444444444446,13.666666666666666,0.18222222222222217,0,1,30
Compress,24,Random,75.0,0.5311111111111111,35.666666666666664,0.4755555555555555,0,1,30
Compress,25,Ekstazi,17.0,0.8826666666666666,9.3,0.12399999999999999,0,1,30
Compress,25,FAST,75.0,0.950222222222222,4.233333333333333,0.056444444444444415,0,1,30
Compress,25,Ekstazi+dpt,17.0,0.9266666666666661,6.0,0.08000000000000003,0,1,30
Compress,25,DPT,75.0,0.8866666666666667,9.0,0.12000000000000008,0,1,30
Compress,25,STARTS,49.0,0.6995555555555556,23.033333333333335,0.30711111111111117,0,1,30
Compress,25,STARTS+FAST-S,49.0,0.9564444444444443,3.7666666666666666,0.0502222222222222,0,1,30
Compress,25,STARTS+FAST-P,49.0,0.9591111111111108,3.566666666666667,0.04755555555555555,0,1,30
Compress,25,STARTS+DPT,49.0,0.8866666666666667,9.0,0.12000000000000008,0,1,30
Compress,25,Fastazi-S,17.0,0.9760000000000003,2.3,0.030666666666666644,0,1,30
Compress,25,Fastazi-P,17.0,0.9879999999999998,1.4,0.018666666666666654,0,1,30
Compress,25,Random,75.0,0.5208888888888888,36.43333333333333,0.4857777777777777,0,1,30
Compress,26,Ekstazi,49.0,0.6714285714285715,25.8,0.3350649350649351,0,1,30
Compress,26,FAST,77.0,0.7796536796536795,17.466666666666665,0.22683982683982695,0,1,30
Compress,26,Ekstazi+dpt,49.0,0.4350649350649349,44.0,0.5714285714285713,0,1,30
Compress,26,DPT,77.0,0.38311688311688324,48.0,0.6233766233766233,0,1,30
Compress,26,STARTS,54.0,0.6450216450216449,27.833333333333332,0.3614718614718615,0,1,30
Compress,26,STARTS+FAST-S,54.0,0.8272727272727274,13.8,0.17922077922077914,0,1,30
Compress,26,STARTS+FAST-P,54.0,0.8272727272727275,13.8,0.1792207792207792,0,1,30
Compress,26,STARTS+DPT,54.0,0.39610389610389635,47.0,0.6103896103896104,0,1,30
Compress,26,Fastazi-S,49.0,0.8385281385281383,12.933333333333334,0.16796536796536796,0,1,30
Compress,26,Fastazi-P,49.0,0.8354978354978353,13.166666666666666,0.17099567099567098,0,1,30
Compress,26,Random,77.0,0.4476190476190476,43.03333333333333,0.5588744588744589,0,1,30
Compress,27,Ekstazi,49.0,0.6696581196581195,26.266666666666666,0.33675213675213667,0,1,30
Compress,27,FAST,78.0,0.3205128205128204,53.5,0.6858974358974356,0,1,30
Compress,27,Ekstazi+dpt,49.0,0.3910256410256407,48.0,0.6153846153846153,0,1,30
Compress,27,DPT,78.0,0.36880341880341855,49.733333333333334,0.6376068376068373,0,1,30
Compress,27,STARTS,55.0,0.6602564102564104,27.0,0.3461538461538461,0,1,30
Compress,27,STARTS+FAST-S,55.0,0.36538461538461514,50.0,0.6410256410256411,0,1,30
Compress,27,STARTS+FAST-P,55.0,0.3269230769230767,53.0,0.6794871794871792,0,1,30
Compress,27,STARTS+DPT,55.0,0.3910256410256407,48.0,0.6153846153846153,0,1,30
Compress,27,Fastazi-S,49.0,0.568803418803419,34.13333333333333,0.4376068376068377,0,1,30
Compress,27,Fastazi-P,49.0,0.5713675213675216,33.93333333333333,0.43504273504273516,0,1,30
Compress,27,Random,78.0,0.4504273504273504,43.36666666666667,0.5559829059829061,0,1,30
Compress,28,Ekstazi,10.0,0.9367521367521368,5.433333333333334,0.06965811965811965,0,1,30
Compress,28,FAST,78.0,0.8440170940170941,12.666666666666666,0.1623931623931624,0,1,30
Compress,28,Ekstazi+dpt,10.0,0.9038461538461535,8.0,0.10256410256410262,0,1,30
Compress,28,DPT,78.0,0.5790598290598292,33.333333333333336,0.4273504273504275,0,1,30
Compress,28,STARTS,49.0,0.6811965811965812,25.366666666666667,0.32521367521367517,0,1,30
Compress,28,STARTS+FAST-S,49.0,0.8940170940170942,8.766666666666667,0.11239316239316242,0,1,30
Compress,28,STARTS+FAST-P,49.0,0.8944444444444445,8.733333333333333,0.111965811965812,0,1,30
Compress,28,STARTS+DPT,49.0,0.6034188034188036,31.433333333333334,0.4029914529914532,0,1,30
Compress,28,Fastazi-S,10.0,0.9564102564102563,3.9,0.05000000000000001,0,1,30
Compress,28,Fastazi-P,10.0,0.9538461538461535,4.1,0.052564102564102586,0,1,30
Compress,28,Random,78.0,0.45726495726495725,42.833333333333336,0.5491452991452992,0,1,30
Compress,29,Ekstazi,71.0,0.5378787878787878,41.166666666666664,0.4678030303030303,0,1,30
Compress,29,FAST,88.0,0.8049242424242423,17.666666666666668,0.20075757575757572,0,1,30
Compress,29,Ekstazi+dpt,71.0,0.9034090909090907,9.0,0.10227272727272721,0,1,30
Compress,29,DPT,88.0,0.9034090909090907,9.0,0.10227272727272721,0,1,30
Compress,29,STARTS,74.0,0.5818181818181818,37.3,0.4238636363636364,0,1,30
Compress,29,STARTS+FAST-S,74.0,0.9382575757575757,5.933333333333334,0.0674242424242424,0,1,30
Compress,29,STARTS+FAST-P,74.0,0.9431818181818183,5.5,0.0625,0,1,30
Compress,29,STARTS+DPT,74.0,0.9034090909090907,9.0,0.10227272727272721,0,1,30
Compress,29,Fastazi-S,71.0,0.8712121212121215,11.833333333333334,0.13446969696969696,0,1,30
Compress,29,Fastazi-P,71.0,0.8628787878787884,12.566666666666666,0.14280303030303035,0,1,30
Compress,29,Random,88.0,0.5640151515151516,38.86666666666667,0.4416666666666667,0,1,30
Compress,30,Ekstazi,73.0,0.6116104868913859,35.06666666666667,0.39400749063670404,0,1,30
Compress,30,FAST,89.0,0.7239700374531836,25.066666666666666,0.2816479400749064,0,1,30
Compress,30,Ekstazi+dpt,73.0,0.4505617977528091,49.4,0.5550561797752809,0,1,30
Compress,30,DPT,89.0,0.43782771535580534,50.53333333333333,0.5677902621722848,0,1,30
Compress,30,STARTS,76.0,0.6382022471910112,32.7,0.3674157303370787,0,1,30
Compress,30,STARTS+FAST-S,76.0,0.7419475655430715,23.466666666666665,0.26367041198501867,0,1,30
Compress,30,STARTS+FAST-P,76.0,0.7228464419475654,25.166666666666668,0.28277153558052437,0,1,30
Compress,30,STARTS+DPT,76.0,0.453558052434457,49.13333333333333,0.5520599250936331,0,1,30
Compress,30,Fastazi-S,73.0,0.8269662921348312,15.9,0.1786516853932584,0,1,30
Compress,30,Fastazi-P,73.0,0.7700374531835202,20.966666666666665,0.2355805243445693,0,1,30
Compress,30,Random,89.0,0.4565543071161049,48.86666666666667,0.549063670411985,0,1,30
Compress,31,Ekstazi,14.0,0.9389513108614232,5.933333333333334,0.06666666666666668,0,1,30
Compress,31,FAST,89.0,0.5805243445692885,37.833333333333336,0.42509363295880137,0,1,30
Compress,31,Ekstazi+dpt,14.0,0.8932584269662919,10.0,0.11235955056179771,0,1,30
Compress,31,DPT,89.0,0.599250936329588,36.166666666666664,0.4063670411985019,0,1,30
Compress,31,STARTS,55.0,0.8131086142322098,17.133333333333333,0.19250936329588011,0,1,30
Compress,31,STARTS+FAST-S,55.0,0.7786516853932582,20.2,0.22696629213483138,0,1,30
Compress,31,STARTS+FAST-P,55.0,0.7692883895131083,21.033333333333335,0.23632958801498125,0,1,30
Compress,31,STARTS+DPT,55.0,0.6337078651685392,33.1,0.3719101123595506,0,1,30
Compress,31,Fastazi-S,14.0,0.9310861423220967,6.633333333333334,0.07453183520599252,0,1,30
Compress,31,Fastazi-P,14.0,0.9224719101123598,7.4,0.08314606741573034,0,1,30
Compress,31,Random,89.0,0.700749063670412,27.133333333333333,0.30486891385767795,0,1,30
Compress,32,Ekstazi,47.0,0.7588888888888887,22.2,0.24666666666666665,0,1,30
Compress,32,FAST,90.0,0.732222222222222,24.6,0.2733333333333333,0,1,30
Compress,32,Ekstazi+dpt,47.0,0.6111111111111112,35.5,0.39444444444444465,0,1,30
Compress,32,DPT,90.0,0.5781481481481483,38.46666666666667,0.4274074074074076,0,1,30
Compress,32,STARTS,63.0,0.6618518518518517,30.933333333333334,0.3437037037037037,0,1,30
Compress,32,STARTS+FAST-S,63.0,0.8337037037037038,15.466666666666667,0.1718518518518518,0,1,30
Compress,32,STARTS+FAST-P,63.0,0.9003703703703706,9.466666666666667,0.10518518518518523,0,1,30
Compress,32,STARTS+DPT,63.0,0.578888888888889,38.4,0.4266666666666668,0,1,30
Compress,32,Fastazi-S,47.0,0.8011111111111113,18.4,0.2044444444444445,0,1,30
Compress,32,Fastazi-P,47.0,0.8574074074074074,13.333333333333334,0.1481481481481481,0,1,30
Compress,32,Random,90.0,0.4859259259259259,46.766666666666666,0.5196296296296296,0,1,30
Compress,33,Ekstazi,9.0,0.9585185185185187,4.233333333333333,0.047037037037037016,0,1,30
Compress,33,FAST,90.0,0.537777777777778,42.1,0.46777777777777785,0,1,30
Compress,33,Ekstazi+dpt,9.0,0.9833333333333336,2.0,0.02222222222222222,0,1,30
Compress,33,DPT,90.0,0.9388888888888892,6.0,0.06666666666666667,0,1,30
Compress,33,STARTS,9.0,0.9548148148148149,4.566666666666666,0.050740740740740746,0,1,30
Compress,33,STARTS+FAST-S,9.0,0.9851851851851853,1.8333333333333333,0.020370370370370365,0,1,30
Compress,33,STARTS+FAST-P,9.0,0.9711111111111106,3.1,0.03444444444444444,0,1,30
Compress,33,STARTS+DPT,9.0,0.9833333333333336,2.0,0.02222222222222222,0,1,30
Compress,33,Fastazi-S,9.0,0.981111111111111,2.2,0.024444444444444442,0,1,30
Compress,33,Fastazi-P,9.0,0.9618518518518522,3.933333333333333,0.043703703703703696,0,1,30
Compress,33,Random,90.0,0.5570370370370371,40.36666666666667,0.4485185185185185,0,1,30
Compress,34,Ekstazi,36.0,0.7848148148148147,19.866666666666667,0.22074074074074074,0,1,30
Compress,34,FAST,90.0,0.3607407407407406,58.03333333333333,0.6448148148148147,0,1,30
Compress,34,Ekstazi+dpt,36.0,0.7277777777777777,25.0,0.27777777777777773,0,1,30
Compress,34,DPT,90.0,0.6788888888888889,29.4,0.3266666666666667,0,1,30
Compress,34,STARTS,60.0,0.7022222222222222,27.3,0.3033333333333332,0,1,30
Compress,34,STARTS+FAST-S,60.0,0.5251851851851853,43.233333333333334,0.4803703703703704,0,1,30
Compress,34,STARTS+FAST-P,60.0,0.561851851851852,39.93333333333333,0.44370370370370377,0,1,30
Compress,34,STARTS+DPT,60.0,0.678888888888889,29.4,0.3266666666666667,0,1,30
Compress,34,Fastazi-S,36.0,0.86962962962963,12.233333333333333,0.13592592592592592,0,1,30
Compress,34,Fastazi-P,36.0,0.7251851851851853,25.233333333333334,0.2803703703703703,0,1,30
Compress,34,Random,90.0,0.47888888888888886,47.4,0.5266666666666666,0,1,30
Compress,35,Ekstazi,57.0,0.7208791208791206,25.9,0.28461538461538466,0,1,30
Compress,35,FAST,91.0,0.889377289377289,10.566666666666666,0.11611721611721613,0,1,30
Compress,35,Ekstazi+dpt,57.0,0.8076923076923076,18.0,0.1978021978021979,0,1,30
Compress,35,DPT,91.0,0.7967032967032966,19.0,0.20879120879120888,0,1,30
Compress,35,STARTS,62.0,0.6351648351648352,33.7,0.37032967032967024,0,1,30
Compress,35,STARTS+FAST-S,62.0,0.9358974358974353,6.333333333333333,0.06959706959706959,0,1,30
Compress,35,STARTS+FAST-P,62.0,0.9384615384615379,6.1,0.06703296703296703,0,1,30
Compress,35,STARTS+DPT,62.0,0.7967032967032966,19.0,0.20879120879120888,0,1,30
Compress,35,Fastazi-S,57.0,0.9194139194139189,7.833333333333333,0.0860805860805861,0,1,30
Compress,35,Fastazi-P,57.0,0.9267399267399262,7.166666666666667,0.07875457875457875,0,1,30
Compress,35,Random,91.0,0.5153846153846154,44.6,0.49010989010989003,0,1,30
Compress,36,Ekstazi,91.0,0.44710144927536233,51.36666666666667,0.5583333333333332,0,1,30
Compress,36,FAST,92.0,0.7282608695652178,25.5,0.2771739130434782,0,1,30
Compress,36,Ekstazi+dpt,91.0,0.9510869565217386,5.0,0.054347826086956534,0,1,30
Compress,36,DPT,92.0,0.9510869565217386,5.0,0.054347826086956534,0,1,30
Compress,36,STARTS,92.0,0.5184782608695653,44.8,0.48695652173913034,0,1,30
Compress,36,STARTS+FAST-S,92.0,0.46014492753623204,50.166666666666664,0.5452898550724635,0,1,30
Compress,36,STARTS+FAST-P,92.0,0.48949275362318845,47.46666666666667,0.5159420289855071,0,1,30
Compress,36,STARTS+DPT,92.0,0.9510869565217386,5.0,0.054347826086956534,0,1,30
Compress,36,Fastazi-S,91.0,0.7257246376811596,25.733333333333334,0.27971014492753615,0,1,30
Compress,36,Fastazi-P,91.0,0.7286231884057975,25.466666666666665,0.27681159420289847,0,1,30
Compress,36,Random,92.0,0.40144927536231884,55.56666666666667,0.6039855072463768,0,1,30
Compress,37,Ekstazi,32.0,0.8257246376811594,16.533333333333335,0.17971014492753623,0,1,30
Compress,37,FAST,92.0,0.7376811594202903,24.633333333333333,0.26775362318840573,0,1,30
Compress,37,Ekstazi+dpt,32.0,0.7492753623188406,23.566666666666666,0.2561594202898551,0,1,30
Compress,37,DPT,92.0,0.5768115942028988,39.43333333333333,0.42862318840579733,0,1,30
Compress,37,STARTS,56.0,0.7231884057971014,25.966666666666665,0.28224637681159415,0,1,30
Compress,37,STARTS+FAST-S,56.0,0.6,37.3,0.4054347826086956,0,1,30
Compress,37,STARTS+FAST-P,56.0,0.39673913043478265,56.0,0.6086956521739135,0,1,30
Compress,37,STARTS+DPT,56.0,0.5989130434782609,37.4,0.4065217391304347,0,1,30
Compress,37,Fastazi-S,32.0,0.6793478260869565,30.0,0.3260869565217393,0,1,30
Compress,37,Fastazi-P,32.0,0.8844202898550722,11.133333333333333,0.12101449275362315,0,1,30
Compress,37,Random,92.0,0.510144927536232,45.56666666666667,0.49528985507246376,0,1,30
Compress,38,Ekstazi,13.0,0.9333333333333336,6.633333333333334,0.07210144927536234,0,1,30
Compress,38,FAST,92.0,0.755072463768116,23.033333333333335,0.2503623188405798,0,1,30
Compress,38,Ekstazi+dpt,13.0,0.8858695652173909,11.0,0.1195652173913043,0,1,30
Compress,38,DPT,92.0,0.5778985507246378,39.333333333333336,0.4275362318840582,0,1,30
Compress,38,STARTS,55.0,0.7315217391304345,25.2,0.2739130434782608,0,1,30
Compress,38,STARTS+FAST-S,55.0,0.9344202898550726,6.533333333333333,0.07101449275362319,0,1,30
Compress,38,STARTS+FAST-P,55.0,0.9184782608695652,8.0,0.08695652173913042,0,1,30
Compress,38,STARTS+DPT,55.0,0.608695652173913,36.5,0.39673913043478287,0,1,30
Compress,38,Fastazi-S,13.0,0.9641304347826088,3.8,0.04130434782608695,0,1,30
Compress,38,Fastazi-P,13.0,0.9521739130434778,4.9,0.0532608695652174,0,1,30
Compress,38,Random,92.0,0.44565217391304357,51.5,0.5597826086956521,0,1,30
Compress,39,Ekstazi,31.0,0.8518115942028986,14.133333333333333,0.15362318840579714,0,1,30
Compress,39,FAST,92.0,0.12173913043478267,81.3,0.8836956521739133,0,1,30
Compress,39,Ekstazi+dpt,31.0,0.6684782608695652,31.0,0.33695652173913065,0,1,30
Compress,39,DPT,92.0,0.26014492753623186,68.56666666666666,0.7452898550724637,0,1,30
Compress,39,STARTS,60.0,0.7086956521739133,27.3,0.2967391304347826,0,1,30
Compress,39,STARTS+FAST-S,60.0,0.5496376811594205,41.93333333333333,0.4557971014492754,0,1,30
Compress,39,STARTS+FAST-P,60.0,0.5434782608695653,42.5,0.4619565217391305,0,1,30
Compress,39,STARTS+DPT,60.0,0.39746376811594203,55.93333333333333,0.6079710144927538,0,1,30
Compress,39,Fastazi-S,31.0,0.6684782608695652,31.0,0.33695652173913065,0,1,30
Compress,39,Fastazi-P,31.0,0.6894927536231887,29.066666666666666,0.3159420289855072,0,1,30
Compress,39,Random,92.0,0.4557971014492754,50.56666666666667,0.5496376811594204,0,1,30
Compress,40,Ekstazi,92.0,0.628673835125448,35.03333333333333,0.3767025089605735,0,1,30
Compress,40,FAST,93.0,0.059139784946236514,88.0,0.9462365591397843,0,1,30
Compress,40,Ekstazi+dpt,92.0,0.05448028673835124,88.43333333333334,0.9508960573476701,0,1,30
Compress,40,DPT,93.0,0.06594982078853044,87.36666666666666,0.9394265232974907,0,1,30
Compress,40,STARTS,93.0,0.632616487455197,34.666666666666664,0.3727598566308244,0,1,30
Compress,40,STARTS+FAST-S,93.0,0.1530465949820789,79.26666666666667,0.8523297491039423,0,1,30
Compress,40,STARTS+FAST-P,93.0,0.09175627240143365,84.96666666666667,0.913620071684587,0,1,30
Compress,40,STARTS+DPT,93.0,0.07025089605734763,86.96666666666667,0.9351254480286736,0,1,30
Compress,40,Fastazi-S,92.0,0.06989247311827956,87.0,0.9354838709677412,0,1,30
Compress,40,Fastazi-P,92.0,0.06989247311827956,87.0,0.9354838709677412,0,1,30
Compress,40,Random,93.0,0.49892473118279573,47.1,0.5064516129032258,0,1,30
Compress,41,Ekstazi,66.0,0.8333333333333333,16.833333333333332,0.1717687074829932,0,1,30
Compress,41,FAST,98.0,0.8517006802721087,15.033333333333333,0.1534013605442177,0,1,30
Compress,41,Ekstazi+dpt,66.0,0.8564625850340135,14.566666666666666,0.1486394557823129,0,1,30
Compress,41,DPT,98.0,0.8585034013605439,14.366666666666667,0.14659863945578228,0,1,30
Compress,41,STARTS,71.0,0.7278911564625847,27.166666666666668,0.2772108843537416,0,1,30
Compress,41,STARTS+FAST-S,71.0,0.9374149659863942,6.633333333333334,0.06768707482993198,0,1,30
Compress,41,STARTS+FAST-P,71.0,0.9738095238095238,3.066666666666667,0.031292517006802724,0,1,30
Compress,41,STARTS+DPT,71.0,0.8561224489795912,14.6,0.14897959183673465,0,1,30
Compress,41,Fastazi-S,66.0,0.8846938775510205,11.8,0.1204081632653061,0,1,30
Compress,41,Fastazi-P,66.0,0.9119047619047617,9.133333333333333,0.09319727891156462,0,1,30
Compress,41,Random,98.0,0.6595238095238094,33.86666666666667,0.3455782312925171,0,1,30
Compress,42,Ekstazi,62.0,0.6996699669966995,30.833333333333332,0.3052805280528052,0,1,30
Compress,42,FAST,101.0,0.32409240924092414,68.76666666666667,0.6808580858085811,0,1,30
Compress,42,Ekstazi+dpt,62.0,0.712211221122112,29.566666666666666,0.29273927392739285,0,1,30
Compress,42,DPT,101.0,0.7141914191419139,29.366666666666667,0.2907590759075908,0,1,30
Compress,42,STARTS,73.0,0.6333333333333333,37.53333333333333,0.3716171617161716,0,1,30
Compress,42,STARTS+FAST-S,73.0,0.412871287128713,59.8,0.5920792079207922,0,1,30
Compress,42,STARTS+FAST-P,73.0,0.3709570957095711,64.03333333333333,0.6339933993399341,0,1,30
Compress,42,STARTS+DPT,73.0,0.7122112211221119,29.566666666666666,0.2927392739273928,0,1,30
Compress,42,Fastazi-S,62.0,0.5914191419141913,41.766666666666666,0.41353135313531353,0,1,30
Compress,42,Fastazi-P,62.0,0.5759075907590759,43.333333333333336,0.429042904290429,0,1,30
Compress,42,Random,101.0,0.5485148514851484,46.1,0.4564356435643563,0,1,30
Compress,43,Ekstazi,88.0,0.6336309523809526,41.53333333333333,0.37083333333333346,0,1,30
Compress,43,FAST,112.0,0.9699404761904763,3.8666666666666667,0.03452380952380952,0,1,30
Compress,43,Ekstazi+dpt,88.0,0.7580357142857145,27.6,0.2464285714285715,0,1,30
Compress,43,DPT,112.0,0.7583333333333333,27.566666666666666,0.2461309523809524,0,1,30
Compress,43,STARTS,94.0,0.555952380952381,50.233333333333334,0.44851190476190467,0,1,30
Compress,43,STARTS+FAST-S,94.0,0.9062500000000001,11.0,0.09821428571428573,0,1,30
Compress,43,STARTS+FAST-P,94.0,0.9410714285714287,7.1,0.06339285714285713,0,1,30
Compress,43,STARTS+DPT,94.0,0.7592261904761906,27.466666666666665,0.24523809523809526,0,1,30
Compress,43,Fastazi-S,88.0,0.9520833333333335,5.866666666666666,0.052380952380952354,0,1,30
Compress,43,Fastazi-P,88.0,0.9741071428571431,3.4,0.030357142857142857,0,1,30
Compress,43,Random,112.0,0.5372023809523809,52.333333333333336,0.4672619047619049,0,1,30
Compress,44,Ekstazi,11.0,0.9484593837535008,6.633333333333334,0.05574229691876752,0,1,30
Compress,44,FAST,119.0,0.46470588235294125,64.2,0.5394957983193277,0,1,30
Compress,44,Ekstazi+dpt,11.0,0.9257703081232488,9.333333333333334,0.0784313725490196,0,1,30
Compress,44,DPT,119.0,0.08599439775910366,109.26666666666667,0.9182072829131654,0,1,30
Compress,44,STARTS,22.0,0.8929971988795514,13.233333333333333,0.11120448179271708,0,1,30
Compress,44,STARTS+FAST-S,22.0,0.8509803921568623,18.233333333333334,0.15322128851540615,0,1,30
Compress,44,STARTS+FAST-P,22.0,0.8974789915966382,12.7,0.10672268907563029,0,1,30
Compress,44,STARTS+DPT,22.0,0.8319327731092435,20.5,0.17226890756302524,0,1,30
Compress,44,Fastazi-S,11.0,0.9308123249299715,8.733333333333333,0.0733893557422969,0,1,30
Compress,44,Fastazi-P,11.0,0.9366946778711479,8.033333333333333,0.06750700280112044,0,1,30
Compress,44,Random,119.0,0.4487394957983194,66.1,0.5554621848739496,0,1,30
Compress,45,Ekstazi,14.0,0.943977591036414,7.166666666666667,0.06022408963585434,0,1,30
Compress,45,FAST,119.0,0.30616246498599436,83.06666666666666,0.6980392156862745,0,1,30
Compress,45,Ekstazi+dpt,14.0,0.8865546218487392,14.0,0.11764705882352942,0,1,30
Compress,45,DPT,119.0,0.40840336134453803,70.9,0.5957983193277311,0,1,30
Compress,45,STARTS,66.0,0.6918767507002798,37.166666666666664,0.31232492997198874,0,1,30
Compress,45,STARTS+FAST-S,66.0,0.7778711484593835,26.933333333333334,0.22633053221288524,0,1,30
Compress,45,STARTS+FAST-P,66.0,0.6215686274509801,45.53333333333333,0.3826330532212887,0,1,30
Compress,45,STARTS+DPT,66.0,0.5,60.0,0.5042016806722689,0,1,30
Compress,45,Fastazi-S,14.0,0.9156862745098034,10.533333333333333,0.08851540616246505,0,1,30
Compress,45,Fastazi-P,14.0,0.9106442577030808,11.133333333333333,0.09355742296918775,0,1,30
Compress,45,Random,119.0,0.42380952380952386,69.06666666666666,0.5803921568627453,0,1,30
Compress,46,Ekstazi,49.0,0.8027777777777777,24.166666666666668,0.2013888888888889,0,1,30
Compress,46,FAST,120.0,0.16249999999999998,101.0,0.8416666666666661,0,1,30
Compress,46,Ekstazi+dpt,49.0,0.804166666666667,24.0,0.2000000000000001,0,1,30
Compress,46,DPT,120.0,0.724166666666667,33.6,0.2800000000000001,0,1,30
Compress,46,STARTS,78.0,0.701111111111111,36.36666666666667,0.30305555555555563,0,1,30
Compress,46,STARTS+FAST-S,78.0,0.5738888888888891,51.63333333333333,0.43027777777777787,0,1,30
Compress,46,STARTS+FAST-P,78.0,0.5444444444444447,55.166666666666664,0.45972222222222237,0,1,30
Compress,46,STARTS+DPT,78.0,0.7494444444444445,30.566666666666666,0.25472222222222235,0,1,30
Compress,46,Fastazi-S,49.0,0.6374999999999996,44.0,0.36666666666666664,0,1,30
Compress,46,Fastazi-P,49.0,0.6541666666666666,42.0,0.3499999999999998,0,1,30
Compress,46,Random,120.0,0.5466666666666667,54.9,0.4575000000000001,0,1,30
Compress,47,Ekstazi,86.0,0.6386363636363636,48.2,0.36515151515151517,0,1,30
Compress,47,FAST,132.0,0.8805555555555558,16.266666666666666,0.12323232323232321,0,1,30
Compress,47,Ekstazi+dpt,86.0,0.9356060606060613,9.0,0.06818181818181814,0,1,30
Compress,47,DPT,132.0,0.9280303030303035,10.0,0.07575757575757573,0,1,30
Compress,47,STARTS,97.0,0.6502525252525252,46.666666666666664,0.35353535353535354,0,1,30
Compress,47,STARTS+FAST-S,97.0,0.9689393939393935,4.6,0.03484848484848484,0,1,30
Compress,47,STARTS+FAST-P,97.0,0.9709595959595955,4.333333333333333,0.03282828282828281,0,1,30
Compress,47,STARTS+DPT,97.0,0.9356060606060613,9.0,0.06818181818181814,0,1,30
Compress,47,Fastazi-S,86.0,0.9474747474747471,7.433333333333334,0.056313131313131294,0,1,30
Compress,47,Fastazi-P,86.0,0.9330808080808077,9.333333333333334,0.07070707070707069,0,1,30
Compress,47,Random,132.0,0.5474747474747474,60.233333333333334,0.45631313131313134,0,1,30
Gson,1,Ekstazi,77.0,0.4256410256410256,45.3,0.5807692307692309,0,1,30
Gson,1,FAST,78.0,0.9653846153846156,3.2,0.04102564102564103,0,1,30
Gson,1,Ekstazi+dpt,77.0,0.7371794871794876,21.0,0.2692307692307692,0,1,30
Gson,1,DPT,78.0,0.7371794871794876,21.0,0.2692307692307692,0,1,30
Gson,1,STARTS,78.0,0.5299145299145299,37.166666666666664,0.47649572649572647,0,1,30
Gson,1,STARTS+FAST-S,78.0,0.9521367521367521,4.233333333333333,0.05427350427350429,0,1,30
Gson,1,STARTS+FAST-P,78.0,0.9538461538461539,4.1,0.05256410256410258,0,1,30
Gson,1,STARTS+DPT,78.0,0.7371794871794876,21.0,0.2692307692307692,0,1,30
Gson,1,Fastazi-S,77.0,0.9688034188034191,2.933333333333333,0.0376068376068376,0,1,30
Gson,1,Fastazi-P,77.0,0.9679487179487183,3.0,0.03846153846153846,0,1,30
Gson,1,Random,78.0,0.5034188034188033,39.233333333333334,0.5029914529914529,0,1,30
Gson,2,Ekstazi,83.0,0.48373015873015884,43.86666666666667,0.5222222222222224,0,1,30
Gson,2,FAST,84.0,0.9357142857142855,5.9,0.07023809523809524,0,1,30
Gson,2,Ekstazi+dpt,83.0,0.93452380952381,6.0,0.07142857142857141,0,1,30
Gson,2,DPT,84.0,0.93452380952381,6.0,0.07142857142857141,0,1,30
Gson,2,STARTS,84.0,0.4444444444444443,47.166666666666664,0.5615079365079366,0,1,30
Gson,2,STARTS+FAST-S,84.0,0.9781746031746033,2.3333333333333335,0.027777777777777787,0,1,30
Gson,2,STARTS+FAST-P,84.0,0.975793650793651,2.533333333333333,0.030158730158730166,0,1,30
Gson,2,STARTS+DPT,84.0,0.93452380952381,6.0,0.07142857142857141,0,1,30
Gson,2,Fastazi-S,83.0,0.9273809523809523,6.6,0.07857142857142858,0,1,30
Gson,2,Fastazi-P,83.0,0.9365079365079364,5.833333333333333,0.06944444444444445,0,1,30
Gson,2,Random,84.0,0.42103174603174603,49.13333333333333,0.584920634920635,0,1,30
Gson,3,Ekstazi,83.0,0.5309523809523808,39.9,0.4749999999999999,0,1,30
Gson,3,FAST,84.0,0.27698412698412705,61.233333333333334,0.7289682539682535,0,1,30
Gson,3,Ekstazi+dpt,83.0,0.9940476190476194,1.0,0.011904761904761913,0,1,30
Gson,3,DPT,84.0,0.9940476190476194,1.0,0.011904761904761913,0,1,30
Gson,3,STARTS,84.0,0.5130952380952382,41.4,0.4928571428571429,0,1,30
Gson,3,STARTS+FAST-S,84.0,0.20595238095238091,67.2,0.7999999999999999,0,1,30
Gson,3,STARTS+FAST-P,84.0,0.2071428571428571,67.1,0.7988095238095237,0,1,30
Gson,3,STARTS+DPT,84.0,0.9940476190476194,1.0,0.011904761904761913,0,1,30
Gson,3,Fastazi-S,83.0,0.2777777777777779,61.166666666666664,0.7281746031746027,0,1,30
Gson,3,Fastazi-P,83.0,0.288888888888889,60.233333333333334,0.7170634920634921,0,1,30
Gson,3,Random,84.0,0.544047619047619,38.8,0.4619047619047618,0,1,30
Gson,4,Ekstazi,84.0,0.6946360153256705,27.066666666666666,0.31111111111111117,0,1,30
Gson,4,FAST,87.0,0.9678160919540236,3.3,0.03793103448275862,0,1,30
Gson,4,Ekstazi+dpt,84.0,0.07547892720306516,80.93333333333334,0.9302681992337164,0,1,30
Gson,4,DPT,87.0,0.06934865900383144,81.46666666666667,0.9363984674329502,0,1,30
Gson,4,STARTS,86.0,0.6727969348659006,28.966666666666665,0.33295019157088124,0,1,30
Gson,4,STARTS+FAST-S,86.0,0.8701149425287356,11.8,0.13563218390804596,0,1,30
Gson,4,STARTS+FAST-P,86.0,0.8724137931034482,11.6,0.13333333333333333,0,1,30
Gson,4,STARTS+DPT,86.0,0.0662835249042146,81.73333333333333,0.9394636015325671,0,1,30
Gson,4,Fastazi-S,84.0,0.9471264367816097,5.1,0.05862068965517243,0,1,30
Gson,4,Fastazi-P,84.0,0.9678160919540236,3.3,0.03793103448275862,0,1,30
Gson,4,Random,87.0,0.6793103448275862,28.4,0.32643678160919537,0,1,30
Gson,5,Ekstazi,1.0,0.9942528735632188,1.0,0.01149425287356321,0,1,30
Gson,5,FAST,87.0,0.4383141762452108,49.36666666666667,0.5674329501915711,0,1,30
Gson,5,Ekstazi+dpt,1.0,0.9942528735632188,1.0,0.01149425287356321,0,1,30
Gson,5,DPT,87.0,0.1157088122605363,77.43333333333334,0.8900383141762455,0,1,30
Gson,5,STARTS,78.0,0.5329501915708811,41.13333333333333,0.47279693486590035,0,1,30
Gson,5,STARTS+FAST-S,78.0,0.5448275862068966,40.1,0.460919540229885,0,1,30
Gson,5,STARTS+FAST-P,78.0,0.5283524904214559,41.53333333333333,0.4773946360153255,0,1,30
Gson,5,STARTS+DPT,78.0,0.189655172413793,71.0,0.8160919540229881,0,1,30
Gson,5,Fastazi-S,1.0,0.9942528735632188,1.0,0.01149425287356321,0,1,30
Gson,5,Fastazi-P,1.0,0.9942528735632188,1.0,0.01149425287356321,0,1,30
Gson,5,Random,87.0,0.49118773946360156,44.766666666666666,0.51455938697318,0,1,30
Gson,6,Ekstazi,65.0,0.6856060606060608,28.166666666666668,0.3200757575757577,0,1,30
Gson,6,FAST,88.0,0.8393939393939399,14.633333333333333,0.16628787878787885,0,1,30
Gson,6,Ekstazi+dpt,65.0,0.49469696969696975,44.96666666666667,0.5109848484848486,0,1,30
Gson,6,DPT,88.0,0.4977272727272727,44.7,0.5079545454545457,0,1,30
Gson,6,STARTS,79.0,0.5602272727272729,39.2,0.4454545454545455,0,1,30
Gson,6,STARTS+FAST-S,79.0,0.8814393939393935,10.933333333333334,0.12424242424242427,0,1,30
Gson,6,STARTS+FAST-P,79.0,0.8825757575757572,10.833333333333334,0.12310606060606061,0,1,30
Gson,6,STARTS+DPT,79.0,0.4924242424242423,45.166666666666664,0.513257575757576,0,1,30
Gson,6,Fastazi-S,65.0,0.9636363636363642,3.7,0.04204545454545454,0,1,30
Gson,6,Fastazi-P,65.0,0.8973484848484846,9.533333333333333,0.1083333333333333,0,1,30
Gson,6,Random,88.0,0.4996212121212122,44.53333333333333,0.506060606060606,0,1,30
Gson,7,Ekstazi,69.0,0.7640151515151514,21.266666666666666,0.24166666666666667,0,1,30
Gson,7,FAST,88.0,0.9469696969696973,5.166666666666667,0.05871212121212119,0,1,30
Gson,7,Ekstazi+dpt,69.0,0.9943181818181824,1.0,0.011363636363636359,0,1,30
Gson,7,DPT,88.0,0.9943181818181824,1.0,0.011363636363636359,0,1,30
Gson,7,STARTS,79.0,0.7068181818181821,26.3,0.2988636363636364,0,1,30
Gson,7,STARTS+FAST-S,79.0,0.9185606060606057,7.666666666666667,0.08712121212121211,0,1,30
Gson,7,STARTS+FAST-P,79.0,0.908333333333333,8.566666666666666,0.09734848484848477,0,1,30
Gson,7,STARTS+DPT,79.0,0.9943181818181824,1.0,0.011363636363636359,0,1,30
Gson,7,Fastazi-S,69.0,0.9590909090909095,4.1,0.0465909090909091,0,1,30
Gson,7,Fastazi-P,69.0,0.9659090909090912,3.5,0.03977272727272726,0,1,30
Gson,7,Random,88.0,0.7109848484848486,25.933333333333334,0.2946969696969697,0,1,30
Gson,8,Ekstazi,66.0,0.6782771535580525,29.133333333333333,0.3273408239700375,0,1,30
Gson,8,FAST,89.0,0.6176029962546818,34.53333333333333,0.3880149812734082,0,1,30
Gson,8,Ekstazi+dpt,66.0,0.26404494382022475,66.0,0.7415730337078655,0,1,30
Gson,8,DPT,89.0,0.11872659176029962,78.93333333333334,0.8868913857677899,0,1,30
Gson,8,STARTS,80.0,0.5883895131086143,37.13333333333333,0.41722846441947564,0,1,30
Gson,8,STARTS+FAST-S,80.0,0.6940074906367039,27.733333333333334,0.3116104868913857,0,1,30
Gson,8,STARTS+FAST-P,80.0,0.6985018726591757,27.333333333333332,0.30711610486891383,0,1,30
Gson,8,STARTS+DPT,80.0,0.19101123595505626,72.5,0.8146067415730336,0,1,30
Gson,8,Fastazi-S,66.0,0.7179775280898878,25.6,0.2876404494382023,0,1,30
Gson,8,Fastazi-P,66.0,0.7202247191011237,25.4,0.28539325842696633,0,1,30
Gson,8,Random,89.0,0.48239700374531835,46.56666666666667,0.5232209737827715,0,1,30
Gson,9,Ekstazi,63.0,0.6131086142322096,34.93333333333333,0.39250936329588004,0,1,30
Gson,9,FAST,89.0,0.20674157303370785,71.1,0.7988764044943825,0,1,30
Gson,9,Ekstazi+dpt,63.0,0.2977528089887641,63.0,0.7078651685393258,0,1,30
Gson,9,DPT,89.0,0.02322097378277159,87.43333333333334,0.9823970037453188,0,1,30
Gson,9,STARTS,80.0,0.6018726591760298,35.93333333333333,0.40374531835206007,0,1,30
Gson,9,STARTS+FAST-S,80.0,0.24007490636704135,68.13333333333334,0.7655430711610481,0,1,30
Gson,9,STARTS+FAST-P,80.0,0.24119850187265937,68.03333333333333,0.7644194756554302,0,1,30
Gson,9,STARTS+DPT,80.0,0.11797752808988762,79.0,0.8876404494382018,0,1,30
Gson,9,Fastazi-S,63.0,0.45468164794007515,49.03333333333333,0.5509363295880152,0,1,30
Gson,9,Fastazi-P,63.0,0.4647940074906368,48.13333333333333,0.540823970037453,0,1,30
Gson,9,Random,89.0,0.45393258426966293,49.1,0.551685393258427,0,1,30
Gson,10,Ekstazi,66.0,0.6392592592592591,32.96666666666667,0.3662962962962963,0,1,30
Gson,10,FAST,90.0,0.10481481481481486,81.06666666666666,0.9007407407407404,0,1,30
Gson,10,Ekstazi+dpt,66.0,0.7718518518518519,21.033333333333335,0.23370370370370372,0,1,30
Gson,10,DPT,90.0,0.7714814814814817,21.066666666666666,0.2340740740740741,0,1,30
Gson,10,STARTS,80.0,0.5607407407407408,40.03333333333333,0.44481481481481483,0,1,30
Gson,10,STARTS+FAST-S,80.0,0.5270370370370369,43.06666666666667,0.4785185185185185,0,1,30
Gson,10,STARTS+FAST-P,80.0,0.4996296296296297,45.53333333333333,0.5059259259259259,0,1,30
Gson,10,STARTS+DPT,80.0,0.7711111111111112,21.1,0.23444444444444448,0,1,30
Gson,10,Fastazi-S,66.0,0.35999999999999976,58.1,0.6455555555555557,0,1,30
Gson,10,Fastazi-P,66.0,0.3603703703703702,58.06666666666667,0.6451851851851853,0,1,30
Gson,10,Random,90.0,0.43222222222222223,51.6,0.5733333333333336,0,1,30
Gson,11,Ekstazi,79.0,0.6534798534798534,32.03333333333333,0.35201465201465215,0,1,30
Gson,11,FAST,91.0,0.14688644688644692,78.13333333333334,0.8586080586080589,0,1,30
Gson,11,Ekstazi+dpt,79.0,0.7417582417582412,24.0,0.26373626373626374,0,1,30
Gson,11,DPT,91.0,0.7417582417582412,24.0,0.26373626373626374,0,1,30
Gson,11,STARTS,85.0,0.5216117216117218,44.03333333333333,0.4838827838827838,0,1,30
Gson,11,STARTS+FAST-S,85.0,0.12600732600732603,80.03333333333333,0.8794871794871798,0,1,30
Gson,11,STARTS+FAST-P,85.0,0.13626373626373625,79.1,0.8692307692307696,0,1,30
Gson,11,STARTS+DPT,85.0,0.7417582417582412,24.0,0.26373626373626374,0,1,30
Gson,11,Fastazi-S,79.0,0.26849816849816843,67.06666666666666,0.7369963369963376,0,1,30
Gson,11,Fastazi-P,79.0,0.278021978021978,66.2,0.7274725274725274,0,1,30
Gson,11,Random,91.0,0.4003663003663004,55.06666666666667,0.6051282051282052,0,1,30
Gson,12,Ekstazi,77.0,0.593840579710145,37.86666666666667,0.4115942028985507,0,1,30
Gson,12,FAST,92.0,0.35217391304347817,60.1,0.6532608695652172,0,1,30
Gson,12,Ekstazi+dpt,77.0,0.22898550724637676,71.43333333333334,0.776449275362319,0,1,30
Gson,12,DPT,92.0,0.2271739130434782,71.6,0.7782608695652173,0,1,30
Gson,12,STARTS,82.0,0.5380434782608696,43.0,0.46739130434782605,0,1,30
Gson,12,STARTS+FAST-S,82.0,0.44637681159420267,51.43333333333333,0.5590579710144928,0,1,30
Gson,12,STARTS+FAST-P,82.0,0.43768115942028984,52.233333333333334,0.5677536231884056,0,1,30
Gson,12,STARTS+DPT,82.0,0.22826086956521732,71.5,0.7771739130434783,0,1,30
Gson,12,Fastazi-S,77.0,0.48007246376811613,48.333333333333336,0.5253623188405798,0,1,30
Gson,12,Fastazi-P,77.0,0.4822463768115944,48.13333333333333,0.5231884057971016,0,1,30
Gson,12,Random,92.0,0.5340579710144927,43.36666666666667,0.4713768115942029,0,1,30
Gson,13,Ekstazi,82.0,0.6221014492753623,35.266666666666666,0.38333333333333336,0,1,30
Gson,13,FAST,92.0,0.9398550724637679,6.033333333333333,0.06557971014492753,0,1,30
Gson,13,Ekstazi+dpt,82.0,0.11413043478260877,82.0,0.8913043478260863,0,1,30
Gson,13,DPT,92.0,0.05398550724637682,87.53333333333333,0.9514492753623185,0,1,30
Gson,13,STARTS,87.0,0.5474637681159421,42.13333333333333,0.4579710144927537,0,1,30
Gson,13,STARTS+FAST-S,87.0,0.8782608695652174,11.7,0.12717391304347828,0,1,30
Gson,13,STARTS+FAST-P,87.0,0.8771739130434781,11.8,0.12826086956521743,0,1,30
Gson,13,STARTS+DPT,87.0,0.08768115942028984,84.43333333333334,0.9177536231884061,0,1,30
Gson,13,Fastazi-S,82.0,0.9355072463768112,6.433333333333334,0.06992753623188407,0,1,30
Gson,13,Fastazi-P,82.0,0.9438405797101447,5.666666666666667,0.06159420289855073,0,1,30
Gson,13,Random,92.0,0.5097826086956521,45.6,0.49565217391304345,0,1,30
Gson,14,Ekstazi,79.0,0.6014336917562723,37.56666666666667,0.40394265232974913,0,1,30
Gson,14,FAST,93.0,0.3985663082437274,56.43333333333333,0.6068100358422938,0,1,30
Gson,14,Ekstazi+dpt,79.0,0.5146953405017922,45.63333333333333,0.49068100358422934,0,1,30
Gson,14,DPT,93.0,0.5157706093189965,45.53333333333333,0.489605734767025,0,1,30
Gson,14,STARTS,89.0,0.5265232974910394,44.53333333333333,0.47885304659498207,0,1,30
Gson,14,STARTS+FAST-S,89.0,0.43727598566308234,52.833333333333336,0.5681003584229392,0,1,30
Gson,14,STARTS+FAST-P,89.0,0.4397849462365589,52.6,0.5655913978494624,0,1,30
Gson,14,STARTS+DPT,89.0,0.5157706093189964,45.53333333333333,0.4896057347670251,0,1,30
Gson,14,Fastazi-S,79.0,0.49605734767025084,47.36666666666667,0.5093189964157706,0,1,30
Gson,14,Fastazi-P,79.0,0.5132616487455196,45.766666666666666,0.49211469534050184,0,1,30
Gson,14,Random,93.0,0.4458781362007168,52.03333333333333,0.5594982078853046,0,1,30
Gson,15,Ekstazi,67.0,0.585663082437276,39.03333333333333,0.41971326164874545,0,1,30
Gson,15,FAST,93.0,0.23405017921146967,71.73333333333333,0.7713261648745521,0,1,30
Gson,15,Ekstazi+dpt,67.0,0.2849462365591399,67.0,0.7204301075268815,0,1,30
Gson,15,DPT,93.0,0.022580645161290307,91.4,0.9827956989247312,0,1,30
Gson,15,STARTS,84.0,0.4953405017921148,47.43333333333333,0.5100358422939067,0,1,30
Gson,15,STARTS+FAST-S,84.0,0.12329749103942644,82.03333333333333,0.8820788530465952,0,1,30
Gson,15,STARTS+FAST-P,84.0,0.12329749103942644,82.03333333333333,0.8820788530465952,0,1,30
Gson,15,STARTS+DPT,84.0,0.11290322580645154,83.0,0.8924731182795692,0,1,30
Gson,15,Fastazi-S,67.0,0.4623655913978492,50.5,0.5430107526881719,0,1,30
Gson,15,Fastazi-P,67.0,0.4734767025089606,49.46666666666667,0.5318996415770612,0,1,30
Gson,15,Random,93.0,0.5261648745519714,44.56666666666667,0.47921146953405025,0,1,30
Gson,16,Ekstazi,80.0,0.4921146953405018,47.733333333333334,0.5132616487455197,0,1,30
Gson,16,FAST,93.0,0.37849462365591385,58.3,0.6268817204301076,0,1,30
Gson,16,Ekstazi+dpt,80.0,0.5483870967741935,42.5,0.4569892473118278,0,1,30
Gson,16,DPT,93.0,0.5451612903225805,42.8,0.4602150537634409,0,1,30
Gson,16,STARTS,88.0,0.45913978494623664,50.8,0.546236559139785,0,1,30
Gson,16,STARTS+FAST-S,88.0,0.43906810035842275,52.666666666666664,0.5663082437275986,0,1,30
Gson,16,STARTS+FAST-P,88.0,0.4193548387096773,54.5,0.586021505376344,0,1,30
Gson,16,STARTS+DPT,88.0,0.5476702508960573,42.56666666666667,0.4577060931899641,0,1,30
Gson,16,Fastazi-S,80.0,0.47491039426523296,49.333333333333336,0.5304659498207885,0,1,30
Gson,16,Fastazi-P,80.0,0.4752688172043011,49.3,0.5301075268817205,0,1,30
Gson,16,Random,93.0,0.4455197132616487,52.06666666666667,0.5598566308243726,0,1,30
Gson,17,Ekstazi,54.0,0.7096774193548389,27.5,0.2956989247311828,0,1,30
Gson,17,FAST,93.0,0.44086021505376327,52.5,0.564516129032258,0,1,30
Gson,17,Ekstazi+dpt,54.0,0.42473118279569866,54.0,0.5806451612903225,0,1,30
Gson,17,DPT,93.0,0.10645161290322576,83.6,0.8989247311827951,0,1,30
Gson,17,STARTS,83.0,0.5440860215053763,42.9,0.4612903225806452,0,1,30
Gson,17,STARTS+FAST-S,83.0,0.5534050179211467,42.03333333333333,0.4519713261648745,0,1,30
Gson,17,STARTS+FAST-P,83.0,0.5372759856630823,43.53333333333333,0.46810035842293907,0,1,30
Gson,17,STARTS+DPT,83.0,0.17741935483870966,77.0,0.8279569892473119,0,1,30
Gson,17,Fastazi-S,54.0,0.6881720430107529,29.5,0.3172043010752687,0,1,30
Gson,17,Fastazi-P,54.0,0.6899641577060934,29.333333333333332,0.3154121863799283,0,1,30
Gson,17,Random,93.0,0.4652329749103942,50.233333333333334,0.5401433691756271,0,1,30
Gson,18,Ekstazi,73.0,0.5964157706093189,38.03333333333333,0.4089605734767025,0,1,30
Gson,18,FAST,93.0,0.7741935483870968,21.5,0.23118279569892458,0,1,30
Gson,18,Ekstazi+dpt,73.0,0.9673835125448024,3.533333333333333,0.037992831541218616,0,1,30
Gson,18,DPT,93.0,0.9688172043010749,3.4,0.03655913978494622,0,1,30
Gson,18,STARTS,88.0,0.5630824372759857,41.13333333333333,0.4422939068100357,0,1,30
Gson,18,STARTS+FAST-S,88.0,0.7172043010752688,26.8,0.28817204301075267,0,1,30
Gson,18,STARTS+FAST-P,88.0,0.7200716845878137,26.533333333333335,0.2853046594982078,0,1,30
Gson,18,STARTS+DPT,88.0,0.9666666666666665,3.6,0.03870967741935482,0,1,30
Gson,18,Fastazi-S,73.0,0.8046594982078853,18.666666666666668,0.20071684587813607,0,1,30
Gson,18,Fastazi-P,73.0,0.8157706093189965,17.633333333333333,0.18960573476702497,0,1,30
Gson,18,Random,93.0,0.5326164874551973,43.96666666666667,0.4727598566308245,0,1,30
Jsoup,1,Ekstazi,12.0,0.5333333333333333,6.1,0.5083333333333334,0,1,30
Jsoup,1,FAST,12.0,0.22222222222222215,9.833333333333334,0.8194444444444442,0,1,30
Jsoup,1,Ekstazi+dpt,12.0,0.6249999999999999,5.0,0.41666666666666663,0,1,30
Jsoup,1,DPT,12.0,0.6388888888888892,4.833333333333333,0.40277777777777785,0,1,30
Jsoup,1,STARTS,12.0,0.4416666666666667,7.2,0.6,0,1,30
Jsoup,1,STARTS+FAST-S,12.0,0.4500000000000001,7.1,0.5916666666666668,0,1,30
Jsoup,1,STARTS+FAST-P,12.0,0.43333333333333346,7.3,0.6083333333333335,0,1,30
Jsoup,1,STARTS+DPT,12.0,0.6194444444444442,5.066666666666666,0.4222222222222223,0,1,30
Jsoup,1,Fastazi-S,12.0,0.22222222222222213,9.833333333333334,0.8194444444444443,0,1,30
Jsoup,1,Fastazi-P,12.0,0.22222222222222215,9.833333333333334,0.8194444444444442,0,1,30
Jsoup,1,Random,12.0,0.5805555555555558,5.533333333333333,0.46111111111111114,0,1,30
Jsoup,2,Ekstazi,10.0,0.5944444444444446,5.366666666666666,0.44722222222222224,0,1,30
Jsoup,2,FAST,12.0,0.5694444444444444,5.666666666666667,0.4722222222222223,0,1,30
Jsoup,2,Ekstazi+dpt,10.0,0.638888888888889,4.833333333333333,0.4027777777777778,0,1,30
Jsoup,2,DPT,12.0,0.6166666666666665,5.1,0.425,0,1,30
Jsoup,2,STARTS,11.0,0.48333333333333334,6.7,0.5583333333333332,0,1,30
Jsoup,2,STARTS+FAST-S,11.0,0.888888888888889,1.8333333333333333,0.15277777777777776,0,1,30
Jsoup,2,STARTS+FAST-P,11.0,0.888888888888889,1.8333333333333333,0.1527777777777778,0,1,30
Jsoup,2,STARTS+DPT,11.0,0.6194444444444441,5.066666666666666,0.42222222222222233,0,1,30
Jsoup,2,Fastazi-S,10.0,0.638888888888889,4.833333333333333,0.40277777777777773,0,1,30
Jsoup,2,Fastazi-P,10.0,0.6555555555555554,4.633333333333334,0.3861111111111112,0,1,30
Jsoup,2,Random,12.0,0.46388888888888885,6.933333333333334,0.5777777777777777,0,1,30
Jsoup,3,Ekstazi,11.0,0.6444444444444444,4.766666666666667,0.39722222222222225,0,1,30
Jsoup,3,FAST,12.0,0.5888888888888888,5.433333333333334,0.45277777777777767,0,1,30
Jsoup,3,Ekstazi+dpt,11.0,0.7444444444444446,3.566666666666667,0.2972222222222222,0,1,30
Jsoup,3,DPT,12.0,0.7305555555555556,3.7333333333333334,0.31111111111111106,0,1,30
Jsoup,3,STARTS,12.0,0.6805555555555554,4.333333333333333,0.3611111111111112,0,1,30
Jsoup,3,STARTS+FAST-S,12.0,0.7027777777777778,4.066666666666666,0.33888888888888885,0,1,30
Jsoup,3,STARTS+FAST-P,12.0,0.7027777777777777,4.066666666666666,0.33888888888888885,0,1,30
Jsoup,3,STARTS+DPT,12.0,0.7416666666666666,3.6,0.3,0,1,30
Jsoup,3,Fastazi-S,11.0,0.6222222222222222,5.033333333333333,0.41944444444444434,0,1,30
Jsoup,3,Fastazi-P,11.0,0.5888888888888888,5.433333333333334,0.45277777777777767,0,1,30
Jsoup,3,Random,12.0,0.7166666666666668,3.9,0.325,0,1,30
Jsoup,4,Ekstazi,16.0,0.5416666666666666,7.833333333333333,0.4895833333333333,0,1,30
Jsoup,4,FAST,16.0,0.6375,6.3,0.39375,0,1,30
Jsoup,4,Ekstazi+dpt,16.0,0.2875,11.9,0.74375,0,1,30
Jsoup,4,DPT,16.0,0.2708333333333333,12.166666666666666,0.7604166666666666,0,1,30
Jsoup,4,STARTS,16.0,0.5041666666666667,8.433333333333334,0.5270833333333333,0,1,30
Jsoup,4,STARTS+FAST-S,16.0,0.4791666666666667,8.833333333333334,0.5520833333333334,0,1,30
Jsoup,4,STARTS+FAST-P,16.0,0.5229166666666667,8.133333333333333,0.5083333333333333,0,1,30
Jsoup,4,STARTS+DPT,16.0,0.28125,12.0,0.75,0,1,30
Jsoup,4,Fastazi-S,16.0,0.5875,7.1,0.44375,0,1,30
Jsoup,4,Fastazi-P,16.0,0.6375,6.3,0.39375,0,1,30
Jsoup,4,Random,16.0,0.5958333333333333,6.966666666666667,0.4354166666666667,0,1,30
Jsoup,5,Ekstazi,10.0,0.6541666666666667,6.033333333333333,0.3770833333333333,0,1,30
Jsoup,5,FAST,16.0,0.49375,8.6,0.5375,0,1,30
Jsoup,5,Ekstazi+dpt,10.0,0.65625,6.0,0.375,0,1,30
Jsoup,5,DPT,16.0,0.65625,6.0,0.375,0,1,30
Jsoup,5,STARTS,13.0,0.60625,6.8,0.425,0,1,30
Jsoup,5,STARTS+FAST-S,13.0,0.5770833333333333,7.266666666666667,0.45416666666666666,0,1,30
Jsoup,5,STARTS+FAST-P,13.0,0.5583333333333333,7.566666666666666,0.47291666666666665,0,1,30
Jsoup,5,STARTS+DPT,13.0,0.65625,6.0,0.375,0,1,30
Jsoup,5,Fastazi-S,10.0,0.7520833333333333,4.466666666666667,0.2791666666666667,0,1,30
Jsoup,5,Fastazi-P,10.0,0.7791666666666667,4.033333333333333,0.2520833333333333,0,1,30
Jsoup,5,Random,16.0,0.4875,8.7,0.54375,0,1,30
Jsoup,6,Ekstazi,18.0,0.7473684210526312,5.3,0.2789473684210526,0,1,30
Jsoup,6,FAST,19.0,0.5947368421052631,8.2,0.4315789473684211,0,1,30
Jsoup,6,Ekstazi+dpt,18.0,0.9210526315789477,2.0,0.10526315789473677,0,1,30
Jsoup,6,DPT,19.0,0.9210526315789477,2.0,0.10526315789473677,0,1,30
Jsoup,6,STARTS,18.0,0.6912280701754386,6.366666666666666,0.3350877192982456,0,1,30
Jsoup,6,STARTS+FAST-S,18.0,0.7052631578947371,6.1,0.32105263157894737,0,1,30
Jsoup,6,STARTS+FAST-P,18.0,0.7087719298245614,6.033333333333333,0.3175438596491228,0,1,30
Jsoup,6,STARTS+DPT,18.0,0.9210526315789477,2.0,0.10526315789473677,0,1,30
Jsoup,6,Fastazi-S,18.0,0.5631578947368421,8.8,0.46315789473684227,0,1,30
Jsoup,6,Fastazi-P,18.0,0.6350877192982456,7.433333333333334,0.3912280701754386,0,1,30
Jsoup,6,Random,19.0,0.6596491228070175,6.966666666666667,0.36666666666666664,0,1,30
Jsoup,7,Ekstazi,17.0,0.6578947368421051,7.0,0.36842105263157887,0,1,30
Jsoup,7,FAST,19.0,0.33859649122807006,13.066666666666666,0.6877192982456143,0,1,30
Jsoup,7,Ekstazi+dpt,17.0,0.6578947368421051,7.0,0.3684210526315788,0,1,30
Jsoup,7,DPT,19.0,0.6578947368421051,7.0,0.3684210526315788,0,1,30
Jsoup,7,STARTS,17.0,0.5035087719298246,9.933333333333334,0.5228070175438595,0,1,30
Jsoup,7,STARTS+FAST-S,17.0,0.4070175438596491,11.766666666666667,0.6192982456140352,0,1,30
Jsoup,7,STARTS+FAST-P,17.0,0.42807017543859643,11.366666666666667,0.5982456140350879,0,1,30
Jsoup,7,STARTS+DPT,17.0,0.6578947368421051,7.0,0.3684210526315788,0,1,30
Jsoup,7,Fastazi-S,17.0,0.49649122807017554,10.066666666666666,0.529824561403509,0,1,30
Jsoup,7,Fastazi-P,17.0,0.43508771929824575,11.233333333333333,0.5912280701754387,0,1,30
Jsoup,7,Random,19.0,0.5175438596491228,9.666666666666666,0.5087719298245614,0,1,30
Jsoup,8,Ekstazi,12.0,0.7175438596491228,5.866666666666666,0.3087719298245614,0,1,30
Jsoup,8,FAST,19.0,0.6701754385964912,6.766666666666667,0.3561403508771929,0,1,30
Jsoup,8,Ekstazi+dpt,12.0,0.81578947368421,4.0,0.21052631578947353,0,1,30
Jsoup,8,DPT,19.0,0.81578947368421,4.0,0.21052631578947353,0,1,30
Jsoup,8,STARTS,16.0,0.5964912280701754,8.166666666666666,0.4298245614035088,0,1,30
Jsoup,8,STARTS+FAST-S,16.0,0.8280701754385962,3.7666666666666666,0.19824561403508772,0,1,30
Jsoup,8,STARTS+FAST-P,16.0,0.8649122807017542,3.066666666666667,0.16140350877192985,0,1,30
Jsoup,8,STARTS+DPT,16.0,0.81578947368421,4.0,0.21052631578947353,0,1,30
Jsoup,8,Fastazi-S,12.0,0.7701754385964913,4.866666666666666,0.2561403508771931,0,1,30
Jsoup,8,Fastazi-P,12.0,0.8122807017543855,4.066666666666666,0.2140350877192982,0,1,30
Jsoup,8,Random,19.0,0.47192982456140364,10.533333333333333,0.5543859649122808,0,1,30
Jsoup,9,Ekstazi,13.0,0.6263157894736842,7.6,0.4000000000000001,0,1,30
Jsoup,9,FAST,19.0,0.4807017543859651,10.366666666666667,0.5456140350877194,0,1,30
Jsoup,9,Ekstazi+dpt,13.0,0.3421052631578945,13.0,0.6842105263157898,0,1,30
Jsoup,9,DPT,19.0,0.2403508771929824,14.933333333333334,0.7859649122807019,0,1,30
Jsoup,9,STARTS,16.0,0.582456140350877,8.433333333333334,0.443859649122807,0,1,30
Jsoup,9,STARTS+FAST-S,16.0,0.6087719298245613,7.933333333333334,0.4175438596491226,0,1,30
Jsoup,9,STARTS+FAST-P,16.0,0.5964912280701753,8.166666666666666,0.42982456140350844,0,1,30
Jsoup,9,STARTS+DPT,16.0,0.28947368421052644,14.0,0.7368421052631576,0,1,30
Jsoup,9,Fastazi-S,13.0,0.6929824561403507,6.333333333333333,0.33333333333333326,0,1,30
Jsoup,9,Fastazi-P,13.0,0.6736842105263156,6.7,0.35263157894736824,0,1,30
Jsoup,9,Random,19.0,0.5491228070175438,9.066666666666666,0.4771929824561403,0,1,30
Jsoup,10,Ekstazi,13.0,0.6596491228070175,6.966666666666667,0.36666666666666653,0,1,30
Jsoup,10,FAST,19.0,0.07719298245614038,18.033333333333335,0.9491228070175433,0,1,30
Jsoup,10,Ekstazi+dpt,13.0,0.5842105263157893,8.4,0.4421052631578945,0,1,30
Jsoup,10,DPT,19.0,0.5789473684210524,8.5,0.44736842105263136,0,1,30
Jsoup,10,STARTS,16.0,0.5561403508771928,8.933333333333334,0.4701754385964911,0,1,30
Jsoup,10,STARTS+FAST-S,16.0,0.5298245614035088,9.433333333333334,0.49649122807017565,0,1,30
Jsoup,10,STARTS+FAST-P,16.0,0.5403508771929825,9.233333333333333,0.48596491228070193,0,1,30
Jsoup,10,STARTS+DPT,16.0,0.5842105263157894,8.4,0.4421052631578945,0,1,30
Jsoup,10,Fastazi-S,13.0,0.5298245614035088,9.433333333333334,0.4964912280701756,0,1,30
Jsoup,10,Fastazi-P,13.0,0.392982456140351,12.033333333333333,0.6333333333333334,0,1,30
Jsoup,10,Random,19.0,0.5491228070175438,9.066666666666666,0.47719298245614034,0,1,30
Jsoup,11,Ekstazi,13.0,0.6719298245614034,6.733333333333333,0.35438596491228064,0,1,30
Jsoup,11,FAST,19.0,0.6421052631578945,7.3,0.38421052631578934,0,1,30
Jsoup,11,Ekstazi+dpt,13.0,0.9736842105263153,1.0,0.05263157894736838,0,1,30
Jsoup,11,DPT,19.0,0.9736842105263153,1.0,0.05263157894736838,0,1,30
Jsoup,11,STARTS,17.0,0.5824561403508771,8.433333333333334,0.4438596491228069,0,1,30
Jsoup,11,STARTS+FAST-S,17.0,0.7315789473684208,5.6,0.29473684210526313,0,1,30
Jsoup,11,STARTS+FAST-P,17.0,0.7789473684210523,4.7,0.2473684210526316,0,1,30
Jsoup,11,STARTS+DPT,17.0,0.9736842105263153,1.0,0.05263157894736838,0,1,30
Jsoup,11,Fastazi-S,13.0,0.6964912280701755,6.266666666666667,0.32982456140350885,0,1,30
Jsoup,11,Fastazi-P,13.0,0.7649122807017545,4.966666666666667,0.2614035087719299,0,1,30
Jsoup,11,Random,19.0,0.6666666666666665,6.833333333333333,0.3596491228070175,0,1,30
Jsoup,12,Ekstazi,14.0,0.6466666666666666,7.566666666666666,0.3783333333333332,0,1,30
Jsoup,12,FAST,20.0,0.6083333333333335,8.333333333333334,0.4166666666666667,0,1,30
Jsoup,12,Ekstazi+dpt,14.0,0.9250000000000005,2.0,0.10000000000000005,0,1,30
Jsoup,12,DPT,20.0,0.9250000000000005,2.0,0.10000000000000005,0,1,30
Jsoup,12,STARTS,18.0,0.5466666666666667,9.566666666666666,0.47833333333333333,0,1,30
Jsoup,12,STARTS+FAST-S,18.0,0.7983333333333333,4.533333333333333,0.22666666666666674,0,1,30
Jsoup,12,STARTS+FAST-P,18.0,0.7666666666666667,5.166666666666667,0.2583333333333334,0,1,30
Jsoup,12,STARTS+DPT,18.0,0.9250000000000005,2.0,0.10000000000000005,0,1,30
Jsoup,12,Fastazi-S,14.0,0.7516666666666665,5.466666666666667,0.2733333333333333,0,1,30
Jsoup,12,Fastazi-P,14.0,0.7316666666666666,5.866666666666666,0.29333333333333333,0,1,30
Jsoup,12,Random,20.0,0.4533333333333333,11.433333333333334,0.5716666666666667,0,1,30
Jsoup,13,Ekstazi,19.0,0.7140350877192981,5.933333333333334,0.31228070175438594,0,1,30
Jsoup,13,FAST,19.0,0.30175438596491216,13.766666666666667,0.7245614035087722,0,1,30
Jsoup,13,Ekstazi+dpt,19.0,0.7438596491228072,5.366666666666666,0.2824561403508773,0,1,30
Jsoup,13,DPT,19.0,0.7385964912280703,5.466666666666667,0.2877192982456141,0,1,30
Jsoup,13,STARTS,19.0,0.7473684210526316,5.3,0.27894736842105256,0,1,30
Jsoup,13,STARTS+FAST-S,19.0,0.4210526315789471,11.5,0.605263157894737,0,1,30
Jsoup,13,STARTS+FAST-P,19.0,0.41754385964912255,11.566666666666666,0.6087719298245615,0,1,30
Jsoup,13,STARTS+DPT,19.0,0.7403508771929824,5.433333333333334,0.2859649122807018,0,1,30
Jsoup,13,Fastazi-S,19.0,0.3087719298245613,13.633333333333333,0.7175438596491229,0,1,30
Jsoup,13,Fastazi-P,19.0,0.30175438596491216,13.766666666666667,0.7245614035087722,0,1,30
Jsoup,13,Random,19.0,0.6456140350877192,7.233333333333333,0.3807017543859648,0,1,30
Jsoup,14,Ekstazi,12.0,0.731578947368421,5.6,0.29473684210526313,0,1,30
Jsoup,14,FAST,19.0,0.44912280701754387,10.966666666666667,0.5771929824561404,0,1,30
Jsoup,14,Ekstazi+dpt,12.0,0.9736842105263153,1.0,0.05263157894736838,0,1,30
Jsoup,14,DPT,19.0,0.9736842105263153,1.0,0.05263157894736838,0,1,30
Jsoup,14,STARTS,16.0,0.6210526315789473,7.7,0.40526315789473666,0,1,30
Jsoup,14,STARTS+FAST-S,16.0,0.41578947368421065,11.6,0.6105263157894737,0,1,30
Jsoup,14,STARTS+FAST-P,16.0,0.46842105263157907,10.6,0.5578947368421053,0,1,30
Jsoup,14,STARTS+DPT,16.0,0.9736842105263153,1.0,0.05263157894736838,0,1,30
Jsoup,14,Fastazi-S,12.0,0.6614035087719297,6.933333333333334,0.36491228070175424,0,1,30
Jsoup,14,Fastazi-P,12.0,0.7508771929824561,5.233333333333333,0.27543859649122815,0,1,30
Jsoup,14,Random,19.0,0.5421052631578948,9.2,0.4842105263157895,0,1,30
Jsoup,15,Ekstazi,12.0,0.5947368421052631,8.2,0.43157894736842106,0,1,30
Jsoup,15,FAST,19.0,0.37192982456140355,12.433333333333334,0.6543859649122807,0,1,30
Jsoup,15,Ekstazi+dpt,12.0,0.9736842105263153,1.0,0.05263157894736838,0,1,30
Jsoup,15,DPT,19.0,0.9736842105263153,1.0,0.05263157894736838,0,1,30
Jsoup,15,STARTS,16.0,0.6210526315789474,7.7,0.4052631578947367,0,1,30
Jsoup,15,STARTS+FAST-S,16.0,0.45438596491228084,10.866666666666667,0.5719298245614036,0,1,30
Jsoup,15,STARTS+FAST-P,16.0,0.4596491228070177,10.766666666666667,0.5666666666666669,0,1,30
Jsoup,15,STARTS+DPT,16.0,0.9736842105263153,1.0,0.05263157894736838,0,1,30
Jsoup,15,Fastazi-S,12.0,0.6140350877192982,7.833333333333333,0.41228070175438575,0,1,30
Jsoup,15,Fastazi-P,12.0,0.6719298245614034,6.733333333333333,0.35438596491228064,0,1,30
Jsoup,15,Random,19.0,0.43333333333333346,11.266666666666667,0.5929824561403508,0,1,30
Jsoup,16,Ekstazi,12.0,0.7301587301587299,6.166666666666667,0.2936507936507936,0,1,30
Jsoup,16,FAST,21.0,0.4904761904761906,11.2,0.5333333333333331,0,1,30
Jsoup,16,Ekstazi+dpt,12.0,0.5,11.0,0.5238095238095238,0,1,30
Jsoup,16,DPT,21.0,0.5,11.0,0.5238095238095238,0,1,30
Jsoup,16,STARTS,18.0,0.5063492063492064,10.866666666666667,0.5174603174603175,0,1,30
Jsoup,16,STARTS+FAST-S,18.0,0.48888888888888893,11.233333333333333,0.5349206349206349,0,1,30
Jsoup,16,STARTS+FAST-P,18.0,0.5412698412698413,10.133333333333333,0.4825396825396825,0,1,30
Jsoup,16,STARTS+DPT,18.0,0.5,11.0,0.5238095238095238,0,1,30
Jsoup,16,Fastazi-S,12.0,0.7158730158730156,6.466666666666667,0.3079365079365079,0,1,30
Jsoup,16,Fastazi-P,12.0,0.7936507936507934,4.833333333333333,0.23015873015873017,0,1,30
Jsoup,16,Random,21.0,0.45555555555555566,11.933333333333334,0.5682539682539682,0,1,30
Jsoup,17,Ekstazi,10.0,0.7317460317460315,6.133333333333334,0.2920634920634921,0,1,30
Jsoup,17,FAST,21.0,0.35714285714285743,14.0,0.6666666666666666,0,1,30
Jsoup,17,Ekstazi+dpt,10.0,0.9761904761904755,1.0,0.04761904761904765,0,1,30
Jsoup,17,DPT,21.0,0.9761904761904755,1.0,0.04761904761904765,0,1,30
Jsoup,17,STARTS,17.0,0.6746031746031744,7.333333333333333,0.3492063492063491,0,1,30
Jsoup,17,STARTS+FAST-S,17.0,0.44603174603174617,12.133333333333333,0.5777777777777777,0,1,30
Jsoup,17,STARTS+FAST-P,17.0,0.46031746031746046,11.833333333333334,0.5634920634920634,0,1,30
Jsoup,17,STARTS+DPT,17.0,0.9761904761904755,1.0,0.04761904761904765,0,1,30
Jsoup,17,Fastazi-S,10.0,0.7190476190476186,6.4,0.30476190476190473,0,1,30
Jsoup,17,Fastazi-P,10.0,0.780952380952381,5.1,0.24285714285714285,0,1,30
Jsoup,17,Random,21.0,0.5714285714285714,9.5,0.45238095238095233,0,1,30
Jsoup,18,Ekstazi,11.0,0.8206349206349203,4.266666666666667,0.2031746031746032,0,1,30
Jsoup,18,FAST,21.0,0.9301587301587296,1.9666666666666666,0.0936507936507937,0,1,30
Jsoup,18,Ekstazi+dpt,11.0,0.9761904761904755,1.0,0.04761904761904765,0,1,30
Jsoup,18,DPT,21.0,0.9761904761904755,1.0,0.04761904761904765,0,1,30
Jsoup,18,STARTS,18.0,0.7253968253968253,6.266666666666667,0.2984126984126984,0,1,30
Jsoup,18,STARTS+FAST-S,18.0,0.9349206349206344,1.8666666666666667,0.08888888888888893,0,1,30
Jsoup,18,STARTS+FAST-P,18.0,0.9444444444444439,1.6666666666666667,0.07936507936507939,0,1,30
Jsoup,18,STARTS+DPT,18.0,0.9761904761904755,1.0,0.04761904761904765,0,1,30
Jsoup,18,Fastazi-S,11.0,0.9333333333333328,1.9,0.09047619047619053,0,1,30
Jsoup,18,Fastazi-P,11.0,0.9603174603174597,1.3333333333333333,0.06349206349206352,0,1,30
Jsoup,18,Random,21.0,0.673015873015873,7.366666666666666,0.3507936507936507,0,1,30
Jsoup,19,Ekstazi,13.0,0.703174603174603,6.733333333333333,0.3206349206349206,0,1,30
Jsoup,19,FAST,21.0,0.8539682539682537,3.566666666666667,0.16984126984126996,0,1,30
Jsoup,19,Ekstazi+dpt,13.0,0.6904761904761901,7.0,0.3333333333333333,0,1,30
Jsoup,19,DPT,21.0,0.6904761904761901,7.0,0.3333333333333333,0,1,30
Jsoup,19,STARTS,17.0,0.5698412698412699,9.533333333333333,0.4539682539682539,0,1,30
Jsoup,19,STARTS+FAST-S,17.0,0.8841269841269838,2.933333333333333,0.13968253968253969,0,1,30
Jsoup,19,STARTS+FAST-P,17.0,0.8968253968253964,2.6666666666666665,0.126984126984127,0,1,30
Jsoup,19,STARTS+DPT,17.0,0.6904761904761901,7.0,0.3333333333333333,0,1,30
Jsoup,19,Fastazi-S,13.0,0.8936507936507933,2.7333333333333334,0.1301587301587301,0,1,30
Jsoup,19,Fastazi-P,13.0,0.9190476190476186,2.2,0.10476190476190479,0,1,30
Jsoup,19,Random,21.0,0.5571428571428572,9.8,0.46666666666666673,0,1,30
Jsoup,20,Ekstazi,20.0,0.5727272727272726,9.9,0.44999999999999996,0,1,30
Jsoup,20,FAST,22.0,0.49545454545454526,11.6,0.5272727272727272,0,1,30
Jsoup,20,Ekstazi+dpt,20.0,0.4772727272727271,12.0,0.5454545454545451,0,1,30
Jsoup,20,DPT,22.0,0.4772727272727271,12.0,0.5454545454545451,0,1,30
Jsoup,20,STARTS,21.0,0.48030303030303034,11.933333333333334,0.5424242424242425,0,1,30
Jsoup,20,STARTS+FAST-S,21.0,0.06818181818181814,21.0,0.9545454545454543,0,1,30
Jsoup,20,STARTS+FAST-P,21.0,0.09848484848484854,20.333333333333332,0.9242424242424239,0,1,30
Jsoup,20,STARTS+DPT,21.0,0.4772727272727271,12.0,0.5454545454545451,0,1,30
Jsoup,20,Fastazi-S,20.0,0.5272727272727274,10.9,0.49545454545454537,0,1,30
Jsoup,20,Fastazi-P,20.0,0.5393939393939393,10.633333333333333,0.4833333333333332,0,1,30
Jsoup,20,Random,22.0,0.5045454545454545,11.4,0.5181818181818182,0,1,30
Jsoup,21,Ekstazi,15.0,0.6833333333333333,7.466666666666667,0.3393939393939395,0,1,30
Jsoup,21,FAST,22.0,0.08636363636363635,20.6,0.9363636363636364,0,1,30
Jsoup,21,Ekstazi+dpt,15.0,0.8590909090909088,3.6,0.16363636363636358,0,1,30
Jsoup,21,DPT,22.0,0.8681818181818179,3.4,0.15454545454545449,0,1,30
Jsoup,21,STARTS,18.0,0.646969696969697,8.266666666666667,0.37575757575757585,0,1,30
Jsoup,21,STARTS+FAST-S,18.0,0.6984848484848486,7.133333333333334,0.3242424242424242,0,1,30
Jsoup,21,STARTS+FAST-P,18.0,0.7045454545454545,7.0,0.3181818181818182,0,1,30
Jsoup,21,STARTS+DPT,18.0,0.8545454545454542,3.7,0.16818181818181813,0,1,30
Jsoup,21,Fastazi-S,15.0,0.34090909090909105,15.0,0.6818181818181821,0,1,30
Jsoup,21,Fastazi-P,15.0,0.38333333333333347,14.066666666666666,0.6393939393939395,0,1,30
Jsoup,21,Random,22.0,0.5166666666666665,11.133333333333333,0.5060606060606061,0,1,30
Jsoup,22,Ekstazi,16.0,0.7768115942028985,5.633333333333334,0.24492753623188404,0,1,30
Jsoup,22,FAST,23.0,0.5,12.0,0.5217391304347827,0,1,30
Jsoup,22,Ekstazi+dpt,16.0,0.8710144927536233,3.466666666666667,0.15072463768115937,0,1,30
Jsoup,22,DPT,23.0,0.8710144927536232,3.466666666666667,0.15072463768115937,0,1,30
Jsoup,22,STARTS,19.0,0.7304347826086958,6.7,0.291304347826087,0,1,30
Jsoup,22,STARTS+FAST-S,19.0,0.6942028985507247,7.533333333333333,0.32753623188405795,0,1,30
Jsoup,22,STARTS+FAST-P,19.0,0.6724637681159423,8.033333333333333,0.3492753623188405,0,1,30
Jsoup,22,STARTS+DPT,19.0,0.8710144927536232,3.466666666666667,0.15072463768115937,0,1,30
Jsoup,22,Fastazi-S,16.0,0.7333333333333331,6.633333333333334,0.28840579710144937,0,1,30
Jsoup,22,Fastazi-P,16.0,0.7130434782608694,7.1,0.3086956521739132,0,1,30
Jsoup,22,Random,23.0,0.6347826086956522,8.9,0.3869565217391305,0,1,30
Jsoup,23,Ekstazi,14.0,0.7115942028985508,7.133333333333334,0.3101449275362319,0,1,30
Jsoup,23,FAST,23.0,0.3956521739130435,14.4,0.626086956521739,0,1,30
Jsoup,23,Ekstazi+dpt,14.0,0.5,12.0,0.5217391304347828,0,1,30
Jsoup,23,DPT,23.0,0.5,12.0,0.5217391304347828,0,1,30
Jsoup,23,STARTS,20.0,0.5159420289855071,11.633333333333333,0.5057971014492753,0,1,30
Jsoup,23,STARTS+FAST-S,20.0,0.5000000000000001,12.0,0.5217391304347827,0,1,30
Jsoup,23,STARTS+FAST-P,20.0,0.518840579710145,11.566666666666666,0.5028985507246377,0,1,30
Jsoup,23,STARTS+DPT,20.0,0.5,12.0,0.5217391304347828,0,1,30
Jsoup,23,Fastazi-S,14.0,0.6246376811594202,9.133333333333333,0.39710144927536256,0,1,30
Jsoup,23,Fastazi-P,14.0,0.6478260869565217,8.6,0.3739130434782611,0,1,30
Jsoup,23,Random,23.0,0.4927536231884057,12.166666666666666,0.5289855072463768,0,1,30
Jsoup,24,Ekstazi,2.0,0.9623188405797103,1.3666666666666667,0.05942028985507243,0,1,30
Jsoup,24,FAST,23.0,0.9057971014492749,2.6666666666666665,0.11594202898550728,0,1,30
Jsoup,24,Ekstazi+dpt,2.0,0.9782608695652178,1.0,0.043478260869565195,0,1,30
Jsoup,24,DPT,23.0,0.9782608695652178,1.0,0.043478260869565195,0,1,30
Jsoup,24,STARTS,19.0,0.5942028985507246,9.833333333333334,0.427536231884058,0,1,30
Jsoup,24,STARTS+FAST-S,19.0,0.9347826086956522,2.0,0.08695652173913039,0,1,30
Jsoup,24,STARTS+FAST-P,19.0,0.9463768115942031,1.7333333333333334,0.07536231884057967,0,1,30
Jsoup,24,STARTS+DPT,19.0,0.9782608695652178,1.0,0.043478260869565195,0,1,30
Jsoup,24,Fastazi-S,2.0,0.9594202898550728,1.4333333333333333,0.06231884057971012,0,1,30
Jsoup,24,Fastazi-P,2.0,0.9782608695652178,1.0,0.043478260869565195,0,1,30
Jsoup,24,Random,23.0,0.38405797101449274,14.666666666666666,0.6376811594202897,0,1,30
Jsoup,25,Ekstazi,19.0,0.5681159420289854,10.433333333333334,0.45362318840579713,0,1,30
Jsoup,25,FAST,23.0,0.8971014492753617,2.8666666666666667,0.12463768115942032,0,1,30
Jsoup,25,Ekstazi+dpt,19.0,0.9782608695652178,1.0,0.043478260869565195,0,1,30
Jsoup,25,DPT,23.0,0.9782608695652178,1.0,0.043478260869565195,0,1,30
Jsoup,25,STARTS,21.0,0.5956521739130434,9.8,0.4260869565217393,0,1,30
Jsoup,25,STARTS+FAST-S,21.0,0.8956521739130429,2.9,0.12608695652173918,0,1,30
Jsoup,25,STARTS+FAST-P,21.0,0.8985507246376806,2.8333333333333335,0.12318840579710148,0,1,30
Jsoup,25,STARTS+DPT,21.0,0.9782608695652178,1.0,0.043478260869565195,0,1,30
Jsoup,25,Fastazi-S,19.0,0.8768115942028981,3.3333333333333335,0.14492753623188406,0,1,30
Jsoup,25,Fastazi-P,19.0,0.905797101449275,2.6666666666666665,0.11594202898550726,0,1,30
Jsoup,25,Random,23.0,0.42608695652173917,13.7,0.5956521739130435,0,1,30
Jsoup,26,Ekstazi,19.0,0.6318840579710145,8.966666666666667,0.3898550724637681,0,1,30
Jsoup,26,FAST,23.0,0.7768115942028984,5.633333333333334,0.24492753623188415,0,1,30
Jsoup,26,Ekstazi+dpt,19.0,0.8043478260869569,5.0,0.21739130434782614,0,1,30
Jsoup,26,DPT,23.0,0.8043478260869569,5.0,0.21739130434782614,0,1,30
Jsoup,26,STARTS,20.0,0.5130434782608696,11.7,0.508695652173913,0,1,30
Jsoup,26,STARTS+FAST-S,20.0,0.779710144927536,5.566666666666666,0.24202898550724644,0,1,30
Jsoup,26,STARTS+FAST-P,20.0,0.7855072463768116,5.433333333333334,0.23623188405797108,0,1,30
Jsoup,26,STARTS+DPT,20.0,0.8043478260869569,5.0,0.21739130434782614,0,1,30
Jsoup,26,Fastazi-S,19.0,0.7753623188405795,5.666666666666667,0.246376811594203,0,1,30
Jsoup,26,Fastazi-P,19.0,0.7811594202898549,5.533333333333333,0.2405797101449276,0,1,30
Jsoup,26,Random,23.0,0.41014492753623194,14.066666666666666,0.6115942028985508,0,1,30
Jsoup,27,Ekstazi,18.0,0.6304347826086958,9.0,0.39130434782608703,0,1,30
Jsoup,27,FAST,23.0,0.4521739130434782,13.1,0.5695652173913045,0,1,30
Jsoup,27,Ekstazi+dpt,18.0,0.456521739130435,13.0,0.5652173913043478,0,1,30
Jsoup,27,DPT,23.0,0.456521739130435,13.0,0.5652173913043478,0,1,30
Jsoup,27,STARTS,21.0,0.5000000000000001,12.0,0.5217391304347826,0,1,30
Jsoup,27,STARTS+FAST-S,21.0,0.5420289855072462,11.033333333333333,0.47971014492753616,0,1,30
Jsoup,27,STARTS+FAST-P,21.0,0.5521739130434782,10.8,0.46956521739130425,0,1,30
Jsoup,27,STARTS+DPT,21.0,0.456521739130435,13.0,0.5652173913043478,0,1,30
Jsoup,27,Fastazi-S,18.0,0.6449275362318841,8.666666666666666,0.3768115942028987,0,1,30
Jsoup,27,Fastazi-P,18.0,0.6231884057971012,9.166666666666666,0.3985507246376813,0,1,30
Jsoup,27,Random,23.0,0.5478260869565218,10.9,0.47391304347826074,0,1,30
Jsoup,28,Ekstazi,19.0,0.8231884057971013,4.566666666666666,0.19855072463768114,0,1,30
Jsoup,28,FAST,23.0,0.9028985507246373,2.7333333333333334,0.11884057971014497,0,1,30
Jsoup,28,Ekstazi+dpt,19.0,0.9782608695652178,1.0,0.043478260869565195,0,1,30
Jsoup,28,DPT,23.0,0.9782608695652178,1.0,0.043478260869565195,0,1,30
Jsoup,28,STARTS,21.0,0.7159420289855074,7.033333333333333,0.3057971014492754,0,1,30
Jsoup,28,STARTS+FAST-S,21.0,0.9362318840579711,1.9666666666666666,0.08550724637681156,0,1,30
Jsoup,28,STARTS+FAST-P,21.0,0.9434782608695653,1.8,0.07826086956521737,0,1,30
Jsoup,28,STARTS+DPT,21.0,0.9782608695652178,1.0,0.043478260869565195,0,1,30
Jsoup,28,Fastazi-S,19.0,0.9420289855072465,1.8333333333333333,0.0797101449275362,0,1,30
Jsoup,28,Fastazi-P,19.0,0.9478260869565219,1.7,0.07391304347826085,0,1,30
Jsoup,28,Random,23.0,0.7594202898550726,6.033333333333333,0.26231884057971017,0,1,30
Jsoup,29,Ekstazi,17.0,0.6420289855072464,8.733333333333333,0.3797101449275362,0,1,30
Jsoup,29,FAST,23.0,0.2869565217391304,16.9,0.7347826086956526,0,1,30
Jsoup,29,Ekstazi+dpt,17.0,0.6739130434782613,8.0,0.34782608695652156,0,1,30
Jsoup,29,DPT,23.0,0.6739130434782613,8.0,0.34782608695652156,0,1,30
Jsoup,29,STARTS,20.0,0.5246376811594203,11.433333333333334,0.4971014492753622,0,1,30
Jsoup,29,STARTS+FAST-S,20.0,0.3782608695652174,14.8,0.6434782608695653,0,1,30
Jsoup,29,STARTS+FAST-P,20.0,0.3782608695652175,14.8,0.6434782608695649,0,1,30
Jsoup,29,STARTS+DPT,20.0,0.6739130434782613,8.0,0.34782608695652156,0,1,30
Jsoup,29,Fastazi-S,17.0,0.48260869565217407,12.4,0.5391304347826086,0,1,30
Jsoup,29,Fastazi-P,17.0,0.45942028985507244,12.933333333333334,0.5623188405797103,0,1,30
Jsoup,29,Random,23.0,0.45507246376811594,13.033333333333333,0.5666666666666667,0,1,30
Jsoup,30,Ekstazi,3.0,0.934782608695652,2.0,0.08695652173913043,0,1,30
Jsoup,30,FAST,23.0,0.7913043478260867,5.3,0.23043478260869574,0,1,30
Jsoup,30,Ekstazi+dpt,3.0,0.9782608695652178,1.0,0.043478260869565195,0,1,30
Jsoup,30,DPT,23.0,0.8043478260869569,5.0,0.21739130434782614,0,1,30
Jsoup,30,STARTS,15.0,0.6043478260869565,9.6,0.4173913043478261,0,1,30
Jsoup,30,STARTS+FAST-S,15.0,0.8188405797101452,4.666666666666667,0.20289855072463772,0,1,30
Jsoup,30,STARTS+FAST-P,15.0,0.8333333333333337,4.333333333333333,0.18840579710144925,0,1,30
Jsoup,30,STARTS+DPT,15.0,0.8043478260869569,5.0,0.21739130434782614,0,1,30
Jsoup,30,Fastazi-S,3.0,0.9362318840579709,1.9666666666666666,0.08550724637681158,0,1,30
Jsoup,30,Fastazi-P,3.0,0.9782608695652178,1.0,0.043478260869565195,0,1,30
Jsoup,30,Random,23.0,0.5202898550724637,11.533333333333333,0.5014492753623189,0,1,30
Jsoup,31,Ekstazi,5.0,0.8942028985507247,2.933333333333333,0.12753623188405802,0,1,30
Jsoup,31,FAST,23.0,0.8260869565217395,4.5,0.19565217391304351,0,1,30
Jsoup,31,Ekstazi+dpt,5.0,0.8043478260869569,5.0,0.21739130434782614,0,1,30
Jsoup,31,DPT,23.0,0.7608695652173909,6.0,0.2608695652173914,0,1,30
Jsoup,31,STARTS,20.0,0.5869565217391305,10.0,0.4347826086956523,0,1,30
Jsoup,31,STARTS+FAST-S,20.0,0.3521739130434784,15.4,0.6695652173913046,0,1,30
Jsoup,31,STARTS+FAST-P,20.0,0.2768115942028984,17.133333333333333,0.7449275362318842,0,1,30
Jsoup,31,STARTS+DPT,20.0,0.7608695652173909,6.0,0.2608695652173914,0,1,30
Jsoup,31,Fastazi-S,5.0,0.9173913043478259,2.4,0.10434782608695653,0,1,30
Jsoup,31,Fastazi-P,5.0,0.9260869565217391,2.2,0.09565217391304344,0,1,30
Jsoup,31,Random,23.0,0.5130434782608696,11.7,0.5086956521739131,0,1,30
Jsoup,32,Ekstazi,19.0,0.6391304347826086,8.8,0.38260869565217387,0,1,30
Jsoup,32,FAST,23.0,0.13913043478260873,20.3,0.8826086956521738,0,1,30
Jsoup,32,Ekstazi+dpt,19.0,0.8666666666666668,3.566666666666667,0.15507246376811593,0,1,30
Jsoup,32,DPT,23.0,0.8710144927536232,3.466666666666667,0.1507246376811594,0,1,30
Jsoup,32,STARTS,20.0,0.6260869565217391,9.1,0.39565217391304347,0,1,30
Jsoup,32,STARTS+FAST-S,20.0,0.31594202898550716,16.233333333333334,0.7057971014492757,0,1,30
Jsoup,32,STARTS+FAST-P,20.0,0.6579710144927533,8.366666666666667,0.363768115942029,0,1,30
Jsoup,32,STARTS+DPT,20.0,0.8623188405797102,3.6666666666666665,0.1594202898550724,0,1,30
Jsoup,32,Fastazi-S,19.0,0.23768115942028967,18.033333333333335,0.7840579710144924,0,1,30
Jsoup,32,Fastazi-P,19.0,0.2999999999999998,16.6,0.7217391304347823,0,1,30
Jsoup,32,Random,23.0,0.5724637681159419,10.333333333333334,0.44927536231884063,0,1,30
Jsoup,33,Ekstazi,23.0,0.5706666666666667,11.233333333333333,0.4493333333333334,0,1,30
Jsoup,33,FAST,25.0,0.8280000000000001,4.8,0.19200000000000006,0,1,30
Jsoup,33,Ekstazi+dpt,23.0,0.9800000000000003,1.0,0.040000000000000015,0,1,30
Jsoup,33,DPT,25.0,0.9800000000000003,1.0,0.040000000000000015,0,1,30
Jsoup,33,STARTS,23.0,0.5093333333333333,12.766666666666667,0.5106666666666668,0,1,30
Jsoup,33,STARTS+FAST-S,23.0,0.7106666666666669,7.733333333333333,0.3093333333333333,0,1,30
Jsoup,33,STARTS+FAST-P,23.0,0.7813333333333337,5.966666666666667,0.2386666666666667,0,1,30
Jsoup,33,STARTS+DPT,23.0,0.9800000000000003,1.0,0.040000000000000015,0,1,30
Jsoup,33,Fastazi-S,23.0,0.7840000000000003,5.9,0.23600000000000004,0,1,30
Jsoup,33,Fastazi-P,23.0,0.8720000000000001,3.7,0.14800000000000005,0,1,30
Jsoup,33,Random,25.0,0.5320000000000001,12.2,0.4879999999999998,0,1,30
Jsoup,34,Ekstazi,17.0,0.7453333333333331,6.866666666666666,0.2746666666666667,0,1,30
Jsoup,34,FAST,25.0,0.9453333333333339,1.8666666666666667,0.0746666666666667,0,1,30
Jsoup,34,Ekstazi+dpt,17.0,0.9800000000000003,1.0,0.040000000000000015,0,1,30
Jsoup,34,DPT,25.0,0.9800000000000003,1.0,0.040000000000000015,0,1,30
Jsoup,34,STARTS,23.0,0.6960000000000001,8.1,0.324,0,1,30
Jsoup,34,STARTS+FAST-S,23.0,0.9440000000000005,1.9,0.07600000000000003,0,1,30
Jsoup,34,STARTS+FAST-P,23.0,0.9493333333333338,1.7666666666666666,0.07066666666666668,0,1,30
Jsoup,34,STARTS+DPT,23.0,0.9800000000000003,1.0,0.040000000000000015,0,1,30
Jsoup,34,Fastazi-S,17.0,0.9440000000000005,1.9,0.07600000000000003,0,1,30
Jsoup,34,Fastazi-P,17.0,0.9586666666666672,1.5333333333333334,0.061333333333333365,0,1,30
Jsoup,34,Random,25.0,0.676,8.6,0.344,0,1,30
Jsoup,35,Ekstazi,16.0,0.6533333333333331,9.166666666666666,0.3666666666666668,0,1,30
Jsoup,35,FAST,25.0,0.9079999999999997,2.8,0.11200000000000007,0,1,30
Jsoup,35,Ekstazi+dpt,16.0,0.9800000000000003,1.0,0.040000000000000015,0,1,30
Jsoup,35,DPT,25.0,0.9800000000000003,1.0,0.040000000000000015,0,1,30
Jsoup,35,STARTS,22.0,0.5506666666666666,11.733333333333333,0.4693333333333333,0,1,30
Jsoup,35,STARTS+FAST-S,22.0,0.9400000000000005,2.0,0.08000000000000003,0,1,30
Jsoup,35,STARTS+FAST-P,22.0,0.9413333333333339,1.9666666666666666,0.07866666666666669,0,1,30
Jsoup,35,STARTS+DPT,22.0,0.9800000000000003,1.0,0.040000000000000015,0,1,30
Jsoup,35,Fastazi-S,16.0,0.9426666666666672,1.9333333333333333,0.07733333333333335,0,1,30
Jsoup,35,Fastazi-P,16.0,0.9600000000000005,1.5,0.060000000000000026,0,1,30
Jsoup,35,Random,25.0,0.4960000000000001,13.1,0.524,0,1,30
Jsoup,36,Ekstazi,23.0,0.6880000000000001,8.3,0.33199999999999996,0,1,30
Jsoup,36,FAST,25.0,0.5999999999999999,10.5,0.41999999999999993,0,1,30
Jsoup,36,Ekstazi+dpt,23.0,0.9400000000000005,2.0,0.08000000000000003,0,1,30
Jsoup,36,DPT,25.0,0.9400000000000005,2.0,0.08000000000000003,0,1,30
Jsoup,36,STARTS,23.0,0.7706666666666666,6.233333333333333,0.2493333333333334,0,1,30
Jsoup,36,STARTS+FAST-S,23.0,0.39199999999999996,15.7,0.6279999999999998,0,1,30
Jsoup,36,STARTS+FAST-P,23.0,0.42133333333333334,14.966666666666667,0.5986666666666666,0,1,30
Jsoup,36,STARTS+DPT,23.0,0.9400000000000005,2.0,0.08000000000000003,0,1,30
Jsoup,36,Fastazi-S,23.0,0.5906666666666667,10.733333333333333,0.4293333333333333,0,1,30
Jsoup,36,Fastazi-P,23.0,0.6666666666666666,8.833333333333334,0.35333333333333333,0,1,30
Jsoup,36,Random,25.0,0.7066666666666668,7.833333333333333,0.31333333333333335,0,1,30
Jsoup,37,Ekstazi,20.0,0.6333333333333333,9.666666666666666,0.38666666666666666,0,1,30
Jsoup,37,FAST,25.0,0.5213333333333331,12.466666666666667,0.4986666666666667,0,1,30
Jsoup,37,Ekstazi+dpt,20.0,0.8426666666666666,4.433333333333334,0.1773333333333334,0,1,30
Jsoup,37,DPT,25.0,0.8386666666666666,4.533333333333333,0.1813333333333334,0,1,30
Jsoup,37,STARTS,23.0,0.464,13.9,0.5559999999999999,0,1,30
Jsoup,37,STARTS+FAST-S,23.0,0.66,9.0,0.36000000000000004,0,1,30
Jsoup,37,STARTS+FAST-P,23.0,0.6546666666666666,9.133333333333333,0.36533333333333334,0,1,30
Jsoup,37,STARTS+DPT,23.0,0.84,4.5,0.18000000000000008,0,1,30
Jsoup,37,Fastazi-S,20.0,0.4346666666666667,14.633333333333333,0.5853333333333332,0,1,30
Jsoup,37,Fastazi-P,20.0,0.6826666666666664,8.433333333333334,0.33733333333333343,0,1,30
Jsoup,37,Random,25.0,0.5039999999999999,12.9,0.5160000000000001,0,1,30
Jsoup,38,Ekstazi,16.0,0.7213333333333334,7.466666666666667,0.2986666666666667,0,1,30
Jsoup,38,FAST,25.0,0.9066666666666664,2.8333333333333335,0.11333333333333341,0,1,30
Jsoup,38,Ekstazi+dpt,16.0,0.9800000000000003,1.0,0.040000000000000015,0,1,30
Jsoup,38,DPT,25.0,0.9800000000000003,1.0,0.040000000000000015,0,1,30
Jsoup,38,STARTS,22.0,0.5386666666666666,12.033333333333333,0.48133333333333345,0,1,30
Jsoup,38,STARTS+FAST-S,22.0,0.9426666666666672,1.9333333333333333,0.07733333333333335,0,1,30
Jsoup,38,STARTS+FAST-P,22.0,0.9506666666666671,1.7333333333333334,0.06933333333333334,0,1,30
Jsoup,38,STARTS+DPT,22.0,0.9800000000000003,1.0,0.040000000000000015,0,1,30
Jsoup,38,Fastazi-S,16.0,0.9400000000000005,2.0,0.08000000000000003,0,1,30
Jsoup,38,Fastazi-P,16.0,0.954666666666667,1.6333333333333333,0.06533333333333335,0,1,30
Jsoup,38,Random,25.0,0.4040000000000001,15.4,0.6160000000000001,0,1,30
Jsoup,39,Ekstazi,20.0,0.648,9.3,0.372,0,1,30
Jsoup,39,FAST,25.0,0.572,11.2,0.44800000000000006,0,1,30
Jsoup,39,Ekstazi+dpt,20.0,0.5399999999999996,12.0,0.4800000000000003,0,1,30
Jsoup,39,DPT,25.0,0.5399999999999996,12.0,0.4800000000000003,0,1,30
Jsoup,39,STARTS,23.0,0.5506666666666666,11.733333333333333,0.46933333333333327,0,1,30
Jsoup,39,STARTS+FAST-S,23.0,0.7026666666666663,7.933333333333334,0.31733333333333336,0,1,30
Jsoup,39,STARTS+FAST-P,23.0,0.725333333333333,7.366666666666666,0.29466666666666674,0,1,30
Jsoup,39,STARTS+DPT,23.0,0.5399999999999996,12.0,0.4800000000000003,0,1,30
Jsoup,39,Fastazi-S,20.0,0.7319999999999997,7.2,0.2880000000000001,0,1,30
Jsoup,39,Fastazi-P,20.0,0.6933333333333331,8.166666666666666,0.3266666666666667,0,1,30
Jsoup,39,Random,25.0,0.4693333333333332,13.766666666666667,0.5506666666666666,0,1,30
Jsoup,40,Ekstazi,19.0,0.7493333333333331,6.766666666666667,0.2706666666666667,0,1,30
Jsoup,40,FAST,25.0,0.9066666666666663,2.8333333333333335,0.11333333333333341,0,1,30
Jsoup,40,Ekstazi+dpt,19.0,0.9800000000000003,1.0,0.040000000000000015,0,1,30
Jsoup,40,DPT,25.0,0.9800000000000003,1.0,0.040000000000000015,0,1,30
Jsoup,40,STARTS,23.0,0.7173333333333333,7.566666666666666,0.3026666666666667,0,1,30
Jsoup,40,STARTS+FAST-S,23.0,0.9106666666666663,2.7333333333333334,0.10933333333333341,0,1,30
Jsoup,40,STARTS+FAST-P,23.0,0.9146666666666664,2.6333333333333333,0.1053333333333334,0,1,30
Jsoup,40,STARTS+DPT,23.0,0.9800000000000003,1.0,0.040000000000000015,0,1,30
Jsoup,40,Fastazi-S,19.0,0.913333333333333,2.6666666666666665,0.10666666666666673,0,1,30
Jsoup,40,Fastazi-P,19.0,0.9119999999999996,2.7,0.10800000000000007,0,1,30
Jsoup,40,Random,25.0,0.7160000000000001,7.6,0.30400000000000005,0,1,30
Jsoup,41,Ekstazi,24.0,0.5410256410256409,12.433333333333334,0.47820512820512817,0,1,30
Jsoup,41,FAST,26.0,0.2987179487179486,18.733333333333334,0.7205128205128205,0,1,30
Jsoup,41,Ekstazi+dpt,24.0,0.8653846153846156,4.0,0.15384615384615383,0,1,30
Jsoup,41,DPT,26.0,0.8653846153846156,4.0,0.15384615384615383,0,1,30
Jsoup,41,STARTS,25.0,0.6666666666666666,9.166666666666666,0.3525641025641026,0,1,30
Jsoup,41,STARTS+FAST-S,25.0,0.22179487179487192,20.733333333333334,0.7974358974358977,0,1,30
Jsoup,41,STARTS+FAST-P,25.0,0.19743589743589748,21.366666666666667,0.8217948717948721,0,1,30
Jsoup,41,STARTS+DPT,25.0,0.8653846153846156,4.0,0.15384615384615383,0,1,30
Jsoup,41,Fastazi-S,24.0,0.4217948717948716,15.533333333333333,0.5974358974358973,0,1,30
Jsoup,41,Fastazi-P,24.0,0.37307692307692286,16.8,0.6461538461538461,0,1,30
Jsoup,41,Random,26.0,0.532051282051282,12.666666666666666,0.4871794871794871,0,1,30
Jsoup,42,Ekstazi,20.0,0.5666666666666667,11.766666666666667,0.4525641025641025,0,1,30
Jsoup,42,FAST,26.0,0.4846153846153845,13.9,0.5346153846153846,0,1,30
Jsoup,42,Ekstazi+dpt,20.0,0.7500000000000001,7.0,0.2692307692307692,0,1,30
Jsoup,42,DPT,26.0,0.7500000000000001,7.0,0.2692307692307692,0,1,30
Jsoup,42,STARTS,23.0,0.5576923076923078,12.0,0.46153846153846145,0,1,30
Jsoup,42,STARTS+FAST-S,23.0,0.4320512820512819,15.266666666666667,0.587179487179487,0,1,30
Jsoup,42,STARTS+FAST-P,23.0,0.39615384615384597,16.2,0.623076923076923,0,1,30
Jsoup,42,STARTS+DPT,23.0,0.7500000000000001,7.0,0.2692307692307692,0,1,30
Jsoup,42,Fastazi-S,20.0,0.6192307692307695,10.4,0.40000000000000013,0,1,30
Jsoup,42,Fastazi-P,20.0,0.6269230769230771,10.2,0.3923076923076925,0,1,30
Jsoup,42,Random,26.0,0.42564102564102574,15.433333333333334,0.5935897435897437,0,1,30
Jsoup,43,Ekstazi,24.0,0.48333333333333334,13.933333333333334,0.535897435897436,0,1,30
Jsoup,43,FAST,26.0,0.662820512820513,9.266666666666667,0.35641025641025653,0,1,30
Jsoup,43,Ekstazi+dpt,24.0,0.8653846153846156,4.0,0.15384615384615383,0,1,30
Jsoup,43,DPT,26.0,0.8653846153846156,4.0,0.15384615384615383,0,1,30
Jsoup,43,STARTS,25.0,0.5294871794871795,12.733333333333333,0.48974358974358967,0,1,30
Jsoup,43,STARTS+FAST-S,25.0,0.5269230769230773,12.8,0.49230769230769234,0,1,30
Jsoup,43,STARTS+FAST-P,25.0,0.5512820512820515,12.166666666666666,0.467948717948718,0,1,30
Jsoup,43,STARTS+DPT,25.0,0.8653846153846156,4.0,0.15384615384615383,0,1,30
Jsoup,43,Fastazi-S,24.0,0.6923076923076924,8.5,0.3269230769230769,0,1,30
Jsoup,43,Fastazi-P,24.0,0.6884615384615383,8.6,0.33076923076923076,0,1,30
Jsoup,43,Random,26.0,0.5628205128205129,11.866666666666667,0.4564102564102564,0,1,30
Jsoup,44,Ekstazi,18.0,0.5820512820512821,11.366666666666667,0.4371794871794871,0,1,30
Jsoup,44,FAST,26.0,0.9192307692307691,2.6,0.10000000000000002,0,1,30
Jsoup,44,Ekstazi+dpt,18.0,0.9807692307692302,1.0,0.03846153846153846,0,1,30
Jsoup,44,DPT,26.0,0.9807692307692302,1.0,0.03846153846153846,0,1,30
Jsoup,44,STARTS,23.0,0.4615384615384615,14.5,0.5576923076923077,0,1,30
Jsoup,44,STARTS+FAST-S,23.0,0.9435897435897439,1.9666666666666666,0.07564102564102564,0,1,30
Jsoup,44,STARTS+FAST-P,23.0,0.948717948717949,1.8333333333333333,0.07051282051282048,0,1,30
Jsoup,44,STARTS+DPT,23.0,0.9807692307692302,1.0,0.03846153846153846,0,1,30
Jsoup,44,Fastazi-S,18.0,0.9435897435897439,1.9666666666666666,0.07564102564102562,0,1,30
Jsoup,44,Fastazi-P,18.0,0.9564102564102566,1.6333333333333333,0.0628205128205128,0,1,30
Jsoup,44,Random,26.0,0.476923076923077,14.1,0.5423076923076924,0,1,30
Jsoup,45,Ekstazi,22.0,0.5717948717948718,11.633333333333333,0.4474358974358974,0,1,30
Jsoup,45,FAST,26.0,0.8807692307692306,3.6,0.1384615384615385,0,1,30
Jsoup,45,Ekstazi+dpt,22.0,0.9807692307692302,1.0,0.03846153846153846,0,1,30
Jsoup,45,DPT,26.0,0.9807692307692302,1.0,0.03846153846153846,0,1,30
Jsoup,45,STARTS,23.0,0.5615384615384614,11.9,0.4576923076923077,0,1,30
Jsoup,45,STARTS+FAST-S,23.0,0.9192307692307696,2.6,0.1,0,1,30
Jsoup,45,STARTS+FAST-P,23.0,0.9448717948717953,1.9333333333333333,0.07435897435897434,0,1,30
Jsoup,45,STARTS+DPT,23.0,0.9807692307692302,1.0,0.03846153846153846,0,1,30
Jsoup,45,Fastazi-S,22.0,0.9333333333333337,2.2333333333333334,0.0858974358974359,0,1,30
Jsoup,45,Fastazi-P,22.0,0.911538461538462,2.8,0.10769230769230775,0,1,30
Jsoup,45,Random,26.0,0.4525641025641027,14.733333333333333,0.5666666666666667,0,1,30
Jsoup,46,Ekstazi,17.0,0.703846153846154,8.2,0.3153846153846154,0,1,30
Jsoup,46,FAST,26.0,0.3423076923076922,17.6,0.6769230769230768,0,1,30
Jsoup,46,Ekstazi+dpt,17.0,0.9038461538461535,3.0,0.1153846153846154,0,1,30
Jsoup,46,DPT,26.0,0.9038461538461535,3.0,0.1153846153846154,0,1,30
Jsoup,46,STARTS,23.0,0.5076923076923078,13.3,0.5115384615384616,0,1,30
Jsoup,46,STARTS+FAST-S,23.0,0.3179487179487178,18.233333333333334,0.7012820512820513,0,1,30
Jsoup,46,STARTS+FAST-P,23.0,0.33333333333333326,17.833333333333332,0.6858974358974358,0,1,30
Jsoup,46,STARTS+DPT,23.0,0.9038461538461535,3.0,0.1153846153846154,0,1,30
Jsoup,46,Fastazi-S,17.0,0.530769230769231,12.7,0.48846153846153845,0,1,30
Jsoup,46,Fastazi-P,17.0,0.5602564102564105,11.933333333333334,0.45897435897435906,0,1,30
Jsoup,46,Random,26.0,0.5358974358974359,12.566666666666666,0.4833333333333333,0,1,30
Jsoup,47,Ekstazi,23.0,0.6012820512820513,10.866666666666667,0.41794871794871796,0,1,30
Jsoup,47,FAST,26.0,0.4435897435897434,14.966666666666667,0.5756410256410255,0,1,30
Jsoup,47,Ekstazi+dpt,23.0,0.4423076923076922,15.0,0.5769230769230768,0,1,30
Jsoup,47,DPT,26.0,0.4423076923076922,15.0,0.5769230769230768,0,1,30
Jsoup,47,STARTS,24.0,0.5884615384615386,11.2,0.4307692307692308,0,1,30
Jsoup,47,STARTS+FAST-S,24.0,0.42948717948717935,15.333333333333334,0.5897435897435895,0,1,30
Jsoup,47,STARTS+FAST-P,24.0,0.44999999999999984,14.8,0.5692307692307691,0,1,30
Jsoup,47,STARTS+DPT,24.0,0.4423076923076922,15.0,0.5769230769230768,0,1,30
Jsoup,47,Fastazi-S,23.0,0.5692307692307694,11.7,0.45,0,1,30
Jsoup,47,Fastazi-P,23.0,0.548717948717949,12.233333333333333,0.47051282051282056,0,1,30
Jsoup,47,Random,26.0,0.4423076923076925,15.0,0.5769230769230769,0,1,30
Jsoup,48,Ekstazi,23.0,0.5987179487179487,10.933333333333334,0.42051282051282046,0,1,30
Jsoup,48,FAST,26.0,0.6525641025641027,9.533333333333333,0.36666666666666675,0,1,30
Jsoup,48,Ekstazi+dpt,23.0,0.3269230769230768,18.0,0.6923076923076923,0,1,30
Jsoup,48,DPT,26.0,0.3269230769230768,18.0,0.6923076923076923,0,1,30
Jsoup,48,STARTS,24.0,0.4435897435897436,14.966666666666667,0.5756410256410258,0,1,30
Jsoup,48,STARTS+FAST-S,24.0,0.7038461538461539,8.2,0.3153846153846153,0,1,30
Jsoup,48,STARTS+FAST-P,24.0,0.6820512820512818,8.766666666666667,0.33717948717948715,0,1,30
Jsoup,48,STARTS+DPT,24.0,0.3269230769230768,18.0,0.6923076923076923,0,1,30
Jsoup,48,Fastazi-S,23.0,0.732051282051282,7.466666666666667,0.28717948717948716,0,1,30
Jsoup,48,Fastazi-P,23.0,0.7525641025641028,6.933333333333334,0.26666666666666666,0,1,30
Jsoup,48,Random,26.0,0.5256410256410258,12.833333333333334,0.4935897435897435,0,1,30
Jsoup,49,Ekstazi,23.0,0.5692307692307692,11.7,0.45000000000000007,0,1,30
Jsoup,49,FAST,26.0,0.18205128205128202,21.766666666666666,0.8371794871794872,0,1,30
Jsoup,49,Ekstazi+dpt,23.0,0.8653846153846156,4.0,0.15384615384615383,0,1,30
Jsoup,49,DPT,26.0,0.8653846153846156,4.0,0.15384615384615383,0,1,30
Jsoup,49,STARTS,24.0,0.5371794871794872,12.533333333333333,0.482051282051282,0,1,30
Jsoup,49,STARTS+FAST-S,24.0,0.5820512820512822,11.366666666666667,0.4371794871794873,0,1,30
Jsoup,49,STARTS+FAST-P,24.0,0.6089743589743591,10.666666666666666,0.41025641025641035,0,1,30
Jsoup,49,STARTS+DPT,24.0,0.8653846153846156,4.0,0.15384615384615383,0,1,30
Jsoup,49,Fastazi-S,23.0,0.26025641025641033,19.733333333333334,0.7589743589743588,0,1,30
Jsoup,49,Fastazi-P,23.0,0.28589743589743594,19.066666666666666,0.7333333333333333,0,1,30
Jsoup,49,Random,26.0,0.5115384615384616,13.2,0.5076923076923076,0,1,30
Jsoup,50,Ekstazi,20.0,0.6243589743589745,10.266666666666667,0.39487179487179475,0,1,30
Jsoup,50,FAST,26.0,0.48589743589743556,13.866666666666667,0.5333333333333332,0,1,30
Jsoup,50,Ekstazi+dpt,20.0,0.6346153846153847,10.0,0.38461538461538486,0,1,30
Jsoup,50,DPT,26.0,0.6346153846153847,10.0,0.38461538461538486,0,1,30
Jsoup,50,STARTS,23.0,0.5192307692307693,13.0,0.5000000000000001,0,1,30
Jsoup,50,STARTS+FAST-S,23.0,0.22692307692307706,20.6,0.7923076923076926,0,1,30
Jsoup,50,STARTS+FAST-P,23.0,0.19743589743589754,21.366666666666667,0.821794871794872,0,1,30
Jsoup,50,STARTS+DPT,23.0,0.6346153846153847,10.0,0.38461538461538486,0,1,30
Jsoup,50,Fastazi-S,20.0,0.6256410256410257,10.233333333333333,0.3935897435897438,0,1,30
Jsoup,50,Fastazi-P,20.0,0.6371794871794872,9.933333333333334,0.3820512820512822,0,1,30
Jsoup,50,Random,26.0,0.4628205128205128,14.466666666666667,0.5564102564102565,0,1,30
Jsoup,51,Ekstazi,18.0,0.641025641025641,9.833333333333334,0.37820512820512814,0,1,30
Jsoup,51,FAST,26.0,0.9166666666666664,2.6666666666666665,0.10256410256410259,0,1,30
Jsoup,51,Ekstazi+dpt,18.0,0.9807692307692302,1.0,0.03846153846153846,0,1,30
Jsoup,51,DPT,26.0,0.9807692307692302,1.0,0.03846153846153846,0,1,30
Jsoup,51,STARTS,24.0,0.42307692307692313,15.5,0.5961538461538461,0,1,30
Jsoup,51,STARTS+FAST-S,24.0,0.9153846153846151,2.7,0.10384615384615387,0,1,30
Jsoup,51,STARTS+FAST-P,24.0,0.9102564102564101,2.8333333333333335,0.10897435897435902,0,1,30
Jsoup,51,STARTS+DPT,24.0,0.9807692307692302,1.0,0.03846153846153846,0,1,30
Jsoup,51,Fastazi-S,18.0,0.9217948717948716,2.533333333333333,0.09743589743589746,0,1,30
Jsoup,51,Fastazi-P,18.0,0.9230769230769229,2.5,0.09615384615384617,0,1,30
Jsoup,51,Random,26.0,0.44615384615384607,14.9,0.5730769230769232,0,1,30
Jsoup,52,Ekstazi,23.0,0.7038461538461539,8.2,0.3153846153846153,0,1,30
Jsoup,52,FAST,26.0,0.501282051282051,13.466666666666667,0.5179487179487177,0,1,30
Jsoup,52,Ekstazi+dpt,23.0,0.9038461538461535,3.0,0.1153846153846154,0,1,30
Jsoup,52,DPT,26.0,0.9038461538461535,3.0,0.1153846153846154,0,1,30
Jsoup,52,STARTS,24.0,0.7705128205128206,6.466666666666667,0.24871794871794864,0,1,30
Jsoup,52,STARTS+FAST-S,24.0,0.8102564102564102,5.433333333333334,0.2089743589743591,0,1,30
Jsoup,52,STARTS+FAST-P,24.0,0.7897435897435898,5.966666666666667,0.22948717948717962,0,1,30
Jsoup,52,STARTS+DPT,24.0,0.9038461538461535,3.0,0.1153846153846154,0,1,30
Jsoup,52,Fastazi-S,23.0,0.5884615384615388,11.2,0.4307692307692307,0,1,30
Jsoup,52,Fastazi-P,23.0,0.5666666666666669,11.766666666666667,0.4525641025641025,0,1,30
Jsoup,52,Random,26.0,0.6564102564102565,9.433333333333334,0.36282051282051275,0,1,30
Jsoup,53,Ekstazi,17.0,0.691025641025641,8.533333333333333,0.32820512820512815,0,1,30
Jsoup,53,FAST,26.0,0.6512820512820513,9.566666666666666,0.36794871794871814,0,1,30
Jsoup,53,Ekstazi+dpt,17.0,0.8269230769230768,5.0,0.19230769230769243,0,1,30
Jsoup,53,DPT,26.0,0.8269230769230768,5.0,0.19230769230769243,0,1,30
Jsoup,53,STARTS,24.0,0.4705128205128206,14.266666666666667,0.5487179487179488,0,1,30
Jsoup,53,STARTS+FAST-S,24.0,0.6166666666666669,10.466666666666667,0.40256410256410274,0,1,30
Jsoup,53,STARTS+FAST-P,24.0,0.6384615384615384,9.9,0.38076923076923097,0,1,30
Jsoup,53,STARTS+DPT,24.0,0.8269230769230768,5.0,0.19230769230769243,0,1,30
Jsoup,53,Fastazi-S,17.0,0.8217948717948718,5.133333333333334,0.19743589743589754,0,1,30
Jsoup,53,Fastazi-P,17.0,0.8256410256410257,5.033333333333333,0.19358974358974365,0,1,30
Jsoup,53,Random,26.0,0.4666666666666667,14.366666666666667,0.5525641025641025,0,1,30
Jsoup,54,Ekstazi,19.0,0.6076923076923078,10.7,0.4115384615384616,0,1,30
Jsoup,54,FAST,26.0,0.8038461538461541,5.6,0.21538461538461545,0,1,30
Jsoup,54,Ekstazi+dpt,19.0,0.8269230769230768,5.0,0.19230769230769243,0,1,30
Jsoup,54,DPT,26.0,0.8269230769230768,5.0,0.19230769230769243,0,1,30
Jsoup,54,STARTS,24.0,0.5076923076923078,13.3,0.5115384615384617,0,1,30
Jsoup,54,STARTS+FAST-S,24.0,0.8025641025641025,5.633333333333334,0.21666666666666679,0,1,30
Jsoup,54,STARTS+FAST-P,24.0,0.8461538461538461,4.5,0.17307692307692316,0,1,30
Jsoup,54,STARTS+DPT,24.0,0.8269230769230768,5.0,0.19230769230769243,0,1,30
Jsoup,54,Fastazi-S,19.0,0.8615384615384615,4.1,0.15769230769230777,0,1,30
Jsoup,54,Fastazi-P,19.0,0.8474358974358975,4.466666666666667,0.17179487179487188,0,1,30
Jsoup,54,Random,26.0,0.4397435897435897,15.066666666666666,0.5794871794871795,0,1,30
Jsoup,55,Ekstazi,25.0,0.4493827160493828,15.366666666666667,0.5691358024691358,0,1,30
Jsoup,55,FAST,27.0,0.08395061728395067,25.233333333333334,0.9345679012345677,0,1,30
Jsoup,55,Ekstazi+dpt,25.0,0.5370370370370368,13.0,0.4814814814814813,0,1,30
Jsoup,55,DPT,27.0,0.5370370370370368,13.0,0.4814814814814813,0,1,30
Jsoup,55,STARTS,25.0,0.5123456790123456,13.666666666666666,0.5061728395061728,0,1,30
Jsoup,55,STARTS+FAST-S,25.0,0.15555555555555564,23.3,0.8629629629629634,0,1,30
Jsoup,55,STARTS+FAST-P,25.0,0.18518518518518529,22.5,0.8333333333333336,0,1,30
Jsoup,55,STARTS+DPT,25.0,0.5370370370370368,13.0,0.4814814814814813,0,1,30
Jsoup,55,Fastazi-S,25.0,0.15679012345679022,23.266666666666666,0.8617283950617287,0,1,30
Jsoup,55,Fastazi-P,25.0,0.15555555555555564,23.3,0.8629629629629634,0,1,30
Jsoup,55,Random,27.0,0.4864197530864197,14.366666666666667,0.5320987654320987,0,1,30
Jsoup,56,Ekstazi,23.0,0.554320987654321,12.533333333333333,0.4641975308641975,0,1,30
Jsoup,56,FAST,27.0,0.4604938271604938,15.066666666666666,0.5580246913580245,0,1,30
Jsoup,56,Ekstazi+dpt,23.0,0.4259259259259257,16.0,0.5925925925925921,0,1,30
Jsoup,56,DPT,27.0,0.4259259259259257,16.0,0.5925925925925921,0,1,30
Jsoup,56,STARTS,26.0,0.454320987654321,15.233333333333333,0.5641975308641977,0,1,30
Jsoup,56,STARTS+FAST-S,26.0,0.522222222222222,13.4,0.4962962962962963,0,1,30
Jsoup,56,STARTS+FAST-P,26.0,0.5432098765432097,12.833333333333334,0.4753086419753086,0,1,30
Jsoup,56,STARTS+DPT,26.0,0.4259259259259257,16.0,0.5925925925925921,0,1,30
Jsoup,56,Fastazi-S,23.0,0.5592592592592591,12.4,0.4592592592592592,0,1,30
Jsoup,56,Fastazi-P,23.0,0.5345679012345678,13.066666666666666,0.48395061728395067,0,1,30
Jsoup,56,Random,27.0,0.5037037037037037,13.9,0.5148148148148147,0,1,30
Jsoup,57,Ekstazi,21.0,0.6395061728395063,10.233333333333333,0.3790123456790124,0,1,30
Jsoup,57,FAST,27.0,0.5814814814814814,11.8,0.437037037037037,0,1,30
Jsoup,57,Ekstazi+dpt,21.0,0.8703703703703703,4.0,0.14814814814814803,0,1,30
Jsoup,57,DPT,27.0,0.8703703703703703,4.0,0.14814814814814803,0,1,30
Jsoup,57,STARTS,25.0,0.48271604938271623,14.466666666666667,0.5358024691358025,0,1,30
Jsoup,57,STARTS+FAST-S,25.0,0.7012345679012345,8.566666666666666,0.31728395061728387,0,1,30
Jsoup,57,STARTS+FAST-P,25.0,0.7148148148148147,8.2,0.3037037037037036,0,1,30
Jsoup,57,STARTS+DPT,25.0,0.8703703703703703,4.0,0.14814814814814803,0,1,30
Jsoup,57,Fastazi-S,21.0,0.7061728395061728,8.433333333333334,0.31234567901234556,0,1,30
Jsoup,57,Fastazi-P,21.0,0.6962962962962965,8.7,0.32222222222222213,0,1,30
Jsoup,57,Random,27.0,0.46049382716049403,15.066666666666666,0.5580246913580247,0,1,30
Jsoup,58,Ekstazi,23.0,0.5864197530864197,11.666666666666666,0.4320987654320987,0,1,30
Jsoup,58,FAST,27.0,0.812345679012346,5.566666666666666,0.2061728395061729,0,1,30
Jsoup,58,Ekstazi+dpt,23.0,0.7592592592592594,7.0,0.25925925925925936,0,1,30
Jsoup,58,DPT,27.0,0.7592592592592594,7.0,0.25925925925925936,0,1,30
Jsoup,58,STARTS,25.0,0.5493827160493828,12.666666666666666,0.4691358024691359,0,1,30
Jsoup,58,STARTS+FAST-S,25.0,0.8419753086419752,4.766666666666667,0.17654320987654318,0,1,30
Jsoup,58,STARTS+FAST-P,25.0,0.8419753086419752,4.766666666666667,0.17654320987654312,0,1,30
Jsoup,58,STARTS+DPT,25.0,0.7592592592592594,7.0,0.25925925925925936,0,1,30
Jsoup,58,Fastazi-S,23.0,0.8395061728395059,4.833333333333333,0.17901234567901228,0,1,30
Jsoup,58,Fastazi-P,23.0,0.8493827160493823,4.566666666666666,0.16913580246913576,0,1,30
Jsoup,58,Random,27.0,0.5703703703703703,12.1,0.4481481481481481,0,1,30
Jsoup,59,Ekstazi,21.0,0.804938271604938,5.766666666666667,0.21358024691358027,0,1,30
Jsoup,59,FAST,27.0,0.9135802469135803,2.8333333333333335,0.1049382716049383,0,1,30
Jsoup,59,Ekstazi+dpt,21.0,0.9814814814814812,1.0,0.03703703703703701,0,1,30
Jsoup,59,DPT,27.0,0.9814814814814812,1.0,0.03703703703703701,0,1,30
Jsoup,59,STARTS,25.0,0.7185185185185184,8.1,0.29999999999999993,0,1,30
Jsoup,59,STARTS+FAST-S,25.0,0.9222222222222217,2.6,0.09629629629629623,0,1,30
Jsoup,59,STARTS+FAST-P,25.0,0.9469135802469129,1.9333333333333333,0.07160493827160488,0,1,30
Jsoup,59,STARTS+DPT,25.0,0.9814814814814812,1.0,0.03703703703703701,0,1,30
Jsoup,59,Fastazi-S,21.0,0.9074074074074068,3.0,0.11111111111111106,0,1,30
Jsoup,59,Fastazi-P,21.0,0.9543209876543204,1.7333333333333334,0.06419753086419751,0,1,30
Jsoup,59,Random,27.0,0.6876543209876543,8.933333333333334,0.3308641975308642,0,1,30
Jsoup,60,Ekstazi,24.0,0.5296296296296297,13.2,0.4888888888888889,0,1,30
Jsoup,60,FAST,27.0,0.11481481481481487,24.4,0.9037037037037038,0,1,30
Jsoup,60,Ekstazi+dpt,24.0,0.24074074074074064,21.0,0.7777777777777782,0,1,30
Jsoup,60,DPT,27.0,0.24074074074074064,21.0,0.7777777777777782,0,1,30
Jsoup,60,STARTS,26.0,0.4543209876543211,15.233333333333333,0.5641975308641973,0,1,30
Jsoup,60,STARTS+FAST-S,26.0,0.265432098765432,20.333333333333332,0.7530864197530869,0,1,30
Jsoup,60,STARTS+FAST-P,26.0,0.265432098765432,20.333333333333332,0.7530864197530869,0,1,30
Jsoup,60,STARTS+DPT,26.0,0.24074074074074064,21.0,0.7777777777777782,0,1,30
Jsoup,60,Fastazi-S,24.0,0.12962962962962973,24.0,0.8888888888888892,0,1,30
Jsoup,60,Fastazi-P,24.0,0.21481481481481493,21.7,0.803703703703704,0,1,30
Jsoup,60,Random,27.0,0.5296296296296296,13.2,0.4888888888888888,0,1,30
Jsoup,61,Ekstazi,21.0,0.6802469135802468,9.133333333333333,0.3382716049382716,0,1,30
Jsoup,61,FAST,27.0,0.6358024691358023,10.333333333333334,0.382716049382716,0,1,30
Jsoup,61,Ekstazi+dpt,21.0,0.8333333333333331,5.0,0.18518518518518515,0,1,30
Jsoup,61,DPT,27.0,0.8333333333333331,5.0,0.18518518518518515,0,1,30
Jsoup,61,STARTS,25.0,0.6703703703703704,9.4,0.3481481481481481,0,1,30
Jsoup,61,STARTS+FAST-S,25.0,0.6962962962962966,8.7,0.3222222222222222,0,1,30
Jsoup,61,STARTS+FAST-P,25.0,0.6987654320987657,8.633333333333333,0.31975308641975303,0,1,30
Jsoup,61,STARTS+DPT,25.0,0.8333333333333331,5.0,0.18518518518518515,0,1,30
Jsoup,61,Fastazi-S,21.0,0.7419753086419753,7.466666666666667,0.27654320987654313,0,1,30
Jsoup,61,Fastazi-P,21.0,0.7370370370370369,7.6,0.28148148148148144,0,1,30
Jsoup,61,Random,27.0,0.6370370370370371,10.3,0.38148148148148153,0,1,30
Jsoup,62,Ekstazi,22.0,0.6135802469135802,10.933333333333334,0.4049382716049382,0,1,30
Jsoup,62,FAST,27.0,0.8777777777777779,3.8,0.14074074074074075,0,1,30
Jsoup,62,Ekstazi+dpt,22.0,0.9814814814814812,1.0,0.03703703703703701,0,1,30
Jsoup,62,DPT,27.0,0.9814814814814812,1.0,0.03703703703703701,0,1,30
Jsoup,62,STARTS,25.0,0.5753086419753086,11.966666666666667,0.44320987654320976,0,1,30
Jsoup,62,STARTS+FAST-S,25.0,0.890123456790123,3.466666666666667,0.12839506172839502,0,1,30
Jsoup,62,STARTS+FAST-P,25.0,0.8864197530864193,3.566666666666667,0.1320987654320987,0,1,30
Jsoup,62,STARTS+DPT,25.0,0.9814814814814812,1.0,0.03703703703703701,0,1,30
Jsoup,62,Fastazi-S,22.0,0.8481481481481478,4.6,0.17037037037037048,0,1,30
Jsoup,62,Fastazi-P,22.0,0.9246913580246907,2.533333333333333,0.09382716049382712,0,1,30
Jsoup,62,Random,27.0,0.5135802469135803,13.633333333333333,0.5049382716049382,0,1,30
Jsoup,63,Ekstazi,27.0,0.43703703703703695,15.7,0.5814814814814814,0,1,30
Jsoup,63,FAST,27.0,0.8666666666666666,4.1,0.15185185185185182,0,1,30
Jsoup,63,Ekstazi+dpt,27.0,0.9814814814814812,1.0,0.03703703703703701,0,1,30
Jsoup,63,DPT,27.0,0.9814814814814812,1.0,0.03703703703703701,0,1,30
Jsoup,63,STARTS,27.0,0.4432098765432099,15.533333333333333,0.5753086419753086,0,1,30
Jsoup,63,STARTS+FAST-S,27.0,0.49753086419753073,14.066666666666666,0.5209876543209876,0,1,30
Jsoup,63,STARTS+FAST-P,27.0,0.49876543209876534,14.033333333333333,0.5197530864197528,0,1,30
Jsoup,63,STARTS+DPT,27.0,0.9814814814814812,1.0,0.03703703703703701,0,1,30
Jsoup,63,Fastazi-S,27.0,0.748148148148148,7.3,0.2703703703703704,0,1,30
Jsoup,63,Fastazi-P,27.0,0.8666666666666666,4.1,0.15185185185185182,0,1,30
Jsoup,63,Random,27.0,0.4493827160493827,15.366666666666667,0.5691358024691358,0,1,30
Jsoup,64,Ekstazi,18.0,0.6580246913580244,9.733333333333333,0.3604938271604939,0,1,30
Jsoup,64,FAST,27.0,0.922222222222222,2.6,0.09629629629629631,0,1,30
Jsoup,64,Ekstazi+dpt,18.0,0.9814814814814812,1.0,0.03703703703703701,0,1,30
Jsoup,64,DPT,27.0,0.9814814814814812,1.0,0.03703703703703701,0,1,30
Jsoup,64,STARTS,25.0,0.5432098765432098,12.833333333333334,0.4753086419753086,0,1,30
Jsoup,64,STARTS+FAST-S,25.0,0.9456790123456784,1.9666666666666666,0.07283950617283946,0,1,30
Jsoup,64,STARTS+FAST-P,25.0,0.9506172839506167,1.8333333333333333,0.06790123456790119,0,1,30
Jsoup,64,STARTS+DPT,25.0,0.9814814814814812,1.0,0.03703703703703701,0,1,30
Jsoup,64,Fastazi-S,18.0,0.946913580246913,1.9333333333333333,0.07160493827160488,0,1,30
Jsoup,64,Fastazi-P,18.0,0.9567901234567896,1.6666666666666667,0.061728395061728364,0,1,30
Jsoup,64,Random,27.0,0.6098765432098764,11.033333333333333,0.40864197530864194,0,1,30
Jsoup,65,Ekstazi,26.0,0.528395061728395,13.233333333333333,0.49012345679012354,0,1,30
Jsoup,65,FAST,27.0,0.9111111111111112,2.9,0.10740740740740744,0,1,30
Jsoup,65,Ekstazi+dpt,26.0,0.9814814814814812,1.0,0.03703703703703701,0,1,30
Jsoup,65,DPT,27.0,0.9814814814814812,1.0,0.03703703703703701,0,1,30
Jsoup,65,STARTS,26.0,0.5037037037037038,13.9,0.5148148148148148,0,1,30
Jsoup,65,STARTS+FAST-S,26.0,0.7962962962962958,6.0,0.2222222222222222,0,1,30
Jsoup,65,STARTS+FAST-P,26.0,0.7493827160493822,7.266666666666667,0.2691358024691358,0,1,30
Jsoup,65,STARTS+DPT,26.0,0.9814814814814812,1.0,0.03703703703703701,0,1,30
Jsoup,65,Fastazi-S,26.0,0.9456790123456784,1.9666666666666666,0.07283950617283946,0,1,30
Jsoup,65,Fastazi-P,26.0,0.9444444444444439,2.0,0.07407407407407401,0,1,30
Jsoup,65,Random,27.0,0.48765432098765427,14.333333333333334,0.5308641975308641,0,1,30
Jsoup,66,Ekstazi,25.0,0.636904761904762,10.666666666666666,0.38095238095238104,0,1,30
Jsoup,66,FAST,28.0,0.5535714285714286,13.0,0.46428571428571414,0,1,30
Jsoup,66,Ekstazi+dpt,25.0,0.8750000000000001,4.0,0.14285714285714282,0,1,30
Jsoup,66,DPT,28.0,0.8750000000000001,4.0,0.14285714285714282,0,1,30
Jsoup,66,STARTS,26.0,0.5178571428571428,14.0,0.5000000000000001,0,1,30
Jsoup,66,STARTS+FAST-S,26.0,0.648809523809524,10.333333333333334,0.369047619047619,0,1,30
Jsoup,66,STARTS+FAST-P,26.0,0.6964285714285716,9.0,0.3214285714285714,0,1,30
Jsoup,66,STARTS+DPT,26.0,0.8750000000000001,4.0,0.14285714285714282,0,1,30
Jsoup,66,Fastazi-S,25.0,0.6571428571428571,10.1,0.36071428571428577,0,1,30
Jsoup,66,Fastazi-P,25.0,0.6571428571428571,10.1,0.36071428571428565,0,1,30
Jsoup,66,Random,28.0,0.538095238095238,13.433333333333334,0.4797619047619047,0,1,30
Jsoup,67,Ekstazi,27.0,0.5763440860215053,13.633333333333333,0.43978494623655917,0,1,30
Jsoup,67,FAST,31.0,0.9236559139784944,2.8666666666666667,0.09247311827956985,0,1,30
Jsoup,67,Ekstazi+dpt,27.0,0.9516129032258068,2.0,0.06451612903225802,0,1,30
Jsoup,67,DPT,31.0,0.9516129032258068,2.0,0.06451612903225802,0,1,30
Jsoup,67,STARTS,30.0,0.5032258064516131,15.9,0.5129032258064518,0,1,30
Jsoup,67,STARTS+FAST-S,30.0,0.8870967741935486,4.0,0.12903225806451607,0,1,30
Jsoup,67,STARTS+FAST-P,30.0,0.9548387096774198,1.9,0.061290322580645124,0,1,30
Jsoup,67,STARTS+DPT,30.0,0.9516129032258068,2.0,0.06451612903225802,0,1,30
Jsoup,67,Fastazi-S,27.0,0.9526881720430111,1.9666666666666666,0.06344086021505373,0,1,30
Jsoup,67,Fastazi-P,27.0,0.9548387096774198,1.9,0.061290322580645124,0,1,30
Jsoup,67,Random,31.0,0.5419354838709676,14.7,0.4741935483870968,0,1,30
Jsoup,68,Ekstazi,28.0,0.5959595959595958,13.833333333333334,0.41919191919191917,0,1,30
Jsoup,68,FAST,33.0,0.8555555555555557,5.266666666666667,0.1595959595959595,0,1,30
Jsoup,68,Ekstazi+dpt,28.0,0.9545454545454543,2.0,0.060606060606060566,0,1,30
Jsoup,68,DPT,33.0,0.9545454545454543,2.0,0.060606060606060566,0,1,30
Jsoup,68,STARTS,31.0,0.5626262626262626,14.933333333333334,0.45252525252525255,0,1,30
Jsoup,68,STARTS+FAST-S,31.0,0.19292929292929303,27.133333333333333,0.8222222222222223,0,1,30
Jsoup,68,STARTS+FAST-P,31.0,0.21919191919191927,26.266666666666666,0.7959595959595961,0,1,30
Jsoup,68,STARTS+DPT,31.0,0.9545454545454543,2.0,0.060606060606060566,0,1,30
Jsoup,68,Fastazi-S,28.0,0.8959595959595964,3.933333333333333,0.11919191919191911,0,1,30
Jsoup,68,Fastazi-P,28.0,0.8929292929292934,4.033333333333333,0.12222222222222218,0,1,30
Jsoup,68,Random,33.0,0.5373737373737374,15.766666666666667,0.4777777777777779,0,1,30
Jsoup,69,Ekstazi,23.0,0.6542857142857142,12.6,0.35999999999999993,0,1,30
Jsoup,69,FAST,35.0,0.4171428571428573,20.9,0.5971428571428572,0,1,30
Jsoup,69,Ekstazi+dpt,23.0,0.7571428571428566,9.0,0.2571428571428571,0,1,30
Jsoup,69,DPT,35.0,0.7571428571428566,9.0,0.2571428571428571,0,1,30
Jsoup,69,STARTS,33.0,0.5076190476190475,17.733333333333334,0.5066666666666667,0,1,30
Jsoup,69,STARTS+FAST-S,33.0,0.1990476190476192,28.533333333333335,0.8152380952380954,0,1,30
Jsoup,69,STARTS+FAST-P,33.0,0.17238095238095247,29.466666666666665,0.8419047619047623,0,1,30
Jsoup,69,STARTS+DPT,33.0,0.7571428571428566,9.0,0.2571428571428571,0,1,30
Jsoup,69,Fastazi-S,23.0,0.6314285714285712,13.4,0.38285714285714306,0,1,30
Jsoup,69,Fastazi-P,23.0,0.6219047619047617,13.733333333333333,0.3923809523809526,0,1,30
Jsoup,69,Random,35.0,0.4952380952380952,18.166666666666668,0.5190476190476191,0,1,30
Jsoup,70,Ekstazi,23.0,0.6666666666666665,12.166666666666666,0.34761904761904755,0,1,30
Jsoup,70,FAST,35.0,0.5742857142857142,15.4,0.4400000000000001,0,1,30
Jsoup,70,Ekstazi+dpt,23.0,0.8999999999999996,4.0,0.11428571428571431,0,1,30
Jsoup,70,DPT,35.0,0.8999999999999996,4.0,0.11428571428571431,0,1,30
Jsoup,70,STARTS,32.0,0.5447619047619049,16.433333333333334,0.4695238095238095,0,1,30
Jsoup,70,STARTS+FAST-S,32.0,0.7133333333333328,10.533333333333333,0.30095238095238097,0,1,30
Jsoup,70,STARTS+FAST-P,32.0,0.7247619047619043,10.133333333333333,0.28952380952380946,0,1,30
Jsoup,70,STARTS+DPT,32.0,0.8999999999999996,4.0,0.11428571428571431,0,1,30
Jsoup,70,Fastazi-S,23.0,0.7266666666666662,10.066666666666666,0.28761904761904755,0,1,30
Jsoup,70,Fastazi-P,23.0,0.7257142857142853,10.1,0.28857142857142853,0,1,30
Jsoup,70,Random,35.0,0.46095238095238095,19.366666666666667,0.5533333333333332,0,1,30
Jsoup,71,Ekstazi,19.0,0.7219047619047617,10.233333333333333,0.29238095238095235,0,1,30
Jsoup,71,FAST,35.0,0.6095238095238092,14.166666666666666,0.40476190476190493,0,1,30
Jsoup,71,Ekstazi+dpt,19.0,0.8428571428571424,6.0,0.17142857142857143,0,1,30
Jsoup,71,DPT,35.0,0.8428571428571424,6.0,0.17142857142857143,0,1,30
Jsoup,71,STARTS,32.0,0.678095238095238,11.766666666666667,0.3361904761904761,0,1,30
Jsoup,71,STARTS+FAST-S,32.0,0.7409523809523806,9.566666666666666,0.27333333333333326,0,1,30
Jsoup,71,STARTS+FAST-P,32.0,0.748571428571428,9.3,0.2657142857142857,0,1,30
Jsoup,71,STARTS+DPT,32.0,0.8428571428571424,6.0,0.17142857142857143,0,1,30
Jsoup,71,Fastazi-S,19.0,0.8371428571428569,6.2,0.17714285714285719,0,1,30
Jsoup,71,Fastazi-P,19.0,0.8399999999999997,6.1,0.17428571428571435,0,1,30
Jsoup,71,Random,35.0,0.5228571428571427,17.2,0.4914285714285715,0,1,30
Jsoup,72,Ekstazi,22.0,0.8171428571428568,6.9,0.19714285714285712,0,1,30
Jsoup,72,FAST,35.0,0.9447619047619041,2.433333333333333,0.06952380952380953,0,1,30
Jsoup,72,Ekstazi+dpt,22.0,0.9571428571428565,2.0,0.057142857142857155,0,1,30
Jsoup,72,DPT,35.0,0.9571428571428565,2.0,0.057142857142857155,0,1,30
Jsoup,72,STARTS,33.0,0.7152380952380949,10.466666666666667,0.29904761904761895,0,1,30
Jsoup,72,STARTS+FAST-S,33.0,0.9580952380952374,1.9666666666666666,0.0561904761904762,0,1,30
Jsoup,72,STARTS+FAST-P,33.0,0.9590476190476184,1.9333333333333333,0.055238095238095246,0,1,30
Jsoup,72,STARTS+DPT,33.0,0.9571428571428565,2.0,0.057142857142857155,0,1,30
Jsoup,72,Fastazi-S,22.0,0.9552380952380946,2.066666666666667,0.05904761904761905,0,1,30
Jsoup,72,Fastazi-P,22.0,0.9590476190476184,1.9333333333333333,0.05523809523809522,0,1,30
Jsoup,72,Random,35.0,0.6780952380952379,11.766666666666667,0.3361904761904762,0,1,30
Jsoup,73,Ekstazi,26.0,0.6380952380952379,13.166666666666666,0.37619047619047613,0,1,30
Jsoup,73,FAST,35.0,0.8161904761904759,6.933333333333334,0.19809523809523813,0,1,30
Jsoup,73,Ekstazi+dpt,26.0,0.8142857142857142,7.0,0.2000000000000001,0,1,30
Jsoup,73,DPT,35.0,0.8142857142857142,7.0,0.2000000000000001,0,1,30
Jsoup,73,STARTS,32.0,0.5476190476190476,16.333333333333332,0.4666666666666668,0,1,30
Jsoup,73,STARTS+FAST-S,32.0,0.8485714285714282,5.8,0.16571428571428573,0,1,30
Jsoup,73,STARTS+FAST-P,32.0,0.8523809523809519,5.666666666666667,0.1619047619047619,0,1,30
Jsoup,73,STARTS+DPT,32.0,0.8142857142857142,7.0,0.2000000000000001,0,1,30
Jsoup,73,Fastazi-S,26.0,0.7895238095238093,7.866666666666666,0.22476190476190483,0,1,30
Jsoup,73,Fastazi-P,26.0,0.8780952380952377,4.766666666666667,0.13619047619047617,0,1,30
Jsoup,73,Random,35.0,0.45238095238095233,19.666666666666668,0.5619047619047619,0,1,30
Jsoup,74,Ekstazi,24.0,0.6333333333333331,13.333333333333334,0.380952380952381,0,1,30
Jsoup,74,FAST,35.0,0.6028571428571426,14.4,0.41142857142857164,0,1,30
Jsoup,74,Ekstazi+dpt,24.0,0.8999999999999996,4.0,0.11428571428571431,0,1,30
Jsoup,74,DPT,35.0,0.8999999999999996,4.0,0.11428571428571431,0,1,30
Jsoup,74,STARTS,33.0,0.6076190476190476,14.233333333333333,0.40666666666666657,0,1,30
Jsoup,74,STARTS+FAST-S,33.0,0.6438095238095234,12.966666666666667,0.3704761904761907,0,1,30
Jsoup,74,STARTS+FAST-P,33.0,0.6342857142857139,13.3,0.38000000000000017,0,1,30
Jsoup,74,STARTS+DPT,33.0,0.8999999999999996,4.0,0.11428571428571431,0,1,30
Jsoup,74,Fastazi-S,24.0,0.7438095238095233,9.466666666666667,0.2704761904761905,0,1,30
Jsoup,74,Fastazi-P,24.0,0.748571428571428,9.3,0.2657142857142857,0,1,30
Jsoup,74,Random,35.0,0.5590476190476189,15.933333333333334,0.4552380952380952,0,1,30
Jsoup,75,Ekstazi,27.0,0.6380952380952379,13.166666666666666,0.37619047619047624,0,1,30
Jsoup,75,FAST,35.0,0.5866666666666664,14.966666666666667,0.4276190476190476,0,1,30
Jsoup,75,Ekstazi+dpt,27.0,0.8999999999999996,4.0,0.11428571428571431,0,1,30
Jsoup,75,DPT,35.0,0.8999999999999996,4.0,0.11428571428571431,0,1,30
Jsoup,75,STARTS,32.0,0.6038095238095237,14.366666666666667,0.4104761904761905,0,1,30
Jsoup,75,STARTS+FAST-S,32.0,0.6409523809523807,13.066666666666666,0.3733333333333336,0,1,30
Jsoup,75,STARTS+FAST-P,32.0,0.632380952380952,13.366666666666667,0.38190476190476214,0,1,30
Jsoup,75,STARTS+DPT,32.0,0.8999999999999996,4.0,0.11428571428571431,0,1,30
Jsoup,75,Fastazi-S,27.0,0.6999999999999996,11.0,0.3142857142857142,0,1,30
Jsoup,75,Fastazi-P,27.0,0.7180952380952378,10.366666666666667,0.29619047619047617,0,1,30
Jsoup,75,Random,35.0,0.5371428571428571,16.7,0.4771428571428571,0,1,30
Jsoup,76,Ekstazi,22.0,0.7114285714285714,10.6,0.3028571428571428,0,1,30
Jsoup,76,FAST,35.0,0.9047619047619043,3.8333333333333335,0.10952380952380954,0,1,30
Jsoup,76,Ekstazi+dpt,22.0,0.9571428571428565,2.0,0.057142857142857155,0,1,30
Jsoup,76,DPT,35.0,0.9571428571428565,2.0,0.057142857142857155,0,1,30
Jsoup,76,STARTS,32.0,0.5076190476190476,17.733333333333334,0.5066666666666667,0,1,30
Jsoup,76,STARTS+FAST-S,32.0,0.9038095238095233,3.8666666666666667,0.11047619047619052,0,1,30
Jsoup,76,STARTS+FAST-P,32.0,0.9352380952380946,2.7666666666666666,0.07904761904761905,0,1,30
Jsoup,76,STARTS+DPT,32.0,0.9571428571428565,2.0,0.057142857142857155,0,1,30
Jsoup,76,Fastazi-S,22.0,0.9580952380952374,1.9666666666666666,0.0561904761904762,0,1,30
Jsoup,76,Fastazi-P,22.0,0.9685714285714279,1.6,0.04571428571428571,0,1,30
Jsoup,76,Random,35.0,0.579047619047619,15.233333333333333,0.43523809523809504,0,1,30
Jsoup,77,Ekstazi,23.0,0.6371428571428571,13.2,0.3771428571428571,0,1,30
Jsoup,77,FAST,35.0,0.8485714285714283,5.8,0.16571428571428573,0,1,30
Jsoup,77,Ekstazi+dpt,23.0,0.7571428571428566,9.0,0.2571428571428571,0,1,30
Jsoup,77,DPT,35.0,0.7285714285714281,10.0,0.28571428571428564,0,1,30
Jsoup,77,STARTS,33.0,0.4857142857142857,18.5,0.5285714285714286,0,1,30
Jsoup,77,STARTS+FAST-S,33.0,0.8638095238095234,5.266666666666667,0.15047619047619049,0,1,30
Jsoup,77,STARTS+FAST-P,33.0,0.8647619047619044,5.233333333333333,0.14952380952380953,0,1,30
Jsoup,77,STARTS+DPT,33.0,0.7285714285714281,10.0,0.28571428571428564,0,1,30
Jsoup,77,Fastazi-S,23.0,0.9114285714285709,3.6,0.10285714285714288,0,1,30
Jsoup,77,Fastazi-P,23.0,0.9114285714285709,3.6,0.10285714285714288,0,1,30
Jsoup,77,Random,35.0,0.5438095238095237,16.466666666666665,0.4704761904761903,0,1,30
Jsoup,78,Ekstazi,24.0,0.638095238095238,13.166666666666666,0.3761904761904761,0,1,30
Jsoup,78,FAST,35.0,0.17809523809523808,29.266666666666666,0.8361904761904765,0,1,30
Jsoup,78,Ekstazi+dpt,24.0,0.985714285714285,1.0,0.028571428571428577,0,1,30
Jsoup,78,DPT,35.0,0.985714285714285,1.0,0.028571428571428577,0,1,30
Jsoup,78,STARTS,34.0,0.5019047619047617,17.933333333333334,0.5123809523809526,0,1,30
Jsoup,78,STARTS+FAST-S,34.0,0.2514285714285714,26.7,0.7628571428571433,0,1,30
Jsoup,78,STARTS+FAST-P,34.0,0.28285714285714286,25.6,0.7314285714285719,0,1,30
Jsoup,78,STARTS+DPT,34.0,0.985714285714285,1.0,0.028571428571428577,0,1,30
Jsoup,78,Fastazi-S,24.0,0.43714285714285733,20.2,0.5771428571428571,0,1,30
Jsoup,78,Fastazi-P,24.0,0.4390476190476192,20.133333333333333,0.5752380952380952,0,1,30
Jsoup,78,Random,35.0,0.49142857142857144,18.3,0.5228571428571429,0,1,30
Jsoup,79,Ekstazi,22.0,0.7066666666666664,10.766666666666667,0.3076190476190476,0,1,30
Jsoup,79,FAST,35.0,0.8714285714285712,5.0,0.14285714285714282,0,1,30
Jsoup,79,Ekstazi+dpt,22.0,0.442857142857143,20.0,0.5714285714285713,0,1,30
Jsoup,79,DPT,35.0,0.4142857142857145,21.0,0.6,0,1,30
Jsoup,79,STARTS,33.0,0.5438095238095239,16.466666666666665,0.4704761904761904,0,1,30
Jsoup,79,STARTS+FAST-S,33.0,0.9009523809523805,3.966666666666667,0.11333333333333336,0,1,30
Jsoup,79,STARTS+FAST-P,33.0,0.908571428571428,3.7,0.10571428571428572,0,1,30
Jsoup,79,STARTS+DPT,33.0,0.4142857142857145,21.0,0.6,0,1,30
Jsoup,79,Fastazi-S,22.0,0.9333333333333328,2.8333333333333335,0.08095238095238094,0,1,30
Jsoup,79,Fastazi-P,22.0,0.9371428571428565,2.7,0.07714285714285711,0,1,30
Jsoup,79,Random,35.0,0.6619047619047619,12.333333333333334,0.3523809523809523,0,1,30
Jsoup,80,Ekstazi,25.0,0.6904761904761902,11.333333333333334,0.3238095238095237,0,1,30
Jsoup,80,FAST,35.0,0.6219047619047617,13.733333333333333,0.39238095238095255,0,1,30
Jsoup,80,Ekstazi+dpt,25.0,0.7285714285714281,10.0,0.28571428571428564,0,1,30
Jsoup,80,DPT,35.0,0.7285714285714281,10.0,0.28571428571428564,0,1,30
Jsoup,80,STARTS,33.0,0.5133333333333333,17.533333333333335,0.5009523809523808,0,1,30
Jsoup,80,STARTS+FAST-S,33.0,0.1552380952380953,30.066666666666666,0.8590476190476192,0,1,30
Jsoup,80,STARTS+FAST-P,33.0,0.22857142857142848,27.5,0.7857142857142858,0,1,30
Jsoup,80,STARTS+DPT,33.0,0.7285714285714281,10.0,0.28571428571428564,0,1,30
Jsoup,80,Fastazi-S,25.0,0.7695238095238089,8.566666666666666,0.24476190476190468,0,1,30
Jsoup,80,Fastazi-P,25.0,0.7590476190476185,8.933333333333334,0.2552380952380952,0,1,30
Jsoup,80,Random,35.0,0.5695238095238094,15.566666666666666,0.44476190476190486,0,1,30
Jsoup,81,Ekstazi,30.0,0.6847619047619046,11.533333333333333,0.3295238095238094,0,1,30
Jsoup,81,FAST,35.0,0.07333333333333332,32.93333333333333,0.9409523809523809,0,1,30
Jsoup,81,Ekstazi+dpt,30.0,0.7285714285714281,10.0,0.28571428571428564,0,1,30
Jsoup,81,DPT,35.0,0.7285714285714281,10.0,0.28571428571428564,0,1,30
Jsoup,81,STARTS,33.0,0.4876190476190477,18.433333333333334,0.5266666666666666,0,1,30
Jsoup,81,STARTS+FAST-S,33.0,0.6380952380952377,13.166666666666666,0.3761904761904764,0,1,30
Jsoup,81,STARTS+FAST-P,33.0,0.6428571428571425,13.0,0.3714285714285716,0,1,30
Jsoup,81,STARTS+DPT,33.0,0.7285714285714281,10.0,0.28571428571428564,0,1,30
Jsoup,81,Fastazi-S,30.0,0.18476190476190477,29.033333333333335,0.8295238095238099,0,1,30
Jsoup,81,Fastazi-P,30.0,0.2114285714285714,28.1,0.8028571428571432,0,1,30
Jsoup,81,Random,35.0,0.45333333333333325,19.633333333333333,0.5609523809523809,0,1,30
Jsoup,82,Ekstazi,27.0,0.5971428571428569,14.6,0.4171428571428572,0,1,30
Jsoup,82,FAST,35.0,0.9019047619047614,3.933333333333333,0.11238095238095241,0,1,30
Jsoup,82,Ekstazi+dpt,27.0,0.9571428571428565,2.0,0.057142857142857155,0,1,30
Jsoup,82,DPT,35.0,0.9571428571428565,2.0,0.057142857142857155,0,1,30
Jsoup,82,STARTS,33.0,0.5619047619047619,15.833333333333334,0.4523809523809524,0,1,30
Jsoup,82,STARTS+FAST-S,33.0,0.9314285714285708,2.9,0.08285714285714287,0,1,30
Jsoup,82,STARTS+FAST-P,33.0,0.9323809523809518,2.8666666666666667,0.0819047619047619,0,1,30
Jsoup,82,STARTS+DPT,33.0,0.9571428571428565,2.0,0.057142857142857155,0,1,30
Jsoup,82,Fastazi-S,27.0,0.9580952380952374,1.9666666666666666,0.05619047619047621,0,1,30
Jsoup,82,Fastazi-P,27.0,0.9638095238095231,1.7666666666666666,0.05047619047619047,0,1,30
Jsoup,82,Random,35.0,0.44857142857142857,19.8,0.5657142857142857,0,1,30
Jsoup,83,Ekstazi,24.0,0.7276190476190474,10.033333333333333,0.2866666666666667,0,1,30
Jsoup,83,FAST,35.0,0.9123809523809518,3.566666666666667,0.10190476190476193,0,1,30
Jsoup,83,Ekstazi+dpt,24.0,0.9571428571428565,2.0,0.057142857142857155,0,1,30
Jsoup,83,DPT,35.0,0.9571428571428565,2.0,0.057142857142857155,0,1,30
Jsoup,83,STARTS,34.0,0.6857142857142855,11.5,0.3285714285714286,0,1,30
Jsoup,83,STARTS+FAST-S,34.0,0.908571428571428,3.7,0.10571428571428572,0,1,30
Jsoup,83,STARTS+FAST-P,34.0,0.9076190476190471,3.7333333333333334,0.1066666666666667,0,1,30
Jsoup,83,STARTS+DPT,34.0,0.9571428571428565,2.0,0.057142857142857155,0,1,30
Jsoup,83,Fastazi-S,24.0,0.9399999999999994,2.6,0.07428571428571426,0,1,30
Jsoup,83,Fastazi-P,24.0,0.948571428571428,2.3,0.0657142857142857,0,1,30
Jsoup,83,Random,35.0,0.6723809523809522,11.966666666666667,0.3419047619047619,0,1,30
Jsoup,84,Ekstazi,2.0,0.9723809523809517,1.4666666666666666,0.04190476190476191,0,1,30
Jsoup,84,FAST,35.0,0.47523809523809546,18.866666666666667,0.5390476190476188,0,1,30
Jsoup,84,Ekstazi+dpt,2.0,0.9571428571428565,2.0,0.057142857142857155,0,1,30
Jsoup,84,DPT,35.0,0.7857142857142857,8.0,0.22857142857142862,0,1,30
Jsoup,84,STARTS,4.0,0.9352380952380946,2.7666666666666666,0.07904761904761903,0,1,30
Jsoup,84,STARTS+FAST-S,4.0,0.9209523809523804,3.2666666666666666,0.09333333333333332,0,1,30
Jsoup,84,STARTS+FAST-P,4.0,0.9571428571428565,2.0,0.057142857142857155,0,1,30
Jsoup,84,STARTS+DPT,4.0,0.928571428571428,3.0,0.08571428571428572,0,1,30
Jsoup,84,Fastazi-S,2.0,0.9723809523809517,1.4666666666666666,0.0419047619047619,0,1,30
Jsoup,84,Fastazi-P,2.0,0.9571428571428565,2.0,0.057142857142857155,0,1,30
Jsoup,84,Random,35.0,0.4857142857142857,18.5,0.5285714285714286,0,1,30
Jsoup,85,Ekstazi,32.0,0.5676190476190477,15.633333333333333,0.44666666666666655,0,1,30
Jsoup,85,FAST,35.0,0.7095238095238091,10.666666666666666,0.3047619047619047,0,1,30
Jsoup,85,Ekstazi+dpt,32.0,0.2714285714285714,26.0,0.7428571428571434,0,1,30
Jsoup,85,DPT,35.0,0.2714285714285714,26.0,0.7428571428571434,0,1,30
Jsoup,85,STARTS,34.0,0.4990476190476191,18.033333333333335,0.5152380952380953,0,1,30
Jsoup,85,STARTS+FAST-S,34.0,0.7438095238095233,9.466666666666667,0.2704761904761904,0,1,30
Jsoup,85,STARTS+FAST-P,34.0,0.7409523809523806,9.566666666666666,0.2733333333333333,0,1,30
Jsoup,85,STARTS+DPT,34.0,0.2714285714285714,26.0,0.7428571428571434,0,1,30
Jsoup,85,Fastazi-S,32.0,0.7533333333333329,9.133333333333333,0.2609523809523809,0,1,30
Jsoup,85,Fastazi-P,32.0,0.7419047619047614,9.533333333333333,0.27238095238095233,0,1,30
Jsoup,85,Random,35.0,0.5085714285714286,17.7,0.5057142857142857,0,1,30
Jsoup,86,Ekstazi,14.0,0.8333333333333335,6.5,0.18055555555555555,0,1,30
Jsoup,86,FAST,36.0,0.5740740740740741,15.833333333333334,0.43981481481481477,0,1,30
Jsoup,86,Ekstazi+dpt,14.0,0.7638888888888892,9.0,0.25,0,1,30
Jsoup,86,DPT,36.0,0.7083333333333333,11.0,0.3055555555555554,0,1,30
Jsoup,86,STARTS,34.0,0.5611111111111112,16.3,0.45277777777777783,0,1,30
Jsoup,86,STARTS+FAST-S,34.0,0.3009259259259258,25.666666666666668,0.7129629629629634,0,1,30
Jsoup,86,STARTS+FAST-P,34.0,0.22870370370370363,28.266666666666666,0.7851851851851858,0,1,30
Jsoup,86,STARTS+DPT,34.0,0.7083333333333333,11.0,0.3055555555555554,0,1,30
Jsoup,86,Fastazi-S,14.0,0.7398148148148146,9.866666666666667,0.2740740740740739,0,1,30
Jsoup,86,Fastazi-P,14.0,0.8101851851851855,7.333333333333333,0.2037037037037037,0,1,30
Jsoup,86,Random,36.0,0.47685185185185186,19.333333333333332,0.537037037037037,0,1,30
Jsoup,87,Ekstazi,28.0,0.6148148148148146,14.366666666666667,0.39907407407407397,0,1,30
Jsoup,87,FAST,36.0,0.9092592592592597,3.7666666666666666,0.10462962962962966,0,1,30
Jsoup,87,Ekstazi+dpt,28.0,0.9583333333333328,2.0,0.05555555555555557,0,1,30
Jsoup,87,DPT,36.0,0.9583333333333328,2.0,0.05555555555555557,0,1,30
Jsoup,87,STARTS,34.0,0.5675925925925925,16.066666666666666,0.4462962962962963,0,1,30
Jsoup,87,STARTS+FAST-S,34.0,0.9324074074074079,2.933333333333333,0.08148148148148149,0,1,30
Jsoup,87,STARTS+FAST-P,34.0,0.9379629629629634,2.7333333333333334,0.07592592592592592,0,1,30
Jsoup,87,STARTS+DPT,34.0,0.9583333333333328,2.0,0.05555555555555557,0,1,30
Jsoup,87,Fastazi-S,28.0,0.9592592592592588,1.9666666666666666,0.05462962962962965,0,1,30
Jsoup,87,Fastazi-P,28.0,0.9685185185185182,1.6333333333333333,0.04537037037037037,0,1,30
Jsoup,87,Random,36.0,0.4972222222222223,18.6,0.5166666666666666,0,1,30
Jsoup,88,Ekstazi,29.0,0.6046296296296295,14.733333333333333,0.40925925925925927,0,1,30
Jsoup,88,FAST,36.0,0.7185185185185184,10.633333333333333,0.2953703703703703,0,1,30
Jsoup,88,Ekstazi+dpt,29.0,0.37500000000000006,23.0,0.6388888888888892,0,1,30
Jsoup,88,DPT,36.0,0.37500000000000006,23.0,0.6388888888888892,0,1,30
Jsoup,88,STARTS,35.0,0.4083333333333334,21.8,0.6055555555555556,0,1,30
Jsoup,88,STARTS+FAST-S,35.0,0.7388888888888887,9.9,0.27499999999999997,0,1,30
Jsoup,88,STARTS+FAST-P,35.0,0.7499999999999998,9.5,0.26388888888888884,0,1,30
Jsoup,88,STARTS+DPT,35.0,0.37500000000000006,23.0,0.6388888888888892,0,1,30
Jsoup,88,Fastazi-S,29.0,0.7722222222222224,8.7,0.2416666666666667,0,1,30
Jsoup,88,Fastazi-P,29.0,0.7768518518518521,8.533333333333333,0.23703703703703705,0,1,30
Jsoup,88,Random,36.0,0.523148148148148,17.666666666666668,0.49074074074074064,0,1,30
Jsoup,89,Ekstazi,17.0,0.7064814814814817,11.066666666666666,0.3074074074074074,0,1,30
Jsoup,89,FAST,36.0,0.7175925925925922,10.666666666666666,0.29629629629629617,0,1,30
Jsoup,89,Ekstazi+dpt,17.0,0.5972222222222218,15.0,0.4166666666666666,0,1,30
Jsoup,89,DPT,36.0,0.37500000000000006,23.0,0.6388888888888892,0,1,30
Jsoup,89,STARTS,34.0,0.5675925925925925,16.066666666666666,0.44629629629629636,0,1,30
Jsoup,89,STARTS+FAST-S,34.0,0.7712962962962966,8.733333333333333,0.2425925925925926,0,1,30
Jsoup,89,STARTS+FAST-P,34.0,0.7787037037037039,8.466666666666667,0.23518518518518522,0,1,30
Jsoup,89,STARTS+DPT,34.0,0.37500000000000006,23.0,0.6388888888888892,0,1,30
Jsoup,89,Fastazi-S,17.0,0.8379629629629624,6.333333333333333,0.17592592592592599,0,1,30
Jsoup,89,Fastazi-P,17.0,0.843518518518518,6.133333333333334,0.17037037037037042,0,1,30
Jsoup,89,Random,36.0,0.48981481481481487,18.866666666666667,0.5240740740740741,0,1,30
Jsoup,90,Ekstazi,27.0,0.5722222222222221,15.9,0.4416666666666666,0,1,30
Jsoup,90,FAST,36.0,0.6666666666666667,12.5,0.34722222222222227,0,1,30
Jsoup,90,Ekstazi+dpt,27.0,0.3194444444444446,25.0,0.6944444444444442,0,1,30
Jsoup,90,DPT,36.0,0.3194444444444446,25.0,0.6944444444444442,0,1,30
Jsoup,90,STARTS,34.0,0.48796296296296304,18.933333333333334,0.525925925925926,0,1,30
Jsoup,90,STARTS+FAST-S,34.0,0.6953703703703706,11.466666666666667,0.3185185185185185,0,1,30
Jsoup,90,STARTS+FAST-P,34.0,0.6990740740740743,11.333333333333334,0.3148148148148148,0,1,30
Jsoup,90,STARTS+DPT,34.0,0.3194444444444446,25.0,0.6944444444444442,0,1,30
Jsoup,90,Fastazi-S,27.0,0.7249999999999999,10.4,0.2888888888888888,0,1,30
Jsoup,90,Fastazi-P,27.0,0.7453703703703701,9.666666666666666,0.26851851851851843,0,1,30
Jsoup,90,Random,36.0,0.49074074074074064,18.833333333333332,0.5231481481481481,0,1,30
Jsoup,91,Ekstazi,27.0,0.698148148148148,11.366666666666667,0.3157407407407407,0,1,30
Jsoup,91,FAST,36.0,0.1814814814814815,29.966666666666665,0.8324074074074077,0,1,30
Jsoup,91,Ekstazi+dpt,27.0,0.9861111111111108,1.0,0.027777777777777787,0,1,30
Jsoup,91,DPT,36.0,0.9861111111111108,1.0,0.027777777777777787,0,1,30
Jsoup,91,STARTS,35.0,0.6675925925925927,12.466666666666667,0.34629629629629627,0,1,30
Jsoup,91,STARTS+FAST-S,35.0,0.26203703703703696,27.066666666666666,0.7518518518518518,0,1,30
Jsoup,91,STARTS+FAST-P,35.0,0.20555555555555546,29.1,0.8083333333333332,0,1,30
Jsoup,91,STARTS+DPT,35.0,0.9861111111111108,1.0,0.027777777777777787,0,1,30
Jsoup,91,Fastazi-S,27.0,0.33981481481481496,24.266666666666666,0.6740740740740738,0,1,30
Jsoup,91,Fastazi-P,27.0,0.3629629629629631,23.433333333333334,0.6509259259259257,0,1,30
Jsoup,91,Random,36.0,0.7046296296296295,11.133333333333333,0.3092592592592593,0,1,30
Jsoup,92,Ekstazi,32.0,0.6925925925925926,11.566666666666666,0.3212962962962963,0,1,30
Jsoup,92,FAST,36.0,0.9027777777777782,4.0,0.11111111111111115,0,1,30
Jsoup,92,Ekstazi+dpt,32.0,0.9583333333333328,2.0,0.05555555555555557,0,1,30
Jsoup,92,DPT,36.0,0.9305555555555561,3.0,0.08333333333333333,0,1,30
Jsoup,92,STARTS,36.0,0.6472222222222224,13.2,0.36666666666666675,0,1,30
Jsoup,92,STARTS+FAST-S,36.0,0.9101851851851855,3.7333333333333334,0.10370370370370373,0,1,30
Jsoup,92,STARTS+FAST-P,36.0,0.8833333333333339,4.7,0.1305555555555556,0,1,30
Jsoup,92,STARTS+DPT,36.0,0.9583333333333328,2.0,0.05555555555555557,0,1,30
Jsoup,92,Fastazi-S,32.0,0.9305555555555559,3.0,0.08333333333333333,0,1,30
Jsoup,92,Fastazi-P,32.0,0.9305555555555561,3.0,0.08333333333333333,0,1,30
Jsoup,92,Random,36.0,0.6212962962962963,14.133333333333333,0.3925925925925925,0,1,30
Jsoup,93,Ekstazi,6.0,0.8999999999999998,4.1,0.11388888888888886,0,1,30
Jsoup,93,FAST,36.0,0.3370370370370372,24.366666666666667,0.6768518518518516,0,1,30
Jsoup,93,Ekstazi+dpt,6.0,0.875,5.0,0.13888888888888887,0,1,30
Jsoup,93,DPT,36.0,0.625,14.0,0.3888888888888891,0,1,30
Jsoup,93,STARTS,34.0,0.576851851851852,15.733333333333333,0.43703703703703717,0,1,30
Jsoup,93,STARTS+FAST-S,34.0,0.43333333333333335,20.9,0.5805555555555557,0,1,30
Jsoup,93,STARTS+FAST-P,34.0,0.38703703703703696,22.566666666666666,0.6268518518518519,0,1,30
Jsoup,93,STARTS+DPT,34.0,0.6527777777777782,13.0,0.3611111111111109,0,1,30
Jsoup,93,Fastazi-S,6.0,0.9259259259259264,3.1666666666666665,0.08796296296296298,0,1,30
Jsoup,93,Fastazi-P,6.0,0.9342592592592596,2.8666666666666667,0.07962962962962962,0,1,30
Jsoup,93,Random,36.0,0.4518518518518519,20.233333333333334,0.562037037037037,0,1,30
JxPath,19,Ekstazi,27.0,0.6688888888888886,15.4,0.34222222222222215,0,1,30
JxPath,19,FAST,45.0,0.7385185185185181,12.266666666666667,0.2725925925925925,0,1,30
JxPath,19,Ekstazi+dpt,27.0,0.5133333333333333,22.4,0.49777777777777776,0,1,30
JxPath,19,DPT,45.0,0.5088888888888888,22.6,0.5022222222222222,0,1,30
JxPath,19,STARTS,27.0,0.6940740740740738,14.266666666666667,0.31703703703703695,0,1,30
JxPath,19,STARTS+FAST-S,27.0,0.6044444444444442,18.3,0.4066666666666668,0,1,30
JxPath,19,STARTS+FAST-P,27.0,0.6051851851851849,18.266666666666666,0.40592592592592613,0,1,30
JxPath,19,STARTS+DPT,27.0,0.5066666666666666,22.7,0.5044444444444445,0,1,30
JxPath,19,Fastazi-S,27.0,0.7859259259259255,10.133333333333333,0.22518518518518515,0,1,30
JxPath,19,Fastazi-P,27.0,0.7940740740740738,9.766666666666667,0.21703703703703708,0,1,30
JxPath,19,Random,45.0,0.44592592592592584,25.433333333333334,0.5651851851851852,0,1,30
JxPath,20,Ekstazi,29.0,0.726530612244898,13.9,0.2836734693877551,0,1,30
JxPath,20,FAST,49.0,0.9367346938775509,3.6,0.07346938775510205,0,1,30
JxPath,20,Ekstazi+dpt,29.0,0.5,25.0,0.5102040816326529,0,1,30
JxPath,20,DPT,49.0,0.4795918367346937,26.0,0.5306122448979592,0,1,30
JxPath,20,STARTS,30.0,0.6918367346938775,15.6,0.3183673469387756,0,1,30
JxPath,20,STARTS+FAST-S,30.0,0.9496598639455782,2.966666666666667,0.06054421768707486,0,1,30
JxPath,20,STARTS+FAST-P,30.0,0.9619047619047616,2.3666666666666667,0.04829931972789117,0,1,30
JxPath,20,STARTS+DPT,30.0,0.5,25.0,0.5102040816326529,0,1,30
JxPath,20,Fastazi-S,29.0,0.9360544217687073,3.6333333333333333,0.07414965986394557,0,1,30
JxPath,20,Fastazi-P,29.0,0.9503401360544216,2.933333333333333,0.0598639455782313,0,1,30
JxPath,20,Random,49.0,0.5775510204081634,21.2,0.4326530612244898,0,1,30
JxPath,21,Ekstazi,20.0,0.8879999999999999,6.1,0.12200000000000003,0,1,30
JxPath,21,FAST,50.0,0.5926666666666667,20.866666666666667,0.4173333333333334,0,1,30
JxPath,21,Ekstazi+dpt,20.0,0.9699999999999995,2.0,0.040000000000000015,0,1,30
JxPath,21,DPT,50.0,0.9699999999999995,2.0,0.040000000000000015,0,1,30
JxPath,21,STARTS,31.0,0.7706666666666666,11.966666666666667,0.23933333333333331,0,1,30
JxPath,21,STARTS+FAST-S,31.0,0.8300000000000001,9.0,0.18000000000000002,0,1,30
JxPath,21,STARTS+FAST-P,31.0,0.83,9.0,0.18000000000000002,0,1,30
JxPath,21,STARTS+DPT,31.0,0.9699999999999995,2.0,0.040000000000000015,0,1,30
JxPath,21,Fastazi-S,20.0,0.8113333333333332,9.933333333333334,0.19866666666666674,0,1,30
JxPath,21,Fastazi-P,20.0,0.8153333333333331,9.733333333333333,0.1946666666666667,0,1,30
JxPath,21,Random,50.0,0.6573333333333332,17.633333333333333,0.35266666666666663,0,1,30
JxPath,22,Ekstazi,30.0,0.7457516339869279,13.466666666666667,0.26405228758169935,0,1,30
JxPath,22,FAST,51.0,0.7738562091503265,12.033333333333333,0.23594771241830068,0,1,30
JxPath,22,Ekstazi+dpt,30.0,0.5784313725490194,22.0,0.43137254901960803,0,1,30
JxPath,22,DPT,51.0,0.5588235294117646,23.0,0.45098039215686286,0,1,30
JxPath,22,STARTS,32.0,0.6973856209150324,15.933333333333334,0.31241830065359466,0,1,30
JxPath,22,STARTS+FAST-S,32.0,0.8816993464052284,6.533333333333333,0.12810457516339863,0,1,30
JxPath,22,STARTS+FAST-P,32.0,0.886928104575163,6.266666666666667,0.12287581699346399,0,1,30
JxPath,22,STARTS+DPT,32.0,0.5784313725490194,22.0,0.43137254901960803,0,1,30
JxPath,22,Fastazi-S,30.0,0.8620915032679733,7.533333333333333,0.1477124183006536,0,1,30
JxPath,22,Fastazi-P,30.0,0.8588235294117644,7.7,0.15098039215686274,0,1,30
JxPath,22,Random,51.0,0.46928104575163393,27.566666666666666,0.5405228758169935,0,1,30
Lang,14,Ekstazi,87.0,0.4950757575757575,44.93333333333333,0.5106060606060607,0,1,30
Lang,14,FAST,88.0,0.1837121212121212,72.33333333333333,0.8219696969696966,0,1,30
Lang,14,Ekstazi+dpt,87.0,0.931060606060606,6.566666666666666,0.07462121212121213,0,1,30
Lang,14,DPT,88.0,0.9325757575757575,6.433333333333334,0.07310606060606059,0,1,30
Lang,14,STARTS,88.0,0.44583333333333347,49.266666666666666,0.5598484848484848,0,1,30
Lang,14,STARTS+FAST-S,88.0,0.4181818181818182,51.7,0.5875000000000001,0,1,30
Lang,14,STARTS+FAST-P,88.0,0.37613636363636366,55.4,0.6295454545454546,0,1,30
Lang,14,STARTS+DPT,88.0,0.9318181818181818,6.5,0.07386363636363637,0,1,30
Lang,14,Fastazi-S,87.0,0.19583333333333341,71.26666666666667,0.8098484848484852,0,1,30
Lang,14,Fastazi-P,87.0,0.19507575757575765,71.33333333333333,0.8106060606060609,0,1,30
Lang,14,Random,88.0,0.5166666666666666,43.03333333333333,0.4890151515151515,0,1,30
Lang,15,Ekstazi,55.0,0.6943181818181817,27.4,0.3113636363636364,0,1,30
Lang,15,FAST,88.0,0.8537878787878789,13.366666666666667,0.15189393939393941,0,1,30
Lang,15,Ekstazi+dpt,55.0,0.44734848484848483,49.13333333333333,0.5583333333333332,0,1,30
Lang,15,DPT,88.0,0.28787878787878796,63.166666666666664,0.7178030303030304,0,1,30
Lang,15,STARTS,64.0,0.6295454545454546,33.1,0.3761363636363637,0,1,30
Lang,15,STARTS+FAST-S,64.0,0.6401515151515152,32.166666666666664,0.36553030303030287,0,1,30
Lang,15,STARTS+FAST-P,64.0,0.5829545454545457,37.2,0.4227272727272727,0,1,30
Lang,15,STARTS+DPT,64.0,0.37121212121212116,55.833333333333336,0.6344696969696969,0,1,30
Lang,15,Fastazi-S,55.0,0.8530303030303036,13.433333333333334,0.1526515151515152,0,1,30
Lang,15,Fastazi-P,55.0,0.8977272727272734,9.5,0.1079545454545455,0,1,30
Lang,15,Random,88.0,0.5200757575757576,42.733333333333334,0.4856060606060606,0,1,30
Lang,16,Ekstazi,84.0,0.3841269841269842,52.233333333333334,0.6218253968253967,0,1,30
Lang,16,FAST,84.0,0.48214285714285715,44.0,0.5238095238095238,0,1,30
Lang,16,Ekstazi+dpt,84.0,0.5865079365079365,35.233333333333334,0.41944444444444445,0,1,30
Lang,16,DPT,84.0,0.5869047619047617,35.2,0.419047619047619,0,1,30
Lang,16,STARTS,84.0,0.4440476190476191,47.2,0.5619047619047617,0,1,30
Lang,16,STARTS+FAST-S,84.0,0.6,34.1,0.40595238095238084,0,1,30
Lang,16,STARTS+FAST-P,84.0,0.45952380952380933,45.9,0.5464285714285713,0,1,30
Lang,16,STARTS+DPT,84.0,0.5928571428571427,34.7,0.413095238095238,0,1,30
Lang,16,Fastazi-S,84.0,0.5626984126984128,37.233333333333334,0.44325396825396823,0,1,30
Lang,16,Fastazi-P,84.0,0.48214285714285715,44.0,0.5238095238095238,0,1,30
Lang,16,Random,84.0,0.4992063492063492,42.56666666666667,0.5067460317460317,0,1,30
Lang,17,Ekstazi,27.0,0.8305555555555555,14.733333333333333,0.1753968253968254,0,1,30
Lang,17,FAST,84.0,0.9559523809523813,4.2,0.05000000000000001,0,1,30
Lang,17,Ekstazi+dpt,27.0,0.9940476190476194,1.0,0.011904761904761913,0,1,30
Lang,17,DPT,84.0,0.9821428571428574,2.0,0.023809523809523826,0,1,30
Lang,17,STARTS,55.0,0.6484126984126983,30.033333333333335,0.35753968253968255,0,1,30
Lang,17,STARTS+FAST-S,55.0,0.8742063492063489,11.066666666666666,0.13174603174603178,0,1,30
Lang,17,STARTS+FAST-P,55.0,0.921825396825397,7.066666666666666,0.0841269841269841,0,1,30
Lang,17,STARTS+DPT,55.0,0.9821428571428574,2.0,0.023809523809523826,0,1,30
Lang,17,Fastazi-S,27.0,0.9746031746031748,2.6333333333333333,0.03134920634920636,0,1,30
Lang,17,Fastazi-P,27.0,0.9821428571428572,2.0,0.02380952380952381,0,1,30
Lang,17,Random,84.0,0.4952380952380953,42.9,0.5107142857142858,0,1,30
Lang,18,Ekstazi,24.0,0.8436507936507937,13.633333333333333,0.16230158730158728,0,1,30
Lang,18,FAST,84.0,0.6793650793650795,27.433333333333334,0.3265873015873015,0,1,30
Lang,18,Ekstazi+dpt,24.0,0.736111111111111,22.666666666666668,0.2698412698412698,0,1,30
Lang,18,DPT,84.0,0.0920634920634921,76.76666666666667,0.9138888888888886,0,1,30
Lang,18,STARTS,57.0,0.684126984126984,27.033333333333335,0.32182539682539674,0,1,30
Lang,18,STARTS+FAST-S,57.0,0.7384920634920635,22.466666666666665,0.2674603174603174,0,1,30
Lang,18,STARTS+FAST-P,57.0,0.7432539682539684,22.066666666666666,0.2626984126984127,0,1,30
Lang,18,STARTS+DPT,57.0,0.3400793650793651,55.93333333333333,0.6658730158730158,0,1,30
Lang,18,Fastazi-S,24.0,0.8865079365079367,10.033333333333333,0.11944444444444444,0,1,30
Lang,18,Fastazi-P,24.0,0.8912698412698418,9.633333333333333,0.11468253968253969,0,1,30
Lang,18,Random,84.0,0.38928571428571435,51.8,0.6166666666666667,0,1,30
Lang,19,Ekstazi,68.0,0.5845238095238094,35.4,0.42142857142857143,0,1,30
Lang,19,FAST,84.0,0.5123015873015873,41.46666666666667,0.4936507936507935,0,1,30
Lang,19,Ekstazi+dpt,68.0,0.5051587301587301,42.06666666666667,0.5007936507936509,0,1,30
Lang,19,DPT,84.0,0.4023809523809524,50.7,0.6035714285714285,0,1,30
Lang,19,STARTS,77.0,0.4571428571428572,46.1,0.5488095238095239,0,1,30
Lang,19,STARTS+FAST-S,77.0,0.5234126984126983,40.53333333333333,0.4825396825396823,0,1,30
Lang,19,STARTS+FAST-P,77.0,0.5246031746031746,40.43333333333333,0.48134920634920625,0,1,30
Lang,19,STARTS+DPT,77.0,0.4575396825396825,46.06666666666667,0.5484126984126985,0,1,30
Lang,19,Fastazi-S,68.0,0.6305555555555558,31.533333333333335,0.3753968253968255,0,1,30
Lang,19,Fastazi-P,68.0,0.6079365079365077,33.43333333333333,0.3980158730158731,0,1,30
Lang,19,Random,84.0,0.4829365079365079,43.93333333333333,0.5230158730158732,0,1,30
Lang,20,Ekstazi,39.0,0.7901960784313722,18.333333333333332,0.21568627450980396,0,1,30
Lang,20,FAST,85.0,0.6815686274509801,27.566666666666666,0.3243137254901961,0,1,30
Lang,20,Ekstazi+dpt,39.0,0.5580392156862745,38.06666666666667,0.4478431372549021,0,1,30
Lang,20,DPT,85.0,0.09450980392156866,77.46666666666667,0.9113725490196081,0,1,30
Lang,20,STARTS,58.0,0.6611764705882354,29.3,0.34470588235294114,0,1,30
Lang,20,STARTS+FAST-S,58.0,0.8321568627450977,14.766666666666667,0.17372549019607847,0,1,30
Lang,20,STARTS+FAST-P,58.0,0.8427450980392153,13.866666666666667,0.1631372549019608,0,1,30
Lang,20,STARTS+DPT,58.0,0.3392156862745098,56.666666666666664,0.6666666666666666,0,1,30
Lang,20,Fastazi-S,39.0,0.8019607843137254,17.333333333333332,0.2039215686274511,0,1,30
Lang,20,Fastazi-P,39.0,0.7988235294117646,17.6,0.20705882352941182,0,1,30
Lang,20,Random,85.0,0.4584313725490196,46.53333333333333,0.5474509803921568,0,1,30
Lang,21,Ekstazi,51.0,0.7603921568627449,20.866666666666667,0.24549019607843137,0,1,30
Lang,21,FAST,85.0,0.2168627450980393,67.06666666666666,0.7890196078431376,0,1,30
Lang,21,Ekstazi+dpt,51.0,0.9823529411764699,2.0,0.0235294117647059,0,1,30
Lang,21,DPT,85.0,0.9823529411764699,2.0,0.0235294117647059,0,1,30
Lang,21,STARTS,59.0,0.6125490196078432,33.43333333333333,0.39333333333333337,0,1,30
Lang,21,STARTS+FAST-S,59.0,0.3117647058823529,59.0,0.6941176470588235,0,1,30
Lang,21,STARTS+FAST-P,59.0,0.33450980392156865,57.06666666666667,0.6713725490196079,0,1,30
Lang,21,STARTS+DPT,59.0,0.9823529411764699,2.0,0.0235294117647059,0,1,30
Lang,21,Fastazi-S,51.0,0.4988235294117647,43.1,0.5070588235294118,0,1,30
Lang,21,Fastazi-P,51.0,0.4988235294117647,43.1,0.5070588235294118,0,1,30
Lang,21,Random,85.0,0.3847058823529412,52.8,0.6211764705882354,0,1,30
Lang,22,Ekstazi,17.0,0.9054901960784308,8.533333333333333,0.10039215686274507,0,1,30
Lang,22,FAST,85.0,0.4776470588235295,44.9,0.5282352941176469,0,1,30
Lang,22,Ekstazi+dpt,17.0,0.9823529411764699,2.0,0.0235294117647059,0,1,30
Lang,22,DPT,85.0,0.9443137254901954,5.233333333333333,0.061568627450980386,0,1,30
Lang,22,STARTS,55.0,0.6741176470588234,28.2,0.33176470588235296,0,1,30
Lang,22,STARTS+FAST-S,55.0,0.8403921568627448,14.066666666666666,0.16549019607843138,0,1,30
Lang,22,STARTS+FAST-P,55.0,0.8584313725490191,12.533333333333333,0.14745098039215684,0,1,30
Lang,22,STARTS+DPT,55.0,0.9603921568627444,3.8666666666666667,0.04549019607843139,0,1,30
Lang,22,Fastazi-S,17.0,0.9043137254901957,8.633333333333333,0.10156862745098041,0,1,30
Lang,22,Fastazi-P,17.0,0.8909803921568625,9.766666666666667,0.11490196078431374,0,1,30
Lang,22,Random,85.0,0.48392156862745106,44.36666666666667,0.5219607843137255,0,1,30
Lang,23,Ekstazi,13.0,0.9121568627450977,7.966666666666667,0.09372549019607844,0,1,30
Lang,23,FAST,85.0,0.21529411764705889,67.2,0.790588235294118,0,1,30
Lang,23,Ekstazi+dpt,13.0,0.9517647058823523,4.6,0.054117647058823555,0,1,30
Lang,23,DPT,85.0,0.792941176470588,18.1,0.2129411764705883,0,1,30
Lang,23,STARTS,55.0,0.6584313725490194,29.533333333333335,0.3474509803921568,0,1,30
Lang,23,STARTS+FAST-S,55.0,0.48745098039215684,44.06666666666667,0.5184313725490196,0,1,30
Lang,23,STARTS+FAST-P,55.0,0.4988235294117647,43.1,0.5070588235294118,0,1,30
Lang,23,STARTS+DPT,55.0,0.7976470588235293,17.7,0.20823529411764716,0,1,30
Lang,23,Fastazi-S,13.0,0.9392156862745094,5.666666666666667,0.06666666666666664,0,1,30
Lang,23,Fastazi-P,13.0,0.8760784313725487,11.033333333333333,0.12980392156862744,0,1,30
Lang,23,Random,85.0,0.5282352941176472,40.6,0.4776470588235293,0,1,30
Lang,24,Ekstazi,53.0,0.6390151515151515,32.266666666666666,0.36666666666666653,0,1,30
Lang,24,FAST,88.0,0.5689393939393941,38.43333333333333,0.43674242424242427,0,1,30
Lang,24,Ekstazi+dpt,53.0,0.4670454545454544,47.4,0.5386363636363634,0,1,30
Lang,24,DPT,88.0,0.24128787878787877,67.26666666666667,0.7643939393939394,0,1,30
Lang,24,STARTS,61.0,0.6465909090909091,31.6,0.3590909090909091,0,1,30
Lang,24,STARTS+FAST-S,61.0,0.815909090909091,16.7,0.18977272727272734,0,1,30
Lang,24,STARTS+FAST-P,61.0,0.8200757575757578,16.333333333333332,0.18560606060606058,0,1,30
Lang,24,STARTS+DPT,61.0,0.3825757575757575,54.833333333333336,0.6231060606060606,0,1,30
Lang,24,Fastazi-S,53.0,0.725378787878788,24.666666666666668,0.28030303030303044,0,1,30
Lang,24,Fastazi-P,53.0,0.7181818181818183,25.3,0.28750000000000003,0,1,30
Lang,24,Random,88.0,0.4053030303030304,52.833333333333336,0.6003787878787877,0,1,30
Lang,25,Ekstazi,21.0,0.8693181818181817,12.0,0.13636363636363633,0,1,30
Lang,25,FAST,88.0,0.5689393939393941,38.43333333333333,0.4367424242424242,0,1,30
Lang,25,Ekstazi+dpt,21.0,0.7946969696969695,18.566666666666666,0.2109848484848484,0,1,30
Lang,25,DPT,88.0,0.24696969696969698,66.76666666666667,0.7587121212121214,0,1,30
Lang,25,STARTS,57.0,0.7518939393939394,22.333333333333332,0.25378787878787884,0,1,30
Lang,25,STARTS+FAST-S,57.0,0.41401515151515134,52.06666666666667,0.5916666666666669,0,1,30
Lang,25,STARTS+FAST-P,57.0,0.4261363636363634,51.0,0.5795454545454548,0,1,30
Lang,25,STARTS+DPT,57.0,0.41893939393939394,51.63333333333333,0.5867424242424242,0,1,30
Lang,25,Fastazi-S,21.0,0.908333333333333,8.566666666666666,0.09734848484848481,0,1,30
Lang,25,Fastazi-P,21.0,0.9132575757575755,8.133333333333333,0.09242424242424238,0,1,30
Lang,25,Random,88.0,0.4268939393939393,50.93333333333333,0.5787878787878787,0,1,30
Lang,26,Ekstazi,54.0,0.707037037037037,26.866666666666667,0.29851851851851857,0,1,30
Lang,26,FAST,90.0,0.9470370370370367,5.266666666666667,0.05851851851851853,0,1,30
Lang,26,Ekstazi+dpt,54.0,0.4544444444444442,49.6,0.551111111111111,0,1,30
Lang,26,DPT,90.0,0.24851851851851853,68.13333333333334,0.7570370370370371,0,1,30
Lang,26,STARTS,69.0,0.5896296296296296,37.43333333333333,0.4159259259259258,0,1,30
Lang,26,STARTS+FAST-S,69.0,0.9677777777777776,3.4,0.03777777777777778,0,1,30
Lang,26,STARTS+FAST-P,69.0,0.9659259259259261,3.566666666666667,0.03962962962962962,0,1,30
Lang,26,STARTS+DPT,69.0,0.34555555555555534,59.4,0.6599999999999999,0,1,30
Lang,26,Fastazi-S,54.0,0.9674074074074072,3.433333333333333,0.03814814814814815,0,1,30
Lang,26,Fastazi-P,54.0,0.9748148148148147,2.7666666666666666,0.030740740740740742,0,1,30
Lang,26,Random,90.0,0.44555555555555554,50.4,0.5600000000000002,0,1,30
Lang,27,Ekstazi,21.0,0.8761904761904759,11.766666666666667,0.12930402930402932,0,1,30
Lang,27,FAST,91.0,0.29963369963369957,64.23333333333333,0.7058608058608058,0,1,30
Lang,27,Ekstazi+dpt,21.0,0.7959706959706959,19.066666666666666,0.2095238095238096,0,1,30
Lang,27,DPT,91.0,0.24761904761904763,68.96666666666667,0.7578754578754582,0,1,30
Lang,27,STARTS,60.0,0.610989010989011,35.9,0.3945054945054944,0,1,30
Lang,27,STARTS+FAST-S,60.0,0.5417582417582417,42.2,0.4637362637362638,0,1,30
Lang,27,STARTS+FAST-P,60.0,0.5523809523809523,41.233333333333334,0.4531135531135532,0,1,30
Lang,27,STARTS+DPT,60.0,0.427838827838828,52.56666666666667,0.5776556776556776,0,1,30
Lang,27,Fastazi-S,21.0,0.858241758241758,13.4,0.14725274725274723,0,1,30
Lang,27,Fastazi-P,21.0,0.8399267399267397,15.066666666666666,0.16556776556776556,0,1,30
Lang,27,Random,91.0,0.47802197802197793,48.0,0.5274725274725276,0,1,30
Math,5,Ekstazi,137.0,0.5237179487179486,74.8,0.47948717948717945,0,1,30
Math,5,FAST,156.0,0.5771367521367521,66.46666666666667,0.426068376068376,0,1,30
Math,5,Ekstazi+dpt,137.0,0.2923076923076924,110.9,0.7108974358974357,0,1,30
Math,5,DPT,156.0,0.2925213675213676,110.86666666666666,0.7106837606837606,0,1,30
Math,5,STARTS,137.0,0.5480769230769231,71.0,0.45512820512820523,0,1,30
Math,5,STARTS+FAST-S,137.0,0.6412393162393163,56.46666666666667,0.3619658119658118,0,1,30
Math,5,STARTS+FAST-P,137.0,0.6284188034188032,58.46666666666667,0.37478632478632484,0,1,30
Math,5,STARTS+DPT,137.0,0.29572649572649584,110.36666666666666,0.7074786324786324,0,1,30
Math,5,Fastazi-S,137.0,0.6814102564102564,50.2,0.32179487179487176,0,1,30
Math,5,Fastazi-P,137.0,0.6286324786324784,58.43333333333333,0.3745726495726496,0,1,30
Math,5,Random,156.0,0.4604700854700855,84.66666666666667,0.5427350427350427,0,1,30
Math,6,Ekstazi,44.0,0.8485042735042734,24.133333333333333,0.15470085470085468,0,1,30
Math,6,FAST,156.0,0.0991452991452992,141.03333333333333,0.9040598290598287,0,1,30
Math,6,Ekstazi+dpt,44.0,0.9326923076923074,11.0,0.0705128205128205,0,1,30
Math,6,DPT,156.0,0.8412393162393161,25.266666666666666,0.16196581196581197,0,1,30
Math,6,STARTS,83.0,0.7068376068376069,46.233333333333334,0.29636752136752137,0,1,30
Math,6,STARTS+FAST-S,83.0,0.524786324786325,74.63333333333334,0.4784188034188038,0,1,30
Math,6,STARTS+FAST-P,83.0,0.5096153846153849,77.0,0.493589743589744,0,1,30
Math,6,STARTS+DPT,83.0,0.9072649572649574,14.966666666666667,0.09594017094017099,0,1,30
Math,6,Fastazi-S,44.0,0.9777777777777776,3.966666666666667,0.025427350427350438,0,1,30
Math,6,Fastazi-P,44.0,0.7591880341880339,38.06666666666667,0.24401709401709404,0,1,30
Math,6,Random,156.0,0.4670940170940171,83.63333333333334,0.5361111111111112,0,1,30
Math,8,Ekstazi,134.0,0.8214859437751003,30.133333333333333,0.18152610441767067,0,1,30
Math,8,FAST,166.0,0.4012048192771083,99.9,0.6018072289156627,0,1,30
Math,8,Ekstazi+dpt,134.0,0.270281124497992,121.63333333333334,0.7327309236947789,0,1,30
Math,8,DPT,166.0,0.23674698795180715,127.2,0.7662650602409642,0,1,30
Math,8,STARTS,141.0,0.7626506024096386,39.9,0.24036144578313254,0,1,30
Math,8,STARTS+FAST-S,141.0,0.5682730923694777,72.16666666666667,0.4347389558232932,0,1,30
Math,8,STARTS+FAST-P,141.0,0.5680722891566263,72.2,0.4349397590361445,0,1,30
Math,8,STARTS+DPT,141.0,0.24538152610441763,125.76666666666667,0.7576305220883534,0,1,30
Math,8,Fastazi-S,134.0,0.5236947791164661,79.56666666666666,0.4793172690763054,0,1,30
Math,8,Fastazi-P,134.0,0.5124497991967873,81.43333333333334,0.49056224899598366,0,1,30
Math,8,Random,166.0,0.6548192771084338,57.8,0.3481927710843374,0,1,30
Math,9,Ekstazi,31.0,0.90140562248996,16.866666666666667,0.10160642570281121,0,1,30
Math,9,FAST,166.0,0.021084337349397596,163.0,0.981927710843373,0,1,30
Math,9,Ekstazi+dpt,31.0,0.9186746987951803,14.0,0.08433734939759036,0,1,30
Math,9,DPT,166.0,0.752610441767068,41.56666666666667,0.2504016064257028,0,1,30
Math,9,STARTS,3.0,0.991164658634538,1.9666666666666666,0.01184738955823293,0,1,30
Math,9,STARTS+FAST-S,3.0,0.9893574297188753,2.2666666666666666,0.013654618473895588,0,1,30
Math,9,STARTS+FAST-P,3.0,0.9849397590361447,3.0,0.018072289156626505,0,1,30
Math,9,STARTS+DPT,3.0,0.9849397590361447,3.0,0.018072289156626505,0,1,30
Math,9,Fastazi-S,31.0,0.8222891566265066,30.0,0.18072289156626503,0,1,30
Math,9,Fastazi-P,31.0,0.8162650602409645,31.0,0.1867469879518072,0,1,30
Math,9,Random,166.0,0.5281124497991968,78.83333333333333,0.4748995983935742,0,1,30
Math,10,Ekstazi,175.0,0.6464646464646465,70.5,0.3560606060606061,0,1,30
Math,10,FAST,198.0,0.8228956228956223,35.56666666666667,0.1796296296296296,0,1,30
Math,10,Ekstazi+dpt,175.0,0.34074074074074073,131.03333333333333,0.6617845117845119,0,1,30
Math,10,DPT,198.0,0.3398989898989899,131.2,0.6626262626262627,0,1,30
Math,10,STARTS,175.0,0.5207070707070708,95.4,0.48181818181818176,0,1,30
Math,10,STARTS+FAST-S,175.0,0.8183501683501682,36.46666666666667,0.18417508417508419,0,1,30
Math,10,STARTS+FAST-P,175.0,0.8136363636363634,37.4,0.18888888888888894,0,1,30
Math,10,STARTS+DPT,175.0,0.34107744107744115,130.96666666666667,0.6614478114478116,0,1,30
Math,10,Fastazi-S,175.0,0.8538720538720536,29.433333333333334,0.14865319865319868,0,1,30
Math,10,Fastazi-P,175.0,0.8427609427609426,31.633333333333333,0.15976430976430978,0,1,30
Math,10,Random,198.0,0.5961279461279461,80.46666666666667,0.4063973063973064,0,1,30
Math,11,Ekstazi,142.0,0.6866666666666668,52.2,0.3163636363636363,0,1,30
Math,11,FAST,165.0,0.8139393939393942,31.2,0.18909090909090925,0,1,30
Math,11,Ekstazi+dpt,142.0,0.3747474747474749,103.66666666666667,0.6282828282828281,0,1,30
Math,11,DPT,165.0,0.3765656565656566,103.36666666666666,0.6264646464646467,0,1,30
Math,11,STARTS,145.0,0.7353535353535354,44.166666666666664,0.2676767676767676,0,1,30
Math,11,STARTS+FAST-S,145.0,0.3121212121212123,114.0,0.6909090909090913,0,1,30
Math,11,STARTS+FAST-P,145.0,0.3498989898989898,107.76666666666667,0.6531313131313129,0,1,30
Math,11,STARTS+DPT,145.0,0.37454545454545457,103.7,0.6284848484848484,0,1,30
Math,11,Fastazi-S,142.0,0.8630303030303033,23.1,0.14,0,1,30
Math,11,Fastazi-P,142.0,0.843030303030303,26.4,0.16000000000000003,0,1,30
Math,11,Random,165.0,0.7523232323232321,41.36666666666667,0.25070707070707066,0,1,30
Math,12,Ekstazi,31.0,0.9030303030303032,16.5,0.09999999999999999,0,1,30
Math,12,FAST,165.0,0.31010101010101015,114.33333333333333,0.6929292929292931,0,1,30
Math,12,Ekstazi+dpt,31.0,0.8280808080808081,28.866666666666667,0.17494949494949497,0,1,30
Math,12,DPT,165.0,0.5543434343434345,74.03333333333333,0.44868686868686875,0,1,30
Math,12,STARTS,46.0,0.86989898989899,21.966666666666665,0.1331313131313131,0,1,30
Math,12,STARTS+FAST-S,46.0,0.895757575757576,17.7,0.10727272727272721,0,1,30
Math,12,STARTS+FAST-P,46.0,0.8212121212121206,30.0,0.18181818181818174,0,1,30
Math,12,STARTS+DPT,46.0,0.7587878787878785,40.3,0.24424242424242412,0,1,30
Math,12,Fastazi-S,31.0,0.8571717171717174,24.066666666666666,0.14585858585858588,0,1,30
Math,12,Fastazi-P,31.0,0.8636363636363634,23.0,0.13939393939393951,0,1,30
Math,12,Random,165.0,0.5525252525252525,74.33333333333333,0.45050505050505046,0,1,30
Math,13,Ekstazi,55.0,0.8568181818181819,25.7,0.14602272727272722,0,1,30
Math,13,FAST,176.0,0.16590909090909095,147.3,0.8369318181818184,0,1,30
Math,13,Ekstazi+dpt,55.0,0.7179924242424243,50.13333333333333,0.28484848484848485,0,1,30
Math,13,DPT,176.0,0.2903409090909091,125.4,0.7125000000000002,0,1,30
Math,13,STARTS,99.0,0.7119318181818183,51.2,0.2909090909090909,0,1,30
Math,13,STARTS+FAST-S,99.0,0.6166666666666666,67.96666666666667,0.38617424242424253,0,1,30
Math,13,STARTS+FAST-P,99.0,0.5814393939393938,74.16666666666667,0.421401515151515,0,1,30
Math,13,STARTS+DPT,99.0,0.49772727272727285,88.9,0.5051136363636365,0,1,30
Math,13,Fastazi-S,55.0,0.8244318181818178,31.4,0.17840909090909085,0,1,30
Math,13,Fastazi-P,55.0,0.8198863636363635,32.2,0.1829545454545454,0,1,30
Math,13,Random,176.0,0.4685606060606061,94.03333333333333,0.534280303030303,0,1,30
Math,14,Ekstazi,59.0,0.8514981273408238,26.933333333333334,0.15131086142322095,0,1,30
Math,14,FAST,178.0,0.9786516853932586,4.3,0.02415730337078652,0,1,30
Math,14,Ekstazi+dpt,59.0,0.8207865168539323,32.4,0.18202247191011242,0,1,30
Math,14,DPT,178.0,0.7367041198501874,47.36666666666667,0.2661048689138578,0,1,30
Math,14,STARTS,63.0,0.8084269662921348,34.6,0.19438202247191014,0,1,30
Math,14,STARTS+FAST-S,63.0,0.9827715355805247,3.566666666666667,0.02003745318352061,0,1,30
Math,14,STARTS+FAST-P,63.0,0.9857677902621725,3.033333333333333,0.01704119850187267,0,1,30
Math,14,STARTS+DPT,63.0,0.8086142322097379,34.56666666666667,0.19419475655430712,0,1,30
Math,14,Fastazi-S,59.0,0.9764044943820226,4.7,0.026404494382022487,0,1,30
Math,14,Fastazi-P,59.0,0.9925093632958804,1.8333333333333333,0.010299625468164798,0,1,30
Math,14,Random,178.0,0.5202247191011236,85.9,0.4825842696629214,0,1,30
Math,15,Ekstazi,152.0,0.6464912280701754,67.66666666666667,0.356140350877193,0,1,30
Math,15,FAST,190.0,0.7154385964912281,54.56666666666667,0.2871929824561404,0,1,30
Math,15,Ekstazi+dpt,152.0,0.3463157894736842,124.7,0.6563157894736842,0,1,30
Math,15,DPT,190.0,0.30947368421052635,131.7,0.6931578947368423,0,1,30
Math,15,STARTS,166.0,0.5214035087719299,91.43333333333334,0.4812280701754386,0,1,30
Math,15,STARTS+FAST-S,166.0,0.8619298245614037,26.733333333333334,0.14070175438596483,0,1,30
Math,15,STARTS+FAST-P,166.0,0.8631578947368421,26.5,0.13947368421052625,0,1,30
Math,15,STARTS+DPT,166.0,0.3126315789473684,131.1,0.69,0,1,30
Math,15,Fastazi-S,152.0,0.7871929824561402,40.93333333333333,0.21543859649122818,0,1,30
Math,15,Fastazi-P,152.0,0.7673684210526318,44.7,0.23526315789473673,0,1,30
Math,15,Random,190.0,0.4519298245614035,104.63333333333334,0.5507017543859649,0,1,30
Math,16,Ekstazi,111.0,0.7171029668411869,54.53333333333333,0.28551483420593365,0,1,30
Math,16,FAST,191.0,0.8553228621291449,28.133333333333333,0.14729493891797554,0,1,30
Math,16,Ekstazi+dpt,111.0,0.4818499127399651,99.46666666666667,0.5207678883071554,0,1,30
Math,16,DPT,191.0,0.30942408376963343,132.4,0.6931937172774868,0,1,30
Math,16,STARTS,150.0,0.6668411867364749,64.13333333333334,0.33577661431064576,0,1,30
Math,16,STARTS+FAST-S,150.0,0.8465968586387435,29.8,0.1560209424083769,0,1,30
Math,16,STARTS+FAST-P,150.0,0.8469458987783594,29.733333333333334,0.15567190226876088,0,1,30
Math,16,STARTS+DPT,150.0,0.3183246073298429,130.7,0.6842931937172774,0,1,30
Math,16,Fastazi-S,111.0,0.895811518324607,20.4,0.10680628272251307,0,1,30
Math,16,Fastazi-P,111.0,0.9171029668411865,16.333333333333332,0.0855148342059337,0,1,30
Math,16,Random,191.0,0.4577661431064572,104.06666666666666,0.5448516579406631,0,1,30
Math,17,Ekstazi,71.0,0.8083333333333333,37.3,0.19427083333333328,0,1,30
Math,17,FAST,192.0,0.846527777777778,29.966666666666665,0.1560763888888889,0,1,30
Math,17,Ekstazi+dpt,71.0,0.6848958333333333,61.0,0.3177083333333333,0,1,30
Math,17,DPT,192.0,0.30520833333333325,133.9,0.6973958333333334,0,1,30
Math,17,STARTS,113.0,0.709375,56.3,0.2932291666666666,0,1,30
Math,17,STARTS+FAST-S,113.0,0.8791666666666664,23.7,0.12343750000000005,0,1,30
Math,17,STARTS+FAST-P,113.0,0.8765625000000001,24.2,0.1260416666666667,0,1,30
Math,17,STARTS+DPT,113.0,0.4989583333333332,96.7,0.5036458333333332,0,1,30
Math,17,Fastazi-S,71.0,0.9366319444444444,12.666666666666666,0.0659722222222222,0,1,30
Math,17,Fastazi-P,71.0,0.9526041666666668,9.6,0.05,0,1,30
Math,17,Random,192.0,0.5388888888888889,89.03333333333333,0.4637152777777778,0,1,30
Math,18,Ekstazi,167.0,0.5964401294498385,83.63333333333334,0.4059870550161813,0,1,30
Math,18,FAST,206.0,0.2268608414239483,159.76666666666668,0.7755663430420712,0,1,30
Math,18,Ekstazi+dpt,167.0,0.4163430420711975,120.73333333333333,0.586084142394822,0,1,30
Math,18,DPT,206.0,0.37135922330097093,130.0,0.6310679611650486,0,1,30
Math,18,STARTS,181.0,0.5490291262135921,93.4,0.4533980582524272,0,1,30
Math,18,STARTS+FAST-S,181.0,0.7517799352750809,51.63333333333333,0.2506472491909385,0,1,30
Math,18,STARTS+FAST-P,181.0,0.751779935275081,51.63333333333333,0.2506472491909385,0,1,30
Math,18,STARTS+DPT,181.0,0.3671521035598706,130.86666666666667,0.6352750809061488,0,1,30
Math,18,Fastazi-S,167.0,0.3864077669902915,126.9,0.6160194174757284,0,1,30
Math,18,Fastazi-P,167.0,0.39190938511326884,125.76666666666667,0.6105177993527509,0,1,30
Math,18,Random,206.0,0.4980582524271843,103.9,0.5043689320388349,0,1,30
Math,19,Ekstazi,161.0,0.5768115942028984,88.1,0.4256038647342994,0,1,30
Math,19,FAST,207.0,0.3631239935587762,132.33333333333334,0.6392914653784217,0,1,30
Math,19,Ekstazi+dpt,161.0,0.27262479871175516,151.06666666666666,0.729790660225443,0,1,30
Math,19,DPT,207.0,0.19323671497584552,167.5,0.8091787439613528,0,1,30
Math,19,STARTS,180.0,0.5595813204508855,91.66666666666667,0.4428341384863124,0,1,30
Math,19,STARTS+FAST-S,180.0,0.5140096618357489,101.1,0.48840579710144943,0,1,30
Math,19,STARTS+FAST-P,180.0,0.4587761674718196,112.53333333333333,0.5436392914653786,0,1,30
Math,19,STARTS+DPT,180.0,0.203059581320451,165.46666666666667,0.7993558776167474,0,1,30
Math,19,Fastazi-S,161.0,0.5478260869565216,94.1,0.4545893719806763,0,1,30
Math,19,Fastazi-P,161.0,0.5177133655394525,100.33333333333333,0.4847020933977457,0,1,30
Math,19,Random,207.0,0.5214170692431561,99.56666666666666,0.48099838969404185,0,1,30
Math,20,Ekstazi,4.0,0.9911433172302737,2.3333333333333335,0.011272141706924315,0,1,30
Math,20,FAST,207.0,0.36344605475040265,132.26666666666668,0.6389694041867953,0,1,30
Math,20,Ekstazi+dpt,4.0,0.9830917874396131,4.0,0.019323671497584526,0,1,30
Math,20,DPT,207.0,0.19114331723027386,167.93333333333334,0.8112721417069244,0,1,30
Math,20,STARTS,4.0,0.9916264090177134,2.2333333333333334,0.0107890499194847,0,1,30
Math,20,STARTS+FAST-S,4.0,0.9933977455716589,1.8666666666666667,0.00901771336553945,0,1,30
Math,20,STARTS+FAST-P,4.0,0.9879227053140094,3.0,0.014492753623188411,0,1,30
Math,20,STARTS+DPT,4.0,0.9830917874396131,4.0,0.019323671497584526,0,1,30
Math,20,Fastazi-S,4.0,0.9925925925925928,2.033333333333333,0.00982286634460547,0,1,30
Math,20,Fastazi-P,4.0,0.9879227053140094,3.0,0.014492753623188411,0,1,30
Math,20,Random,207.0,0.4492753623188405,114.5,0.5531400966183576,0,1,30
Math,21,Ekstazi,186.0,0.5235474006116209,104.36666666666666,0.47874617737003056,0,1,30
Math,21,FAST,218.0,0.22568807339449531,169.3,0.7766055045871558,0,1,30
Math,21,Ekstazi+dpt,186.0,0.6964831804281348,66.66666666666667,0.30581039755351674,0,1,30
Math,21,DPT,218.0,0.6983180428134558,66.26666666666667,0.3039755351681957,0,1,30
Math,21,STARTS,188.0,0.5518348623853211,98.2,0.4504587155963303,0,1,30
Math,21,STARTS+FAST-S,188.0,0.8200305810397558,39.733333333333334,0.1822629969418959,0,1,30
Math,21,STARTS+FAST-P,188.0,0.8204892966360859,39.63333333333333,0.18180428134556564,0,1,30
Math,21,STARTS+DPT,188.0,0.6989296636085629,66.13333333333334,0.3033639143730885,0,1,30
Math,21,Fastazi-S,186.0,0.38899082568807336,133.7,0.6133027522935781,0,1,30
Math,21,Fastazi-P,186.0,0.36788990825688056,138.3,0.6344036697247708,0,1,30
Math,21,Random,218.0,0.3674311926605504,138.4,0.6348623853211008,0,1,30
Math,22,Ekstazi,24.0,0.9503058103975536,11.333333333333334,0.05198776758409786,0,1,30
Math,22,FAST,218.0,0.8522935779816512,32.7,0.14999999999999997,0,1,30
Math,22,Ekstazi+dpt,24.0,0.8967889908256874,23.0,0.10550458715596325,0,1,30
Math,22,DPT,218.0,0.6989296636085626,66.13333333333334,0.3033639143730887,0,1,30
Math,22,STARTS,25.0,0.9452599388379205,12.433333333333334,0.05703363914373088,0,1,30
Math,22,STARTS+FAST-S,25.0,0.9857798165137613,3.6,0.016513761467889913,0,1,30
Math,22,STARTS+FAST-P,25.0,0.9793577981651373,5.0,0.022935779816513752,0,1,30
Math,22,STARTS+DPT,25.0,0.8967889908256874,23.0,0.10550458715596325,0,1,30
Math,22,Fastazi-S,24.0,0.9877675840978593,3.1666666666666665,0.014525993883792058,0,1,30
Math,22,Fastazi-P,24.0,0.9926605504587159,2.1,0.009633027522935782,0,1,30
Math,22,Random,218.0,0.541743119266055,100.4,0.46055045871559647,0,1,30
Math,23,Ekstazi,2.0,0.9952599388379212,1.5333333333333334,0.007033639143730887,0,1,30
Math,23,FAST,218.0,0.7640672782874623,51.93333333333333,0.23822629969418951,0,1,30
Math,23,Ekstazi+dpt,2.0,0.9931192660550463,2.0,0.009174311926605505,0,1,30
Math,23,DPT,218.0,0.5671253822629968,94.86666666666666,0.4351681957186545,0,1,30
Math,23,STARTS,2.0,0.995871559633028,1.4,0.006422018348623854,0,1,30
Math,23,STARTS+FAST-S,2.0,0.9949541284403673,1.6,0.007339449541284404,0,1,30
Math,23,STARTS+FAST-P,2.0,0.9931192660550463,2.0,0.009174311926605505,0,1,30
Math,23,STARTS+DPT,2.0,0.9931192660550463,2.0,0.009174311926605505,0,1,30
Math,23,Fastazi-S,2.0,0.9955657492354745,1.4666666666666666,0.006727828746177371,0,1,30
Math,23,Fastazi-P,2.0,0.9951070336391442,1.5666666666666667,0.007186544342507646,0,1,30
Math,23,Random,218.0,0.5325688073394496,102.4,0.4697247706422018,0,1,30
Math,24,Ekstazi,176.0,0.576190476190476,101.36666666666666,0.4259103641456582,0,1,30
Math,24,FAST,238.0,0.14467787114845937,204.06666666666666,0.8574229691876752,0,1,30
Math,24,Ekstazi+dpt,176.0,0.7203081232492995,67.06666666666666,0.2817927170868347,0,1,30
Math,24,DPT,238.0,0.7204481792717086,67.03333333333333,0.2816526610644257,0,1,30
Math,24,STARTS,202.0,0.5319327731092437,111.9,0.47016806722689064,0,1,30
Math,24,STARTS+FAST-S,202.0,0.20378151260504213,190.0,0.7983193277310927,0,1,30
Math,24,STARTS+FAST-P,202.0,0.26064425770308136,176.46666666666667,0.7414565826330534,0,1,30
Math,24,STARTS+DPT,202.0,0.7210084033613444,66.9,0.28109243697478986,0,1,30
Math,24,Fastazi-S,176.0,0.3710084033613443,150.2,0.6310924369747898,0,1,30
Math,24,Fastazi-P,176.0,0.3675070028011202,151.03333333333333,0.6345938375350137,0,1,30
Math,24,Random,238.0,0.5355742296918767,111.03333333333333,0.4665266106442578,0,1,30
Math,25,Ekstazi,90.0,0.8202956989247312,45.06666666666667,0.1817204301075269,0,1,30
Math,25,FAST,248.0,0.7856182795698928,53.666666666666664,0.21639784946236562,0,1,30
Math,25,Ekstazi+dpt,90.0,0.7653225806451617,58.7,0.2366935483870968,0,1,30
Math,25,DPT,248.0,0.613978494623656,96.23333333333333,0.388037634408602,0,1,30
Math,25,STARTS,193.0,0.5841397849462365,103.63333333333334,0.41787634408602153,0,1,30
Math,25,STARTS+FAST-S,193.0,0.34032258064516113,164.1,0.6616935483870968,0,1,30
Math,25,STARTS+FAST-P,193.0,0.3401881720430106,164.13333333333333,0.6618279569892473,0,1,30
Math,25,STARTS+DPT,193.0,0.6099462365591398,97.23333333333333,0.392069892473118,0,1,30
Math,25,Fastazi-S,90.0,0.9151881720430111,21.533333333333335,0.08682795698924733,0,1,30
Math,25,Fastazi-P,90.0,0.9404569892473119,15.266666666666667,0.06155913978494625,0,1,30
Math,25,Random,248.0,0.4853494623655914,128.13333333333333,0.5166666666666667,0,1,30
Math,26,Ekstazi,2.0,0.9956989247311829,1.5666666666666667,0.006317204301075265,0,1,30
Math,26,FAST,248.0,0.7810483870967747,54.8,0.2209677419354838,0,1,30
Math,26,Ekstazi+dpt,2.0,0.9979838709677428,1.0,0.004032258064516126,0,1,30
Math,26,DPT,248.0,0.682258064516129,79.3,0.31975806451612887,0,1,30
Math,26,STARTS,2.0,0.9955645161290323,1.6,0.006451612903225803,0,1,30
Math,26,STARTS+FAST-S,2.0,0.9958333333333336,1.5333333333333334,0.006182795698924728,0,1,30
Math,26,STARTS+FAST-P,2.0,0.9939516129032252,2.0,0.008064516129032253,0,1,30
Math,26,STARTS+DPT,2.0,0.9979838709677428,1.0,0.004032258064516126,0,1,30
Math,26,Fastazi-S,2.0,0.9962365591397848,1.4333333333333333,0.005779569892473115,0,1,30
Math,26,Fastazi-P,2.0,0.9979838709677428,1.0,0.004032258064516126,0,1,30
Math,26,Random,248.0,0.439516129032258,139.5,0.5625000000000001,0,1,30
Math,27,Ekstazi,1.0,0.9979838709677428,1.0,0.004032258064516126,0,1,30
Math,27,FAST,248.0,0.7813172043010758,54.733333333333334,0.22069892473118274,0,1,30
Math,27,Ekstazi+dpt,1.0,0.9979838709677428,1.0,0.004032258064516126,0,1,30
Math,27,DPT,248.0,0.6819892473118281,79.36666666666666,0.32002688172043003,0,1,30
Math,27,STARTS,1.0,0.9979838709677428,1.0,0.004032258064516126,0,1,30
Math,27,STARTS+FAST-S,1.0,0.9979838709677428,1.0,0.004032258064516126,0,1,30
Math,27,STARTS+FAST-P,1.0,0.9979838709677428,1.0,0.004032258064516126,0,1,30
Math,27,STARTS+DPT,1.0,0.9979838709677428,1.0,0.004032258064516126,0,1,30
Math,27,Fastazi-S,1.0,0.9979838709677428,1.0,0.004032258064516126,0,1,30
Math,27,Fastazi-P,1.0,0.9979838709677428,1.0,0.004032258064516126,0,1,30
Math,27,Random,248.0,0.522715053763441,118.86666666666666,0.47930107526881716,0,1,30
Math,28,Ekstazi,213.0,0.6483266398929051,88.06666666666666,0.353681392235609,0,1,30
Math,28,FAST,249.0,0.7145917001338689,71.56666666666666,0.2874163319946453,0,1,30
Math,28,Ekstazi+dpt,213.0,0.6072289156626505,98.3,0.39477911646586333,0,1,30
Math,28,DPT,249.0,0.6108433734939758,97.4,0.39116465863453803,0,1,30
Math,28,STARTS,219.0,0.5310575635876841,117.26666666666667,0.47095046854083006,0,1,30
Math,28,STARTS+FAST-S,219.0,0.26653279785809886,183.13333333333333,0.7354752342704152,0,1,30
Math,28,STARTS+FAST-P,219.0,0.2627844712182061,184.06666666666666,0.7392235609103076,0,1,30
Math,28,STARTS+DPT,219.0,0.610441767068273,97.5,0.3915662650602409,0,1,30
Math,28,Fastazi-S,213.0,0.7625167336010711,59.63333333333333,0.23949129852744322,0,1,30
Math,28,Fastazi-P,213.0,0.763453815261044,59.4,0.23855421686746997,0,1,30
Math,28,Random,249.0,0.4872824631860776,128.16666666666666,0.5147255689424364,0,1,30
Math,29,Ekstazi,4.0,0.9926372155287819,2.3333333333333335,0.00937081659973226,0,1,30
Math,29,FAST,249.0,0.7141900937081662,71.66666666666667,0.2878179384203481,0,1,30
Math,29,Ekstazi+dpt,4.0,0.9859437751004021,4.0,0.01606425702811244,0,1,30
Math,29,DPT,249.0,0.6103078982597054,97.53333333333333,0.3917001338688084,0,1,30
Math,29,STARTS,4.0,0.9915662650602411,2.6,0.010441767068273091,0,1,30
Math,29,STARTS+FAST-S,4.0,0.9946452476572963,1.8333333333333333,0.007362784471218202,0,1,30
Math,29,STARTS+FAST-P,4.0,0.9979919678714853,1.0,0.00401606425702811,0,1,30
Math,29,STARTS+DPT,4.0,0.9859437751004021,4.0,0.01606425702811244,0,1,30
Math,29,Fastazi-S,4.0,0.9951807228915664,1.7,0.006827309236947787,0,1,30
Math,29,Fastazi-P,4.0,0.9979919678714853,1.0,0.00401606425702811,0,1,30
Math,29,Random,249.0,0.5589022757697457,110.33333333333333,0.44310575635876837,0,1,30
Math,30,Ekstazi,72.0,0.8775100401606425,31.0,0.12449799196787151,0,1,30
Math,30,FAST,249.0,0.5626506024096388,109.4,0.4393574297188756,0,1,30
Math,30,Ekstazi+dpt,72.0,0.7223560910307901,69.63333333333334,0.27965194109772423,0,1,30
Math,30,DPT,249.0,0.2325301204819278,191.6,0.7694779116465864,0,1,30
Math,30,STARTS,208.0,0.6152610441767069,96.3,0.38674698795180723,0,1,30
Math,30,STARTS+FAST-S,208.0,0.3753681392235611,156.03333333333333,0.6266398929049534,0,1,30
Math,30,STARTS+FAST-P,208.0,0.37911646586345404,155.1,0.6228915662650603,0,1,30
Math,30,STARTS+DPT,208.0,0.25649263721552873,185.63333333333333,0.7455153949129852,0,1,30
Math,30,Fastazi-S,72.0,0.8753681392235608,31.533333333333335,0.12663989290495306,0,1,30
Math,30,Fastazi-P,72.0,0.8653279785809901,34.03333333333333,0.13668005354752338,0,1,30
Math,30,Random,249.0,0.5286479250334674,117.86666666666666,0.473360107095047,0,1,30
Math,31,Ekstazi,124.0,0.7624,59.9,0.2396,0,1,30
Math,31,FAST,250.0,0.26586666666666664,184.03333333333333,0.7361333333333334,0,1,30
Math,31,Ekstazi+dpt,124.0,0.6222666666666666,94.93333333333334,0.3797333333333334,0,1,30
Math,31,DPT,250.0,0.49399999999999994,127.0,0.5080000000000001,0,1,30
Math,31,STARTS,148.0,0.7029333333333331,74.76666666666667,0.2990666666666666,0,1,30
Math,31,STARTS+FAST-S,148.0,0.5773333333333331,106.16666666666667,0.4246666666666667,0,1,30
Math,31,STARTS+FAST-P,148.0,0.5750666666666667,106.73333333333333,0.42693333333333355,0,1,30
Math,31,STARTS+DPT,148.0,0.5756,106.6,0.4264,0,1,30
Math,31,Fastazi-S,124.0,0.6416000000000001,90.1,0.3604,0,1,30
Math,31,Fastazi-P,124.0,0.6264000000000002,93.9,0.3756,0,1,30
Math,31,Random,250.0,0.5541333333333334,111.96666666666667,0.4478666666666666,0,1,30
Math,32,Ekstazi,30.0,0.9618110236220474,10.2,0.04015748031496062,0,1,30
Math,32,FAST,254.0,0.05314960629921258,241.0,0.9488188976377956,0,1,30
Math,32,Ekstazi+dpt,30.0,0.9980314960629925,1.0,0.0039370078740157445,0,1,30
Math,32,DPT,254.0,0.9901574803149603,3.0,0.011811023622047242,0,1,30
Math,32,STARTS,178.0,0.8171916010498687,46.93333333333333,0.18477690288713908,0,1,30
Math,32,STARTS+FAST-S,178.0,0.9133858267716533,22.5,0.08858267716535431,0,1,30
Math,32,STARTS+FAST-P,178.0,0.9178477690288719,21.366666666666667,0.08412073490813647,0,1,30
Math,32,STARTS+DPT,178.0,0.9901574803149603,3.0,0.011811023622047242,0,1,30
Math,32,Fastazi-S,30.0,0.9156167979002622,21.933333333333334,0.0863517060367454,0,1,30
Math,32,Fastazi-P,30.0,0.8917322834645668,28.0,0.11023622047244089,0,1,30
Math,32,Random,254.0,0.6444881889763779,90.8,0.35748031496063,0,1,30
Math,33,Ekstazi,86.0,0.8622047244094487,35.5,0.13976377952755906,0,1,30
Math,33,FAST,254.0,0.39566929133858264,154.0,0.6062992125984252,0,1,30
Math,33,Ekstazi+dpt,86.0,0.8874015748031499,29.1,0.11456692913385819,0,1,30
Math,33,DPT,254.0,0.7257217847769027,70.16666666666667,0.2762467191601051,0,1,30
Math,33,STARTS,204.0,0.6371391076115483,92.66666666666667,0.36482939632545924,0,1,30
Math,33,STARTS+FAST-S,204.0,0.6032808398950131,101.26666666666667,0.3986876640419948,0,1,30
Math,33,STARTS+FAST-P,204.0,0.6030183727034119,101.33333333333333,0.39895013123359585,0,1,30
Math,33,STARTS+DPT,204.0,0.724015748031496,70.6,0.277952755905512,0,1,30
Math,33,Fastazi-S,86.0,0.8101049868766407,48.733333333333334,0.19186351706036742,0,1,30
Math,33,Fastazi-P,86.0,0.8074803149606299,49.4,0.19448818897637787,0,1,30
Math,33,Random,254.0,0.39593175853018375,153.93333333333334,0.6060367454068242,0,1,30
Math,34,Ekstazi,4.0,0.9914698162729658,2.6666666666666665,0.010498687664041991,0,1,30
Math,34,FAST,254.0,0.37427821522309707,159.43333333333334,0.6276902887139106,0,1,30
Math,34,Ekstazi+dpt,4.0,0.9862204724409446,4.0,0.015748031496062978,0,1,30
Math,34,DPT,254.0,0.2261154855643045,197.06666666666666,0.7758530183727033,0,1,30
Math,34,STARTS,4.0,0.9926509186351706,2.3666666666666667,0.009317585301837272,0,1,30
Math,34,STARTS+FAST-S,4.0,0.9908136482939632,2.8333333333333335,0.011154855643044614,0,1,30
Math,34,STARTS+FAST-P,4.0,0.9942257217847774,1.9666666666666666,0.007742782152230965,0,1,30
Math,34,STARTS+DPT,4.0,0.9862204724409446,4.0,0.015748031496062978,0,1,30
Math,34,Fastazi-S,4.0,0.9913385826771651,2.7,0.01062992125984252,0,1,30
Math,34,Fastazi-P,4.0,0.9901574803149603,3.0,0.011811023622047242,0,1,30
Math,34,Random,254.0,0.5450131233595802,116.06666666666666,0.4569553805774278,0,1,30
Math,35,Ekstazi,147.0,0.7258530183727033,70.13333333333334,0.2761154855643044,0,1,30
Math,35,FAST,254.0,0.9422572178477694,15.166666666666666,0.05971128608923889,0,1,30
Math,35,Ekstazi+dpt,147.0,0.9862204724409446,4.0,0.015748031496062978,0,1,30
Math,35,DPT,254.0,0.9839895013123361,4.566666666666666,0.017979002624671916,0,1,30
Math,35,STARTS,149.0,0.744750656167979,65.33333333333333,0.25721784776902884,0,1,30
Math,35,STARTS+FAST-S,149.0,0.9753280839895012,6.766666666666667,0.02664041994750655,0,1,30
Math,35,STARTS+FAST-P,149.0,0.9748031496062991,6.9,0.02716535433070865,0,1,30
Math,35,STARTS+DPT,149.0,0.9862204724409446,4.0,0.015748031496062978,0,1,30
Math,35,Fastazi-S,147.0,0.9631233595800529,9.866666666666667,0.03884514435695538,0,1,30
Math,35,Fastazi-P,147.0,0.9738845144356952,7.133333333333334,0.028083989501312315,0,1,30
Math,35,Random,254.0,0.46194225721784776,137.16666666666666,0.5400262467191601,0,1,30
Math,36,Ekstazi,123.0,0.7728104575163395,58.43333333333333,0.2291503267973856,0,1,30
Math,36,FAST,255.0,0.9488888888888882,13.533333333333333,0.05307189542483662,0,1,30
Math,36,Ekstazi+dpt,123.0,0.6950326797385618,78.26666666666667,0.3069281045751634,0,1,30
Math,36,DPT,255.0,0.5120261437908497,124.93333333333334,0.48993464052287583,0,1,30
Math,36,STARTS,180.0,0.567450980392157,110.8,0.43450980392156857,0,1,30
Math,36,STARTS+FAST-S,180.0,0.9275816993464047,18.966666666666665,0.07437908496732026,0,1,30
Math,36,STARTS+FAST-P,180.0,0.9354248366013066,16.966666666666665,0.06653594771241829,0,1,30
Math,36,STARTS+DPT,180.0,0.5666666666666665,111.0,0.435294117647059,0,1,30
Math,36,Fastazi-S,123.0,0.9741176470588228,7.1,0.027843137254901975,0,1,30
Math,36,Fastazi-P,123.0,0.9796078431372541,5.7,0.02235294117647059,0,1,30
Math,36,Random,255.0,0.5252287581699348,121.56666666666666,0.47673202614379073,0,1,30
Math,37,Ekstazi,36.0,0.9236601307189537,19.966666666666665,0.07830065359477124,0,1,30
Math,37,FAST,255.0,0.9461437908496726,14.233333333333333,0.05581699346405231,0,1,30
Math,37,Ekstazi+dpt,36.0,0.8725490196078429,33.0,0.12941176470588237,0,1,30
Math,37,DPT,255.0,0.5108496732026143,125.23333333333333,0.49111111111111116,0,1,30
Math,37,STARTS,54.0,0.8854901960784309,29.7,0.11647058823529412,0,1,30
Math,37,STARTS+FAST-S,54.0,0.9881045751633991,3.533333333333333,0.013856209150326803,0,1,30
Math,37,STARTS+FAST-P,54.0,0.9858823529411757,4.1,0.016078431372549017,0,1,30
Math,37,STARTS+DPT,54.0,0.8215686274509802,46.0,0.18039215686274507,0,1,30
Math,37,Fastazi-S,36.0,0.9887581699346408,3.3666666666666667,0.013202614379084971,0,1,30
Math,37,Fastazi-P,36.0,0.9928104575163393,2.3333333333333335,0.00915032679738562,0,1,30
Math,37,Random,255.0,0.5133333333333334,124.6,0.48862745098039206,0,1,30
Math,38,Ekstazi,159.0,0.8368217054263566,42.6,0.1651162790697675,0,1,30
Math,38,FAST,258.0,0.5772609819121448,109.56666666666666,0.4246770025839794,0,1,30
Math,38,Ekstazi+dpt,159.0,0.9652454780361761,9.466666666666667,0.0366925064599483,0,1,30
Math,38,DPT,258.0,0.9617571059431526,10.366666666666667,0.040180878552971575,0,1,30
Math,38,STARTS,214.0,0.7131782945736436,74.5,0.2887596899224806,0,1,30
Math,38,STARTS+FAST-S,214.0,0.6997416020671834,77.96666666666667,0.3021963824289405,0,1,30
Math,38,STARTS+FAST-P,214.0,0.6967700258397934,78.73333333333333,0.3051679586563306,0,1,30
Math,38,STARTS+DPT,214.0,0.9612403100775192,10.5,0.04069767441860465,0,1,30
Math,38,Fastazi-S,159.0,0.7594315245478035,62.56666666666667,0.24250645994832046,0,1,30
Math,38,Fastazi-P,159.0,0.7565891472868211,63.3,0.2453488372093022,0,1,30
Math,38,Random,258.0,0.5998708010335918,103.73333333333333,0.40206718346253234,0,1,30
Math,39,Ekstazi,68.0,0.8591603053435115,37.4,0.1427480916030534,0,1,30
Math,39,FAST,262.0,0.8363867684478374,43.36666666666667,0.16552162849872784,0,1,30
Math,39,Ekstazi+dpt,68.0,0.7651399491094145,62.03333333333333,0.23676844783715018,0,1,30
Math,39,DPT,262.0,0.3133587786259541,180.4,0.6885496183206107,0,1,30
Math,39,STARTS,213.0,0.5889312977099237,108.2,0.41297709923664117,0,1,30
Math,39,STARTS+FAST-S,213.0,0.8688295165394397,34.86666666666667,0.13307888040712468,0,1,30
Math,39,STARTS+FAST-P,213.0,0.867302798982188,35.266666666666666,0.13460559796437663,0,1,30
Math,39,STARTS+DPT,213.0,0.34478371501272265,172.16666666666666,0.6571246819338422,0,1,30
Math,39,Fastazi-S,68.0,0.973282442748091,7.5,0.028625954198473292,0,1,30
Math,39,Fastazi-P,68.0,0.9608142493638673,10.766666666666667,0.0410941475826972,0,1,30
Math,39,Random,262.0,0.5793893129770993,110.7,0.4225190839694657,0,1,30
Math,40,Ekstazi,4.0,0.9946564885496186,1.9,0.007251908396946568,0,1,30
Math,40,FAST,262.0,0.8423664122137408,41.8,0.15954198473282447,0,1,30
Math,40,Ekstazi+dpt,4.0,0.9942748091603056,2.0,0.007633587786259547,0,1,30
Math,40,DPT,262.0,0.8122137404580152,49.7,0.18969465648854963,0,1,30
Math,40,STARTS,189.0,0.7599236641221375,63.4,0.2419847328244275,0,1,30
Math,40,STARTS+FAST-S,189.0,0.8806615776081429,31.766666666666666,0.12124681933842243,0,1,30
Math,40,STARTS+FAST-P,189.0,0.8740458015267173,33.5,0.12786259541984735,0,1,30
Math,40,STARTS+DPT,189.0,0.831552162849873,44.63333333333333,0.17035623409669215,0,1,30
Math,40,Fastazi-S,4.0,0.9961832061068704,1.5,0.005725190839694661,0,1,30
Math,40,Fastazi-P,4.0,0.9980916030534351,1.0,0.0038167938931297734,0,1,30
Math,40,Random,262.0,0.6544529262086514,91.03333333333333,0.3474554707379134,0,1,30
Math,41,Ekstazi,5.0,0.9895674300254456,3.2333333333333334,0.012340966921119594,0,1,30
Math,41,FAST,262.0,0.06272264631043255,246.06666666666666,0.9391857506361329,0,1,30
Math,41,Ekstazi+dpt,5.0,0.9980916030534351,1.0,0.0038167938931297734,0,1,30
Math,41,DPT,262.0,0.8970737913486005,27.466666666666665,0.10483460559796438,0,1,30
Math,41,STARTS,5.0,0.9909669211195933,2.8666666666666667,0.010941475826972016,0,1,30
Math,41,STARTS+FAST-S,5.0,0.9894402035623414,3.2666666666666666,0.012468193384223916,0,1,30
Math,41,STARTS+FAST-P,5.0,0.9866412213740461,4.0,0.015267175572519094,0,1,30
Math,41,STARTS+DPT,5.0,0.9980916030534351,1.0,0.0038167938931297734,0,1,30
Math,41,Fastazi-S,5.0,0.9876590330788806,3.7333333333333334,0.014249363867684486,0,1,30
Math,41,Fastazi-P,5.0,0.9866412213740461,4.0,0.015267175572519094,0,1,30
Math,41,Random,262.0,0.44491094147582694,145.93333333333334,0.556997455470738,0,1,30
Math,42,Ekstazi,231.0,0.5712177121771218,116.7,0.4306273062730626,0,1,30
Math,42,FAST,271.0,0.8769987699876995,33.833333333333336,0.12484624846248465,0,1,30
Math,42,Ekstazi+dpt,231.0,0.5298892988929891,127.9,0.4719557195571956,0,1,30
Math,42,DPT,271.0,0.5130381303813037,132.46666666666667,0.48880688806888073,0,1,30
Math,42,STARTS,234.0,0.6265682656826567,101.7,0.3752767527675277,0,1,30
Math,42,STARTS+FAST-S,234.0,0.8922509225092252,29.7,0.1095940959409594,0,1,30
Math,42,STARTS+FAST-P,234.0,0.8927429274292742,29.566666666666666,0.10910209102091022,0,1,30
Math,42,STARTS+DPT,234.0,0.5168511685116851,131.43333333333334,0.4849938499384994,0,1,30
Math,42,Fastazi-S,231.0,0.899384993849938,27.766666666666666,0.102460024600246,0,1,30
Math,42,Fastazi-P,231.0,0.8996309963099625,27.7,0.10221402214022139,0,1,30
Math,42,Random,271.0,0.5175891758917589,131.23333333333332,0.48425584255842563,0,1,30
Math,43,Ekstazi,53.0,0.9333333333333329,18.7,0.06849816849816848,0,1,30
Math,43,FAST,273.0,0.8783882783882782,33.7,0.12344322344322345,0,1,30
Math,43,Ekstazi+dpt,53.0,0.9509157509157503,13.9,0.05091575091575094,0,1,30
Math,43,DPT,273.0,0.9334554334554329,18.666666666666668,0.06837606837606837,0,1,30
Math,43,STARTS,143.0,0.8264957264957261,47.86666666666667,0.17533577533577535,0,1,30
Math,43,STARTS+FAST-S,143.0,0.915506715506715,23.566666666666666,0.08632478632478632,0,1,30
Math,43,STARTS+FAST-P,143.0,0.9161172161172156,23.4,0.08571428571428572,0,1,30
Math,43,STARTS+DPT,143.0,0.9433455433455428,15.966666666666667,0.0584859584859585,0,1,30
Math,43,Fastazi-S,53.0,0.9741147741147734,7.566666666666666,0.027716727716727722,0,1,30
Math,43,Fastazi-P,53.0,0.9684981684981678,9.1,0.03333333333333333,0,1,30
Math,43,Random,273.0,0.66007326007326,93.3,0.34175824175824165,0,1,30
Math,44,Ekstazi,239.0,0.5113939393939393,134.86666666666667,0.49042424242424254,0,1,30
Math,44,FAST,275.0,0.3063030303030303,191.26666666666668,0.695515151515152,0,1,30
Math,44,Ekstazi+dpt,239.0,0.8427878787878788,43.733333333333334,0.15903030303030305,0,1,30
Math,44,DPT,275.0,0.8363636363636366,45.5,0.1654545454545455,0,1,30
Math,44,STARTS,244.0,0.5339393939393938,128.66666666666666,0.4678787878787877,0,1,30
Math,44,STARTS+FAST-S,244.0,0.4338181818181817,156.2,0.5679999999999997,0,1,30
Math,44,STARTS+FAST-P,244.0,0.4339393939393936,156.16666666666666,0.5678787878787875,0,1,30
Math,44,STARTS+DPT,244.0,0.8367272727272729,45.4,0.1650909090909091,0,1,30
Math,44,Fastazi-S,239.0,0.3825454545454544,170.3,0.6192727272727268,0,1,30
Math,44,Fastazi-P,239.0,0.38266666666666654,170.26666666666668,0.6191515151515147,0,1,30
Math,44,Random,275.0,0.38363636363636366,170.0,0.6181818181818183,0,1,30
Math,45,Ekstazi,239.0,0.6379227053140097,100.43333333333334,0.363888888888889,0,1,30
Math,45,FAST,276.0,0.05229468599033813,262.06666666666666,0.94951690821256,0,1,30
Math,45,Ekstazi+dpt,239.0,0.9147342995169087,24.033333333333335,0.08707729468599035,0,1,30
Math,45,DPT,276.0,0.9072463768115945,26.1,0.09456521739130438,0,1,30
Math,45,STARTS,245.0,0.5214975845410629,132.56666666666666,0.4803140096618358,0,1,30
Math,45,STARTS+FAST-S,245.0,0.20458937198067628,220.03333333333333,0.7972222222222227,0,1,30
Math,45,STARTS+FAST-P,245.0,0.20471014492753617,220.0,0.7971014492753629,0,1,30
Math,45,STARTS+DPT,245.0,0.9079710144927537,25.9,0.09384057971014495,0,1,30
Math,45,Fastazi-S,239.0,0.1721014492753623,229.0,0.8297101449275363,0,1,30
Math,45,Fastazi-P,239.0,0.17198067632850242,229.03333333333333,0.829830917874396,0,1,30
Math,45,Random,276.0,0.4743961352657005,145.56666666666666,0.5274154589371981,0,1,30
Math,46,Ekstazi,240.0,0.623465703971119,104.8,0.37833935018050546,0,1,30
Math,46,FAST,277.0,0.8039711191335746,54.8,0.1978339350180506,0,1,30
Math,46,Ekstazi+dpt,240.0,0.5540312876052951,124.03333333333333,0.44777376654632944,0,1,30
Math,46,DPT,277.0,0.5567990373044528,123.26666666666667,0.4450060168471718,0,1,30
Math,46,STARTS,247.0,0.5780986762936222,117.36666666666666,0.4237063778580024,0,1,30
Math,46,STARTS+FAST-S,247.0,0.8292418772563178,47.8,0.17256317689530676,0,1,30
Math,46,STARTS+FAST-P,247.0,0.8297232250300844,47.666666666666664,0.17208182912154021,0,1,30
Math,46,STARTS+DPT,247.0,0.5546329723225033,123.86666666666666,0.44717208182912127,0,1,30
Math,46,Fastazi-S,240.0,0.8329723225030087,46.766666666666666,0.16883273164861612,0,1,30
Math,46,Fastazi-P,240.0,0.8333333333333336,46.666666666666664,0.1684717208182912,0,1,30
Math,46,Random,277.0,0.49422382671480136,140.6,0.5075812274368232,0,1,30
Math,47,Ekstazi,244.0,0.6339140534262486,105.56666666666666,0.36782810685249717,0,1,30
Math,47,FAST,287.0,0.4881533101045295,147.4,0.5135888501742158,0,1,30
Math,47,Ekstazi+dpt,244.0,0.5454123112659697,130.96666666666667,0.4563298490127758,0,1,30
Math,47,DPT,287.0,0.5475029036004645,130.36666666666667,0.454239256678281,0,1,30
Math,47,STARTS,258.0,0.5087108013937282,141.5,0.4930313588850174,0,1,30
Math,47,STARTS+FAST-S,258.0,0.5538908246225321,128.53333333333333,0.44785133565621377,0,1,30
Math,47,STARTS+FAST-P,258.0,0.5512195121951221,129.3,0.4505226480836237,0,1,30
Math,47,STARTS+DPT,258.0,0.5443670150987223,131.26666666666668,0.45737514518002337,0,1,30
Math,47,Fastazi-S,244.0,0.5513356562137052,129.26666666666668,0.4504065040650406,0,1,30
Math,47,Fastazi-P,244.0,0.5515679442508713,129.2,0.4501742160278746,0,1,30
Math,47,Random,287.0,0.562020905923345,126.2,0.43972125435540066,0,1,30
Math,48,Ekstazi,165.0,0.7541666666666669,71.3,0.2475694444444444,0,1,30
Math,48,FAST,288.0,0.7768518518518521,64.76666666666667,0.22488425925925937,0,1,30
Math,48,Ekstazi+dpt,165.0,0.8818287037037039,34.53333333333333,0.11990740740740732,0,1,30
Math,48,DPT,288.0,0.868287037037037,38.43333333333333,0.13344907407407408,0,1,30
Math,48,STARTS,253.0,0.5717592592592593,123.83333333333333,0.42997685185185197,0,1,30
Math,48,STARTS+FAST-S,253.0,0.8247685185185184,50.96666666666667,0.17696759259259254,0,1,30
Math,48,STARTS+FAST-P,253.0,0.8188657407407408,52.666666666666664,0.1828703703703703,0,1,30
Math,48,STARTS+DPT,253.0,0.8680555555555555,38.5,0.13368055555555555,0,1,30
Math,48,Fastazi-S,165.0,0.8846064814814819,33.733333333333334,0.11712962962962961,0,1,30
Math,48,Fastazi-P,165.0,0.878935185185185,35.36666666666667,0.12280092592592588,0,1,30
Math,48,Random,288.0,0.475925925925926,151.43333333333334,0.5258101851851851,0,1,30
Math,49,Ekstazi,228.0,0.52512077294686,131.56666666666666,0.4766908212560386,0,1,30
Math,49,FAST,276.0,0.11763285024154585,244.03333333333333,0.8841787439613523,0,1,30
Math,49,Ekstazi+dpt,228.0,0.9346618357487925,18.533333333333335,0.06714975845410631,0,1,30
Math,49,DPT,276.0,0.9349033816425122,18.466666666666665,0.06690821256038651,0,1,30
Math,49,STARTS,243.0,0.61280193236715,107.36666666666666,0.38900966183574887,0,1,30
Math,49,STARTS+FAST-S,243.0,0.20471014492753617,220.0,0.7971014492753629,0,1,30
Math,49,STARTS+FAST-P,243.0,0.19746376811594207,222.0,0.8043478260869569,0,1,30
Math,49,STARTS+DPT,243.0,0.9346618357487924,18.533333333333335,0.06714975845410631,0,1,30
Math,49,Fastazi-S,228.0,0.27729468599033835,199.96666666666667,0.7245169082125605,0,1,30
Math,49,Fastazi-P,228.0,0.2735507246376814,201.0,0.7282608695652175,0,1,30
Math,49,Random,276.0,0.4996376811594203,138.6,0.5021739130434782,0,1,30
Math,50,Ekstazi,235.0,0.4774193548387098,146.3,0.524372759856631,0,1,30
Math,50,FAST,279.0,0.0518518518518519,265.03333333333336,0.949940262843489,0,1,30
Math,50,Ekstazi+dpt,235.0,0.32449223416965356,188.96666666666667,0.6772998805256871,0,1,30
Math,50,DPT,279.0,0.3124253285543608,192.33333333333334,0.6893667861409796,0,1,30
Math,50,STARTS,247.0,0.4561529271206692,152.23333333333332,0.5456391875746717,0,1,30
Math,50,STARTS+FAST-S,247.0,0.21170848267622452,220.43333333333334,0.7900836320191155,0,1,30
Math,50,STARTS+FAST-P,247.0,0.18446833930704892,228.03333333333333,0.817323775388291,0,1,30
Math,50,STARTS+DPT,247.0,0.31684587813620074,191.1,0.6849462365591398,0,1,30
Math,50,Fastazi-S,235.0,0.19510155316606925,225.06666666666666,0.8066905615292708,0,1,30
Math,50,Fastazi-P,235.0,0.19534050179211468,225.0,0.8064516129032253,0,1,30
Math,50,Random,279.0,0.5698924731182795,120.5,0.4318996415770609,0,1,30
Math,51,Ekstazi,212.0,0.6987043580683155,85.76666666666667,0.3030624263839812,0,1,30
Math,51,FAST,283.0,0.41766784452296807,165.3,0.5840989399293288,0,1,30
Math,51,Ekstazi+dpt,212.0,0.8213191990577147,51.06666666666667,0.1804475853945819,0,1,30
Math,51,DPT,283.0,0.8193168433451117,51.63333333333333,0.18244994110718496,0,1,30
Math,51,STARTS,234.0,0.5181389870435807,136.86666666666667,0.48362779740871614,0,1,30
Math,51,STARTS+FAST-S,234.0,0.5267373380447586,134.43333333333334,0.47502944640753814,0,1,30
Math,51,STARTS+FAST-P,234.0,0.5310954063604242,133.2,0.47067137809187265,0,1,30
Math,51,STARTS+DPT,234.0,0.8229681978798583,50.6,0.17879858657243822,0,1,30
Math,51,Fastazi-S,212.0,0.5480565371024737,128.4,0.4537102473498231,0,1,30
Math,51,Fastazi-P,212.0,0.5520612485276799,127.26666666666667,0.449705535924617,0,1,30
Math,51,Random,283.0,0.5058892815076562,140.33333333333334,0.49587750294464067,0,1,30
Math,52,Ekstazi,234.0,0.6200704225352113,108.4,0.3816901408450704,0,1,30
Math,52,FAST,284.0,0.5593896713615025,125.63333333333334,0.44237089201877927,0,1,30
Math,52,Ekstazi+dpt,234.0,0.4392018779342722,159.76666666666668,0.5625586854460093,0,1,30
Math,52,DPT,284.0,0.44025821596244125,159.46666666666667,0.5615023474178403,0,1,30
Math,52,STARTS,250.0,0.49025821596244135,145.26666666666668,0.5115023474178403,0,1,30
Math,52,STARTS+FAST-S,250.0,0.6328638497652582,104.76666666666667,0.36889671361502346,0,1,30
Math,52,STARTS+FAST-P,250.0,0.6464788732394368,100.9,0.3552816901408452,0,1,30
Math,52,STARTS+DPT,250.0,0.4388497652582159,159.86666666666667,0.5629107981220656,0,1,30
Math,52,Fastazi-S,234.0,0.6186619718309859,108.8,0.38309859154929576,0,1,30
Math,52,Fastazi-P,234.0,0.6194835680751175,108.56666666666666,0.38227699530516435,0,1,30
Math,52,Random,284.0,0.5457746478873239,129.5,0.4559859154929577,0,1,30
Math,53,Ekstazi,226.0,0.5960233918128657,115.63333333333334,0.4057309941520467,0,1,30
Math,53,FAST,285.0,0.43953216374269016,160.23333333333332,0.5622222222222223,0,1,30
Math,53,Ekstazi+dpt,226.0,0.464327485380117,153.16666666666666,0.5374269005847954,0,1,30
Math,53,DPT,285.0,0.4410526315789475,159.8,0.5607017543859649,0,1,30
Math,53,STARTS,251.0,0.5642105263157892,124.7,0.4375438596491229,0,1,30
Math,53,STARTS+FAST-S,251.0,0.4676023391812865,152.23333333333332,0.5341520467836258,0,1,30
Math,53,STARTS+FAST-P,251.0,0.4713450292397661,151.16666666666666,0.530409356725146,0,1,30
Math,53,STARTS+DPT,251.0,0.44152046783625737,159.66666666666666,0.5602339181286549,0,1,30
Math,53,Fastazi-S,226.0,0.4787134502923978,149.06666666666666,0.5230409356725149,0,1,30
Math,53,Fastazi-P,226.0,0.5412865497076024,131.23333333333332,0.4604678362573097,0,1,30
Math,53,Random,285.0,0.6017543859649123,114.0,0.39999999999999997,0,1,30
Math,54,Ekstazi,7.0,0.9883040935672517,3.8333333333333335,0.013450292397660824,0,1,30
Math,54,FAST,285.0,0.3644444444444446,181.63333333333333,0.6373099415204677,0,1,30
Math,54,Ekstazi+dpt,7.0,0.984210526315789,5.0,0.01754385964912281,0,1,30
Math,54,DPT,285.0,0.2209356725146199,222.53333333333333,0.7808187134502923,0,1,30
Math,54,STARTS,8.0,0.9887719298245613,3.7,0.012982456140350878,0,1,30
Math,54,STARTS+FAST-S,8.0,0.9761403508771926,7.3,0.025614035087719287,0,1,30
Math,54,STARTS+FAST-P,8.0,0.9736842105263153,8.0,0.028070175438596474,0,1,30
Math,54,STARTS+DPT,8.0,0.984210526315789,5.0,0.01754385964912281,0,1,30
Math,54,Fastazi-S,7.0,0.9870175438596488,4.2,0.01473684210526316,0,1,30
Math,54,Fastazi-P,7.0,0.9771929824561408,7.0,0.024561403508771926,0,1,30
Math,54,Random,285.0,0.4342690058479531,161.73333333333332,0.5674853801169591,0,1,30
Math,55,Ekstazi,200.0,0.6862268518518516,90.86666666666666,0.31550925925925916,0,1,30
Math,55,FAST,288.0,0.3032407407407408,201.16666666666666,0.6984953703703706,0,1,30
Math,55,Ekstazi+dpt,200.0,0.3287037037037038,193.83333333333334,0.6730324074074076,0,1,30
Math,55,DPT,288.0,0.1892361111111111,234.0,0.8125,0,1,30
Math,55,STARTS,256.0,0.5597222222222221,127.3,0.4420138888888888,0,1,30
Math,55,STARTS+FAST-S,256.0,0.3032407407407408,201.16666666666666,0.6984953703703705,0,1,30
Math,55,STARTS+FAST-P,256.0,0.30671296296296297,200.16666666666666,0.695023148148148,0,1,30
Math,55,STARTS+DPT,256.0,0.20104166666666662,230.6,0.8006944444444444,0,1,30
Math,55,Fastazi-S,200.0,0.5050925925925928,143.03333333333333,0.49664351851851885,0,1,30
Math,55,Fastazi-P,200.0,0.508449074074074,142.06666666666666,0.49328703703703697,0,1,30
Math,55,Random,288.0,0.5015046296296296,144.06666666666666,0.5002314814814814,0,1,30
Math,56,Ekstazi,262.0,0.6024122807017545,121.36666666666666,0.3992324561403508,0,1,30
Math,56,FAST,304.0,0.799342105263158,61.5,0.20230263157894737,0,1,30
Math,56,Ekstazi+dpt,262.0,0.3816885964912281,188.46666666666667,0.6199561403508772,0,1,30
Math,56,DPT,304.0,0.37565789473684214,190.3,0.6259868421052631,0,1,30
Math,56,STARTS,275.0,0.6216008771929825,115.53333333333333,0.38004385964912285,0,1,30
Math,56,STARTS+FAST-S,275.0,0.17763157894736833,250.5,0.824013157894737,0,1,30
Math,56,STARTS+FAST-P,275.0,0.1493421052631578,259.1,0.8523026315789476,0,1,30
Math,56,STARTS+DPT,275.0,0.3743421052631579,190.7,0.6273026315789474,0,1,30
Math,56,Fastazi-S,262.0,0.8312499999999999,51.8,0.17039473684210535,0,1,30
Math,56,Fastazi-P,262.0,0.8321271929824563,51.53333333333333,0.16951754385964918,0,1,30
Math,56,Random,304.0,0.4730263157894737,160.7,0.5286184210526316,0,1,30
Math,57,Ekstazi,243.0,0.6474812433011788,110.13333333333334,0.35412647374062156,0,1,30
Math,57,FAST,311.0,0.5962486602357985,126.06666666666666,0.40535905680600215,0,1,30
Math,57,Ekstazi+dpt,243.0,0.43729903536977494,175.5,0.5643086816720257,0,1,30
Math,57,DPT,311.0,0.3897106109324758,190.3,0.6118971061093247,0,1,30
Math,57,STARTS,279.0,0.4803858520900322,162.1,0.5212218649517685,0,1,30
Math,57,STARTS+FAST-S,279.0,0.6394426580921759,112.63333333333334,0.3621650589496249,0,1,30
Math,57,STARTS+FAST-P,279.0,0.6404072883172562,112.33333333333333,0.36120042872454444,0,1,30
Math,57,STARTS+DPT,279.0,0.38745980707395505,191.0,0.6141479099678457,0,1,30
Math,57,Fastazi-S,243.0,0.6593783494105039,106.43333333333334,0.3422293676312969,0,1,30
Math,57,Fastazi-P,243.0,0.6710610932475886,102.8,0.3305466237942121,0,1,30
Math,57,Random,311.0,0.41854233654876744,181.33333333333334,0.5830653804930334,0,1,30
Math,58,Ekstazi,230.0,0.6172008547008545,119.93333333333334,0.38440170940170937,0,1,30
Math,58,FAST,312.0,0.5834401709401712,130.46666666666667,0.4181623931623933,0,1,30
Math,58,Ekstazi+dpt,230.0,0.7363247863247863,82.76666666666667,0.26527777777777783,0,1,30
Math,58,DPT,312.0,0.7295940170940173,84.86666666666666,0.2720085470085471,0,1,30
Math,58,STARTS,277.0,0.5755341880341881,132.93333333333334,0.426068376068376,0,1,30
Math,58,STARTS+FAST-S,277.0,0.16185897435897442,262.0,0.8397435897435901,0,1,30
Math,58,STARTS+FAST-P,277.0,0.16185897435897442,262.0,0.8397435897435901,0,1,30
Math,58,STARTS+DPT,277.0,0.728525641025641,85.2,0.2730769230769231,0,1,30
Math,58,Fastazi-S,230.0,0.6668803418803415,104.43333333333334,0.33472222222222225,0,1,30
Math,58,Fastazi-P,230.0,0.6672008547008544,104.33333333333333,0.33440170940170943,0,1,30
Math,58,Random,312.0,0.5917735042735043,127.86666666666666,0.40982905982905987,0,1,30
Math,59,Ekstazi,59.0,0.9188034188034189,25.833333333333332,0.08279914529914528,0,1,30
Math,59,FAST,312.0,0.5834401709401712,130.46666666666667,0.4181623931623932,0,1,30
Math,59,Ekstazi+dpt,59.0,0.8990384615384609,32.0,0.10256410256410262,0,1,30
Math,59,DPT,312.0,0.7551282051282053,76.9,0.24647435897435896,0,1,30
Math,59,STARTS,101.0,0.8527777777777779,46.43333333333333,0.1488247863247863,0,1,30
Math,59,STARTS+FAST-S,101.0,0.8527777777777783,46.43333333333333,0.1488247863247863,0,1,30
Math,59,STARTS+FAST-P,101.0,0.8469017094017091,48.266666666666666,0.15470085470085468,0,1,30
Math,59,STARTS+DPT,101.0,0.8333333333333337,52.5,0.16826923076923075,0,1,30
Math,59,Fastazi-S,59.0,0.8971153846153842,32.6,0.10448717948717953,0,1,30
Math,59,Fastazi-P,59.0,0.8958333333333329,33.0,0.10576923076923081,0,1,30
Math,59,Random,312.0,0.4780982905982906,163.33333333333334,0.5235042735042735,0,1,30
Math,60,Ekstazi,5.0,0.9920940170940169,2.966666666666667,0.009508547008547008,0,1,30
Math,60,FAST,312.0,0.14551282051282058,267.1,0.8560897435897431,0,1,30
Math,60,Ekstazi+dpt,5.0,0.9983974358974353,1.0,0.0032051282051282068,0,1,30
Math,60,DPT,312.0,0.9614316239316241,12.533333333333333,0.040170940170940174,0,1,30
Math,60,STARTS,9.0,0.9892094017094016,3.8666666666666667,0.012393162393162396,0,1,30
Math,60,STARTS+FAST-S,9.0,0.9868589743589744,4.6,0.014743589743589742,0,1,30
Math,60,STARTS+FAST-P,9.0,0.9727564102564098,9.0,0.02884615384615385,0,1,30
Math,60,STARTS+DPT,9.0,0.9983974358974353,1.0,0.0032051282051282068,0,1,30
Math,60,Fastazi-S,5.0,0.9877136752136753,4.333333333333333,0.013888888888888886,0,1,30
Math,60,Fastazi-P,5.0,0.9855769230769232,5.0,0.016025641025641024,0,1,30
Math,60,Random,312.0,0.5279914529914529,147.76666666666668,0.4736111111111112,0,1,30
Math,61,Ekstazi,209.0,0.5747634069400631,135.3,0.426813880126183,0,1,30
Math,61,FAST,317.0,0.5898002103049421,130.53333333333333,0.4117770767613038,0,1,30
Math,61,Ekstazi+dpt,209.0,0.756887486855941,77.56666666666666,0.24468980021030504,0,1,30
Math,61,DPT,317.0,0.7501577287066244,79.7,0.2514195583596216,0,1,30
Math,61,STARTS,258.0,0.6009463722397476,127.0,0.4006309148264985,0,1,30
Math,61,STARTS+FAST-S,258.0,0.6597266035751841,108.36666666666666,0.3418506834910619,0,1,30
Math,61,STARTS+FAST-P,258.0,0.6592008412197686,108.53333333333333,0.3423764458464772,0,1,30
Math,61,STARTS+DPT,258.0,0.7514195583596214,79.3,0.2501577287066247,0,1,30
Math,61,Fastazi-S,209.0,0.7151419558359621,90.8,0.2864353312302839,0,1,30
Math,61,Fastazi-P,209.0,0.7165089379600419,90.36666666666666,0.28506834910620404,0,1,30
Math,61,Random,317.0,0.5035751840168244,157.86666666666667,0.4980021030494216,0,1,30
Math,62,Ekstazi,193.0,0.6887486855941114,99.16666666666667,0.31282860147213465,0,1,30
Math,62,FAST,317.0,0.7944269190325975,65.66666666666667,0.20715036803364867,0,1,30
Math,62,Ekstazi+dpt,193.0,0.49547844374342787,160.43333333333334,0.5060988433228181,0,1,30
Math,62,DPT,317.0,0.34206098843322813,209.06666666666666,0.659516298633018,0,1,30
Math,62,STARTS,281.0,0.5233438485804415,151.6,0.47823343848580446,0,1,30
Math,62,STARTS+FAST-S,281.0,0.8381703470031544,51.8,0.16340694006309145,0,1,30
Math,62,STARTS+FAST-P,281.0,0.8384858044164036,51.7,0.16309148264984222,0,1,30
Math,62,STARTS+DPT,281.0,0.3457413249211357,207.9,0.6558359621451105,0,1,30
Math,62,Fastazi-S,193.0,0.8698212407991588,41.766666666666666,0.13175604626708734,0,1,30
Math,62,Fastazi-P,193.0,0.8706624605678233,41.5,0.13091482649842276,0,1,30
Math,62,Random,317.0,0.4413249211356467,177.6,0.5602523659305992,0,1,30
Math,63,Ekstazi,9.0,0.9849631966351209,5.266666666666667,0.01661409043112513,0,1,30
Math,63,FAST,317.0,0.7935856992639331,65.93333333333334,0.20799158780231322,0,1,30
Math,63,Ekstazi+dpt,9.0,0.9905362776025236,3.5,0.011041009463722395,0,1,30
Math,63,DPT,317.0,0.3434279705573081,208.63333333333333,0.6581493165089379,0,1,30
Math,63,STARTS,107.0,0.8308096740273395,54.13333333333333,0.17076761303890636,0,1,30
Math,63,STARTS+FAST-S,107.0,0.9272344900105157,23.566666666666666,0.07434279705573081,0,1,30
Math,63,STARTS+FAST-P,107.0,0.9213459516298633,25.433333333333334,0.08023133543638274,0,1,30
Math,63,STARTS+DPT,107.0,0.7519453207150366,79.13333333333334,0.24963196635120932,0,1,30
Math,63,Fastazi-S,9.0,0.994321766561514,2.3,0.0072555205047318575,0,1,30
Math,63,Fastazi-P,9.0,0.992008412197687,3.033333333333333,0.009568874868559408,0,1,30
Math,63,Random,317.0,0.49621451104100955,160.2,0.5053627760252365,0,1,30
Math,64,Ekstazi,279.0,0.5917440660474717,132.36666666666667,0.40980392156862744,0,1,30
Math,64,FAST,323.0,0.6312693498452012,119.6,0.3702786377708978,0,1,30
Math,64,Ekstazi+dpt,279.0,0.27781217750258,233.76666666666668,0.7237358101135192,0,1,30
Math,64,DPT,323.0,0.26687306501547986,237.3,0.7346749226006193,0,1,30
Math,64,STARTS,289.0,0.551702786377709,145.3,0.44984520123839017,0,1,30
Math,64,STARTS+FAST-S,289.0,0.6684210526315791,107.6,0.3331269349845201,0,1,30
Math,64,STARTS+FAST-P,289.0,0.6685242518059855,107.56666666666666,0.3330237358101135,0,1,30
Math,64,STARTS+DPT,289.0,0.2675954592363261,237.06666666666666,0.7339525283797731,0,1,30
Math,64,Fastazi-S,279.0,0.6784313725490196,104.36666666666666,0.32311661506707956,0,1,30
Math,64,Fastazi-P,279.0,0.6780185758513931,104.5,0.3235294117647059,0,1,30
Math,64,Random,323.0,0.4782249742002066,169.03333333333333,0.5233230134158927,0,1,30
Math,65,Ekstazi,284.0,0.5542682926829268,146.7,0.44725609756097556,0,1,30
Math,65,FAST,328.0,0.204979674796748,261.26666666666665,0.7965447154471545,0,1,30
Math,65,Ekstazi+dpt,284.0,0.8413617886178861,52.53333333333333,0.16016260162601623,0,1,30
Math,65,DPT,328.0,0.841869918699187,52.36666666666667,0.1596544715447154,0,1,30
Math,65,STARTS,292.0,0.5260162601626016,155.96666666666667,0.47550813008130083,0,1,30
Math,65,STARTS+FAST-S,292.0,0.12042682926829272,289.0,0.8810975609756102,0,1,30
Math,65,STARTS+FAST-P,292.0,0.12042682926829272,289.0,0.8810975609756102,0,1,30
Math,65,STARTS+DPT,292.0,0.8410569105691057,52.63333333333333,0.16046747967479674,0,1,30
Math,65,Fastazi-S,284.0,0.3026422764227643,229.23333333333332,0.6988821138211383,0,1,30
Math,65,Fastazi-P,284.0,0.30569105691056925,228.23333333333332,0.6958333333333334,0,1,30
Math,65,Random,328.0,0.5275406504065041,155.46666666666667,0.47398373983739833,0,1,30
Math,66,Ekstazi,286.0,0.7130522088353415,95.76666666666667,0.2884538152610441,0,1,30
Math,66,FAST,332.0,0.9477911646586346,17.833333333333332,0.053714859437751006,0,1,30
Math,66,Ekstazi+dpt,286.0,0.7035140562248995,98.93333333333334,0.2979919678714859,0,1,30
Math,66,DPT,332.0,0.7060240963855421,98.1,0.2954819277108435,0,1,30
Math,66,STARTS,296.0,0.6968875502008031,101.13333333333334,0.30461847389558233,0,1,30
Math,66,STARTS+FAST-S,296.0,0.9695783132530121,10.6,0.031927710843373494,0,1,30
Math,66,STARTS+FAST-P,296.0,0.9698795180722893,10.5,0.03162650602409639,0,1,30
Math,66,STARTS+DPT,296.0,0.702309236947791,99.33333333333333,0.2991967871485943,0,1,30
Math,66,Fastazi-S,286.0,0.9527108433734937,16.2,0.04879518072289155,0,1,30
Math,66,Fastazi-P,286.0,0.9539156626506026,15.8,0.047590361445783116,0,1,30
Math,66,Random,332.0,0.6683734939759035,110.6,0.33313253012048183,0,1,30
Math,67,Ekstazi,173.0,0.7104104104104105,96.93333333333334,0.291091091091091,0,1,30
Math,67,FAST,333.0,0.8072072072072075,64.7,0.1942942942942943,0,1,30
Math,67,Ekstazi+dpt,173.0,0.7683683683683682,77.63333333333334,0.23313313313313314,0,1,30
Math,67,DPT,333.0,0.7026026026026025,99.53333333333333,0.29889889889889887,0,1,30
Math,67,STARTS,237.0,0.7180180180180181,94.4,0.28348348348348357,0,1,30
Math,67,STARTS+FAST-S,237.0,0.8491491491491492,50.733333333333334,0.15235235235235225,0,1,30
Math,67,STARTS+FAST-P,237.0,0.8496496496496497,50.56666666666667,0.15185185185185177,0,1,30
Math,67,STARTS+DPT,237.0,0.7217217217217217,93.16666666666667,0.27977977977977975,0,1,30
Math,67,Fastazi-S,173.0,0.8882882882882887,37.7,0.11321321321321319,0,1,30
Math,67,Fastazi-P,173.0,0.8898898898898899,37.166666666666664,0.11161161161161164,0,1,30
Math,67,Random,333.0,0.5408408408408409,153.4,0.4606606606606606,0,1,30
Math,68,Ekstazi,72.0,0.8964964964964964,34.96666666666667,0.10500500500500501,0,1,30
Math,68,FAST,333.0,0.20230230230230226,266.1333333333333,0.7991991991991994,0,1,30
Math,68,Ekstazi+dpt,72.0,0.868868868868869,44.166666666666664,0.13263263263263264,0,1,30
Math,68,DPT,333.0,0.6500500500500498,117.03333333333333,0.3514514514514514,0,1,30
Math,68,STARTS,75.0,0.8769769769769767,41.46666666666667,0.12452452452452455,0,1,30
Math,68,STARTS+FAST-S,75.0,0.8524524524524522,49.63333333333333,0.1490490490490491,0,1,30
Math,68,STARTS+FAST-P,75.0,0.8243243243243239,59.0,0.17717717717717726,0,1,30
Math,68,STARTS+DPT,75.0,0.863063063063063,46.1,0.1384384384384384,0,1,30
Math,68,Fastazi-S,72.0,0.8360360360360359,55.1,0.16546546546546542,0,1,30
Math,68,Fastazi-P,72.0,0.8270270270270276,58.1,0.1744744744744745,0,1,30
Math,68,Random,333.0,0.5336336336336337,155.8,0.46786786786786777,0,1,30
Math,69,Ekstazi,154.0,0.7504504504504506,83.6,0.2510510510510511,0,1,30
Math,69,FAST,333.0,0.2796796796796796,240.36666666666667,0.7218218218218218,0,1,30
Math,69,Ekstazi+dpt,154.0,0.8675675675675676,44.6,0.13393393393393394,0,1,30
Math,69,DPT,333.0,0.8431431431431434,52.733333333333334,0.15835835835835835,0,1,30
Math,69,STARTS,245.0,0.5900900900900901,137.0,0.4114114114114114,0,1,30
Math,69,STARTS+FAST-S,245.0,0.4874874874874877,171.16666666666666,0.5140140140140141,0,1,30
Math,69,STARTS+FAST-P,245.0,0.5045045045045048,165.5,0.49699699699699706,0,1,30
Math,69,STARTS+DPT,245.0,0.844044044044044,52.43333333333333,0.15745745745745748,0,1,30
Math,69,Fastazi-S,154.0,0.6784784784784789,107.56666666666666,0.323023023023023,0,1,30
Math,69,Fastazi-P,154.0,0.6703703703703703,110.26666666666667,0.3311311311311311,0,1,30
Math,69,Random,333.0,0.5395395395395395,153.83333333333334,0.461961961961962,0,1,30
Math,70,Ekstazi,157.0,0.7668662674650698,78.36666666666666,0.23463073852295405,0,1,30
Math,70,FAST,334.0,0.5984031936127745,134.63333333333333,0.40309381237524927,0,1,30
Math,70,Ekstazi+dpt,157.0,0.9396207584830341,20.666666666666668,0.061876247504990024,0,1,30
Math,70,DPT,334.0,0.934231536926148,22.466666666666665,0.06726546906187622,0,1,30
Math,70,STARTS,166.0,0.7315369261477045,90.16666666666667,0.26996007984031933,0,1,30
Math,70,STARTS+FAST-S,166.0,0.5433133732534933,153.03333333333333,0.4581836327345313,0,1,30
Math,70,STARTS+FAST-P,166.0,0.5433133732534933,153.03333333333333,0.4581836327345313,0,1,30
Math,70,STARTS+DPT,166.0,0.9401197604790422,20.5,0.06137724550898204,0,1,30
Math,70,Fastazi-S,157.0,0.8018962075848304,66.66666666666667,0.19960079840319353,0,1,30
Math,70,Fastazi-P,157.0,0.7999001996007985,67.33333333333333,0.20159680638722544,0,1,30
Math,70,Random,334.0,0.5112774451097805,163.73333333333332,0.4902195608782435,0,1,30
Math,71,Ekstazi,1.0,0.9985029940119754,1.0,0.002994011976047904,0,1,30
Math,71,FAST,334.0,0.8436127744510981,52.733333333333334,0.1578842315369262,0,1,30
Math,71,Ekstazi+dpt,1.0,0.9985029940119754,1.0,0.002994011976047904,0,1,30
Math,71,DPT,334.0,0.8907185628742517,37.0,0.11077844311377251,0,1,30
Math,71,STARTS,2.0,0.9969061876247505,1.5333333333333334,0.004590818363273453,0,1,30
Math,71,STARTS+FAST-S,2.0,0.9963073852295408,1.7333333333333334,0.005189620758483034,0,1,30
Math,71,STARTS+FAST-P,2.0,0.9985029940119754,1.0,0.002994011976047904,0,1,30
Math,71,STARTS+DPT,2.0,0.9985029940119754,1.0,0.002994011976047904,0,1,30
Math,71,Fastazi-S,1.0,0.9985029940119754,1.0,0.002994011976047904,0,1,30
Math,71,Fastazi-P,1.0,0.9985029940119754,1.0,0.002994011976047904,0,1,30
Math,71,Random,334.0,0.5115768463073853,163.63333333333333,0.48992015968063873,0,1,30
Math,72,Ekstazi,245.0,0.6551622418879056,117.4,0.3463126843657817,0,1,30
Math,72,FAST,339.0,0.7993117010816129,68.53333333333333,0.20216322517207472,0,1,30
Math,72,Ekstazi+dpt,245.0,0.39056047197640115,207.1,0.6109144542772863,0,1,30
Math,72,DPT,339.0,0.3065880039331367,235.56666666666666,0.6948869223205507,0,1,30
Math,72,STARTS,303.0,0.5286135693215338,160.3,0.47286135693215336,0,1,30
Math,72,STARTS+FAST-S,303.0,0.7001966568338251,102.13333333333334,0.3012782694198623,0,1,30
Math,72,STARTS+FAST-P,303.0,0.8347099311701078,56.53333333333333,0.1667649950835792,0,1,30
Math,72,STARTS+DPT,303.0,0.3101278269419863,234.36666666666667,0.691347099311701,0,1,30
Math,72,Fastazi-S,245.0,0.845919370698132,52.733333333333334,0.15555555555555556,0,1,30
Math,72,Fastazi-P,245.0,0.8497541789577184,51.43333333333333,0.15172074729596854,0,1,30
Math,72,Random,339.0,0.503244837758112,168.9,0.4982300884955753,0,1,30
Math,73,Ekstazi,267.0,0.6934119960668633,104.43333333333334,0.308062930186824,0,1,30
Math,73,FAST,339.0,0.5076696165191743,167.4,0.4938053097345134,0,1,30
Math,73,Ekstazi+dpt,267.0,0.4139626352015732,199.16666666666666,0.5875122910521142,0,1,30
Math,73,DPT,339.0,0.4019665683382497,203.23333333333332,0.5995083579154376,0,1,30
Math,73,STARTS,281.0,0.5342182890855457,158.4,0.4672566371681416,0,1,30
Math,73,STARTS+FAST-S,281.0,0.24926253687315644,255.0,0.7522123893805313,0,1,30
Math,73,STARTS+FAST-P,281.0,0.2488692232055065,255.13333333333333,0.7526057030481811,0,1,30
Math,73,STARTS+DPT,281.0,0.4064896755162241,201.7,0.5949852507374632,0,1,30
Math,73,Fastazi-S,267.0,0.6020648967551623,135.4,0.399410029498525,0,1,30
Math,73,Fastazi-P,267.0,0.6021632251720747,135.36666666666667,0.39931170108161246,0,1,30
Math,73,Random,339.0,0.5644051130776795,148.16666666666666,0.43706981317600785,0,1,30
Math,74,Ekstazi,309.0,0.5182890855457228,163.8,0.4831858407079645,0,1,30
Math,74,FAST,339.0,0.8391347099311706,55.03333333333333,0.1623402163225172,0,1,30
Math,74,Ekstazi+dpt,309.0,0.34051130776794486,224.06666666666666,0.6609636184857425,0,1,30
Math,74,DPT,339.0,0.3420845624385447,223.53333333333333,0.6593903638151425,0,1,30
Math,74,STARTS,309.0,0.5657817109144542,147.7,0.43569321533923305,0,1,30
Math,74,STARTS+FAST-S,309.0,0.8163225172074725,62.766666666666666,0.1851524090462143,0,1,30
Math,74,STARTS+FAST-P,309.0,0.817502458210423,62.36666666666667,0.18397246804326453,0,1,30
Math,74,STARTS+DPT,309.0,0.34237954768928225,223.43333333333334,0.6590953785644051,0,1,30
Math,74,Fastazi-S,309.0,0.8423795476892822,53.93333333333333,0.15909537856440512,0,1,30
Math,74,Fastazi-P,309.0,0.8426745329400197,53.833333333333336,0.15880039331366763,0,1,30
Math,74,Random,339.0,0.4740412979351033,178.8,0.527433628318584,0,1,30
Math,75,Ekstazi,7.0,0.9889872173058015,4.233333333333333,0.012487708947885938,0,1,30
Math,75,FAST,339.0,0.284070796460177,243.2,0.7174041297935101,0,1,30
Math,75,Ekstazi+dpt,7.0,0.9985250737463122,1.0,0.0029498525073746312,0,1,30
Math,75,DPT,339.0,0.74070796460177,88.4,0.2607669616519174,0,1,30
Math,75,STARTS,7.0,0.9904621435594888,3.7333333333333334,0.011012782694198624,0,1,30
Math,75,STARTS+FAST-S,7.0,0.9962635201573252,1.7666666666666666,0.005211406096361849,0,1,30
Math,75,STARTS+FAST-P,7.0,0.9837758112094399,6.0,0.0176991150442478,0,1,30
Math,75,STARTS+DPT,7.0,0.9985250737463122,1.0,0.0029498525073746312,0,1,30
Math,75,Fastazi-S,7.0,0.9959685349065878,1.8666666666666667,0.0055063913470993105,0,1,30
Math,75,Fastazi-P,7.0,0.9837758112094399,6.0,0.0176991150442478,0,1,30
Math,75,Random,339.0,0.5400196656833826,156.43333333333334,0.46145526057030484,0,1,30
Math,76,Ekstazi,260.0,0.6004887585532747,136.73333333333332,0.40097751710654944,0,1,30
Math,76,FAST,341.0,0.04252199413489732,327.0,0.9589442815249275,0,1,30
Math,76,Ekstazi+dpt,260.0,0.707820136852395,100.13333333333334,0.29364613880742907,0,1,30
Math,76,DPT,341.0,0.7060606060606062,100.73333333333333,0.2954056695992179,0,1,30
Math,76,STARTS,282.0,0.5643206256109482,149.06666666666666,0.437145650048876,0,1,30
Math,76,STARTS+FAST-S,282.0,0.8492668621700877,51.9,0.15219941348973604,0,1,30
Math,76,STARTS+FAST-P,282.0,0.8497556207233624,51.733333333333334,0.15171065493646135,0,1,30
Math,76,STARTS+DPT,282.0,0.7069403714565006,100.43333333333334,0.2945259042033234,0,1,30
Math,76,Fastazi-S,260.0,0.26842619745845564,249.96666666666667,0.7330400782013686,0,1,30
Math,76,Fastazi-P,260.0,0.2741935483870969,248.0,0.727272727272727,0,1,30
Math,76,Random,341.0,0.539882697947214,157.4,0.46158357771261,0,1,30
Math,77,Ekstazi,106.0,0.853623188405797,51.0,0.14782608695652172,0,1,30
Math,77,FAST,345.0,0.5099516908212562,169.56666666666666,0.49149758454106257,0,1,30
Math,77,Ekstazi+dpt,106.0,0.9521739130434776,17.0,0.049275362318840596,0,1,30
Math,77,DPT,345.0,0.9447342995169079,19.566666666666666,0.05671497584541063,0,1,30
Math,77,STARTS,205.0,0.7019323671497584,103.33333333333333,0.29951690821256033,0,1,30
Math,77,STARTS+FAST-S,205.0,0.7327536231884062,92.7,0.268695652173913,0,1,30
Math,77,STARTS+FAST-P,205.0,0.7193236714975847,97.33333333333333,0.2821256038647343,0,1,30
Math,77,STARTS+DPT,205.0,0.9448309178743959,19.533333333333335,0.0566183574879227,0,1,30
Math,77,Fastazi-S,106.0,0.8526570048309183,51.333333333333336,0.14879227053140096,0,1,30
Math,77,Fastazi-P,106.0,0.8580676328502419,49.46666666666667,0.14338164251207725,0,1,30
Math,77,Random,345.0,0.38666666666666666,212.1,0.6147826086956522,0,1,30
Math,78,Ekstazi,39.0,0.9647398843930634,12.7,0.03670520231213872,0,1,30
Math,78,FAST,346.0,0.8142581888246629,64.76666666666667,0.1871868978805395,0,1,30
Math,78,Ekstazi+dpt,39.0,0.957514450867052,15.2,0.04393063583815028,0,1,30
Math,78,DPT,346.0,0.8442196531791908,54.4,0.15722543352601162,0,1,30
Math,78,STARTS,127.0,0.8728323699421966,44.5,0.12861271676300579,0,1,30
Math,78,STARTS+FAST-S,127.0,0.9272639691714837,25.666666666666668,0.07418111753371873,0,1,30
Math,78,STARTS+FAST-P,127.0,0.9254335260115606,26.3,0.07601156069364162,0,1,30
Math,78,STARTS+DPT,127.0,0.9270712909441234,25.733333333333334,0.07437379576107901,0,1,30
Math,78,Fastazi-S,39.0,0.9909441233140659,3.6333333333333333,0.0105009633911368,0,1,30
Math,78,Fastazi-P,39.0,0.9809248554913296,7.1,0.02052023121387283,0,1,30
Math,78,Random,346.0,0.7109826589595373,100.5,0.2904624277456647,0,1,30
Math,79,Ekstazi,250.0,0.6273946360153257,130.16666666666666,0.37404214559386967,0,1,30
Math,79,FAST,348.0,0.5604406130268198,153.46666666666667,0.4409961685823755,0,1,30
Math,79,Ekstazi+dpt,250.0,0.5336206896551723,162.8,0.4678160919540229,0,1,30
Math,79,DPT,348.0,0.4642720306513411,186.93333333333334,0.5371647509578544,0,1,30
Math,79,STARTS,308.0,0.5574712643678159,154.5,0.4439655172413793,0,1,30
Math,79,STARTS+FAST-S,308.0,0.5950191570881225,141.43333333333334,0.4064176245210726,0,1,30
Math,79,STARTS+FAST-P,308.0,0.5947318007662834,141.53333333333333,0.4067049808429117,0,1,30
Math,79,STARTS+DPT,308.0,0.46522988505747137,186.6,0.536206896551724,0,1,30
Math,79,Fastazi-S,250.0,0.6810344827586208,111.5,0.32040229885057453,0,1,30
Math,79,Fastazi-P,250.0,0.6814176245210729,111.36666666666666,0.32001915708812245,0,1,30
Math,79,Random,348.0,0.4882183908045975,178.6,0.5132183908045977,0,1,30
Math,80,Ekstazi,35.0,0.9544061302681991,16.366666666666667,0.047030651340996175,0,1,30
Math,80,FAST,348.0,0.9416666666666662,20.8,0.05977011494252873,0,1,30
Math,80,Ekstazi+dpt,35.0,0.9985632183908041,1.0,0.0028735632183908024,0,1,30
Math,80,DPT,348.0,0.9949233716475092,2.2666666666666666,0.006513409961685822,0,1,30
Math,80,STARTS,153.0,0.7657088122605363,82.03333333333333,0.23572796934865903,0,1,30
Math,80,STARTS+FAST-S,153.0,0.9712643678160919,10.5,0.030172413793103467,0,1,30
Math,80,STARTS+FAST-P,153.0,0.967911877394636,11.666666666666666,0.0335249042145594,0,1,30
Math,80,STARTS+DPT,153.0,0.9952107279693482,2.1666666666666665,0.006226053639846741,0,1,30
Math,80,Fastazi-S,35.0,0.9940613026819918,2.566666666666667,0.007375478927203061,0,1,30
Math,80,Fastazi-P,35.0,0.995306513409961,2.1333333333333333,0.006130268199233713,0,1,30
Math,80,Random,348.0,0.49501915708812255,176.23333333333332,0.5064176245210729,0,1,30
Math,81,Ekstazi,310.0,0.5574744661095635,159.36666666666667,0.4439182915506034,0,1,30
Math,81,FAST,359.0,0.8265552460538536,62.766666666666666,0.17483751160631383,0,1,30
Math,81,Ekstazi+dpt,310.0,0.7142989786443827,103.06666666666666,0.28709377901578464,0,1,30
Math,81,DPT,359.0,0.714670380687094,102.93333333333334,0.2867223769730734,0,1,30
Math,81,STARTS,318.0,0.5103992571959144,176.26666666666668,0.49099350046425266,0,1,30
Math,81,STARTS+FAST-S,318.0,0.8289693593314765,61.9,0.17242339832869083,0,1,30
Math,81,STARTS+FAST-P,318.0,0.829619312906221,61.666666666666664,0.17177344475394618,0,1,30
Math,81,STARTS+DPT,318.0,0.7153203342618384,102.7,0.2860724233983288,0,1,30
Math,81,Fastazi-S,310.0,0.6855153203342621,113.4,0.3158774373259054,0,1,30
Math,81,Fastazi-P,310.0,0.840761374187558,57.666666666666664,0.16063138347260916,0,1,30
Math,81,Random,359.0,0.5252553389043639,170.93333333333334,0.47613741875580307,0,1,30
Math,82,Ekstazi,12.0,0.9853296193129062,5.766666666666667,0.016063138347260912,0,1,30
Math,82,FAST,359.0,0.5123491179201485,175.56666666666666,0.4890436397400185,0,1,30
Math,82,Ekstazi+dpt,12.0,0.9763231197771594,9.0,0.025069637883008346,0,1,30
Math,82,DPT,359.0,0.3636954503249767,228.93333333333334,0.6376973073351903,0,1,30
Math,82,STARTS,157.0,0.7714948932219128,82.53333333333333,0.22989786443825447,0,1,30
Math,82,STARTS+FAST-S,157.0,0.8045496750232132,70.66666666666667,0.19684308263695446,0,1,30
Math,82,STARTS+FAST-P,157.0,0.7917363045496754,75.26666666666667,0.20965645311049222,0,1,30
Math,82,STARTS+DPT,157.0,0.663509749303621,121.3,0.33788300835654594,0,1,30
Math,82,Fastazi-S,12.0,0.9927576601671306,3.1,0.008635097493036216,0,1,30
Math,82,Fastazi-P,12.0,0.9902506963788299,4.0,0.011142061281337047,0,1,30
Math,82,Random,359.0,0.45348189415041773,196.7,0.5479108635097494,0,1,30
Math,83,Ekstazi,12.0,0.9815227483751162,7.133333333333334,0.019870009285051074,0,1,30
Math,83,FAST,359.0,0.5123491179201486,175.56666666666666,0.4890436397400186,0,1,30
Math,83,Ekstazi+dpt,12.0,0.9763231197771594,9.0,0.025069637883008346,0,1,30
Math,83,DPT,359.0,0.36378830083565455,228.9,0.6376044568245125,0,1,30
Math,83,STARTS,157.0,0.7460538532961931,91.66666666666667,0.25533890436397405,0,1,30
Math,83,STARTS+FAST-S,157.0,0.8052924791086356,70.4,0.19610027855153198,0,1,30
Math,83,STARTS+FAST-P,157.0,0.791829155060353,75.23333333333333,0.2095636025998144,0,1,30
Math,83,STARTS+DPT,157.0,0.6656453110492105,120.53333333333333,0.3357474466109564,0,1,30
Math,83,Fastazi-S,12.0,0.9933147632311975,2.9,0.008077994428969365,0,1,30
Math,83,Fastazi-P,12.0,0.9902506963788299,4.0,0.011142061281337047,0,1,30
Math,83,Random,359.0,0.5703806870937792,154.73333333333332,0.4310120705663882,0,1,30
Math,84,Ekstazi,270.0,0.645970695970696,129.36666666666667,0.3554029304029304,0,1,30
Math,84,FAST,364.0,0.7191391941391941,102.73333333333333,0.2822344322344322,0,1,30
Math,84,Ekstazi+dpt,270.0,0.7580586080586081,88.56666666666666,0.24331501831501834,0,1,30
Math,84,DPT,364.0,0.7568681318681317,89.0,0.24450549450549453,0,1,30
Math,84,STARTS,296.0,0.5918498168498171,149.06666666666666,0.4095238095238095,0,1,30
Math,84,STARTS+FAST-S,296.0,0.7634615384615385,86.6,0.23791208791208793,0,1,30
Math,84,STARTS+FAST-P,296.0,0.7640109890109893,86.4,0.23736263736263738,0,1,30
Math,84,STARTS+DPT,296.0,0.7565934065934065,89.1,0.2447802197802198,0,1,30
Math,84,Fastazi-S,270.0,0.6968864468864472,110.83333333333333,0.3044871794871794,0,1,30
Math,84,Fastazi-P,270.0,0.7772893772893774,81.56666666666666,0.22408424908424915,0,1,30
Math,84,Random,364.0,0.49569597069597066,184.06666666666666,0.5056776556776555,0,1,30
Math,85,Ekstazi,267.0,0.6595433789954339,124.76666666666667,0.3418264840182649,0,1,30
Math,85,FAST,365.0,0.9052054794520552,35.1,0.0961643835616438,0,1,30
Math,85,Ekstazi+dpt,267.0,0.9073972602739728,34.3,0.09397260273972602,0,1,30
Math,85,DPT,365.0,0.9081278538812787,34.03333333333333,0.09324200913242012,0,1,30
Math,85,STARTS,323.0,0.6134246575342466,141.6,0.38794520547945216,0,1,30
Math,85,STARTS+FAST-S,323.0,0.7754337899543375,82.46666666666667,0.22593607305936084,0,1,30
Math,85,STARTS+FAST-P,323.0,0.7806392694063924,80.56666666666666,0.220730593607306,0,1,30
Math,85,STARTS+DPT,323.0,0.9070319634703199,34.43333333333333,0.094337899543379,0,1,30
Math,85,Fastazi-S,267.0,0.9268493150684934,27.2,0.07452054794520549,0,1,30
Math,85,Fastazi-P,267.0,0.9273972602739728,27.0,0.07397260273972604,0,1,30
Math,85,Random,365.0,0.5348858447488585,170.26666666666668,0.46648401826484026,0,1,30
Math,86,Ekstazi,261.0,0.6337899543378998,134.16666666666666,0.36757990867579904,0,1,30
Math,86,FAST,365.0,0.9157990867579912,31.233333333333334,0.08557077625570773,0,1,30
Math,86,Ekstazi+dpt,261.0,0.9073059360730596,34.333333333333336,0.09406392694063924,0,1,30
Math,86,DPT,365.0,0.9083105022831054,33.96666666666667,0.09305936073059361,0,1,30
Math,86,STARTS,299.0,0.6729680365296807,119.86666666666666,0.3284018264840183,0,1,30
Math,86,STARTS+FAST-S,299.0,0.9510502283105026,18.366666666666667,0.05031963470319635,0,1,30
Math,86,STARTS+FAST-P,299.0,0.9481278538812782,19.433333333333334,0.05324200913242007,0,1,30
Math,86,STARTS+DPT,299.0,0.9080365296803653,34.06666666666667,0.09333333333333335,0,1,30
Math,86,Fastazi-S,261.0,0.9526027397260275,17.8,0.04876712328767124,0,1,30
Math,86,Fastazi-P,261.0,0.9420091324200912,21.666666666666668,0.059360730593607296,0,1,30
Math,86,Random,365.0,0.44922374429223755,201.53333333333333,0.5521461187214611,0,1,30
Math,87,Ekstazi,87.0,0.9067579908675801,34.53333333333333,0.09461187214611871,0,1,30
Math,87,FAST,365.0,0.6680365296803658,121.66666666666667,0.3333333333333332,0,1,30
Math,87,Ekstazi+dpt,87.0,0.9451141552511415,20.533333333333335,0.05625570776255709,0,1,30
Math,87,DPT,365.0,0.8911415525114157,40.233333333333334,0.11022831050228311,0,1,30
Math,87,STARTS,153.0,0.8493150684931509,55.5,0.1520547945205479,0,1,30
Math,87,STARTS+FAST-S,153.0,0.8727853881278537,46.93333333333333,0.1285844748858447,0,1,30
Math,87,STARTS+FAST-P,153.0,0.8663013698630142,49.3,0.13506849315068498,0,1,30
Math,87,STARTS+DPT,153.0,0.9369863013698634,23.5,0.06438356164383562,0,1,30
Math,87,Fastazi-S,87.0,0.9284931506849319,26.6,0.07287671232876712,0,1,30
Math,87,Fastazi-P,87.0,0.9243835616438354,28.1,0.07698630136986301,0,1,30
Math,87,Random,365.0,0.6405479452054794,131.7,0.36082191780821904,0,1,30
Math,88,Ekstazi,294.0,0.5263586956521741,174.8,0.475,0,1,30
Math,88,FAST,368.0,0.2563405797101448,274.1666666666667,0.7450181159420292,0,1,30
Math,88,Ekstazi+dpt,294.0,0.38152173913043474,228.1,0.6198369565217392,0,1,30
Math,88,DPT,368.0,0.35697463768115945,237.13333333333333,0.6443840579710145,0,1,30
Math,88,STARTS,329.0,0.5679347826086956,159.5,0.4334239130434782,0,1,30
Math,88,STARTS+FAST-S,329.0,0.3428442028985507,242.33333333333334,0.6585144927536234,0,1,30
Math,88,STARTS+FAST-P,329.0,0.3426630434782609,242.4,0.6586956521739132,0,1,30
Math,88,STARTS+DPT,329.0,0.3569746376811594,237.13333333333333,0.6443840579710144,0,1,30
Math,88,Fastazi-S,294.0,0.41666666666666646,215.16666666666666,0.5846920289855074,0,1,30
Math,88,Fastazi-P,294.0,0.41403985507246344,216.13333333333333,0.5873188405797103,0,1,30
Math,88,Random,368.0,0.5312500000000002,173.0,0.4701086956521739,0,1,30
Math,89,Ekstazi,302.0,0.5781981981981981,156.56666666666666,0.4231531531531531,0,1,30
Math,89,FAST,370.0,0.2840540540540541,265.4,0.7172972972972975,0,1,30
Math,89,Ekstazi+dpt,302.0,0.9543243243243239,17.4,0.047027027027027005,0,1,30
Math,89,DPT,370.0,0.9538738738738736,17.566666666666666,0.04747747747747745,0,1,30
Math,89,STARTS,331.0,0.503063063063063,184.36666666666667,0.4982882882882882,0,1,30
Math,89,STARTS+FAST-S,331.0,0.36828828828828813,234.23333333333332,0.6330630630630629,0,1,30
Math,89,STARTS+FAST-P,331.0,0.36801801801801787,234.33333333333334,0.6333333333333333,0,1,30
Math,89,STARTS+DPT,331.0,0.9542342342342338,17.433333333333334,0.047117117117117094,0,1,30
Math,89,Fastazi-S,302.0,0.42486486486486474,213.3,0.5764864864864865,0,1,30
Math,89,Fastazi-P,302.0,0.4221621621621622,214.3,0.579189189189189,0,1,30
Math,89,Random,370.0,0.43144144144144136,210.86666666666667,0.5699099099099099,0,1,30
Math,90,Ekstazi,1.0,0.998648648648648,1.0,0.002702702702702703,0,1,30
Math,90,FAST,370.0,0.2845045045045046,265.23333333333335,0.7168468468468471,0,1,30
Math,90,Ekstazi+dpt,1.0,0.998648648648648,1.0,0.002702702702702703,0,1,30
Math,90,DPT,370.0,0.955405405405405,17.0,0.04594594594594593,0,1,30
Math,90,STARTS,1.0,0.998648648648648,1.0,0.002702702702702703,0,1,30
Math,90,STARTS+FAST-S,1.0,0.998648648648648,1.0,0.002702702702702703,0,1,30
Math,90,STARTS+FAST-P,1.0,0.998648648648648,1.0,0.002702702702702703,0,1,30
Math,90,STARTS+DPT,1.0,0.998648648648648,1.0,0.002702702702702703,0,1,30
Math,90,Fastazi-S,1.0,0.998648648648648,1.0,0.002702702702702703,0,1,30
Math,90,Fastazi-P,1.0,0.998648648648648,1.0,0.002702702702702703,0,1,30
Math,90,Random,370.0,0.4485585585585586,204.53333333333333,0.5527927927927928,0,1,30
Math,91,Ekstazi,84.0,0.8849549549549548,43.06666666666667,0.1163963963963964,0,1,30
Math,91,FAST,370.0,0.28450450450450454,265.23333333333335,0.716846846846847,0,1,30
Math,91,Ekstazi+dpt,84.0,0.9863963963963961,5.533333333333333,0.014954954954954953,0,1,30
Math,91,DPT,370.0,0.9567567567567562,16.5,0.04459459459459459,0,1,30
Math,91,STARTS,212.0,0.7552252252252252,91.06666666666666,0.2461261261261262,0,1,30
Math,91,STARTS+FAST-S,212.0,0.5869369369369372,153.33333333333334,0.4144144144144146,0,1,30
Math,91,STARTS+FAST-P,212.0,0.5795495495495495,156.06666666666666,0.4218018018018019,0,1,30
Math,91,STARTS+DPT,212.0,0.956396396396396,16.633333333333333,0.04495495495495495,0,1,30
Math,91,Fastazi-S,84.0,0.8411711711711706,59.266666666666666,0.16018018018018015,0,1,30
Math,91,Fastazi-P,84.0,0.8360360360360356,61.166666666666664,0.16531531531531526,0,1,30
Math,91,Random,370.0,0.5137837837837836,180.4,0.48756756756756764,0,1,30
Math,92,Ekstazi,80.0,0.8896057347670251,41.56666666666667,0.1117383512544803,0,1,30
Math,92,FAST,372.0,0.11648745519713269,329.1666666666667,0.8848566308243723,0,1,30
Math,92,Ekstazi+dpt,80.0,0.7928315412186381,77.56666666666666,0.20851254480286743,0,1,30
Math,92,DPT,372.0,0.2182795698924732,291.3,0.783064516129032,0,1,30
Math,92,STARTS,188.0,0.7887096774193549,79.1,0.2126344086021506,0,1,30
Math,92,STARTS+FAST-S,188.0,0.5601254480286738,164.13333333333333,0.4412186379928316,0,1,30
Math,92,STARTS+FAST-P,188.0,0.5604838709677419,164.0,0.44086021505376355,0,1,30
Math,92,STARTS+DPT,188.0,0.536379928315412,172.96666666666667,0.46496415770609306,0,1,30
Math,92,Fastazi-S,80.0,0.83163082437276,63.13333333333333,0.16971326164874548,0,1,30
Math,92,Fastazi-P,80.0,0.8211469534050174,67.03333333333333,0.18019713261648737,0,1,30
Math,92,Random,372.0,0.43978494623655917,208.9,0.5615591397849464,0,1,30
Math,93,Ekstazi,291.0,0.6460192475940507,135.36666666666667,0.3552930883639544,0,1,30
Math,93,FAST,381.0,0.3547681539807525,246.33333333333334,0.6465441819772529,0,1,30
Math,93,Ekstazi+dpt,291.0,0.35345581802274734,246.83333333333334,0.6478565179352581,0,1,30
Math,93,DPT,381.0,0.3348206474190726,253.93333333333334,0.6664916885389327,0,1,30
Math,93,STARTS,313.0,0.5552055993000874,169.96666666666667,0.4461067366579177,0,1,30
Math,93,STARTS+FAST-S,313.0,0.5673665791776028,165.33333333333334,0.43394575678040237,0,1,30
Math,93,STARTS+FAST-P,313.0,0.5673665791776029,165.33333333333334,0.43394575678040237,0,1,30
Math,93,STARTS+DPT,313.0,0.35161854768153994,247.53333333333333,0.6496937882764653,0,1,30
Math,93,Fastazi-S,291.0,0.5095363079615047,187.36666666666667,0.49177602799650055,0,1,30
Math,93,Fastazi-P,291.0,0.5070866141732284,188.3,0.4942257217847768,0,1,30
Math,93,Random,381.0,0.5252843394575678,181.36666666666667,0.47602799650043753,0,1,30
Math,94,Ekstazi,281.0,0.6100612423447068,149.06666666666666,0.39125109361329835,0,1,30
Math,94,FAST,381.0,0.4696412948381452,202.56666666666666,0.53167104111986,0,1,30
Math,94,Ekstazi+dpt,281.0,0.37410323709536314,238.96666666666667,0.627209098862642,0,1,30
Math,94,DPT,381.0,0.32869641294838137,256.26666666666665,0.6726159230096237,0,1,30
Math,94,STARTS,313.0,0.6503937007874016,133.7,0.3509186351706037,0,1,30
Math,94,STARTS+FAST-S,313.0,0.567366579177603,165.33333333333334,0.43394575678040237,0,1,30
Math,94,STARTS+FAST-P,313.0,0.5671916010498687,165.4,0.43412073490813646,0,1,30
Math,94,STARTS+DPT,313.0,0.34864391951006124,248.66666666666666,0.652668416447944,0,1,30
Math,94,Fastazi-S,281.0,0.6090113735783028,149.46666666666667,0.39230096237970247,0,1,30
Math,94,Fastazi-P,281.0,0.6064741907261593,150.43333333333334,0.39483814523184596,0,1,30
Math,94,Random,381.0,0.5782152230971129,161.2,0.4230971128608924,0,1,30
Math,95,Ekstazi,349.0,0.5982200647249191,166.03333333333333,0.4029935275080907,0,1,30
Math,95,FAST,412.0,0.8559870550161818,59.833333333333336,0.14522653721682846,0,1,30
Math,95,Ekstazi+dpt,349.0,0.9439320388349516,23.6,0.05728155339805825,0,1,30
Math,95,DPT,412.0,0.9441747572815534,23.5,0.05703883495145631,0,1,30
Math,95,STARTS,371.0,0.6618932038834953,139.8,0.33932038834951456,0,1,30
Math,95,STARTS+FAST-S,371.0,0.8584142394822006,58.833333333333336,0.14279935275080907,0,1,30
Math,95,STARTS+FAST-P,371.0,0.8584951456310679,58.8,0.14271844660194175,0,1,30
Math,95,STARTS+DPT,371.0,0.9444983818770225,23.366666666666667,0.05671521035598706,0,1,30
Math,95,Fastazi-S,349.0,0.8656957928802591,55.833333333333336,0.1355177993527508,0,1,30
Math,95,Fastazi-P,349.0,0.8661003236245954,55.666666666666664,0.13511326860841424,0,1,30
Math,95,Random,412.0,0.48778317152103573,211.53333333333333,0.5134304207119741,0,1,30
Math,96,Ekstazi,9.0,0.9882686084142394,5.333333333333333,0.012944983818770222,0,1,30
Math,96,FAST,412.0,0.3843042071197411,254.16666666666666,0.6169093851132689,0,1,30
Math,96,Ekstazi+dpt,9.0,0.993932038834952,3.0,0.00728155339805825,0,1,30
Math,96,DPT,412.0,0.9502427184466027,21.0,0.050970873786407786,0,1,30
Math,96,STARTS,9.0,0.9897249190938512,4.733333333333333,0.011488673139158573,0,1,30
Math,96,STARTS+FAST-S,9.0,0.9845469255663425,6.866666666666666,0.01666666666666666,0,1,30
Math,96,STARTS+FAST-P,9.0,0.9842233009708743,7.0,0.016990291262135918,0,1,30
Math,96,STARTS+DPT,9.0,0.993932038834952,3.0,0.00728155339805825,0,1,30
Math,96,Fastazi-S,9.0,0.9827669902912617,7.6,0.01844660194174757,0,1,30
Math,96,Fastazi-P,9.0,0.9842233009708743,7.0,0.016990291262135918,0,1,30
Math,96,Random,412.0,0.6134304207119741,159.76666666666668,0.3877831715210356,0,1,30
Math,97,Ekstazi,80.0,0.95,21.1,0.0512135922330097,0,1,30
Math,97,FAST,412.0,0.6332524271844661,151.6,0.3679611650485438,0,1,30
Math,97,Ekstazi+dpt,80.0,0.9453883495145627,23.0,0.055825242718446626,0,1,30
Math,97,DPT,412.0,0.9356796116504854,27.0,0.0655339805825243,0,1,30
Math,97,STARTS,169.0,0.8980582524271845,42.5,0.10315533980582524,0,1,30
Math,97,STARTS+FAST-S,169.0,0.8371359223300973,67.6,0.1640776699029126,0,1,30
Math,97,STARTS+FAST-P,169.0,0.8377831715210362,67.33333333333333,0.16343042071197408,0,1,30
Math,97,STARTS+DPT,169.0,0.9405339805825247,25.0,0.06067961165048546,0,1,30
Math,97,Fastazi-S,80.0,0.9075242718446606,38.6,0.09368932038834955,0,1,30
Math,97,Fastazi-P,80.0,0.9087378640776701,38.1,0.09247572815533985,0,1,30
Math,97,Random,412.0,0.7499190938511326,103.53333333333333,0.251294498381877,0,1,30
Math,98,Ekstazi,13.0,0.9842615012106539,7.0,0.016949152542372885,0,1,30
Math,98,FAST,413.0,0.30564971751412423,287.26666666666665,0.6955609362389025,0,1,30
Math,98,Ekstazi+dpt,13.0,0.9760290556900725,10.4,0.025181598062954,0,1,30
Math,98,DPT,413.0,0.7960451977401132,84.73333333333333,0.20516545601291375,0,1,30
Math,98,STARTS,13.0,0.9849878934624698,6.7,0.0162227602905569,0,1,30
Math,98,STARTS+FAST-S,13.0,0.977239709443099,9.9,0.023970944309927366,0,1,30
Math,98,STARTS+FAST-P,13.0,0.9769975786924939,10.0,0.024213075060532687,0,1,30
Math,98,STARTS+DPT,13.0,0.9760290556900724,10.4,0.025181598062954,0,1,30
Math,98,Fastazi-S,13.0,0.9846650524616628,6.833333333333333,0.016545601291364002,0,1,30
Math,98,Fastazi-P,13.0,0.9794188861985476,9.0,0.02179176755447942,0,1,30
Math,98,Random,413.0,0.49168684422921716,210.43333333333334,0.5095238095238097,0,1,30
Math,99,Ekstazi,270.0,0.61285140562249,161.16666666666666,0.38835341365461845,0,1,30
Math,99,FAST,415.0,0.4170281124497992,242.43333333333334,0.5841767068273093,0,1,30
Math,99,Ekstazi+dpt,270.0,0.5839357429718876,173.16666666666666,0.41726907630522075,0,1,30
Math,99,DPT,415.0,0.4926104417670683,211.06666666666666,0.5085943775100402,0,1,30
Math,99,STARTS,374.0,0.568433734939759,179.6,0.4327710843373494,0,1,30
Math,99,STARTS+FAST-S,374.0,0.47718875502008024,217.46666666666667,0.5240160642570282,0,1,30
Math,99,STARTS+FAST-P,374.0,0.4776706827309237,217.26666666666668,0.523534136546185,0,1,30
Math,99,STARTS+DPT,374.0,0.4942971887550201,210.36666666666667,0.5069076305220884,0,1,30
Math,99,Fastazi-S,270.0,0.6119678714859437,161.53333333333333,0.38923694779116463,0,1,30
Math,99,Fastazi-P,270.0,0.6103614457831325,162.2,0.39084337349397574,0,1,30
Math,99,Random,415.0,0.41068273092369484,245.06666666666666,0.5905220883534137,0,1,30
Math,100,Ekstazi,187.0,0.7749206349206349,95.03333333333333,0.22626984126984126,0,1,30
Math,100,FAST,420.0,0.8989682539682546,42.93333333333333,0.10222222222222227,0,1,30
Math,100,Ekstazi+dpt,187.0,0.567857142857143,182.0,0.4333333333333335,0,1,30
Math,100,DPT,420.0,0.18261904761904751,343.8,0.8185714285714287,0,1,30
Math,100,STARTS,287.0,0.5885714285714286,173.3,0.41261904761904766,0,1,30
Math,100,STARTS+FAST-S,287.0,0.9346031746031751,27.966666666666665,0.06658730158730158,0,1,30
Math,100,STARTS+FAST-P,287.0,0.9353174603174609,27.666666666666668,0.06587301587301586,0,1,30
Math,100,STARTS+DPT,287.0,0.36309523809523797,268.0,0.6380952380952379,0,1,30
Math,100,Fastazi-S,187.0,0.9657142857142861,14.9,0.03547619047619047,0,1,30
Math,100,Fastazi-P,187.0,0.9643650793650796,15.466666666666667,0.036825396825396824,0,1,30
Math,100,Random,420.0,0.44365079365079363,234.16666666666666,0.5575396825396826,0,1,30
Math,101,Ekstazi,15.0,0.9834913112164297,7.466666666666667,0.017693522906793054,0,1,30
Math,101,FAST,422.0,0.5544233807266983,188.53333333333333,0.44676145339652457,0,1,30
Math,101,Ekstazi+dpt,15.0,0.9774881516587681,10.0,0.02369668246445499,0,1,30
Math,101,DPT,422.0,0.556556082148499,187.63333333333333,0.44462875197472346,0,1,30
Math,101,STARTS,17.0,0.9834123222748814,7.5,0.01777251184834123,0,1,30
Math,101,STARTS+FAST-S,17.0,0.9722748815165876,12.2,0.02890995260663508,0,1,30
Math,101,STARTS+FAST-P,17.0,0.9821484992101103,8.033333333333333,0.01903633491311215,0,1,30
Math,101,STARTS+DPT,17.0,0.9727488151658764,12.0,0.028436018957345956,0,1,30
Math,101,Fastazi-S,15.0,0.9843601895734599,7.1,0.016824644549763033,0,1,30
Math,101,Fastazi-P,15.0,0.9868878357030021,6.033333333333333,0.014296998420221163,0,1,30
Math,101,Random,422.0,0.5947077409162719,171.53333333333333,0.4064770932069511,0,1,30
Math,102,Ekstazi,247.0,0.73716744913928,112.46666666666667,0.26400625978090764,0,1,30
Math,102,FAST,426.0,0.22832550860719875,329.23333333333335,0.7728482003129891,0,1,30
Math,102,Ekstazi+dpt,247.0,0.9179968701095462,35.43333333333333,0.08317683881064163,0,1,30
Math,102,DPT,426.0,0.9186228482003129,35.166666666666664,0.08255086071987479,0,1,30
Math,102,STARTS,330.0,0.5905320813771519,174.93333333333334,0.410641627543036,0,1,30
Math,102,STARTS+FAST-S,330.0,0.3998435054773085,256.1666666666667,0.6013302034428796,0,1,30
Math,102,STARTS+FAST-P,330.0,0.4023474178403758,255.1,0.5988262910798121,0,1,30
Math,102,STARTS+DPT,330.0,0.9168231611893586,35.93333333333333,0.08435054773082938,0,1,30
Math,102,Fastazi-S,247.0,0.5759780907668228,181.13333333333333,0.4251956181533645,0,1,30
Math,102,Fastazi-P,247.0,0.5643192488262908,186.1,0.4368544600938969,0,1,30
Math,102,Random,426.0,0.5773082942097025,180.56666666666666,0.4238654147104851,0,1,30
Math,103,Ekstazi,23.0,0.993989071038252,3.066666666666667,0.007181889149102267,0,1,30
Math,103,FAST,427.0,0.9430132708821233,24.833333333333332,0.058157689305230305,0,1,30
Math,103,Ekstazi+dpt,23.0,0.998829039812647,1.0,0.0023419203747072613,0,1,30
Math,103,DPT,427.0,0.998829039812647,1.0,0.0023419203747072613,0,1,30
Math,103,STARTS,24.0,0.9924277907884469,3.7333333333333334,0.008743169398907104,0,1,30
Math,103,STARTS+FAST-S,24.0,0.9957064793130374,2.3333333333333335,0.005464480874316942,0,1,30
Math,103,STARTS+FAST-P,24.0,0.9964871194379396,2.0,0.0046838407494145225,0,1,30
Math,103,STARTS+DPT,24.0,0.998829039812647,1.0,0.0023419203747072613,0,1,30
Math,103,Fastazi-S,23.0,0.996252927400469,2.1,0.004918032786885246,0,1,30
Math,103,Fastazi-P,23.0,0.9964090554254493,2.033333333333333,0.004761904761904763,0,1,30
Math,103,Random,427.0,0.8708821233411396,55.63333333333333,0.13028883684621387,0,1,30
Math,104,Ekstazi,331.0,0.5938473520249221,174.33333333333334,0.4073208722741432,0,1,30
Math,104,FAST,428.0,0.7408878504672897,111.4,0.26028037383177577,0,1,30
Math,104,Ekstazi+dpt,331.0,0.38037383177570094,265.7,0.6207943925233643,0,1,30
Math,104,DPT,428.0,0.35404984423676017,276.96666666666664,0.6471183800623054,0,1,30
Math,104,STARTS,359.0,0.5804517133956385,180.06666666666666,0.4207165109034269,0,1,30
Math,104,STARTS+FAST-S,359.0,0.7562305295950155,104.83333333333333,0.24493769470404994,0,1,30
Math,104,STARTS+FAST-P,359.0,0.7563862928348909,104.76666666666667,0.2447819314641745,0,1,30
Math,104,STARTS+DPT,359.0,0.3669003115264798,271.46666666666664,0.6342679127725859,0,1,30
Math,104,Fastazi-S,331.0,0.7844236760124612,92.76666666666667,0.21674454828660444,0,1,30
Math,104,Fastazi-P,331.0,0.7886292834890966,90.96666666666667,0.2125389408099689,0,1,30
Math,104,Random,428.0,0.5031152647975078,213.16666666666666,0.49805295950155765,0,1,30
Time,4,Ekstazi,121.0,0.5653061224489797,64.4,0.4380952380952381,0,1,30
Time,4,FAST,147.0,0.09455782312925166,133.6,0.908843537414966,0,1,30
Time,4,Ekstazi+dpt,121.0,0.8809523809523807,18.0,0.12244897959183679,0,1,30
Time,4,DPT,147.0,0.8809523809523807,18.0,0.12244897959183679,0,1,30
Time,4,STARTS,1.0,0.0,NA,NA,30,0,0
Time,4,STARTS+FAST-S,1.0,0.0,NA,NA,30,0,0
Time,4,STARTS+FAST-P,1.0,0.0,NA,NA,30,0,0
Time,4,STARTS+DPT,1.0,0.0,NA,NA,30,0,0
Time,4,Fastazi-S,121.0,0.25442176870748284,110.1,0.7489795918367349,0,1,30
Time,4,Fastazi-P,121.0,0.23741496598639458,112.6,0.7659863945578231,0,1,30
Time,4,Random,147.0,0.5448979591836735,67.4,0.4585034013605442,0,1,30
Time,5,Ekstazi,115.0,0.6575963718820861,50.833333333333336,0.3458049886621316,0,1,30
Time,5,FAST,147.0,0.6634920634920634,49.96666666666667,0.3399092970521543,0,1,30
Time,5,Ekstazi+dpt,115.0,0.8809523809523807,18.0,0.12244897959183679,0,1,30
Time,5,DPT,147.0,0.8809523809523807,18.0,0.12244897959183679,0,1,30
Time,5,STARTS,1.0,0.0,NA,NA,30,0,0
Time,5,STARTS+FAST-S,1.0,0.0,NA,NA,30,0,0
Time,5,STARTS+FAST-P,1.0,0.0,NA,NA,30,0,0
Time,5,STARTS+DPT,1.0,0.0,NA,NA,30,0,0
Time,5,Fastazi-S,115.0,0.7358276643990931,39.333333333333336,0.26757369614512455,0,1,30
Time,5,Fastazi-P,115.0,0.7414965986394558,38.5,0.2619047619047619,0,1,30
Time,5,Random,147.0,0.4303854875283447,84.23333333333333,0.573015873015873,0,1,30
Time,6,Ekstazi,116.0,0.5594104308390022,65.26666666666667,0.4439909297052154,0,1,30
Time,6,FAST,147.0,0.37369614512471644,92.56666666666666,0.629705215419501,0,1,30
Time,6,Ekstazi+dpt,116.0,0.928571428571428,11.0,0.07482993197278913,0,1,30
Time,6,DPT,147.0,0.928571428571428,11.0,0.07482993197278913,0,1,30
Time,6,STARTS,1.0,0.0,NA,NA,30,0,0
Time,6,STARTS+FAST-S,1.0,0.0,NA,NA,30,0,0
Time,6,STARTS+FAST-P,1.0,0.0,NA,NA,30,0,0
Time,6,STARTS+DPT,1.0,0.0,NA,NA,30,0,0
Time,6,Fastazi-S,116.0,0.5859410430839005,61.36666666666667,0.4174603174603176,0,1,30
Time,6,Fastazi-P,116.0,0.5712018140589571,63.53333333333333,0.43219954648526093,0,1,30
Time,6,Random,147.0,0.4569160997732426,80.33333333333333,0.546485260770975,0,1,30
Time,7,Ekstazi,116.0,0.647392290249433,52.333333333333336,0.3560090702947846,0,1,30
Time,7,FAST,147.0,0.4537414965986396,80.8,0.5496598639455784,0,1,30
Time,7,Ekstazi+dpt,116.0,0.8605442176870747,21.0,0.14285714285714282,0,1,30
Time,7,DPT,147.0,0.8605442176870747,21.0,0.14285714285714282,0,1,30
Time,7,STARTS,1.0,0.0,NA,NA,30,0,0
Time,7,STARTS+FAST-S,1.0,0.0,NA,NA,30,0,0
Time,7,STARTS+FAST-P,1.0,0.0,NA,NA,30,0,0
Time,7,STARTS+DPT,1.0,0.0,NA,NA,30,0,0
Time,7,Fastazi-S,116.0,0.6249433106575962,55.63333333333333,0.37845804988662135,0,1,30
Time,7,Fastazi-P,116.0,0.6378684807256236,53.733333333333334,0.3655328798185941,0,1,30
Time,7,Random,147.0,0.5678004535147392,64.03333333333333,0.4356009070294784,0,1,30
Time,8,Ekstazi,48.0,0.8743764172335601,18.966666666666665,0.12902494331065759,0,1,30
Time,8,FAST,147.0,0.6526077097505668,51.56666666666667,0.3507936507936507,0,1,30
Time,8,Ekstazi+dpt,48.0,0.8673469387755107,20.0,0.13605442176870755,0,1,30
Time,8,DPT,147.0,0.8235827664399091,26.433333333333334,0.1798185941043084,0,1,30
Time,8,STARTS,1.0,0.0,NA,NA,30,0,0
Time,8,STARTS+FAST-S,1.0,0.0,NA,NA,30,0,0
Time,8,STARTS+FAST-P,1.0,0.0,NA,NA,30,0,0
Time,8,STARTS+DPT,1.0,0.0,NA,NA,30,0,0
Time,8,Fastazi-S,48.0,0.871201814058957,19.433333333333334,0.1321995464852608,0,1,30
Time,8,Fastazi-P,48.0,0.8775510204081634,18.5,0.12585034013605437,0,1,30
Time,8,Random,147.0,0.6430839002267573,52.96666666666667,0.36031746031746026,0,1,30
Time,9,Ekstazi,116.0,0.5159817351598174,71.16666666666667,0.48744292237442927,0,1,30
Time,9,FAST,146.0,0.4726027397260277,77.5,0.5308219178082193,0,1,30
Time,9,Ekstazi+dpt,116.0,0.7947488584474883,30.466666666666665,0.2086757990867581,0,1,30
Time,9,DPT,146.0,0.7938356164383559,30.6,0.2095890410958905,0,1,30
Time,9,STARTS,1.0,0.0,NA,NA,30,0,0
Time,9,STARTS+FAST-S,1.0,0.0,NA,NA,30,0,0
Time,9,STARTS+FAST-P,1.0,0.0,NA,NA,30,0,0
Time,9,STARTS+DPT,1.0,0.0,NA,NA,30,0,0
Time,9,Fastazi-S,116.0,0.5413242009132423,67.46666666666667,0.46210045662100435,0,1,30
Time,9,Fastazi-P,116.0,0.5481735159817354,66.46666666666667,0.4552511415525112,0,1,30
Time,9,Random,146.0,0.5363013698630137,68.2,0.4671232876712329,0,1,30
Time,10,Ekstazi,115.0,0.6390410958904109,53.2,0.3643835616438357,0,1,30
Time,10,FAST,146.0,0.39954337899543374,88.16666666666667,0.6038812785388128,0,1,30
Time,10,Ekstazi+dpt,115.0,0.9006849315068488,15.0,0.10273972602739731,0,1,30
Time,10,DPT,146.0,0.9006849315068488,15.0,0.10273972602739731,0,1,30
Time,10,STARTS,1.0,0.0,NA,NA,30,0,0
Time,10,STARTS+FAST-S,1.0,0.0,NA,NA,30,0,0
Time,10,STARTS+FAST-P,1.0,0.0,NA,NA,30,0,0
Time,10,STARTS+DPT,1.0,0.0,NA,NA,30,0,0
Time,10,Fastazi-S,115.0,0.4536529680365296,80.26666666666667,0.5497716894977172,0,1,30
Time,10,Fastazi-P,115.0,0.47876712328767107,76.6,0.5246575342465756,0,1,30
Time,10,Random,146.0,0.4292237442922374,83.83333333333333,0.5742009132420092,0,1,30
Time,11,Ekstazi,29.0,0.8821917808219178,17.7,0.12123287671232875,0,1,30
Time,11,FAST,146.0,0.4515981735159818,80.56666666666666,0.5518264840182646,0,1,30
Time,11,Ekstazi+dpt,29.0,0.9447488584474892,8.566666666666666,0.058675799086758,0,1,30
Time,11,DPT,146.0,0.8908675799086755,16.433333333333334,0.11255707762557074,0,1,30
Time,11,STARTS,1.0,0.0,NA,NA,30,0,0
Time,11,STARTS+FAST-S,1.0,0.0,NA,NA,30,0,0
Time,11,STARTS+FAST-P,1.0,0.0,NA,NA,30,0,0
Time,11,STARTS+DPT,1.0,0.0,NA,NA,30,0,0
Time,11,Fastazi-S,29.0,0.9061643835616435,14.2,0.09726027397260271,0,1,30
Time,11,Fastazi-P,29.0,0.8837899543378995,17.466666666666665,0.11963470319634704,0,1,30
Time,11,Random,146.0,0.4328767123287671,83.3,0.5705479452054796,0,1,30
Time,12,Ekstazi,118.0,0.5941043083900227,60.166666666666664,0.4092970521541951,0,1,30
Time,12,FAST,147.0,0.5124716553287985,72.16666666666667,0.4909297052154197,0,1,30
Time,12,Ekstazi+dpt,118.0,0.9013605442176874,15.0,0.10204081632653055,0,1,30
Time,12,DPT,147.0,0.9013605442176874,15.0,0.10204081632653055,0,1,30
Time,12,STARTS,1.0,0.0,NA,NA,30,0,0
Time,12,STARTS+FAST-S,1.0,0.0,NA,NA,30,0,0
Time,12,STARTS+FAST-P,1.0,0.0,NA,NA,30,0,0
Time,12,STARTS+DPT,1.0,0.0,NA,NA,30,0,0
Time,12,Fastazi-S,118.0,0.5873015873015875,61.166666666666664,0.4160997732426305,0,1,30
Time,12,Fastazi-P,118.0,0.5807256235827662,62.13333333333333,0.4226757369614513,0,1,30
Time,12,Random,147.0,0.5287981859410431,69.76666666666667,0.4746031746031746,0,1,30
Time,13,Ekstazi,118.0,0.6,59.3,0.40340136054421777,0,1,30
Time,13,FAST,147.0,0.3768707482993196,92.1,0.6265306122448978,0,1,30
Time,13,Ekstazi+dpt,118.0,0.928571428571428,11.0,0.07482993197278913,0,1,30
Time,13,DPT,147.0,0.928571428571428,11.0,0.07482993197278913,0,1,30
Time,13,STARTS,1.0,0.0,NA,NA,30,0,0
Time,13,STARTS+FAST-S,1.0,0.0,NA,NA,30,0,0
Time,13,STARTS+FAST-P,1.0,0.0,NA,NA,30,0,0
Time,13,STARTS+DPT,1.0,0.0,NA,NA,30,0,0
Time,13,Fastazi-S,118.0,0.4598639455782312,79.9,0.5435374149659862,0,1,30
Time,13,Fastazi-P,118.0,0.4585034013605444,80.1,0.5448979591836736,0,1,30
Time,13,Random,147.0,0.5006802721088435,73.9,0.5027210884353741,0,1,30
Time,14,Ekstazi,99.0,0.6678004535147392,49.333333333333336,0.3356009070294784,0,1,30
Time,14,FAST,147.0,0.7147392290249435,42.43333333333333,0.2886621315192744,0,1,30
Time,14,Ekstazi+dpt,99.0,0.3299319727891154,99.0,0.6734693877551018,0,1,30
Time,14,DPT,147.0,0.173469387755102,122.0,0.8299319727891153,0,1,30
Time,14,STARTS,1.0,0.0,NA,NA,30,0,0
Time,14,STARTS+FAST-S,1.0,0.0,NA,NA,30,0,0
Time,14,STARTS+FAST-P,1.0,0.0,NA,NA,30,0,0
Time,14,STARTS+DPT,1.0,0.0,NA,NA,30,0,0
Time,14,Fastazi-S,99.0,0.7952380952380953,30.6,0.20816326530612247,0,1,30
Time,14,Fastazi-P,99.0,0.7979591836734693,30.2,0.20544217687074823,0,1,30
Time,14,Random,147.0,0.5124716553287981,72.16666666666667,0.49092970521541957,0,1,30
Time,15,Ekstazi,11.0,0.9596371882086169,6.433333333333334,0.04376417233560091,0,1,30
Time,15,FAST,147.0,0.7351473922902493,39.43333333333333,0.2682539682539683,0,1,30
Time,15,Ekstazi+dpt,11.0,0.9761904761904755,4.0,0.027210884353741503,0,1,30
Time,15,DPT,147.0,0.9693877551020408,5.0,0.03401360544217689,0,1,30
Time,15,STARTS,1.0,0.0,NA,NA,30,0,0
Time,15,STARTS+FAST-S,1.0,0.0,NA,NA,30,0,0
Time,15,STARTS+FAST-P,1.0,0.0,NA,NA,30,0,0
Time,15,STARTS+DPT,1.0,0.0,NA,NA,30,0,0
Time,15,Fastazi-S,11.0,0.979818594104308,3.466666666666667,0.023582766439909305,0,1,30
Time,15,Fastazi-P,11.0,0.9888888888888886,2.1333333333333333,0.0145124716553288,0,1,30
Time,15,Random,147.0,0.48027210884353744,76.9,0.5231292517006803,0,1,30
Time,16,Ekstazi,114.0,0.6238095238095238,55.8,0.3795918367346938,0,1,30
Time,16,FAST,147.0,0.4444444444444444,82.16666666666667,0.5589569160997729,0,1,30
Time,16,Ekstazi+dpt,114.0,0.42063492063492075,85.66666666666667,0.582766439909297,0,1,30
Time,16,DPT,147.0,0.4231292517006804,85.3,0.5802721088435375,0,1,30
Time,16,STARTS,1.0,0.0,NA,NA,30,0,0
Time,16,STARTS+FAST-S,1.0,0.0,NA,NA,30,0,0
Time,16,STARTS+FAST-P,1.0,0.0,NA,NA,30,0,0
Time,16,STARTS+DPT,1.0,0.0,NA,NA,30,0,0
Time,16,Fastazi-S,114.0,0.5396825396825394,68.16666666666667,0.46371882086167776,0,1,30
Time,16,Fastazi-P,114.0,0.5464852607709749,67.16666666666667,0.45691609977324243,0,1,30
Time,16,Random,147.0,0.5074829931972789,72.9,0.4959183673469388,0,1,30
Time,17,Ekstazi,112.0,0.7290249433106576,40.333333333333336,0.27437641723356004,0,1,30
Time,17,FAST,147.0,0.7002267573696144,44.56666666666667,0.3031746031746031,0,1,30
Time,17,Ekstazi+dpt,112.0,0.7721088435374147,34.0,0.2312925170068026,0,1,30
Time,17,DPT,147.0,0.7721088435374147,34.0,0.2312925170068026,0,1,30
Time,17,STARTS,1.0,0.0,NA,NA,30,0,0
Time,17,STARTS+FAST-S,1.0,0.0,NA,NA,30,0,0
Time,17,STARTS+FAST-P,1.0,0.0,NA,NA,30,0,0
Time,17,STARTS+DPT,1.0,0.0,NA,NA,30,0,0
Time,17,Fastazi-S,112.0,0.7621315192743766,35.46666666666667,0.2412698412698413,0,1,30
Time,17,Fastazi-P,112.0,0.7693877551020406,34.4,0.2340136054421768,0,1,30
Time,17,Random,147.0,0.7764172335600908,33.36666666666667,0.22698412698412695,0,1,30
Time,18,Ekstazi,116.0,0.6276643990929706,55.233333333333334,0.37573696145124713,0,1,30
Time,18,FAST,147.0,0.653968253968254,51.36666666666667,0.34943310657596366,0,1,30
Time,18,Ekstazi+dpt,116.0,0.8784580498866211,18.366666666666667,0.12494331065759638,0,1,30
Time,18,DPT,147.0,0.8775510204081631,18.5,0.1258503401360544,0,1,30
Time,18,STARTS,1.0,0.0,NA,NA,30,0,0
Time,18,STARTS+FAST-S,1.0,0.0,NA,NA,30,0,0
Time,18,STARTS+FAST-P,1.0,0.0,NA,NA,30,0,0
Time,18,STARTS+DPT,1.0,0.0,NA,NA,30,0,0
Time,18,Fastazi-S,116.0,0.7183673469387756,41.9,0.2850340136054422,0,1,30
Time,18,Fastazi-P,116.0,0.714965986394558,42.4,0.2884353741496598,0,1,30
Time,18,Random,147.0,0.45941043083900224,79.96666666666667,0.5439909297052153,0,1,30
Time,19,Ekstazi,32.0,0.9331065759637187,10.333333333333334,0.07029478458049883,0,1,30
Time,19,FAST,147.0,0.7521541950113378,36.93333333333333,0.2512471655328798,0,1,30
Time,19,Ekstazi+dpt,32.0,0.9081632653061221,14.0,0.0952380952380953,0,1,30
Time,19,DPT,147.0,0.7857142857142857,32.0,0.21768707482993202,0,1,30
Time,19,STARTS,1.0,0.0,NA,NA,30,0,0
Time,19,STARTS+FAST-S,1.0,0.0,NA,NA,30,0,0
Time,19,STARTS+FAST-P,1.0,0.0,NA,NA,30,0,0
Time,19,STARTS+DPT,1.0,0.0,NA,NA,30,0,0
Time,19,Fastazi-S,32.0,0.956009070294785,6.966666666666667,0.04739229024943311,0,1,30
Time,19,Fastazi-P,32.0,0.9492063492063496,7.966666666666667,0.05419501133786849,0,1,30
Time,19,Random,147.0,0.6263038548752835,55.43333333333333,0.3770975056689343,0,1,30
Time,20,Ekstazi,116.0,0.6301587301587303,54.86666666666667,0.37324263038548755,0,1,30
Time,20,FAST,147.0,0.7047619047619047,43.9,0.29863945578231293,0,1,30
Time,20,Ekstazi+dpt,116.0,0.8333333333333336,25.0,0.1700680272108844,0,1,30
Time,20,DPT,147.0,0.8358276643990931,24.633333333333333,0.16757369614512477,0,1,30
Time,20,STARTS,1.0,0.0,NA,NA,30,0,0
Time,20,STARTS+FAST-S,1.0,0.0,NA,NA,30,0,0
Time,20,STARTS+FAST-P,1.0,0.0,NA,NA,30,0,0
Time,20,STARTS+DPT,1.0,0.0,NA,NA,30,0,0
Time,20,Fastazi-S,116.0,0.7444444444444444,38.06666666666667,0.25895691609977317,0,1,30
Time,20,Fastazi-P,116.0,0.7521541950113377,36.93333333333333,0.2512471655328797,0,1,30
Time,20,Random,147.0,0.43832199546485257,83.06666666666666,0.5650793650793652,0,1,30
Time,21,Ekstazi,116.0,0.6009070294784582,59.166666666666664,0.4024943310657596,0,1,30
Time,21,FAST,147.0,0.7095238095238094,43.2,0.29387755102040813,0,1,30
Time,21,Ekstazi+dpt,116.0,0.8340136054421771,24.9,0.1693877551020409,0,1,30
Time,21,DPT,147.0,0.8344671201814062,24.833333333333332,0.16893424036281185,0,1,30
Time,21,STARTS,1.0,0.0,NA,NA,30,0,0
Time,21,STARTS+FAST-S,1.0,0.0,NA,NA,30,0,0
Time,21,STARTS+FAST-P,1.0,0.0,NA,NA,30,0,0
Time,21,STARTS+DPT,1.0,0.0,NA,NA,30,0,0
Time,21,Fastazi-S,116.0,0.7476190476190474,37.6,0.25578231292517,0,1,30
Time,21,Fastazi-P,116.0,0.756235827664399,36.333333333333336,0.24716553287981846,0,1,30
Time,21,Random,147.0,0.4834467120181406,76.43333333333334,0.5199546485260771,0,1,30
Time,22,Ekstazi,115.0,0.6612244897959184,50.3,0.3421768707482992,0,1,30
Time,22,FAST,147.0,0.3437641723356008,96.96666666666667,0.6596371882086167,0,1,30
Time,22,Ekstazi+dpt,115.0,0.928571428571428,11.0,0.07482993197278913,0,1,30
Time,22,DPT,147.0,0.928571428571428,11.0,0.07482993197278913,0,1,30
Time,22,STARTS,1.0,0.0,NA,NA,30,0,0
Time,22,STARTS+FAST-S,1.0,0.0,NA,NA,30,0,0
Time,22,STARTS+FAST-P,1.0,0.0,NA,NA,30,0,0
Time,22,STARTS+DPT,1.0,0.0,NA,NA,30,0,0
Time,22,Fastazi-S,115.0,0.45804988662131546,80.16666666666667,0.5453514739229026,0,1,30
Time,22,Fastazi-P,115.0,0.43854875283446704,83.03333333333333,0.5648526077097505,0,1,30
Time,22,Random,147.0,0.43492063492063493,83.56666666666666,0.5684807256235829,0,1,30
Time,23,Ekstazi,73.0,0.7333333333333332,39.96666666666667,0.27004504504504506,0,1,30
Time,23,FAST,148.0,0.6914414414414412,46.166666666666664,0.311936936936937,0,1,30
Time,23,Ekstazi+dpt,73.0,0.5344594594594593,69.4,0.46891891891891896,0,1,30
Time,23,DPT,148.0,0.3608108108108109,95.1,0.6425675675675677,0,1,30
Time,23,STARTS,1.0,0.0,NA,NA,30,0,0
Time,23,STARTS+FAST-S,1.0,0.0,NA,NA,30,0,0
Time,23,STARTS+FAST-P,1.0,0.0,NA,NA,30,0,0
Time,23,STARTS+DPT,1.0,0.0,NA,NA,30,0,0
Time,23,Fastazi-S,73.0,0.8790540540540542,18.4,0.12432432432432435,0,1,30
Time,23,Fastazi-P,73.0,0.8797297297297295,18.3,0.12364864864864868,0,1,30
Time,23,Random,148.0,0.5461711711711712,67.66666666666667,0.45720720720720726,0,1,30
Time,24,Ekstazi,119.0,0.5213963963963962,71.33333333333333,0.48198198198198194,0,1,30
Time,24,FAST,148.0,0.19324324324324313,119.9,0.8101351351351356,0,1,30
Time,24,Ekstazi+dpt,119.0,0.7164414414414415,42.46666666666667,0.28693693693693695,0,1,30
Time,24,DPT,148.0,0.7166666666666667,42.43333333333333,0.2867117117117118,0,1,30
Time,24,STARTS,1.0,0.0,NA,NA,30,0,0
Time,24,STARTS+FAST-S,1.0,0.0,NA,NA,30,0,0
Time,24,STARTS+FAST-P,1.0,0.0,NA,NA,30,0,0
Time,24,STARTS+DPT,1.0,0.0,NA,NA,30,0,0
Time,24,Fastazi-S,119.0,0.3209459459459458,101.0,0.6824324324324319,0,1,30
Time,24,Fastazi-P,119.0,0.29774774774774804,104.43333333333334,0.7056306306306307,0,1,30
Time,24,Random,148.0,0.45990990990990993,80.43333333333334,0.5434684684684685,0,1,30
Time,25,Ekstazi,117.0,0.5481981981981983,67.36666666666666,0.45518018018018025,0,1,30
Time,25,FAST,148.0,0.27342342342342363,108.03333333333333,0.729954954954955,0,1,30
Time,25,Ekstazi+dpt,117.0,0.9148648648648648,13.1,0.08851351351351351,0,1,30
Time,25,DPT,148.0,0.9155405405405405,13.0,0.08783783783783784,0,1,30
Time,25,STARTS,1.0,0.0,NA,NA,30,0,0
Time,25,STARTS+FAST-S,1.0,0.0,NA,NA,30,0,0
Time,25,STARTS+FAST-P,1.0,0.0,NA,NA,30,0,0
Time,25,STARTS+DPT,1.0,0.0,NA,NA,30,0,0
Time,25,Fastazi-S,117.0,0.3880630630630631,91.06666666666666,0.6153153153153151,0,1,30
Time,25,Fastazi-P,117.0,0.35450450450450455,96.03333333333333,0.6488738738738742,0,1,30
Time,25,Random,148.0,0.5137387387387388,72.46666666666667,0.4896396396396396,0,1,30
Time,26,Ekstazi,16.0,0.9409909909909909,9.233333333333333,0.06238738738738739,0,1,30
Time,26,FAST,148.0,0.7563063063063067,36.56666666666667,0.24707207207207205,0,1,30
Time,26,Ekstazi+dpt,16.0,0.9222972972972975,12.0,0.08108108108108113,0,1,30
Time,26,DPT,148.0,0.4993243243243243,74.6,0.5040540540540539,0,1,30
Time,26,STARTS,1.0,0.0,NA,NA,30,0,0
Time,26,STARTS+FAST-S,1.0,0.0,NA,NA,30,0,0
Time,26,STARTS+FAST-P,1.0,0.0,NA,NA,30,0,0
Time,26,STARTS+DPT,1.0,0.0,NA,NA,30,0,0
Time,26,Fastazi-S,16.0,0.9806306306306305,3.3666666666666667,0.02274774774774775,0,1,30
Time,26,Fastazi-P,16.0,0.9828828828828833,3.033333333333333,0.020495495495495505,0,1,30
Time,26,Random,148.0,0.37342342342342344,93.23333333333333,0.6299549549549551,0,1,30
