Project, Version, Iteration, Suite, Test count, APFDf, TTFF, pTTFF
Cli,11,1,Ekstazi,24,0.8958333333333334,3,0.125
Cli,11,1,FAST,24,0.9375,2,0.08333333333333333
Cli,11,1,Ekstazi+dpt,24,0.43749999999999994,14,0.5833333333333334
Cli,11,1,DPT,24,0.31249999999999994,17,0.7083333333333334
Cli,11,1,STARTS,24,0.6875000000000001,8,0.3333333333333333
Cli,11,1,STARTS+FAST-S,24,0.9375,2,0.08333333333333333
Cli,11,1,STARTS+FAST-P,24,0.9375,2,0.08333333333333333
Cli,11,1,STARTS+DPT,24,0.3958333333333333,15,0.625
Cli,11,1,Fastazi-S,24,0.9375,2,0.08333333333333333
Cli,11,1,Fastazi-P,24,0.9375,2,0.08333333333333333
Cli,11,1,Random,24,0.31249999999999994,17,0.7083333333333334
Cli,11,2,Ekstazi,24,0.18749999999999997,20,0.8333333333333334
Cli,11,2,FAST,24,0.9375,2,0.08333333333333333
Cli,11,2,Ekstazi+dpt,24,0.43749999999999994,14,0.5833333333333334
Cli,11,2,DPT,24,0.3958333333333333,15,0.625
Cli,11,2,STARTS,24,0.31249999999999994,17,0.7083333333333334
Cli,11,2,STARTS+FAST-S,24,0.9375,2,0.08333333333333333
Cli,11,2,STARTS+FAST-P,24,0.8958333333333334,3,0.125
Cli,11,2,STARTS+DPT,24,0.43749999999999994,14,0.5833333333333334
Cli,11,2,Fastazi-S,24,0.9375,2,0.08333333333333333
Cli,11,2,Fastazi-P,24,0.9375,2,0.08333333333333333
Cli,11,2,Random,24,0.020833333333333332,24,1.0
Cli,11,3,Ekstazi,24,0.14583333333333334,21,0.875
Cli,11,3,FAST,24,0.9791666666666667,1,0.041666666666666664
Cli,11,3,Ekstazi+dpt,24,0.3541666666666667,16,0.6666666666666666
Cli,11,3,DPT,24,0.43749999999999994,14,0.5833333333333334
Cli,11,3,STARTS,24,0.4791666666666667,13,0.5416666666666666
Cli,11,3,STARTS+FAST-S,24,0.9375,2,0.08333333333333333
Cli,11,3,STARTS+FAST-P,24,0.8541666666666667,4,0.16666666666666666
Cli,11,3,STARTS+DPT,24,0.3958333333333333,15,0.625
Cli,11,3,Fastazi-S,24,0.9375,2,0.08333333333333333
Cli,11,3,Fastazi-P,24,0.9791666666666667,1,0.041666666666666664
Cli,11,3,Random,24,0.6458333333333334,9,0.375
Cli,11,4,Ekstazi,24,0.6458333333333334,9,0.375
Cli,11,4,FAST,24,0.9375,2,0.08333333333333333
Cli,11,4,Ekstazi+dpt,24,0.43749999999999994,14,0.5833333333333334
Cli,11,4,DPT,24,0.3958333333333333,15,0.625
Cli,11,4,STARTS,24,0.5625000000000001,11,0.4583333333333333
Cli,11,4,STARTS+FAST-S,24,0.9375,2,0.08333333333333333
Cli,11,4,STARTS+FAST-P,24,0.9791666666666667,1,0.041666666666666664
Cli,11,4,STARTS+DPT,24,0.43749999999999994,14,0.5833333333333334
Cli,11,4,Fastazi-S,24,0.9375,2,0.08333333333333333
Cli,11,4,Fastazi-P,24,0.9375,2,0.08333333333333333
Cli,11,4,Random,24,0.3541666666666667,16,0.6666666666666666
Cli,11,5,Ekstazi,24,0.8125,5,0.20833333333333334
Cli,11,5,FAST,24,0.9375,2,0.08333333333333333
Cli,11,5,Ekstazi+dpt,24,0.31249999999999994,17,0.7083333333333334
Cli,11,5,DPT,24,0.43749999999999994,14,0.5833333333333334
Cli,11,5,STARTS,24,0.18749999999999997,20,0.8333333333333334
Cli,11,5,STARTS+FAST-S,24,0.9375,2,0.08333333333333333
Cli,11,5,STARTS+FAST-P,24,0.9375,2,0.08333333333333333
Cli,11,5,STARTS+DPT,24,0.43749999999999994,14,0.5833333333333334
Cli,11,5,Fastazi-S,24,0.9375,2,0.08333333333333333
Cli,11,5,Fastazi-P,24,0.9375,2,0.08333333333333333
Cli,11,5,Random,24,0.3958333333333333,15,0.625
Cli,11,6,Ekstazi,24,0.7708333333333334,6,0.25
Cli,11,6,FAST,24,0.9375,2,0.08333333333333333
Cli,11,6,Ekstazi+dpt,24,0.3958333333333333,15,0.625
Cli,11,6,DPT,24,0.31249999999999994,17,0.7083333333333334
Cli,11,6,STARTS,24,0.1041666666666667,22,0.9166666666666666
Cli,11,6,STARTS+FAST-S,24,0.8541666666666667,4,0.16666666666666666
Cli,11,6,STARTS+FAST-P,24,0.9375,2,0.08333333333333333
Cli,11,6,STARTS+DPT,24,0.43749999999999994,14,0.5833333333333334
Cli,11,6,Fastazi-S,24,0.9375,2,0.08333333333333333
Cli,11,6,Fastazi-P,24,0.9375,2,0.08333333333333333
Cli,11,6,Random,24,0.31249999999999994,17,0.7083333333333334
Cli,11,7,Ekstazi,24,0.1041666666666667,22,0.9166666666666666
Cli,11,7,FAST,24,0.9791666666666667,1,0.041666666666666664
Cli,11,7,Ekstazi+dpt,24,0.31249999999999994,17,0.7083333333333334
Cli,11,7,DPT,24,0.31249999999999994,17,0.7083333333333334
Cli,11,7,STARTS,24,0.6041666666666666,10,0.4166666666666667
Cli,11,7,STARTS+FAST-S,24,0.8958333333333334,3,0.125
Cli,11,7,STARTS+FAST-P,24,0.8958333333333334,3,0.125
Cli,11,7,STARTS+DPT,24,0.31249999999999994,17,0.7083333333333334
Cli,11,7,Fastazi-S,24,0.9375,2,0.08333333333333333
Cli,11,7,Fastazi-P,24,0.9791666666666667,1,0.041666666666666664
Cli,11,7,Random,24,0.6041666666666666,10,0.4166666666666667
Cli,11,8,Ekstazi,24,0.3541666666666667,16,0.6666666666666666
Cli,11,8,FAST,24,0.9375,2,0.08333333333333333
Cli,11,8,Ekstazi+dpt,24,0.43749999999999994,14,0.5833333333333334
Cli,11,8,DPT,24,0.43749999999999994,14,0.5833333333333334
Cli,11,8,STARTS,24,0.8958333333333334,3,0.125
Cli,11,8,STARTS+FAST-S,24,0.9375,2,0.08333333333333333
Cli,11,8,STARTS+FAST-P,24,0.9375,2,0.08333333333333333
Cli,11,8,STARTS+DPT,24,0.3958333333333333,15,0.625
Cli,11,8,Fastazi-S,24,0.9375,2,0.08333333333333333
Cli,11,8,Fastazi-P,24,0.9375,2,0.08333333333333333
Cli,11,8,Random,24,0.3541666666666667,16,0.6666666666666666
Cli,11,9,Ekstazi,24,0.8541666666666667,4,0.16666666666666666
Cli,11,9,FAST,24,0.9375,2,0.08333333333333333
Cli,11,9,Ekstazi+dpt,24,0.43749999999999994,14,0.5833333333333334
Cli,11,9,DPT,24,0.43749999999999994,14,0.5833333333333334
Cli,11,9,STARTS,24,0.06249999999999996,23,0.9583333333333334
Cli,11,9,STARTS+FAST-S,24,0.9375,2,0.08333333333333333
Cli,11,9,STARTS+FAST-P,24,0.9375,2,0.08333333333333333
Cli,11,9,STARTS+DPT,24,0.3541666666666667,16,0.6666666666666666
Cli,11,9,Fastazi-S,24,0.9375,2,0.08333333333333333
Cli,11,9,Fastazi-P,24,0.9375,2,0.08333333333333333
Cli,11,9,Random,24,0.8958333333333334,3,0.125
Cli,11,10,Ekstazi,24,0.7708333333333334,6,0.25
Cli,11,10,FAST,24,0.9375,2,0.08333333333333333
Cli,11,10,Ekstazi+dpt,24,0.43749999999999994,14,0.5833333333333334
Cli,11,10,DPT,24,0.43749999999999994,14,0.5833333333333334
Cli,11,10,STARTS,24,0.2708333333333333,18,0.75
Cli,11,10,STARTS+FAST-S,24,0.9375,2,0.08333333333333333
Cli,11,10,STARTS+FAST-P,24,0.9375,2,0.08333333333333333
Cli,11,10,STARTS+DPT,24,0.31249999999999994,17,0.7083333333333334
Cli,11,10,Fastazi-S,24,0.9375,2,0.08333333333333333
Cli,11,10,Fastazi-P,24,0.9375,2,0.08333333333333333
Cli,11,10,Random,24,0.6458333333333334,9,0.375
Cli,11,11,Ekstazi,24,0.8125,5,0.20833333333333334
Cli,11,11,FAST,24,0.2708333333333333,18,0.75
Cli,11,11,Ekstazi+dpt,24,0.3541666666666667,16,0.6666666666666666
Cli,11,11,DPT,24,0.3541666666666667,16,0.6666666666666666
Cli,11,11,STARTS,24,0.2291666666666667,19,0.7916666666666666
Cli,11,11,STARTS+FAST-S,24,0.9375,2,0.08333333333333333
Cli,11,11,STARTS+FAST-P,24,0.9375,2,0.08333333333333333
Cli,11,11,STARTS+DPT,24,0.3541666666666667,16,0.6666666666666666
Cli,11,11,Fastazi-S,24,0.9375,2,0.08333333333333333
Cli,11,11,Fastazi-P,24,0.2708333333333333,18,0.75
Cli,11,11,Random,24,0.3958333333333333,15,0.625
Cli,11,12,Ekstazi,24,0.020833333333333332,24,1.0
Cli,11,12,FAST,24,0.9375,2,0.08333333333333333
Cli,11,12,Ekstazi+dpt,24,0.3541666666666667,16,0.6666666666666666
Cli,11,12,DPT,24,0.43749999999999994,14,0.5833333333333334
Cli,11,12,STARTS,24,0.7708333333333334,6,0.25
Cli,11,12,STARTS+FAST-S,24,0.7708333333333334,6,0.25
Cli,11,12,STARTS+FAST-P,24,0.9375,2,0.08333333333333333
Cli,11,12,STARTS+DPT,24,0.3958333333333333,15,0.625
Cli,11,12,Fastazi-S,24,0.9375,2,0.08333333333333333
Cli,11,12,Fastazi-P,24,0.9375,2,0.08333333333333333
Cli,11,12,Random,24,0.18749999999999997,20,0.8333333333333334
Cli,11,13,Ekstazi,24,0.6458333333333334,9,0.375
Cli,11,13,FAST,24,0.2708333333333333,18,0.75
Cli,11,13,Ekstazi+dpt,24,0.43749999999999994,14,0.5833333333333334
Cli,11,13,DPT,24,0.43749999999999994,14,0.5833333333333334
Cli,11,13,STARTS,24,0.06249999999999996,23,0.9583333333333334
Cli,11,13,STARTS+FAST-S,24,0.9375,2,0.08333333333333333
Cli,11,13,STARTS+FAST-P,24,0.9375,2,0.08333333333333333
Cli,11,13,STARTS+DPT,24,0.31249999999999994,17,0.7083333333333334
Cli,11,13,Fastazi-S,24,0.9375,2,0.08333333333333333
Cli,11,13,Fastazi-P,24,0.2708333333333333,18,0.75
Cli,11,13,Random,24,0.8958333333333334,3,0.125
Cli,11,14,Ekstazi,24,0.3958333333333333,15,0.625
Cli,11,14,FAST,24,0.9375,2,0.08333333333333333
Cli,11,14,Ekstazi+dpt,24,0.43749999999999994,14,0.5833333333333334
Cli,11,14,DPT,24,0.3958333333333333,15,0.625
Cli,11,14,STARTS,24,0.18749999999999997,20,0.8333333333333334
Cli,11,14,STARTS+FAST-S,24,0.8541666666666667,4,0.16666666666666666
Cli,11,14,STARTS+FAST-P,24,0.9375,2,0.08333333333333333
Cli,11,14,STARTS+DPT,24,0.3541666666666667,16,0.6666666666666666
Cli,11,14,Fastazi-S,24,0.9375,2,0.08333333333333333
Cli,11,14,Fastazi-P,24,0.9375,2,0.08333333333333333
Cli,11,14,Random,24,0.8541666666666667,4,0.16666666666666666
Cli,11,15,Ekstazi,24,0.8958333333333334,3,0.125
Cli,11,15,FAST,24,0.9375,2,0.08333333333333333
Cli,11,15,Ekstazi+dpt,24,0.3541666666666667,16,0.6666666666666666
Cli,11,15,DPT,24,0.3541666666666667,16,0.6666666666666666
Cli,11,15,STARTS,24,0.8541666666666667,4,0.16666666666666666
Cli,11,15,STARTS+FAST-S,24,0.9375,2,0.08333333333333333
Cli,11,15,STARTS+FAST-P,24,0.9375,2,0.08333333333333333
Cli,11,15,STARTS+DPT,24,0.31249999999999994,17,0.7083333333333334
Cli,11,15,Fastazi-S,24,0.9375,2,0.08333333333333333
Cli,11,15,Fastazi-P,24,0.9375,2,0.08333333333333333
Cli,11,15,Random,24,0.06249999999999996,23,0.9583333333333334
Cli,11,16,Ekstazi,24,0.43749999999999994,14,0.5833333333333334
Cli,11,16,FAST,24,0.9375,2,0.08333333333333333
Cli,11,16,Ekstazi+dpt,24,0.31249999999999994,17,0.7083333333333334
Cli,11,16,DPT,24,0.3958333333333333,15,0.625
Cli,11,16,STARTS,24,0.5625000000000001,11,0.4583333333333333
Cli,11,16,STARTS+FAST-S,24,0.9375,2,0.08333333333333333
Cli,11,16,STARTS+FAST-P,24,0.9375,2,0.08333333333333333
Cli,11,16,STARTS+DPT,24,0.31249999999999994,17,0.7083333333333334
Cli,11,16,Fastazi-S,24,0.9375,2,0.08333333333333333
Cli,11,16,Fastazi-P,24,0.9375,2,0.08333333333333333
Cli,11,16,Random,24,0.7708333333333334,6,0.25
Cli,11,17,Ekstazi,24,0.1041666666666667,22,0.9166666666666666
Cli,11,17,FAST,24,0.9375,2,0.08333333333333333
Cli,11,17,Ekstazi+dpt,24,0.43749999999999994,14,0.5833333333333334
Cli,11,17,DPT,24,0.31249999999999994,17,0.7083333333333334
Cli,11,17,STARTS,24,0.9375,2,0.08333333333333333
Cli,11,17,STARTS+FAST-S,24,0.9375,2,0.08333333333333333
Cli,11,17,STARTS+FAST-P,24,0.9375,2,0.08333333333333333
Cli,11,17,STARTS+DPT,24,0.43749999999999994,14,0.5833333333333334
Cli,11,17,Fastazi-S,24,0.9375,2,0.08333333333333333
Cli,11,17,Fastazi-P,24,0.9375,2,0.08333333333333333
Cli,11,17,Random,24,0.31249999999999994,17,0.7083333333333334
Cli,11,18,Ekstazi,24,0.020833333333333332,24,1.0
Cli,11,18,FAST,24,0.9375,2,0.08333333333333333
Cli,11,18,Ekstazi+dpt,24,0.43749999999999994,14,0.5833333333333334
Cli,11,18,DPT,24,0.3541666666666667,16,0.6666666666666666
Cli,11,18,STARTS,24,0.18749999999999997,20,0.8333333333333334
Cli,11,18,STARTS+FAST-S,24,0.9375,2,0.08333333333333333
Cli,11,18,STARTS+FAST-P,24,0.9375,2,0.08333333333333333
Cli,11,18,STARTS+DPT,24,0.31249999999999994,17,0.7083333333333334
Cli,11,18,Fastazi-S,24,0.9375,2,0.08333333333333333
Cli,11,18,Fastazi-P,24,0.9375,2,0.08333333333333333
Cli,11,18,Random,24,0.06249999999999996,23,0.9583333333333334
Cli,11,19,Ekstazi,24,0.3958333333333333,15,0.625
Cli,11,19,FAST,24,0.9375,2,0.08333333333333333
Cli,11,19,Ekstazi+dpt,24,0.3958333333333333,15,0.625
Cli,11,19,DPT,24,0.3541666666666667,16,0.6666666666666666
Cli,11,19,STARTS,24,0.2708333333333333,18,0.75
Cli,11,19,STARTS+FAST-S,24,0.9375,2,0.08333333333333333
Cli,11,19,STARTS+FAST-P,24,0.8541666666666667,4,0.16666666666666666
Cli,11,19,STARTS+DPT,24,0.43749999999999994,14,0.5833333333333334
Cli,11,19,Fastazi-S,24,0.9375,2,0.08333333333333333
Cli,11,19,Fastazi-P,24,0.9375,2,0.08333333333333333
Cli,11,19,Random,24,0.2291666666666667,19,0.7916666666666666
Cli,11,20,Ekstazi,24,0.4791666666666667,13,0.5416666666666666
Cli,11,20,FAST,24,0.2708333333333333,18,0.75
Cli,11,20,Ekstazi+dpt,24,0.3541666666666667,16,0.6666666666666666
Cli,11,20,DPT,24,0.3958333333333333,15,0.625
Cli,11,20,STARTS,24,0.9375,2,0.08333333333333333
Cli,11,20,STARTS+FAST-S,24,0.8541666666666667,4,0.16666666666666666
Cli,11,20,STARTS+FAST-P,24,0.9375,2,0.08333333333333333
Cli,11,20,STARTS+DPT,24,0.31249999999999994,17,0.7083333333333334
Cli,11,20,Fastazi-S,24,0.9375,2,0.08333333333333333
Cli,11,20,Fastazi-P,24,0.2708333333333333,18,0.75
Cli,11,20,Random,24,0.7291666666666666,7,0.2916666666666667
Cli,11,21,Ekstazi,24,0.5208333333333334,12,0.5
Cli,11,21,FAST,24,0.9791666666666667,1,0.041666666666666664
Cli,11,21,Ekstazi+dpt,24,0.43749999999999994,14,0.5833333333333334
Cli,11,21,DPT,24,0.3541666666666667,16,0.6666666666666666
Cli,11,21,STARTS,24,0.7708333333333334,6,0.25
Cli,11,21,STARTS+FAST-S,24,0.9375,2,0.08333333333333333
Cli,11,21,STARTS+FAST-P,24,0.9375,2,0.08333333333333333
Cli,11,21,STARTS+DPT,24,0.3541666666666667,16,0.6666666666666666
Cli,11,21,Fastazi-S,24,0.9375,2,0.08333333333333333
Cli,11,21,Fastazi-P,24,0.9791666666666667,1,0.041666666666666664
Cli,11,21,Random,24,0.5208333333333334,12,0.5
Cli,11,22,Ekstazi,24,0.8125,5,0.20833333333333334
Cli,11,22,FAST,24,0.9375,2,0.08333333333333333
Cli,11,22,Ekstazi+dpt,24,0.31249999999999994,17,0.7083333333333334
Cli,11,22,DPT,24,0.3958333333333333,15,0.625
Cli,11,22,STARTS,24,0.31249999999999994,17,0.7083333333333334
Cli,11,22,STARTS+FAST-S,24,0.9375,2,0.08333333333333333
Cli,11,22,STARTS+FAST-P,24,0.9791666666666667,1,0.041666666666666664
Cli,11,22,STARTS+DPT,24,0.43749999999999994,14,0.5833333333333334
Cli,11,22,Fastazi-S,24,0.9375,2,0.08333333333333333
Cli,11,22,Fastazi-P,24,0.9375,2,0.08333333333333333
Cli,11,22,Random,24,0.7708333333333334,6,0.25
Cli,11,23,Ekstazi,24,0.31249999999999994,17,0.7083333333333334
Cli,11,23,FAST,24,0.2708333333333333,18,0.75
Cli,11,23,Ekstazi+dpt,24,0.43749999999999994,14,0.5833333333333334
Cli,11,23,DPT,24,0.3958333333333333,15,0.625
Cli,11,23,STARTS,24,0.2708333333333333,18,0.75
Cli,11,23,STARTS+FAST-S,24,0.9375,2,0.08333333333333333
Cli,11,23,STARTS+FAST-P,24,0.9375,2,0.08333333333333333
Cli,11,23,STARTS+DPT,24,0.3541666666666667,16,0.6666666666666666
Cli,11,23,Fastazi-S,24,0.2708333333333333,18,0.75
Cli,11,23,Fastazi-P,24,0.2708333333333333,18,0.75
Cli,11,23,Random,24,0.8958333333333334,3,0.125
Cli,11,24,Ekstazi,24,0.9791666666666667,1,0.041666666666666664
Cli,11,24,FAST,24,0.2708333333333333,18,0.75
Cli,11,24,Ekstazi+dpt,24,0.3541666666666667,16,0.6666666666666666
Cli,11,24,DPT,24,0.3958333333333333,15,0.625
Cli,11,24,STARTS,24,0.4791666666666667,13,0.5416666666666666
Cli,11,24,STARTS+FAST-S,24,0.9375,2,0.08333333333333333
Cli,11,24,STARTS+FAST-P,24,0.9375,2,0.08333333333333333
Cli,11,24,STARTS+DPT,24,0.3541666666666667,16,0.6666666666666666
Cli,11,24,Fastazi-S,24,0.9375,2,0.08333333333333333
Cli,11,24,Fastazi-P,24,0.2708333333333333,18,0.75
Cli,11,24,Random,24,0.06249999999999996,23,0.9583333333333334
Cli,11,25,Ekstazi,24,0.2291666666666667,19,0.7916666666666666
Cli,11,25,FAST,24,0.9375,2,0.08333333333333333
Cli,11,25,Ekstazi+dpt,24,0.3541666666666667,16,0.6666666666666666
Cli,11,25,DPT,24,0.43749999999999994,14,0.5833333333333334
Cli,11,25,STARTS,24,0.9791666666666667,1,0.041666666666666664
Cli,11,25,STARTS+FAST-S,24,0.9375,2,0.08333333333333333
Cli,11,25,STARTS+FAST-P,24,0.8541666666666667,4,0.16666666666666666
Cli,11,25,STARTS+DPT,24,0.43749999999999994,14,0.5833333333333334
Cli,11,25,Fastazi-S,24,0.9375,2,0.08333333333333333
Cli,11,25,Fastazi-P,24,0.9375,2,0.08333333333333333
Cli,11,25,Random,24,0.18749999999999997,20,0.8333333333333334
Cli,11,26,Ekstazi,24,0.9791666666666667,1,0.041666666666666664
Cli,11,26,FAST,24,0.9375,2,0.08333333333333333
Cli,11,26,Ekstazi+dpt,24,0.3541666666666667,16,0.6666666666666666
Cli,11,26,DPT,24,0.3958333333333333,15,0.625
Cli,11,26,STARTS,24,0.020833333333333332,24,1.0
Cli,11,26,STARTS+FAST-S,24,0.9375,2,0.08333333333333333
Cli,11,26,STARTS+FAST-P,24,0.9375,2,0.08333333333333333
Cli,11,26,STARTS+DPT,24,0.31249999999999994,17,0.7083333333333334
Cli,11,26,Fastazi-S,24,0.9375,2,0.08333333333333333
Cli,11,26,Fastazi-P,24,0.9375,2,0.08333333333333333
Cli,11,26,Random,24,0.31249999999999994,17,0.7083333333333334
Cli,11,27,Ekstazi,24,0.3958333333333333,15,0.625
Cli,11,27,FAST,24,0.9375,2,0.08333333333333333
Cli,11,27,Ekstazi+dpt,24,0.43749999999999994,14,0.5833333333333334
Cli,11,27,DPT,24,0.43749999999999994,14,0.5833333333333334
Cli,11,27,STARTS,24,0.6041666666666666,10,0.4166666666666667
Cli,11,27,STARTS+FAST-S,24,0.9375,2,0.08333333333333333
Cli,11,27,STARTS+FAST-P,24,0.9375,2,0.08333333333333333
Cli,11,27,STARTS+DPT,24,0.3958333333333333,15,0.625
Cli,11,27,Fastazi-S,24,0.9375,2,0.08333333333333333
Cli,11,27,Fastazi-P,24,0.9375,2,0.08333333333333333
Cli,11,27,Random,24,0.5208333333333334,12,0.5
Cli,11,28,Ekstazi,24,0.4791666666666667,13,0.5416666666666666
Cli,11,28,FAST,24,0.9375,2,0.08333333333333333
Cli,11,28,Ekstazi+dpt,24,0.3541666666666667,16,0.6666666666666666
Cli,11,28,DPT,24,0.3541666666666667,16,0.6666666666666666
Cli,11,28,STARTS,24,0.4791666666666667,13,0.5416666666666666
Cli,11,28,STARTS+FAST-S,24,0.9375,2,0.08333333333333333
Cli,11,28,STARTS+FAST-P,24,0.8958333333333334,3,0.125
Cli,11,28,STARTS+DPT,24,0.43749999999999994,14,0.5833333333333334
Cli,11,28,Fastazi-S,24,0.9375,2,0.08333333333333333
Cli,11,28,Fastazi-P,24,0.9375,2,0.08333333333333333
Cli,11,28,Random,24,0.8958333333333334,3,0.125
Cli,11,29,Ekstazi,24,0.18749999999999997,20,0.8333333333333334
Cli,11,29,FAST,24,0.9375,2,0.08333333333333333
Cli,11,29,Ekstazi+dpt,24,0.3958333333333333,15,0.625
Cli,11,29,DPT,24,0.3541666666666667,16,0.6666666666666666
Cli,11,29,STARTS,24,0.5208333333333334,12,0.5
Cli,11,29,STARTS+FAST-S,24,0.9375,2,0.08333333333333333
Cli,11,29,STARTS+FAST-P,24,0.9375,2,0.08333333333333333
Cli,11,29,STARTS+DPT,24,0.43749999999999994,14,0.5833333333333334
Cli,11,29,Fastazi-S,24,0.9375,2,0.08333333333333333
Cli,11,29,Fastazi-P,24,0.9375,2,0.08333333333333333
Cli,11,29,Random,24,0.6458333333333334,9,0.375
Cli,11,30,Ekstazi,24,0.5625000000000001,11,0.4583333333333333
Cli,11,30,FAST,24,0.9375,2,0.08333333333333333
Cli,11,30,Ekstazi+dpt,24,0.43749999999999994,14,0.5833333333333334
Cli,11,30,DPT,24,0.31249999999999994,17,0.7083333333333334
Cli,11,30,STARTS,24,0.1041666666666667,22,0.9166666666666666
Cli,11,30,STARTS+FAST-S,24,0.9375,2,0.08333333333333333
Cli,11,30,STARTS+FAST-P,24,0.8541666666666667,4,0.16666666666666666
Cli,11,30,STARTS+DPT,24,0.31249999999999994,17,0.7083333333333334
Cli,11,30,Fastazi-S,24,0.9375,2,0.08333333333333333
Cli,11,30,Fastazi-P,24,0.9375,2,0.08333333333333333
Cli,11,30,Random,24,0.9791666666666667,1,0.041666666666666664
Cli,12,1,Ekstazi,20,0.7045454545454546,7,0.3181818181818182
Cli,12,1,FAST,22,0.25,17,0.7727272727272727
Cli,12,1,Ekstazi+dpt,20,0.7954545454545454,5,0.22727272727272727
Cli,12,1,DPT,22,0.75,6,0.2727272727272727
Cli,12,1,STARTS,20,0.4772727272727273,12,0.5454545454545454
Cli,12,1,STARTS+FAST-S,20,0.7954545454545454,5,0.22727272727272727
Cli,12,1,STARTS+FAST-P,20,0.9772727272727273,1,0.045454545454545456
Cli,12,1,STARTS+DPT,20,0.7954545454545454,5,0.22727272727272727
Cli,12,1,Fastazi-S,20,0.6136363636363635,9,0.4090909090909091
Cli,12,1,Fastazi-P,20,0.34090909090909094,15,0.6818181818181818
Cli,12,1,Random,22,0.022727272727272728,22,1.0
Cli,12,2,Ekstazi,20,0.5227272727272727,11,0.5
Cli,12,2,FAST,22,0.2954545454545454,16,0.7272727272727273
Cli,12,2,Ekstazi+dpt,20,0.7954545454545454,5,0.22727272727272727
Cli,12,2,DPT,22,0.7954545454545454,5,0.22727272727272727
Cli,12,2,STARTS,20,0.25,17,0.7727272727272727
Cli,12,2,STARTS+FAST-S,20,0.8409090909090908,4,0.18181818181818182
Cli,12,2,STARTS+FAST-P,20,0.9772727272727273,1,0.045454545454545456
Cli,12,2,STARTS+DPT,20,0.7954545454545454,5,0.22727272727272727
Cli,12,2,Fastazi-S,20,0.34090909090909094,15,0.6818181818181818
Cli,12,2,Fastazi-P,20,0.38636363636363635,14,0.6363636363636364
Cli,12,2,Random,22,0.75,6,0.2727272727272727
Cli,12,3,Ekstazi,20,0.4772727272727273,12,0.5454545454545454
Cli,12,3,FAST,22,0.25,17,0.7727272727272727
Cli,12,3,Ekstazi+dpt,20,0.75,6,0.2727272727272727
Cli,12,3,DPT,22,0.8409090909090908,4,0.18181818181818182
Cli,12,3,STARTS,20,0.7045454545454546,7,0.3181818181818182
Cli,12,3,STARTS+FAST-S,20,0.7954545454545454,5,0.22727272727272727
Cli,12,3,STARTS+FAST-P,20,0.75,6,0.2727272727272727
Cli,12,3,STARTS+DPT,20,0.7954545454545454,5,0.22727272727272727
Cli,12,3,Fastazi-S,20,0.34090909090909094,15,0.6818181818181818
Cli,12,3,Fastazi-P,20,0.34090909090909094,15,0.6818181818181818
Cli,12,3,Random,22,0.5227272727272727,11,0.5
Cli,12,4,Ekstazi,20,0.4772727272727273,12,0.5454545454545454
Cli,12,4,FAST,22,0.25,17,0.7727272727272727
Cli,12,4,Ekstazi+dpt,20,0.8409090909090908,4,0.18181818181818182
Cli,12,4,DPT,22,0.75,6,0.2727272727272727
Cli,12,4,STARTS,20,0.8863636363636364,3,0.13636363636363635
Cli,12,4,STARTS+FAST-S,20,0.7954545454545454,5,0.22727272727272727
Cli,12,4,STARTS+FAST-P,20,0.8863636363636364,3,0.13636363636363635
Cli,12,4,STARTS+DPT,20,0.75,6,0.2727272727272727
Cli,12,4,Fastazi-S,20,0.34090909090909094,15,0.6818181818181818
Cli,12,4,Fastazi-P,20,0.34090909090909094,15,0.6818181818181818
Cli,12,4,Random,22,0.6590909090909091,8,0.36363636363636365
Cli,12,5,Ekstazi,20,0.2045454545454545,18,0.8181818181818182
Cli,12,5,FAST,22,0.25,17,0.7727272727272727
Cli,12,5,Ekstazi+dpt,20,0.7954545454545454,5,0.22727272727272727
Cli,12,5,DPT,22,0.8409090909090908,4,0.18181818181818182
Cli,12,5,STARTS,20,0.5681818181818181,10,0.45454545454545453
Cli,12,5,STARTS+FAST-S,20,0.7954545454545454,5,0.22727272727272727
Cli,12,5,STARTS+FAST-P,20,0.8409090909090908,4,0.18181818181818182
Cli,12,5,STARTS+DPT,20,0.75,6,0.2727272727272727
Cli,12,5,Fastazi-S,20,0.25,17,0.7727272727272727
Cli,12,5,Fastazi-P,20,0.34090909090909094,15,0.6818181818181818
Cli,12,5,Random,22,0.8863636363636364,3,0.13636363636363635
Cli,12,6,Ekstazi,20,0.9772727272727273,1,0.045454545454545456
Cli,12,6,FAST,22,0.38636363636363635,14,0.6363636363636364
Cli,12,6,Ekstazi+dpt,20,0.7954545454545454,5,0.22727272727272727
Cli,12,6,DPT,22,0.75,6,0.2727272727272727
Cli,12,6,STARTS,20,0.6590909090909091,8,0.36363636363636365
Cli,12,6,STARTS+FAST-S,20,0.8409090909090908,4,0.18181818181818182
Cli,12,6,STARTS+FAST-P,20,0.8863636363636364,3,0.13636363636363635
Cli,12,6,STARTS+DPT,20,0.7954545454545454,5,0.22727272727272727
Cli,12,6,Fastazi-S,20,0.6136363636363635,9,0.4090909090909091
Cli,12,6,Fastazi-P,20,0.43181818181818177,13,0.5909090909090909
Cli,12,6,Random,22,0.1590909090909091,19,0.8636363636363636
Cli,12,7,Ekstazi,20,0.1590909090909091,19,0.8636363636363636
Cli,12,7,FAST,22,0.25,17,0.7727272727272727
Cli,12,7,Ekstazi+dpt,20,0.75,6,0.2727272727272727
Cli,12,7,DPT,22,0.7954545454545454,5,0.22727272727272727
Cli,12,7,STARTS,20,0.38636363636363635,14,0.6363636363636364
Cli,12,7,STARTS+FAST-S,20,0.7954545454545454,5,0.22727272727272727
Cli,12,7,STARTS+FAST-P,20,0.8409090909090908,4,0.18181818181818182
Cli,12,7,STARTS+DPT,20,0.75,6,0.2727272727272727
Cli,12,7,Fastazi-S,20,0.34090909090909094,15,0.6818181818181818
Cli,12,7,Fastazi-P,20,0.34090909090909094,15,0.6818181818181818
Cli,12,7,Random,22,0.2954545454545454,16,0.7272727272727273
Cli,12,8,Ekstazi,20,0.7045454545454546,7,0.3181818181818182
Cli,12,8,FAST,22,0.25,17,0.7727272727272727
Cli,12,8,Ekstazi+dpt,20,0.7954545454545454,5,0.22727272727272727
Cli,12,8,DPT,22,0.7954545454545454,5,0.22727272727272727
Cli,12,8,STARTS,20,0.75,6,0.2727272727272727
Cli,12,8,STARTS+FAST-S,20,0.7954545454545454,5,0.22727272727272727
Cli,12,8,STARTS+FAST-P,20,0.7954545454545454,5,0.22727272727272727
Cli,12,8,STARTS+DPT,20,0.7954545454545454,5,0.22727272727272727
Cli,12,8,Fastazi-S,20,0.34090909090909094,15,0.6818181818181818
Cli,12,8,Fastazi-P,20,0.34090909090909094,15,0.6818181818181818
Cli,12,8,Random,22,0.2954545454545454,16,0.7272727272727273
Cli,12,9,Ekstazi,20,0.38636363636363635,14,0.6363636363636364
Cli,12,9,FAST,22,0.1590909090909091,19,0.8636363636363636
Cli,12,9,Ekstazi+dpt,20,0.7954545454545454,5,0.22727272727272727
Cli,12,9,DPT,22,0.7954545454545454,5,0.22727272727272727
Cli,12,9,STARTS,20,0.9318181818181818,2,0.09090909090909091
Cli,12,9,STARTS+FAST-S,20,0.8409090909090908,4,0.18181818181818182
Cli,12,9,STARTS+FAST-P,20,0.8409090909090908,4,0.18181818181818182
Cli,12,9,STARTS+DPT,20,0.7954545454545454,5,0.22727272727272727
Cli,12,9,Fastazi-S,20,0.38636363636363635,14,0.6363636363636364
Cli,12,9,Fastazi-P,20,0.25,17,0.7727272727272727
Cli,12,9,Random,22,0.6136363636363635,9,0.4090909090909091
Cli,12,10,Ekstazi,20,0.34090909090909094,15,0.6818181818181818
Cli,12,10,FAST,22,0.25,17,0.7727272727272727
Cli,12,10,Ekstazi+dpt,20,0.75,6,0.2727272727272727
Cli,12,10,DPT,22,0.75,6,0.2727272727272727
Cli,12,10,STARTS,20,0.8863636363636364,3,0.13636363636363635
Cli,12,10,STARTS+FAST-S,20,0.7954545454545454,5,0.22727272727272727
Cli,12,10,STARTS+FAST-P,20,0.7954545454545454,5,0.22727272727272727
Cli,12,10,STARTS+DPT,20,0.75,6,0.2727272727272727
Cli,12,10,Fastazi-S,20,0.34090909090909094,15,0.6818181818181818
Cli,12,10,Fastazi-P,20,0.34090909090909094,15,0.6818181818181818
Cli,12,10,Random,22,0.25,17,0.7727272727272727
Cli,12,11,Ekstazi,20,0.25,17,0.7727272727272727
Cli,12,11,FAST,22,0.25,17,0.7727272727272727
Cli,12,11,Ekstazi+dpt,20,0.7954545454545454,5,0.22727272727272727
Cli,12,11,DPT,22,0.8409090909090908,4,0.18181818181818182
Cli,12,11,STARTS,20,0.34090909090909094,15,0.6818181818181818
Cli,12,11,STARTS+FAST-S,20,0.7954545454545454,5,0.22727272727272727
Cli,12,11,STARTS+FAST-P,20,0.7954545454545454,5,0.22727272727272727
Cli,12,11,STARTS+DPT,20,0.7954545454545454,5,0.22727272727272727
Cli,12,11,Fastazi-S,20,0.34090909090909094,15,0.6818181818181818
Cli,12,11,Fastazi-P,20,0.34090909090909094,15,0.6818181818181818
Cli,12,11,Random,22,0.25,17,0.7727272727272727
Cli,12,12,Ekstazi,20,0.9772727272727273,1,0.045454545454545456
Cli,12,12,FAST,22,0.25,17,0.7727272727272727
Cli,12,12,Ekstazi+dpt,20,0.8409090909090908,4,0.18181818181818182
Cli,12,12,DPT,22,0.75,6,0.2727272727272727
Cli,12,12,STARTS,20,0.6136363636363635,9,0.4090909090909091
Cli,12,12,STARTS+FAST-S,20,0.8409090909090908,4,0.18181818181818182
Cli,12,12,STARTS+FAST-P,20,0.8863636363636364,3,0.13636363636363635
Cli,12,12,STARTS+DPT,20,0.7954545454545454,5,0.22727272727272727
Cli,12,12,Fastazi-S,20,0.34090909090909094,15,0.6818181818181818
Cli,12,12,Fastazi-P,20,0.34090909090909094,15,0.6818181818181818
Cli,12,12,Random,22,0.25,17,0.7727272727272727
Cli,12,13,Ekstazi,20,0.9318181818181818,2,0.09090909090909091
Cli,12,13,FAST,22,0.1590909090909091,19,0.8636363636363636
Cli,12,13,Ekstazi+dpt,20,0.75,6,0.2727272727272727
Cli,12,13,DPT,22,0.75,6,0.2727272727272727
Cli,12,13,STARTS,20,0.8409090909090908,4,0.18181818181818182
Cli,12,13,STARTS+FAST-S,20,0.7954545454545454,5,0.22727272727272727
Cli,12,13,STARTS+FAST-P,20,0.75,6,0.2727272727272727
Cli,12,13,STARTS+DPT,20,0.8409090909090908,4,0.18181818181818182
Cli,12,13,Fastazi-S,20,0.34090909090909094,15,0.6818181818181818
Cli,12,13,Fastazi-P,20,0.25,17,0.7727272727272727
Cli,12,13,Random,22,0.022727272727272728,22,1.0
Cli,12,14,Ekstazi,20,0.4772727272727273,12,0.5454545454545454
Cli,12,14,FAST,22,0.1590909090909091,19,0.8636363636363636
Cli,12,14,Ekstazi+dpt,20,0.7954545454545454,5,0.22727272727272727
Cli,12,14,DPT,22,0.75,6,0.2727272727272727
Cli,12,14,STARTS,20,0.9318181818181818,2,0.09090909090909091
Cli,12,14,STARTS+FAST-S,20,0.8409090909090908,4,0.18181818181818182
Cli,12,14,STARTS+FAST-P,20,0.7954545454545454,5,0.22727272727272727
Cli,12,14,STARTS+DPT,20,0.75,6,0.2727272727272727
Cli,12,14,Fastazi-S,20,0.34090909090909094,15,0.6818181818181818
Cli,12,14,Fastazi-P,20,0.25,17,0.7727272727272727
Cli,12,14,Random,22,0.2045454545454545,18,0.8181818181818182
Cli,12,15,Ekstazi,20,0.1590909090909091,19,0.8636363636363636
Cli,12,15,FAST,22,0.2045454545454545,18,0.8181818181818182
Cli,12,15,Ekstazi+dpt,20,0.8409090909090908,4,0.18181818181818182
Cli,12,15,DPT,22,0.7954545454545454,5,0.22727272727272727
Cli,12,15,STARTS,20,0.5681818181818181,10,0.45454545454545453
Cli,12,15,STARTS+FAST-S,20,0.8409090909090908,4,0.18181818181818182
Cli,12,15,STARTS+FAST-P,20,0.7954545454545454,5,0.22727272727272727
Cli,12,15,STARTS+DPT,20,0.75,6,0.2727272727272727
Cli,12,15,Fastazi-S,20,0.34090909090909094,15,0.6818181818181818
Cli,12,15,Fastazi-P,20,0.2954545454545454,16,0.7272727272727273
Cli,12,15,Random,22,0.5681818181818181,10,0.45454545454545453
Cli,12,16,Ekstazi,20,0.7045454545454546,7,0.3181818181818182
Cli,12,16,FAST,22,0.38636363636363635,14,0.6363636363636364
Cli,12,16,Ekstazi+dpt,20,0.7954545454545454,5,0.22727272727272727
Cli,12,16,DPT,22,0.75,6,0.2727272727272727
Cli,12,16,STARTS,20,0.11363636363636367,20,0.9090909090909091
Cli,12,16,STARTS+FAST-S,20,0.7954545454545454,5,0.22727272727272727
Cli,12,16,STARTS+FAST-P,20,0.8409090909090908,4,0.18181818181818182
Cli,12,16,STARTS+DPT,20,0.7954545454545454,5,0.22727272727272727
Cli,12,16,Fastazi-S,20,0.34090909090909094,15,0.6818181818181818
Cli,12,16,Fastazi-P,20,0.43181818181818177,13,0.5909090909090909
Cli,12,16,Random,22,0.8409090909090908,4,0.18181818181818182
Cli,12,17,Ekstazi,20,0.43181818181818177,13,0.5909090909090909
Cli,12,17,FAST,22,0.25,17,0.7727272727272727
Cli,12,17,Ekstazi+dpt,20,0.8409090909090908,4,0.18181818181818182
Cli,12,17,DPT,22,0.75,6,0.2727272727272727
Cli,12,17,STARTS,20,0.4772727272727273,12,0.5454545454545454
Cli,12,17,STARTS+FAST-S,20,0.7954545454545454,5,0.22727272727272727
Cli,12,17,STARTS+FAST-P,20,0.8409090909090908,4,0.18181818181818182
Cli,12,17,STARTS+DPT,20,0.75,6,0.2727272727272727
Cli,12,17,Fastazi-S,20,0.34090909090909094,15,0.6818181818181818
Cli,12,17,Fastazi-P,20,0.34090909090909094,15,0.6818181818181818
Cli,12,17,Random,22,0.7045454545454546,7,0.3181818181818182
Cli,12,18,Ekstazi,20,0.4772727272727273,12,0.5454545454545454
Cli,12,18,FAST,22,0.25,17,0.7727272727272727
Cli,12,18,Ekstazi+dpt,20,0.7954545454545454,5,0.22727272727272727
Cli,12,18,DPT,22,0.8409090909090908,4,0.18181818181818182
Cli,12,18,STARTS,20,0.8409090909090908,4,0.18181818181818182
Cli,12,18,STARTS+FAST-S,20,0.8409090909090908,4,0.18181818181818182
Cli,12,18,STARTS+FAST-P,20,0.7954545454545454,5,0.22727272727272727
Cli,12,18,STARTS+DPT,20,0.8409090909090908,4,0.18181818181818182
Cli,12,18,Fastazi-S,20,0.34090909090909094,15,0.6818181818181818
Cli,12,18,Fastazi-P,20,0.34090909090909094,15,0.6818181818181818
Cli,12,18,Random,22,0.4772727272727273,12,0.5454545454545454
Cli,12,19,Ekstazi,20,0.11363636363636367,20,0.9090909090909091
Cli,12,19,FAST,22,0.9772727272727273,1,0.045454545454545456
Cli,12,19,Ekstazi+dpt,20,0.75,6,0.2727272727272727
Cli,12,19,DPT,22,0.75,6,0.2727272727272727
Cli,12,19,STARTS,20,0.5227272727272727,11,0.5
Cli,12,19,STARTS+FAST-S,20,0.8409090909090908,4,0.18181818181818182
Cli,12,19,STARTS+FAST-P,20,0.75,6,0.2727272727272727
Cli,12,19,STARTS+DPT,20,0.8409090909090908,4,0.18181818181818182
Cli,12,19,Fastazi-S,20,0.25,17,0.7727272727272727
Cli,12,19,Fastazi-P,20,0.9772727272727273,1,0.045454545454545456
Cli,12,19,Random,22,0.2045454545454545,18,0.8181818181818182
Cli,12,20,Ekstazi,20,0.7954545454545454,5,0.22727272727272727
Cli,12,20,FAST,22,0.38636363636363635,14,0.6363636363636364
Cli,12,20,Ekstazi+dpt,20,0.7954545454545454,5,0.22727272727272727
Cli,12,20,DPT,22,0.8409090909090908,4,0.18181818181818182
Cli,12,20,STARTS,20,0.9772727272727273,1,0.045454545454545456
Cli,12,20,STARTS+FAST-S,20,0.7954545454545454,5,0.22727272727272727
Cli,12,20,STARTS+FAST-P,20,0.8409090909090908,4,0.18181818181818182
Cli,12,20,STARTS+DPT,20,0.7954545454545454,5,0.22727272727272727
Cli,12,20,Fastazi-S,20,0.34090909090909094,15,0.6818181818181818
Cli,12,20,Fastazi-P,20,0.43181818181818177,13,0.5909090909090909
Cli,12,20,Random,22,0.7954545454545454,5,0.22727272727272727
Cli,12,21,Ekstazi,20,0.7954545454545454,5,0.22727272727272727
Cli,12,21,FAST,22,0.9772727272727273,1,0.045454545454545456
Cli,12,21,Ekstazi+dpt,20,0.8409090909090908,4,0.18181818181818182
Cli,12,21,DPT,22,0.8409090909090908,4,0.18181818181818182
Cli,12,21,STARTS,20,0.2954545454545454,16,0.7272727272727273
Cli,12,21,STARTS+FAST-S,20,0.7954545454545454,5,0.22727272727272727
Cli,12,21,STARTS+FAST-P,20,0.8409090909090908,4,0.18181818181818182
Cli,12,21,STARTS+DPT,20,0.75,6,0.2727272727272727
Cli,12,21,Fastazi-S,20,0.34090909090909094,15,0.6818181818181818
Cli,12,21,Fastazi-P,20,0.9772727272727273,1,0.045454545454545456
Cli,12,21,Random,22,0.9772727272727273,1,0.045454545454545456
Cli,12,22,Ekstazi,20,0.4772727272727273,12,0.5454545454545454
Cli,12,22,FAST,22,0.25,17,0.7727272727272727
Cli,12,22,Ekstazi+dpt,20,0.7954545454545454,5,0.22727272727272727
Cli,12,22,DPT,22,0.75,6,0.2727272727272727
Cli,12,22,STARTS,20,0.11363636363636367,20,0.9090909090909091
Cli,12,22,STARTS+FAST-S,20,0.7954545454545454,5,0.22727272727272727
Cli,12,22,STARTS+FAST-P,20,0.8409090909090908,4,0.18181818181818182
Cli,12,22,STARTS+DPT,20,0.8409090909090908,4,0.18181818181818182
Cli,12,22,Fastazi-S,20,0.34090909090909094,15,0.6818181818181818
Cli,12,22,Fastazi-P,20,0.34090909090909094,15,0.6818181818181818
Cli,12,22,Random,22,0.1590909090909091,19,0.8636363636363636
Cli,12,23,Ekstazi,20,0.2954545454545454,16,0.7272727272727273
Cli,12,23,FAST,22,0.34090909090909094,15,0.6818181818181818
Cli,12,23,Ekstazi+dpt,20,0.7954545454545454,5,0.22727272727272727
Cli,12,23,DPT,22,0.8409090909090908,4,0.18181818181818182
Cli,12,23,STARTS,20,0.75,6,0.2727272727272727
Cli,12,23,STARTS+FAST-S,20,0.7954545454545454,5,0.22727272727272727
Cli,12,23,STARTS+FAST-P,20,0.8409090909090908,4,0.18181818181818182
Cli,12,23,STARTS+DPT,20,0.7954545454545454,5,0.22727272727272727
Cli,12,23,Fastazi-S,20,0.25,17,0.7727272727272727
Cli,12,23,Fastazi-P,20,0.43181818181818177,13,0.5909090909090909
Cli,12,23,Random,22,0.7045454545454546,7,0.3181818181818182
Cli,12,24,Ekstazi,20,0.2045454545454545,18,0.8181818181818182
Cli,12,24,FAST,22,0.25,17,0.7727272727272727
Cli,12,24,Ekstazi+dpt,20,0.7954545454545454,5,0.22727272727272727
Cli,12,24,DPT,22,0.8409090909090908,4,0.18181818181818182
Cli,12,24,STARTS,20,0.1590909090909091,19,0.8636363636363636
Cli,12,24,STARTS+FAST-S,20,0.9772727272727273,1,0.045454545454545456
Cli,12,24,STARTS+FAST-P,20,0.8409090909090908,4,0.18181818181818182
Cli,12,24,STARTS+DPT,20,0.8409090909090908,4,0.18181818181818182
Cli,12,24,Fastazi-S,20,0.34090909090909094,15,0.6818181818181818
Cli,12,24,Fastazi-P,20,0.34090909090909094,15,0.6818181818181818
Cli,12,24,Random,22,0.5681818181818181,10,0.45454545454545453
Cli,12,25,Ekstazi,20,0.1590909090909091,19,0.8636363636363636
Cli,12,25,FAST,22,0.2954545454545454,16,0.7272727272727273
Cli,12,25,Ekstazi+dpt,20,0.7954545454545454,5,0.22727272727272727
Cli,12,25,DPT,22,0.8409090909090908,4,0.18181818181818182
Cli,12,25,STARTS,20,0.7045454545454546,7,0.3181818181818182
Cli,12,25,STARTS+FAST-S,20,0.7954545454545454,5,0.22727272727272727
Cli,12,25,STARTS+FAST-P,20,0.7954545454545454,5,0.22727272727272727
Cli,12,25,STARTS+DPT,20,0.7954545454545454,5,0.22727272727272727
Cli,12,25,Fastazi-S,20,0.34090909090909094,15,0.6818181818181818
Cli,12,25,Fastazi-P,20,0.38636363636363635,14,0.6363636363636364
Cli,12,25,Random,22,0.75,6,0.2727272727272727
Cli,12,26,Ekstazi,20,0.6136363636363635,9,0.4090909090909091
Cli,12,26,FAST,22,0.25,17,0.7727272727272727
Cli,12,26,Ekstazi+dpt,20,0.7954545454545454,5,0.22727272727272727
Cli,12,26,DPT,22,0.7954545454545454,5,0.22727272727272727
Cli,12,26,STARTS,20,0.6136363636363635,9,0.4090909090909091
Cli,12,26,STARTS+FAST-S,20,0.7954545454545454,5,0.22727272727272727
Cli,12,26,STARTS+FAST-P,20,0.75,6,0.2727272727272727
Cli,12,26,STARTS+DPT,20,0.75,6,0.2727272727272727
Cli,12,26,Fastazi-S,20,0.34090909090909094,15,0.6818181818181818
Cli,12,26,Fastazi-P,20,0.34090909090909094,15,0.6818181818181818
Cli,12,26,Random,22,0.2954545454545454,16,0.7272727272727273
Cli,12,27,Ekstazi,20,0.9318181818181818,2,0.09090909090909091
Cli,12,27,FAST,22,0.38636363636363635,14,0.6363636363636364
Cli,12,27,Ekstazi+dpt,20,0.8409090909090908,4,0.18181818181818182
Cli,12,27,DPT,22,0.8409090909090908,4,0.18181818181818182
Cli,12,27,STARTS,20,0.11363636363636367,20,0.9090909090909091
Cli,12,27,STARTS+FAST-S,20,0.8409090909090908,4,0.18181818181818182
Cli,12,27,STARTS+FAST-P,20,0.8863636363636364,3,0.13636363636363635
Cli,12,27,STARTS+DPT,20,0.7954545454545454,5,0.22727272727272727
Cli,12,27,Fastazi-S,20,0.34090909090909094,15,0.6818181818181818
Cli,12,27,Fastazi-P,20,0.43181818181818177,13,0.5909090909090909
Cli,12,27,Random,22,0.75,6,0.2727272727272727
Cli,12,28,Ekstazi,20,0.5227272727272727,11,0.5
Cli,12,28,FAST,22,0.9772727272727273,1,0.045454545454545456
Cli,12,28,Ekstazi+dpt,20,0.75,6,0.2727272727272727
Cli,12,28,DPT,22,0.7954545454545454,5,0.22727272727272727
Cli,12,28,STARTS,20,0.4772727272727273,12,0.5454545454545454
Cli,12,28,STARTS+FAST-S,20,0.7954545454545454,5,0.22727272727272727
Cli,12,28,STARTS+FAST-P,20,0.8863636363636364,3,0.13636363636363635
Cli,12,28,STARTS+DPT,20,0.7954545454545454,5,0.22727272727272727
Cli,12,28,Fastazi-S,20,0.25,17,0.7727272727272727
Cli,12,28,Fastazi-P,20,0.9772727272727273,1,0.045454545454545456
Cli,12,28,Random,22,0.34090909090909094,15,0.6818181818181818
Cli,12,29,Ekstazi,20,0.75,6,0.2727272727272727
Cli,12,29,FAST,22,0.2045454545454545,18,0.8181818181818182
Cli,12,29,Ekstazi+dpt,20,0.75,6,0.2727272727272727
Cli,12,29,DPT,22,0.75,6,0.2727272727272727
Cli,12,29,STARTS,20,0.5681818181818181,10,0.45454545454545453
Cli,12,29,STARTS+FAST-S,20,0.7954545454545454,5,0.22727272727272727
Cli,12,29,STARTS+FAST-P,20,0.9772727272727273,1,0.045454545454545456
Cli,12,29,STARTS+DPT,20,0.8409090909090908,4,0.18181818181818182
Cli,12,29,Fastazi-S,20,0.34090909090909094,15,0.6818181818181818
Cli,12,29,Fastazi-P,20,0.2954545454545454,16,0.7272727272727273
Cli,12,29,Random,22,0.11363636363636367,20,0.9090909090909091
Cli,12,30,Ekstazi,20,0.34090909090909094,15,0.6818181818181818
Cli,12,30,FAST,22,0.25,17,0.7727272727272727
Cli,12,30,Ekstazi+dpt,20,0.75,6,0.2727272727272727
Cli,12,30,DPT,22,0.8409090909090908,4,0.18181818181818182
Cli,12,30,STARTS,20,0.9772727272727273,1,0.045454545454545456
Cli,12,30,STARTS+FAST-S,20,0.7954545454545454,5,0.22727272727272727
Cli,12,30,STARTS+FAST-P,20,0.8409090909090908,4,0.18181818181818182
Cli,12,30,STARTS+DPT,20,0.7954545454545454,5,0.22727272727272727
Cli,12,30,Fastazi-S,20,0.43181818181818177,13,0.5909090909090909
Cli,12,30,Fastazi-P,20,0.34090909090909094,15,0.6818181818181818
Cli,12,30,Random,22,0.34090909090909094,15,0.6818181818181818
Cli,13,1,Ekstazi,45,0.4056603773584906,32,0.6037735849056604
Cli,13,1,FAST,53,0.5943396226415094,22,0.41509433962264153
Cli,13,1,Ekstazi+dpt,45,0.7264150943396227,15,0.2830188679245283
Cli,13,1,DPT,53,0.7641509433962265,13,0.24528301886792453
Cli,13,1,STARTS,52,0.669811320754717,18,0.33962264150943394
Cli,13,1,STARTS+FAST-S,52,0.5943396226415094,22,0.41509433962264153
Cli,13,1,STARTS+FAST-P,52,0.5754716981132075,23,0.4339622641509434
Cli,13,1,STARTS+DPT,52,0.7641509433962265,13,0.24528301886792453
Cli,13,1,Fastazi-S,45,0.6509433962264152,19,0.3584905660377358
Cli,13,1,Fastazi-P,45,0.6509433962264152,19,0.3584905660377358
Cli,13,1,Random,53,0.8207547169811321,10,0.18867924528301888
Cli,13,2,Ekstazi,45,0.6509433962264152,19,0.3584905660377358
Cli,13,2,FAST,53,0.5943396226415094,22,0.41509433962264153
Cli,13,2,Ekstazi+dpt,45,0.7264150943396227,15,0.2830188679245283
Cli,13,2,DPT,53,0.7452830188679246,14,0.2641509433962264
Cli,13,2,STARTS,52,0.9905660377358491,1,0.018867924528301886
Cli,13,2,STARTS+FAST-S,52,0.5754716981132075,23,0.4339622641509434
Cli,13,2,STARTS+FAST-P,52,0.5943396226415094,22,0.41509433962264153
Cli,13,2,STARTS+DPT,52,0.7264150943396227,15,0.2830188679245283
Cli,13,2,Fastazi-S,45,0.6320754716981132,20,0.37735849056603776
Cli,13,2,Fastazi-P,45,0.6509433962264152,19,0.3584905660377358
Cli,13,2,Random,53,0.42452830188679247,31,0.5849056603773585
Cli,13,3,Ekstazi,45,0.7075471698113208,16,0.3018867924528302
Cli,13,3,FAST,53,0.5943396226415094,22,0.41509433962264153
Cli,13,3,Ekstazi+dpt,45,0.7264150943396227,15,0.2830188679245283
Cli,13,3,DPT,53,0.7264150943396227,15,0.2830188679245283
Cli,13,3,STARTS,52,0.8773584905660378,7,0.1320754716981132
Cli,13,3,STARTS+FAST-S,52,0.5943396226415094,22,0.41509433962264153
Cli,13,3,STARTS+FAST-P,52,0.5943396226415094,22,0.41509433962264153
Cli,13,3,STARTS+DPT,52,0.7452830188679246,14,0.2641509433962264
Cli,13,3,Fastazi-S,45,0.6320754716981132,20,0.37735849056603776
Cli,13,3,Fastazi-P,45,0.6509433962264152,19,0.3584905660377358
Cli,13,3,Random,53,0.669811320754717,18,0.33962264150943394
Cli,13,4,Ekstazi,45,0.17924528301886788,44,0.8301886792452831
Cli,13,4,FAST,53,0.5754716981132075,23,0.4339622641509434
Cli,13,4,Ekstazi+dpt,45,0.7264150943396227,15,0.2830188679245283
Cli,13,4,DPT,53,0.7641509433962265,13,0.24528301886792453
Cli,13,4,STARTS,52,0.6320754716981132,20,0.37735849056603776
Cli,13,4,STARTS+FAST-S,52,0.5943396226415094,22,0.41509433962264153
Cli,13,4,STARTS+FAST-P,52,0.5754716981132075,23,0.4339622641509434
Cli,13,4,STARTS+DPT,52,0.7452830188679246,14,0.2641509433962264
Cli,13,4,Fastazi-S,45,0.6320754716981132,20,0.37735849056603776
Cli,13,4,Fastazi-P,45,0.6509433962264152,19,0.3584905660377358
Cli,13,4,Random,53,0.5754716981132075,23,0.4339622641509434
Cli,13,5,Ekstazi,45,0.9528301886792453,3,0.05660377358490566
Cli,13,5,FAST,53,0.5754716981132075,23,0.4339622641509434
Cli,13,5,Ekstazi+dpt,45,0.7641509433962265,13,0.24528301886792453
Cli,13,5,DPT,53,0.7264150943396227,15,0.2830188679245283
Cli,13,5,STARTS,52,0.047169811320754707,51,0.9622641509433962
Cli,13,5,STARTS+FAST-S,52,0.5754716981132075,23,0.4339622641509434
Cli,13,5,STARTS+FAST-P,52,0.5754716981132075,23,0.4339622641509434
Cli,13,5,STARTS+DPT,52,0.7264150943396227,15,0.2830188679245283
Cli,13,5,Fastazi-S,45,0.6320754716981132,20,0.37735849056603776
Cli,13,5,Fastazi-P,45,0.6320754716981132,20,0.37735849056603776
Cli,13,5,Random,53,0.12264150943396224,47,0.8867924528301887
Cli,13,6,Ekstazi,45,0.34905660377358494,35,0.660377358490566
Cli,13,6,FAST,53,0.5943396226415094,22,0.41509433962264153
Cli,13,6,Ekstazi+dpt,45,0.7452830188679246,14,0.2641509433962264
Cli,13,6,DPT,53,0.7452830188679246,14,0.2641509433962264
Cli,13,6,STARTS,52,0.42452830188679247,31,0.5849056603773585
Cli,13,6,STARTS+FAST-S,52,0.5943396226415094,22,0.41509433962264153
Cli,13,6,STARTS+FAST-P,52,0.5943396226415094,22,0.41509433962264153
Cli,13,6,STARTS+DPT,52,0.7641509433962265,13,0.24528301886792453
Cli,13,6,Fastazi-S,45,0.6320754716981132,20,0.37735849056603776
Cli,13,6,Fastazi-P,45,0.6509433962264152,19,0.3584905660377358
Cli,13,6,Random,53,0.8018867924528302,11,0.20754716981132076
Cli,13,7,Ekstazi,45,0.5754716981132075,23,0.4339622641509434
Cli,13,7,FAST,53,0.5754716981132075,23,0.4339622641509434
Cli,13,7,Ekstazi+dpt,45,0.7452830188679246,14,0.2641509433962264
Cli,13,7,DPT,53,0.7641509433962265,13,0.24528301886792453
Cli,13,7,STARTS,52,0.8773584905660378,7,0.1320754716981132
Cli,13,7,STARTS+FAST-S,52,0.5754716981132075,23,0.4339622641509434
Cli,13,7,STARTS+FAST-P,52,0.5943396226415094,22,0.41509433962264153
Cli,13,7,STARTS+DPT,52,0.7452830188679246,14,0.2641509433962264
Cli,13,7,Fastazi-S,45,0.6509433962264152,19,0.3584905660377358
Cli,13,7,Fastazi-P,45,0.6320754716981132,20,0.37735849056603776
Cli,13,7,Random,53,0.9716981132075472,2,0.03773584905660377
Cli,13,8,Ekstazi,45,0.2735849056603774,39,0.7358490566037735
Cli,13,8,FAST,53,0.5943396226415094,22,0.41509433962264153
Cli,13,8,Ekstazi+dpt,45,0.7641509433962265,13,0.24528301886792453
Cli,13,8,DPT,53,0.7452830188679246,14,0.2641509433962264
Cli,13,8,STARTS,52,0.8773584905660378,7,0.1320754716981132
Cli,13,8,STARTS+FAST-S,52,0.5943396226415094,22,0.41509433962264153
Cli,13,8,STARTS+FAST-P,52,0.5754716981132075,23,0.4339622641509434
Cli,13,8,STARTS+DPT,52,0.7264150943396227,15,0.2830188679245283
Cli,13,8,Fastazi-S,45,0.6320754716981132,20,0.37735849056603776
Cli,13,8,Fastazi-P,45,0.6509433962264152,19,0.3584905660377358
Cli,13,8,Random,53,0.21698113207547165,42,0.7924528301886793
Cli,13,9,Ekstazi,45,0.3679245283018868,34,0.6415094339622641
Cli,13,9,FAST,53,0.5943396226415094,22,0.41509433962264153
Cli,13,9,Ekstazi+dpt,45,0.7641509433962265,13,0.24528301886792453
Cli,13,9,DPT,53,0.7264150943396227,15,0.2830188679245283
Cli,13,9,STARTS,52,0.12264150943396224,47,0.8867924528301887
Cli,13,9,STARTS+FAST-S,52,0.5754716981132075,23,0.4339622641509434
Cli,13,9,STARTS+FAST-P,52,0.5754716981132075,23,0.4339622641509434
Cli,13,9,STARTS+DPT,52,0.7264150943396227,15,0.2830188679245283
Cli,13,9,Fastazi-S,45,0.6320754716981132,20,0.37735849056603776
Cli,13,9,Fastazi-P,45,0.6509433962264152,19,0.3584905660377358
Cli,13,9,Random,53,0.10377358490566035,48,0.9056603773584906
Cli,13,10,Ekstazi,45,0.42452830188679247,31,0.5849056603773585
Cli,13,10,FAST,53,0.5943396226415094,22,0.41509433962264153
Cli,13,10,Ekstazi+dpt,45,0.7641509433962265,13,0.24528301886792453
Cli,13,10,DPT,53,0.7264150943396227,15,0.2830188679245283
Cli,13,10,STARTS,52,0.5566037735849056,24,0.4528301886792453
Cli,13,10,STARTS+FAST-S,52,0.5943396226415094,22,0.41509433962264153
Cli,13,10,STARTS+FAST-P,52,0.5754716981132075,23,0.4339622641509434
Cli,13,10,STARTS+DPT,52,0.7641509433962265,13,0.24528301886792453
Cli,13,10,Fastazi-S,45,0.6320754716981132,20,0.37735849056603776
Cli,13,10,Fastazi-P,45,0.6509433962264152,19,0.3584905660377358
Cli,13,10,Random,53,0.23584905660377353,41,0.7735849056603774
Cli,13,11,Ekstazi,45,0.23584905660377353,41,0.7735849056603774
Cli,13,11,FAST,53,0.5754716981132075,23,0.4339622641509434
Cli,13,11,Ekstazi+dpt,45,0.7641509433962265,13,0.24528301886792453
Cli,13,11,DPT,53,0.7452830188679246,14,0.2641509433962264
Cli,13,11,STARTS,52,0.12264150943396224,47,0.8867924528301887
Cli,13,11,STARTS+FAST-S,52,0.5943396226415094,22,0.41509433962264153
Cli,13,11,STARTS+FAST-P,52,0.5754716981132075,23,0.4339622641509434
Cli,13,11,STARTS+DPT,52,0.7452830188679246,14,0.2641509433962264
Cli,13,11,Fastazi-S,45,0.6320754716981132,20,0.37735849056603776
Cli,13,11,Fastazi-P,45,0.6320754716981132,20,0.37735849056603776
Cli,13,11,Random,53,0.7641509433962265,13,0.24528301886792453
Cli,13,12,Ekstazi,45,0.21698113207547165,42,0.7924528301886793
Cli,13,12,FAST,53,0.5754716981132075,23,0.4339622641509434
Cli,13,12,Ekstazi+dpt,45,0.7264150943396227,15,0.2830188679245283
Cli,13,12,DPT,53,0.7641509433962265,13,0.24528301886792453
Cli,13,12,STARTS,52,0.2547169811320754,40,0.7547169811320755
Cli,13,12,STARTS+FAST-S,52,0.5943396226415094,22,0.41509433962264153
Cli,13,12,STARTS+FAST-P,52,0.5943396226415094,22,0.41509433962264153
Cli,13,12,STARTS+DPT,52,0.7452830188679246,14,0.2641509433962264
Cli,13,12,Fastazi-S,45,0.6509433962264152,19,0.3584905660377358
Cli,13,12,Fastazi-P,45,0.6320754716981132,20,0.37735849056603776
Cli,13,12,Random,53,0.9716981132075472,2,0.03773584905660377
Cli,13,13,Ekstazi,45,0.44339622641509435,30,0.5660377358490566
Cli,13,13,FAST,53,0.5943396226415094,22,0.41509433962264153
Cli,13,13,Ekstazi+dpt,45,0.7452830188679246,14,0.2641509433962264
Cli,13,13,DPT,53,0.7264150943396227,15,0.2830188679245283
Cli,13,13,STARTS,52,0.047169811320754707,51,0.9622641509433962
Cli,13,13,STARTS+FAST-S,52,0.5754716981132075,23,0.4339622641509434
Cli,13,13,STARTS+FAST-P,52,0.5943396226415094,22,0.41509433962264153
Cli,13,13,STARTS+DPT,52,0.7641509433962265,13,0.24528301886792453
Cli,13,13,Fastazi-S,45,0.6509433962264152,19,0.3584905660377358
Cli,13,13,Fastazi-P,45,0.6509433962264152,19,0.3584905660377358
Cli,13,13,Random,53,0.42452830188679247,31,0.5849056603773585
Cli,13,14,Ekstazi,45,0.7075471698113208,16,0.3018867924528302
Cli,13,14,FAST,53,0.5754716981132075,23,0.4339622641509434
Cli,13,14,Ekstazi+dpt,45,0.7264150943396227,15,0.2830188679245283
Cli,13,14,DPT,53,0.7452830188679246,14,0.2641509433962264
Cli,13,14,STARTS,52,0.5754716981132075,23,0.4339622641509434
Cli,13,14,STARTS+FAST-S,52,0.5754716981132075,23,0.4339622641509434
Cli,13,14,STARTS+FAST-P,52,0.5754716981132075,23,0.4339622641509434
Cli,13,14,STARTS+DPT,52,0.7641509433962265,13,0.24528301886792453
Cli,13,14,Fastazi-S,45,0.6320754716981132,20,0.37735849056603776
Cli,13,14,Fastazi-P,45,0.6320754716981132,20,0.37735849056603776
Cli,13,14,Random,53,0.7452830188679246,14,0.2641509433962264
Cli,13,15,Ekstazi,45,0.6886792452830189,17,0.32075471698113206
Cli,13,15,FAST,53,0.5943396226415094,22,0.41509433962264153
Cli,13,15,Ekstazi+dpt,45,0.7264150943396227,15,0.2830188679245283
Cli,13,15,DPT,53,0.7264150943396227,15,0.2830188679245283
Cli,13,15,STARTS,52,0.5943396226415094,22,0.41509433962264153
Cli,13,15,STARTS+FAST-S,52,0.5943396226415094,22,0.41509433962264153
Cli,13,15,STARTS+FAST-P,52,0.5943396226415094,22,0.41509433962264153
Cli,13,15,STARTS+DPT,52,0.7264150943396227,15,0.2830188679245283
Cli,13,15,Fastazi-S,45,0.6509433962264152,19,0.3584905660377358
Cli,13,15,Fastazi-P,45,0.6509433962264152,19,0.3584905660377358
Cli,13,15,Random,53,0.3679245283018868,34,0.6415094339622641
Cli,13,16,Ekstazi,45,0.9528301886792453,3,0.05660377358490566
Cli,13,16,FAST,53,0.5754716981132075,23,0.4339622641509434
Cli,13,16,Ekstazi+dpt,45,0.7641509433962265,13,0.24528301886792453
Cli,13,16,DPT,53,0.7641509433962265,13,0.24528301886792453
Cli,13,16,STARTS,52,0.8962264150943396,6,0.11320754716981132
Cli,13,16,STARTS+FAST-S,52,0.5943396226415094,22,0.41509433962264153
Cli,13,16,STARTS+FAST-P,52,0.5943396226415094,22,0.41509433962264153
Cli,13,16,STARTS+DPT,52,0.7452830188679246,14,0.2641509433962264
Cli,13,16,Fastazi-S,45,0.6320754716981132,20,0.37735849056603776
Cli,13,16,Fastazi-P,45,0.6320754716981132,20,0.37735849056603776
Cli,13,16,Random,53,0.7452830188679246,14,0.2641509433962264
Cli,13,17,Ekstazi,45,0.5943396226415094,22,0.41509433962264153
Cli,13,17,FAST,53,0.5754716981132075,23,0.4339622641509434
Cli,13,17,Ekstazi+dpt,45,0.7641509433962265,13,0.24528301886792453
Cli,13,17,DPT,53,0.7264150943396227,15,0.2830188679245283
Cli,13,17,STARTS,52,0.19811320754716977,43,0.8113207547169812
Cli,13,17,STARTS+FAST-S,52,0.5754716981132075,23,0.4339622641509434
Cli,13,17,STARTS+FAST-P,52,0.5943396226415094,22,0.41509433962264153
Cli,13,17,STARTS+DPT,52,0.7452830188679246,14,0.2641509433962264
Cli,13,17,Fastazi-S,45,0.6320754716981132,20,0.37735849056603776
Cli,13,17,Fastazi-P,45,0.6320754716981132,20,0.37735849056603776
Cli,13,17,Random,53,0.8207547169811321,10,0.18867924528301888
Cli,13,18,Ekstazi,45,0.42452830188679247,31,0.5849056603773585
Cli,13,18,FAST,53,0.5943396226415094,22,0.41509433962264153
Cli,13,18,Ekstazi+dpt,45,0.7641509433962265,13,0.24528301886792453
Cli,13,18,DPT,53,0.7264150943396227,15,0.2830188679245283
Cli,13,18,STARTS,52,0.06603773584905659,50,0.9433962264150944
Cli,13,18,STARTS+FAST-S,52,0.5943396226415094,22,0.41509433962264153
Cli,13,18,STARTS+FAST-P,52,0.5943396226415094,22,0.41509433962264153
Cli,13,18,STARTS+DPT,52,0.7452830188679246,14,0.2641509433962264
Cli,13,18,Fastazi-S,45,0.6509433962264152,19,0.3584905660377358
Cli,13,18,Fastazi-P,45,0.6509433962264152,19,0.3584905660377358
Cli,13,18,Random,53,0.17924528301886788,44,0.8301886792452831
Cli,13,19,Ekstazi,45,0.8962264150943396,6,0.11320754716981132
Cli,13,19,FAST,53,0.5943396226415094,22,0.41509433962264153
Cli,13,19,Ekstazi+dpt,45,0.7264150943396227,15,0.2830188679245283
Cli,13,19,DPT,53,0.7641509433962265,13,0.24528301886792453
Cli,13,19,STARTS,52,0.4811320754716981,28,0.5283018867924528
Cli,13,19,STARTS+FAST-S,52,0.5943396226415094,22,0.41509433962264153
Cli,13,19,STARTS+FAST-P,52,0.5943396226415094,22,0.41509433962264153
Cli,13,19,STARTS+DPT,52,0.7452830188679246,14,0.2641509433962264
Cli,13,19,Fastazi-S,45,0.6320754716981132,20,0.37735849056603776
Cli,13,19,Fastazi-P,45,0.6509433962264152,19,0.3584905660377358
Cli,13,19,Random,53,0.44339622641509435,30,0.5660377358490566
Cli,13,20,Ekstazi,45,0.2735849056603774,39,0.7358490566037735
Cli,13,20,FAST,53,0.5754716981132075,23,0.4339622641509434
Cli,13,20,Ekstazi+dpt,45,0.7452830188679246,14,0.2641509433962264
Cli,13,20,DPT,53,0.7641509433962265,13,0.24528301886792453
Cli,13,20,STARTS,52,0.669811320754717,18,0.33962264150943394
Cli,13,20,STARTS+FAST-S,52,0.5754716981132075,23,0.4339622641509434
Cli,13,20,STARTS+FAST-P,52,0.5754716981132075,23,0.4339622641509434
Cli,13,20,STARTS+DPT,52,0.7641509433962265,13,0.24528301886792453
Cli,13,20,Fastazi-S,45,0.6509433962264152,19,0.3584905660377358
Cli,13,20,Fastazi-P,45,0.6320754716981132,20,0.37735849056603776
Cli,13,20,Random,53,0.23584905660377353,41,0.7735849056603774
Cli,13,21,Ekstazi,45,0.6320754716981132,20,0.37735849056603776
Cli,13,21,FAST,53,0.5754716981132075,23,0.4339622641509434
Cli,13,21,Ekstazi+dpt,45,0.7641509433962265,13,0.24528301886792453
Cli,13,21,DPT,53,0.7264150943396227,15,0.2830188679245283
Cli,13,21,STARTS,52,0.7075471698113208,16,0.3018867924528302
Cli,13,21,STARTS+FAST-S,52,0.5754716981132075,23,0.4339622641509434
Cli,13,21,STARTS+FAST-P,52,0.9905660377358491,1,0.018867924528301886
Cli,13,21,STARTS+DPT,52,0.7264150943396227,15,0.2830188679245283
Cli,13,21,Fastazi-S,45,0.6320754716981132,20,0.37735849056603776
Cli,13,21,Fastazi-P,45,0.6320754716981132,20,0.37735849056603776
Cli,13,21,Random,53,0.7075471698113208,16,0.3018867924528302
Cli,13,22,Ekstazi,45,0.160377358490566,45,0.8490566037735849
Cli,13,22,FAST,53,0.5754716981132075,23,0.4339622641509434
Cli,13,22,Ekstazi+dpt,45,0.7452830188679246,14,0.2641509433962264
Cli,13,22,DPT,53,0.7264150943396227,15,0.2830188679245283
Cli,13,22,STARTS,52,0.9905660377358491,1,0.018867924528301886
Cli,13,22,STARTS+FAST-S,52,0.5943396226415094,22,0.41509433962264153
Cli,13,22,STARTS+FAST-P,52,0.5943396226415094,22,0.41509433962264153
Cli,13,22,STARTS+DPT,52,0.7641509433962265,13,0.24528301886792453
Cli,13,22,Fastazi-S,45,0.6320754716981132,20,0.37735849056603776
Cli,13,22,Fastazi-P,45,0.6509433962264152,19,0.3584905660377358
Cli,13,22,Random,53,0.5,27,0.5094339622641509
Cli,13,23,Ekstazi,45,0.5943396226415094,22,0.41509433962264153
Cli,13,23,FAST,53,0.5943396226415094,22,0.41509433962264153
Cli,13,23,Ekstazi+dpt,45,0.7452830188679246,14,0.2641509433962264
Cli,13,23,DPT,53,0.7264150943396227,15,0.2830188679245283
Cli,13,23,STARTS,52,0.8962264150943396,6,0.11320754716981132
Cli,13,23,STARTS+FAST-S,52,0.5943396226415094,22,0.41509433962264153
Cli,13,23,STARTS+FAST-P,52,0.5754716981132075,23,0.4339622641509434
Cli,13,23,STARTS+DPT,52,0.7264150943396227,15,0.2830188679245283
Cli,13,23,Fastazi-S,45,0.6509433962264152,19,0.3584905660377358
Cli,13,23,Fastazi-P,45,0.6509433962264152,19,0.3584905660377358
Cli,13,23,Random,53,0.7830188679245284,12,0.22641509433962265
Cli,13,24,Ekstazi,45,0.6132075471698113,21,0.39622641509433965
Cli,13,24,FAST,53,0.5754716981132075,23,0.4339622641509434
Cli,13,24,Ekstazi+dpt,45,0.7641509433962265,13,0.24528301886792453
Cli,13,24,DPT,53,0.7264150943396227,15,0.2830188679245283
Cli,13,24,STARTS,52,0.8584905660377359,8,0.1509433962264151
Cli,13,24,STARTS+FAST-S,52,0.5754716981132075,23,0.4339622641509434
Cli,13,24,STARTS+FAST-P,52,0.5754716981132075,23,0.4339622641509434
Cli,13,24,STARTS+DPT,52,0.7452830188679246,14,0.2641509433962264
Cli,13,24,Fastazi-S,45,0.6509433962264152,19,0.3584905660377358
Cli,13,24,Fastazi-P,45,0.6320754716981132,20,0.37735849056603776
Cli,13,24,Random,53,0.7075471698113208,16,0.3018867924528302
Cli,13,25,Ekstazi,45,0.21698113207547165,42,0.7924528301886793
Cli,13,25,FAST,53,0.5754716981132075,23,0.4339622641509434
Cli,13,25,Ekstazi+dpt,45,0.7641509433962265,13,0.24528301886792453
Cli,13,25,DPT,53,0.7641509433962265,13,0.24528301886792453
Cli,13,25,STARTS,52,0.21698113207547165,42,0.7924528301886793
Cli,13,25,STARTS+FAST-S,52,0.5754716981132075,23,0.4339622641509434
Cli,13,25,STARTS+FAST-P,52,0.5943396226415094,22,0.41509433962264153
Cli,13,25,STARTS+DPT,52,0.7452830188679246,14,0.2641509433962264
Cli,13,25,Fastazi-S,45,0.6320754716981132,20,0.37735849056603776
Cli,13,25,Fastazi-P,45,0.6320754716981132,20,0.37735849056603776
Cli,13,25,Random,53,0.028301886792452824,52,0.9811320754716981
Cli,13,26,Ekstazi,45,0.44339622641509435,30,0.5660377358490566
Cli,13,26,FAST,53,0.5943396226415094,22,0.41509433962264153
Cli,13,26,Ekstazi+dpt,45,0.7452830188679246,14,0.2641509433962264
Cli,13,26,DPT,53,0.7452830188679246,14,0.2641509433962264
Cli,13,26,STARTS,52,0.9339622641509434,4,0.07547169811320754
Cli,13,26,STARTS+FAST-S,52,0.5754716981132075,23,0.4339622641509434
Cli,13,26,STARTS+FAST-P,52,0.5943396226415094,22,0.41509433962264153
Cli,13,26,STARTS+DPT,52,0.7452830188679246,14,0.2641509433962264
Cli,13,26,Fastazi-S,45,0.6320754716981132,20,0.37735849056603776
Cli,13,26,Fastazi-P,45,0.6509433962264152,19,0.3584905660377358
Cli,13,26,Random,53,0.5754716981132075,23,0.4339622641509434
Cli,13,27,Ekstazi,45,0.5943396226415094,22,0.41509433962264153
Cli,13,27,FAST,53,0.5754716981132075,23,0.4339622641509434
Cli,13,27,Ekstazi+dpt,45,0.7641509433962265,13,0.24528301886792453
Cli,13,27,DPT,53,0.7641509433962265,13,0.24528301886792453
Cli,13,27,STARTS,52,0.9339622641509434,4,0.07547169811320754
Cli,13,27,STARTS+FAST-S,52,0.5754716981132075,23,0.4339622641509434
Cli,13,27,STARTS+FAST-P,52,0.5754716981132075,23,0.4339622641509434
Cli,13,27,STARTS+DPT,52,0.7452830188679246,14,0.2641509433962264
Cli,13,27,Fastazi-S,45,0.6320754716981132,20,0.37735849056603776
Cli,13,27,Fastazi-P,45,0.6320754716981132,20,0.37735849056603776
Cli,13,27,Random,53,0.7452830188679246,14,0.2641509433962264
Cli,13,28,Ekstazi,45,0.5943396226415094,22,0.41509433962264153
Cli,13,28,FAST,53,0.5754716981132075,23,0.4339622641509434
Cli,13,28,Ekstazi+dpt,45,0.7264150943396227,15,0.2830188679245283
Cli,13,28,DPT,53,0.7641509433962265,13,0.24528301886792453
Cli,13,28,STARTS,52,0.7452830188679246,14,0.2641509433962264
Cli,13,28,STARTS+FAST-S,52,0.5754716981132075,23,0.4339622641509434
Cli,13,28,STARTS+FAST-P,52,0.5754716981132075,23,0.4339622641509434
Cli,13,28,STARTS+DPT,52,0.7452830188679246,14,0.2641509433962264
Cli,13,28,Fastazi-S,45,0.6509433962264152,19,0.3584905660377358
Cli,13,28,Fastazi-P,45,0.6320754716981132,20,0.37735849056603776
Cli,13,28,Random,53,0.3679245283018868,34,0.6415094339622641
Cli,13,29,Ekstazi,45,0.3113207547169812,37,0.6981132075471698
Cli,13,29,FAST,53,0.5943396226415094,22,0.41509433962264153
Cli,13,29,Ekstazi+dpt,45,0.7452830188679246,14,0.2641509433962264
Cli,13,29,DPT,53,0.7264150943396227,15,0.2830188679245283
Cli,13,29,STARTS,52,0.9716981132075472,2,0.03773584905660377
Cli,13,29,STARTS+FAST-S,52,0.5754716981132075,23,0.4339622641509434
Cli,13,29,STARTS+FAST-P,52,0.5943396226415094,22,0.41509433962264153
Cli,13,29,STARTS+DPT,52,0.7641509433962265,13,0.24528301886792453
Cli,13,29,Fastazi-S,45,0.6509433962264152,19,0.3584905660377358
Cli,13,29,Fastazi-P,45,0.6509433962264152,19,0.3584905660377358
Cli,13,29,Random,53,0.5943396226415094,22,0.41509433962264153
Cli,13,30,Ekstazi,45,0.5943396226415094,22,0.41509433962264153
Cli,13,30,FAST,53,0.5754716981132075,23,0.4339622641509434
Cli,13,30,Ekstazi+dpt,45,0.7452830188679246,14,0.2641509433962264
Cli,13,30,DPT,53,0.7264150943396227,15,0.2830188679245283
Cli,13,30,STARTS,52,0.9150943396226415,5,0.09433962264150944
Cli,13,30,STARTS+FAST-S,52,0.5754716981132075,23,0.4339622641509434
Cli,13,30,STARTS+FAST-P,52,0.5943396226415094,22,0.41509433962264153
Cli,13,30,STARTS+DPT,52,0.7264150943396227,15,0.2830188679245283
Cli,13,30,Fastazi-S,45,0.6320754716981132,20,0.37735849056603776
Cli,13,30,Fastazi-P,45,0.6509433962264152,19,0.3584905660377358
Cli,13,30,Random,53,0.3867924528301887,33,0.6226415094339622
Cli,14,1,Ekstazi,38,0.9727272727272727,2,0.03636363636363636
Cli,14,1,FAST,55,0.37272727272727274,35,0.6363636363636364
Cli,14,1,Ekstazi+dpt,38,0.7545454545454545,14,0.2545454545454545
Cli,14,1,DPT,55,0.7363636363636363,15,0.2727272727272727
Cli,14,1,STARTS,45,0.37272727272727274,35,0.6363636363636364
Cli,14,1,STARTS+FAST-S,45,0.9363636363636363,4,0.07272727272727272
Cli,14,1,STARTS+FAST-P,45,0.9363636363636363,4,0.07272727272727272
Cli,14,1,STARTS+DPT,45,0.7181818181818181,16,0.2909090909090909
Cli,14,1,Fastazi-S,38,0.5545454545454545,25,0.45454545454545453
Cli,14,1,Fastazi-P,38,0.5363636363636364,26,0.4727272727272727
Cli,14,1,Random,55,0.6272727272727272,21,0.38181818181818183
Cli,14,2,Ekstazi,38,0.4454545454545455,31,0.5636363636363636
Cli,14,2,FAST,55,0.37272727272727274,35,0.6363636363636364
Cli,14,2,Ekstazi+dpt,38,0.7545454545454545,14,0.2545454545454545
Cli,14,2,DPT,55,0.7181818181818181,16,0.2909090909090909
Cli,14,2,STARTS,45,0.24545454545454543,42,0.7636363636363637
Cli,14,2,STARTS+FAST-S,45,0.9363636363636363,4,0.07272727272727272
Cli,14,2,STARTS+FAST-P,45,0.8818181818181818,7,0.12727272727272726
Cli,14,2,STARTS+DPT,45,0.7727272727272727,13,0.23636363636363636
Cli,14,2,Fastazi-S,38,0.5545454545454545,25,0.45454545454545453
Cli,14,2,Fastazi-P,38,0.5545454545454545,25,0.45454545454545453
Cli,14,2,Random,55,0.4272727272727273,32,0.5818181818181818
Cli,14,3,Ekstazi,38,0.6636363636363636,19,0.34545454545454546
Cli,14,3,FAST,55,0.39090909090909093,34,0.6181818181818182
Cli,14,3,Ekstazi+dpt,38,0.7545454545454545,14,0.2545454545454545
Cli,14,3,DPT,55,0.7545454545454545,14,0.2545454545454545
Cli,14,3,STARTS,45,0.4090909090909091,33,0.6
Cli,14,3,STARTS+FAST-S,45,0.9363636363636363,4,0.07272727272727272
Cli,14,3,STARTS+FAST-P,45,0.9363636363636363,4,0.07272727272727272
Cli,14,3,STARTS+DPT,45,0.7545454545454545,14,0.2545454545454545
Cli,14,3,Fastazi-S,38,0.5545454545454545,25,0.45454545454545453
Cli,14,3,Fastazi-P,38,0.5545454545454545,25,0.45454545454545453
Cli,14,3,Random,55,0.35454545454545455,36,0.6545454545454545
Cli,14,4,Ekstazi,38,0.9909090909090909,1,0.01818181818181818
Cli,14,4,FAST,55,0.9909090909090909,1,0.01818181818181818
Cli,14,4,Ekstazi+dpt,38,0.7181818181818181,16,0.2909090909090909
Cli,14,4,DPT,55,0.7363636363636363,15,0.2727272727272727
Cli,14,4,STARTS,45,0.4272727272727273,32,0.5818181818181818
Cli,14,4,STARTS+FAST-S,45,0.9363636363636363,4,0.07272727272727272
Cli,14,4,STARTS+FAST-P,45,0.9909090909090909,1,0.01818181818181818
Cli,14,4,STARTS+DPT,45,0.7545454545454545,14,0.2545454545454545
Cli,14,4,Fastazi-S,38,0.5363636363636364,26,0.4727272727272727
Cli,14,4,Fastazi-P,38,0.9909090909090909,1,0.01818181818181818
Cli,14,4,Random,55,0.2636363636363636,41,0.7454545454545455
Cli,14,5,Ekstazi,38,0.9909090909090909,1,0.01818181818181818
Cli,14,5,FAST,55,0.37272727272727274,35,0.6363636363636364
Cli,14,5,Ekstazi+dpt,38,0.7545454545454545,14,0.2545454545454545
Cli,14,5,DPT,55,0.7363636363636363,15,0.2727272727272727
Cli,14,5,STARTS,45,0.3181818181818182,38,0.6909090909090909
Cli,14,5,STARTS+FAST-S,45,0.8818181818181818,7,0.12727272727272726
Cli,14,5,STARTS+FAST-P,45,0.9545454545454545,3,0.05454545454545454
Cli,14,5,STARTS+DPT,45,0.7363636363636363,15,0.2727272727272727
Cli,14,5,Fastazi-S,38,0.9545454545454545,3,0.05454545454545454
Cli,14,5,Fastazi-P,38,0.5363636363636364,26,0.4727272727272727
Cli,14,5,Random,55,0.4454545454545455,31,0.5636363636363636
Cli,14,6,Ekstazi,38,0.609090909090909,22,0.4
Cli,14,6,FAST,55,0.37272727272727274,35,0.6363636363636364
Cli,14,6,Ekstazi+dpt,38,0.7363636363636363,15,0.2727272727272727
Cli,14,6,DPT,55,0.7363636363636363,15,0.2727272727272727
Cli,14,6,STARTS,45,0.2636363636363636,41,0.7454545454545455
Cli,14,6,STARTS+FAST-S,45,0.9363636363636363,4,0.07272727272727272
Cli,14,6,STARTS+FAST-P,45,0.9545454545454545,3,0.05454545454545454
Cli,14,6,STARTS+DPT,45,0.7181818181818181,16,0.2909090909090909
Cli,14,6,Fastazi-S,38,0.5363636363636364,26,0.4727272727272727
Cli,14,6,Fastazi-P,38,0.5545454545454545,25,0.45454545454545453
Cli,14,6,Random,55,0.8636363636363635,8,0.14545454545454545
Cli,14,7,Ekstazi,38,0.7181818181818181,16,0.2909090909090909
Cli,14,7,FAST,55,0.37272727272727274,35,0.6363636363636364
Cli,14,7,Ekstazi+dpt,38,0.7181818181818181,16,0.2909090909090909
Cli,14,7,DPT,55,0.7545454545454545,14,0.2545454545454545
Cli,14,7,STARTS,45,0.7727272727272727,13,0.23636363636363636
Cli,14,7,STARTS+FAST-S,45,0.9363636363636363,4,0.07272727272727272
Cli,14,7,STARTS+FAST-P,45,0.9363636363636363,4,0.07272727272727272
Cli,14,7,STARTS+DPT,45,0.7727272727272727,13,0.23636363636363636
Cli,14,7,Fastazi-S,38,0.5545454545454545,25,0.45454545454545453
Cli,14,7,Fastazi-P,38,0.5363636363636364,26,0.4727272727272727
Cli,14,7,Random,55,0.1363636363636364,48,0.8727272727272727
Cli,14,8,Ekstazi,38,0.5,28,0.509090909090909
Cli,14,8,FAST,55,0.39090909090909093,34,0.6181818181818182
Cli,14,8,Ekstazi+dpt,38,0.7181818181818181,16,0.2909090909090909
Cli,14,8,DPT,55,0.7727272727272727,13,0.23636363636363636
Cli,14,8,STARTS,45,0.22727272727272724,43,0.7818181818181819
Cli,14,8,STARTS+FAST-S,45,0.9363636363636363,4,0.07272727272727272
Cli,14,8,STARTS+FAST-P,45,0.9363636363636363,4,0.07272727272727272
Cli,14,8,STARTS+DPT,45,0.7363636363636363,15,0.2727272727272727
Cli,14,8,Fastazi-S,38,0.5545454545454545,25,0.45454545454545453
Cli,14,8,Fastazi-P,38,0.5545454545454545,25,0.45454545454545453
Cli,14,8,Random,55,0.9909090909090909,1,0.01818181818181818
Cli,14,9,Ekstazi,38,0.6636363636363636,19,0.34545454545454546
Cli,14,9,FAST,55,0.37272727272727274,35,0.6363636363636364
Cli,14,9,Ekstazi+dpt,38,0.7545454545454545,14,0.2545454545454545
Cli,14,9,DPT,55,0.7363636363636363,15,0.2727272727272727
Cli,14,9,STARTS,45,0.48181818181818187,29,0.5272727272727272
Cli,14,9,STARTS+FAST-S,45,0.9363636363636363,4,0.07272727272727272
Cli,14,9,STARTS+FAST-P,45,0.9363636363636363,4,0.07272727272727272
Cli,14,9,STARTS+DPT,45,0.7363636363636363,15,0.2727272727272727
Cli,14,9,Fastazi-S,38,0.5545454545454545,25,0.45454545454545453
Cli,14,9,Fastazi-P,38,0.5545454545454545,25,0.45454545454545453
Cli,14,9,Random,55,0.8818181818181818,7,0.12727272727272726
Cli,14,10,Ekstazi,38,0.6818181818181818,18,0.32727272727272727
Cli,14,10,FAST,55,0.39090909090909093,34,0.6181818181818182
Cli,14,10,Ekstazi+dpt,38,0.7363636363636363,15,0.2727272727272727
Cli,14,10,DPT,55,0.7727272727272727,13,0.23636363636363636
Cli,14,10,STARTS,45,0.7181818181818181,16,0.2909090909090909
Cli,14,10,STARTS+FAST-S,45,0.9909090909090909,1,0.01818181818181818
Cli,14,10,STARTS+FAST-P,45,0.9545454545454545,3,0.05454545454545454
Cli,14,10,STARTS+DPT,45,0.7181818181818181,16,0.2909090909090909
Cli,14,10,Fastazi-S,38,0.5545454545454545,25,0.45454545454545453
Cli,14,10,Fastazi-P,38,0.5545454545454545,25,0.45454545454545453
Cli,14,10,Random,55,0.2636363636363636,41,0.7454545454545455
Cli,14,11,Ekstazi,38,0.9909090909090909,1,0.01818181818181818
Cli,14,11,FAST,55,0.37272727272727274,35,0.6363636363636364
Cli,14,11,Ekstazi+dpt,38,0.7363636363636363,15,0.2727272727272727
Cli,14,11,DPT,55,0.7363636363636363,15,0.2727272727272727
Cli,14,11,STARTS,45,0.4090909090909091,33,0.6
Cli,14,11,STARTS+FAST-S,45,0.9363636363636363,4,0.07272727272727272
Cli,14,11,STARTS+FAST-P,45,0.9363636363636363,4,0.07272727272727272
Cli,14,11,STARTS+DPT,45,0.7181818181818181,16,0.2909090909090909
Cli,14,11,Fastazi-S,38,0.5545454545454545,25,0.45454545454545453
Cli,14,11,Fastazi-P,38,0.5363636363636364,26,0.4727272727272727
Cli,14,11,Random,55,0.9181818181818181,5,0.09090909090909091
Cli,14,12,Ekstazi,38,0.5727272727272728,24,0.43636363636363634
Cli,14,12,FAST,55,0.39090909090909093,34,0.6181818181818182
Cli,14,12,Ekstazi+dpt,38,0.7727272727272727,13,0.23636363636363636
Cli,14,12,DPT,55,0.7727272727272727,13,0.23636363636363636
Cli,14,12,STARTS,45,0.8999999999999999,6,0.10909090909090909
Cli,14,12,STARTS+FAST-S,45,0.9363636363636363,4,0.07272727272727272
Cli,14,12,STARTS+FAST-P,45,0.9363636363636363,4,0.07272727272727272
Cli,14,12,STARTS+DPT,45,0.7181818181818181,16,0.2909090909090909
Cli,14,12,Fastazi-S,38,0.5545454545454545,25,0.45454545454545453
Cli,14,12,Fastazi-P,38,0.5727272727272728,24,0.43636363636363634
Cli,14,12,Random,55,0.4272727272727273,32,0.5818181818181818
Cli,14,13,Ekstazi,38,0.8454545454545455,9,0.16363636363636364
Cli,14,13,FAST,55,0.37272727272727274,35,0.6363636363636364
Cli,14,13,Ekstazi+dpt,38,0.7545454545454545,14,0.2545454545454545
Cli,14,13,DPT,55,0.7545454545454545,14,0.2545454545454545
Cli,14,13,STARTS,45,0.8999999999999999,6,0.10909090909090909
Cli,14,13,STARTS+FAST-S,45,0.9363636363636363,4,0.07272727272727272
Cli,14,13,STARTS+FAST-P,45,0.9363636363636363,4,0.07272727272727272
Cli,14,13,STARTS+DPT,45,0.7363636363636363,15,0.2727272727272727
Cli,14,13,Fastazi-S,38,0.5545454545454545,25,0.45454545454545453
Cli,14,13,Fastazi-P,38,0.5545454545454545,25,0.45454545454545453
Cli,14,13,Random,55,0.6636363636363636,19,0.34545454545454546
Cli,14,14,Ekstazi,38,0.6454545454545454,20,0.36363636363636365
Cli,14,14,FAST,55,0.37272727272727274,35,0.6363636363636364
Cli,14,14,Ekstazi+dpt,38,0.7181818181818181,16,0.2909090909090909
Cli,14,14,DPT,55,0.7545454545454545,14,0.2545454545454545
Cli,14,14,STARTS,45,0.609090909090909,22,0.4
Cli,14,14,STARTS+FAST-S,45,0.9363636363636363,4,0.07272727272727272
Cli,14,14,STARTS+FAST-P,45,0.9363636363636363,4,0.07272727272727272
Cli,14,14,STARTS+DPT,45,0.7545454545454545,14,0.2545454545454545
Cli,14,14,Fastazi-S,38,0.5545454545454545,25,0.45454545454545453
Cli,14,14,Fastazi-P,38,0.5363636363636364,26,0.4727272727272727
Cli,14,14,Random,55,0.8999999999999999,6,0.10909090909090909
Cli,14,15,Ekstazi,38,0.9363636363636363,4,0.07272727272727272
Cli,14,15,FAST,55,0.37272727272727274,35,0.6363636363636364
Cli,14,15,Ekstazi+dpt,38,0.7545454545454545,14,0.2545454545454545
Cli,14,15,DPT,55,0.7727272727272727,13,0.23636363636363636
Cli,14,15,STARTS,45,0.9909090909090909,1,0.01818181818181818
Cli,14,15,STARTS+FAST-S,45,0.9363636363636363,4,0.07272727272727272
Cli,14,15,STARTS+FAST-P,45,0.9363636363636363,4,0.07272727272727272
Cli,14,15,STARTS+DPT,45,0.7545454545454545,14,0.2545454545454545
Cli,14,15,Fastazi-S,38,0.5363636363636364,26,0.4727272727272727
Cli,14,15,Fastazi-P,38,0.5363636363636364,26,0.4727272727272727
Cli,14,15,Random,55,0.7181818181818181,16,0.2909090909090909
Cli,14,16,Ekstazi,38,0.4090909090909091,33,0.6
Cli,14,16,FAST,55,0.37272727272727274,35,0.6363636363636364
Cli,14,16,Ekstazi+dpt,38,0.7363636363636363,15,0.2727272727272727
Cli,14,16,DPT,55,0.7727272727272727,13,0.23636363636363636
Cli,14,16,STARTS,45,0.3,39,0.7090909090909091
Cli,14,16,STARTS+FAST-S,45,0.9363636363636363,4,0.07272727272727272
Cli,14,16,STARTS+FAST-P,45,0.9363636363636363,4,0.07272727272727272
Cli,14,16,STARTS+DPT,45,0.7545454545454545,14,0.2545454545454545
Cli,14,16,Fastazi-S,38,0.5363636363636364,26,0.4727272727272727
Cli,14,16,Fastazi-P,38,0.5363636363636364,26,0.4727272727272727
Cli,14,16,Random,55,0.7727272727272727,13,0.23636363636363636
Cli,14,17,Ekstazi,38,0.6636363636363636,19,0.34545454545454546
Cli,14,17,FAST,55,0.39090909090909093,34,0.6181818181818182
Cli,14,17,Ekstazi+dpt,38,0.7545454545454545,14,0.2545454545454545
Cli,14,17,DPT,55,0.7727272727272727,13,0.23636363636363636
Cli,14,17,STARTS,45,0.2636363636363636,41,0.7454545454545455
Cli,14,17,STARTS+FAST-S,45,0.9363636363636363,4,0.07272727272727272
Cli,14,17,STARTS+FAST-P,45,0.9363636363636363,4,0.07272727272727272
Cli,14,17,STARTS+DPT,45,0.7363636363636363,15,0.2727272727272727
Cli,14,17,Fastazi-S,38,0.5363636363636364,26,0.4727272727272727
Cli,14,17,Fastazi-P,38,0.5545454545454545,25,0.45454545454545453
Cli,14,17,Random,55,0.1545454545454546,47,0.8545454545454545
Cli,14,18,Ekstazi,38,0.4090909090909091,33,0.6
Cli,14,18,FAST,55,0.9545454545454545,3,0.05454545454545454
Cli,14,18,Ekstazi+dpt,38,0.7545454545454545,14,0.2545454545454545
Cli,14,18,DPT,55,0.7363636363636363,15,0.2727272727272727
Cli,14,18,STARTS,45,0.6272727272727272,21,0.38181818181818183
Cli,14,18,STARTS+FAST-S,45,0.9363636363636363,4,0.07272727272727272
Cli,14,18,STARTS+FAST-P,45,0.9363636363636363,4,0.07272727272727272
Cli,14,18,STARTS+DPT,45,0.7363636363636363,15,0.2727272727272727
Cli,14,18,Fastazi-S,38,0.5545454545454545,25,0.45454545454545453
Cli,14,18,Fastazi-P,38,0.9727272727272727,2,0.03636363636363636
Cli,14,18,Random,55,0.9545454545454545,3,0.05454545454545454
Cli,14,19,Ekstazi,38,0.4090909090909091,33,0.6
Cli,14,19,FAST,55,0.37272727272727274,35,0.6363636363636364
Cli,14,19,Ekstazi+dpt,38,0.7545454545454545,14,0.2545454545454545
Cli,14,19,DPT,55,0.7181818181818181,16,0.2909090909090909
Cli,14,19,STARTS,45,0.24545454545454543,42,0.7636363636363637
Cli,14,19,STARTS+FAST-S,45,0.9363636363636363,4,0.07272727272727272
Cli,14,19,STARTS+FAST-P,45,0.9363636363636363,4,0.07272727272727272
Cli,14,19,STARTS+DPT,45,0.7545454545454545,14,0.2545454545454545
Cli,14,19,Fastazi-S,38,0.5545454545454545,25,0.45454545454545453
Cli,14,19,Fastazi-P,38,0.5363636363636364,26,0.4727272727272727
Cli,14,19,Random,55,0.4636363636363637,30,0.5454545454545454
Cli,14,20,Ekstazi,38,0.4636363636363637,30,0.5454545454545454
Cli,14,20,FAST,55,0.37272727272727274,35,0.6363636363636364
Cli,14,20,Ekstazi+dpt,38,0.7727272727272727,13,0.23636363636363636
Cli,14,20,DPT,55,0.7545454545454545,14,0.2545454545454545
Cli,14,20,STARTS,45,0.5909090909090908,23,0.41818181818181815
Cli,14,20,STARTS+FAST-S,45,0.9363636363636363,4,0.07272727272727272
Cli,14,20,STARTS+FAST-P,45,0.9363636363636363,4,0.07272727272727272
Cli,14,20,STARTS+DPT,45,0.7545454545454545,14,0.2545454545454545
Cli,14,20,Fastazi-S,38,0.9545454545454545,3,0.05454545454545454
Cli,14,20,Fastazi-P,38,0.5545454545454545,25,0.45454545454545453
Cli,14,20,Random,55,0.33636363636363636,37,0.6727272727272727
Cli,14,21,Ekstazi,38,0.9181818181818181,5,0.09090909090909091
Cli,14,21,FAST,55,0.37272727272727274,35,0.6363636363636364
Cli,14,21,Ekstazi+dpt,38,0.7545454545454545,14,0.2545454545454545
Cli,14,21,DPT,55,0.7363636363636363,15,0.2727272727272727
Cli,14,21,STARTS,45,0.8999999999999999,6,0.10909090909090909
Cli,14,21,STARTS+FAST-S,45,0.9363636363636363,4,0.07272727272727272
Cli,14,21,STARTS+FAST-P,45,0.9363636363636363,4,0.07272727272727272
Cli,14,21,STARTS+DPT,45,0.7545454545454545,14,0.2545454545454545
Cli,14,21,Fastazi-S,38,0.5545454545454545,25,0.45454545454545453
Cli,14,21,Fastazi-P,38,0.5545454545454545,25,0.45454545454545453
Cli,14,21,Random,55,0.33636363636363636,37,0.6727272727272727
Cli,14,22,Ekstazi,38,0.37272727272727274,35,0.6363636363636364
Cli,14,22,FAST,55,0.39090909090909093,34,0.6181818181818182
Cli,14,22,Ekstazi+dpt,38,0.7545454545454545,14,0.2545454545454545
Cli,14,22,DPT,55,0.7727272727272727,13,0.23636363636363636
Cli,14,22,STARTS,45,0.9545454545454545,3,0.05454545454545454
Cli,14,22,STARTS+FAST-S,45,0.9363636363636363,4,0.07272727272727272
Cli,14,22,STARTS+FAST-P,45,0.9545454545454545,3,0.05454545454545454
Cli,14,22,STARTS+DPT,45,0.7363636363636363,15,0.2727272727272727
Cli,14,22,Fastazi-S,38,0.5545454545454545,25,0.45454545454545453
Cli,14,22,Fastazi-P,38,0.5545454545454545,25,0.45454545454545453
Cli,14,22,Random,55,0.5545454545454545,25,0.45454545454545453
Cli,14,23,Ekstazi,38,0.609090909090909,22,0.4
Cli,14,23,FAST,55,0.39090909090909093,34,0.6181818181818182
Cli,14,23,Ekstazi+dpt,38,0.7363636363636363,15,0.2727272727272727
Cli,14,23,DPT,55,0.7545454545454545,14,0.2545454545454545
Cli,14,23,STARTS,45,0.9545454545454545,3,0.05454545454545454
Cli,14,23,STARTS+FAST-S,45,0.9363636363636363,4,0.07272727272727272
Cli,14,23,STARTS+FAST-P,45,0.9363636363636363,4,0.07272727272727272
Cli,14,23,STARTS+DPT,45,0.7727272727272727,13,0.23636363636363636
Cli,14,23,Fastazi-S,38,0.5545454545454545,25,0.45454545454545453
Cli,14,23,Fastazi-P,38,0.5727272727272728,24,0.43636363636363634
Cli,14,23,Random,55,0.7727272727272727,13,0.23636363636363636
Cli,14,24,Ekstazi,38,0.4454545454545455,31,0.5636363636363636
Cli,14,24,FAST,55,0.37272727272727274,35,0.6363636363636364
Cli,14,24,Ekstazi+dpt,38,0.7181818181818181,16,0.2909090909090909
Cli,14,24,DPT,55,0.7363636363636363,15,0.2727272727272727
Cli,14,24,STARTS,45,0.2636363636363636,41,0.7454545454545455
Cli,14,24,STARTS+FAST-S,45,0.9363636363636363,4,0.07272727272727272
Cli,14,24,STARTS+FAST-P,45,0.9363636363636363,4,0.07272727272727272
Cli,14,24,STARTS+DPT,45,0.7363636363636363,15,0.2727272727272727
Cli,14,24,Fastazi-S,38,0.5363636363636364,26,0.4727272727272727
Cli,14,24,Fastazi-P,38,0.5545454545454545,25,0.45454545454545453
Cli,14,24,Random,55,0.19090909090909086,45,0.8181818181818182
Cli,14,25,Ekstazi,38,0.33636363636363636,37,0.6727272727272727
Cli,14,25,FAST,55,0.37272727272727274,35,0.6363636363636364
Cli,14,25,Ekstazi+dpt,38,0.7181818181818181,16,0.2909090909090909
Cli,14,25,DPT,55,0.7181818181818181,16,0.2909090909090909
Cli,14,25,STARTS,45,0.5363636363636364,26,0.4727272727272727
Cli,14,25,STARTS+FAST-S,45,0.9363636363636363,4,0.07272727272727272
Cli,14,25,STARTS+FAST-P,45,0.9363636363636363,4,0.07272727272727272
Cli,14,25,STARTS+DPT,45,0.7727272727272727,13,0.23636363636363636
Cli,14,25,Fastazi-S,38,0.5363636363636364,26,0.4727272727272727
Cli,14,25,Fastazi-P,38,0.5545454545454545,25,0.45454545454545453
Cli,14,25,Random,55,0.9363636363636363,4,0.07272727272727272
Cli,14,26,Ekstazi,38,0.7363636363636363,15,0.2727272727272727
Cli,14,26,FAST,55,0.37272727272727274,35,0.6363636363636364
Cli,14,26,Ekstazi+dpt,38,0.7545454545454545,14,0.2545454545454545
Cli,14,26,DPT,55,0.7363636363636363,15,0.2727272727272727
Cli,14,26,STARTS,45,0.8999999999999999,6,0.10909090909090909
Cli,14,26,STARTS+FAST-S,45,0.9363636363636363,4,0.07272727272727272
Cli,14,26,STARTS+FAST-P,45,0.9363636363636363,4,0.07272727272727272
Cli,14,26,STARTS+DPT,45,0.7363636363636363,15,0.2727272727272727
Cli,14,26,Fastazi-S,38,0.5545454545454545,25,0.45454545454545453
Cli,14,26,Fastazi-P,38,0.5363636363636364,26,0.4727272727272727
Cli,14,26,Random,55,0.11818181818181822,49,0.8909090909090909
Cli,14,27,Ekstazi,38,0.8454545454545455,9,0.16363636363636364
Cli,14,27,FAST,55,0.39090909090909093,34,0.6181818181818182
Cli,14,27,Ekstazi+dpt,38,0.7545454545454545,14,0.2545454545454545
Cli,14,27,DPT,55,0.7181818181818181,16,0.2909090909090909
Cli,14,27,STARTS,45,0.4636363636363637,30,0.5454545454545454
Cli,14,27,STARTS+FAST-S,45,0.9363636363636363,4,0.07272727272727272
Cli,14,27,STARTS+FAST-P,45,0.9545454545454545,3,0.05454545454545454
Cli,14,27,STARTS+DPT,45,0.7181818181818181,16,0.2909090909090909
Cli,14,27,Fastazi-S,38,0.5545454545454545,25,0.45454545454545453
Cli,14,27,Fastazi-P,38,0.5545454545454545,25,0.45454545454545453
Cli,14,27,Random,55,0.7363636363636363,15,0.2727272727272727
Cli,14,28,Ekstazi,38,0.9909090909090909,1,0.01818181818181818
Cli,14,28,FAST,55,0.37272727272727274,35,0.6363636363636364
Cli,14,28,Ekstazi+dpt,38,0.7727272727272727,13,0.23636363636363636
Cli,14,28,DPT,55,0.7545454545454545,14,0.2545454545454545
Cli,14,28,STARTS,45,0.6636363636363636,19,0.34545454545454546
Cli,14,28,STARTS+FAST-S,45,0.9363636363636363,4,0.07272727272727272
Cli,14,28,STARTS+FAST-P,45,0.9363636363636363,4,0.07272727272727272
Cli,14,28,STARTS+DPT,45,0.7181818181818181,16,0.2909090909090909
Cli,14,28,Fastazi-S,38,0.5545454545454545,25,0.45454545454545453
Cli,14,28,Fastazi-P,38,0.5545454545454545,25,0.45454545454545453
Cli,14,28,Random,55,0.06363636363636366,52,0.9454545454545454
Cli,14,29,Ekstazi,38,0.6818181818181818,18,0.32727272727272727
Cli,14,29,FAST,55,0.39090909090909093,34,0.6181818181818182
Cli,14,29,Ekstazi+dpt,38,0.7181818181818181,16,0.2909090909090909
Cli,14,29,DPT,55,0.7727272727272727,13,0.23636363636363636
Cli,14,29,STARTS,45,0.2818181818181818,40,0.7272727272727273
Cli,14,29,STARTS+FAST-S,45,0.9181818181818181,5,0.09090909090909091
Cli,14,29,STARTS+FAST-P,45,0.9545454545454545,3,0.05454545454545454
Cli,14,29,STARTS+DPT,45,0.7181818181818181,16,0.2909090909090909
Cli,14,29,Fastazi-S,38,0.5363636363636364,26,0.4727272727272727
Cli,14,29,Fastazi-P,38,0.5545454545454545,25,0.45454545454545453
Cli,14,29,Random,55,0.08181818181818185,51,0.9272727272727272
Cli,14,30,Ekstazi,38,0.48181818181818187,29,0.5272727272727272
Cli,14,30,FAST,55,0.37272727272727274,35,0.6363636363636364
Cli,14,30,Ekstazi+dpt,38,0.7181818181818181,16,0.2909090909090909
Cli,14,30,DPT,55,0.7727272727272727,13,0.23636363636363636
Cli,14,30,STARTS,45,0.7,17,0.3090909090909091
Cli,14,30,STARTS+FAST-S,45,0.9363636363636363,4,0.07272727272727272
Cli,14,30,STARTS+FAST-P,45,0.9545454545454545,3,0.05454545454545454
Cli,14,30,STARTS+DPT,45,0.7727272727272727,13,0.23636363636363636
Cli,14,30,Fastazi-S,38,0.5545454545454545,25,0.45454545454545453
Cli,14,30,Fastazi-P,38,0.5545454545454545,25,0.45454545454545453
Cli,14,30,Random,55,0.6454545454545454,20,0.36363636363636365
Cli,15,1,Ekstazi,33,0.5625,25,0.44642857142857145
Cli,15,1,FAST,56,0.41964285714285715,33,0.5892857142857143
Cli,15,1,Ekstazi+dpt,33,0.6696428571428571,19,0.3392857142857143
Cli,15,1,DPT,56,0.6339285714285714,21,0.375
Cli,15,1,STARTS,42,0.5982142857142857,23,0.4107142857142857
Cli,15,1,STARTS+FAST-S,42,0.9375,4,0.07142857142857142
Cli,15,1,STARTS+FAST-P,42,0.9553571428571428,3,0.05357142857142857
Cli,15,1,STARTS+DPT,42,0.6517857142857142,20,0.35714285714285715
Cli,15,1,Fastazi-S,33,0.9553571428571428,3,0.05357142857142857
Cli,15,1,Fastazi-P,33,0.6517857142857142,20,0.35714285714285715
Cli,15,1,Random,56,0.29464285714285715,40,0.7142857142857143
Cli,15,2,Ekstazi,33,0.9375,4,0.07142857142857142
Cli,15,2,FAST,56,0.40178571428571436,34,0.6071428571428571
Cli,15,2,Ekstazi+dpt,33,0.6517857142857142,20,0.35714285714285715
Cli,15,2,DPT,56,0.6339285714285714,21,0.375
Cli,15,2,STARTS,42,0.45535714285714285,31,0.5535714285714286
Cli,15,2,STARTS+FAST-S,42,0.9375,4,0.07142857142857142
Cli,15,2,STARTS+FAST-P,42,0.9553571428571428,3,0.05357142857142857
Cli,15,2,STARTS+DPT,42,0.6339285714285714,21,0.375
Cli,15,2,Fastazi-S,33,0.6517857142857142,20,0.35714285714285715
Cli,15,2,Fastazi-P,33,0.6517857142857142,20,0.35714285714285715
Cli,15,2,Random,56,0.13392857142857142,49,0.875
Cli,15,3,Ekstazi,33,0.7767857142857142,13,0.23214285714285715
Cli,15,3,FAST,56,0.41964285714285715,33,0.5892857142857143
Cli,15,3,Ekstazi+dpt,33,0.6696428571428571,19,0.3392857142857143
Cli,15,3,DPT,56,0.5625,25,0.44642857142857145
Cli,15,3,STARTS,42,0.47321428571428575,30,0.5357142857142857
Cli,15,3,STARTS+FAST-S,42,0.9375,4,0.07142857142857142
Cli,15,3,STARTS+FAST-P,42,0.9375,4,0.07142857142857142
Cli,15,3,STARTS+DPT,42,0.6339285714285714,21,0.375
Cli,15,3,Fastazi-S,33,0.9553571428571428,3,0.05357142857142857
Cli,15,3,Fastazi-P,33,0.6517857142857142,20,0.35714285714285715
Cli,15,3,Random,56,0.8303571428571428,10,0.17857142857142858
Cli,15,4,Ekstazi,33,0.7232142857142857,16,0.2857142857142857
Cli,15,4,FAST,56,0.40178571428571436,34,0.6071428571428571
Cli,15,4,Ekstazi+dpt,33,0.6517857142857142,20,0.35714285714285715
Cli,15,4,DPT,56,0.5446428571428571,26,0.4642857142857143
Cli,15,4,STARTS,42,0.6875,18,0.32142857142857145
Cli,15,4,STARTS+FAST-S,42,0.9375,4,0.07142857142857142
Cli,15,4,STARTS+FAST-P,42,0.9375,4,0.07142857142857142
Cli,15,4,STARTS+DPT,42,0.6339285714285714,21,0.375
Cli,15,4,Fastazi-S,33,0.9553571428571428,3,0.05357142857142857
Cli,15,4,Fastazi-P,33,0.6517857142857142,20,0.35714285714285715
Cli,15,4,Random,56,0.7053571428571428,17,0.30357142857142855
Cli,15,5,Ekstazi,33,0.7410714285714286,15,0.26785714285714285
Cli,15,5,FAST,56,0.41964285714285715,33,0.5892857142857143
Cli,15,5,Ekstazi+dpt,33,0.5803571428571428,24,0.42857142857142855
Cli,15,5,DPT,56,0.6160714285714286,22,0.39285714285714285
Cli,15,5,STARTS,42,0.8839285714285714,7,0.125
Cli,15,5,STARTS+FAST-S,42,0.9375,4,0.07142857142857142
Cli,15,5,STARTS+FAST-P,42,0.9553571428571428,3,0.05357142857142857
Cli,15,5,STARTS+DPT,42,0.5446428571428571,26,0.4642857142857143
Cli,15,5,Fastazi-S,33,0.9375,4,0.07142857142857142
Cli,15,5,Fastazi-P,33,0.6517857142857142,20,0.35714285714285715
Cli,15,5,Random,56,0.9553571428571428,3,0.05357142857142857
Cli,15,6,Ekstazi,33,0.8660714285714286,8,0.14285714285714285
Cli,15,6,FAST,56,0.40178571428571436,34,0.6071428571428571
Cli,15,6,Ekstazi+dpt,33,0.6875,18,0.32142857142857145
Cli,15,6,DPT,56,0.5446428571428571,26,0.4642857142857143
Cli,15,6,STARTS,42,0.8125,11,0.19642857142857142
Cli,15,6,STARTS+FAST-S,42,0.9375,4,0.07142857142857142
Cli,15,6,STARTS+FAST-P,42,0.9553571428571428,3,0.05357142857142857
Cli,15,6,STARTS+DPT,42,0.5982142857142857,23,0.4107142857142857
Cli,15,6,Fastazi-S,33,0.9553571428571428,3,0.05357142857142857
Cli,15,6,Fastazi-P,33,0.6339285714285714,21,0.375
Cli,15,6,Random,56,0.6339285714285714,21,0.375
Cli,15,7,Ekstazi,33,0.9553571428571428,3,0.05357142857142857
Cli,15,7,FAST,56,0.40178571428571436,34,0.6071428571428571
Cli,15,7,Ekstazi+dpt,33,0.6160714285714286,22,0.39285714285714285
Cli,15,7,DPT,56,0.6339285714285714,21,0.375
Cli,15,7,STARTS,42,0.5446428571428571,26,0.4642857142857143
Cli,15,7,STARTS+FAST-S,42,0.9375,4,0.07142857142857142
Cli,15,7,STARTS+FAST-P,42,0.9375,4,0.07142857142857142
Cli,15,7,STARTS+DPT,42,0.5625,25,0.44642857142857145
Cli,15,7,Fastazi-S,33,0.6517857142857142,20,0.35714285714285715
Cli,15,7,Fastazi-P,33,0.6339285714285714,21,0.375
Cli,15,7,Random,56,0.9196428571428571,5,0.08928571428571429
Cli,15,8,Ekstazi,33,0.8660714285714286,8,0.14285714285714285
Cli,15,8,FAST,56,0.40178571428571436,34,0.6071428571428571
Cli,15,8,Ekstazi+dpt,33,0.5982142857142857,23,0.4107142857142857
Cli,15,8,DPT,56,0.5803571428571428,24,0.42857142857142855
Cli,15,8,STARTS,42,0.8303571428571428,10,0.17857142857142858
Cli,15,8,STARTS+FAST-S,42,0.9375,4,0.07142857142857142
Cli,15,8,STARTS+FAST-P,42,0.9553571428571428,3,0.05357142857142857
Cli,15,8,STARTS+DPT,42,0.6517857142857142,20,0.35714285714285715
Cli,15,8,Fastazi-S,33,0.6339285714285714,21,0.375
Cli,15,8,Fastazi-P,33,0.6517857142857142,20,0.35714285714285715
Cli,15,8,Random,56,0.5625,25,0.44642857142857145
Cli,15,9,Ekstazi,33,0.45535714285714285,31,0.5535714285714286
Cli,15,9,FAST,56,0.41964285714285715,33,0.5892857142857143
Cli,15,9,Ekstazi+dpt,33,0.6696428571428571,19,0.3392857142857143
Cli,15,9,DPT,56,0.6339285714285714,21,0.375
Cli,15,9,STARTS,42,0.33035714285714285,38,0.6785714285714286
Cli,15,9,STARTS+FAST-S,42,0.9196428571428571,5,0.08928571428571429
Cli,15,9,STARTS+FAST-P,42,0.9553571428571428,3,0.05357142857142857
Cli,15,9,STARTS+DPT,42,0.6517857142857142,20,0.35714285714285715
Cli,15,9,Fastazi-S,33,0.9553571428571428,3,0.05357142857142857
Cli,15,9,Fastazi-P,33,0.6517857142857142,20,0.35714285714285715
Cli,15,9,Random,56,0.16964285714285712,47,0.8392857142857143
Cli,15,10,Ekstazi,33,0.5446428571428571,26,0.4642857142857143
Cli,15,10,FAST,56,0.40178571428571436,34,0.6071428571428571
Cli,15,10,Ekstazi+dpt,33,0.6160714285714286,22,0.39285714285714285
Cli,15,10,DPT,56,0.6517857142857142,20,0.35714285714285715
Cli,15,10,STARTS,42,0.5982142857142857,23,0.4107142857142857
Cli,15,10,STARTS+FAST-S,42,0.9375,4,0.07142857142857142
Cli,15,10,STARTS+FAST-P,42,0.9553571428571428,3,0.05357142857142857
Cli,15,10,STARTS+DPT,42,0.5446428571428571,26,0.4642857142857143
Cli,15,10,Fastazi-S,33,0.6517857142857142,20,0.35714285714285715
Cli,15,10,Fastazi-P,33,0.6339285714285714,21,0.375
Cli,15,10,Random,56,0.7232142857142857,16,0.2857142857142857
Cli,15,11,Ekstazi,33,0.8482142857142857,9,0.16071428571428573
Cli,15,11,FAST,56,0.41964285714285715,33,0.5892857142857143
Cli,15,11,Ekstazi+dpt,33,0.5982142857142857,23,0.4107142857142857
Cli,15,11,DPT,56,0.5446428571428571,26,0.4642857142857143
Cli,15,11,STARTS,42,0.7053571428571428,17,0.30357142857142855
Cli,15,11,STARTS+FAST-S,42,0.9375,4,0.07142857142857142
Cli,15,11,STARTS+FAST-P,42,0.9375,4,0.07142857142857142
Cli,15,11,STARTS+DPT,42,0.5446428571428571,26,0.4642857142857143
Cli,15,11,Fastazi-S,33,0.6517857142857142,20,0.35714285714285715
Cli,15,11,Fastazi-P,33,0.6517857142857142,20,0.35714285714285715
Cli,15,11,Random,56,0.45535714285714285,31,0.5535714285714286
Cli,15,12,Ekstazi,33,0.7053571428571428,17,0.30357142857142855
Cli,15,12,FAST,56,0.40178571428571436,34,0.6071428571428571
Cli,15,12,Ekstazi+dpt,33,0.6160714285714286,22,0.39285714285714285
Cli,15,12,DPT,56,0.5446428571428571,26,0.4642857142857143
Cli,15,12,STARTS,42,0.7589285714285714,14,0.25
Cli,15,12,STARTS+FAST-S,42,0.9375,4,0.07142857142857142
Cli,15,12,STARTS+FAST-P,42,0.9375,4,0.07142857142857142
Cli,15,12,STARTS+DPT,42,0.5803571428571428,24,0.42857142857142855
Cli,15,12,Fastazi-S,33,0.9553571428571428,3,0.05357142857142857
Cli,15,12,Fastazi-P,33,0.6339285714285714,21,0.375
Cli,15,12,Random,56,0.7767857142857142,13,0.23214285714285715
Cli,15,13,Ekstazi,33,0.45535714285714285,31,0.5535714285714286
Cli,15,13,FAST,56,0.40178571428571436,34,0.6071428571428571
Cli,15,13,Ekstazi+dpt,33,0.5803571428571428,24,0.42857142857142855
Cli,15,13,DPT,56,0.6517857142857142,20,0.35714285714285715
Cli,15,13,STARTS,42,0.7410714285714286,15,0.26785714285714285
Cli,15,13,STARTS+FAST-S,42,0.9375,4,0.07142857142857142
Cli,15,13,STARTS+FAST-P,42,0.9553571428571428,3,0.05357142857142857
Cli,15,13,STARTS+DPT,42,0.5625,25,0.44642857142857145
Cli,15,13,Fastazi-S,33,0.6339285714285714,21,0.375
Cli,15,13,Fastazi-P,33,0.6517857142857142,20,0.35714285714285715
Cli,15,13,Random,56,0.8839285714285714,7,0.125
Cli,15,14,Ekstazi,33,0.8482142857142857,9,0.16071428571428573
Cli,15,14,FAST,56,0.40178571428571436,34,0.6071428571428571
Cli,15,14,Ekstazi+dpt,33,0.6696428571428571,19,0.3392857142857143
Cli,15,14,DPT,56,0.5803571428571428,24,0.42857142857142855
Cli,15,14,STARTS,42,0.6339285714285714,21,0.375
Cli,15,14,STARTS+FAST-S,42,0.9375,4,0.07142857142857142
Cli,15,14,STARTS+FAST-P,42,0.9375,4,0.07142857142857142
Cli,15,14,STARTS+DPT,42,0.5625,25,0.44642857142857145
Cli,15,14,Fastazi-S,33,0.9375,4,0.07142857142857142
Cli,15,14,Fastazi-P,33,0.6517857142857142,20,0.35714285714285715
Cli,15,14,Random,56,0.5089285714285714,28,0.5
Cli,15,15,Ekstazi,33,0.8660714285714286,8,0.14285714285714285
Cli,15,15,FAST,56,0.41964285714285715,33,0.5892857142857143
Cli,15,15,Ekstazi+dpt,33,0.6160714285714286,22,0.39285714285714285
Cli,15,15,DPT,56,0.5446428571428571,26,0.4642857142857143
Cli,15,15,STARTS,42,0.9196428571428571,5,0.08928571428571429
Cli,15,15,STARTS+FAST-S,42,0.9375,4,0.07142857142857142
Cli,15,15,STARTS+FAST-P,42,0.9375,4,0.07142857142857142
Cli,15,15,STARTS+DPT,42,0.5446428571428571,26,0.4642857142857143
Cli,15,15,Fastazi-S,33,0.9553571428571428,3,0.05357142857142857
Cli,15,15,Fastazi-P,33,0.6517857142857142,20,0.35714285714285715
Cli,15,15,Random,56,0.6160714285714286,22,0.39285714285714285
Cli,15,16,Ekstazi,33,0.9553571428571428,3,0.05357142857142857
Cli,15,16,FAST,56,0.40178571428571436,34,0.6071428571428571
Cli,15,16,Ekstazi+dpt,33,0.6875,18,0.32142857142857145
Cli,15,16,DPT,56,0.6339285714285714,21,0.375
Cli,15,16,STARTS,42,0.49107142857142855,29,0.5178571428571429
Cli,15,16,STARTS+FAST-S,42,0.9375,4,0.07142857142857142
Cli,15,16,STARTS+FAST-P,42,0.9375,4,0.07142857142857142
Cli,15,16,STARTS+DPT,42,0.6160714285714286,22,0.39285714285714285
Cli,15,16,Fastazi-S,33,0.9553571428571428,3,0.05357142857142857
Cli,15,16,Fastazi-P,33,0.6339285714285714,21,0.375
Cli,15,16,Random,56,0.18750000000000003,46,0.8214285714285714
Cli,15,17,Ekstazi,33,0.5446428571428571,26,0.4642857142857143
Cli,15,17,FAST,56,0.41964285714285715,33,0.5892857142857143
Cli,15,17,Ekstazi+dpt,33,0.6160714285714286,22,0.39285714285714285
Cli,15,17,DPT,56,0.5446428571428571,26,0.4642857142857143
Cli,15,17,STARTS,42,0.5625,25,0.44642857142857145
Cli,15,17,STARTS+FAST-S,42,0.9375,4,0.07142857142857142
Cli,15,17,STARTS+FAST-P,42,0.9553571428571428,3,0.05357142857142857
Cli,15,17,STARTS+DPT,42,0.6339285714285714,21,0.375
Cli,15,17,Fastazi-S,33,0.9553571428571428,3,0.05357142857142857
Cli,15,17,Fastazi-P,33,0.6696428571428571,19,0.3392857142857143
Cli,15,17,Random,56,0.22321428571428573,44,0.7857142857142857
Cli,15,18,Ekstazi,33,0.8660714285714286,8,0.14285714285714285
Cli,15,18,FAST,56,0.41964285714285715,33,0.5892857142857143
Cli,15,18,Ekstazi+dpt,33,0.6160714285714286,22,0.39285714285714285
Cli,15,18,DPT,56,0.5625,25,0.44642857142857145
Cli,15,18,STARTS,42,0.8125,11,0.19642857142857142
Cli,15,18,STARTS+FAST-S,42,0.9375,4,0.07142857142857142
Cli,15,18,STARTS+FAST-P,42,0.9553571428571428,3,0.05357142857142857
Cli,15,18,STARTS+DPT,42,0.6517857142857142,20,0.35714285714285715
Cli,15,18,Fastazi-S,33,0.9553571428571428,3,0.05357142857142857
Cli,15,18,Fastazi-P,33,0.6517857142857142,20,0.35714285714285715
Cli,15,18,Random,56,0.5803571428571428,24,0.42857142857142855
Cli,15,19,Ekstazi,33,0.8125,11,0.19642857142857142
Cli,15,19,FAST,56,0.40178571428571436,34,0.6071428571428571
Cli,15,19,Ekstazi+dpt,33,0.6696428571428571,19,0.3392857142857143
Cli,15,19,DPT,56,0.5982142857142857,23,0.4107142857142857
Cli,15,19,STARTS,42,0.33035714285714285,38,0.6785714285714286
Cli,15,19,STARTS+FAST-S,42,0.9375,4,0.07142857142857142
Cli,15,19,STARTS+FAST-P,42,0.9553571428571428,3,0.05357142857142857
Cli,15,19,STARTS+DPT,42,0.5446428571428571,26,0.4642857142857143
Cli,15,19,Fastazi-S,33,0.6517857142857142,20,0.35714285714285715
Cli,15,19,Fastazi-P,33,0.6339285714285714,21,0.375
Cli,15,19,Random,56,0.6517857142857142,20,0.35714285714285715
Cli,15,20,Ekstazi,33,0.7410714285714286,15,0.26785714285714285
Cli,15,20,FAST,56,0.40178571428571436,34,0.6071428571428571
Cli,15,20,Ekstazi+dpt,33,0.6339285714285714,21,0.375
Cli,15,20,DPT,56,0.5446428571428571,26,0.4642857142857143
Cli,15,20,STARTS,42,0.27678571428571436,41,0.7321428571428571
Cli,15,20,STARTS+FAST-S,42,0.9375,4,0.07142857142857142
Cli,15,20,STARTS+FAST-P,42,0.9553571428571428,3,0.05357142857142857
Cli,15,20,STARTS+DPT,42,0.5625,25,0.44642857142857145
Cli,15,20,Fastazi-S,33,0.6517857142857142,20,0.35714285714285715
Cli,15,20,Fastazi-P,33,0.6517857142857142,20,0.35714285714285715
Cli,15,20,Random,56,0.026785714285714333,55,0.9821428571428571
Cli,15,21,Ekstazi,33,0.6696428571428571,19,0.3392857142857143
Cli,15,21,FAST,56,0.41964285714285715,33,0.5892857142857143
Cli,15,21,Ekstazi+dpt,33,0.6875,18,0.32142857142857145
Cli,15,21,DPT,56,0.6517857142857142,20,0.35714285714285715
Cli,15,21,STARTS,42,0.38392857142857145,35,0.625
Cli,15,21,STARTS+FAST-S,42,0.9375,4,0.07142857142857142
Cli,15,21,STARTS+FAST-P,42,0.9553571428571428,3,0.05357142857142857
Cli,15,21,STARTS+DPT,42,0.5803571428571428,24,0.42857142857142855
Cli,15,21,Fastazi-S,33,0.9553571428571428,3,0.05357142857142857
Cli,15,21,Fastazi-P,33,0.6517857142857142,20,0.35714285714285715
Cli,15,21,Random,56,0.5625,25,0.44642857142857145
Cli,15,22,Ekstazi,33,0.8839285714285714,7,0.125
Cli,15,22,FAST,56,0.41964285714285715,33,0.5892857142857143
Cli,15,22,Ekstazi+dpt,33,0.5982142857142857,23,0.4107142857142857
Cli,15,22,DPT,56,0.5803571428571428,24,0.42857142857142855
Cli,15,22,STARTS,42,0.7053571428571428,17,0.30357142857142855
Cli,15,22,STARTS+FAST-S,42,0.9375,4,0.07142857142857142
Cli,15,22,STARTS+FAST-P,42,0.9553571428571428,3,0.05357142857142857
Cli,15,22,STARTS+DPT,42,0.6339285714285714,21,0.375
Cli,15,22,Fastazi-S,33,0.9553571428571428,3,0.05357142857142857
Cli,15,22,Fastazi-P,33,0.6517857142857142,20,0.35714285714285715
Cli,15,22,Random,56,0.7053571428571428,17,0.30357142857142855
Cli,15,23,Ekstazi,33,0.9732142857142857,2,0.03571428571428571
Cli,15,23,FAST,56,0.40178571428571436,34,0.6071428571428571
Cli,15,23,Ekstazi+dpt,33,0.6517857142857142,20,0.35714285714285715
Cli,15,23,DPT,56,0.6517857142857142,20,0.35714285714285715
Cli,15,23,STARTS,42,0.33035714285714285,38,0.6785714285714286
Cli,15,23,STARTS+FAST-S,42,0.9375,4,0.07142857142857142
Cli,15,23,STARTS+FAST-P,42,0.9553571428571428,3,0.05357142857142857
Cli,15,23,STARTS+DPT,42,0.5625,25,0.44642857142857145
Cli,15,23,Fastazi-S,33,0.9553571428571428,3,0.05357142857142857
Cli,15,23,Fastazi-P,33,0.6517857142857142,20,0.35714285714285715
Cli,15,23,Random,56,0.41964285714285715,33,0.5892857142857143
Cli,15,24,Ekstazi,33,0.9017857142857143,6,0.10714285714285714
Cli,15,24,FAST,56,0.41964285714285715,33,0.5892857142857143
Cli,15,24,Ekstazi+dpt,33,0.6339285714285714,21,0.375
Cli,15,24,DPT,56,0.6339285714285714,21,0.375
Cli,15,24,STARTS,42,0.33035714285714285,38,0.6785714285714286
Cli,15,24,STARTS+FAST-S,42,0.9375,4,0.07142857142857142
Cli,15,24,STARTS+FAST-P,42,0.9375,4,0.07142857142857142
Cli,15,24,STARTS+DPT,42,0.5625,25,0.44642857142857145
Cli,15,24,Fastazi-S,33,0.9910714285714285,1,0.017857142857142856
Cli,15,24,Fastazi-P,33,0.6517857142857142,20,0.35714285714285715
Cli,15,24,Random,56,0.09821428571428573,51,0.9107142857142857
Cli,15,25,Ekstazi,33,0.9553571428571428,3,0.05357142857142857
Cli,15,25,FAST,56,0.40178571428571436,34,0.6071428571428571
Cli,15,25,Ekstazi+dpt,33,0.6160714285714286,22,0.39285714285714285
Cli,15,25,DPT,56,0.5982142857142857,23,0.4107142857142857
Cli,15,25,STARTS,42,0.5267857142857142,27,0.48214285714285715
Cli,15,25,STARTS+FAST-S,42,0.9375,4,0.07142857142857142
Cli,15,25,STARTS+FAST-P,42,0.9375,4,0.07142857142857142
Cli,15,25,STARTS+DPT,42,0.5446428571428571,26,0.4642857142857143
Cli,15,25,Fastazi-S,33,0.9375,4,0.07142857142857142
Cli,15,25,Fastazi-P,33,0.6339285714285714,21,0.375
Cli,15,25,Random,56,0.15178571428571433,48,0.8571428571428571
Cli,15,26,Ekstazi,33,0.5982142857142857,23,0.4107142857142857
Cli,15,26,FAST,56,0.41964285714285715,33,0.5892857142857143
Cli,15,26,Ekstazi+dpt,33,0.6160714285714286,22,0.39285714285714285
Cli,15,26,DPT,56,0.6160714285714286,22,0.39285714285714285
Cli,15,26,STARTS,42,0.41964285714285715,33,0.5892857142857143
Cli,15,26,STARTS+FAST-S,42,0.9375,4,0.07142857142857142
Cli,15,26,STARTS+FAST-P,42,0.9553571428571428,3,0.05357142857142857
Cli,15,26,STARTS+DPT,42,0.5446428571428571,26,0.4642857142857143
Cli,15,26,Fastazi-S,33,0.6517857142857142,20,0.35714285714285715
Cli,15,26,Fastazi-P,33,0.6517857142857142,20,0.35714285714285715
Cli,15,26,Random,56,0.8482142857142857,9,0.16071428571428573
Cli,15,27,Ekstazi,33,0.6160714285714286,22,0.39285714285714285
Cli,15,27,FAST,56,0.41964285714285715,33,0.5892857142857143
Cli,15,27,Ekstazi+dpt,33,0.6160714285714286,22,0.39285714285714285
Cli,15,27,DPT,56,0.6517857142857142,20,0.35714285714285715
Cli,15,27,STARTS,42,0.5446428571428571,26,0.4642857142857143
Cli,15,27,STARTS+FAST-S,42,0.9196428571428571,5,0.08928571428571429
Cli,15,27,STARTS+FAST-P,42,0.9375,4,0.07142857142857142
Cli,15,27,STARTS+DPT,42,0.5625,25,0.44642857142857145
Cli,15,27,Fastazi-S,33,0.9553571428571428,3,0.05357142857142857
Cli,15,27,Fastazi-P,33,0.6517857142857142,20,0.35714285714285715
Cli,15,27,Random,56,0.41964285714285715,33,0.5892857142857143
Cli,15,28,Ekstazi,33,0.5446428571428571,26,0.4642857142857143
Cli,15,28,FAST,56,0.41964285714285715,33,0.5892857142857143
Cli,15,28,Ekstazi+dpt,33,0.6339285714285714,21,0.375
Cli,15,28,DPT,56,0.5982142857142857,23,0.4107142857142857
Cli,15,28,STARTS,42,0.36607142857142855,36,0.6428571428571429
Cli,15,28,STARTS+FAST-S,42,0.9375,4,0.07142857142857142
Cli,15,28,STARTS+FAST-P,42,0.9375,4,0.07142857142857142
Cli,15,28,STARTS+DPT,42,0.5803571428571428,24,0.42857142857142855
Cli,15,28,Fastazi-S,33,0.6517857142857142,20,0.35714285714285715
Cli,15,28,Fastazi-P,33,0.6517857142857142,20,0.35714285714285715
Cli,15,28,Random,56,0.41964285714285715,33,0.5892857142857143
Cli,15,29,Ekstazi,33,0.47321428571428575,30,0.5357142857142857
Cli,15,29,FAST,56,0.41964285714285715,33,0.5892857142857143
Cli,15,29,Ekstazi+dpt,33,0.5982142857142857,23,0.4107142857142857
Cli,15,29,DPT,56,0.6517857142857142,20,0.35714285714285715
Cli,15,29,STARTS,42,0.47321428571428575,30,0.5357142857142857
Cli,15,29,STARTS+FAST-S,42,0.9375,4,0.07142857142857142
Cli,15,29,STARTS+FAST-P,42,0.9375,4,0.07142857142857142
Cli,15,29,STARTS+DPT,42,0.6160714285714286,22,0.39285714285714285
Cli,15,29,Fastazi-S,33,0.6339285714285714,21,0.375
Cli,15,29,Fastazi-P,33,0.6517857142857142,20,0.35714285714285715
Cli,15,29,Random,56,0.6875,18,0.32142857142857145
Cli,15,30,Ekstazi,33,0.8303571428571428,10,0.17857142857142858
Cli,15,30,FAST,56,0.40178571428571436,34,0.6071428571428571
Cli,15,30,Ekstazi+dpt,33,0.6339285714285714,21,0.375
Cli,15,30,DPT,56,0.6160714285714286,22,0.39285714285714285
Cli,15,30,STARTS,42,0.33035714285714285,38,0.6785714285714286
Cli,15,30,STARTS+FAST-S,42,0.9375,4,0.07142857142857142
Cli,15,30,STARTS+FAST-P,42,0.9375,4,0.07142857142857142
Cli,15,30,STARTS+DPT,42,0.5982142857142857,23,0.4107142857142857
Cli,15,30,Fastazi-S,33,0.9553571428571428,3,0.05357142857142857
Cli,15,30,Fastazi-P,33,0.6517857142857142,20,0.35714285714285715
Cli,15,30,Random,56,0.22321428571428573,44,0.7857142857142857
Cli,16,1,Ekstazi,42,0.9736842105263158,2,0.03508771929824561
Cli,16,1,FAST,57,0.8859649122807018,7,0.12280701754385964
Cli,16,1,Ekstazi+dpt,42,0.9912280701754386,1,0.017543859649122806
Cli,16,1,DPT,57,0.9736842105263158,2,0.03508771929824561
Cli,16,1,STARTS,47,0.8333333333333334,10,0.17543859649122806
Cli,16,1,STARTS+FAST-S,47,0.9561403508771931,3,0.05263157894736842
Cli,16,1,STARTS+FAST-P,47,0.9561403508771931,3,0.05263157894736842
Cli,16,1,STARTS+DPT,47,0.9912280701754386,1,0.017543859649122806
Cli,16,1,Fastazi-S,42,0.9385964912280702,4,0.07017543859649122
Cli,16,1,Fastazi-P,42,0.9210526315789473,5,0.08771929824561403
Cli,16,1,Random,57,0.868421052631579,8,0.14035087719298245
Cli,16,2,Ekstazi,42,0.9385964912280702,4,0.07017543859649122
Cli,16,2,FAST,57,0.9561403508771931,3,0.05263157894736842
Cli,16,2,Ekstazi+dpt,42,0.9912280701754386,1,0.017543859649122806
Cli,16,2,DPT,57,0.9736842105263158,2,0.03508771929824561
Cli,16,2,STARTS,47,0.8508771929824561,9,0.15789473684210525
Cli,16,2,STARTS+FAST-S,47,0.9385964912280702,4,0.07017543859649122
Cli,16,2,STARTS+FAST-P,47,0.9736842105263158,2,0.03508771929824561
Cli,16,2,STARTS+DPT,47,0.9912280701754386,1,0.017543859649122806
Cli,16,2,Fastazi-S,42,0.9736842105263158,2,0.03508771929824561
Cli,16,2,Fastazi-P,42,0.9736842105263158,2,0.03508771929824561
Cli,16,2,Random,57,0.9385964912280702,4,0.07017543859649122
Cli,16,3,Ekstazi,42,0.8859649122807018,7,0.12280701754385964
Cli,16,3,FAST,57,0.9561403508771931,3,0.05263157894736842
Cli,16,3,Ekstazi+dpt,42,0.9912280701754386,1,0.017543859649122806
Cli,16,3,DPT,57,0.9736842105263158,2,0.03508771929824561
Cli,16,3,STARTS,47,0.8333333333333334,10,0.17543859649122806
Cli,16,3,STARTS+FAST-S,47,0.9561403508771931,3,0.05263157894736842
Cli,16,3,STARTS+FAST-P,47,0.9912280701754386,1,0.017543859649122806
Cli,16,3,STARTS+DPT,47,0.9912280701754386,1,0.017543859649122806
Cli,16,3,Fastazi-S,42,0.9736842105263158,2,0.03508771929824561
Cli,16,3,Fastazi-P,42,0.9736842105263158,2,0.03508771929824561
Cli,16,3,Random,57,0.9385964912280702,4,0.07017543859649122
Cli,16,4,Ekstazi,42,0.9210526315789473,5,0.08771929824561403
Cli,16,4,FAST,57,0.9561403508771931,3,0.05263157894736842
Cli,16,4,Ekstazi+dpt,42,0.9912280701754386,1,0.017543859649122806
Cli,16,4,DPT,57,0.9736842105263158,2,0.03508771929824561
Cli,16,4,STARTS,47,0.8333333333333334,10,0.17543859649122806
Cli,16,4,STARTS+FAST-S,47,0.9561403508771931,3,0.05263157894736842
Cli,16,4,STARTS+FAST-P,47,0.9385964912280702,4,0.07017543859649122
Cli,16,4,STARTS+DPT,47,0.9736842105263158,2,0.03508771929824561
Cli,16,4,Fastazi-S,42,0.9736842105263158,2,0.03508771929824561
Cli,16,4,Fastazi-P,42,0.9736842105263158,2,0.03508771929824561
Cli,16,4,Random,57,0.7807017543859649,13,0.22807017543859648
Cli,16,5,Ekstazi,42,0.9736842105263158,2,0.03508771929824561
Cli,16,5,FAST,57,0.9561403508771931,3,0.05263157894736842
Cli,16,5,Ekstazi+dpt,42,0.9912280701754386,1,0.017543859649122806
Cli,16,5,DPT,57,0.9912280701754386,1,0.017543859649122806
Cli,16,5,STARTS,47,0.9035087719298246,6,0.10526315789473684
Cli,16,5,STARTS+FAST-S,47,0.9561403508771931,3,0.05263157894736842
Cli,16,5,STARTS+FAST-P,47,0.9561403508771931,3,0.05263157894736842
Cli,16,5,STARTS+DPT,47,0.9912280701754386,1,0.017543859649122806
Cli,16,5,Fastazi-S,42,0.9736842105263158,2,0.03508771929824561
Cli,16,5,Fastazi-P,42,0.9736842105263158,2,0.03508771929824561
Cli,16,5,Random,57,0.9561403508771931,3,0.05263157894736842
Cli,16,6,Ekstazi,42,0.9385964912280702,4,0.07017543859649122
Cli,16,6,FAST,57,0.9561403508771931,3,0.05263157894736842
Cli,16,6,Ekstazi+dpt,42,0.9912280701754386,1,0.017543859649122806
Cli,16,6,DPT,57,0.9912280701754386,1,0.017543859649122806
Cli,16,6,STARTS,47,0.9736842105263158,2,0.03508771929824561
Cli,16,6,STARTS+FAST-S,47,0.9561403508771931,3,0.05263157894736842
Cli,16,6,STARTS+FAST-P,47,0.9561403508771931,3,0.05263157894736842
Cli,16,6,STARTS+DPT,47,0.9912280701754386,1,0.017543859649122806
Cli,16,6,Fastazi-S,42,0.9912280701754386,1,0.017543859649122806
Cli,16,6,Fastazi-P,42,0.9736842105263158,2,0.03508771929824561
Cli,16,6,Random,57,0.9385964912280702,4,0.07017543859649122
Cli,16,7,Ekstazi,42,0.9561403508771931,3,0.05263157894736842
Cli,16,7,FAST,57,0.9561403508771931,3,0.05263157894736842
Cli,16,7,Ekstazi+dpt,42,0.9912280701754386,1,0.017543859649122806
Cli,16,7,DPT,57,0.9912280701754386,1,0.017543859649122806
Cli,16,7,STARTS,47,0.7280701754385965,16,0.2807017543859649
Cli,16,7,STARTS+FAST-S,47,0.9912280701754386,1,0.017543859649122806
Cli,16,7,STARTS+FAST-P,47,0.9561403508771931,3,0.05263157894736842
Cli,16,7,STARTS+DPT,47,0.9912280701754386,1,0.017543859649122806
Cli,16,7,Fastazi-S,42,0.9736842105263158,2,0.03508771929824561
Cli,16,7,Fastazi-P,42,0.9736842105263158,2,0.03508771929824561
Cli,16,7,Random,57,0.7982456140350878,12,0.21052631578947367
Cli,16,8,Ekstazi,42,0.8508771929824561,9,0.15789473684210525
Cli,16,8,FAST,57,0.9561403508771931,3,0.05263157894736842
Cli,16,8,Ekstazi+dpt,42,0.9912280701754386,1,0.017543859649122806
Cli,16,8,DPT,57,0.9912280701754386,1,0.017543859649122806
Cli,16,8,STARTS,47,0.8333333333333334,10,0.17543859649122806
Cli,16,8,STARTS+FAST-S,47,0.9561403508771931,3,0.05263157894736842
Cli,16,8,STARTS+FAST-P,47,0.9561403508771931,3,0.05263157894736842
Cli,16,8,STARTS+DPT,47,0.9912280701754386,1,0.017543859649122806
Cli,16,8,Fastazi-S,42,0.9736842105263158,2,0.03508771929824561
Cli,16,8,Fastazi-P,42,0.9736842105263158,2,0.03508771929824561
Cli,16,8,Random,57,0.8859649122807018,7,0.12280701754385964
Cli,16,9,Ekstazi,42,0.868421052631579,8,0.14035087719298245
Cli,16,9,FAST,57,0.9561403508771931,3,0.05263157894736842
Cli,16,9,Ekstazi+dpt,42,0.9912280701754386,1,0.017543859649122806
Cli,16,9,DPT,57,0.9912280701754386,1,0.017543859649122806
Cli,16,9,STARTS,47,0.6754385964912282,19,0.3333333333333333
Cli,16,9,STARTS+FAST-S,47,0.9561403508771931,3,0.05263157894736842
Cli,16,9,STARTS+FAST-P,47,0.9561403508771931,3,0.05263157894736842
Cli,16,9,STARTS+DPT,47,0.9912280701754386,1,0.017543859649122806
Cli,16,9,Fastazi-S,42,0.9736842105263158,2,0.03508771929824561
Cli,16,9,Fastazi-P,42,0.9736842105263158,2,0.03508771929824561
Cli,16,9,Random,57,0.7631578947368421,14,0.24561403508771928
Cli,16,10,Ekstazi,42,0.8333333333333334,10,0.17543859649122806
Cli,16,10,FAST,57,0.9035087719298246,6,0.10526315789473684
Cli,16,10,Ekstazi+dpt,42,0.9912280701754386,1,0.017543859649122806
Cli,16,10,DPT,57,0.9912280701754386,1,0.017543859649122806
Cli,16,10,STARTS,47,0.9385964912280702,4,0.07017543859649122
Cli,16,10,STARTS+FAST-S,47,0.9561403508771931,3,0.05263157894736842
Cli,16,10,STARTS+FAST-P,47,0.9561403508771931,3,0.05263157894736842
Cli,16,10,STARTS+DPT,47,0.9736842105263158,2,0.03508771929824561
Cli,16,10,Fastazi-S,42,0.9385964912280702,4,0.07017543859649122
Cli,16,10,Fastazi-P,42,0.9385964912280702,4,0.07017543859649122
Cli,16,10,Random,57,0.9912280701754386,1,0.017543859649122806
Cli,16,11,Ekstazi,42,0.9912280701754386,1,0.017543859649122806
Cli,16,11,FAST,57,0.9035087719298246,6,0.10526315789473684
Cli,16,11,Ekstazi+dpt,42,0.9912280701754386,1,0.017543859649122806
Cli,16,11,DPT,57,0.9912280701754386,1,0.017543859649122806
Cli,16,11,STARTS,47,0.9385964912280702,4,0.07017543859649122
Cli,16,11,STARTS+FAST-S,47,0.9561403508771931,3,0.05263157894736842
Cli,16,11,STARTS+FAST-P,47,0.9561403508771931,3,0.05263157894736842
Cli,16,11,STARTS+DPT,47,0.9912280701754386,1,0.017543859649122806
Cli,16,11,Fastazi-S,42,0.9385964912280702,4,0.07017543859649122
Cli,16,11,Fastazi-P,42,0.9385964912280702,4,0.07017543859649122
Cli,16,11,Random,57,0.6403508771929824,21,0.3684210526315789
Cli,16,12,Ekstazi,42,0.9035087719298246,6,0.10526315789473684
Cli,16,12,FAST,57,0.9210526315789473,5,0.08771929824561403
Cli,16,12,Ekstazi+dpt,42,0.9912280701754386,1,0.017543859649122806
Cli,16,12,DPT,57,0.9736842105263158,2,0.03508771929824561
Cli,16,12,STARTS,47,0.6228070175438597,22,0.38596491228070173
Cli,16,12,STARTS+FAST-S,47,0.9561403508771931,3,0.05263157894736842
Cli,16,12,STARTS+FAST-P,47,0.9561403508771931,3,0.05263157894736842
Cli,16,12,STARTS+DPT,47,0.9736842105263158,2,0.03508771929824561
Cli,16,12,Fastazi-S,42,0.9736842105263158,2,0.03508771929824561
Cli,16,12,Fastazi-P,42,0.9385964912280702,4,0.07017543859649122
Cli,16,12,Random,57,0.7456140350877194,15,0.2631578947368421
Cli,16,13,Ekstazi,42,0.8333333333333334,10,0.17543859649122806
Cli,16,13,FAST,57,0.9561403508771931,3,0.05263157894736842
Cli,16,13,Ekstazi+dpt,42,0.9912280701754386,1,0.017543859649122806
Cli,16,13,DPT,57,0.9912280701754386,1,0.017543859649122806
Cli,16,13,STARTS,47,0.9736842105263158,2,0.03508771929824561
Cli,16,13,STARTS+FAST-S,47,0.9912280701754386,1,0.017543859649122806
Cli,16,13,STARTS+FAST-P,47,0.9385964912280702,4,0.07017543859649122
Cli,16,13,STARTS+DPT,47,0.9912280701754386,1,0.017543859649122806
Cli,16,13,Fastazi-S,42,0.9736842105263158,2,0.03508771929824561
Cli,16,13,Fastazi-P,42,0.9736842105263158,2,0.03508771929824561
Cli,16,13,Random,57,0.9912280701754386,1,0.017543859649122806
Cli,16,14,Ekstazi,42,0.9035087719298246,6,0.10526315789473684
Cli,16,14,FAST,57,0.9561403508771931,3,0.05263157894736842
Cli,16,14,Ekstazi+dpt,42,0.9912280701754386,1,0.017543859649122806
Cli,16,14,DPT,57,0.9912280701754386,1,0.017543859649122806
Cli,16,14,STARTS,47,0.8508771929824561,9,0.15789473684210525
Cli,16,14,STARTS+FAST-S,47,0.9561403508771931,3,0.05263157894736842
Cli,16,14,STARTS+FAST-P,47,0.9561403508771931,3,0.05263157894736842
Cli,16,14,STARTS+DPT,47,0.9912280701754386,1,0.017543859649122806
Cli,16,14,Fastazi-S,42,0.9736842105263158,2,0.03508771929824561
Cli,16,14,Fastazi-P,42,0.9736842105263158,2,0.03508771929824561
Cli,16,14,Random,57,0.6929824561403509,18,0.3157894736842105
Cli,16,15,Ekstazi,42,0.8859649122807018,7,0.12280701754385964
Cli,16,15,FAST,57,0.9561403508771931,3,0.05263157894736842
Cli,16,15,Ekstazi+dpt,42,0.9912280701754386,1,0.017543859649122806
Cli,16,15,DPT,57,0.9736842105263158,2,0.03508771929824561
Cli,16,15,STARTS,47,0.9035087719298246,6,0.10526315789473684
Cli,16,15,STARTS+FAST-S,47,0.9561403508771931,3,0.05263157894736842
Cli,16,15,STARTS+FAST-P,47,0.9561403508771931,3,0.05263157894736842
Cli,16,15,STARTS+DPT,47,0.9912280701754386,1,0.017543859649122806
Cli,16,15,Fastazi-S,42,0.9736842105263158,2,0.03508771929824561
Cli,16,15,Fastazi-P,42,0.9736842105263158,2,0.03508771929824561
Cli,16,15,Random,57,0.7456140350877194,15,0.2631578947368421
Cli,16,16,Ekstazi,42,0.868421052631579,8,0.14035087719298245
Cli,16,16,FAST,57,0.9561403508771931,3,0.05263157894736842
Cli,16,16,Ekstazi+dpt,42,0.9736842105263158,2,0.03508771929824561
Cli,16,16,DPT,57,0.9912280701754386,1,0.017543859649122806
Cli,16,16,STARTS,47,0.8157894736842106,11,0.19298245614035087
Cli,16,16,STARTS+FAST-S,47,0.9561403508771931,3,0.05263157894736842
Cli,16,16,STARTS+FAST-P,47,0.9561403508771931,3,0.05263157894736842
Cli,16,16,STARTS+DPT,47,0.9912280701754386,1,0.017543859649122806
Cli,16,16,Fastazi-S,42,0.9912280701754386,1,0.017543859649122806
Cli,16,16,Fastazi-P,42,0.9912280701754386,1,0.017543859649122806
Cli,16,16,Random,57,0.9912280701754386,1,0.017543859649122806
Cli,16,17,Ekstazi,42,0.9035087719298246,6,0.10526315789473684
Cli,16,17,FAST,57,0.9561403508771931,3,0.05263157894736842
Cli,16,17,Ekstazi+dpt,42,0.9912280701754386,1,0.017543859649122806
Cli,16,17,DPT,57,0.9736842105263158,2,0.03508771929824561
Cli,16,17,STARTS,47,0.9736842105263158,2,0.03508771929824561
Cli,16,17,STARTS+FAST-S,47,0.9561403508771931,3,0.05263157894736842
Cli,16,17,STARTS+FAST-P,47,0.9912280701754386,1,0.017543859649122806
Cli,16,17,STARTS+DPT,47,0.9912280701754386,1,0.017543859649122806
Cli,16,17,Fastazi-S,42,0.9736842105263158,2,0.03508771929824561
Cli,16,17,Fastazi-P,42,0.9736842105263158,2,0.03508771929824561
Cli,16,17,Random,57,0.7105263157894737,17,0.2982456140350877
Cli,16,18,Ekstazi,42,0.9736842105263158,2,0.03508771929824561
Cli,16,18,FAST,57,0.9035087719298246,6,0.10526315789473684
Cli,16,18,Ekstazi+dpt,42,0.9912280701754386,1,0.017543859649122806
Cli,16,18,DPT,57,0.9912280701754386,1,0.017543859649122806
Cli,16,18,STARTS,47,0.9736842105263158,2,0.03508771929824561
Cli,16,18,STARTS+FAST-S,47,0.9561403508771931,3,0.05263157894736842
Cli,16,18,STARTS+FAST-P,47,0.9385964912280702,4,0.07017543859649122
Cli,16,18,STARTS+DPT,47,0.9912280701754386,1,0.017543859649122806
Cli,16,18,Fastazi-S,42,0.9736842105263158,2,0.03508771929824561
Cli,16,18,Fastazi-P,42,0.9385964912280702,4,0.07017543859649122
Cli,16,18,Random,57,0.7982456140350878,12,0.21052631578947367
Cli,16,19,Ekstazi,42,0.9561403508771931,3,0.05263157894736842
Cli,16,19,FAST,57,0.9561403508771931,3,0.05263157894736842
Cli,16,19,Ekstazi+dpt,42,0.9912280701754386,1,0.017543859649122806
Cli,16,19,DPT,57,0.9912280701754386,1,0.017543859649122806
Cli,16,19,STARTS,47,0.9210526315789473,5,0.08771929824561403
Cli,16,19,STARTS+FAST-S,47,0.9561403508771931,3,0.05263157894736842
Cli,16,19,STARTS+FAST-P,47,0.9561403508771931,3,0.05263157894736842
Cli,16,19,STARTS+DPT,47,0.9736842105263158,2,0.03508771929824561
Cli,16,19,Fastazi-S,42,0.9736842105263158,2,0.03508771929824561
Cli,16,19,Fastazi-P,42,0.9736842105263158,2,0.03508771929824561
Cli,16,19,Random,57,0.7631578947368421,14,0.24561403508771928
Cli,16,20,Ekstazi,42,0.9035087719298246,6,0.10526315789473684
Cli,16,20,FAST,57,0.9912280701754386,1,0.017543859649122806
Cli,16,20,Ekstazi+dpt,42,0.9912280701754386,1,0.017543859649122806
Cli,16,20,DPT,57,0.9912280701754386,1,0.017543859649122806
Cli,16,20,STARTS,47,0.868421052631579,8,0.14035087719298245
Cli,16,20,STARTS+FAST-S,47,0.9561403508771931,3,0.05263157894736842
Cli,16,20,STARTS+FAST-P,47,0.9736842105263158,2,0.03508771929824561
Cli,16,20,STARTS+DPT,47,0.9912280701754386,1,0.017543859649122806
Cli,16,20,Fastazi-S,42,0.9736842105263158,2,0.03508771929824561
Cli,16,20,Fastazi-P,42,0.9912280701754386,1,0.017543859649122806
Cli,16,20,Random,57,0.9035087719298246,6,0.10526315789473684
Cli,16,21,Ekstazi,42,0.8333333333333334,10,0.17543859649122806
Cli,16,21,FAST,57,0.9035087719298246,6,0.10526315789473684
Cli,16,21,Ekstazi+dpt,42,0.9912280701754386,1,0.017543859649122806
Cli,16,21,DPT,57,0.9912280701754386,1,0.017543859649122806
Cli,16,21,STARTS,47,0.9736842105263158,2,0.03508771929824561
Cli,16,21,STARTS+FAST-S,47,0.9561403508771931,3,0.05263157894736842
Cli,16,21,STARTS+FAST-P,47,0.9561403508771931,3,0.05263157894736842
Cli,16,21,STARTS+DPT,47,0.9912280701754386,1,0.017543859649122806
Cli,16,21,Fastazi-S,42,0.9736842105263158,2,0.03508771929824561
Cli,16,21,Fastazi-P,42,0.9561403508771931,3,0.05263157894736842
Cli,16,21,Random,57,0.8157894736842106,11,0.19298245614035087
Cli,16,22,Ekstazi,42,0.8333333333333334,10,0.17543859649122806
Cli,16,22,FAST,57,0.9912280701754386,1,0.017543859649122806
Cli,16,22,Ekstazi+dpt,42,0.9736842105263158,2,0.03508771929824561
Cli,16,22,DPT,57,0.9736842105263158,2,0.03508771929824561
Cli,16,22,STARTS,47,0.8859649122807018,7,0.12280701754385964
Cli,16,22,STARTS+FAST-S,47,0.9561403508771931,3,0.05263157894736842
Cli,16,22,STARTS+FAST-P,47,0.9561403508771931,3,0.05263157894736842
Cli,16,22,STARTS+DPT,47,0.9912280701754386,1,0.017543859649122806
Cli,16,22,Fastazi-S,42,0.9736842105263158,2,0.03508771929824561
Cli,16,22,Fastazi-P,42,0.9912280701754386,1,0.017543859649122806
Cli,16,22,Random,57,0.7280701754385965,16,0.2807017543859649
Cli,16,23,Ekstazi,42,0.9912280701754386,1,0.017543859649122806
Cli,16,23,FAST,57,0.9561403508771931,3,0.05263157894736842
Cli,16,23,Ekstazi+dpt,42,0.9912280701754386,1,0.017543859649122806
Cli,16,23,DPT,57,0.9912280701754386,1,0.017543859649122806
Cli,16,23,STARTS,47,0.9912280701754386,1,0.017543859649122806
Cli,16,23,STARTS+FAST-S,47,0.9561403508771931,3,0.05263157894736842
Cli,16,23,STARTS+FAST-P,47,0.9561403508771931,3,0.05263157894736842
Cli,16,23,STARTS+DPT,47,0.9912280701754386,1,0.017543859649122806
Cli,16,23,Fastazi-S,42,0.9912280701754386,1,0.017543859649122806
Cli,16,23,Fastazi-P,42,0.9736842105263158,2,0.03508771929824561
Cli,16,23,Random,57,0.6578947368421053,20,0.3508771929824561
Cli,16,24,Ekstazi,42,0.9210526315789473,5,0.08771929824561403
Cli,16,24,FAST,57,0.9561403508771931,3,0.05263157894736842
Cli,16,24,Ekstazi+dpt,42,0.9912280701754386,1,0.017543859649122806
Cli,16,24,DPT,57,0.9912280701754386,1,0.017543859649122806
Cli,16,24,STARTS,47,0.9912280701754386,1,0.017543859649122806
Cli,16,24,STARTS+FAST-S,47,0.9561403508771931,3,0.05263157894736842
Cli,16,24,STARTS+FAST-P,47,0.9561403508771931,3,0.05263157894736842
Cli,16,24,STARTS+DPT,47,0.9912280701754386,1,0.017543859649122806
Cli,16,24,Fastazi-S,42,0.9385964912280702,4,0.07017543859649122
Cli,16,24,Fastazi-P,42,0.9736842105263158,2,0.03508771929824561
Cli,16,24,Random,57,0.9561403508771931,3,0.05263157894736842
Cli,16,25,Ekstazi,42,0.8333333333333334,10,0.17543859649122806
Cli,16,25,FAST,57,0.9561403508771931,3,0.05263157894736842
Cli,16,25,Ekstazi+dpt,42,0.9912280701754386,1,0.017543859649122806
Cli,16,25,DPT,57,0.9912280701754386,1,0.017543859649122806
Cli,16,25,STARTS,47,0.8859649122807018,7,0.12280701754385964
Cli,16,25,STARTS+FAST-S,47,0.9561403508771931,3,0.05263157894736842
Cli,16,25,STARTS+FAST-P,47,0.9561403508771931,3,0.05263157894736842
Cli,16,25,STARTS+DPT,47,0.9912280701754386,1,0.017543859649122806
Cli,16,25,Fastazi-S,42,0.9561403508771931,3,0.05263157894736842
Cli,16,25,Fastazi-P,42,0.9736842105263158,2,0.03508771929824561
Cli,16,25,Random,57,0.6754385964912282,19,0.3333333333333333
Cli,16,26,Ekstazi,42,0.7105263157894737,17,0.2982456140350877
Cli,16,26,FAST,57,0.9035087719298246,6,0.10526315789473684
Cli,16,26,Ekstazi+dpt,42,0.9912280701754386,1,0.017543859649122806
Cli,16,26,DPT,57,0.9912280701754386,1,0.017543859649122806
Cli,16,26,STARTS,47,0.8508771929824561,9,0.15789473684210525
Cli,16,26,STARTS+FAST-S,47,0.9561403508771931,3,0.05263157894736842
Cli,16,26,STARTS+FAST-P,47,0.9561403508771931,3,0.05263157894736842
Cli,16,26,STARTS+DPT,47,0.9912280701754386,1,0.017543859649122806
Cli,16,26,Fastazi-S,42,0.9736842105263158,2,0.03508771929824561
Cli,16,26,Fastazi-P,42,0.9385964912280702,4,0.07017543859649122
Cli,16,26,Random,57,0.8333333333333334,10,0.17543859649122806
Cli,16,27,Ekstazi,42,0.9561403508771931,3,0.05263157894736842
Cli,16,27,FAST,57,0.9561403508771931,3,0.05263157894736842
Cli,16,27,Ekstazi+dpt,42,0.9912280701754386,1,0.017543859649122806
Cli,16,27,DPT,57,0.9912280701754386,1,0.017543859649122806
Cli,16,27,STARTS,47,0.9210526315789473,5,0.08771929824561403
Cli,16,27,STARTS+FAST-S,47,0.9561403508771931,3,0.05263157894736842
Cli,16,27,STARTS+FAST-P,47,0.9561403508771931,3,0.05263157894736842
Cli,16,27,STARTS+DPT,47,0.9912280701754386,1,0.017543859649122806
Cli,16,27,Fastazi-S,42,0.9561403508771931,3,0.05263157894736842
Cli,16,27,Fastazi-P,42,0.9912280701754386,1,0.017543859649122806
Cli,16,27,Random,57,0.7280701754385965,16,0.2807017543859649
Cli,16,28,Ekstazi,42,0.9385964912280702,4,0.07017543859649122
Cli,16,28,FAST,57,0.9561403508771931,3,0.05263157894736842
Cli,16,28,Ekstazi+dpt,42,0.9912280701754386,1,0.017543859649122806
Cli,16,28,DPT,57,0.9912280701754386,1,0.017543859649122806
Cli,16,28,STARTS,47,0.9035087719298246,6,0.10526315789473684
Cli,16,28,STARTS+FAST-S,47,0.9561403508771931,3,0.05263157894736842
Cli,16,28,STARTS+FAST-P,47,0.9736842105263158,2,0.03508771929824561
Cli,16,28,STARTS+DPT,47,0.9912280701754386,1,0.017543859649122806
Cli,16,28,Fastazi-S,42,0.9385964912280702,4,0.07017543859649122
Cli,16,28,Fastazi-P,42,0.9736842105263158,2,0.03508771929824561
Cli,16,28,Random,57,0.9210526315789473,5,0.08771929824561403
Cli,16,29,Ekstazi,42,0.9035087719298246,6,0.10526315789473684
Cli,16,29,FAST,57,0.9561403508771931,3,0.05263157894736842
Cli,16,29,Ekstazi+dpt,42,0.9736842105263158,2,0.03508771929824561
Cli,16,29,DPT,57,0.9736842105263158,2,0.03508771929824561
Cli,16,29,STARTS,47,0.9385964912280702,4,0.07017543859649122
Cli,16,29,STARTS+FAST-S,47,0.9561403508771931,3,0.05263157894736842
Cli,16,29,STARTS+FAST-P,47,0.9561403508771931,3,0.05263157894736842
Cli,16,29,STARTS+DPT,47,0.9912280701754386,1,0.017543859649122806
Cli,16,29,Fastazi-S,42,0.9912280701754386,1,0.017543859649122806
Cli,16,29,Fastazi-P,42,0.9736842105263158,2,0.03508771929824561
Cli,16,29,Random,57,0.9035087719298246,6,0.10526315789473684
Cli,16,30,Ekstazi,42,0.9210526315789473,5,0.08771929824561403
Cli,16,30,FAST,57,0.9561403508771931,3,0.05263157894736842
Cli,16,30,Ekstazi+dpt,42,0.9912280701754386,1,0.017543859649122806
Cli,16,30,DPT,57,0.9736842105263158,2,0.03508771929824561
Cli,16,30,STARTS,47,0.6929824561403509,18,0.3157894736842105
Cli,16,30,STARTS+FAST-S,47,0.9385964912280702,4,0.07017543859649122
Cli,16,30,STARTS+FAST-P,47,0.9561403508771931,3,0.05263157894736842
Cli,16,30,STARTS+DPT,47,0.9912280701754386,1,0.017543859649122806
Cli,16,30,Fastazi-S,42,0.9385964912280702,4,0.07017543859649122
Cli,16,30,Fastazi-P,42,0.9912280701754386,1,0.017543859649122806
Cli,16,30,Random,57,0.9912280701754386,1,0.017543859649122806
Cli,17,1,Ekstazi,22,0.7608695652173912,6,0.2608695652173913
Cli,17,1,FAST,23,0.021739130434782608,23,1.0
Cli,17,1,Ekstazi+dpt,22,0.8913043478260869,3,0.13043478260869565
Cli,17,1,DPT,23,0.8913043478260869,3,0.13043478260869565
Cli,17,1,STARTS,23,0.5,12,0.5217391304347826
Cli,17,1,STARTS+FAST-S,23,0.4130434782608695,14,0.6086956521739131
Cli,17,1,STARTS+FAST-P,23,0.4130434782608695,14,0.6086956521739131
Cli,17,1,STARTS+DPT,23,0.8913043478260869,3,0.13043478260869565
Cli,17,1,Fastazi-S,22,0.0652173913043478,22,0.9565217391304348
Cli,17,1,Fastazi-P,22,0.0652173913043478,22,0.9565217391304348
Cli,17,1,Random,23,0.5869565217391305,10,0.43478260869565216
Cli,17,2,Ekstazi,22,0.5,12,0.5217391304347826
Cli,17,2,FAST,23,0.021739130434782608,23,1.0
Cli,17,2,Ekstazi+dpt,22,0.8478260869565217,4,0.17391304347826086
Cli,17,2,DPT,23,0.8478260869565217,4,0.17391304347826086
Cli,17,2,STARTS,23,0.6304347826086957,9,0.391304347826087
Cli,17,2,STARTS+FAST-S,23,0.4130434782608695,14,0.6086956521739131
Cli,17,2,STARTS+FAST-P,23,0.4130434782608695,14,0.6086956521739131
Cli,17,2,STARTS+DPT,23,0.8913043478260869,3,0.13043478260869565
Cli,17,2,Fastazi-S,22,0.0652173913043478,22,0.9565217391304348
Cli,17,2,Fastazi-P,22,0.0652173913043478,22,0.9565217391304348
Cli,17,2,Random,23,0.8913043478260869,3,0.13043478260869565
Cli,17,3,Ekstazi,22,0.0652173913043478,22,0.9565217391304348
Cli,17,3,FAST,23,0.021739130434782608,23,1.0
Cli,17,3,Ekstazi+dpt,22,0.8913043478260869,3,0.13043478260869565
Cli,17,3,DPT,23,0.8478260869565217,4,0.17391304347826086
Cli,17,3,STARTS,23,0.32608695652173914,16,0.6956521739130435
Cli,17,3,STARTS+FAST-S,23,0.4130434782608695,14,0.6086956521739131
Cli,17,3,STARTS+FAST-P,23,0.4130434782608695,14,0.6086956521739131
Cli,17,3,STARTS+DPT,23,0.8478260869565217,4,0.17391304347826086
Cli,17,3,Fastazi-S,22,0.0652173913043478,22,0.9565217391304348
Cli,17,3,Fastazi-P,22,0.0652173913043478,22,0.9565217391304348
Cli,17,3,Random,23,0.32608695652173914,16,0.6956521739130435
Cli,17,4,Ekstazi,22,0.4565217391304348,13,0.5652173913043478
Cli,17,4,FAST,23,0.021739130434782608,23,1.0
Cli,17,4,Ekstazi+dpt,22,0.8478260869565217,4,0.17391304347826086
Cli,17,4,DPT,23,0.8478260869565217,4,0.17391304347826086
Cli,17,4,STARTS,23,0.9782608695652174,1,0.043478260869565216
Cli,17,4,STARTS+FAST-S,23,0.4130434782608695,14,0.6086956521739131
Cli,17,4,STARTS+FAST-P,23,0.4130434782608695,14,0.6086956521739131
Cli,17,4,STARTS+DPT,23,0.8913043478260869,3,0.13043478260869565
Cli,17,4,Fastazi-S,22,0.0652173913043478,22,0.9565217391304348
Cli,17,4,Fastazi-P,22,0.0652173913043478,22,0.9565217391304348
Cli,17,4,Random,23,0.8913043478260869,3,0.13043478260869565
Cli,17,5,Ekstazi,22,0.5869565217391305,10,0.43478260869565216
Cli,17,5,FAST,23,0.021739130434782608,23,1.0
Cli,17,5,Ekstazi+dpt,22,0.8913043478260869,3,0.13043478260869565
Cli,17,5,DPT,23,0.8478260869565217,4,0.17391304347826086
Cli,17,5,STARTS,23,0.0652173913043478,22,0.9565217391304348
Cli,17,5,STARTS+FAST-S,23,0.4130434782608695,14,0.6086956521739131
Cli,17,5,STARTS+FAST-P,23,0.4130434782608695,14,0.6086956521739131
Cli,17,5,STARTS+DPT,23,0.8478260869565217,4,0.17391304347826086
Cli,17,5,Fastazi-S,22,0.0652173913043478,22,0.9565217391304348
Cli,17,5,Fastazi-P,22,0.0652173913043478,22,0.9565217391304348
Cli,17,5,Random,23,0.28260869565217395,17,0.7391304347826086
Cli,17,6,Ekstazi,22,0.28260869565217395,17,0.7391304347826086
Cli,17,6,FAST,23,0.021739130434782608,23,1.0
Cli,17,6,Ekstazi+dpt,22,0.8913043478260869,3,0.13043478260869565
Cli,17,6,DPT,23,0.8478260869565217,4,0.17391304347826086
Cli,17,6,STARTS,23,0.28260869565217395,17,0.7391304347826086
Cli,17,6,STARTS+FAST-S,23,0.4130434782608695,14,0.6086956521739131
Cli,17,6,STARTS+FAST-P,23,0.4130434782608695,14,0.6086956521739131
Cli,17,6,STARTS+DPT,23,0.8478260869565217,4,0.17391304347826086
Cli,17,6,Fastazi-S,22,0.0652173913043478,22,0.9565217391304348
Cli,17,6,Fastazi-P,22,0.0652173913043478,22,0.9565217391304348
Cli,17,6,Random,23,0.9347826086956522,2,0.08695652173913043
Cli,17,7,Ekstazi,22,0.15217391304347827,20,0.8695652173913043
Cli,17,7,FAST,23,0.021739130434782608,23,1.0
Cli,17,7,Ekstazi+dpt,22,0.8913043478260869,3,0.13043478260869565
Cli,17,7,DPT,23,0.8913043478260869,3,0.13043478260869565
Cli,17,7,STARTS,23,0.32608695652173914,16,0.6956521739130435
Cli,17,7,STARTS+FAST-S,23,0.4130434782608695,14,0.6086956521739131
Cli,17,7,STARTS+FAST-P,23,0.4130434782608695,14,0.6086956521739131
Cli,17,7,STARTS+DPT,23,0.8913043478260869,3,0.13043478260869565
Cli,17,7,Fastazi-S,22,0.0652173913043478,22,0.9565217391304348
Cli,17,7,Fastazi-P,22,0.0652173913043478,22,0.9565217391304348
Cli,17,7,Random,23,0.717391304347826,7,0.30434782608695654
Cli,17,8,Ekstazi,22,0.5,12,0.5217391304347826
Cli,17,8,FAST,23,0.9782608695652174,1,0.043478260869565216
Cli,17,8,Ekstazi+dpt,22,0.8478260869565217,4,0.17391304347826086
Cli,17,8,DPT,23,0.8478260869565217,4,0.17391304347826086
Cli,17,8,STARTS,23,0.4130434782608695,14,0.6086956521739131
Cli,17,8,STARTS+FAST-S,23,0.4130434782608695,14,0.6086956521739131
Cli,17,8,STARTS+FAST-P,23,0.5434782608695652,11,0.4782608695652174
Cli,17,8,STARTS+DPT,23,0.8478260869565217,4,0.17391304347826086
Cli,17,8,Fastazi-S,22,0.0652173913043478,22,0.9565217391304348
Cli,17,8,Fastazi-P,22,0.9782608695652174,1,0.043478260869565216
Cli,17,8,Random,23,0.8478260869565217,4,0.17391304347826086
Cli,17,9,Ekstazi,22,0.4565217391304348,13,0.5652173913043478
Cli,17,9,FAST,23,0.021739130434782608,23,1.0
Cli,17,9,Ekstazi+dpt,22,0.8913043478260869,3,0.13043478260869565
Cli,17,9,DPT,23,0.8913043478260869,3,0.13043478260869565
Cli,17,9,STARTS,23,0.1086956521739131,21,0.9130434782608695
Cli,17,9,STARTS+FAST-S,23,0.4130434782608695,14,0.6086956521739131
Cli,17,9,STARTS+FAST-P,23,0.4130434782608695,14,0.6086956521739131
Cli,17,9,STARTS+DPT,23,0.8478260869565217,4,0.17391304347826086
Cli,17,9,Fastazi-S,22,0.0652173913043478,22,0.9565217391304348
Cli,17,9,Fastazi-P,22,0.0652173913043478,22,0.9565217391304348
Cli,17,9,Random,23,0.0652173913043478,22,0.9565217391304348
Cli,17,10,Ekstazi,22,0.23913043478260865,18,0.782608695652174
Cli,17,10,FAST,23,0.021739130434782608,23,1.0
Cli,17,10,Ekstazi+dpt,22,0.8478260869565217,4,0.17391304347826086
Cli,17,10,DPT,23,0.8913043478260869,3,0.13043478260869565
Cli,17,10,STARTS,23,0.19565217391304346,19,0.8260869565217391
Cli,17,10,STARTS+FAST-S,23,0.4130434782608695,14,0.6086956521739131
Cli,17,10,STARTS+FAST-P,23,0.4130434782608695,14,0.6086956521739131
Cli,17,10,STARTS+DPT,23,0.8913043478260869,3,0.13043478260869565
Cli,17,10,Fastazi-S,22,0.0652173913043478,22,0.9565217391304348
Cli,17,10,Fastazi-P,22,0.0652173913043478,22,0.9565217391304348
Cli,17,10,Random,23,0.6304347826086957,9,0.391304347826087
Cli,17,11,Ekstazi,22,0.1086956521739131,21,0.9130434782608695
Cli,17,11,FAST,23,0.021739130434782608,23,1.0
Cli,17,11,Ekstazi+dpt,22,0.8913043478260869,3,0.13043478260869565
Cli,17,11,DPT,23,0.8478260869565217,4,0.17391304347826086
Cli,17,11,STARTS,23,0.23913043478260865,18,0.782608695652174
Cli,17,11,STARTS+FAST-S,23,0.4130434782608695,14,0.6086956521739131
Cli,17,11,STARTS+FAST-P,23,0.3695652173913043,15,0.6521739130434783
Cli,17,11,STARTS+DPT,23,0.8913043478260869,3,0.13043478260869565
Cli,17,11,Fastazi-S,22,0.0652173913043478,22,0.9565217391304348
Cli,17,11,Fastazi-P,22,0.0652173913043478,22,0.9565217391304348
Cli,17,11,Random,23,0.1086956521739131,21,0.9130434782608695
Cli,17,12,Ekstazi,22,0.4565217391304348,13,0.5652173913043478
Cli,17,12,FAST,23,0.021739130434782608,23,1.0
Cli,17,12,Ekstazi+dpt,22,0.8913043478260869,3,0.13043478260869565
Cli,17,12,DPT,23,0.8913043478260869,3,0.13043478260869565
Cli,17,12,STARTS,23,0.7608695652173912,6,0.2608695652173913
Cli,17,12,STARTS+FAST-S,23,0.4130434782608695,14,0.6086956521739131
Cli,17,12,STARTS+FAST-P,23,0.4130434782608695,14,0.6086956521739131
Cli,17,12,STARTS+DPT,23,0.8913043478260869,3,0.13043478260869565
Cli,17,12,Fastazi-S,22,0.0652173913043478,22,0.9565217391304348
Cli,17,12,Fastazi-P,22,0.0652173913043478,22,0.9565217391304348
Cli,17,12,Random,23,0.5,12,0.5217391304347826
Cli,17,13,Ekstazi,22,0.9347826086956522,2,0.08695652173913043
Cli,17,13,FAST,23,0.9782608695652174,1,0.043478260869565216
Cli,17,13,Ekstazi+dpt,22,0.8478260869565217,4,0.17391304347826086
Cli,17,13,DPT,23,0.8913043478260869,3,0.13043478260869565
Cli,17,13,STARTS,23,0.15217391304347827,20,0.8695652173913043
Cli,17,13,STARTS+FAST-S,23,0.4130434782608695,14,0.6086956521739131
Cli,17,13,STARTS+FAST-P,23,0.4130434782608695,14,0.6086956521739131
Cli,17,13,STARTS+DPT,23,0.8478260869565217,4,0.17391304347826086
Cli,17,13,Fastazi-S,22,0.0652173913043478,22,0.9565217391304348
Cli,17,13,Fastazi-P,22,0.9782608695652174,1,0.043478260869565216
Cli,17,13,Random,23,0.5,12,0.5217391304347826
Cli,17,14,Ekstazi,22,0.8913043478260869,3,0.13043478260869565
Cli,17,14,FAST,23,0.021739130434782608,23,1.0
Cli,17,14,Ekstazi+dpt,22,0.8478260869565217,4,0.17391304347826086
Cli,17,14,DPT,23,0.8913043478260869,3,0.13043478260869565
Cli,17,14,STARTS,23,0.021739130434782608,23,1.0
Cli,17,14,STARTS+FAST-S,23,0.4130434782608695,14,0.6086956521739131
Cli,17,14,STARTS+FAST-P,23,0.4130434782608695,14,0.6086956521739131
Cli,17,14,STARTS+DPT,23,0.8478260869565217,4,0.17391304347826086
Cli,17,14,Fastazi-S,22,0.0652173913043478,22,0.9565217391304348
Cli,17,14,Fastazi-P,22,0.0652173913043478,22,0.9565217391304348
Cli,17,14,Random,23,0.4130434782608695,14,0.6086956521739131
Cli,17,15,Ekstazi,22,0.8043478260869565,5,0.21739130434782608
Cli,17,15,FAST,23,0.021739130434782608,23,1.0
Cli,17,15,Ekstazi+dpt,22,0.8478260869565217,4,0.17391304347826086
Cli,17,15,DPT,23,0.8478260869565217,4,0.17391304347826086
Cli,17,15,STARTS,23,0.6304347826086957,9,0.391304347826087
Cli,17,15,STARTS+FAST-S,23,0.4130434782608695,14,0.6086956521739131
Cli,17,15,STARTS+FAST-P,23,0.4130434782608695,14,0.6086956521739131
Cli,17,15,STARTS+DPT,23,0.8478260869565217,4,0.17391304347826086
Cli,17,15,Fastazi-S,22,0.0652173913043478,22,0.9565217391304348
Cli,17,15,Fastazi-P,22,0.0652173913043478,22,0.9565217391304348
Cli,17,15,Random,23,0.9782608695652174,1,0.043478260869565216
Cli,17,16,Ekstazi,22,0.6304347826086957,9,0.391304347826087
Cli,17,16,FAST,23,0.021739130434782608,23,1.0
Cli,17,16,Ekstazi+dpt,22,0.8478260869565217,4,0.17391304347826086
Cli,17,16,DPT,23,0.8478260869565217,4,0.17391304347826086
Cli,17,16,STARTS,23,0.15217391304347827,20,0.8695652173913043
Cli,17,16,STARTS+FAST-S,23,0.4130434782608695,14,0.6086956521739131
Cli,17,16,STARTS+FAST-P,23,0.5869565217391305,10,0.43478260869565216
Cli,17,16,STARTS+DPT,23,0.8913043478260869,3,0.13043478260869565
Cli,17,16,Fastazi-S,22,0.0652173913043478,22,0.9565217391304348
Cli,17,16,Fastazi-P,22,0.0652173913043478,22,0.9565217391304348
Cli,17,16,Random,23,0.5,12,0.5217391304347826
Cli,17,17,Ekstazi,22,0.5,12,0.5217391304347826
Cli,17,17,FAST,23,0.021739130434782608,23,1.0
Cli,17,17,Ekstazi+dpt,22,0.8913043478260869,3,0.13043478260869565
Cli,17,17,DPT,23,0.8478260869565217,4,0.17391304347826086
Cli,17,17,STARTS,23,0.4565217391304348,13,0.5652173913043478
Cli,17,17,STARTS+FAST-S,23,0.4130434782608695,14,0.6086956521739131
Cli,17,17,STARTS+FAST-P,23,0.4130434782608695,14,0.6086956521739131
Cli,17,17,STARTS+DPT,23,0.8913043478260869,3,0.13043478260869565
Cli,17,17,Fastazi-S,22,0.0652173913043478,22,0.9565217391304348
Cli,17,17,Fastazi-P,22,0.0652173913043478,22,0.9565217391304348
Cli,17,17,Random,23,0.5,12,0.5217391304347826
Cli,17,18,Ekstazi,22,0.23913043478260865,18,0.782608695652174
Cli,17,18,FAST,23,0.021739130434782608,23,1.0
Cli,17,18,Ekstazi+dpt,22,0.8913043478260869,3,0.13043478260869565
Cli,17,18,DPT,23,0.8478260869565217,4,0.17391304347826086
Cli,17,18,STARTS,23,0.4130434782608695,14,0.6086956521739131
Cli,17,18,STARTS+FAST-S,23,0.4130434782608695,14,0.6086956521739131
Cli,17,18,STARTS+FAST-P,23,0.4130434782608695,14,0.6086956521739131
Cli,17,18,STARTS+DPT,23,0.8478260869565217,4,0.17391304347826086
Cli,17,18,Fastazi-S,22,0.0652173913043478,22,0.9565217391304348
Cli,17,18,Fastazi-P,22,0.0652173913043478,22,0.9565217391304348
Cli,17,18,Random,23,0.8043478260869565,5,0.21739130434782608
Cli,17,19,Ekstazi,22,0.9347826086956522,2,0.08695652173913043
Cli,17,19,FAST,23,0.021739130434782608,23,1.0
Cli,17,19,Ekstazi+dpt,22,0.8913043478260869,3,0.13043478260869565
Cli,17,19,DPT,23,0.8913043478260869,3,0.13043478260869565
Cli,17,19,STARTS,23,0.0652173913043478,22,0.9565217391304348
Cli,17,19,STARTS+FAST-S,23,0.3695652173913043,15,0.6521739130434783
Cli,17,19,STARTS+FAST-P,23,0.4130434782608695,14,0.6086956521739131
Cli,17,19,STARTS+DPT,23,0.8913043478260869,3,0.13043478260869565
Cli,17,19,Fastazi-S,22,0.0652173913043478,22,0.9565217391304348
Cli,17,19,Fastazi-P,22,0.0652173913043478,22,0.9565217391304348
Cli,17,19,Random,23,0.8478260869565217,4,0.17391304347826086
Cli,17,20,Ekstazi,22,0.7608695652173912,6,0.2608695652173913
Cli,17,20,FAST,23,0.021739130434782608,23,1.0
Cli,17,20,Ekstazi+dpt,22,0.8913043478260869,3,0.13043478260869565
Cli,17,20,DPT,23,0.8478260869565217,4,0.17391304347826086
Cli,17,20,STARTS,23,0.23913043478260865,18,0.782608695652174
Cli,17,20,STARTS+FAST-S,23,0.4130434782608695,14,0.6086956521739131
Cli,17,20,STARTS+FAST-P,23,0.4130434782608695,14,0.6086956521739131
Cli,17,20,STARTS+DPT,23,0.8478260869565217,4,0.17391304347826086
Cli,17,20,Fastazi-S,22,0.0652173913043478,22,0.9565217391304348
Cli,17,20,Fastazi-P,22,0.0652173913043478,22,0.9565217391304348
Cli,17,20,Random,23,0.717391304347826,7,0.30434782608695654
Cli,17,21,Ekstazi,22,0.9347826086956522,2,0.08695652173913043
Cli,17,21,FAST,23,0.021739130434782608,23,1.0
Cli,17,21,Ekstazi+dpt,22,0.8478260869565217,4,0.17391304347826086
Cli,17,21,DPT,23,0.8478260869565217,4,0.17391304347826086
Cli,17,21,STARTS,23,0.3695652173913043,15,0.6521739130434783
Cli,17,21,STARTS+FAST-S,23,0.4130434782608695,14,0.6086956521739131
Cli,17,21,STARTS+FAST-P,23,0.4130434782608695,14,0.6086956521739131
Cli,17,21,STARTS+DPT,23,0.8478260869565217,4,0.17391304347826086
Cli,17,21,Fastazi-S,22,0.0652173913043478,22,0.9565217391304348
Cli,17,21,Fastazi-P,22,0.0652173913043478,22,0.9565217391304348
Cli,17,21,Random,23,0.9347826086956522,2,0.08695652173913043
Cli,17,22,Ekstazi,22,0.3695652173913043,15,0.6521739130434783
Cli,17,22,FAST,23,0.021739130434782608,23,1.0
Cli,17,22,Ekstazi+dpt,22,0.8913043478260869,3,0.13043478260869565
Cli,17,22,DPT,23,0.8478260869565217,4,0.17391304347826086
Cli,17,22,STARTS,23,0.5,12,0.5217391304347826
Cli,17,22,STARTS+FAST-S,23,0.5434782608695652,11,0.4782608695652174
Cli,17,22,STARTS+FAST-P,23,0.4130434782608695,14,0.6086956521739131
Cli,17,22,STARTS+DPT,23,0.8913043478260869,3,0.13043478260869565
Cli,17,22,Fastazi-S,22,0.0652173913043478,22,0.9565217391304348
Cli,17,22,Fastazi-P,22,0.0652173913043478,22,0.9565217391304348
Cli,17,22,Random,23,0.19565217391304346,19,0.8260869565217391
Cli,17,23,Ekstazi,22,0.4565217391304348,13,0.5652173913043478
Cli,17,23,FAST,23,0.021739130434782608,23,1.0
Cli,17,23,Ekstazi+dpt,22,0.8913043478260869,3,0.13043478260869565
Cli,17,23,DPT,23,0.8913043478260869,3,0.13043478260869565
Cli,17,23,STARTS,23,0.5434782608695652,11,0.4782608695652174
Cli,17,23,STARTS+FAST-S,23,0.4130434782608695,14,0.6086956521739131
Cli,17,23,STARTS+FAST-P,23,0.4130434782608695,14,0.6086956521739131
Cli,17,23,STARTS+DPT,23,0.8478260869565217,4,0.17391304347826086
Cli,17,23,Fastazi-S,22,0.0652173913043478,22,0.9565217391304348
Cli,17,23,Fastazi-P,22,0.0652173913043478,22,0.9565217391304348
Cli,17,23,Random,23,0.0652173913043478,22,0.9565217391304348
Cli,17,24,Ekstazi,22,0.5,12,0.5217391304347826
Cli,17,24,FAST,23,0.021739130434782608,23,1.0
Cli,17,24,Ekstazi+dpt,22,0.8478260869565217,4,0.17391304347826086
Cli,17,24,DPT,23,0.8478260869565217,4,0.17391304347826086
Cli,17,24,STARTS,23,0.8913043478260869,3,0.13043478260869565
Cli,17,24,STARTS+FAST-S,23,0.4130434782608695,14,0.6086956521739131
Cli,17,24,STARTS+FAST-P,23,0.4130434782608695,14,0.6086956521739131
Cli,17,24,STARTS+DPT,23,0.8913043478260869,3,0.13043478260869565
Cli,17,24,Fastazi-S,22,0.0652173913043478,22,0.9565217391304348
Cli,17,24,Fastazi-P,22,0.0652173913043478,22,0.9565217391304348
Cli,17,24,Random,23,0.8043478260869565,5,0.21739130434782608
Cli,17,25,Ekstazi,22,0.6739130434782609,8,0.34782608695652173
Cli,17,25,FAST,23,0.021739130434782608,23,1.0
Cli,17,25,Ekstazi+dpt,22,0.8913043478260869,3,0.13043478260869565
Cli,17,25,DPT,23,0.8913043478260869,3,0.13043478260869565
Cli,17,25,STARTS,23,0.7608695652173912,6,0.2608695652173913
Cli,17,25,STARTS+FAST-S,23,0.4130434782608695,14,0.6086956521739131
Cli,17,25,STARTS+FAST-P,23,0.4130434782608695,14,0.6086956521739131
Cli,17,25,STARTS+DPT,23,0.8478260869565217,4,0.17391304347826086
Cli,17,25,Fastazi-S,22,0.0652173913043478,22,0.9565217391304348
Cli,17,25,Fastazi-P,22,0.0652173913043478,22,0.9565217391304348
Cli,17,25,Random,23,0.9782608695652174,1,0.043478260869565216
Cli,17,26,Ekstazi,22,0.9347826086956522,2,0.08695652173913043
Cli,17,26,FAST,23,0.021739130434782608,23,1.0
Cli,17,26,Ekstazi+dpt,22,0.8913043478260869,3,0.13043478260869565
Cli,17,26,DPT,23,0.8478260869565217,4,0.17391304347826086
Cli,17,26,STARTS,23,0.8043478260869565,5,0.21739130434782608
Cli,17,26,STARTS+FAST-S,23,0.4130434782608695,14,0.6086956521739131
Cli,17,26,STARTS+FAST-P,23,0.4130434782608695,14,0.6086956521739131
Cli,17,26,STARTS+DPT,23,0.8913043478260869,3,0.13043478260869565
Cli,17,26,Fastazi-S,22,0.0652173913043478,22,0.9565217391304348
Cli,17,26,Fastazi-P,22,0.0652173913043478,22,0.9565217391304348
Cli,17,26,Random,23,0.1086956521739131,21,0.9130434782608695
Cli,17,27,Ekstazi,22,0.5869565217391305,10,0.43478260869565216
Cli,17,27,FAST,23,0.021739130434782608,23,1.0
Cli,17,27,Ekstazi+dpt,22,0.8478260869565217,4,0.17391304347826086
Cli,17,27,DPT,23,0.8913043478260869,3,0.13043478260869565
Cli,17,27,STARTS,23,0.1086956521739131,21,0.9130434782608695
Cli,17,27,STARTS+FAST-S,23,0.4130434782608695,14,0.6086956521739131
Cli,17,27,STARTS+FAST-P,23,0.4130434782608695,14,0.6086956521739131
Cli,17,27,STARTS+DPT,23,0.8478260869565217,4,0.17391304347826086
Cli,17,27,Fastazi-S,22,0.0652173913043478,22,0.9565217391304348
Cli,17,27,Fastazi-P,22,0.0652173913043478,22,0.9565217391304348
Cli,17,27,Random,23,0.9782608695652174,1,0.043478260869565216
Cli,17,28,Ekstazi,22,0.8913043478260869,3,0.13043478260869565
Cli,17,28,FAST,23,0.021739130434782608,23,1.0
Cli,17,28,Ekstazi+dpt,22,0.8478260869565217,4,0.17391304347826086
Cli,17,28,DPT,23,0.8913043478260869,3,0.13043478260869565
Cli,17,28,STARTS,23,0.4130434782608695,14,0.6086956521739131
Cli,17,28,STARTS+FAST-S,23,0.4130434782608695,14,0.6086956521739131
Cli,17,28,STARTS+FAST-P,23,0.4130434782608695,14,0.6086956521739131
Cli,17,28,STARTS+DPT,23,0.8478260869565217,4,0.17391304347826086
Cli,17,28,Fastazi-S,22,0.0652173913043478,22,0.9565217391304348
Cli,17,28,Fastazi-P,22,0.0652173913043478,22,0.9565217391304348
Cli,17,28,Random,23,0.5,12,0.5217391304347826
Cli,17,29,Ekstazi,22,0.28260869565217395,17,0.7391304347826086
Cli,17,29,FAST,23,0.021739130434782608,23,1.0
Cli,17,29,Ekstazi+dpt,22,0.8913043478260869,3,0.13043478260869565
Cli,17,29,DPT,23,0.8478260869565217,4,0.17391304347826086
Cli,17,29,STARTS,23,0.9782608695652174,1,0.043478260869565216
Cli,17,29,STARTS+FAST-S,23,0.4130434782608695,14,0.6086956521739131
Cli,17,29,STARTS+FAST-P,23,0.4130434782608695,14,0.6086956521739131
Cli,17,29,STARTS+DPT,23,0.8478260869565217,4,0.17391304347826086
Cli,17,29,Fastazi-S,22,0.0652173913043478,22,0.9565217391304348
Cli,17,29,Fastazi-P,22,0.0652173913043478,22,0.9565217391304348
Cli,17,29,Random,23,0.021739130434782608,23,1.0
Cli,17,30,Ekstazi,22,0.4565217391304348,13,0.5652173913043478
Cli,17,30,FAST,23,0.021739130434782608,23,1.0
Cli,17,30,Ekstazi+dpt,22,0.8478260869565217,4,0.17391304347826086
Cli,17,30,DPT,23,0.8478260869565217,4,0.17391304347826086
Cli,17,30,STARTS,23,0.4130434782608695,14,0.6086956521739131
Cli,17,30,STARTS+FAST-S,23,0.4130434782608695,14,0.6086956521739131
Cli,17,30,STARTS+FAST-P,23,0.4130434782608695,14,0.6086956521739131
Cli,17,30,STARTS+DPT,23,0.8913043478260869,3,0.13043478260869565
Cli,17,30,Fastazi-S,22,0.0652173913043478,22,0.9565217391304348
Cli,17,30,Fastazi-P,22,0.0652173913043478,22,0.9565217391304348
Cli,17,30,Random,23,0.8043478260869565,5,0.21739130434782608
Cli,18,1,Ekstazi,15,0.8043478260869565,5,0.21739130434782608
Cli,18,1,FAST,23,0.4130434782608695,14,0.6086956521739131
Cli,18,1,Ekstazi+dpt,15,0.8478260869565217,4,0.17391304347826086
Cli,18,1,DPT,23,0.8478260869565217,4,0.17391304347826086
Cli,18,1,STARTS,15,0.717391304347826,7,0.30434782608695654
Cli,18,1,STARTS+FAST-S,15,0.717391304347826,7,0.30434782608695654
Cli,18,1,STARTS+FAST-P,15,0.8043478260869565,5,0.21739130434782608
Cli,18,1,STARTS+DPT,15,0.8913043478260869,3,0.13043478260869565
Cli,18,1,Fastazi-S,15,0.5869565217391305,10,0.43478260869565216
Cli,18,1,Fastazi-P,15,0.6739130434782609,8,0.34782608695652173
Cli,18,1,Random,23,0.021739130434782608,23,1.0
Cli,18,2,Ekstazi,15,0.7608695652173912,6,0.2608695652173913
Cli,18,2,FAST,23,0.32608695652173914,16,0.6956521739130435
Cli,18,2,Ekstazi+dpt,15,0.8478260869565217,4,0.17391304347826086
Cli,18,2,DPT,23,0.8913043478260869,3,0.13043478260869565
Cli,18,2,STARTS,15,0.5434782608695652,11,0.4782608695652174
Cli,18,2,STARTS+FAST-S,15,0.717391304347826,7,0.30434782608695654
Cli,18,2,STARTS+FAST-P,15,0.7608695652173912,6,0.2608695652173913
Cli,18,2,STARTS+DPT,15,0.8478260869565217,4,0.17391304347826086
Cli,18,2,Fastazi-S,15,0.8043478260869565,5,0.21739130434782608
Cli,18,2,Fastazi-P,15,0.5869565217391305,10,0.43478260869565216
Cli,18,2,Random,23,0.4565217391304348,13,0.5652173913043478
Cli,18,3,Ekstazi,15,0.8913043478260869,3,0.13043478260869565
Cli,18,3,FAST,23,0.32608695652173914,16,0.6956521739130435
Cli,18,3,Ekstazi+dpt,15,0.8913043478260869,3,0.13043478260869565
Cli,18,3,DPT,23,0.8913043478260869,3,0.13043478260869565
Cli,18,3,STARTS,15,0.717391304347826,7,0.30434782608695654
Cli,18,3,STARTS+FAST-S,15,0.717391304347826,7,0.30434782608695654
Cli,18,3,STARTS+FAST-P,15,0.8043478260869565,5,0.21739130434782608
Cli,18,3,STARTS+DPT,15,0.8913043478260869,3,0.13043478260869565
Cli,18,3,Fastazi-S,15,0.8043478260869565,5,0.21739130434782608
Cli,18,3,Fastazi-P,15,0.5869565217391305,10,0.43478260869565216
Cli,18,3,Random,23,0.8913043478260869,3,0.13043478260869565
Cli,18,4,Ekstazi,15,0.3695652173913043,15,0.6521739130434783
Cli,18,4,FAST,23,0.32608695652173914,16,0.6956521739130435
Cli,18,4,Ekstazi+dpt,15,0.8913043478260869,3,0.13043478260869565
Cli,18,4,DPT,23,0.8913043478260869,3,0.13043478260869565
Cli,18,4,STARTS,15,0.4130434782608695,14,0.6086956521739131
Cli,18,4,STARTS+FAST-S,15,0.717391304347826,7,0.30434782608695654
Cli,18,4,STARTS+FAST-P,15,0.8043478260869565,5,0.21739130434782608
Cli,18,4,STARTS+DPT,15,0.8478260869565217,4,0.17391304347826086
Cli,18,4,Fastazi-S,15,0.8043478260869565,5,0.21739130434782608
Cli,18,4,Fastazi-P,15,0.5869565217391305,10,0.43478260869565216
Cli,18,4,Random,23,0.0652173913043478,22,0.9565217391304348
Cli,18,5,Ekstazi,15,0.5434782608695652,11,0.4782608695652174
Cli,18,5,FAST,23,0.32608695652173914,16,0.6956521739130435
Cli,18,5,Ekstazi+dpt,15,0.8913043478260869,3,0.13043478260869565
Cli,18,5,DPT,23,0.8478260869565217,4,0.17391304347826086
Cli,18,5,STARTS,15,0.4565217391304348,13,0.5652173913043478
Cli,18,5,STARTS+FAST-S,15,0.717391304347826,7,0.30434782608695654
Cli,18,5,STARTS+FAST-P,15,0.7608695652173912,6,0.2608695652173913
Cli,18,5,STARTS+DPT,15,0.8913043478260869,3,0.13043478260869565
Cli,18,5,Fastazi-S,15,0.8043478260869565,5,0.21739130434782608
Cli,18,5,Fastazi-P,15,0.5869565217391305,10,0.43478260869565216
Cli,18,5,Random,23,0.7608695652173912,6,0.2608695652173913
Cli,18,6,Ekstazi,15,0.9782608695652174,1,0.043478260869565216
Cli,18,6,FAST,23,0.32608695652173914,16,0.6956521739130435
Cli,18,6,Ekstazi+dpt,15,0.8478260869565217,4,0.17391304347826086
Cli,18,6,DPT,23,0.8478260869565217,4,0.17391304347826086
Cli,18,6,STARTS,15,0.717391304347826,7,0.30434782608695654
Cli,18,6,STARTS+FAST-S,15,0.717391304347826,7,0.30434782608695654
Cli,18,6,STARTS+FAST-P,15,0.7608695652173912,6,0.2608695652173913
Cli,18,6,STARTS+DPT,15,0.8913043478260869,3,0.13043478260869565
Cli,18,6,Fastazi-S,15,0.9782608695652174,1,0.043478260869565216
Cli,18,6,Fastazi-P,15,0.5869565217391305,10,0.43478260869565216
Cli,18,6,Random,23,0.021739130434782608,23,1.0
Cli,18,7,Ekstazi,15,0.6739130434782609,8,0.34782608695652173
Cli,18,7,FAST,23,0.32608695652173914,16,0.6956521739130435
Cli,18,7,Ekstazi+dpt,15,0.8913043478260869,3,0.13043478260869565
Cli,18,7,DPT,23,0.8913043478260869,3,0.13043478260869565
Cli,18,7,STARTS,15,0.4130434782608695,14,0.6086956521739131
Cli,18,7,STARTS+FAST-S,15,0.717391304347826,7,0.30434782608695654
Cli,18,7,STARTS+FAST-P,15,0.8478260869565217,4,0.17391304347826086
Cli,18,7,STARTS+DPT,15,0.8478260869565217,4,0.17391304347826086
Cli,18,7,Fastazi-S,15,0.8043478260869565,5,0.21739130434782608
Cli,18,7,Fastazi-P,15,0.5869565217391305,10,0.43478260869565216
Cli,18,7,Random,23,0.8043478260869565,5,0.21739130434782608
Cli,18,8,Ekstazi,15,0.3695652173913043,15,0.6521739130434783
Cli,18,8,FAST,23,0.32608695652173914,16,0.6956521739130435
Cli,18,8,Ekstazi+dpt,15,0.8478260869565217,4,0.17391304347826086
Cli,18,8,DPT,23,0.8478260869565217,4,0.17391304347826086
Cli,18,8,STARTS,15,0.5434782608695652,11,0.4782608695652174
Cli,18,8,STARTS+FAST-S,15,0.717391304347826,7,0.30434782608695654
Cli,18,8,STARTS+FAST-P,15,0.8043478260869565,5,0.21739130434782608
Cli,18,8,STARTS+DPT,15,0.8478260869565217,4,0.17391304347826086
Cli,18,8,Fastazi-S,15,0.8043478260869565,5,0.21739130434782608
Cli,18,8,Fastazi-P,15,0.5869565217391305,10,0.43478260869565216
Cli,18,8,Random,23,0.9347826086956522,2,0.08695652173913043
Cli,18,9,Ekstazi,15,0.9782608695652174,1,0.043478260869565216
Cli,18,9,FAST,23,0.32608695652173914,16,0.6956521739130435
Cli,18,9,Ekstazi+dpt,15,0.8913043478260869,3,0.13043478260869565
Cli,18,9,DPT,23,0.8478260869565217,4,0.17391304347826086
Cli,18,9,STARTS,15,0.9347826086956522,2,0.08695652173913043
Cli,18,9,STARTS+FAST-S,15,0.717391304347826,7,0.30434782608695654
Cli,18,9,STARTS+FAST-P,15,0.8043478260869565,5,0.21739130434782608
Cli,18,9,STARTS+DPT,15,0.8913043478260869,3,0.13043478260869565
Cli,18,9,Fastazi-S,15,0.8043478260869565,5,0.21739130434782608
Cli,18,9,Fastazi-P,15,0.5869565217391305,10,0.43478260869565216
Cli,18,9,Random,23,0.8478260869565217,4,0.17391304347826086
Cli,18,10,Ekstazi,15,0.9782608695652174,1,0.043478260869565216
Cli,18,10,FAST,23,0.4130434782608695,14,0.6086956521739131
Cli,18,10,Ekstazi+dpt,15,0.8913043478260869,3,0.13043478260869565
Cli,18,10,DPT,23,0.8913043478260869,3,0.13043478260869565
Cli,18,10,STARTS,15,0.5434782608695652,11,0.4782608695652174
Cli,18,10,STARTS+FAST-S,15,0.717391304347826,7,0.30434782608695654
Cli,18,10,STARTS+FAST-P,15,0.8043478260869565,5,0.21739130434782608
Cli,18,10,STARTS+DPT,15,0.8913043478260869,3,0.13043478260869565
Cli,18,10,Fastazi-S,15,0.6304347826086957,9,0.391304347826087
Cli,18,10,Fastazi-P,15,0.717391304347826,7,0.30434782608695654
Cli,18,10,Random,23,0.8478260869565217,4,0.17391304347826086
Cli,18,11,Ekstazi,15,0.6739130434782609,8,0.34782608695652173
Cli,18,11,FAST,23,0.32608695652173914,16,0.6956521739130435
Cli,18,11,Ekstazi+dpt,15,0.8478260869565217,4,0.17391304347826086
Cli,18,11,DPT,23,0.8913043478260869,3,0.13043478260869565
Cli,18,11,STARTS,15,0.3695652173913043,15,0.6521739130434783
Cli,18,11,STARTS+FAST-S,15,0.717391304347826,7,0.30434782608695654
Cli,18,11,STARTS+FAST-P,15,0.8478260869565217,4,0.17391304347826086
Cli,18,11,STARTS+DPT,15,0.8478260869565217,4,0.17391304347826086
Cli,18,11,Fastazi-S,15,0.6304347826086957,9,0.391304347826087
Cli,18,11,Fastazi-P,15,0.5869565217391305,10,0.43478260869565216
Cli,18,11,Random,23,0.3695652173913043,15,0.6521739130434783
Cli,18,12,Ekstazi,15,0.717391304347826,7,0.30434782608695654
Cli,18,12,FAST,23,0.32608695652173914,16,0.6956521739130435
Cli,18,12,Ekstazi+dpt,15,0.8478260869565217,4,0.17391304347826086
Cli,18,12,DPT,23,0.8478260869565217,4,0.17391304347826086
Cli,18,12,STARTS,15,0.6304347826086957,9,0.391304347826087
Cli,18,12,STARTS+FAST-S,15,0.717391304347826,7,0.30434782608695654
Cli,18,12,STARTS+FAST-P,15,0.7608695652173912,6,0.2608695652173913
Cli,18,12,STARTS+DPT,15,0.8478260869565217,4,0.17391304347826086
Cli,18,12,Fastazi-S,15,0.8043478260869565,5,0.21739130434782608
Cli,18,12,Fastazi-P,15,0.5869565217391305,10,0.43478260869565216
Cli,18,12,Random,23,0.28260869565217395,17,0.7391304347826086
Cli,18,13,Ekstazi,15,0.717391304347826,7,0.30434782608695654
Cli,18,13,FAST,23,0.32608695652173914,16,0.6956521739130435
Cli,18,13,Ekstazi+dpt,15,0.8913043478260869,3,0.13043478260869565
Cli,18,13,DPT,23,0.8913043478260869,3,0.13043478260869565
Cli,18,13,STARTS,15,0.3695652173913043,15,0.6521739130434783
Cli,18,13,STARTS+FAST-S,15,0.717391304347826,7,0.30434782608695654
Cli,18,13,STARTS+FAST-P,15,0.7608695652173912,6,0.2608695652173913
Cli,18,13,STARTS+DPT,15,0.8478260869565217,4,0.17391304347826086
Cli,18,13,Fastazi-S,15,0.8043478260869565,5,0.21739130434782608
Cli,18,13,Fastazi-P,15,0.5869565217391305,10,0.43478260869565216
Cli,18,13,Random,23,0.6304347826086957,9,0.391304347826087
Cli,18,14,Ekstazi,15,0.8043478260869565,5,0.21739130434782608
Cli,18,14,FAST,23,0.4130434782608695,14,0.6086956521739131
Cli,18,14,Ekstazi+dpt,15,0.8478260869565217,4,0.17391304347826086
Cli,18,14,DPT,23,0.8913043478260869,3,0.13043478260869565
Cli,18,14,STARTS,15,0.8913043478260869,3,0.13043478260869565
Cli,18,14,STARTS+FAST-S,15,0.717391304347826,7,0.30434782608695654
Cli,18,14,STARTS+FAST-P,15,0.7608695652173912,6,0.2608695652173913
Cli,18,14,STARTS+DPT,15,0.8913043478260869,3,0.13043478260869565
Cli,18,14,Fastazi-S,15,0.6304347826086957,9,0.391304347826087
Cli,18,14,Fastazi-P,15,0.6739130434782609,8,0.34782608695652173
Cli,18,14,Random,23,0.9347826086956522,2,0.08695652173913043
Cli,18,15,Ekstazi,15,0.6739130434782609,8,0.34782608695652173
Cli,18,15,FAST,23,0.4130434782608695,14,0.6086956521739131
Cli,18,15,Ekstazi+dpt,15,0.8913043478260869,3,0.13043478260869565
Cli,18,15,DPT,23,0.8913043478260869,3,0.13043478260869565
Cli,18,15,STARTS,15,0.4130434782608695,14,0.6086956521739131
Cli,18,15,STARTS+FAST-S,15,0.717391304347826,7,0.30434782608695654
Cli,18,15,STARTS+FAST-P,15,0.7608695652173912,6,0.2608695652173913
Cli,18,15,STARTS+DPT,15,0.8913043478260869,3,0.13043478260869565
Cli,18,15,Fastazi-S,15,0.5869565217391305,10,0.43478260869565216
Cli,18,15,Fastazi-P,15,0.6739130434782609,8,0.34782608695652173
Cli,18,15,Random,23,0.1086956521739131,21,0.9130434782608695
Cli,18,16,Ekstazi,15,0.8913043478260869,3,0.13043478260869565
Cli,18,16,FAST,23,0.4130434782608695,14,0.6086956521739131
Cli,18,16,Ekstazi+dpt,15,0.8913043478260869,3,0.13043478260869565
Cli,18,16,DPT,23,0.8478260869565217,4,0.17391304347826086
Cli,18,16,STARTS,15,0.3695652173913043,15,0.6521739130434783
Cli,18,16,STARTS+FAST-S,15,0.7608695652173912,6,0.2608695652173913
Cli,18,16,STARTS+FAST-P,15,0.7608695652173912,6,0.2608695652173913
Cli,18,16,STARTS+DPT,15,0.8478260869565217,4,0.17391304347826086
Cli,18,16,Fastazi-S,15,0.8043478260869565,5,0.21739130434782608
Cli,18,16,Fastazi-P,15,0.6739130434782609,8,0.34782608695652173
Cli,18,16,Random,23,0.7608695652173912,6,0.2608695652173913
Cli,18,17,Ekstazi,15,0.5869565217391305,10,0.43478260869565216
Cli,18,17,FAST,23,0.32608695652173914,16,0.6956521739130435
Cli,18,17,Ekstazi+dpt,15,0.8478260869565217,4,0.17391304347826086
Cli,18,17,DPT,23,0.8913043478260869,3,0.13043478260869565
Cli,18,17,STARTS,15,0.8043478260869565,5,0.21739130434782608
Cli,18,17,STARTS+FAST-S,15,0.717391304347826,7,0.30434782608695654
Cli,18,17,STARTS+FAST-P,15,0.8043478260869565,5,0.21739130434782608
Cli,18,17,STARTS+DPT,15,0.8478260869565217,4,0.17391304347826086
Cli,18,17,Fastazi-S,15,0.8043478260869565,5,0.21739130434782608
Cli,18,17,Fastazi-P,15,0.5869565217391305,10,0.43478260869565216
Cli,18,17,Random,23,0.0652173913043478,22,0.9565217391304348
Cli,18,18,Ekstazi,15,0.8478260869565217,4,0.17391304347826086
Cli,18,18,FAST,23,0.32608695652173914,16,0.6956521739130435
Cli,18,18,Ekstazi+dpt,15,0.8478260869565217,4,0.17391304347826086
Cli,18,18,DPT,23,0.8478260869565217,4,0.17391304347826086
Cli,18,18,STARTS,15,0.9347826086956522,2,0.08695652173913043
Cli,18,18,STARTS+FAST-S,15,0.717391304347826,7,0.30434782608695654
Cli,18,18,STARTS+FAST-P,15,0.7608695652173912,6,0.2608695652173913
Cli,18,18,STARTS+DPT,15,0.8478260869565217,4,0.17391304347826086
Cli,18,18,Fastazi-S,15,0.8043478260869565,5,0.21739130434782608
Cli,18,18,Fastazi-P,15,0.5869565217391305,10,0.43478260869565216
Cli,18,18,Random,23,0.8043478260869565,5,0.21739130434782608
Cli,18,19,Ekstazi,15,0.7608695652173912,6,0.2608695652173913
Cli,18,19,FAST,23,0.32608695652173914,16,0.6956521739130435
Cli,18,19,Ekstazi+dpt,15,0.8913043478260869,3,0.13043478260869565
Cli,18,19,DPT,23,0.8913043478260869,3,0.13043478260869565
Cli,18,19,STARTS,15,0.5434782608695652,11,0.4782608695652174
Cli,18,19,STARTS+FAST-S,15,0.717391304347826,7,0.30434782608695654
Cli,18,19,STARTS+FAST-P,15,0.8043478260869565,5,0.21739130434782608
Cli,18,19,STARTS+DPT,15,0.8913043478260869,3,0.13043478260869565
Cli,18,19,Fastazi-S,15,0.8043478260869565,5,0.21739130434782608
Cli,18,19,Fastazi-P,15,0.5869565217391305,10,0.43478260869565216
Cli,18,19,Random,23,0.5869565217391305,10,0.43478260869565216
Cli,18,20,Ekstazi,15,0.5869565217391305,10,0.43478260869565216
Cli,18,20,FAST,23,0.32608695652173914,16,0.6956521739130435
Cli,18,20,Ekstazi+dpt,15,0.8478260869565217,4,0.17391304347826086
Cli,18,20,DPT,23,0.8478260869565217,4,0.17391304347826086
Cli,18,20,STARTS,15,0.3695652173913043,15,0.6521739130434783
Cli,18,20,STARTS+FAST-S,15,0.717391304347826,7,0.30434782608695654
Cli,18,20,STARTS+FAST-P,15,0.7608695652173912,6,0.2608695652173913
Cli,18,20,STARTS+DPT,15,0.8478260869565217,4,0.17391304347826086
Cli,18,20,Fastazi-S,15,0.5869565217391305,10,0.43478260869565216
Cli,18,20,Fastazi-P,15,0.5869565217391305,10,0.43478260869565216
Cli,18,20,Random,23,0.8043478260869565,5,0.21739130434782608
Cli,18,21,Ekstazi,15,0.5,12,0.5217391304347826
Cli,18,21,FAST,23,0.32608695652173914,16,0.6956521739130435
Cli,18,21,Ekstazi+dpt,15,0.8478260869565217,4,0.17391304347826086
Cli,18,21,DPT,23,0.8478260869565217,4,0.17391304347826086
Cli,18,21,STARTS,15,0.8043478260869565,5,0.21739130434782608
Cli,18,21,STARTS+FAST-S,15,0.717391304347826,7,0.30434782608695654
Cli,18,21,STARTS+FAST-P,15,0.8043478260869565,5,0.21739130434782608
Cli,18,21,STARTS+DPT,15,0.8478260869565217,4,0.17391304347826086
Cli,18,21,Fastazi-S,15,0.5869565217391305,10,0.43478260869565216
Cli,18,21,Fastazi-P,15,0.5869565217391305,10,0.43478260869565216
Cli,18,21,Random,23,0.5869565217391305,10,0.43478260869565216
Cli,18,22,Ekstazi,15,0.4130434782608695,14,0.6086956521739131
Cli,18,22,FAST,23,0.4130434782608695,14,0.6086956521739131
Cli,18,22,Ekstazi+dpt,15,0.8913043478260869,3,0.13043478260869565
Cli,18,22,DPT,23,0.8913043478260869,3,0.13043478260869565
Cli,18,22,STARTS,15,0.9782608695652174,1,0.043478260869565216
Cli,18,22,STARTS+FAST-S,15,0.717391304347826,7,0.30434782608695654
Cli,18,22,STARTS+FAST-P,15,0.7608695652173912,6,0.2608695652173913
Cli,18,22,STARTS+DPT,15,0.8913043478260869,3,0.13043478260869565
Cli,18,22,Fastazi-S,15,0.8043478260869565,5,0.21739130434782608
Cli,18,22,Fastazi-P,15,0.6739130434782609,8,0.34782608695652173
Cli,18,22,Random,23,0.15217391304347827,20,0.8695652173913043
Cli,18,23,Ekstazi,15,0.8043478260869565,5,0.21739130434782608
Cli,18,23,FAST,23,0.32608695652173914,16,0.6956521739130435
Cli,18,23,Ekstazi+dpt,15,0.8478260869565217,4,0.17391304347826086
Cli,18,23,DPT,23,0.8478260869565217,4,0.17391304347826086
Cli,18,23,STARTS,15,0.4130434782608695,14,0.6086956521739131
Cli,18,23,STARTS+FAST-S,15,0.717391304347826,7,0.30434782608695654
Cli,18,23,STARTS+FAST-P,15,0.7608695652173912,6,0.2608695652173913
Cli,18,23,STARTS+DPT,15,0.8478260869565217,4,0.17391304347826086
Cli,18,23,Fastazi-S,15,0.8043478260869565,5,0.21739130434782608
Cli,18,23,Fastazi-P,15,0.5869565217391305,10,0.43478260869565216
Cli,18,23,Random,23,0.8043478260869565,5,0.21739130434782608
Cli,18,24,Ekstazi,15,0.8913043478260869,3,0.13043478260869565
Cli,18,24,FAST,23,0.32608695652173914,16,0.6956521739130435
Cli,18,24,Ekstazi+dpt,15,0.8478260869565217,4,0.17391304347826086
Cli,18,24,DPT,23,0.8913043478260869,3,0.13043478260869565
Cli,18,24,STARTS,15,0.8043478260869565,5,0.21739130434782608
Cli,18,24,STARTS+FAST-S,15,0.717391304347826,7,0.30434782608695654
Cli,18,24,STARTS+FAST-P,15,0.8043478260869565,5,0.21739130434782608
Cli,18,24,STARTS+DPT,15,0.8478260869565217,4,0.17391304347826086
Cli,18,24,Fastazi-S,15,0.8043478260869565,5,0.21739130434782608
Cli,18,24,Fastazi-P,15,0.5869565217391305,10,0.43478260869565216
Cli,18,24,Random,23,0.32608695652173914,16,0.6956521739130435
Cli,18,25,Ekstazi,15,0.8913043478260869,3,0.13043478260869565
Cli,18,25,FAST,23,0.9782608695652174,1,0.043478260869565216
Cli,18,25,Ekstazi+dpt,15,0.8478260869565217,4,0.17391304347826086
Cli,18,25,DPT,23,0.8913043478260869,3,0.13043478260869565
Cli,18,25,STARTS,15,0.4565217391304348,13,0.5652173913043478
Cli,18,25,STARTS+FAST-S,15,0.717391304347826,7,0.30434782608695654
Cli,18,25,STARTS+FAST-P,15,0.9782608695652174,1,0.043478260869565216
Cli,18,25,STARTS+DPT,15,0.8913043478260869,3,0.13043478260869565
Cli,18,25,Fastazi-S,15,0.8043478260869565,5,0.21739130434782608
Cli,18,25,Fastazi-P,15,0.9782608695652174,1,0.043478260869565216
Cli,18,25,Random,23,0.28260869565217395,17,0.7391304347826086
Cli,18,26,Ekstazi,15,0.9347826086956522,2,0.08695652173913043
Cli,18,26,FAST,23,0.32608695652173914,16,0.6956521739130435
Cli,18,26,Ekstazi+dpt,15,0.8478260869565217,4,0.17391304347826086
Cli,18,26,DPT,23,0.8913043478260869,3,0.13043478260869565
Cli,18,26,STARTS,15,0.6304347826086957,9,0.391304347826087
Cli,18,26,STARTS+FAST-S,15,0.717391304347826,7,0.30434782608695654
Cli,18,26,STARTS+FAST-P,15,0.7608695652173912,6,0.2608695652173913
Cli,18,26,STARTS+DPT,15,0.8913043478260869,3,0.13043478260869565
Cli,18,26,Fastazi-S,15,0.8043478260869565,5,0.21739130434782608
Cli,18,26,Fastazi-P,15,0.5869565217391305,10,0.43478260869565216
Cli,18,26,Random,23,0.8478260869565217,4,0.17391304347826086
Cli,18,27,Ekstazi,15,0.5,12,0.5217391304347826
Cli,18,27,FAST,23,0.32608695652173914,16,0.6956521739130435
Cli,18,27,Ekstazi+dpt,15,0.8913043478260869,3,0.13043478260869565
Cli,18,27,DPT,23,0.8478260869565217,4,0.17391304347826086
Cli,18,27,STARTS,15,0.7608695652173912,6,0.2608695652173913
Cli,18,27,STARTS+FAST-S,15,0.717391304347826,7,0.30434782608695654
Cli,18,27,STARTS+FAST-P,15,0.7608695652173912,6,0.2608695652173913
Cli,18,27,STARTS+DPT,15,0.8913043478260869,3,0.13043478260869565
Cli,18,27,Fastazi-S,15,0.8043478260869565,5,0.21739130434782608
Cli,18,27,Fastazi-P,15,0.5869565217391305,10,0.43478260869565216
Cli,18,27,Random,23,0.8478260869565217,4,0.17391304347826086
Cli,18,28,Ekstazi,15,0.8478260869565217,4,0.17391304347826086
Cli,18,28,FAST,23,0.32608695652173914,16,0.6956521739130435
Cli,18,28,Ekstazi+dpt,15,0.8913043478260869,3,0.13043478260869565
Cli,18,28,DPT,23,0.8913043478260869,3,0.13043478260869565
Cli,18,28,STARTS,15,0.4130434782608695,14,0.6086956521739131
Cli,18,28,STARTS+FAST-S,15,0.7608695652173912,6,0.2608695652173913
Cli,18,28,STARTS+FAST-P,15,0.9782608695652174,1,0.043478260869565216
Cli,18,28,STARTS+DPT,15,0.8913043478260869,3,0.13043478260869565
Cli,18,28,Fastazi-S,15,0.5869565217391305,10,0.43478260869565216
Cli,18,28,Fastazi-P,15,0.5869565217391305,10,0.43478260869565216
Cli,18,28,Random,23,0.7608695652173912,6,0.2608695652173913
Cli,18,29,Ekstazi,15,0.717391304347826,7,0.30434782608695654
Cli,18,29,FAST,23,0.32608695652173914,16,0.6956521739130435
Cli,18,29,Ekstazi+dpt,15,0.8913043478260869,3,0.13043478260869565
Cli,18,29,DPT,23,0.8913043478260869,3,0.13043478260869565
Cli,18,29,STARTS,15,0.8043478260869565,5,0.21739130434782608
Cli,18,29,STARTS+FAST-S,15,0.9782608695652174,1,0.043478260869565216
Cli,18,29,STARTS+FAST-P,15,0.8043478260869565,5,0.21739130434782608
Cli,18,29,STARTS+DPT,15,0.8913043478260869,3,0.13043478260869565
Cli,18,29,Fastazi-S,15,0.9782608695652174,1,0.043478260869565216
Cli,18,29,Fastazi-P,15,0.5869565217391305,10,0.43478260869565216
Cli,18,29,Random,23,0.7608695652173912,6,0.2608695652173913
Cli,18,30,Ekstazi,15,0.717391304347826,7,0.30434782608695654
Cli,18,30,FAST,23,0.32608695652173914,16,0.6956521739130435
Cli,18,30,Ekstazi+dpt,15,0.8478260869565217,4,0.17391304347826086
Cli,18,30,DPT,23,0.8913043478260869,3,0.13043478260869565
Cli,18,30,STARTS,15,0.5,12,0.5217391304347826
Cli,18,30,STARTS+FAST-S,15,0.717391304347826,7,0.30434782608695654
Cli,18,30,STARTS+FAST-P,15,0.8043478260869565,5,0.21739130434782608
Cli,18,30,STARTS+DPT,15,0.8478260869565217,4,0.17391304347826086
Cli,18,30,Fastazi-S,15,0.8043478260869565,5,0.21739130434782608
Cli,18,30,Fastazi-P,15,0.5869565217391305,10,0.43478260869565216
Cli,18,30,Random,23,0.0652173913043478,22,0.9565217391304348
Cli,19,1,Ekstazi,15,0.8043478260869565,5,0.21739130434782608
Cli,19,1,FAST,23,0.4130434782608695,14,0.6086956521739131
Cli,19,1,Ekstazi+dpt,15,0.8913043478260869,3,0.13043478260869565
Cli,19,1,DPT,23,0.8478260869565217,4,0.17391304347826086
Cli,19,1,STARTS,15,0.8913043478260869,3,0.13043478260869565
Cli,19,1,STARTS+FAST-S,15,0.7608695652173912,6,0.2608695652173913
Cli,19,1,STARTS+FAST-P,15,0.7608695652173912,6,0.2608695652173913
Cli,19,1,STARTS+DPT,15,0.8913043478260869,3,0.13043478260869565
Cli,19,1,Fastazi-S,15,0.5869565217391305,10,0.43478260869565216
Cli,19,1,Fastazi-P,15,0.717391304347826,7,0.30434782608695654
Cli,19,1,Random,23,0.15217391304347827,20,0.8695652173913043
Cli,19,2,Ekstazi,15,0.9782608695652174,1,0.043478260869565216
Cli,19,2,FAST,23,0.32608695652173914,16,0.6956521739130435
Cli,19,2,Ekstazi+dpt,15,0.8913043478260869,3,0.13043478260869565
Cli,19,2,DPT,23,0.8478260869565217,4,0.17391304347826086
Cli,19,2,STARTS,15,0.6739130434782609,8,0.34782608695652173
Cli,19,2,STARTS+FAST-S,15,0.717391304347826,7,0.30434782608695654
Cli,19,2,STARTS+FAST-P,15,0.8043478260869565,5,0.21739130434782608
Cli,19,2,STARTS+DPT,15,0.8913043478260869,3,0.13043478260869565
Cli,19,2,Fastazi-S,15,0.5869565217391305,10,0.43478260869565216
Cli,19,2,Fastazi-P,15,0.5869565217391305,10,0.43478260869565216
Cli,19,2,Random,23,0.8478260869565217,4,0.17391304347826086
Cli,19,3,Ekstazi,15,0.9782608695652174,1,0.043478260869565216
Cli,19,3,FAST,23,0.32608695652173914,16,0.6956521739130435
Cli,19,3,Ekstazi+dpt,15,0.8478260869565217,4,0.17391304347826086
Cli,19,3,DPT,23,0.8478260869565217,4,0.17391304347826086
Cli,19,3,STARTS,15,0.8478260869565217,4,0.17391304347826086
Cli,19,3,STARTS+FAST-S,15,0.717391304347826,7,0.30434782608695654
Cli,19,3,STARTS+FAST-P,15,0.8043478260869565,5,0.21739130434782608
Cli,19,3,STARTS+DPT,15,0.8913043478260869,3,0.13043478260869565
Cli,19,3,Fastazi-S,15,0.8043478260869565,5,0.21739130434782608
Cli,19,3,Fastazi-P,15,0.5869565217391305,10,0.43478260869565216
Cli,19,3,Random,23,0.5434782608695652,11,0.4782608695652174
Cli,19,4,Ekstazi,15,0.717391304347826,7,0.30434782608695654
Cli,19,4,FAST,23,0.32608695652173914,16,0.6956521739130435
Cli,19,4,Ekstazi+dpt,15,0.8913043478260869,3,0.13043478260869565
Cli,19,4,DPT,23,0.8913043478260869,3,0.13043478260869565
Cli,19,4,STARTS,15,0.3695652173913043,15,0.6521739130434783
Cli,19,4,STARTS+FAST-S,15,0.717391304347826,7,0.30434782608695654
Cli,19,4,STARTS+FAST-P,15,0.8043478260869565,5,0.21739130434782608
Cli,19,4,STARTS+DPT,15,0.8913043478260869,3,0.13043478260869565
Cli,19,4,Fastazi-S,15,0.8043478260869565,5,0.21739130434782608
Cli,19,4,Fastazi-P,15,0.5869565217391305,10,0.43478260869565216
Cli,19,4,Random,23,0.32608695652173914,16,0.6956521739130435
Cli,19,5,Ekstazi,15,0.5,12,0.5217391304347826
Cli,19,5,FAST,23,0.4130434782608695,14,0.6086956521739131
Cli,19,5,Ekstazi+dpt,15,0.8913043478260869,3,0.13043478260869565
Cli,19,5,DPT,23,0.8913043478260869,3,0.13043478260869565
Cli,19,5,STARTS,15,0.4130434782608695,14,0.6086956521739131
Cli,19,5,STARTS+FAST-S,15,0.717391304347826,7,0.30434782608695654
Cli,19,5,STARTS+FAST-P,15,0.8043478260869565,5,0.21739130434782608
Cli,19,5,STARTS+DPT,15,0.8478260869565217,4,0.17391304347826086
Cli,19,5,Fastazi-S,15,0.8043478260869565,5,0.21739130434782608
Cli,19,5,Fastazi-P,15,0.6739130434782609,8,0.34782608695652173
Cli,19,5,Random,23,0.23913043478260865,18,0.782608695652174
Cli,19,6,Ekstazi,15,0.4565217391304348,13,0.5652173913043478
Cli,19,6,FAST,23,0.32608695652173914,16,0.6956521739130435
Cli,19,6,Ekstazi+dpt,15,0.8913043478260869,3,0.13043478260869565
Cli,19,6,DPT,23,0.8478260869565217,4,0.17391304347826086
Cli,19,6,STARTS,15,0.5869565217391305,10,0.43478260869565216
Cli,19,6,STARTS+FAST-S,15,0.717391304347826,7,0.30434782608695654
Cli,19,6,STARTS+FAST-P,15,0.8043478260869565,5,0.21739130434782608
Cli,19,6,STARTS+DPT,15,0.8913043478260869,3,0.13043478260869565
Cli,19,6,Fastazi-S,15,0.9782608695652174,1,0.043478260869565216
Cli,19,6,Fastazi-P,15,0.5869565217391305,10,0.43478260869565216
Cli,19,6,Random,23,0.6304347826086957,9,0.391304347826087
Cli,19,7,Ekstazi,15,0.717391304347826,7,0.30434782608695654
Cli,19,7,FAST,23,0.4130434782608695,14,0.6086956521739131
Cli,19,7,Ekstazi+dpt,15,0.8913043478260869,3,0.13043478260869565
Cli,19,7,DPT,23,0.8913043478260869,3,0.13043478260869565
Cli,19,7,STARTS,15,0.9347826086956522,2,0.08695652173913043
Cli,19,7,STARTS+FAST-S,15,0.717391304347826,7,0.30434782608695654
Cli,19,7,STARTS+FAST-P,15,0.8043478260869565,5,0.21739130434782608
Cli,19,7,STARTS+DPT,15,0.8478260869565217,4,0.17391304347826086
Cli,19,7,Fastazi-S,15,0.8043478260869565,5,0.21739130434782608
Cli,19,7,Fastazi-P,15,0.6739130434782609,8,0.34782608695652173
Cli,19,7,Random,23,0.19565217391304346,19,0.8260869565217391
Cli,19,8,Ekstazi,15,0.7608695652173912,6,0.2608695652173913
Cli,19,8,FAST,23,0.4130434782608695,14,0.6086956521739131
Cli,19,8,Ekstazi+dpt,15,0.8478260869565217,4,0.17391304347826086
Cli,19,8,DPT,23,0.8913043478260869,3,0.13043478260869565
Cli,19,8,STARTS,15,0.717391304347826,7,0.30434782608695654
Cli,19,8,STARTS+FAST-S,15,0.717391304347826,7,0.30434782608695654
Cli,19,8,STARTS+FAST-P,15,0.7608695652173912,6,0.2608695652173913
Cli,19,8,STARTS+DPT,15,0.8478260869565217,4,0.17391304347826086
Cli,19,8,Fastazi-S,15,0.8043478260869565,5,0.21739130434782608
Cli,19,8,Fastazi-P,15,0.717391304347826,7,0.30434782608695654
Cli,19,8,Random,23,0.6739130434782609,8,0.34782608695652173
Cli,19,9,Ekstazi,15,0.9347826086956522,2,0.08695652173913043
Cli,19,9,FAST,23,0.4130434782608695,14,0.6086956521739131
Cli,19,9,Ekstazi+dpt,15,0.8478260869565217,4,0.17391304347826086
Cli,19,9,DPT,23,0.8478260869565217,4,0.17391304347826086
Cli,19,9,STARTS,15,0.5869565217391305,10,0.43478260869565216
Cli,19,9,STARTS+FAST-S,15,0.717391304347826,7,0.30434782608695654
Cli,19,9,STARTS+FAST-P,15,0.7608695652173912,6,0.2608695652173913
Cli,19,9,STARTS+DPT,15,0.8913043478260869,3,0.13043478260869565
Cli,19,9,Fastazi-S,15,0.6304347826086957,9,0.391304347826087
Cli,19,9,Fastazi-P,15,0.6739130434782609,8,0.34782608695652173
Cli,19,9,Random,23,0.32608695652173914,16,0.6956521739130435
Cli,19,10,Ekstazi,15,0.3695652173913043,15,0.6521739130434783
Cli,19,10,FAST,23,0.32608695652173914,16,0.6956521739130435
Cli,19,10,Ekstazi+dpt,15,0.8478260869565217,4,0.17391304347826086
Cli,19,10,DPT,23,0.8478260869565217,4,0.17391304347826086
Cli,19,10,STARTS,15,0.7608695652173912,6,0.2608695652173913
Cli,19,10,STARTS+FAST-S,15,0.717391304347826,7,0.30434782608695654
Cli,19,10,STARTS+FAST-P,15,0.7608695652173912,6,0.2608695652173913
Cli,19,10,STARTS+DPT,15,0.8478260869565217,4,0.17391304347826086
Cli,19,10,Fastazi-S,15,0.5869565217391305,10,0.43478260869565216
Cli,19,10,Fastazi-P,15,0.5869565217391305,10,0.43478260869565216
Cli,19,10,Random,23,0.4130434782608695,14,0.6086956521739131
Cli,19,11,Ekstazi,15,0.8478260869565217,4,0.17391304347826086
Cli,19,11,FAST,23,0.32608695652173914,16,0.6956521739130435
Cli,19,11,Ekstazi+dpt,15,0.8913043478260869,3,0.13043478260869565
Cli,19,11,DPT,23,0.8478260869565217,4,0.17391304347826086
Cli,19,11,STARTS,15,0.5434782608695652,11,0.4782608695652174
Cli,19,11,STARTS+FAST-S,15,0.717391304347826,7,0.30434782608695654
Cli,19,11,STARTS+FAST-P,15,0.8478260869565217,4,0.17391304347826086
Cli,19,11,STARTS+DPT,15,0.8913043478260869,3,0.13043478260869565
Cli,19,11,Fastazi-S,15,0.5869565217391305,10,0.43478260869565216
Cli,19,11,Fastazi-P,15,0.5869565217391305,10,0.43478260869565216
Cli,19,11,Random,23,0.6739130434782609,8,0.34782608695652173
Cli,19,12,Ekstazi,15,0.9347826086956522,2,0.08695652173913043
Cli,19,12,FAST,23,0.32608695652173914,16,0.6956521739130435
Cli,19,12,Ekstazi+dpt,15,0.8913043478260869,3,0.13043478260869565
Cli,19,12,DPT,23,0.8913043478260869,3,0.13043478260869565
Cli,19,12,STARTS,15,0.6304347826086957,9,0.391304347826087
Cli,19,12,STARTS+FAST-S,15,0.717391304347826,7,0.30434782608695654
Cli,19,12,STARTS+FAST-P,15,0.8043478260869565,5,0.21739130434782608
Cli,19,12,STARTS+DPT,15,0.8913043478260869,3,0.13043478260869565
Cli,19,12,Fastazi-S,15,0.8043478260869565,5,0.21739130434782608
Cli,19,12,Fastazi-P,15,0.5869565217391305,10,0.43478260869565216
Cli,19,12,Random,23,0.19565217391304346,19,0.8260869565217391
Cli,19,13,Ekstazi,15,0.5,12,0.5217391304347826
Cli,19,13,FAST,23,0.32608695652173914,16,0.6956521739130435
Cli,19,13,Ekstazi+dpt,15,0.8478260869565217,4,0.17391304347826086
Cli,19,13,DPT,23,0.8478260869565217,4,0.17391304347826086
Cli,19,13,STARTS,15,0.8043478260869565,5,0.21739130434782608
Cli,19,13,STARTS+FAST-S,15,0.717391304347826,7,0.30434782608695654
Cli,19,13,STARTS+FAST-P,15,0.7608695652173912,6,0.2608695652173913
Cli,19,13,STARTS+DPT,15,0.8913043478260869,3,0.13043478260869565
Cli,19,13,Fastazi-S,15,0.8043478260869565,5,0.21739130434782608
Cli,19,13,Fastazi-P,15,0.5869565217391305,10,0.43478260869565216
Cli,19,13,Random,23,0.15217391304347827,20,0.8695652173913043
Cli,19,14,Ekstazi,15,0.5,12,0.5217391304347826
Cli,19,14,FAST,23,0.32608695652173914,16,0.6956521739130435
Cli,19,14,Ekstazi+dpt,15,0.8478260869565217,4,0.17391304347826086
Cli,19,14,DPT,23,0.8478260869565217,4,0.17391304347826086
Cli,19,14,STARTS,15,0.7608695652173912,6,0.2608695652173913
Cli,19,14,STARTS+FAST-S,15,0.717391304347826,7,0.30434782608695654
Cli,19,14,STARTS+FAST-P,15,0.8043478260869565,5,0.21739130434782608
Cli,19,14,STARTS+DPT,15,0.8913043478260869,3,0.13043478260869565
Cli,19,14,Fastazi-S,15,0.8043478260869565,5,0.21739130434782608
Cli,19,14,Fastazi-P,15,0.5869565217391305,10,0.43478260869565216
Cli,19,14,Random,23,0.9782608695652174,1,0.043478260869565216
Cli,19,15,Ekstazi,15,0.5434782608695652,11,0.4782608695652174
Cli,19,15,FAST,23,0.32608695652173914,16,0.6956521739130435
Cli,19,15,Ekstazi+dpt,15,0.8913043478260869,3,0.13043478260869565
Cli,19,15,DPT,23,0.8913043478260869,3,0.13043478260869565
Cli,19,15,STARTS,15,0.9347826086956522,2,0.08695652173913043
Cli,19,15,STARTS+FAST-S,15,0.717391304347826,7,0.30434782608695654
Cli,19,15,STARTS+FAST-P,15,0.8043478260869565,5,0.21739130434782608
Cli,19,15,STARTS+DPT,15,0.8478260869565217,4,0.17391304347826086
Cli,19,15,Fastazi-S,15,0.8043478260869565,5,0.21739130434782608
Cli,19,15,Fastazi-P,15,0.5869565217391305,10,0.43478260869565216
Cli,19,15,Random,23,0.9782608695652174,1,0.043478260869565216
Cli,19,16,Ekstazi,15,0.6304347826086957,9,0.391304347826087
Cli,19,16,FAST,23,0.32608695652173914,16,0.6956521739130435
Cli,19,16,Ekstazi+dpt,15,0.8913043478260869,3,0.13043478260869565
Cli,19,16,DPT,23,0.8913043478260869,3,0.13043478260869565
Cli,19,16,STARTS,15,0.9782608695652174,1,0.043478260869565216
Cli,19,16,STARTS+FAST-S,15,0.717391304347826,7,0.30434782608695654
Cli,19,16,STARTS+FAST-P,15,0.8043478260869565,5,0.21739130434782608
Cli,19,16,STARTS+DPT,15,0.8478260869565217,4,0.17391304347826086
Cli,19,16,Fastazi-S,15,0.8043478260869565,5,0.21739130434782608
Cli,19,16,Fastazi-P,15,0.5869565217391305,10,0.43478260869565216
Cli,19,16,Random,23,0.4565217391304348,13,0.5652173913043478
Cli,19,17,Ekstazi,15,0.5,12,0.5217391304347826
Cli,19,17,FAST,23,0.32608695652173914,16,0.6956521739130435
Cli,19,17,Ekstazi+dpt,15,0.8478260869565217,4,0.17391304347826086
Cli,19,17,DPT,23,0.8478260869565217,4,0.17391304347826086
Cli,19,17,STARTS,15,0.6739130434782609,8,0.34782608695652173
Cli,19,17,STARTS+FAST-S,15,0.717391304347826,7,0.30434782608695654
Cli,19,17,STARTS+FAST-P,15,0.7608695652173912,6,0.2608695652173913
Cli,19,17,STARTS+DPT,15,0.8478260869565217,4,0.17391304347826086
Cli,19,17,Fastazi-S,15,0.8043478260869565,5,0.21739130434782608
Cli,19,17,Fastazi-P,15,0.5869565217391305,10,0.43478260869565216
Cli,19,17,Random,23,0.15217391304347827,20,0.8695652173913043
Cli,19,18,Ekstazi,15,0.6304347826086957,9,0.391304347826087
Cli,19,18,FAST,23,0.32608695652173914,16,0.6956521739130435
Cli,19,18,Ekstazi+dpt,15,0.8478260869565217,4,0.17391304347826086
Cli,19,18,DPT,23,0.8913043478260869,3,0.13043478260869565
Cli,19,18,STARTS,15,0.8478260869565217,4,0.17391304347826086
Cli,19,18,STARTS+FAST-S,15,0.717391304347826,7,0.30434782608695654
Cli,19,18,STARTS+FAST-P,15,0.8043478260869565,5,0.21739130434782608
Cli,19,18,STARTS+DPT,15,0.8913043478260869,3,0.13043478260869565
Cli,19,18,Fastazi-S,15,0.8043478260869565,5,0.21739130434782608
Cli,19,18,Fastazi-P,15,0.5869565217391305,10,0.43478260869565216
Cli,19,18,Random,23,0.0652173913043478,22,0.9565217391304348
Cli,19,19,Ekstazi,15,0.717391304347826,7,0.30434782608695654
Cli,19,19,FAST,23,0.4130434782608695,14,0.6086956521739131
Cli,19,19,Ekstazi+dpt,15,0.8478260869565217,4,0.17391304347826086
Cli,19,19,DPT,23,0.8478260869565217,4,0.17391304347826086
Cli,19,19,STARTS,15,0.7608695652173912,6,0.2608695652173913
Cli,19,19,STARTS+FAST-S,15,0.9782608695652174,1,0.043478260869565216
Cli,19,19,STARTS+FAST-P,15,0.8043478260869565,5,0.21739130434782608
Cli,19,19,STARTS+DPT,15,0.8478260869565217,4,0.17391304347826086
Cli,19,19,Fastazi-S,15,0.6304347826086957,9,0.391304347826087
Cli,19,19,Fastazi-P,15,0.6739130434782609,8,0.34782608695652173
Cli,19,19,Random,23,0.6739130434782609,8,0.34782608695652173
Cli,19,20,Ekstazi,15,0.5,12,0.5217391304347826
Cli,19,20,FAST,23,0.4130434782608695,14,0.6086956521739131
Cli,19,20,Ekstazi+dpt,15,0.8913043478260869,3,0.13043478260869565
Cli,19,20,DPT,23,0.8913043478260869,3,0.13043478260869565
Cli,19,20,STARTS,15,0.717391304347826,7,0.30434782608695654
Cli,19,20,STARTS+FAST-S,15,0.717391304347826,7,0.30434782608695654
Cli,19,20,STARTS+FAST-P,15,0.7608695652173912,6,0.2608695652173913
Cli,19,20,STARTS+DPT,15,0.8478260869565217,4,0.17391304347826086
Cli,19,20,Fastazi-S,15,0.6304347826086957,9,0.391304347826087
Cli,19,20,Fastazi-P,15,0.6739130434782609,8,0.34782608695652173
Cli,19,20,Random,23,0.8913043478260869,3,0.13043478260869565
Cli,19,21,Ekstazi,15,0.5,12,0.5217391304347826
Cli,19,21,FAST,23,0.32608695652173914,16,0.6956521739130435
Cli,19,21,Ekstazi+dpt,15,0.8913043478260869,3,0.13043478260869565
Cli,19,21,DPT,23,0.8478260869565217,4,0.17391304347826086
Cli,19,21,STARTS,15,0.7608695652173912,6,0.2608695652173913
Cli,19,21,STARTS+FAST-S,15,0.717391304347826,7,0.30434782608695654
Cli,19,21,STARTS+FAST-P,15,0.8043478260869565,5,0.21739130434782608
Cli,19,21,STARTS+DPT,15,0.8478260869565217,4,0.17391304347826086
Cli,19,21,Fastazi-S,15,0.8043478260869565,5,0.21739130434782608
Cli,19,21,Fastazi-P,15,0.5869565217391305,10,0.43478260869565216
Cli,19,21,Random,23,0.23913043478260865,18,0.782608695652174
Cli,19,22,Ekstazi,15,0.3695652173913043,15,0.6521739130434783
Cli,19,22,FAST,23,0.32608695652173914,16,0.6956521739130435
Cli,19,22,Ekstazi+dpt,15,0.8913043478260869,3,0.13043478260869565
Cli,19,22,DPT,23,0.8478260869565217,4,0.17391304347826086
Cli,19,22,STARTS,15,0.4130434782608695,14,0.6086956521739131
Cli,19,22,STARTS+FAST-S,15,0.717391304347826,7,0.30434782608695654
Cli,19,22,STARTS+FAST-P,15,0.8478260869565217,4,0.17391304347826086
Cli,19,22,STARTS+DPT,15,0.8478260869565217,4,0.17391304347826086
Cli,19,22,Fastazi-S,15,0.8043478260869565,5,0.21739130434782608
Cli,19,22,Fastazi-P,15,0.5869565217391305,10,0.43478260869565216
Cli,19,22,Random,23,0.6304347826086957,9,0.391304347826087
Cli,19,23,Ekstazi,15,0.5869565217391305,10,0.43478260869565216
Cli,19,23,FAST,23,0.32608695652173914,16,0.6956521739130435
Cli,19,23,Ekstazi+dpt,15,0.8913043478260869,3,0.13043478260869565
Cli,19,23,DPT,23,0.8913043478260869,3,0.13043478260869565
Cli,19,23,STARTS,15,0.9782608695652174,1,0.043478260869565216
Cli,19,23,STARTS+FAST-S,15,0.717391304347826,7,0.30434782608695654
Cli,19,23,STARTS+FAST-P,15,0.8043478260869565,5,0.21739130434782608
Cli,19,23,STARTS+DPT,15,0.8478260869565217,4,0.17391304347826086
Cli,19,23,Fastazi-S,15,0.8043478260869565,5,0.21739130434782608
Cli,19,23,Fastazi-P,15,0.5869565217391305,10,0.43478260869565216
Cli,19,23,Random,23,0.8913043478260869,3,0.13043478260869565
Cli,19,24,Ekstazi,15,0.5,12,0.5217391304347826
Cli,19,24,FAST,23,0.4130434782608695,14,0.6086956521739131
Cli,19,24,Ekstazi+dpt,15,0.8478260869565217,4,0.17391304347826086
Cli,19,24,DPT,23,0.8913043478260869,3,0.13043478260869565
Cli,19,24,STARTS,15,0.4565217391304348,13,0.5652173913043478
Cli,19,24,STARTS+FAST-S,15,0.717391304347826,7,0.30434782608695654
Cli,19,24,STARTS+FAST-P,15,0.8043478260869565,5,0.21739130434782608
Cli,19,24,STARTS+DPT,15,0.8478260869565217,4,0.17391304347826086
Cli,19,24,Fastazi-S,15,0.8043478260869565,5,0.21739130434782608
Cli,19,24,Fastazi-P,15,0.717391304347826,7,0.30434782608695654
Cli,19,24,Random,23,0.32608695652173914,16,0.6956521739130435
Cli,19,25,Ekstazi,15,0.4130434782608695,14,0.6086956521739131
Cli,19,25,FAST,23,0.32608695652173914,16,0.6956521739130435
Cli,19,25,Ekstazi+dpt,15,0.8478260869565217,4,0.17391304347826086
Cli,19,25,DPT,23,0.8478260869565217,4,0.17391304347826086
Cli,19,25,STARTS,15,0.6739130434782609,8,0.34782608695652173
Cli,19,25,STARTS+FAST-S,15,0.717391304347826,7,0.30434782608695654
Cli,19,25,STARTS+FAST-P,15,0.8043478260869565,5,0.21739130434782608
Cli,19,25,STARTS+DPT,15,0.8913043478260869,3,0.13043478260869565
Cli,19,25,Fastazi-S,15,0.5869565217391305,10,0.43478260869565216
Cli,19,25,Fastazi-P,15,0.5869565217391305,10,0.43478260869565216
Cli,19,25,Random,23,0.6304347826086957,9,0.391304347826087
Cli,19,26,Ekstazi,15,0.9782608695652174,1,0.043478260869565216
Cli,19,26,FAST,23,0.4130434782608695,14,0.6086956521739131
Cli,19,26,Ekstazi+dpt,15,0.8478260869565217,4,0.17391304347826086
Cli,19,26,DPT,23,0.8478260869565217,4,0.17391304347826086
Cli,19,26,STARTS,15,0.7608695652173912,6,0.2608695652173913
Cli,19,26,STARTS+FAST-S,15,0.9782608695652174,1,0.043478260869565216
Cli,19,26,STARTS+FAST-P,15,0.7608695652173912,6,0.2608695652173913
Cli,19,26,STARTS+DPT,15,0.8478260869565217,4,0.17391304347826086
Cli,19,26,Fastazi-S,15,0.5869565217391305,10,0.43478260869565216
Cli,19,26,Fastazi-P,15,0.717391304347826,7,0.30434782608695654
Cli,19,26,Random,23,0.19565217391304346,19,0.8260869565217391
Cli,19,27,Ekstazi,15,0.8043478260869565,5,0.21739130434782608
Cli,19,27,FAST,23,0.32608695652173914,16,0.6956521739130435
Cli,19,27,Ekstazi+dpt,15,0.8913043478260869,3,0.13043478260869565
Cli,19,27,DPT,23,0.8478260869565217,4,0.17391304347826086
Cli,19,27,STARTS,15,0.6739130434782609,8,0.34782608695652173
Cli,19,27,STARTS+FAST-S,15,0.717391304347826,7,0.30434782608695654
Cli,19,27,STARTS+FAST-P,15,0.8043478260869565,5,0.21739130434782608
Cli,19,27,STARTS+DPT,15,0.8913043478260869,3,0.13043478260869565
Cli,19,27,Fastazi-S,15,0.9782608695652174,1,0.043478260869565216
Cli,19,27,Fastazi-P,15,0.5869565217391305,10,0.43478260869565216
Cli,19,27,Random,23,0.0652173913043478,22,0.9565217391304348
Cli,19,28,Ekstazi,15,0.6304347826086957,9,0.391304347826087
Cli,19,28,FAST,23,0.32608695652173914,16,0.6956521739130435
Cli,19,28,Ekstazi+dpt,15,0.8913043478260869,3,0.13043478260869565
Cli,19,28,DPT,23,0.8913043478260869,3,0.13043478260869565
Cli,19,28,STARTS,15,0.8478260869565217,4,0.17391304347826086
Cli,19,28,STARTS+FAST-S,15,0.717391304347826,7,0.30434782608695654
Cli,19,28,STARTS+FAST-P,15,0.7608695652173912,6,0.2608695652173913
Cli,19,28,STARTS+DPT,15,0.8478260869565217,4,0.17391304347826086
Cli,19,28,Fastazi-S,15,0.8043478260869565,5,0.21739130434782608
Cli,19,28,Fastazi-P,15,0.5869565217391305,10,0.43478260869565216
Cli,19,28,Random,23,0.5869565217391305,10,0.43478260869565216
Cli,19,29,Ekstazi,15,0.8913043478260869,3,0.13043478260869565
Cli,19,29,FAST,23,0.32608695652173914,16,0.6956521739130435
Cli,19,29,Ekstazi+dpt,15,0.8913043478260869,3,0.13043478260869565
Cli,19,29,DPT,23,0.8478260869565217,4,0.17391304347826086
Cli,19,29,STARTS,15,0.8478260869565217,4,0.17391304347826086
Cli,19,29,STARTS+FAST-S,15,0.717391304347826,7,0.30434782608695654
Cli,19,29,STARTS+FAST-P,15,0.7608695652173912,6,0.2608695652173913
Cli,19,29,STARTS+DPT,15,0.8913043478260869,3,0.13043478260869565
Cli,19,29,Fastazi-S,15,0.8043478260869565,5,0.21739130434782608
Cli,19,29,Fastazi-P,15,0.5869565217391305,10,0.43478260869565216
Cli,19,29,Random,23,0.15217391304347827,20,0.8695652173913043
Cli,19,30,Ekstazi,15,0.8478260869565217,4,0.17391304347826086
Cli,19,30,FAST,23,0.4130434782608695,14,0.6086956521739131
Cli,19,30,Ekstazi+dpt,15,0.8913043478260869,3,0.13043478260869565
Cli,19,30,DPT,23,0.8478260869565217,4,0.17391304347826086
Cli,19,30,STARTS,15,0.8913043478260869,3,0.13043478260869565
Cli,19,30,STARTS+FAST-S,15,0.717391304347826,7,0.30434782608695654
Cli,19,30,STARTS+FAST-P,15,0.7608695652173912,6,0.2608695652173913
Cli,19,30,STARTS+DPT,15,0.8913043478260869,3,0.13043478260869565
Cli,19,30,Fastazi-S,15,0.8043478260869565,5,0.21739130434782608
Cli,19,30,Fastazi-P,15,0.6739130434782609,8,0.34782608695652173
Cli,19,30,Random,23,0.1086956521739131,21,0.9130434782608695
Cli,20,1,Ekstazi,15,0.8478260869565217,4,0.17391304347826086
Cli,20,1,FAST,23,0.4130434782608695,14,0.6086956521739131
Cli,20,1,Ekstazi+dpt,15,0.8478260869565217,4,0.17391304347826086
Cli,20,1,DPT,23,0.8478260869565217,4,0.17391304347826086
Cli,20,1,STARTS,15,0.717391304347826,7,0.30434782608695654
Cli,20,1,STARTS+FAST-S,15,0.717391304347826,7,0.30434782608695654
Cli,20,1,STARTS+FAST-P,15,0.7608695652173912,6,0.2608695652173913
Cli,20,1,STARTS+DPT,15,0.8913043478260869,3,0.13043478260869565
Cli,20,1,Fastazi-S,15,0.8043478260869565,5,0.21739130434782608
Cli,20,1,Fastazi-P,15,0.6739130434782609,8,0.34782608695652173
Cli,20,1,Random,23,0.4130434782608695,14,0.6086956521739131
Cli,20,2,Ekstazi,15,0.8478260869565217,4,0.17391304347826086
Cli,20,2,FAST,23,0.32608695652173914,16,0.6956521739130435
Cli,20,2,Ekstazi+dpt,15,0.8913043478260869,3,0.13043478260869565
Cli,20,2,DPT,23,0.8913043478260869,3,0.13043478260869565
Cli,20,2,STARTS,15,0.5434782608695652,11,0.4782608695652174
Cli,20,2,STARTS+FAST-S,15,0.717391304347826,7,0.30434782608695654
Cli,20,2,STARTS+FAST-P,15,0.8043478260869565,5,0.21739130434782608
Cli,20,2,STARTS+DPT,15,0.8478260869565217,4,0.17391304347826086
Cli,20,2,Fastazi-S,15,0.5869565217391305,10,0.43478260869565216
Cli,20,2,Fastazi-P,15,0.5869565217391305,10,0.43478260869565216
Cli,20,2,Random,23,0.8913043478260869,3,0.13043478260869565
Cli,20,3,Ekstazi,15,0.5,12,0.5217391304347826
Cli,20,3,FAST,23,0.32608695652173914,16,0.6956521739130435
Cli,20,3,Ekstazi+dpt,15,0.8478260869565217,4,0.17391304347826086
Cli,20,3,DPT,23,0.8913043478260869,3,0.13043478260869565
Cli,20,3,STARTS,15,0.3695652173913043,15,0.6521739130434783
Cli,20,3,STARTS+FAST-S,15,0.7608695652173912,6,0.2608695652173913
Cli,20,3,STARTS+FAST-P,15,0.8043478260869565,5,0.21739130434782608
Cli,20,3,STARTS+DPT,15,0.8913043478260869,3,0.13043478260869565
Cli,20,3,Fastazi-S,15,0.8043478260869565,5,0.21739130434782608
Cli,20,3,Fastazi-P,15,0.5869565217391305,10,0.43478260869565216
Cli,20,3,Random,23,0.021739130434782608,23,1.0
Cli,20,4,Ekstazi,15,0.4130434782608695,14,0.6086956521739131
Cli,20,4,FAST,23,0.32608695652173914,16,0.6956521739130435
Cli,20,4,Ekstazi+dpt,15,0.8913043478260869,3,0.13043478260869565
Cli,20,4,DPT,23,0.8478260869565217,4,0.17391304347826086
Cli,20,4,STARTS,15,0.4565217391304348,13,0.5652173913043478
Cli,20,4,STARTS+FAST-S,15,0.717391304347826,7,0.30434782608695654
Cli,20,4,STARTS+FAST-P,15,0.7608695652173912,6,0.2608695652173913
Cli,20,4,STARTS+DPT,15,0.8478260869565217,4,0.17391304347826086
Cli,20,4,Fastazi-S,15,0.8043478260869565,5,0.21739130434782608
Cli,20,4,Fastazi-P,15,0.5869565217391305,10,0.43478260869565216
Cli,20,4,Random,23,0.15217391304347827,20,0.8695652173913043
Cli,20,5,Ekstazi,15,0.8913043478260869,3,0.13043478260869565
Cli,20,5,FAST,23,0.4130434782608695,14,0.6086956521739131
Cli,20,5,Ekstazi+dpt,15,0.8478260869565217,4,0.17391304347826086
Cli,20,5,DPT,23,0.8913043478260869,3,0.13043478260869565
Cli,20,5,STARTS,15,0.5869565217391305,10,0.43478260869565216
Cli,20,5,STARTS+FAST-S,15,0.717391304347826,7,0.30434782608695654
Cli,20,5,STARTS+FAST-P,15,0.8043478260869565,5,0.21739130434782608
Cli,20,5,STARTS+DPT,15,0.8913043478260869,3,0.13043478260869565
Cli,20,5,Fastazi-S,15,0.5869565217391305,10,0.43478260869565216
Cli,20,5,Fastazi-P,15,0.717391304347826,7,0.30434782608695654
Cli,20,5,Random,23,0.4565217391304348,13,0.5652173913043478
Cli,20,6,Ekstazi,15,0.8043478260869565,5,0.21739130434782608
Cli,20,6,FAST,23,0.32608695652173914,16,0.6956521739130435
Cli,20,6,Ekstazi+dpt,15,0.8913043478260869,3,0.13043478260869565
Cli,20,6,DPT,23,0.8913043478260869,3,0.13043478260869565
Cli,20,6,STARTS,15,0.6304347826086957,9,0.391304347826087
Cli,20,6,STARTS+FAST-S,15,0.717391304347826,7,0.30434782608695654
Cli,20,6,STARTS+FAST-P,15,0.8043478260869565,5,0.21739130434782608
Cli,20,6,STARTS+DPT,15,0.8478260869565217,4,0.17391304347826086
Cli,20,6,Fastazi-S,15,0.5869565217391305,10,0.43478260869565216
Cli,20,6,Fastazi-P,15,0.5869565217391305,10,0.43478260869565216
Cli,20,6,Random,23,0.4130434782608695,14,0.6086956521739131
Cli,20,7,Ekstazi,15,0.3695652173913043,15,0.6521739130434783
Cli,20,7,FAST,23,0.32608695652173914,16,0.6956521739130435
Cli,20,7,Ekstazi+dpt,15,0.8913043478260869,3,0.13043478260869565
Cli,20,7,DPT,23,0.8913043478260869,3,0.13043478260869565
Cli,20,7,STARTS,15,0.9782608695652174,1,0.043478260869565216
Cli,20,7,STARTS+FAST-S,15,0.717391304347826,7,0.30434782608695654
Cli,20,7,STARTS+FAST-P,15,0.8043478260869565,5,0.21739130434782608
Cli,20,7,STARTS+DPT,15,0.8478260869565217,4,0.17391304347826086
Cli,20,7,Fastazi-S,15,0.8043478260869565,5,0.21739130434782608
Cli,20,7,Fastazi-P,15,0.5869565217391305,10,0.43478260869565216
Cli,20,7,Random,23,0.717391304347826,7,0.30434782608695654
Cli,20,8,Ekstazi,15,0.5869565217391305,10,0.43478260869565216
Cli,20,8,FAST,23,0.32608695652173914,16,0.6956521739130435
Cli,20,8,Ekstazi+dpt,15,0.8913043478260869,3,0.13043478260869565
Cli,20,8,DPT,23,0.8478260869565217,4,0.17391304347826086
Cli,20,8,STARTS,15,0.6304347826086957,9,0.391304347826087
Cli,20,8,STARTS+FAST-S,15,0.717391304347826,7,0.30434782608695654
Cli,20,8,STARTS+FAST-P,15,0.7608695652173912,6,0.2608695652173913
Cli,20,8,STARTS+DPT,15,0.8913043478260869,3,0.13043478260869565
Cli,20,8,Fastazi-S,15,0.5869565217391305,10,0.43478260869565216
Cli,20,8,Fastazi-P,15,0.5869565217391305,10,0.43478260869565216
Cli,20,8,Random,23,0.7608695652173912,6,0.2608695652173913
Cli,20,9,Ekstazi,15,0.4565217391304348,13,0.5652173913043478
Cli,20,9,FAST,23,0.32608695652173914,16,0.6956521739130435
Cli,20,9,Ekstazi+dpt,15,0.8478260869565217,4,0.17391304347826086
Cli,20,9,DPT,23,0.8913043478260869,3,0.13043478260869565
Cli,20,9,STARTS,15,0.4130434782608695,14,0.6086956521739131
Cli,20,9,STARTS+FAST-S,15,0.717391304347826,7,0.30434782608695654
Cli,20,9,STARTS+FAST-P,15,0.7608695652173912,6,0.2608695652173913
Cli,20,9,STARTS+DPT,15,0.8913043478260869,3,0.13043478260869565
Cli,20,9,Fastazi-S,15,0.5869565217391305,10,0.43478260869565216
Cli,20,9,Fastazi-P,15,0.5869565217391305,10,0.43478260869565216
Cli,20,9,Random,23,0.19565217391304346,19,0.8260869565217391
Cli,20,10,Ekstazi,15,0.4130434782608695,14,0.6086956521739131
Cli,20,10,FAST,23,0.32608695652173914,16,0.6956521739130435
Cli,20,10,Ekstazi+dpt,15,0.8478260869565217,4,0.17391304347826086
Cli,20,10,DPT,23,0.8478260869565217,4,0.17391304347826086
Cli,20,10,STARTS,15,0.6304347826086957,9,0.391304347826087
Cli,20,10,STARTS+FAST-S,15,0.9782608695652174,1,0.043478260869565216
Cli,20,10,STARTS+FAST-P,15,0.8043478260869565,5,0.21739130434782608
Cli,20,10,STARTS+DPT,15,0.8478260869565217,4,0.17391304347826086
Cli,20,10,Fastazi-S,15,0.8043478260869565,5,0.21739130434782608
Cli,20,10,Fastazi-P,15,0.5869565217391305,10,0.43478260869565216
Cli,20,10,Random,23,0.5,12,0.5217391304347826
Cli,20,11,Ekstazi,15,0.8043478260869565,5,0.21739130434782608
Cli,20,11,FAST,23,0.4130434782608695,14,0.6086956521739131
Cli,20,11,Ekstazi+dpt,15,0.8913043478260869,3,0.13043478260869565
Cli,20,11,DPT,23,0.8478260869565217,4,0.17391304347826086
Cli,20,11,STARTS,15,0.5434782608695652,11,0.4782608695652174
Cli,20,11,STARTS+FAST-S,15,0.717391304347826,7,0.30434782608695654
Cli,20,11,STARTS+FAST-P,15,0.7608695652173912,6,0.2608695652173913
Cli,20,11,STARTS+DPT,15,0.8913043478260869,3,0.13043478260869565
Cli,20,11,Fastazi-S,15,0.5869565217391305,10,0.43478260869565216
Cli,20,11,Fastazi-P,15,0.6739130434782609,8,0.34782608695652173
Cli,20,11,Random,23,0.4130434782608695,14,0.6086956521739131
Cli,20,12,Ekstazi,15,0.3695652173913043,15,0.6521739130434783
Cli,20,12,FAST,23,0.9782608695652174,1,0.043478260869565216
Cli,20,12,Ekstazi+dpt,15,0.8913043478260869,3,0.13043478260869565
Cli,20,12,DPT,23,0.8913043478260869,3,0.13043478260869565
Cli,20,12,STARTS,15,0.9347826086956522,2,0.08695652173913043
Cli,20,12,STARTS+FAST-S,15,0.717391304347826,7,0.30434782608695654
Cli,20,12,STARTS+FAST-P,15,0.9782608695652174,1,0.043478260869565216
Cli,20,12,STARTS+DPT,15,0.8478260869565217,4,0.17391304347826086
Cli,20,12,Fastazi-S,15,0.5869565217391305,10,0.43478260869565216
Cli,20,12,Fastazi-P,15,0.9782608695652174,1,0.043478260869565216
Cli,20,12,Random,23,0.3695652173913043,15,0.6521739130434783
Cli,20,13,Ekstazi,15,0.9782608695652174,1,0.043478260869565216
Cli,20,13,FAST,23,0.32608695652173914,16,0.6956521739130435
Cli,20,13,Ekstazi+dpt,15,0.8478260869565217,4,0.17391304347826086
Cli,20,13,DPT,23,0.8478260869565217,4,0.17391304347826086
Cli,20,13,STARTS,15,0.8043478260869565,5,0.21739130434782608
Cli,20,13,STARTS+FAST-S,15,0.717391304347826,7,0.30434782608695654
Cli,20,13,STARTS+FAST-P,15,0.8043478260869565,5,0.21739130434782608
Cli,20,13,STARTS+DPT,15,0.8478260869565217,4,0.17391304347826086
Cli,20,13,Fastazi-S,15,0.8043478260869565,5,0.21739130434782608
Cli,20,13,Fastazi-P,15,0.5869565217391305,10,0.43478260869565216
Cli,20,13,Random,23,0.4565217391304348,13,0.5652173913043478
Cli,20,14,Ekstazi,15,0.6304347826086957,9,0.391304347826087
Cli,20,14,FAST,23,0.4130434782608695,14,0.6086956521739131
Cli,20,14,Ekstazi+dpt,15,0.8913043478260869,3,0.13043478260869565
Cli,20,14,DPT,23,0.8478260869565217,4,0.17391304347826086
Cli,20,14,STARTS,15,0.5869565217391305,10,0.43478260869565216
Cli,20,14,STARTS+FAST-S,15,0.717391304347826,7,0.30434782608695654
Cli,20,14,STARTS+FAST-P,15,0.8043478260869565,5,0.21739130434782608
Cli,20,14,STARTS+DPT,15,0.8913043478260869,3,0.13043478260869565
Cli,20,14,Fastazi-S,15,0.9782608695652174,1,0.043478260869565216
Cli,20,14,Fastazi-P,15,0.6739130434782609,8,0.34782608695652173
Cli,20,14,Random,23,0.4565217391304348,13,0.5652173913043478
Cli,20,15,Ekstazi,15,0.8913043478260869,3,0.13043478260869565
Cli,20,15,FAST,23,0.4130434782608695,14,0.6086956521739131
Cli,20,15,Ekstazi+dpt,15,0.8478260869565217,4,0.17391304347826086
Cli,20,15,DPT,23,0.8913043478260869,3,0.13043478260869565
Cli,20,15,STARTS,15,0.4565217391304348,13,0.5652173913043478
Cli,20,15,STARTS+FAST-S,15,0.717391304347826,7,0.30434782608695654
Cli,20,15,STARTS+FAST-P,15,0.8043478260869565,5,0.21739130434782608
Cli,20,15,STARTS+DPT,15,0.8478260869565217,4,0.17391304347826086
Cli,20,15,Fastazi-S,15,0.8043478260869565,5,0.21739130434782608
Cli,20,15,Fastazi-P,15,0.717391304347826,7,0.30434782608695654
Cli,20,15,Random,23,0.6739130434782609,8,0.34782608695652173
Cli,20,16,Ekstazi,15,0.6739130434782609,8,0.34782608695652173
Cli,20,16,FAST,23,0.32608695652173914,16,0.6956521739130435
Cli,20,16,Ekstazi+dpt,15,0.8478260869565217,4,0.17391304347826086
Cli,20,16,DPT,23,0.8478260869565217,4,0.17391304347826086
Cli,20,16,STARTS,15,0.5869565217391305,10,0.43478260869565216
Cli,20,16,STARTS+FAST-S,15,0.717391304347826,7,0.30434782608695654
Cli,20,16,STARTS+FAST-P,15,0.8043478260869565,5,0.21739130434782608
Cli,20,16,STARTS+DPT,15,0.8913043478260869,3,0.13043478260869565
Cli,20,16,Fastazi-S,15,0.8043478260869565,5,0.21739130434782608
Cli,20,16,Fastazi-P,15,0.5869565217391305,10,0.43478260869565216
Cli,20,16,Random,23,0.0652173913043478,22,0.9565217391304348
Cli,20,17,Ekstazi,15,0.717391304347826,7,0.30434782608695654
Cli,20,17,FAST,23,0.32608695652173914,16,0.6956521739130435
Cli,20,17,Ekstazi+dpt,15,0.8478260869565217,4,0.17391304347826086
Cli,20,17,DPT,23,0.8478260869565217,4,0.17391304347826086
Cli,20,17,STARTS,15,0.3695652173913043,15,0.6521739130434783
Cli,20,17,STARTS+FAST-S,15,0.717391304347826,7,0.30434782608695654
Cli,20,17,STARTS+FAST-P,15,0.8043478260869565,5,0.21739130434782608
Cli,20,17,STARTS+DPT,15,0.8913043478260869,3,0.13043478260869565
Cli,20,17,Fastazi-S,15,0.8043478260869565,5,0.21739130434782608
Cli,20,17,Fastazi-P,15,0.5869565217391305,10,0.43478260869565216
Cli,20,17,Random,23,0.19565217391304346,19,0.8260869565217391
Cli,20,18,Ekstazi,15,0.4565217391304348,13,0.5652173913043478
Cli,20,18,FAST,23,0.32608695652173914,16,0.6956521739130435
Cli,20,18,Ekstazi+dpt,15,0.8913043478260869,3,0.13043478260869565
Cli,20,18,DPT,23,0.8913043478260869,3,0.13043478260869565
Cli,20,18,STARTS,15,0.9347826086956522,2,0.08695652173913043
Cli,20,18,STARTS+FAST-S,15,0.717391304347826,7,0.30434782608695654
Cli,20,18,STARTS+FAST-P,15,0.8478260869565217,4,0.17391304347826086
Cli,20,18,STARTS+DPT,15,0.8478260869565217,4,0.17391304347826086
Cli,20,18,Fastazi-S,15,0.9782608695652174,1,0.043478260869565216
Cli,20,18,Fastazi-P,15,0.5869565217391305,10,0.43478260869565216
Cli,20,18,Random,23,0.9782608695652174,1,0.043478260869565216
Cli,20,19,Ekstazi,15,0.4130434782608695,14,0.6086956521739131
Cli,20,19,FAST,23,0.4130434782608695,14,0.6086956521739131
Cli,20,19,Ekstazi+dpt,15,0.8913043478260869,3,0.13043478260869565
Cli,20,19,DPT,23,0.8478260869565217,4,0.17391304347826086
Cli,20,19,STARTS,15,0.5,12,0.5217391304347826
Cli,20,19,STARTS+FAST-S,15,0.717391304347826,7,0.30434782608695654
Cli,20,19,STARTS+FAST-P,15,0.8043478260869565,5,0.21739130434782608
Cli,20,19,STARTS+DPT,15,0.8913043478260869,3,0.13043478260869565
Cli,20,19,Fastazi-S,15,0.5869565217391305,10,0.43478260869565216
Cli,20,19,Fastazi-P,15,0.6739130434782609,8,0.34782608695652173
Cli,20,19,Random,23,0.0652173913043478,22,0.9565217391304348
Cli,20,20,Ekstazi,15,0.4565217391304348,13,0.5652173913043478
Cli,20,20,FAST,23,0.32608695652173914,16,0.6956521739130435
Cli,20,20,Ekstazi+dpt,15,0.8478260869565217,4,0.17391304347826086
Cli,20,20,DPT,23,0.8478260869565217,4,0.17391304347826086
Cli,20,20,STARTS,15,0.4565217391304348,13,0.5652173913043478
Cli,20,20,STARTS+FAST-S,15,0.717391304347826,7,0.30434782608695654
Cli,20,20,STARTS+FAST-P,15,0.8478260869565217,4,0.17391304347826086
Cli,20,20,STARTS+DPT,15,0.8478260869565217,4,0.17391304347826086
Cli,20,20,Fastazi-S,15,0.5869565217391305,10,0.43478260869565216
Cli,20,20,Fastazi-P,15,0.5869565217391305,10,0.43478260869565216
Cli,20,20,Random,23,0.9782608695652174,1,0.043478260869565216
Cli,20,21,Ekstazi,15,0.9347826086956522,2,0.08695652173913043
Cli,20,21,FAST,23,0.9782608695652174,1,0.043478260869565216
Cli,20,21,Ekstazi+dpt,15,0.8478260869565217,4,0.17391304347826086
Cli,20,21,DPT,23,0.8478260869565217,4,0.17391304347826086
Cli,20,21,STARTS,15,0.7608695652173912,6,0.2608695652173913
Cli,20,21,STARTS+FAST-S,15,0.9782608695652174,1,0.043478260869565216
Cli,20,21,STARTS+FAST-P,15,0.7608695652173912,6,0.2608695652173913
Cli,20,21,STARTS+DPT,15,0.8913043478260869,3,0.13043478260869565
Cli,20,21,Fastazi-S,15,0.8043478260869565,5,0.21739130434782608
Cli,20,21,Fastazi-P,15,0.9782608695652174,1,0.043478260869565216
Cli,20,21,Random,23,0.4130434782608695,14,0.6086956521739131
Cli,20,22,Ekstazi,15,0.5869565217391305,10,0.43478260869565216
Cli,20,22,FAST,23,0.32608695652173914,16,0.6956521739130435
Cli,20,22,Ekstazi+dpt,15,0.8913043478260869,3,0.13043478260869565
Cli,20,22,DPT,23,0.8913043478260869,3,0.13043478260869565
Cli,20,22,STARTS,15,0.4565217391304348,13,0.5652173913043478
Cli,20,22,STARTS+FAST-S,15,0.717391304347826,7,0.30434782608695654
Cli,20,22,STARTS+FAST-P,15,0.8043478260869565,5,0.21739130434782608
Cli,20,22,STARTS+DPT,15,0.8913043478260869,3,0.13043478260869565
Cli,20,22,Fastazi-S,15,0.8043478260869565,5,0.21739130434782608
Cli,20,22,Fastazi-P,15,0.5869565217391305,10,0.43478260869565216
Cli,20,22,Random,23,0.3695652173913043,15,0.6521739130434783
Cli,20,23,Ekstazi,15,0.3695652173913043,15,0.6521739130434783
Cli,20,23,FAST,23,0.32608695652173914,16,0.6956521739130435
Cli,20,23,Ekstazi+dpt,15,0.8913043478260869,3,0.13043478260869565
Cli,20,23,DPT,23,0.8913043478260869,3,0.13043478260869565
Cli,20,23,STARTS,15,0.9782608695652174,1,0.043478260869565216
Cli,20,23,STARTS+FAST-S,15,0.717391304347826,7,0.30434782608695654
Cli,20,23,STARTS+FAST-P,15,0.8043478260869565,5,0.21739130434782608
Cli,20,23,STARTS+DPT,15,0.8478260869565217,4,0.17391304347826086
Cli,20,23,Fastazi-S,15,0.8043478260869565,5,0.21739130434782608
Cli,20,23,Fastazi-P,15,0.5869565217391305,10,0.43478260869565216
Cli,20,23,Random,23,0.5434782608695652,11,0.4782608695652174
Cli,20,24,Ekstazi,15,0.6304347826086957,9,0.391304347826087
Cli,20,24,FAST,23,0.4130434782608695,14,0.6086956521739131
Cli,20,24,Ekstazi+dpt,15,0.8913043478260869,3,0.13043478260869565
Cli,20,24,DPT,23,0.8478260869565217,4,0.17391304347826086
Cli,20,24,STARTS,15,0.6304347826086957,9,0.391304347826087
Cli,20,24,STARTS+FAST-S,15,0.717391304347826,7,0.30434782608695654
Cli,20,24,STARTS+FAST-P,15,0.8043478260869565,5,0.21739130434782608
Cli,20,24,STARTS+DPT,15,0.8478260869565217,4,0.17391304347826086
Cli,20,24,Fastazi-S,15,0.8043478260869565,5,0.21739130434782608
Cli,20,24,Fastazi-P,15,0.6739130434782609,8,0.34782608695652173
Cli,20,24,Random,23,0.3695652173913043,15,0.6521739130434783
Cli,20,25,Ekstazi,15,0.8478260869565217,4,0.17391304347826086
Cli,20,25,FAST,23,0.32608695652173914,16,0.6956521739130435
Cli,20,25,Ekstazi+dpt,15,0.8913043478260869,3,0.13043478260869565
Cli,20,25,DPT,23,0.8478260869565217,4,0.17391304347826086
Cli,20,25,STARTS,15,0.717391304347826,7,0.30434782608695654
Cli,20,25,STARTS+FAST-S,15,0.717391304347826,7,0.30434782608695654
Cli,20,25,STARTS+FAST-P,15,0.7608695652173912,6,0.2608695652173913
Cli,20,25,STARTS+DPT,15,0.8913043478260869,3,0.13043478260869565
Cli,20,25,Fastazi-S,15,0.8043478260869565,5,0.21739130434782608
Cli,20,25,Fastazi-P,15,0.5869565217391305,10,0.43478260869565216
Cli,20,25,Random,23,0.8913043478260869,3,0.13043478260869565
Cli,20,26,Ekstazi,15,0.6304347826086957,9,0.391304347826087
Cli,20,26,FAST,23,0.32608695652173914,16,0.6956521739130435
Cli,20,26,Ekstazi+dpt,15,0.8913043478260869,3,0.13043478260869565
Cli,20,26,DPT,23,0.8478260869565217,4,0.17391304347826086
Cli,20,26,STARTS,15,0.5869565217391305,10,0.43478260869565216
Cli,20,26,STARTS+FAST-S,15,0.717391304347826,7,0.30434782608695654
Cli,20,26,STARTS+FAST-P,15,0.7608695652173912,6,0.2608695652173913
Cli,20,26,STARTS+DPT,15,0.8913043478260869,3,0.13043478260869565
Cli,20,26,Fastazi-S,15,0.9782608695652174,1,0.043478260869565216
Cli,20,26,Fastazi-P,15,0.5869565217391305,10,0.43478260869565216
Cli,20,26,Random,23,0.717391304347826,7,0.30434782608695654
Cli,20,27,Ekstazi,15,0.8478260869565217,4,0.17391304347826086
Cli,20,27,FAST,23,0.32608695652173914,16,0.6956521739130435
Cli,20,27,Ekstazi+dpt,15,0.8913043478260869,3,0.13043478260869565
Cli,20,27,DPT,23,0.8478260869565217,4,0.17391304347826086
Cli,20,27,STARTS,15,0.4130434782608695,14,0.6086956521739131
Cli,20,27,STARTS+FAST-S,15,0.717391304347826,7,0.30434782608695654
Cli,20,27,STARTS+FAST-P,15,0.8478260869565217,4,0.17391304347826086
Cli,20,27,STARTS+DPT,15,0.8913043478260869,3,0.13043478260869565
Cli,20,27,Fastazi-S,15,0.5869565217391305,10,0.43478260869565216
Cli,20,27,Fastazi-P,15,0.5869565217391305,10,0.43478260869565216
Cli,20,27,Random,23,0.4130434782608695,14,0.6086956521739131
Cli,20,28,Ekstazi,15,0.717391304347826,7,0.30434782608695654
Cli,20,28,FAST,23,0.32608695652173914,16,0.6956521739130435
Cli,20,28,Ekstazi+dpt,15,0.8913043478260869,3,0.13043478260869565
Cli,20,28,DPT,23,0.8913043478260869,3,0.13043478260869565
Cli,20,28,STARTS,15,0.4130434782608695,14,0.6086956521739131
Cli,20,28,STARTS+FAST-S,15,0.7608695652173912,6,0.2608695652173913
Cli,20,28,STARTS+FAST-P,15,0.8478260869565217,4,0.17391304347826086
Cli,20,28,STARTS+DPT,15,0.8913043478260869,3,0.13043478260869565
Cli,20,28,Fastazi-S,15,0.5869565217391305,10,0.43478260869565216
Cli,20,28,Fastazi-P,15,0.5869565217391305,10,0.43478260869565216
Cli,20,28,Random,23,0.7608695652173912,6,0.2608695652173913
Cli,20,29,Ekstazi,15,0.8913043478260869,3,0.13043478260869565
Cli,20,29,FAST,23,0.4130434782608695,14,0.6086956521739131
Cli,20,29,Ekstazi+dpt,15,0.8478260869565217,4,0.17391304347826086
Cli,20,29,DPT,23,0.8913043478260869,3,0.13043478260869565
Cli,20,29,STARTS,15,0.8913043478260869,3,0.13043478260869565
Cli,20,29,STARTS+FAST-S,15,0.717391304347826,7,0.30434782608695654
Cli,20,29,STARTS+FAST-P,15,0.8043478260869565,5,0.21739130434782608
Cli,20,29,STARTS+DPT,15,0.8913043478260869,3,0.13043478260869565
Cli,20,29,Fastazi-S,15,0.8043478260869565,5,0.21739130434782608
Cli,20,29,Fastazi-P,15,0.6739130434782609,8,0.34782608695652173
Cli,20,29,Random,23,0.0652173913043478,22,0.9565217391304348
Cli,20,30,Ekstazi,15,0.4130434782608695,14,0.6086956521739131
Cli,20,30,FAST,23,0.32608695652173914,16,0.6956521739130435
Cli,20,30,Ekstazi+dpt,15,0.8913043478260869,3,0.13043478260869565
Cli,20,30,DPT,23,0.8478260869565217,4,0.17391304347826086
Cli,20,30,STARTS,15,0.6304347826086957,9,0.391304347826087
Cli,20,30,STARTS+FAST-S,15,0.717391304347826,7,0.30434782608695654
Cli,20,30,STARTS+FAST-P,15,0.8043478260869565,5,0.21739130434782608
Cli,20,30,STARTS+DPT,15,0.8913043478260869,3,0.13043478260869565
Cli,20,30,Fastazi-S,15,0.8043478260869565,5,0.21739130434782608
Cli,20,30,Fastazi-P,15,0.5869565217391305,10,0.43478260869565216
Cli,20,30,Random,23,0.6304347826086957,9,0.391304347826087
Cli,21,1,Ekstazi,42,0.34745762711864403,39,0.6610169491525424
Cli,21,1,FAST,59,0.09322033898305085,54,0.9152542372881356
Cli,21,1,Ekstazi+dpt,42,0.7542372881355932,15,0.2542372881355932
Cli,21,1,DPT,59,0.7033898305084745,18,0.3050847457627119
Cli,21,1,STARTS,58,0.9745762711864406,2,0.03389830508474576
Cli,21,1,STARTS+FAST-S,58,0.09322033898305085,54,0.9152542372881356
Cli,21,1,STARTS+FAST-P,58,0.31355932203389825,41,0.6949152542372882
Cli,21,1,STARTS+DPT,58,0.788135593220339,13,0.22033898305084745
Cli,21,1,Fastazi-S,42,0.3305084745762712,40,0.6779661016949152
Cli,21,1,Fastazi-P,42,0.34745762711864403,39,0.6610169491525424
Cli,21,1,Random,59,0.6186440677966101,23,0.3898305084745763
Cli,21,2,Ekstazi,42,0.635593220338983,22,0.3728813559322034
Cli,21,2,FAST,59,0.09322033898305085,54,0.9152542372881356
Cli,21,2,Ekstazi+dpt,42,0.788135593220339,13,0.22033898305084745
Cli,21,2,DPT,59,0.788135593220339,13,0.22033898305084745
Cli,21,2,STARTS,58,0.07627118644067801,55,0.9322033898305084
Cli,21,2,STARTS+FAST-S,58,0.09322033898305085,54,0.9152542372881356
Cli,21,2,STARTS+FAST-P,58,0.025423728813559275,58,0.9830508474576272
Cli,21,2,STARTS+DPT,58,0.7033898305084745,18,0.3050847457627119
Cli,21,2,Fastazi-S,42,0.3305084745762712,40,0.6779661016949152
Cli,21,2,Fastazi-P,42,0.34745762711864403,39,0.6610169491525424
Cli,21,2,Random,59,0.7203389830508474,17,0.288135593220339
Cli,21,3,Ekstazi,42,0.31355932203389825,41,0.6949152542372882
Cli,21,3,FAST,59,0.09322033898305085,54,0.9152542372881356
Cli,21,3,Ekstazi+dpt,42,0.7203389830508474,17,0.288135593220339
Cli,21,3,DPT,59,0.7203389830508474,17,0.288135593220339
Cli,21,3,STARTS,58,0.5338983050847457,28,0.4745762711864407
Cli,21,3,STARTS+FAST-S,58,0.09322033898305085,54,0.9152542372881356
Cli,21,3,STARTS+FAST-P,58,0.9915254237288136,1,0.01694915254237288
Cli,21,3,STARTS+DPT,58,0.7372881355932204,16,0.2711864406779661
Cli,21,3,Fastazi-S,42,0.9915254237288136,1,0.01694915254237288
Cli,21,3,Fastazi-P,42,0.34745762711864403,39,0.6610169491525424
Cli,21,3,Random,59,0.09322033898305085,54,0.9152542372881356
Cli,21,4,Ekstazi,42,0.5169491525423728,29,0.4915254237288136
Cli,21,4,FAST,59,0.09322033898305085,54,0.9152542372881356
Cli,21,4,Ekstazi+dpt,42,0.7542372881355932,15,0.2542372881355932
Cli,21,4,DPT,59,0.7203389830508474,17,0.288135593220339
Cli,21,4,STARTS,58,0.6694915254237288,20,0.3389830508474576
Cli,21,4,STARTS+FAST-S,58,0.09322033898305085,54,0.9152542372881356
Cli,21,4,STARTS+FAST-P,58,0.09322033898305085,54,0.9152542372881356
Cli,21,4,STARTS+DPT,58,0.771186440677966,14,0.23728813559322035
Cli,21,4,Fastazi-S,42,0.3305084745762712,40,0.6779661016949152
Cli,21,4,Fastazi-P,42,0.34745762711864403,39,0.6610169491525424
Cli,21,4,Random,59,0.2627118644067796,44,0.7457627118644068
Cli,21,5,Ekstazi,42,0.34745762711864403,39,0.6610169491525424
Cli,21,5,FAST,59,0.09322033898305085,54,0.9152542372881356
Cli,21,5,Ekstazi+dpt,42,0.7033898305084745,18,0.3050847457627119
Cli,21,5,DPT,59,0.7203389830508474,17,0.288135593220339
Cli,21,5,STARTS,58,0.21186440677966104,47,0.7966101694915254
Cli,21,5,STARTS+FAST-S,58,0.09322033898305085,54,0.9152542372881356
Cli,21,5,STARTS+FAST-P,58,0.09322033898305085,54,0.9152542372881356
Cli,21,5,STARTS+DPT,58,0.771186440677966,14,0.23728813559322035
Cli,21,5,Fastazi-S,42,0.3305084745762712,40,0.6779661016949152
Cli,21,5,Fastazi-P,42,0.34745762711864403,39,0.6610169491525424
Cli,21,5,Random,59,0.22881355932203387,46,0.7796610169491526
Cli,21,6,Ekstazi,42,0.8728813559322034,8,0.13559322033898305
Cli,21,6,FAST,59,0.09322033898305085,54,0.9152542372881356
Cli,21,6,Ekstazi+dpt,42,0.7372881355932204,16,0.2711864406779661
Cli,21,6,DPT,59,0.7542372881355932,15,0.2542372881355932
Cli,21,6,STARTS,58,0.34745762711864403,39,0.6610169491525424
Cli,21,6,STARTS+FAST-S,58,0.31355932203389825,41,0.6949152542372882
Cli,21,6,STARTS+FAST-P,58,0.09322033898305085,54,0.9152542372881356
Cli,21,6,STARTS+DPT,58,0.771186440677966,14,0.23728813559322035
Cli,21,6,Fastazi-S,42,0.3305084745762712,40,0.6779661016949152
Cli,21,6,Fastazi-P,42,0.34745762711864403,39,0.6610169491525424
Cli,21,6,Random,59,0.6186440677966101,23,0.3898305084745763
Cli,21,7,Ekstazi,42,0.4491525423728814,33,0.559322033898305
Cli,21,7,FAST,59,0.09322033898305085,54,0.9152542372881356
Cli,21,7,Ekstazi+dpt,42,0.7033898305084745,18,0.3050847457627119
Cli,21,7,DPT,59,0.7033898305084745,18,0.3050847457627119
Cli,21,7,STARTS,58,0.3305084745762712,40,0.6779661016949152
Cli,21,7,STARTS+FAST-S,58,0.09322033898305085,54,0.9152542372881356
Cli,21,7,STARTS+FAST-P,58,0.09322033898305085,54,0.9152542372881356
Cli,21,7,STARTS+DPT,58,0.7372881355932204,16,0.2711864406779661
Cli,21,7,Fastazi-S,42,0.3305084745762712,40,0.6779661016949152
Cli,21,7,Fastazi-P,42,0.34745762711864403,39,0.6610169491525424
Cli,21,7,Random,59,0.9067796610169492,6,0.1016949152542373
Cli,21,8,Ekstazi,42,0.5677966101694916,26,0.4406779661016949
Cli,21,8,FAST,59,0.09322033898305085,54,0.9152542372881356
Cli,21,8,Ekstazi+dpt,42,0.7203389830508474,17,0.288135593220339
Cli,21,8,DPT,59,0.7033898305084745,18,0.3050847457627119
Cli,21,8,STARTS,58,0.1949152542372881,48,0.8135593220338984
Cli,21,8,STARTS+FAST-S,58,0.09322033898305085,54,0.9152542372881356
Cli,21,8,STARTS+FAST-P,58,0.09322033898305085,54,0.9152542372881356
Cli,21,8,STARTS+DPT,58,0.788135593220339,13,0.22033898305084745
Cli,21,8,Fastazi-S,42,0.3305084745762712,40,0.6779661016949152
Cli,21,8,Fastazi-P,42,0.34745762711864403,39,0.6610169491525424
Cli,21,8,Random,59,0.9576271186440678,3,0.05084745762711865
Cli,21,9,Ekstazi,42,0.9067796610169492,6,0.1016949152542373
Cli,21,9,FAST,59,0.09322033898305085,54,0.9152542372881356
Cli,21,9,Ekstazi+dpt,42,0.7372881355932204,16,0.2711864406779661
Cli,21,9,DPT,59,0.788135593220339,13,0.22033898305084745
Cli,21,9,STARTS,58,0.16101694915254242,50,0.847457627118644
Cli,21,9,STARTS+FAST-S,58,0.31355932203389825,41,0.6949152542372882
Cli,21,9,STARTS+FAST-P,58,0.11016949152542369,53,0.8983050847457628
Cli,21,9,STARTS+DPT,58,0.788135593220339,13,0.22033898305084745
Cli,21,9,Fastazi-S,42,0.3305084745762712,40,0.6779661016949152
Cli,21,9,Fastazi-P,42,0.34745762711864403,39,0.6610169491525424
Cli,21,9,Random,59,0.09322033898305085,54,0.9152542372881356
Cli,21,10,Ekstazi,42,0.6186440677966101,23,0.3898305084745763
Cli,21,10,FAST,59,0.09322033898305085,54,0.9152542372881356
Cli,21,10,Ekstazi+dpt,42,0.7372881355932204,16,0.2711864406779661
Cli,21,10,DPT,59,0.7372881355932204,16,0.2711864406779661
Cli,21,10,STARTS,58,0.9915254237288136,1,0.01694915254237288
Cli,21,10,STARTS+FAST-S,58,0.09322033898305085,54,0.9152542372881356
Cli,21,10,STARTS+FAST-P,58,0.09322033898305085,54,0.9152542372881356
Cli,21,10,STARTS+DPT,58,0.788135593220339,13,0.22033898305084745
Cli,21,10,Fastazi-S,42,0.3305084745762712,40,0.6779661016949152
Cli,21,10,Fastazi-P,42,0.34745762711864403,39,0.6610169491525424
Cli,21,10,Random,59,0.7372881355932204,16,0.2711864406779661
Cli,21,11,Ekstazi,42,0.5338983050847457,28,0.4745762711864407
Cli,21,11,FAST,59,0.09322033898305085,54,0.9152542372881356
Cli,21,11,Ekstazi+dpt,42,0.7033898305084745,18,0.3050847457627119
Cli,21,11,DPT,59,0.771186440677966,14,0.23728813559322035
Cli,21,11,STARTS,58,0.2966101694915254,42,0.711864406779661
Cli,21,11,STARTS+FAST-S,58,0.09322033898305085,54,0.9152542372881356
Cli,21,11,STARTS+FAST-P,58,0.31355932203389825,41,0.6949152542372882
Cli,21,11,STARTS+DPT,58,0.7372881355932204,16,0.2711864406779661
Cli,21,11,Fastazi-S,42,0.3305084745762712,40,0.6779661016949152
Cli,21,11,Fastazi-P,42,0.34745762711864403,39,0.6610169491525424
Cli,21,11,Random,59,0.364406779661017,38,0.6440677966101694
Cli,21,12,Ekstazi,42,0.5169491525423728,29,0.4915254237288136
Cli,21,12,FAST,59,0.09322033898305085,54,0.9152542372881356
Cli,21,12,Ekstazi+dpt,42,0.7372881355932204,16,0.2711864406779661
Cli,21,12,DPT,59,0.7033898305084745,18,0.3050847457627119
Cli,21,12,STARTS,58,0.34745762711864403,39,0.6610169491525424
Cli,21,12,STARTS+FAST-S,58,0.31355932203389825,41,0.6949152542372882
Cli,21,12,STARTS+FAST-P,58,0.09322033898305085,54,0.9152542372881356
Cli,21,12,STARTS+DPT,58,0.788135593220339,13,0.22033898305084745
Cli,21,12,Fastazi-S,42,0.3305084745762712,40,0.6779661016949152
Cli,21,12,Fastazi-P,42,0.34745762711864403,39,0.6610169491525424
Cli,21,12,Random,59,0.43220338983050843,34,0.576271186440678
Cli,21,13,Ekstazi,42,0.7372881355932204,16,0.2711864406779661
Cli,21,13,FAST,59,0.09322033898305085,54,0.9152542372881356
Cli,21,13,Ekstazi+dpt,42,0.7203389830508474,17,0.288135593220339
Cli,21,13,DPT,59,0.771186440677966,14,0.23728813559322035
Cli,21,13,STARTS,58,0.3305084745762712,40,0.6779661016949152
Cli,21,13,STARTS+FAST-S,58,0.09322033898305085,54,0.9152542372881356
Cli,21,13,STARTS+FAST-P,58,0.09322033898305085,54,0.9152542372881356
Cli,21,13,STARTS+DPT,58,0.771186440677966,14,0.23728813559322035
Cli,21,13,Fastazi-S,42,0.3305084745762712,40,0.6779661016949152
Cli,21,13,Fastazi-P,42,0.34745762711864403,39,0.6610169491525424
Cli,21,13,Random,59,0.14406779661016947,51,0.864406779661017
Cli,21,14,Ekstazi,42,0.923728813559322,5,0.0847457627118644
Cli,21,14,FAST,59,0.09322033898305085,54,0.9152542372881356
Cli,21,14,Ekstazi+dpt,42,0.7033898305084745,18,0.3050847457627119
Cli,21,14,DPT,59,0.7203389830508474,17,0.288135593220339
Cli,21,14,STARTS,58,0.12711864406779663,52,0.8813559322033898
Cli,21,14,STARTS+FAST-S,58,0.09322033898305085,54,0.9152542372881356
Cli,21,14,STARTS+FAST-P,58,0.09322033898305085,54,0.9152542372881356
Cli,21,14,STARTS+DPT,58,0.7033898305084745,18,0.3050847457627119
Cli,21,14,Fastazi-S,42,0.3305084745762712,40,0.6779661016949152
Cli,21,14,Fastazi-P,42,0.34745762711864403,39,0.6610169491525424
Cli,21,14,Random,59,0.3813559322033898,37,0.6271186440677966
Cli,21,15,Ekstazi,42,0.6186440677966101,23,0.3898305084745763
Cli,21,15,FAST,59,0.09322033898305085,54,0.9152542372881356
Cli,21,15,Ekstazi+dpt,42,0.7033898305084745,18,0.3050847457627119
Cli,21,15,DPT,59,0.7542372881355932,15,0.2542372881355932
Cli,21,15,STARTS,58,0.9576271186440678,3,0.05084745762711865
Cli,21,15,STARTS+FAST-S,58,0.09322033898305085,54,0.9152542372881356
Cli,21,15,STARTS+FAST-P,58,0.09322033898305085,54,0.9152542372881356
Cli,21,15,STARTS+DPT,58,0.788135593220339,13,0.22033898305084745
Cli,21,15,Fastazi-S,42,0.3305084745762712,40,0.6779661016949152
Cli,21,15,Fastazi-P,42,0.34745762711864403,39,0.6610169491525424
Cli,21,15,Random,59,0.11016949152542369,53,0.8983050847457628
Cli,21,16,Ekstazi,42,0.8389830508474576,10,0.1694915254237288
Cli,21,16,FAST,59,0.09322033898305085,54,0.9152542372881356
Cli,21,16,Ekstazi+dpt,42,0.771186440677966,14,0.23728813559322035
Cli,21,16,DPT,59,0.771186440677966,14,0.23728813559322035
Cli,21,16,STARTS,58,0.21186440677966104,47,0.7966101694915254
Cli,21,16,STARTS+FAST-S,58,0.31355932203389825,41,0.6949152542372882
Cli,21,16,STARTS+FAST-P,58,0.09322033898305085,54,0.9152542372881356
Cli,21,16,STARTS+DPT,58,0.788135593220339,13,0.22033898305084745
Cli,21,16,Fastazi-S,42,0.3305084745762712,40,0.6779661016949152
Cli,21,16,Fastazi-P,42,0.34745762711864403,39,0.6610169491525424
Cli,21,16,Random,59,0.771186440677966,14,0.23728813559322035
Cli,21,17,Ekstazi,42,0.34745762711864403,39,0.6610169491525424
Cli,21,17,FAST,59,0.09322033898305085,54,0.9152542372881356
Cli,21,17,Ekstazi+dpt,42,0.7033898305084745,18,0.3050847457627119
Cli,21,17,DPT,59,0.788135593220339,13,0.22033898305084745
Cli,21,17,STARTS,58,0.4491525423728814,33,0.559322033898305
Cli,21,17,STARTS+FAST-S,58,0.31355932203389825,41,0.6949152542372882
Cli,21,17,STARTS+FAST-P,58,0.31355932203389825,41,0.6949152542372882
Cli,21,17,STARTS+DPT,58,0.7033898305084745,18,0.3050847457627119
Cli,21,17,Fastazi-S,42,0.3305084745762712,40,0.6779661016949152
Cli,21,17,Fastazi-P,42,0.34745762711864403,39,0.6610169491525424
Cli,21,17,Random,59,0.43220338983050843,34,0.576271186440678
Cli,21,18,Ekstazi,42,0.8898305084745762,7,0.11864406779661017
Cli,21,18,FAST,59,0.09322033898305085,54,0.9152542372881356
Cli,21,18,Ekstazi+dpt,42,0.771186440677966,14,0.23728813559322035
Cli,21,18,DPT,59,0.7542372881355932,15,0.2542372881355932
Cli,21,18,STARTS,58,0.9406779661016949,4,0.06779661016949153
Cli,21,18,STARTS+FAST-S,58,0.09322033898305085,54,0.9152542372881356
Cli,21,18,STARTS+FAST-P,58,0.9915254237288136,1,0.01694915254237288
Cli,21,18,STARTS+DPT,58,0.7203389830508474,17,0.288135593220339
Cli,21,18,Fastazi-S,42,0.3305084745762712,40,0.6779661016949152
Cli,21,18,Fastazi-P,42,0.34745762711864403,39,0.6610169491525424
Cli,21,18,Random,59,0.5508474576271186,27,0.4576271186440678
Cli,21,19,Ekstazi,42,0.5338983050847457,28,0.4745762711864407
Cli,21,19,FAST,59,0.09322033898305085,54,0.9152542372881356
Cli,21,19,Ekstazi+dpt,42,0.7203389830508474,17,0.288135593220339
Cli,21,19,DPT,59,0.7372881355932204,16,0.2711864406779661
Cli,21,19,STARTS,58,0.8728813559322034,8,0.13559322033898305
Cli,21,19,STARTS+FAST-S,58,0.31355932203389825,41,0.6949152542372882
Cli,21,19,STARTS+FAST-P,58,0.09322033898305085,54,0.9152542372881356
Cli,21,19,STARTS+DPT,58,0.7203389830508474,17,0.288135593220339
Cli,21,19,Fastazi-S,42,0.3305084745762712,40,0.6779661016949152
Cli,21,19,Fastazi-P,42,0.34745762711864403,39,0.6610169491525424
Cli,21,19,Random,59,0.07627118644067801,55,0.9322033898305084
Cli,21,20,Ekstazi,42,0.5677966101694916,26,0.4406779661016949
Cli,21,20,FAST,59,0.09322033898305085,54,0.9152542372881356
Cli,21,20,Ekstazi+dpt,42,0.788135593220339,13,0.22033898305084745
Cli,21,20,DPT,59,0.7203389830508474,17,0.288135593220339
Cli,21,20,STARTS,58,0.14406779661016947,51,0.864406779661017
Cli,21,20,STARTS+FAST-S,58,0.09322033898305085,54,0.9152542372881356
Cli,21,20,STARTS+FAST-P,58,0.31355932203389825,41,0.6949152542372882
Cli,21,20,STARTS+DPT,58,0.771186440677966,14,0.23728813559322035
Cli,21,20,Fastazi-S,42,0.3305084745762712,40,0.6779661016949152
Cli,21,20,Fastazi-P,42,0.34745762711864403,39,0.6610169491525424
Cli,21,20,Random,59,0.8898305084745762,7,0.11864406779661017
Cli,21,21,Ekstazi,42,0.8898305084745762,7,0.11864406779661017
Cli,21,21,FAST,59,0.09322033898305085,54,0.9152542372881356
Cli,21,21,Ekstazi+dpt,42,0.7203389830508474,17,0.288135593220339
Cli,21,21,DPT,59,0.7372881355932204,16,0.2711864406779661
Cli,21,21,STARTS,58,0.9915254237288136,1,0.01694915254237288
Cli,21,21,STARTS+FAST-S,58,0.09322033898305085,54,0.9152542372881356
Cli,21,21,STARTS+FAST-P,58,0.09322033898305085,54,0.9152542372881356
Cli,21,21,STARTS+DPT,58,0.7372881355932204,16,0.2711864406779661
Cli,21,21,Fastazi-S,42,0.3305084745762712,40,0.6779661016949152
Cli,21,21,Fastazi-P,42,0.34745762711864403,39,0.6610169491525424
Cli,21,21,Random,59,0.5508474576271186,27,0.4576271186440678
Cli,21,22,Ekstazi,42,0.6864406779661016,19,0.3220338983050847
Cli,21,22,FAST,59,0.09322033898305085,54,0.9152542372881356
Cli,21,22,Ekstazi+dpt,42,0.771186440677966,14,0.23728813559322035
Cli,21,22,DPT,59,0.7033898305084745,18,0.3050847457627119
Cli,21,22,STARTS,58,0.8559322033898304,9,0.15254237288135594
Cli,21,22,STARTS+FAST-S,58,0.09322033898305085,54,0.9152542372881356
Cli,21,22,STARTS+FAST-P,58,0.31355932203389825,41,0.6949152542372882
Cli,21,22,STARTS+DPT,58,0.7033898305084745,18,0.3050847457627119
Cli,21,22,Fastazi-S,42,0.3305084745762712,40,0.6779661016949152
Cli,21,22,Fastazi-P,42,0.34745762711864403,39,0.6610169491525424
Cli,21,22,Random,59,0.3305084745762712,40,0.6779661016949152
Cli,21,23,Ekstazi,42,0.7203389830508474,17,0.288135593220339
Cli,21,23,FAST,59,0.09322033898305085,54,0.9152542372881356
Cli,21,23,Ekstazi+dpt,42,0.7372881355932204,16,0.2711864406779661
Cli,21,23,DPT,59,0.7033898305084745,18,0.3050847457627119
Cli,21,23,STARTS,58,0.5677966101694916,26,0.4406779661016949
Cli,21,23,STARTS+FAST-S,58,0.025423728813559275,58,0.9830508474576272
Cli,21,23,STARTS+FAST-P,58,0.31355932203389825,41,0.6949152542372882
Cli,21,23,STARTS+DPT,58,0.7203389830508474,17,0.288135593220339
Cli,21,23,Fastazi-S,42,0.3305084745762712,40,0.6779661016949152
Cli,21,23,Fastazi-P,42,0.34745762711864403,39,0.6610169491525424
Cli,21,23,Random,59,0.6016949152542372,24,0.4067796610169492
Cli,21,24,Ekstazi,42,0.8559322033898304,9,0.15254237288135594
Cli,21,24,FAST,59,0.9915254237288136,1,0.01694915254237288
Cli,21,24,Ekstazi+dpt,42,0.788135593220339,13,0.22033898305084745
Cli,21,24,DPT,59,0.771186440677966,14,0.23728813559322035
Cli,21,24,STARTS,58,0.5847457627118644,25,0.423728813559322
Cli,21,24,STARTS+FAST-S,58,0.025423728813559275,58,0.9830508474576272
Cli,21,24,STARTS+FAST-P,58,0.09322033898305085,54,0.9152542372881356
Cli,21,24,STARTS+DPT,58,0.7203389830508474,17,0.288135593220339
Cli,21,24,Fastazi-S,42,0.3305084745762712,40,0.6779661016949152
Cli,21,24,Fastazi-P,42,0.9915254237288136,1,0.01694915254237288
Cli,21,24,Random,59,0.7033898305084745,18,0.3050847457627119
Cli,21,25,Ekstazi,42,0.8728813559322034,8,0.13559322033898305
Cli,21,25,FAST,59,0.09322033898305085,54,0.9152542372881356
Cli,21,25,Ekstazi+dpt,42,0.7033898305084745,18,0.3050847457627119
Cli,21,25,DPT,59,0.788135593220339,13,0.22033898305084745
Cli,21,25,STARTS,58,0.12711864406779663,52,0.8813559322033898
Cli,21,25,STARTS+FAST-S,58,0.31355932203389825,41,0.6949152542372882
Cli,21,25,STARTS+FAST-P,58,0.09322033898305085,54,0.9152542372881356
Cli,21,25,STARTS+DPT,58,0.771186440677966,14,0.23728813559322035
Cli,21,25,Fastazi-S,42,0.3305084745762712,40,0.6779661016949152
Cli,21,25,Fastazi-P,42,0.34745762711864403,39,0.6610169491525424
Cli,21,25,Random,59,0.6016949152542372,24,0.4067796610169492
Cli,21,26,Ekstazi,42,0.8220338983050848,11,0.1864406779661017
Cli,21,26,FAST,59,0.09322033898305085,54,0.9152542372881356
Cli,21,26,Ekstazi+dpt,42,0.788135593220339,13,0.22033898305084745
Cli,21,26,DPT,59,0.788135593220339,13,0.22033898305084745
Cli,21,26,STARTS,58,0.6694915254237288,20,0.3389830508474576
Cli,21,26,STARTS+FAST-S,58,0.31355932203389825,41,0.6949152542372882
Cli,21,26,STARTS+FAST-P,58,0.09322033898305085,54,0.9152542372881356
Cli,21,26,STARTS+DPT,58,0.7542372881355932,15,0.2542372881355932
Cli,21,26,Fastazi-S,42,0.3305084745762712,40,0.6779661016949152
Cli,21,26,Fastazi-P,42,0.34745762711864403,39,0.6610169491525424
Cli,21,26,Random,59,0.14406779661016947,51,0.864406779661017
Cli,21,27,Ekstazi,42,0.6864406779661016,19,0.3220338983050847
Cli,21,27,FAST,59,0.09322033898305085,54,0.9152542372881356
Cli,21,27,Ekstazi+dpt,42,0.7372881355932204,16,0.2711864406779661
Cli,21,27,DPT,59,0.7372881355932204,16,0.2711864406779661
Cli,21,27,STARTS,58,0.14406779661016947,51,0.864406779661017
Cli,21,27,STARTS+FAST-S,58,0.09322033898305085,54,0.9152542372881356
Cli,21,27,STARTS+FAST-P,58,0.09322033898305085,54,0.9152542372881356
Cli,21,27,STARTS+DPT,58,0.771186440677966,14,0.23728813559322035
Cli,21,27,Fastazi-S,42,0.3305084745762712,40,0.6779661016949152
Cli,21,27,Fastazi-P,42,0.34745762711864403,39,0.6610169491525424
Cli,21,27,Random,59,0.00847457627118644,59,1.0
Cli,21,28,Ekstazi,42,0.9067796610169492,6,0.1016949152542373
Cli,21,28,FAST,59,0.09322033898305085,54,0.9152542372881356
Cli,21,28,Ekstazi+dpt,42,0.788135593220339,13,0.22033898305084745
Cli,21,28,DPT,59,0.7542372881355932,15,0.2542372881355932
Cli,21,28,STARTS,58,0.8728813559322034,8,0.13559322033898305
Cli,21,28,STARTS+FAST-S,58,0.09322033898305085,54,0.9152542372881356
Cli,21,28,STARTS+FAST-P,58,0.31355932203389825,41,0.6949152542372882
Cli,21,28,STARTS+DPT,58,0.7033898305084745,18,0.3050847457627119
Cli,21,28,Fastazi-S,42,0.3305084745762712,40,0.6779661016949152
Cli,21,28,Fastazi-P,42,0.34745762711864403,39,0.6610169491525424
Cli,21,28,Random,59,0.07627118644067801,55,0.9322033898305084
Cli,21,29,Ekstazi,42,0.3813559322033898,37,0.6271186440677966
Cli,21,29,FAST,59,0.09322033898305085,54,0.9152542372881356
Cli,21,29,Ekstazi+dpt,42,0.7372881355932204,16,0.2711864406779661
Cli,21,29,DPT,59,0.7203389830508474,17,0.288135593220339
Cli,21,29,STARTS,58,0.5847457627118644,25,0.423728813559322
Cli,21,29,STARTS+FAST-S,58,0.31355932203389825,41,0.6949152542372882
Cli,21,29,STARTS+FAST-P,58,0.09322033898305085,54,0.9152542372881356
Cli,21,29,STARTS+DPT,58,0.788135593220339,13,0.22033898305084745
Cli,21,29,Fastazi-S,42,0.3305084745762712,40,0.6779661016949152
Cli,21,29,Fastazi-P,42,0.34745762711864403,39,0.6610169491525424
Cli,21,29,Random,59,0.5508474576271186,27,0.4576271186440678
Cli,21,30,Ekstazi,42,0.9745762711864406,2,0.03389830508474576
Cli,21,30,FAST,59,0.09322033898305085,54,0.9152542372881356
Cli,21,30,Ekstazi+dpt,42,0.788135593220339,13,0.22033898305084745
Cli,21,30,DPT,59,0.7203389830508474,17,0.288135593220339
Cli,21,30,STARTS,58,0.8389830508474576,10,0.1694915254237288
Cli,21,30,STARTS+FAST-S,58,0.09322033898305085,54,0.9152542372881356
Cli,21,30,STARTS+FAST-P,58,0.09322033898305085,54,0.9152542372881356
Cli,21,30,STARTS+DPT,58,0.771186440677966,14,0.23728813559322035
Cli,21,30,Fastazi-S,42,0.3305084745762712,40,0.6779661016949152
Cli,21,30,Fastazi-P,42,0.34745762711864403,39,0.6610169491525424
Cli,21,30,Random,59,0.8728813559322034,8,0.13559322033898305
Cli,22,1,Ekstazi,21,0.32608695652173914,16,0.6956521739130435
Cli,22,1,FAST,23,0.19565217391304346,19,0.8260869565217391
Cli,22,1,Ekstazi+dpt,21,0.9347826086956522,2,0.08695652173913043
Cli,22,1,DPT,23,0.9347826086956522,2,0.08695652173913043
Cli,22,1,STARTS,23,0.9347826086956522,2,0.08695652173913043
Cli,22,1,STARTS+FAST-S,23,0.5,12,0.5217391304347826
Cli,22,1,STARTS+FAST-P,23,0.5,12,0.5217391304347826
Cli,22,1,STARTS+DPT,23,0.9347826086956522,2,0.08695652173913043
Cli,22,1,Fastazi-S,21,0.32608695652173914,16,0.6956521739130435
Cli,22,1,Fastazi-P,21,0.28260869565217395,17,0.7391304347826086
Cli,22,1,Random,23,0.6739130434782609,8,0.34782608695652173
Cli,22,2,Ekstazi,21,0.8043478260869565,5,0.21739130434782608
Cli,22,2,FAST,23,0.19565217391304346,19,0.8260869565217391
Cli,22,2,Ekstazi+dpt,21,0.8913043478260869,3,0.13043478260869565
Cli,22,2,DPT,23,0.9347826086956522,2,0.08695652173913043
Cli,22,2,STARTS,23,0.9347826086956522,2,0.08695652173913043
Cli,22,2,STARTS+FAST-S,23,0.5,12,0.5217391304347826
Cli,22,2,STARTS+FAST-P,23,0.5434782608695652,11,0.4782608695652174
Cli,22,2,STARTS+DPT,23,0.8913043478260869,3,0.13043478260869565
Cli,22,2,Fastazi-S,21,0.32608695652173914,16,0.6956521739130435
Cli,22,2,Fastazi-P,21,0.28260869565217395,17,0.7391304347826086
Cli,22,2,Random,23,0.6739130434782609,8,0.34782608695652173
Cli,22,3,Ekstazi,21,0.4130434782608695,14,0.6086956521739131
Cli,22,3,FAST,23,0.19565217391304346,19,0.8260869565217391
Cli,22,3,Ekstazi+dpt,21,0.9347826086956522,2,0.08695652173913043
Cli,22,3,DPT,23,0.8913043478260869,3,0.13043478260869565
Cli,22,3,STARTS,23,0.9347826086956522,2,0.08695652173913043
Cli,22,3,STARTS+FAST-S,23,0.5434782608695652,11,0.4782608695652174
Cli,22,3,STARTS+FAST-P,23,0.5434782608695652,11,0.4782608695652174
Cli,22,3,STARTS+DPT,23,0.8913043478260869,3,0.13043478260869565
Cli,22,3,Fastazi-S,21,0.9782608695652174,1,0.043478260869565216
Cli,22,3,Fastazi-P,21,0.28260869565217395,17,0.7391304347826086
Cli,22,3,Random,23,0.23913043478260865,18,0.782608695652174
Cli,22,4,Ekstazi,21,0.9347826086956522,2,0.08695652173913043
Cli,22,4,FAST,23,0.19565217391304346,19,0.8260869565217391
Cli,22,4,Ekstazi+dpt,21,0.9347826086956522,2,0.08695652173913043
Cli,22,4,DPT,23,0.9347826086956522,2,0.08695652173913043
Cli,22,4,STARTS,23,0.9782608695652174,1,0.043478260869565216
Cli,22,4,STARTS+FAST-S,23,0.5434782608695652,11,0.4782608695652174
Cli,22,4,STARTS+FAST-P,23,0.5434782608695652,11,0.4782608695652174
Cli,22,4,STARTS+DPT,23,0.8913043478260869,3,0.13043478260869565
Cli,22,4,Fastazi-S,21,0.23913043478260865,18,0.782608695652174
Cli,22,4,Fastazi-P,21,0.28260869565217395,17,0.7391304347826086
Cli,22,4,Random,23,0.32608695652173914,16,0.6956521739130435
Cli,22,5,Ekstazi,21,0.7608695652173912,6,0.2608695652173913
Cli,22,5,FAST,23,0.19565217391304346,19,0.8260869565217391
Cli,22,5,Ekstazi+dpt,21,0.8913043478260869,3,0.13043478260869565
Cli,22,5,DPT,23,0.8913043478260869,3,0.13043478260869565
Cli,22,5,STARTS,23,0.8478260869565217,4,0.17391304347826086
Cli,22,5,STARTS+FAST-S,23,0.9782608695652174,1,0.043478260869565216
Cli,22,5,STARTS+FAST-P,23,0.9782608695652174,1,0.043478260869565216
Cli,22,5,STARTS+DPT,23,0.9347826086956522,2,0.08695652173913043
Cli,22,5,Fastazi-S,21,0.32608695652173914,16,0.6956521739130435
Cli,22,5,Fastazi-P,21,0.28260869565217395,17,0.7391304347826086
Cli,22,5,Random,23,0.6304347826086957,9,0.391304347826087
Cli,22,6,Ekstazi,21,0.8043478260869565,5,0.21739130434782608
Cli,22,6,FAST,23,0.19565217391304346,19,0.8260869565217391
Cli,22,6,Ekstazi+dpt,21,0.8913043478260869,3,0.13043478260869565
Cli,22,6,DPT,23,0.8913043478260869,3,0.13043478260869565
Cli,22,6,STARTS,23,0.8043478260869565,5,0.21739130434782608
Cli,22,6,STARTS+FAST-S,23,0.5434782608695652,11,0.4782608695652174
Cli,22,6,STARTS+FAST-P,23,0.5434782608695652,11,0.4782608695652174
Cli,22,6,STARTS+DPT,23,0.8913043478260869,3,0.13043478260869565
Cli,22,6,Fastazi-S,21,0.9782608695652174,1,0.043478260869565216
Cli,22,6,Fastazi-P,21,0.28260869565217395,17,0.7391304347826086
Cli,22,6,Random,23,0.9782608695652174,1,0.043478260869565216
Cli,22,7,Ekstazi,21,0.9782608695652174,1,0.043478260869565216
Cli,22,7,FAST,23,0.19565217391304346,19,0.8260869565217391
Cli,22,7,Ekstazi+dpt,21,0.9347826086956522,2,0.08695652173913043
Cli,22,7,DPT,23,0.8913043478260869,3,0.13043478260869565
Cli,22,7,STARTS,23,0.5434782608695652,11,0.4782608695652174
Cli,22,7,STARTS+FAST-S,23,0.5,12,0.5217391304347826
Cli,22,7,STARTS+FAST-P,23,0.5434782608695652,11,0.4782608695652174
Cli,22,7,STARTS+DPT,23,0.9347826086956522,2,0.08695652173913043
Cli,22,7,Fastazi-S,21,0.32608695652173914,16,0.6956521739130435
Cli,22,7,Fastazi-P,21,0.28260869565217395,17,0.7391304347826086
Cli,22,7,Random,23,0.8913043478260869,3,0.13043478260869565
Cli,22,8,Ekstazi,21,0.3695652173913043,15,0.6521739130434783
Cli,22,8,FAST,23,0.19565217391304346,19,0.8260869565217391
Cli,22,8,Ekstazi+dpt,21,0.8913043478260869,3,0.13043478260869565
Cli,22,8,DPT,23,0.8913043478260869,3,0.13043478260869565
Cli,22,8,STARTS,23,0.9347826086956522,2,0.08695652173913043
Cli,22,8,STARTS+FAST-S,23,0.5434782608695652,11,0.4782608695652174
Cli,22,8,STARTS+FAST-P,23,0.9782608695652174,1,0.043478260869565216
Cli,22,8,STARTS+DPT,23,0.8913043478260869,3,0.13043478260869565
Cli,22,8,Fastazi-S,21,0.9782608695652174,1,0.043478260869565216
Cli,22,8,Fastazi-P,21,0.28260869565217395,17,0.7391304347826086
Cli,22,8,Random,23,0.9782608695652174,1,0.043478260869565216
Cli,22,9,Ekstazi,21,0.5869565217391305,10,0.43478260869565216
Cli,22,9,FAST,23,0.19565217391304346,19,0.8260869565217391
Cli,22,9,Ekstazi+dpt,21,0.9347826086956522,2,0.08695652173913043
Cli,22,9,DPT,23,0.9347826086956522,2,0.08695652173913043
Cli,22,9,STARTS,23,0.8478260869565217,4,0.17391304347826086
Cli,22,9,STARTS+FAST-S,23,0.5434782608695652,11,0.4782608695652174
Cli,22,9,STARTS+FAST-P,23,0.5434782608695652,11,0.4782608695652174
Cli,22,9,STARTS+DPT,23,0.8913043478260869,3,0.13043478260869565
Cli,22,9,Fastazi-S,21,0.28260869565217395,17,0.7391304347826086
Cli,22,9,Fastazi-P,21,0.28260869565217395,17,0.7391304347826086
Cli,22,9,Random,23,0.9782608695652174,1,0.043478260869565216
Cli,22,10,Ekstazi,21,0.9782608695652174,1,0.043478260869565216
Cli,22,10,FAST,23,0.19565217391304346,19,0.8260869565217391
Cli,22,10,Ekstazi+dpt,21,0.8913043478260869,3,0.13043478260869565
Cli,22,10,DPT,23,0.9347826086956522,2,0.08695652173913043
Cli,22,10,STARTS,23,0.5869565217391305,10,0.43478260869565216
Cli,22,10,STARTS+FAST-S,23,0.5434782608695652,11,0.4782608695652174
Cli,22,10,STARTS+FAST-P,23,0.9782608695652174,1,0.043478260869565216
Cli,22,10,STARTS+DPT,23,0.9347826086956522,2,0.08695652173913043
Cli,22,10,Fastazi-S,21,0.32608695652173914,16,0.6956521739130435
Cli,22,10,Fastazi-P,21,0.28260869565217395,17,0.7391304347826086
Cli,22,10,Random,23,0.6739130434782609,8,0.34782608695652173
Cli,22,11,Ekstazi,21,0.717391304347826,7,0.30434782608695654
Cli,22,11,FAST,23,0.19565217391304346,19,0.8260869565217391
Cli,22,11,Ekstazi+dpt,21,0.8913043478260869,3,0.13043478260869565
Cli,22,11,DPT,23,0.8913043478260869,3,0.13043478260869565
Cli,22,11,STARTS,23,0.8478260869565217,4,0.17391304347826086
Cli,22,11,STARTS+FAST-S,23,0.5,12,0.5217391304347826
Cli,22,11,STARTS+FAST-P,23,0.5,12,0.5217391304347826
Cli,22,11,STARTS+DPT,23,0.8913043478260869,3,0.13043478260869565
Cli,22,11,Fastazi-S,21,0.32608695652173914,16,0.6956521739130435
Cli,22,11,Fastazi-P,21,0.28260869565217395,17,0.7391304347826086
Cli,22,11,Random,23,0.23913043478260865,18,0.782608695652174
Cli,22,12,Ekstazi,21,0.8043478260869565,5,0.21739130434782608
Cli,22,12,FAST,23,0.19565217391304346,19,0.8260869565217391
Cli,22,12,Ekstazi+dpt,21,0.8913043478260869,3,0.13043478260869565
Cli,22,12,DPT,23,0.8913043478260869,3,0.13043478260869565
Cli,22,12,STARTS,23,0.8478260869565217,4,0.17391304347826086
Cli,22,12,STARTS+FAST-S,23,0.5434782608695652,11,0.4782608695652174
Cli,22,12,STARTS+FAST-P,23,0.5434782608695652,11,0.4782608695652174
Cli,22,12,STARTS+DPT,23,0.9347826086956522,2,0.08695652173913043
Cli,22,12,Fastazi-S,21,0.9782608695652174,1,0.043478260869565216
Cli,22,12,Fastazi-P,21,0.28260869565217395,17,0.7391304347826086
Cli,22,12,Random,23,0.8913043478260869,3,0.13043478260869565
Cli,22,13,Ekstazi,21,0.8043478260869565,5,0.21739130434782608
Cli,22,13,FAST,23,0.19565217391304346,19,0.8260869565217391
Cli,22,13,Ekstazi+dpt,21,0.9347826086956522,2,0.08695652173913043
Cli,22,13,DPT,23,0.8913043478260869,3,0.13043478260869565
Cli,22,13,STARTS,23,0.8478260869565217,4,0.17391304347826086
Cli,22,13,STARTS+FAST-S,23,0.9782608695652174,1,0.043478260869565216
Cli,22,13,STARTS+FAST-P,23,0.9782608695652174,1,0.043478260869565216
Cli,22,13,STARTS+DPT,23,0.9347826086956522,2,0.08695652173913043
Cli,22,13,Fastazi-S,21,0.23913043478260865,18,0.782608695652174
Cli,22,13,Fastazi-P,21,0.28260869565217395,17,0.7391304347826086
Cli,22,13,Random,23,0.8913043478260869,3,0.13043478260869565
Cli,22,14,Ekstazi,21,0.8043478260869565,5,0.21739130434782608
Cli,22,14,FAST,23,0.19565217391304346,19,0.8260869565217391
Cli,22,14,Ekstazi+dpt,21,0.9347826086956522,2,0.08695652173913043
Cli,22,14,DPT,23,0.9347826086956522,2,0.08695652173913043
Cli,22,14,STARTS,23,0.5,12,0.5217391304347826
Cli,22,14,STARTS+FAST-S,23,0.5,12,0.5217391304347826
Cli,22,14,STARTS+FAST-P,23,0.5434782608695652,11,0.4782608695652174
Cli,22,14,STARTS+DPT,23,0.8913043478260869,3,0.13043478260869565
Cli,22,14,Fastazi-S,21,0.32608695652173914,16,0.6956521739130435
Cli,22,14,Fastazi-P,21,0.28260869565217395,17,0.7391304347826086
Cli,22,14,Random,23,0.5,12,0.5217391304347826
Cli,22,15,Ekstazi,21,0.8913043478260869,3,0.13043478260869565
Cli,22,15,FAST,23,0.19565217391304346,19,0.8260869565217391
Cli,22,15,Ekstazi+dpt,21,0.9347826086956522,2,0.08695652173913043
Cli,22,15,DPT,23,0.9347826086956522,2,0.08695652173913043
Cli,22,15,STARTS,23,0.19565217391304346,19,0.8260869565217391
Cli,22,15,STARTS+FAST-S,23,0.5,12,0.5217391304347826
Cli,22,15,STARTS+FAST-P,23,0.5434782608695652,11,0.4782608695652174
Cli,22,15,STARTS+DPT,23,0.8913043478260869,3,0.13043478260869565
Cli,22,15,Fastazi-S,21,0.32608695652173914,16,0.6956521739130435
Cli,22,15,Fastazi-P,21,0.28260869565217395,17,0.7391304347826086
Cli,22,15,Random,23,0.8913043478260869,3,0.13043478260869565
Cli,22,16,Ekstazi,21,0.6304347826086957,9,0.391304347826087
Cli,22,16,FAST,23,0.19565217391304346,19,0.8260869565217391
Cli,22,16,Ekstazi+dpt,21,0.8913043478260869,3,0.13043478260869565
Cli,22,16,DPT,23,0.9347826086956522,2,0.08695652173913043
Cli,22,16,STARTS,23,0.3695652173913043,15,0.6521739130434783
Cli,22,16,STARTS+FAST-S,23,0.5,12,0.5217391304347826
Cli,22,16,STARTS+FAST-P,23,0.5434782608695652,11,0.4782608695652174
Cli,22,16,STARTS+DPT,23,0.9347826086956522,2,0.08695652173913043
Cli,22,16,Fastazi-S,21,0.32608695652173914,16,0.6956521739130435
Cli,22,16,Fastazi-P,21,0.28260869565217395,17,0.7391304347826086
Cli,22,16,Random,23,0.3695652173913043,15,0.6521739130434783
Cli,22,17,Ekstazi,21,0.28260869565217395,17,0.7391304347826086
Cli,22,17,FAST,23,0.19565217391304346,19,0.8260869565217391
Cli,22,17,Ekstazi+dpt,21,0.9347826086956522,2,0.08695652173913043
Cli,22,17,DPT,23,0.8913043478260869,3,0.13043478260869565
Cli,22,17,STARTS,23,0.6304347826086957,9,0.391304347826087
Cli,22,17,STARTS+FAST-S,23,0.5434782608695652,11,0.4782608695652174
Cli,22,17,STARTS+FAST-P,23,0.5434782608695652,11,0.4782608695652174
Cli,22,17,STARTS+DPT,23,0.9347826086956522,2,0.08695652173913043
Cli,22,17,Fastazi-S,21,0.32608695652173914,16,0.6956521739130435
Cli,22,17,Fastazi-P,21,0.28260869565217395,17,0.7391304347826086
Cli,22,17,Random,23,0.32608695652173914,16,0.6956521739130435
Cli,22,18,Ekstazi,21,0.9782608695652174,1,0.043478260869565216
Cli,22,18,FAST,23,0.1086956521739131,21,0.9130434782608695
Cli,22,18,Ekstazi+dpt,21,0.8913043478260869,3,0.13043478260869565
Cli,22,18,DPT,23,0.9347826086956522,2,0.08695652173913043
Cli,22,18,STARTS,23,0.4565217391304348,13,0.5652173913043478
Cli,22,18,STARTS+FAST-S,23,0.5434782608695652,11,0.4782608695652174
Cli,22,18,STARTS+FAST-P,23,0.5434782608695652,11,0.4782608695652174
Cli,22,18,STARTS+DPT,23,0.9347826086956522,2,0.08695652173913043
Cli,22,18,Fastazi-S,21,0.32608695652173914,16,0.6956521739130435
Cli,22,18,Fastazi-P,21,0.19565217391304346,19,0.8260869565217391
Cli,22,18,Random,23,0.8913043478260869,3,0.13043478260869565
Cli,22,19,Ekstazi,21,0.9782608695652174,1,0.043478260869565216
Cli,22,19,FAST,23,0.1086956521739131,21,0.9130434782608695
Cli,22,19,Ekstazi+dpt,21,0.8913043478260869,3,0.13043478260869565
Cli,22,19,DPT,23,0.9347826086956522,2,0.08695652173913043
Cli,22,19,STARTS,23,0.5,12,0.5217391304347826
Cli,22,19,STARTS+FAST-S,23,0.5434782608695652,11,0.4782608695652174
Cli,22,19,STARTS+FAST-P,23,0.5434782608695652,11,0.4782608695652174
Cli,22,19,STARTS+DPT,23,0.8913043478260869,3,0.13043478260869565
Cli,22,19,Fastazi-S,21,0.32608695652173914,16,0.6956521739130435
Cli,22,19,Fastazi-P,21,0.19565217391304346,19,0.8260869565217391
Cli,22,19,Random,23,0.5434782608695652,11,0.4782608695652174
Cli,22,20,Ekstazi,21,0.3695652173913043,15,0.6521739130434783
Cli,22,20,FAST,23,0.19565217391304346,19,0.8260869565217391
Cli,22,20,Ekstazi+dpt,21,0.8913043478260869,3,0.13043478260869565
Cli,22,20,DPT,23,0.9347826086956522,2,0.08695652173913043
Cli,22,20,STARTS,23,0.3695652173913043,15,0.6521739130434783
Cli,22,20,STARTS+FAST-S,23,0.5434782608695652,11,0.4782608695652174
Cli,22,20,STARTS+FAST-P,23,0.5434782608695652,11,0.4782608695652174
Cli,22,20,STARTS+DPT,23,0.8913043478260869,3,0.13043478260869565
Cli,22,20,Fastazi-S,21,0.32608695652173914,16,0.6956521739130435
Cli,22,20,Fastazi-P,21,0.28260869565217395,17,0.7391304347826086
Cli,22,20,Random,23,0.5434782608695652,11,0.4782608695652174
Cli,22,21,Ekstazi,21,0.6304347826086957,9,0.391304347826087
Cli,22,21,FAST,23,0.19565217391304346,19,0.8260869565217391
Cli,22,21,Ekstazi+dpt,21,0.9347826086956522,2,0.08695652173913043
Cli,22,21,DPT,23,0.9347826086956522,2,0.08695652173913043
Cli,22,21,STARTS,23,0.5,12,0.5217391304347826
Cli,22,21,STARTS+FAST-S,23,0.5434782608695652,11,0.4782608695652174
Cli,22,21,STARTS+FAST-P,23,0.5434782608695652,11,0.4782608695652174
Cli,22,21,STARTS+DPT,23,0.8913043478260869,3,0.13043478260869565
Cli,22,21,Fastazi-S,21,0.32608695652173914,16,0.6956521739130435
Cli,22,21,Fastazi-P,21,0.28260869565217395,17,0.7391304347826086
Cli,22,21,Random,23,0.9782608695652174,1,0.043478260869565216
Cli,22,22,Ekstazi,21,0.5869565217391305,10,0.43478260869565216
Cli,22,22,FAST,23,0.19565217391304346,19,0.8260869565217391
Cli,22,22,Ekstazi+dpt,21,0.8913043478260869,3,0.13043478260869565
Cli,22,22,DPT,23,0.9347826086956522,2,0.08695652173913043
Cli,22,22,STARTS,23,0.5,12,0.5217391304347826
Cli,22,22,STARTS+FAST-S,23,0.5434782608695652,11,0.4782608695652174
Cli,22,22,STARTS+FAST-P,23,0.5434782608695652,11,0.4782608695652174
Cli,22,22,STARTS+DPT,23,0.8913043478260869,3,0.13043478260869565
Cli,22,22,Fastazi-S,21,0.32608695652173914,16,0.6956521739130435
Cli,22,22,Fastazi-P,21,0.28260869565217395,17,0.7391304347826086
Cli,22,22,Random,23,0.8913043478260869,3,0.13043478260869565
Cli,22,23,Ekstazi,21,0.6739130434782609,8,0.34782608695652173
Cli,22,23,FAST,23,0.19565217391304346,19,0.8260869565217391
Cli,22,23,Ekstazi+dpt,21,0.8913043478260869,3,0.13043478260869565
Cli,22,23,DPT,23,0.8913043478260869,3,0.13043478260869565
Cli,22,23,STARTS,23,0.717391304347826,7,0.30434782608695654
Cli,22,23,STARTS+FAST-S,23,0.5434782608695652,11,0.4782608695652174
Cli,22,23,STARTS+FAST-P,23,0.5434782608695652,11,0.4782608695652174
Cli,22,23,STARTS+DPT,23,0.8913043478260869,3,0.13043478260869565
Cli,22,23,Fastazi-S,21,0.28260869565217395,17,0.7391304347826086
Cli,22,23,Fastazi-P,21,0.28260869565217395,17,0.7391304347826086
Cli,22,23,Random,23,0.8478260869565217,4,0.17391304347826086
Cli,22,24,Ekstazi,21,0.9782608695652174,1,0.043478260869565216
Cli,22,24,FAST,23,0.19565217391304346,19,0.8260869565217391
Cli,22,24,Ekstazi+dpt,21,0.8913043478260869,3,0.13043478260869565
Cli,22,24,DPT,23,0.9347826086956522,2,0.08695652173913043
Cli,22,24,STARTS,23,0.717391304347826,7,0.30434782608695654
Cli,22,24,STARTS+FAST-S,23,0.5434782608695652,11,0.4782608695652174
Cli,22,24,STARTS+FAST-P,23,0.5,12,0.5217391304347826
Cli,22,24,STARTS+DPT,23,0.8913043478260869,3,0.13043478260869565
Cli,22,24,Fastazi-S,21,0.9782608695652174,1,0.043478260869565216
Cli,22,24,Fastazi-P,21,0.28260869565217395,17,0.7391304347826086
Cli,22,24,Random,23,0.717391304347826,7,0.30434782608695654
Cli,22,25,Ekstazi,21,0.9782608695652174,1,0.043478260869565216
Cli,22,25,FAST,23,0.19565217391304346,19,0.8260869565217391
Cli,22,25,Ekstazi+dpt,21,0.8913043478260869,3,0.13043478260869565
Cli,22,25,DPT,23,0.9347826086956522,2,0.08695652173913043
Cli,22,25,STARTS,23,0.8043478260869565,5,0.21739130434782608
Cli,22,25,STARTS+FAST-S,23,0.5,12,0.5217391304347826
Cli,22,25,STARTS+FAST-P,23,0.5434782608695652,11,0.4782608695652174
Cli,22,25,STARTS+DPT,23,0.9347826086956522,2,0.08695652173913043
Cli,22,25,Fastazi-S,21,0.23913043478260865,18,0.782608695652174
Cli,22,25,Fastazi-P,21,0.28260869565217395,17,0.7391304347826086
Cli,22,25,Random,23,0.9347826086956522,2,0.08695652173913043
Cli,22,26,Ekstazi,21,0.6304347826086957,9,0.391304347826087
Cli,22,26,FAST,23,0.19565217391304346,19,0.8260869565217391
Cli,22,26,Ekstazi+dpt,21,0.8913043478260869,3,0.13043478260869565
Cli,22,26,DPT,23,0.9347826086956522,2,0.08695652173913043
Cli,22,26,STARTS,23,0.5,12,0.5217391304347826
Cli,22,26,STARTS+FAST-S,23,0.9782608695652174,1,0.043478260869565216
Cli,22,26,STARTS+FAST-P,23,0.5434782608695652,11,0.4782608695652174
Cli,22,26,STARTS+DPT,23,0.9347826086956522,2,0.08695652173913043
Cli,22,26,Fastazi-S,21,0.32608695652173914,16,0.6956521739130435
Cli,22,26,Fastazi-P,21,0.28260869565217395,17,0.7391304347826086
Cli,22,26,Random,23,0.4565217391304348,13,0.5652173913043478
Cli,22,27,Ekstazi,21,0.6739130434782609,8,0.34782608695652173
Cli,22,27,FAST,23,0.9782608695652174,1,0.043478260869565216
Cli,22,27,Ekstazi+dpt,21,0.9347826086956522,2,0.08695652173913043
Cli,22,27,DPT,23,0.9347826086956522,2,0.08695652173913043
Cli,22,27,STARTS,23,0.32608695652173914,16,0.6956521739130435
Cli,22,27,STARTS+FAST-S,23,0.9782608695652174,1,0.043478260869565216
Cli,22,27,STARTS+FAST-P,23,0.5434782608695652,11,0.4782608695652174
Cli,22,27,STARTS+DPT,23,0.9347826086956522,2,0.08695652173913043
Cli,22,27,Fastazi-S,21,0.9782608695652174,1,0.043478260869565216
Cli,22,27,Fastazi-P,21,0.9782608695652174,1,0.043478260869565216
Cli,22,27,Random,23,0.6739130434782609,8,0.34782608695652173
Cli,22,28,Ekstazi,21,0.32608695652173914,16,0.6956521739130435
Cli,22,28,FAST,23,0.1086956521739131,21,0.9130434782608695
Cli,22,28,Ekstazi+dpt,21,0.9347826086956522,2,0.08695652173913043
Cli,22,28,DPT,23,0.9347826086956522,2,0.08695652173913043
Cli,22,28,STARTS,23,0.5,12,0.5217391304347826
Cli,22,28,STARTS+FAST-S,23,0.5434782608695652,11,0.4782608695652174
Cli,22,28,STARTS+FAST-P,23,0.5434782608695652,11,0.4782608695652174
Cli,22,28,STARTS+DPT,23,0.8913043478260869,3,0.13043478260869565
Cli,22,28,Fastazi-S,21,0.32608695652173914,16,0.6956521739130435
Cli,22,28,Fastazi-P,21,0.19565217391304346,19,0.8260869565217391
Cli,22,28,Random,23,0.9782608695652174,1,0.043478260869565216
Cli,22,29,Ekstazi,21,0.9347826086956522,2,0.08695652173913043
Cli,22,29,FAST,23,0.19565217391304346,19,0.8260869565217391
Cli,22,29,Ekstazi+dpt,21,0.9347826086956522,2,0.08695652173913043
Cli,22,29,DPT,23,0.8913043478260869,3,0.13043478260869565
Cli,22,29,STARTS,23,0.8913043478260869,3,0.13043478260869565
Cli,22,29,STARTS+FAST-S,23,0.5434782608695652,11,0.4782608695652174
Cli,22,29,STARTS+FAST-P,23,0.9782608695652174,1,0.043478260869565216
Cli,22,29,STARTS+DPT,23,0.9347826086956522,2,0.08695652173913043
Cli,22,29,Fastazi-S,21,0.32608695652173914,16,0.6956521739130435
Cli,22,29,Fastazi-P,21,0.28260869565217395,17,0.7391304347826086
Cli,22,29,Random,23,0.9782608695652174,1,0.043478260869565216
Cli,22,30,Ekstazi,21,0.9347826086956522,2,0.08695652173913043
Cli,22,30,FAST,23,0.1086956521739131,21,0.9130434782608695
Cli,22,30,Ekstazi+dpt,21,0.8913043478260869,3,0.13043478260869565
Cli,22,30,DPT,23,0.9347826086956522,2,0.08695652173913043
Cli,22,30,STARTS,23,0.717391304347826,7,0.30434782608695654
Cli,22,30,STARTS+FAST-S,23,0.5,12,0.5217391304347826
Cli,22,30,STARTS+FAST-P,23,0.5434782608695652,11,0.4782608695652174
Cli,22,30,STARTS+DPT,23,0.8913043478260869,3,0.13043478260869565
Cli,22,30,Fastazi-S,21,0.32608695652173914,16,0.6956521739130435
Cli,22,30,Fastazi-P,21,0.19565217391304346,19,0.8260869565217391
Cli,22,30,Random,23,0.6739130434782609,8,0.34782608695652173
Cli,23,1,Ekstazi,20,0.5625000000000001,11,0.4583333333333333
Cli,23,1,FAST,24,0.3541666666666667,16,0.6666666666666666
Cli,23,1,Ekstazi+dpt,20,0.2291666666666667,19,0.7916666666666666
Cli,23,1,DPT,24,0.2291666666666667,19,0.7916666666666666
Cli,23,1,STARTS,21,0.8541666666666667,4,0.16666666666666666
Cli,23,1,STARTS+FAST-S,21,0.2708333333333333,18,0.75
Cli,23,1,STARTS+FAST-P,21,0.9791666666666667,1,0.041666666666666664
Cli,23,1,STARTS+DPT,21,0.2291666666666667,19,0.7916666666666666
Cli,23,1,Fastazi-S,20,0.4791666666666667,13,0.5416666666666666
Cli,23,1,Fastazi-P,20,0.5208333333333334,12,0.5
Cli,23,1,Random,24,0.18749999999999997,20,0.8333333333333334
Cli,23,2,Ekstazi,20,0.7708333333333334,6,0.25
Cli,23,2,FAST,24,0.3541666666666667,16,0.6666666666666666
Cli,23,2,Ekstazi+dpt,20,0.2291666666666667,19,0.7916666666666666
Cli,23,2,DPT,24,0.2291666666666667,19,0.7916666666666666
Cli,23,2,STARTS,21,0.14583333333333334,21,0.875
Cli,23,2,STARTS+FAST-S,21,0.2708333333333333,18,0.75
Cli,23,2,STARTS+FAST-P,21,0.31249999999999994,17,0.7083333333333334
Cli,23,2,STARTS+DPT,21,0.2291666666666667,19,0.7916666666666666
Cli,23,2,Fastazi-S,20,0.4791666666666667,13,0.5416666666666666
Cli,23,2,Fastazi-P,20,0.5208333333333334,12,0.5
Cli,23,2,Random,24,0.1041666666666667,22,0.9166666666666666
Cli,23,3,Ekstazi,20,0.5625000000000001,11,0.4583333333333333
Cli,23,3,FAST,24,0.5208333333333334,12,0.5
Cli,23,3,Ekstazi+dpt,20,0.2291666666666667,19,0.7916666666666666
Cli,23,3,DPT,24,0.2291666666666667,19,0.7916666666666666
Cli,23,3,STARTS,21,0.3541666666666667,16,0.6666666666666666
Cli,23,3,STARTS+FAST-S,21,0.4791666666666667,13,0.5416666666666666
Cli,23,3,STARTS+FAST-P,21,0.31249999999999994,17,0.7083333333333334
Cli,23,3,STARTS+DPT,21,0.2291666666666667,19,0.7916666666666666
Cli,23,3,Fastazi-S,20,0.4791666666666667,13,0.5416666666666666
Cli,23,3,Fastazi-P,20,0.6458333333333334,9,0.375
Cli,23,3,Random,24,0.1041666666666667,22,0.9166666666666666
Cli,23,4,Ekstazi,20,0.7291666666666666,7,0.2916666666666667
Cli,23,4,FAST,24,0.5625000000000001,11,0.4583333333333333
Cli,23,4,Ekstazi+dpt,20,0.2291666666666667,19,0.7916666666666666
Cli,23,4,DPT,24,0.2291666666666667,19,0.7916666666666666
Cli,23,4,STARTS,21,0.9375,2,0.08333333333333333
Cli,23,4,STARTS+FAST-S,21,0.2708333333333333,18,0.75
Cli,23,4,STARTS+FAST-P,21,0.31249999999999994,17,0.7083333333333334
Cli,23,4,STARTS+DPT,21,0.2291666666666667,19,0.7916666666666666
Cli,23,4,Fastazi-S,20,0.4791666666666667,13,0.5416666666666666
Cli,23,4,Fastazi-P,20,0.6875000000000001,8,0.3333333333333333
Cli,23,4,Random,24,0.5625000000000001,11,0.4583333333333333
Cli,23,5,Ekstazi,20,0.4791666666666667,13,0.5416666666666666
Cli,23,5,FAST,24,0.3541666666666667,16,0.6666666666666666
Cli,23,5,Ekstazi+dpt,20,0.2291666666666667,19,0.7916666666666666
Cli,23,5,DPT,24,0.2291666666666667,19,0.7916666666666666
Cli,23,5,STARTS,21,0.7291666666666666,7,0.2916666666666667
Cli,23,5,STARTS+FAST-S,21,0.2708333333333333,18,0.75
Cli,23,5,STARTS+FAST-P,21,0.5208333333333334,12,0.5
Cli,23,5,STARTS+DPT,21,0.2291666666666667,19,0.7916666666666666
Cli,23,5,Fastazi-S,20,0.4791666666666667,13,0.5416666666666666
Cli,23,5,Fastazi-P,20,0.5208333333333334,12,0.5
Cli,23,5,Random,24,0.6458333333333334,9,0.375
Cli,23,6,Ekstazi,20,0.6041666666666666,10,0.4166666666666667
Cli,23,6,FAST,24,0.6041666666666666,10,0.4166666666666667
Cli,23,6,Ekstazi+dpt,20,0.2291666666666667,19,0.7916666666666666
Cli,23,6,DPT,24,0.2291666666666667,19,0.7916666666666666
Cli,23,6,STARTS,21,0.8541666666666667,4,0.16666666666666666
Cli,23,6,STARTS+FAST-S,21,0.2708333333333333,18,0.75
Cli,23,6,STARTS+FAST-P,21,0.31249999999999994,17,0.7083333333333334
Cli,23,6,STARTS+DPT,21,0.2291666666666667,19,0.7916666666666666
Cli,23,6,Fastazi-S,20,0.4791666666666667,13,0.5416666666666666
Cli,23,6,Fastazi-P,20,0.7291666666666666,7,0.2916666666666667
Cli,23,6,Random,24,0.8541666666666667,4,0.16666666666666666
Cli,23,7,Ekstazi,20,0.9791666666666667,1,0.041666666666666664
Cli,23,7,FAST,24,0.6041666666666666,10,0.4166666666666667
Cli,23,7,Ekstazi+dpt,20,0.2291666666666667,19,0.7916666666666666
Cli,23,7,DPT,24,0.2291666666666667,19,0.7916666666666666
Cli,23,7,STARTS,21,0.8125,5,0.20833333333333334
Cli,23,7,STARTS+FAST-S,21,0.2708333333333333,18,0.75
Cli,23,7,STARTS+FAST-P,21,0.31249999999999994,17,0.7083333333333334
Cli,23,7,STARTS+DPT,21,0.2291666666666667,19,0.7916666666666666
Cli,23,7,Fastazi-S,20,0.4791666666666667,13,0.5416666666666666
Cli,23,7,Fastazi-P,20,0.7291666666666666,7,0.2916666666666667
Cli,23,7,Random,24,0.06249999999999996,23,0.9583333333333334
Cli,23,8,Ekstazi,20,0.3958333333333333,15,0.625
Cli,23,8,FAST,24,0.3541666666666667,16,0.6666666666666666
Cli,23,8,Ekstazi+dpt,20,0.2291666666666667,19,0.7916666666666666
Cli,23,8,DPT,24,0.2291666666666667,19,0.7916666666666666
Cli,23,8,STARTS,21,0.6041666666666666,10,0.4166666666666667
Cli,23,8,STARTS+FAST-S,21,0.2708333333333333,18,0.75
Cli,23,8,STARTS+FAST-P,21,0.31249999999999994,17,0.7083333333333334
Cli,23,8,STARTS+DPT,21,0.2291666666666667,19,0.7916666666666666
Cli,23,8,Fastazi-S,20,0.4791666666666667,13,0.5416666666666666
Cli,23,8,Fastazi-P,20,0.5208333333333334,12,0.5
Cli,23,8,Random,24,0.1041666666666667,22,0.9166666666666666
Cli,23,9,Ekstazi,20,0.9375,2,0.08333333333333333
Cli,23,9,FAST,24,0.3541666666666667,16,0.6666666666666666
Cli,23,9,Ekstazi+dpt,20,0.2291666666666667,19,0.7916666666666666
Cli,23,9,DPT,24,0.2291666666666667,19,0.7916666666666666
Cli,23,9,STARTS,21,0.8958333333333334,3,0.125
Cli,23,9,STARTS+FAST-S,21,0.2708333333333333,18,0.75
Cli,23,9,STARTS+FAST-P,21,0.31249999999999994,17,0.7083333333333334
Cli,23,9,STARTS+DPT,21,0.2291666666666667,19,0.7916666666666666
Cli,23,9,Fastazi-S,20,0.4791666666666667,13,0.5416666666666666
Cli,23,9,Fastazi-P,20,0.5208333333333334,12,0.5
Cli,23,9,Random,24,0.31249999999999994,17,0.7083333333333334
Cli,23,10,Ekstazi,20,0.3958333333333333,15,0.625
Cli,23,10,FAST,24,0.3541666666666667,16,0.6666666666666666
Cli,23,10,Ekstazi+dpt,20,0.2291666666666667,19,0.7916666666666666
Cli,23,10,DPT,24,0.2291666666666667,19,0.7916666666666666
Cli,23,10,STARTS,21,0.43749999999999994,14,0.5833333333333334
Cli,23,10,STARTS+FAST-S,21,0.2708333333333333,18,0.75
Cli,23,10,STARTS+FAST-P,21,0.31249999999999994,17,0.7083333333333334
Cli,23,10,STARTS+DPT,21,0.2291666666666667,19,0.7916666666666666
Cli,23,10,Fastazi-S,20,0.9791666666666667,1,0.041666666666666664
Cli,23,10,Fastazi-P,20,0.5208333333333334,12,0.5
Cli,23,10,Random,24,0.020833333333333332,24,1.0
Cli,23,11,Ekstazi,20,0.31249999999999994,17,0.7083333333333334
Cli,23,11,FAST,24,0.3541666666666667,16,0.6666666666666666
Cli,23,11,Ekstazi+dpt,20,0.2291666666666667,19,0.7916666666666666
Cli,23,11,DPT,24,0.2291666666666667,19,0.7916666666666666
Cli,23,11,STARTS,21,0.4791666666666667,13,0.5416666666666666
Cli,23,11,STARTS+FAST-S,21,0.2708333333333333,18,0.75
Cli,23,11,STARTS+FAST-P,21,0.31249999999999994,17,0.7083333333333334
Cli,23,11,STARTS+DPT,21,0.2291666666666667,19,0.7916666666666666
Cli,23,11,Fastazi-S,20,0.4791666666666667,13,0.5416666666666666
Cli,23,11,Fastazi-P,20,0.5208333333333334,12,0.5
Cli,23,11,Random,24,0.31249999999999994,17,0.7083333333333334
Cli,23,12,Ekstazi,20,0.9791666666666667,1,0.041666666666666664
Cli,23,12,FAST,24,0.3541666666666667,16,0.6666666666666666
Cli,23,12,Ekstazi+dpt,20,0.2291666666666667,19,0.7916666666666666
Cli,23,12,DPT,24,0.2291666666666667,19,0.7916666666666666
Cli,23,12,STARTS,21,0.3958333333333333,15,0.625
Cli,23,12,STARTS+FAST-S,21,0.2708333333333333,18,0.75
Cli,23,12,STARTS+FAST-P,21,0.31249999999999994,17,0.7083333333333334
Cli,23,12,STARTS+DPT,21,0.2291666666666667,19,0.7916666666666666
Cli,23,12,Fastazi-S,20,0.7708333333333334,6,0.25
Cli,23,12,Fastazi-P,20,0.5208333333333334,12,0.5
Cli,23,12,Random,24,0.18749999999999997,20,0.8333333333333334
Cli,23,13,Ekstazi,20,0.18749999999999997,20,0.8333333333333334
Cli,23,13,FAST,24,0.9791666666666667,1,0.041666666666666664
Cli,23,13,Ekstazi+dpt,20,0.2291666666666667,19,0.7916666666666666
Cli,23,13,DPT,24,0.2291666666666667,19,0.7916666666666666
Cli,23,13,STARTS,21,0.4791666666666667,13,0.5416666666666666
Cli,23,13,STARTS+FAST-S,21,0.2708333333333333,18,0.75
Cli,23,13,STARTS+FAST-P,21,0.31249999999999994,17,0.7083333333333334
Cli,23,13,STARTS+DPT,21,0.2291666666666667,19,0.7916666666666666
Cli,23,13,Fastazi-S,20,0.4791666666666667,13,0.5416666666666666
Cli,23,13,Fastazi-P,20,0.9791666666666667,1,0.041666666666666664
Cli,23,13,Random,24,0.4791666666666667,13,0.5416666666666666
Cli,23,14,Ekstazi,20,0.8125,5,0.20833333333333334
Cli,23,14,FAST,24,0.3541666666666667,16,0.6666666666666666
Cli,23,14,Ekstazi+dpt,20,0.2291666666666667,19,0.7916666666666666
Cli,23,14,DPT,24,0.2291666666666667,19,0.7916666666666666
Cli,23,14,STARTS,21,0.7708333333333334,6,0.25
Cli,23,14,STARTS+FAST-S,21,0.2708333333333333,18,0.75
Cli,23,14,STARTS+FAST-P,21,0.31249999999999994,17,0.7083333333333334
Cli,23,14,STARTS+DPT,21,0.2291666666666667,19,0.7916666666666666
Cli,23,14,Fastazi-S,20,0.4791666666666667,13,0.5416666666666666
Cli,23,14,Fastazi-P,20,0.5208333333333334,12,0.5
Cli,23,14,Random,24,0.5208333333333334,12,0.5
Cli,23,15,Ekstazi,20,0.2708333333333333,18,0.75
Cli,23,15,FAST,24,0.3541666666666667,16,0.6666666666666666
Cli,23,15,Ekstazi+dpt,20,0.2291666666666667,19,0.7916666666666666
Cli,23,15,DPT,24,0.2291666666666667,19,0.7916666666666666
Cli,23,15,STARTS,21,0.9375,2,0.08333333333333333
Cli,23,15,STARTS+FAST-S,21,0.9791666666666667,1,0.041666666666666664
Cli,23,15,STARTS+FAST-P,21,0.9791666666666667,1,0.041666666666666664
Cli,23,15,STARTS+DPT,21,0.2291666666666667,19,0.7916666666666666
Cli,23,15,Fastazi-S,20,0.3541666666666667,16,0.6666666666666666
Cli,23,15,Fastazi-P,20,0.5208333333333334,12,0.5
Cli,23,15,Random,24,0.9791666666666667,1,0.041666666666666664
Cli,23,16,Ekstazi,20,0.18749999999999997,20,0.8333333333333334
Cli,23,16,FAST,24,0.3541666666666667,16,0.6666666666666666
Cli,23,16,Ekstazi+dpt,20,0.2291666666666667,19,0.7916666666666666
Cli,23,16,DPT,24,0.2291666666666667,19,0.7916666666666666
Cli,23,16,STARTS,21,0.5208333333333334,12,0.5
Cli,23,16,STARTS+FAST-S,21,0.2708333333333333,18,0.75
Cli,23,16,STARTS+FAST-P,21,0.31249999999999994,17,0.7083333333333334
Cli,23,16,STARTS+DPT,21,0.2291666666666667,19,0.7916666666666666
Cli,23,16,Fastazi-S,20,0.4791666666666667,13,0.5416666666666666
Cli,23,16,Fastazi-P,20,0.5208333333333334,12,0.5
Cli,23,16,Random,24,0.8958333333333334,3,0.125
Cli,23,17,Ekstazi,20,0.6875000000000001,8,0.3333333333333333
Cli,23,17,FAST,24,0.3541666666666667,16,0.6666666666666666
Cli,23,17,Ekstazi+dpt,20,0.2291666666666667,19,0.7916666666666666
Cli,23,17,DPT,24,0.2291666666666667,19,0.7916666666666666
Cli,23,17,STARTS,21,0.18749999999999997,20,0.8333333333333334
Cli,23,17,STARTS+FAST-S,21,0.2708333333333333,18,0.75
Cli,23,17,STARTS+FAST-P,21,0.5208333333333334,12,0.5
Cli,23,17,STARTS+DPT,21,0.2291666666666667,19,0.7916666666666666
Cli,23,17,Fastazi-S,20,0.4791666666666667,13,0.5416666666666666
Cli,23,17,Fastazi-P,20,0.5208333333333334,12,0.5
Cli,23,17,Random,24,0.4791666666666667,13,0.5416666666666666
Cli,23,18,Ekstazi,20,0.7708333333333334,6,0.25
Cli,23,18,FAST,24,0.3541666666666667,16,0.6666666666666666
Cli,23,18,Ekstazi+dpt,20,0.2291666666666667,19,0.7916666666666666
Cli,23,18,DPT,24,0.2291666666666667,19,0.7916666666666666
Cli,23,18,STARTS,21,0.2708333333333333,18,0.75
Cli,23,18,STARTS+FAST-S,21,0.2708333333333333,18,0.75
Cli,23,18,STARTS+FAST-P,21,0.9791666666666667,1,0.041666666666666664
Cli,23,18,STARTS+DPT,21,0.2291666666666667,19,0.7916666666666666
Cli,23,18,Fastazi-S,20,0.4791666666666667,13,0.5416666666666666
Cli,23,18,Fastazi-P,20,0.5208333333333334,12,0.5
Cli,23,18,Random,24,0.43749999999999994,14,0.5833333333333334
Cli,23,19,Ekstazi,20,0.9791666666666667,1,0.041666666666666664
Cli,23,19,FAST,24,0.2291666666666667,19,0.7916666666666666
Cli,23,19,Ekstazi+dpt,20,0.2291666666666667,19,0.7916666666666666
Cli,23,19,DPT,24,0.2291666666666667,19,0.7916666666666666
Cli,23,19,STARTS,21,0.6875000000000001,8,0.3333333333333333
Cli,23,19,STARTS+FAST-S,21,0.2708333333333333,18,0.75
Cli,23,19,STARTS+FAST-P,21,0.31249999999999994,17,0.7083333333333334
Cli,23,19,STARTS+DPT,21,0.2291666666666667,19,0.7916666666666666
Cli,23,19,Fastazi-S,20,0.4791666666666667,13,0.5416666666666666
Cli,23,19,Fastazi-P,20,0.3958333333333333,15,0.625
Cli,23,19,Random,24,0.9375,2,0.08333333333333333
Cli,23,20,Ekstazi,20,0.18749999999999997,20,0.8333333333333334
Cli,23,20,FAST,24,0.3541666666666667,16,0.6666666666666666
Cli,23,20,Ekstazi+dpt,20,0.2291666666666667,19,0.7916666666666666
Cli,23,20,DPT,24,0.2291666666666667,19,0.7916666666666666
Cli,23,20,STARTS,21,0.3541666666666667,16,0.6666666666666666
Cli,23,20,STARTS+FAST-S,21,0.2708333333333333,18,0.75
Cli,23,20,STARTS+FAST-P,21,0.5208333333333334,12,0.5
Cli,23,20,STARTS+DPT,21,0.2291666666666667,19,0.7916666666666666
Cli,23,20,Fastazi-S,20,0.4791666666666667,13,0.5416666666666666
Cli,23,20,Fastazi-P,20,0.5208333333333334,12,0.5
Cli,23,20,Random,24,0.14583333333333334,21,0.875
Cli,23,21,Ekstazi,20,0.8125,5,0.20833333333333334
Cli,23,21,FAST,24,0.3541666666666667,16,0.6666666666666666
Cli,23,21,Ekstazi+dpt,20,0.2291666666666667,19,0.7916666666666666
Cli,23,21,DPT,24,0.2291666666666667,19,0.7916666666666666
Cli,23,21,STARTS,21,0.5208333333333334,12,0.5
Cli,23,21,STARTS+FAST-S,21,0.2708333333333333,18,0.75
Cli,23,21,STARTS+FAST-P,21,0.31249999999999994,17,0.7083333333333334
Cli,23,21,STARTS+DPT,21,0.2291666666666667,19,0.7916666666666666
Cli,23,21,Fastazi-S,20,0.4791666666666667,13,0.5416666666666666
Cli,23,21,Fastazi-P,20,0.5208333333333334,12,0.5
Cli,23,21,Random,24,0.8958333333333334,3,0.125
Cli,23,22,Ekstazi,20,0.3958333333333333,15,0.625
Cli,23,22,FAST,24,0.3541666666666667,16,0.6666666666666666
Cli,23,22,Ekstazi+dpt,20,0.2291666666666667,19,0.7916666666666666
Cli,23,22,DPT,24,0.2291666666666667,19,0.7916666666666666
Cli,23,22,STARTS,21,0.8958333333333334,3,0.125
Cli,23,22,STARTS+FAST-S,21,0.2708333333333333,18,0.75
Cli,23,22,STARTS+FAST-P,21,0.31249999999999994,17,0.7083333333333334
Cli,23,22,STARTS+DPT,21,0.2291666666666667,19,0.7916666666666666
Cli,23,22,Fastazi-S,20,0.8125,5,0.20833333333333334
Cli,23,22,Fastazi-P,20,0.5208333333333334,12,0.5
Cli,23,22,Random,24,0.43749999999999994,14,0.5833333333333334
Cli,23,23,Ekstazi,20,0.7291666666666666,7,0.2916666666666667
Cli,23,23,FAST,24,0.3541666666666667,16,0.6666666666666666
Cli,23,23,Ekstazi+dpt,20,0.2291666666666667,19,0.7916666666666666
Cli,23,23,DPT,24,0.2291666666666667,19,0.7916666666666666
Cli,23,23,STARTS,21,0.2291666666666667,19,0.7916666666666666
Cli,23,23,STARTS+FAST-S,21,0.2708333333333333,18,0.75
Cli,23,23,STARTS+FAST-P,21,0.31249999999999994,17,0.7083333333333334
Cli,23,23,STARTS+DPT,21,0.2291666666666667,19,0.7916666666666666
Cli,23,23,Fastazi-S,20,0.4791666666666667,13,0.5416666666666666
Cli,23,23,Fastazi-P,20,0.5208333333333334,12,0.5
Cli,23,23,Random,24,0.9375,2,0.08333333333333333
Cli,23,24,Ekstazi,20,0.6041666666666666,10,0.4166666666666667
Cli,23,24,FAST,24,0.9791666666666667,1,0.041666666666666664
Cli,23,24,Ekstazi+dpt,20,0.2291666666666667,19,0.7916666666666666
Cli,23,24,DPT,24,0.2291666666666667,19,0.7916666666666666
Cli,23,24,STARTS,21,0.3958333333333333,15,0.625
Cli,23,24,STARTS+FAST-S,21,0.2708333333333333,18,0.75
Cli,23,24,STARTS+FAST-P,21,0.31249999999999994,17,0.7083333333333334
Cli,23,24,STARTS+DPT,21,0.2291666666666667,19,0.7916666666666666
Cli,23,24,Fastazi-S,20,0.8125,5,0.20833333333333334
Cli,23,24,Fastazi-P,20,0.9791666666666667,1,0.041666666666666664
Cli,23,24,Random,24,0.18749999999999997,20,0.8333333333333334
Cli,23,25,Ekstazi,20,0.3541666666666667,16,0.6666666666666666
Cli,23,25,FAST,24,0.5625000000000001,11,0.4583333333333333
Cli,23,25,Ekstazi+dpt,20,0.2291666666666667,19,0.7916666666666666
Cli,23,25,DPT,24,0.2291666666666667,19,0.7916666666666666
Cli,23,25,STARTS,21,0.43749999999999994,14,0.5833333333333334
Cli,23,25,STARTS+FAST-S,21,0.2708333333333333,18,0.75
Cli,23,25,STARTS+FAST-P,21,0.31249999999999994,17,0.7083333333333334
Cli,23,25,STARTS+DPT,21,0.2291666666666667,19,0.7916666666666666
Cli,23,25,Fastazi-S,20,0.4791666666666667,13,0.5416666666666666
Cli,23,25,Fastazi-P,20,0.6875000000000001,8,0.3333333333333333
Cli,23,25,Random,24,0.31249999999999994,17,0.7083333333333334
Cli,23,26,Ekstazi,20,0.6875000000000001,8,0.3333333333333333
Cli,23,26,FAST,24,0.5625000000000001,11,0.4583333333333333
Cli,23,26,Ekstazi+dpt,20,0.2291666666666667,19,0.7916666666666666
Cli,23,26,DPT,24,0.2291666666666667,19,0.7916666666666666
Cli,23,26,STARTS,21,0.8125,5,0.20833333333333334
Cli,23,26,STARTS+FAST-S,21,0.2708333333333333,18,0.75
Cli,23,26,STARTS+FAST-P,21,0.5208333333333334,12,0.5
Cli,23,26,STARTS+DPT,21,0.2291666666666667,19,0.7916666666666666
Cli,23,26,Fastazi-S,20,0.4791666666666667,13,0.5416666666666666
Cli,23,26,Fastazi-P,20,0.6875000000000001,8,0.3333333333333333
Cli,23,26,Random,24,0.5625000000000001,11,0.4583333333333333
Cli,23,27,Ekstazi,20,0.2291666666666667,19,0.7916666666666666
Cli,23,27,FAST,24,0.3541666666666667,16,0.6666666666666666
Cli,23,27,Ekstazi+dpt,20,0.2291666666666667,19,0.7916666666666666
Cli,23,27,DPT,24,0.2291666666666667,19,0.7916666666666666
Cli,23,27,STARTS,21,0.2291666666666667,19,0.7916666666666666
Cli,23,27,STARTS+FAST-S,21,0.2708333333333333,18,0.75
Cli,23,27,STARTS+FAST-P,21,0.5208333333333334,12,0.5
Cli,23,27,STARTS+DPT,21,0.2291666666666667,19,0.7916666666666666
Cli,23,27,Fastazi-S,20,0.4791666666666667,13,0.5416666666666666
Cli,23,27,Fastazi-P,20,0.5208333333333334,12,0.5
Cli,23,27,Random,24,0.9375,2,0.08333333333333333
Cli,23,28,Ekstazi,20,0.43749999999999994,14,0.5833333333333334
Cli,23,28,FAST,24,0.3541666666666667,16,0.6666666666666666
Cli,23,28,Ekstazi+dpt,20,0.2291666666666667,19,0.7916666666666666
Cli,23,28,DPT,24,0.2291666666666667,19,0.7916666666666666
Cli,23,28,STARTS,21,0.31249999999999994,17,0.7083333333333334
Cli,23,28,STARTS+FAST-S,21,0.2708333333333333,18,0.75
Cli,23,28,STARTS+FAST-P,21,0.31249999999999994,17,0.7083333333333334
Cli,23,28,STARTS+DPT,21,0.2291666666666667,19,0.7916666666666666
Cli,23,28,Fastazi-S,20,0.4791666666666667,13,0.5416666666666666
Cli,23,28,Fastazi-P,20,0.5208333333333334,12,0.5
Cli,23,28,Random,24,0.8125,5,0.20833333333333334
Cli,23,29,Ekstazi,20,0.6875000000000001,8,0.3333333333333333
Cli,23,29,FAST,24,0.5625000000000001,11,0.4583333333333333
Cli,23,29,Ekstazi+dpt,20,0.2291666666666667,19,0.7916666666666666
Cli,23,29,DPT,24,0.2291666666666667,19,0.7916666666666666
Cli,23,29,STARTS,21,0.31249999999999994,17,0.7083333333333334
Cli,23,29,STARTS+FAST-S,21,0.2708333333333333,18,0.75
Cli,23,29,STARTS+FAST-P,21,0.31249999999999994,17,0.7083333333333334
Cli,23,29,STARTS+DPT,21,0.2291666666666667,19,0.7916666666666666
Cli,23,29,Fastazi-S,20,0.8125,5,0.20833333333333334
Cli,23,29,Fastazi-P,20,0.6875000000000001,8,0.3333333333333333
Cli,23,29,Random,24,0.2708333333333333,18,0.75
Cli,23,30,Ekstazi,20,0.6041666666666666,10,0.4166666666666667
Cli,23,30,FAST,24,0.3541666666666667,16,0.6666666666666666
Cli,23,30,Ekstazi+dpt,20,0.2291666666666667,19,0.7916666666666666
Cli,23,30,DPT,24,0.2291666666666667,19,0.7916666666666666
Cli,23,30,STARTS,21,0.7708333333333334,6,0.25
Cli,23,30,STARTS+FAST-S,21,0.2708333333333333,18,0.75
Cli,23,30,STARTS+FAST-P,21,0.31249999999999994,17,0.7083333333333334
Cli,23,30,STARTS+DPT,21,0.2291666666666667,19,0.7916666666666666
Cli,23,30,Fastazi-S,20,0.4791666666666667,13,0.5416666666666666
Cli,23,30,Fastazi-P,20,0.5208333333333334,12,0.5
Cli,23,30,Random,24,0.14583333333333334,21,0.875
Cli,24,1,Ekstazi,5,0.8541666666666667,4,0.16666666666666666
Cli,24,1,FAST,24,0.7708333333333334,6,0.25
Cli,24,1,Ekstazi+dpt,5,0.8541666666666667,4,0.16666666666666666
Cli,24,1,DPT,24,0.2291666666666667,19,0.7916666666666666
Cli,24,1,STARTS,5,0.8541666666666667,4,0.16666666666666666
Cli,24,1,STARTS+FAST-S,5,0.8541666666666667,4,0.16666666666666666
Cli,24,1,STARTS+FAST-P,5,0.8541666666666667,4,0.16666666666666666
Cli,24,1,STARTS+DPT,5,0.8541666666666667,4,0.16666666666666666
Cli,24,1,Fastazi-S,5,0.8958333333333334,3,0.125
Cli,24,1,Fastazi-P,5,0.9375,2,0.08333333333333333
Cli,24,1,Random,24,0.2291666666666667,19,0.7916666666666666
Cli,24,2,Ekstazi,5,0.9375,2,0.08333333333333333
Cli,24,2,FAST,24,0.5625000000000001,11,0.4583333333333333
Cli,24,2,Ekstazi+dpt,5,0.8541666666666667,4,0.16666666666666666
Cli,24,2,DPT,24,0.2291666666666667,19,0.7916666666666666
Cli,24,2,STARTS,5,0.9375,2,0.08333333333333333
Cli,24,2,STARTS+FAST-S,5,0.9791666666666667,1,0.041666666666666664
Cli,24,2,STARTS+FAST-P,5,0.8541666666666667,4,0.16666666666666666
Cli,24,2,STARTS+DPT,5,0.8541666666666667,4,0.16666666666666666
Cli,24,2,Fastazi-S,5,0.8958333333333334,3,0.125
Cli,24,2,Fastazi-P,5,0.9375,2,0.08333333333333333
Cli,24,2,Random,24,0.3541666666666667,16,0.6666666666666666
Cli,24,3,Ekstazi,5,0.9375,2,0.08333333333333333
Cli,24,3,FAST,24,0.6041666666666666,10,0.4166666666666667
Cli,24,3,Ekstazi+dpt,5,0.8541666666666667,4,0.16666666666666666
Cli,24,3,DPT,24,0.2291666666666667,19,0.7916666666666666
Cli,24,3,STARTS,5,0.9791666666666667,1,0.041666666666666664
Cli,24,3,STARTS+FAST-S,5,0.9791666666666667,1,0.041666666666666664
Cli,24,3,STARTS+FAST-P,5,0.8541666666666667,4,0.16666666666666666
Cli,24,3,STARTS+DPT,5,0.8541666666666667,4,0.16666666666666666
Cli,24,3,Fastazi-S,5,0.9791666666666667,1,0.041666666666666664
Cli,24,3,Fastazi-P,5,0.9375,2,0.08333333333333333
Cli,24,3,Random,24,0.9375,2,0.08333333333333333
Cli,24,4,Ekstazi,5,0.8125,5,0.20833333333333334
Cli,24,4,FAST,24,0.5625000000000001,11,0.4583333333333333
Cli,24,4,Ekstazi+dpt,5,0.8541666666666667,4,0.16666666666666666
Cli,24,4,DPT,24,0.2291666666666667,19,0.7916666666666666
Cli,24,4,STARTS,5,0.9791666666666667,1,0.041666666666666664
Cli,24,4,STARTS+FAST-S,5,0.8958333333333334,3,0.125
Cli,24,4,STARTS+FAST-P,5,0.8541666666666667,4,0.16666666666666666
Cli,24,4,STARTS+DPT,5,0.8541666666666667,4,0.16666666666666666
Cli,24,4,Fastazi-S,5,0.8958333333333334,3,0.125
Cli,24,4,Fastazi-P,5,0.8958333333333334,3,0.125
Cli,24,4,Random,24,0.6041666666666666,10,0.4166666666666667
Cli,24,5,Ekstazi,5,0.8541666666666667,4,0.16666666666666666
Cli,24,5,FAST,24,0.7708333333333334,6,0.25
Cli,24,5,Ekstazi+dpt,5,0.8541666666666667,4,0.16666666666666666
Cli,24,5,DPT,24,0.2291666666666667,19,0.7916666666666666
Cli,24,5,STARTS,5,0.8541666666666667,4,0.16666666666666666
Cli,24,5,STARTS+FAST-S,5,0.8541666666666667,4,0.16666666666666666
Cli,24,5,STARTS+FAST-P,5,0.8541666666666667,4,0.16666666666666666
Cli,24,5,STARTS+DPT,5,0.8541666666666667,4,0.16666666666666666
Cli,24,5,Fastazi-S,5,0.8958333333333334,3,0.125
Cli,24,5,Fastazi-P,5,0.9375,2,0.08333333333333333
Cli,24,5,Random,24,0.18749999999999997,20,0.8333333333333334
Cli,24,6,Ekstazi,5,0.8541666666666667,4,0.16666666666666666
Cli,24,6,FAST,24,0.6041666666666666,10,0.4166666666666667
Cli,24,6,Ekstazi+dpt,5,0.8541666666666667,4,0.16666666666666666
Cli,24,6,DPT,24,0.2291666666666667,19,0.7916666666666666
Cli,24,6,STARTS,5,0.9375,2,0.08333333333333333
Cli,24,6,STARTS+FAST-S,5,0.8541666666666667,4,0.16666666666666666
Cli,24,6,STARTS+FAST-P,5,0.8541666666666667,4,0.16666666666666666
Cli,24,6,STARTS+DPT,5,0.8541666666666667,4,0.16666666666666666
Cli,24,6,Fastazi-S,5,0.8958333333333334,3,0.125
Cli,24,6,Fastazi-P,5,0.8958333333333334,3,0.125
Cli,24,6,Random,24,0.2291666666666667,19,0.7916666666666666
Cli,24,7,Ekstazi,5,0.9375,2,0.08333333333333333
Cli,24,7,FAST,24,0.6041666666666666,10,0.4166666666666667
Cli,24,7,Ekstazi+dpt,5,0.8541666666666667,4,0.16666666666666666
Cli,24,7,DPT,24,0.2291666666666667,19,0.7916666666666666
Cli,24,7,STARTS,5,0.9375,2,0.08333333333333333
Cli,24,7,STARTS+FAST-S,5,0.8541666666666667,4,0.16666666666666666
Cli,24,7,STARTS+FAST-P,5,0.8541666666666667,4,0.16666666666666666
Cli,24,7,STARTS+DPT,5,0.8541666666666667,4,0.16666666666666666
Cli,24,7,Fastazi-S,5,0.8958333333333334,3,0.125
Cli,24,7,Fastazi-P,5,0.8958333333333334,3,0.125
Cli,24,7,Random,24,0.5625000000000001,11,0.4583333333333333
Cli,24,8,Ekstazi,5,0.8541666666666667,4,0.16666666666666666
Cli,24,8,FAST,24,0.6041666666666666,10,0.4166666666666667
Cli,24,8,Ekstazi+dpt,5,0.8541666666666667,4,0.16666666666666666
Cli,24,8,DPT,24,0.2291666666666667,19,0.7916666666666666
Cli,24,8,STARTS,5,0.8958333333333334,3,0.125
Cli,24,8,STARTS+FAST-S,5,0.8958333333333334,3,0.125
Cli,24,8,STARTS+FAST-P,5,0.8541666666666667,4,0.16666666666666666
Cli,24,8,STARTS+DPT,5,0.8541666666666667,4,0.16666666666666666
Cli,24,8,Fastazi-S,5,0.8958333333333334,3,0.125
Cli,24,8,Fastazi-P,5,0.8958333333333334,3,0.125
Cli,24,8,Random,24,0.18749999999999997,20,0.8333333333333334
Cli,24,9,Ekstazi,5,0.9791666666666667,1,0.041666666666666664
Cli,24,9,FAST,24,0.5625000000000001,11,0.4583333333333333
Cli,24,9,Ekstazi+dpt,5,0.8541666666666667,4,0.16666666666666666
Cli,24,9,DPT,24,0.2291666666666667,19,0.7916666666666666
Cli,24,9,STARTS,5,0.8125,5,0.20833333333333334
Cli,24,9,STARTS+FAST-S,5,0.8541666666666667,4,0.16666666666666666
Cli,24,9,STARTS+FAST-P,5,0.8541666666666667,4,0.16666666666666666
Cli,24,9,STARTS+DPT,5,0.8541666666666667,4,0.16666666666666666
Cli,24,9,Fastazi-S,5,0.9791666666666667,1,0.041666666666666664
Cli,24,9,Fastazi-P,5,0.8958333333333334,3,0.125
Cli,24,9,Random,24,0.1041666666666667,22,0.9166666666666666
Cli,24,10,Ekstazi,5,0.9791666666666667,1,0.041666666666666664
Cli,24,10,FAST,24,0.6041666666666666,10,0.4166666666666667
Cli,24,10,Ekstazi+dpt,5,0.8541666666666667,4,0.16666666666666666
Cli,24,10,DPT,24,0.2291666666666667,19,0.7916666666666666
Cli,24,10,STARTS,5,0.8125,5,0.20833333333333334
Cli,24,10,STARTS+FAST-S,5,0.8958333333333334,3,0.125
Cli,24,10,STARTS+FAST-P,5,0.8958333333333334,3,0.125
Cli,24,10,STARTS+DPT,5,0.8541666666666667,4,0.16666666666666666
Cli,24,10,Fastazi-S,5,0.9791666666666667,1,0.041666666666666664
Cli,24,10,Fastazi-P,5,0.8958333333333334,3,0.125
Cli,24,10,Random,24,0.4791666666666667,13,0.5416666666666666
Cli,24,11,Ekstazi,5,0.8958333333333334,3,0.125
Cli,24,11,FAST,24,0.6041666666666666,10,0.4166666666666667
Cli,24,11,Ekstazi+dpt,5,0.8541666666666667,4,0.16666666666666666
Cli,24,11,DPT,24,0.2291666666666667,19,0.7916666666666666
Cli,24,11,STARTS,5,0.8125,5,0.20833333333333334
Cli,24,11,STARTS+FAST-S,5,0.9791666666666667,1,0.041666666666666664
Cli,24,11,STARTS+FAST-P,5,0.8541666666666667,4,0.16666666666666666
Cli,24,11,STARTS+DPT,5,0.8541666666666667,4,0.16666666666666666
Cli,24,11,Fastazi-S,5,0.8958333333333334,3,0.125
Cli,24,11,Fastazi-P,5,0.8958333333333334,3,0.125
Cli,24,11,Random,24,0.14583333333333334,21,0.875
Cli,24,12,Ekstazi,5,0.8125,5,0.20833333333333334
Cli,24,12,FAST,24,0.6041666666666666,10,0.4166666666666667
Cli,24,12,Ekstazi+dpt,5,0.8541666666666667,4,0.16666666666666666
Cli,24,12,DPT,24,0.2291666666666667,19,0.7916666666666666
Cli,24,12,STARTS,5,0.9375,2,0.08333333333333333
Cli,24,12,STARTS+FAST-S,5,0.8958333333333334,3,0.125
Cli,24,12,STARTS+FAST-P,5,0.8541666666666667,4,0.16666666666666666
Cli,24,12,STARTS+DPT,5,0.8541666666666667,4,0.16666666666666666
Cli,24,12,Fastazi-S,5,0.8958333333333334,3,0.125
Cli,24,12,Fastazi-P,5,0.9375,2,0.08333333333333333
Cli,24,12,Random,24,0.5625000000000001,11,0.4583333333333333
Cli,24,13,Ekstazi,5,0.8125,5,0.20833333333333334
Cli,24,13,FAST,24,0.6041666666666666,10,0.4166666666666667
Cli,24,13,Ekstazi+dpt,5,0.8541666666666667,4,0.16666666666666666
Cli,24,13,DPT,24,0.2291666666666667,19,0.7916666666666666
Cli,24,13,STARTS,5,0.8541666666666667,4,0.16666666666666666
Cli,24,13,STARTS+FAST-S,5,0.8958333333333334,3,0.125
Cli,24,13,STARTS+FAST-P,5,0.8541666666666667,4,0.16666666666666666
Cli,24,13,STARTS+DPT,5,0.8541666666666667,4,0.16666666666666666
Cli,24,13,Fastazi-S,5,0.9791666666666667,1,0.041666666666666664
Cli,24,13,Fastazi-P,5,0.8958333333333334,3,0.125
Cli,24,13,Random,24,0.5208333333333334,12,0.5
Cli,24,14,Ekstazi,5,0.8958333333333334,3,0.125
Cli,24,14,FAST,24,0.9791666666666667,1,0.041666666666666664
Cli,24,14,Ekstazi+dpt,5,0.8541666666666667,4,0.16666666666666666
Cli,24,14,DPT,24,0.2291666666666667,19,0.7916666666666666
Cli,24,14,STARTS,5,0.9375,2,0.08333333333333333
Cli,24,14,STARTS+FAST-S,5,0.8958333333333334,3,0.125
Cli,24,14,STARTS+FAST-P,5,0.8541666666666667,4,0.16666666666666666
Cli,24,14,STARTS+DPT,5,0.8541666666666667,4,0.16666666666666666
Cli,24,14,Fastazi-S,5,0.8958333333333334,3,0.125
Cli,24,14,Fastazi-P,5,0.9791666666666667,1,0.041666666666666664
Cli,24,14,Random,24,0.3541666666666667,16,0.6666666666666666
Cli,24,15,Ekstazi,5,0.8541666666666667,4,0.16666666666666666
Cli,24,15,FAST,24,0.6041666666666666,10,0.4166666666666667
Cli,24,15,Ekstazi+dpt,5,0.8541666666666667,4,0.16666666666666666
Cli,24,15,DPT,24,0.2291666666666667,19,0.7916666666666666
Cli,24,15,STARTS,5,0.8541666666666667,4,0.16666666666666666
Cli,24,15,STARTS+FAST-S,5,0.8958333333333334,3,0.125
Cli,24,15,STARTS+FAST-P,5,0.8541666666666667,4,0.16666666666666666
Cli,24,15,STARTS+DPT,5,0.8541666666666667,4,0.16666666666666666
Cli,24,15,Fastazi-S,5,0.8958333333333334,3,0.125
Cli,24,15,Fastazi-P,5,0.8958333333333334,3,0.125
Cli,24,15,Random,24,0.6041666666666666,10,0.4166666666666667
Cli,24,16,Ekstazi,5,0.9791666666666667,1,0.041666666666666664
Cli,24,16,FAST,24,0.6041666666666666,10,0.4166666666666667
Cli,24,16,Ekstazi+dpt,5,0.8541666666666667,4,0.16666666666666666
Cli,24,16,DPT,24,0.2291666666666667,19,0.7916666666666666
Cli,24,16,STARTS,5,0.9791666666666667,1,0.041666666666666664
Cli,24,16,STARTS+FAST-S,5,0.8541666666666667,4,0.16666666666666666
Cli,24,16,STARTS+FAST-P,5,0.8958333333333334,3,0.125
Cli,24,16,STARTS+DPT,5,0.8541666666666667,4,0.16666666666666666
Cli,24,16,Fastazi-S,5,0.8958333333333334,3,0.125
Cli,24,16,Fastazi-P,5,0.8958333333333334,3,0.125
Cli,24,16,Random,24,0.06249999999999996,23,0.9583333333333334
Cli,24,17,Ekstazi,5,0.9791666666666667,1,0.041666666666666664
Cli,24,17,FAST,24,0.6041666666666666,10,0.4166666666666667
Cli,24,17,Ekstazi+dpt,5,0.8541666666666667,4,0.16666666666666666
Cli,24,17,DPT,24,0.2291666666666667,19,0.7916666666666666
Cli,24,17,STARTS,5,0.9375,2,0.08333333333333333
Cli,24,17,STARTS+FAST-S,5,0.8958333333333334,3,0.125
Cli,24,17,STARTS+FAST-P,5,0.8958333333333334,3,0.125
Cli,24,17,STARTS+DPT,5,0.8541666666666667,4,0.16666666666666666
Cli,24,17,Fastazi-S,5,0.8958333333333334,3,0.125
Cli,24,17,Fastazi-P,5,0.8958333333333334,3,0.125
Cli,24,17,Random,24,0.8541666666666667,4,0.16666666666666666
Cli,24,18,Ekstazi,5,0.8541666666666667,4,0.16666666666666666
Cli,24,18,FAST,24,0.5208333333333334,12,0.5
Cli,24,18,Ekstazi+dpt,5,0.8541666666666667,4,0.16666666666666666
Cli,24,18,DPT,24,0.2291666666666667,19,0.7916666666666666
Cli,24,18,STARTS,5,0.8958333333333334,3,0.125
Cli,24,18,STARTS+FAST-S,5,0.9791666666666667,1,0.041666666666666664
Cli,24,18,STARTS+FAST-P,5,0.8541666666666667,4,0.16666666666666666
Cli,24,18,STARTS+DPT,5,0.8541666666666667,4,0.16666666666666666
Cli,24,18,Fastazi-S,5,0.8958333333333334,3,0.125
Cli,24,18,Fastazi-P,5,0.8541666666666667,4,0.16666666666666666
Cli,24,18,Random,24,0.4791666666666667,13,0.5416666666666666
Cli,24,19,Ekstazi,5,0.8541666666666667,4,0.16666666666666666
Cli,24,19,FAST,24,0.6041666666666666,10,0.4166666666666667
Cli,24,19,Ekstazi+dpt,5,0.8541666666666667,4,0.16666666666666666
Cli,24,19,DPT,24,0.2291666666666667,19,0.7916666666666666
Cli,24,19,STARTS,5,0.8541666666666667,4,0.16666666666666666
Cli,24,19,STARTS+FAST-S,5,0.8541666666666667,4,0.16666666666666666
Cli,24,19,STARTS+FAST-P,5,0.8541666666666667,4,0.16666666666666666
Cli,24,19,STARTS+DPT,5,0.8541666666666667,4,0.16666666666666666
Cli,24,19,Fastazi-S,5,0.8958333333333334,3,0.125
Cli,24,19,Fastazi-P,5,0.8958333333333334,3,0.125
Cli,24,19,Random,24,0.8958333333333334,3,0.125
Cli,24,20,Ekstazi,5,0.9791666666666667,1,0.041666666666666664
Cli,24,20,FAST,24,0.6041666666666666,10,0.4166666666666667
Cli,24,20,Ekstazi+dpt,5,0.8541666666666667,4,0.16666666666666666
Cli,24,20,DPT,24,0.2291666666666667,19,0.7916666666666666
Cli,24,20,STARTS,5,0.9791666666666667,1,0.041666666666666664
Cli,24,20,STARTS+FAST-S,5,0.8541666666666667,4,0.16666666666666666
Cli,24,20,STARTS+FAST-P,5,0.8541666666666667,4,0.16666666666666666
Cli,24,20,STARTS+DPT,5,0.8541666666666667,4,0.16666666666666666
Cli,24,20,Fastazi-S,5,0.8958333333333334,3,0.125
Cli,24,20,Fastazi-P,5,0.9375,2,0.08333333333333333
Cli,24,20,Random,24,0.6458333333333334,9,0.375
Cli,24,21,Ekstazi,5,0.9375,2,0.08333333333333333
Cli,24,21,FAST,24,0.5625000000000001,11,0.4583333333333333
Cli,24,21,Ekstazi+dpt,5,0.8541666666666667,4,0.16666666666666666
Cli,24,21,DPT,24,0.2291666666666667,19,0.7916666666666666
Cli,24,21,STARTS,5,0.9791666666666667,1,0.041666666666666664
Cli,24,21,STARTS+FAST-S,5,0.8958333333333334,3,0.125
Cli,24,21,STARTS+FAST-P,5,0.8541666666666667,4,0.16666666666666666
Cli,24,21,STARTS+DPT,5,0.8541666666666667,4,0.16666666666666666
Cli,24,21,Fastazi-S,5,0.8958333333333334,3,0.125
Cli,24,21,Fastazi-P,5,0.8958333333333334,3,0.125
Cli,24,21,Random,24,0.5208333333333334,12,0.5
Cli,24,22,Ekstazi,5,0.9791666666666667,1,0.041666666666666664
Cli,24,22,FAST,24,0.5625000000000001,11,0.4583333333333333
Cli,24,22,Ekstazi+dpt,5,0.8541666666666667,4,0.16666666666666666
Cli,24,22,DPT,24,0.2291666666666667,19,0.7916666666666666
Cli,24,22,STARTS,5,0.9791666666666667,1,0.041666666666666664
Cli,24,22,STARTS+FAST-S,5,0.8958333333333334,3,0.125
Cli,24,22,STARTS+FAST-P,5,0.8541666666666667,4,0.16666666666666666
Cli,24,22,STARTS+DPT,5,0.8541666666666667,4,0.16666666666666666
Cli,24,22,Fastazi-S,5,0.8958333333333334,3,0.125
Cli,24,22,Fastazi-P,5,0.9375,2,0.08333333333333333
Cli,24,22,Random,24,0.9375,2,0.08333333333333333
Cli,24,23,Ekstazi,5,0.9791666666666667,1,0.041666666666666664
Cli,24,23,FAST,24,0.6041666666666666,10,0.4166666666666667
Cli,24,23,Ekstazi+dpt,5,0.8541666666666667,4,0.16666666666666666
Cli,24,23,DPT,24,0.2291666666666667,19,0.7916666666666666
Cli,24,23,STARTS,5,0.8125,5,0.20833333333333334
Cli,24,23,STARTS+FAST-S,5,0.8541666666666667,4,0.16666666666666666
Cli,24,23,STARTS+FAST-P,5,0.8541666666666667,4,0.16666666666666666
Cli,24,23,STARTS+DPT,5,0.8541666666666667,4,0.16666666666666666
Cli,24,23,Fastazi-S,5,0.8958333333333334,3,0.125
Cli,24,23,Fastazi-P,5,0.8958333333333334,3,0.125
Cli,24,23,Random,24,0.6875000000000001,8,0.3333333333333333
Cli,24,24,Ekstazi,5,0.8541666666666667,4,0.16666666666666666
Cli,24,24,FAST,24,0.6041666666666666,10,0.4166666666666667
Cli,24,24,Ekstazi+dpt,5,0.8541666666666667,4,0.16666666666666666
Cli,24,24,DPT,24,0.2291666666666667,19,0.7916666666666666
Cli,24,24,STARTS,5,0.8541666666666667,4,0.16666666666666666
Cli,24,24,STARTS+FAST-S,5,0.8541666666666667,4,0.16666666666666666
Cli,24,24,STARTS+FAST-P,5,0.8541666666666667,4,0.16666666666666666
Cli,24,24,STARTS+DPT,5,0.8541666666666667,4,0.16666666666666666
Cli,24,24,Fastazi-S,5,0.8958333333333334,3,0.125
Cli,24,24,Fastazi-P,5,0.8958333333333334,3,0.125
Cli,24,24,Random,24,0.9375,2,0.08333333333333333
Cli,24,25,Ekstazi,5,0.9791666666666667,1,0.041666666666666664
Cli,24,25,FAST,24,0.6041666666666666,10,0.4166666666666667
Cli,24,25,Ekstazi+dpt,5,0.8541666666666667,4,0.16666666666666666
Cli,24,25,DPT,24,0.2291666666666667,19,0.7916666666666666
Cli,24,25,STARTS,5,0.8541666666666667,4,0.16666666666666666
Cli,24,25,STARTS+FAST-S,5,0.8541666666666667,4,0.16666666666666666
Cli,24,25,STARTS+FAST-P,5,0.8541666666666667,4,0.16666666666666666
Cli,24,25,STARTS+DPT,5,0.8541666666666667,4,0.16666666666666666
Cli,24,25,Fastazi-S,5,0.9791666666666667,1,0.041666666666666664
Cli,24,25,Fastazi-P,5,0.8958333333333334,3,0.125
Cli,24,25,Random,24,0.18749999999999997,20,0.8333333333333334
Cli,24,26,Ekstazi,5,0.9791666666666667,1,0.041666666666666664
Cli,24,26,FAST,24,0.9791666666666667,1,0.041666666666666664
Cli,24,26,Ekstazi+dpt,5,0.8541666666666667,4,0.16666666666666666
Cli,24,26,DPT,24,0.2291666666666667,19,0.7916666666666666
Cli,24,26,STARTS,5,0.8541666666666667,4,0.16666666666666666
Cli,24,26,STARTS+FAST-S,5,0.8958333333333334,3,0.125
Cli,24,26,STARTS+FAST-P,5,0.8541666666666667,4,0.16666666666666666
Cli,24,26,STARTS+DPT,5,0.8541666666666667,4,0.16666666666666666
Cli,24,26,Fastazi-S,5,0.8958333333333334,3,0.125
Cli,24,26,Fastazi-P,5,0.9791666666666667,1,0.041666666666666664
Cli,24,26,Random,24,0.2708333333333333,18,0.75
Cli,24,27,Ekstazi,5,0.9791666666666667,1,0.041666666666666664
Cli,24,27,FAST,24,0.6041666666666666,10,0.4166666666666667
Cli,24,27,Ekstazi+dpt,5,0.8541666666666667,4,0.16666666666666666
Cli,24,27,DPT,24,0.2291666666666667,19,0.7916666666666666
Cli,24,27,STARTS,5,0.8125,5,0.20833333333333334
Cli,24,27,STARTS+FAST-S,5,0.9791666666666667,1,0.041666666666666664
Cli,24,27,STARTS+FAST-P,5,0.8541666666666667,4,0.16666666666666666
Cli,24,27,STARTS+DPT,5,0.8541666666666667,4,0.16666666666666666
Cli,24,27,Fastazi-S,5,0.8958333333333334,3,0.125
Cli,24,27,Fastazi-P,5,0.8958333333333334,3,0.125
Cli,24,27,Random,24,0.9375,2,0.08333333333333333
Cli,24,28,Ekstazi,5,0.9375,2,0.08333333333333333
Cli,24,28,FAST,24,0.7708333333333334,6,0.25
Cli,24,28,Ekstazi+dpt,5,0.8541666666666667,4,0.16666666666666666
Cli,24,28,DPT,24,0.2291666666666667,19,0.7916666666666666
Cli,24,28,STARTS,5,0.8125,5,0.20833333333333334
Cli,24,28,STARTS+FAST-S,5,0.8958333333333334,3,0.125
Cli,24,28,STARTS+FAST-P,5,0.8541666666666667,4,0.16666666666666666
Cli,24,28,STARTS+DPT,5,0.8541666666666667,4,0.16666666666666666
Cli,24,28,Fastazi-S,5,0.8958333333333334,3,0.125
Cli,24,28,Fastazi-P,5,0.9375,2,0.08333333333333333
Cli,24,28,Random,24,0.6875000000000001,8,0.3333333333333333
Cli,24,29,Ekstazi,5,0.8125,5,0.20833333333333334
Cli,24,29,FAST,24,0.6041666666666666,10,0.4166666666666667
Cli,24,29,Ekstazi+dpt,5,0.8541666666666667,4,0.16666666666666666
Cli,24,29,DPT,24,0.2291666666666667,19,0.7916666666666666
Cli,24,29,STARTS,5,0.8125,5,0.20833333333333334
Cli,24,29,STARTS+FAST-S,5,0.8541666666666667,4,0.16666666666666666
Cli,24,29,STARTS+FAST-P,5,0.9791666666666667,1,0.041666666666666664
Cli,24,29,STARTS+DPT,5,0.8541666666666667,4,0.16666666666666666
Cli,24,29,Fastazi-S,5,0.8958333333333334,3,0.125
Cli,24,29,Fastazi-P,5,0.8958333333333334,3,0.125
Cli,24,29,Random,24,0.9791666666666667,1,0.041666666666666664
Cli,24,30,Ekstazi,5,0.9375,2,0.08333333333333333
Cli,24,30,FAST,24,0.9791666666666667,1,0.041666666666666664
Cli,24,30,Ekstazi+dpt,5,0.8541666666666667,4,0.16666666666666666
Cli,24,30,DPT,24,0.2291666666666667,19,0.7916666666666666
Cli,24,30,STARTS,5,0.8958333333333334,3,0.125
Cli,24,30,STARTS+FAST-S,5,0.9791666666666667,1,0.041666666666666664
Cli,24,30,STARTS+FAST-P,5,0.8541666666666667,4,0.16666666666666666
Cli,24,30,STARTS+DPT,5,0.8541666666666667,4,0.16666666666666666
Cli,24,30,Fastazi-S,5,0.9791666666666667,1,0.041666666666666664
Cli,24,30,Fastazi-P,5,0.9791666666666667,1,0.041666666666666664
Cli,24,30,Random,24,0.2708333333333333,18,0.75
Cli,25,1,Ekstazi,5,0.9791666666666667,1,0.041666666666666664
Cli,25,1,FAST,24,0.6041666666666666,10,0.4166666666666667
Cli,25,1,Ekstazi+dpt,5,0.8541666666666667,4,0.16666666666666666
Cli,25,1,DPT,24,0.2291666666666667,19,0.7916666666666666
Cli,25,1,STARTS,5,0.9791666666666667,1,0.041666666666666664
Cli,25,1,STARTS+FAST-S,5,0.8958333333333334,3,0.125
Cli,25,1,STARTS+FAST-P,5,0.8541666666666667,4,0.16666666666666666
Cli,25,1,STARTS+DPT,5,0.8541666666666667,4,0.16666666666666666
Cli,25,1,Fastazi-S,5,0.8958333333333334,3,0.125
Cli,25,1,Fastazi-P,5,0.8958333333333334,3,0.125
Cli,25,1,Random,24,0.2708333333333333,18,0.75
Cli,25,2,Ekstazi,5,0.9791666666666667,1,0.041666666666666664
Cli,25,2,FAST,24,0.5625000000000001,11,0.4583333333333333
Cli,25,2,Ekstazi+dpt,5,0.8541666666666667,4,0.16666666666666666
Cli,25,2,DPT,24,0.2291666666666667,19,0.7916666666666666
Cli,25,2,STARTS,5,0.9791666666666667,1,0.041666666666666664
Cli,25,2,STARTS+FAST-S,5,0.8541666666666667,4,0.16666666666666666
Cli,25,2,STARTS+FAST-P,5,0.8958333333333334,3,0.125
Cli,25,2,STARTS+DPT,5,0.8541666666666667,4,0.16666666666666666
Cli,25,2,Fastazi-S,5,0.8958333333333334,3,0.125
Cli,25,2,Fastazi-P,5,0.8958333333333334,3,0.125
Cli,25,2,Random,24,0.06249999999999996,23,0.9583333333333334
Cli,25,3,Ekstazi,5,0.8541666666666667,4,0.16666666666666666
Cli,25,3,FAST,24,0.6041666666666666,10,0.4166666666666667
Cli,25,3,Ekstazi+dpt,5,0.8541666666666667,4,0.16666666666666666
Cli,25,3,DPT,24,0.2291666666666667,19,0.7916666666666666
Cli,25,3,STARTS,5,0.8541666666666667,4,0.16666666666666666
Cli,25,3,STARTS+FAST-S,5,0.8541666666666667,4,0.16666666666666666
Cli,25,3,STARTS+FAST-P,5,0.8541666666666667,4,0.16666666666666666
Cli,25,3,STARTS+DPT,5,0.8541666666666667,4,0.16666666666666666
Cli,25,3,Fastazi-S,5,0.8958333333333334,3,0.125
Cli,25,3,Fastazi-P,5,0.8958333333333334,3,0.125
Cli,25,3,Random,24,0.18749999999999997,20,0.8333333333333334
Cli,25,4,Ekstazi,5,0.8125,5,0.20833333333333334
Cli,25,4,FAST,24,0.6041666666666666,10,0.4166666666666667
Cli,25,4,Ekstazi+dpt,5,0.8541666666666667,4,0.16666666666666666
Cli,25,4,DPT,24,0.2291666666666667,19,0.7916666666666666
Cli,25,4,STARTS,5,0.8958333333333334,3,0.125
Cli,25,4,STARTS+FAST-S,5,0.8541666666666667,4,0.16666666666666666
Cli,25,4,STARTS+FAST-P,5,0.8541666666666667,4,0.16666666666666666
Cli,25,4,STARTS+DPT,5,0.8541666666666667,4,0.16666666666666666
Cli,25,4,Fastazi-S,5,0.8958333333333334,3,0.125
Cli,25,4,Fastazi-P,5,0.8958333333333334,3,0.125
Cli,25,4,Random,24,0.9375,2,0.08333333333333333
Cli,25,5,Ekstazi,5,0.8541666666666667,4,0.16666666666666666
Cli,25,5,FAST,24,0.5625000000000001,11,0.4583333333333333
Cli,25,5,Ekstazi+dpt,5,0.8541666666666667,4,0.16666666666666666
Cli,25,5,DPT,24,0.2291666666666667,19,0.7916666666666666
Cli,25,5,STARTS,5,0.8125,5,0.20833333333333334
Cli,25,5,STARTS+FAST-S,5,0.8958333333333334,3,0.125
Cli,25,5,STARTS+FAST-P,5,0.9791666666666667,1,0.041666666666666664
Cli,25,5,STARTS+DPT,5,0.8541666666666667,4,0.16666666666666666
Cli,25,5,Fastazi-S,5,0.9791666666666667,1,0.041666666666666664
Cli,25,5,Fastazi-P,5,0.8958333333333334,3,0.125
Cli,25,5,Random,24,0.6458333333333334,9,0.375
Cli,25,6,Ekstazi,5,0.8541666666666667,4,0.16666666666666666
Cli,25,6,FAST,24,0.6041666666666666,10,0.4166666666666667
Cli,25,6,Ekstazi+dpt,5,0.8541666666666667,4,0.16666666666666666
Cli,25,6,DPT,24,0.2291666666666667,19,0.7916666666666666
Cli,25,6,STARTS,5,0.9375,2,0.08333333333333333
Cli,25,6,STARTS+FAST-S,5,0.8541666666666667,4,0.16666666666666666
Cli,25,6,STARTS+FAST-P,5,0.8541666666666667,4,0.16666666666666666
Cli,25,6,STARTS+DPT,5,0.8541666666666667,4,0.16666666666666666
Cli,25,6,Fastazi-S,5,0.9791666666666667,1,0.041666666666666664
Cli,25,6,Fastazi-P,5,0.8958333333333334,3,0.125
Cli,25,6,Random,24,0.2708333333333333,18,0.75
Cli,25,7,Ekstazi,5,0.8958333333333334,3,0.125
Cli,25,7,FAST,24,0.6041666666666666,10,0.4166666666666667
Cli,25,7,Ekstazi+dpt,5,0.8541666666666667,4,0.16666666666666666
Cli,25,7,DPT,24,0.2291666666666667,19,0.7916666666666666
Cli,25,7,STARTS,5,0.8958333333333334,3,0.125
Cli,25,7,STARTS+FAST-S,5,0.9791666666666667,1,0.041666666666666664
Cli,25,7,STARTS+FAST-P,5,0.8541666666666667,4,0.16666666666666666
Cli,25,7,STARTS+DPT,5,0.8541666666666667,4,0.16666666666666666
Cli,25,7,Fastazi-S,5,0.8958333333333334,3,0.125
Cli,25,7,Fastazi-P,5,0.8958333333333334,3,0.125
Cli,25,7,Random,24,0.14583333333333334,21,0.875
Cli,25,8,Ekstazi,5,0.8541666666666667,4,0.16666666666666666
Cli,25,8,FAST,24,0.6041666666666666,10,0.4166666666666667
Cli,25,8,Ekstazi+dpt,5,0.8541666666666667,4,0.16666666666666666
Cli,25,8,DPT,24,0.2291666666666667,19,0.7916666666666666
Cli,25,8,STARTS,5,0.9791666666666667,1,0.041666666666666664
Cli,25,8,STARTS+FAST-S,5,0.8541666666666667,4,0.16666666666666666
Cli,25,8,STARTS+FAST-P,5,0.9791666666666667,1,0.041666666666666664
Cli,25,8,STARTS+DPT,5,0.8541666666666667,4,0.16666666666666666
Cli,25,8,Fastazi-S,5,0.9791666666666667,1,0.041666666666666664
Cli,25,8,Fastazi-P,5,0.8958333333333334,3,0.125
Cli,25,8,Random,24,0.6458333333333334,9,0.375
Cli,25,9,Ekstazi,5,0.9791666666666667,1,0.041666666666666664
Cli,25,9,FAST,24,0.6041666666666666,10,0.4166666666666667
Cli,25,9,Ekstazi+dpt,5,0.8541666666666667,4,0.16666666666666666
Cli,25,9,DPT,24,0.2291666666666667,19,0.7916666666666666
Cli,25,9,STARTS,5,0.8958333333333334,3,0.125
Cli,25,9,STARTS+FAST-S,5,0.8958333333333334,3,0.125
Cli,25,9,STARTS+FAST-P,5,0.8541666666666667,4,0.16666666666666666
Cli,25,9,STARTS+DPT,5,0.8541666666666667,4,0.16666666666666666
Cli,25,9,Fastazi-S,5,0.8958333333333334,3,0.125
Cli,25,9,Fastazi-P,5,0.8958333333333334,3,0.125
Cli,25,9,Random,24,0.2708333333333333,18,0.75
Cli,25,10,Ekstazi,5,0.8541666666666667,4,0.16666666666666666
Cli,25,10,FAST,24,0.5625000000000001,11,0.4583333333333333
Cli,25,10,Ekstazi+dpt,5,0.8541666666666667,4,0.16666666666666666
Cli,25,10,DPT,24,0.2291666666666667,19,0.7916666666666666
Cli,25,10,STARTS,5,0.8958333333333334,3,0.125
Cli,25,10,STARTS+FAST-S,5,0.8541666666666667,4,0.16666666666666666
Cli,25,10,STARTS+FAST-P,5,0.8958333333333334,3,0.125
Cli,25,10,STARTS+DPT,5,0.8541666666666667,4,0.16666666666666666
Cli,25,10,Fastazi-S,5,0.9791666666666667,1,0.041666666666666664
Cli,25,10,Fastazi-P,5,0.8958333333333334,3,0.125
Cli,25,10,Random,24,0.2708333333333333,18,0.75
Cli,25,11,Ekstazi,5,0.8541666666666667,4,0.16666666666666666
Cli,25,11,FAST,24,0.6041666666666666,10,0.4166666666666667
Cli,25,11,Ekstazi+dpt,5,0.8541666666666667,4,0.16666666666666666
Cli,25,11,DPT,24,0.2291666666666667,19,0.7916666666666666
Cli,25,11,STARTS,5,0.8125,5,0.20833333333333334
Cli,25,11,STARTS+FAST-S,5,0.9791666666666667,1,0.041666666666666664
Cli,25,11,STARTS+FAST-P,5,0.8541666666666667,4,0.16666666666666666
Cli,25,11,STARTS+DPT,5,0.8541666666666667,4,0.16666666666666666
Cli,25,11,Fastazi-S,5,0.8958333333333334,3,0.125
Cli,25,11,Fastazi-P,5,0.8958333333333334,3,0.125
Cli,25,11,Random,24,0.6875000000000001,8,0.3333333333333333
Cli,25,12,Ekstazi,5,0.9791666666666667,1,0.041666666666666664
Cli,25,12,FAST,24,0.6041666666666666,10,0.4166666666666667
Cli,25,12,Ekstazi+dpt,5,0.8541666666666667,4,0.16666666666666666
Cli,25,12,DPT,24,0.2291666666666667,19,0.7916666666666666
Cli,25,12,STARTS,5,0.9375,2,0.08333333333333333
Cli,25,12,STARTS+FAST-S,5,0.8541666666666667,4,0.16666666666666666
Cli,25,12,STARTS+FAST-P,5,0.8541666666666667,4,0.16666666666666666
Cli,25,12,STARTS+DPT,5,0.8541666666666667,4,0.16666666666666666
Cli,25,12,Fastazi-S,5,0.9791666666666667,1,0.041666666666666664
Cli,25,12,Fastazi-P,5,0.8958333333333334,3,0.125
Cli,25,12,Random,24,0.7708333333333334,6,0.25
Cli,25,13,Ekstazi,5,0.8541666666666667,4,0.16666666666666666
Cli,25,13,FAST,24,0.6041666666666666,10,0.4166666666666667
Cli,25,13,Ekstazi+dpt,5,0.8541666666666667,4,0.16666666666666666
Cli,25,13,DPT,24,0.2291666666666667,19,0.7916666666666666
Cli,25,13,STARTS,5,0.8125,5,0.20833333333333334
Cli,25,13,STARTS+FAST-S,5,0.9791666666666667,1,0.041666666666666664
Cli,25,13,STARTS+FAST-P,5,0.8541666666666667,4,0.16666666666666666
Cli,25,13,STARTS+DPT,5,0.8541666666666667,4,0.16666666666666666
Cli,25,13,Fastazi-S,5,0.9791666666666667,1,0.041666666666666664
Cli,25,13,Fastazi-P,5,0.8958333333333334,3,0.125
Cli,25,13,Random,24,0.43749999999999994,14,0.5833333333333334
Cli,25,14,Ekstazi,5,0.9375,2,0.08333333333333333
Cli,25,14,FAST,24,0.6041666666666666,10,0.4166666666666667
Cli,25,14,Ekstazi+dpt,5,0.8541666666666667,4,0.16666666666666666
Cli,25,14,DPT,24,0.2291666666666667,19,0.7916666666666666
Cli,25,14,STARTS,5,0.9375,2,0.08333333333333333
Cli,25,14,STARTS+FAST-S,5,0.8541666666666667,4,0.16666666666666666
Cli,25,14,STARTS+FAST-P,5,0.8541666666666667,4,0.16666666666666666
Cli,25,14,STARTS+DPT,5,0.8541666666666667,4,0.16666666666666666
Cli,25,14,Fastazi-S,5,0.8958333333333334,3,0.125
Cli,25,14,Fastazi-P,5,0.8958333333333334,3,0.125
Cli,25,14,Random,24,0.06249999999999996,23,0.9583333333333334
Cli,25,15,Ekstazi,5,0.9791666666666667,1,0.041666666666666664
Cli,25,15,FAST,24,0.7708333333333334,6,0.25
Cli,25,15,Ekstazi+dpt,5,0.8541666666666667,4,0.16666666666666666
Cli,25,15,DPT,24,0.2291666666666667,19,0.7916666666666666
Cli,25,15,STARTS,5,0.9375,2,0.08333333333333333
Cli,25,15,STARTS+FAST-S,5,0.8541666666666667,4,0.16666666666666666
Cli,25,15,STARTS+FAST-P,5,0.8541666666666667,4,0.16666666666666666
Cli,25,15,STARTS+DPT,5,0.8541666666666667,4,0.16666666666666666
Cli,25,15,Fastazi-S,5,0.8958333333333334,3,0.125
Cli,25,15,Fastazi-P,5,0.9375,2,0.08333333333333333
Cli,25,15,Random,24,0.3958333333333333,15,0.625
Cli,25,16,Ekstazi,5,0.8541666666666667,4,0.16666666666666666
Cli,25,16,FAST,24,0.7708333333333334,6,0.25
Cli,25,16,Ekstazi+dpt,5,0.8541666666666667,4,0.16666666666666666
Cli,25,16,DPT,24,0.2291666666666667,19,0.7916666666666666
Cli,25,16,STARTS,5,0.9375,2,0.08333333333333333
Cli,25,16,STARTS+FAST-S,5,0.8958333333333334,3,0.125
Cli,25,16,STARTS+FAST-P,5,0.8541666666666667,4,0.16666666666666666
Cli,25,16,STARTS+DPT,5,0.8541666666666667,4,0.16666666666666666
Cli,25,16,Fastazi-S,5,0.8958333333333334,3,0.125
Cli,25,16,Fastazi-P,5,0.9375,2,0.08333333333333333
Cli,25,16,Random,24,0.43749999999999994,14,0.5833333333333334
Cli,25,17,Ekstazi,5,0.8125,5,0.20833333333333334
Cli,25,17,FAST,24,0.5625000000000001,11,0.4583333333333333
Cli,25,17,Ekstazi+dpt,5,0.8541666666666667,4,0.16666666666666666
Cli,25,17,DPT,24,0.2291666666666667,19,0.7916666666666666
Cli,25,17,STARTS,5,0.9791666666666667,1,0.041666666666666664
Cli,25,17,STARTS+FAST-S,5,0.8541666666666667,4,0.16666666666666666
Cli,25,17,STARTS+FAST-P,5,0.8958333333333334,3,0.125
Cli,25,17,STARTS+DPT,5,0.8541666666666667,4,0.16666666666666666
Cli,25,17,Fastazi-S,5,0.9791666666666667,1,0.041666666666666664
Cli,25,17,Fastazi-P,5,0.9375,2,0.08333333333333333
Cli,25,17,Random,24,0.4791666666666667,13,0.5416666666666666
Cli,25,18,Ekstazi,5,0.8541666666666667,4,0.16666666666666666
Cli,25,18,FAST,24,0.9791666666666667,1,0.041666666666666664
Cli,25,18,Ekstazi+dpt,5,0.8541666666666667,4,0.16666666666666666
Cli,25,18,DPT,24,0.2291666666666667,19,0.7916666666666666
Cli,25,18,STARTS,5,0.8541666666666667,4,0.16666666666666666
Cli,25,18,STARTS+FAST-S,5,0.9791666666666667,1,0.041666666666666664
Cli,25,18,STARTS+FAST-P,5,0.8958333333333334,3,0.125
Cli,25,18,STARTS+DPT,5,0.8541666666666667,4,0.16666666666666666
Cli,25,18,Fastazi-S,5,0.8958333333333334,3,0.125
Cli,25,18,Fastazi-P,5,0.9791666666666667,1,0.041666666666666664
Cli,25,18,Random,24,0.8125,5,0.20833333333333334
Cli,25,19,Ekstazi,5,0.9791666666666667,1,0.041666666666666664
Cli,25,19,FAST,24,0.6041666666666666,10,0.4166666666666667
Cli,25,19,Ekstazi+dpt,5,0.8541666666666667,4,0.16666666666666666
Cli,25,19,DPT,24,0.2291666666666667,19,0.7916666666666666
Cli,25,19,STARTS,5,0.8541666666666667,4,0.16666666666666666
Cli,25,19,STARTS+FAST-S,5,0.8541666666666667,4,0.16666666666666666
Cli,25,19,STARTS+FAST-P,5,0.8541666666666667,4,0.16666666666666666
Cli,25,19,STARTS+DPT,5,0.8541666666666667,4,0.16666666666666666
Cli,25,19,Fastazi-S,5,0.8958333333333334,3,0.125
Cli,25,19,Fastazi-P,5,0.8958333333333334,3,0.125
Cli,25,19,Random,24,0.8958333333333334,3,0.125
Cli,25,20,Ekstazi,5,0.9375,2,0.08333333333333333
Cli,25,20,FAST,24,0.5208333333333334,12,0.5
Cli,25,20,Ekstazi+dpt,5,0.8541666666666667,4,0.16666666666666666
Cli,25,20,DPT,24,0.2291666666666667,19,0.7916666666666666
Cli,25,20,STARTS,5,0.9375,2,0.08333333333333333
Cli,25,20,STARTS+FAST-S,5,0.9791666666666667,1,0.041666666666666664
Cli,25,20,STARTS+FAST-P,5,0.8958333333333334,3,0.125
Cli,25,20,STARTS+DPT,5,0.8541666666666667,4,0.16666666666666666
Cli,25,20,Fastazi-S,5,0.8958333333333334,3,0.125
Cli,25,20,Fastazi-P,5,0.8541666666666667,4,0.16666666666666666
Cli,25,20,Random,24,0.18749999999999997,20,0.8333333333333334
Cli,25,21,Ekstazi,5,0.9375,2,0.08333333333333333
Cli,25,21,FAST,24,0.6041666666666666,10,0.4166666666666667
Cli,25,21,Ekstazi+dpt,5,0.8541666666666667,4,0.16666666666666666
Cli,25,21,DPT,24,0.2291666666666667,19,0.7916666666666666
Cli,25,21,STARTS,5,0.9375,2,0.08333333333333333
Cli,25,21,STARTS+FAST-S,5,0.8541666666666667,4,0.16666666666666666
Cli,25,21,STARTS+FAST-P,5,0.8541666666666667,4,0.16666666666666666
Cli,25,21,STARTS+DPT,5,0.8541666666666667,4,0.16666666666666666
Cli,25,21,Fastazi-S,5,0.9791666666666667,1,0.041666666666666664
Cli,25,21,Fastazi-P,5,0.8958333333333334,3,0.125
Cli,25,21,Random,24,0.5208333333333334,12,0.5
Cli,25,22,Ekstazi,5,0.9791666666666667,1,0.041666666666666664
Cli,25,22,FAST,24,0.6041666666666666,10,0.4166666666666667
Cli,25,22,Ekstazi+dpt,5,0.8541666666666667,4,0.16666666666666666
Cli,25,22,DPT,24,0.2291666666666667,19,0.7916666666666666
Cli,25,22,STARTS,5,0.9791666666666667,1,0.041666666666666664
Cli,25,22,STARTS+FAST-S,5,0.8958333333333334,3,0.125
Cli,25,22,STARTS+FAST-P,5,0.8541666666666667,4,0.16666666666666666
Cli,25,22,STARTS+DPT,5,0.8541666666666667,4,0.16666666666666666
Cli,25,22,Fastazi-S,5,0.8958333333333334,3,0.125
Cli,25,22,Fastazi-P,5,0.8958333333333334,3,0.125
Cli,25,22,Random,24,0.3958333333333333,15,0.625
Cli,25,23,Ekstazi,5,0.8958333333333334,3,0.125
Cli,25,23,FAST,24,0.6041666666666666,10,0.4166666666666667
Cli,25,23,Ekstazi+dpt,5,0.8541666666666667,4,0.16666666666666666
Cli,25,23,DPT,24,0.2291666666666667,19,0.7916666666666666
Cli,25,23,STARTS,5,0.9791666666666667,1,0.041666666666666664
Cli,25,23,STARTS+FAST-S,5,0.9791666666666667,1,0.041666666666666664
Cli,25,23,STARTS+FAST-P,5,0.8541666666666667,4,0.16666666666666666
Cli,25,23,STARTS+DPT,5,0.8541666666666667,4,0.16666666666666666
Cli,25,23,Fastazi-S,5,0.8958333333333334,3,0.125
Cli,25,23,Fastazi-P,5,0.8958333333333334,3,0.125
Cli,25,23,Random,24,0.6458333333333334,9,0.375
Cli,25,24,Ekstazi,5,0.9375,2,0.08333333333333333
Cli,25,24,FAST,24,0.7708333333333334,6,0.25
Cli,25,24,Ekstazi+dpt,5,0.8541666666666667,4,0.16666666666666666
Cli,25,24,DPT,24,0.2291666666666667,19,0.7916666666666666
Cli,25,24,STARTS,5,0.9375,2,0.08333333333333333
Cli,25,24,STARTS+FAST-S,5,0.8541666666666667,4,0.16666666666666666
Cli,25,24,STARTS+FAST-P,5,0.8541666666666667,4,0.16666666666666666
Cli,25,24,STARTS+DPT,5,0.8541666666666667,4,0.16666666666666666
Cli,25,24,Fastazi-S,5,0.8958333333333334,3,0.125
Cli,25,24,Fastazi-P,5,0.9375,2,0.08333333333333333
Cli,25,24,Random,24,0.6041666666666666,10,0.4166666666666667
Cli,25,25,Ekstazi,5,0.9375,2,0.08333333333333333
Cli,25,25,FAST,24,0.6041666666666666,10,0.4166666666666667
Cli,25,25,Ekstazi+dpt,5,0.8541666666666667,4,0.16666666666666666
Cli,25,25,DPT,24,0.2291666666666667,19,0.7916666666666666
Cli,25,25,STARTS,5,0.8958333333333334,3,0.125
Cli,25,25,STARTS+FAST-S,5,0.9791666666666667,1,0.041666666666666664
Cli,25,25,STARTS+FAST-P,5,0.8541666666666667,4,0.16666666666666666
Cli,25,25,STARTS+DPT,5,0.8541666666666667,4,0.16666666666666666
Cli,25,25,Fastazi-S,5,0.8958333333333334,3,0.125
Cli,25,25,Fastazi-P,5,0.8958333333333334,3,0.125
Cli,25,25,Random,24,0.31249999999999994,17,0.7083333333333334
Cli,25,26,Ekstazi,5,0.9791666666666667,1,0.041666666666666664
Cli,25,26,FAST,24,0.6041666666666666,10,0.4166666666666667
Cli,25,26,Ekstazi+dpt,5,0.8541666666666667,4,0.16666666666666666
Cli,25,26,DPT,24,0.2291666666666667,19,0.7916666666666666
Cli,25,26,STARTS,5,0.8125,5,0.20833333333333334
Cli,25,26,STARTS+FAST-S,5,0.8541666666666667,4,0.16666666666666666
Cli,25,26,STARTS+FAST-P,5,0.8541666666666667,4,0.16666666666666666
Cli,25,26,STARTS+DPT,5,0.8541666666666667,4,0.16666666666666666
Cli,25,26,Fastazi-S,5,0.8958333333333334,3,0.125
Cli,25,26,Fastazi-P,5,0.8958333333333334,3,0.125
Cli,25,26,Random,24,0.5208333333333334,12,0.5
Cli,25,27,Ekstazi,5,0.8541666666666667,4,0.16666666666666666
Cli,25,27,FAST,24,0.5625000000000001,11,0.4583333333333333
Cli,25,27,Ekstazi+dpt,5,0.8541666666666667,4,0.16666666666666666
Cli,25,27,DPT,24,0.2291666666666667,19,0.7916666666666666
Cli,25,27,STARTS,5,0.9375,2,0.08333333333333333
Cli,25,27,STARTS+FAST-S,5,0.8541666666666667,4,0.16666666666666666
Cli,25,27,STARTS+FAST-P,5,0.8541666666666667,4,0.16666666666666666
Cli,25,27,STARTS+DPT,5,0.8541666666666667,4,0.16666666666666666
Cli,25,27,Fastazi-S,5,0.8958333333333334,3,0.125
Cli,25,27,Fastazi-P,5,0.9375,2,0.08333333333333333
Cli,25,27,Random,24,0.3958333333333333,15,0.625
Cli,25,28,Ekstazi,5,0.9791666666666667,1,0.041666666666666664
Cli,25,28,FAST,24,0.6041666666666666,10,0.4166666666666667
Cli,25,28,Ekstazi+dpt,5,0.8541666666666667,4,0.16666666666666666
Cli,25,28,DPT,24,0.2291666666666667,19,0.7916666666666666
Cli,25,28,STARTS,5,0.8125,5,0.20833333333333334
Cli,25,28,STARTS+FAST-S,5,0.8541666666666667,4,0.16666666666666666
Cli,25,28,STARTS+FAST-P,5,0.8541666666666667,4,0.16666666666666666
Cli,25,28,STARTS+DPT,5,0.8541666666666667,4,0.16666666666666666
Cli,25,28,Fastazi-S,5,0.8958333333333334,3,0.125
Cli,25,28,Fastazi-P,5,0.8958333333333334,3,0.125
Cli,25,28,Random,24,0.6875000000000001,8,0.3333333333333333
Cli,25,29,Ekstazi,5,0.8958333333333334,3,0.125
Cli,25,29,FAST,24,0.6041666666666666,10,0.4166666666666667
Cli,25,29,Ekstazi+dpt,5,0.8541666666666667,4,0.16666666666666666
Cli,25,29,DPT,24,0.2291666666666667,19,0.7916666666666666
Cli,25,29,STARTS,5,0.9791666666666667,1,0.041666666666666664
Cli,25,29,STARTS+FAST-S,5,0.8541666666666667,4,0.16666666666666666
Cli,25,29,STARTS+FAST-P,5,0.8541666666666667,4,0.16666666666666666
Cli,25,29,STARTS+DPT,5,0.8541666666666667,4,0.16666666666666666
Cli,25,29,Fastazi-S,5,0.9791666666666667,1,0.041666666666666664
Cli,25,29,Fastazi-P,5,0.8958333333333334,3,0.125
Cli,25,29,Random,24,0.5208333333333334,12,0.5
Cli,25,30,Ekstazi,5,0.9375,2,0.08333333333333333
Cli,25,30,FAST,24,0.6041666666666666,10,0.4166666666666667
Cli,25,30,Ekstazi+dpt,5,0.8541666666666667,4,0.16666666666666666
Cli,25,30,DPT,24,0.2291666666666667,19,0.7916666666666666
Cli,25,30,STARTS,5,0.8541666666666667,4,0.16666666666666666
Cli,25,30,STARTS+FAST-S,5,0.9791666666666667,1,0.041666666666666664
Cli,25,30,STARTS+FAST-P,5,0.8541666666666667,4,0.16666666666666666
Cli,25,30,STARTS+DPT,5,0.8541666666666667,4,0.16666666666666666
Cli,25,30,Fastazi-S,5,0.9791666666666667,1,0.041666666666666664
Cli,25,30,Fastazi-P,5,0.8958333333333334,3,0.125
Cli,25,30,Random,24,0.8125,5,0.20833333333333334
Cli,26,1,Ekstazi,23,0.5208333333333334,12,0.5
Cli,26,1,FAST,24,0.31249999999999994,17,0.7083333333333334
Cli,26,1,Ekstazi+dpt,23,0.1041666666666667,22,0.9166666666666666
Cli,26,1,DPT,24,0.1041666666666667,22,0.9166666666666666
Cli,26,1,STARTS,24,0.6458333333333334,9,0.375
Cli,26,1,STARTS+FAST-S,24,0.3958333333333333,15,0.625
Cli,26,1,STARTS+FAST-P,24,0.3958333333333333,15,0.625
Cli,26,1,STARTS+DPT,24,0.1041666666666667,22,0.9166666666666666
Cli,26,1,Fastazi-S,23,0.31249999999999994,17,0.7083333333333334
Cli,26,1,Fastazi-P,23,0.3541666666666667,16,0.6666666666666666
Cli,26,1,Random,24,0.5625000000000001,11,0.4583333333333333
Cli,26,2,Ekstazi,23,0.6041666666666666,10,0.4166666666666667
Cli,26,2,FAST,24,0.4791666666666667,13,0.5416666666666666
Cli,26,2,Ekstazi+dpt,23,0.1041666666666667,22,0.9166666666666666
Cli,26,2,DPT,24,0.1041666666666667,22,0.9166666666666666
Cli,26,2,STARTS,24,0.6875000000000001,8,0.3333333333333333
Cli,26,2,STARTS+FAST-S,24,0.3958333333333333,15,0.625
Cli,26,2,STARTS+FAST-P,24,0.9791666666666667,1,0.041666666666666664
Cli,26,2,STARTS+DPT,24,0.1041666666666667,22,0.9166666666666666
Cli,26,2,Fastazi-S,23,0.4791666666666667,13,0.5416666666666666
Cli,26,2,Fastazi-P,23,0.5208333333333334,12,0.5
Cli,26,2,Random,24,0.3958333333333333,15,0.625
Cli,26,3,Ekstazi,23,0.9375,2,0.08333333333333333
Cli,26,3,FAST,24,0.43749999999999994,14,0.5833333333333334
Cli,26,3,Ekstazi+dpt,23,0.1041666666666667,22,0.9166666666666666
Cli,26,3,DPT,24,0.1041666666666667,22,0.9166666666666666
Cli,26,3,STARTS,24,0.9375,2,0.08333333333333333
Cli,26,3,STARTS+FAST-S,24,0.3958333333333333,15,0.625
Cli,26,3,STARTS+FAST-P,24,0.43749999999999994,14,0.5833333333333334
Cli,26,3,STARTS+DPT,24,0.1041666666666667,22,0.9166666666666666
Cli,26,3,Fastazi-S,23,0.31249999999999994,17,0.7083333333333334
Cli,26,3,Fastazi-P,23,0.4791666666666667,13,0.5416666666666666
Cli,26,3,Random,24,0.1041666666666667,22,0.9166666666666666
Cli,26,4,Ekstazi,23,0.8125,5,0.20833333333333334
Cli,26,4,FAST,24,0.31249999999999994,17,0.7083333333333334
Cli,26,4,Ekstazi+dpt,23,0.1041666666666667,22,0.9166666666666666
Cli,26,4,DPT,24,0.1041666666666667,22,0.9166666666666666
Cli,26,4,STARTS,24,0.1041666666666667,22,0.9166666666666666
Cli,26,4,STARTS+FAST-S,24,0.43749999999999994,14,0.5833333333333334
Cli,26,4,STARTS+FAST-P,24,0.43749999999999994,14,0.5833333333333334
Cli,26,4,STARTS+DPT,24,0.1041666666666667,22,0.9166666666666666
Cli,26,4,Fastazi-S,23,0.43749999999999994,14,0.5833333333333334
Cli,26,4,Fastazi-P,23,0.3541666666666667,16,0.6666666666666666
Cli,26,4,Random,24,0.2708333333333333,18,0.75
Cli,26,5,Ekstazi,23,0.6875000000000001,8,0.3333333333333333
Cli,26,5,FAST,24,0.43749999999999994,14,0.5833333333333334
Cli,26,5,Ekstazi+dpt,23,0.1041666666666667,22,0.9166666666666666
Cli,26,5,DPT,24,0.1041666666666667,22,0.9166666666666666
Cli,26,5,STARTS,24,0.14583333333333334,21,0.875
Cli,26,5,STARTS+FAST-S,24,0.7708333333333334,6,0.25
Cli,26,5,STARTS+FAST-P,24,0.43749999999999994,14,0.5833333333333334
Cli,26,5,STARTS+DPT,24,0.1041666666666667,22,0.9166666666666666
Cli,26,5,Fastazi-S,23,0.43749999999999994,14,0.5833333333333334
Cli,26,5,Fastazi-P,23,0.4791666666666667,13,0.5416666666666666
Cli,26,5,Random,24,0.7291666666666666,7,0.2916666666666667
Cli,26,6,Ekstazi,23,0.5208333333333334,12,0.5
Cli,26,6,FAST,24,0.9791666666666667,1,0.041666666666666664
Cli,26,6,Ekstazi+dpt,23,0.1041666666666667,22,0.9166666666666666
Cli,26,6,DPT,24,0.1041666666666667,22,0.9166666666666666
Cli,26,6,STARTS,24,0.5625000000000001,11,0.4583333333333333
Cli,26,6,STARTS+FAST-S,24,0.43749999999999994,14,0.5833333333333334
Cli,26,6,STARTS+FAST-P,24,0.43749999999999994,14,0.5833333333333334
Cli,26,6,STARTS+DPT,24,0.1041666666666667,22,0.9166666666666666
Cli,26,6,Fastazi-S,23,0.3958333333333333,15,0.625
Cli,26,6,Fastazi-P,23,0.9791666666666667,1,0.041666666666666664
Cli,26,6,Random,24,0.8125,5,0.20833333333333334
Cli,26,7,Ekstazi,23,0.3541666666666667,16,0.6666666666666666
Cli,26,7,FAST,24,0.4791666666666667,13,0.5416666666666666
Cli,26,7,Ekstazi+dpt,23,0.1041666666666667,22,0.9166666666666666
Cli,26,7,DPT,24,0.1041666666666667,22,0.9166666666666666
Cli,26,7,STARTS,24,0.18749999999999997,20,0.8333333333333334
Cli,26,7,STARTS+FAST-S,24,0.43749999999999994,14,0.5833333333333334
Cli,26,7,STARTS+FAST-P,24,0.43749999999999994,14,0.5833333333333334
Cli,26,7,STARTS+DPT,24,0.1041666666666667,22,0.9166666666666666
Cli,26,7,Fastazi-S,23,0.4791666666666667,13,0.5416666666666666
Cli,26,7,Fastazi-P,23,0.5208333333333334,12,0.5
Cli,26,7,Random,24,0.3541666666666667,16,0.6666666666666666
Cli,26,8,Ekstazi,23,0.14583333333333334,21,0.875
Cli,26,8,FAST,24,0.3958333333333333,15,0.625
Cli,26,8,Ekstazi+dpt,23,0.1041666666666667,22,0.9166666666666666
Cli,26,8,DPT,24,0.1041666666666667,22,0.9166666666666666
Cli,26,8,STARTS,24,0.31249999999999994,17,0.7083333333333334
Cli,26,8,STARTS+FAST-S,24,0.9791666666666667,1,0.041666666666666664
Cli,26,8,STARTS+FAST-P,24,0.43749999999999994,14,0.5833333333333334
Cli,26,8,STARTS+DPT,24,0.1041666666666667,22,0.9166666666666666
Cli,26,8,Fastazi-S,23,0.4791666666666667,13,0.5416666666666666
Cli,26,8,Fastazi-P,23,0.43749999999999994,14,0.5833333333333334
Cli,26,8,Random,24,0.4791666666666667,13,0.5416666666666666
Cli,26,9,Ekstazi,23,0.31249999999999994,17,0.7083333333333334
Cli,26,9,FAST,24,0.4791666666666667,13,0.5416666666666666
Cli,26,9,Ekstazi+dpt,23,0.1041666666666667,22,0.9166666666666666
Cli,26,9,DPT,24,0.1041666666666667,22,0.9166666666666666
Cli,26,9,STARTS,24,0.8125,5,0.20833333333333334
Cli,26,9,STARTS+FAST-S,24,0.3958333333333333,15,0.625
Cli,26,9,STARTS+FAST-P,24,0.43749999999999994,14,0.5833333333333334
Cli,26,9,STARTS+DPT,24,0.1041666666666667,22,0.9166666666666666
Cli,26,9,Fastazi-S,23,0.4791666666666667,13,0.5416666666666666
Cli,26,9,Fastazi-P,23,0.5208333333333334,12,0.5
Cli,26,9,Random,24,0.18749999999999997,20,0.8333333333333334
Cli,26,10,Ekstazi,23,0.6458333333333334,9,0.375
Cli,26,10,FAST,24,0.4791666666666667,13,0.5416666666666666
Cli,26,10,Ekstazi+dpt,23,0.1041666666666667,22,0.9166666666666666
Cli,26,10,DPT,24,0.1041666666666667,22,0.9166666666666666
Cli,26,10,STARTS,24,0.8958333333333334,3,0.125
Cli,26,10,STARTS+FAST-S,24,0.43749999999999994,14,0.5833333333333334
Cli,26,10,STARTS+FAST-P,24,0.43749999999999994,14,0.5833333333333334
Cli,26,10,STARTS+DPT,24,0.1041666666666667,22,0.9166666666666666
Cli,26,10,Fastazi-S,23,0.3958333333333333,15,0.625
Cli,26,10,Fastazi-P,23,0.5208333333333334,12,0.5
Cli,26,10,Random,24,0.4791666666666667,13,0.5416666666666666
Cli,26,11,Ekstazi,23,0.2708333333333333,18,0.75
Cli,26,11,FAST,24,0.4791666666666667,13,0.5416666666666666
Cli,26,11,Ekstazi+dpt,23,0.1041666666666667,22,0.9166666666666666
Cli,26,11,DPT,24,0.1041666666666667,22,0.9166666666666666
Cli,26,11,STARTS,24,0.14583333333333334,21,0.875
Cli,26,11,STARTS+FAST-S,24,0.43749999999999994,14,0.5833333333333334
Cli,26,11,STARTS+FAST-P,24,0.43749999999999994,14,0.5833333333333334
Cli,26,11,STARTS+DPT,24,0.1041666666666667,22,0.9166666666666666
Cli,26,11,Fastazi-S,23,0.4791666666666667,13,0.5416666666666666
Cli,26,11,Fastazi-P,23,0.5208333333333334,12,0.5
Cli,26,11,Random,24,0.9791666666666667,1,0.041666666666666664
Cli,26,12,Ekstazi,23,0.8958333333333334,3,0.125
Cli,26,12,FAST,24,0.4791666666666667,13,0.5416666666666666
Cli,26,12,Ekstazi+dpt,23,0.1041666666666667,22,0.9166666666666666
Cli,26,12,DPT,24,0.1041666666666667,22,0.9166666666666666
Cli,26,12,STARTS,24,0.18749999999999997,20,0.8333333333333334
Cli,26,12,STARTS+FAST-S,24,0.43749999999999994,14,0.5833333333333334
Cli,26,12,STARTS+FAST-P,24,0.3958333333333333,15,0.625
Cli,26,12,STARTS+DPT,24,0.1041666666666667,22,0.9166666666666666
Cli,26,12,Fastazi-S,23,0.4791666666666667,13,0.5416666666666666
Cli,26,12,Fastazi-P,23,0.5208333333333334,12,0.5
Cli,26,12,Random,24,0.7291666666666666,7,0.2916666666666667
Cli,26,13,Ekstazi,23,0.1041666666666667,22,0.9166666666666666
Cli,26,13,FAST,24,0.4791666666666667,13,0.5416666666666666
Cli,26,13,Ekstazi+dpt,23,0.1041666666666667,22,0.9166666666666666
Cli,26,13,DPT,24,0.1041666666666667,22,0.9166666666666666
Cli,26,13,STARTS,24,0.43749999999999994,14,0.5833333333333334
Cli,26,13,STARTS+FAST-S,24,0.7708333333333334,6,0.25
Cli,26,13,STARTS+FAST-P,24,0.3958333333333333,15,0.625
Cli,26,13,STARTS+DPT,24,0.1041666666666667,22,0.9166666666666666
Cli,26,13,Fastazi-S,23,0.4791666666666667,13,0.5416666666666666
Cli,26,13,Fastazi-P,23,0.5208333333333334,12,0.5
Cli,26,13,Random,24,0.6041666666666666,10,0.4166666666666667
Cli,26,14,Ekstazi,23,0.1041666666666667,22,0.9166666666666666
Cli,26,14,FAST,24,0.4791666666666667,13,0.5416666666666666
Cli,26,14,Ekstazi+dpt,23,0.1041666666666667,22,0.9166666666666666
Cli,26,14,DPT,24,0.1041666666666667,22,0.9166666666666666
Cli,26,14,STARTS,24,0.9791666666666667,1,0.041666666666666664
Cli,26,14,STARTS+FAST-S,24,0.3958333333333333,15,0.625
Cli,26,14,STARTS+FAST-P,24,0.43749999999999994,14,0.5833333333333334
Cli,26,14,STARTS+DPT,24,0.1041666666666667,22,0.9166666666666666
Cli,26,14,Fastazi-S,23,0.3958333333333333,15,0.625
Cli,26,14,Fastazi-P,23,0.5208333333333334,12,0.5
Cli,26,14,Random,24,0.4791666666666667,13,0.5416666666666666
Cli,26,15,Ekstazi,23,0.14583333333333334,21,0.875
Cli,26,15,FAST,24,0.4791666666666667,13,0.5416666666666666
Cli,26,15,Ekstazi+dpt,23,0.1041666666666667,22,0.9166666666666666
Cli,26,15,DPT,24,0.1041666666666667,22,0.9166666666666666
Cli,26,15,STARTS,24,0.3958333333333333,15,0.625
Cli,26,15,STARTS+FAST-S,24,0.43749999999999994,14,0.5833333333333334
Cli,26,15,STARTS+FAST-P,24,0.7708333333333334,6,0.25
Cli,26,15,STARTS+DPT,24,0.1041666666666667,22,0.9166666666666666
Cli,26,15,Fastazi-S,23,0.4791666666666667,13,0.5416666666666666
Cli,26,15,Fastazi-P,23,0.5208333333333334,12,0.5
Cli,26,15,Random,24,0.4791666666666667,13,0.5416666666666666
Cli,26,16,Ekstazi,23,0.06249999999999996,23,0.9583333333333334
Cli,26,16,FAST,24,0.4791666666666667,13,0.5416666666666666
Cli,26,16,Ekstazi+dpt,23,0.1041666666666667,22,0.9166666666666666
Cli,26,16,DPT,24,0.1041666666666667,22,0.9166666666666666
Cli,26,16,STARTS,24,0.3958333333333333,15,0.625
Cli,26,16,STARTS+FAST-S,24,0.43749999999999994,14,0.5833333333333334
Cli,26,16,STARTS+FAST-P,24,0.43749999999999994,14,0.5833333333333334
Cli,26,16,STARTS+DPT,24,0.1041666666666667,22,0.9166666666666666
Cli,26,16,Fastazi-S,23,0.4791666666666667,13,0.5416666666666666
Cli,26,16,Fastazi-P,23,0.5208333333333334,12,0.5
Cli,26,16,Random,24,0.7708333333333334,6,0.25
Cli,26,17,Ekstazi,23,0.6041666666666666,10,0.4166666666666667
Cli,26,17,FAST,24,0.4791666666666667,13,0.5416666666666666
Cli,26,17,Ekstazi+dpt,23,0.1041666666666667,22,0.9166666666666666
Cli,26,17,DPT,24,0.1041666666666667,22,0.9166666666666666
Cli,26,17,STARTS,24,0.020833333333333332,24,1.0
Cli,26,17,STARTS+FAST-S,24,0.43749999999999994,14,0.5833333333333334
Cli,26,17,STARTS+FAST-P,24,0.7708333333333334,6,0.25
Cli,26,17,STARTS+DPT,24,0.1041666666666667,22,0.9166666666666666
Cli,26,17,Fastazi-S,23,0.4791666666666667,13,0.5416666666666666
Cli,26,17,Fastazi-P,23,0.5208333333333334,12,0.5
Cli,26,17,Random,24,0.8125,5,0.20833333333333334
Cli,26,18,Ekstazi,23,0.7708333333333334,6,0.25
Cli,26,18,FAST,24,0.43749999999999994,14,0.5833333333333334
Cli,26,18,Ekstazi+dpt,23,0.1041666666666667,22,0.9166666666666666
Cli,26,18,DPT,24,0.1041666666666667,22,0.9166666666666666
Cli,26,18,STARTS,24,0.7291666666666666,7,0.2916666666666667
Cli,26,18,STARTS+FAST-S,24,0.43749999999999994,14,0.5833333333333334
Cli,26,18,STARTS+FAST-P,24,0.3958333333333333,15,0.625
Cli,26,18,STARTS+DPT,24,0.1041666666666667,22,0.9166666666666666
Cli,26,18,Fastazi-S,23,0.4791666666666667,13,0.5416666666666666
Cli,26,18,Fastazi-P,23,0.4791666666666667,13,0.5416666666666666
Cli,26,18,Random,24,0.7708333333333334,6,0.25
Cli,26,19,Ekstazi,23,0.5208333333333334,12,0.5
Cli,26,19,FAST,24,0.4791666666666667,13,0.5416666666666666
Cli,26,19,Ekstazi+dpt,23,0.1041666666666667,22,0.9166666666666666
Cli,26,19,DPT,24,0.1041666666666667,22,0.9166666666666666
Cli,26,19,STARTS,24,0.06249999999999996,23,0.9583333333333334
Cli,26,19,STARTS+FAST-S,24,0.43749999999999994,14,0.5833333333333334
Cli,26,19,STARTS+FAST-P,24,0.43749999999999994,14,0.5833333333333334
Cli,26,19,STARTS+DPT,24,0.1041666666666667,22,0.9166666666666666
Cli,26,19,Fastazi-S,23,0.4791666666666667,13,0.5416666666666666
Cli,26,19,Fastazi-P,23,0.5208333333333334,12,0.5
Cli,26,19,Random,24,0.5625000000000001,11,0.4583333333333333
Cli,26,20,Ekstazi,23,0.3541666666666667,16,0.6666666666666666
Cli,26,20,FAST,24,0.4791666666666667,13,0.5416666666666666
Cli,26,20,Ekstazi+dpt,23,0.1041666666666667,22,0.9166666666666666
Cli,26,20,DPT,24,0.1041666666666667,22,0.9166666666666666
Cli,26,20,STARTS,24,0.6875000000000001,8,0.3333333333333333
Cli,26,20,STARTS+FAST-S,24,0.43749999999999994,14,0.5833333333333334
Cli,26,20,STARTS+FAST-P,24,0.43749999999999994,14,0.5833333333333334
Cli,26,20,STARTS+DPT,24,0.1041666666666667,22,0.9166666666666666
Cli,26,20,Fastazi-S,23,0.4791666666666667,13,0.5416666666666666
Cli,26,20,Fastazi-P,23,0.5208333333333334,12,0.5
Cli,26,20,Random,24,0.8541666666666667,4,0.16666666666666666
Cli,26,21,Ekstazi,23,0.7291666666666666,7,0.2916666666666667
Cli,26,21,FAST,24,0.4791666666666667,13,0.5416666666666666
Cli,26,21,Ekstazi+dpt,23,0.1041666666666667,22,0.9166666666666666
Cli,26,21,DPT,24,0.1041666666666667,22,0.9166666666666666
Cli,26,21,STARTS,24,0.7291666666666666,7,0.2916666666666667
Cli,26,21,STARTS+FAST-S,24,0.43749999999999994,14,0.5833333333333334
Cli,26,21,STARTS+FAST-P,24,0.9791666666666667,1,0.041666666666666664
Cli,26,21,STARTS+DPT,24,0.1041666666666667,22,0.9166666666666666
Cli,26,21,Fastazi-S,23,0.4791666666666667,13,0.5416666666666666
Cli,26,21,Fastazi-P,23,0.5208333333333334,12,0.5
Cli,26,21,Random,24,0.2291666666666667,19,0.7916666666666666
Cli,26,22,Ekstazi,23,0.31249999999999994,17,0.7083333333333334
Cli,26,22,FAST,24,0.4791666666666667,13,0.5416666666666666
Cli,26,22,Ekstazi+dpt,23,0.1041666666666667,22,0.9166666666666666
Cli,26,22,DPT,24,0.1041666666666667,22,0.9166666666666666
Cli,26,22,STARTS,24,0.020833333333333332,24,1.0
Cli,26,22,STARTS+FAST-S,24,0.7708333333333334,6,0.25
Cli,26,22,STARTS+FAST-P,24,0.43749999999999994,14,0.5833333333333334
Cli,26,22,STARTS+DPT,24,0.1041666666666667,22,0.9166666666666666
Cli,26,22,Fastazi-S,23,0.31249999999999994,17,0.7083333333333334
Cli,26,22,Fastazi-P,23,0.5208333333333334,12,0.5
Cli,26,22,Random,24,0.6458333333333334,9,0.375
Cli,26,23,Ekstazi,23,0.43749999999999994,14,0.5833333333333334
Cli,26,23,FAST,24,0.3958333333333333,15,0.625
Cli,26,23,Ekstazi+dpt,23,0.1041666666666667,22,0.9166666666666666
Cli,26,23,DPT,24,0.1041666666666667,22,0.9166666666666666
Cli,26,23,STARTS,24,0.43749999999999994,14,0.5833333333333334
Cli,26,23,STARTS+FAST-S,24,0.43749999999999994,14,0.5833333333333334
Cli,26,23,STARTS+FAST-P,24,0.3958333333333333,15,0.625
Cli,26,23,STARTS+DPT,24,0.1041666666666667,22,0.9166666666666666
Cli,26,23,Fastazi-S,23,0.4791666666666667,13,0.5416666666666666
Cli,26,23,Fastazi-P,23,0.43749999999999994,14,0.5833333333333334
Cli,26,23,Random,24,0.8541666666666667,4,0.16666666666666666
Cli,26,24,Ekstazi,23,0.3541666666666667,16,0.6666666666666666
Cli,26,24,FAST,24,0.4791666666666667,13,0.5416666666666666
Cli,26,24,Ekstazi+dpt,23,0.1041666666666667,22,0.9166666666666666
Cli,26,24,DPT,24,0.1041666666666667,22,0.9166666666666666
Cli,26,24,STARTS,24,0.9375,2,0.08333333333333333
Cli,26,24,STARTS+FAST-S,24,0.43749999999999994,14,0.5833333333333334
Cli,26,24,STARTS+FAST-P,24,0.3958333333333333,15,0.625
Cli,26,24,STARTS+DPT,24,0.1041666666666667,22,0.9166666666666666
Cli,26,24,Fastazi-S,23,0.4791666666666667,13,0.5416666666666666
Cli,26,24,Fastazi-P,23,0.5208333333333334,12,0.5
Cli,26,24,Random,24,0.31249999999999994,17,0.7083333333333334
Cli,26,25,Ekstazi,23,0.2291666666666667,19,0.7916666666666666
Cli,26,25,FAST,24,0.4791666666666667,13,0.5416666666666666
Cli,26,25,Ekstazi+dpt,23,0.1041666666666667,22,0.9166666666666666
Cli,26,25,DPT,24,0.1041666666666667,22,0.9166666666666666
Cli,26,25,STARTS,24,0.43749999999999994,14,0.5833333333333334
Cli,26,25,STARTS+FAST-S,24,0.43749999999999994,14,0.5833333333333334
Cli,26,25,STARTS+FAST-P,24,0.43749999999999994,14,0.5833333333333334
Cli,26,25,STARTS+DPT,24,0.1041666666666667,22,0.9166666666666666
Cli,26,25,Fastazi-S,23,0.4791666666666667,13,0.5416666666666666
Cli,26,25,Fastazi-P,23,0.5208333333333334,12,0.5
Cli,26,25,Random,24,0.8958333333333334,3,0.125
Cli,26,26,Ekstazi,23,0.8125,5,0.20833333333333334
Cli,26,26,FAST,24,0.4791666666666667,13,0.5416666666666666
Cli,26,26,Ekstazi+dpt,23,0.1041666666666667,22,0.9166666666666666
Cli,26,26,DPT,24,0.1041666666666667,22,0.9166666666666666
Cli,26,26,STARTS,24,0.8958333333333334,3,0.125
Cli,26,26,STARTS+FAST-S,24,0.43749999999999994,14,0.5833333333333334
Cli,26,26,STARTS+FAST-P,24,0.43749999999999994,14,0.5833333333333334
Cli,26,26,STARTS+DPT,24,0.1041666666666667,22,0.9166666666666666
Cli,26,26,Fastazi-S,23,0.4791666666666667,13,0.5416666666666666
Cli,26,26,Fastazi-P,23,0.5208333333333334,12,0.5
Cli,26,26,Random,24,0.8958333333333334,3,0.125
Cli,26,27,Ekstazi,23,0.31249999999999994,17,0.7083333333333334
Cli,26,27,FAST,24,0.43749999999999994,14,0.5833333333333334
Cli,26,27,Ekstazi+dpt,23,0.1041666666666667,22,0.9166666666666666
Cli,26,27,DPT,24,0.1041666666666667,22,0.9166666666666666
Cli,26,27,STARTS,24,0.9791666666666667,1,0.041666666666666664
Cli,26,27,STARTS+FAST-S,24,0.3958333333333333,15,0.625
Cli,26,27,STARTS+FAST-P,24,0.7708333333333334,6,0.25
Cli,26,27,STARTS+DPT,24,0.1041666666666667,22,0.9166666666666666
Cli,26,27,Fastazi-S,23,0.4791666666666667,13,0.5416666666666666
Cli,26,27,Fastazi-P,23,0.4791666666666667,13,0.5416666666666666
Cli,26,27,Random,24,0.6041666666666666,10,0.4166666666666667
Cli,26,28,Ekstazi,23,0.2708333333333333,18,0.75
Cli,26,28,FAST,24,0.43749999999999994,14,0.5833333333333334
Cli,26,28,Ekstazi+dpt,23,0.1041666666666667,22,0.9166666666666666
Cli,26,28,DPT,24,0.1041666666666667,22,0.9166666666666666
Cli,26,28,STARTS,24,0.31249999999999994,17,0.7083333333333334
Cli,26,28,STARTS+FAST-S,24,0.7708333333333334,6,0.25
Cli,26,28,STARTS+FAST-P,24,0.3958333333333333,15,0.625
Cli,26,28,STARTS+DPT,24,0.1041666666666667,22,0.9166666666666666
Cli,26,28,Fastazi-S,23,0.4791666666666667,13,0.5416666666666666
Cli,26,28,Fastazi-P,23,0.4791666666666667,13,0.5416666666666666
Cli,26,28,Random,24,0.31249999999999994,17,0.7083333333333334
Cli,26,29,Ekstazi,23,0.9375,2,0.08333333333333333
Cli,26,29,FAST,24,0.4791666666666667,13,0.5416666666666666
Cli,26,29,Ekstazi+dpt,23,0.1041666666666667,22,0.9166666666666666
Cli,26,29,DPT,24,0.1041666666666667,22,0.9166666666666666
Cli,26,29,STARTS,24,0.7291666666666666,7,0.2916666666666667
Cli,26,29,STARTS+FAST-S,24,0.43749999999999994,14,0.5833333333333334
Cli,26,29,STARTS+FAST-P,24,0.3958333333333333,15,0.625
Cli,26,29,STARTS+DPT,24,0.1041666666666667,22,0.9166666666666666
Cli,26,29,Fastazi-S,23,0.4791666666666667,13,0.5416666666666666
Cli,26,29,Fastazi-P,23,0.5208333333333334,12,0.5
Cli,26,29,Random,24,0.7708333333333334,6,0.25
Cli,26,30,Ekstazi,23,0.3541666666666667,16,0.6666666666666666
Cli,26,30,FAST,24,0.31249999999999994,17,0.7083333333333334
Cli,26,30,Ekstazi+dpt,23,0.1041666666666667,22,0.9166666666666666
Cli,26,30,DPT,24,0.1041666666666667,22,0.9166666666666666
Cli,26,30,STARTS,24,0.1041666666666667,22,0.9166666666666666
Cli,26,30,STARTS+FAST-S,24,0.43749999999999994,14,0.5833333333333334
Cli,26,30,STARTS+FAST-P,24,0.43749999999999994,14,0.5833333333333334
Cli,26,30,STARTS+DPT,24,0.1041666666666667,22,0.9166666666666666
Cli,26,30,Fastazi-S,23,0.4791666666666667,13,0.5416666666666666
Cli,26,30,Fastazi-P,23,0.3541666666666667,16,0.6666666666666666
Cli,26,30,Random,24,0.43749999999999994,14,0.5833333333333334
Cli,27,1,Ekstazi,19,0.5434782608695652,11,0.4782608695652174
Cli,27,1,FAST,23,0.7608695652173912,6,0.2608695652173913
Cli,27,1,Ekstazi+dpt,19,0.9782608695652174,1,0.043478260869565216
Cli,27,1,DPT,23,0.9782608695652174,1,0.043478260869565216
Cli,27,1,STARTS,20,0.8913043478260869,3,0.13043478260869565
Cli,27,1,STARTS+FAST-S,20,0.7608695652173912,6,0.2608695652173913
Cli,27,1,STARTS+FAST-P,20,0.717391304347826,7,0.30434782608695654
Cli,27,1,STARTS+DPT,20,0.9347826086956522,2,0.08695652173913043
Cli,27,1,Fastazi-S,19,0.7608695652173912,6,0.2608695652173913
Cli,27,1,Fastazi-P,19,0.8478260869565217,4,0.17391304347826086
Cli,27,1,Random,23,0.9347826086956522,2,0.08695652173913043
Cli,27,2,Ekstazi,19,0.5869565217391305,10,0.43478260869565216
Cli,27,2,FAST,23,0.7608695652173912,6,0.2608695652173913
Cli,27,2,Ekstazi+dpt,19,0.9347826086956522,2,0.08695652173913043
Cli,27,2,DPT,23,0.9347826086956522,2,0.08695652173913043
Cli,27,2,STARTS,20,0.9347826086956522,2,0.08695652173913043
Cli,27,2,STARTS+FAST-S,20,0.9782608695652174,1,0.043478260869565216
Cli,27,2,STARTS+FAST-P,20,0.717391304347826,7,0.30434782608695654
Cli,27,2,STARTS+DPT,20,0.9782608695652174,1,0.043478260869565216
Cli,27,2,Fastazi-S,19,0.8043478260869565,5,0.21739130434782608
Cli,27,2,Fastazi-P,19,0.8043478260869565,5,0.21739130434782608
Cli,27,2,Random,23,0.8043478260869565,5,0.21739130434782608
Cli,27,3,Ekstazi,19,0.8043478260869565,5,0.21739130434782608
Cli,27,3,FAST,23,0.7608695652173912,6,0.2608695652173913
Cli,27,3,Ekstazi+dpt,19,0.9347826086956522,2,0.08695652173913043
Cli,27,3,DPT,23,0.9782608695652174,1,0.043478260869565216
Cli,27,3,STARTS,20,0.9782608695652174,1,0.043478260869565216
Cli,27,3,STARTS+FAST-S,20,0.717391304347826,7,0.30434782608695654
Cli,27,3,STARTS+FAST-P,20,0.717391304347826,7,0.30434782608695654
Cli,27,3,STARTS+DPT,20,0.9347826086956522,2,0.08695652173913043
Cli,27,3,Fastazi-S,19,0.7608695652173912,6,0.2608695652173913
Cli,27,3,Fastazi-P,19,0.8043478260869565,5,0.21739130434782608
Cli,27,3,Random,23,0.8043478260869565,5,0.21739130434782608
Cli,27,4,Ekstazi,19,0.8043478260869565,5,0.21739130434782608
Cli,27,4,FAST,23,0.717391304347826,7,0.30434782608695654
Cli,27,4,Ekstazi+dpt,19,0.9782608695652174,1,0.043478260869565216
Cli,27,4,DPT,23,0.9782608695652174,1,0.043478260869565216
Cli,27,4,STARTS,20,0.8478260869565217,4,0.17391304347826086
Cli,27,4,STARTS+FAST-S,20,0.7608695652173912,6,0.2608695652173913
Cli,27,4,STARTS+FAST-P,20,0.7608695652173912,6,0.2608695652173913
Cli,27,4,STARTS+DPT,20,0.9347826086956522,2,0.08695652173913043
Cli,27,4,Fastazi-S,19,0.8043478260869565,5,0.21739130434782608
Cli,27,4,Fastazi-P,19,0.7608695652173912,6,0.2608695652173913
Cli,27,4,Random,23,0.717391304347826,7,0.30434782608695654
Cli,27,5,Ekstazi,19,0.7608695652173912,6,0.2608695652173913
Cli,27,5,FAST,23,0.717391304347826,7,0.30434782608695654
Cli,27,5,Ekstazi+dpt,19,0.9782608695652174,1,0.043478260869565216
Cli,27,5,DPT,23,0.9782608695652174,1,0.043478260869565216
Cli,27,5,STARTS,20,0.8043478260869565,5,0.21739130434782608
Cli,27,5,STARTS+FAST-S,20,0.7608695652173912,6,0.2608695652173913
Cli,27,5,STARTS+FAST-P,20,0.717391304347826,7,0.30434782608695654
Cli,27,5,STARTS+DPT,20,0.9347826086956522,2,0.08695652173913043
Cli,27,5,Fastazi-S,19,0.8043478260869565,5,0.21739130434782608
Cli,27,5,Fastazi-P,19,0.8043478260869565,5,0.21739130434782608
Cli,27,5,Random,23,0.9782608695652174,1,0.043478260869565216
Cli,27,6,Ekstazi,19,0.8913043478260869,3,0.13043478260869565
Cli,27,6,FAST,23,0.717391304347826,7,0.30434782608695654
Cli,27,6,Ekstazi+dpt,19,0.9782608695652174,1,0.043478260869565216
Cli,27,6,DPT,23,0.9347826086956522,2,0.08695652173913043
Cli,27,6,STARTS,20,0.7608695652173912,6,0.2608695652173913
Cli,27,6,STARTS+FAST-S,20,0.717391304347826,7,0.30434782608695654
Cli,27,6,STARTS+FAST-P,20,0.7608695652173912,6,0.2608695652173913
Cli,27,6,STARTS+DPT,20,0.9347826086956522,2,0.08695652173913043
Cli,27,6,Fastazi-S,19,0.7608695652173912,6,0.2608695652173913
Cli,27,6,Fastazi-P,19,0.7608695652173912,6,0.2608695652173913
Cli,27,6,Random,23,0.9782608695652174,1,0.043478260869565216
Cli,27,7,Ekstazi,19,0.8913043478260869,3,0.13043478260869565
Cli,27,7,FAST,23,0.7608695652173912,6,0.2608695652173913
Cli,27,7,Ekstazi+dpt,19,0.9782608695652174,1,0.043478260869565216
Cli,27,7,DPT,23,0.9347826086956522,2,0.08695652173913043
Cli,27,7,STARTS,20,0.6739130434782609,8,0.34782608695652173
Cli,27,7,STARTS+FAST-S,20,0.717391304347826,7,0.30434782608695654
Cli,27,7,STARTS+FAST-P,20,0.7608695652173912,6,0.2608695652173913
Cli,27,7,STARTS+DPT,20,0.9782608695652174,1,0.043478260869565216
Cli,27,7,Fastazi-S,19,0.8043478260869565,5,0.21739130434782608
Cli,27,7,Fastazi-P,19,0.8043478260869565,5,0.21739130434782608
Cli,27,7,Random,23,0.6304347826086957,9,0.391304347826087
Cli,27,8,Ekstazi,19,0.9347826086956522,2,0.08695652173913043
Cli,27,8,FAST,23,0.717391304347826,7,0.30434782608695654
Cli,27,8,Ekstazi+dpt,19,0.9347826086956522,2,0.08695652173913043
Cli,27,8,DPT,23,0.9782608695652174,1,0.043478260869565216
Cli,27,8,STARTS,20,0.7608695652173912,6,0.2608695652173913
Cli,27,8,STARTS+FAST-S,20,0.7608695652173912,6,0.2608695652173913
Cli,27,8,STARTS+FAST-P,20,0.7608695652173912,6,0.2608695652173913
Cli,27,8,STARTS+DPT,20,0.9782608695652174,1,0.043478260869565216
Cli,27,8,Fastazi-S,19,0.7608695652173912,6,0.2608695652173913
Cli,27,8,Fastazi-P,19,0.7608695652173912,6,0.2608695652173913
Cli,27,8,Random,23,0.19565217391304346,19,0.8260869565217391
Cli,27,9,Ekstazi,19,0.5,12,0.5217391304347826
Cli,27,9,FAST,23,0.7608695652173912,6,0.2608695652173913
Cli,27,9,Ekstazi+dpt,19,0.9782608695652174,1,0.043478260869565216
Cli,27,9,DPT,23,0.9782608695652174,1,0.043478260869565216
Cli,27,9,STARTS,20,0.9782608695652174,1,0.043478260869565216
Cli,27,9,STARTS+FAST-S,20,0.7608695652173912,6,0.2608695652173913
Cli,27,9,STARTS+FAST-P,20,0.7608695652173912,6,0.2608695652173913
Cli,27,9,STARTS+DPT,20,0.9347826086956522,2,0.08695652173913043
Cli,27,9,Fastazi-S,19,0.8043478260869565,5,0.21739130434782608
Cli,27,9,Fastazi-P,19,0.8043478260869565,5,0.21739130434782608
Cli,27,9,Random,23,0.8043478260869565,5,0.21739130434782608
Cli,27,10,Ekstazi,19,0.6304347826086957,9,0.391304347826087
Cli,27,10,FAST,23,0.717391304347826,7,0.30434782608695654
Cli,27,10,Ekstazi+dpt,19,0.9347826086956522,2,0.08695652173913043
Cli,27,10,DPT,23,0.9347826086956522,2,0.08695652173913043
Cli,27,10,STARTS,20,0.9782608695652174,1,0.043478260869565216
Cli,27,10,STARTS+FAST-S,20,0.9782608695652174,1,0.043478260869565216
Cli,27,10,STARTS+FAST-P,20,0.717391304347826,7,0.30434782608695654
Cli,27,10,STARTS+DPT,20,0.9347826086956522,2,0.08695652173913043
Cli,27,10,Fastazi-S,19,0.8043478260869565,5,0.21739130434782608
Cli,27,10,Fastazi-P,19,0.7608695652173912,6,0.2608695652173913
Cli,27,10,Random,23,0.9782608695652174,1,0.043478260869565216
Cli,27,11,Ekstazi,19,0.8913043478260869,3,0.13043478260869565
Cli,27,11,FAST,23,0.7608695652173912,6,0.2608695652173913
Cli,27,11,Ekstazi+dpt,19,0.9782608695652174,1,0.043478260869565216
Cli,27,11,DPT,23,0.9347826086956522,2,0.08695652173913043
Cli,27,11,STARTS,20,0.6739130434782609,8,0.34782608695652173
Cli,27,11,STARTS+FAST-S,20,0.7608695652173912,6,0.2608695652173913
Cli,27,11,STARTS+FAST-P,20,0.7608695652173912,6,0.2608695652173913
Cli,27,11,STARTS+DPT,20,0.9347826086956522,2,0.08695652173913043
Cli,27,11,Fastazi-S,19,0.7608695652173912,6,0.2608695652173913
Cli,27,11,Fastazi-P,19,0.8043478260869565,5,0.21739130434782608
Cli,27,11,Random,23,0.6739130434782609,8,0.34782608695652173
Cli,27,12,Ekstazi,19,0.9347826086956522,2,0.08695652173913043
Cli,27,12,FAST,23,0.9782608695652174,1,0.043478260869565216
Cli,27,12,Ekstazi+dpt,19,0.9782608695652174,1,0.043478260869565216
Cli,27,12,DPT,23,0.9782608695652174,1,0.043478260869565216
Cli,27,12,STARTS,20,0.717391304347826,7,0.30434782608695654
Cli,27,12,STARTS+FAST-S,20,0.7608695652173912,6,0.2608695652173913
Cli,27,12,STARTS+FAST-P,20,0.7608695652173912,6,0.2608695652173913
Cli,27,12,STARTS+DPT,20,0.9347826086956522,2,0.08695652173913043
Cli,27,12,Fastazi-S,19,0.8043478260869565,5,0.21739130434782608
Cli,27,12,Fastazi-P,19,0.9782608695652174,1,0.043478260869565216
Cli,27,12,Random,23,0.5869565217391305,10,0.43478260869565216
Cli,27,13,Ekstazi,19,0.6304347826086957,9,0.391304347826087
Cli,27,13,FAST,23,0.7608695652173912,6,0.2608695652173913
Cli,27,13,Ekstazi+dpt,19,0.9782608695652174,1,0.043478260869565216
Cli,27,13,DPT,23,0.9782608695652174,1,0.043478260869565216
Cli,27,13,STARTS,20,0.8478260869565217,4,0.17391304347826086
Cli,27,13,STARTS+FAST-S,20,0.7608695652173912,6,0.2608695652173913
Cli,27,13,STARTS+FAST-P,20,0.717391304347826,7,0.30434782608695654
Cli,27,13,STARTS+DPT,20,0.9782608695652174,1,0.043478260869565216
Cli,27,13,Fastazi-S,19,0.8043478260869565,5,0.21739130434782608
Cli,27,13,Fastazi-P,19,0.8043478260869565,5,0.21739130434782608
Cli,27,13,Random,23,0.8043478260869565,5,0.21739130434782608
Cli,27,14,Ekstazi,19,0.6739130434782609,8,0.34782608695652173
Cli,27,14,FAST,23,0.7608695652173912,6,0.2608695652173913
Cli,27,14,Ekstazi+dpt,19,0.9347826086956522,2,0.08695652173913043
Cli,27,14,DPT,23,0.9782608695652174,1,0.043478260869565216
Cli,27,14,STARTS,20,0.717391304347826,7,0.30434782608695654
Cli,27,14,STARTS+FAST-S,20,0.7608695652173912,6,0.2608695652173913
Cli,27,14,STARTS+FAST-P,20,0.7608695652173912,6,0.2608695652173913
Cli,27,14,STARTS+DPT,20,0.9347826086956522,2,0.08695652173913043
Cli,27,14,Fastazi-S,19,0.7608695652173912,6,0.2608695652173913
Cli,27,14,Fastazi-P,19,0.8043478260869565,5,0.21739130434782608
Cli,27,14,Random,23,0.9782608695652174,1,0.043478260869565216
Cli,27,15,Ekstazi,19,0.9782608695652174,1,0.043478260869565216
Cli,27,15,FAST,23,0.717391304347826,7,0.30434782608695654
Cli,27,15,Ekstazi+dpt,19,0.9347826086956522,2,0.08695652173913043
Cli,27,15,DPT,23,0.9347826086956522,2,0.08695652173913043
Cli,27,15,STARTS,20,0.5,12,0.5217391304347826
Cli,27,15,STARTS+FAST-S,20,0.717391304347826,7,0.30434782608695654
Cli,27,15,STARTS+FAST-P,20,0.717391304347826,7,0.30434782608695654
Cli,27,15,STARTS+DPT,20,0.9347826086956522,2,0.08695652173913043
Cli,27,15,Fastazi-S,19,0.7608695652173912,6,0.2608695652173913
Cli,27,15,Fastazi-P,19,0.7608695652173912,6,0.2608695652173913
Cli,27,15,Random,23,0.8913043478260869,3,0.13043478260869565
Cli,27,16,Ekstazi,19,0.7608695652173912,6,0.2608695652173913
Cli,27,16,FAST,23,0.717391304347826,7,0.30434782608695654
Cli,27,16,Ekstazi+dpt,19,0.9347826086956522,2,0.08695652173913043
Cli,27,16,DPT,23,0.9347826086956522,2,0.08695652173913043
Cli,27,16,STARTS,20,0.8043478260869565,5,0.21739130434782608
Cli,27,16,STARTS+FAST-S,20,0.7608695652173912,6,0.2608695652173913
Cli,27,16,STARTS+FAST-P,20,0.7608695652173912,6,0.2608695652173913
Cli,27,16,STARTS+DPT,20,0.9782608695652174,1,0.043478260869565216
Cli,27,16,Fastazi-S,19,0.8043478260869565,5,0.21739130434782608
Cli,27,16,Fastazi-P,19,0.7608695652173912,6,0.2608695652173913
Cli,27,16,Random,23,0.7608695652173912,6,0.2608695652173913
Cli,27,17,Ekstazi,19,0.8043478260869565,5,0.21739130434782608
Cli,27,17,FAST,23,0.9782608695652174,1,0.043478260869565216
Cli,27,17,Ekstazi+dpt,19,0.9347826086956522,2,0.08695652173913043
Cli,27,17,DPT,23,0.9782608695652174,1,0.043478260869565216
Cli,27,17,STARTS,20,0.8913043478260869,3,0.13043478260869565
Cli,27,17,STARTS+FAST-S,20,0.7608695652173912,6,0.2608695652173913
Cli,27,17,STARTS+FAST-P,20,0.717391304347826,7,0.30434782608695654
Cli,27,17,STARTS+DPT,20,0.9782608695652174,1,0.043478260869565216
Cli,27,17,Fastazi-S,19,0.8043478260869565,5,0.21739130434782608
Cli,27,17,Fastazi-P,19,0.9782608695652174,1,0.043478260869565216
Cli,27,17,Random,23,0.7608695652173912,6,0.2608695652173913
Cli,27,18,Ekstazi,19,0.9782608695652174,1,0.043478260869565216
Cli,27,18,FAST,23,0.9782608695652174,1,0.043478260869565216
Cli,27,18,Ekstazi+dpt,19,0.9782608695652174,1,0.043478260869565216
Cli,27,18,DPT,23,0.9347826086956522,2,0.08695652173913043
Cli,27,18,STARTS,20,0.7608695652173912,6,0.2608695652173913
Cli,27,18,STARTS+FAST-S,20,0.7608695652173912,6,0.2608695652173913
Cli,27,18,STARTS+FAST-P,20,0.7608695652173912,6,0.2608695652173913
Cli,27,18,STARTS+DPT,20,0.9782608695652174,1,0.043478260869565216
Cli,27,18,Fastazi-S,19,0.8043478260869565,5,0.21739130434782608
Cli,27,18,Fastazi-P,19,0.9782608695652174,1,0.043478260869565216
Cli,27,18,Random,23,0.3695652173913043,15,0.6521739130434783
Cli,27,19,Ekstazi,19,0.5869565217391305,10,0.43478260869565216
Cli,27,19,FAST,23,0.7608695652173912,6,0.2608695652173913
Cli,27,19,Ekstazi+dpt,19,0.9347826086956522,2,0.08695652173913043
Cli,27,19,DPT,23,0.9782608695652174,1,0.043478260869565216
Cli,27,19,STARTS,20,0.5869565217391305,10,0.43478260869565216
Cli,27,19,STARTS+FAST-S,20,0.7608695652173912,6,0.2608695652173913
Cli,27,19,STARTS+FAST-P,20,0.9782608695652174,1,0.043478260869565216
Cli,27,19,STARTS+DPT,20,0.9782608695652174,1,0.043478260869565216
Cli,27,19,Fastazi-S,19,0.8043478260869565,5,0.21739130434782608
Cli,27,19,Fastazi-P,19,0.8043478260869565,5,0.21739130434782608
Cli,27,19,Random,23,0.5434782608695652,11,0.4782608695652174
Cli,27,20,Ekstazi,19,0.8478260869565217,4,0.17391304347826086
Cli,27,20,FAST,23,0.7608695652173912,6,0.2608695652173913
Cli,27,20,Ekstazi+dpt,19,0.9347826086956522,2,0.08695652173913043
Cli,27,20,DPT,23,0.9782608695652174,1,0.043478260869565216
Cli,27,20,STARTS,20,0.9782608695652174,1,0.043478260869565216
Cli,27,20,STARTS+FAST-S,20,0.717391304347826,7,0.30434782608695654
Cli,27,20,STARTS+FAST-P,20,0.717391304347826,7,0.30434782608695654
Cli,27,20,STARTS+DPT,20,0.9782608695652174,1,0.043478260869565216
Cli,27,20,Fastazi-S,19,0.8043478260869565,5,0.21739130434782608
Cli,27,20,Fastazi-P,19,0.8043478260869565,5,0.21739130434782608
Cli,27,20,Random,23,0.9782608695652174,1,0.043478260869565216
Cli,27,21,Ekstazi,19,0.8478260869565217,4,0.17391304347826086
Cli,27,21,FAST,23,0.717391304347826,7,0.30434782608695654
Cli,27,21,Ekstazi+dpt,19,0.9782608695652174,1,0.043478260869565216
Cli,27,21,DPT,23,0.9782608695652174,1,0.043478260869565216
Cli,27,21,STARTS,20,0.5434782608695652,11,0.4782608695652174
Cli,27,21,STARTS+FAST-S,20,0.717391304347826,7,0.30434782608695654
Cli,27,21,STARTS+FAST-P,20,0.7608695652173912,6,0.2608695652173913
Cli,27,21,STARTS+DPT,20,0.9782608695652174,1,0.043478260869565216
Cli,27,21,Fastazi-S,19,0.8043478260869565,5,0.21739130434782608
Cli,27,21,Fastazi-P,19,0.7608695652173912,6,0.2608695652173913
Cli,27,21,Random,23,0.28260869565217395,17,0.7391304347826086
Cli,27,22,Ekstazi,19,0.6304347826086957,9,0.391304347826087
Cli,27,22,FAST,23,0.9782608695652174,1,0.043478260869565216
Cli,27,22,Ekstazi+dpt,19,0.9782608695652174,1,0.043478260869565216
Cli,27,22,DPT,23,0.9347826086956522,2,0.08695652173913043
Cli,27,22,STARTS,20,0.9347826086956522,2,0.08695652173913043
Cli,27,22,STARTS+FAST-S,20,0.7608695652173912,6,0.2608695652173913
Cli,27,22,STARTS+FAST-P,20,0.7608695652173912,6,0.2608695652173913
Cli,27,22,STARTS+DPT,20,0.9782608695652174,1,0.043478260869565216
Cli,27,22,Fastazi-S,19,0.7608695652173912,6,0.2608695652173913
Cli,27,22,Fastazi-P,19,0.9782608695652174,1,0.043478260869565216
Cli,27,22,Random,23,0.5869565217391305,10,0.43478260869565216
Cli,27,23,Ekstazi,19,0.8913043478260869,3,0.13043478260869565
Cli,27,23,FAST,23,0.7608695652173912,6,0.2608695652173913
Cli,27,23,Ekstazi+dpt,19,0.9347826086956522,2,0.08695652173913043
Cli,27,23,DPT,23,0.9347826086956522,2,0.08695652173913043
Cli,27,23,STARTS,20,0.9347826086956522,2,0.08695652173913043
Cli,27,23,STARTS+FAST-S,20,0.7608695652173912,6,0.2608695652173913
Cli,27,23,STARTS+FAST-P,20,0.7608695652173912,6,0.2608695652173913
Cli,27,23,STARTS+DPT,20,0.9347826086956522,2,0.08695652173913043
Cli,27,23,Fastazi-S,19,0.8043478260869565,5,0.21739130434782608
Cli,27,23,Fastazi-P,19,0.8043478260869565,5,0.21739130434782608
Cli,27,23,Random,23,0.8043478260869565,5,0.21739130434782608
Cli,27,24,Ekstazi,19,0.8913043478260869,3,0.13043478260869565
Cli,27,24,FAST,23,0.717391304347826,7,0.30434782608695654
Cli,27,24,Ekstazi+dpt,19,0.9347826086956522,2,0.08695652173913043
Cli,27,24,DPT,23,0.9347826086956522,2,0.08695652173913043
Cli,27,24,STARTS,20,0.717391304347826,7,0.30434782608695654
Cli,27,24,STARTS+FAST-S,20,0.9782608695652174,1,0.043478260869565216
Cli,27,24,STARTS+FAST-P,20,0.7608695652173912,6,0.2608695652173913
Cli,27,24,STARTS+DPT,20,0.9347826086956522,2,0.08695652173913043
Cli,27,24,Fastazi-S,19,0.8043478260869565,5,0.21739130434782608
Cli,27,24,Fastazi-P,19,0.8043478260869565,5,0.21739130434782608
Cli,27,24,Random,23,0.8478260869565217,4,0.17391304347826086
Cli,27,25,Ekstazi,19,0.8478260869565217,4,0.17391304347826086
Cli,27,25,FAST,23,0.7608695652173912,6,0.2608695652173913
Cli,27,25,Ekstazi+dpt,19,0.9347826086956522,2,0.08695652173913043
Cli,27,25,DPT,23,0.9782608695652174,1,0.043478260869565216
Cli,27,25,STARTS,20,0.9347826086956522,2,0.08695652173913043
Cli,27,25,STARTS+FAST-S,20,0.7608695652173912,6,0.2608695652173913
Cli,27,25,STARTS+FAST-P,20,0.717391304347826,7,0.30434782608695654
Cli,27,25,STARTS+DPT,20,0.9347826086956522,2,0.08695652173913043
Cli,27,25,Fastazi-S,19,0.9782608695652174,1,0.043478260869565216
Cli,27,25,Fastazi-P,19,0.8043478260869565,5,0.21739130434782608
Cli,27,25,Random,23,0.7608695652173912,6,0.2608695652173913
Cli,27,26,Ekstazi,19,0.5869565217391305,10,0.43478260869565216
Cli,27,26,FAST,23,0.717391304347826,7,0.30434782608695654
Cli,27,26,Ekstazi+dpt,19,0.9782608695652174,1,0.043478260869565216
Cli,27,26,DPT,23,0.9782608695652174,1,0.043478260869565216
Cli,27,26,STARTS,20,0.9347826086956522,2,0.08695652173913043
Cli,27,26,STARTS+FAST-S,20,0.9782608695652174,1,0.043478260869565216
Cli,27,26,STARTS+FAST-P,20,0.717391304347826,7,0.30434782608695654
Cli,27,26,STARTS+DPT,20,0.9782608695652174,1,0.043478260869565216
Cli,27,26,Fastazi-S,19,0.8043478260869565,5,0.21739130434782608
Cli,27,26,Fastazi-P,19,0.7608695652173912,6,0.2608695652173913
Cli,27,26,Random,23,0.8043478260869565,5,0.21739130434782608
Cli,27,27,Ekstazi,19,0.6304347826086957,9,0.391304347826087
Cli,27,27,FAST,23,0.7608695652173912,6,0.2608695652173913
Cli,27,27,Ekstazi+dpt,19,0.9782608695652174,1,0.043478260869565216
Cli,27,27,DPT,23,0.9782608695652174,1,0.043478260869565216
Cli,27,27,STARTS,20,0.9782608695652174,1,0.043478260869565216
Cli,27,27,STARTS+FAST-S,20,0.7608695652173912,6,0.2608695652173913
Cli,27,27,STARTS+FAST-P,20,0.7608695652173912,6,0.2608695652173913
Cli,27,27,STARTS+DPT,20,0.9347826086956522,2,0.08695652173913043
Cli,27,27,Fastazi-S,19,0.8043478260869565,5,0.21739130434782608
Cli,27,27,Fastazi-P,19,0.8043478260869565,5,0.21739130434782608
Cli,27,27,Random,23,0.8913043478260869,3,0.13043478260869565
Cli,27,28,Ekstazi,19,0.8913043478260869,3,0.13043478260869565
Cli,27,28,FAST,23,0.9782608695652174,1,0.043478260869565216
Cli,27,28,Ekstazi+dpt,19,0.9782608695652174,1,0.043478260869565216
Cli,27,28,DPT,23,0.9347826086956522,2,0.08695652173913043
Cli,27,28,STARTS,20,0.8043478260869565,5,0.21739130434782608
Cli,27,28,STARTS+FAST-S,20,0.7608695652173912,6,0.2608695652173913
Cli,27,28,STARTS+FAST-P,20,0.717391304347826,7,0.30434782608695654
Cli,27,28,STARTS+DPT,20,0.9782608695652174,1,0.043478260869565216
Cli,27,28,Fastazi-S,19,0.7608695652173912,6,0.2608695652173913
Cli,27,28,Fastazi-P,19,0.9782608695652174,1,0.043478260869565216
Cli,27,28,Random,23,0.8913043478260869,3,0.13043478260869565
Cli,27,29,Ekstazi,19,0.5,12,0.5217391304347826
Cli,27,29,FAST,23,0.717391304347826,7,0.30434782608695654
Cli,27,29,Ekstazi+dpt,19,0.9347826086956522,2,0.08695652173913043
Cli,27,29,DPT,23,0.9782608695652174,1,0.043478260869565216
Cli,27,29,STARTS,20,0.9782608695652174,1,0.043478260869565216
Cli,27,29,STARTS+FAST-S,20,0.7608695652173912,6,0.2608695652173913
Cli,27,29,STARTS+FAST-P,20,0.7608695652173912,6,0.2608695652173913
Cli,27,29,STARTS+DPT,20,0.9347826086956522,2,0.08695652173913043
Cli,27,29,Fastazi-S,19,0.7608695652173912,6,0.2608695652173913
Cli,27,29,Fastazi-P,19,0.7608695652173912,6,0.2608695652173913
Cli,27,29,Random,23,0.8913043478260869,3,0.13043478260869565
Cli,27,30,Ekstazi,19,0.9782608695652174,1,0.043478260869565216
Cli,27,30,FAST,23,0.7608695652173912,6,0.2608695652173913
Cli,27,30,Ekstazi+dpt,19,0.9782608695652174,1,0.043478260869565216
Cli,27,30,DPT,23,0.9782608695652174,1,0.043478260869565216
Cli,27,30,STARTS,20,0.6304347826086957,9,0.391304347826087
Cli,27,30,STARTS+FAST-S,20,0.7608695652173912,6,0.2608695652173913
Cli,27,30,STARTS+FAST-P,20,0.7608695652173912,6,0.2608695652173913
Cli,27,30,STARTS+DPT,20,0.9782608695652174,1,0.043478260869565216
Cli,27,30,Fastazi-S,19,0.8043478260869565,5,0.21739130434782608
Cli,27,30,Fastazi-P,19,0.8043478260869565,5,0.21739130434782608
Cli,27,30,Random,23,0.9347826086956522,2,0.08695652173913043
Cli,28,1,Ekstazi,22,0.5625000000000001,11,0.4583333333333333
Cli,28,1,FAST,24,0.2708333333333333,18,0.75
Cli,28,1,Ekstazi+dpt,22,0.43749999999999994,14,0.5833333333333334
Cli,28,1,DPT,24,0.4791666666666667,13,0.5416666666666666
Cli,28,1,STARTS,23,0.6875000000000001,8,0.3333333333333333
Cli,28,1,STARTS+FAST-S,23,0.14583333333333334,21,0.875
Cli,28,1,STARTS+FAST-P,23,0.14583333333333334,21,0.875
Cli,28,1,STARTS+DPT,23,0.43749999999999994,14,0.5833333333333334
Cli,28,1,Fastazi-S,22,0.31249999999999994,17,0.7083333333333334
Cli,28,1,Fastazi-P,22,0.31249999999999994,17,0.7083333333333334
Cli,28,1,Random,24,0.18749999999999997,20,0.8333333333333334
Cli,28,2,Ekstazi,22,0.9791666666666667,1,0.041666666666666664
Cli,28,2,FAST,24,0.2291666666666667,19,0.7916666666666666
Cli,28,2,Ekstazi+dpt,22,0.3541666666666667,16,0.6666666666666666
Cli,28,2,DPT,24,0.31249999999999994,17,0.7083333333333334
Cli,28,2,STARTS,23,0.7708333333333334,6,0.25
Cli,28,2,STARTS+FAST-S,23,0.14583333333333334,21,0.875
Cli,28,2,STARTS+FAST-P,23,0.14583333333333334,21,0.875
Cli,28,2,STARTS+DPT,23,0.43749999999999994,14,0.5833333333333334
Cli,28,2,Fastazi-S,22,0.31249999999999994,17,0.7083333333333334
Cli,28,2,Fastazi-P,22,0.31249999999999994,17,0.7083333333333334
Cli,28,2,Random,24,0.3958333333333333,15,0.625
Cli,28,3,Ekstazi,22,0.7708333333333334,6,0.25
Cli,28,3,FAST,24,0.2708333333333333,18,0.75
Cli,28,3,Ekstazi+dpt,22,0.3958333333333333,15,0.625
Cli,28,3,DPT,24,0.4791666666666667,13,0.5416666666666666
Cli,28,3,STARTS,23,0.43749999999999994,14,0.5833333333333334
Cli,28,3,STARTS+FAST-S,23,0.1041666666666667,22,0.9166666666666666
Cli,28,3,STARTS+FAST-P,23,0.14583333333333334,21,0.875
Cli,28,3,STARTS+DPT,23,0.31249999999999994,17,0.7083333333333334
Cli,28,3,Fastazi-S,22,0.31249999999999994,17,0.7083333333333334
Cli,28,3,Fastazi-P,22,0.31249999999999994,17,0.7083333333333334
Cli,28,3,Random,24,0.43749999999999994,14,0.5833333333333334
Cli,28,4,Ekstazi,22,0.5625000000000001,11,0.4583333333333333
Cli,28,4,FAST,24,0.2708333333333333,18,0.75
Cli,28,4,Ekstazi+dpt,22,0.4791666666666667,13,0.5416666666666666
Cli,28,4,DPT,24,0.31249999999999994,17,0.7083333333333334
Cli,28,4,STARTS,23,0.6875000000000001,8,0.3333333333333333
Cli,28,4,STARTS+FAST-S,23,0.9791666666666667,1,0.041666666666666664
Cli,28,4,STARTS+FAST-P,23,0.14583333333333334,21,0.875
Cli,28,4,STARTS+DPT,23,0.3541666666666667,16,0.6666666666666666
Cli,28,4,Fastazi-S,22,0.31249999999999994,17,0.7083333333333334
Cli,28,4,Fastazi-P,22,0.31249999999999994,17,0.7083333333333334
Cli,28,4,Random,24,0.2291666666666667,19,0.7916666666666666
Cli,28,5,Ekstazi,22,0.14583333333333334,21,0.875
Cli,28,5,FAST,24,0.2708333333333333,18,0.75
Cli,28,5,Ekstazi+dpt,22,0.43749999999999994,14,0.5833333333333334
Cli,28,5,DPT,24,0.43749999999999994,14,0.5833333333333334
Cli,28,5,STARTS,23,0.6875000000000001,8,0.3333333333333333
Cli,28,5,STARTS+FAST-S,23,0.14583333333333334,21,0.875
Cli,28,5,STARTS+FAST-P,23,0.14583333333333334,21,0.875
Cli,28,5,STARTS+DPT,23,0.43749999999999994,14,0.5833333333333334
Cli,28,5,Fastazi-S,22,0.31249999999999994,17,0.7083333333333334
Cli,28,5,Fastazi-P,22,0.31249999999999994,17,0.7083333333333334
Cli,28,5,Random,24,0.5625000000000001,11,0.4583333333333333
Cli,28,6,Ekstazi,22,0.9375,2,0.08333333333333333
Cli,28,6,FAST,24,0.2708333333333333,18,0.75
Cli,28,6,Ekstazi+dpt,22,0.4791666666666667,13,0.5416666666666666
Cli,28,6,DPT,24,0.31249999999999994,17,0.7083333333333334
Cli,28,6,STARTS,23,0.5208333333333334,12,0.5
Cli,28,6,STARTS+FAST-S,23,0.14583333333333334,21,0.875
Cli,28,6,STARTS+FAST-P,23,0.14583333333333334,21,0.875
Cli,28,6,STARTS+DPT,23,0.31249999999999994,17,0.7083333333333334
Cli,28,6,Fastazi-S,22,0.31249999999999994,17,0.7083333333333334
Cli,28,6,Fastazi-P,22,0.31249999999999994,17,0.7083333333333334
Cli,28,6,Random,24,0.7291666666666666,7,0.2916666666666667
Cli,28,7,Ekstazi,22,0.9375,2,0.08333333333333333
Cli,28,7,FAST,24,0.2708333333333333,18,0.75
Cli,28,7,Ekstazi+dpt,22,0.3541666666666667,16,0.6666666666666666
Cli,28,7,DPT,24,0.43749999999999994,14,0.5833333333333334
Cli,28,7,STARTS,23,0.8541666666666667,4,0.16666666666666666
Cli,28,7,STARTS+FAST-S,23,0.14583333333333334,21,0.875
Cli,28,7,STARTS+FAST-P,23,0.14583333333333334,21,0.875
Cli,28,7,STARTS+DPT,23,0.4791666666666667,13,0.5416666666666666
Cli,28,7,Fastazi-S,22,0.31249999999999994,17,0.7083333333333334
Cli,28,7,Fastazi-P,22,0.31249999999999994,17,0.7083333333333334
Cli,28,7,Random,24,0.6458333333333334,9,0.375
Cli,28,8,Ekstazi,22,0.4791666666666667,13,0.5416666666666666
Cli,28,8,FAST,24,0.2708333333333333,18,0.75
Cli,28,8,Ekstazi+dpt,22,0.43749999999999994,14,0.5833333333333334
Cli,28,8,DPT,24,0.3541666666666667,16,0.6666666666666666
Cli,28,8,STARTS,23,0.3958333333333333,15,0.625
Cli,28,8,STARTS+FAST-S,23,0.14583333333333334,21,0.875
Cli,28,8,STARTS+FAST-P,23,0.14583333333333334,21,0.875
Cli,28,8,STARTS+DPT,23,0.4791666666666667,13,0.5416666666666666
Cli,28,8,Fastazi-S,22,0.31249999999999994,17,0.7083333333333334
Cli,28,8,Fastazi-P,22,0.31249999999999994,17,0.7083333333333334
Cli,28,8,Random,24,0.3541666666666667,16,0.6666666666666666
Cli,28,9,Ekstazi,22,0.8125,5,0.20833333333333334
Cli,28,9,FAST,24,0.2291666666666667,19,0.7916666666666666
Cli,28,9,Ekstazi+dpt,22,0.3958333333333333,15,0.625
Cli,28,9,DPT,24,0.43749999999999994,14,0.5833333333333334
Cli,28,9,STARTS,23,0.9791666666666667,1,0.041666666666666664
Cli,28,9,STARTS+FAST-S,23,0.14583333333333334,21,0.875
Cli,28,9,STARTS+FAST-P,23,0.14583333333333334,21,0.875
Cli,28,9,STARTS+DPT,23,0.43749999999999994,14,0.5833333333333334
Cli,28,9,Fastazi-S,22,0.2708333333333333,18,0.75
Cli,28,9,Fastazi-P,22,0.31249999999999994,17,0.7083333333333334
Cli,28,9,Random,24,0.3541666666666667,16,0.6666666666666666
Cli,28,10,Ekstazi,22,0.9791666666666667,1,0.041666666666666664
Cli,28,10,FAST,24,0.2708333333333333,18,0.75
Cli,28,10,Ekstazi+dpt,22,0.31249999999999994,17,0.7083333333333334
Cli,28,10,DPT,24,0.3541666666666667,16,0.6666666666666666
Cli,28,10,STARTS,23,0.14583333333333334,21,0.875
Cli,28,10,STARTS+FAST-S,23,0.14583333333333334,21,0.875
Cli,28,10,STARTS+FAST-P,23,0.14583333333333334,21,0.875
Cli,28,10,STARTS+DPT,23,0.31249999999999994,17,0.7083333333333334
Cli,28,10,Fastazi-S,22,0.31249999999999994,17,0.7083333333333334
Cli,28,10,Fastazi-P,22,0.31249999999999994,17,0.7083333333333334
Cli,28,10,Random,24,0.3958333333333333,15,0.625
Cli,28,11,Ekstazi,22,0.5625000000000001,11,0.4583333333333333
Cli,28,11,FAST,24,0.2708333333333333,18,0.75
Cli,28,11,Ekstazi+dpt,22,0.31249999999999994,17,0.7083333333333334
Cli,28,11,DPT,24,0.31249999999999994,17,0.7083333333333334
Cli,28,11,STARTS,23,0.8958333333333334,3,0.125
Cli,28,11,STARTS+FAST-S,23,0.14583333333333334,21,0.875
Cli,28,11,STARTS+FAST-P,23,0.14583333333333334,21,0.875
Cli,28,11,STARTS+DPT,23,0.31249999999999994,17,0.7083333333333334
Cli,28,11,Fastazi-S,22,0.31249999999999994,17,0.7083333333333334
Cli,28,11,Fastazi-P,22,0.31249999999999994,17,0.7083333333333334
Cli,28,11,Random,24,0.14583333333333334,21,0.875
Cli,28,12,Ekstazi,22,0.9791666666666667,1,0.041666666666666664
Cli,28,12,FAST,24,0.2708333333333333,18,0.75
Cli,28,12,Ekstazi+dpt,22,0.3958333333333333,15,0.625
Cli,28,12,DPT,24,0.3958333333333333,15,0.625
Cli,28,12,STARTS,23,0.7708333333333334,6,0.25
Cli,28,12,STARTS+FAST-S,23,0.14583333333333334,21,0.875
Cli,28,12,STARTS+FAST-P,23,0.14583333333333334,21,0.875
Cli,28,12,STARTS+DPT,23,0.4791666666666667,13,0.5416666666666666
Cli,28,12,Fastazi-S,22,0.31249999999999994,17,0.7083333333333334
Cli,28,12,Fastazi-P,22,0.31249999999999994,17,0.7083333333333334
Cli,28,12,Random,24,0.8541666666666667,4,0.16666666666666666
Cli,28,13,Ekstazi,22,0.43749999999999994,14,0.5833333333333334
Cli,28,13,FAST,24,0.2708333333333333,18,0.75
Cli,28,13,Ekstazi+dpt,22,0.3958333333333333,15,0.625
Cli,28,13,DPT,24,0.43749999999999994,14,0.5833333333333334
Cli,28,13,STARTS,23,0.6875000000000001,8,0.3333333333333333
Cli,28,13,STARTS+FAST-S,23,0.14583333333333334,21,0.875
Cli,28,13,STARTS+FAST-P,23,0.14583333333333334,21,0.875
Cli,28,13,STARTS+DPT,23,0.43749999999999994,14,0.5833333333333334
Cli,28,13,Fastazi-S,22,0.31249999999999994,17,0.7083333333333334
Cli,28,13,Fastazi-P,22,0.31249999999999994,17,0.7083333333333334
Cli,28,13,Random,24,0.2708333333333333,18,0.75
Cli,28,14,Ekstazi,22,0.8541666666666667,4,0.16666666666666666
Cli,28,14,FAST,24,0.2708333333333333,18,0.75
Cli,28,14,Ekstazi+dpt,22,0.31249999999999994,17,0.7083333333333334
Cli,28,14,DPT,24,0.4791666666666667,13,0.5416666666666666
Cli,28,14,STARTS,23,0.43749999999999994,14,0.5833333333333334
Cli,28,14,STARTS+FAST-S,23,0.14583333333333334,21,0.875
Cli,28,14,STARTS+FAST-P,23,0.9791666666666667,1,0.041666666666666664
Cli,28,14,STARTS+DPT,23,0.43749999999999994,14,0.5833333333333334
Cli,28,14,Fastazi-S,22,0.31249999999999994,17,0.7083333333333334
Cli,28,14,Fastazi-P,22,0.31249999999999994,17,0.7083333333333334
Cli,28,14,Random,24,0.8958333333333334,3,0.125
Cli,28,15,Ekstazi,22,0.3541666666666667,16,0.6666666666666666
Cli,28,15,FAST,24,0.2708333333333333,18,0.75
Cli,28,15,Ekstazi+dpt,22,0.4791666666666667,13,0.5416666666666666
Cli,28,15,DPT,24,0.4791666666666667,13,0.5416666666666666
Cli,28,15,STARTS,23,0.8125,5,0.20833333333333334
Cli,28,15,STARTS+FAST-S,23,0.14583333333333334,21,0.875
Cli,28,15,STARTS+FAST-P,23,0.14583333333333334,21,0.875
Cli,28,15,STARTS+DPT,23,0.43749999999999994,14,0.5833333333333334
Cli,28,15,Fastazi-S,22,0.31249999999999994,17,0.7083333333333334
Cli,28,15,Fastazi-P,22,0.31249999999999994,17,0.7083333333333334
Cli,28,15,Random,24,0.31249999999999994,17,0.7083333333333334
Cli,28,16,Ekstazi,22,0.31249999999999994,17,0.7083333333333334
Cli,28,16,FAST,24,0.2708333333333333,18,0.75
Cli,28,16,Ekstazi+dpt,22,0.4791666666666667,13,0.5416666666666666
Cli,28,16,DPT,24,0.4791666666666667,13,0.5416666666666666
Cli,28,16,STARTS,23,0.5208333333333334,12,0.5
Cli,28,16,STARTS+FAST-S,23,0.14583333333333334,21,0.875
Cli,28,16,STARTS+FAST-P,23,0.14583333333333334,21,0.875
Cli,28,16,STARTS+DPT,23,0.3541666666666667,16,0.6666666666666666
Cli,28,16,Fastazi-S,22,0.31249999999999994,17,0.7083333333333334
Cli,28,16,Fastazi-P,22,0.31249999999999994,17,0.7083333333333334
Cli,28,16,Random,24,0.9791666666666667,1,0.041666666666666664
Cli,28,17,Ekstazi,22,0.6875000000000001,8,0.3333333333333333
Cli,28,17,FAST,24,0.2708333333333333,18,0.75
Cli,28,17,Ekstazi+dpt,22,0.4791666666666667,13,0.5416666666666666
Cli,28,17,DPT,24,0.31249999999999994,17,0.7083333333333334
Cli,28,17,STARTS,23,0.4791666666666667,13,0.5416666666666666
Cli,28,17,STARTS+FAST-S,23,0.14583333333333334,21,0.875
Cli,28,17,STARTS+FAST-P,23,0.14583333333333334,21,0.875
Cli,28,17,STARTS+DPT,23,0.31249999999999994,17,0.7083333333333334
Cli,28,17,Fastazi-S,22,0.31249999999999994,17,0.7083333333333334
Cli,28,17,Fastazi-P,22,0.31249999999999994,17,0.7083333333333334
Cli,28,17,Random,24,0.2708333333333333,18,0.75
Cli,28,18,Ekstazi,22,0.8541666666666667,4,0.16666666666666666
Cli,28,18,FAST,24,0.2708333333333333,18,0.75
Cli,28,18,Ekstazi+dpt,22,0.3541666666666667,16,0.6666666666666666
Cli,28,18,DPT,24,0.3541666666666667,16,0.6666666666666666
Cli,28,18,STARTS,23,0.9375,2,0.08333333333333333
Cli,28,18,STARTS+FAST-S,23,0.14583333333333334,21,0.875
Cli,28,18,STARTS+FAST-P,23,0.14583333333333334,21,0.875
Cli,28,18,STARTS+DPT,23,0.3958333333333333,15,0.625
Cli,28,18,Fastazi-S,22,0.31249999999999994,17,0.7083333333333334
Cli,28,18,Fastazi-P,22,0.31249999999999994,17,0.7083333333333334
Cli,28,18,Random,24,0.5208333333333334,12,0.5
Cli,28,19,Ekstazi,22,0.3958333333333333,15,0.625
Cli,28,19,FAST,24,0.2708333333333333,18,0.75
Cli,28,19,Ekstazi+dpt,22,0.4791666666666667,13,0.5416666666666666
Cli,28,19,DPT,24,0.3958333333333333,15,0.625
Cli,28,19,STARTS,23,0.1041666666666667,22,0.9166666666666666
Cli,28,19,STARTS+FAST-S,23,0.14583333333333334,21,0.875
Cli,28,19,STARTS+FAST-P,23,0.14583333333333334,21,0.875
Cli,28,19,STARTS+DPT,23,0.31249999999999994,17,0.7083333333333334
Cli,28,19,Fastazi-S,22,0.31249999999999994,17,0.7083333333333334
Cli,28,19,Fastazi-P,22,0.31249999999999994,17,0.7083333333333334
Cli,28,19,Random,24,0.31249999999999994,17,0.7083333333333334
Cli,28,20,Ekstazi,22,0.6875000000000001,8,0.3333333333333333
Cli,28,20,FAST,24,0.2708333333333333,18,0.75
Cli,28,20,Ekstazi+dpt,22,0.43749999999999994,14,0.5833333333333334
Cli,28,20,DPT,24,0.4791666666666667,13,0.5416666666666666
Cli,28,20,STARTS,23,0.3958333333333333,15,0.625
Cli,28,20,STARTS+FAST-S,23,0.14583333333333334,21,0.875
Cli,28,20,STARTS+FAST-P,23,0.14583333333333334,21,0.875
Cli,28,20,STARTS+DPT,23,0.3958333333333333,15,0.625
Cli,28,20,Fastazi-S,22,0.9791666666666667,1,0.041666666666666664
Cli,28,20,Fastazi-P,22,0.31249999999999994,17,0.7083333333333334
Cli,28,20,Random,24,0.9791666666666667,1,0.041666666666666664
Cli,28,21,Ekstazi,22,0.9791666666666667,1,0.041666666666666664
Cli,28,21,FAST,24,0.2708333333333333,18,0.75
Cli,28,21,Ekstazi+dpt,22,0.3958333333333333,15,0.625
Cli,28,21,DPT,24,0.3541666666666667,16,0.6666666666666666
Cli,28,21,STARTS,23,0.3541666666666667,16,0.6666666666666666
Cli,28,21,STARTS+FAST-S,23,0.14583333333333334,21,0.875
Cli,28,21,STARTS+FAST-P,23,0.14583333333333334,21,0.875
Cli,28,21,STARTS+DPT,23,0.4791666666666667,13,0.5416666666666666
Cli,28,21,Fastazi-S,22,0.31249999999999994,17,0.7083333333333334
Cli,28,21,Fastazi-P,22,0.31249999999999994,17,0.7083333333333334
Cli,28,21,Random,24,0.3958333333333333,15,0.625
Cli,28,22,Ekstazi,22,0.3541666666666667,16,0.6666666666666666
Cli,28,22,FAST,24,0.2708333333333333,18,0.75
Cli,28,22,Ekstazi+dpt,22,0.3958333333333333,15,0.625
Cli,28,22,DPT,24,0.3958333333333333,15,0.625
Cli,28,22,STARTS,23,0.2708333333333333,18,0.75
Cli,28,22,STARTS+FAST-S,23,0.14583333333333334,21,0.875
Cli,28,22,STARTS+FAST-P,23,0.14583333333333334,21,0.875
Cli,28,22,STARTS+DPT,23,0.43749999999999994,14,0.5833333333333334
Cli,28,22,Fastazi-S,22,0.31249999999999994,17,0.7083333333333334
Cli,28,22,Fastazi-P,22,0.31249999999999994,17,0.7083333333333334
Cli,28,22,Random,24,0.5208333333333334,12,0.5
Cli,28,23,Ekstazi,22,0.8958333333333334,3,0.125
Cli,28,23,FAST,24,0.2708333333333333,18,0.75
Cli,28,23,Ekstazi+dpt,22,0.43749999999999994,14,0.5833333333333334
Cli,28,23,DPT,24,0.4791666666666667,13,0.5416666666666666
Cli,28,23,STARTS,23,0.18749999999999997,20,0.8333333333333334
Cli,28,23,STARTS+FAST-S,23,0.1041666666666667,22,0.9166666666666666
Cli,28,23,STARTS+FAST-P,23,0.14583333333333334,21,0.875
Cli,28,23,STARTS+DPT,23,0.4791666666666667,13,0.5416666666666666
Cli,28,23,Fastazi-S,22,0.31249999999999994,17,0.7083333333333334
Cli,28,23,Fastazi-P,22,0.31249999999999994,17,0.7083333333333334
Cli,28,23,Random,24,0.8125,5,0.20833333333333334
Cli,28,24,Ekstazi,22,0.8541666666666667,4,0.16666666666666666
Cli,28,24,FAST,24,0.2708333333333333,18,0.75
Cli,28,24,Ekstazi+dpt,22,0.4791666666666667,13,0.5416666666666666
Cli,28,24,DPT,24,0.31249999999999994,17,0.7083333333333334
Cli,28,24,STARTS,23,0.06249999999999996,23,0.9583333333333334
Cli,28,24,STARTS+FAST-S,23,0.14583333333333334,21,0.875
Cli,28,24,STARTS+FAST-P,23,0.9791666666666667,1,0.041666666666666664
Cli,28,24,STARTS+DPT,23,0.4791666666666667,13,0.5416666666666666
Cli,28,24,Fastazi-S,22,0.31249999999999994,17,0.7083333333333334
Cli,28,24,Fastazi-P,22,0.31249999999999994,17,0.7083333333333334
Cli,28,24,Random,24,0.5208333333333334,12,0.5
Cli,28,25,Ekstazi,22,0.5625000000000001,11,0.4583333333333333
Cli,28,25,FAST,24,0.2708333333333333,18,0.75
Cli,28,25,Ekstazi+dpt,22,0.3958333333333333,15,0.625
Cli,28,25,DPT,24,0.4791666666666667,13,0.5416666666666666
Cli,28,25,STARTS,23,0.6041666666666666,10,0.4166666666666667
Cli,28,25,STARTS+FAST-S,23,0.14583333333333334,21,0.875
Cli,28,25,STARTS+FAST-P,23,0.14583333333333334,21,0.875
Cli,28,25,STARTS+DPT,23,0.3958333333333333,15,0.625
Cli,28,25,Fastazi-S,22,0.31249999999999994,17,0.7083333333333334
Cli,28,25,Fastazi-P,22,0.31249999999999994,17,0.7083333333333334
Cli,28,25,Random,24,0.020833333333333332,24,1.0
Cli,28,26,Ekstazi,22,0.31249999999999994,17,0.7083333333333334
Cli,28,26,FAST,24,0.2708333333333333,18,0.75
Cli,28,26,Ekstazi+dpt,22,0.43749999999999994,14,0.5833333333333334
Cli,28,26,DPT,24,0.31249999999999994,17,0.7083333333333334
Cli,28,26,STARTS,23,0.2291666666666667,19,0.7916666666666666
Cli,28,26,STARTS+FAST-S,23,0.14583333333333334,21,0.875
Cli,28,26,STARTS+FAST-P,23,0.14583333333333334,21,0.875
Cli,28,26,STARTS+DPT,23,0.31249999999999994,17,0.7083333333333334
Cli,28,26,Fastazi-S,22,0.31249999999999994,17,0.7083333333333334
Cli,28,26,Fastazi-P,22,0.31249999999999994,17,0.7083333333333334
Cli,28,26,Random,24,0.7708333333333334,6,0.25
Cli,28,27,Ekstazi,22,0.43749999999999994,14,0.5833333333333334
Cli,28,27,FAST,24,0.2291666666666667,19,0.7916666666666666
Cli,28,27,Ekstazi+dpt,22,0.4791666666666667,13,0.5416666666666666
Cli,28,27,DPT,24,0.31249999999999994,17,0.7083333333333334
Cli,28,27,STARTS,23,0.2708333333333333,18,0.75
Cli,28,27,STARTS+FAST-S,23,0.14583333333333334,21,0.875
Cli,28,27,STARTS+FAST-P,23,0.14583333333333334,21,0.875
Cli,28,27,STARTS+DPT,23,0.4791666666666667,13,0.5416666666666666
Cli,28,27,Fastazi-S,22,0.31249999999999994,17,0.7083333333333334
Cli,28,27,Fastazi-P,22,0.31249999999999994,17,0.7083333333333334
Cli,28,27,Random,24,0.4791666666666667,13,0.5416666666666666
Cli,28,28,Ekstazi,22,0.7291666666666666,7,0.2916666666666667
Cli,28,28,FAST,24,0.2708333333333333,18,0.75
Cli,28,28,Ekstazi+dpt,22,0.31249999999999994,17,0.7083333333333334
Cli,28,28,DPT,24,0.43749999999999994,14,0.5833333333333334
Cli,28,28,STARTS,23,0.6458333333333334,9,0.375
Cli,28,28,STARTS+FAST-S,23,0.14583333333333334,21,0.875
Cli,28,28,STARTS+FAST-P,23,0.14583333333333334,21,0.875
Cli,28,28,STARTS+DPT,23,0.4791666666666667,13,0.5416666666666666
Cli,28,28,Fastazi-S,22,0.31249999999999994,17,0.7083333333333334
Cli,28,28,Fastazi-P,22,0.31249999999999994,17,0.7083333333333334
Cli,28,28,Random,24,0.4791666666666667,13,0.5416666666666666
Cli,28,29,Ekstazi,22,0.7291666666666666,7,0.2916666666666667
Cli,28,29,FAST,24,0.2708333333333333,18,0.75
Cli,28,29,Ekstazi+dpt,22,0.3958333333333333,15,0.625
Cli,28,29,DPT,24,0.4791666666666667,13,0.5416666666666666
Cli,28,29,STARTS,23,0.6458333333333334,9,0.375
Cli,28,29,STARTS+FAST-S,23,0.14583333333333334,21,0.875
Cli,28,29,STARTS+FAST-P,23,0.14583333333333334,21,0.875
Cli,28,29,STARTS+DPT,23,0.3541666666666667,16,0.6666666666666666
Cli,28,29,Fastazi-S,22,0.31249999999999994,17,0.7083333333333334
Cli,28,29,Fastazi-P,22,0.31249999999999994,17,0.7083333333333334
Cli,28,29,Random,24,0.7291666666666666,7,0.2916666666666667
Cli,28,30,Ekstazi,22,0.6458333333333334,9,0.375
Cli,28,30,FAST,24,0.9791666666666667,1,0.041666666666666664
Cli,28,30,Ekstazi+dpt,22,0.43749999999999994,14,0.5833333333333334
Cli,28,30,DPT,24,0.31249999999999994,17,0.7083333333333334
Cli,28,30,STARTS,23,0.2708333333333333,18,0.75
Cli,28,30,STARTS+FAST-S,23,0.14583333333333334,21,0.875
Cli,28,30,STARTS+FAST-P,23,0.14583333333333334,21,0.875
Cli,28,30,STARTS+DPT,23,0.31249999999999994,17,0.7083333333333334
Cli,28,30,Fastazi-S,22,0.2708333333333333,18,0.75
Cli,28,30,Fastazi-P,22,0.9791666666666667,1,0.041666666666666664
Cli,28,30,Random,24,0.020833333333333332,24,1.0
Cli,29,1,Ekstazi,18,0.5625000000000001,11,0.4583333333333333
Cli,29,1,FAST,24,0.2291666666666667,19,0.7916666666666666
Cli,29,1,Ekstazi+dpt,18,0.2708333333333333,18,0.75
Cli,29,1,DPT,24,0.06249999999999996,23,0.9583333333333334
Cli,29,1,STARTS,22,0.2291666666666667,19,0.7916666666666666
Cli,29,1,STARTS+FAST-S,22,0.18749999999999997,20,0.8333333333333334
Cli,29,1,STARTS+FAST-P,22,0.18749999999999997,20,0.8333333333333334
Cli,29,1,STARTS+DPT,22,0.14583333333333334,21,0.875
Cli,29,1,Fastazi-S,18,0.3958333333333333,15,0.625
Cli,29,1,Fastazi-P,18,0.43749999999999994,14,0.5833333333333334
Cli,29,1,Random,24,0.18749999999999997,20,0.8333333333333334
Cli,29,2,Ekstazi,18,0.6875000000000001,8,0.3333333333333333
Cli,29,2,FAST,24,0.2291666666666667,19,0.7916666666666666
Cli,29,2,Ekstazi+dpt,18,0.2708333333333333,18,0.75
Cli,29,2,DPT,24,0.06249999999999996,23,0.9583333333333334
Cli,29,2,STARTS,22,0.18749999999999997,20,0.8333333333333334
Cli,29,2,STARTS+FAST-S,22,0.18749999999999997,20,0.8333333333333334
Cli,29,2,STARTS+FAST-P,22,0.18749999999999997,20,0.8333333333333334
Cli,29,2,STARTS+DPT,22,0.14583333333333334,21,0.875
Cli,29,2,Fastazi-S,18,0.3541666666666667,16,0.6666666666666666
Cli,29,2,Fastazi-P,18,0.43749999999999994,14,0.5833333333333334
Cli,29,2,Random,24,0.6458333333333334,9,0.375
Cli,29,3,Ekstazi,18,0.4791666666666667,13,0.5416666666666666
Cli,29,3,FAST,24,0.2291666666666667,19,0.7916666666666666
Cli,29,3,Ekstazi+dpt,18,0.2708333333333333,18,0.75
Cli,29,3,DPT,24,0.06249999999999996,23,0.9583333333333334
Cli,29,3,STARTS,22,0.8541666666666667,4,0.16666666666666666
Cli,29,3,STARTS+FAST-S,22,0.18749999999999997,20,0.8333333333333334
Cli,29,3,STARTS+FAST-P,22,0.18749999999999997,20,0.8333333333333334
Cli,29,3,STARTS+DPT,22,0.14583333333333334,21,0.875
Cli,29,3,Fastazi-S,18,0.3958333333333333,15,0.625
Cli,29,3,Fastazi-P,18,0.43749999999999994,14,0.5833333333333334
Cli,29,3,Random,24,0.06249999999999996,23,0.9583333333333334
Cli,29,4,Ekstazi,18,0.7291666666666666,7,0.2916666666666667
Cli,29,4,FAST,24,0.2291666666666667,19,0.7916666666666666
Cli,29,4,Ekstazi+dpt,18,0.2708333333333333,18,0.75
Cli,29,4,DPT,24,0.06249999999999996,23,0.9583333333333334
Cli,29,4,STARTS,22,0.7708333333333334,6,0.25
Cli,29,4,STARTS+FAST-S,22,0.18749999999999997,20,0.8333333333333334
Cli,29,4,STARTS+FAST-P,22,0.18749999999999997,20,0.8333333333333334
Cli,29,4,STARTS+DPT,22,0.14583333333333334,21,0.875
Cli,29,4,Fastazi-S,18,0.3958333333333333,15,0.625
Cli,29,4,Fastazi-P,18,0.43749999999999994,14,0.5833333333333334
Cli,29,4,Random,24,0.2291666666666667,19,0.7916666666666666
Cli,29,5,Ekstazi,18,0.43749999999999994,14,0.5833333333333334
Cli,29,5,FAST,24,0.2291666666666667,19,0.7916666666666666
Cli,29,5,Ekstazi+dpt,18,0.2708333333333333,18,0.75
Cli,29,5,DPT,24,0.06249999999999996,23,0.9583333333333334
Cli,29,5,STARTS,22,0.8125,5,0.20833333333333334
Cli,29,5,STARTS+FAST-S,22,0.18749999999999997,20,0.8333333333333334
Cli,29,5,STARTS+FAST-P,22,0.18749999999999997,20,0.8333333333333334
Cli,29,5,STARTS+DPT,22,0.14583333333333334,21,0.875
Cli,29,5,Fastazi-S,18,0.3958333333333333,15,0.625
Cli,29,5,Fastazi-P,18,0.43749999999999994,14,0.5833333333333334
Cli,29,5,Random,24,0.31249999999999994,17,0.7083333333333334
Cli,29,6,Ekstazi,18,0.8541666666666667,4,0.16666666666666666
Cli,29,6,FAST,24,0.2291666666666667,19,0.7916666666666666
Cli,29,6,Ekstazi+dpt,18,0.2708333333333333,18,0.75
Cli,29,6,DPT,24,0.06249999999999996,23,0.9583333333333334
Cli,29,6,STARTS,22,0.5208333333333334,12,0.5
Cli,29,6,STARTS+FAST-S,22,0.18749999999999997,20,0.8333333333333334
Cli,29,6,STARTS+FAST-P,22,0.18749999999999997,20,0.8333333333333334
Cli,29,6,STARTS+DPT,22,0.14583333333333334,21,0.875
Cli,29,6,Fastazi-S,18,0.3958333333333333,15,0.625
Cli,29,6,Fastazi-P,18,0.43749999999999994,14,0.5833333333333334
Cli,29,6,Random,24,0.9375,2,0.08333333333333333
Cli,29,7,Ekstazi,18,0.3541666666666667,16,0.6666666666666666
Cli,29,7,FAST,24,0.2291666666666667,19,0.7916666666666666
Cli,29,7,Ekstazi+dpt,18,0.2708333333333333,18,0.75
Cli,29,7,DPT,24,0.06249999999999996,23,0.9583333333333334
Cli,29,7,STARTS,22,0.8541666666666667,4,0.16666666666666666
Cli,29,7,STARTS+FAST-S,22,0.18749999999999997,20,0.8333333333333334
Cli,29,7,STARTS+FAST-P,22,0.18749999999999997,20,0.8333333333333334
Cli,29,7,STARTS+DPT,22,0.14583333333333334,21,0.875
Cli,29,7,Fastazi-S,18,0.3958333333333333,15,0.625
Cli,29,7,Fastazi-P,18,0.43749999999999994,14,0.5833333333333334
Cli,29,7,Random,24,0.8125,5,0.20833333333333334
Cli,29,8,Ekstazi,18,0.8541666666666667,4,0.16666666666666666
Cli,29,8,FAST,24,0.2291666666666667,19,0.7916666666666666
Cli,29,8,Ekstazi+dpt,18,0.2708333333333333,18,0.75
Cli,29,8,DPT,24,0.06249999999999996,23,0.9583333333333334
Cli,29,8,STARTS,22,0.6458333333333334,9,0.375
Cli,29,8,STARTS+FAST-S,22,0.18749999999999997,20,0.8333333333333334
Cli,29,8,STARTS+FAST-P,22,0.18749999999999997,20,0.8333333333333334
Cli,29,8,STARTS+DPT,22,0.14583333333333334,21,0.875
Cli,29,8,Fastazi-S,18,0.3958333333333333,15,0.625
Cli,29,8,Fastazi-P,18,0.3958333333333333,15,0.625
Cli,29,8,Random,24,0.43749999999999994,14,0.5833333333333334
Cli,29,9,Ekstazi,18,0.5208333333333334,12,0.5
Cli,29,9,FAST,24,0.2291666666666667,19,0.7916666666666666
Cli,29,9,Ekstazi+dpt,18,0.2708333333333333,18,0.75
Cli,29,9,DPT,24,0.06249999999999996,23,0.9583333333333334
Cli,29,9,STARTS,22,0.3541666666666667,16,0.6666666666666666
Cli,29,9,STARTS+FAST-S,22,0.9791666666666667,1,0.041666666666666664
Cli,29,9,STARTS+FAST-P,22,0.9791666666666667,1,0.041666666666666664
Cli,29,9,STARTS+DPT,22,0.14583333333333334,21,0.875
Cli,29,9,Fastazi-S,18,0.3958333333333333,15,0.625
Cli,29,9,Fastazi-P,18,0.43749999999999994,14,0.5833333333333334
Cli,29,9,Random,24,0.9375,2,0.08333333333333333
Cli,29,10,Ekstazi,18,0.8125,5,0.20833333333333334
Cli,29,10,FAST,24,0.2291666666666667,19,0.7916666666666666
Cli,29,10,Ekstazi+dpt,18,0.2708333333333333,18,0.75
Cli,29,10,DPT,24,0.06249999999999996,23,0.9583333333333334
Cli,29,10,STARTS,22,0.7291666666666666,7,0.2916666666666667
Cli,29,10,STARTS+FAST-S,22,0.18749999999999997,20,0.8333333333333334
Cli,29,10,STARTS+FAST-P,22,0.18749999999999997,20,0.8333333333333334
Cli,29,10,STARTS+DPT,22,0.14583333333333334,21,0.875
Cli,29,10,Fastazi-S,18,0.3958333333333333,15,0.625
Cli,29,10,Fastazi-P,18,0.43749999999999994,14,0.5833333333333334
Cli,29,10,Random,24,0.6875000000000001,8,0.3333333333333333
Cli,29,11,Ekstazi,18,0.8125,5,0.20833333333333334
Cli,29,11,FAST,24,0.2291666666666667,19,0.7916666666666666
Cli,29,11,Ekstazi+dpt,18,0.2708333333333333,18,0.75
Cli,29,11,DPT,24,0.06249999999999996,23,0.9583333333333334
Cli,29,11,STARTS,22,0.4791666666666667,13,0.5416666666666666
Cli,29,11,STARTS+FAST-S,22,0.18749999999999997,20,0.8333333333333334
Cli,29,11,STARTS+FAST-P,22,0.18749999999999997,20,0.8333333333333334
Cli,29,11,STARTS+DPT,22,0.14583333333333334,21,0.875
Cli,29,11,Fastazi-S,18,0.3958333333333333,15,0.625
Cli,29,11,Fastazi-P,18,0.43749999999999994,14,0.5833333333333334
Cli,29,11,Random,24,0.18749999999999997,20,0.8333333333333334
Cli,29,12,Ekstazi,18,0.2708333333333333,18,0.75
Cli,29,12,FAST,24,0.2291666666666667,19,0.7916666666666666
Cli,29,12,Ekstazi+dpt,18,0.2708333333333333,18,0.75
Cli,29,12,DPT,24,0.06249999999999996,23,0.9583333333333334
Cli,29,12,STARTS,22,0.43749999999999994,14,0.5833333333333334
Cli,29,12,STARTS+FAST-S,22,0.18749999999999997,20,0.8333333333333334
Cli,29,12,STARTS+FAST-P,22,0.18749999999999997,20,0.8333333333333334
Cli,29,12,STARTS+DPT,22,0.14583333333333334,21,0.875
Cli,29,12,Fastazi-S,18,0.3541666666666667,16,0.6666666666666666
Cli,29,12,Fastazi-P,18,0.43749999999999994,14,0.5833333333333334
Cli,29,12,Random,24,0.1041666666666667,22,0.9166666666666666
Cli,29,13,Ekstazi,18,0.8958333333333334,3,0.125
Cli,29,13,FAST,24,0.2291666666666667,19,0.7916666666666666
Cli,29,13,Ekstazi+dpt,18,0.2708333333333333,18,0.75
Cli,29,13,DPT,24,0.06249999999999996,23,0.9583333333333334
Cli,29,13,STARTS,22,0.7708333333333334,6,0.25
Cli,29,13,STARTS+FAST-S,22,0.18749999999999997,20,0.8333333333333334
Cli,29,13,STARTS+FAST-P,22,0.9791666666666667,1,0.041666666666666664
Cli,29,13,STARTS+DPT,22,0.14583333333333334,21,0.875
Cli,29,13,Fastazi-S,18,0.3958333333333333,15,0.625
Cli,29,13,Fastazi-P,18,0.43749999999999994,14,0.5833333333333334
Cli,29,13,Random,24,0.31249999999999994,17,0.7083333333333334
Cli,29,14,Ekstazi,18,0.7708333333333334,6,0.25
Cli,29,14,FAST,24,0.2291666666666667,19,0.7916666666666666
Cli,29,14,Ekstazi+dpt,18,0.2708333333333333,18,0.75
Cli,29,14,DPT,24,0.06249999999999996,23,0.9583333333333334
Cli,29,14,STARTS,22,0.43749999999999994,14,0.5833333333333334
Cli,29,14,STARTS+FAST-S,22,0.18749999999999997,20,0.8333333333333334
Cli,29,14,STARTS+FAST-P,22,0.14583333333333334,21,0.875
Cli,29,14,STARTS+DPT,22,0.14583333333333334,21,0.875
Cli,29,14,Fastazi-S,18,0.3958333333333333,15,0.625
Cli,29,14,Fastazi-P,18,0.43749999999999994,14,0.5833333333333334
Cli,29,14,Random,24,0.14583333333333334,21,0.875
Cli,29,15,Ekstazi,18,0.8125,5,0.20833333333333334
Cli,29,15,FAST,24,0.18749999999999997,20,0.8333333333333334
Cli,29,15,Ekstazi+dpt,18,0.2708333333333333,18,0.75
Cli,29,15,DPT,24,0.06249999999999996,23,0.9583333333333334
Cli,29,15,STARTS,22,0.8541666666666667,4,0.16666666666666666
Cli,29,15,STARTS+FAST-S,22,0.14583333333333334,21,0.875
Cli,29,15,STARTS+FAST-P,22,0.18749999999999997,20,0.8333333333333334
Cli,29,15,STARTS+DPT,22,0.14583333333333334,21,0.875
Cli,29,15,Fastazi-S,18,0.3958333333333333,15,0.625
Cli,29,15,Fastazi-P,18,0.3958333333333333,15,0.625
Cli,29,15,Random,24,0.3541666666666667,16,0.6666666666666666
Cli,29,16,Ekstazi,18,0.3958333333333333,15,0.625
Cli,29,16,FAST,24,0.2291666666666667,19,0.7916666666666666
Cli,29,16,Ekstazi+dpt,18,0.2708333333333333,18,0.75
Cli,29,16,DPT,24,0.06249999999999996,23,0.9583333333333334
Cli,29,16,STARTS,22,0.7291666666666666,7,0.2916666666666667
Cli,29,16,STARTS+FAST-S,22,0.18749999999999997,20,0.8333333333333334
Cli,29,16,STARTS+FAST-P,22,0.18749999999999997,20,0.8333333333333334
Cli,29,16,STARTS+DPT,22,0.14583333333333334,21,0.875
Cli,29,16,Fastazi-S,18,0.3958333333333333,15,0.625
Cli,29,16,Fastazi-P,18,0.43749999999999994,14,0.5833333333333334
Cli,29,16,Random,24,0.8541666666666667,4,0.16666666666666666
Cli,29,17,Ekstazi,18,0.7708333333333334,6,0.25
Cli,29,17,FAST,24,0.2291666666666667,19,0.7916666666666666
Cli,29,17,Ekstazi+dpt,18,0.2708333333333333,18,0.75
Cli,29,17,DPT,24,0.06249999999999996,23,0.9583333333333334
Cli,29,17,STARTS,22,0.8958333333333334,3,0.125
Cli,29,17,STARTS+FAST-S,22,0.18749999999999997,20,0.8333333333333334
Cli,29,17,STARTS+FAST-P,22,0.18749999999999997,20,0.8333333333333334
Cli,29,17,STARTS+DPT,22,0.14583333333333334,21,0.875
Cli,29,17,Fastazi-S,18,0.3958333333333333,15,0.625
Cli,29,17,Fastazi-P,18,0.43749999999999994,14,0.5833333333333334
Cli,29,17,Random,24,0.1041666666666667,22,0.9166666666666666
Cli,29,18,Ekstazi,18,0.2708333333333333,18,0.75
Cli,29,18,FAST,24,0.2291666666666667,19,0.7916666666666666
Cli,29,18,Ekstazi+dpt,18,0.2708333333333333,18,0.75
Cli,29,18,DPT,24,0.06249999999999996,23,0.9583333333333334
Cli,29,18,STARTS,22,0.2291666666666667,19,0.7916666666666666
Cli,29,18,STARTS+FAST-S,22,0.18749999999999997,20,0.8333333333333334
Cli,29,18,STARTS+FAST-P,22,0.18749999999999997,20,0.8333333333333334
Cli,29,18,STARTS+DPT,22,0.14583333333333334,21,0.875
Cli,29,18,Fastazi-S,18,0.3958333333333333,15,0.625
Cli,29,18,Fastazi-P,18,0.43749999999999994,14,0.5833333333333334
Cli,29,18,Random,24,0.020833333333333332,24,1.0
Cli,29,19,Ekstazi,18,0.8125,5,0.20833333333333334
Cli,29,19,FAST,24,0.2291666666666667,19,0.7916666666666666
Cli,29,19,Ekstazi+dpt,18,0.2708333333333333,18,0.75
Cli,29,19,DPT,24,0.06249999999999996,23,0.9583333333333334
Cli,29,19,STARTS,22,0.4791666666666667,13,0.5416666666666666
Cli,29,19,STARTS+FAST-S,22,0.18749999999999997,20,0.8333333333333334
Cli,29,19,STARTS+FAST-P,22,0.18749999999999997,20,0.8333333333333334
Cli,29,19,STARTS+DPT,22,0.14583333333333334,21,0.875
Cli,29,19,Fastazi-S,18,0.3958333333333333,15,0.625
Cli,29,19,Fastazi-P,18,0.43749999999999994,14,0.5833333333333334
Cli,29,19,Random,24,0.8541666666666667,4,0.16666666666666666
Cli,29,20,Ekstazi,18,0.43749999999999994,14,0.5833333333333334
Cli,29,20,FAST,24,0.2291666666666667,19,0.7916666666666666
Cli,29,20,Ekstazi+dpt,18,0.2708333333333333,18,0.75
Cli,29,20,DPT,24,0.06249999999999996,23,0.9583333333333334
Cli,29,20,STARTS,22,0.43749999999999994,14,0.5833333333333334
Cli,29,20,STARTS+FAST-S,22,0.18749999999999997,20,0.8333333333333334
Cli,29,20,STARTS+FAST-P,22,0.18749999999999997,20,0.8333333333333334
Cli,29,20,STARTS+DPT,22,0.14583333333333334,21,0.875
Cli,29,20,Fastazi-S,18,0.9791666666666667,1,0.041666666666666664
Cli,29,20,Fastazi-P,18,0.43749999999999994,14,0.5833333333333334
Cli,29,20,Random,24,0.7291666666666666,7,0.2916666666666667
Cli,29,21,Ekstazi,18,0.8125,5,0.20833333333333334
Cli,29,21,FAST,24,0.2291666666666667,19,0.7916666666666666
Cli,29,21,Ekstazi+dpt,18,0.2708333333333333,18,0.75
Cli,29,21,DPT,24,0.06249999999999996,23,0.9583333333333334
Cli,29,21,STARTS,22,0.7708333333333334,6,0.25
Cli,29,21,STARTS+FAST-S,22,0.18749999999999997,20,0.8333333333333334
Cli,29,21,STARTS+FAST-P,22,0.18749999999999997,20,0.8333333333333334
Cli,29,21,STARTS+DPT,22,0.14583333333333334,21,0.875
Cli,29,21,Fastazi-S,18,0.3958333333333333,15,0.625
Cli,29,21,Fastazi-P,18,0.43749999999999994,14,0.5833333333333334
Cli,29,21,Random,24,0.9375,2,0.08333333333333333
Cli,29,22,Ekstazi,18,0.4791666666666667,13,0.5416666666666666
Cli,29,22,FAST,24,0.2291666666666667,19,0.7916666666666666
Cli,29,22,Ekstazi+dpt,18,0.2708333333333333,18,0.75
Cli,29,22,DPT,24,0.06249999999999996,23,0.9583333333333334
Cli,29,22,STARTS,22,0.3958333333333333,15,0.625
Cli,29,22,STARTS+FAST-S,22,0.14583333333333334,21,0.875
Cli,29,22,STARTS+FAST-P,22,0.18749999999999997,20,0.8333333333333334
Cli,29,22,STARTS+DPT,22,0.14583333333333334,21,0.875
Cli,29,22,Fastazi-S,18,0.3958333333333333,15,0.625
Cli,29,22,Fastazi-P,18,0.43749999999999994,14,0.5833333333333334
Cli,29,22,Random,24,0.8125,5,0.20833333333333334
Cli,29,23,Ekstazi,18,0.5625000000000001,11,0.4583333333333333
Cli,29,23,FAST,24,0.2291666666666667,19,0.7916666666666666
Cli,29,23,Ekstazi+dpt,18,0.2708333333333333,18,0.75
Cli,29,23,DPT,24,0.06249999999999996,23,0.9583333333333334
Cli,29,23,STARTS,22,0.9375,2,0.08333333333333333
Cli,29,23,STARTS+FAST-S,22,0.18749999999999997,20,0.8333333333333334
Cli,29,23,STARTS+FAST-P,22,0.14583333333333334,21,0.875
Cli,29,23,STARTS+DPT,22,0.14583333333333334,21,0.875
Cli,29,23,Fastazi-S,18,0.3958333333333333,15,0.625
Cli,29,23,Fastazi-P,18,0.43749999999999994,14,0.5833333333333334
Cli,29,23,Random,24,0.2291666666666667,19,0.7916666666666666
Cli,29,24,Ekstazi,18,0.6875000000000001,8,0.3333333333333333
Cli,29,24,FAST,24,0.2291666666666667,19,0.7916666666666666
Cli,29,24,Ekstazi+dpt,18,0.2708333333333333,18,0.75
Cli,29,24,DPT,24,0.06249999999999996,23,0.9583333333333334
Cli,29,24,STARTS,22,0.5625000000000001,11,0.4583333333333333
Cli,29,24,STARTS+FAST-S,22,0.18749999999999997,20,0.8333333333333334
Cli,29,24,STARTS+FAST-P,22,0.18749999999999997,20,0.8333333333333334
Cli,29,24,STARTS+DPT,22,0.14583333333333334,21,0.875
Cli,29,24,Fastazi-S,18,0.9791666666666667,1,0.041666666666666664
Cli,29,24,Fastazi-P,18,0.43749999999999994,14,0.5833333333333334
Cli,29,24,Random,24,0.31249999999999994,17,0.7083333333333334
Cli,29,25,Ekstazi,18,0.3958333333333333,15,0.625
Cli,29,25,FAST,24,0.2291666666666667,19,0.7916666666666666
Cli,29,25,Ekstazi+dpt,18,0.2708333333333333,18,0.75
Cli,29,25,DPT,24,0.06249999999999996,23,0.9583333333333334
Cli,29,25,STARTS,22,0.5625000000000001,11,0.4583333333333333
Cli,29,25,STARTS+FAST-S,22,0.18749999999999997,20,0.8333333333333334
Cli,29,25,STARTS+FAST-P,22,0.18749999999999997,20,0.8333333333333334
Cli,29,25,STARTS+DPT,22,0.14583333333333334,21,0.875
Cli,29,25,Fastazi-S,18,0.3958333333333333,15,0.625
Cli,29,25,Fastazi-P,18,0.43749999999999994,14,0.5833333333333334
Cli,29,25,Random,24,0.9791666666666667,1,0.041666666666666664
Cli,29,26,Ekstazi,18,0.6041666666666666,10,0.4166666666666667
Cli,29,26,FAST,24,0.2291666666666667,19,0.7916666666666666
Cli,29,26,Ekstazi+dpt,18,0.2708333333333333,18,0.75
Cli,29,26,DPT,24,0.06249999999999996,23,0.9583333333333334
Cli,29,26,STARTS,22,0.3541666666666667,16,0.6666666666666666
Cli,29,26,STARTS+FAST-S,22,0.18749999999999997,20,0.8333333333333334
Cli,29,26,STARTS+FAST-P,22,0.18749999999999997,20,0.8333333333333334
Cli,29,26,STARTS+DPT,22,0.14583333333333334,21,0.875
Cli,29,26,Fastazi-S,18,0.3958333333333333,15,0.625
Cli,29,26,Fastazi-P,18,0.43749999999999994,14,0.5833333333333334
Cli,29,26,Random,24,0.8541666666666667,4,0.16666666666666666
Cli,29,27,Ekstazi,18,0.9375,2,0.08333333333333333
Cli,29,27,FAST,24,0.2291666666666667,19,0.7916666666666666
Cli,29,27,Ekstazi+dpt,18,0.2708333333333333,18,0.75
Cli,29,27,DPT,24,0.06249999999999996,23,0.9583333333333334
Cli,29,27,STARTS,22,0.8958333333333334,3,0.125
Cli,29,27,STARTS+FAST-S,22,0.18749999999999997,20,0.8333333333333334
Cli,29,27,STARTS+FAST-P,22,0.18749999999999997,20,0.8333333333333334
Cli,29,27,STARTS+DPT,22,0.14583333333333334,21,0.875
Cli,29,27,Fastazi-S,18,0.3958333333333333,15,0.625
Cli,29,27,Fastazi-P,18,0.43749999999999994,14,0.5833333333333334
Cli,29,27,Random,24,0.06249999999999996,23,0.9583333333333334
Cli,29,28,Ekstazi,18,0.8958333333333334,3,0.125
Cli,29,28,FAST,24,0.2291666666666667,19,0.7916666666666666
Cli,29,28,Ekstazi+dpt,18,0.2708333333333333,18,0.75
Cli,29,28,DPT,24,0.06249999999999996,23,0.9583333333333334
Cli,29,28,STARTS,22,0.9791666666666667,1,0.041666666666666664
Cli,29,28,STARTS+FAST-S,22,0.18749999999999997,20,0.8333333333333334
Cli,29,28,STARTS+FAST-P,22,0.18749999999999997,20,0.8333333333333334
Cli,29,28,STARTS+DPT,22,0.14583333333333334,21,0.875
Cli,29,28,Fastazi-S,18,0.3958333333333333,15,0.625
Cli,29,28,Fastazi-P,18,0.43749999999999994,14,0.5833333333333334
Cli,29,28,Random,24,0.5208333333333334,12,0.5
Cli,29,29,Ekstazi,18,0.8958333333333334,3,0.125
Cli,29,29,FAST,24,0.2291666666666667,19,0.7916666666666666
Cli,29,29,Ekstazi+dpt,18,0.2708333333333333,18,0.75
Cli,29,29,DPT,24,0.06249999999999996,23,0.9583333333333334
Cli,29,29,STARTS,22,0.3541666666666667,16,0.6666666666666666
Cli,29,29,STARTS+FAST-S,22,0.18749999999999997,20,0.8333333333333334
Cli,29,29,STARTS+FAST-P,22,0.18749999999999997,20,0.8333333333333334
Cli,29,29,STARTS+DPT,22,0.14583333333333334,21,0.875
Cli,29,29,Fastazi-S,18,0.3958333333333333,15,0.625
Cli,29,29,Fastazi-P,18,0.43749999999999994,14,0.5833333333333334
Cli,29,29,Random,24,0.8958333333333334,3,0.125
Cli,29,30,Ekstazi,18,0.31249999999999994,17,0.7083333333333334
Cli,29,30,FAST,24,0.2291666666666667,19,0.7916666666666666
Cli,29,30,Ekstazi+dpt,18,0.2708333333333333,18,0.75
Cli,29,30,DPT,24,0.06249999999999996,23,0.9583333333333334
Cli,29,30,STARTS,22,0.3541666666666667,16,0.6666666666666666
Cli,29,30,STARTS+FAST-S,22,0.14583333333333334,21,0.875
Cli,29,30,STARTS+FAST-P,22,0.9791666666666667,1,0.041666666666666664
Cli,29,30,STARTS+DPT,22,0.14583333333333334,21,0.875
Cli,29,30,Fastazi-S,18,0.3958333333333333,15,0.625
Cli,29,30,Fastazi-P,18,0.43749999999999994,14,0.5833333333333334
Cli,29,30,Random,24,0.4791666666666667,13,0.5416666666666666
Cli,30,1,Ekstazi,22,0.6875000000000001,8,0.3333333333333333
Cli,30,1,FAST,24,0.7708333333333334,6,0.25
Cli,30,1,Ekstazi+dpt,22,0.9791666666666667,1,0.041666666666666664
Cli,30,1,DPT,24,0.9791666666666667,1,0.041666666666666664
Cli,30,1,STARTS,23,0.8958333333333334,3,0.125
Cli,30,1,STARTS+FAST-S,23,0.9791666666666667,1,0.041666666666666664
Cli,30,1,STARTS+FAST-P,23,0.7708333333333334,6,0.25
Cli,30,1,STARTS+DPT,23,0.9375,2,0.08333333333333333
Cli,30,1,Fastazi-S,22,0.7291666666666666,7,0.2916666666666667
Cli,30,1,Fastazi-P,22,0.7708333333333334,6,0.25
Cli,30,1,Random,24,0.7708333333333334,6,0.25
Cli,30,2,Ekstazi,22,0.9791666666666667,1,0.041666666666666664
Cli,30,2,FAST,24,0.9791666666666667,1,0.041666666666666664
Cli,30,2,Ekstazi+dpt,22,0.9375,2,0.08333333333333333
Cli,30,2,DPT,24,0.9375,2,0.08333333333333333
Cli,30,2,STARTS,23,0.8958333333333334,3,0.125
Cli,30,2,STARTS+FAST-S,23,0.8125,5,0.20833333333333334
Cli,30,2,STARTS+FAST-P,23,0.8125,5,0.20833333333333334
Cli,30,2,STARTS+DPT,23,0.9375,2,0.08333333333333333
Cli,30,2,Fastazi-S,22,0.9791666666666667,1,0.041666666666666664
Cli,30,2,Fastazi-P,22,0.9791666666666667,1,0.041666666666666664
Cli,30,2,Random,24,0.9375,2,0.08333333333333333
Cli,30,3,Ekstazi,22,0.8125,5,0.20833333333333334
Cli,30,3,FAST,24,0.7708333333333334,6,0.25
Cli,30,3,Ekstazi+dpt,22,0.9791666666666667,1,0.041666666666666664
Cli,30,3,DPT,24,0.9791666666666667,1,0.041666666666666664
Cli,30,3,STARTS,23,0.7708333333333334,6,0.25
Cli,30,3,STARTS+FAST-S,23,0.8125,5,0.20833333333333334
Cli,30,3,STARTS+FAST-P,23,0.9791666666666667,1,0.041666666666666664
Cli,30,3,STARTS+DPT,23,0.9375,2,0.08333333333333333
Cli,30,3,Fastazi-S,22,0.9791666666666667,1,0.041666666666666664
Cli,30,3,Fastazi-P,22,0.8125,5,0.20833333333333334
Cli,30,3,Random,24,0.6458333333333334,9,0.375
Cli,30,4,Ekstazi,22,0.8125,5,0.20833333333333334
Cli,30,4,FAST,24,0.7291666666666666,7,0.2916666666666667
Cli,30,4,Ekstazi+dpt,22,0.9791666666666667,1,0.041666666666666664
Cli,30,4,DPT,24,0.9375,2,0.08333333333333333
Cli,30,4,STARTS,23,0.8125,5,0.20833333333333334
Cli,30,4,STARTS+FAST-S,23,0.9791666666666667,1,0.041666666666666664
Cli,30,4,STARTS+FAST-P,23,0.9791666666666667,1,0.041666666666666664
Cli,30,4,STARTS+DPT,23,0.9791666666666667,1,0.041666666666666664
Cli,30,4,Fastazi-S,22,0.7708333333333334,6,0.25
Cli,30,4,Fastazi-P,22,0.7708333333333334,6,0.25
Cli,30,4,Random,24,0.9791666666666667,1,0.041666666666666664
Cli,30,5,Ekstazi,22,0.8541666666666667,4,0.16666666666666666
Cli,30,5,FAST,24,0.7291666666666666,7,0.2916666666666667
Cli,30,5,Ekstazi+dpt,22,0.9375,2,0.08333333333333333
Cli,30,5,DPT,24,0.9375,2,0.08333333333333333
Cli,30,5,STARTS,23,0.9375,2,0.08333333333333333
Cli,30,5,STARTS+FAST-S,23,0.9791666666666667,1,0.041666666666666664
Cli,30,5,STARTS+FAST-P,23,0.7708333333333334,6,0.25
Cli,30,5,STARTS+DPT,23,0.9791666666666667,1,0.041666666666666664
Cli,30,5,Fastazi-S,22,0.7291666666666666,7,0.2916666666666667
Cli,30,5,Fastazi-P,22,0.7708333333333334,6,0.25
Cli,30,5,Random,24,0.6041666666666666,10,0.4166666666666667
Cli,30,6,Ekstazi,22,0.8958333333333334,3,0.125
Cli,30,6,FAST,24,0.9791666666666667,1,0.041666666666666664
Cli,30,6,Ekstazi+dpt,22,0.9375,2,0.08333333333333333
Cli,30,6,DPT,24,0.9791666666666667,1,0.041666666666666664
Cli,30,6,STARTS,23,0.9791666666666667,1,0.041666666666666664
Cli,30,6,STARTS+FAST-S,23,0.8125,5,0.20833333333333334
Cli,30,6,STARTS+FAST-P,23,0.8125,5,0.20833333333333334
Cli,30,6,STARTS+DPT,23,0.9791666666666667,1,0.041666666666666664
Cli,30,6,Fastazi-S,22,0.7291666666666666,7,0.2916666666666667
Cli,30,6,Fastazi-P,22,0.9791666666666667,1,0.041666666666666664
Cli,30,6,Random,24,0.9791666666666667,1,0.041666666666666664
Cli,30,7,Ekstazi,22,0.9375,2,0.08333333333333333
Cli,30,7,FAST,24,0.9791666666666667,1,0.041666666666666664
Cli,30,7,Ekstazi+dpt,22,0.9375,2,0.08333333333333333
Cli,30,7,DPT,24,0.9791666666666667,1,0.041666666666666664
Cli,30,7,STARTS,23,0.9791666666666667,1,0.041666666666666664
Cli,30,7,STARTS+FAST-S,23,0.9791666666666667,1,0.041666666666666664
Cli,30,7,STARTS+FAST-P,23,0.8125,5,0.20833333333333334
Cli,30,7,STARTS+DPT,23,0.9375,2,0.08333333333333333
Cli,30,7,Fastazi-S,22,0.7708333333333334,6,0.25
Cli,30,7,Fastazi-P,22,0.9791666666666667,1,0.041666666666666664
Cli,30,7,Random,24,0.8125,5,0.20833333333333334
Cli,30,8,Ekstazi,22,0.9375,2,0.08333333333333333
Cli,30,8,FAST,24,0.9791666666666667,1,0.041666666666666664
Cli,30,8,Ekstazi+dpt,22,0.9375,2,0.08333333333333333
Cli,30,8,DPT,24,0.9791666666666667,1,0.041666666666666664
Cli,30,8,STARTS,23,0.8541666666666667,4,0.16666666666666666
Cli,30,8,STARTS+FAST-S,23,0.8125,5,0.20833333333333334
Cli,30,8,STARTS+FAST-P,23,0.8125,5,0.20833333333333334
Cli,30,8,STARTS+DPT,23,0.9791666666666667,1,0.041666666666666664
Cli,30,8,Fastazi-S,22,0.7291666666666666,7,0.2916666666666667
Cli,30,8,Fastazi-P,22,0.9791666666666667,1,0.041666666666666664
Cli,30,8,Random,24,0.8958333333333334,3,0.125
Cli,30,9,Ekstazi,22,0.9791666666666667,1,0.041666666666666664
Cli,30,9,FAST,24,0.7291666666666666,7,0.2916666666666667
Cli,30,9,Ekstazi+dpt,22,0.9791666666666667,1,0.041666666666666664
Cli,30,9,DPT,24,0.9375,2,0.08333333333333333
Cli,30,9,STARTS,23,0.8125,5,0.20833333333333334
Cli,30,9,STARTS+FAST-S,23,0.8125,5,0.20833333333333334
Cli,30,9,STARTS+FAST-P,23,0.8125,5,0.20833333333333334
Cli,30,9,STARTS+DPT,23,0.9375,2,0.08333333333333333
Cli,30,9,Fastazi-S,22,0.7291666666666666,7,0.2916666666666667
Cli,30,9,Fastazi-P,22,0.7708333333333334,6,0.25
Cli,30,9,Random,24,0.9375,2,0.08333333333333333
Cli,30,10,Ekstazi,22,0.9791666666666667,1,0.041666666666666664
Cli,30,10,FAST,24,0.9791666666666667,1,0.041666666666666664
Cli,30,10,Ekstazi+dpt,22,0.9375,2,0.08333333333333333
Cli,30,10,DPT,24,0.9791666666666667,1,0.041666666666666664
Cli,30,10,STARTS,23,0.7291666666666666,7,0.2916666666666667
Cli,30,10,STARTS+FAST-S,23,0.7708333333333334,6,0.25
Cli,30,10,STARTS+FAST-P,23,0.7708333333333334,6,0.25
Cli,30,10,STARTS+DPT,23,0.9375,2,0.08333333333333333
Cli,30,10,Fastazi-S,22,0.9791666666666667,1,0.041666666666666664
Cli,30,10,Fastazi-P,22,0.9791666666666667,1,0.041666666666666664
Cli,30,10,Random,24,0.6458333333333334,9,0.375
Cli,30,11,Ekstazi,22,0.9375,2,0.08333333333333333
Cli,30,11,FAST,24,0.7291666666666666,7,0.2916666666666667
Cli,30,11,Ekstazi+dpt,22,0.9375,2,0.08333333333333333
Cli,30,11,DPT,24,0.9375,2,0.08333333333333333
Cli,30,11,STARTS,23,0.5625000000000001,11,0.4583333333333333
Cli,30,11,STARTS+FAST-S,23,0.8125,5,0.20833333333333334
Cli,30,11,STARTS+FAST-P,23,0.7708333333333334,6,0.25
Cli,30,11,STARTS+DPT,23,0.9791666666666667,1,0.041666666666666664
Cli,30,11,Fastazi-S,22,0.7708333333333334,6,0.25
Cli,30,11,Fastazi-P,22,0.7708333333333334,6,0.25
Cli,30,11,Random,24,0.9791666666666667,1,0.041666666666666664
Cli,30,12,Ekstazi,22,0.9375,2,0.08333333333333333
Cli,30,12,FAST,24,0.7708333333333334,6,0.25
Cli,30,12,Ekstazi+dpt,22,0.9375,2,0.08333333333333333
Cli,30,12,DPT,24,0.9791666666666667,1,0.041666666666666664
Cli,30,12,STARTS,23,0.6458333333333334,9,0.375
Cli,30,12,STARTS+FAST-S,23,0.8125,5,0.20833333333333334
Cli,30,12,STARTS+FAST-P,23,0.7708333333333334,6,0.25
Cli,30,12,STARTS+DPT,23,0.9375,2,0.08333333333333333
Cli,30,12,Fastazi-S,22,0.9791666666666667,1,0.041666666666666664
Cli,30,12,Fastazi-P,22,0.8125,5,0.20833333333333334
Cli,30,12,Random,24,0.8125,5,0.20833333333333334
Cli,30,13,Ekstazi,22,0.8541666666666667,4,0.16666666666666666
Cli,30,13,FAST,24,0.7291666666666666,7,0.2916666666666667
Cli,30,13,Ekstazi+dpt,22,0.9791666666666667,1,0.041666666666666664
Cli,30,13,DPT,24,0.9375,2,0.08333333333333333
Cli,30,13,STARTS,23,0.6458333333333334,9,0.375
Cli,30,13,STARTS+FAST-S,23,0.7708333333333334,6,0.25
Cli,30,13,STARTS+FAST-P,23,0.9791666666666667,1,0.041666666666666664
Cli,30,13,STARTS+DPT,23,0.9791666666666667,1,0.041666666666666664
Cli,30,13,Fastazi-S,22,0.7291666666666666,7,0.2916666666666667
Cli,30,13,Fastazi-P,22,0.7708333333333334,6,0.25
Cli,30,13,Random,24,0.9791666666666667,1,0.041666666666666664
Cli,30,14,Ekstazi,22,0.9791666666666667,1,0.041666666666666664
Cli,30,14,FAST,24,0.9791666666666667,1,0.041666666666666664
Cli,30,14,Ekstazi+dpt,22,0.9791666666666667,1,0.041666666666666664
Cli,30,14,DPT,24,0.9375,2,0.08333333333333333
Cli,30,14,STARTS,23,0.9375,2,0.08333333333333333
Cli,30,14,STARTS+FAST-S,23,0.8125,5,0.20833333333333334
Cli,30,14,STARTS+FAST-P,23,0.9791666666666667,1,0.041666666666666664
Cli,30,14,STARTS+DPT,23,0.9375,2,0.08333333333333333
Cli,30,14,Fastazi-S,22,0.7708333333333334,6,0.25
Cli,30,14,Fastazi-P,22,0.9791666666666667,1,0.041666666666666664
Cli,30,14,Random,24,0.7291666666666666,7,0.2916666666666667
Cli,30,15,Ekstazi,22,0.7708333333333334,6,0.25
Cli,30,15,FAST,24,0.7291666666666666,7,0.2916666666666667
Cli,30,15,Ekstazi+dpt,22,0.9375,2,0.08333333333333333
Cli,30,15,DPT,24,0.9791666666666667,1,0.041666666666666664
Cli,30,15,STARTS,23,0.9791666666666667,1,0.041666666666666664
Cli,30,15,STARTS+FAST-S,23,0.7708333333333334,6,0.25
Cli,30,15,STARTS+FAST-P,23,0.8125,5,0.20833333333333334
Cli,30,15,STARTS+DPT,23,0.9375,2,0.08333333333333333
Cli,30,15,Fastazi-S,22,0.9791666666666667,1,0.041666666666666664
Cli,30,15,Fastazi-P,22,0.7708333333333334,6,0.25
Cli,30,15,Random,24,0.7291666666666666,7,0.2916666666666667
Cli,30,16,Ekstazi,22,0.8958333333333334,3,0.125
Cli,30,16,FAST,24,0.7708333333333334,6,0.25
Cli,30,16,Ekstazi+dpt,22,0.9375,2,0.08333333333333333
Cli,30,16,DPT,24,0.9791666666666667,1,0.041666666666666664
Cli,30,16,STARTS,23,0.9791666666666667,1,0.041666666666666664
Cli,30,16,STARTS+FAST-S,23,0.7708333333333334,6,0.25
Cli,30,16,STARTS+FAST-P,23,0.7708333333333334,6,0.25
Cli,30,16,STARTS+DPT,23,0.9791666666666667,1,0.041666666666666664
Cli,30,16,Fastazi-S,22,0.7708333333333334,6,0.25
Cli,30,16,Fastazi-P,22,0.8125,5,0.20833333333333334
Cli,30,16,Random,24,0.8958333333333334,3,0.125
Cli,30,17,Ekstazi,22,0.8958333333333334,3,0.125
Cli,30,17,FAST,24,0.9791666666666667,1,0.041666666666666664
Cli,30,17,Ekstazi+dpt,22,0.9791666666666667,1,0.041666666666666664
Cli,30,17,DPT,24,0.9791666666666667,1,0.041666666666666664
Cli,30,17,STARTS,23,0.6875000000000001,8,0.3333333333333333
Cli,30,17,STARTS+FAST-S,23,0.8125,5,0.20833333333333334
Cli,30,17,STARTS+FAST-P,23,0.7708333333333334,6,0.25
Cli,30,17,STARTS+DPT,23,0.9375,2,0.08333333333333333
Cli,30,17,Fastazi-S,22,0.7708333333333334,6,0.25
Cli,30,17,Fastazi-P,22,0.9791666666666667,1,0.041666666666666664
Cli,30,17,Random,24,0.8958333333333334,3,0.125
Cli,30,18,Ekstazi,22,0.8958333333333334,3,0.125
Cli,30,18,FAST,24,0.7291666666666666,7,0.2916666666666667
Cli,30,18,Ekstazi+dpt,22,0.9375,2,0.08333333333333333
Cli,30,18,DPT,24,0.9375,2,0.08333333333333333
Cli,30,18,STARTS,23,0.8125,5,0.20833333333333334
Cli,30,18,STARTS+FAST-S,23,0.8125,5,0.20833333333333334
Cli,30,18,STARTS+FAST-P,23,0.8125,5,0.20833333333333334
Cli,30,18,STARTS+DPT,23,0.9791666666666667,1,0.041666666666666664
Cli,30,18,Fastazi-S,22,0.7708333333333334,6,0.25
Cli,30,18,Fastazi-P,22,0.7708333333333334,6,0.25
Cli,30,18,Random,24,0.8125,5,0.20833333333333334
Cli,30,19,Ekstazi,22,0.9791666666666667,1,0.041666666666666664
Cli,30,19,FAST,24,0.7291666666666666,7,0.2916666666666667
Cli,30,19,Ekstazi+dpt,22,0.9375,2,0.08333333333333333
Cli,30,19,DPT,24,0.9791666666666667,1,0.041666666666666664
Cli,30,19,STARTS,23,0.7291666666666666,7,0.2916666666666667
Cli,30,19,STARTS+FAST-S,23,0.7708333333333334,6,0.25
Cli,30,19,STARTS+FAST-P,23,0.9791666666666667,1,0.041666666666666664
Cli,30,19,STARTS+DPT,23,0.9791666666666667,1,0.041666666666666664
Cli,30,19,Fastazi-S,22,0.7708333333333334,6,0.25
Cli,30,19,Fastazi-P,22,0.7708333333333334,6,0.25
Cli,30,19,Random,24,0.4791666666666667,13,0.5416666666666666
Cli,30,20,Ekstazi,22,0.9791666666666667,1,0.041666666666666664
Cli,30,20,FAST,24,0.7708333333333334,6,0.25
Cli,30,20,Ekstazi+dpt,22,0.9791666666666667,1,0.041666666666666664
Cli,30,20,DPT,24,0.9791666666666667,1,0.041666666666666664
Cli,30,20,STARTS,23,0.8541666666666667,4,0.16666666666666666
Cli,30,20,STARTS+FAST-S,23,0.7708333333333334,6,0.25
Cli,30,20,STARTS+FAST-P,23,0.7708333333333334,6,0.25
Cli,30,20,STARTS+DPT,23,0.9791666666666667,1,0.041666666666666664
Cli,30,20,Fastazi-S,22,0.7708333333333334,6,0.25
Cli,30,20,Fastazi-P,22,0.8125,5,0.20833333333333334
Cli,30,20,Random,24,0.9791666666666667,1,0.041666666666666664
Cli,30,21,Ekstazi,22,0.6458333333333334,9,0.375
Cli,30,21,FAST,24,0.9791666666666667,1,0.041666666666666664
Cli,30,21,Ekstazi+dpt,22,0.9375,2,0.08333333333333333
Cli,30,21,DPT,24,0.9375,2,0.08333333333333333
Cli,30,21,STARTS,23,0.8541666666666667,4,0.16666666666666666
Cli,30,21,STARTS+FAST-S,23,0.7708333333333334,6,0.25
Cli,30,21,STARTS+FAST-P,23,0.8125,5,0.20833333333333334
Cli,30,21,STARTS+DPT,23,0.9791666666666667,1,0.041666666666666664
Cli,30,21,Fastazi-S,22,0.7291666666666666,7,0.2916666666666667
Cli,30,21,Fastazi-P,22,0.9791666666666667,1,0.041666666666666664
Cli,30,21,Random,24,0.7291666666666666,7,0.2916666666666667
Cli,30,22,Ekstazi,22,0.9791666666666667,1,0.041666666666666664
Cli,30,22,FAST,24,0.7708333333333334,6,0.25
Cli,30,22,Ekstazi+dpt,22,0.9375,2,0.08333333333333333
Cli,30,22,DPT,24,0.9375,2,0.08333333333333333
Cli,30,22,STARTS,23,0.8125,5,0.20833333333333334
Cli,30,22,STARTS+FAST-S,23,0.9791666666666667,1,0.041666666666666664
Cli,30,22,STARTS+FAST-P,23,0.8125,5,0.20833333333333334
Cli,30,22,STARTS+DPT,23,0.9791666666666667,1,0.041666666666666664
Cli,30,22,Fastazi-S,22,0.7291666666666666,7,0.2916666666666667
Cli,30,22,Fastazi-P,22,0.8125,5,0.20833333333333334
Cli,30,22,Random,24,0.9791666666666667,1,0.041666666666666664
Cli,30,23,Ekstazi,22,0.9375,2,0.08333333333333333
Cli,30,23,FAST,24,0.9791666666666667,1,0.041666666666666664
Cli,30,23,Ekstazi+dpt,22,0.9791666666666667,1,0.041666666666666664
Cli,30,23,DPT,24,0.9375,2,0.08333333333333333
Cli,30,23,STARTS,23,0.8958333333333334,3,0.125
Cli,30,23,STARTS+FAST-S,23,0.7708333333333334,6,0.25
Cli,30,23,STARTS+FAST-P,23,0.8125,5,0.20833333333333334
Cli,30,23,STARTS+DPT,23,0.9375,2,0.08333333333333333
Cli,30,23,Fastazi-S,22,0.7708333333333334,6,0.25
Cli,30,23,Fastazi-P,22,0.9791666666666667,1,0.041666666666666664
Cli,30,23,Random,24,0.9791666666666667,1,0.041666666666666664
Cli,30,24,Ekstazi,22,0.9791666666666667,1,0.041666666666666664
Cli,30,24,FAST,24,0.7291666666666666,7,0.2916666666666667
Cli,30,24,Ekstazi+dpt,22,0.9791666666666667,1,0.041666666666666664
Cli,30,24,DPT,24,0.9791666666666667,1,0.041666666666666664
Cli,30,24,STARTS,23,0.9791666666666667,1,0.041666666666666664
Cli,30,24,STARTS+FAST-S,23,0.8125,5,0.20833333333333334
Cli,30,24,STARTS+FAST-P,23,0.8125,5,0.20833333333333334
Cli,30,24,STARTS+DPT,23,0.9375,2,0.08333333333333333
Cli,30,24,Fastazi-S,22,0.7291666666666666,7,0.2916666666666667
Cli,30,24,Fastazi-P,22,0.7708333333333334,6,0.25
Cli,30,24,Random,24,0.9791666666666667,1,0.041666666666666664
Cli,30,25,Ekstazi,22,0.8958333333333334,3,0.125
Cli,30,25,FAST,24,0.7708333333333334,6,0.25
Cli,30,25,Ekstazi+dpt,22,0.9375,2,0.08333333333333333
Cli,30,25,DPT,24,0.9791666666666667,1,0.041666666666666664
Cli,30,25,STARTS,23,0.5208333333333334,12,0.5
Cli,30,25,STARTS+FAST-S,23,0.8125,5,0.20833333333333334
Cli,30,25,STARTS+FAST-P,23,0.8125,5,0.20833333333333334
Cli,30,25,STARTS+DPT,23,0.9375,2,0.08333333333333333
Cli,30,25,Fastazi-S,22,0.9791666666666667,1,0.041666666666666664
Cli,30,25,Fastazi-P,22,0.8125,5,0.20833333333333334
Cli,30,25,Random,24,0.7291666666666666,7,0.2916666666666667
Cli,30,26,Ekstazi,22,0.8541666666666667,4,0.16666666666666666
Cli,30,26,FAST,24,0.7291666666666666,7,0.2916666666666667
Cli,30,26,Ekstazi+dpt,22,0.9375,2,0.08333333333333333
Cli,30,26,DPT,24,0.9375,2,0.08333333333333333
Cli,30,26,STARTS,23,0.6875000000000001,8,0.3333333333333333
Cli,30,26,STARTS+FAST-S,23,0.8125,5,0.20833333333333334
Cli,30,26,STARTS+FAST-P,23,0.7708333333333334,6,0.25
Cli,30,26,STARTS+DPT,23,0.9375,2,0.08333333333333333
Cli,30,26,Fastazi-S,22,0.7291666666666666,7,0.2916666666666667
Cli,30,26,Fastazi-P,22,0.7708333333333334,6,0.25
Cli,30,26,Random,24,0.9791666666666667,1,0.041666666666666664
Cli,30,27,Ekstazi,22,0.8541666666666667,4,0.16666666666666666
Cli,30,27,FAST,24,0.7708333333333334,6,0.25
Cli,30,27,Ekstazi+dpt,22,0.9375,2,0.08333333333333333
Cli,30,27,DPT,24,0.9791666666666667,1,0.041666666666666664
Cli,30,27,STARTS,23,0.6875000000000001,8,0.3333333333333333
Cli,30,27,STARTS+FAST-S,23,0.7708333333333334,6,0.25
Cli,30,27,STARTS+FAST-P,23,0.8125,5,0.20833333333333334
Cli,30,27,STARTS+DPT,23,0.9375,2,0.08333333333333333
Cli,30,27,Fastazi-S,22,0.7708333333333334,6,0.25
Cli,30,27,Fastazi-P,22,0.7708333333333334,6,0.25
Cli,30,27,Random,24,0.8541666666666667,4,0.16666666666666666
Cli,30,28,Ekstazi,22,0.8958333333333334,3,0.125
Cli,30,28,FAST,24,0.7708333333333334,6,0.25
Cli,30,28,Ekstazi+dpt,22,0.9791666666666667,1,0.041666666666666664
Cli,30,28,DPT,24,0.9791666666666667,1,0.041666666666666664
Cli,30,28,STARTS,23,0.7708333333333334,6,0.25
Cli,30,28,STARTS+FAST-S,23,0.8125,5,0.20833333333333334
Cli,30,28,STARTS+FAST-P,23,0.9791666666666667,1,0.041666666666666664
Cli,30,28,STARTS+DPT,23,0.9791666666666667,1,0.041666666666666664
Cli,30,28,Fastazi-S,22,0.7291666666666666,7,0.2916666666666667
Cli,30,28,Fastazi-P,22,0.8125,5,0.20833333333333334
Cli,30,28,Random,24,0.9375,2,0.08333333333333333
Cli,30,29,Ekstazi,22,0.8541666666666667,4,0.16666666666666666
Cli,30,29,FAST,24,0.7291666666666666,7,0.2916666666666667
Cli,30,29,Ekstazi+dpt,22,0.9375,2,0.08333333333333333
Cli,30,29,DPT,24,0.9375,2,0.08333333333333333
Cli,30,29,STARTS,23,0.7291666666666666,7,0.2916666666666667
Cli,30,29,STARTS+FAST-S,23,0.7708333333333334,6,0.25
Cli,30,29,STARTS+FAST-P,23,0.8125,5,0.20833333333333334
Cli,30,29,STARTS+DPT,23,0.9791666666666667,1,0.041666666666666664
Cli,30,29,Fastazi-S,22,0.7291666666666666,7,0.2916666666666667
Cli,30,29,Fastazi-P,22,0.7708333333333334,6,0.25
Cli,30,29,Random,24,0.5625000000000001,11,0.4583333333333333
Cli,30,30,Ekstazi,22,0.6875000000000001,8,0.3333333333333333
Cli,30,30,FAST,24,0.7291666666666666,7,0.2916666666666667
Cli,30,30,Ekstazi+dpt,22,0.9791666666666667,1,0.041666666666666664
Cli,30,30,DPT,24,0.9375,2,0.08333333333333333
Cli,30,30,STARTS,23,0.8958333333333334,3,0.125
Cli,30,30,STARTS+FAST-S,23,0.9791666666666667,1,0.041666666666666664
Cli,30,30,STARTS+FAST-P,23,0.8125,5,0.20833333333333334
Cli,30,30,STARTS+DPT,23,0.9791666666666667,1,0.041666666666666664
Cli,30,30,Fastazi-S,22,0.7708333333333334,6,0.25
Cli,30,30,Fastazi-P,22,0.7708333333333334,6,0.25
Cli,30,30,Random,24,0.8125,5,0.20833333333333334
Cli,31,1,Ekstazi,22,0.5625000000000001,11,0.4583333333333333
Cli,31,1,FAST,24,0.9375,2,0.08333333333333333
Cli,31,1,Ekstazi+dpt,22,0.43749999999999994,14,0.5833333333333334
Cli,31,1,DPT,24,0.31249999999999994,17,0.7083333333333334
Cli,31,1,STARTS,23,0.18749999999999997,20,0.8333333333333334
Cli,31,1,STARTS+FAST-S,23,0.9375,2,0.08333333333333333
Cli,31,1,STARTS+FAST-P,23,0.9375,2,0.08333333333333333
Cli,31,1,STARTS+DPT,23,0.43749999999999994,14,0.5833333333333334
Cli,31,1,Fastazi-S,22,0.9375,2,0.08333333333333333
Cli,31,1,Fastazi-P,22,0.9375,2,0.08333333333333333
Cli,31,1,Random,24,0.8541666666666667,4,0.16666666666666666
Cli,31,2,Ekstazi,22,0.2291666666666667,19,0.7916666666666666
Cli,31,2,FAST,24,0.9375,2,0.08333333333333333
Cli,31,2,Ekstazi+dpt,22,0.3958333333333333,15,0.625
Cli,31,2,DPT,24,0.31249999999999994,17,0.7083333333333334
Cli,31,2,STARTS,23,0.8125,5,0.20833333333333334
Cli,31,2,STARTS+FAST-S,23,0.9375,2,0.08333333333333333
Cli,31,2,STARTS+FAST-P,23,0.9375,2,0.08333333333333333
Cli,31,2,STARTS+DPT,23,0.4791666666666667,13,0.5416666666666666
Cli,31,2,Fastazi-S,22,0.9375,2,0.08333333333333333
Cli,31,2,Fastazi-P,22,0.9375,2,0.08333333333333333
Cli,31,2,Random,24,0.2291666666666667,19,0.7916666666666666
Cli,31,3,Ekstazi,22,0.6875000000000001,8,0.3333333333333333
Cli,31,3,FAST,24,0.9375,2,0.08333333333333333
Cli,31,3,Ekstazi+dpt,22,0.3958333333333333,15,0.625
Cli,31,3,DPT,24,0.4791666666666667,13,0.5416666666666666
Cli,31,3,STARTS,23,0.8125,5,0.20833333333333334
Cli,31,3,STARTS+FAST-S,23,0.9375,2,0.08333333333333333
Cli,31,3,STARTS+FAST-P,23,0.9375,2,0.08333333333333333
Cli,31,3,STARTS+DPT,23,0.4791666666666667,13,0.5416666666666666
Cli,31,3,Fastazi-S,22,0.9375,2,0.08333333333333333
Cli,31,3,Fastazi-P,22,0.9375,2,0.08333333333333333
Cli,31,3,Random,24,0.2708333333333333,18,0.75
Cli,31,4,Ekstazi,22,0.14583333333333334,21,0.875
Cli,31,4,FAST,24,0.9375,2,0.08333333333333333
Cli,31,4,Ekstazi+dpt,22,0.3958333333333333,15,0.625
Cli,31,4,DPT,24,0.3541666666666667,16,0.6666666666666666
Cli,31,4,STARTS,23,0.8125,5,0.20833333333333334
Cli,31,4,STARTS+FAST-S,23,0.9375,2,0.08333333333333333
Cli,31,4,STARTS+FAST-P,23,0.9375,2,0.08333333333333333
Cli,31,4,STARTS+DPT,23,0.4791666666666667,13,0.5416666666666666
Cli,31,4,Fastazi-S,22,0.9375,2,0.08333333333333333
Cli,31,4,Fastazi-P,22,0.9375,2,0.08333333333333333
Cli,31,4,Random,24,0.5208333333333334,12,0.5
Cli,31,5,Ekstazi,22,0.31249999999999994,17,0.7083333333333334
Cli,31,5,FAST,24,0.9375,2,0.08333333333333333
Cli,31,5,Ekstazi+dpt,22,0.43749999999999994,14,0.5833333333333334
Cli,31,5,DPT,24,0.43749999999999994,14,0.5833333333333334
Cli,31,5,STARTS,23,0.18749999999999997,20,0.8333333333333334
Cli,31,5,STARTS+FAST-S,23,0.9375,2,0.08333333333333333
Cli,31,5,STARTS+FAST-P,23,0.9375,2,0.08333333333333333
Cli,31,5,STARTS+DPT,23,0.3958333333333333,15,0.625
Cli,31,5,Fastazi-S,22,0.9375,2,0.08333333333333333
Cli,31,5,Fastazi-P,22,0.9375,2,0.08333333333333333
Cli,31,5,Random,24,0.6041666666666666,10,0.4166666666666667
Cli,31,6,Ekstazi,22,0.6875000000000001,8,0.3333333333333333
Cli,31,6,FAST,24,0.9375,2,0.08333333333333333
Cli,31,6,Ekstazi+dpt,22,0.4791666666666667,13,0.5416666666666666
Cli,31,6,DPT,24,0.43749999999999994,14,0.5833333333333334
Cli,31,6,STARTS,23,0.18749999999999997,20,0.8333333333333334
Cli,31,6,STARTS+FAST-S,23,0.9375,2,0.08333333333333333
Cli,31,6,STARTS+FAST-P,23,0.9375,2,0.08333333333333333
Cli,31,6,STARTS+DPT,23,0.3541666666666667,16,0.6666666666666666
Cli,31,6,Fastazi-S,22,0.9375,2,0.08333333333333333
Cli,31,6,Fastazi-P,22,0.9375,2,0.08333333333333333
Cli,31,6,Random,24,0.3958333333333333,15,0.625
Cli,31,7,Ekstazi,22,0.6875000000000001,8,0.3333333333333333
Cli,31,7,FAST,24,0.9375,2,0.08333333333333333
Cli,31,7,Ekstazi+dpt,22,0.3958333333333333,15,0.625
Cli,31,7,DPT,24,0.4791666666666667,13,0.5416666666666666
Cli,31,7,STARTS,23,0.5208333333333334,12,0.5
Cli,31,7,STARTS+FAST-S,23,0.9375,2,0.08333333333333333
Cli,31,7,STARTS+FAST-P,23,0.9375,2,0.08333333333333333
Cli,31,7,STARTS+DPT,23,0.4791666666666667,13,0.5416666666666666
Cli,31,7,Fastazi-S,22,0.9375,2,0.08333333333333333
Cli,31,7,Fastazi-P,22,0.9375,2,0.08333333333333333
Cli,31,7,Random,24,0.2291666666666667,19,0.7916666666666666
Cli,31,8,Ekstazi,22,0.2291666666666667,19,0.7916666666666666
Cli,31,8,FAST,24,0.9375,2,0.08333333333333333
Cli,31,8,Ekstazi+dpt,22,0.3958333333333333,15,0.625
Cli,31,8,DPT,24,0.3541666666666667,16,0.6666666666666666
Cli,31,8,STARTS,23,0.31249999999999994,17,0.7083333333333334
Cli,31,8,STARTS+FAST-S,23,0.9375,2,0.08333333333333333
Cli,31,8,STARTS+FAST-P,23,0.9375,2,0.08333333333333333
Cli,31,8,STARTS+DPT,23,0.4791666666666667,13,0.5416666666666666
Cli,31,8,Fastazi-S,22,0.9375,2,0.08333333333333333
Cli,31,8,Fastazi-P,22,0.9375,2,0.08333333333333333
Cli,31,8,Random,24,0.6041666666666666,10,0.4166666666666667
Cli,31,9,Ekstazi,22,0.31249999999999994,17,0.7083333333333334
Cli,31,9,FAST,24,0.9375,2,0.08333333333333333
Cli,31,9,Ekstazi+dpt,22,0.43749999999999994,14,0.5833333333333334
Cli,31,9,DPT,24,0.31249999999999994,17,0.7083333333333334
Cli,31,9,STARTS,23,0.5625000000000001,11,0.4583333333333333
Cli,31,9,STARTS+FAST-S,23,0.9375,2,0.08333333333333333
Cli,31,9,STARTS+FAST-P,23,0.9375,2,0.08333333333333333
Cli,31,9,STARTS+DPT,23,0.43749999999999994,14,0.5833333333333334
Cli,31,9,Fastazi-S,22,0.9375,2,0.08333333333333333
Cli,31,9,Fastazi-P,22,0.9375,2,0.08333333333333333
Cli,31,9,Random,24,0.31249999999999994,17,0.7083333333333334
Cli,31,10,Ekstazi,22,0.8958333333333334,3,0.125
Cli,31,10,FAST,24,0.9375,2,0.08333333333333333
Cli,31,10,Ekstazi+dpt,22,0.3541666666666667,16,0.6666666666666666
Cli,31,10,DPT,24,0.43749999999999994,14,0.5833333333333334
Cli,31,10,STARTS,23,0.6458333333333334,9,0.375
Cli,31,10,STARTS+FAST-S,23,0.9375,2,0.08333333333333333
Cli,31,10,STARTS+FAST-P,23,0.9375,2,0.08333333333333333
Cli,31,10,STARTS+DPT,23,0.4791666666666667,13,0.5416666666666666
Cli,31,10,Fastazi-S,22,0.9375,2,0.08333333333333333
Cli,31,10,Fastazi-P,22,0.9375,2,0.08333333333333333
Cli,31,10,Random,24,0.2708333333333333,18,0.75
Cli,31,11,Ekstazi,22,0.31249999999999994,17,0.7083333333333334
Cli,31,11,FAST,24,0.9375,2,0.08333333333333333
Cli,31,11,Ekstazi+dpt,22,0.3541666666666667,16,0.6666666666666666
Cli,31,11,DPT,24,0.3958333333333333,15,0.625
Cli,31,11,STARTS,23,0.8125,5,0.20833333333333334
Cli,31,11,STARTS+FAST-S,23,0.9375,2,0.08333333333333333
Cli,31,11,STARTS+FAST-P,23,0.9375,2,0.08333333333333333
Cli,31,11,STARTS+DPT,23,0.4791666666666667,13,0.5416666666666666
Cli,31,11,Fastazi-S,22,0.9375,2,0.08333333333333333
Cli,31,11,Fastazi-P,22,0.9375,2,0.08333333333333333
Cli,31,11,Random,24,0.43749999999999994,14,0.5833333333333334
Cli,31,12,Ekstazi,22,0.3541666666666667,16,0.6666666666666666
Cli,31,12,FAST,24,0.9375,2,0.08333333333333333
Cli,31,12,Ekstazi+dpt,22,0.43749999999999994,14,0.5833333333333334
Cli,31,12,DPT,24,0.43749999999999994,14,0.5833333333333334
Cli,31,12,STARTS,23,0.43749999999999994,14,0.5833333333333334
Cli,31,12,STARTS+FAST-S,23,0.9375,2,0.08333333333333333
Cli,31,12,STARTS+FAST-P,23,0.9375,2,0.08333333333333333
Cli,31,12,STARTS+DPT,23,0.43749999999999994,14,0.5833333333333334
Cli,31,12,Fastazi-S,22,0.9375,2,0.08333333333333333
Cli,31,12,Fastazi-P,22,0.9375,2,0.08333333333333333
Cli,31,12,Random,24,0.8125,5,0.20833333333333334
Cli,31,13,Ekstazi,22,0.5625000000000001,11,0.4583333333333333
Cli,31,13,FAST,24,0.9791666666666667,1,0.041666666666666664
Cli,31,13,Ekstazi+dpt,22,0.3958333333333333,15,0.625
Cli,31,13,DPT,24,0.43749999999999994,14,0.5833333333333334
Cli,31,13,STARTS,23,0.9375,2,0.08333333333333333
Cli,31,13,STARTS+FAST-S,23,0.9791666666666667,1,0.041666666666666664
Cli,31,13,STARTS+FAST-P,23,0.9375,2,0.08333333333333333
Cli,31,13,STARTS+DPT,23,0.31249999999999994,17,0.7083333333333334
Cli,31,13,Fastazi-S,22,0.9375,2,0.08333333333333333
Cli,31,13,Fastazi-P,22,0.9791666666666667,1,0.041666666666666664
Cli,31,13,Random,24,0.8125,5,0.20833333333333334
Cli,31,14,Ekstazi,22,0.2708333333333333,18,0.75
Cli,31,14,FAST,24,0.9375,2,0.08333333333333333
Cli,31,14,Ekstazi+dpt,22,0.31249999999999994,17,0.7083333333333334
Cli,31,14,DPT,24,0.3541666666666667,16,0.6666666666666666
Cli,31,14,STARTS,23,0.2291666666666667,19,0.7916666666666666
Cli,31,14,STARTS+FAST-S,23,0.9375,2,0.08333333333333333
Cli,31,14,STARTS+FAST-P,23,0.9375,2,0.08333333333333333
Cli,31,14,STARTS+DPT,23,0.3958333333333333,15,0.625
Cli,31,14,Fastazi-S,22,0.9375,2,0.08333333333333333
Cli,31,14,Fastazi-P,22,0.9375,2,0.08333333333333333
Cli,31,14,Random,24,0.020833333333333332,24,1.0
Cli,31,15,Ekstazi,22,0.5625000000000001,11,0.4583333333333333
Cli,31,15,FAST,24,0.9375,2,0.08333333333333333
Cli,31,15,Ekstazi+dpt,22,0.3541666666666667,16,0.6666666666666666
Cli,31,15,DPT,24,0.31249999999999994,17,0.7083333333333334
Cli,31,15,STARTS,23,0.6875000000000001,8,0.3333333333333333
Cli,31,15,STARTS+FAST-S,23,0.9375,2,0.08333333333333333
Cli,31,15,STARTS+FAST-P,23,0.9375,2,0.08333333333333333
Cli,31,15,STARTS+DPT,23,0.43749999999999994,14,0.5833333333333334
Cli,31,15,Fastazi-S,22,0.9375,2,0.08333333333333333
Cli,31,15,Fastazi-P,22,0.9375,2,0.08333333333333333
Cli,31,15,Random,24,0.6041666666666666,10,0.4166666666666667
Cli,31,16,Ekstazi,22,0.9375,2,0.08333333333333333
Cli,31,16,FAST,24,0.9375,2,0.08333333333333333
Cli,31,16,Ekstazi+dpt,22,0.3541666666666667,16,0.6666666666666666
Cli,31,16,DPT,24,0.31249999999999994,17,0.7083333333333334
Cli,31,16,STARTS,23,0.2291666666666667,19,0.7916666666666666
Cli,31,16,STARTS+FAST-S,23,0.9375,2,0.08333333333333333
Cli,31,16,STARTS+FAST-P,23,0.9375,2,0.08333333333333333
Cli,31,16,STARTS+DPT,23,0.3541666666666667,16,0.6666666666666666
Cli,31,16,Fastazi-S,22,0.9375,2,0.08333333333333333
Cli,31,16,Fastazi-P,22,0.9375,2,0.08333333333333333
Cli,31,16,Random,24,0.31249999999999994,17,0.7083333333333334
Cli,31,17,Ekstazi,22,0.2708333333333333,18,0.75
Cli,31,17,FAST,24,0.9375,2,0.08333333333333333
Cli,31,17,Ekstazi+dpt,22,0.4791666666666667,13,0.5416666666666666
Cli,31,17,DPT,24,0.4791666666666667,13,0.5416666666666666
Cli,31,17,STARTS,23,0.6875000000000001,8,0.3333333333333333
Cli,31,17,STARTS+FAST-S,23,0.9375,2,0.08333333333333333
Cli,31,17,STARTS+FAST-P,23,0.9375,2,0.08333333333333333
Cli,31,17,STARTS+DPT,23,0.4791666666666667,13,0.5416666666666666
Cli,31,17,Fastazi-S,22,0.9375,2,0.08333333333333333
Cli,31,17,Fastazi-P,22,0.9375,2,0.08333333333333333
Cli,31,17,Random,24,0.14583333333333334,21,0.875
Cli,31,18,Ekstazi,22,0.6875000000000001,8,0.3333333333333333
Cli,31,18,FAST,24,0.9375,2,0.08333333333333333
Cli,31,18,Ekstazi+dpt,22,0.43749999999999994,14,0.5833333333333334
Cli,31,18,DPT,24,0.4791666666666667,13,0.5416666666666666
Cli,31,18,STARTS,23,0.7708333333333334,6,0.25
Cli,31,18,STARTS+FAST-S,23,0.9375,2,0.08333333333333333
Cli,31,18,STARTS+FAST-P,23,0.9375,2,0.08333333333333333
Cli,31,18,STARTS+DPT,23,0.43749999999999994,14,0.5833333333333334
Cli,31,18,Fastazi-S,22,0.9375,2,0.08333333333333333
Cli,31,18,Fastazi-P,22,0.9375,2,0.08333333333333333
Cli,31,18,Random,24,0.5208333333333334,12,0.5
Cli,31,19,Ekstazi,22,0.18749999999999997,20,0.8333333333333334
Cli,31,19,FAST,24,0.9375,2,0.08333333333333333
Cli,31,19,Ekstazi+dpt,22,0.3958333333333333,15,0.625
Cli,31,19,DPT,24,0.43749999999999994,14,0.5833333333333334
Cli,31,19,STARTS,23,0.7291666666666666,7,0.2916666666666667
Cli,31,19,STARTS+FAST-S,23,0.9375,2,0.08333333333333333
Cli,31,19,STARTS+FAST-P,23,0.9791666666666667,1,0.041666666666666664
Cli,31,19,STARTS+DPT,23,0.31249999999999994,17,0.7083333333333334
Cli,31,19,Fastazi-S,22,0.9375,2,0.08333333333333333
Cli,31,19,Fastazi-P,22,0.9791666666666667,1,0.041666666666666664
Cli,31,19,Random,24,0.4791666666666667,13,0.5416666666666666
Cli,31,20,Ekstazi,22,0.2291666666666667,19,0.7916666666666666
Cli,31,20,FAST,24,0.9375,2,0.08333333333333333
Cli,31,20,Ekstazi+dpt,22,0.4791666666666667,13,0.5416666666666666
Cli,31,20,DPT,24,0.3958333333333333,15,0.625
Cli,31,20,STARTS,23,0.3541666666666667,16,0.6666666666666666
Cli,31,20,STARTS+FAST-S,23,0.9375,2,0.08333333333333333
Cli,31,20,STARTS+FAST-P,23,0.9375,2,0.08333333333333333
Cli,31,20,STARTS+DPT,23,0.3541666666666667,16,0.6666666666666666
Cli,31,20,Fastazi-S,22,0.9375,2,0.08333333333333333
Cli,31,20,Fastazi-P,22,0.9375,2,0.08333333333333333
Cli,31,20,Random,24,0.5625000000000001,11,0.4583333333333333
Cli,31,21,Ekstazi,22,0.6875000000000001,8,0.3333333333333333
Cli,31,21,FAST,24,0.9375,2,0.08333333333333333
Cli,31,21,Ekstazi+dpt,22,0.3958333333333333,15,0.625
Cli,31,21,DPT,24,0.3958333333333333,15,0.625
Cli,31,21,STARTS,23,0.8125,5,0.20833333333333334
Cli,31,21,STARTS+FAST-S,23,0.9375,2,0.08333333333333333
Cli,31,21,STARTS+FAST-P,23,0.9375,2,0.08333333333333333
Cli,31,21,STARTS+DPT,23,0.4791666666666667,13,0.5416666666666666
Cli,31,21,Fastazi-S,22,0.9375,2,0.08333333333333333
Cli,31,21,Fastazi-P,22,0.9375,2,0.08333333333333333
Cli,31,21,Random,24,0.14583333333333334,21,0.875
Cli,31,22,Ekstazi,22,0.1041666666666667,22,0.9166666666666666
Cli,31,22,FAST,24,0.9375,2,0.08333333333333333
Cli,31,22,Ekstazi+dpt,22,0.43749999999999994,14,0.5833333333333334
Cli,31,22,DPT,24,0.43749999999999994,14,0.5833333333333334
Cli,31,22,STARTS,23,0.9375,2,0.08333333333333333
Cli,31,22,STARTS+FAST-S,23,0.9375,2,0.08333333333333333
Cli,31,22,STARTS+FAST-P,23,0.9375,2,0.08333333333333333
Cli,31,22,STARTS+DPT,23,0.3958333333333333,15,0.625
Cli,31,22,Fastazi-S,22,0.9375,2,0.08333333333333333
Cli,31,22,Fastazi-P,22,0.9375,2,0.08333333333333333
Cli,31,22,Random,24,0.1041666666666667,22,0.9166666666666666
Cli,31,23,Ekstazi,22,0.6458333333333334,9,0.375
Cli,31,23,FAST,24,0.9375,2,0.08333333333333333
Cli,31,23,Ekstazi+dpt,22,0.3958333333333333,15,0.625
Cli,31,23,DPT,24,0.31249999999999994,17,0.7083333333333334
Cli,31,23,STARTS,23,0.06249999999999996,23,0.9583333333333334
Cli,31,23,STARTS+FAST-S,23,0.9375,2,0.08333333333333333
Cli,31,23,STARTS+FAST-P,23,0.9375,2,0.08333333333333333
Cli,31,23,STARTS+DPT,23,0.3541666666666667,16,0.6666666666666666
Cli,31,23,Fastazi-S,22,0.9375,2,0.08333333333333333
Cli,31,23,Fastazi-P,22,0.9375,2,0.08333333333333333
Cli,31,23,Random,24,0.1041666666666667,22,0.9166666666666666
Cli,31,24,Ekstazi,22,0.2708333333333333,18,0.75
Cli,31,24,FAST,24,0.9375,2,0.08333333333333333
Cli,31,24,Ekstazi+dpt,22,0.3958333333333333,15,0.625
Cli,31,24,DPT,24,0.43749999999999994,14,0.5833333333333334
Cli,31,24,STARTS,23,0.8125,5,0.20833333333333334
Cli,31,24,STARTS+FAST-S,23,0.9375,2,0.08333333333333333
Cli,31,24,STARTS+FAST-P,23,0.9375,2,0.08333333333333333
Cli,31,24,STARTS+DPT,23,0.31249999999999994,17,0.7083333333333334
Cli,31,24,Fastazi-S,22,0.9375,2,0.08333333333333333
Cli,31,24,Fastazi-P,22,0.9375,2,0.08333333333333333
Cli,31,24,Random,24,0.8958333333333334,3,0.125
Cli,31,25,Ekstazi,22,0.31249999999999994,17,0.7083333333333334
Cli,31,25,FAST,24,0.9375,2,0.08333333333333333
Cli,31,25,Ekstazi+dpt,22,0.4791666666666667,13,0.5416666666666666
Cli,31,25,DPT,24,0.43749999999999994,14,0.5833333333333334
Cli,31,25,STARTS,23,0.18749999999999997,20,0.8333333333333334
Cli,31,25,STARTS+FAST-S,23,0.9375,2,0.08333333333333333
Cli,31,25,STARTS+FAST-P,23,0.9791666666666667,1,0.041666666666666664
Cli,31,25,STARTS+DPT,23,0.4791666666666667,13,0.5416666666666666
Cli,31,25,Fastazi-S,22,0.9375,2,0.08333333333333333
Cli,31,25,Fastazi-P,22,0.9375,2,0.08333333333333333
Cli,31,25,Random,24,0.3541666666666667,16,0.6666666666666666
Cli,31,26,Ekstazi,22,0.3541666666666667,16,0.6666666666666666
Cli,31,26,FAST,24,0.9375,2,0.08333333333333333
Cli,31,26,Ekstazi+dpt,22,0.3541666666666667,16,0.6666666666666666
Cli,31,26,DPT,24,0.31249999999999994,17,0.7083333333333334
Cli,31,26,STARTS,23,0.9375,2,0.08333333333333333
Cli,31,26,STARTS+FAST-S,23,0.9375,2,0.08333333333333333
Cli,31,26,STARTS+FAST-P,23,0.9375,2,0.08333333333333333
Cli,31,26,STARTS+DPT,23,0.43749999999999994,14,0.5833333333333334
Cli,31,26,Fastazi-S,22,0.9375,2,0.08333333333333333
Cli,31,26,Fastazi-P,22,0.9375,2,0.08333333333333333
Cli,31,26,Random,24,0.9375,2,0.08333333333333333
Cli,31,27,Ekstazi,22,0.6875000000000001,8,0.3333333333333333
Cli,31,27,FAST,24,0.9375,2,0.08333333333333333
Cli,31,27,Ekstazi+dpt,22,0.4791666666666667,13,0.5416666666666666
Cli,31,27,DPT,24,0.31249999999999994,17,0.7083333333333334
Cli,31,27,STARTS,23,0.2291666666666667,19,0.7916666666666666
Cli,31,27,STARTS+FAST-S,23,0.9375,2,0.08333333333333333
Cli,31,27,STARTS+FAST-P,23,0.9375,2,0.08333333333333333
Cli,31,27,STARTS+DPT,23,0.3958333333333333,15,0.625
Cli,31,27,Fastazi-S,22,0.9375,2,0.08333333333333333
Cli,31,27,Fastazi-P,22,0.9375,2,0.08333333333333333
Cli,31,27,Random,24,0.8541666666666667,4,0.16666666666666666
Cli,31,28,Ekstazi,22,0.14583333333333334,21,0.875
Cli,31,28,FAST,24,0.9375,2,0.08333333333333333
Cli,31,28,Ekstazi+dpt,22,0.31249999999999994,17,0.7083333333333334
Cli,31,28,DPT,24,0.3958333333333333,15,0.625
Cli,31,28,STARTS,23,0.14583333333333334,21,0.875
Cli,31,28,STARTS+FAST-S,23,0.9375,2,0.08333333333333333
Cli,31,28,STARTS+FAST-P,23,0.9375,2,0.08333333333333333
Cli,31,28,STARTS+DPT,23,0.3958333333333333,15,0.625
Cli,31,28,Fastazi-S,22,0.9375,2,0.08333333333333333
Cli,31,28,Fastazi-P,22,0.9375,2,0.08333333333333333
Cli,31,28,Random,24,0.06249999999999996,23,0.9583333333333334
Cli,31,29,Ekstazi,22,0.4791666666666667,13,0.5416666666666666
Cli,31,29,FAST,24,0.9375,2,0.08333333333333333
Cli,31,29,Ekstazi+dpt,22,0.3958333333333333,15,0.625
Cli,31,29,DPT,24,0.3541666666666667,16,0.6666666666666666
Cli,31,29,STARTS,23,0.8958333333333334,3,0.125
Cli,31,29,STARTS+FAST-S,23,0.9375,2,0.08333333333333333
Cli,31,29,STARTS+FAST-P,23,0.9375,2,0.08333333333333333
Cli,31,29,STARTS+DPT,23,0.31249999999999994,17,0.7083333333333334
Cli,31,29,Fastazi-S,22,0.9375,2,0.08333333333333333
Cli,31,29,Fastazi-P,22,0.9375,2,0.08333333333333333
Cli,31,29,Random,24,0.6458333333333334,9,0.375
Cli,31,30,Ekstazi,22,0.43749999999999994,14,0.5833333333333334
Cli,31,30,FAST,24,0.9375,2,0.08333333333333333
Cli,31,30,Ekstazi+dpt,22,0.43749999999999994,14,0.5833333333333334
Cli,31,30,DPT,24,0.31249999999999994,17,0.7083333333333334
Cli,31,30,STARTS,23,0.06249999999999996,23,0.9583333333333334
Cli,31,30,STARTS+FAST-S,23,0.9375,2,0.08333333333333333
Cli,31,30,STARTS+FAST-P,23,0.9375,2,0.08333333333333333
Cli,31,30,STARTS+DPT,23,0.3958333333333333,15,0.625
Cli,31,30,Fastazi-S,22,0.9375,2,0.08333333333333333
Cli,31,30,Fastazi-P,22,0.9375,2,0.08333333333333333
Cli,31,30,Random,24,0.06249999999999996,23,0.9583333333333334
Cli,32,1,Ekstazi,5,0.9791666666666667,1,0.041666666666666664
Cli,32,1,FAST,24,0.9375,2,0.08333333333333333
Cli,32,1,Ekstazi+dpt,5,0.8958333333333334,3,0.125
Cli,32,1,DPT,24,0.4791666666666667,13,0.5416666666666666
Cli,32,1,STARTS,5,0.9375,2,0.08333333333333333
Cli,32,1,STARTS+FAST-S,5,0.9375,2,0.08333333333333333
Cli,32,1,STARTS+FAST-P,5,0.9791666666666667,1,0.041666666666666664
Cli,32,1,STARTS+DPT,5,0.8958333333333334,3,0.125
Cli,32,1,Fastazi-S,5,0.9375,2,0.08333333333333333
Cli,32,1,Fastazi-P,5,0.9375,2,0.08333333333333333
Cli,32,1,Random,24,0.14583333333333334,21,0.875
Cli,32,2,Ekstazi,5,0.9791666666666667,1,0.041666666666666664
Cli,32,2,FAST,24,0.9375,2,0.08333333333333333
Cli,32,2,Ekstazi+dpt,5,0.8958333333333334,3,0.125
Cli,32,2,DPT,24,0.43749999999999994,14,0.5833333333333334
Cli,32,2,STARTS,5,0.9791666666666667,1,0.041666666666666664
Cli,32,2,STARTS+FAST-S,5,0.9375,2,0.08333333333333333
Cli,32,2,STARTS+FAST-P,5,0.9791666666666667,1,0.041666666666666664
Cli,32,2,STARTS+DPT,5,0.8958333333333334,3,0.125
Cli,32,2,Fastazi-S,5,0.9375,2,0.08333333333333333
Cli,32,2,Fastazi-P,5,0.9791666666666667,1,0.041666666666666664
Cli,32,2,Random,24,0.43749999999999994,14,0.5833333333333334
Cli,32,3,Ekstazi,5,0.8541666666666667,4,0.16666666666666666
Cli,32,3,FAST,24,0.9375,2,0.08333333333333333
Cli,32,3,Ekstazi+dpt,5,0.8958333333333334,3,0.125
Cli,32,3,DPT,24,0.4791666666666667,13,0.5416666666666666
Cli,32,3,STARTS,5,0.9791666666666667,1,0.041666666666666664
Cli,32,3,STARTS+FAST-S,5,0.9375,2,0.08333333333333333
Cli,32,3,STARTS+FAST-P,5,0.9375,2,0.08333333333333333
Cli,32,3,STARTS+DPT,5,0.8958333333333334,3,0.125
Cli,32,3,Fastazi-S,5,0.9375,2,0.08333333333333333
Cli,32,3,Fastazi-P,5,0.9791666666666667,1,0.041666666666666664
Cli,32,3,Random,24,0.6875000000000001,8,0.3333333333333333
Cli,32,4,Ekstazi,5,0.9791666666666667,1,0.041666666666666664
Cli,32,4,FAST,24,0.9791666666666667,1,0.041666666666666664
Cli,32,4,Ekstazi+dpt,5,0.8958333333333334,3,0.125
Cli,32,4,DPT,24,0.31249999999999994,17,0.7083333333333334
Cli,32,4,STARTS,5,0.8958333333333334,3,0.125
Cli,32,4,STARTS+FAST-S,5,0.9791666666666667,1,0.041666666666666664
Cli,32,4,STARTS+FAST-P,5,0.9791666666666667,1,0.041666666666666664
Cli,32,4,STARTS+DPT,5,0.8958333333333334,3,0.125
Cli,32,4,Fastazi-S,5,0.9375,2,0.08333333333333333
Cli,32,4,Fastazi-P,5,0.9791666666666667,1,0.041666666666666664
Cli,32,4,Random,24,0.5208333333333334,12,0.5
Cli,32,5,Ekstazi,5,0.9791666666666667,1,0.041666666666666664
Cli,32,5,FAST,24,0.9375,2,0.08333333333333333
Cli,32,5,Ekstazi+dpt,5,0.8958333333333334,3,0.125
Cli,32,5,DPT,24,0.3958333333333333,15,0.625
Cli,32,5,STARTS,5,0.8541666666666667,4,0.16666666666666666
Cli,32,5,STARTS+FAST-S,5,0.9375,2,0.08333333333333333
Cli,32,5,STARTS+FAST-P,5,0.9791666666666667,1,0.041666666666666664
Cli,32,5,STARTS+DPT,5,0.8958333333333334,3,0.125
Cli,32,5,Fastazi-S,5,0.9375,2,0.08333333333333333
Cli,32,5,Fastazi-P,5,0.9791666666666667,1,0.041666666666666664
Cli,32,5,Random,24,0.14583333333333334,21,0.875
Cli,32,6,Ekstazi,5,0.9791666666666667,1,0.041666666666666664
Cli,32,6,FAST,24,0.9375,2,0.08333333333333333
Cli,32,6,Ekstazi+dpt,5,0.8958333333333334,3,0.125
Cli,32,6,DPT,24,0.3958333333333333,15,0.625
Cli,32,6,STARTS,5,0.9375,2,0.08333333333333333
Cli,32,6,STARTS+FAST-S,5,0.9791666666666667,1,0.041666666666666664
Cli,32,6,STARTS+FAST-P,5,0.9375,2,0.08333333333333333
Cli,32,6,STARTS+DPT,5,0.8958333333333334,3,0.125
Cli,32,6,Fastazi-S,5,0.9375,2,0.08333333333333333
Cli,32,6,Fastazi-P,5,0.9375,2,0.08333333333333333
Cli,32,6,Random,24,0.7708333333333334,6,0.25
Cli,32,7,Ekstazi,5,0.8541666666666667,4,0.16666666666666666
Cli,32,7,FAST,24,0.9375,2,0.08333333333333333
Cli,32,7,Ekstazi+dpt,5,0.8958333333333334,3,0.125
Cli,32,7,DPT,24,0.3958333333333333,15,0.625
Cli,32,7,STARTS,5,0.9791666666666667,1,0.041666666666666664
Cli,32,7,STARTS+FAST-S,5,0.9375,2,0.08333333333333333
Cli,32,7,STARTS+FAST-P,5,0.9791666666666667,1,0.041666666666666664
Cli,32,7,STARTS+DPT,5,0.8958333333333334,3,0.125
Cli,32,7,Fastazi-S,5,0.9375,2,0.08333333333333333
Cli,32,7,Fastazi-P,5,0.9375,2,0.08333333333333333
Cli,32,7,Random,24,0.3541666666666667,16,0.6666666666666666
Cli,32,8,Ekstazi,5,0.8125,5,0.20833333333333334
Cli,32,8,FAST,24,0.9375,2,0.08333333333333333
Cli,32,8,Ekstazi+dpt,5,0.8958333333333334,3,0.125
Cli,32,8,DPT,24,0.31249999999999994,17,0.7083333333333334
Cli,32,8,STARTS,5,0.8958333333333334,3,0.125
Cli,32,8,STARTS+FAST-S,5,0.9375,2,0.08333333333333333
Cli,32,8,STARTS+FAST-P,5,0.9375,2,0.08333333333333333
Cli,32,8,STARTS+DPT,5,0.8958333333333334,3,0.125
Cli,32,8,Fastazi-S,5,0.9375,2,0.08333333333333333
Cli,32,8,Fastazi-P,5,0.9791666666666667,1,0.041666666666666664
Cli,32,8,Random,24,0.5208333333333334,12,0.5
Cli,32,9,Ekstazi,5,0.8541666666666667,4,0.16666666666666666
Cli,32,9,FAST,24,0.9375,2,0.08333333333333333
Cli,32,9,Ekstazi+dpt,5,0.8958333333333334,3,0.125
Cli,32,9,DPT,24,0.43749999999999994,14,0.5833333333333334
Cli,32,9,STARTS,5,0.9375,2,0.08333333333333333
Cli,32,9,STARTS+FAST-S,5,0.9375,2,0.08333333333333333
Cli,32,9,STARTS+FAST-P,5,0.9791666666666667,1,0.041666666666666664
Cli,32,9,STARTS+DPT,5,0.8958333333333334,3,0.125
Cli,32,9,Fastazi-S,5,0.9791666666666667,1,0.041666666666666664
Cli,32,9,Fastazi-P,5,0.9791666666666667,1,0.041666666666666664
Cli,32,9,Random,24,0.06249999999999996,23,0.9583333333333334
Cli,32,10,Ekstazi,5,0.9375,2,0.08333333333333333
Cli,32,10,FAST,24,0.9375,2,0.08333333333333333
Cli,32,10,Ekstazi+dpt,5,0.8958333333333334,3,0.125
Cli,32,10,DPT,24,0.3541666666666667,16,0.6666666666666666
Cli,32,10,STARTS,5,0.8541666666666667,4,0.16666666666666666
Cli,32,10,STARTS+FAST-S,5,0.9375,2,0.08333333333333333
Cli,32,10,STARTS+FAST-P,5,0.9375,2,0.08333333333333333
Cli,32,10,STARTS+DPT,5,0.8958333333333334,3,0.125
Cli,32,10,Fastazi-S,5,0.9375,2,0.08333333333333333
Cli,32,10,Fastazi-P,5,0.9791666666666667,1,0.041666666666666664
Cli,32,10,Random,24,0.020833333333333332,24,1.0
Cli,32,11,Ekstazi,5,0.9375,2,0.08333333333333333
Cli,32,11,FAST,24,0.9375,2,0.08333333333333333
Cli,32,11,Ekstazi+dpt,5,0.8958333333333334,3,0.125
Cli,32,11,DPT,24,0.3541666666666667,16,0.6666666666666666
Cli,32,11,STARTS,5,0.9791666666666667,1,0.041666666666666664
Cli,32,11,STARTS+FAST-S,5,0.9375,2,0.08333333333333333
Cli,32,11,STARTS+FAST-P,5,0.9375,2,0.08333333333333333
Cli,32,11,STARTS+DPT,5,0.8958333333333334,3,0.125
Cli,32,11,Fastazi-S,5,0.9791666666666667,1,0.041666666666666664
Cli,32,11,Fastazi-P,5,0.9791666666666667,1,0.041666666666666664
Cli,32,11,Random,24,0.06249999999999996,23,0.9583333333333334
Cli,32,12,Ekstazi,5,0.9375,2,0.08333333333333333
Cli,32,12,FAST,24,0.9375,2,0.08333333333333333
Cli,32,12,Ekstazi+dpt,5,0.8958333333333334,3,0.125
Cli,32,12,DPT,24,0.4791666666666667,13,0.5416666666666666
Cli,32,12,STARTS,5,0.8958333333333334,3,0.125
Cli,32,12,STARTS+FAST-S,5,0.9375,2,0.08333333333333333
Cli,32,12,STARTS+FAST-P,5,0.9791666666666667,1,0.041666666666666664
Cli,32,12,STARTS+DPT,5,0.8958333333333334,3,0.125
Cli,32,12,Fastazi-S,5,0.9375,2,0.08333333333333333
Cli,32,12,Fastazi-P,5,0.9791666666666667,1,0.041666666666666664
Cli,32,12,Random,24,0.6875000000000001,8,0.3333333333333333
Cli,32,13,Ekstazi,5,0.9791666666666667,1,0.041666666666666664
Cli,32,13,FAST,24,0.9375,2,0.08333333333333333
Cli,32,13,Ekstazi+dpt,5,0.8958333333333334,3,0.125
Cli,32,13,DPT,24,0.43749999999999994,14,0.5833333333333334
Cli,32,13,STARTS,5,0.8125,5,0.20833333333333334
Cli,32,13,STARTS+FAST-S,5,0.9375,2,0.08333333333333333
Cli,32,13,STARTS+FAST-P,5,0.9791666666666667,1,0.041666666666666664
Cli,32,13,STARTS+DPT,5,0.8958333333333334,3,0.125
Cli,32,13,Fastazi-S,5,0.9375,2,0.08333333333333333
Cli,32,13,Fastazi-P,5,0.9791666666666667,1,0.041666666666666664
Cli,32,13,Random,24,0.8125,5,0.20833333333333334
Cli,32,14,Ekstazi,5,0.9791666666666667,1,0.041666666666666664
Cli,32,14,FAST,24,0.9375,2,0.08333333333333333
Cli,32,14,Ekstazi+dpt,5,0.8958333333333334,3,0.125
Cli,32,14,DPT,24,0.4791666666666667,13,0.5416666666666666
Cli,32,14,STARTS,5,0.8541666666666667,4,0.16666666666666666
Cli,32,14,STARTS+FAST-S,5,0.9375,2,0.08333333333333333
Cli,32,14,STARTS+FAST-P,5,0.9791666666666667,1,0.041666666666666664
Cli,32,14,STARTS+DPT,5,0.8958333333333334,3,0.125
Cli,32,14,Fastazi-S,5,0.9375,2,0.08333333333333333
Cli,32,14,Fastazi-P,5,0.9791666666666667,1,0.041666666666666664
Cli,32,14,Random,24,0.3541666666666667,16,0.6666666666666666
Cli,32,15,Ekstazi,5,0.9375,2,0.08333333333333333
Cli,32,15,FAST,24,0.9375,2,0.08333333333333333
Cli,32,15,Ekstazi+dpt,5,0.8958333333333334,3,0.125
Cli,32,15,DPT,24,0.3958333333333333,15,0.625
Cli,32,15,STARTS,5,0.8541666666666667,4,0.16666666666666666
Cli,32,15,STARTS+FAST-S,5,0.9791666666666667,1,0.041666666666666664
Cli,32,15,STARTS+FAST-P,5,0.9791666666666667,1,0.041666666666666664
Cli,32,15,STARTS+DPT,5,0.8958333333333334,3,0.125
Cli,32,15,Fastazi-S,5,0.9791666666666667,1,0.041666666666666664
Cli,32,15,Fastazi-P,5,0.9791666666666667,1,0.041666666666666664
Cli,32,15,Random,24,0.31249999999999994,17,0.7083333333333334
Cli,32,16,Ekstazi,5,0.8958333333333334,3,0.125
Cli,32,16,FAST,24,0.9375,2,0.08333333333333333
Cli,32,16,Ekstazi+dpt,5,0.8958333333333334,3,0.125
Cli,32,16,DPT,24,0.31249999999999994,17,0.7083333333333334
Cli,32,16,STARTS,5,0.9791666666666667,1,0.041666666666666664
Cli,32,16,STARTS+FAST-S,5,0.9375,2,0.08333333333333333
Cli,32,16,STARTS+FAST-P,5,0.9791666666666667,1,0.041666666666666664
Cli,32,16,STARTS+DPT,5,0.8958333333333334,3,0.125
Cli,32,16,Fastazi-S,5,0.9375,2,0.08333333333333333
Cli,32,16,Fastazi-P,5,0.9791666666666667,1,0.041666666666666664
Cli,32,16,Random,24,0.18749999999999997,20,0.8333333333333334
Cli,32,17,Ekstazi,5,0.9375,2,0.08333333333333333
Cli,32,17,FAST,24,0.9375,2,0.08333333333333333
Cli,32,17,Ekstazi+dpt,5,0.8958333333333334,3,0.125
Cli,32,17,DPT,24,0.4791666666666667,13,0.5416666666666666
Cli,32,17,STARTS,5,0.8125,5,0.20833333333333334
Cli,32,17,STARTS+FAST-S,5,0.9375,2,0.08333333333333333
Cli,32,17,STARTS+FAST-P,5,0.9375,2,0.08333333333333333
Cli,32,17,STARTS+DPT,5,0.8958333333333334,3,0.125
Cli,32,17,Fastazi-S,5,0.9375,2,0.08333333333333333
Cli,32,17,Fastazi-P,5,0.9791666666666667,1,0.041666666666666664
Cli,32,17,Random,24,0.43749999999999994,14,0.5833333333333334
Cli,32,18,Ekstazi,5,0.8958333333333334,3,0.125
Cli,32,18,FAST,24,0.9375,2,0.08333333333333333
Cli,32,18,Ekstazi+dpt,5,0.8958333333333334,3,0.125
Cli,32,18,DPT,24,0.3958333333333333,15,0.625
Cli,32,18,STARTS,5,0.9375,2,0.08333333333333333
Cli,32,18,STARTS+FAST-S,5,0.9375,2,0.08333333333333333
Cli,32,18,STARTS+FAST-P,5,0.9375,2,0.08333333333333333
Cli,32,18,STARTS+DPT,5,0.8958333333333334,3,0.125
Cli,32,18,Fastazi-S,5,0.9375,2,0.08333333333333333
Cli,32,18,Fastazi-P,5,0.9791666666666667,1,0.041666666666666664
Cli,32,18,Random,24,0.8125,5,0.20833333333333334
Cli,32,19,Ekstazi,5,0.9375,2,0.08333333333333333
Cli,32,19,FAST,24,0.9375,2,0.08333333333333333
Cli,32,19,Ekstazi+dpt,5,0.8958333333333334,3,0.125
Cli,32,19,DPT,24,0.43749999999999994,14,0.5833333333333334
Cli,32,19,STARTS,5,0.8541666666666667,4,0.16666666666666666
Cli,32,19,STARTS+FAST-S,5,0.9375,2,0.08333333333333333
Cli,32,19,STARTS+FAST-P,5,0.9791666666666667,1,0.041666666666666664
Cli,32,19,STARTS+DPT,5,0.8958333333333334,3,0.125
Cli,32,19,Fastazi-S,5,0.9375,2,0.08333333333333333
Cli,32,19,Fastazi-P,5,0.9375,2,0.08333333333333333
Cli,32,19,Random,24,0.9791666666666667,1,0.041666666666666664
Cli,32,20,Ekstazi,5,0.9375,2,0.08333333333333333
Cli,32,20,FAST,24,0.9375,2,0.08333333333333333
Cli,32,20,Ekstazi+dpt,5,0.8958333333333334,3,0.125
Cli,32,20,DPT,24,0.3541666666666667,16,0.6666666666666666
Cli,32,20,STARTS,5,0.9375,2,0.08333333333333333
Cli,32,20,STARTS+FAST-S,5,0.9791666666666667,1,0.041666666666666664
Cli,32,20,STARTS+FAST-P,5,0.9791666666666667,1,0.041666666666666664
Cli,32,20,STARTS+DPT,5,0.8958333333333334,3,0.125
Cli,32,20,Fastazi-S,5,0.9791666666666667,1,0.041666666666666664
Cli,32,20,Fastazi-P,5,0.9791666666666667,1,0.041666666666666664
Cli,32,20,Random,24,0.8958333333333334,3,0.125
Cli,32,21,Ekstazi,5,0.9375,2,0.08333333333333333
Cli,32,21,FAST,24,0.9375,2,0.08333333333333333
Cli,32,21,Ekstazi+dpt,5,0.8958333333333334,3,0.125
Cli,32,21,DPT,24,0.31249999999999994,17,0.7083333333333334
Cli,32,21,STARTS,5,0.9375,2,0.08333333333333333
Cli,32,21,STARTS+FAST-S,5,0.9791666666666667,1,0.041666666666666664
Cli,32,21,STARTS+FAST-P,5,0.9791666666666667,1,0.041666666666666664
Cli,32,21,STARTS+DPT,5,0.8958333333333334,3,0.125
Cli,32,21,Fastazi-S,5,0.9375,2,0.08333333333333333
Cli,32,21,Fastazi-P,5,0.9375,2,0.08333333333333333
Cli,32,21,Random,24,0.43749999999999994,14,0.5833333333333334
Cli,32,22,Ekstazi,5,0.9791666666666667,1,0.041666666666666664
Cli,32,22,FAST,24,0.9375,2,0.08333333333333333
Cli,32,22,Ekstazi+dpt,5,0.8958333333333334,3,0.125
Cli,32,22,DPT,24,0.43749999999999994,14,0.5833333333333334
Cli,32,22,STARTS,5,0.8958333333333334,3,0.125
Cli,32,22,STARTS+FAST-S,5,0.9375,2,0.08333333333333333
Cli,32,22,STARTS+FAST-P,5,0.9791666666666667,1,0.041666666666666664
Cli,32,22,STARTS+DPT,5,0.8958333333333334,3,0.125
Cli,32,22,Fastazi-S,5,0.9375,2,0.08333333333333333
Cli,32,22,Fastazi-P,5,0.9791666666666667,1,0.041666666666666664
Cli,32,22,Random,24,0.1041666666666667,22,0.9166666666666666
Cli,32,23,Ekstazi,5,0.9791666666666667,1,0.041666666666666664
Cli,32,23,FAST,24,0.9791666666666667,1,0.041666666666666664
Cli,32,23,Ekstazi+dpt,5,0.8958333333333334,3,0.125
Cli,32,23,DPT,24,0.3958333333333333,15,0.625
Cli,32,23,STARTS,5,0.9375,2,0.08333333333333333
Cli,32,23,STARTS+FAST-S,5,0.9375,2,0.08333333333333333
Cli,32,23,STARTS+FAST-P,5,0.9791666666666667,1,0.041666666666666664
Cli,32,23,STARTS+DPT,5,0.8958333333333334,3,0.125
Cli,32,23,Fastazi-S,5,0.9375,2,0.08333333333333333
Cli,32,23,Fastazi-P,5,0.9791666666666667,1,0.041666666666666664
Cli,32,23,Random,24,0.9375,2,0.08333333333333333
Cli,32,24,Ekstazi,5,0.8958333333333334,3,0.125
Cli,32,24,FAST,24,0.9375,2,0.08333333333333333
Cli,32,24,Ekstazi+dpt,5,0.8958333333333334,3,0.125
Cli,32,24,DPT,24,0.31249999999999994,17,0.7083333333333334
Cli,32,24,STARTS,5,0.8125,5,0.20833333333333334
Cli,32,24,STARTS+FAST-S,5,0.9375,2,0.08333333333333333
Cli,32,24,STARTS+FAST-P,5,0.9791666666666667,1,0.041666666666666664
Cli,32,24,STARTS+DPT,5,0.8958333333333334,3,0.125
Cli,32,24,Fastazi-S,5,0.9791666666666667,1,0.041666666666666664
Cli,32,24,Fastazi-P,5,0.9791666666666667,1,0.041666666666666664
Cli,32,24,Random,24,0.3541666666666667,16,0.6666666666666666
Cli,32,25,Ekstazi,5,0.9791666666666667,1,0.041666666666666664
Cli,32,25,FAST,24,0.9375,2,0.08333333333333333
Cli,32,25,Ekstazi+dpt,5,0.8958333333333334,3,0.125
Cli,32,25,DPT,24,0.31249999999999994,17,0.7083333333333334
Cli,32,25,STARTS,5,0.8541666666666667,4,0.16666666666666666
Cli,32,25,STARTS+FAST-S,5,0.9375,2,0.08333333333333333
Cli,32,25,STARTS+FAST-P,5,0.9791666666666667,1,0.041666666666666664
Cli,32,25,STARTS+DPT,5,0.8958333333333334,3,0.125
Cli,32,25,Fastazi-S,5,0.9375,2,0.08333333333333333
Cli,32,25,Fastazi-P,5,0.9791666666666667,1,0.041666666666666664
Cli,32,25,Random,24,0.7291666666666666,7,0.2916666666666667
Cli,32,26,Ekstazi,5,0.8125,5,0.20833333333333334
Cli,32,26,FAST,24,0.9375,2,0.08333333333333333
Cli,32,26,Ekstazi+dpt,5,0.8958333333333334,3,0.125
Cli,32,26,DPT,24,0.4791666666666667,13,0.5416666666666666
Cli,32,26,STARTS,5,0.8125,5,0.20833333333333334
Cli,32,26,STARTS+FAST-S,5,0.9375,2,0.08333333333333333
Cli,32,26,STARTS+FAST-P,5,0.9791666666666667,1,0.041666666666666664
Cli,32,26,STARTS+DPT,5,0.8958333333333334,3,0.125
Cli,32,26,Fastazi-S,5,0.9375,2,0.08333333333333333
Cli,32,26,Fastazi-P,5,0.9791666666666667,1,0.041666666666666664
Cli,32,26,Random,24,0.3541666666666667,16,0.6666666666666666
Cli,32,27,Ekstazi,5,0.8125,5,0.20833333333333334
Cli,32,27,FAST,24,0.9375,2,0.08333333333333333
Cli,32,27,Ekstazi+dpt,5,0.8958333333333334,3,0.125
Cli,32,27,DPT,24,0.4791666666666667,13,0.5416666666666666
Cli,32,27,STARTS,5,0.9375,2,0.08333333333333333
Cli,32,27,STARTS+FAST-S,5,0.9375,2,0.08333333333333333
Cli,32,27,STARTS+FAST-P,5,0.9791666666666667,1,0.041666666666666664
Cli,32,27,STARTS+DPT,5,0.8958333333333334,3,0.125
Cli,32,27,Fastazi-S,5,0.9375,2,0.08333333333333333
Cli,32,27,Fastazi-P,5,0.9791666666666667,1,0.041666666666666664
Cli,32,27,Random,24,0.1041666666666667,22,0.9166666666666666
Cli,32,28,Ekstazi,5,0.8541666666666667,4,0.16666666666666666
Cli,32,28,FAST,24,0.9375,2,0.08333333333333333
Cli,32,28,Ekstazi+dpt,5,0.8958333333333334,3,0.125
Cli,32,28,DPT,24,0.31249999999999994,17,0.7083333333333334
Cli,32,28,STARTS,5,0.8541666666666667,4,0.16666666666666666
Cli,32,28,STARTS+FAST-S,5,0.9375,2,0.08333333333333333
Cli,32,28,STARTS+FAST-P,5,0.9791666666666667,1,0.041666666666666664
Cli,32,28,STARTS+DPT,5,0.8958333333333334,3,0.125
Cli,32,28,Fastazi-S,5,0.9375,2,0.08333333333333333
Cli,32,28,Fastazi-P,5,0.9791666666666667,1,0.041666666666666664
Cli,32,28,Random,24,0.18749999999999997,20,0.8333333333333334
Cli,32,29,Ekstazi,5,0.8958333333333334,3,0.125
Cli,32,29,FAST,24,0.9375,2,0.08333333333333333
Cli,32,29,Ekstazi+dpt,5,0.8958333333333334,3,0.125
Cli,32,29,DPT,24,0.31249999999999994,17,0.7083333333333334
Cli,32,29,STARTS,5,0.9375,2,0.08333333333333333
Cli,32,29,STARTS+FAST-S,5,0.9375,2,0.08333333333333333
Cli,32,29,STARTS+FAST-P,5,0.9791666666666667,1,0.041666666666666664
Cli,32,29,STARTS+DPT,5,0.8958333333333334,3,0.125
Cli,32,29,Fastazi-S,5,0.9375,2,0.08333333333333333
Cli,32,29,Fastazi-P,5,0.9791666666666667,1,0.041666666666666664
Cli,32,29,Random,24,0.7291666666666666,7,0.2916666666666667
Cli,32,30,Ekstazi,5,0.9375,2,0.08333333333333333
Cli,32,30,FAST,24,0.9375,2,0.08333333333333333
Cli,32,30,Ekstazi+dpt,5,0.8958333333333334,3,0.125
Cli,32,30,DPT,24,0.3958333333333333,15,0.625
Cli,32,30,STARTS,5,0.8958333333333334,3,0.125
Cli,32,30,STARTS+FAST-S,5,0.9375,2,0.08333333333333333
Cli,32,30,STARTS+FAST-P,5,0.9791666666666667,1,0.041666666666666664
Cli,32,30,STARTS+DPT,5,0.8958333333333334,3,0.125
Cli,32,30,Fastazi-S,5,0.9375,2,0.08333333333333333
Cli,32,30,Fastazi-P,5,0.9791666666666667,1,0.041666666666666664
Cli,32,30,Random,24,0.1041666666666667,22,0.9166666666666666
Cli,33,1,Ekstazi,5,0.8125,5,0.20833333333333334
Cli,33,1,FAST,24,0.9375,2,0.08333333333333333
Cli,33,1,Ekstazi+dpt,5,0.8958333333333334,3,0.125
Cli,33,1,DPT,24,0.3541666666666667,16,0.6666666666666666
Cli,33,1,STARTS,5,0.8541666666666667,4,0.16666666666666666
Cli,33,1,STARTS+FAST-S,5,0.9375,2,0.08333333333333333
Cli,33,1,STARTS+FAST-P,5,0.9375,2,0.08333333333333333
Cli,33,1,STARTS+DPT,5,0.8958333333333334,3,0.125
Cli,33,1,Fastazi-S,5,0.9375,2,0.08333333333333333
Cli,33,1,Fastazi-P,5,0.9791666666666667,1,0.041666666666666664
Cli,33,1,Random,24,0.7291666666666666,7,0.2916666666666667
Cli,33,2,Ekstazi,5,0.8958333333333334,3,0.125
Cli,33,2,FAST,24,0.9375,2,0.08333333333333333
Cli,33,2,Ekstazi+dpt,5,0.8958333333333334,3,0.125
Cli,33,2,DPT,24,0.43749999999999994,14,0.5833333333333334
Cli,33,2,STARTS,5,0.8958333333333334,3,0.125
Cli,33,2,STARTS+FAST-S,5,0.9375,2,0.08333333333333333
Cli,33,2,STARTS+FAST-P,5,0.9791666666666667,1,0.041666666666666664
Cli,33,2,STARTS+DPT,5,0.8958333333333334,3,0.125
Cli,33,2,Fastazi-S,5,0.9375,2,0.08333333333333333
Cli,33,2,Fastazi-P,5,0.9791666666666667,1,0.041666666666666664
Cli,33,2,Random,24,0.1041666666666667,22,0.9166666666666666
Cli,33,3,Ekstazi,5,0.8958333333333334,3,0.125
Cli,33,3,FAST,24,0.9375,2,0.08333333333333333
Cli,33,3,Ekstazi+dpt,5,0.8958333333333334,3,0.125
Cli,33,3,DPT,24,0.3541666666666667,16,0.6666666666666666
Cli,33,3,STARTS,5,0.8125,5,0.20833333333333334
Cli,33,3,STARTS+FAST-S,5,0.9375,2,0.08333333333333333
Cli,33,3,STARTS+FAST-P,5,0.9791666666666667,1,0.041666666666666664
Cli,33,3,STARTS+DPT,5,0.8958333333333334,3,0.125
Cli,33,3,Fastazi-S,5,0.9375,2,0.08333333333333333
Cli,33,3,Fastazi-P,5,0.9791666666666667,1,0.041666666666666664
Cli,33,3,Random,24,0.9791666666666667,1,0.041666666666666664
Cli,33,4,Ekstazi,5,0.8541666666666667,4,0.16666666666666666
Cli,33,4,FAST,24,0.9375,2,0.08333333333333333
Cli,33,4,Ekstazi+dpt,5,0.8958333333333334,3,0.125
Cli,33,4,DPT,24,0.3541666666666667,16,0.6666666666666666
Cli,33,4,STARTS,5,0.8125,5,0.20833333333333334
Cli,33,4,STARTS+FAST-S,5,0.9791666666666667,1,0.041666666666666664
Cli,33,4,STARTS+FAST-P,5,0.9791666666666667,1,0.041666666666666664
Cli,33,4,STARTS+DPT,5,0.8958333333333334,3,0.125
Cli,33,4,Fastazi-S,5,0.9375,2,0.08333333333333333
Cli,33,4,Fastazi-P,5,0.9791666666666667,1,0.041666666666666664
Cli,33,4,Random,24,0.7291666666666666,7,0.2916666666666667
Cli,33,5,Ekstazi,5,0.8125,5,0.20833333333333334
Cli,33,5,FAST,24,0.9375,2,0.08333333333333333
Cli,33,5,Ekstazi+dpt,5,0.8958333333333334,3,0.125
Cli,33,5,DPT,24,0.43749999999999994,14,0.5833333333333334
Cli,33,5,STARTS,5,0.8958333333333334,3,0.125
Cli,33,5,STARTS+FAST-S,5,0.9375,2,0.08333333333333333
Cli,33,5,STARTS+FAST-P,5,0.9791666666666667,1,0.041666666666666664
Cli,33,5,STARTS+DPT,5,0.8958333333333334,3,0.125
Cli,33,5,Fastazi-S,5,0.9375,2,0.08333333333333333
Cli,33,5,Fastazi-P,5,0.9791666666666667,1,0.041666666666666664
Cli,33,5,Random,24,0.4791666666666667,13,0.5416666666666666
Cli,33,6,Ekstazi,5,0.8541666666666667,4,0.16666666666666666
Cli,33,6,FAST,24,0.9375,2,0.08333333333333333
Cli,33,6,Ekstazi+dpt,5,0.8958333333333334,3,0.125
Cli,33,6,DPT,24,0.31249999999999994,17,0.7083333333333334
Cli,33,6,STARTS,5,0.9375,2,0.08333333333333333
Cli,33,6,STARTS+FAST-S,5,0.9375,2,0.08333333333333333
Cli,33,6,STARTS+FAST-P,5,0.9375,2,0.08333333333333333
Cli,33,6,STARTS+DPT,5,0.8958333333333334,3,0.125
Cli,33,6,Fastazi-S,5,0.9375,2,0.08333333333333333
Cli,33,6,Fastazi-P,5,0.9791666666666667,1,0.041666666666666664
Cli,33,6,Random,24,0.18749999999999997,20,0.8333333333333334
Cli,33,7,Ekstazi,5,0.9791666666666667,1,0.041666666666666664
Cli,33,7,FAST,24,0.9375,2,0.08333333333333333
Cli,33,7,Ekstazi+dpt,5,0.8958333333333334,3,0.125
Cli,33,7,DPT,24,0.31249999999999994,17,0.7083333333333334
Cli,33,7,STARTS,5,0.8958333333333334,3,0.125
Cli,33,7,STARTS+FAST-S,5,0.9375,2,0.08333333333333333
Cli,33,7,STARTS+FAST-P,5,0.9375,2,0.08333333333333333
Cli,33,7,STARTS+DPT,5,0.8958333333333334,3,0.125
Cli,33,7,Fastazi-S,5,0.9791666666666667,1,0.041666666666666664
Cli,33,7,Fastazi-P,5,0.9791666666666667,1,0.041666666666666664
Cli,33,7,Random,24,0.020833333333333332,24,1.0
Cli,33,8,Ekstazi,5,0.8958333333333334,3,0.125
Cli,33,8,FAST,24,0.9375,2,0.08333333333333333
Cli,33,8,Ekstazi+dpt,5,0.8958333333333334,3,0.125
Cli,33,8,DPT,24,0.4791666666666667,13,0.5416666666666666
Cli,33,8,STARTS,5,0.8125,5,0.20833333333333334
Cli,33,8,STARTS+FAST-S,5,0.9375,2,0.08333333333333333
Cli,33,8,STARTS+FAST-P,5,0.9791666666666667,1,0.041666666666666664
Cli,33,8,STARTS+DPT,5,0.8958333333333334,3,0.125
Cli,33,8,Fastazi-S,5,0.9375,2,0.08333333333333333
Cli,33,8,Fastazi-P,5,0.9791666666666667,1,0.041666666666666664
Cli,33,8,Random,24,0.5625000000000001,11,0.4583333333333333
Cli,33,9,Ekstazi,5,0.9791666666666667,1,0.041666666666666664
Cli,33,9,FAST,24,0.9375,2,0.08333333333333333
Cli,33,9,Ekstazi+dpt,5,0.8958333333333334,3,0.125
Cli,33,9,DPT,24,0.43749999999999994,14,0.5833333333333334
Cli,33,9,STARTS,5,0.9791666666666667,1,0.041666666666666664
Cli,33,9,STARTS+FAST-S,5,0.9791666666666667,1,0.041666666666666664
Cli,33,9,STARTS+FAST-P,5,0.9791666666666667,1,0.041666666666666664
Cli,33,9,STARTS+DPT,5,0.8958333333333334,3,0.125
Cli,33,9,Fastazi-S,5,0.9791666666666667,1,0.041666666666666664
Cli,33,9,Fastazi-P,5,0.9791666666666667,1,0.041666666666666664
Cli,33,9,Random,24,0.8541666666666667,4,0.16666666666666666
Cli,33,10,Ekstazi,5,0.9791666666666667,1,0.041666666666666664
Cli,33,10,FAST,24,0.9375,2,0.08333333333333333
Cli,33,10,Ekstazi+dpt,5,0.8958333333333334,3,0.125
Cli,33,10,DPT,24,0.4791666666666667,13,0.5416666666666666
Cli,33,10,STARTS,5,0.9791666666666667,1,0.041666666666666664
Cli,33,10,STARTS+FAST-S,5,0.9375,2,0.08333333333333333
Cli,33,10,STARTS+FAST-P,5,0.9375,2,0.08333333333333333
Cli,33,10,STARTS+DPT,5,0.8958333333333334,3,0.125
Cli,33,10,Fastazi-S,5,0.9375,2,0.08333333333333333
Cli,33,10,Fastazi-P,5,0.9375,2,0.08333333333333333
Cli,33,10,Random,24,0.6875000000000001,8,0.3333333333333333
Cli,33,11,Ekstazi,5,0.9791666666666667,1,0.041666666666666664
Cli,33,11,FAST,24,0.9375,2,0.08333333333333333
Cli,33,11,Ekstazi+dpt,5,0.8958333333333334,3,0.125
Cli,33,11,DPT,24,0.31249999999999994,17,0.7083333333333334
Cli,33,11,STARTS,5,0.8958333333333334,3,0.125
Cli,33,11,STARTS+FAST-S,5,0.9375,2,0.08333333333333333
Cli,33,11,STARTS+FAST-P,5,0.9791666666666667,1,0.041666666666666664
Cli,33,11,STARTS+DPT,5,0.8958333333333334,3,0.125
Cli,33,11,Fastazi-S,5,0.9791666666666667,1,0.041666666666666664
Cli,33,11,Fastazi-P,5,0.9375,2,0.08333333333333333
Cli,33,11,Random,24,0.3958333333333333,15,0.625
Cli,33,12,Ekstazi,5,0.8958333333333334,3,0.125
Cli,33,12,FAST,24,0.9375,2,0.08333333333333333
Cli,33,12,Ekstazi+dpt,5,0.8958333333333334,3,0.125
Cli,33,12,DPT,24,0.3541666666666667,16,0.6666666666666666
Cli,33,12,STARTS,5,0.8958333333333334,3,0.125
Cli,33,12,STARTS+FAST-S,5,0.9375,2,0.08333333333333333
Cli,33,12,STARTS+FAST-P,5,0.9791666666666667,1,0.041666666666666664
Cli,33,12,STARTS+DPT,5,0.8958333333333334,3,0.125
Cli,33,12,Fastazi-S,5,0.9375,2,0.08333333333333333
Cli,33,12,Fastazi-P,5,0.9791666666666667,1,0.041666666666666664
Cli,33,12,Random,24,0.6458333333333334,9,0.375
Cli,33,13,Ekstazi,5,0.8125,5,0.20833333333333334
Cli,33,13,FAST,24,0.9375,2,0.08333333333333333
Cli,33,13,Ekstazi+dpt,5,0.8958333333333334,3,0.125
Cli,33,13,DPT,24,0.31249999999999994,17,0.7083333333333334
Cli,33,13,STARTS,5,0.8958333333333334,3,0.125
Cli,33,13,STARTS+FAST-S,5,0.9375,2,0.08333333333333333
Cli,33,13,STARTS+FAST-P,5,0.9791666666666667,1,0.041666666666666664
Cli,33,13,STARTS+DPT,5,0.8958333333333334,3,0.125
Cli,33,13,Fastazi-S,5,0.9791666666666667,1,0.041666666666666664
Cli,33,13,Fastazi-P,5,0.9791666666666667,1,0.041666666666666664
Cli,33,13,Random,24,0.7291666666666666,7,0.2916666666666667
Cli,33,14,Ekstazi,5,0.9375,2,0.08333333333333333
Cli,33,14,FAST,24,0.9375,2,0.08333333333333333
Cli,33,14,Ekstazi+dpt,5,0.8958333333333334,3,0.125
Cli,33,14,DPT,24,0.31249999999999994,17,0.7083333333333334
Cli,33,14,STARTS,5,0.8541666666666667,4,0.16666666666666666
Cli,33,14,STARTS+FAST-S,5,0.9375,2,0.08333333333333333
Cli,33,14,STARTS+FAST-P,5,0.9791666666666667,1,0.041666666666666664
Cli,33,14,STARTS+DPT,5,0.8958333333333334,3,0.125
Cli,33,14,Fastazi-S,5,0.9375,2,0.08333333333333333
Cli,33,14,Fastazi-P,5,0.9791666666666667,1,0.041666666666666664
Cli,33,14,Random,24,0.1041666666666667,22,0.9166666666666666
Cli,33,15,Ekstazi,5,0.9791666666666667,1,0.041666666666666664
Cli,33,15,FAST,24,0.9375,2,0.08333333333333333
Cli,33,15,Ekstazi+dpt,5,0.8958333333333334,3,0.125
Cli,33,15,DPT,24,0.4791666666666667,13,0.5416666666666666
Cli,33,15,STARTS,5,0.9791666666666667,1,0.041666666666666664
Cli,33,15,STARTS+FAST-S,5,0.9375,2,0.08333333333333333
Cli,33,15,STARTS+FAST-P,5,0.9375,2,0.08333333333333333
Cli,33,15,STARTS+DPT,5,0.8958333333333334,3,0.125
Cli,33,15,Fastazi-S,5,0.9375,2,0.08333333333333333
Cli,33,15,Fastazi-P,5,0.9791666666666667,1,0.041666666666666664
Cli,33,15,Random,24,0.3958333333333333,15,0.625
Cli,33,16,Ekstazi,5,0.9791666666666667,1,0.041666666666666664
Cli,33,16,FAST,24,0.9375,2,0.08333333333333333
Cli,33,16,Ekstazi+dpt,5,0.8958333333333334,3,0.125
Cli,33,16,DPT,24,0.31249999999999994,17,0.7083333333333334
Cli,33,16,STARTS,5,0.9375,2,0.08333333333333333
Cli,33,16,STARTS+FAST-S,5,0.9791666666666667,1,0.041666666666666664
Cli,33,16,STARTS+FAST-P,5,0.9791666666666667,1,0.041666666666666664
Cli,33,16,STARTS+DPT,5,0.8958333333333334,3,0.125
Cli,33,16,Fastazi-S,5,0.9375,2,0.08333333333333333
Cli,33,16,Fastazi-P,5,0.9791666666666667,1,0.041666666666666664
Cli,33,16,Random,24,0.6875000000000001,8,0.3333333333333333
Cli,33,17,Ekstazi,5,0.8125,5,0.20833333333333334
Cli,33,17,FAST,24,0.9375,2,0.08333333333333333
Cli,33,17,Ekstazi+dpt,5,0.8958333333333334,3,0.125
Cli,33,17,DPT,24,0.3958333333333333,15,0.625
Cli,33,17,STARTS,5,0.9791666666666667,1,0.041666666666666664
Cli,33,17,STARTS+FAST-S,5,0.9375,2,0.08333333333333333
Cli,33,17,STARTS+FAST-P,5,0.9791666666666667,1,0.041666666666666664
Cli,33,17,STARTS+DPT,5,0.8958333333333334,3,0.125
Cli,33,17,Fastazi-S,5,0.9375,2,0.08333333333333333
Cli,33,17,Fastazi-P,5,0.9791666666666667,1,0.041666666666666664
Cli,33,17,Random,24,0.31249999999999994,17,0.7083333333333334
Cli,33,18,Ekstazi,5,0.8958333333333334,3,0.125
Cli,33,18,FAST,24,0.9375,2,0.08333333333333333
Cli,33,18,Ekstazi+dpt,5,0.8958333333333334,3,0.125
Cli,33,18,DPT,24,0.3958333333333333,15,0.625
Cli,33,18,STARTS,5,0.8125,5,0.20833333333333334
Cli,33,18,STARTS+FAST-S,5,0.9375,2,0.08333333333333333
Cli,33,18,STARTS+FAST-P,5,0.9791666666666667,1,0.041666666666666664
Cli,33,18,STARTS+DPT,5,0.8958333333333334,3,0.125
Cli,33,18,Fastazi-S,5,0.9375,2,0.08333333333333333
Cli,33,18,Fastazi-P,5,0.9791666666666667,1,0.041666666666666664
Cli,33,18,Random,24,0.9375,2,0.08333333333333333
Cli,33,19,Ekstazi,5,0.8541666666666667,4,0.16666666666666666
Cli,33,19,FAST,24,0.9375,2,0.08333333333333333
Cli,33,19,Ekstazi+dpt,5,0.8958333333333334,3,0.125
Cli,33,19,DPT,24,0.31249999999999994,17,0.7083333333333334
Cli,33,19,STARTS,5,0.8958333333333334,3,0.125
Cli,33,19,STARTS+FAST-S,5,0.9375,2,0.08333333333333333
Cli,33,19,STARTS+FAST-P,5,0.9375,2,0.08333333333333333
Cli,33,19,STARTS+DPT,5,0.8958333333333334,3,0.125
Cli,33,19,Fastazi-S,5,0.9375,2,0.08333333333333333
Cli,33,19,Fastazi-P,5,0.9791666666666667,1,0.041666666666666664
Cli,33,19,Random,24,0.8541666666666667,4,0.16666666666666666
Cli,33,20,Ekstazi,5,0.8541666666666667,4,0.16666666666666666
Cli,33,20,FAST,24,0.9375,2,0.08333333333333333
Cli,33,20,Ekstazi+dpt,5,0.8958333333333334,3,0.125
Cli,33,20,DPT,24,0.43749999999999994,14,0.5833333333333334
Cli,33,20,STARTS,5,0.9375,2,0.08333333333333333
Cli,33,20,STARTS+FAST-S,5,0.9375,2,0.08333333333333333
Cli,33,20,STARTS+FAST-P,5,0.9375,2,0.08333333333333333
Cli,33,20,STARTS+DPT,5,0.8958333333333334,3,0.125
Cli,33,20,Fastazi-S,5,0.9375,2,0.08333333333333333
Cli,33,20,Fastazi-P,5,0.9791666666666667,1,0.041666666666666664
Cli,33,20,Random,24,0.5625000000000001,11,0.4583333333333333
Cli,33,21,Ekstazi,5,0.9791666666666667,1,0.041666666666666664
Cli,33,21,FAST,24,0.9375,2,0.08333333333333333
Cli,33,21,Ekstazi+dpt,5,0.8958333333333334,3,0.125
Cli,33,21,DPT,24,0.3958333333333333,15,0.625
Cli,33,21,STARTS,5,0.8125,5,0.20833333333333334
Cli,33,21,STARTS+FAST-S,5,0.9375,2,0.08333333333333333
Cli,33,21,STARTS+FAST-P,5,0.9791666666666667,1,0.041666666666666664
Cli,33,21,STARTS+DPT,5,0.8958333333333334,3,0.125
Cli,33,21,Fastazi-S,5,0.9375,2,0.08333333333333333
Cli,33,21,Fastazi-P,5,0.9375,2,0.08333333333333333
Cli,33,21,Random,24,0.43749999999999994,14,0.5833333333333334
Cli,33,22,Ekstazi,5,0.9791666666666667,1,0.041666666666666664
Cli,33,22,FAST,24,0.9375,2,0.08333333333333333
Cli,33,22,Ekstazi+dpt,5,0.8958333333333334,3,0.125
Cli,33,22,DPT,24,0.3541666666666667,16,0.6666666666666666
Cli,33,22,STARTS,5,0.8958333333333334,3,0.125
Cli,33,22,STARTS+FAST-S,5,0.9375,2,0.08333333333333333
Cli,33,22,STARTS+FAST-P,5,0.9791666666666667,1,0.041666666666666664
Cli,33,22,STARTS+DPT,5,0.8958333333333334,3,0.125
Cli,33,22,Fastazi-S,5,0.9375,2,0.08333333333333333
Cli,33,22,Fastazi-P,5,0.9791666666666667,1,0.041666666666666664
Cli,33,22,Random,24,0.3958333333333333,15,0.625
Cli,33,23,Ekstazi,5,0.9375,2,0.08333333333333333
Cli,33,23,FAST,24,0.9375,2,0.08333333333333333
Cli,33,23,Ekstazi+dpt,5,0.8958333333333334,3,0.125
Cli,33,23,DPT,24,0.43749999999999994,14,0.5833333333333334
Cli,33,23,STARTS,5,0.9791666666666667,1,0.041666666666666664
Cli,33,23,STARTS+FAST-S,5,0.9375,2,0.08333333333333333
Cli,33,23,STARTS+FAST-P,5,0.9791666666666667,1,0.041666666666666664
Cli,33,23,STARTS+DPT,5,0.8958333333333334,3,0.125
Cli,33,23,Fastazi-S,5,0.9375,2,0.08333333333333333
Cli,33,23,Fastazi-P,5,0.9791666666666667,1,0.041666666666666664
Cli,33,23,Random,24,0.6458333333333334,9,0.375
Cli,33,24,Ekstazi,5,0.9375,2,0.08333333333333333
Cli,33,24,FAST,24,0.9375,2,0.08333333333333333
Cli,33,24,Ekstazi+dpt,5,0.8958333333333334,3,0.125
Cli,33,24,DPT,24,0.3541666666666667,16,0.6666666666666666
Cli,33,24,STARTS,5,0.9375,2,0.08333333333333333
Cli,33,24,STARTS+FAST-S,5,0.9375,2,0.08333333333333333
Cli,33,24,STARTS+FAST-P,5,0.9791666666666667,1,0.041666666666666664
Cli,33,24,STARTS+DPT,5,0.8958333333333334,3,0.125
Cli,33,24,Fastazi-S,5,0.9375,2,0.08333333333333333
Cli,33,24,Fastazi-P,5,0.9791666666666667,1,0.041666666666666664
Cli,33,24,Random,24,0.2291666666666667,19,0.7916666666666666
Cli,33,25,Ekstazi,5,0.8541666666666667,4,0.16666666666666666
Cli,33,25,FAST,24,0.9375,2,0.08333333333333333
Cli,33,25,Ekstazi+dpt,5,0.8958333333333334,3,0.125
Cli,33,25,DPT,24,0.3541666666666667,16,0.6666666666666666
Cli,33,25,STARTS,5,0.8125,5,0.20833333333333334
Cli,33,25,STARTS+FAST-S,5,0.9375,2,0.08333333333333333
Cli,33,25,STARTS+FAST-P,5,0.9791666666666667,1,0.041666666666666664
Cli,33,25,STARTS+DPT,5,0.8958333333333334,3,0.125
Cli,33,25,Fastazi-S,5,0.9791666666666667,1,0.041666666666666664
Cli,33,25,Fastazi-P,5,0.9791666666666667,1,0.041666666666666664
Cli,33,25,Random,24,0.7708333333333334,6,0.25
Cli,33,26,Ekstazi,5,0.8125,5,0.20833333333333334
Cli,33,26,FAST,24,0.9375,2,0.08333333333333333
Cli,33,26,Ekstazi+dpt,5,0.8958333333333334,3,0.125
Cli,33,26,DPT,24,0.31249999999999994,17,0.7083333333333334
Cli,33,26,STARTS,5,0.8125,5,0.20833333333333334
Cli,33,26,STARTS+FAST-S,5,0.9375,2,0.08333333333333333
Cli,33,26,STARTS+FAST-P,5,0.9791666666666667,1,0.041666666666666664
Cli,33,26,STARTS+DPT,5,0.8958333333333334,3,0.125
Cli,33,26,Fastazi-S,5,0.9375,2,0.08333333333333333
Cli,33,26,Fastazi-P,5,0.9791666666666667,1,0.041666666666666664
Cli,33,26,Random,24,0.5208333333333334,12,0.5
Cli,33,27,Ekstazi,5,0.8958333333333334,3,0.125
Cli,33,27,FAST,24,0.9375,2,0.08333333333333333
Cli,33,27,Ekstazi+dpt,5,0.8958333333333334,3,0.125
Cli,33,27,DPT,24,0.3541666666666667,16,0.6666666666666666
Cli,33,27,STARTS,5,0.9791666666666667,1,0.041666666666666664
Cli,33,27,STARTS+FAST-S,5,0.9375,2,0.08333333333333333
Cli,33,27,STARTS+FAST-P,5,0.9375,2,0.08333333333333333
Cli,33,27,STARTS+DPT,5,0.8958333333333334,3,0.125
Cli,33,27,Fastazi-S,5,0.9375,2,0.08333333333333333
Cli,33,27,Fastazi-P,5,0.9791666666666667,1,0.041666666666666664
Cli,33,27,Random,24,0.43749999999999994,14,0.5833333333333334
Cli,33,28,Ekstazi,5,0.8125,5,0.20833333333333334
Cli,33,28,FAST,24,0.9375,2,0.08333333333333333
Cli,33,28,Ekstazi+dpt,5,0.8958333333333334,3,0.125
Cli,33,28,DPT,24,0.31249999999999994,17,0.7083333333333334
Cli,33,28,STARTS,5,0.9375,2,0.08333333333333333
Cli,33,28,STARTS+FAST-S,5,0.9791666666666667,1,0.041666666666666664
Cli,33,28,STARTS+FAST-P,5,0.9791666666666667,1,0.041666666666666664
Cli,33,28,STARTS+DPT,5,0.8958333333333334,3,0.125
Cli,33,28,Fastazi-S,5,0.9375,2,0.08333333333333333
Cli,33,28,Fastazi-P,5,0.9791666666666667,1,0.041666666666666664
Cli,33,28,Random,24,0.3958333333333333,15,0.625
Cli,33,29,Ekstazi,5,0.8125,5,0.20833333333333334
Cli,33,29,FAST,24,0.9375,2,0.08333333333333333
Cli,33,29,Ekstazi+dpt,5,0.8958333333333334,3,0.125
Cli,33,29,DPT,24,0.3541666666666667,16,0.6666666666666666
Cli,33,29,STARTS,5,0.8958333333333334,3,0.125
Cli,33,29,STARTS+FAST-S,5,0.9375,2,0.08333333333333333
Cli,33,29,STARTS+FAST-P,5,0.9791666666666667,1,0.041666666666666664
Cli,33,29,STARTS+DPT,5,0.8958333333333334,3,0.125
Cli,33,29,Fastazi-S,5,0.9375,2,0.08333333333333333
Cli,33,29,Fastazi-P,5,0.9791666666666667,1,0.041666666666666664
Cli,33,29,Random,24,0.020833333333333332,24,1.0
Cli,33,30,Ekstazi,5,0.9791666666666667,1,0.041666666666666664
Cli,33,30,FAST,24,0.9375,2,0.08333333333333333
Cli,33,30,Ekstazi+dpt,5,0.8958333333333334,3,0.125
Cli,33,30,DPT,24,0.3958333333333333,15,0.625
Cli,33,30,STARTS,5,0.8541666666666667,4,0.16666666666666666
Cli,33,30,STARTS+FAST-S,5,0.9791666666666667,1,0.041666666666666664
Cli,33,30,STARTS+FAST-P,5,0.9791666666666667,1,0.041666666666666664
Cli,33,30,STARTS+DPT,5,0.8958333333333334,3,0.125
Cli,33,30,Fastazi-S,5,0.9375,2,0.08333333333333333
Cli,33,30,Fastazi-P,5,0.9791666666666667,1,0.041666666666666664
Cli,33,30,Random,24,0.06249999999999996,23,0.9583333333333334
Cli,34,1,Ekstazi,22,0.2291666666666667,19,0.7916666666666666
Cli,34,1,FAST,24,0.8125,5,0.20833333333333334
Cli,34,1,Ekstazi+dpt,22,0.7291666666666666,7,0.2916666666666667
Cli,34,1,DPT,24,0.7291666666666666,7,0.2916666666666667
Cli,34,1,STARTS,23,0.3541666666666667,16,0.6666666666666666
Cli,34,1,STARTS+FAST-S,23,0.8125,5,0.20833333333333334
Cli,34,1,STARTS+FAST-P,23,0.8541666666666667,4,0.16666666666666666
Cli,34,1,STARTS+DPT,23,0.7291666666666666,7,0.2916666666666667
Cli,34,1,Fastazi-S,22,0.8541666666666667,4,0.16666666666666666
Cli,34,1,Fastazi-P,22,0.8541666666666667,4,0.16666666666666666
Cli,34,1,Random,24,0.7708333333333334,6,0.25
Cli,34,2,Ekstazi,22,0.8541666666666667,4,0.16666666666666666
Cli,34,2,FAST,24,0.8125,5,0.20833333333333334
Cli,34,2,Ekstazi+dpt,22,0.6875000000000001,8,0.3333333333333333
Cli,34,2,DPT,24,0.6875000000000001,8,0.3333333333333333
Cli,34,2,STARTS,23,0.2708333333333333,18,0.75
Cli,34,2,STARTS+FAST-S,23,0.8125,5,0.20833333333333334
Cli,34,2,STARTS+FAST-P,23,0.8125,5,0.20833333333333334
Cli,34,2,STARTS+DPT,23,0.7291666666666666,7,0.2916666666666667
Cli,34,2,Fastazi-S,22,0.8541666666666667,4,0.16666666666666666
Cli,34,2,Fastazi-P,22,0.8541666666666667,4,0.16666666666666666
Cli,34,2,Random,24,0.9375,2,0.08333333333333333
Cli,34,3,Ekstazi,22,0.4791666666666667,13,0.5416666666666666
Cli,34,3,FAST,24,0.8125,5,0.20833333333333334
Cli,34,3,Ekstazi+dpt,22,0.7291666666666666,7,0.2916666666666667
Cli,34,3,DPT,24,0.7291666666666666,7,0.2916666666666667
Cli,34,3,STARTS,23,0.8541666666666667,4,0.16666666666666666
Cli,34,3,STARTS+FAST-S,23,0.8541666666666667,4,0.16666666666666666
Cli,34,3,STARTS+FAST-P,23,0.8125,5,0.20833333333333334
Cli,34,3,STARTS+DPT,23,0.6875000000000001,8,0.3333333333333333
Cli,34,3,Fastazi-S,22,0.8541666666666667,4,0.16666666666666666
Cli,34,3,Fastazi-P,22,0.8541666666666667,4,0.16666666666666666
Cli,34,3,Random,24,0.2291666666666667,19,0.7916666666666666
Cli,34,4,Ekstazi,22,0.5208333333333334,12,0.5
Cli,34,4,FAST,24,0.8125,5,0.20833333333333334
Cli,34,4,Ekstazi+dpt,22,0.6875000000000001,8,0.3333333333333333
Cli,34,4,DPT,24,0.6875000000000001,8,0.3333333333333333
Cli,34,4,STARTS,23,0.7708333333333334,6,0.25
Cli,34,4,STARTS+FAST-S,23,0.8125,5,0.20833333333333334
Cli,34,4,STARTS+FAST-P,23,0.8541666666666667,4,0.16666666666666666
Cli,34,4,STARTS+DPT,23,0.6875000000000001,8,0.3333333333333333
Cli,34,4,Fastazi-S,22,0.8541666666666667,4,0.16666666666666666
Cli,34,4,Fastazi-P,22,0.8541666666666667,4,0.16666666666666666
Cli,34,4,Random,24,0.8125,5,0.20833333333333334
Cli,34,5,Ekstazi,22,0.6458333333333334,9,0.375
Cli,34,5,FAST,24,0.8125,5,0.20833333333333334
Cli,34,5,Ekstazi+dpt,22,0.6875000000000001,8,0.3333333333333333
Cli,34,5,DPT,24,0.6875000000000001,8,0.3333333333333333
Cli,34,5,STARTS,23,0.6875000000000001,8,0.3333333333333333
Cli,34,5,STARTS+FAST-S,23,0.8125,5,0.20833333333333334
Cli,34,5,STARTS+FAST-P,23,0.8541666666666667,4,0.16666666666666666
Cli,34,5,STARTS+DPT,23,0.7291666666666666,7,0.2916666666666667
Cli,34,5,Fastazi-S,22,0.8958333333333334,3,0.125
Cli,34,5,Fastazi-P,22,0.8541666666666667,4,0.16666666666666666
Cli,34,5,Random,24,0.9791666666666667,1,0.041666666666666664
Cli,34,6,Ekstazi,22,0.8958333333333334,3,0.125
Cli,34,6,FAST,24,0.8125,5,0.20833333333333334
Cli,34,6,Ekstazi+dpt,22,0.6875000000000001,8,0.3333333333333333
Cli,34,6,DPT,24,0.6875000000000001,8,0.3333333333333333
Cli,34,6,STARTS,23,0.6458333333333334,9,0.375
Cli,34,6,STARTS+FAST-S,23,0.8125,5,0.20833333333333334
Cli,34,6,STARTS+FAST-P,23,0.9791666666666667,1,0.041666666666666664
Cli,34,6,STARTS+DPT,23,0.6875000000000001,8,0.3333333333333333
Cli,34,6,Fastazi-S,22,0.8958333333333334,3,0.125
Cli,34,6,Fastazi-P,22,0.8541666666666667,4,0.16666666666666666
Cli,34,6,Random,24,0.9375,2,0.08333333333333333
Cli,34,7,Ekstazi,22,0.18749999999999997,20,0.8333333333333334
Cli,34,7,FAST,24,0.8125,5,0.20833333333333334
Cli,34,7,Ekstazi+dpt,22,0.7291666666666666,7,0.2916666666666667
Cli,34,7,DPT,24,0.6875000000000001,8,0.3333333333333333
Cli,34,7,STARTS,23,0.3541666666666667,16,0.6666666666666666
Cli,34,7,STARTS+FAST-S,23,0.8541666666666667,4,0.16666666666666666
Cli,34,7,STARTS+FAST-P,23,0.8125,5,0.20833333333333334
Cli,34,7,STARTS+DPT,23,0.7291666666666666,7,0.2916666666666667
Cli,34,7,Fastazi-S,22,0.8541666666666667,4,0.16666666666666666
Cli,34,7,Fastazi-P,22,0.8541666666666667,4,0.16666666666666666
Cli,34,7,Random,24,0.7708333333333334,6,0.25
Cli,34,8,Ekstazi,22,0.6875000000000001,8,0.3333333333333333
Cli,34,8,FAST,24,0.8541666666666667,4,0.16666666666666666
Cli,34,8,Ekstazi+dpt,22,0.7291666666666666,7,0.2916666666666667
Cli,34,8,DPT,24,0.7291666666666666,7,0.2916666666666667
Cli,34,8,STARTS,23,0.2291666666666667,19,0.7916666666666666
Cli,34,8,STARTS+FAST-S,23,0.8125,5,0.20833333333333334
Cli,34,8,STARTS+FAST-P,23,0.8125,5,0.20833333333333334
Cli,34,8,STARTS+DPT,23,0.6875000000000001,8,0.3333333333333333
Cli,34,8,Fastazi-S,22,0.8541666666666667,4,0.16666666666666666
Cli,34,8,Fastazi-P,22,0.8958333333333334,3,0.125
Cli,34,8,Random,24,0.6041666666666666,10,0.4166666666666667
Cli,34,9,Ekstazi,22,0.5208333333333334,12,0.5
Cli,34,9,FAST,24,0.8541666666666667,4,0.16666666666666666
Cli,34,9,Ekstazi+dpt,22,0.6875000000000001,8,0.3333333333333333
Cli,34,9,DPT,24,0.7291666666666666,7,0.2916666666666667
Cli,34,9,STARTS,23,0.31249999999999994,17,0.7083333333333334
Cli,34,9,STARTS+FAST-S,23,0.8541666666666667,4,0.16666666666666666
Cli,34,9,STARTS+FAST-P,23,0.8125,5,0.20833333333333334
Cli,34,9,STARTS+DPT,23,0.7291666666666666,7,0.2916666666666667
Cli,34,9,Fastazi-S,22,0.8541666666666667,4,0.16666666666666666
Cli,34,9,Fastazi-P,22,0.8958333333333334,3,0.125
Cli,34,9,Random,24,0.9791666666666667,1,0.041666666666666664
Cli,34,10,Ekstazi,22,0.6041666666666666,10,0.4166666666666667
Cli,34,10,FAST,24,0.8125,5,0.20833333333333334
Cli,34,10,Ekstazi+dpt,22,0.6875000000000001,8,0.3333333333333333
Cli,34,10,DPT,24,0.7291666666666666,7,0.2916666666666667
Cli,34,10,STARTS,23,0.9375,2,0.08333333333333333
Cli,34,10,STARTS+FAST-S,23,0.8125,5,0.20833333333333334
Cli,34,10,STARTS+FAST-P,23,0.8125,5,0.20833333333333334
Cli,34,10,STARTS+DPT,23,0.6875000000000001,8,0.3333333333333333
Cli,34,10,Fastazi-S,22,0.8541666666666667,4,0.16666666666666666
Cli,34,10,Fastazi-P,22,0.8541666666666667,4,0.16666666666666666
Cli,34,10,Random,24,0.4791666666666667,13,0.5416666666666666
Cli,34,11,Ekstazi,22,0.43749999999999994,14,0.5833333333333334
Cli,34,11,FAST,24,0.8541666666666667,4,0.16666666666666666
Cli,34,11,Ekstazi+dpt,22,0.6875000000000001,8,0.3333333333333333
Cli,34,11,DPT,24,0.7291666666666666,7,0.2916666666666667
Cli,34,11,STARTS,23,0.6458333333333334,9,0.375
Cli,34,11,STARTS+FAST-S,23,0.8125,5,0.20833333333333334
Cli,34,11,STARTS+FAST-P,23,0.8125,5,0.20833333333333334
Cli,34,11,STARTS+DPT,23,0.7291666666666666,7,0.2916666666666667
Cli,34,11,Fastazi-S,22,0.8541666666666667,4,0.16666666666666666
Cli,34,11,Fastazi-P,22,0.8541666666666667,4,0.16666666666666666
Cli,34,11,Random,24,0.6041666666666666,10,0.4166666666666667
Cli,34,12,Ekstazi,22,0.8125,5,0.20833333333333334
Cli,34,12,FAST,24,0.8125,5,0.20833333333333334
Cli,34,12,Ekstazi+dpt,22,0.7291666666666666,7,0.2916666666666667
Cli,34,12,DPT,24,0.7291666666666666,7,0.2916666666666667
Cli,34,12,STARTS,23,0.8958333333333334,3,0.125
Cli,34,12,STARTS+FAST-S,23,0.8125,5,0.20833333333333334
Cli,34,12,STARTS+FAST-P,23,0.8125,5,0.20833333333333334
Cli,34,12,STARTS+DPT,23,0.7291666666666666,7,0.2916666666666667
Cli,34,12,Fastazi-S,22,0.8541666666666667,4,0.16666666666666666
Cli,34,12,Fastazi-P,22,0.8541666666666667,4,0.16666666666666666
Cli,34,12,Random,24,0.8541666666666667,4,0.16666666666666666
Cli,34,13,Ekstazi,22,0.5208333333333334,12,0.5
Cli,34,13,FAST,24,0.8125,5,0.20833333333333334
Cli,34,13,Ekstazi+dpt,22,0.6875000000000001,8,0.3333333333333333
Cli,34,13,DPT,24,0.7291666666666666,7,0.2916666666666667
Cli,34,13,STARTS,23,0.5625000000000001,11,0.4583333333333333
Cli,34,13,STARTS+FAST-S,23,0.8541666666666667,4,0.16666666666666666
Cli,34,13,STARTS+FAST-P,23,0.8541666666666667,4,0.16666666666666666
Cli,34,13,STARTS+DPT,23,0.6875000000000001,8,0.3333333333333333
Cli,34,13,Fastazi-S,22,0.8958333333333334,3,0.125
Cli,34,13,Fastazi-P,22,0.8541666666666667,4,0.16666666666666666
Cli,34,13,Random,24,0.5625000000000001,11,0.4583333333333333
Cli,34,14,Ekstazi,22,0.7291666666666666,7,0.2916666666666667
Cli,34,14,FAST,24,0.8125,5,0.20833333333333334
Cli,34,14,Ekstazi+dpt,22,0.6875000000000001,8,0.3333333333333333
Cli,34,14,DPT,24,0.6875000000000001,8,0.3333333333333333
Cli,34,14,STARTS,23,0.31249999999999994,17,0.7083333333333334
Cli,34,14,STARTS+FAST-S,23,0.8125,5,0.20833333333333334
Cli,34,14,STARTS+FAST-P,23,0.9791666666666667,1,0.041666666666666664
Cli,34,14,STARTS+DPT,23,0.6875000000000001,8,0.3333333333333333
Cli,34,14,Fastazi-S,22,0.8541666666666667,4,0.16666666666666666
Cli,34,14,Fastazi-P,22,0.8541666666666667,4,0.16666666666666666
Cli,34,14,Random,24,0.3958333333333333,15,0.625
Cli,34,15,Ekstazi,22,0.6041666666666666,10,0.4166666666666667
Cli,34,15,FAST,24,0.8125,5,0.20833333333333334
Cli,34,15,Ekstazi+dpt,22,0.6875000000000001,8,0.3333333333333333
Cli,34,15,DPT,24,0.7291666666666666,7,0.2916666666666667
Cli,34,15,STARTS,23,0.8125,5,0.20833333333333334
Cli,34,15,STARTS+FAST-S,23,0.8125,5,0.20833333333333334
Cli,34,15,STARTS+FAST-P,23,0.8541666666666667,4,0.16666666666666666
Cli,34,15,STARTS+DPT,23,0.6875000000000001,8,0.3333333333333333
Cli,34,15,Fastazi-S,22,0.8541666666666667,4,0.16666666666666666
Cli,34,15,Fastazi-P,22,0.8541666666666667,4,0.16666666666666666
Cli,34,15,Random,24,0.14583333333333334,21,0.875
Cli,34,16,Ekstazi,22,0.43749999999999994,14,0.5833333333333334
Cli,34,16,FAST,24,0.8541666666666667,4,0.16666666666666666
Cli,34,16,Ekstazi+dpt,22,0.7291666666666666,7,0.2916666666666667
Cli,34,16,DPT,24,0.7291666666666666,7,0.2916666666666667
Cli,34,16,STARTS,23,0.6875000000000001,8,0.3333333333333333
Cli,34,16,STARTS+FAST-S,23,0.9791666666666667,1,0.041666666666666664
Cli,34,16,STARTS+FAST-P,23,0.8125,5,0.20833333333333334
Cli,34,16,STARTS+DPT,23,0.6875000000000001,8,0.3333333333333333
Cli,34,16,Fastazi-S,22,0.8541666666666667,4,0.16666666666666666
Cli,34,16,Fastazi-P,22,0.8958333333333334,3,0.125
Cli,34,16,Random,24,0.9791666666666667,1,0.041666666666666664
Cli,34,17,Ekstazi,22,0.5208333333333334,12,0.5
Cli,34,17,FAST,24,0.8125,5,0.20833333333333334
Cli,34,17,Ekstazi+dpt,22,0.6875000000000001,8,0.3333333333333333
Cli,34,17,DPT,24,0.6875000000000001,8,0.3333333333333333
Cli,34,17,STARTS,23,0.8541666666666667,4,0.16666666666666666
Cli,34,17,STARTS+FAST-S,23,0.8125,5,0.20833333333333334
Cli,34,17,STARTS+FAST-P,23,0.8125,5,0.20833333333333334
Cli,34,17,STARTS+DPT,23,0.6875000000000001,8,0.3333333333333333
Cli,34,17,Fastazi-S,22,0.8541666666666667,4,0.16666666666666666
Cli,34,17,Fastazi-P,22,0.8541666666666667,4,0.16666666666666666
Cli,34,17,Random,24,0.8958333333333334,3,0.125
Cli,34,18,Ekstazi,22,0.7291666666666666,7,0.2916666666666667
Cli,34,18,FAST,24,0.8541666666666667,4,0.16666666666666666
Cli,34,18,Ekstazi+dpt,22,0.7291666666666666,7,0.2916666666666667
Cli,34,18,DPT,24,0.7291666666666666,7,0.2916666666666667
Cli,34,18,STARTS,23,0.9375,2,0.08333333333333333
Cli,34,18,STARTS+FAST-S,23,0.8125,5,0.20833333333333334
Cli,34,18,STARTS+FAST-P,23,0.8125,5,0.20833333333333334
Cli,34,18,STARTS+DPT,23,0.6875000000000001,8,0.3333333333333333
Cli,34,18,Fastazi-S,22,0.8541666666666667,4,0.16666666666666666
Cli,34,18,Fastazi-P,22,0.8958333333333334,3,0.125
Cli,34,18,Random,24,0.6875000000000001,8,0.3333333333333333
Cli,34,19,Ekstazi,22,0.4791666666666667,13,0.5416666666666666
Cli,34,19,FAST,24,0.8125,5,0.20833333333333334
Cli,34,19,Ekstazi+dpt,22,0.6875000000000001,8,0.3333333333333333
Cli,34,19,DPT,24,0.6875000000000001,8,0.3333333333333333
Cli,34,19,STARTS,23,0.6875000000000001,8,0.3333333333333333
Cli,34,19,STARTS+FAST-S,23,0.8125,5,0.20833333333333334
Cli,34,19,STARTS+FAST-P,23,0.8125,5,0.20833333333333334
Cli,34,19,STARTS+DPT,23,0.7291666666666666,7,0.2916666666666667
Cli,34,19,Fastazi-S,22,0.8958333333333334,3,0.125
Cli,34,19,Fastazi-P,22,0.8541666666666667,4,0.16666666666666666
Cli,34,19,Random,24,0.8958333333333334,3,0.125
Cli,34,20,Ekstazi,22,0.6458333333333334,9,0.375
Cli,34,20,FAST,24,0.8125,5,0.20833333333333334
Cli,34,20,Ekstazi+dpt,22,0.7291666666666666,7,0.2916666666666667
Cli,34,20,DPT,24,0.6875000000000001,8,0.3333333333333333
Cli,34,20,STARTS,23,0.8958333333333334,3,0.125
Cli,34,20,STARTS+FAST-S,23,0.8125,5,0.20833333333333334
Cli,34,20,STARTS+FAST-P,23,0.8541666666666667,4,0.16666666666666666
Cli,34,20,STARTS+DPT,23,0.7291666666666666,7,0.2916666666666667
Cli,34,20,Fastazi-S,22,0.8958333333333334,3,0.125
Cli,34,20,Fastazi-P,22,0.8541666666666667,4,0.16666666666666666
Cli,34,20,Random,24,0.2708333333333333,18,0.75
Cli,34,21,Ekstazi,22,0.5625000000000001,11,0.4583333333333333
Cli,34,21,FAST,24,0.8125,5,0.20833333333333334
Cli,34,21,Ekstazi+dpt,22,0.6875000000000001,8,0.3333333333333333
Cli,34,21,DPT,24,0.6875000000000001,8,0.3333333333333333
Cli,34,21,STARTS,23,0.43749999999999994,14,0.5833333333333334
Cli,34,21,STARTS+FAST-S,23,0.8125,5,0.20833333333333334
Cli,34,21,STARTS+FAST-P,23,0.8125,5,0.20833333333333334
Cli,34,21,STARTS+DPT,23,0.6875000000000001,8,0.3333333333333333
Cli,34,21,Fastazi-S,22,0.8541666666666667,4,0.16666666666666666
Cli,34,21,Fastazi-P,22,0.8541666666666667,4,0.16666666666666666
Cli,34,21,Random,24,0.7291666666666666,7,0.2916666666666667
Cli,34,22,Ekstazi,22,0.6458333333333334,9,0.375
Cli,34,22,FAST,24,0.9791666666666667,1,0.041666666666666664
Cli,34,22,Ekstazi+dpt,22,0.6875000000000001,8,0.3333333333333333
Cli,34,22,DPT,24,0.7291666666666666,7,0.2916666666666667
Cli,34,22,STARTS,23,0.2708333333333333,18,0.75
Cli,34,22,STARTS+FAST-S,23,0.8125,5,0.20833333333333334
Cli,34,22,STARTS+FAST-P,23,0.8125,5,0.20833333333333334
Cli,34,22,STARTS+DPT,23,0.7291666666666666,7,0.2916666666666667
Cli,34,22,Fastazi-S,22,0.8541666666666667,4,0.16666666666666666
Cli,34,22,Fastazi-P,22,0.9791666666666667,1,0.041666666666666664
Cli,34,22,Random,24,0.8125,5,0.20833333333333334
Cli,34,23,Ekstazi,22,0.8541666666666667,4,0.16666666666666666
Cli,34,23,FAST,24,0.8125,5,0.20833333333333334
Cli,34,23,Ekstazi+dpt,22,0.6875000000000001,8,0.3333333333333333
Cli,34,23,DPT,24,0.6875000000000001,8,0.3333333333333333
Cli,34,23,STARTS,23,0.9791666666666667,1,0.041666666666666664
Cli,34,23,STARTS+FAST-S,23,0.8125,5,0.20833333333333334
Cli,34,23,STARTS+FAST-P,23,0.8125,5,0.20833333333333334
Cli,34,23,STARTS+DPT,23,0.6875000000000001,8,0.3333333333333333
Cli,34,23,Fastazi-S,22,0.8541666666666667,4,0.16666666666666666
Cli,34,23,Fastazi-P,22,0.8541666666666667,4,0.16666666666666666
Cli,34,23,Random,24,0.4791666666666667,13,0.5416666666666666
Cli,34,24,Ekstazi,22,0.4791666666666667,13,0.5416666666666666
Cli,34,24,FAST,24,0.8125,5,0.20833333333333334
Cli,34,24,Ekstazi+dpt,22,0.6875000000000001,8,0.3333333333333333
Cli,34,24,DPT,24,0.6875000000000001,8,0.3333333333333333
Cli,34,24,STARTS,23,0.7291666666666666,7,0.2916666666666667
Cli,34,24,STARTS+FAST-S,23,0.8125,5,0.20833333333333334
Cli,34,24,STARTS+FAST-P,23,0.8125,5,0.20833333333333334
Cli,34,24,STARTS+DPT,23,0.7291666666666666,7,0.2916666666666667
Cli,34,24,Fastazi-S,22,0.8541666666666667,4,0.16666666666666666
Cli,34,24,Fastazi-P,22,0.8541666666666667,4,0.16666666666666666
Cli,34,24,Random,24,0.7291666666666666,7,0.2916666666666667
Cli,34,25,Ekstazi,22,0.6458333333333334,9,0.375
Cli,34,25,FAST,24,0.8541666666666667,4,0.16666666666666666
Cli,34,25,Ekstazi+dpt,22,0.6875000000000001,8,0.3333333333333333
Cli,34,25,DPT,24,0.6875000000000001,8,0.3333333333333333
Cli,34,25,STARTS,23,0.8958333333333334,3,0.125
Cli,34,25,STARTS+FAST-S,23,0.8541666666666667,4,0.16666666666666666
Cli,34,25,STARTS+FAST-P,23,0.8541666666666667,4,0.16666666666666666
Cli,34,25,STARTS+DPT,23,0.7291666666666666,7,0.2916666666666667
Cli,34,25,Fastazi-S,22,0.8958333333333334,3,0.125
Cli,34,25,Fastazi-P,22,0.8541666666666667,4,0.16666666666666666
Cli,34,25,Random,24,0.6041666666666666,10,0.4166666666666667
Cli,34,26,Ekstazi,22,0.8541666666666667,4,0.16666666666666666
Cli,34,26,FAST,24,0.8125,5,0.20833333333333334
Cli,34,26,Ekstazi+dpt,22,0.6875000000000001,8,0.3333333333333333
Cli,34,26,DPT,24,0.7291666666666666,7,0.2916666666666667
Cli,34,26,STARTS,23,0.8125,5,0.20833333333333334
Cli,34,26,STARTS+FAST-S,23,0.8125,5,0.20833333333333334
Cli,34,26,STARTS+FAST-P,23,0.8125,5,0.20833333333333334
Cli,34,26,STARTS+DPT,23,0.6875000000000001,8,0.3333333333333333
Cli,34,26,Fastazi-S,22,0.8541666666666667,4,0.16666666666666666
Cli,34,26,Fastazi-P,22,0.8541666666666667,4,0.16666666666666666
Cli,34,26,Random,24,0.6041666666666666,10,0.4166666666666667
Cli,34,27,Ekstazi,22,0.6875000000000001,8,0.3333333333333333
Cli,34,27,FAST,24,0.8541666666666667,4,0.16666666666666666
Cli,34,27,Ekstazi+dpt,22,0.7291666666666666,7,0.2916666666666667
Cli,34,27,DPT,24,0.6875000000000001,8,0.3333333333333333
Cli,34,27,STARTS,23,0.6458333333333334,9,0.375
Cli,34,27,STARTS+FAST-S,23,0.9791666666666667,1,0.041666666666666664
Cli,34,27,STARTS+FAST-P,23,0.8125,5,0.20833333333333334
Cli,34,27,STARTS+DPT,23,0.7291666666666666,7,0.2916666666666667
Cli,34,27,Fastazi-S,22,0.8958333333333334,3,0.125
Cli,34,27,Fastazi-P,22,0.8958333333333334,3,0.125
Cli,34,27,Random,24,0.7708333333333334,6,0.25
Cli,34,28,Ekstazi,22,0.3958333333333333,15,0.625
Cli,34,28,FAST,24,0.8125,5,0.20833333333333334
Cli,34,28,Ekstazi+dpt,22,0.7291666666666666,7,0.2916666666666667
Cli,34,28,DPT,24,0.7291666666666666,7,0.2916666666666667
Cli,34,28,STARTS,23,0.8958333333333334,3,0.125
Cli,34,28,STARTS+FAST-S,23,0.8541666666666667,4,0.16666666666666666
Cli,34,28,STARTS+FAST-P,23,0.8125,5,0.20833333333333334
Cli,34,28,STARTS+DPT,23,0.6875000000000001,8,0.3333333333333333
Cli,34,28,Fastazi-S,22,0.8541666666666667,4,0.16666666666666666
Cli,34,28,Fastazi-P,22,0.8541666666666667,4,0.16666666666666666
Cli,34,28,Random,24,0.8125,5,0.20833333333333334
Cli,34,29,Ekstazi,22,0.6041666666666666,10,0.4166666666666667
Cli,34,29,FAST,24,0.8125,5,0.20833333333333334
Cli,34,29,Ekstazi+dpt,22,0.7291666666666666,7,0.2916666666666667
Cli,34,29,DPT,24,0.7291666666666666,7,0.2916666666666667
Cli,34,29,STARTS,23,0.2708333333333333,18,0.75
Cli,34,29,STARTS+FAST-S,23,0.8125,5,0.20833333333333334
Cli,34,29,STARTS+FAST-P,23,0.8125,5,0.20833333333333334
Cli,34,29,STARTS+DPT,23,0.7291666666666666,7,0.2916666666666667
Cli,34,29,Fastazi-S,22,0.9791666666666667,1,0.041666666666666664
Cli,34,29,Fastazi-P,22,0.8541666666666667,4,0.16666666666666666
Cli,34,29,Random,24,0.4791666666666667,13,0.5416666666666666
Cli,34,30,Ekstazi,22,0.8958333333333334,3,0.125
Cli,34,30,FAST,24,0.8125,5,0.20833333333333334
Cli,34,30,Ekstazi+dpt,22,0.7291666666666666,7,0.2916666666666667
Cli,34,30,DPT,24,0.7291666666666666,7,0.2916666666666667
Cli,34,30,STARTS,23,0.8541666666666667,4,0.16666666666666666
Cli,34,30,STARTS+FAST-S,23,0.8125,5,0.20833333333333334
Cli,34,30,STARTS+FAST-P,23,0.8125,5,0.20833333333333334
Cli,34,30,STARTS+DPT,23,0.7291666666666666,7,0.2916666666666667
Cli,34,30,Fastazi-S,22,0.9791666666666667,1,0.041666666666666664
Cli,34,30,Fastazi-P,22,0.8541666666666667,4,0.16666666666666666
Cli,34,30,Random,24,0.5208333333333334,12,0.5
Cli,35,1,Ekstazi,24,0.5,13,0.52
Cli,35,1,FAST,25,0.8200000000000001,5,0.2
Cli,35,1,Ekstazi+dpt,24,0.98,1,0.04
Cli,35,1,DPT,25,0.98,1,0.04
Cli,35,1,STARTS,25,0.02,25,1.0
Cli,35,1,STARTS+FAST-S,25,0.9400000000000001,2,0.08
Cli,35,1,STARTS+FAST-P,25,0.9400000000000001,2,0.08
Cli,35,1,STARTS+DPT,25,0.98,1,0.04
Cli,35,1,Fastazi-S,24,0.9400000000000001,2,0.08
Cli,35,1,Fastazi-P,24,0.86,4,0.16
Cli,35,1,Random,25,0.38,16,0.64
Cli,35,2,Ekstazi,24,0.33999999999999997,17,0.68
Cli,35,2,FAST,25,0.8200000000000001,5,0.2
Cli,35,2,Ekstazi+dpt,24,0.98,1,0.04
Cli,35,2,DPT,25,0.98,1,0.04
Cli,35,2,STARTS,25,0.21999999999999995,20,0.8
Cli,35,2,STARTS+FAST-S,25,0.9400000000000001,2,0.08
Cli,35,2,STARTS+FAST-P,25,0.9400000000000001,2,0.08
Cli,35,2,STARTS+DPT,25,0.98,1,0.04
Cli,35,2,Fastazi-S,24,0.8200000000000001,5,0.2
Cli,35,2,Fastazi-P,24,0.86,4,0.16
Cli,35,2,Random,25,0.21999999999999995,20,0.8
Cli,35,3,Ekstazi,24,0.18000000000000002,21,0.84
Cli,35,3,FAST,25,0.8200000000000001,5,0.2
Cli,35,3,Ekstazi+dpt,24,0.98,1,0.04
Cli,35,3,DPT,25,0.98,1,0.04
Cli,35,3,STARTS,25,0.02,25,1.0
Cli,35,3,STARTS+FAST-S,25,0.9400000000000001,2,0.08
Cli,35,3,STARTS+FAST-P,25,0.9400000000000001,2,0.08
Cli,35,3,STARTS+DPT,25,0.98,1,0.04
Cli,35,3,Fastazi-S,24,0.8200000000000001,5,0.2
Cli,35,3,Fastazi-P,24,0.8200000000000001,5,0.2
Cli,35,3,Random,25,0.06000000000000004,24,0.96
Cli,35,4,Ekstazi,24,0.18000000000000002,21,0.84
Cli,35,4,FAST,25,0.9,3,0.12
Cli,35,4,Ekstazi+dpt,24,0.98,1,0.04
Cli,35,4,DPT,25,0.98,1,0.04
Cli,35,4,STARTS,25,0.21999999999999995,20,0.8
Cli,35,4,STARTS+FAST-S,25,0.9400000000000001,2,0.08
Cli,35,4,STARTS+FAST-P,25,0.9400000000000001,2,0.08
Cli,35,4,STARTS+DPT,25,0.98,1,0.04
Cli,35,4,Fastazi-S,24,0.8200000000000001,5,0.2
Cli,35,4,Fastazi-P,24,0.9,3,0.12
Cli,35,4,Random,25,0.8200000000000001,5,0.2
Cli,35,5,Ekstazi,24,0.38,16,0.64
Cli,35,5,FAST,25,0.9,3,0.12
Cli,35,5,Ekstazi+dpt,24,0.98,1,0.04
Cli,35,5,DPT,25,0.98,1,0.04
Cli,35,5,STARTS,25,0.18000000000000002,21,0.84
Cli,35,5,STARTS+FAST-S,25,0.9400000000000001,2,0.08
Cli,35,5,STARTS+FAST-P,25,0.9400000000000001,2,0.08
Cli,35,5,STARTS+DPT,25,0.98,1,0.04
Cli,35,5,Fastazi-S,24,0.9,3,0.12
Cli,35,5,Fastazi-P,24,0.9,3,0.12
Cli,35,5,Random,25,0.18000000000000002,21,0.84
Cli,35,6,Ekstazi,24,0.42000000000000004,15,0.6
Cli,35,6,FAST,25,0.9400000000000001,2,0.08
Cli,35,6,Ekstazi+dpt,24,0.98,1,0.04
Cli,35,6,DPT,25,0.98,1,0.04
Cli,35,6,STARTS,25,0.62,10,0.4
Cli,35,6,STARTS+FAST-S,25,0.86,4,0.16
Cli,35,6,STARTS+FAST-P,25,0.9400000000000001,2,0.08
Cli,35,6,STARTS+DPT,25,0.98,1,0.04
Cli,35,6,Fastazi-S,24,0.9,3,0.12
Cli,35,6,Fastazi-P,24,0.98,1,0.04
Cli,35,6,Random,25,0.18000000000000002,21,0.84
Cli,35,7,Ekstazi,24,0.45999999999999996,14,0.56
Cli,35,7,FAST,25,0.8200000000000001,5,0.2
Cli,35,7,Ekstazi+dpt,24,0.98,1,0.04
Cli,35,7,DPT,25,0.98,1,0.04
Cli,35,7,STARTS,25,0.09999999999999996,23,0.92
Cli,35,7,STARTS+FAST-S,25,0.9400000000000001,2,0.08
Cli,35,7,STARTS+FAST-P,25,0.9400000000000001,2,0.08
Cli,35,7,STARTS+DPT,25,0.98,1,0.04
Cli,35,7,Fastazi-S,24,0.9,3,0.12
Cli,35,7,Fastazi-P,24,0.8200000000000001,5,0.2
Cli,35,7,Random,25,0.9400000000000001,2,0.08
Cli,35,8,Ekstazi,24,0.7,8,0.32
Cli,35,8,FAST,25,0.9,3,0.12
Cli,35,8,Ekstazi+dpt,24,0.98,1,0.04
Cli,35,8,DPT,25,0.98,1,0.04
Cli,35,8,STARTS,25,0.42000000000000004,15,0.6
Cli,35,8,STARTS+FAST-S,25,0.9400000000000001,2,0.08
Cli,35,8,STARTS+FAST-P,25,0.9400000000000001,2,0.08
Cli,35,8,STARTS+DPT,25,0.98,1,0.04
Cli,35,8,Fastazi-S,24,0.9,3,0.12
Cli,35,8,Fastazi-P,24,0.9,3,0.12
Cli,35,8,Random,25,0.06000000000000004,24,0.96
Cli,35,9,Ekstazi,24,0.26,19,0.76
Cli,35,9,FAST,25,0.9400000000000001,2,0.08
Cli,35,9,Ekstazi+dpt,24,0.98,1,0.04
Cli,35,9,DPT,25,0.98,1,0.04
Cli,35,9,STARTS,25,0.02,25,1.0
Cli,35,9,STARTS+FAST-S,25,0.9400000000000001,2,0.08
Cli,35,9,STARTS+FAST-P,25,0.9400000000000001,2,0.08
Cli,35,9,STARTS+DPT,25,0.98,1,0.04
Cli,35,9,Fastazi-S,24,0.9,3,0.12
Cli,35,9,Fastazi-P,24,0.9400000000000001,2,0.08
Cli,35,9,Random,25,0.33999999999999997,17,0.68
Cli,35,10,Ekstazi,24,0.45999999999999996,14,0.56
Cli,35,10,FAST,25,0.8200000000000001,5,0.2
Cli,35,10,Ekstazi+dpt,24,0.98,1,0.04
Cli,35,10,DPT,25,0.98,1,0.04
Cli,35,10,STARTS,25,0.98,1,0.04
Cli,35,10,STARTS+FAST-S,25,0.9400000000000001,2,0.08
Cli,35,10,STARTS+FAST-P,25,0.9400000000000001,2,0.08
Cli,35,10,STARTS+DPT,25,0.98,1,0.04
Cli,35,10,Fastazi-S,24,0.9400000000000001,2,0.08
Cli,35,10,Fastazi-P,24,0.8200000000000001,5,0.2
Cli,35,10,Random,25,0.62,10,0.4
Cli,35,11,Ekstazi,24,0.98,1,0.04
Cli,35,11,FAST,25,0.8200000000000001,5,0.2
Cli,35,11,Ekstazi+dpt,24,0.98,1,0.04
Cli,35,11,DPT,25,0.98,1,0.04
Cli,35,11,STARTS,25,0.9400000000000001,2,0.08
Cli,35,11,STARTS+FAST-S,25,0.8200000000000001,5,0.2
Cli,35,11,STARTS+FAST-P,25,0.9400000000000001,2,0.08
Cli,35,11,STARTS+DPT,25,0.98,1,0.04
Cli,35,11,Fastazi-S,24,0.9,3,0.12
Cli,35,11,Fastazi-P,24,0.8200000000000001,5,0.2
Cli,35,11,Random,25,0.54,12,0.48
Cli,35,12,Ekstazi,24,0.66,9,0.36
Cli,35,12,FAST,25,0.9,3,0.12
Cli,35,12,Ekstazi+dpt,24,0.98,1,0.04
Cli,35,12,DPT,25,0.98,1,0.04
Cli,35,12,STARTS,25,0.66,9,0.36
Cli,35,12,STARTS+FAST-S,25,0.9400000000000001,2,0.08
Cli,35,12,STARTS+FAST-P,25,0.9400000000000001,2,0.08
Cli,35,12,STARTS+DPT,25,0.98,1,0.04
Cli,35,12,Fastazi-S,24,0.9,3,0.12
Cli,35,12,Fastazi-P,24,0.9,3,0.12
Cli,35,12,Random,25,0.09999999999999996,23,0.92
Cli,35,13,Ekstazi,24,0.5800000000000001,11,0.44
Cli,35,13,FAST,25,0.86,4,0.16
Cli,35,13,Ekstazi+dpt,24,0.98,1,0.04
Cli,35,13,DPT,25,0.98,1,0.04
Cli,35,13,STARTS,25,0.42000000000000004,15,0.6
Cli,35,13,STARTS+FAST-S,25,0.9400000000000001,2,0.08
Cli,35,13,STARTS+FAST-P,25,0.9400000000000001,2,0.08
Cli,35,13,STARTS+DPT,25,0.98,1,0.04
Cli,35,13,Fastazi-S,24,0.9,3,0.12
Cli,35,13,Fastazi-P,24,0.9,3,0.12
Cli,35,13,Random,25,0.30000000000000004,18,0.72
Cli,35,14,Ekstazi,24,0.7,8,0.32
Cli,35,14,FAST,25,0.9,3,0.12
Cli,35,14,Ekstazi+dpt,24,0.98,1,0.04
Cli,35,14,DPT,25,0.98,1,0.04
Cli,35,14,STARTS,25,0.13999999999999999,22,0.88
Cli,35,14,STARTS+FAST-S,25,0.86,4,0.16
Cli,35,14,STARTS+FAST-P,25,0.9400000000000001,2,0.08
Cli,35,14,STARTS+DPT,25,0.98,1,0.04
Cli,35,14,Fastazi-S,24,0.9,3,0.12
Cli,35,14,Fastazi-P,24,0.9,3,0.12
Cli,35,14,Random,25,0.30000000000000004,18,0.72
Cli,35,15,Ekstazi,24,0.66,9,0.36
Cli,35,15,FAST,25,0.9,3,0.12
Cli,35,15,Ekstazi+dpt,24,0.98,1,0.04
Cli,35,15,DPT,25,0.98,1,0.04
Cli,35,15,STARTS,25,0.8200000000000001,5,0.2
Cli,35,15,STARTS+FAST-S,25,0.9400000000000001,2,0.08
Cli,35,15,STARTS+FAST-P,25,0.9400000000000001,2,0.08
Cli,35,15,STARTS+DPT,25,0.98,1,0.04
Cli,35,15,Fastazi-S,24,0.9400000000000001,2,0.08
Cli,35,15,Fastazi-P,24,0.9,3,0.12
Cli,35,15,Random,25,0.38,16,0.64
Cli,35,16,Ekstazi,24,0.18000000000000002,21,0.84
Cli,35,16,FAST,25,0.9,3,0.12
Cli,35,16,Ekstazi+dpt,24,0.98,1,0.04
Cli,35,16,DPT,25,0.98,1,0.04
Cli,35,16,STARTS,25,0.38,16,0.64
Cli,35,16,STARTS+FAST-S,25,0.9400000000000001,2,0.08
Cli,35,16,STARTS+FAST-P,25,0.9400000000000001,2,0.08
Cli,35,16,STARTS+DPT,25,0.98,1,0.04
Cli,35,16,Fastazi-S,24,0.9,3,0.12
Cli,35,16,Fastazi-P,24,0.9,3,0.12
Cli,35,16,Random,25,0.13999999999999999,22,0.88
Cli,35,17,Ekstazi,24,0.30000000000000004,18,0.72
Cli,35,17,FAST,25,0.8200000000000001,5,0.2
Cli,35,17,Ekstazi+dpt,24,0.98,1,0.04
Cli,35,17,DPT,25,0.98,1,0.04
Cli,35,17,STARTS,25,0.5,13,0.52
Cli,35,17,STARTS+FAST-S,25,0.8200000000000001,5,0.2
Cli,35,17,STARTS+FAST-P,25,0.9400000000000001,2,0.08
Cli,35,17,STARTS+DPT,25,0.98,1,0.04
Cli,35,17,Fastazi-S,24,0.8200000000000001,5,0.2
Cli,35,17,Fastazi-P,24,0.8200000000000001,5,0.2
Cli,35,17,Random,25,0.78,6,0.24
Cli,35,18,Ekstazi,24,0.18000000000000002,21,0.84
Cli,35,18,FAST,25,0.9400000000000001,2,0.08
Cli,35,18,Ekstazi+dpt,24,0.98,1,0.04
Cli,35,18,DPT,25,0.98,1,0.04
Cli,35,18,STARTS,25,0.26,19,0.76
Cli,35,18,STARTS+FAST-S,25,0.8200000000000001,5,0.2
Cli,35,18,STARTS+FAST-P,25,0.98,1,0.04
Cli,35,18,STARTS+DPT,25,0.98,1,0.04
Cli,35,18,Fastazi-S,24,0.8200000000000001,5,0.2
Cli,35,18,Fastazi-P,24,0.9400000000000001,2,0.08
Cli,35,18,Random,25,0.33999999999999997,17,0.68
Cli,35,19,Ekstazi,24,0.9400000000000001,2,0.08
Cli,35,19,FAST,25,0.9400000000000001,2,0.08
Cli,35,19,Ekstazi+dpt,24,0.98,1,0.04
Cli,35,19,DPT,25,0.98,1,0.04
Cli,35,19,STARTS,25,0.30000000000000004,18,0.72
Cli,35,19,STARTS+FAST-S,25,0.9400000000000001,2,0.08
Cli,35,19,STARTS+FAST-P,25,0.9400000000000001,2,0.08
Cli,35,19,STARTS+DPT,25,0.98,1,0.04
Cli,35,19,Fastazi-S,24,0.8200000000000001,5,0.2
Cli,35,19,Fastazi-P,24,0.9400000000000001,2,0.08
Cli,35,19,Random,25,0.09999999999999996,23,0.92
Cli,35,20,Ekstazi,24,0.98,1,0.04
Cli,35,20,FAST,25,0.9400000000000001,2,0.08
Cli,35,20,Ekstazi+dpt,24,0.98,1,0.04
Cli,35,20,DPT,25,0.98,1,0.04
Cli,35,20,STARTS,25,0.62,10,0.4
Cli,35,20,STARTS+FAST-S,25,0.9400000000000001,2,0.08
Cli,35,20,STARTS+FAST-P,25,0.9400000000000001,2,0.08
Cli,35,20,STARTS+DPT,25,0.98,1,0.04
Cli,35,20,Fastazi-S,24,0.9,3,0.12
Cli,35,20,Fastazi-P,24,0.9400000000000001,2,0.08
Cli,35,20,Random,25,0.66,9,0.36
Cli,35,21,Ekstazi,24,0.62,10,0.4
Cli,35,21,FAST,25,0.9,3,0.12
Cli,35,21,Ekstazi+dpt,24,0.98,1,0.04
Cli,35,21,DPT,25,0.98,1,0.04
Cli,35,21,STARTS,25,0.13999999999999999,22,0.88
Cli,35,21,STARTS+FAST-S,25,0.9400000000000001,2,0.08
Cli,35,21,STARTS+FAST-P,25,0.9400000000000001,2,0.08
Cli,35,21,STARTS+DPT,25,0.98,1,0.04
Cli,35,21,Fastazi-S,24,0.9,3,0.12
Cli,35,21,Fastazi-P,24,0.9,3,0.12
Cli,35,21,Random,25,0.54,12,0.48
Cli,35,22,Ekstazi,24,0.06000000000000004,24,0.96
Cli,35,22,FAST,25,0.8200000000000001,5,0.2
Cli,35,22,Ekstazi+dpt,24,0.98,1,0.04
Cli,35,22,DPT,25,0.98,1,0.04
Cli,35,22,STARTS,25,0.62,10,0.4
Cli,35,22,STARTS+FAST-S,25,0.9400000000000001,2,0.08
Cli,35,22,STARTS+FAST-P,25,0.9400000000000001,2,0.08
Cli,35,22,STARTS+DPT,25,0.98,1,0.04
Cli,35,22,Fastazi-S,24,0.9,3,0.12
Cli,35,22,Fastazi-P,24,0.8200000000000001,5,0.2
Cli,35,22,Random,25,0.66,9,0.36
Cli,35,23,Ekstazi,24,0.66,9,0.36
Cli,35,23,FAST,25,0.9,3,0.12
Cli,35,23,Ekstazi+dpt,24,0.98,1,0.04
Cli,35,23,DPT,25,0.98,1,0.04
Cli,35,23,STARTS,25,0.45999999999999996,14,0.56
Cli,35,23,STARTS+FAST-S,25,0.9400000000000001,2,0.08
Cli,35,23,STARTS+FAST-P,25,0.9400000000000001,2,0.08
Cli,35,23,STARTS+DPT,25,0.98,1,0.04
Cli,35,23,Fastazi-S,24,0.8200000000000001,5,0.2
Cli,35,23,Fastazi-P,24,0.9,3,0.12
Cli,35,23,Random,25,0.30000000000000004,18,0.72
Cli,35,24,Ekstazi,24,0.42000000000000004,15,0.6
Cli,35,24,FAST,25,0.8200000000000001,5,0.2
Cli,35,24,Ekstazi+dpt,24,0.98,1,0.04
Cli,35,24,DPT,25,0.98,1,0.04
Cli,35,24,STARTS,25,0.54,12,0.48
Cli,35,24,STARTS+FAST-S,25,0.9400000000000001,2,0.08
Cli,35,24,STARTS+FAST-P,25,0.8200000000000001,5,0.2
Cli,35,24,STARTS+DPT,25,0.98,1,0.04
Cli,35,24,Fastazi-S,24,0.9,3,0.12
Cli,35,24,Fastazi-P,24,0.8200000000000001,5,0.2
Cli,35,24,Random,25,0.18000000000000002,21,0.84
Cli,35,25,Ekstazi,24,0.45999999999999996,14,0.56
Cli,35,25,FAST,25,0.9,3,0.12
Cli,35,25,Ekstazi+dpt,24,0.98,1,0.04
Cli,35,25,DPT,25,0.98,1,0.04
Cli,35,25,STARTS,25,0.06000000000000004,24,0.96
Cli,35,25,STARTS+FAST-S,25,0.9400000000000001,2,0.08
Cli,35,25,STARTS+FAST-P,25,0.9400000000000001,2,0.08
Cli,35,25,STARTS+DPT,25,0.98,1,0.04
Cli,35,25,Fastazi-S,24,0.9,3,0.12
Cli,35,25,Fastazi-P,24,0.9,3,0.12
Cli,35,25,Random,25,0.33999999999999997,17,0.68
Cli,35,26,Ekstazi,24,0.74,7,0.28
Cli,35,26,FAST,25,0.9,3,0.12
Cli,35,26,Ekstazi+dpt,24,0.98,1,0.04
Cli,35,26,DPT,25,0.98,1,0.04
Cli,35,26,STARTS,25,0.62,10,0.4
Cli,35,26,STARTS+FAST-S,25,0.8200000000000001,5,0.2
Cli,35,26,STARTS+FAST-P,25,0.9400000000000001,2,0.08
Cli,35,26,STARTS+DPT,25,0.98,1,0.04
Cli,35,26,Fastazi-S,24,0.8200000000000001,5,0.2
Cli,35,26,Fastazi-P,24,0.9,3,0.12
Cli,35,26,Random,25,0.98,1,0.04
Cli,35,27,Ekstazi,24,0.86,4,0.16
Cli,35,27,FAST,25,0.8200000000000001,5,0.2
Cli,35,27,Ekstazi+dpt,24,0.98,1,0.04
Cli,35,27,DPT,25,0.98,1,0.04
Cli,35,27,STARTS,25,0.38,16,0.64
Cli,35,27,STARTS+FAST-S,25,0.98,1,0.04
Cli,35,27,STARTS+FAST-P,25,0.9400000000000001,2,0.08
Cli,35,27,STARTS+DPT,25,0.98,1,0.04
Cli,35,27,Fastazi-S,24,0.9,3,0.12
Cli,35,27,Fastazi-P,24,0.8200000000000001,5,0.2
Cli,35,27,Random,25,0.5,13,0.52
Cli,35,28,Ekstazi,24,0.26,19,0.76
Cli,35,28,FAST,25,0.9,3,0.12
Cli,35,28,Ekstazi+dpt,24,0.98,1,0.04
Cli,35,28,DPT,25,0.98,1,0.04
Cli,35,28,STARTS,25,0.18000000000000002,21,0.84
Cli,35,28,STARTS+FAST-S,25,0.9400000000000001,2,0.08
Cli,35,28,STARTS+FAST-P,25,0.9400000000000001,2,0.08
Cli,35,28,STARTS+DPT,25,0.98,1,0.04
Cli,35,28,Fastazi-S,24,0.9,3,0.12
Cli,35,28,Fastazi-P,24,0.9,3,0.12
Cli,35,28,Random,25,0.06000000000000004,24,0.96
Cli,35,29,Ekstazi,24,0.62,10,0.4
Cli,35,29,FAST,25,0.8200000000000001,5,0.2
Cli,35,29,Ekstazi+dpt,24,0.98,1,0.04
Cli,35,29,DPT,25,0.98,1,0.04
Cli,35,29,STARTS,25,0.78,6,0.24
Cli,35,29,STARTS+FAST-S,25,0.9400000000000001,2,0.08
Cli,35,29,STARTS+FAST-P,25,0.9400000000000001,2,0.08
Cli,35,29,STARTS+DPT,25,0.98,1,0.04
Cli,35,29,Fastazi-S,24,0.9,3,0.12
Cli,35,29,Fastazi-P,24,0.8200000000000001,5,0.2
Cli,35,29,Random,25,0.86,4,0.16
Cli,35,30,Ekstazi,24,0.8200000000000001,5,0.2
Cli,35,30,FAST,25,0.9400000000000001,2,0.08
Cli,35,30,Ekstazi+dpt,24,0.98,1,0.04
Cli,35,30,DPT,25,0.98,1,0.04
Cli,35,30,STARTS,25,0.5800000000000001,11,0.44
Cli,35,30,STARTS+FAST-S,25,0.9400000000000001,2,0.08
Cli,35,30,STARTS+FAST-P,25,0.9400000000000001,2,0.08
Cli,35,30,STARTS+DPT,25,0.98,1,0.04
Cli,35,30,Fastazi-S,24,0.8200000000000001,5,0.2
Cli,35,30,Fastazi-P,24,0.98,1,0.04
Cli,35,30,Random,25,0.98,1,0.04
Cli,36,1,Ekstazi,22,0.44230769230769235,15,0.5769230769230769
Cli,36,1,FAST,26,0.9423076923076924,2,0.07692307692307693
Cli,36,1,Ekstazi+dpt,22,0.2884615384615385,19,0.7307692307692307
Cli,36,1,DPT,26,0.2884615384615385,19,0.7307692307692307
Cli,36,1,STARTS,23,0.5961538461538461,11,0.4230769230769231
Cli,36,1,STARTS+FAST-S,23,0.9423076923076924,2,0.07692307692307693
Cli,36,1,STARTS+FAST-P,23,0.9807692307692308,1,0.038461538461538464
Cli,36,1,STARTS+DPT,23,0.24999999999999994,20,0.7692307692307693
Cli,36,1,Fastazi-S,22,0.9423076923076924,2,0.07692307692307693
Cli,36,1,Fastazi-P,22,0.9423076923076924,2,0.07692307692307693
Cli,36,1,Random,26,0.13461538461538464,23,0.8846153846153846
Cli,36,2,Ekstazi,22,0.8653846153846154,4,0.15384615384615385
Cli,36,2,FAST,26,0.9038461538461539,3,0.11538461538461539
Cli,36,2,Ekstazi+dpt,22,0.2884615384615385,19,0.7307692307692307
Cli,36,2,DPT,26,0.24999999999999994,20,0.7692307692307693
Cli,36,2,STARTS,23,0.5576923076923077,12,0.46153846153846156
Cli,36,2,STARTS+FAST-S,23,0.9423076923076924,2,0.07692307692307693
Cli,36,2,STARTS+FAST-P,23,0.9038461538461539,3,0.11538461538461539
Cli,36,2,STARTS+DPT,23,0.24999999999999994,20,0.7692307692307693
Cli,36,2,Fastazi-S,22,0.9423076923076924,2,0.07692307692307693
Cli,36,2,Fastazi-P,22,0.9038461538461539,3,0.11538461538461539
Cli,36,2,Random,26,0.2115384615384615,21,0.8076923076923077
Cli,36,3,Ekstazi,22,0.7115384615384616,8,0.3076923076923077
Cli,36,3,FAST,26,0.9423076923076924,2,0.07692307692307693
Cli,36,3,Ekstazi+dpt,22,0.24999999999999994,20,0.7692307692307693
Cli,36,3,DPT,26,0.2884615384615385,19,0.7307692307692307
Cli,36,3,STARTS,23,0.24999999999999994,20,0.7692307692307693
Cli,36,3,STARTS+FAST-S,23,0.9423076923076924,2,0.07692307692307693
Cli,36,3,STARTS+FAST-P,23,0.9423076923076924,2,0.07692307692307693
Cli,36,3,STARTS+DPT,23,0.24999999999999994,20,0.7692307692307693
Cli,36,3,Fastazi-S,22,0.9038461538461539,3,0.11538461538461539
Cli,36,3,Fastazi-P,22,0.9423076923076924,2,0.07692307692307693
Cli,36,3,Random,26,0.36538461538461536,17,0.6538461538461539
Cli,36,4,Ekstazi,22,0.6730769230769231,9,0.34615384615384615
Cli,36,4,FAST,26,0.9423076923076924,2,0.07692307692307693
Cli,36,4,Ekstazi+dpt,22,0.24999999999999994,20,0.7692307692307693
Cli,36,4,DPT,26,0.24999999999999994,20,0.7692307692307693
Cli,36,4,STARTS,23,0.4038461538461538,16,0.6153846153846154
Cli,36,4,STARTS+FAST-S,23,0.8653846153846154,4,0.15384615384615385
Cli,36,4,STARTS+FAST-P,23,0.9423076923076924,2,0.07692307692307693
Cli,36,4,STARTS+DPT,23,0.2884615384615385,19,0.7307692307692307
Cli,36,4,Fastazi-S,22,0.9038461538461539,3,0.11538461538461539
Cli,36,4,Fastazi-P,22,0.9423076923076924,2,0.07692307692307693
Cli,36,4,Random,26,0.9807692307692308,1,0.038461538461538464
Cli,36,5,Ekstazi,22,0.44230769230769235,15,0.5769230769230769
Cli,36,5,FAST,26,0.9038461538461539,3,0.11538461538461539
Cli,36,5,Ekstazi+dpt,22,0.24999999999999994,20,0.7692307692307693
Cli,36,5,DPT,26,0.24999999999999994,20,0.7692307692307693
Cli,36,5,STARTS,23,0.2884615384615385,19,0.7307692307692307
Cli,36,5,STARTS+FAST-S,23,0.9423076923076924,2,0.07692307692307693
Cli,36,5,STARTS+FAST-P,23,0.9423076923076924,2,0.07692307692307693
Cli,36,5,STARTS+DPT,23,0.2884615384615385,19,0.7307692307692307
Cli,36,5,Fastazi-S,22,0.9423076923076924,2,0.07692307692307693
Cli,36,5,Fastazi-P,22,0.9038461538461539,3,0.11538461538461539
Cli,36,5,Random,26,0.13461538461538464,23,0.8846153846153846
Cli,36,6,Ekstazi,22,0.8653846153846154,4,0.15384615384615385
Cli,36,6,FAST,26,0.9423076923076924,2,0.07692307692307693
Cli,36,6,Ekstazi+dpt,22,0.2884615384615385,19,0.7307692307692307
Cli,36,6,DPT,26,0.2884615384615385,19,0.7307692307692307
Cli,36,6,STARTS,23,0.5576923076923077,12,0.46153846153846156
Cli,36,6,STARTS+FAST-S,23,0.9423076923076924,2,0.07692307692307693
Cli,36,6,STARTS+FAST-P,23,0.9807692307692308,1,0.038461538461538464
Cli,36,6,STARTS+DPT,23,0.2884615384615385,19,0.7307692307692307
Cli,36,6,Fastazi-S,22,0.9423076923076924,2,0.07692307692307693
Cli,36,6,Fastazi-P,22,0.9807692307692308,1,0.038461538461538464
Cli,36,6,Random,26,0.0961538461538461,24,0.9230769230769231
Cli,36,7,Ekstazi,22,0.5192307692307693,13,0.5
Cli,36,7,FAST,26,0.9423076923076924,2,0.07692307692307693
Cli,36,7,Ekstazi+dpt,22,0.24999999999999994,20,0.7692307692307693
Cli,36,7,DPT,26,0.24999999999999994,20,0.7692307692307693
Cli,36,7,STARTS,23,0.7884615384615384,6,0.23076923076923078
Cli,36,7,STARTS+FAST-S,23,0.9038461538461539,3,0.11538461538461539
Cli,36,7,STARTS+FAST-P,23,0.9038461538461539,3,0.11538461538461539
Cli,36,7,STARTS+DPT,23,0.2884615384615385,19,0.7307692307692307
Cli,36,7,Fastazi-S,22,0.9423076923076924,2,0.07692307692307693
Cli,36,7,Fastazi-P,22,0.9423076923076924,2,0.07692307692307693
Cli,36,7,Random,26,0.13461538461538464,23,0.8846153846153846
Cli,36,8,Ekstazi,22,0.2884615384615385,19,0.7307692307692307
Cli,36,8,FAST,26,0.9423076923076924,2,0.07692307692307693
Cli,36,8,Ekstazi+dpt,22,0.2884615384615385,19,0.7307692307692307
Cli,36,8,DPT,26,0.24999999999999994,20,0.7692307692307693
Cli,36,8,STARTS,23,0.13461538461538464,23,0.8846153846153846
Cli,36,8,STARTS+FAST-S,23,0.9038461538461539,3,0.11538461538461539
Cli,36,8,STARTS+FAST-P,23,0.9423076923076924,2,0.07692307692307693
Cli,36,8,STARTS+DPT,23,0.24999999999999994,20,0.7692307692307693
Cli,36,8,Fastazi-S,22,0.9423076923076924,2,0.07692307692307693
Cli,36,8,Fastazi-P,22,0.9423076923076924,2,0.07692307692307693
Cli,36,8,Random,26,0.4807692307692308,14,0.5384615384615384
Cli,36,9,Ekstazi,22,0.9038461538461539,3,0.11538461538461539
Cli,36,9,FAST,26,0.9423076923076924,2,0.07692307692307693
Cli,36,9,Ekstazi+dpt,22,0.24999999999999994,20,0.7692307692307693
Cli,36,9,DPT,26,0.2884615384615385,19,0.7307692307692307
Cli,36,9,STARTS,23,0.5576923076923077,12,0.46153846153846156
Cli,36,9,STARTS+FAST-S,23,0.9423076923076924,2,0.07692307692307693
Cli,36,9,STARTS+FAST-P,23,0.9423076923076924,2,0.07692307692307693
Cli,36,9,STARTS+DPT,23,0.24999999999999994,20,0.7692307692307693
Cli,36,9,Fastazi-S,22,0.9423076923076924,2,0.07692307692307693
Cli,36,9,Fastazi-P,22,0.9423076923076924,2,0.07692307692307693
Cli,36,9,Random,26,0.8653846153846154,4,0.15384615384615385
Cli,36,10,Ekstazi,22,0.3269230769230769,18,0.6923076923076923
Cli,36,10,FAST,26,0.9038461538461539,3,0.11538461538461539
Cli,36,10,Ekstazi+dpt,22,0.2884615384615385,19,0.7307692307692307
Cli,36,10,DPT,26,0.24999999999999994,20,0.7692307692307693
Cli,36,10,STARTS,23,0.5192307692307693,13,0.5
Cli,36,10,STARTS+FAST-S,23,0.9038461538461539,3,0.11538461538461539
Cli,36,10,STARTS+FAST-P,23,0.9807692307692308,1,0.038461538461538464
Cli,36,10,STARTS+DPT,23,0.24999999999999994,20,0.7692307692307693
Cli,36,10,Fastazi-S,22,0.9807692307692308,1,0.038461538461538464
Cli,36,10,Fastazi-P,22,0.9038461538461539,3,0.11538461538461539
Cli,36,10,Random,26,0.3269230769230769,18,0.6923076923076923
Cli,36,11,Ekstazi,22,0.6346153846153847,10,0.38461538461538464
Cli,36,11,FAST,26,0.9423076923076924,2,0.07692307692307693
Cli,36,11,Ekstazi+dpt,22,0.24999999999999994,20,0.7692307692307693
Cli,36,11,DPT,26,0.2884615384615385,19,0.7307692307692307
Cli,36,11,STARTS,23,0.2115384615384615,21,0.8076923076923077
Cli,36,11,STARTS+FAST-S,23,0.9038461538461539,3,0.11538461538461539
Cli,36,11,STARTS+FAST-P,23,0.9423076923076924,2,0.07692307692307693
Cli,36,11,STARTS+DPT,23,0.2884615384615385,19,0.7307692307692307
Cli,36,11,Fastazi-S,22,0.9423076923076924,2,0.07692307692307693
Cli,36,11,Fastazi-P,22,0.9423076923076924,2,0.07692307692307693
Cli,36,11,Random,26,0.13461538461538464,23,0.8846153846153846
Cli,36,12,Ekstazi,22,0.826923076923077,5,0.19230769230769232
Cli,36,12,FAST,26,0.9423076923076924,2,0.07692307692307693
Cli,36,12,Ekstazi+dpt,22,0.2884615384615385,19,0.7307692307692307
Cli,36,12,DPT,26,0.24999999999999994,20,0.7692307692307693
Cli,36,12,STARTS,23,0.24999999999999994,20,0.7692307692307693
Cli,36,12,STARTS+FAST-S,23,0.9423076923076924,2,0.07692307692307693
Cli,36,12,STARTS+FAST-P,23,0.9807692307692308,1,0.038461538461538464
Cli,36,12,STARTS+DPT,23,0.2884615384615385,19,0.7307692307692307
Cli,36,12,Fastazi-S,22,0.9423076923076924,2,0.07692307692307693
Cli,36,12,Fastazi-P,22,0.9423076923076924,2,0.07692307692307693
Cli,36,12,Random,26,0.44230769230769235,15,0.5769230769230769
Cli,36,13,Ekstazi,22,0.9807692307692308,1,0.038461538461538464
Cli,36,13,FAST,26,0.9423076923076924,2,0.07692307692307693
Cli,36,13,Ekstazi+dpt,22,0.2884615384615385,19,0.7307692307692307
Cli,36,13,DPT,26,0.2884615384615385,19,0.7307692307692307
Cli,36,13,STARTS,23,0.9038461538461539,3,0.11538461538461539
Cli,36,13,STARTS+FAST-S,23,0.8653846153846154,4,0.15384615384615385
Cli,36,13,STARTS+FAST-P,23,0.9423076923076924,2,0.07692307692307693
Cli,36,13,STARTS+DPT,23,0.2884615384615385,19,0.7307692307692307
Cli,36,13,Fastazi-S,22,0.9423076923076924,2,0.07692307692307693
Cli,36,13,Fastazi-P,22,0.9423076923076924,2,0.07692307692307693
Cli,36,13,Random,26,0.7115384615384616,8,0.3076923076923077
Cli,36,14,Ekstazi,22,0.4807692307692308,14,0.5384615384615384
Cli,36,14,FAST,26,0.9423076923076924,2,0.07692307692307693
Cli,36,14,Ekstazi+dpt,22,0.24999999999999994,20,0.7692307692307693
Cli,36,14,DPT,26,0.2884615384615385,19,0.7307692307692307
Cli,36,14,STARTS,23,0.9807692307692308,1,0.038461538461538464
Cli,36,14,STARTS+FAST-S,23,0.9423076923076924,2,0.07692307692307693
Cli,36,14,STARTS+FAST-P,23,0.9423076923076924,2,0.07692307692307693
Cli,36,14,STARTS+DPT,23,0.24999999999999994,20,0.7692307692307693
Cli,36,14,Fastazi-S,22,0.9423076923076924,2,0.07692307692307693
Cli,36,14,Fastazi-P,22,0.9807692307692308,1,0.038461538461538464
Cli,36,14,Random,26,0.13461538461538464,23,0.8846153846153846
Cli,36,15,Ekstazi,22,0.5961538461538461,11,0.4230769230769231
Cli,36,15,FAST,26,0.9423076923076924,2,0.07692307692307693
Cli,36,15,Ekstazi+dpt,22,0.2884615384615385,19,0.7307692307692307
Cli,36,15,DPT,26,0.24999999999999994,20,0.7692307692307693
Cli,36,15,STARTS,23,0.4038461538461538,16,0.6153846153846154
Cli,36,15,STARTS+FAST-S,23,0.9038461538461539,3,0.11538461538461539
Cli,36,15,STARTS+FAST-P,23,0.9038461538461539,3,0.11538461538461539
Cli,36,15,STARTS+DPT,23,0.2884615384615385,19,0.7307692307692307
Cli,36,15,Fastazi-S,22,0.9423076923076924,2,0.07692307692307693
Cli,36,15,Fastazi-P,22,0.9423076923076924,2,0.07692307692307693
Cli,36,15,Random,26,0.5961538461538461,11,0.4230769230769231
Cli,36,16,Ekstazi,22,0.2115384615384615,21,0.8076923076923077
Cli,36,16,FAST,26,0.9423076923076924,2,0.07692307692307693
Cli,36,16,Ekstazi+dpt,22,0.24999999999999994,20,0.7692307692307693
Cli,36,16,DPT,26,0.2884615384615385,19,0.7307692307692307
Cli,36,16,STARTS,23,0.9807692307692308,1,0.038461538461538464
Cli,36,16,STARTS+FAST-S,23,0.9423076923076924,2,0.07692307692307693
Cli,36,16,STARTS+FAST-P,23,0.9423076923076924,2,0.07692307692307693
Cli,36,16,STARTS+DPT,23,0.24999999999999994,20,0.7692307692307693
Cli,36,16,Fastazi-S,22,0.9423076923076924,2,0.07692307692307693
Cli,36,16,Fastazi-P,22,0.9423076923076924,2,0.07692307692307693
Cli,36,16,Random,26,0.17307692307692307,22,0.8461538461538461
Cli,36,17,Ekstazi,22,0.6346153846153847,10,0.38461538461538464
Cli,36,17,FAST,26,0.9038461538461539,3,0.11538461538461539
Cli,36,17,Ekstazi+dpt,22,0.2884615384615385,19,0.7307692307692307
Cli,36,17,DPT,26,0.24999999999999994,20,0.7692307692307693
Cli,36,17,STARTS,23,0.6730769230769231,9,0.34615384615384615
Cli,36,17,STARTS+FAST-S,23,0.9423076923076924,2,0.07692307692307693
Cli,36,17,STARTS+FAST-P,23,0.9423076923076924,2,0.07692307692307693
Cli,36,17,STARTS+DPT,23,0.2884615384615385,19,0.7307692307692307
Cli,36,17,Fastazi-S,22,0.9423076923076924,2,0.07692307692307693
Cli,36,17,Fastazi-P,22,0.9038461538461539,3,0.11538461538461539
Cli,36,17,Random,26,0.019230769230769232,26,1.0
Cli,36,18,Ekstazi,22,0.7884615384615384,6,0.23076923076923078
Cli,36,18,FAST,26,0.9423076923076924,2,0.07692307692307693
Cli,36,18,Ekstazi+dpt,22,0.2884615384615385,19,0.7307692307692307
Cli,36,18,DPT,26,0.2884615384615385,19,0.7307692307692307
Cli,36,18,STARTS,23,0.7115384615384616,8,0.3076923076923077
Cli,36,18,STARTS+FAST-S,23,0.9423076923076924,2,0.07692307692307693
Cli,36,18,STARTS+FAST-P,23,0.9807692307692308,1,0.038461538461538464
Cli,36,18,STARTS+DPT,23,0.2884615384615385,19,0.7307692307692307
Cli,36,18,Fastazi-S,22,0.9423076923076924,2,0.07692307692307693
Cli,36,18,Fastazi-P,22,0.9807692307692308,1,0.038461538461538464
Cli,36,18,Random,26,0.05769230769230767,25,0.9615384615384616
Cli,36,19,Ekstazi,22,0.2115384615384615,21,0.8076923076923077
Cli,36,19,FAST,26,0.9423076923076924,2,0.07692307692307693
Cli,36,19,Ekstazi+dpt,22,0.24999999999999994,20,0.7692307692307693
Cli,36,19,DPT,26,0.24999999999999994,20,0.7692307692307693
Cli,36,19,STARTS,23,0.2115384615384615,21,0.8076923076923077
Cli,36,19,STARTS+FAST-S,23,0.9423076923076924,2,0.07692307692307693
Cli,36,19,STARTS+FAST-P,23,0.8653846153846154,4,0.15384615384615385
Cli,36,19,STARTS+DPT,23,0.24999999999999994,20,0.7692307692307693
Cli,36,19,Fastazi-S,22,0.9423076923076924,2,0.07692307692307693
Cli,36,19,Fastazi-P,22,0.9807692307692308,1,0.038461538461538464
Cli,36,19,Random,26,0.13461538461538464,23,0.8846153846153846
Cli,36,20,Ekstazi,22,0.24999999999999994,20,0.7692307692307693
Cli,36,20,FAST,26,0.9423076923076924,2,0.07692307692307693
Cli,36,20,Ekstazi+dpt,22,0.24999999999999994,20,0.7692307692307693
Cli,36,20,DPT,26,0.2884615384615385,19,0.7307692307692307
Cli,36,20,STARTS,23,0.5961538461538461,11,0.4230769230769231
Cli,36,20,STARTS+FAST-S,23,0.9423076923076924,2,0.07692307692307693
Cli,36,20,STARTS+FAST-P,23,0.9807692307692308,1,0.038461538461538464
Cli,36,20,STARTS+DPT,23,0.2884615384615385,19,0.7307692307692307
Cli,36,20,Fastazi-S,22,0.9423076923076924,2,0.07692307692307693
Cli,36,20,Fastazi-P,22,0.9423076923076924,2,0.07692307692307693
Cli,36,20,Random,26,0.9038461538461539,3,0.11538461538461539
Cli,36,21,Ekstazi,22,0.826923076923077,5,0.19230769230769232
Cli,36,21,FAST,26,0.9423076923076924,2,0.07692307692307693
Cli,36,21,Ekstazi+dpt,22,0.24999999999999994,20,0.7692307692307693
Cli,36,21,DPT,26,0.24999999999999994,20,0.7692307692307693
Cli,36,21,STARTS,23,0.2884615384615385,19,0.7307692307692307
Cli,36,21,STARTS+FAST-S,23,0.9423076923076924,2,0.07692307692307693
Cli,36,21,STARTS+FAST-P,23,0.9807692307692308,1,0.038461538461538464
Cli,36,21,STARTS+DPT,23,0.2884615384615385,19,0.7307692307692307
Cli,36,21,Fastazi-S,22,0.9423076923076924,2,0.07692307692307693
Cli,36,21,Fastazi-P,22,0.9423076923076924,2,0.07692307692307693
Cli,36,21,Random,26,0.44230769230769235,15,0.5769230769230769
Cli,36,22,Ekstazi,22,0.7500000000000001,7,0.2692307692307692
Cli,36,22,FAST,26,0.9807692307692308,1,0.038461538461538464
Cli,36,22,Ekstazi+dpt,22,0.2884615384615385,19,0.7307692307692307
Cli,36,22,DPT,26,0.2884615384615385,19,0.7307692307692307
Cli,36,22,STARTS,23,0.5961538461538461,11,0.4230769230769231
Cli,36,22,STARTS+FAST-S,23,0.9423076923076924,2,0.07692307692307693
Cli,36,22,STARTS+FAST-P,23,0.9038461538461539,3,0.11538461538461539
Cli,36,22,STARTS+DPT,23,0.24999999999999994,20,0.7692307692307693
Cli,36,22,Fastazi-S,22,0.9423076923076924,2,0.07692307692307693
Cli,36,22,Fastazi-P,22,0.9807692307692308,1,0.038461538461538464
Cli,36,22,Random,26,0.13461538461538464,23,0.8846153846153846
Cli,36,23,Ekstazi,22,0.44230769230769235,15,0.5769230769230769
Cli,36,23,FAST,26,0.9423076923076924,2,0.07692307692307693
Cli,36,23,Ekstazi+dpt,22,0.2884615384615385,19,0.7307692307692307
Cli,36,23,DPT,26,0.2884615384615385,19,0.7307692307692307
Cli,36,23,STARTS,23,0.4038461538461538,16,0.6153846153846154
Cli,36,23,STARTS+FAST-S,23,0.9423076923076924,2,0.07692307692307693
Cli,36,23,STARTS+FAST-P,23,0.9423076923076924,2,0.07692307692307693
Cli,36,23,STARTS+DPT,23,0.24999999999999994,20,0.7692307692307693
Cli,36,23,Fastazi-S,22,0.9423076923076924,2,0.07692307692307693
Cli,36,23,Fastazi-P,22,0.9423076923076924,2,0.07692307692307693
Cli,36,23,Random,26,0.36538461538461536,17,0.6538461538461539
Cli,36,24,Ekstazi,22,0.5961538461538461,11,0.4230769230769231
Cli,36,24,FAST,26,0.9423076923076924,2,0.07692307692307693
Cli,36,24,Ekstazi+dpt,22,0.24999999999999994,20,0.7692307692307693
Cli,36,24,DPT,26,0.2884615384615385,19,0.7307692307692307
Cli,36,24,STARTS,23,0.3269230769230769,18,0.6923076923076923
Cli,36,24,STARTS+FAST-S,23,0.9423076923076924,2,0.07692307692307693
Cli,36,24,STARTS+FAST-P,23,0.9423076923076924,2,0.07692307692307693
Cli,36,24,STARTS+DPT,23,0.2884615384615385,19,0.7307692307692307
Cli,36,24,Fastazi-S,22,0.9423076923076924,2,0.07692307692307693
Cli,36,24,Fastazi-P,22,0.9423076923076924,2,0.07692307692307693
Cli,36,24,Random,26,0.2115384615384615,21,0.8076923076923077
Cli,36,25,Ekstazi,22,0.2884615384615385,19,0.7307692307692307
Cli,36,25,FAST,26,0.9423076923076924,2,0.07692307692307693
Cli,36,25,Ekstazi+dpt,22,0.24999999999999994,20,0.7692307692307693
Cli,36,25,DPT,26,0.2884615384615385,19,0.7307692307692307
Cli,36,25,STARTS,23,0.8653846153846154,4,0.15384615384615385
Cli,36,25,STARTS+FAST-S,23,0.9423076923076924,2,0.07692307692307693
Cli,36,25,STARTS+FAST-P,23,0.9807692307692308,1,0.038461538461538464
Cli,36,25,STARTS+DPT,23,0.2884615384615385,19,0.7307692307692307
Cli,36,25,Fastazi-S,22,0.9423076923076924,2,0.07692307692307693
Cli,36,25,Fastazi-P,22,0.9423076923076924,2,0.07692307692307693
Cli,36,25,Random,26,0.5192307692307693,13,0.5
Cli,36,26,Ekstazi,22,0.4807692307692308,14,0.5384615384615384
Cli,36,26,FAST,26,0.9423076923076924,2,0.07692307692307693
Cli,36,26,Ekstazi+dpt,22,0.2884615384615385,19,0.7307692307692307
Cli,36,26,DPT,26,0.24999999999999994,20,0.7692307692307693
Cli,36,26,STARTS,23,0.4807692307692308,14,0.5384615384615384
Cli,36,26,STARTS+FAST-S,23,0.9423076923076924,2,0.07692307692307693
Cli,36,26,STARTS+FAST-P,23,0.9423076923076924,2,0.07692307692307693
Cli,36,26,STARTS+DPT,23,0.24999999999999994,20,0.7692307692307693
Cli,36,26,Fastazi-S,22,0.9038461538461539,3,0.11538461538461539
Cli,36,26,Fastazi-P,22,0.9423076923076924,2,0.07692307692307693
Cli,36,26,Random,26,0.44230769230769235,15,0.5769230769230769
Cli,36,27,Ekstazi,22,0.2884615384615385,19,0.7307692307692307
Cli,36,27,FAST,26,0.9807692307692308,1,0.038461538461538464
Cli,36,27,Ekstazi+dpt,22,0.24999999999999994,20,0.7692307692307693
Cli,36,27,DPT,26,0.24999999999999994,20,0.7692307692307693
Cli,36,27,STARTS,23,0.7884615384615384,6,0.23076923076923078
Cli,36,27,STARTS+FAST-S,23,0.9423076923076924,2,0.07692307692307693
Cli,36,27,STARTS+FAST-P,23,0.9423076923076924,2,0.07692307692307693
Cli,36,27,STARTS+DPT,23,0.2884615384615385,19,0.7307692307692307
Cli,36,27,Fastazi-S,22,0.9423076923076924,2,0.07692307692307693
Cli,36,27,Fastazi-P,22,0.9807692307692308,1,0.038461538461538464
Cli,36,27,Random,26,0.17307692307692307,22,0.8461538461538461
Cli,36,28,Ekstazi,22,0.4038461538461538,16,0.6153846153846154
Cli,36,28,FAST,26,0.9807692307692308,1,0.038461538461538464
Cli,36,28,Ekstazi+dpt,22,0.2884615384615385,19,0.7307692307692307
Cli,36,28,DPT,26,0.2884615384615385,19,0.7307692307692307
Cli,36,28,STARTS,23,0.36538461538461536,17,0.6538461538461539
Cli,36,28,STARTS+FAST-S,23,0.9423076923076924,2,0.07692307692307693
Cli,36,28,STARTS+FAST-P,23,0.9423076923076924,2,0.07692307692307693
Cli,36,28,STARTS+DPT,23,0.24999999999999994,20,0.7692307692307693
Cli,36,28,Fastazi-S,22,0.9423076923076924,2,0.07692307692307693
Cli,36,28,Fastazi-P,22,0.9807692307692308,1,0.038461538461538464
Cli,36,28,Random,26,0.44230769230769235,15,0.5769230769230769
Cli,36,29,Ekstazi,22,0.36538461538461536,17,0.6538461538461539
Cli,36,29,FAST,26,0.9423076923076924,2,0.07692307692307693
Cli,36,29,Ekstazi+dpt,22,0.24999999999999994,20,0.7692307692307693
Cli,36,29,DPT,26,0.24999999999999994,20,0.7692307692307693
Cli,36,29,STARTS,23,0.7884615384615384,6,0.23076923076923078
Cli,36,29,STARTS+FAST-S,23,0.9423076923076924,2,0.07692307692307693
Cli,36,29,STARTS+FAST-P,23,0.9807692307692308,1,0.038461538461538464
Cli,36,29,STARTS+DPT,23,0.2884615384615385,19,0.7307692307692307
Cli,36,29,Fastazi-S,22,0.9423076923076924,2,0.07692307692307693
Cli,36,29,Fastazi-P,22,0.9423076923076924,2,0.07692307692307693
Cli,36,29,Random,26,0.2884615384615385,19,0.7307692307692307
Cli,36,30,Ekstazi,22,0.7115384615384616,8,0.3076923076923077
Cli,36,30,FAST,26,0.9423076923076924,2,0.07692307692307693
Cli,36,30,Ekstazi+dpt,22,0.24999999999999994,20,0.7692307692307693
Cli,36,30,DPT,26,0.24999999999999994,20,0.7692307692307693
Cli,36,30,STARTS,23,0.7500000000000001,7,0.2692307692307692
Cli,36,30,STARTS+FAST-S,23,0.8653846153846154,4,0.15384615384615385
Cli,36,30,STARTS+FAST-P,23,0.9423076923076924,2,0.07692307692307693
Cli,36,30,STARTS+DPT,23,0.2884615384615385,19,0.7307692307692307
Cli,36,30,Fastazi-S,22,0.9807692307692308,1,0.038461538461538464
Cli,36,30,Fastazi-P,22,0.9423076923076924,2,0.07692307692307693
Cli,36,30,Random,26,0.5576923076923077,12,0.46153846153846156
Cli,37,1,Ekstazi,23,0.8703703703703703,4,0.14814814814814814
Cli,37,1,FAST,27,0.38888888888888884,17,0.6296296296296297
Cli,37,1,Ekstazi+dpt,23,0.2777777777777778,20,0.7407407407407407
Cli,37,1,DPT,27,0.2777777777777778,20,0.7407407407407407
Cli,37,1,STARTS,24,0.5,14,0.5185185185185185
Cli,37,1,STARTS+FAST-S,24,0.7222222222222222,8,0.2962962962962963
Cli,37,1,STARTS+FAST-P,24,0.7222222222222222,8,0.2962962962962963
Cli,37,1,STARTS+DPT,24,0.24074074074074073,21,0.7777777777777778
Cli,37,1,Fastazi-S,23,0.5,14,0.5185185185185185
Cli,37,1,Fastazi-P,23,0.4629629629629629,15,0.5555555555555556
Cli,37,1,Random,27,0.2777777777777778,20,0.7407407407407407
Cli,37,2,Ekstazi,23,0.16666666666666666,23,0.8518518518518519
Cli,37,2,FAST,27,0.611111111111111,11,0.4074074074074074
Cli,37,2,Ekstazi+dpt,23,0.2777777777777778,20,0.7407407407407407
Cli,37,2,DPT,27,0.2777777777777778,20,0.7407407407407407
Cli,37,2,STARTS,24,0.31481481481481477,19,0.7037037037037037
Cli,37,2,STARTS+FAST-S,24,0.7222222222222222,8,0.2962962962962963
Cli,37,2,STARTS+FAST-P,24,0.7222222222222222,8,0.2962962962962963
Cli,37,2,STARTS+DPT,24,0.24074074074074073,21,0.7777777777777778
Cli,37,2,Fastazi-S,23,0.4629629629629629,15,0.5555555555555556
Cli,37,2,Fastazi-P,23,0.6851851851851852,9,0.3333333333333333
Cli,37,2,Random,27,0.4629629629629629,15,0.5555555555555556
Cli,37,3,Ekstazi,23,0.5,14,0.5185185185185185
Cli,37,3,FAST,27,0.611111111111111,11,0.4074074074074074
Cli,37,3,Ekstazi+dpt,23,0.2777777777777778,20,0.7407407407407407
Cli,37,3,DPT,27,0.24074074074074073,21,0.7777777777777778
Cli,37,3,STARTS,24,0.16666666666666666,23,0.8518518518518519
Cli,37,3,STARTS+FAST-S,24,0.7222222222222222,8,0.2962962962962963
Cli,37,3,STARTS+FAST-P,24,0.7222222222222222,8,0.2962962962962963
Cli,37,3,STARTS+DPT,24,0.2777777777777778,20,0.7407407407407407
Cli,37,3,Fastazi-S,23,0.4629629629629629,15,0.5555555555555556
Cli,37,3,Fastazi-P,23,0.6851851851851852,9,0.3333333333333333
Cli,37,3,Random,27,0.6481481481481481,10,0.37037037037037035
Cli,37,4,Ekstazi,23,0.611111111111111,11,0.4074074074074074
Cli,37,4,FAST,27,0.42592592592592593,16,0.5925925925925926
Cli,37,4,Ekstazi+dpt,23,0.2777777777777778,20,0.7407407407407407
Cli,37,4,DPT,27,0.2777777777777778,20,0.7407407407407407
Cli,37,4,STARTS,24,0.7222222222222222,8,0.2962962962962963
Cli,37,4,STARTS+FAST-S,24,0.7592592592592592,7,0.25925925925925924
Cli,37,4,STARTS+FAST-P,24,0.7222222222222222,8,0.2962962962962963
Cli,37,4,STARTS+DPT,24,0.31481481481481477,19,0.7037037037037037
Cli,37,4,Fastazi-S,23,0.5,14,0.5185185185185185
Cli,37,4,Fastazi-P,23,0.5,14,0.5185185185185185
Cli,37,4,Random,27,0.4629629629629629,15,0.5555555555555556
Cli,37,5,Ekstazi,23,0.5370370370370371,13,0.48148148148148145
Cli,37,5,FAST,27,0.42592592592592593,16,0.5925925925925926
Cli,37,5,Ekstazi+dpt,23,0.2777777777777778,20,0.7407407407407407
Cli,37,5,DPT,27,0.24074074074074073,21,0.7777777777777778
Cli,37,5,STARTS,24,0.9814814814814815,1,0.037037037037037035
Cli,37,5,STARTS+FAST-S,24,0.7222222222222222,8,0.2962962962962963
Cli,37,5,STARTS+FAST-P,24,0.7592592592592592,7,0.25925925925925924
Cli,37,5,STARTS+DPT,24,0.24074074074074073,21,0.7777777777777778
Cli,37,5,Fastazi-S,23,0.5,14,0.5185185185185185
Cli,37,5,Fastazi-P,23,0.5370370370370371,13,0.48148148148148145
Cli,37,5,Random,27,0.8333333333333334,5,0.18518518518518517
Cli,37,6,Ekstazi,23,0.31481481481481477,19,0.7037037037037037
Cli,37,6,FAST,27,0.38888888888888884,17,0.6296296296296297
Cli,37,6,Ekstazi+dpt,23,0.2777777777777778,20,0.7407407407407407
Cli,37,6,DPT,27,0.31481481481481477,19,0.7037037037037037
Cli,37,6,STARTS,24,0.5,14,0.5185185185185185
Cli,37,6,STARTS+FAST-S,24,0.7592592592592592,7,0.25925925925925924
Cli,37,6,STARTS+FAST-P,24,0.7592592592592592,7,0.25925925925925924
Cli,37,6,STARTS+DPT,24,0.31481481481481477,19,0.7037037037037037
Cli,37,6,Fastazi-S,23,0.9814814814814815,1,0.037037037037037035
Cli,37,6,Fastazi-P,23,0.4629629629629629,15,0.5555555555555556
Cli,37,6,Random,27,0.6851851851851852,9,0.3333333333333333
Cli,37,7,Ekstazi,23,0.5,14,0.5185185185185185
Cli,37,7,FAST,27,0.38888888888888884,17,0.6296296296296297
Cli,37,7,Ekstazi+dpt,23,0.31481481481481477,19,0.7037037037037037
Cli,37,7,DPT,27,0.2777777777777778,20,0.7407407407407407
Cli,37,7,STARTS,24,0.6851851851851852,9,0.3333333333333333
Cli,37,7,STARTS+FAST-S,24,0.7222222222222222,8,0.2962962962962963
Cli,37,7,STARTS+FAST-P,24,0.7222222222222222,8,0.2962962962962963
Cli,37,7,STARTS+DPT,24,0.2777777777777778,20,0.7407407407407407
Cli,37,7,Fastazi-S,23,0.4629629629629629,15,0.5555555555555556
Cli,37,7,Fastazi-P,23,0.4629629629629629,15,0.5555555555555556
Cli,37,7,Random,27,0.09259259259259259,25,0.9259259259259259
Cli,37,8,Ekstazi,23,0.38888888888888884,17,0.6296296296296297
Cli,37,8,FAST,27,0.42592592592592593,16,0.5925925925925926
Cli,37,8,Ekstazi+dpt,23,0.31481481481481477,19,0.7037037037037037
Cli,37,8,DPT,27,0.2777777777777778,20,0.7407407407407407
Cli,37,8,STARTS,24,0.20370370370370375,22,0.8148148148148148
Cli,37,8,STARTS+FAST-S,24,0.7222222222222222,8,0.2962962962962963
Cli,37,8,STARTS+FAST-P,24,0.6481481481481481,10,0.37037037037037035
Cli,37,8,STARTS+DPT,24,0.2777777777777778,20,0.7407407407407407
Cli,37,8,Fastazi-S,23,0.6481481481481481,10,0.37037037037037035
Cli,37,8,Fastazi-P,23,0.5370370370370371,13,0.48148148148148145
Cli,37,8,Random,27,0.9814814814814815,1,0.037037037037037035
Cli,37,9,Ekstazi,23,0.8333333333333334,5,0.18518518518518517
Cli,37,9,FAST,27,0.42592592592592593,16,0.5925925925925926
Cli,37,9,Ekstazi+dpt,23,0.2777777777777778,20,0.7407407407407407
Cli,37,9,DPT,27,0.24074074074074073,21,0.7777777777777778
Cli,37,9,STARTS,24,0.5,14,0.5185185185185185
Cli,37,9,STARTS+FAST-S,24,0.7592592592592592,7,0.25925925925925924
Cli,37,9,STARTS+FAST-P,24,0.7592592592592592,7,0.25925925925925924
Cli,37,9,STARTS+DPT,24,0.24074074074074073,21,0.7777777777777778
Cli,37,9,Fastazi-S,23,0.5,14,0.5185185185185185
Cli,37,9,Fastazi-P,23,0.5370370370370371,13,0.48148148148148145
Cli,37,9,Random,27,0.5740740740740741,12,0.4444444444444444
Cli,37,10,Ekstazi,23,0.6481481481481481,10,0.37037037037037035
Cli,37,10,FAST,27,0.38888888888888884,17,0.6296296296296297
Cli,37,10,Ekstazi+dpt,23,0.2777777777777778,20,0.7407407407407407
Cli,37,10,DPT,27,0.31481481481481477,19,0.7037037037037037
Cli,37,10,STARTS,24,0.611111111111111,11,0.4074074074074074
Cli,37,10,STARTS+FAST-S,24,0.7222222222222222,8,0.2962962962962963
Cli,37,10,STARTS+FAST-P,24,0.6481481481481481,10,0.37037037037037035
Cli,37,10,STARTS+DPT,24,0.31481481481481477,19,0.7037037037037037
Cli,37,10,Fastazi-S,23,0.4629629629629629,15,0.5555555555555556
Cli,37,10,Fastazi-P,23,0.4629629629629629,15,0.5555555555555556
Cli,37,10,Random,27,0.7592592592592592,7,0.25925925925925924
Cli,37,11,Ekstazi,23,0.9814814814814815,1,0.037037037037037035
Cli,37,11,FAST,27,0.42592592592592593,16,0.5925925925925926
Cli,37,11,Ekstazi+dpt,23,0.31481481481481477,19,0.7037037037037037
Cli,37,11,DPT,27,0.24074074074074073,21,0.7777777777777778
Cli,37,11,STARTS,24,0.9074074074074073,3,0.1111111111111111
Cli,37,11,STARTS+FAST-S,24,0.7592592592592592,7,0.25925925925925924
Cli,37,11,STARTS+FAST-P,24,0.7222222222222222,8,0.2962962962962963
Cli,37,11,STARTS+DPT,24,0.31481481481481477,19,0.7037037037037037
Cli,37,11,Fastazi-S,23,0.5,14,0.5185185185185185
Cli,37,11,Fastazi-P,23,0.5370370370370371,13,0.48148148148148145
Cli,37,11,Random,27,0.05555555555555561,26,0.9629629629629629
Cli,37,12,Ekstazi,23,0.38888888888888884,17,0.6296296296296297
Cli,37,12,FAST,27,0.42592592592592593,16,0.5925925925925926
Cli,37,12,Ekstazi+dpt,23,0.24074074074074073,21,0.7777777777777778
Cli,37,12,DPT,27,0.31481481481481477,19,0.7037037037037037
Cli,37,12,STARTS,24,0.6481481481481481,10,0.37037037037037035
Cli,37,12,STARTS+FAST-S,24,0.7222222222222222,8,0.2962962962962963
Cli,37,12,STARTS+FAST-P,24,0.7592592592592592,7,0.25925925925925924
Cli,37,12,STARTS+DPT,24,0.24074074074074073,21,0.7777777777777778
Cli,37,12,Fastazi-S,23,0.5,14,0.5185185185185185
Cli,37,12,Fastazi-P,23,0.5370370370370371,13,0.48148148148148145
Cli,37,12,Random,27,0.9814814814814815,1,0.037037037037037035
Cli,37,13,Ekstazi,23,0.4629629629629629,15,0.5555555555555556
Cli,37,13,FAST,27,0.42592592592592593,16,0.5925925925925926
Cli,37,13,Ekstazi+dpt,23,0.24074074074074073,21,0.7777777777777778
Cli,37,13,DPT,27,0.31481481481481477,19,0.7037037037037037
Cli,37,13,STARTS,24,0.7962962962962963,6,0.2222222222222222
Cli,37,13,STARTS+FAST-S,24,0.7592592592592592,7,0.25925925925925924
Cli,37,13,STARTS+FAST-P,24,0.7592592592592592,7,0.25925925925925924
Cli,37,13,STARTS+DPT,24,0.24074074074074073,21,0.7777777777777778
Cli,37,13,Fastazi-S,23,0.4629629629629629,15,0.5555555555555556
Cli,37,13,Fastazi-P,23,0.5,14,0.5185185185185185
Cli,37,13,Random,27,0.20370370370370375,22,0.8148148148148148
Cli,37,14,Ekstazi,23,0.9444444444444444,2,0.07407407407407407
Cli,37,14,FAST,27,0.42592592592592593,16,0.5925925925925926
Cli,37,14,Ekstazi+dpt,23,0.2777777777777778,20,0.7407407407407407
Cli,37,14,DPT,27,0.31481481481481477,19,0.7037037037037037
Cli,37,14,STARTS,24,0.31481481481481477,19,0.7037037037037037
Cli,37,14,STARTS+FAST-S,24,0.7222222222222222,8,0.2962962962962963
Cli,37,14,STARTS+FAST-P,24,0.7222222222222222,8,0.2962962962962963
Cli,37,14,STARTS+DPT,24,0.24074074074074073,21,0.7777777777777778
Cli,37,14,Fastazi-S,23,0.5,14,0.5185185185185185
Cli,37,14,Fastazi-P,23,0.5370370370370371,13,0.48148148148148145
Cli,37,14,Random,27,0.09259259259259259,25,0.9259259259259259
Cli,37,15,Ekstazi,23,0.5370370370370371,13,0.48148148148148145
Cli,37,15,FAST,27,0.38888888888888884,17,0.6296296296296297
Cli,37,15,Ekstazi+dpt,23,0.2777777777777778,20,0.7407407407407407
Cli,37,15,DPT,27,0.24074074074074073,21,0.7777777777777778
Cli,37,15,STARTS,24,0.6481481481481481,10,0.37037037037037035
Cli,37,15,STARTS+FAST-S,24,0.7592592592592592,7,0.25925925925925924
Cli,37,15,STARTS+FAST-P,24,0.7222222222222222,8,0.2962962962962963
Cli,37,15,STARTS+DPT,24,0.24074074074074073,21,0.7777777777777778
Cli,37,15,Fastazi-S,23,0.4629629629629629,15,0.5555555555555556
Cli,37,15,Fastazi-P,23,0.4629629629629629,15,0.5555555555555556
Cli,37,15,Random,27,0.8333333333333334,5,0.18518518518518517
Cli,37,16,Ekstazi,23,0.6851851851851852,9,0.3333333333333333
Cli,37,16,FAST,27,0.611111111111111,11,0.4074074074074074
Cli,37,16,Ekstazi+dpt,23,0.24074074074074073,21,0.7777777777777778
Cli,37,16,DPT,27,0.24074074074074073,21,0.7777777777777778
Cli,37,16,STARTS,24,0.611111111111111,11,0.4074074074074074
Cli,37,16,STARTS+FAST-S,24,0.7592592592592592,7,0.25925925925925924
Cli,37,16,STARTS+FAST-P,24,0.7222222222222222,8,0.2962962962962963
Cli,37,16,STARTS+DPT,24,0.24074074074074073,21,0.7777777777777778
Cli,37,16,Fastazi-S,23,0.6481481481481481,10,0.37037037037037035
Cli,37,16,Fastazi-P,23,0.6851851851851852,9,0.3333333333333333
Cli,37,16,Random,27,0.4629629629629629,15,0.5555555555555556
Cli,37,17,Ekstazi,23,0.7962962962962963,6,0.2222222222222222
Cli,37,17,FAST,27,0.42592592592592593,16,0.5925925925925926
Cli,37,17,Ekstazi+dpt,23,0.24074074074074073,21,0.7777777777777778
Cli,37,17,DPT,27,0.24074074074074073,21,0.7777777777777778
Cli,37,17,STARTS,24,0.4629629629629629,15,0.5555555555555556
Cli,37,17,STARTS+FAST-S,24,0.7592592592592592,7,0.25925925925925924
Cli,37,17,STARTS+FAST-P,24,0.7592592592592592,7,0.25925925925925924
Cli,37,17,STARTS+DPT,24,0.24074074074074073,21,0.7777777777777778
Cli,37,17,Fastazi-S,23,0.5,14,0.5185185185185185
Cli,37,17,Fastazi-P,23,0.5370370370370371,13,0.48148148148148145
Cli,37,17,Random,27,0.09259259259259259,25,0.9259259259259259
Cli,37,18,Ekstazi,23,0.9444444444444444,2,0.07407407407407407
Cli,37,18,FAST,27,0.42592592592592593,16,0.5925925925925926
Cli,37,18,Ekstazi+dpt,23,0.2777777777777778,20,0.7407407407407407
Cli,37,18,DPT,27,0.2777777777777778,20,0.7407407407407407
Cli,37,18,STARTS,24,0.2777777777777778,20,0.7407407407407407
Cli,37,18,STARTS+FAST-S,24,0.7592592592592592,7,0.25925925925925924
Cli,37,18,STARTS+FAST-P,24,0.7222222222222222,8,0.2962962962962963
Cli,37,18,STARTS+DPT,24,0.31481481481481477,19,0.7037037037037037
Cli,37,18,Fastazi-S,23,0.5,14,0.5185185185185185
Cli,37,18,Fastazi-P,23,0.5370370370370371,13,0.48148148148148145
Cli,37,18,Random,27,0.2777777777777778,20,0.7407407407407407
Cli,37,19,Ekstazi,23,0.20370370370370375,22,0.8148148148148148
Cli,37,19,FAST,27,0.42592592592592593,16,0.5925925925925926
Cli,37,19,Ekstazi+dpt,23,0.24074074074074073,21,0.7777777777777778
Cli,37,19,DPT,27,0.24074074074074073,21,0.7777777777777778
Cli,37,19,STARTS,24,0.5370370370370371,13,0.48148148148148145
Cli,37,19,STARTS+FAST-S,24,0.7222222222222222,8,0.2962962962962963
Cli,37,19,STARTS+FAST-P,24,0.7222222222222222,8,0.2962962962962963
Cli,37,19,STARTS+DPT,24,0.31481481481481477,19,0.7037037037037037
Cli,37,19,Fastazi-S,23,0.6481481481481481,10,0.37037037037037035
Cli,37,19,Fastazi-P,23,0.5370370370370371,13,0.48148148148148145
Cli,37,19,Random,27,0.8333333333333334,5,0.18518518518518517
Cli,37,20,Ekstazi,23,0.8703703703703703,4,0.14814814814814814
Cli,37,20,FAST,27,0.42592592592592593,16,0.5925925925925926
Cli,37,20,Ekstazi+dpt,23,0.2777777777777778,20,0.7407407407407407
Cli,37,20,DPT,27,0.2777777777777778,20,0.7407407407407407
Cli,37,20,STARTS,24,0.35185185185185186,18,0.6666666666666666
Cli,37,20,STARTS+FAST-S,24,0.7222222222222222,8,0.2962962962962963
Cli,37,20,STARTS+FAST-P,24,0.7592592592592592,7,0.25925925925925924
Cli,37,20,STARTS+DPT,24,0.24074074074074073,21,0.7777777777777778
Cli,37,20,Fastazi-S,23,0.4629629629629629,15,0.5555555555555556
Cli,37,20,Fastazi-P,23,0.5370370370370371,13,0.48148148148148145
Cli,37,20,Random,27,0.6851851851851852,9,0.3333333333333333
Cli,37,21,Ekstazi,23,0.38888888888888884,17,0.6296296296296297
Cli,37,21,FAST,27,0.38888888888888884,17,0.6296296296296297
Cli,37,21,Ekstazi+dpt,23,0.24074074074074073,21,0.7777777777777778
Cli,37,21,DPT,27,0.24074074074074073,21,0.7777777777777778
Cli,37,21,STARTS,24,0.8333333333333334,5,0.18518518518518517
Cli,37,21,STARTS+FAST-S,24,0.7222222222222222,8,0.2962962962962963
Cli,37,21,STARTS+FAST-P,24,0.7222222222222222,8,0.2962962962962963
Cli,37,21,STARTS+DPT,24,0.2777777777777778,20,0.7407407407407407
Cli,37,21,Fastazi-S,23,0.9814814814814815,1,0.037037037037037035
Cli,37,21,Fastazi-P,23,0.4629629629629629,15,0.5555555555555556
Cli,37,21,Random,27,0.6851851851851852,9,0.3333333333333333
Cli,37,22,Ekstazi,23,0.8333333333333334,5,0.18518518518518517
Cli,37,22,FAST,27,0.42592592592592593,16,0.5925925925925926
Cli,37,22,Ekstazi+dpt,23,0.31481481481481477,19,0.7037037037037037
Cli,37,22,DPT,27,0.2777777777777778,20,0.7407407407407407
Cli,37,22,STARTS,24,0.20370370370370375,22,0.8148148148148148
Cli,37,22,STARTS+FAST-S,24,0.7592592592592592,7,0.25925925925925924
Cli,37,22,STARTS+FAST-P,24,0.9814814814814815,1,0.037037037037037035
Cli,37,22,STARTS+DPT,24,0.31481481481481477,19,0.7037037037037037
Cli,37,22,Fastazi-S,23,0.5,14,0.5185185185185185
Cli,37,22,Fastazi-P,23,0.5370370370370371,13,0.48148148148148145
Cli,37,22,Random,27,0.2777777777777778,20,0.7407407407407407
Cli,37,23,Ekstazi,23,0.9444444444444444,2,0.07407407407407407
Cli,37,23,FAST,27,0.42592592592592593,16,0.5925925925925926
Cli,37,23,Ekstazi+dpt,23,0.2777777777777778,20,0.7407407407407407
Cli,37,23,DPT,27,0.2777777777777778,20,0.7407407407407407
Cli,37,23,STARTS,24,0.5,14,0.5185185185185185
Cli,37,23,STARTS+FAST-S,24,0.7592592592592592,7,0.25925925925925924
Cli,37,23,STARTS+FAST-P,24,0.7592592592592592,7,0.25925925925925924
Cli,37,23,STARTS+DPT,24,0.31481481481481477,19,0.7037037037037037
Cli,37,23,Fastazi-S,23,0.4629629629629629,15,0.5555555555555556
Cli,37,23,Fastazi-P,23,0.5370370370370371,13,0.48148148148148145
Cli,37,23,Random,27,0.611111111111111,11,0.4074074074074074
Cli,37,24,Ekstazi,23,0.9814814814814815,1,0.037037037037037035
Cli,37,24,FAST,27,0.5740740740740741,12,0.4444444444444444
Cli,37,24,Ekstazi+dpt,23,0.31481481481481477,19,0.7037037037037037
Cli,37,24,DPT,27,0.24074074074074073,21,0.7777777777777778
Cli,37,24,STARTS,24,0.4629629629629629,15,0.5555555555555556
Cli,37,24,STARTS+FAST-S,24,0.7222222222222222,8,0.2962962962962963
Cli,37,24,STARTS+FAST-P,24,0.7222222222222222,8,0.2962962962962963
Cli,37,24,STARTS+DPT,24,0.2777777777777778,20,0.7407407407407407
Cli,37,24,Fastazi-S,23,0.5,14,0.5185185185185185
Cli,37,24,Fastazi-P,23,0.611111111111111,11,0.4074074074074074
Cli,37,24,Random,27,0.9074074074074073,3,0.1111111111111111
Cli,37,25,Ekstazi,23,0.7222222222222222,8,0.2962962962962963
Cli,37,25,FAST,27,0.38888888888888884,17,0.6296296296296297
Cli,37,25,Ekstazi+dpt,23,0.31481481481481477,19,0.7037037037037037
Cli,37,25,DPT,27,0.31481481481481477,19,0.7037037037037037
Cli,37,25,STARTS,24,0.611111111111111,11,0.4074074074074074
Cli,37,25,STARTS+FAST-S,24,0.7592592592592592,7,0.25925925925925924
Cli,37,25,STARTS+FAST-P,24,0.7592592592592592,7,0.25925925925925924
Cli,37,25,STARTS+DPT,24,0.2777777777777778,20,0.7407407407407407
Cli,37,25,Fastazi-S,23,0.5,14,0.5185185185185185
Cli,37,25,Fastazi-P,23,0.4629629629629629,15,0.5555555555555556
Cli,37,25,Random,27,0.5740740740740741,12,0.4444444444444444
Cli,37,26,Ekstazi,23,0.42592592592592593,16,0.5925925925925926
Cli,37,26,FAST,27,0.42592592592592593,16,0.5925925925925926
Cli,37,26,Ekstazi+dpt,23,0.31481481481481477,19,0.7037037037037037
Cli,37,26,DPT,27,0.24074074074074073,21,0.7777777777777778
Cli,37,26,STARTS,24,0.5740740740740741,12,0.4444444444444444
Cli,37,26,STARTS+FAST-S,24,0.7592592592592592,7,0.25925925925925924
Cli,37,26,STARTS+FAST-P,24,0.9814814814814815,1,0.037037037037037035
Cli,37,26,STARTS+DPT,24,0.24074074074074073,21,0.7777777777777778
Cli,37,26,Fastazi-S,23,0.4629629629629629,15,0.5555555555555556
Cli,37,26,Fastazi-P,23,0.5370370370370371,13,0.48148148148148145
Cli,37,26,Random,27,0.7222222222222222,8,0.2962962962962963
Cli,37,27,Ekstazi,23,0.7592592592592592,7,0.25925925925925924
Cli,37,27,FAST,27,0.38888888888888884,17,0.6296296296296297
Cli,37,27,Ekstazi+dpt,23,0.31481481481481477,19,0.7037037037037037
Cli,37,27,DPT,27,0.31481481481481477,19,0.7037037037037037
Cli,37,27,STARTS,24,0.7962962962962963,6,0.2222222222222222
Cli,37,27,STARTS+FAST-S,24,0.7222222222222222,8,0.2962962962962963
Cli,37,27,STARTS+FAST-P,24,0.7222222222222222,8,0.2962962962962963
Cli,37,27,STARTS+DPT,24,0.31481481481481477,19,0.7037037037037037
Cli,37,27,Fastazi-S,23,0.4629629629629629,15,0.5555555555555556
Cli,37,27,Fastazi-P,23,0.4629629629629629,15,0.5555555555555556
Cli,37,27,Random,27,0.31481481481481477,19,0.7037037037037037
Cli,37,28,Ekstazi,23,0.7222222222222222,8,0.2962962962962963
Cli,37,28,FAST,27,0.9814814814814815,1,0.037037037037037035
Cli,37,28,Ekstazi+dpt,23,0.24074074074074073,21,0.7777777777777778
Cli,37,28,DPT,27,0.31481481481481477,19,0.7037037037037037
Cli,37,28,STARTS,24,0.7962962962962963,6,0.2222222222222222
Cli,37,28,STARTS+FAST-S,24,0.7222222222222222,8,0.2962962962962963
Cli,37,28,STARTS+FAST-P,24,0.9814814814814815,1,0.037037037037037035
Cli,37,28,STARTS+DPT,24,0.24074074074074073,21,0.7777777777777778
Cli,37,28,Fastazi-S,23,0.5,14,0.5185185185185185
Cli,37,28,Fastazi-P,23,0.9814814814814815,1,0.037037037037037035
Cli,37,28,Random,27,0.9814814814814815,1,0.037037037037037035
Cli,37,29,Ekstazi,23,0.2777777777777778,20,0.7407407407407407
Cli,37,29,FAST,27,0.38888888888888884,17,0.6296296296296297
Cli,37,29,Ekstazi+dpt,23,0.2777777777777778,20,0.7407407407407407
Cli,37,29,DPT,27,0.31481481481481477,19,0.7037037037037037
Cli,37,29,STARTS,24,0.35185185185185186,18,0.6666666666666666
Cli,37,29,STARTS+FAST-S,24,0.7222222222222222,8,0.2962962962962963
Cli,37,29,STARTS+FAST-P,24,0.7592592592592592,7,0.25925925925925924
Cli,37,29,STARTS+DPT,24,0.31481481481481477,19,0.7037037037037037
Cli,37,29,Fastazi-S,23,0.6481481481481481,10,0.37037037037037035
Cli,37,29,Fastazi-P,23,0.4629629629629629,15,0.5555555555555556
Cli,37,29,Random,27,0.31481481481481477,19,0.7037037037037037
Cli,37,30,Ekstazi,23,0.20370370370370375,22,0.8148148148148148
Cli,37,30,FAST,27,0.42592592592592593,16,0.5925925925925926
Cli,37,30,Ekstazi+dpt,23,0.31481481481481477,19,0.7037037037037037
Cli,37,30,DPT,27,0.24074074074074073,21,0.7777777777777778
Cli,37,30,STARTS,24,0.20370370370370375,22,0.8148148148148148
Cli,37,30,STARTS+FAST-S,24,0.7592592592592592,7,0.25925925925925924
Cli,37,30,STARTS+FAST-P,24,0.7592592592592592,7,0.25925925925925924
Cli,37,30,STARTS+DPT,24,0.31481481481481477,19,0.7037037037037037
Cli,37,30,Fastazi-S,23,0.6481481481481481,10,0.37037037037037035
Cli,37,30,Fastazi-P,23,0.5370370370370371,13,0.48148148148148145
Cli,37,30,Random,27,0.24074074074074073,21,0.7777777777777778
Cli,38,1,Ekstazi,4,0.9814814814814815,1,0.037037037037037035
Cli,38,1,FAST,27,0.611111111111111,11,0.4074074074074074
Cli,38,1,Ekstazi+dpt,4,0.8703703703703703,4,0.14814814814814814
Cli,38,1,DPT,27,0.24074074074074073,21,0.7777777777777778
Cli,38,1,STARTS,8,0.8703703703703703,4,0.14814814814814814
Cli,38,1,STARTS+FAST-S,8,0.9074074074074073,3,0.1111111111111111
Cli,38,1,STARTS+FAST-P,8,0.9444444444444444,2,0.07407407407407407
Cli,38,1,STARTS+DPT,8,0.7592592592592592,7,0.25925925925925924
Cli,38,1,Fastazi-S,4,0.9814814814814815,1,0.037037037037037035
Cli,38,1,Fastazi-P,4,0.9444444444444444,2,0.07407407407407407
Cli,38,1,Random,27,0.7962962962962963,6,0.2222222222222222
Cli,38,2,Ekstazi,4,0.9814814814814815,1,0.037037037037037035
Cli,38,2,FAST,27,0.611111111111111,11,0.4074074074074074
Cli,38,2,Ekstazi+dpt,4,0.8703703703703703,4,0.14814814814814814
Cli,38,2,DPT,27,0.31481481481481477,19,0.7037037037037037
Cli,38,2,STARTS,8,0.8703703703703703,4,0.14814814814814814
Cli,38,2,STARTS+FAST-S,8,0.9074074074074073,3,0.1111111111111111
Cli,38,2,STARTS+FAST-P,8,0.9074074074074073,3,0.1111111111111111
Cli,38,2,STARTS+DPT,8,0.7592592592592592,7,0.25925925925925924
Cli,38,2,Fastazi-S,4,0.9074074074074073,3,0.1111111111111111
Cli,38,2,Fastazi-P,4,0.9444444444444444,2,0.07407407407407407
Cli,38,2,Random,27,0.31481481481481477,19,0.7037037037037037
Cli,38,3,Ekstazi,4,0.9074074074074073,3,0.1111111111111111
Cli,38,3,FAST,27,0.611111111111111,11,0.4074074074074074
Cli,38,3,Ekstazi+dpt,4,0.8703703703703703,4,0.14814814814814814
Cli,38,3,DPT,27,0.24074074074074073,21,0.7777777777777778
Cli,38,3,STARTS,8,0.9074074074074073,3,0.1111111111111111
Cli,38,3,STARTS+FAST-S,8,0.9074074074074073,3,0.1111111111111111
Cli,38,3,STARTS+FAST-P,8,0.9814814814814815,1,0.037037037037037035
Cli,38,3,STARTS+DPT,8,0.7592592592592592,7,0.25925925925925924
Cli,38,3,Fastazi-S,4,0.9074074074074073,3,0.1111111111111111
Cli,38,3,Fastazi-P,4,0.9444444444444444,2,0.07407407407407407
Cli,38,3,Random,27,0.7592592592592592,7,0.25925925925925924
Cli,38,4,Ekstazi,4,0.9074074074074073,3,0.1111111111111111
Cli,38,4,FAST,27,0.5740740740740741,12,0.4444444444444444
Cli,38,4,Ekstazi+dpt,4,0.8703703703703703,4,0.14814814814814814
Cli,38,4,DPT,27,0.2777777777777778,20,0.7407407407407407
Cli,38,4,STARTS,8,0.8703703703703703,4,0.14814814814814814
Cli,38,4,STARTS+FAST-S,8,0.9074074074074073,3,0.1111111111111111
Cli,38,4,STARTS+FAST-P,8,0.9444444444444444,2,0.07407407407407407
Cli,38,4,STARTS+DPT,8,0.7592592592592592,7,0.25925925925925924
Cli,38,4,Fastazi-S,4,0.9074074074074073,3,0.1111111111111111
Cli,38,4,Fastazi-P,4,0.9444444444444444,2,0.07407407407407407
Cli,38,4,Random,27,0.42592592592592593,16,0.5925925925925926
Cli,38,5,Ekstazi,4,0.8703703703703703,4,0.14814814814814814
Cli,38,5,FAST,27,0.611111111111111,11,0.4074074074074074
Cli,38,5,Ekstazi+dpt,4,0.8703703703703703,4,0.14814814814814814
Cli,38,5,DPT,27,0.24074074074074073,21,0.7777777777777778
Cli,38,5,STARTS,8,0.7222222222222222,8,0.2962962962962963
Cli,38,5,STARTS+FAST-S,8,0.9074074074074073,3,0.1111111111111111
Cli,38,5,STARTS+FAST-P,8,0.9074074074074073,3,0.1111111111111111
Cli,38,5,STARTS+DPT,8,0.7592592592592592,7,0.25925925925925924
Cli,38,5,Fastazi-S,4,0.9074074074074073,3,0.1111111111111111
Cli,38,5,Fastazi-P,4,0.9444444444444444,2,0.07407407407407407
Cli,38,5,Random,27,0.8703703703703703,4,0.14814814814814814
Cli,38,6,Ekstazi,4,0.9814814814814815,1,0.037037037037037035
Cli,38,6,FAST,27,0.611111111111111,11,0.4074074074074074
Cli,38,6,Ekstazi+dpt,4,0.8703703703703703,4,0.14814814814814814
Cli,38,6,DPT,27,0.2777777777777778,20,0.7407407407407407
Cli,38,6,STARTS,8,0.8333333333333334,5,0.18518518518518517
Cli,38,6,STARTS+FAST-S,8,0.9074074074074073,3,0.1111111111111111
Cli,38,6,STARTS+FAST-P,8,0.9444444444444444,2,0.07407407407407407
Cli,38,6,STARTS+DPT,8,0.7592592592592592,7,0.25925925925925924
Cli,38,6,Fastazi-S,4,0.9814814814814815,1,0.037037037037037035
Cli,38,6,Fastazi-P,4,0.9444444444444444,2,0.07407407407407407
Cli,38,6,Random,27,0.12962962962962968,24,0.8888888888888888
Cli,38,7,Ekstazi,4,0.8703703703703703,4,0.14814814814814814
Cli,38,7,FAST,27,0.5740740740740741,12,0.4444444444444444
Cli,38,7,Ekstazi+dpt,4,0.8703703703703703,4,0.14814814814814814
Cli,38,7,DPT,27,0.2777777777777778,20,0.7407407407407407
Cli,38,7,STARTS,8,0.7222222222222222,8,0.2962962962962963
Cli,38,7,STARTS+FAST-S,8,0.9074074074074073,3,0.1111111111111111
Cli,38,7,STARTS+FAST-P,8,0.9074074074074073,3,0.1111111111111111
Cli,38,7,STARTS+DPT,8,0.7592592592592592,7,0.25925925925925924
Cli,38,7,Fastazi-S,4,0.9074074074074073,3,0.1111111111111111
Cli,38,7,Fastazi-P,4,0.9074074074074073,3,0.1111111111111111
Cli,38,7,Random,27,0.7962962962962963,6,0.2222222222222222
Cli,38,8,Ekstazi,4,0.8703703703703703,4,0.14814814814814814
Cli,38,8,FAST,27,0.9814814814814815,1,0.037037037037037035
Cli,38,8,Ekstazi+dpt,4,0.8703703703703703,4,0.14814814814814814
Cli,38,8,DPT,27,0.24074074074074073,21,0.7777777777777778
Cli,38,8,STARTS,8,0.7222222222222222,8,0.2962962962962963
Cli,38,8,STARTS+FAST-S,8,0.9074074074074073,3,0.1111111111111111
Cli,38,8,STARTS+FAST-P,8,0.9444444444444444,2,0.07407407407407407
Cli,38,8,STARTS+DPT,8,0.7592592592592592,7,0.25925925925925924
Cli,38,8,Fastazi-S,4,0.9074074074074073,3,0.1111111111111111
Cli,38,8,Fastazi-P,4,0.9814814814814815,1,0.037037037037037035
Cli,38,8,Random,27,0.6851851851851852,9,0.3333333333333333
Cli,38,9,Ekstazi,4,0.9814814814814815,1,0.037037037037037035
Cli,38,9,FAST,27,0.611111111111111,11,0.4074074074074074
Cli,38,9,Ekstazi+dpt,4,0.8703703703703703,4,0.14814814814814814
Cli,38,9,DPT,27,0.31481481481481477,19,0.7037037037037037
Cli,38,9,STARTS,8,0.8333333333333334,5,0.18518518518518517
Cli,38,9,STARTS+FAST-S,8,0.9074074074074073,3,0.1111111111111111
Cli,38,9,STARTS+FAST-P,8,0.9444444444444444,2,0.07407407407407407
Cli,38,9,STARTS+DPT,8,0.7592592592592592,7,0.25925925925925924
Cli,38,9,Fastazi-S,4,0.9074074074074073,3,0.1111111111111111
Cli,38,9,Fastazi-P,4,0.9444444444444444,2,0.07407407407407407
Cli,38,9,Random,27,0.12962962962962968,24,0.8888888888888888
Cli,38,10,Ekstazi,4,0.8703703703703703,4,0.14814814814814814
Cli,38,10,FAST,27,0.611111111111111,11,0.4074074074074074
Cli,38,10,Ekstazi+dpt,4,0.8703703703703703,4,0.14814814814814814
Cli,38,10,DPT,27,0.31481481481481477,19,0.7037037037037037
Cli,38,10,STARTS,8,0.7222222222222222,8,0.2962962962962963
Cli,38,10,STARTS+FAST-S,8,0.9074074074074073,3,0.1111111111111111
Cli,38,10,STARTS+FAST-P,8,0.9444444444444444,2,0.07407407407407407
Cli,38,10,STARTS+DPT,8,0.7592592592592592,7,0.25925925925925924
Cli,38,10,Fastazi-S,4,0.9074074074074073,3,0.1111111111111111
Cli,38,10,Fastazi-P,4,0.9444444444444444,2,0.07407407407407407
Cli,38,10,Random,27,0.7962962962962963,6,0.2222222222222222
Cli,38,11,Ekstazi,4,0.9074074074074073,3,0.1111111111111111
Cli,38,11,FAST,27,0.611111111111111,11,0.4074074074074074
Cli,38,11,Ekstazi+dpt,4,0.8703703703703703,4,0.14814814814814814
Cli,38,11,DPT,27,0.24074074074074073,21,0.7777777777777778
Cli,38,11,STARTS,8,0.9074074074074073,3,0.1111111111111111
Cli,38,11,STARTS+FAST-S,8,0.9074074074074073,3,0.1111111111111111
Cli,38,11,STARTS+FAST-P,8,0.9444444444444444,2,0.07407407407407407
Cli,38,11,STARTS+DPT,8,0.7592592592592592,7,0.25925925925925924
Cli,38,11,Fastazi-S,4,0.9814814814814815,1,0.037037037037037035
Cli,38,11,Fastazi-P,4,0.9444444444444444,2,0.07407407407407407
Cli,38,11,Random,27,0.7592592592592592,7,0.25925925925925924
Cli,38,12,Ekstazi,4,0.9814814814814815,1,0.037037037037037035
Cli,38,12,FAST,27,0.5740740740740741,12,0.4444444444444444
Cli,38,12,Ekstazi+dpt,4,0.8703703703703703,4,0.14814814814814814
Cli,38,12,DPT,27,0.31481481481481477,19,0.7037037037037037
Cli,38,12,STARTS,8,0.8703703703703703,4,0.14814814814814814
Cli,38,12,STARTS+FAST-S,8,0.9074074074074073,3,0.1111111111111111
Cli,38,12,STARTS+FAST-P,8,0.9444444444444444,2,0.07407407407407407
Cli,38,12,STARTS+DPT,8,0.7592592592592592,7,0.25925925925925924
Cli,38,12,Fastazi-S,4,0.9814814814814815,1,0.037037037037037035
Cli,38,12,Fastazi-P,4,0.9444444444444444,2,0.07407407407407407
Cli,38,12,Random,27,0.5,14,0.5185185185185185
Cli,38,13,Ekstazi,4,0.9814814814814815,1,0.037037037037037035
Cli,38,13,FAST,27,0.5740740740740741,12,0.4444444444444444
Cli,38,13,Ekstazi+dpt,4,0.8703703703703703,4,0.14814814814814814
Cli,38,13,DPT,27,0.2777777777777778,20,0.7407407407407407
Cli,38,13,STARTS,8,0.7222222222222222,8,0.2962962962962963
Cli,38,13,STARTS+FAST-S,8,0.9074074074074073,3,0.1111111111111111
Cli,38,13,STARTS+FAST-P,8,0.9444444444444444,2,0.07407407407407407
Cli,38,13,STARTS+DPT,8,0.7592592592592592,7,0.25925925925925924
Cli,38,13,Fastazi-S,4,0.9074074074074073,3,0.1111111111111111
Cli,38,13,Fastazi-P,4,0.9444444444444444,2,0.07407407407407407
Cli,38,13,Random,27,0.4629629629629629,15,0.5555555555555556
Cli,38,14,Ekstazi,4,0.9074074074074073,3,0.1111111111111111
Cli,38,14,FAST,27,0.5740740740740741,12,0.4444444444444444
Cli,38,14,Ekstazi+dpt,4,0.8703703703703703,4,0.14814814814814814
Cli,38,14,DPT,27,0.31481481481481477,19,0.7037037037037037
Cli,38,14,STARTS,8,0.8333333333333334,5,0.18518518518518517
Cli,38,14,STARTS+FAST-S,8,0.9074074074074073,3,0.1111111111111111
Cli,38,14,STARTS+FAST-P,8,0.9444444444444444,2,0.07407407407407407
Cli,38,14,STARTS+DPT,8,0.7592592592592592,7,0.25925925925925924
Cli,38,14,Fastazi-S,4,0.9074074074074073,3,0.1111111111111111
Cli,38,14,Fastazi-P,4,0.9444444444444444,2,0.07407407407407407
Cli,38,14,Random,27,0.8333333333333334,5,0.18518518518518517
Cli,38,15,Ekstazi,4,0.9444444444444444,2,0.07407407407407407
Cli,38,15,FAST,27,0.611111111111111,11,0.4074074074074074
Cli,38,15,Ekstazi+dpt,4,0.8703703703703703,4,0.14814814814814814
Cli,38,15,DPT,27,0.31481481481481477,19,0.7037037037037037
Cli,38,15,STARTS,8,0.9444444444444444,2,0.07407407407407407
Cli,38,15,STARTS+FAST-S,8,0.9074074074074073,3,0.1111111111111111
Cli,38,15,STARTS+FAST-P,8,0.9074074074074073,3,0.1111111111111111
Cli,38,15,STARTS+DPT,8,0.7592592592592592,7,0.25925925925925924
Cli,38,15,Fastazi-S,4,0.9074074074074073,3,0.1111111111111111
Cli,38,15,Fastazi-P,4,0.9444444444444444,2,0.07407407407407407
Cli,38,15,Random,27,0.8703703703703703,4,0.14814814814814814
Cli,38,16,Ekstazi,4,0.9444444444444444,2,0.07407407407407407
Cli,38,16,FAST,27,0.611111111111111,11,0.4074074074074074
Cli,38,16,Ekstazi+dpt,4,0.8703703703703703,4,0.14814814814814814
Cli,38,16,DPT,27,0.31481481481481477,19,0.7037037037037037
Cli,38,16,STARTS,8,0.7962962962962963,6,0.2222222222222222
Cli,38,16,STARTS+FAST-S,8,0.9074074074074073,3,0.1111111111111111
Cli,38,16,STARTS+FAST-P,8,0.9444444444444444,2,0.07407407407407407
Cli,38,16,STARTS+DPT,8,0.7592592592592592,7,0.25925925925925924
Cli,38,16,Fastazi-S,4,0.9074074074074073,3,0.1111111111111111
Cli,38,16,Fastazi-P,4,0.9444444444444444,2,0.07407407407407407
Cli,38,16,Random,27,0.9444444444444444,2,0.07407407407407407
Cli,38,17,Ekstazi,4,0.8703703703703703,4,0.14814814814814814
Cli,38,17,FAST,27,0.5740740740740741,12,0.4444444444444444
Cli,38,17,Ekstazi+dpt,4,0.8703703703703703,4,0.14814814814814814
Cli,38,17,DPT,27,0.31481481481481477,19,0.7037037037037037
Cli,38,17,STARTS,8,0.8703703703703703,4,0.14814814814814814
Cli,38,17,STARTS+FAST-S,8,0.9074074074074073,3,0.1111111111111111
Cli,38,17,STARTS+FAST-P,8,0.9444444444444444,2,0.07407407407407407
Cli,38,17,STARTS+DPT,8,0.7592592592592592,7,0.25925925925925924
Cli,38,17,Fastazi-S,4,0.9074074074074073,3,0.1111111111111111
Cli,38,17,Fastazi-P,4,0.9444444444444444,2,0.07407407407407407
Cli,38,17,Random,27,0.38888888888888884,17,0.6296296296296297
Cli,38,18,Ekstazi,4,0.9444444444444444,2,0.07407407407407407
Cli,38,18,FAST,27,0.611111111111111,11,0.4074074074074074
Cli,38,18,Ekstazi+dpt,4,0.8703703703703703,4,0.14814814814814814
Cli,38,18,DPT,27,0.24074074074074073,21,0.7777777777777778
Cli,38,18,STARTS,8,0.7592592592592592,7,0.25925925925925924
Cli,38,18,STARTS+FAST-S,8,0.9074074074074073,3,0.1111111111111111
Cli,38,18,STARTS+FAST-P,8,0.9444444444444444,2,0.07407407407407407
Cli,38,18,STARTS+DPT,8,0.7592592592592592,7,0.25925925925925924
Cli,38,18,Fastazi-S,4,0.9074074074074073,3,0.1111111111111111
Cli,38,18,Fastazi-P,4,0.9444444444444444,2,0.07407407407407407
Cli,38,18,Random,27,0.7962962962962963,6,0.2222222222222222
Cli,38,19,Ekstazi,4,0.8703703703703703,4,0.14814814814814814
Cli,38,19,FAST,27,0.611111111111111,11,0.4074074074074074
Cli,38,19,Ekstazi+dpt,4,0.8703703703703703,4,0.14814814814814814
Cli,38,19,DPT,27,0.31481481481481477,19,0.7037037037037037
Cli,38,19,STARTS,8,0.7222222222222222,8,0.2962962962962963
Cli,38,19,STARTS+FAST-S,8,0.9074074074074073,3,0.1111111111111111
Cli,38,19,STARTS+FAST-P,8,0.9444444444444444,2,0.07407407407407407
Cli,38,19,STARTS+DPT,8,0.7592592592592592,7,0.25925925925925924
Cli,38,19,Fastazi-S,4,0.9074074074074073,3,0.1111111111111111
Cli,38,19,Fastazi-P,4,0.9444444444444444,2,0.07407407407407407
Cli,38,19,Random,27,0.9814814814814815,1,0.037037037037037035
Cli,38,20,Ekstazi,4,0.9444444444444444,2,0.07407407407407407
Cli,38,20,FAST,27,0.5740740740740741,12,0.4444444444444444
Cli,38,20,Ekstazi+dpt,4,0.8703703703703703,4,0.14814814814814814
Cli,38,20,DPT,27,0.2777777777777778,20,0.7407407407407407
Cli,38,20,STARTS,8,0.9814814814814815,1,0.037037037037037035
Cli,38,20,STARTS+FAST-S,8,0.9074074074074073,3,0.1111111111111111
Cli,38,20,STARTS+FAST-P,8,0.9444444444444444,2,0.07407407407407407
Cli,38,20,STARTS+DPT,8,0.7592592592592592,7,0.25925925925925924
Cli,38,20,Fastazi-S,4,0.9074074074074073,3,0.1111111111111111
Cli,38,20,Fastazi-P,4,0.9444444444444444,2,0.07407407407407407
Cli,38,20,Random,27,0.5740740740740741,12,0.4444444444444444
Cli,38,21,Ekstazi,4,0.9444444444444444,2,0.07407407407407407
Cli,38,21,FAST,27,0.611111111111111,11,0.4074074074074074
Cli,38,21,Ekstazi+dpt,4,0.8703703703703703,4,0.14814814814814814
Cli,38,21,DPT,27,0.24074074074074073,21,0.7777777777777778
Cli,38,21,STARTS,8,0.8703703703703703,4,0.14814814814814814
Cli,38,21,STARTS+FAST-S,8,0.9074074074074073,3,0.1111111111111111
Cli,38,21,STARTS+FAST-P,8,0.9444444444444444,2,0.07407407407407407
Cli,38,21,STARTS+DPT,8,0.7592592592592592,7,0.25925925925925924
Cli,38,21,Fastazi-S,4,0.9814814814814815,1,0.037037037037037035
Cli,38,21,Fastazi-P,4,0.9444444444444444,2,0.07407407407407407
Cli,38,21,Random,27,0.7222222222222222,8,0.2962962962962963
Cli,38,22,Ekstazi,4,0.9814814814814815,1,0.037037037037037035
Cli,38,22,FAST,27,0.611111111111111,11,0.4074074074074074
Cli,38,22,Ekstazi+dpt,4,0.8703703703703703,4,0.14814814814814814
Cli,38,22,DPT,27,0.24074074074074073,21,0.7777777777777778
Cli,38,22,STARTS,8,0.9074074074074073,3,0.1111111111111111
Cli,38,22,STARTS+FAST-S,8,0.9074074074074073,3,0.1111111111111111
Cli,38,22,STARTS+FAST-P,8,0.9444444444444444,2,0.07407407407407407
Cli,38,22,STARTS+DPT,8,0.7592592592592592,7,0.25925925925925924
Cli,38,22,Fastazi-S,4,0.9814814814814815,1,0.037037037037037035
Cli,38,22,Fastazi-P,4,0.9444444444444444,2,0.07407407407407407
Cli,38,22,Random,27,0.5740740740740741,12,0.4444444444444444
Cli,38,23,Ekstazi,4,0.8703703703703703,4,0.14814814814814814
Cli,38,23,FAST,27,0.6481481481481481,10,0.37037037037037035
Cli,38,23,Ekstazi+dpt,4,0.8703703703703703,4,0.14814814814814814
Cli,38,23,DPT,27,0.24074074074074073,21,0.7777777777777778
Cli,38,23,STARTS,8,0.7962962962962963,6,0.2222222222222222
Cli,38,23,STARTS+FAST-S,8,0.9074074074074073,3,0.1111111111111111
Cli,38,23,STARTS+FAST-P,8,0.9444444444444444,2,0.07407407407407407
Cli,38,23,STARTS+DPT,8,0.7592592592592592,7,0.25925925925925924
Cli,38,23,Fastazi-S,4,0.9814814814814815,1,0.037037037037037035
Cli,38,23,Fastazi-P,4,0.9074074074074073,3,0.1111111111111111
Cli,38,23,Random,27,0.9814814814814815,1,0.037037037037037035
Cli,38,24,Ekstazi,4,0.9814814814814815,1,0.037037037037037035
Cli,38,24,FAST,27,0.611111111111111,11,0.4074074074074074
Cli,38,24,Ekstazi+dpt,4,0.8703703703703703,4,0.14814814814814814
Cli,38,24,DPT,27,0.2777777777777778,20,0.7407407407407407
Cli,38,24,STARTS,8,0.9074074074074073,3,0.1111111111111111
Cli,38,24,STARTS+FAST-S,8,0.9074074074074073,3,0.1111111111111111
Cli,38,24,STARTS+FAST-P,8,0.9444444444444444,2,0.07407407407407407
Cli,38,24,STARTS+DPT,8,0.7592592592592592,7,0.25925925925925924
Cli,38,24,Fastazi-S,4,0.9074074074074073,3,0.1111111111111111
Cli,38,24,Fastazi-P,4,0.9444444444444444,2,0.07407407407407407
Cli,38,24,Random,27,0.4629629629629629,15,0.5555555555555556
Cli,38,25,Ekstazi,4,0.9074074074074073,3,0.1111111111111111
Cli,38,25,FAST,27,0.611111111111111,11,0.4074074074074074
Cli,38,25,Ekstazi+dpt,4,0.8703703703703703,4,0.14814814814814814
Cli,38,25,DPT,27,0.31481481481481477,19,0.7037037037037037
Cli,38,25,STARTS,8,0.7962962962962963,6,0.2222222222222222
Cli,38,25,STARTS+FAST-S,8,0.9074074074074073,3,0.1111111111111111
Cli,38,25,STARTS+FAST-P,8,0.9074074074074073,3,0.1111111111111111
Cli,38,25,STARTS+DPT,8,0.7592592592592592,7,0.25925925925925924
Cli,38,25,Fastazi-S,4,0.9074074074074073,3,0.1111111111111111
Cli,38,25,Fastazi-P,4,0.9444444444444444,2,0.07407407407407407
Cli,38,25,Random,27,0.8333333333333334,5,0.18518518518518517
Cli,38,26,Ekstazi,4,0.9074074074074073,3,0.1111111111111111
Cli,38,26,FAST,27,0.611111111111111,11,0.4074074074074074
Cli,38,26,Ekstazi+dpt,4,0.8703703703703703,4,0.14814814814814814
Cli,38,26,DPT,27,0.2777777777777778,20,0.7407407407407407
Cli,38,26,STARTS,8,0.7222222222222222,8,0.2962962962962963
Cli,38,26,STARTS+FAST-S,8,0.9074074074074073,3,0.1111111111111111
Cli,38,26,STARTS+FAST-P,8,0.9074074074074073,3,0.1111111111111111
Cli,38,26,STARTS+DPT,8,0.7592592592592592,7,0.25925925925925924
Cli,38,26,Fastazi-S,4,0.9814814814814815,1,0.037037037037037035
Cli,38,26,Fastazi-P,4,0.9444444444444444,2,0.07407407407407407
Cli,38,26,Random,27,0.4629629629629629,15,0.5555555555555556
Cli,38,27,Ekstazi,4,0.8703703703703703,4,0.14814814814814814
Cli,38,27,FAST,27,0.611111111111111,11,0.4074074074074074
Cli,38,27,Ekstazi+dpt,4,0.8703703703703703,4,0.14814814814814814
Cli,38,27,DPT,27,0.2777777777777778,20,0.7407407407407407
Cli,38,27,STARTS,8,0.8333333333333334,5,0.18518518518518517
Cli,38,27,STARTS+FAST-S,8,0.9074074074074073,3,0.1111111111111111
Cli,38,27,STARTS+FAST-P,8,0.9444444444444444,2,0.07407407407407407
Cli,38,27,STARTS+DPT,8,0.7592592592592592,7,0.25925925925925924
Cli,38,27,Fastazi-S,4,0.9074074074074073,3,0.1111111111111111
Cli,38,27,Fastazi-P,4,0.9444444444444444,2,0.07407407407407407
Cli,38,27,Random,27,0.12962962962962968,24,0.8888888888888888
Cli,38,28,Ekstazi,4,0.9814814814814815,1,0.037037037037037035
Cli,38,28,FAST,27,0.611111111111111,11,0.4074074074074074
Cli,38,28,Ekstazi+dpt,4,0.8703703703703703,4,0.14814814814814814
Cli,38,28,DPT,27,0.24074074074074073,21,0.7777777777777778
Cli,38,28,STARTS,8,0.7962962962962963,6,0.2222222222222222
Cli,38,28,STARTS+FAST-S,8,0.9074074074074073,3,0.1111111111111111
Cli,38,28,STARTS+FAST-P,8,0.9444444444444444,2,0.07407407407407407
Cli,38,28,STARTS+DPT,8,0.7592592592592592,7,0.25925925925925924
Cli,38,28,Fastazi-S,4,0.9074074074074073,3,0.1111111111111111
Cli,38,28,Fastazi-P,4,0.9444444444444444,2,0.07407407407407407
Cli,38,28,Random,27,0.7962962962962963,6,0.2222222222222222
Cli,38,29,Ekstazi,4,0.9814814814814815,1,0.037037037037037035
Cli,38,29,FAST,27,0.611111111111111,11,0.4074074074074074
Cli,38,29,Ekstazi+dpt,4,0.8703703703703703,4,0.14814814814814814
Cli,38,29,DPT,27,0.2777777777777778,20,0.7407407407407407
Cli,38,29,STARTS,8,0.9444444444444444,2,0.07407407407407407
Cli,38,29,STARTS+FAST-S,8,0.9074074074074073,3,0.1111111111111111
Cli,38,29,STARTS+FAST-P,8,0.9444444444444444,2,0.07407407407407407
Cli,38,29,STARTS+DPT,8,0.7592592592592592,7,0.25925925925925924
Cli,38,29,Fastazi-S,4,0.9074074074074073,3,0.1111111111111111
Cli,38,29,Fastazi-P,4,0.9444444444444444,2,0.07407407407407407
Cli,38,29,Random,27,0.12962962962962968,24,0.8888888888888888
Cli,38,30,Ekstazi,4,0.9444444444444444,2,0.07407407407407407
Cli,38,30,FAST,27,0.611111111111111,11,0.4074074074074074
Cli,38,30,Ekstazi+dpt,4,0.8703703703703703,4,0.14814814814814814
Cli,38,30,DPT,27,0.31481481481481477,19,0.7037037037037037
Cli,38,30,STARTS,8,0.7962962962962963,6,0.2222222222222222
Cli,38,30,STARTS+FAST-S,8,0.9074074074074073,3,0.1111111111111111
Cli,38,30,STARTS+FAST-P,8,0.9444444444444444,2,0.07407407407407407
Cli,38,30,STARTS+DPT,8,0.7592592592592592,7,0.25925925925925924
Cli,38,30,Fastazi-S,4,0.9074074074074073,3,0.1111111111111111
Cli,38,30,Fastazi-P,4,0.9444444444444444,2,0.07407407407407407
Cli,38,30,Random,27,0.12962962962962968,24,0.8888888888888888
Cli,39,1,Ekstazi,23,0.7592592592592592,7,0.25925925925925924
Cli,39,1,FAST,27,0.6481481481481481,10,0.37037037037037035
Cli,39,1,Ekstazi+dpt,23,0.7592592592592592,7,0.25925925925925924
Cli,39,1,DPT,27,0.7592592592592592,7,0.25925925925925924
Cli,39,1,STARTS,24,0.6851851851851852,9,0.3333333333333333
Cli,39,1,STARTS+FAST-S,24,0.6481481481481481,10,0.37037037037037035
Cli,39,1,STARTS+FAST-P,24,0.6851851851851852,9,0.3333333333333333
Cli,39,1,STARTS+DPT,24,0.7592592592592592,7,0.25925925925925924
Cli,39,1,Fastazi-S,23,0.6851851851851852,9,0.3333333333333333
Cli,39,1,Fastazi-P,23,0.7222222222222222,8,0.2962962962962963
Cli,39,1,Random,27,0.611111111111111,11,0.4074074074074074
Cli,39,2,Ekstazi,23,0.35185185185185186,18,0.6666666666666666
Cli,39,2,FAST,27,0.611111111111111,11,0.4074074074074074
Cli,39,2,Ekstazi+dpt,23,0.7592592592592592,7,0.25925925925925924
Cli,39,2,DPT,27,0.7592592592592592,7,0.25925925925925924
Cli,39,2,STARTS,24,0.7962962962962963,6,0.2222222222222222
Cli,39,2,STARTS+FAST-S,24,0.6851851851851852,9,0.3333333333333333
Cli,39,2,STARTS+FAST-P,24,0.6481481481481481,10,0.37037037037037035
Cli,39,2,STARTS+DPT,24,0.7592592592592592,7,0.25925925925925924
Cli,39,2,Fastazi-S,23,0.6851851851851852,9,0.3333333333333333
Cli,39,2,Fastazi-P,23,0.6851851851851852,9,0.3333333333333333
Cli,39,2,Random,27,0.6481481481481481,10,0.37037037037037035
Cli,39,3,Ekstazi,23,0.7592592592592592,7,0.25925925925925924
Cli,39,3,FAST,27,0.611111111111111,11,0.4074074074074074
Cli,39,3,Ekstazi+dpt,23,0.7592592592592592,7,0.25925925925925924
Cli,39,3,DPT,27,0.7592592592592592,7,0.25925925925925924
Cli,39,3,STARTS,24,0.8703703703703703,4,0.14814814814814814
Cli,39,3,STARTS+FAST-S,24,0.6481481481481481,10,0.37037037037037035
Cli,39,3,STARTS+FAST-P,24,0.6481481481481481,10,0.37037037037037035
Cli,39,3,STARTS+DPT,24,0.7592592592592592,7,0.25925925925925924
Cli,39,3,Fastazi-S,23,0.7222222222222222,8,0.2962962962962963
Cli,39,3,Fastazi-P,23,0.6851851851851852,9,0.3333333333333333
Cli,39,3,Random,27,0.9814814814814815,1,0.037037037037037035
Cli,39,4,Ekstazi,23,0.35185185185185186,18,0.6666666666666666
Cli,39,4,FAST,27,0.611111111111111,11,0.4074074074074074
Cli,39,4,Ekstazi+dpt,23,0.7592592592592592,7,0.25925925925925924
Cli,39,4,DPT,27,0.7592592592592592,7,0.25925925925925924
Cli,39,4,STARTS,24,0.2777777777777778,20,0.7407407407407407
Cli,39,4,STARTS+FAST-S,24,0.6851851851851852,9,0.3333333333333333
Cli,39,4,STARTS+FAST-P,24,0.6481481481481481,10,0.37037037037037035
Cli,39,4,STARTS+DPT,24,0.7592592592592592,7,0.25925925925925924
Cli,39,4,Fastazi-S,23,0.7222222222222222,8,0.2962962962962963
Cli,39,4,Fastazi-P,23,0.6851851851851852,9,0.3333333333333333
Cli,39,4,Random,27,0.31481481481481477,19,0.7037037037037037
Cli,39,5,Ekstazi,23,0.611111111111111,11,0.4074074074074074
Cli,39,5,FAST,27,0.6481481481481481,10,0.37037037037037035
Cli,39,5,Ekstazi+dpt,23,0.7592592592592592,7,0.25925925925925924
Cli,39,5,DPT,27,0.7592592592592592,7,0.25925925925925924
Cli,39,5,STARTS,24,0.12962962962962968,24,0.8888888888888888
Cli,39,5,STARTS+FAST-S,24,0.6851851851851852,9,0.3333333333333333
Cli,39,5,STARTS+FAST-P,24,0.6481481481481481,10,0.37037037037037035
Cli,39,5,STARTS+DPT,24,0.7592592592592592,7,0.25925925925925924
Cli,39,5,Fastazi-S,23,0.7222222222222222,8,0.2962962962962963
Cli,39,5,Fastazi-P,23,0.7222222222222222,8,0.2962962962962963
Cli,39,5,Random,27,0.20370370370370375,22,0.8148148148148148
Cli,39,6,Ekstazi,23,0.6851851851851852,9,0.3333333333333333
Cli,39,6,FAST,27,0.611111111111111,11,0.4074074074074074
Cli,39,6,Ekstazi+dpt,23,0.7592592592592592,7,0.25925925925925924
Cli,39,6,DPT,27,0.7592592592592592,7,0.25925925925925924
Cli,39,6,STARTS,24,0.35185185185185186,18,0.6666666666666666
Cli,39,6,STARTS+FAST-S,24,0.6481481481481481,10,0.37037037037037035
Cli,39,6,STARTS+FAST-P,24,0.6481481481481481,10,0.37037037037037035
Cli,39,6,STARTS+DPT,24,0.7592592592592592,7,0.25925925925925924
Cli,39,6,Fastazi-S,23,0.6851851851851852,9,0.3333333333333333
Cli,39,6,Fastazi-P,23,0.7222222222222222,8,0.2962962962962963
Cli,39,6,Random,27,0.5,14,0.5185185185185185
Cli,39,7,Ekstazi,23,0.5370370370370371,13,0.48148148148148145
Cli,39,7,FAST,27,0.6481481481481481,10,0.37037037037037035
Cli,39,7,Ekstazi+dpt,23,0.7592592592592592,7,0.25925925925925924
Cli,39,7,DPT,27,0.7592592592592592,7,0.25925925925925924
Cli,39,7,STARTS,24,0.16666666666666666,23,0.8518518518518519
Cli,39,7,STARTS+FAST-S,24,0.6481481481481481,10,0.37037037037037035
Cli,39,7,STARTS+FAST-P,24,0.6481481481481481,10,0.37037037037037035
Cli,39,7,STARTS+DPT,24,0.7592592592592592,7,0.25925925925925924
Cli,39,7,Fastazi-S,23,0.6851851851851852,9,0.3333333333333333
Cli,39,7,Fastazi-P,23,0.7222222222222222,8,0.2962962962962963
Cli,39,7,Random,27,0.9444444444444444,2,0.07407407407407407
Cli,39,8,Ekstazi,23,0.5740740740740741,12,0.4444444444444444
Cli,39,8,FAST,27,0.611111111111111,11,0.4074074074074074
Cli,39,8,Ekstazi+dpt,23,0.7592592592592592,7,0.25925925925925924
Cli,39,8,DPT,27,0.7592592592592592,7,0.25925925925925924
Cli,39,8,STARTS,24,0.5,14,0.5185185185185185
Cli,39,8,STARTS+FAST-S,24,0.6481481481481481,10,0.37037037037037035
Cli,39,8,STARTS+FAST-P,24,0.6481481481481481,10,0.37037037037037035
Cli,39,8,STARTS+DPT,24,0.7592592592592592,7,0.25925925925925924
Cli,39,8,Fastazi-S,23,0.6851851851851852,9,0.3333333333333333
Cli,39,8,Fastazi-P,23,0.6851851851851852,9,0.3333333333333333
Cli,39,8,Random,27,0.16666666666666666,23,0.8518518518518519
Cli,39,9,Ekstazi,23,0.42592592592592593,16,0.5925925925925926
Cli,39,9,FAST,27,0.611111111111111,11,0.4074074074074074
Cli,39,9,Ekstazi+dpt,23,0.7592592592592592,7,0.25925925925925924
Cli,39,9,DPT,27,0.7592592592592592,7,0.25925925925925924
Cli,39,9,STARTS,24,0.4629629629629629,15,0.5555555555555556
Cli,39,9,STARTS+FAST-S,24,0.6481481481481481,10,0.37037037037037035
Cli,39,9,STARTS+FAST-P,24,0.6481481481481481,10,0.37037037037037035
Cli,39,9,STARTS+DPT,24,0.7592592592592592,7,0.25925925925925924
Cli,39,9,Fastazi-S,23,0.7222222222222222,8,0.2962962962962963
Cli,39,9,Fastazi-P,23,0.6851851851851852,9,0.3333333333333333
Cli,39,9,Random,27,0.611111111111111,11,0.4074074074074074
Cli,39,10,Ekstazi,23,0.4629629629629629,15,0.5555555555555556
Cli,39,10,FAST,27,0.611111111111111,11,0.4074074074074074
Cli,39,10,Ekstazi+dpt,23,0.7592592592592592,7,0.25925925925925924
Cli,39,10,DPT,27,0.7592592592592592,7,0.25925925925925924
Cli,39,10,STARTS,24,0.7962962962962963,6,0.2222222222222222
Cli,39,10,STARTS+FAST-S,24,0.9814814814814815,1,0.037037037037037035
Cli,39,10,STARTS+FAST-P,24,0.6481481481481481,10,0.37037037037037035
Cli,39,10,STARTS+DPT,24,0.7592592592592592,7,0.25925925925925924
Cli,39,10,Fastazi-S,23,0.7222222222222222,8,0.2962962962962963
Cli,39,10,Fastazi-P,23,0.6851851851851852,9,0.3333333333333333
Cli,39,10,Random,27,0.018518518518518517,27,1.0
Cli,39,11,Ekstazi,23,0.31481481481481477,19,0.7037037037037037
Cli,39,11,FAST,27,0.611111111111111,11,0.4074074074074074
Cli,39,11,Ekstazi+dpt,23,0.7592592592592592,7,0.25925925925925924
Cli,39,11,DPT,27,0.7592592592592592,7,0.25925925925925924
Cli,39,11,STARTS,24,0.7962962962962963,6,0.2222222222222222
Cli,39,11,STARTS+FAST-S,24,0.6481481481481481,10,0.37037037037037035
Cli,39,11,STARTS+FAST-P,24,0.6851851851851852,9,0.3333333333333333
Cli,39,11,STARTS+DPT,24,0.7592592592592592,7,0.25925925925925924
Cli,39,11,Fastazi-S,23,0.6851851851851852,9,0.3333333333333333
Cli,39,11,Fastazi-P,23,0.6851851851851852,9,0.3333333333333333
Cli,39,11,Random,27,0.5,14,0.5185185185185185
Cli,39,12,Ekstazi,23,0.7592592592592592,7,0.25925925925925924
Cli,39,12,FAST,27,0.611111111111111,11,0.4074074074074074
Cli,39,12,Ekstazi+dpt,23,0.7592592592592592,7,0.25925925925925924
Cli,39,12,DPT,27,0.7592592592592592,7,0.25925925925925924
Cli,39,12,STARTS,24,0.7592592592592592,7,0.25925925925925924
Cli,39,12,STARTS+FAST-S,24,0.6481481481481481,10,0.37037037037037035
Cli,39,12,STARTS+FAST-P,24,0.6481481481481481,10,0.37037037037037035
Cli,39,12,STARTS+DPT,24,0.7592592592592592,7,0.25925925925925924
Cli,39,12,Fastazi-S,23,0.7222222222222222,8,0.2962962962962963
Cli,39,12,Fastazi-P,23,0.6851851851851852,9,0.3333333333333333
Cli,39,12,Random,27,0.6851851851851852,9,0.3333333333333333
Cli,39,13,Ekstazi,23,0.5370370370370371,13,0.48148148148148145
Cli,39,13,FAST,27,0.611111111111111,11,0.4074074074074074
Cli,39,13,Ekstazi+dpt,23,0.7592592592592592,7,0.25925925925925924
Cli,39,13,DPT,27,0.7592592592592592,7,0.25925925925925924
Cli,39,13,STARTS,24,0.5740740740740741,12,0.4444444444444444
Cli,39,13,STARTS+FAST-S,24,0.6481481481481481,10,0.37037037037037035
Cli,39,13,STARTS+FAST-P,24,0.6481481481481481,10,0.37037037037037035
Cli,39,13,STARTS+DPT,24,0.7592592592592592,7,0.25925925925925924
Cli,39,13,Fastazi-S,23,0.6851851851851852,9,0.3333333333333333
Cli,39,13,Fastazi-P,23,0.6851851851851852,9,0.3333333333333333
Cli,39,13,Random,27,0.20370370370370375,22,0.8148148148148148
Cli,39,14,Ekstazi,23,0.24074074074074073,21,0.7777777777777778
Cli,39,14,FAST,27,0.6481481481481481,10,0.37037037037037035
Cli,39,14,Ekstazi+dpt,23,0.7592592592592592,7,0.25925925925925924
Cli,39,14,DPT,27,0.7592592592592592,7,0.25925925925925924
Cli,39,14,STARTS,24,0.20370370370370375,22,0.8148148148148148
Cli,39,14,STARTS+FAST-S,24,0.6851851851851852,9,0.3333333333333333
Cli,39,14,STARTS+FAST-P,24,0.6481481481481481,10,0.37037037037037035
Cli,39,14,STARTS+DPT,24,0.7592592592592592,7,0.25925925925925924
Cli,39,14,Fastazi-S,23,0.6851851851851852,9,0.3333333333333333
Cli,39,14,Fastazi-P,23,0.7222222222222222,8,0.2962962962962963
Cli,39,14,Random,27,0.611111111111111,11,0.4074074074074074
Cli,39,15,Ekstazi,23,0.7222222222222222,8,0.2962962962962963
Cli,39,15,FAST,27,0.611111111111111,11,0.4074074074074074
Cli,39,15,Ekstazi+dpt,23,0.7592592592592592,7,0.25925925925925924
Cli,39,15,DPT,27,0.7592592592592592,7,0.25925925925925924
Cli,39,15,STARTS,24,0.24074074074074073,21,0.7777777777777778
Cli,39,15,STARTS+FAST-S,24,0.6851851851851852,9,0.3333333333333333
Cli,39,15,STARTS+FAST-P,24,0.6851851851851852,9,0.3333333333333333
Cli,39,15,STARTS+DPT,24,0.7592592592592592,7,0.25925925925925924
Cli,39,15,Fastazi-S,23,0.7222222222222222,8,0.2962962962962963
Cli,39,15,Fastazi-P,23,0.7222222222222222,8,0.2962962962962963
Cli,39,15,Random,27,0.09259259259259259,25,0.9259259259259259
Cli,39,16,Ekstazi,23,0.9074074074074073,3,0.1111111111111111
Cli,39,16,FAST,27,0.611111111111111,11,0.4074074074074074
Cli,39,16,Ekstazi+dpt,23,0.7592592592592592,7,0.25925925925925924
Cli,39,16,DPT,27,0.7592592592592592,7,0.25925925925925924
Cli,39,16,STARTS,24,0.5370370370370371,13,0.48148148148148145
Cli,39,16,STARTS+FAST-S,24,0.6481481481481481,10,0.37037037037037035
Cli,39,16,STARTS+FAST-P,24,0.6851851851851852,9,0.3333333333333333
Cli,39,16,STARTS+DPT,24,0.7592592592592592,7,0.25925925925925924
Cli,39,16,Fastazi-S,23,0.6851851851851852,9,0.3333333333333333
Cli,39,16,Fastazi-P,23,0.6851851851851852,9,0.3333333333333333
Cli,39,16,Random,27,0.09259259259259259,25,0.9259259259259259
Cli,39,17,Ekstazi,23,0.8703703703703703,4,0.14814814814814814
Cli,39,17,FAST,27,0.611111111111111,11,0.4074074074074074
Cli,39,17,Ekstazi+dpt,23,0.7592592592592592,7,0.25925925925925924
Cli,39,17,DPT,27,0.7592592592592592,7,0.25925925925925924
Cli,39,17,STARTS,24,0.5370370370370371,13,0.48148148148148145
Cli,39,17,STARTS+FAST-S,24,0.6851851851851852,9,0.3333333333333333
Cli,39,17,STARTS+FAST-P,24,0.6851851851851852,9,0.3333333333333333
Cli,39,17,STARTS+DPT,24,0.7592592592592592,7,0.25925925925925924
Cli,39,17,Fastazi-S,23,0.7222222222222222,8,0.2962962962962963
Cli,39,17,Fastazi-P,23,0.6851851851851852,9,0.3333333333333333
Cli,39,17,Random,27,0.611111111111111,11,0.4074074074074074
Cli,39,18,Ekstazi,23,0.8703703703703703,4,0.14814814814814814
Cli,39,18,FAST,27,0.611111111111111,11,0.4074074074074074
Cli,39,18,Ekstazi+dpt,23,0.7592592592592592,7,0.25925925925925924
Cli,39,18,DPT,27,0.7592592592592592,7,0.25925925925925924
Cli,39,18,STARTS,24,0.8703703703703703,4,0.14814814814814814
Cli,39,18,STARTS+FAST-S,24,0.6851851851851852,9,0.3333333333333333
Cli,39,18,STARTS+FAST-P,24,0.6481481481481481,10,0.37037037037037035
Cli,39,18,STARTS+DPT,24,0.7592592592592592,7,0.25925925925925924
Cli,39,18,Fastazi-S,23,0.6851851851851852,9,0.3333333333333333
Cli,39,18,Fastazi-P,23,0.7222222222222222,8,0.2962962962962963
Cli,39,18,Random,27,0.7962962962962963,6,0.2222222222222222
Cli,39,19,Ekstazi,23,0.611111111111111,11,0.4074074074074074
Cli,39,19,FAST,27,0.611111111111111,11,0.4074074074074074
Cli,39,19,Ekstazi+dpt,23,0.7592592592592592,7,0.25925925925925924
Cli,39,19,DPT,27,0.7592592592592592,7,0.25925925925925924
Cli,39,19,STARTS,24,0.6481481481481481,10,0.37037037037037035
Cli,39,19,STARTS+FAST-S,24,0.6851851851851852,9,0.3333333333333333
Cli,39,19,STARTS+FAST-P,24,0.6481481481481481,10,0.37037037037037035
Cli,39,19,STARTS+DPT,24,0.7592592592592592,7,0.25925925925925924
Cli,39,19,Fastazi-S,23,0.6851851851851852,9,0.3333333333333333
Cli,39,19,Fastazi-P,23,0.6851851851851852,9,0.3333333333333333
Cli,39,19,Random,27,0.7962962962962963,6,0.2222222222222222
Cli,39,20,Ekstazi,23,0.5740740740740741,12,0.4444444444444444
Cli,39,20,FAST,27,0.6481481481481481,10,0.37037037037037035
Cli,39,20,Ekstazi+dpt,23,0.7592592592592592,7,0.25925925925925924
Cli,39,20,DPT,27,0.7592592592592592,7,0.25925925925925924
Cli,39,20,STARTS,24,0.5,14,0.5185185185185185
Cli,39,20,STARTS+FAST-S,24,0.6481481481481481,10,0.37037037037037035
Cli,39,20,STARTS+FAST-P,24,0.6481481481481481,10,0.37037037037037035
Cli,39,20,STARTS+DPT,24,0.7592592592592592,7,0.25925925925925924
Cli,39,20,Fastazi-S,23,0.6851851851851852,9,0.3333333333333333
Cli,39,20,Fastazi-P,23,0.7222222222222222,8,0.2962962962962963
Cli,39,20,Random,27,0.42592592592592593,16,0.5925925925925926
Cli,39,21,Ekstazi,23,0.38888888888888884,17,0.6296296296296297
Cli,39,21,FAST,27,0.6481481481481481,10,0.37037037037037035
Cli,39,21,Ekstazi+dpt,23,0.7592592592592592,7,0.25925925925925924
Cli,39,21,DPT,27,0.7592592592592592,7,0.25925925925925924
Cli,39,21,STARTS,24,0.42592592592592593,16,0.5925925925925926
Cli,39,21,STARTS+FAST-S,24,0.6481481481481481,10,0.37037037037037035
Cli,39,21,STARTS+FAST-P,24,0.9814814814814815,1,0.037037037037037035
Cli,39,21,STARTS+DPT,24,0.7592592592592592,7,0.25925925925925924
Cli,39,21,Fastazi-S,23,0.6851851851851852,9,0.3333333333333333
Cli,39,21,Fastazi-P,23,0.7222222222222222,8,0.2962962962962963
Cli,39,21,Random,27,0.9444444444444444,2,0.07407407407407407
Cli,39,22,Ekstazi,23,0.611111111111111,11,0.4074074074074074
Cli,39,22,FAST,27,0.6481481481481481,10,0.37037037037037035
Cli,39,22,Ekstazi+dpt,23,0.7592592592592592,7,0.25925925925925924
Cli,39,22,DPT,27,0.7592592592592592,7,0.25925925925925924
Cli,39,22,STARTS,24,0.7222222222222222,8,0.2962962962962963
Cli,39,22,STARTS+FAST-S,24,0.6481481481481481,10,0.37037037037037035
Cli,39,22,STARTS+FAST-P,24,0.6481481481481481,10,0.37037037037037035
Cli,39,22,STARTS+DPT,24,0.7592592592592592,7,0.25925925925925924
Cli,39,22,Fastazi-S,23,0.7222222222222222,8,0.2962962962962963
Cli,39,22,Fastazi-P,23,0.7222222222222222,8,0.2962962962962963
Cli,39,22,Random,27,0.7592592592592592,7,0.25925925925925924
Cli,39,23,Ekstazi,23,0.35185185185185186,18,0.6666666666666666
Cli,39,23,FAST,27,0.611111111111111,11,0.4074074074074074
Cli,39,23,Ekstazi+dpt,23,0.7592592592592592,7,0.25925925925925924
Cli,39,23,DPT,27,0.7592592592592592,7,0.25925925925925924
Cli,39,23,STARTS,24,0.42592592592592593,16,0.5925925925925926
Cli,39,23,STARTS+FAST-S,24,0.6481481481481481,10,0.37037037037037035
Cli,39,23,STARTS+FAST-P,24,0.6851851851851852,9,0.3333333333333333
Cli,39,23,STARTS+DPT,24,0.7592592592592592,7,0.25925925925925924
Cli,39,23,Fastazi-S,23,0.9814814814814815,1,0.037037037037037035
Cli,39,23,Fastazi-P,23,0.6851851851851852,9,0.3333333333333333
Cli,39,23,Random,27,0.9444444444444444,2,0.07407407407407407
Cli,39,24,Ekstazi,23,0.5370370370370371,13,0.48148148148148145
Cli,39,24,FAST,27,0.611111111111111,11,0.4074074074074074
Cli,39,24,Ekstazi+dpt,23,0.7592592592592592,7,0.25925925925925924
Cli,39,24,DPT,27,0.7592592592592592,7,0.25925925925925924
Cli,39,24,STARTS,24,0.8703703703703703,4,0.14814814814814814
Cli,39,24,STARTS+FAST-S,24,0.9814814814814815,1,0.037037037037037035
Cli,39,24,STARTS+FAST-P,24,0.6481481481481481,10,0.37037037037037035
Cli,39,24,STARTS+DPT,24,0.7592592592592592,7,0.25925925925925924
Cli,39,24,Fastazi-S,23,0.6851851851851852,9,0.3333333333333333
Cli,39,24,Fastazi-P,23,0.6851851851851852,9,0.3333333333333333
Cli,39,24,Random,27,0.7222222222222222,8,0.2962962962962963
Cli,39,25,Ekstazi,23,0.20370370370370375,22,0.8148148148148148
Cli,39,25,FAST,27,0.611111111111111,11,0.4074074074074074
Cli,39,25,Ekstazi+dpt,23,0.7592592592592592,7,0.25925925925925924
Cli,39,25,DPT,27,0.7592592592592592,7,0.25925925925925924
Cli,39,25,STARTS,24,0.4629629629629629,15,0.5555555555555556
Cli,39,25,STARTS+FAST-S,24,0.6481481481481481,10,0.37037037037037035
Cli,39,25,STARTS+FAST-P,24,0.6851851851851852,9,0.3333333333333333
Cli,39,25,STARTS+DPT,24,0.7592592592592592,7,0.25925925925925924
Cli,39,25,Fastazi-S,23,0.6851851851851852,9,0.3333333333333333
Cli,39,25,Fastazi-P,23,0.6851851851851852,9,0.3333333333333333
Cli,39,25,Random,27,0.6481481481481481,10,0.37037037037037035
Cli,39,26,Ekstazi,23,0.5,14,0.5185185185185185
Cli,39,26,FAST,27,0.611111111111111,11,0.4074074074074074
Cli,39,26,Ekstazi+dpt,23,0.7592592592592592,7,0.25925925925925924
Cli,39,26,DPT,27,0.7592592592592592,7,0.25925925925925924
Cli,39,26,STARTS,24,0.4629629629629629,15,0.5555555555555556
Cli,39,26,STARTS+FAST-S,24,0.6851851851851852,9,0.3333333333333333
Cli,39,26,STARTS+FAST-P,24,0.6481481481481481,10,0.37037037037037035
Cli,39,26,STARTS+DPT,24,0.7592592592592592,7,0.25925925925925924
Cli,39,26,Fastazi-S,23,0.6851851851851852,9,0.3333333333333333
Cli,39,26,Fastazi-P,23,0.7222222222222222,8,0.2962962962962963
Cli,39,26,Random,27,0.05555555555555561,26,0.9629629629629629
Cli,39,27,Ekstazi,23,0.24074074074074073,21,0.7777777777777778
Cli,39,27,FAST,27,0.611111111111111,11,0.4074074074074074
Cli,39,27,Ekstazi+dpt,23,0.7592592592592592,7,0.25925925925925924
Cli,39,27,DPT,27,0.7592592592592592,7,0.25925925925925924
Cli,39,27,STARTS,24,0.35185185185185186,18,0.6666666666666666
Cli,39,27,STARTS+FAST-S,24,0.6851851851851852,9,0.3333333333333333
Cli,39,27,STARTS+FAST-P,24,0.6481481481481481,10,0.37037037037037035
Cli,39,27,STARTS+DPT,24,0.7592592592592592,7,0.25925925925925924
Cli,39,27,Fastazi-S,23,0.9814814814814815,1,0.037037037037037035
Cli,39,27,Fastazi-P,23,0.6851851851851852,9,0.3333333333333333
Cli,39,27,Random,27,0.42592592592592593,16,0.5925925925925926
Cli,39,28,Ekstazi,23,0.16666666666666666,23,0.8518518518518519
Cli,39,28,FAST,27,0.6481481481481481,10,0.37037037037037035
Cli,39,28,Ekstazi+dpt,23,0.7592592592592592,7,0.25925925925925924
Cli,39,28,DPT,27,0.7592592592592592,7,0.25925925925925924
Cli,39,28,STARTS,24,0.6851851851851852,9,0.3333333333333333
Cli,39,28,STARTS+FAST-S,24,0.6851851851851852,9,0.3333333333333333
Cli,39,28,STARTS+FAST-P,24,0.6481481481481481,10,0.37037037037037035
Cli,39,28,STARTS+DPT,24,0.7592592592592592,7,0.25925925925925924
Cli,39,28,Fastazi-S,23,0.6851851851851852,9,0.3333333333333333
Cli,39,28,Fastazi-P,23,0.7222222222222222,8,0.2962962962962963
Cli,39,28,Random,27,0.8333333333333334,5,0.18518518518518517
Cli,39,29,Ekstazi,23,0.9814814814814815,1,0.037037037037037035
Cli,39,29,FAST,27,0.6481481481481481,10,0.37037037037037035
Cli,39,29,Ekstazi+dpt,23,0.7592592592592592,7,0.25925925925925924
Cli,39,29,DPT,27,0.7592592592592592,7,0.25925925925925924
Cli,39,29,STARTS,24,0.6481481481481481,10,0.37037037037037035
Cli,39,29,STARTS+FAST-S,24,0.6481481481481481,10,0.37037037037037035
Cli,39,29,STARTS+FAST-P,24,0.6851851851851852,9,0.3333333333333333
Cli,39,29,STARTS+DPT,24,0.7592592592592592,7,0.25925925925925924
Cli,39,29,Fastazi-S,23,0.6851851851851852,9,0.3333333333333333
Cli,39,29,Fastazi-P,23,0.7222222222222222,8,0.2962962962962963
Cli,39,29,Random,27,0.9814814814814815,1,0.037037037037037035
Cli,39,30,Ekstazi,23,0.6481481481481481,10,0.37037037037037035
Cli,39,30,FAST,27,0.611111111111111,11,0.4074074074074074
Cli,39,30,Ekstazi+dpt,23,0.7592592592592592,7,0.25925925925925924
Cli,39,30,DPT,27,0.7592592592592592,7,0.25925925925925924
Cli,39,30,STARTS,24,0.9444444444444444,2,0.07407407407407407
Cli,39,30,STARTS+FAST-S,24,0.6481481481481481,10,0.37037037037037035
Cli,39,30,STARTS+FAST-P,24,0.6481481481481481,10,0.37037037037037035
Cli,39,30,STARTS+DPT,24,0.7592592592592592,7,0.25925925925925924
Cli,39,30,Fastazi-S,23,0.6851851851851852,9,0.3333333333333333
Cli,39,30,Fastazi-P,23,0.6851851851851852,9,0.3333333333333333
Cli,39,30,Random,27,0.6851851851851852,9,0.3333333333333333
Cli,40,1,Ekstazi,7,0.8793103448275862,4,0.13793103448275862
Cli,40,1,FAST,29,0.9137931034482759,3,0.10344827586206896
Cli,40,1,Ekstazi+dpt,7,0.7758620689655172,7,0.2413793103448276
Cli,40,1,DPT,29,0.1551724137931035,25,0.8620689655172413
Cli,40,1,STARTS,22,0.810344827586207,6,0.20689655172413793
Cli,40,1,STARTS+FAST-S,22,0.9137931034482759,3,0.10344827586206896
Cli,40,1,STARTS+FAST-P,22,0.9482758620689655,2,0.06896551724137931
Cli,40,1,STARTS+DPT,22,0.29310344827586204,21,0.7241379310344828
Cli,40,1,Fastazi-S,7,0.9137931034482759,3,0.10344827586206896
Cli,40,1,Fastazi-P,7,0.9827586206896552,1,0.034482758620689655
Cli,40,1,Random,29,0.08620689655172417,27,0.9310344827586207
Cli,40,2,Ekstazi,7,0.8448275862068966,5,0.1724137931034483
Cli,40,2,FAST,29,0.9137931034482759,3,0.10344827586206896
Cli,40,2,Ekstazi+dpt,7,0.7758620689655172,7,0.2413793103448276
Cli,40,2,DPT,29,0.1551724137931035,25,0.8620689655172413
Cli,40,2,STARTS,22,0.32758620689655166,20,0.6896551724137931
Cli,40,2,STARTS+FAST-S,22,0.9137931034482759,3,0.10344827586206896
Cli,40,2,STARTS+FAST-P,22,0.9137931034482759,3,0.10344827586206896
Cli,40,2,STARTS+DPT,22,0.29310344827586204,21,0.7241379310344828
Cli,40,2,Fastazi-S,7,0.9137931034482759,3,0.10344827586206896
Cli,40,2,Fastazi-P,7,0.9827586206896552,1,0.034482758620689655
Cli,40,2,Random,29,0.1551724137931035,25,0.8620689655172413
Cli,40,3,Ekstazi,7,0.9482758620689655,2,0.06896551724137931
Cli,40,3,FAST,29,0.9137931034482759,3,0.10344827586206896
Cli,40,3,Ekstazi+dpt,7,0.7758620689655172,7,0.2413793103448276
Cli,40,3,DPT,29,0.18965517241379312,24,0.8275862068965517
Cli,40,3,STARTS,22,0.6379310344827587,11,0.3793103448275862
Cli,40,3,STARTS+FAST-S,22,0.9137931034482759,3,0.10344827586206896
Cli,40,3,STARTS+FAST-P,22,0.810344827586207,6,0.20689655172413793
Cli,40,3,STARTS+DPT,22,0.29310344827586204,21,0.7241379310344828
Cli,40,3,Fastazi-S,7,0.9482758620689655,2,0.06896551724137931
Cli,40,3,Fastazi-P,7,0.9827586206896552,1,0.034482758620689655
Cli,40,3,Random,29,0.25862068965517243,22,0.7586206896551724
Cli,40,4,Ekstazi,7,0.7758620689655172,7,0.2413793103448276
Cli,40,4,FAST,29,0.9137931034482759,3,0.10344827586206896
Cli,40,4,Ekstazi+dpt,7,0.7758620689655172,7,0.2413793103448276
Cli,40,4,DPT,29,0.12068965517241378,26,0.896551724137931
Cli,40,4,STARTS,22,0.9482758620689655,2,0.06896551724137931
Cli,40,4,STARTS+FAST-S,22,0.9137931034482759,3,0.10344827586206896
Cli,40,4,STARTS+FAST-P,22,0.9137931034482759,3,0.10344827586206896
Cli,40,4,STARTS+DPT,22,0.29310344827586204,21,0.7241379310344828
Cli,40,4,Fastazi-S,7,0.9482758620689655,2,0.06896551724137931
Cli,40,4,Fastazi-P,7,0.9827586206896552,1,0.034482758620689655
Cli,40,4,Random,29,0.7413793103448276,8,0.27586206896551724
Cli,40,5,Ekstazi,7,0.8793103448275862,4,0.13793103448275862
Cli,40,5,FAST,29,0.8793103448275862,4,0.13793103448275862
Cli,40,5,Ekstazi+dpt,7,0.7758620689655172,7,0.2413793103448276
Cli,40,5,DPT,29,0.12068965517241378,26,0.896551724137931
Cli,40,5,STARTS,22,0.25862068965517243,22,0.7586206896551724
Cli,40,5,STARTS+FAST-S,22,0.9137931034482759,3,0.10344827586206896
Cli,40,5,STARTS+FAST-P,22,0.9137931034482759,3,0.10344827586206896
Cli,40,5,STARTS+DPT,22,0.29310344827586204,21,0.7241379310344828
Cli,40,5,Fastazi-S,7,0.9137931034482759,3,0.10344827586206896
Cli,40,5,Fastazi-P,7,0.9827586206896552,1,0.034482758620689655
Cli,40,5,Random,29,0.8793103448275862,4,0.13793103448275862
Cli,40,6,Ekstazi,7,0.9827586206896552,1,0.034482758620689655
Cli,40,6,FAST,29,0.9137931034482759,3,0.10344827586206896
Cli,40,6,Ekstazi+dpt,7,0.7758620689655172,7,0.2413793103448276
Cli,40,6,DPT,29,0.12068965517241378,26,0.896551724137931
Cli,40,6,STARTS,22,0.29310344827586204,21,0.7241379310344828
Cli,40,6,STARTS+FAST-S,22,0.9137931034482759,3,0.10344827586206896
Cli,40,6,STARTS+FAST-P,22,0.9137931034482759,3,0.10344827586206896
Cli,40,6,STARTS+DPT,22,0.29310344827586204,21,0.7241379310344828
Cli,40,6,Fastazi-S,7,0.9137931034482759,3,0.10344827586206896
Cli,40,6,Fastazi-P,7,0.9827586206896552,1,0.034482758620689655
Cli,40,6,Random,29,0.3620689655172414,19,0.6551724137931034
Cli,40,7,Ekstazi,7,0.8793103448275862,4,0.13793103448275862
Cli,40,7,FAST,29,0.9137931034482759,3,0.10344827586206896
Cli,40,7,Ekstazi+dpt,7,0.7758620689655172,7,0.2413793103448276
Cli,40,7,DPT,29,0.18965517241379312,24,0.8275862068965517
Cli,40,7,STARTS,22,0.5344827586206896,14,0.4827586206896552
Cli,40,7,STARTS+FAST-S,22,0.9827586206896552,1,0.034482758620689655
Cli,40,7,STARTS+FAST-P,22,0.9137931034482759,3,0.10344827586206896
Cli,40,7,STARTS+DPT,22,0.29310344827586204,21,0.7241379310344828
Cli,40,7,Fastazi-S,7,0.9482758620689655,2,0.06896551724137931
Cli,40,7,Fastazi-P,7,0.9827586206896552,1,0.034482758620689655
Cli,40,7,Random,29,0.810344827586207,6,0.20689655172413793
Cli,40,8,Ekstazi,7,0.810344827586207,6,0.20689655172413793
Cli,40,8,FAST,29,0.9137931034482759,3,0.10344827586206896
Cli,40,8,Ekstazi+dpt,7,0.7758620689655172,7,0.2413793103448276
Cli,40,8,DPT,29,0.12068965517241378,26,0.896551724137931
Cli,40,8,STARTS,22,0.3620689655172414,19,0.6551724137931034
Cli,40,8,STARTS+FAST-S,22,0.9137931034482759,3,0.10344827586206896
Cli,40,8,STARTS+FAST-P,22,0.9482758620689655,2,0.06896551724137931
Cli,40,8,STARTS+DPT,22,0.29310344827586204,21,0.7241379310344828
Cli,40,8,Fastazi-S,7,0.9827586206896552,1,0.034482758620689655
Cli,40,8,Fastazi-P,7,0.9827586206896552,1,0.034482758620689655
Cli,40,8,Random,29,0.29310344827586204,21,0.7241379310344828
Cli,40,9,Ekstazi,7,0.9482758620689655,2,0.06896551724137931
Cli,40,9,FAST,29,0.9137931034482759,3,0.10344827586206896
Cli,40,9,Ekstazi+dpt,7,0.7758620689655172,7,0.2413793103448276
Cli,40,9,DPT,29,0.12068965517241378,26,0.896551724137931
Cli,40,9,STARTS,22,0.706896551724138,9,0.3103448275862069
Cli,40,9,STARTS+FAST-S,22,0.9137931034482759,3,0.10344827586206896
Cli,40,9,STARTS+FAST-P,22,0.9137931034482759,3,0.10344827586206896
Cli,40,9,STARTS+DPT,22,0.29310344827586204,21,0.7241379310344828
Cli,40,9,Fastazi-S,7,0.9482758620689655,2,0.06896551724137931
Cli,40,9,Fastazi-P,7,0.9827586206896552,1,0.034482758620689655
Cli,40,9,Random,29,0.22413793103448273,23,0.7931034482758621
Cli,40,10,Ekstazi,7,0.810344827586207,6,0.20689655172413793
Cli,40,10,FAST,29,0.9137931034482759,3,0.10344827586206896
Cli,40,10,Ekstazi+dpt,7,0.7758620689655172,7,0.2413793103448276
Cli,40,10,DPT,29,0.18965517241379312,24,0.8275862068965517
Cli,40,10,STARTS,22,0.5689655172413793,13,0.4482758620689655
Cli,40,10,STARTS+FAST-S,22,0.9137931034482759,3,0.10344827586206896
Cli,40,10,STARTS+FAST-P,22,0.9137931034482759,3,0.10344827586206896
Cli,40,10,STARTS+DPT,22,0.29310344827586204,21,0.7241379310344828
Cli,40,10,Fastazi-S,7,0.9482758620689655,2,0.06896551724137931
Cli,40,10,Fastazi-P,7,0.9827586206896552,1,0.034482758620689655
Cli,40,10,Random,29,0.7758620689655172,7,0.2413793103448276
Cli,40,11,Ekstazi,7,0.9482758620689655,2,0.06896551724137931
Cli,40,11,FAST,29,0.9137931034482759,3,0.10344827586206896
Cli,40,11,Ekstazi+dpt,7,0.7758620689655172,7,0.2413793103448276
Cli,40,11,DPT,29,0.18965517241379312,24,0.8275862068965517
Cli,40,11,STARTS,22,0.810344827586207,6,0.20689655172413793
Cli,40,11,STARTS+FAST-S,22,0.9137931034482759,3,0.10344827586206896
Cli,40,11,STARTS+FAST-P,22,0.8793103448275862,4,0.13793103448275862
Cli,40,11,STARTS+DPT,22,0.29310344827586204,21,0.7241379310344828
Cli,40,11,Fastazi-S,7,0.9482758620689655,2,0.06896551724137931
Cli,40,11,Fastazi-P,7,0.9827586206896552,1,0.034482758620689655
Cli,40,11,Random,29,0.46551724137931033,16,0.5517241379310345
Cli,40,12,Ekstazi,7,0.8793103448275862,4,0.13793103448275862
Cli,40,12,FAST,29,0.9137931034482759,3,0.10344827586206896
Cli,40,12,Ekstazi+dpt,7,0.7758620689655172,7,0.2413793103448276
Cli,40,12,DPT,29,0.12068965517241378,26,0.896551724137931
Cli,40,12,STARTS,22,0.29310344827586204,21,0.7241379310344828
Cli,40,12,STARTS+FAST-S,22,0.9137931034482759,3,0.10344827586206896
Cli,40,12,STARTS+FAST-P,22,0.9137931034482759,3,0.10344827586206896
Cli,40,12,STARTS+DPT,22,0.29310344827586204,21,0.7241379310344828
Cli,40,12,Fastazi-S,7,0.9482758620689655,2,0.06896551724137931
Cli,40,12,Fastazi-P,7,0.9827586206896552,1,0.034482758620689655
Cli,40,12,Random,29,0.32758620689655166,20,0.6896551724137931
Cli,40,13,Ekstazi,7,0.7758620689655172,7,0.2413793103448276
Cli,40,13,FAST,29,0.9137931034482759,3,0.10344827586206896
Cli,40,13,Ekstazi+dpt,7,0.7758620689655172,7,0.2413793103448276
Cli,40,13,DPT,29,0.12068965517241378,26,0.896551724137931
Cli,40,13,STARTS,22,0.6379310344827587,11,0.3793103448275862
Cli,40,13,STARTS+FAST-S,22,0.9137931034482759,3,0.10344827586206896
Cli,40,13,STARTS+FAST-P,22,0.9137931034482759,3,0.10344827586206896
Cli,40,13,STARTS+DPT,22,0.29310344827586204,21,0.7241379310344828
Cli,40,13,Fastazi-S,7,0.9482758620689655,2,0.06896551724137931
Cli,40,13,Fastazi-P,7,0.9827586206896552,1,0.034482758620689655
Cli,40,13,Random,29,0.22413793103448273,23,0.7931034482758621
Cli,40,14,Ekstazi,7,0.9482758620689655,2,0.06896551724137931
Cli,40,14,FAST,29,0.9137931034482759,3,0.10344827586206896
Cli,40,14,Ekstazi+dpt,7,0.7758620689655172,7,0.2413793103448276
Cli,40,14,DPT,29,0.1551724137931035,25,0.8620689655172413
Cli,40,14,STARTS,22,0.8448275862068966,5,0.1724137931034483
Cli,40,14,STARTS+FAST-S,22,0.8793103448275862,4,0.13793103448275862
Cli,40,14,STARTS+FAST-P,22,0.9137931034482759,3,0.10344827586206896
Cli,40,14,STARTS+DPT,22,0.29310344827586204,21,0.7241379310344828
Cli,40,14,Fastazi-S,7,0.9482758620689655,2,0.06896551724137931
Cli,40,14,Fastazi-P,7,0.9482758620689655,2,0.06896551724137931
Cli,40,14,Random,29,0.8793103448275862,4,0.13793103448275862
Cli,40,15,Ekstazi,7,0.9137931034482759,3,0.10344827586206896
Cli,40,15,FAST,29,0.9137931034482759,3,0.10344827586206896
Cli,40,15,Ekstazi+dpt,7,0.7758620689655172,7,0.2413793103448276
Cli,40,15,DPT,29,0.12068965517241378,26,0.896551724137931
Cli,40,15,STARTS,22,0.706896551724138,9,0.3103448275862069
Cli,40,15,STARTS+FAST-S,22,0.9137931034482759,3,0.10344827586206896
Cli,40,15,STARTS+FAST-P,22,0.9137931034482759,3,0.10344827586206896
Cli,40,15,STARTS+DPT,22,0.29310344827586204,21,0.7241379310344828
Cli,40,15,Fastazi-S,7,0.9482758620689655,2,0.06896551724137931
Cli,40,15,Fastazi-P,7,0.9827586206896552,1,0.034482758620689655
Cli,40,15,Random,29,0.12068965517241378,26,0.896551724137931
Cli,40,16,Ekstazi,7,0.7758620689655172,7,0.2413793103448276
Cli,40,16,FAST,29,0.9137931034482759,3,0.10344827586206896
Cli,40,16,Ekstazi+dpt,7,0.7758620689655172,7,0.2413793103448276
Cli,40,16,DPT,29,0.12068965517241378,26,0.896551724137931
Cli,40,16,STARTS,22,0.7758620689655172,7,0.2413793103448276
Cli,40,16,STARTS+FAST-S,22,0.9137931034482759,3,0.10344827586206896
Cli,40,16,STARTS+FAST-P,22,0.9137931034482759,3,0.10344827586206896
Cli,40,16,STARTS+DPT,22,0.29310344827586204,21,0.7241379310344828
Cli,40,16,Fastazi-S,7,0.9827586206896552,1,0.034482758620689655
Cli,40,16,Fastazi-P,7,0.9827586206896552,1,0.034482758620689655
Cli,40,16,Random,29,0.6034482758620691,12,0.41379310344827586
Cli,40,17,Ekstazi,7,0.9482758620689655,2,0.06896551724137931
Cli,40,17,FAST,29,0.8793103448275862,4,0.13793103448275862
Cli,40,17,Ekstazi+dpt,7,0.7758620689655172,7,0.2413793103448276
Cli,40,17,DPT,29,0.1551724137931035,25,0.8620689655172413
Cli,40,17,STARTS,22,0.706896551724138,9,0.3103448275862069
Cli,40,17,STARTS+FAST-S,22,0.8793103448275862,4,0.13793103448275862
Cli,40,17,STARTS+FAST-P,22,0.9482758620689655,2,0.06896551724137931
Cli,40,17,STARTS+DPT,22,0.29310344827586204,21,0.7241379310344828
Cli,40,17,Fastazi-S,7,0.9137931034482759,3,0.10344827586206896
Cli,40,17,Fastazi-P,7,0.9482758620689655,2,0.06896551724137931
Cli,40,17,Random,29,0.7758620689655172,7,0.2413793103448276
Cli,40,18,Ekstazi,7,0.9137931034482759,3,0.10344827586206896
Cli,40,18,FAST,29,0.9137931034482759,3,0.10344827586206896
Cli,40,18,Ekstazi+dpt,7,0.7758620689655172,7,0.2413793103448276
Cli,40,18,DPT,29,0.18965517241379312,24,0.8275862068965517
Cli,40,18,STARTS,22,0.7758620689655172,7,0.2413793103448276
Cli,40,18,STARTS+FAST-S,22,0.9137931034482759,3,0.10344827586206896
Cli,40,18,STARTS+FAST-P,22,0.9482758620689655,2,0.06896551724137931
Cli,40,18,STARTS+DPT,22,0.29310344827586204,21,0.7241379310344828
Cli,40,18,Fastazi-S,7,0.9482758620689655,2,0.06896551724137931
Cli,40,18,Fastazi-P,7,0.9827586206896552,1,0.034482758620689655
Cli,40,18,Random,29,0.8448275862068966,5,0.1724137931034483
Cli,40,19,Ekstazi,7,0.9137931034482759,3,0.10344827586206896
Cli,40,19,FAST,29,0.9137931034482759,3,0.10344827586206896
Cli,40,19,Ekstazi+dpt,7,0.7758620689655172,7,0.2413793103448276
Cli,40,19,DPT,29,0.1551724137931035,25,0.8620689655172413
Cli,40,19,STARTS,22,0.7758620689655172,7,0.2413793103448276
Cli,40,19,STARTS+FAST-S,22,0.9137931034482759,3,0.10344827586206896
Cli,40,19,STARTS+FAST-P,22,0.810344827586207,6,0.20689655172413793
Cli,40,19,STARTS+DPT,22,0.29310344827586204,21,0.7241379310344828
Cli,40,19,Fastazi-S,7,0.9482758620689655,2,0.06896551724137931
Cli,40,19,Fastazi-P,7,0.9827586206896552,1,0.034482758620689655
Cli,40,19,Random,29,0.08620689655172417,27,0.9310344827586207
Cli,40,20,Ekstazi,7,0.9137931034482759,3,0.10344827586206896
Cli,40,20,FAST,29,0.9137931034482759,3,0.10344827586206896
Cli,40,20,Ekstazi+dpt,7,0.7758620689655172,7,0.2413793103448276
Cli,40,20,DPT,29,0.1551724137931035,25,0.8620689655172413
Cli,40,20,STARTS,22,0.6379310344827587,11,0.3793103448275862
Cli,40,20,STARTS+FAST-S,22,0.9137931034482759,3,0.10344827586206896
Cli,40,20,STARTS+FAST-P,22,0.9482758620689655,2,0.06896551724137931
Cli,40,20,STARTS+DPT,22,0.29310344827586204,21,0.7241379310344828
Cli,40,20,Fastazi-S,7,0.9827586206896552,1,0.034482758620689655
Cli,40,20,Fastazi-P,7,0.9827586206896552,1,0.034482758620689655
Cli,40,20,Random,29,0.1551724137931035,25,0.8620689655172413
Cli,40,21,Ekstazi,7,0.8448275862068966,5,0.1724137931034483
Cli,40,21,FAST,29,0.9137931034482759,3,0.10344827586206896
Cli,40,21,Ekstazi+dpt,7,0.7758620689655172,7,0.2413793103448276
Cli,40,21,DPT,29,0.1551724137931035,25,0.8620689655172413
Cli,40,21,STARTS,22,0.706896551724138,9,0.3103448275862069
Cli,40,21,STARTS+FAST-S,22,0.9137931034482759,3,0.10344827586206896
Cli,40,21,STARTS+FAST-P,22,0.9482758620689655,2,0.06896551724137931
Cli,40,21,STARTS+DPT,22,0.29310344827586204,21,0.7241379310344828
Cli,40,21,Fastazi-S,7,0.9137931034482759,3,0.10344827586206896
Cli,40,21,Fastazi-P,7,0.9827586206896552,1,0.034482758620689655
Cli,40,21,Random,29,0.9827586206896552,1,0.034482758620689655
Cli,40,22,Ekstazi,7,0.7758620689655172,7,0.2413793103448276
Cli,40,22,FAST,29,0.9137931034482759,3,0.10344827586206896
Cli,40,22,Ekstazi+dpt,7,0.7758620689655172,7,0.2413793103448276
Cli,40,22,DPT,29,0.18965517241379312,24,0.8275862068965517
Cli,40,22,STARTS,22,0.7758620689655172,7,0.2413793103448276
Cli,40,22,STARTS+FAST-S,22,0.9137931034482759,3,0.10344827586206896
Cli,40,22,STARTS+FAST-P,22,0.9482758620689655,2,0.06896551724137931
Cli,40,22,STARTS+DPT,22,0.29310344827586204,21,0.7241379310344828
Cli,40,22,Fastazi-S,7,0.9137931034482759,3,0.10344827586206896
Cli,40,22,Fastazi-P,7,0.9827586206896552,1,0.034482758620689655
Cli,40,22,Random,29,0.1551724137931035,25,0.8620689655172413
Cli,40,23,Ekstazi,7,0.9137931034482759,3,0.10344827586206896
Cli,40,23,FAST,29,0.9137931034482759,3,0.10344827586206896
Cli,40,23,Ekstazi+dpt,7,0.7758620689655172,7,0.2413793103448276
Cli,40,23,DPT,29,0.1551724137931035,25,0.8620689655172413
Cli,40,23,STARTS,22,0.32758620689655166,20,0.6896551724137931
Cli,40,23,STARTS+FAST-S,22,0.9137931034482759,3,0.10344827586206896
Cli,40,23,STARTS+FAST-P,22,0.9137931034482759,3,0.10344827586206896
Cli,40,23,STARTS+DPT,22,0.29310344827586204,21,0.7241379310344828
Cli,40,23,Fastazi-S,7,0.9827586206896552,1,0.034482758620689655
Cli,40,23,Fastazi-P,7,0.9827586206896552,1,0.034482758620689655
Cli,40,23,Random,29,0.32758620689655166,20,0.6896551724137931
Cli,40,24,Ekstazi,7,0.9137931034482759,3,0.10344827586206896
Cli,40,24,FAST,29,0.9137931034482759,3,0.10344827586206896
Cli,40,24,Ekstazi+dpt,7,0.7758620689655172,7,0.2413793103448276
Cli,40,24,DPT,29,0.1551724137931035,25,0.8620689655172413
Cli,40,24,STARTS,22,0.25862068965517243,22,0.7586206896551724
Cli,40,24,STARTS+FAST-S,22,0.9137931034482759,3,0.10344827586206896
Cli,40,24,STARTS+FAST-P,22,0.9137931034482759,3,0.10344827586206896
Cli,40,24,STARTS+DPT,22,0.29310344827586204,21,0.7241379310344828
Cli,40,24,Fastazi-S,7,0.9482758620689655,2,0.06896551724137931
Cli,40,24,Fastazi-P,7,0.9827586206896552,1,0.034482758620689655
Cli,40,24,Random,29,0.9482758620689655,2,0.06896551724137931
Cli,40,25,Ekstazi,7,0.9482758620689655,2,0.06896551724137931
Cli,40,25,FAST,29,0.9137931034482759,3,0.10344827586206896
Cli,40,25,Ekstazi+dpt,7,0.7758620689655172,7,0.2413793103448276
Cli,40,25,DPT,29,0.18965517241379312,24,0.8275862068965517
Cli,40,25,STARTS,22,0.46551724137931033,16,0.5517241379310345
Cli,40,25,STARTS+FAST-S,22,0.9137931034482759,3,0.10344827586206896
Cli,40,25,STARTS+FAST-P,22,0.9482758620689655,2,0.06896551724137931
Cli,40,25,STARTS+DPT,22,0.29310344827586204,21,0.7241379310344828
Cli,40,25,Fastazi-S,7,0.9482758620689655,2,0.06896551724137931
Cli,40,25,Fastazi-P,7,0.9827586206896552,1,0.034482758620689655
Cli,40,25,Random,29,0.29310344827586204,21,0.7241379310344828
Cli,40,26,Ekstazi,7,0.9137931034482759,3,0.10344827586206896
Cli,40,26,FAST,29,0.9137931034482759,3,0.10344827586206896
Cli,40,26,Ekstazi+dpt,7,0.7758620689655172,7,0.2413793103448276
Cli,40,26,DPT,29,0.12068965517241378,26,0.896551724137931
Cli,40,26,STARTS,22,0.810344827586207,6,0.20689655172413793
Cli,40,26,STARTS+FAST-S,22,0.7758620689655172,7,0.2413793103448276
Cli,40,26,STARTS+FAST-P,22,0.9137931034482759,3,0.10344827586206896
Cli,40,26,STARTS+DPT,22,0.29310344827586204,21,0.7241379310344828
Cli,40,26,Fastazi-S,7,0.9827586206896552,1,0.034482758620689655
Cli,40,26,Fastazi-P,7,0.9827586206896552,1,0.034482758620689655
Cli,40,26,Random,29,0.396551724137931,18,0.6206896551724138
Cli,40,27,Ekstazi,7,0.8448275862068966,5,0.1724137931034483
Cli,40,27,FAST,29,0.9137931034482759,3,0.10344827586206896
Cli,40,27,Ekstazi+dpt,7,0.7758620689655172,7,0.2413793103448276
Cli,40,27,DPT,29,0.12068965517241378,26,0.896551724137931
Cli,40,27,STARTS,22,0.32758620689655166,20,0.6896551724137931
Cli,40,27,STARTS+FAST-S,22,0.9137931034482759,3,0.10344827586206896
Cli,40,27,STARTS+FAST-P,22,0.9137931034482759,3,0.10344827586206896
Cli,40,27,STARTS+DPT,22,0.29310344827586204,21,0.7241379310344828
Cli,40,27,Fastazi-S,7,0.9137931034482759,3,0.10344827586206896
Cli,40,27,Fastazi-P,7,0.9827586206896552,1,0.034482758620689655
Cli,40,27,Random,29,0.05172413793103444,28,0.9655172413793104
Cli,40,28,Ekstazi,7,0.9482758620689655,2,0.06896551724137931
Cli,40,28,FAST,29,0.9137931034482759,3,0.10344827586206896
Cli,40,28,Ekstazi+dpt,7,0.7758620689655172,7,0.2413793103448276
Cli,40,28,DPT,29,0.1551724137931035,25,0.8620689655172413
Cli,40,28,STARTS,22,0.7758620689655172,7,0.2413793103448276
Cli,40,28,STARTS+FAST-S,22,0.9137931034482759,3,0.10344827586206896
Cli,40,28,STARTS+FAST-P,22,0.9827586206896552,1,0.034482758620689655
Cli,40,28,STARTS+DPT,22,0.29310344827586204,21,0.7241379310344828
Cli,40,28,Fastazi-S,7,0.9827586206896552,1,0.034482758620689655
Cli,40,28,Fastazi-P,7,0.9827586206896552,1,0.034482758620689655
Cli,40,28,Random,29,0.12068965517241378,26,0.896551724137931
Cli,40,29,Ekstazi,7,0.7758620689655172,7,0.2413793103448276
Cli,40,29,FAST,29,0.9137931034482759,3,0.10344827586206896
Cli,40,29,Ekstazi+dpt,7,0.7758620689655172,7,0.2413793103448276
Cli,40,29,DPT,29,0.12068965517241378,26,0.896551724137931
Cli,40,29,STARTS,22,0.8448275862068966,5,0.1724137931034483
Cli,40,29,STARTS+FAST-S,22,0.9137931034482759,3,0.10344827586206896
Cli,40,29,STARTS+FAST-P,22,0.9137931034482759,3,0.10344827586206896
Cli,40,29,STARTS+DPT,22,0.29310344827586204,21,0.7241379310344828
Cli,40,29,Fastazi-S,7,0.9827586206896552,1,0.034482758620689655
Cli,40,29,Fastazi-P,7,0.9827586206896552,1,0.034482758620689655
Cli,40,29,Random,29,0.46551724137931033,16,0.5517241379310345
Cli,40,30,Ekstazi,7,0.810344827586207,6,0.20689655172413793
Cli,40,30,FAST,29,0.9137931034482759,3,0.10344827586206896
Cli,40,30,Ekstazi+dpt,7,0.7758620689655172,7,0.2413793103448276
Cli,40,30,DPT,29,0.18965517241379312,24,0.8275862068965517
Cli,40,30,STARTS,22,0.9827586206896552,1,0.034482758620689655
Cli,40,30,STARTS+FAST-S,22,0.9137931034482759,3,0.10344827586206896
Cli,40,30,STARTS+FAST-P,22,0.9482758620689655,2,0.06896551724137931
Cli,40,30,STARTS+DPT,22,0.29310344827586204,21,0.7241379310344828
Cli,40,30,Fastazi-S,7,0.9827586206896552,1,0.034482758620689655
Cli,40,30,Fastazi-P,7,0.9827586206896552,1,0.034482758620689655
Cli,40,30,Random,29,0.6724137931034483,10,0.3448275862068966
