Project, Version, Budget, Suite, RelBudget, Test count, APFDf, TTFF, pTTFF, Misses, Hit, HitCount
Lang,14,10%,Ekstazi,0.09090909090909087,8.0,0.062121212121212126,NA,NA,28,0,2
Lang,14,10%,FAST,0.09090909090909087,8.0,0.0,NA,NA,30,0,0
Lang,14,10%,Ekstazi+dpt,0.09090909090909087,8.0,0.931060606060606,6.566666666666666,0.07462121212121213,0,1,30
Lang,14,10%,DPT,0.09090909090909087,8.0,0.9325757575757575,6.433333333333334,0.07310606060606059,0,1,30
Lang,14,10%,STARTS,0.09090909090909087,8.0,0.03125000000000001,NA,NA,29,0,1
Lang,14,10%,STARTS+FAST-S,0.09090909090909087,8.0,0.0662878787878788,NA,NA,28,0,2
Lang,14,10%,STARTS+FAST-P,0.09090909090909087,8.0,0.0,NA,NA,30,0,0
Lang,14,10%,STARTS+DPT,0.09090909090909087,8.0,0.9318181818181818,6.5,0.07386363636363637,0,1,30
Lang,14,10%,Fastazi-S,0.09090909090909087,8.0,0.0,NA,NA,30,0,0
Lang,14,10%,Fastazi-P,0.09090909090909087,8.0,0.0,NA,NA,30,0,0
Lang,14,10%,Random,0.09090909090909087,8.0,0.09450757575757575,NA,NA,27,0,3
Lang,14,20%,Ekstazi,0.19318181818181826,17.0,0.1471590909090909,NA,NA,25,0,5
Lang,14,20%,FAST,0.19318181818181826,17.0,0.0,NA,NA,30,0,0
Lang,14,20%,Ekstazi+dpt,0.19318181818181826,17.0,0.931060606060606,6.566666666666666,0.07462121212121213,0,1,30
Lang,14,20%,DPT,0.19318181818181826,17.0,0.9325757575757575,6.433333333333334,0.07310606060606059,0,1,30
Lang,14,20%,STARTS,0.19318181818181826,17.0,0.11969696969696969,NA,NA,26,0,4
Lang,14,20%,STARTS+FAST-S,0.19318181818181826,17.0,0.0662878787878788,NA,NA,28,0,2
Lang,14,20%,STARTS+FAST-P,0.19318181818181826,17.0,0.0,NA,NA,30,0,0
Lang,14,20%,STARTS+DPT,0.19318181818181826,17.0,0.9318181818181818,6.5,0.07386363636363637,0,1,30
Lang,14,20%,Fastazi-S,0.19318181818181826,17.0,0.0,NA,NA,30,0,0
Lang,14,20%,Fastazi-P,0.19318181818181826,17.0,0.0,NA,NA,30,0,0
Lang,14,20%,Random,0.19318181818181826,17.0,0.12234848484848486,NA,NA,26,0,4
Lang,14,25%,Ekstazi,0.23863636363636356,21.0,0.2528409090909091,NA,NA,21,0,9
Lang,14,25%,FAST,0.23863636363636356,21.0,0.0,NA,NA,30,0,0
Lang,14,25%,Ekstazi+dpt,0.23863636363636356,21.0,0.931060606060606,6.566666666666666,0.07462121212121213,0,1,30
Lang,14,25%,DPT,0.23863636363636356,21.0,0.9325757575757575,6.433333333333334,0.07310606060606059,0,1,30
Lang,14,25%,STARTS,0.23863636363636356,21.0,0.11969696969696969,NA,NA,26,0,4
Lang,14,25%,STARTS+FAST-S,0.23863636363636356,21.0,0.0662878787878788,NA,NA,28,0,2
Lang,14,25%,STARTS+FAST-P,0.23863636363636356,21.0,0.0,NA,NA,30,0,0
Lang,14,25%,STARTS+DPT,0.23863636363636356,21.0,0.9318181818181818,6.5,0.07386363636363637,0,1,30
Lang,14,25%,Fastazi-S,0.23863636363636356,21.0,0.0,NA,NA,30,0,0
Lang,14,25%,Fastazi-P,0.23863636363636356,21.0,0.0,NA,NA,30,0,0
Lang,14,25%,Random,0.23863636363636356,21.0,0.17424242424242423,NA,NA,24,0,6
Lang,14,30%,Ekstazi,0.29545454545454564,26.0,0.27765151515151515,NA,NA,20,0,10
Lang,14,30%,FAST,0.29545454545454564,26.0,0.0,NA,NA,30,0,0
Lang,14,30%,Ekstazi+dpt,0.29545454545454564,26.0,0.931060606060606,6.566666666666666,0.07462121212121213,0,1,30
Lang,14,30%,DPT,0.29545454545454564,26.0,0.9325757575757575,6.433333333333334,0.07310606060606059,0,1,30
Lang,14,30%,STARTS,0.29545454545454564,26.0,0.11969696969696969,NA,NA,26,0,4
Lang,14,30%,STARTS+FAST-S,0.29545454545454564,26.0,0.0662878787878788,NA,NA,28,0,2
Lang,14,30%,STARTS+FAST-P,0.29545454545454564,26.0,0.0,NA,NA,30,0,0
Lang,14,30%,STARTS+DPT,0.29545454545454564,26.0,0.9318181818181818,6.5,0.07386363636363637,0,1,30
Lang,14,30%,Fastazi-S,0.29545454545454564,26.0,0.0,NA,NA,30,0,0
Lang,14,30%,Fastazi-P,0.29545454545454564,26.0,0.0,NA,NA,30,0,0
Lang,14,30%,Random,0.29545454545454564,26.0,0.1990530303030303,NA,NA,23,0,7
Lang,14,40%,Ekstazi,0.3863636363636365,34.0,0.3212121212121212,NA,NA,18,0,12
Lang,14,40%,FAST,0.3863636363636365,34.0,0.0,NA,NA,30,0,0
Lang,14,40%,Ekstazi+dpt,0.3863636363636365,34.0,0.931060606060606,6.566666666666666,0.07462121212121213,0,1,30
Lang,14,40%,DPT,0.3863636363636365,34.0,0.9325757575757575,6.433333333333334,0.07310606060606059,0,1,30
Lang,14,40%,STARTS,0.3863636363636365,34.0,0.22859848484848488,NA,NA,21,0,9
Lang,14,40%,STARTS+FAST-S,0.3863636363636365,34.0,0.0662878787878788,NA,NA,28,0,2
Lang,14,40%,STARTS+FAST-P,0.3863636363636365,34.0,0.0,NA,NA,30,0,0
Lang,14,40%,STARTS+DPT,0.3863636363636365,34.0,0.9318181818181818,6.5,0.07386363636363637,0,1,30
Lang,14,40%,Fastazi-S,0.3863636363636365,34.0,0.0,NA,NA,30,0,0
Lang,14,40%,Fastazi-P,0.3863636363636365,34.0,0.0,NA,NA,30,0,0
Lang,14,40%,Random,0.3863636363636365,34.0,0.2662878787878788,NA,NA,20,0,10
Lang,14,50%,Ekstazi,0.4886363636363634,43.0,0.35833333333333334,NA,NA,16,0,14
Lang,14,50%,FAST,0.4886363636363634,43.0,0.0,NA,NA,30,0,0
Lang,14,50%,Ekstazi+dpt,0.4886363636363634,43.0,0.931060606060606,6.566666666666666,0.07462121212121213,0,1,30
Lang,14,50%,DPT,0.4886363636363634,43.0,0.9325757575757575,6.433333333333334,0.07310606060606059,0,1,30
Lang,14,50%,STARTS,0.4886363636363634,43.0,0.30511363636363636,NA,NA,17,0,13
Lang,14,50%,STARTS+FAST-S,0.4886363636363634,43.0,0.0662878787878788,NA,NA,28,0,2
Lang,14,50%,STARTS+FAST-P,0.4886363636363634,43.0,0.0,NA,NA,30,0,0
Lang,14,50%,STARTS+DPT,0.4886363636363634,43.0,0.9318181818181818,6.5,0.07386363636363637,0,1,30
Lang,14,50%,Fastazi-S,0.4886363636363634,43.0,0.0,NA,NA,30,0,0
Lang,14,50%,Fastazi-P,0.4886363636363634,43.0,0.0,NA,NA,30,0,0
Lang,14,50%,Random,0.4886363636363634,43.0,0.39791666666666664,NA,NA,13,0,17
Lang,14,60%,Ekstazi,0.5909090909090913,52.0,0.4181818181818181,NA,NA,12,0,18
Lang,14,60%,FAST,0.5909090909090913,52.0,0.0,NA,NA,30,0,0
Lang,14,60%,Ekstazi+dpt,0.5909090909090913,52.0,0.931060606060606,6.566666666666666,0.07462121212121213,0,1,30
Lang,14,60%,DPT,0.5909090909090913,52.0,0.9325757575757575,6.433333333333334,0.07310606060606059,0,1,30
Lang,14,60%,STARTS,0.5909090909090913,52.0,0.33541666666666664,NA,NA,15,0,15
Lang,14,60%,STARTS+FAST-S,0.5909090909090913,52.0,0.0662878787878788,NA,NA,28,0,2
Lang,14,60%,STARTS+FAST-P,0.5909090909090913,52.0,0.0,NA,NA,30,0,0
Lang,14,60%,STARTS+DPT,0.5909090909090913,52.0,0.9318181818181818,6.5,0.07386363636363637,0,1,30
Lang,14,60%,Fastazi-S,0.5909090909090913,52.0,0.0,NA,NA,30,0,0
Lang,14,60%,Fastazi-P,0.5909090909090913,52.0,0.0,NA,NA,30,0,0
Lang,14,60%,Random,0.5909090909090913,52.0,0.4301136363636363,NA,NA,11,0,19
Lang,14,70%,Ekstazi,0.6818181818181821,60.0,0.4524621212121212,NA,NA,9,0,21
Lang,14,70%,FAST,0.6818181818181821,60.0,0.0,NA,NA,30,0,0
Lang,14,70%,Ekstazi+dpt,0.6818181818181821,60.0,0.931060606060606,6.566666666666666,0.07462121212121213,0,1,30
Lang,14,70%,DPT,0.6818181818181821,60.0,0.9325757575757575,6.433333333333334,0.07310606060606059,0,1,30
Lang,14,70%,STARTS,0.6818181818181821,60.0,0.3820075757575758,NA,NA,11,0,19
Lang,14,70%,STARTS+FAST-S,0.6818181818181821,60.0,0.4181818181818182,51.7,0.5875000000000001,0,1,30
Lang,14,70%,STARTS+FAST-P,0.6818181818181821,60.0,0.37613636363636366,55.4,0.6295454545454546,0,1,30
Lang,14,70%,STARTS+DPT,0.6818181818181821,60.0,0.9318181818181818,6.5,0.07386363636363637,0,1,30
Lang,14,70%,Fastazi-S,0.6818181818181821,60.0,0.0,NA,NA,30,0,0
Lang,14,70%,Fastazi-P,0.6818181818181821,60.0,0.0,NA,NA,30,0,0
Lang,14,70%,Random,0.6818181818181821,60.0,0.4535984848484848,NA,NA,9,0,21
Lang,14,75%,Ekstazi,0.7386363636363634,65.0,0.4524621212121212,NA,NA,9,0,21
Lang,14,75%,FAST,0.7386363636363634,65.0,0.0,NA,NA,30,0,0
Lang,14,75%,Ekstazi+dpt,0.7386363636363634,65.0,0.931060606060606,6.566666666666666,0.07462121212121213,0,1,30
Lang,14,75%,DPT,0.7386363636363634,65.0,0.9325757575757575,6.433333333333334,0.07310606060606059,0,1,30
Lang,14,75%,STARTS,0.7386363636363634,65.0,0.41136363636363643,NA,NA,8,0,22
Lang,14,75%,STARTS+FAST-S,0.7386363636363634,65.0,0.4181818181818182,51.7,0.5875000000000001,0,1,30
Lang,14,75%,STARTS+FAST-P,0.7386363636363634,65.0,0.37613636363636366,55.4,0.6295454545454546,0,1,30
Lang,14,75%,STARTS+DPT,0.7386363636363634,65.0,0.9318181818181818,6.5,0.07386363636363637,0,1,30
Lang,14,75%,Fastazi-S,0.7386363636363634,65.0,0.0,NA,NA,30,0,0
Lang,14,75%,Fastazi-P,0.7386363636363634,65.0,0.0,NA,NA,30,0,0
Lang,14,75%,Random,0.7386363636363634,65.0,0.4640151515151515,NA,NA,8,0,22
Lang,14,80%,Ekstazi,0.7840909090909091,69.0,0.4606060606060606,NA,NA,8,0,22
Lang,14,80%,FAST,0.7840909090909091,69.0,0.0,NA,NA,30,0,0
Lang,14,80%,Ekstazi+dpt,0.7840909090909091,69.0,0.931060606060606,6.566666666666666,0.07462121212121213,0,1,30
Lang,14,80%,DPT,0.7840909090909091,69.0,0.9325757575757575,6.433333333333334,0.07310606060606059,0,1,30
Lang,14,80%,STARTS,0.7840909090909091,69.0,0.4198863636363637,NA,NA,7,0,23
Lang,14,80%,STARTS+FAST-S,0.7840909090909091,69.0,0.4181818181818182,51.7,0.5875000000000001,0,1,30
Lang,14,80%,STARTS+FAST-P,0.7840909090909091,69.0,0.37613636363636366,55.4,0.6295454545454546,0,1,30
Lang,14,80%,STARTS+DPT,0.7840909090909091,69.0,0.9318181818181818,6.5,0.07386363636363637,0,1,30
Lang,14,80%,Fastazi-S,0.7840909090909091,69.0,0.0,NA,NA,30,0,0
Lang,14,80%,Fastazi-P,0.7840909090909091,69.0,0.0,NA,NA,30,0,0
Lang,14,80%,Random,0.7840909090909091,69.0,0.5043560606060605,NA,NA,3,0,27
Lang,14,90%,Ekstazi,0.8863636363636366,78.0,0.48617424242424234,NA,NA,3,0,27
Lang,14,90%,FAST,0.8863636363636366,78.0,0.1837121212121212,72.33333333333333,0.8219696969696966,0,1,30
Lang,14,90%,Ekstazi+dpt,0.8863636363636366,78.0,0.931060606060606,6.566666666666666,0.07462121212121213,0,1,30
Lang,14,90%,DPT,0.8863636363636366,78.0,0.9325757575757575,6.433333333333334,0.07310606060606059,0,1,30
Lang,14,90%,STARTS,0.8863636363636366,78.0,0.44109848484848496,NA,NA,3,0,27
Lang,14,90%,STARTS+FAST-S,0.8863636363636366,78.0,0.4181818181818182,51.7,0.5875000000000001,0,1,30
Lang,14,90%,STARTS+FAST-P,0.8863636363636366,78.0,0.37613636363636366,55.4,0.6295454545454546,0,1,30
Lang,14,90%,STARTS+DPT,0.8863636363636366,78.0,0.9318181818181818,6.5,0.07386363636363637,0,1,30
Lang,14,90%,Fastazi-S,0.8863636363636366,78.0,0.19583333333333341,71.26666666666667,0.8098484848484852,0,1,30
Lang,14,90%,Fastazi-P,0.8863636363636366,78.0,0.19507575757575765,71.33333333333333,0.8106060606060609,0,1,30
Lang,14,90%,Random,0.8863636363636366,78.0,0.5130681818181818,NA,NA,1,0,29
Lang,14,100%,Ekstazi,0.9886363636363634,87.0,0.4950757575757575,44.93333333333333,0.5106060606060607,0,1,30
Lang,14,100%,FAST,0.9886363636363634,87.0,0.1837121212121212,72.33333333333333,0.8219696969696966,0,1,30
Lang,14,100%,Ekstazi+dpt,0.9886363636363634,87.0,0.931060606060606,6.566666666666666,0.07462121212121213,0,1,30
Lang,14,100%,DPT,0.9886363636363634,87.0,0.9325757575757575,6.433333333333334,0.07310606060606059,0,1,30
Lang,14,100%,STARTS,0.9886363636363634,87.0,0.4456439393939395,NA,NA,1,0,29
Lang,14,100%,STARTS+FAST-S,0.9886363636363634,87.0,0.4181818181818182,51.7,0.5875000000000001,0,1,30
Lang,14,100%,STARTS+FAST-P,0.9886363636363634,87.0,0.37613636363636366,55.4,0.6295454545454546,0,1,30
Lang,14,100%,STARTS+DPT,0.9886363636363634,87.0,0.9318181818181818,6.5,0.07386363636363637,0,1,30
Lang,14,100%,Fastazi-S,0.9886363636363634,87.0,0.19583333333333341,71.26666666666667,0.8098484848484852,0,1,30
Lang,14,100%,Fastazi-P,0.9886363636363634,87.0,0.19507575757575765,71.33333333333333,0.8106060606060609,0,1,30
Lang,14,100%,Random,0.9886363636363634,87.0,0.5166666666666666,43.03333333333333,0.4890151515151515,0,1,30
Lang,15,10%,Ekstazi,0.05681818181818183,5.0,0.09678030303030304,NA,NA,27,0,3
Lang,15,10%,FAST,0.05681818181818183,5.0,0.38674242424242433,NA,NA,18,0,12
Lang,15,10%,Ekstazi+dpt,0.05681818181818183,5.0,0.0,NA,NA,30,0,0
Lang,15,10%,DPT,0.05681818181818183,5.0,0.0,NA,NA,30,0,0
Lang,15,10%,STARTS,0.05681818181818183,5.0,0.06401515151515152,NA,NA,28,0,2
Lang,15,10%,STARTS+FAST-S,0.05681818181818183,5.0,0.0,NA,NA,30,0,0
Lang,15,10%,STARTS+FAST-P,0.05681818181818183,5.0,0.0,NA,NA,30,0,0
Lang,15,10%,STARTS+DPT,0.05681818181818183,5.0,0.0,NA,NA,30,0,0
Lang,15,10%,Fastazi-S,0.05681818181818183,5.0,0.09715909090909092,NA,NA,27,0,3
Lang,15,10%,Fastazi-P,0.05681818181818183,5.0,0.38939393939393946,NA,NA,18,0,12
Lang,15,10%,Random,0.05681818181818183,5.0,0.0,NA,NA,30,0,0
Lang,15,20%,Ekstazi,0.125,11.0,0.21799242424242424,NA,NA,23,0,7
Lang,15,20%,FAST,0.125,11.0,0.38674242424242433,NA,NA,18,0,12
Lang,15,20%,Ekstazi+dpt,0.125,11.0,0.0,NA,NA,30,0,0
Lang,15,20%,DPT,0.125,11.0,0.0,NA,NA,30,0,0
Lang,15,20%,STARTS,0.125,11.0,0.12462121212121212,NA,NA,26,0,4
Lang,15,20%,STARTS+FAST-S,0.125,11.0,0.0,NA,NA,30,0,0
Lang,15,20%,STARTS+FAST-P,0.125,11.0,0.0,NA,NA,30,0,0
Lang,15,20%,STARTS+DPT,0.125,11.0,0.0,NA,NA,30,0,0
Lang,15,20%,Fastazi-S,0.125,11.0,0.09715909090909092,NA,NA,27,0,3
Lang,15,20%,Fastazi-P,0.125,11.0,0.4187500000000001,NA,NA,17,0,13
Lang,15,20%,Random,0.125,11.0,0.09299242424242425,NA,NA,27,0,3
Lang,15,25%,Ekstazi,0.14772727272727282,13.0,0.21799242424242424,NA,NA,23,0,7
Lang,15,25%,FAST,0.14772727272727282,13.0,0.41571969696969713,NA,NA,17,0,13
Lang,15,25%,Ekstazi+dpt,0.14772727272727282,13.0,0.0,NA,NA,30,0,0
Lang,15,25%,DPT,0.14772727272727282,13.0,0.0,NA,NA,30,0,0
Lang,15,25%,STARTS,0.14772727272727282,13.0,0.15321969696969698,NA,NA,25,0,5
Lang,15,25%,STARTS+FAST-S,0.14772727272727282,13.0,0.0,NA,NA,30,0,0
Lang,15,25%,STARTS+FAST-P,0.14772727272727282,13.0,0.0,NA,NA,30,0,0
Lang,15,25%,STARTS+DPT,0.14772727272727282,13.0,0.0,NA,NA,30,0,0
Lang,15,25%,Fastazi-S,0.14772727272727282,13.0,0.09715909090909092,NA,NA,27,0,3
Lang,15,25%,Fastazi-P,0.14772727272727282,13.0,0.5045454545454544,NA,NA,14,0,16
Lang,15,25%,Random,0.14772727272727282,13.0,0.15018939393939396,NA,NA,25,0,5
Lang,15,30%,Ekstazi,0.18181818181818174,16.0,0.3018939393939394,NA,NA,20,0,10
Lang,15,30%,FAST,0.18181818181818174,16.0,0.41571969696969713,NA,NA,17,0,13
Lang,15,30%,Ekstazi+dpt,0.18181818181818174,16.0,0.0,NA,NA,30,0,0
Lang,15,30%,DPT,0.18181818181818174,16.0,0.0,NA,NA,30,0,0
Lang,15,30%,STARTS,0.18181818181818174,16.0,0.15321969696969698,NA,NA,25,0,5
Lang,15,30%,STARTS+FAST-S,0.18181818181818174,16.0,0.0,NA,NA,30,0,0
Lang,15,30%,STARTS+FAST-P,0.18181818181818174,16.0,0.0,NA,NA,30,0,0
Lang,15,30%,STARTS+DPT,0.18181818181818174,16.0,0.0,NA,NA,30,0,0
Lang,15,30%,Fastazi-S,0.18181818181818174,16.0,0.8530303030303036,13.433333333333334,0.1526515151515152,0,1,30
Lang,15,30%,Fastazi-P,0.18181818181818174,16.0,0.8977272727272734,9.5,0.1079545454545455,0,1,30
Lang,15,30%,Random,0.18181818181818174,16.0,0.17803030303030307,NA,NA,24,0,6
Lang,15,40%,Ekstazi,0.25,22.0,0.32708333333333334,NA,NA,19,0,11
Lang,15,40%,FAST,0.25,22.0,0.8537878787878789,13.366666666666667,0.15189393939393941,0,1,30
Lang,15,40%,Ekstazi+dpt,0.25,22.0,0.0,NA,NA,30,0,0
Lang,15,40%,DPT,0.25,22.0,0.0,NA,NA,30,0,0
Lang,15,40%,STARTS,0.25,22.0,0.25625000000000003,NA,NA,21,0,9
Lang,15,40%,STARTS+FAST-S,0.25,22.0,0.0,NA,NA,30,0,0
Lang,15,40%,STARTS+FAST-P,0.25,22.0,0.0,NA,NA,30,0,0
Lang,15,40%,STARTS+DPT,0.25,22.0,0.0,NA,NA,30,0,0
Lang,15,40%,Fastazi-S,0.25,22.0,0.8530303030303036,13.433333333333334,0.1526515151515152,0,1,30
Lang,15,40%,Fastazi-P,0.25,22.0,0.8977272727272734,9.5,0.1079545454545455,0,1,30
Lang,15,40%,Random,0.25,22.0,0.23030303030303031,NA,NA,22,0,8
Lang,15,50%,Ekstazi,0.3068181818181817,27.0,0.3996212121212121,NA,NA,16,0,14
Lang,15,50%,FAST,0.3068181818181817,27.0,0.8537878787878789,13.366666666666667,0.15189393939393941,0,1,30
Lang,15,50%,Ekstazi+dpt,0.3068181818181817,27.0,0.0,NA,NA,30,0,0
Lang,15,50%,DPT,0.3068181818181817,27.0,0.0,NA,NA,30,0,0
Lang,15,50%,STARTS,0.3068181818181817,27.0,0.3528409090909091,NA,NA,17,0,13
Lang,15,50%,STARTS+FAST-S,0.3068181818181817,27.0,0.0,NA,NA,30,0,0
Lang,15,50%,STARTS+FAST-P,0.3068181818181817,27.0,0.0,NA,NA,30,0,0
Lang,15,50%,STARTS+DPT,0.3068181818181817,27.0,0.0,NA,NA,30,0,0
Lang,15,50%,Fastazi-S,0.3068181818181817,27.0,0.8530303030303036,13.433333333333334,0.1526515151515152,0,1,30
Lang,15,50%,Fastazi-P,0.3068181818181817,27.0,0.8977272727272734,9.5,0.1079545454545455,0,1,30
Lang,15,50%,Random,0.3068181818181817,27.0,0.27916666666666673,NA,NA,20,0,10
Lang,15,60%,Ekstazi,0.375,33.0,0.4886363636363637,NA,NA,12,0,18
Lang,15,60%,FAST,0.375,33.0,0.8537878787878789,13.366666666666667,0.15189393939393941,0,1,30
Lang,15,60%,Ekstazi+dpt,0.375,33.0,0.0,NA,NA,30,0,0
Lang,15,60%,DPT,0.375,33.0,0.0,NA,NA,30,0,0
Lang,15,60%,STARTS,0.375,33.0,0.4166666666666667,NA,NA,14,0,16
Lang,15,60%,STARTS+FAST-S,0.375,33.0,0.5827651515151516,NA,NA,3,0,27
Lang,15,60%,STARTS+FAST-P,0.375,33.0,0.0,NA,NA,30,0,0
Lang,15,60%,STARTS+DPT,0.375,33.0,0.0,NA,NA,30,0,0
Lang,15,60%,Fastazi-S,0.375,33.0,0.8530303030303036,13.433333333333334,0.1526515151515152,0,1,30
Lang,15,60%,Fastazi-P,0.375,33.0,0.8977272727272734,9.5,0.1079545454545455,0,1,30
Lang,15,60%,Random,0.375,33.0,0.34715909090909086,NA,NA,17,0,13
Lang,15,70%,Ekstazi,0.4318181818181817,38.0,0.5494318181818182,NA,NA,9,0,21
Lang,15,70%,FAST,0.4318181818181817,38.0,0.8537878787878789,13.366666666666667,0.15189393939393941,0,1,30
Lang,15,70%,Ekstazi+dpt,0.4318181818181817,38.0,0.0,NA,NA,30,0,0
Lang,15,70%,DPT,0.4318181818181817,38.0,0.0,NA,NA,30,0,0
Lang,15,70%,STARTS,0.4318181818181817,38.0,0.4969696969696969,NA,NA,10,0,20
Lang,15,70%,STARTS+FAST-S,0.4318181818181817,38.0,0.6401515151515152,32.166666666666664,0.36553030303030287,0,1,30
Lang,15,70%,STARTS+FAST-P,0.4318181818181817,38.0,0.5829545454545457,37.2,0.4227272727272727,0,1,30
Lang,15,70%,STARTS+DPT,0.4318181818181817,38.0,0.0,NA,NA,30,0,0
Lang,15,70%,Fastazi-S,0.4318181818181817,38.0,0.8530303030303036,13.433333333333334,0.1526515151515152,0,1,30
Lang,15,70%,Fastazi-P,0.4318181818181817,38.0,0.8977272727272734,9.5,0.1079545454545455,0,1,30
Lang,15,70%,Random,0.4318181818181817,38.0,0.36666666666666664,NA,NA,16,0,14
Lang,15,75%,Ekstazi,0.4659090909090912,41.0,0.6053030303030303,NA,NA,6,0,24
Lang,15,75%,FAST,0.4659090909090912,41.0,0.8537878787878789,13.366666666666667,0.15189393939393941,0,1,30
Lang,15,75%,Ekstazi+dpt,0.4659090909090912,41.0,0.0,NA,NA,30,0,0
Lang,15,75%,DPT,0.4659090909090912,41.0,0.0,NA,NA,30,0,0
Lang,15,75%,STARTS,0.4659090909090912,41.0,0.515340909090909,NA,NA,9,0,21
Lang,15,75%,STARTS+FAST-S,0.4659090909090912,41.0,0.6401515151515152,32.166666666666664,0.36553030303030287,0,1,30
Lang,15,75%,STARTS+FAST-P,0.4659090909090912,41.0,0.5829545454545457,37.2,0.4227272727272727,0,1,30
Lang,15,75%,STARTS+DPT,0.4659090909090912,41.0,0.0,NA,NA,30,0,0
Lang,15,75%,Fastazi-S,0.4659090909090912,41.0,0.8530303030303036,13.433333333333334,0.1526515151515152,0,1,30
Lang,15,75%,Fastazi-P,0.4659090909090912,41.0,0.8977272727272734,9.5,0.1079545454545455,0,1,30
Lang,15,75%,Random,0.4659090909090912,41.0,0.3854166666666667,NA,NA,15,0,15
Lang,15,80%,Ekstazi,0.5,44.0,0.6393939393939393,NA,NA,4,0,26
Lang,15,80%,FAST,0.5,44.0,0.8537878787878789,13.366666666666667,0.15189393939393941,0,1,30
Lang,15,80%,Ekstazi+dpt,0.5,44.0,0.0,NA,NA,30,0,0
Lang,15,80%,DPT,0.5,44.0,0.0,NA,NA,30,0,0
Lang,15,80%,STARTS,0.5,44.0,0.515340909090909,NA,NA,9,0,21
Lang,15,80%,STARTS+FAST-S,0.5,44.0,0.6401515151515152,32.166666666666664,0.36553030303030287,0,1,30
Lang,15,80%,STARTS+FAST-P,0.5,44.0,0.5829545454545457,37.2,0.4227272727272727,0,1,30
Lang,15,80%,STARTS+DPT,0.5,44.0,0.0,NA,NA,30,0,0
Lang,15,80%,Fastazi-S,0.5,44.0,0.8530303030303036,13.433333333333334,0.1526515151515152,0,1,30
Lang,15,80%,Fastazi-P,0.5,44.0,0.8977272727272734,9.5,0.1079545454545455,0,1,30
Lang,15,80%,Random,0.5,44.0,0.3854166666666667,NA,NA,15,0,15
Lang,15,90%,Ekstazi,0.5568181818181818,49.0,0.6393939393939393,NA,NA,4,0,26
Lang,15,90%,FAST,0.5568181818181818,49.0,0.8537878787878789,13.366666666666667,0.15189393939393941,0,1,30
Lang,15,90%,Ekstazi+dpt,0.5568181818181818,49.0,0.30606060606060603,NA,NA,10,0,20
Lang,15,90%,DPT,0.5568181818181818,49.0,0.0,NA,NA,30,0,0
Lang,15,90%,STARTS,0.5568181818181818,49.0,0.5314393939393939,NA,NA,8,0,22
Lang,15,90%,STARTS+FAST-S,0.5568181818181818,49.0,0.6401515151515152,32.166666666666664,0.36553030303030287,0,1,30
Lang,15,90%,STARTS+FAST-P,0.5568181818181818,49.0,0.5829545454545457,37.2,0.4227272727272727,0,1,30
Lang,15,90%,STARTS+DPT,0.5568181818181818,49.0,0.0,NA,NA,30,0,0
Lang,15,90%,Fastazi-S,0.5568181818181818,49.0,0.8530303030303036,13.433333333333334,0.1526515151515152,0,1,30
Lang,15,90%,Fastazi-P,0.5568181818181818,49.0,0.8977272727272734,9.5,0.1079545454545455,0,1,30
Lang,15,90%,Random,0.5568181818181818,49.0,0.4164772727272727,NA,NA,13,0,17
Lang,15,100%,Ekstazi,0.625,55.0,0.6943181818181817,27.4,0.3113636363636364,0,1,30
Lang,15,100%,FAST,0.625,55.0,0.8537878787878789,13.366666666666667,0.15189393939393941,0,1,30
Lang,15,100%,Ekstazi+dpt,0.625,55.0,0.44734848484848483,49.13333333333333,0.5583333333333332,0,1,30
Lang,15,100%,DPT,0.625,55.0,0.0,NA,NA,30,0,0
Lang,15,100%,STARTS,0.625,55.0,0.5867424242424241,NA,NA,4,0,26
Lang,15,100%,STARTS+FAST-S,0.625,55.0,0.6401515151515152,32.166666666666664,0.36553030303030287,0,1,30
Lang,15,100%,STARTS+FAST-P,0.625,55.0,0.5829545454545457,37.2,0.4227272727272727,0,1,30
Lang,15,100%,STARTS+DPT,0.625,55.0,0.18257575757575759,NA,NA,16,0,14
Lang,15,100%,Fastazi-S,0.625,55.0,0.8530303030303036,13.433333333333334,0.1526515151515152,0,1,30
Lang,15,100%,Fastazi-P,0.625,55.0,0.8977272727272734,9.5,0.1079545454545455,0,1,30
Lang,15,100%,Random,0.625,55.0,0.4702651515151516,NA,NA,9,0,21
Lang,16,10%,Ekstazi,0.0952380952380953,8.0,0.03115079365079365,NA,NA,29,0,1
Lang,16,10%,FAST,0.0952380952380953,8.0,0.3601190476190476,NA,NA,19,0,11
Lang,16,10%,Ekstazi+dpt,0.0952380952380953,8.0,0.0,NA,NA,30,0,0
Lang,16,10%,DPT,0.0952380952380953,8.0,0.0,NA,NA,30,0,0
Lang,16,10%,STARTS,0.0952380952380953,8.0,0.03115079365079365,NA,NA,29,0,1
Lang,16,10%,STARTS+FAST-S,0.0952380952380953,8.0,0.45833333333333337,NA,NA,16,0,14
Lang,16,10%,STARTS+FAST-P,0.0952380952380953,8.0,0.26190476190476186,NA,NA,22,0,8
Lang,16,10%,STARTS+DPT,0.0952380952380953,8.0,0.0,NA,NA,30,0,0
Lang,16,10%,Fastazi-S,0.0952380952380953,8.0,0.45833333333333337,NA,NA,16,0,14
Lang,16,10%,Fastazi-P,0.0952380952380953,8.0,0.3601190476190476,NA,NA,19,0,11
Lang,16,10%,Random,0.0952380952380953,8.0,0.12738095238095237,NA,NA,26,0,4
Lang,16,20%,Ekstazi,0.1904761904761906,16.0,0.05873015873015873,NA,NA,28,0,2
Lang,16,20%,FAST,0.1904761904761906,16.0,0.3601190476190476,NA,NA,19,0,11
Lang,16,20%,Ekstazi+dpt,0.1904761904761906,16.0,0.0,NA,NA,30,0,0
Lang,16,20%,DPT,0.1904761904761906,16.0,0.0,NA,NA,30,0,0
Lang,16,20%,STARTS,0.1904761904761906,16.0,0.08869047619047618,NA,NA,27,0,3
Lang,16,20%,STARTS+FAST-S,0.1904761904761906,16.0,0.45833333333333337,NA,NA,16,0,14
Lang,16,20%,STARTS+FAST-P,0.1904761904761906,16.0,0.26190476190476186,NA,NA,22,0,8
Lang,16,20%,STARTS+DPT,0.1904761904761906,16.0,0.0,NA,NA,30,0,0
Lang,16,20%,Fastazi-S,0.1904761904761906,16.0,0.45833333333333337,NA,NA,16,0,14
Lang,16,20%,Fastazi-P,0.1904761904761906,16.0,0.3601190476190476,NA,NA,19,0,11
Lang,16,20%,Random,0.1904761904761906,16.0,0.1845238095238095,NA,NA,24,0,6
Lang,16,25%,Ekstazi,0.25,21.0,0.1115079365079365,NA,NA,26,0,4
Lang,16,25%,FAST,0.25,21.0,0.3601190476190476,NA,NA,19,0,11
Lang,16,25%,Ekstazi+dpt,0.25,21.0,0.0,NA,NA,30,0,0
Lang,16,25%,DPT,0.25,21.0,0.0,NA,NA,30,0,0
Lang,16,25%,STARTS,0.25,21.0,0.1406746031746032,NA,NA,25,0,5
Lang,16,25%,STARTS+FAST-S,0.25,21.0,0.45833333333333337,NA,NA,16,0,14
Lang,16,25%,STARTS+FAST-P,0.25,21.0,0.26190476190476186,NA,NA,22,0,8
Lang,16,25%,STARTS+DPT,0.25,21.0,0.0,NA,NA,30,0,0
Lang,16,25%,Fastazi-S,0.25,21.0,0.45833333333333337,NA,NA,16,0,14
Lang,16,25%,Fastazi-P,0.25,21.0,0.3601190476190476,NA,NA,19,0,11
Lang,16,25%,Random,0.25,21.0,0.2361111111111111,NA,NA,22,0,8
Lang,16,30%,Ekstazi,0.2976190476190475,25.0,0.1115079365079365,NA,NA,26,0,4
Lang,16,30%,FAST,0.2976190476190475,25.0,0.3601190476190476,NA,NA,19,0,11
Lang,16,30%,Ekstazi+dpt,0.2976190476190475,25.0,0.0,NA,NA,30,0,0
Lang,16,30%,DPT,0.2976190476190475,25.0,0.0,NA,NA,30,0,0
Lang,16,30%,STARTS,0.2976190476190475,25.0,0.1406746031746032,NA,NA,25,0,5
Lang,16,30%,STARTS+FAST-S,0.2976190476190475,25.0,0.45833333333333337,NA,NA,16,0,14
Lang,16,30%,STARTS+FAST-P,0.2976190476190475,25.0,0.26190476190476186,NA,NA,22,0,8
Lang,16,30%,STARTS+DPT,0.2976190476190475,25.0,0.0,NA,NA,30,0,0
Lang,16,30%,Fastazi-S,0.2976190476190475,25.0,0.45833333333333337,NA,NA,16,0,14
Lang,16,30%,Fastazi-P,0.2976190476190475,25.0,0.3601190476190476,NA,NA,19,0,11
Lang,16,30%,Random,0.2976190476190475,25.0,0.30773809523809526,NA,NA,19,0,11
Lang,16,40%,Ekstazi,0.39285714285714285,33.0,0.1575396825396825,NA,NA,24,0,6
Lang,16,40%,FAST,0.39285714285714285,33.0,0.3601190476190476,NA,NA,19,0,11
Lang,16,40%,Ekstazi+dpt,0.39285714285714285,33.0,0.12261904761904763,NA,NA,24,0,6
Lang,16,40%,DPT,0.39285714285714285,33.0,0.08174603174603175,NA,NA,26,0,4
Lang,16,40%,STARTS,0.39285714285714285,33.0,0.2472222222222222,NA,NA,20,0,10
Lang,16,40%,STARTS+FAST-S,0.39285714285714285,33.0,0.45833333333333337,NA,NA,16,0,14
Lang,16,40%,STARTS+FAST-P,0.39285714285714285,33.0,0.26190476190476186,NA,NA,22,0,8
Lang,16,40%,STARTS+DPT,0.39285714285714285,33.0,0.12261904761904763,NA,NA,24,0,6
Lang,16,40%,Fastazi-S,0.39285714285714285,33.0,0.45833333333333337,NA,NA,16,0,14
Lang,16,40%,Fastazi-P,0.39285714285714285,33.0,0.3601190476190476,NA,NA,19,0,11
Lang,16,40%,Random,0.39285714285714285,33.0,0.3486111111111111,NA,NA,17,0,13
Lang,16,50%,Ekstazi,0.5,42.0,0.25257936507936507,NA,NA,19,0,11
Lang,16,50%,FAST,0.5,42.0,0.3601190476190476,NA,NA,19,0,11
Lang,16,50%,Ekstazi+dpt,0.5,42.0,0.5865079365079365,35.233333333333334,0.41944444444444445,0,1,30
Lang,16,50%,DPT,0.5,42.0,0.5869047619047617,35.2,0.419047619047619,0,1,30
Lang,16,50%,STARTS,0.5,42.0,0.3186507936507937,NA,NA,16,0,14
Lang,16,50%,STARTS+FAST-S,0.5,42.0,0.45833333333333337,NA,NA,16,0,14
Lang,16,50%,STARTS+FAST-P,0.5,42.0,0.26190476190476186,NA,NA,22,0,8
Lang,16,50%,STARTS+DPT,0.5,42.0,0.5928571428571427,34.7,0.413095238095238,0,1,30
Lang,16,50%,Fastazi-S,0.5,42.0,0.45833333333333337,NA,NA,16,0,14
Lang,16,50%,Fastazi-P,0.5,42.0,0.3601190476190476,NA,NA,19,0,11
Lang,16,50%,Random,0.5,42.0,0.4035714285714286,NA,NA,14,0,16
Lang,16,60%,Ekstazi,0.595238095238095,50.0,0.28154761904761905,NA,NA,17,0,13
Lang,16,60%,FAST,0.595238095238095,50.0,0.3601190476190476,NA,NA,19,0,11
Lang,16,60%,Ekstazi+dpt,0.595238095238095,50.0,0.5865079365079365,35.233333333333334,0.41944444444444445,0,1,30
Lang,16,60%,DPT,0.595238095238095,50.0,0.5869047619047617,35.2,0.419047619047619,0,1,30
Lang,16,60%,STARTS,0.595238095238095,50.0,0.349206349206349,NA,NA,14,0,16
Lang,16,60%,STARTS+FAST-S,0.595238095238095,50.0,0.45833333333333337,NA,NA,16,0,14
Lang,16,60%,STARTS+FAST-P,0.595238095238095,50.0,0.26190476190476186,NA,NA,22,0,8
Lang,16,60%,STARTS+DPT,0.595238095238095,50.0,0.5928571428571427,34.7,0.413095238095238,0,1,30
Lang,16,60%,Fastazi-S,0.595238095238095,50.0,0.45833333333333337,NA,NA,16,0,14
Lang,16,60%,Fastazi-P,0.595238095238095,50.0,0.3601190476190476,NA,NA,19,0,11
Lang,16,60%,Random,0.595238095238095,50.0,0.4035714285714286,NA,NA,14,0,16
Lang,16,70%,Ekstazi,0.6904761904761901,58.0,0.31666666666666665,NA,NA,14,0,16
Lang,16,70%,FAST,0.6904761904761901,58.0,0.3601190476190476,NA,NA,19,0,11
Lang,16,70%,Ekstazi+dpt,0.6904761904761901,58.0,0.5865079365079365,35.233333333333334,0.41944444444444445,0,1,30
Lang,16,70%,DPT,0.6904761904761901,58.0,0.5869047619047617,35.2,0.419047619047619,0,1,30
Lang,16,70%,STARTS,0.6904761904761901,58.0,0.394047619047619,NA,NA,10,0,20
Lang,16,70%,STARTS+FAST-S,0.6904761904761901,58.0,0.45833333333333337,NA,NA,16,0,14
Lang,16,70%,STARTS+FAST-P,0.6904761904761901,58.0,0.26190476190476186,NA,NA,22,0,8
Lang,16,70%,STARTS+DPT,0.6904761904761901,58.0,0.5928571428571427,34.7,0.413095238095238,0,1,30
Lang,16,70%,Fastazi-S,0.6904761904761901,58.0,0.45833333333333337,NA,NA,16,0,14
Lang,16,70%,Fastazi-P,0.6904761904761901,58.0,0.3601190476190476,NA,NA,19,0,11
Lang,16,70%,Random,0.6904761904761901,58.0,0.46369047619047615,NA,NA,9,0,21
Lang,16,75%,Ekstazi,0.75,63.0,0.33492063492063495,NA,NA,12,0,18
Lang,16,75%,FAST,0.75,63.0,0.3601190476190476,NA,NA,19,0,11
Lang,16,75%,Ekstazi+dpt,0.75,63.0,0.5865079365079365,35.233333333333334,0.41944444444444445,0,1,30
Lang,16,75%,DPT,0.75,63.0,0.5869047619047617,35.2,0.419047619047619,0,1,30
Lang,16,75%,STARTS,0.75,63.0,0.42123015873015873,NA,NA,7,0,23
Lang,16,75%,STARTS+FAST-S,0.75,63.0,0.6,34.1,0.40595238095238084,0,1,30
Lang,16,75%,STARTS+FAST-P,0.75,63.0,0.45952380952380933,45.9,0.5464285714285713,0,1,30
Lang,16,75%,STARTS+DPT,0.75,63.0,0.5928571428571427,34.7,0.413095238095238,0,1,30
Lang,16,75%,Fastazi-S,0.75,63.0,0.45833333333333337,NA,NA,16,0,14
Lang,16,75%,Fastazi-P,0.75,63.0,0.3601190476190476,NA,NA,19,0,11
Lang,16,75%,Random,0.75,63.0,0.473015873015873,NA,NA,8,0,22
Lang,16,80%,Ekstazi,0.7976190476190476,67.0,0.34305555555555567,NA,NA,11,0,19
Lang,16,80%,FAST,0.7976190476190476,67.0,0.3670634920634921,NA,NA,18,0,12
Lang,16,80%,Ekstazi+dpt,0.7976190476190476,67.0,0.5865079365079365,35.233333333333334,0.41944444444444445,0,1,30
Lang,16,80%,DPT,0.7976190476190476,67.0,0.5869047619047617,35.2,0.419047619047619,0,1,30
Lang,16,80%,STARTS,0.7976190476190476,67.0,0.42123015873015873,NA,NA,7,0,23
Lang,16,80%,STARTS+FAST-S,0.7976190476190476,67.0,0.6,34.1,0.40595238095238084,0,1,30
Lang,16,80%,STARTS+FAST-P,0.7976190476190476,67.0,0.45952380952380933,45.9,0.5464285714285713,0,1,30
Lang,16,80%,STARTS+DPT,0.7976190476190476,67.0,0.5928571428571427,34.7,0.413095238095238,0,1,30
Lang,16,80%,Fastazi-S,0.7976190476190476,67.0,0.4722222222222223,NA,NA,14,0,16
Lang,16,80%,Fastazi-P,0.7976190476190476,67.0,0.3670634920634921,NA,NA,18,0,12
Lang,16,80%,Random,0.7976190476190476,67.0,0.473015873015873,NA,NA,8,0,22
Lang,16,90%,Ekstazi,0.8928571428571426,75.0,0.38015873015873025,NA,NA,4,0,26
Lang,16,90%,FAST,0.8928571428571426,75.0,0.48214285714285715,44.0,0.5238095238095238,0,1,30
Lang,16,90%,Ekstazi+dpt,0.8928571428571426,75.0,0.5865079365079365,35.233333333333334,0.41944444444444445,0,1,30
Lang,16,90%,DPT,0.8928571428571426,75.0,0.5869047619047617,35.2,0.419047619047619,0,1,30
Lang,16,90%,STARTS,0.8928571428571426,75.0,0.4406746031746033,NA,NA,3,0,27
Lang,16,90%,STARTS+FAST-S,0.8928571428571426,75.0,0.6,34.1,0.40595238095238084,0,1,30
Lang,16,90%,STARTS+FAST-P,0.8928571428571426,75.0,0.45952380952380933,45.9,0.5464285714285713,0,1,30
Lang,16,90%,STARTS+DPT,0.8928571428571426,75.0,0.5928571428571427,34.7,0.413095238095238,0,1,30
Lang,16,90%,Fastazi-S,0.8928571428571426,75.0,0.5626984126984128,37.233333333333334,0.44325396825396823,0,1,30
Lang,16,90%,Fastazi-P,0.8928571428571426,75.0,0.48214285714285715,44.0,0.5238095238095238,0,1,30
Lang,16,90%,Random,0.8928571428571426,75.0,0.4904761904761905,NA,NA,4,0,26
Lang,16,100%,Ekstazi,1.0,84.0,0.3841269841269842,52.233333333333334,0.6218253968253967,0,1,30
Lang,16,100%,FAST,1.0,84.0,0.48214285714285715,44.0,0.5238095238095238,0,1,30
Lang,16,100%,Ekstazi+dpt,1.0,84.0,0.5865079365079365,35.233333333333334,0.41944444444444445,0,1,30
Lang,16,100%,DPT,1.0,84.0,0.5869047619047617,35.2,0.419047619047619,0,1,30
Lang,16,100%,STARTS,1.0,84.0,0.4440476190476191,47.2,0.5619047619047617,0,1,30
Lang,16,100%,STARTS+FAST-S,1.0,84.0,0.6,34.1,0.40595238095238084,0,1,30
Lang,16,100%,STARTS+FAST-P,1.0,84.0,0.45952380952380933,45.9,0.5464285714285713,0,1,30
Lang,16,100%,STARTS+DPT,1.0,84.0,0.5928571428571427,34.7,0.413095238095238,0,1,30
Lang,16,100%,Fastazi-S,1.0,84.0,0.5626984126984128,37.233333333333334,0.44325396825396823,0,1,30
Lang,16,100%,Fastazi-P,1.0,84.0,0.48214285714285715,44.0,0.5238095238095238,0,1,30
Lang,16,100%,Random,1.0,84.0,0.4992063492063492,42.56666666666667,0.5067460317460317,0,1,30
Lang,17,10%,Ekstazi,0.023809523809523826,2.0,0.03273809523809524,NA,NA,29,0,1
Lang,17,10%,FAST,0.023809523809523826,2.0,0.491468253968254,NA,NA,15,0,15
Lang,17,10%,Ekstazi+dpt,0.023809523809523826,2.0,0.9940476190476194,1.0,0.011904761904761913,0,1,30
Lang,17,10%,DPT,0.023809523809523826,2.0,0.9821428571428574,2.0,0.023809523809523826,0,1,30
Lang,17,10%,STARTS,0.023809523809523826,2.0,0.0,NA,NA,30,0,0
Lang,17,10%,STARTS+FAST-S,0.023809523809523826,2.0,0.360515873015873,NA,NA,19,0,11
Lang,17,10%,STARTS+FAST-P,0.023809523809523826,2.0,0.624404761904762,NA,NA,11,0,19
Lang,17,10%,STARTS+DPT,0.023809523809523826,2.0,0.9821428571428574,2.0,0.023809523809523826,0,1,30
Lang,17,10%,Fastazi-S,0.023809523809523826,2.0,0.6551587301587303,NA,NA,10,0,20
Lang,17,10%,Fastazi-P,0.023809523809523826,2.0,0.6922619047619049,NA,NA,9,0,21
Lang,17,10%,Random,0.023809523809523826,2.0,0.033134920634920635,NA,NA,29,0,1
Lang,17,20%,Ekstazi,0.05952380952380953,5.0,0.12936507936507935,NA,NA,26,0,4
Lang,17,20%,FAST,0.05952380952380953,5.0,0.6807539682539685,NA,NA,9,0,21
Lang,17,20%,Ekstazi+dpt,0.05952380952380953,5.0,0.9940476190476194,1.0,0.011904761904761913,0,1,30
Lang,17,20%,DPT,0.05952380952380953,5.0,0.9821428571428574,2.0,0.023809523809523826,0,1,30
Lang,17,20%,STARTS,0.05952380952380953,5.0,0.03194444444444444,NA,NA,29,0,1
Lang,17,20%,STARTS+FAST-S,0.05952380952380953,5.0,0.360515873015873,NA,NA,19,0,11
Lang,17,20%,STARTS+FAST-P,0.05952380952380953,5.0,0.624404761904762,NA,NA,11,0,19
Lang,17,20%,STARTS+DPT,0.05952380952380953,5.0,0.9821428571428574,2.0,0.023809523809523826,0,1,30
Lang,17,20%,Fastazi-S,0.05952380952380953,5.0,0.9438492063492065,NA,NA,1,0,29
Lang,17,20%,Fastazi-P,0.05952380952380953,5.0,0.9509920634920636,NA,NA,1,0,29
Lang,17,20%,Random,0.05952380952380953,5.0,0.06507936507936508,NA,NA,28,0,2
Lang,17,25%,Ekstazi,0.07142857142857141,6.0,0.12936507936507935,NA,NA,26,0,4
Lang,17,25%,FAST,0.07142857142857141,6.0,0.9299603174603178,NA,NA,1,0,29
Lang,17,25%,Ekstazi+dpt,0.07142857142857141,6.0,0.9940476190476194,1.0,0.011904761904761913,0,1,30
Lang,17,25%,DPT,0.07142857142857141,6.0,0.9821428571428574,2.0,0.023809523809523826,0,1,30
Lang,17,25%,STARTS,0.07142857142857141,6.0,0.03194444444444444,NA,NA,29,0,1
Lang,17,25%,STARTS+FAST-S,0.07142857142857141,6.0,0.360515873015873,NA,NA,19,0,11
Lang,17,25%,STARTS+FAST-P,0.07142857142857141,6.0,0.624404761904762,NA,NA,11,0,19
Lang,17,25%,STARTS+DPT,0.07142857142857141,6.0,0.9821428571428574,2.0,0.023809523809523826,0,1,30
Lang,17,25%,Fastazi-S,0.07142857142857141,6.0,0.9438492063492065,NA,NA,1,0,29
Lang,17,25%,Fastazi-P,0.07142857142857141,6.0,0.9821428571428572,2.0,0.02380952380952381,0,1,30
Lang,17,25%,Random,0.07142857142857141,6.0,0.06507936507936508,NA,NA,28,0,2
Lang,17,30%,Ekstazi,0.0952380952380953,8.0,0.2216269841269841,NA,NA,23,0,7
Lang,17,30%,FAST,0.0952380952380953,8.0,0.9299603174603178,NA,NA,1,0,29
Lang,17,30%,Ekstazi+dpt,0.0952380952380953,8.0,0.9940476190476194,1.0,0.011904761904761913,0,1,30
Lang,17,30%,DPT,0.0952380952380953,8.0,0.9821428571428574,2.0,0.023809523809523826,0,1,30
Lang,17,30%,STARTS,0.0952380952380953,8.0,0.03194444444444444,NA,NA,29,0,1
Lang,17,30%,STARTS+FAST-S,0.0952380952380953,8.0,0.360515873015873,NA,NA,19,0,11
Lang,17,30%,STARTS+FAST-P,0.0952380952380953,8.0,0.624404761904762,NA,NA,11,0,19
Lang,17,30%,STARTS+DPT,0.0952380952380953,8.0,0.9821428571428574,2.0,0.023809523809523826,0,1,30
Lang,17,30%,Fastazi-S,0.0952380952380953,8.0,0.9746031746031748,2.6333333333333333,0.03134920634920636,0,1,30
Lang,17,30%,Fastazi-P,0.0952380952380953,8.0,0.9821428571428572,2.0,0.02380952380952381,0,1,30
Lang,17,30%,Random,0.0952380952380953,8.0,0.1257936507936508,NA,NA,26,0,4
Lang,17,40%,Ekstazi,0.11904761904761905,10.0,0.28154761904761905,NA,NA,21,0,9
Lang,17,40%,FAST,0.11904761904761905,10.0,0.9299603174603178,NA,NA,1,0,29
Lang,17,40%,Ekstazi+dpt,0.11904761904761905,10.0,0.9940476190476194,1.0,0.011904761904761913,0,1,30
Lang,17,40%,DPT,0.11904761904761905,10.0,0.9821428571428574,2.0,0.023809523809523826,0,1,30
Lang,17,40%,STARTS,0.11904761904761905,10.0,0.210515873015873,NA,NA,23,0,7
Lang,17,40%,STARTS+FAST-S,0.11904761904761905,10.0,0.360515873015873,NA,NA,19,0,11
Lang,17,40%,STARTS+FAST-P,0.11904761904761905,10.0,0.624404761904762,NA,NA,11,0,19
Lang,17,40%,STARTS+DPT,0.11904761904761905,10.0,0.9821428571428574,2.0,0.023809523809523826,0,1,30
Lang,17,40%,Fastazi-S,0.11904761904761905,10.0,0.9746031746031748,2.6333333333333333,0.03134920634920636,0,1,30
Lang,17,40%,Fastazi-P,0.11904761904761905,10.0,0.9821428571428572,2.0,0.02380952380952381,0,1,30
Lang,17,40%,Random,0.11904761904761905,10.0,0.15575396825396826,NA,NA,25,0,5
Lang,17,50%,Ekstazi,0.15476190476190474,13.0,0.42658730158730157,NA,NA,16,0,14
Lang,17,50%,FAST,0.15476190476190474,13.0,0.9299603174603178,NA,NA,1,0,29
Lang,17,50%,Ekstazi+dpt,0.15476190476190474,13.0,0.9940476190476194,1.0,0.011904761904761913,0,1,30
Lang,17,50%,DPT,0.15476190476190474,13.0,0.9821428571428574,2.0,0.023809523809523826,0,1,30
Lang,17,50%,STARTS,0.15476190476190474,13.0,0.2684523809523809,NA,NA,21,0,9
Lang,17,50%,STARTS+FAST-S,0.15476190476190474,13.0,0.360515873015873,NA,NA,19,0,11
Lang,17,50%,STARTS+FAST-P,0.15476190476190474,13.0,0.624404761904762,NA,NA,11,0,19
Lang,17,50%,STARTS+DPT,0.15476190476190474,13.0,0.9821428571428574,2.0,0.023809523809523826,0,1,30
Lang,17,50%,Fastazi-S,0.15476190476190474,13.0,0.9746031746031748,2.6333333333333333,0.03134920634920636,0,1,30
Lang,17,50%,Fastazi-P,0.15476190476190474,13.0,0.9821428571428572,2.0,0.02380952380952381,0,1,30
Lang,17,50%,Random,0.15476190476190474,13.0,0.21329365079365079,NA,NA,23,0,7
Lang,17,60%,Ekstazi,0.1904761904761906,16.0,0.42658730158730157,NA,NA,16,0,14
Lang,17,60%,FAST,0.1904761904761906,16.0,0.9299603174603178,NA,NA,1,0,29
Lang,17,60%,Ekstazi+dpt,0.1904761904761906,16.0,0.9940476190476194,1.0,0.011904761904761913,0,1,30
Lang,17,60%,DPT,0.1904761904761906,16.0,0.9821428571428574,2.0,0.023809523809523826,0,1,30
Lang,17,60%,STARTS,0.1904761904761906,16.0,0.2684523809523809,NA,NA,21,0,9
Lang,17,60%,STARTS+FAST-S,0.1904761904761906,16.0,0.6599206349206347,NA,NA,8,0,22
Lang,17,60%,STARTS+FAST-P,0.1904761904761906,16.0,0.8146825396825399,NA,NA,4,0,26
Lang,17,60%,STARTS+DPT,0.1904761904761906,16.0,0.9821428571428574,2.0,0.023809523809523826,0,1,30
Lang,17,60%,Fastazi-S,0.1904761904761906,16.0,0.9746031746031748,2.6333333333333333,0.03134920634920636,0,1,30
Lang,17,60%,Fastazi-P,0.1904761904761906,16.0,0.9821428571428572,2.0,0.02380952380952381,0,1,30
Lang,17,60%,Random,0.1904761904761906,16.0,0.21329365079365079,NA,NA,23,0,7
Lang,17,70%,Ekstazi,0.21428571428571436,18.0,0.5333333333333333,NA,NA,12,0,18
Lang,17,70%,FAST,0.21428571428571436,18.0,0.9299603174603178,NA,NA,1,0,29
Lang,17,70%,Ekstazi+dpt,0.21428571428571436,18.0,0.9940476190476194,1.0,0.011904761904761913,0,1,30
Lang,17,70%,DPT,0.21428571428571436,18.0,0.9821428571428574,2.0,0.023809523809523826,0,1,30
Lang,17,70%,STARTS,0.21428571428571436,18.0,0.29484126984126985,NA,NA,20,0,10
Lang,17,70%,STARTS+FAST-S,0.21428571428571436,18.0,0.8742063492063489,11.066666666666666,0.13174603174603178,0,1,30
Lang,17,70%,STARTS+FAST-P,0.21428571428571436,18.0,0.921825396825397,7.066666666666666,0.0841269841269841,0,1,30
Lang,17,70%,STARTS+DPT,0.21428571428571436,18.0,0.9821428571428574,2.0,0.023809523809523826,0,1,30
Lang,17,70%,Fastazi-S,0.21428571428571436,18.0,0.9746031746031748,2.6333333333333333,0.03134920634920636,0,1,30
Lang,17,70%,Fastazi-P,0.21428571428571436,18.0,0.9821428571428572,2.0,0.02380952380952381,0,1,30
Lang,17,70%,Random,0.21428571428571436,18.0,0.21329365079365079,NA,NA,23,0,7
Lang,17,75%,Ekstazi,0.2380952380952381,20.0,0.6109126984126985,NA,NA,9,0,21
Lang,17,75%,FAST,0.2380952380952381,20.0,0.9559523809523813,4.2,0.05000000000000001,0,1,30
Lang,17,75%,Ekstazi+dpt,0.2380952380952381,20.0,0.9940476190476194,1.0,0.011904761904761913,0,1,30
Lang,17,75%,DPT,0.2380952380952381,20.0,0.9821428571428574,2.0,0.023809523809523826,0,1,30
Lang,17,75%,STARTS,0.2380952380952381,20.0,0.3204365079365079,NA,NA,19,0,11
Lang,17,75%,STARTS+FAST-S,0.2380952380952381,20.0,0.8742063492063489,11.066666666666666,0.13174603174603178,0,1,30
Lang,17,75%,STARTS+FAST-P,0.2380952380952381,20.0,0.921825396825397,7.066666666666666,0.0841269841269841,0,1,30
Lang,17,75%,STARTS+DPT,0.2380952380952381,20.0,0.9821428571428574,2.0,0.023809523809523826,0,1,30
Lang,17,75%,Fastazi-S,0.2380952380952381,20.0,0.9746031746031748,2.6333333333333333,0.03134920634920636,0,1,30
Lang,17,75%,Fastazi-P,0.2380952380952381,20.0,0.9821428571428572,2.0,0.02380952380952381,0,1,30
Lang,17,75%,Random,0.2380952380952381,20.0,0.21329365079365079,NA,NA,23,0,7
Lang,17,80%,Ekstazi,0.25,21.0,0.6613095238095238,NA,NA,7,0,23
Lang,17,80%,FAST,0.25,21.0,0.9559523809523813,4.2,0.05000000000000001,0,1,30
Lang,17,80%,Ekstazi+dpt,0.25,21.0,0.9940476190476194,1.0,0.011904761904761913,0,1,30
Lang,17,80%,DPT,0.25,21.0,0.9821428571428574,2.0,0.023809523809523826,0,1,30
Lang,17,80%,STARTS,0.25,21.0,0.3456349206349206,NA,NA,18,0,12
Lang,17,80%,STARTS+FAST-S,0.25,21.0,0.8742063492063489,11.066666666666666,0.13174603174603178,0,1,30
Lang,17,80%,STARTS+FAST-P,0.25,21.0,0.921825396825397,7.066666666666666,0.0841269841269841,0,1,30
Lang,17,80%,STARTS+DPT,0.25,21.0,0.9821428571428574,2.0,0.023809523809523826,0,1,30
Lang,17,80%,Fastazi-S,0.25,21.0,0.9746031746031748,2.6333333333333333,0.03134920634920636,0,1,30
Lang,17,80%,Fastazi-P,0.25,21.0,0.9821428571428572,2.0,0.02380952380952381,0,1,30
Lang,17,80%,Random,0.25,21.0,0.21329365079365079,NA,NA,23,0,7
Lang,17,90%,Ekstazi,0.28571428571428564,24.0,0.7837301587301586,NA,NA,2,0,28
Lang,17,90%,FAST,0.28571428571428564,24.0,0.9559523809523813,4.2,0.05000000000000001,0,1,30
Lang,17,90%,Ekstazi+dpt,0.28571428571428564,24.0,0.9940476190476194,1.0,0.011904761904761913,0,1,30
Lang,17,90%,DPT,0.28571428571428564,24.0,0.9821428571428574,2.0,0.023809523809523826,0,1,30
Lang,17,90%,STARTS,0.28571428571428564,24.0,0.3456349206349206,NA,NA,18,0,12
Lang,17,90%,STARTS+FAST-S,0.28571428571428564,24.0,0.8742063492063489,11.066666666666666,0.13174603174603178,0,1,30
Lang,17,90%,STARTS+FAST-P,0.28571428571428564,24.0,0.921825396825397,7.066666666666666,0.0841269841269841,0,1,30
Lang,17,90%,STARTS+DPT,0.28571428571428564,24.0,0.9821428571428574,2.0,0.023809523809523826,0,1,30
Lang,17,90%,Fastazi-S,0.28571428571428564,24.0,0.9746031746031748,2.6333333333333333,0.03134920634920636,0,1,30
Lang,17,90%,Fastazi-P,0.28571428571428564,24.0,0.9821428571428572,2.0,0.02380952380952381,0,1,30
Lang,17,90%,Random,0.28571428571428564,24.0,0.2373015873015873,NA,NA,22,0,8
Lang,17,100%,Ekstazi,0.32142857142857134,27.0,0.8305555555555555,14.733333333333333,0.1753968253968254,0,1,30
Lang,17,100%,FAST,0.32142857142857134,27.0,0.9559523809523813,4.2,0.05000000000000001,0,1,30
Lang,17,100%,Ekstazi+dpt,0.32142857142857134,27.0,0.9940476190476194,1.0,0.011904761904761913,0,1,30
Lang,17,100%,DPT,0.32142857142857134,27.0,0.9821428571428574,2.0,0.023809523809523826,0,1,30
Lang,17,100%,STARTS,0.32142857142857134,27.0,0.36924603174603177,NA,NA,17,0,13
Lang,17,100%,STARTS+FAST-S,0.32142857142857134,27.0,0.8742063492063489,11.066666666666666,0.13174603174603178,0,1,30
Lang,17,100%,STARTS+FAST-P,0.32142857142857134,27.0,0.921825396825397,7.066666666666666,0.0841269841269841,0,1,30
Lang,17,100%,STARTS+DPT,0.32142857142857134,27.0,0.9821428571428574,2.0,0.023809523809523826,0,1,30
Lang,17,100%,Fastazi-S,0.32142857142857134,27.0,0.9746031746031748,2.6333333333333333,0.03134920634920636,0,1,30
Lang,17,100%,Fastazi-P,0.32142857142857134,27.0,0.9821428571428572,2.0,0.02380952380952381,0,1,30
Lang,17,100%,Random,0.32142857142857134,27.0,0.2601190476190476,NA,NA,21,0,9
Lang,18,10%,Ekstazi,0.023809523809523826,2.0,0.03273809523809524,NA,NA,29,0,1
Lang,18,10%,FAST,0.023809523809523826,2.0,0.0,NA,NA,30,0,0
Lang,18,10%,Ekstazi+dpt,0.023809523809523826,2.0,0.0,NA,NA,30,0,0
Lang,18,10%,DPT,0.023809523809523826,2.0,0.0,NA,NA,30,0,0
Lang,18,10%,STARTS,0.023809523809523826,2.0,0.0,NA,NA,30,0,0
Lang,18,10%,STARTS+FAST-S,0.023809523809523826,2.0,0.0,NA,NA,30,0,0
Lang,18,10%,STARTS+FAST-P,0.023809523809523826,2.0,0.0,NA,NA,30,0,0
Lang,18,10%,STARTS+DPT,0.023809523809523826,2.0,0.0,NA,NA,30,0,0
Lang,18,10%,Fastazi-S,0.023809523809523826,2.0,0.0,NA,NA,30,0,0
Lang,18,10%,Fastazi-P,0.023809523809523826,2.0,0.0,NA,NA,30,0,0
Lang,18,10%,Random,0.023809523809523826,2.0,0.0,NA,NA,30,0,0
Lang,18,20%,Ekstazi,0.04761904761904765,4.0,0.06507936507936508,NA,NA,28,0,2
Lang,18,20%,FAST,0.04761904761904765,4.0,0.06388888888888888,NA,NA,28,0,2
Lang,18,20%,Ekstazi+dpt,0.04761904761904765,4.0,0.0,NA,NA,30,0,0
Lang,18,20%,DPT,0.04761904761904765,4.0,0.0,NA,NA,30,0,0
Lang,18,20%,STARTS,0.04761904761904765,4.0,0.032341269841269844,NA,NA,29,0,1
Lang,18,20%,STARTS+FAST-S,0.04761904761904765,4.0,0.0,NA,NA,30,0,0
Lang,18,20%,STARTS+FAST-P,0.04761904761904765,4.0,0.0,NA,NA,30,0,0
Lang,18,20%,STARTS+DPT,0.04761904761904765,4.0,0.0,NA,NA,30,0,0
Lang,18,20%,Fastazi-S,0.04761904761904765,4.0,0.06468253968253969,NA,NA,28,0,2
Lang,18,20%,Fastazi-P,0.04761904761904765,4.0,0.06468253968253969,NA,NA,28,0,2
Lang,18,20%,Random,0.04761904761904765,4.0,0.0,NA,NA,30,0,0
Lang,18,25%,Ekstazi,0.07142857142857141,6.0,0.12817460317460316,NA,NA,26,0,4
Lang,18,25%,FAST,0.07142857142857141,6.0,0.06388888888888888,NA,NA,28,0,2
Lang,18,25%,Ekstazi+dpt,0.07142857142857141,6.0,0.0,NA,NA,30,0,0
Lang,18,25%,DPT,0.07142857142857141,6.0,0.0,NA,NA,30,0,0
Lang,18,25%,STARTS,0.07142857142857141,6.0,0.06388888888888888,NA,NA,28,0,2
Lang,18,25%,STARTS+FAST-S,0.07142857142857141,6.0,0.0,NA,NA,30,0,0
Lang,18,25%,STARTS+FAST-P,0.07142857142857141,6.0,0.0,NA,NA,30,0,0
Lang,18,25%,STARTS+DPT,0.07142857142857141,6.0,0.0,NA,NA,30,0,0
Lang,18,25%,Fastazi-S,0.07142857142857141,6.0,0.09623015873015874,NA,NA,27,0,3
Lang,18,25%,Fastazi-P,0.07142857142857141,6.0,0.06468253968253969,NA,NA,28,0,2
Lang,18,25%,Random,0.07142857142857141,6.0,0.03154761904761905,NA,NA,29,0,1
Lang,18,30%,Ekstazi,0.08333333333333333,7.0,0.12817460317460316,NA,NA,26,0,4
Lang,18,30%,FAST,0.08333333333333333,7.0,0.06388888888888888,NA,NA,28,0,2
Lang,18,30%,Ekstazi+dpt,0.08333333333333333,7.0,0.0,NA,NA,30,0,0
Lang,18,30%,DPT,0.08333333333333333,7.0,0.0,NA,NA,30,0,0
Lang,18,30%,STARTS,0.08333333333333333,7.0,0.06388888888888888,NA,NA,28,0,2
Lang,18,30%,STARTS+FAST-S,0.08333333333333333,7.0,0.0,NA,NA,30,0,0
Lang,18,30%,STARTS+FAST-P,0.08333333333333333,7.0,0.0,NA,NA,30,0,0
Lang,18,30%,STARTS+DPT,0.08333333333333333,7.0,0.0,NA,NA,30,0,0
Lang,18,30%,Fastazi-S,0.08333333333333333,7.0,0.09623015873015874,NA,NA,27,0,3
Lang,18,30%,Fastazi-P,0.08333333333333333,7.0,0.06468253968253969,NA,NA,28,0,2
Lang,18,30%,Random,0.08333333333333333,7.0,0.03154761904761905,NA,NA,29,0,1
Lang,18,40%,Ekstazi,0.10714285714285718,9.0,0.24880952380952379,NA,NA,22,0,8
Lang,18,40%,FAST,0.10714285714285718,9.0,0.06388888888888888,NA,NA,28,0,2
Lang,18,40%,Ekstazi+dpt,0.10714285714285718,9.0,0.0,NA,NA,30,0,0
Lang,18,40%,DPT,0.10714285714285718,9.0,0.0,NA,NA,30,0,0
Lang,18,40%,STARTS,0.10714285714285718,9.0,0.1845238095238095,NA,NA,24,0,6
Lang,18,40%,STARTS+FAST-S,0.10714285714285718,9.0,0.0,NA,NA,30,0,0
Lang,18,40%,STARTS+FAST-P,0.10714285714285718,9.0,0.0,NA,NA,30,0,0
Lang,18,40%,STARTS+DPT,0.10714285714285718,9.0,0.0,NA,NA,30,0,0
Lang,18,40%,Fastazi-S,0.10714285714285718,9.0,0.09623015873015874,NA,NA,27,0,3
Lang,18,40%,Fastazi-P,0.10714285714285718,9.0,0.06468253968253969,NA,NA,28,0,2
Lang,18,40%,Random,0.10714285714285718,9.0,0.03154761904761905,NA,NA,29,0,1
Lang,18,50%,Ekstazi,0.14285714285714282,12.0,0.4521825396825397,NA,NA,15,0,15
Lang,18,50%,FAST,0.14285714285714282,12.0,0.06388888888888888,NA,NA,28,0,2
Lang,18,50%,Ekstazi+dpt,0.14285714285714282,12.0,0.0,NA,NA,30,0,0
Lang,18,50%,DPT,0.14285714285714282,12.0,0.0,NA,NA,30,0,0
Lang,18,50%,STARTS,0.14285714285714282,12.0,0.1845238095238095,NA,NA,24,0,6
Lang,18,50%,STARTS+FAST-S,0.14285714285714282,12.0,0.0,NA,NA,30,0,0
Lang,18,50%,STARTS+FAST-P,0.14285714285714282,12.0,0.0,NA,NA,30,0,0
Lang,18,50%,STARTS+DPT,0.14285714285714282,12.0,0.0,NA,NA,30,0,0
Lang,18,50%,Fastazi-S,0.14285714285714282,12.0,0.8581349206349208,NA,NA,1,0,29
Lang,18,50%,Fastazi-P,0.14285714285714282,12.0,0.8912698412698418,9.633333333333333,0.11468253968253969,0,1,30
Lang,18,50%,Random,0.14285714285714282,12.0,0.08948412698412697,NA,NA,27,0,3
Lang,18,60%,Ekstazi,0.16666666666666666,14.0,0.4801587301587302,NA,NA,14,0,16
Lang,18,60%,FAST,0.16666666666666666,14.0,0.06388888888888888,NA,NA,28,0,2
Lang,18,60%,Ekstazi+dpt,0.16666666666666666,14.0,0.0,NA,NA,30,0,0
Lang,18,60%,DPT,0.16666666666666666,14.0,0.0,NA,NA,30,0,0
Lang,18,60%,STARTS,0.16666666666666666,14.0,0.2128968253968254,NA,NA,23,0,7
Lang,18,60%,STARTS+FAST-S,0.16666666666666666,14.0,0.0,NA,NA,30,0,0
Lang,18,60%,STARTS+FAST-P,0.16666666666666666,14.0,0.0,NA,NA,30,0,0
Lang,18,60%,STARTS+DPT,0.16666666666666666,14.0,0.0,NA,NA,30,0,0
Lang,18,60%,Fastazi-S,0.16666666666666666,14.0,0.8865079365079367,10.033333333333333,0.11944444444444444,0,1,30
Lang,18,60%,Fastazi-P,0.16666666666666666,14.0,0.8912698412698418,9.633333333333333,0.11468253968253969,0,1,30
Lang,18,60%,Random,0.16666666666666666,14.0,0.11785714285714285,NA,NA,26,0,4
Lang,18,70%,Ekstazi,0.1904761904761906,16.0,0.5896825396825398,NA,NA,10,0,20
Lang,18,70%,FAST,0.1904761904761906,16.0,0.06388888888888888,NA,NA,28,0,2
Lang,18,70%,Ekstazi+dpt,0.1904761904761906,16.0,0.0,NA,NA,30,0,0
Lang,18,70%,DPT,0.1904761904761906,16.0,0.0,NA,NA,30,0,0
Lang,18,70%,STARTS,0.1904761904761906,16.0,0.32281746031746034,NA,NA,19,0,11
Lang,18,70%,STARTS+FAST-S,0.1904761904761906,16.0,0.0,NA,NA,30,0,0
Lang,18,70%,STARTS+FAST-P,0.1904761904761906,16.0,0.0,NA,NA,30,0,0
Lang,18,70%,STARTS+DPT,0.1904761904761906,16.0,0.0,NA,NA,30,0,0
Lang,18,70%,Fastazi-S,0.1904761904761906,16.0,0.8865079365079367,10.033333333333333,0.11944444444444444,0,1,30
Lang,18,70%,Fastazi-P,0.1904761904761906,16.0,0.8912698412698418,9.633333333333333,0.11468253968253969,0,1,30
Lang,18,70%,Random,0.1904761904761906,16.0,0.11785714285714285,NA,NA,26,0,4
Lang,18,75%,Ekstazi,0.21428571428571436,18.0,0.6432539682539684,NA,NA,8,0,22
Lang,18,75%,FAST,0.21428571428571436,18.0,0.06388888888888888,NA,NA,28,0,2
Lang,18,75%,Ekstazi+dpt,0.21428571428571436,18.0,0.0,NA,NA,30,0,0
Lang,18,75%,DPT,0.21428571428571436,18.0,0.0,NA,NA,30,0,0
Lang,18,75%,STARTS,0.21428571428571436,18.0,0.3496031746031746,NA,NA,18,0,12
Lang,18,75%,STARTS+FAST-S,0.21428571428571436,18.0,0.0,NA,NA,30,0,0
Lang,18,75%,STARTS+FAST-P,0.21428571428571436,18.0,0.0,NA,NA,30,0,0
Lang,18,75%,STARTS+DPT,0.21428571428571436,18.0,0.0,NA,NA,30,0,0
Lang,18,75%,Fastazi-S,0.21428571428571436,18.0,0.8865079365079367,10.033333333333333,0.11944444444444444,0,1,30
Lang,18,75%,Fastazi-P,0.21428571428571436,18.0,0.8912698412698418,9.633333333333333,0.11468253968253969,0,1,30
Lang,18,75%,Random,0.21428571428571436,18.0,0.11785714285714285,NA,NA,26,0,4
Lang,18,80%,Ekstazi,0.22619047619047625,19.0,0.6952380952380953,NA,NA,6,0,24
Lang,18,80%,FAST,0.22619047619047625,19.0,0.06388888888888888,NA,NA,28,0,2
Lang,18,80%,Ekstazi+dpt,0.22619047619047625,19.0,0.0,NA,NA,30,0,0
Lang,18,80%,DPT,0.22619047619047625,19.0,0.0,NA,NA,30,0,0
Lang,18,80%,STARTS,0.22619047619047625,19.0,0.3755952380952381,NA,NA,17,0,13
Lang,18,80%,STARTS+FAST-S,0.22619047619047625,19.0,0.0,NA,NA,30,0,0
Lang,18,80%,STARTS+FAST-P,0.22619047619047625,19.0,0.0,NA,NA,30,0,0
Lang,18,80%,STARTS+DPT,0.22619047619047625,19.0,0.0,NA,NA,30,0,0
Lang,18,80%,Fastazi-S,0.22619047619047625,19.0,0.8865079365079367,10.033333333333333,0.11944444444444444,0,1,30
Lang,18,80%,Fastazi-P,0.22619047619047625,19.0,0.8912698412698418,9.633333333333333,0.11468253968253969,0,1,30
Lang,18,80%,Random,0.22619047619047625,19.0,0.14384920634920637,NA,NA,25,0,5
Lang,18,90%,Ekstazi,0.25,21.0,0.7712301587301588,NA,NA,3,0,27
Lang,18,90%,FAST,0.25,21.0,0.06388888888888888,NA,NA,28,0,2
Lang,18,90%,Ekstazi+dpt,0.25,21.0,0.0,NA,NA,30,0,0
Lang,18,90%,DPT,0.25,21.0,0.0,NA,NA,30,0,0
Lang,18,90%,STARTS,0.25,21.0,0.4263888888888889,NA,NA,15,0,15
Lang,18,90%,STARTS+FAST-S,0.25,21.0,0.0251984126984127,NA,NA,29,0,1
Lang,18,90%,STARTS+FAST-P,0.25,21.0,0.0251984126984127,NA,NA,29,0,1
Lang,18,90%,STARTS+DPT,0.25,21.0,0.0,NA,NA,30,0,0
Lang,18,90%,Fastazi-S,0.25,21.0,0.8865079365079367,10.033333333333333,0.11944444444444444,0,1,30
Lang,18,90%,Fastazi-P,0.25,21.0,0.8912698412698418,9.633333333333333,0.11468253968253969,0,1,30
Lang,18,90%,Random,0.25,21.0,0.14384920634920637,NA,NA,25,0,5
Lang,18,100%,Ekstazi,0.28571428571428564,24.0,0.8436507936507937,13.633333333333333,0.16230158730158728,0,1,30
Lang,18,100%,FAST,0.28571428571428564,24.0,0.06388888888888888,NA,NA,28,0,2
Lang,18,100%,Ekstazi+dpt,0.28571428571428564,24.0,0.736111111111111,22.666666666666668,0.2698412698412698,0,1,30
Lang,18,100%,DPT,0.28571428571428564,24.0,0.0,NA,NA,30,0,0
Lang,18,100%,STARTS,0.28571428571428564,24.0,0.45039682539682535,NA,NA,14,0,16
Lang,18,100%,STARTS+FAST-S,0.28571428571428564,24.0,0.7384920634920635,22.466666666666665,0.2674603174603174,0,1,30
Lang,18,100%,STARTS+FAST-P,0.28571428571428564,24.0,0.7432539682539684,22.066666666666666,0.2626984126984127,0,1,30
Lang,18,100%,STARTS+DPT,0.28571428571428564,24.0,0.0,NA,NA,30,0,0
Lang,18,100%,Fastazi-S,0.28571428571428564,24.0,0.8865079365079367,10.033333333333333,0.11944444444444444,0,1,30
Lang,18,100%,Fastazi-P,0.28571428571428564,24.0,0.8912698412698418,9.633333333333333,0.11468253968253969,0,1,30
Lang,18,100%,Random,0.28571428571428564,24.0,0.16865079365079363,NA,NA,24,0,6
Lang,19,10%,Ekstazi,0.07142857142857141,6.0,0.06428571428571428,NA,NA,28,0,2
Lang,19,10%,FAST,0.07142857142857141,6.0,0.0,NA,NA,30,0,0
Lang,19,10%,Ekstazi+dpt,0.07142857142857141,6.0,0.0,NA,NA,30,0,0
Lang,19,10%,DPT,0.07142857142857141,6.0,0.0,NA,NA,30,0,0
Lang,19,10%,STARTS,0.07142857142857141,6.0,0.0,NA,NA,30,0,0
Lang,19,10%,STARTS+FAST-S,0.07142857142857141,6.0,0.0,NA,NA,30,0,0
Lang,19,10%,STARTS+FAST-P,0.07142857142857141,6.0,0.0,NA,NA,30,0,0
Lang,19,10%,STARTS+DPT,0.07142857142857141,6.0,0.0,NA,NA,30,0,0
Lang,19,10%,Fastazi-S,0.07142857142857141,6.0,0.0,NA,NA,30,0,0
Lang,19,10%,Fastazi-P,0.07142857142857141,6.0,0.0,NA,NA,30,0,0
Lang,19,10%,Random,0.07142857142857141,6.0,0.09424603174603176,NA,NA,27,0,3
Lang,19,20%,Ekstazi,0.15476190476190474,13.0,0.15456349206349207,NA,NA,25,0,5
Lang,19,20%,FAST,0.15476190476190474,13.0,0.0,NA,NA,30,0,0
Lang,19,20%,Ekstazi+dpt,0.15476190476190474,13.0,0.0,NA,NA,30,0,0
Lang,19,20%,DPT,0.15476190476190474,13.0,0.0,NA,NA,30,0,0
Lang,19,20%,STARTS,0.15476190476190474,13.0,0.08908730158730158,NA,NA,27,0,3
Lang,19,20%,STARTS+FAST-S,0.15476190476190474,13.0,0.0,NA,NA,30,0,0
Lang,19,20%,STARTS+FAST-P,0.15476190476190474,13.0,0.0,NA,NA,30,0,0
Lang,19,20%,STARTS+DPT,0.15476190476190474,13.0,0.0,NA,NA,30,0,0
Lang,19,20%,Fastazi-S,0.15476190476190474,13.0,0.0,NA,NA,30,0,0
Lang,19,20%,Fastazi-P,0.15476190476190474,13.0,0.0,NA,NA,30,0,0
Lang,19,20%,Random,0.15476190476190474,13.0,0.12261904761904763,NA,NA,26,0,4
Lang,19,25%,Ekstazi,0.2023809523809525,17.0,0.1821428571428571,NA,NA,24,0,6
Lang,19,25%,FAST,0.2023809523809525,17.0,0.0,NA,NA,30,0,0
Lang,19,25%,Ekstazi+dpt,0.2023809523809525,17.0,0.0,NA,NA,30,0,0
Lang,19,25%,DPT,0.2023809523809525,17.0,0.0,NA,NA,30,0,0
Lang,19,25%,STARTS,0.2023809523809525,17.0,0.08908730158730158,NA,NA,27,0,3
Lang,19,25%,STARTS+FAST-S,0.2023809523809525,17.0,0.0,NA,NA,30,0,0
Lang,19,25%,STARTS+FAST-P,0.2023809523809525,17.0,0.0,NA,NA,30,0,0
Lang,19,25%,STARTS+DPT,0.2023809523809525,17.0,0.0,NA,NA,30,0,0
Lang,19,25%,Fastazi-S,0.2023809523809525,17.0,0.0,NA,NA,30,0,0
Lang,19,25%,Fastazi-P,0.2023809523809525,17.0,0.0,NA,NA,30,0,0
Lang,19,25%,Random,0.2023809523809525,17.0,0.1501984126984127,NA,NA,25,0,5
Lang,19,30%,Ekstazi,0.2380952380952381,20.0,0.23452380952380952,NA,NA,22,0,8
Lang,19,30%,FAST,0.2380952380952381,20.0,0.0,NA,NA,30,0,0
Lang,19,30%,Ekstazi+dpt,0.2380952380952381,20.0,0.0,NA,NA,30,0,0
Lang,19,30%,DPT,0.2380952380952381,20.0,0.0,NA,NA,30,0,0
Lang,19,30%,STARTS,0.2380952380952381,20.0,0.08908730158730158,NA,NA,27,0,3
Lang,19,30%,STARTS+FAST-S,0.2380952380952381,20.0,0.0,NA,NA,30,0,0
Lang,19,30%,STARTS+FAST-P,0.2380952380952381,20.0,0.0,NA,NA,30,0,0
Lang,19,30%,STARTS+DPT,0.2380952380952381,20.0,0.0,NA,NA,30,0,0
Lang,19,30%,Fastazi-S,0.2380952380952381,20.0,0.0,NA,NA,30,0,0
Lang,19,30%,Fastazi-P,0.2380952380952381,20.0,0.0,NA,NA,30,0,0
Lang,19,30%,Random,0.2380952380952381,20.0,0.17619047619047618,NA,NA,24,0,6
Lang,19,40%,Ekstazi,0.32142857142857134,27.0,0.30654761904761896,NA,NA,19,0,11
Lang,19,40%,FAST,0.32142857142857134,27.0,0.0,NA,NA,30,0,0
Lang,19,40%,Ekstazi+dpt,0.32142857142857134,27.0,0.0,NA,NA,30,0,0
Lang,19,40%,DPT,0.32142857142857134,27.0,0.0,NA,NA,30,0,0
Lang,19,40%,STARTS,0.32142857142857134,27.0,0.1851190476190476,NA,NA,23,0,7
Lang,19,40%,STARTS+FAST-S,0.32142857142857134,27.0,0.0,NA,NA,30,0,0
Lang,19,40%,STARTS+FAST-P,0.32142857142857134,27.0,0.0,NA,NA,30,0,0
Lang,19,40%,STARTS+DPT,0.32142857142857134,27.0,0.0,NA,NA,30,0,0
Lang,19,40%,Fastazi-S,0.32142857142857134,27.0,0.0,NA,NA,30,0,0
Lang,19,40%,Fastazi-P,0.32142857142857134,27.0,0.0,NA,NA,30,0,0
Lang,19,40%,Random,0.32142857142857134,27.0,0.24861111111111106,NA,NA,21,0,9
Lang,19,50%,Ekstazi,0.404761904761905,34.0,0.350595238095238,NA,NA,17,0,13
Lang,19,50%,FAST,0.404761904761905,34.0,0.0,NA,NA,30,0,0
Lang,19,50%,Ekstazi+dpt,0.404761904761905,34.0,0.0,NA,NA,30,0,0
Lang,19,50%,DPT,0.404761904761905,34.0,0.0,NA,NA,30,0,0
Lang,19,50%,STARTS,0.404761904761905,34.0,0.2515873015873015,NA,NA,20,0,10
Lang,19,50%,STARTS+FAST-S,0.404761904761905,34.0,0.0,NA,NA,30,0,0
Lang,19,50%,STARTS+FAST-P,0.404761904761905,34.0,0.0,NA,NA,30,0,0
Lang,19,50%,STARTS+DPT,0.404761904761905,34.0,0.0,NA,NA,30,0,0
Lang,19,50%,Fastazi-S,0.404761904761905,34.0,0.6305555555555558,31.533333333333335,0.3753968253968255,0,1,30
Lang,19,50%,Fastazi-P,0.404761904761905,34.0,0.6079365079365077,33.43333333333333,0.3980158730158731,0,1,30
Lang,19,50%,Random,0.404761904761905,34.0,0.2702380952380952,NA,NA,20,0,10
Lang,19,60%,Ekstazi,0.4761904761904762,40.0,0.46448412698412694,NA,NA,11,0,19
Lang,19,60%,FAST,0.4761904761904762,40.0,0.0,NA,NA,30,0,0
Lang,19,60%,Ekstazi+dpt,0.4761904761904762,40.0,0.14563492063492062,NA,NA,22,0,8
Lang,19,60%,DPT,0.4761904761904762,40.0,0.0,NA,NA,30,0,0
Lang,19,60%,STARTS,0.4761904761904762,40.0,0.2900793650793651,NA,NA,18,0,12
Lang,19,60%,STARTS+FAST-S,0.4761904761904762,40.0,0.26488095238095244,NA,NA,15,0,15
Lang,19,60%,STARTS+FAST-P,0.4761904761904762,40.0,0.3001984126984128,NA,NA,13,0,17
Lang,19,60%,STARTS+DPT,0.4761904761904762,40.0,0.0,NA,NA,30,0,0
Lang,19,60%,Fastazi-S,0.4761904761904762,40.0,0.6305555555555558,31.533333333333335,0.3753968253968255,0,1,30
Lang,19,60%,Fastazi-P,0.4761904761904762,40.0,0.6079365079365077,33.43333333333333,0.3980158730158731,0,1,30
Lang,19,60%,Random,0.4761904761904762,40.0,0.3087301587301587,NA,NA,18,0,12
Lang,19,70%,Ekstazi,0.5595238095238098,47.0,0.4813492063492063,NA,NA,10,0,20
Lang,19,70%,FAST,0.5595238095238098,47.0,0.5123015873015873,41.46666666666667,0.4936507936507935,0,1,30
Lang,19,70%,Ekstazi+dpt,0.5595238095238098,47.0,0.5051587301587301,42.06666666666667,0.5007936507936509,0,1,30
Lang,19,70%,DPT,0.5595238095238098,47.0,0.1708333333333333,NA,NA,19,0,11
Lang,19,70%,STARTS,0.5595238095238098,47.0,0.33988095238095245,NA,NA,15,0,15
Lang,19,70%,STARTS+FAST-S,0.5595238095238098,47.0,0.5234126984126983,40.53333333333333,0.4825396825396823,0,1,30
Lang,19,70%,STARTS+FAST-P,0.5595238095238098,47.0,0.5246031746031746,40.43333333333333,0.48134920634920625,0,1,30
Lang,19,70%,STARTS+DPT,0.5595238095238098,47.0,0.3327380952380953,NA,NA,9,0,21
Lang,19,70%,Fastazi-S,0.5595238095238098,47.0,0.6305555555555558,31.533333333333335,0.3753968253968255,0,1,30
Lang,19,70%,Fastazi-P,0.5595238095238098,47.0,0.6079365079365077,33.43333333333333,0.3980158730158731,0,1,30
Lang,19,70%,Random,0.5595238095238098,47.0,0.3859126984126984,NA,NA,13,0,17
Lang,19,75%,Ekstazi,0.6071428571428573,51.0,0.521626984126984,NA,NA,7,0,23
Lang,19,75%,FAST,0.6071428571428573,51.0,0.5123015873015873,41.46666666666667,0.4936507936507935,0,1,30
Lang,19,75%,Ekstazi+dpt,0.6071428571428573,51.0,0.5051587301587301,42.06666666666667,0.5007936507936509,0,1,30
Lang,19,75%,DPT,0.6071428571428573,51.0,0.23849206349206342,NA,NA,14,0,16
Lang,19,75%,STARTS,0.6071428571428573,51.0,0.33988095238095245,NA,NA,15,0,15
Lang,19,75%,STARTS+FAST-S,0.6071428571428573,51.0,0.5234126984126983,40.53333333333333,0.4825396825396823,0,1,30
Lang,19,75%,STARTS+FAST-P,0.6071428571428573,51.0,0.5246031746031746,40.43333333333333,0.48134920634920625,0,1,30
Lang,19,75%,STARTS+DPT,0.6071428571428573,51.0,0.4321428571428571,NA,NA,2,0,28
Lang,19,75%,Fastazi-S,0.6071428571428573,51.0,0.6305555555555558,31.533333333333335,0.3753968253968255,0,1,30
Lang,19,75%,Fastazi-P,0.6071428571428573,51.0,0.6079365079365077,33.43333333333333,0.3980158730158731,0,1,30
Lang,19,75%,Random,0.6071428571428573,51.0,0.39999999999999997,NA,NA,12,0,18
Lang,19,80%,Ekstazi,0.6428571428571427,54.0,0.5337301587301587,NA,NA,6,0,24
Lang,19,80%,FAST,0.6428571428571427,54.0,0.5123015873015873,41.46666666666667,0.4936507936507935,0,1,30
Lang,19,80%,Ekstazi+dpt,0.6428571428571427,54.0,0.5051587301587301,42.06666666666667,0.5007936507936509,0,1,30
Lang,19,80%,DPT,0.6428571428571427,54.0,0.31269841269841264,NA,NA,8,0,22
Lang,19,80%,STARTS,0.6428571428571427,54.0,0.36527777777777787,NA,NA,13,0,17
Lang,19,80%,STARTS+FAST-S,0.6428571428571427,54.0,0.5234126984126983,40.53333333333333,0.4825396825396823,0,1,30
Lang,19,80%,STARTS+FAST-P,0.6428571428571427,54.0,0.5246031746031746,40.43333333333333,0.48134920634920625,0,1,30
Lang,19,80%,STARTS+DPT,0.6428571428571427,54.0,0.4575396825396825,46.06666666666667,0.5484126984126985,0,1,30
Lang,19,80%,Fastazi-S,0.6428571428571427,54.0,0.6305555555555558,31.533333333333335,0.3753968253968255,0,1,30
Lang,19,80%,Fastazi-P,0.6428571428571427,54.0,0.6079365079365077,33.43333333333333,0.3980158730158731,0,1,30
Lang,19,80%,Random,0.6428571428571427,54.0,0.4121031746031746,NA,NA,11,0,19
Lang,19,90%,Ekstazi,0.7261904761904758,61.0,0.5543650793650793,NA,NA,4,0,26
Lang,19,90%,FAST,0.7261904761904758,61.0,0.5123015873015873,41.46666666666667,0.4936507936507935,0,1,30
Lang,19,90%,Ekstazi+dpt,0.7261904761904758,61.0,0.5051587301587301,42.06666666666667,0.5007936507936509,0,1,30
Lang,19,90%,DPT,0.7261904761904758,61.0,0.4023809523809524,50.7,0.6035714285714285,0,1,30
Lang,19,90%,STARTS,0.7261904761904758,61.0,0.39801587301587305,NA,NA,10,0,20
Lang,19,90%,STARTS+FAST-S,0.7261904761904758,61.0,0.5234126984126983,40.53333333333333,0.4825396825396823,0,1,30
Lang,19,90%,STARTS+FAST-P,0.7261904761904758,61.0,0.5246031746031746,40.43333333333333,0.48134920634920625,0,1,30
Lang,19,90%,STARTS+DPT,0.7261904761904758,61.0,0.4575396825396825,46.06666666666667,0.5484126984126985,0,1,30
Lang,19,90%,Fastazi-S,0.7261904761904758,61.0,0.6305555555555558,31.533333333333335,0.3753968253968255,0,1,30
Lang,19,90%,Fastazi-P,0.7261904761904758,61.0,0.6079365079365077,33.43333333333333,0.3980158730158731,0,1,30
Lang,19,90%,Random,0.7261904761904758,61.0,0.42142857142857143,NA,NA,10,0,20
Lang,19,100%,Ekstazi,0.80952380952381,68.0,0.5845238095238094,35.4,0.42142857142857143,0,1,30
Lang,19,100%,FAST,0.80952380952381,68.0,0.5123015873015873,41.46666666666667,0.4936507936507935,0,1,30
Lang,19,100%,Ekstazi+dpt,0.80952380952381,68.0,0.5051587301587301,42.06666666666667,0.5007936507936509,0,1,30
Lang,19,100%,DPT,0.80952380952381,68.0,0.4023809523809524,50.7,0.6035714285714285,0,1,30
Lang,19,100%,STARTS,0.80952380952381,68.0,0.4297619047619047,NA,NA,6,0,24
Lang,19,100%,STARTS+FAST-S,0.80952380952381,68.0,0.5234126984126983,40.53333333333333,0.4825396825396823,0,1,30
Lang,19,100%,STARTS+FAST-P,0.80952380952381,68.0,0.5246031746031746,40.43333333333333,0.48134920634920625,0,1,30
Lang,19,100%,STARTS+DPT,0.80952380952381,68.0,0.4575396825396825,46.06666666666667,0.5484126984126985,0,1,30
Lang,19,100%,Fastazi-S,0.80952380952381,68.0,0.6305555555555558,31.533333333333335,0.3753968253968255,0,1,30
Lang,19,100%,Fastazi-P,0.80952380952381,68.0,0.6079365079365077,33.43333333333333,0.3980158730158731,0,1,30
Lang,19,100%,Random,0.80952380952381,68.0,0.46210317460317457,NA,NA,5,0,25
Lang,20,10%,Ekstazi,0.035294117647058816,3.0,0.03235294117647059,NA,NA,29,0,1
Lang,20,10%,FAST,0.035294117647058816,3.0,0.03313725490196078,NA,NA,29,0,1
Lang,20,10%,Ekstazi+dpt,0.035294117647058816,3.0,0.0,NA,NA,30,0,0
Lang,20,10%,DPT,0.035294117647058816,3.0,0.0,NA,NA,30,0,0
Lang,20,10%,STARTS,0.035294117647058816,3.0,0.03235294117647059,NA,NA,29,0,1
Lang,20,10%,STARTS+FAST-S,0.035294117647058816,3.0,0.0,NA,NA,30,0,0
Lang,20,10%,STARTS+FAST-P,0.035294117647058816,3.0,0.0,NA,NA,30,0,0
Lang,20,10%,STARTS+DPT,0.035294117647058816,3.0,0.0,NA,NA,30,0,0
Lang,20,10%,Fastazi-S,0.035294117647058816,3.0,0.03313725490196078,NA,NA,29,0,1
Lang,20,10%,Fastazi-P,0.035294117647058816,3.0,0.03313725490196078,NA,NA,29,0,1
Lang,20,10%,Random,0.035294117647058816,3.0,0.06509803921568627,NA,NA,28,0,2
Lang,20,20%,Ekstazi,0.08235294117647059,7.0,0.18941176470588236,NA,NA,24,0,6
Lang,20,20%,FAST,0.08235294117647059,7.0,0.03313725490196078,NA,NA,29,0,1
Lang,20,20%,Ekstazi+dpt,0.08235294117647059,7.0,0.0,NA,NA,30,0,0
Lang,20,20%,DPT,0.08235294117647059,7.0,0.0,NA,NA,30,0,0
Lang,20,20%,STARTS,0.08235294117647059,7.0,0.15823529411764706,NA,NA,25,0,5
Lang,20,20%,STARTS+FAST-S,0.08235294117647059,7.0,0.0,NA,NA,30,0,0
Lang,20,20%,STARTS+FAST-P,0.08235294117647059,7.0,0.0,NA,NA,30,0,0
Lang,20,20%,STARTS+DPT,0.08235294117647059,7.0,0.0,NA,NA,30,0,0
Lang,20,20%,Fastazi-S,0.08235294117647059,7.0,0.03313725490196078,NA,NA,29,0,1
Lang,20,20%,Fastazi-P,0.08235294117647059,7.0,0.03313725490196078,NA,NA,29,0,1
Lang,20,20%,Random,0.08235294117647059,7.0,0.09627450980392156,NA,NA,27,0,3
Lang,20,25%,Ekstazi,0.10588235294117651,9.0,0.18941176470588236,NA,NA,24,0,6
Lang,20,25%,FAST,0.10588235294117651,9.0,0.03313725490196078,NA,NA,29,0,1
Lang,20,25%,Ekstazi+dpt,0.10588235294117651,9.0,0.0,NA,NA,30,0,0
Lang,20,25%,DPT,0.10588235294117651,9.0,0.0,NA,NA,30,0,0
Lang,20,25%,STARTS,0.10588235294117651,9.0,0.15823529411764706,NA,NA,25,0,5
Lang,20,25%,STARTS+FAST-S,0.10588235294117651,9.0,0.0,NA,NA,30,0,0
Lang,20,25%,STARTS+FAST-P,0.10588235294117651,9.0,0.0,NA,NA,30,0,0
Lang,20,25%,STARTS+DPT,0.10588235294117651,9.0,0.0,NA,NA,30,0,0
Lang,20,25%,Fastazi-S,0.10588235294117651,9.0,0.03313725490196078,NA,NA,29,0,1
Lang,20,25%,Fastazi-P,0.10588235294117651,9.0,0.03313725490196078,NA,NA,29,0,1
Lang,20,25%,Random,0.10588235294117651,9.0,0.15666666666666668,NA,NA,25,0,5
Lang,20,30%,Ekstazi,0.12941176470588237,11.0,0.24862745098039216,NA,NA,22,0,8
Lang,20,30%,FAST,0.12941176470588237,11.0,0.03313725490196078,NA,NA,29,0,1
Lang,20,30%,Ekstazi+dpt,0.12941176470588237,11.0,0.0,NA,NA,30,0,0
Lang,20,30%,DPT,0.12941176470588237,11.0,0.0,NA,NA,30,0,0
Lang,20,30%,STARTS,0.12941176470588237,11.0,0.18784313725490195,NA,NA,24,0,6
Lang,20,30%,STARTS+FAST-S,0.12941176470588237,11.0,0.0,NA,NA,30,0,0
Lang,20,30%,STARTS+FAST-P,0.12941176470588237,11.0,0.0,NA,NA,30,0,0
Lang,20,30%,STARTS+DPT,0.12941176470588237,11.0,0.0,NA,NA,30,0,0
Lang,20,30%,Fastazi-S,0.12941176470588237,11.0,0.03313725490196078,NA,NA,29,0,1
Lang,20,30%,Fastazi-P,0.12941176470588237,11.0,0.03313725490196078,NA,NA,29,0,1
Lang,20,30%,Random,0.12941176470588237,11.0,0.18627450980392155,NA,NA,24,0,6
Lang,20,40%,Ekstazi,0.1764705882352941,15.0,0.4200000000000001,NA,NA,16,0,14
Lang,20,40%,FAST,0.1764705882352941,15.0,0.03313725490196078,NA,NA,29,0,1
Lang,20,40%,Ekstazi+dpt,0.1764705882352941,15.0,0.0,NA,NA,30,0,0
Lang,20,40%,DPT,0.1764705882352941,15.0,0.0,NA,NA,30,0,0
Lang,20,40%,STARTS,0.1764705882352941,15.0,0.18784313725490195,NA,NA,24,0,6
Lang,20,40%,STARTS+FAST-S,0.1764705882352941,15.0,0.7562745098039214,NA,NA,3,0,27
Lang,20,40%,STARTS+FAST-P,0.1764705882352941,15.0,0.815490196078431,NA,NA,1,0,29
Lang,20,40%,STARTS+DPT,0.1764705882352941,15.0,0.0,NA,NA,30,0,0
Lang,20,40%,Fastazi-S,0.1764705882352941,15.0,0.03313725490196078,NA,NA,29,0,1
Lang,20,40%,Fastazi-P,0.1764705882352941,15.0,0.03313725490196078,NA,NA,29,0,1
Lang,20,40%,Random,0.1764705882352941,15.0,0.18627450980392155,NA,NA,24,0,6
Lang,20,50%,Ekstazi,0.22352941176470595,19.0,0.4729411764705883,NA,NA,14,0,16
Lang,20,50%,FAST,0.22352941176470595,19.0,0.03313725490196078,NA,NA,29,0,1
Lang,20,50%,Ekstazi+dpt,0.22352941176470595,19.0,0.0,NA,NA,30,0,0
Lang,20,50%,DPT,0.22352941176470595,19.0,0.0,NA,NA,30,0,0
Lang,20,50%,STARTS,0.22352941176470595,19.0,0.3217647058823529,NA,NA,19,0,11
Lang,20,50%,STARTS+FAST-S,0.22352941176470595,19.0,0.7835294117647057,NA,NA,2,0,28
Lang,20,50%,STARTS+FAST-P,0.22352941176470595,19.0,0.8427450980392153,13.866666666666667,0.1631372549019608,0,1,30
Lang,20,50%,STARTS+DPT,0.22352941176470595,19.0,0.0,NA,NA,30,0,0
Lang,20,50%,Fastazi-S,0.22352941176470595,19.0,0.7813725490196077,NA,NA,1,0,29
Lang,20,50%,Fastazi-P,0.22352941176470595,19.0,0.7988235294117646,17.6,0.20705882352941182,0,1,30
Lang,20,50%,Random,0.22352941176470595,19.0,0.23921568627450981,NA,NA,22,0,8
Lang,20,60%,Ekstazi,0.27058823529411763,23.0,0.5737254901960785,NA,NA,10,0,20
Lang,20,60%,FAST,0.27058823529411763,23.0,0.03313725490196078,NA,NA,29,0,1
Lang,20,60%,Ekstazi+dpt,0.27058823529411763,23.0,0.0,NA,NA,30,0,0
Lang,20,60%,DPT,0.27058823529411763,23.0,0.0,NA,NA,30,0,0
Lang,20,60%,STARTS,0.27058823529411763,23.0,0.3723529411764706,NA,NA,17,0,13
Lang,20,60%,STARTS+FAST-S,0.27058823529411763,23.0,0.8080392156862743,NA,NA,1,0,29
Lang,20,60%,STARTS+FAST-P,0.27058823529411763,23.0,0.8427450980392153,13.866666666666667,0.1631372549019608,0,1,30
Lang,20,60%,STARTS+DPT,0.27058823529411763,23.0,0.0,NA,NA,30,0,0
Lang,20,60%,Fastazi-S,0.27058823529411763,23.0,0.7813725490196077,NA,NA,1,0,29
Lang,20,60%,Fastazi-P,0.27058823529411763,23.0,0.7988235294117646,17.6,0.20705882352941182,0,1,30
Lang,20,60%,Random,0.27058823529411763,23.0,0.2649019607843137,NA,NA,21,0,9
Lang,20,70%,Ekstazi,0.31764705882352934,27.0,0.6437254901960784,NA,NA,7,0,23
Lang,20,70%,FAST,0.31764705882352934,27.0,0.05607843137254902,NA,NA,28,0,2
Lang,20,70%,Ekstazi+dpt,0.31764705882352934,27.0,0.0,NA,NA,30,0,0
Lang,20,70%,DPT,0.31764705882352934,27.0,0.0,NA,NA,30,0,0
Lang,20,70%,STARTS,0.31764705882352934,27.0,0.41941176470588243,NA,NA,15,0,15
Lang,20,70%,STARTS+FAST-S,0.31764705882352934,27.0,0.8321568627450977,14.766666666666667,0.17372549019607847,0,1,30
Lang,20,70%,STARTS+FAST-P,0.31764705882352934,27.0,0.8427450980392153,13.866666666666667,0.1631372549019608,0,1,30
Lang,20,70%,STARTS+DPT,0.31764705882352934,27.0,0.0,NA,NA,30,0,0
Lang,20,70%,Fastazi-S,0.31764705882352934,27.0,0.7813725490196077,NA,NA,1,0,29
Lang,20,70%,Fastazi-P,0.31764705882352934,27.0,0.7988235294117646,17.6,0.20705882352941182,0,1,30
Lang,20,70%,Random,0.31764705882352934,27.0,0.2649019607843137,NA,NA,21,0,9
Lang,20,75%,Ekstazi,0.3411764705882353,29.0,0.6884313725490194,NA,NA,5,0,25
Lang,20,75%,FAST,0.3411764705882353,29.0,0.6815686274509801,27.566666666666666,0.3243137254901961,0,1,30
Lang,20,75%,Ekstazi+dpt,0.3411764705882353,29.0,0.0,NA,NA,30,0,0
Lang,20,75%,DPT,0.3411764705882353,29.0,0.0,NA,NA,30,0,0
Lang,20,75%,STARTS,0.3411764705882353,29.0,0.41941176470588243,NA,NA,15,0,15
Lang,20,75%,STARTS+FAST-S,0.3411764705882353,29.0,0.8321568627450977,14.766666666666667,0.17372549019607847,0,1,30
Lang,20,75%,STARTS+FAST-P,0.3411764705882353,29.0,0.8427450980392153,13.866666666666667,0.1631372549019608,0,1,30
Lang,20,75%,STARTS+DPT,0.3411764705882353,29.0,0.0,NA,NA,30,0,0
Lang,20,75%,Fastazi-S,0.3411764705882353,29.0,0.7813725490196077,NA,NA,1,0,29
Lang,20,75%,Fastazi-P,0.3411764705882353,29.0,0.7988235294117646,17.6,0.20705882352941182,0,1,30
Lang,20,75%,Random,0.3411764705882353,29.0,0.2649019607843137,NA,NA,21,0,9
Lang,20,80%,Ekstazi,0.36470588235294116,31.0,0.7533333333333331,NA,NA,2,0,28
Lang,20,80%,FAST,0.36470588235294116,31.0,0.6815686274509801,27.566666666666666,0.3243137254901961,0,1,30
Lang,20,80%,Ekstazi+dpt,0.36470588235294116,31.0,0.0,NA,NA,30,0,0
Lang,20,80%,DPT,0.36470588235294116,31.0,0.0,NA,NA,30,0,0
Lang,20,80%,STARTS,0.36470588235294116,31.0,0.44117647058823534,NA,NA,14,0,16
Lang,20,80%,STARTS+FAST-S,0.36470588235294116,31.0,0.8321568627450977,14.766666666666667,0.17372549019607847,0,1,30
Lang,20,80%,STARTS+FAST-P,0.36470588235294116,31.0,0.8427450980392153,13.866666666666667,0.1631372549019608,0,1,30
Lang,20,80%,STARTS+DPT,0.36470588235294116,31.0,0.0,NA,NA,30,0,0
Lang,20,80%,Fastazi-S,0.36470588235294116,31.0,0.7813725490196077,NA,NA,1,0,29
Lang,20,80%,Fastazi-P,0.36470588235294116,31.0,0.7988235294117646,17.6,0.20705882352941182,0,1,30
Lang,20,80%,Random,0.36470588235294116,31.0,0.2649019607843137,NA,NA,21,0,9
Lang,20,90%,Ekstazi,0.41176470588235314,35.0,0.7533333333333331,NA,NA,2,0,28
Lang,20,90%,FAST,0.41176470588235314,35.0,0.6815686274509801,27.566666666666666,0.3243137254901961,0,1,30
Lang,20,90%,Ekstazi+dpt,0.41176470588235314,35.0,0.0,NA,NA,30,0,0
Lang,20,90%,DPT,0.41176470588235314,35.0,0.0,NA,NA,30,0,0
Lang,20,90%,STARTS,0.41176470588235314,35.0,0.5029411764705883,NA,NA,11,0,19
Lang,20,90%,STARTS+FAST-S,0.41176470588235314,35.0,0.8321568627450977,14.766666666666667,0.17372549019607847,0,1,30
Lang,20,90%,STARTS+FAST-P,0.41176470588235314,35.0,0.8427450980392153,13.866666666666667,0.1631372549019608,0,1,30
Lang,20,90%,STARTS+DPT,0.41176470588235314,35.0,0.0,NA,NA,30,0,0
Lang,20,90%,Fastazi-S,0.41176470588235314,35.0,0.8019607843137254,17.333333333333332,0.2039215686274511,0,1,30
Lang,20,90%,Fastazi-P,0.41176470588235314,35.0,0.7988235294117646,17.6,0.20705882352941182,0,1,30
Lang,20,90%,Random,0.41176470588235314,35.0,0.2649019607843137,NA,NA,21,0,9
Lang,20,100%,Ekstazi,0.4588235294117648,39.0,0.7901960784313722,18.333333333333332,0.21568627450980396,0,1,30
Lang,20,100%,FAST,0.4588235294117648,39.0,0.6815686274509801,27.566666666666666,0.3243137254901961,0,1,30
Lang,20,100%,Ekstazi+dpt,0.4588235294117648,39.0,0.5580392156862745,38.06666666666667,0.4478431372549021,0,1,30
Lang,20,100%,DPT,0.4588235294117648,39.0,0.0,NA,NA,30,0,0
Lang,20,100%,STARTS,0.4588235294117648,39.0,0.5215686274509804,NA,NA,10,0,20
Lang,20,100%,STARTS+FAST-S,0.4588235294117648,39.0,0.8321568627450977,14.766666666666667,0.17372549019607847,0,1,30
Lang,20,100%,STARTS+FAST-P,0.4588235294117648,39.0,0.8427450980392153,13.866666666666667,0.1631372549019608,0,1,30
Lang,20,100%,STARTS+DPT,0.4588235294117648,39.0,0.0,NA,NA,30,0,0
Lang,20,100%,Fastazi-S,0.4588235294117648,39.0,0.8019607843137254,17.333333333333332,0.2039215686274511,0,1,30
Lang,20,100%,Fastazi-P,0.4588235294117648,39.0,0.7988235294117646,17.6,0.20705882352941182,0,1,30
Lang,20,100%,Random,0.4588235294117648,39.0,0.30137254901960786,NA,NA,19,0,11
Lang,21,10%,Ekstazi,0.05882352941176471,5.0,0.13098039215686275,NA,NA,26,0,4
Lang,21,10%,FAST,0.05882352941176471,5.0,0.0,NA,NA,30,0,0
Lang,21,10%,Ekstazi+dpt,0.05882352941176471,5.0,0.9823529411764699,2.0,0.0235294117647059,0,1,30
Lang,21,10%,DPT,0.05882352941176471,5.0,0.9823529411764699,2.0,0.0235294117647059,0,1,30
Lang,21,10%,STARTS,0.05882352941176471,5.0,0.06588235294117648,NA,NA,28,0,2
Lang,21,10%,STARTS+FAST-S,0.05882352941176471,5.0,0.0,NA,NA,30,0,0
Lang,21,10%,STARTS+FAST-P,0.05882352941176471,5.0,0.03313725490196078,NA,NA,29,0,1
Lang,21,10%,STARTS+DPT,0.05882352941176471,5.0,0.9823529411764699,2.0,0.0235294117647059,0,1,30
Lang,21,10%,Fastazi-S,0.05882352941176471,5.0,0.0,NA,NA,30,0,0
Lang,21,10%,Fastazi-P,0.05882352941176471,5.0,0.0,NA,NA,30,0,0
Lang,21,10%,Random,0.05882352941176471,5.0,0.0,NA,NA,30,0,0
Lang,21,20%,Ekstazi,0.11764705882352942,10.0,0.3433333333333334,NA,NA,19,0,11
Lang,21,20%,FAST,0.11764705882352942,10.0,0.0,NA,NA,30,0,0
Lang,21,20%,Ekstazi+dpt,0.11764705882352942,10.0,0.9823529411764699,2.0,0.0235294117647059,0,1,30
Lang,21,20%,DPT,0.11764705882352942,10.0,0.9823529411764699,2.0,0.0235294117647059,0,1,30
Lang,21,20%,STARTS,0.11764705882352942,10.0,0.12745098039215685,NA,NA,26,0,4
Lang,21,20%,STARTS+FAST-S,0.11764705882352942,10.0,0.0,NA,NA,30,0,0
Lang,21,20%,STARTS+FAST-P,0.11764705882352942,10.0,0.03313725490196078,NA,NA,29,0,1
Lang,21,20%,STARTS+DPT,0.11764705882352942,10.0,0.9823529411764699,2.0,0.0235294117647059,0,1,30
Lang,21,20%,Fastazi-S,0.11764705882352942,10.0,0.0,NA,NA,30,0,0
Lang,21,20%,Fastazi-P,0.11764705882352942,10.0,0.0,NA,NA,30,0,0
Lang,21,20%,Random,0.11764705882352942,10.0,0.030784313725490193,NA,NA,29,0,1
Lang,21,25%,Ekstazi,0.14117647058823526,12.0,0.45980392156862754,NA,NA,15,0,15
Lang,21,25%,FAST,0.14117647058823526,12.0,0.0,NA,NA,30,0,0
Lang,21,25%,Ekstazi+dpt,0.14117647058823526,12.0,0.9823529411764699,2.0,0.0235294117647059,0,1,30
Lang,21,25%,DPT,0.14117647058823526,12.0,0.9823529411764699,2.0,0.0235294117647059,0,1,30
Lang,21,25%,STARTS,0.14117647058823526,12.0,0.15666666666666665,NA,NA,25,0,5
Lang,21,25%,STARTS+FAST-S,0.14117647058823526,12.0,0.0,NA,NA,30,0,0
Lang,21,25%,STARTS+FAST-P,0.14117647058823526,12.0,0.03313725490196078,NA,NA,29,0,1
Lang,21,25%,STARTS+DPT,0.14117647058823526,12.0,0.9823529411764699,2.0,0.0235294117647059,0,1,30
Lang,21,25%,Fastazi-S,0.14117647058823526,12.0,0.0,NA,NA,30,0,0
Lang,21,25%,Fastazi-P,0.14117647058823526,12.0,0.0,NA,NA,30,0,0
Lang,21,25%,Random,0.14117647058823526,12.0,0.030784313725490193,NA,NA,29,0,1
Lang,21,30%,Ekstazi,0.1764705882352941,15.0,0.48745098039215695,NA,NA,14,0,16
Lang,21,30%,FAST,0.1764705882352941,15.0,0.0,NA,NA,30,0,0
Lang,21,30%,Ekstazi+dpt,0.1764705882352941,15.0,0.9823529411764699,2.0,0.0235294117647059,0,1,30
Lang,21,30%,DPT,0.1764705882352941,15.0,0.9823529411764699,2.0,0.0235294117647059,0,1,30
Lang,21,30%,STARTS,0.1764705882352941,15.0,0.15666666666666665,NA,NA,25,0,5
Lang,21,30%,STARTS+FAST-S,0.1764705882352941,15.0,0.0,NA,NA,30,0,0
Lang,21,30%,STARTS+FAST-P,0.1764705882352941,15.0,0.03313725490196078,NA,NA,29,0,1
Lang,21,30%,STARTS+DPT,0.1764705882352941,15.0,0.9823529411764699,2.0,0.0235294117647059,0,1,30
Lang,21,30%,Fastazi-S,0.1764705882352941,15.0,0.0,NA,NA,30,0,0
Lang,21,30%,Fastazi-P,0.1764705882352941,15.0,0.0,NA,NA,30,0,0
Lang,21,30%,Random,0.1764705882352941,15.0,0.030784313725490193,NA,NA,29,0,1
Lang,21,40%,Ekstazi,0.23529411764705885,20.0,0.5388235294117647,NA,NA,12,0,18
Lang,21,40%,FAST,0.23529411764705885,20.0,0.0,NA,NA,30,0,0
Lang,21,40%,Ekstazi+dpt,0.23529411764705885,20.0,0.9823529411764699,2.0,0.0235294117647059,0,1,30
Lang,21,40%,DPT,0.23529411764705885,20.0,0.9823529411764699,2.0,0.0235294117647059,0,1,30
Lang,21,40%,STARTS,0.23529411764705885,20.0,0.23568627450980392,NA,NA,22,0,8
Lang,21,40%,STARTS+FAST-S,0.23529411764705885,20.0,0.0,NA,NA,30,0,0
Lang,21,40%,STARTS+FAST-P,0.23529411764705885,20.0,0.03313725490196078,NA,NA,29,0,1
Lang,21,40%,STARTS+DPT,0.23529411764705885,20.0,0.9823529411764699,2.0,0.0235294117647059,0,1,30
Lang,21,40%,Fastazi-S,0.23529411764705885,20.0,0.0,NA,NA,30,0,0
Lang,21,40%,Fastazi-P,0.23529411764705885,20.0,0.0,NA,NA,30,0,0
Lang,21,40%,Random,0.23529411764705885,20.0,0.05764705882352941,NA,NA,28,0,2
Lang,21,50%,Ekstazi,0.2941176470588235,25.0,0.5633333333333332,NA,NA,11,0,19
Lang,21,50%,FAST,0.2941176470588235,25.0,0.0,NA,NA,30,0,0
Lang,21,50%,Ekstazi+dpt,0.2941176470588235,25.0,0.9823529411764699,2.0,0.0235294117647059,0,1,30
Lang,21,50%,DPT,0.2941176470588235,25.0,0.9823529411764699,2.0,0.0235294117647059,0,1,30
Lang,21,50%,STARTS,0.2941176470588235,25.0,0.23568627450980392,NA,NA,22,0,8
Lang,21,50%,STARTS+FAST-S,0.2941176470588235,25.0,0.0,NA,NA,30,0,0
Lang,21,50%,STARTS+FAST-P,0.2941176470588235,25.0,0.03313725490196078,NA,NA,29,0,1
Lang,21,50%,STARTS+DPT,0.2941176470588235,25.0,0.9823529411764699,2.0,0.0235294117647059,0,1,30
Lang,21,50%,Fastazi-S,0.2941176470588235,25.0,0.0,NA,NA,30,0,0
Lang,21,50%,Fastazi-P,0.2941176470588235,25.0,0.0,NA,NA,30,0,0
Lang,21,50%,Random,0.2941176470588235,25.0,0.08176470588235295,NA,NA,27,0,3
Lang,21,60%,Ekstazi,0.3529411764705882,30.0,0.5862745098039215,NA,NA,10,0,20
Lang,21,60%,FAST,0.3529411764705882,30.0,0.0,NA,NA,30,0,0
Lang,21,60%,Ekstazi+dpt,0.3529411764705882,30.0,0.9823529411764699,2.0,0.0235294117647059,0,1,30
Lang,21,60%,DPT,0.3529411764705882,30.0,0.9823529411764699,2.0,0.0235294117647059,0,1,30
Lang,21,60%,STARTS,0.3529411764705882,30.0,0.30254901960784314,NA,NA,19,0,11
Lang,21,60%,STARTS+FAST-S,0.3529411764705882,30.0,0.0,NA,NA,30,0,0
Lang,21,60%,STARTS+FAST-P,0.3529411764705882,30.0,0.03313725490196078,NA,NA,29,0,1
Lang,21,60%,STARTS+DPT,0.3529411764705882,30.0,0.9823529411764699,2.0,0.0235294117647059,0,1,30
Lang,21,60%,Fastazi-S,0.3529411764705882,30.0,0.0,NA,NA,30,0,0
Lang,21,60%,Fastazi-P,0.3529411764705882,30.0,0.0,NA,NA,30,0,0
Lang,21,60%,Random,0.3529411764705882,30.0,0.1264705882352941,NA,NA,25,0,5
Lang,21,70%,Ekstazi,0.41176470588235314,35.0,0.6076470588235293,NA,NA,9,0,21
Lang,21,70%,FAST,0.41176470588235314,35.0,0.0,NA,NA,30,0,0
Lang,21,70%,Ekstazi+dpt,0.41176470588235314,35.0,0.9823529411764699,2.0,0.0235294117647059,0,1,30
Lang,21,70%,DPT,0.41176470588235314,35.0,0.9823529411764699,2.0,0.0235294117647059,0,1,30
Lang,21,70%,STARTS,0.41176470588235314,35.0,0.3872549019607843,NA,NA,15,0,15
Lang,21,70%,STARTS+FAST-S,0.41176470588235314,35.0,0.0,NA,NA,30,0,0
Lang,21,70%,STARTS+FAST-P,0.41176470588235314,35.0,0.03313725490196078,NA,NA,29,0,1
Lang,21,70%,STARTS+DPT,0.41176470588235314,35.0,0.9823529411764699,2.0,0.0235294117647059,0,1,30
Lang,21,70%,Fastazi-S,0.41176470588235314,35.0,0.0,NA,NA,30,0,0
Lang,21,70%,Fastazi-P,0.41176470588235314,35.0,0.0,NA,NA,30,0,0
Lang,21,70%,Random,0.41176470588235314,35.0,0.14666666666666667,NA,NA,24,0,6
Lang,21,75%,Ekstazi,0.4470588235294119,38.0,0.6643137254901958,NA,NA,6,0,24
Lang,21,75%,FAST,0.4470588235294119,38.0,0.0,NA,NA,30,0,0
Lang,21,75%,Ekstazi+dpt,0.4470588235294119,38.0,0.9823529411764699,2.0,0.0235294117647059,0,1,30
Lang,21,75%,DPT,0.4470588235294119,38.0,0.9823529411764699,2.0,0.0235294117647059,0,1,30
Lang,21,75%,STARTS,0.4470588235294119,38.0,0.44509803921568625,NA,NA,12,0,18
Lang,21,75%,STARTS+FAST-S,0.4470588235294119,38.0,0.0,NA,NA,30,0,0
Lang,21,75%,STARTS+FAST-P,0.4470588235294119,38.0,0.03313725490196078,NA,NA,29,0,1
Lang,21,75%,STARTS+DPT,0.4470588235294119,38.0,0.9823529411764699,2.0,0.0235294117647059,0,1,30
Lang,21,75%,Fastazi-S,0.4470588235294119,38.0,0.0,NA,NA,30,0,0
Lang,21,75%,Fastazi-P,0.4470588235294119,38.0,0.0,NA,NA,30,0,0
Lang,21,75%,Random,0.4470588235294119,38.0,0.16529411764705884,NA,NA,23,0,7
Lang,21,80%,Ekstazi,0.4705882352941177,40.0,0.6821568627450979,NA,NA,5,0,25
Lang,21,80%,FAST,0.4705882352941177,40.0,0.0,NA,NA,30,0,0
Lang,21,80%,Ekstazi+dpt,0.4705882352941177,40.0,0.9823529411764699,2.0,0.0235294117647059,0,1,30
Lang,21,80%,DPT,0.4705882352941177,40.0,0.9823529411764699,2.0,0.0235294117647059,0,1,30
Lang,21,80%,STARTS,0.4705882352941177,40.0,0.4994117647058823,NA,NA,9,0,21
Lang,21,80%,STARTS+FAST-S,0.4705882352941177,40.0,0.0,NA,NA,30,0,0
Lang,21,80%,STARTS+FAST-P,0.4705882352941177,40.0,0.03313725490196078,NA,NA,29,0,1
Lang,21,80%,STARTS+DPT,0.4705882352941177,40.0,0.9823529411764699,2.0,0.0235294117647059,0,1,30
Lang,21,80%,Fastazi-S,0.4705882352941177,40.0,0.0,NA,NA,30,0,0
Lang,21,80%,Fastazi-P,0.4705882352941177,40.0,0.0,NA,NA,30,0,0
Lang,21,80%,Random,0.4705882352941177,40.0,0.2196078431372549,NA,NA,20,0,10
Lang,21,90%,Ekstazi,0.5294117647058824,45.0,0.7166666666666666,NA,NA,3,0,27
Lang,21,90%,FAST,0.5294117647058824,45.0,0.0,NA,NA,30,0,0
Lang,21,90%,Ekstazi+dpt,0.5294117647058824,45.0,0.9823529411764699,2.0,0.0235294117647059,0,1,30
Lang,21,90%,DPT,0.5294117647058824,45.0,0.9823529411764699,2.0,0.0235294117647059,0,1,30
Lang,21,90%,STARTS,0.5294117647058824,45.0,0.5156862745098039,NA,NA,8,0,22
Lang,21,90%,STARTS+FAST-S,0.5294117647058824,45.0,0.0,NA,NA,30,0,0
Lang,21,90%,STARTS+FAST-P,0.5294117647058824,45.0,0.03313725490196078,NA,NA,29,0,1
Lang,21,90%,STARTS+DPT,0.5294117647058824,45.0,0.9823529411764699,2.0,0.0235294117647059,0,1,30
Lang,21,90%,Fastazi-S,0.5294117647058824,45.0,0.4988235294117647,43.1,0.5070588235294118,0,1,30
Lang,21,90%,Fastazi-P,0.5294117647058824,45.0,0.4988235294117647,43.1,0.5070588235294118,0,1,30
Lang,21,90%,Random,0.5294117647058824,45.0,0.2513725490196078,NA,NA,18,0,12
Lang,21,100%,Ekstazi,0.6,51.0,0.7603921568627449,20.866666666666667,0.24549019607843137,0,1,30
Lang,21,100%,FAST,0.6,51.0,0.0,NA,NA,30,0,0
Lang,21,100%,Ekstazi+dpt,0.6,51.0,0.9823529411764699,2.0,0.0235294117647059,0,1,30
Lang,21,100%,DPT,0.6,51.0,0.9823529411764699,2.0,0.0235294117647059,0,1,30
Lang,21,100%,STARTS,0.6,51.0,0.5299999999999999,NA,NA,7,0,23
Lang,21,100%,STARTS+FAST-S,0.6,51.0,0.0,NA,NA,30,0,0
Lang,21,100%,STARTS+FAST-P,0.6,51.0,0.03313725490196078,NA,NA,29,0,1
Lang,21,100%,STARTS+DPT,0.6,51.0,0.9823529411764699,2.0,0.0235294117647059,0,1,30
Lang,21,100%,Fastazi-S,0.6,51.0,0.4988235294117647,43.1,0.5070588235294118,0,1,30
Lang,21,100%,Fastazi-P,0.6,51.0,0.4988235294117647,43.1,0.5070588235294118,0,1,30
Lang,21,100%,Random,0.6,51.0,0.29588235294117643,NA,NA,15,0,15
Lang,22,10%,Ekstazi,0.01176470588235295,1.0,0.13254901960784313,NA,NA,26,0,4
Lang,22,10%,FAST,0.01176470588235295,1.0,0.03313725490196078,NA,NA,29,0,1
Lang,22,10%,Ekstazi+dpt,0.01176470588235295,1.0,0.0,NA,NA,30,0,0
Lang,22,10%,DPT,0.01176470588235295,1.0,0.0,NA,NA,30,0,0
Lang,22,10%,STARTS,0.01176470588235295,1.0,0.03313725490196078,NA,NA,29,0,1
Lang,22,10%,STARTS+FAST-S,0.01176470588235295,1.0,0.0,NA,NA,30,0,0
Lang,22,10%,STARTS+FAST-P,0.01176470588235295,1.0,0.03313725490196078,NA,NA,29,0,1
Lang,22,10%,STARTS+DPT,0.01176470588235295,1.0,0.0,NA,NA,30,0,0
Lang,22,10%,Fastazi-S,0.01176470588235295,1.0,0.06627450980392156,NA,NA,28,0,2
Lang,22,10%,Fastazi-P,0.01176470588235295,1.0,0.03313725490196078,NA,NA,29,0,1
Lang,22,10%,Random,0.01176470588235295,1.0,0.0,NA,NA,30,0,0
Lang,22,20%,Ekstazi,0.035294117647058816,3.0,0.2623529411764706,NA,NA,22,0,8
Lang,22,20%,FAST,0.035294117647058816,3.0,0.03313725490196078,NA,NA,29,0,1
Lang,22,20%,Ekstazi+dpt,0.035294117647058816,3.0,0.9823529411764699,2.0,0.0235294117647059,0,1,30
Lang,22,20%,DPT,0.035294117647058816,3.0,0.0,NA,NA,30,0,0
Lang,22,20%,STARTS,0.035294117647058816,3.0,0.06549019607843137,NA,NA,28,0,2
Lang,22,20%,STARTS+FAST-S,0.035294117647058816,3.0,0.0,NA,NA,30,0,0
Lang,22,20%,STARTS+FAST-P,0.035294117647058816,3.0,0.03313725490196078,NA,NA,29,0,1
Lang,22,20%,STARTS+DPT,0.035294117647058816,3.0,0.38823529411764707,NA,NA,18,0,12
Lang,22,20%,Fastazi-S,0.035294117647058816,3.0,0.06627450980392156,NA,NA,28,0,2
Lang,22,20%,Fastazi-P,0.035294117647058816,3.0,0.03313725490196078,NA,NA,29,0,1
Lang,22,20%,Random,0.035294117647058816,3.0,0.06549019607843137,NA,NA,28,0,2
Lang,22,25%,Ekstazi,0.0470588235294118,4.0,0.3262745098039216,NA,NA,20,0,10
Lang,22,25%,FAST,0.0470588235294118,4.0,0.03313725490196078,NA,NA,29,0,1
Lang,22,25%,Ekstazi+dpt,0.0470588235294118,4.0,0.9823529411764699,2.0,0.0235294117647059,0,1,30
Lang,22,25%,DPT,0.0470588235294118,4.0,0.22372549019607843,NA,NA,23,0,7
Lang,22,25%,STARTS,0.0470588235294118,4.0,0.06549019607843137,NA,NA,28,0,2
Lang,22,25%,STARTS+FAST-S,0.0470588235294118,4.0,0.0,NA,NA,30,0,0
Lang,22,25%,STARTS+FAST-P,0.0470588235294118,4.0,0.03313725490196078,NA,NA,29,0,1
Lang,22,25%,STARTS+DPT,0.0470588235294118,4.0,0.7078431372549017,NA,NA,8,0,22
Lang,22,25%,Fastazi-S,0.0470588235294118,4.0,0.06627450980392156,NA,NA,28,0,2
Lang,22,25%,Fastazi-P,0.0470588235294118,4.0,0.03313725490196078,NA,NA,29,0,1
Lang,22,25%,Random,0.0470588235294118,4.0,0.06549019607843137,NA,NA,28,0,2
Lang,22,30%,Ekstazi,0.05882352941176471,5.0,0.35784313725490197,NA,NA,19,0,11
Lang,22,30%,FAST,0.05882352941176471,5.0,0.03313725490196078,NA,NA,29,0,1
Lang,22,30%,Ekstazi+dpt,0.05882352941176471,5.0,0.9823529411764699,2.0,0.0235294117647059,0,1,30
Lang,22,30%,DPT,0.05882352941176471,5.0,0.507843137254902,NA,NA,14,0,16
Lang,22,30%,STARTS,0.05882352941176471,5.0,0.06549019607843137,NA,NA,28,0,2
Lang,22,30%,STARTS+FAST-S,0.05882352941176471,5.0,0.0,NA,NA,30,0,0
Lang,22,30%,STARTS+FAST-P,0.05882352941176471,5.0,0.03313725490196078,NA,NA,29,0,1
Lang,22,30%,STARTS+DPT,0.05882352941176471,5.0,0.9603921568627444,3.8666666666666667,0.04549019607843139,0,1,30
Lang,22,30%,Fastazi-S,0.05882352941176471,5.0,0.06627450980392156,NA,NA,28,0,2
Lang,22,30%,Fastazi-P,0.05882352941176471,5.0,0.03313725490196078,NA,NA,29,0,1
Lang,22,30%,Random,0.05882352941176471,5.0,0.06549019607843137,NA,NA,28,0,2
Lang,22,40%,Ekstazi,0.07058823529411763,6.0,0.3890196078431372,NA,NA,18,0,12
Lang,22,40%,FAST,0.07058823529411763,6.0,0.03313725490196078,NA,NA,29,0,1
Lang,22,40%,Ekstazi+dpt,0.07058823529411763,6.0,0.9823529411764699,2.0,0.0235294117647059,0,1,30
Lang,22,40%,DPT,0.07058823529411763,6.0,0.9443137254901954,5.233333333333333,0.061568627450980386,0,1,30
Lang,22,40%,STARTS,0.07058823529411763,6.0,0.06549019607843137,NA,NA,28,0,2
Lang,22,40%,STARTS+FAST-S,0.07058823529411763,6.0,0.0,NA,NA,30,0,0
Lang,22,40%,STARTS+FAST-P,0.07058823529411763,6.0,0.03313725490196078,NA,NA,29,0,1
Lang,22,40%,STARTS+DPT,0.07058823529411763,6.0,0.9603921568627444,3.8666666666666667,0.04549019607843139,0,1,30
Lang,22,40%,Fastazi-S,0.07058823529411763,6.0,0.06627450980392156,NA,NA,28,0,2
Lang,22,40%,Fastazi-P,0.07058823529411763,6.0,0.03313725490196078,NA,NA,29,0,1
Lang,22,40%,Random,0.07058823529411763,6.0,0.06549019607843137,NA,NA,28,0,2
Lang,22,50%,Ekstazi,0.0941176470588236,8.0,0.4809803921568628,NA,NA,15,0,15
Lang,22,50%,FAST,0.0941176470588236,8.0,0.03313725490196078,NA,NA,29,0,1
Lang,22,50%,Ekstazi+dpt,0.0941176470588236,8.0,0.9823529411764699,2.0,0.0235294117647059,0,1,30
Lang,22,50%,DPT,0.0941176470588236,8.0,0.9443137254901954,5.233333333333333,0.061568627450980386,0,1,30
Lang,22,50%,STARTS,0.0941176470588236,8.0,0.09588235294117647,NA,NA,27,0,3
Lang,22,50%,STARTS+FAST-S,0.0941176470588236,8.0,0.0,NA,NA,30,0,0
Lang,22,50%,STARTS+FAST-P,0.0941176470588236,8.0,0.03313725490196078,NA,NA,29,0,1
Lang,22,50%,STARTS+DPT,0.0941176470588236,8.0,0.9603921568627444,3.8666666666666667,0.04549019607843139,0,1,30
Lang,22,50%,Fastazi-S,0.0941176470588236,8.0,0.06627450980392156,NA,NA,28,0,2
Lang,22,50%,Fastazi-P,0.0941176470588236,8.0,0.03313725490196078,NA,NA,29,0,1
Lang,22,50%,Random,0.0941176470588236,8.0,0.09588235294117647,NA,NA,27,0,3
Lang,22,60%,Ekstazi,0.11764705882352942,10.0,0.6001960784313726,NA,NA,11,0,19
Lang,22,60%,FAST,0.11764705882352942,10.0,0.03313725490196078,NA,NA,29,0,1
Lang,22,60%,Ekstazi+dpt,0.11764705882352942,10.0,0.9823529411764699,2.0,0.0235294117647059,0,1,30
Lang,22,60%,DPT,0.11764705882352942,10.0,0.9443137254901954,5.233333333333333,0.061568627450980386,0,1,30
Lang,22,60%,STARTS,0.11764705882352942,10.0,0.12588235294117647,NA,NA,26,0,4
Lang,22,60%,STARTS+FAST-S,0.11764705882352942,10.0,0.0,NA,NA,30,0,0
Lang,22,60%,STARTS+FAST-P,0.11764705882352942,10.0,0.03313725490196078,NA,NA,29,0,1
Lang,22,60%,STARTS+DPT,0.11764705882352942,10.0,0.9603921568627444,3.8666666666666667,0.04549019607843139,0,1,30
Lang,22,60%,Fastazi-S,0.11764705882352942,10.0,0.9043137254901957,8.633333333333333,0.10156862745098041,0,1,30
Lang,22,60%,Fastazi-P,0.11764705882352942,10.0,0.832549019607843,NA,NA,2,0,28
Lang,22,60%,Random,0.11764705882352942,10.0,0.09588235294117647,NA,NA,27,0,3
Lang,22,70%,Ekstazi,0.12941176470588237,11.0,0.6294117647058823,NA,NA,10,0,20
Lang,22,70%,FAST,0.12941176470588237,11.0,0.03313725490196078,NA,NA,29,0,1
Lang,22,70%,Ekstazi+dpt,0.12941176470588237,11.0,0.9823529411764699,2.0,0.0235294117647059,0,1,30
Lang,22,70%,DPT,0.12941176470588237,11.0,0.9443137254901954,5.233333333333333,0.061568627450980386,0,1,30
Lang,22,70%,STARTS,0.12941176470588237,11.0,0.15509803921568627,NA,NA,25,0,5
Lang,22,70%,STARTS+FAST-S,0.12941176470588237,11.0,0.0,NA,NA,30,0,0
Lang,22,70%,STARTS+FAST-P,0.12941176470588237,11.0,0.03313725490196078,NA,NA,29,0,1
Lang,22,70%,STARTS+DPT,0.12941176470588237,11.0,0.9603921568627444,3.8666666666666667,0.04549019607843139,0,1,30
Lang,22,70%,Fastazi-S,0.12941176470588237,11.0,0.9043137254901957,8.633333333333333,0.10156862745098041,0,1,30
Lang,22,70%,Fastazi-P,0.12941176470588237,11.0,0.8909803921568625,9.766666666666667,0.11490196078431374,0,1,30
Lang,22,70%,Random,0.12941176470588237,11.0,0.09588235294117647,NA,NA,27,0,3
Lang,22,75%,Ekstazi,0.14117647058823526,12.0,0.6294117647058823,NA,NA,10,0,20
Lang,22,75%,FAST,0.14117647058823526,12.0,0.03313725490196078,NA,NA,29,0,1
Lang,22,75%,Ekstazi+dpt,0.14117647058823526,12.0,0.9823529411764699,2.0,0.0235294117647059,0,1,30
Lang,22,75%,DPT,0.14117647058823526,12.0,0.9443137254901954,5.233333333333333,0.061568627450980386,0,1,30
Lang,22,75%,STARTS,0.14117647058823526,12.0,0.183921568627451,NA,NA,24,0,6
Lang,22,75%,STARTS+FAST-S,0.14117647058823526,12.0,0.0,NA,NA,30,0,0
Lang,22,75%,STARTS+FAST-P,0.14117647058823526,12.0,0.23490196078431377,NA,NA,22,0,8
Lang,22,75%,STARTS+DPT,0.14117647058823526,12.0,0.9603921568627444,3.8666666666666667,0.04549019607843139,0,1,30
Lang,22,75%,Fastazi-S,0.14117647058823526,12.0,0.9043137254901957,8.633333333333333,0.10156862745098041,0,1,30
Lang,22,75%,Fastazi-P,0.14117647058823526,12.0,0.8909803921568625,9.766666666666667,0.11490196078431374,0,1,30
Lang,22,75%,Random,0.14117647058823526,12.0,0.1535294117647059,NA,NA,25,0,5
Lang,22,80%,Ekstazi,0.15294117647058822,13.0,0.7147058823529411,NA,NA,7,0,23
Lang,22,80%,FAST,0.15294117647058822,13.0,0.03313725490196078,NA,NA,29,0,1
Lang,22,80%,Ekstazi+dpt,0.15294117647058822,13.0,0.9823529411764699,2.0,0.0235294117647059,0,1,30
Lang,22,80%,DPT,0.15294117647058822,13.0,0.9443137254901954,5.233333333333333,0.061568627450980386,0,1,30
Lang,22,80%,STARTS,0.15294117647058822,13.0,0.21235294117647055,NA,NA,23,0,7
Lang,22,80%,STARTS+FAST-S,0.15294117647058822,13.0,0.0,NA,NA,30,0,0
Lang,22,80%,STARTS+FAST-P,0.15294117647058822,13.0,0.7182352941176469,NA,NA,5,0,25
Lang,22,80%,STARTS+DPT,0.15294117647058822,13.0,0.9603921568627444,3.8666666666666667,0.04549019607843139,0,1,30
Lang,22,80%,Fastazi-S,0.15294117647058822,13.0,0.9043137254901957,8.633333333333333,0.10156862745098041,0,1,30
Lang,22,80%,Fastazi-P,0.15294117647058822,13.0,0.8909803921568625,9.766666666666667,0.11490196078431374,0,1,30
Lang,22,80%,Random,0.15294117647058822,13.0,0.1535294117647059,NA,NA,25,0,5
Lang,22,90%,Ekstazi,0.1764705882352941,15.0,0.7699999999999998,NA,NA,5,0,25
Lang,22,90%,FAST,0.1764705882352941,15.0,0.03313725490196078,NA,NA,29,0,1
Lang,22,90%,Ekstazi+dpt,0.1764705882352941,15.0,0.9823529411764699,2.0,0.0235294117647059,0,1,30
Lang,22,90%,DPT,0.1764705882352941,15.0,0.9443137254901954,5.233333333333333,0.061568627450980386,0,1,30
Lang,22,90%,STARTS,0.1764705882352941,15.0,0.2676470588235294,NA,NA,21,0,9
Lang,22,90%,STARTS+FAST-S,0.1764705882352941,15.0,0.8403921568627448,14.066666666666666,0.16549019607843138,0,1,30
Lang,22,90%,STARTS+FAST-P,0.1764705882352941,15.0,0.8584313725490191,12.533333333333333,0.14745098039215684,0,1,30
Lang,22,90%,STARTS+DPT,0.1764705882352941,15.0,0.9603921568627444,3.8666666666666667,0.04549019607843139,0,1,30
Lang,22,90%,Fastazi-S,0.1764705882352941,15.0,0.9043137254901957,8.633333333333333,0.10156862745098041,0,1,30
Lang,22,90%,Fastazi-P,0.1764705882352941,15.0,0.8909803921568625,9.766666666666667,0.11490196078431374,0,1,30
Lang,22,90%,Random,0.1764705882352941,15.0,0.1535294117647059,NA,NA,25,0,5
Lang,22,100%,Ekstazi,0.2000000000000001,17.0,0.9054901960784308,8.533333333333333,0.10039215686274507,0,1,30
Lang,22,100%,FAST,0.2000000000000001,17.0,0.03313725490196078,NA,NA,29,0,1
Lang,22,100%,Ekstazi+dpt,0.2000000000000001,17.0,0.9823529411764699,2.0,0.0235294117647059,0,1,30
Lang,22,100%,DPT,0.2000000000000001,17.0,0.9443137254901954,5.233333333333333,0.061568627450980386,0,1,30
Lang,22,100%,STARTS,0.2000000000000001,17.0,0.34901960784313724,NA,NA,18,0,12
Lang,22,100%,STARTS+FAST-S,0.2000000000000001,17.0,0.8403921568627448,14.066666666666666,0.16549019607843138,0,1,30
Lang,22,100%,STARTS+FAST-P,0.2000000000000001,17.0,0.8584313725490191,12.533333333333333,0.14745098039215684,0,1,30
Lang,22,100%,STARTS+DPT,0.2000000000000001,17.0,0.9603921568627444,3.8666666666666667,0.04549019607843139,0,1,30
Lang,22,100%,Fastazi-S,0.2000000000000001,17.0,0.9043137254901957,8.633333333333333,0.10156862745098041,0,1,30
Lang,22,100%,Fastazi-P,0.2000000000000001,17.0,0.8909803921568625,9.766666666666667,0.11490196078431374,0,1,30
Lang,22,100%,Random,0.2000000000000001,17.0,0.2080392156862745,NA,NA,23,0,7
Lang,23,10%,Ekstazi,0.01176470588235295,1.0,0.09941176470588235,NA,NA,27,0,3
Lang,23,10%,FAST,0.01176470588235295,1.0,0.0,NA,NA,30,0,0
Lang,23,10%,Ekstazi+dpt,0.01176470588235295,1.0,0.0,NA,NA,30,0,0
Lang,23,10%,DPT,0.01176470588235295,1.0,0.0,NA,NA,30,0,0
Lang,23,10%,STARTS,0.01176470588235295,1.0,0.0,NA,NA,30,0,0
Lang,23,10%,STARTS+FAST-S,0.01176470588235295,1.0,0.0,NA,NA,30,0,0
Lang,23,10%,STARTS+FAST-P,0.01176470588235295,1.0,0.0,NA,NA,30,0,0
Lang,23,10%,STARTS+DPT,0.01176470588235295,1.0,0.0,NA,NA,30,0,0
Lang,23,10%,Fastazi-S,0.01176470588235295,1.0,0.1988235294117647,NA,NA,24,0,6
Lang,23,10%,Fastazi-P,0.01176470588235295,1.0,0.0,NA,NA,30,0,0
Lang,23,10%,Random,0.01176470588235295,1.0,0.0,NA,NA,30,0,0
Lang,23,20%,Ekstazi,0.0235294117647059,2.0,0.13215686274509805,NA,NA,26,0,4
Lang,23,20%,FAST,0.0235294117647059,2.0,0.0,NA,NA,30,0,0
Lang,23,20%,Ekstazi+dpt,0.0235294117647059,2.0,0.0,NA,NA,30,0,0
Lang,23,20%,DPT,0.0235294117647059,2.0,0.0,NA,NA,30,0,0
Lang,23,20%,STARTS,0.0235294117647059,2.0,0.0,NA,NA,30,0,0
Lang,23,20%,STARTS+FAST-S,0.0235294117647059,2.0,0.0,NA,NA,30,0,0
Lang,23,20%,STARTS+FAST-P,0.0235294117647059,2.0,0.0,NA,NA,30,0,0
Lang,23,20%,STARTS+DPT,0.0235294117647059,2.0,0.0,NA,NA,30,0,0
Lang,23,20%,Fastazi-S,0.0235294117647059,2.0,0.1988235294117647,NA,NA,24,0,6
Lang,23,20%,Fastazi-P,0.0235294117647059,2.0,0.0,NA,NA,30,0,0
Lang,23,20%,Random,0.0235294117647059,2.0,0.0,NA,NA,30,0,0
Lang,23,25%,Ekstazi,0.035294117647058816,3.0,0.16450980392156864,NA,NA,25,0,5
Lang,23,25%,FAST,0.035294117647058816,3.0,0.0,NA,NA,30,0,0
Lang,23,25%,Ekstazi+dpt,0.035294117647058816,3.0,0.0,NA,NA,30,0,0
Lang,23,25%,DPT,0.035294117647058816,3.0,0.0,NA,NA,30,0,0
Lang,23,25%,STARTS,0.035294117647058816,3.0,0.0,NA,NA,30,0,0
Lang,23,25%,STARTS+FAST-S,0.035294117647058816,3.0,0.0,NA,NA,30,0,0
Lang,23,25%,STARTS+FAST-P,0.035294117647058816,3.0,0.0,NA,NA,30,0,0
Lang,23,25%,STARTS+DPT,0.035294117647058816,3.0,0.0,NA,NA,30,0,0
Lang,23,25%,Fastazi-S,0.035294117647058816,3.0,0.1988235294117647,NA,NA,24,0,6
Lang,23,25%,Fastazi-P,0.035294117647058816,3.0,0.0,NA,NA,30,0,0
Lang,23,25%,Random,0.035294117647058816,3.0,0.0,NA,NA,30,0,0
Lang,23,30%,Ekstazi,0.035294117647058816,3.0,0.16450980392156864,NA,NA,25,0,5
Lang,23,30%,FAST,0.035294117647058816,3.0,0.0,NA,NA,30,0,0
Lang,23,30%,Ekstazi+dpt,0.035294117647058816,3.0,0.0,NA,NA,30,0,0
Lang,23,30%,DPT,0.035294117647058816,3.0,0.0,NA,NA,30,0,0
Lang,23,30%,STARTS,0.035294117647058816,3.0,0.0,NA,NA,30,0,0
Lang,23,30%,STARTS+FAST-S,0.035294117647058816,3.0,0.0,NA,NA,30,0,0
Lang,23,30%,STARTS+FAST-P,0.035294117647058816,3.0,0.0,NA,NA,30,0,0
Lang,23,30%,STARTS+DPT,0.035294117647058816,3.0,0.0,NA,NA,30,0,0
Lang,23,30%,Fastazi-S,0.035294117647058816,3.0,0.1988235294117647,NA,NA,24,0,6
Lang,23,30%,Fastazi-P,0.035294117647058816,3.0,0.0,NA,NA,30,0,0
Lang,23,30%,Random,0.035294117647058816,3.0,0.0,NA,NA,30,0,0
Lang,23,40%,Ekstazi,0.05882352941176471,5.0,0.2915686274509804,NA,NA,21,0,9
Lang,23,40%,FAST,0.05882352941176471,5.0,0.0,NA,NA,30,0,0
Lang,23,40%,Ekstazi+dpt,0.05882352941176471,5.0,0.9517647058823523,4.6,0.054117647058823555,0,1,30
Lang,23,40%,DPT,0.05882352941176471,5.0,0.0,NA,NA,30,0,0
Lang,23,40%,STARTS,0.05882352941176471,5.0,0.0,NA,NA,30,0,0
Lang,23,40%,STARTS+FAST-S,0.05882352941176471,5.0,0.0,NA,NA,30,0,0
Lang,23,40%,STARTS+FAST-P,0.05882352941176471,5.0,0.0,NA,NA,30,0,0
Lang,23,40%,STARTS+DPT,0.05882352941176471,5.0,0.0,NA,NA,30,0,0
Lang,23,40%,Fastazi-S,0.05882352941176471,5.0,0.2627450980392157,NA,NA,22,0,8
Lang,23,40%,Fastazi-P,0.05882352941176471,5.0,0.0,NA,NA,30,0,0
Lang,23,40%,Random,0.05882352941176471,5.0,0.03196078431372549,NA,NA,29,0,1
Lang,23,50%,Ekstazi,0.07058823529411763,6.0,0.38509803921568625,NA,NA,18,0,12
Lang,23,50%,FAST,0.07058823529411763,6.0,0.0,NA,NA,30,0,0
Lang,23,50%,Ekstazi+dpt,0.07058823529411763,6.0,0.9517647058823523,4.6,0.054117647058823555,0,1,30
Lang,23,50%,DPT,0.07058823529411763,6.0,0.0,NA,NA,30,0,0
Lang,23,50%,STARTS,0.07058823529411763,6.0,0.031176470588235295,NA,NA,29,0,1
Lang,23,50%,STARTS+FAST-S,0.07058823529411763,6.0,0.0,NA,NA,30,0,0
Lang,23,50%,STARTS+FAST-P,0.07058823529411763,6.0,0.0,NA,NA,30,0,0
Lang,23,50%,STARTS+DPT,0.07058823529411763,6.0,0.0,NA,NA,30,0,0
Lang,23,50%,Fastazi-S,0.07058823529411763,6.0,0.2627450980392157,NA,NA,22,0,8
Lang,23,50%,Fastazi-P,0.07058823529411763,6.0,0.0,NA,NA,30,0,0
Lang,23,50%,Random,0.07058823529411763,6.0,0.06313725490196079,NA,NA,28,0,2
Lang,23,60%,Ekstazi,0.08235294117647059,7.0,0.44666666666666666,NA,NA,16,0,14
Lang,23,60%,FAST,0.08235294117647059,7.0,0.0,NA,NA,30,0,0
Lang,23,60%,Ekstazi+dpt,0.08235294117647059,7.0,0.9517647058823523,4.6,0.054117647058823555,0,1,30
Lang,23,60%,DPT,0.08235294117647059,7.0,0.0,NA,NA,30,0,0
Lang,23,60%,STARTS,0.08235294117647059,7.0,0.031176470588235295,NA,NA,29,0,1
Lang,23,60%,STARTS+FAST-S,0.08235294117647059,7.0,0.0,NA,NA,30,0,0
Lang,23,60%,STARTS+FAST-P,0.08235294117647059,7.0,0.0,NA,NA,30,0,0
Lang,23,60%,STARTS+DPT,0.08235294117647059,7.0,0.0,NA,NA,30,0,0
Lang,23,60%,Fastazi-S,0.08235294117647059,7.0,0.8784313725490193,NA,NA,2,0,28
Lang,23,60%,Fastazi-P,0.08235294117647059,7.0,0.0,NA,NA,30,0,0
Lang,23,60%,Random,0.08235294117647059,7.0,0.06313725490196079,NA,NA,28,0,2
Lang,23,70%,Ekstazi,0.10588235294117651,9.0,0.4770588235294118,NA,NA,15,0,15
Lang,23,70%,FAST,0.10588235294117651,9.0,0.0,NA,NA,30,0,0
Lang,23,70%,Ekstazi+dpt,0.10588235294117651,9.0,0.9517647058823523,4.6,0.054117647058823555,0,1,30
Lang,23,70%,DPT,0.10588235294117651,9.0,0.0,NA,NA,30,0,0
Lang,23,70%,STARTS,0.10588235294117651,9.0,0.06156862745098039,NA,NA,28,0,2
Lang,23,70%,STARTS+FAST-S,0.10588235294117651,9.0,0.0,NA,NA,30,0,0
Lang,23,70%,STARTS+FAST-P,0.10588235294117651,9.0,0.0,NA,NA,30,0,0
Lang,23,70%,STARTS+DPT,0.10588235294117651,9.0,0.0,NA,NA,30,0,0
Lang,23,70%,Fastazi-S,0.10588235294117651,9.0,0.9392156862745094,5.666666666666667,0.06666666666666664,0,1,30
Lang,23,70%,Fastazi-P,0.10588235294117651,9.0,0.0,NA,NA,30,0,0
Lang,23,70%,Random,0.10588235294117651,9.0,0.06313725490196079,NA,NA,28,0,2
Lang,23,75%,Ekstazi,0.10588235294117651,9.0,0.4770588235294118,NA,NA,15,0,15
Lang,23,75%,FAST,0.10588235294117651,9.0,0.0,NA,NA,30,0,0
Lang,23,75%,Ekstazi+dpt,0.10588235294117651,9.0,0.9517647058823523,4.6,0.054117647058823555,0,1,30
Lang,23,75%,DPT,0.10588235294117651,9.0,0.0,NA,NA,30,0,0
Lang,23,75%,STARTS,0.10588235294117651,9.0,0.06156862745098039,NA,NA,28,0,2
Lang,23,75%,STARTS+FAST-S,0.10588235294117651,9.0,0.0,NA,NA,30,0,0
Lang,23,75%,STARTS+FAST-P,0.10588235294117651,9.0,0.0,NA,NA,30,0,0
Lang,23,75%,STARTS+DPT,0.10588235294117651,9.0,0.0,NA,NA,30,0,0
Lang,23,75%,Fastazi-S,0.10588235294117651,9.0,0.9392156862745094,5.666666666666667,0.06666666666666664,0,1,30
Lang,23,75%,Fastazi-P,0.10588235294117651,9.0,0.0,NA,NA,30,0,0
Lang,23,75%,Random,0.10588235294117651,9.0,0.06313725490196079,NA,NA,28,0,2
Lang,23,80%,Ekstazi,0.11764705882352942,10.0,0.5954901960784313,NA,NA,11,0,19
Lang,23,80%,FAST,0.11764705882352942,10.0,0.0,NA,NA,30,0,0
Lang,23,80%,Ekstazi+dpt,0.11764705882352942,10.0,0.9517647058823523,4.6,0.054117647058823555,0,1,30
Lang,23,80%,DPT,0.11764705882352942,10.0,0.0,NA,NA,30,0,0
Lang,23,80%,STARTS,0.11764705882352942,10.0,0.06156862745098039,NA,NA,28,0,2
Lang,23,80%,STARTS+FAST-S,0.11764705882352942,10.0,0.0,NA,NA,30,0,0
Lang,23,80%,STARTS+FAST-P,0.11764705882352942,10.0,0.0,NA,NA,30,0,0
Lang,23,80%,STARTS+DPT,0.11764705882352942,10.0,0.0,NA,NA,30,0,0
Lang,23,80%,Fastazi-S,0.11764705882352942,10.0,0.9392156862745094,5.666666666666667,0.06666666666666664,0,1,30
Lang,23,80%,Fastazi-P,0.11764705882352942,10.0,0.0,NA,NA,30,0,0
Lang,23,80%,Random,0.11764705882352942,10.0,0.09274509803921568,NA,NA,27,0,3
Lang,23,90%,Ekstazi,0.12941176470588237,11.0,0.7123529411764705,NA,NA,7,0,23
Lang,23,90%,FAST,0.12941176470588237,11.0,0.0,NA,NA,30,0,0
Lang,23,90%,Ekstazi+dpt,0.12941176470588237,11.0,0.9517647058823523,4.6,0.054117647058823555,0,1,30
Lang,23,90%,DPT,0.12941176470588237,11.0,0.0,NA,NA,30,0,0
Lang,23,90%,STARTS,0.12941176470588237,11.0,0.06156862745098039,NA,NA,28,0,2
Lang,23,90%,STARTS+FAST-S,0.12941176470588237,11.0,0.0,NA,NA,30,0,0
Lang,23,90%,STARTS+FAST-P,0.12941176470588237,11.0,0.0,NA,NA,30,0,0
Lang,23,90%,STARTS+DPT,0.12941176470588237,11.0,0.0,NA,NA,30,0,0
Lang,23,90%,Fastazi-S,0.12941176470588237,11.0,0.9392156862745094,5.666666666666667,0.06666666666666664,0,1,30
Lang,23,90%,Fastazi-P,0.12941176470588237,11.0,0.8472549019607841,NA,NA,1,0,29
Lang,23,90%,Random,0.12941176470588237,11.0,0.12196078431372549,NA,NA,26,0,4
Lang,23,100%,Ekstazi,0.15294117647058822,13.0,0.9121568627450977,7.966666666666667,0.09372549019607844,0,1,30
Lang,23,100%,FAST,0.15294117647058822,13.0,0.0,NA,NA,30,0,0
Lang,23,100%,Ekstazi+dpt,0.15294117647058822,13.0,0.9517647058823523,4.6,0.054117647058823555,0,1,30
Lang,23,100%,DPT,0.15294117647058822,13.0,0.0,NA,NA,30,0,0
Lang,23,100%,STARTS,0.15294117647058822,13.0,0.06156862745098039,NA,NA,28,0,2
Lang,23,100%,STARTS+FAST-S,0.15294117647058822,13.0,0.0,NA,NA,30,0,0
Lang,23,100%,STARTS+FAST-P,0.15294117647058822,13.0,0.0,NA,NA,30,0,0
Lang,23,100%,STARTS+DPT,0.15294117647058822,13.0,0.0,NA,NA,30,0,0
Lang,23,100%,Fastazi-S,0.15294117647058822,13.0,0.9392156862745094,5.666666666666667,0.06666666666666664,0,1,30
Lang,23,100%,Fastazi-P,0.15294117647058822,13.0,0.8760784313725487,11.033333333333333,0.12980392156862744,0,1,30
Lang,23,100%,Random,0.15294117647058822,13.0,0.1792156862745098,NA,NA,24,0,6
Lang,24,10%,Ekstazi,0.05681818181818183,5.0,0.0,NA,NA,30,0,0
Lang,24,10%,FAST,0.05681818181818183,5.0,0.0,NA,NA,30,0,0
Lang,24,10%,Ekstazi+dpt,0.05681818181818183,5.0,0.0,NA,NA,30,0,0
Lang,24,10%,DPT,0.05681818181818183,5.0,0.0,NA,NA,30,0,0
Lang,24,10%,STARTS,0.05681818181818183,5.0,0.16079545454545455,NA,NA,25,0,5
Lang,24,10%,STARTS+FAST-S,0.05681818181818183,5.0,0.0331439393939394,NA,NA,29,0,1
Lang,24,10%,STARTS+FAST-P,0.05681818181818183,5.0,0.0,NA,NA,30,0,0
Lang,24,10%,STARTS+DPT,0.05681818181818183,5.0,0.0,NA,NA,30,0,0
Lang,24,10%,Fastazi-S,0.05681818181818183,5.0,0.0331439393939394,NA,NA,29,0,1
Lang,24,10%,Fastazi-P,0.05681818181818183,5.0,0.0,NA,NA,30,0,0
Lang,24,10%,Random,0.05681818181818183,5.0,0.09640151515151515,NA,NA,27,0,3
Lang,24,20%,Ekstazi,0.11363636363636366,10.0,0.06136363636363637,NA,NA,28,0,2
Lang,24,20%,FAST,0.11363636363636366,10.0,0.0,NA,NA,30,0,0
Lang,24,20%,Ekstazi+dpt,0.11363636363636366,10.0,0.0,NA,NA,30,0,0
Lang,24,20%,DPT,0.11363636363636366,10.0,0.0,NA,NA,30,0,0
Lang,24,20%,STARTS,0.11363636363636366,10.0,0.16079545454545455,NA,NA,25,0,5
Lang,24,20%,STARTS+FAST-S,0.11363636363636366,10.0,0.0331439393939394,NA,NA,29,0,1
Lang,24,20%,STARTS+FAST-P,0.11363636363636366,10.0,0.0,NA,NA,30,0,0
Lang,24,20%,STARTS+DPT,0.11363636363636366,10.0,0.0,NA,NA,30,0,0
Lang,24,20%,Fastazi-S,0.11363636363636366,10.0,0.0331439393939394,NA,NA,29,0,1
Lang,24,20%,Fastazi-P,0.11363636363636366,10.0,0.0,NA,NA,30,0,0
Lang,24,20%,Random,0.11363636363636366,10.0,0.12765151515151515,NA,NA,26,0,4
Lang,24,25%,Ekstazi,0.14772727272727282,13.0,0.0903409090909091,NA,NA,27,0,3
Lang,24,25%,FAST,0.14772727272727282,13.0,0.0,NA,NA,30,0,0
Lang,24,25%,Ekstazi+dpt,0.14772727272727282,13.0,0.0,NA,NA,30,0,0
Lang,24,25%,DPT,0.14772727272727282,13.0,0.0,NA,NA,30,0,0
Lang,24,25%,STARTS,0.14772727272727282,13.0,0.1897727272727273,NA,NA,24,0,6
Lang,24,25%,STARTS+FAST-S,0.14772727272727282,13.0,0.0331439393939394,NA,NA,29,0,1
Lang,24,25%,STARTS+FAST-P,0.14772727272727282,13.0,0.0,NA,NA,30,0,0
Lang,24,25%,STARTS+DPT,0.14772727272727282,13.0,0.0,NA,NA,30,0,0
Lang,24,25%,Fastazi-S,0.14772727272727282,13.0,0.0331439393939394,NA,NA,29,0,1
Lang,24,25%,Fastazi-P,0.14772727272727282,13.0,0.0,NA,NA,30,0,0
Lang,24,25%,Random,0.14772727272727282,13.0,0.12765151515151515,NA,NA,26,0,4
Lang,24,30%,Ekstazi,0.17045454545454553,15.0,0.11856060606060607,NA,NA,26,0,4
Lang,24,30%,FAST,0.17045454545454553,15.0,0.0,NA,NA,30,0,0
Lang,24,30%,Ekstazi+dpt,0.17045454545454553,15.0,0.0,NA,NA,30,0,0
Lang,24,30%,DPT,0.17045454545454553,15.0,0.0,NA,NA,30,0,0
Lang,24,30%,STARTS,0.17045454545454553,15.0,0.24583333333333332,NA,NA,22,0,8
Lang,24,30%,STARTS+FAST-S,0.17045454545454553,15.0,0.0331439393939394,NA,NA,29,0,1
Lang,24,30%,STARTS+FAST-P,0.17045454545454553,15.0,0.11136363636363637,NA,NA,26,0,4
Lang,24,30%,STARTS+DPT,0.17045454545454553,15.0,0.0,NA,NA,30,0,0
Lang,24,30%,Fastazi-S,0.17045454545454553,15.0,0.0331439393939394,NA,NA,29,0,1
Lang,24,30%,Fastazi-P,0.17045454545454553,15.0,0.0,NA,NA,30,0,0
Lang,24,30%,Random,0.17045454545454553,15.0,0.12765151515151515,NA,NA,26,0,4
Lang,24,40%,Ekstazi,0.23863636363636356,21.0,0.17045454545454547,NA,NA,24,0,6
Lang,24,40%,FAST,0.23863636363636356,21.0,0.0,NA,NA,30,0,0
Lang,24,40%,Ekstazi+dpt,0.23863636363636356,21.0,0.0,NA,NA,30,0,0
Lang,24,40%,DPT,0.23863636363636356,21.0,0.0,NA,NA,30,0,0
Lang,24,40%,STARTS,0.23863636363636356,21.0,0.324810606060606,NA,NA,19,0,11
Lang,24,40%,STARTS+FAST-S,0.23863636363636356,21.0,0.815909090909091,16.7,0.18977272727272734,0,1,30
Lang,24,40%,STARTS+FAST-P,0.23863636363636356,21.0,0.8200757575757578,16.333333333333332,0.18560606060606058,0,1,30
Lang,24,40%,STARTS+DPT,0.23863636363636356,21.0,0.0,NA,NA,30,0,0
Lang,24,40%,Fastazi-S,0.23863636363636356,21.0,0.0331439393939394,NA,NA,29,0,1
Lang,24,40%,Fastazi-P,0.23863636363636356,21.0,0.0,NA,NA,30,0,0
Lang,24,40%,Random,0.23863636363636356,21.0,0.1547348484848485,NA,NA,25,0,5
Lang,24,50%,Ekstazi,0.29545454545454564,26.0,0.2685606060606061,NA,NA,20,0,10
Lang,24,50%,FAST,0.29545454545454564,26.0,0.0,NA,NA,30,0,0
Lang,24,50%,Ekstazi+dpt,0.29545454545454564,26.0,0.0,NA,NA,30,0,0
Lang,24,50%,DPT,0.29545454545454564,26.0,0.0,NA,NA,30,0,0
Lang,24,50%,STARTS,0.29545454545454564,26.0,0.3965909090909091,NA,NA,16,0,14
Lang,24,50%,STARTS+FAST-S,0.29545454545454564,26.0,0.815909090909091,16.7,0.18977272727272734,0,1,30
Lang,24,50%,STARTS+FAST-P,0.29545454545454564,26.0,0.8200757575757578,16.333333333333332,0.18560606060606058,0,1,30
Lang,24,50%,STARTS+DPT,0.29545454545454564,26.0,0.0,NA,NA,30,0,0
Lang,24,50%,Fastazi-S,0.29545454545454564,26.0,0.725378787878788,24.666666666666668,0.28030303030303044,0,1,30
Lang,24,50%,Fastazi-P,0.29545454545454564,26.0,0.7181818181818183,25.3,0.28750000000000003,0,1,30
Lang,24,50%,Random,0.29545454545454564,26.0,0.17954545454545456,NA,NA,24,0,6
Lang,24,60%,Ekstazi,0.35227272727272724,31.0,0.42821969696969714,NA,NA,13,0,17
Lang,24,60%,FAST,0.35227272727272724,31.0,0.0,NA,NA,30,0,0
Lang,24,60%,Ekstazi+dpt,0.35227272727272724,31.0,0.0,NA,NA,30,0,0
Lang,24,60%,DPT,0.35227272727272724,31.0,0.0,NA,NA,30,0,0
Lang,24,60%,STARTS,0.35227272727272724,31.0,0.48560606060606054,NA,NA,12,0,18
Lang,24,60%,STARTS+FAST-S,0.35227272727272724,31.0,0.815909090909091,16.7,0.18977272727272734,0,1,30
Lang,24,60%,STARTS+FAST-P,0.35227272727272724,31.0,0.8200757575757578,16.333333333333332,0.18560606060606058,0,1,30
Lang,24,60%,STARTS+DPT,0.35227272727272724,31.0,0.0,NA,NA,30,0,0
Lang,24,60%,Fastazi-S,0.35227272727272724,31.0,0.725378787878788,24.666666666666668,0.28030303030303044,0,1,30
Lang,24,60%,Fastazi-P,0.35227272727272724,31.0,0.7181818181818183,25.3,0.28750000000000003,0,1,30
Lang,24,60%,Random,0.35227272727272724,31.0,0.20208333333333334,NA,NA,23,0,7
Lang,24,70%,Ekstazi,0.42045454545454547,37.0,0.46723484848484864,NA,NA,11,0,19
Lang,24,70%,FAST,0.42045454545454547,37.0,0.058522727272727275,NA,NA,27,0,3
Lang,24,70%,Ekstazi+dpt,0.42045454545454547,37.0,0.0,NA,NA,30,0,0
Lang,24,70%,DPT,0.42045454545454547,37.0,0.0,NA,NA,30,0,0
Lang,24,70%,STARTS,0.42045454545454547,37.0,0.5054924242424242,NA,NA,11,0,19
Lang,24,70%,STARTS+FAST-S,0.42045454545454547,37.0,0.815909090909091,16.7,0.18977272727272734,0,1,30
Lang,24,70%,STARTS+FAST-P,0.42045454545454547,37.0,0.8200757575757578,16.333333333333332,0.18560606060606058,0,1,30
Lang,24,70%,STARTS+DPT,0.42045454545454547,37.0,0.0,NA,NA,30,0,0
Lang,24,70%,Fastazi-S,0.42045454545454547,37.0,0.725378787878788,24.666666666666668,0.28030303030303044,0,1,30
Lang,24,70%,Fastazi-P,0.42045454545454547,37.0,0.7181818181818183,25.3,0.28750000000000003,0,1,30
Lang,24,70%,Random,0.42045454545454547,37.0,0.20208333333333334,NA,NA,23,0,7
Lang,24,75%,Ekstazi,0.4431818181818183,39.0,0.46723484848484864,NA,NA,11,0,19
Lang,24,75%,FAST,0.4431818181818183,39.0,0.5689393939393941,38.43333333333333,0.43674242424242427,0,1,30
Lang,24,75%,Ekstazi+dpt,0.4431818181818183,39.0,0.0,NA,NA,30,0,0
Lang,24,75%,DPT,0.4431818181818183,39.0,0.0,NA,NA,30,0,0
Lang,24,75%,STARTS,0.4431818181818183,39.0,0.5054924242424242,NA,NA,11,0,19
Lang,24,75%,STARTS+FAST-S,0.4431818181818183,39.0,0.815909090909091,16.7,0.18977272727272734,0,1,30
Lang,24,75%,STARTS+FAST-P,0.4431818181818183,39.0,0.8200757575757578,16.333333333333332,0.18560606060606058,0,1,30
Lang,24,75%,STARTS+DPT,0.4431818181818183,39.0,0.0,NA,NA,30,0,0
Lang,24,75%,Fastazi-S,0.4431818181818183,39.0,0.725378787878788,24.666666666666668,0.28030303030303044,0,1,30
Lang,24,75%,Fastazi-P,0.4431818181818183,39.0,0.7181818181818183,25.3,0.28750000000000003,0,1,30
Lang,24,75%,Random,0.4431818181818183,39.0,0.20208333333333334,NA,NA,23,0,7
Lang,24,80%,Ekstazi,0.4772727272727271,42.0,0.5028409090909093,NA,NA,9,0,21
Lang,24,80%,FAST,0.4772727272727271,42.0,0.5689393939393941,38.43333333333333,0.43674242424242427,0,1,30
Lang,24,80%,Ekstazi+dpt,0.4772727272727271,42.0,0.0,NA,NA,30,0,0
Lang,24,80%,DPT,0.4772727272727271,42.0,0.0,NA,NA,30,0,0
Lang,24,80%,STARTS,0.4772727272727271,42.0,0.5234848484848484,NA,NA,10,0,20
Lang,24,80%,STARTS+FAST-S,0.4772727272727271,42.0,0.815909090909091,16.7,0.18977272727272734,0,1,30
Lang,24,80%,STARTS+FAST-P,0.4772727272727271,42.0,0.8200757575757578,16.333333333333332,0.18560606060606058,0,1,30
Lang,24,80%,STARTS+DPT,0.4772727272727271,42.0,0.0,NA,NA,30,0,0
Lang,24,80%,Fastazi-S,0.4772727272727271,42.0,0.725378787878788,24.666666666666668,0.28030303030303044,0,1,30
Lang,24,80%,Fastazi-P,0.4772727272727271,42.0,0.7181818181818183,25.3,0.28750000000000003,0,1,30
Lang,24,80%,Random,0.4772727272727271,42.0,0.2204545454545455,NA,NA,22,0,8
Lang,24,90%,Ekstazi,0.5340909090909087,47.0,0.5679924242424245,NA,NA,5,0,25
Lang,24,90%,FAST,0.5340909090909087,47.0,0.5689393939393941,38.43333333333333,0.43674242424242427,0,1,30
Lang,24,90%,Ekstazi+dpt,0.5340909090909087,47.0,0.28295454545454546,NA,NA,12,0,18
Lang,24,90%,DPT,0.5340909090909087,47.0,0.0,NA,NA,30,0,0
Lang,24,90%,STARTS,0.5340909090909087,47.0,0.5234848484848484,NA,NA,10,0,20
Lang,24,90%,STARTS+FAST-S,0.5340909090909087,47.0,0.815909090909091,16.7,0.18977272727272734,0,1,30
Lang,24,90%,STARTS+FAST-P,0.5340909090909087,47.0,0.8200757575757578,16.333333333333332,0.18560606060606058,0,1,30
Lang,24,90%,STARTS+DPT,0.5340909090909087,47.0,0.0,NA,NA,30,0,0
Lang,24,90%,Fastazi-S,0.5340909090909087,47.0,0.725378787878788,24.666666666666668,0.28030303030303044,0,1,30
Lang,24,90%,Fastazi-P,0.5340909090909087,47.0,0.7181818181818183,25.3,0.28750000000000003,0,1,30
Lang,24,90%,Random,0.5340909090909087,47.0,0.2534090909090909,NA,NA,20,0,10
Lang,24,100%,Ekstazi,0.602272727272727,53.0,0.6390151515151515,32.266666666666666,0.36666666666666653,0,1,30
Lang,24,100%,FAST,0.602272727272727,53.0,0.5689393939393941,38.43333333333333,0.43674242424242427,0,1,30
Lang,24,100%,Ekstazi+dpt,0.602272727272727,53.0,0.4670454545454544,47.4,0.5386363636363634,0,1,30
Lang,24,100%,DPT,0.602272727272727,53.0,0.0,NA,NA,30,0,0
Lang,24,100%,STARTS,0.602272727272727,53.0,0.5672348484848484,NA,NA,7,0,23
Lang,24,100%,STARTS+FAST-S,0.602272727272727,53.0,0.815909090909091,16.7,0.18977272727272734,0,1,30
Lang,24,100%,STARTS+FAST-P,0.602272727272727,53.0,0.8200757575757578,16.333333333333332,0.18560606060606058,0,1,30
Lang,24,100%,STARTS+DPT,0.602272727272727,53.0,0.04034090909090909,NA,NA,27,0,3
Lang,24,100%,Fastazi-S,0.602272727272727,53.0,0.725378787878788,24.666666666666668,0.28030303030303044,0,1,30
Lang,24,100%,Fastazi-P,0.602272727272727,53.0,0.7181818181818183,25.3,0.28750000000000003,0,1,30
Lang,24,100%,Random,0.602272727272727,53.0,0.28371212121212125,NA,NA,18,0,12
Lang,25,10%,Ekstazi,0.022727272727272717,2.0,0.0331439393939394,NA,NA,29,0,1
Lang,25,10%,FAST,0.022727272727272717,2.0,0.0,NA,NA,30,0,0
Lang,25,10%,Ekstazi+dpt,0.022727272727272717,2.0,0.0,NA,NA,30,0,0
Lang,25,10%,DPT,0.022727272727272717,2.0,0.0,NA,NA,30,0,0
Lang,25,10%,STARTS,0.022727272727272717,2.0,0.09943181818181819,NA,NA,27,0,3
Lang,25,10%,STARTS+FAST-S,0.022727272727272717,2.0,0.0,NA,NA,30,0,0
Lang,25,10%,STARTS+FAST-P,0.022727272727272717,2.0,0.0,NA,NA,30,0,0
Lang,25,10%,STARTS+DPT,0.022727272727272717,2.0,0.0,NA,NA,30,0,0
Lang,25,10%,Fastazi-S,0.022727272727272717,2.0,0.0,NA,NA,30,0,0
Lang,25,10%,Fastazi-P,0.022727272727272717,2.0,0.0,NA,NA,30,0,0
Lang,25,10%,Random,0.022727272727272717,2.0,0.0,NA,NA,30,0,0
Lang,25,20%,Ekstazi,0.045454545454545435,4.0,0.12992424242424244,NA,NA,26,0,4
Lang,25,20%,FAST,0.045454545454545435,4.0,0.0,NA,NA,30,0,0
Lang,25,20%,Ekstazi+dpt,0.045454545454545435,4.0,0.0,NA,NA,30,0,0
Lang,25,20%,DPT,0.045454545454545435,4.0,0.0,NA,NA,30,0,0
Lang,25,20%,STARTS,0.045454545454545435,4.0,0.13143939393939394,NA,NA,26,0,4
Lang,25,20%,STARTS+FAST-S,0.045454545454545435,4.0,0.0,NA,NA,30,0,0
Lang,25,20%,STARTS+FAST-P,0.045454545454545435,4.0,0.0,NA,NA,30,0,0
Lang,25,20%,STARTS+DPT,0.045454545454545435,4.0,0.0,NA,NA,30,0,0
Lang,25,20%,Fastazi-S,0.045454545454545435,4.0,0.0,NA,NA,30,0,0
Lang,25,20%,Fastazi-P,0.045454545454545435,4.0,0.0,NA,NA,30,0,0
Lang,25,20%,Random,0.045454545454545435,4.0,0.0,NA,NA,30,0,0
Lang,25,25%,Ekstazi,0.05681818181818183,5.0,0.16155303030303034,NA,NA,25,0,5
Lang,25,25%,FAST,0.05681818181818183,5.0,0.0,NA,NA,30,0,0
Lang,25,25%,Ekstazi+dpt,0.05681818181818183,5.0,0.0,NA,NA,30,0,0
Lang,25,25%,DPT,0.05681818181818183,5.0,0.0,NA,NA,30,0,0
Lang,25,25%,STARTS,0.05681818181818183,5.0,0.13143939393939394,NA,NA,26,0,4
Lang,25,25%,STARTS+FAST-S,0.05681818181818183,5.0,0.0,NA,NA,30,0,0
Lang,25,25%,STARTS+FAST-P,0.05681818181818183,5.0,0.0,NA,NA,30,0,0
Lang,25,25%,STARTS+DPT,0.05681818181818183,5.0,0.0,NA,NA,30,0,0
Lang,25,25%,Fastazi-S,0.05681818181818183,5.0,0.0,NA,NA,30,0,0
Lang,25,25%,Fastazi-P,0.05681818181818183,5.0,0.0,NA,NA,30,0,0
Lang,25,25%,Random,0.05681818181818183,5.0,0.0,NA,NA,30,0,0
Lang,25,30%,Ekstazi,0.06818181818181814,6.0,0.16155303030303034,NA,NA,25,0,5
Lang,25,30%,FAST,0.06818181818181814,6.0,0.0,NA,NA,30,0,0
Lang,25,30%,Ekstazi+dpt,0.06818181818181814,6.0,0.0,NA,NA,30,0,0
Lang,25,30%,DPT,0.06818181818181814,6.0,0.0,NA,NA,30,0,0
Lang,25,30%,STARTS,0.06818181818181814,6.0,0.13143939393939394,NA,NA,26,0,4
Lang,25,30%,STARTS+FAST-S,0.06818181818181814,6.0,0.0,NA,NA,30,0,0
Lang,25,30%,STARTS+FAST-P,0.06818181818181814,6.0,0.0,NA,NA,30,0,0
Lang,25,30%,STARTS+DPT,0.06818181818181814,6.0,0.0,NA,NA,30,0,0
Lang,25,30%,Fastazi-S,0.06818181818181814,6.0,0.0,NA,NA,30,0,0
Lang,25,30%,Fastazi-P,0.06818181818181814,6.0,0.0,NA,NA,30,0,0
Lang,25,30%,Random,0.06818181818181814,6.0,0.03125000000000001,NA,NA,29,0,1
Lang,25,40%,Ekstazi,0.09090909090909087,8.0,0.2229166666666667,NA,NA,23,0,7
Lang,25,40%,FAST,0.09090909090909087,8.0,0.0,NA,NA,30,0,0
Lang,25,40%,Ekstazi+dpt,0.09090909090909087,8.0,0.0,NA,NA,30,0,0
Lang,25,40%,DPT,0.09090909090909087,8.0,0.0,NA,NA,30,0,0
Lang,25,40%,STARTS,0.09090909090909087,8.0,0.1928030303030303,NA,NA,24,0,6
Lang,25,40%,STARTS+FAST-S,0.09090909090909087,8.0,0.0,NA,NA,30,0,0
Lang,25,40%,STARTS+FAST-P,0.09090909090909087,8.0,0.0,NA,NA,30,0,0
Lang,25,40%,STARTS+DPT,0.09090909090909087,8.0,0.0,NA,NA,30,0,0
Lang,25,40%,Fastazi-S,0.09090909090909087,8.0,0.3964015151515151,NA,NA,17,0,13
Lang,25,40%,Fastazi-P,0.09090909090909087,8.0,0.79280303030303,NA,NA,4,0,26
Lang,25,40%,Random,0.09090909090909087,8.0,0.03125000000000001,NA,NA,29,0,1
Lang,25,50%,Ekstazi,0.11363636363636366,10.0,0.3429924242424242,NA,NA,19,0,11
Lang,25,50%,FAST,0.11363636363636366,10.0,0.0,NA,NA,30,0,0
Lang,25,50%,Ekstazi+dpt,0.11363636363636366,10.0,0.0,NA,NA,30,0,0
Lang,25,50%,DPT,0.11363636363636366,10.0,0.0,NA,NA,30,0,0
Lang,25,50%,STARTS,0.11363636363636366,10.0,0.2827651515151516,NA,NA,21,0,9
Lang,25,50%,STARTS+FAST-S,0.11363636363636366,10.0,0.0,NA,NA,30,0,0
Lang,25,50%,STARTS+FAST-P,0.11363636363636366,10.0,0.0,NA,NA,30,0,0
Lang,25,50%,STARTS+DPT,0.11363636363636366,10.0,0.0,NA,NA,30,0,0
Lang,25,50%,Fastazi-S,0.11363636363636366,10.0,0.908333333333333,8.566666666666666,0.09734848484848481,0,1,30
Lang,25,50%,Fastazi-P,0.11363636363636366,10.0,0.9132575757575755,8.133333333333333,0.09242424242424238,0,1,30
Lang,25,50%,Random,0.11363636363636366,10.0,0.06098484848484849,NA,NA,28,0,2
Lang,25,60%,Ekstazi,0.13636363636363627,12.0,0.48939393939393944,NA,NA,14,0,16
Lang,25,60%,FAST,0.13636363636363627,12.0,0.0,NA,NA,30,0,0
Lang,25,60%,Ekstazi+dpt,0.13636363636363627,12.0,0.0,NA,NA,30,0,0
Lang,25,60%,DPT,0.13636363636363627,12.0,0.0,NA,NA,30,0,0
Lang,25,60%,STARTS,0.13636363636363627,12.0,0.3121212121212122,NA,NA,20,0,10
Lang,25,60%,STARTS+FAST-S,0.13636363636363627,12.0,0.0,NA,NA,30,0,0
Lang,25,60%,STARTS+FAST-P,0.13636363636363627,12.0,0.0,NA,NA,30,0,0
Lang,25,60%,STARTS+DPT,0.13636363636363627,12.0,0.0,NA,NA,30,0,0
Lang,25,60%,Fastazi-S,0.13636363636363627,12.0,0.908333333333333,8.566666666666666,0.09734848484848481,0,1,30
Lang,25,60%,Fastazi-P,0.13636363636363627,12.0,0.9132575757575755,8.133333333333333,0.09242424242424238,0,1,30
Lang,25,60%,Random,0.13636363636363627,12.0,0.0903409090909091,NA,NA,27,0,3
Lang,25,70%,Ekstazi,0.15909090909090914,14.0,0.5744318181818182,NA,NA,11,0,19
Lang,25,70%,FAST,0.15909090909090914,14.0,0.0,NA,NA,30,0,0
Lang,25,70%,Ekstazi+dpt,0.15909090909090914,14.0,0.0,NA,NA,30,0,0
Lang,25,70%,DPT,0.15909090909090914,14.0,0.0,NA,NA,30,0,0
Lang,25,70%,STARTS,0.15909090909090914,14.0,0.34034090909090914,NA,NA,19,0,11
Lang,25,70%,STARTS+FAST-S,0.15909090909090914,14.0,0.0,NA,NA,30,0,0
Lang,25,70%,STARTS+FAST-P,0.15909090909090914,14.0,0.0,NA,NA,30,0,0
Lang,25,70%,STARTS+DPT,0.15909090909090914,14.0,0.0,NA,NA,30,0,0
Lang,25,70%,Fastazi-S,0.15909090909090914,14.0,0.908333333333333,8.566666666666666,0.09734848484848481,0,1,30
Lang,25,70%,Fastazi-P,0.15909090909090914,14.0,0.9132575757575755,8.133333333333333,0.09242424242424238,0,1,30
Lang,25,70%,Random,0.15909090909090914,14.0,0.0903409090909091,NA,NA,27,0,3
Lang,25,75%,Ekstazi,0.17045454545454553,15.0,0.6857954545454544,NA,NA,7,0,23
Lang,25,75%,FAST,0.17045454545454553,15.0,0.0,NA,NA,30,0,0
Lang,25,75%,Ekstazi+dpt,0.17045454545454553,15.0,0.0,NA,NA,30,0,0
Lang,25,75%,DPT,0.17045454545454553,15.0,0.0,NA,NA,30,0,0
Lang,25,75%,STARTS,0.17045454545454553,15.0,0.34034090909090914,NA,NA,19,0,11
Lang,25,75%,STARTS+FAST-S,0.17045454545454553,15.0,0.0,NA,NA,30,0,0
Lang,25,75%,STARTS+FAST-P,0.17045454545454553,15.0,0.0,NA,NA,30,0,0
Lang,25,75%,STARTS+DPT,0.17045454545454553,15.0,0.0,NA,NA,30,0,0
Lang,25,75%,Fastazi-S,0.17045454545454553,15.0,0.908333333333333,8.566666666666666,0.09734848484848481,0,1,30
Lang,25,75%,Fastazi-P,0.17045454545454553,15.0,0.9132575757575755,8.133333333333333,0.09242424242424238,0,1,30
Lang,25,75%,Random,0.17045454545454553,15.0,0.0903409090909091,NA,NA,27,0,3
Lang,25,80%,Ekstazi,0.18181818181818174,16.0,0.6857954545454544,NA,NA,7,0,23
Lang,25,80%,FAST,0.18181818181818174,16.0,0.0,NA,NA,30,0,0
Lang,25,80%,Ekstazi+dpt,0.18181818181818174,16.0,0.0,NA,NA,30,0,0
Lang,25,80%,DPT,0.18181818181818174,16.0,0.0,NA,NA,30,0,0
Lang,25,80%,STARTS,0.18181818181818174,16.0,0.34034090909090914,NA,NA,19,0,11
Lang,25,80%,STARTS+FAST-S,0.18181818181818174,16.0,0.0,NA,NA,30,0,0
Lang,25,80%,STARTS+FAST-P,0.18181818181818174,16.0,0.0,NA,NA,30,0,0
Lang,25,80%,STARTS+DPT,0.18181818181818174,16.0,0.0,NA,NA,30,0,0
Lang,25,80%,Fastazi-S,0.18181818181818174,16.0,0.908333333333333,8.566666666666666,0.09734848484848481,0,1,30
Lang,25,80%,Fastazi-P,0.18181818181818174,16.0,0.9132575757575755,8.133333333333333,0.09242424242424238,0,1,30
Lang,25,80%,Random,0.18181818181818174,16.0,0.0903409090909091,NA,NA,27,0,3
Lang,25,90%,Ekstazi,0.20454545454545442,18.0,0.7395833333333333,NA,NA,5,0,25
Lang,25,90%,FAST,0.20454545454545442,18.0,0.0,NA,NA,30,0,0
Lang,25,90%,Ekstazi+dpt,0.20454545454545442,18.0,0.3471590909090908,NA,NA,17,0,13
Lang,25,90%,DPT,0.20454545454545442,18.0,0.0,NA,NA,30,0,0
Lang,25,90%,STARTS,0.20454545454545442,18.0,0.36742424242424243,NA,NA,18,0,12
Lang,25,90%,STARTS+FAST-S,0.20454545454545442,18.0,0.0,NA,NA,30,0,0
Lang,25,90%,STARTS+FAST-P,0.20454545454545442,18.0,0.0,NA,NA,30,0,0
Lang,25,90%,STARTS+DPT,0.20454545454545442,18.0,0.0,NA,NA,30,0,0
Lang,25,90%,Fastazi-S,0.20454545454545442,18.0,0.908333333333333,8.566666666666666,0.09734848484848481,0,1,30
Lang,25,90%,Fastazi-P,0.20454545454545442,18.0,0.9132575757575755,8.133333333333333,0.09242424242424238,0,1,30
Lang,25,90%,Random,0.20454545454545442,18.0,0.11704545454545455,NA,NA,26,0,4
Lang,25,100%,Ekstazi,0.23863636363636356,21.0,0.8693181818181817,12.0,0.13636363636363633,0,1,30
Lang,25,100%,FAST,0.23863636363636356,21.0,0.0,NA,NA,30,0,0
Lang,25,100%,Ekstazi+dpt,0.23863636363636356,21.0,0.7946969696969695,18.566666666666666,0.2109848484848484,0,1,30
Lang,25,100%,DPT,0.23863636363636356,21.0,0.0,NA,NA,30,0,0
Lang,25,100%,STARTS,0.23863636363636356,21.0,0.4452651515151516,NA,NA,15,0,15
Lang,25,100%,STARTS+FAST-S,0.23863636363636356,21.0,0.0,NA,NA,30,0,0
Lang,25,100%,STARTS+FAST-P,0.23863636363636356,21.0,0.0,NA,NA,30,0,0
Lang,25,100%,STARTS+DPT,0.23863636363636356,21.0,0.0,NA,NA,30,0,0
Lang,25,100%,Fastazi-S,0.23863636363636356,21.0,0.908333333333333,8.566666666666666,0.09734848484848481,0,1,30
Lang,25,100%,Fastazi-P,0.23863636363636356,21.0,0.9132575757575755,8.133333333333333,0.09242424242424238,0,1,30
Lang,25,100%,Random,0.23863636363636356,21.0,0.11704545454545455,NA,NA,26,0,4
Lang,26,10%,Ekstazi,0.05555555555555557,5.0,0.0975925925925926,NA,NA,27,0,3
Lang,26,10%,FAST,0.05555555555555557,5.0,0.8885185185185182,NA,NA,2,0,28
Lang,26,10%,Ekstazi+dpt,0.05555555555555557,5.0,0.0,NA,NA,30,0,0
Lang,26,10%,DPT,0.05555555555555557,5.0,0.0,NA,NA,30,0,0
Lang,26,10%,STARTS,0.05555555555555557,5.0,0.13111111111111112,NA,NA,26,0,4
Lang,26,10%,STARTS+FAST-S,0.05555555555555557,5.0,0.9677777777777776,3.4,0.03777777777777778,0,1,30
Lang,26,10%,STARTS+FAST-P,0.05555555555555557,5.0,0.9659259259259261,3.566666666666667,0.03962962962962962,0,1,30
Lang,26,10%,STARTS+DPT,0.05555555555555557,5.0,0.0,NA,NA,30,0,0
Lang,26,10%,Fastazi-S,0.05555555555555557,5.0,0.8764814814814812,NA,NA,3,0,27
Lang,26,10%,Fastazi-P,0.05555555555555557,5.0,0.9140740740740739,NA,NA,2,0,28
Lang,26,10%,Random,0.05555555555555557,5.0,0.06370370370370369,NA,NA,28,0,2
Lang,26,20%,Ekstazi,0.11111111111111115,10.0,0.1587037037037037,NA,NA,25,0,5
Lang,26,20%,FAST,0.11111111111111115,10.0,0.8885185185185182,NA,NA,2,0,28
Lang,26,20%,Ekstazi+dpt,0.11111111111111115,10.0,0.0,NA,NA,30,0,0
Lang,26,20%,DPT,0.11111111111111115,10.0,0.0,NA,NA,30,0,0
Lang,26,20%,STARTS,0.11111111111111115,10.0,0.16166666666666665,NA,NA,25,0,5
Lang,26,20%,STARTS+FAST-S,0.11111111111111115,10.0,0.9677777777777776,3.4,0.03777777777777778,0,1,30
Lang,26,20%,STARTS+FAST-P,0.11111111111111115,10.0,0.9659259259259261,3.566666666666667,0.03962962962962962,0,1,30
Lang,26,20%,STARTS+DPT,0.11111111111111115,10.0,0.0,NA,NA,30,0,0
Lang,26,20%,Fastazi-S,0.11111111111111115,10.0,0.9674074074074072,3.433333333333333,0.03814814814814815,0,1,30
Lang,26,20%,Fastazi-P,0.11111111111111115,10.0,0.9748148148148147,2.7666666666666666,0.030740740740740742,0,1,30
Lang,26,20%,Random,0.11111111111111115,10.0,0.06370370370370369,NA,NA,28,0,2
Lang,26,25%,Ekstazi,0.14444444444444443,13.0,0.21685185185185188,NA,NA,23,0,7
Lang,26,25%,FAST,0.14444444444444443,13.0,0.9470370370370367,5.266666666666667,0.05851851851851853,0,1,30
Lang,26,25%,Ekstazi+dpt,0.14444444444444443,13.0,0.0,NA,NA,30,0,0
Lang,26,25%,DPT,0.14444444444444443,13.0,0.0,NA,NA,30,0,0
Lang,26,25%,STARTS,0.14444444444444443,13.0,0.19074074074074074,NA,NA,24,0,6
Lang,26,25%,STARTS+FAST-S,0.14444444444444443,13.0,0.9677777777777776,3.4,0.03777777777777778,0,1,30
Lang,26,25%,STARTS+FAST-P,0.14444444444444443,13.0,0.9659259259259261,3.566666666666667,0.03962962962962962,0,1,30
Lang,26,25%,STARTS+DPT,0.14444444444444443,13.0,0.0,NA,NA,30,0,0
Lang,26,25%,Fastazi-S,0.14444444444444443,13.0,0.9674074074074072,3.433333333333333,0.03814814814814815,0,1,30
Lang,26,25%,Fastazi-P,0.14444444444444443,13.0,0.9748148148148147,2.7666666666666666,0.030740740740740742,0,1,30
Lang,26,25%,Random,0.14444444444444443,13.0,0.12111111111111111,NA,NA,26,0,4
Lang,26,30%,Ekstazi,0.17777777777777776,16.0,0.2727777777777778,NA,NA,21,0,9
Lang,26,30%,FAST,0.17777777777777776,16.0,0.9470370370370367,5.266666666666667,0.05851851851851853,0,1,30
Lang,26,30%,Ekstazi+dpt,0.17777777777777776,16.0,0.0,NA,NA,30,0,0
Lang,26,30%,DPT,0.17777777777777776,16.0,0.0,NA,NA,30,0,0
Lang,26,30%,STARTS,0.17777777777777776,16.0,0.19074074074074074,NA,NA,24,0,6
Lang,26,30%,STARTS+FAST-S,0.17777777777777776,16.0,0.9677777777777776,3.4,0.03777777777777778,0,1,30
Lang,26,30%,STARTS+FAST-P,0.17777777777777776,16.0,0.9659259259259261,3.566666666666667,0.03962962962962962,0,1,30
Lang,26,30%,STARTS+DPT,0.17777777777777776,16.0,0.0,NA,NA,30,0,0
Lang,26,30%,Fastazi-S,0.17777777777777776,16.0,0.9674074074074072,3.433333333333333,0.03814814814814815,0,1,30
Lang,26,30%,Fastazi-P,0.17777777777777776,16.0,0.9748148148148147,2.7666666666666666,0.030740740740740742,0,1,30
Lang,26,30%,Random,0.17777777777777776,16.0,0.1490740740740741,NA,NA,25,0,5
Lang,26,40%,Ekstazi,0.23333333333333336,21.0,0.37759259259259254,NA,NA,17,0,13
Lang,26,40%,FAST,0.23333333333333336,21.0,0.9470370370370367,5.266666666666667,0.05851851851851853,0,1,30
Lang,26,40%,Ekstazi+dpt,0.23333333333333336,21.0,0.0,NA,NA,30,0,0
Lang,26,40%,DPT,0.23333333333333336,21.0,0.0,NA,NA,30,0,0
Lang,26,40%,STARTS,0.23333333333333336,21.0,0.19074074074074074,NA,NA,24,0,6
Lang,26,40%,STARTS+FAST-S,0.23333333333333336,21.0,0.9677777777777776,3.4,0.03777777777777778,0,1,30
Lang,26,40%,STARTS+FAST-P,0.23333333333333336,21.0,0.9659259259259261,3.566666666666667,0.03962962962962962,0,1,30
Lang,26,40%,STARTS+DPT,0.23333333333333336,21.0,0.0,NA,NA,30,0,0
Lang,26,40%,Fastazi-S,0.23333333333333336,21.0,0.9674074074074072,3.433333333333333,0.03814814814814815,0,1,30
Lang,26,40%,Fastazi-P,0.23333333333333336,21.0,0.9748148148148147,2.7666666666666666,0.030740740740740742,0,1,30
Lang,26,40%,Random,0.23333333333333336,21.0,0.17518518518518522,NA,NA,24,0,6
Lang,26,50%,Ekstazi,0.3,27.0,0.47499999999999987,NA,NA,13,0,17
Lang,26,50%,FAST,0.3,27.0,0.9470370370370367,5.266666666666667,0.05851851851851853,0,1,30
Lang,26,50%,Ekstazi+dpt,0.3,27.0,0.0,NA,NA,30,0,0
Lang,26,50%,DPT,0.3,27.0,0.0,NA,NA,30,0,0
Lang,26,50%,STARTS,0.3,27.0,0.33888888888888885,NA,NA,18,0,12
Lang,26,50%,STARTS+FAST-S,0.3,27.0,0.9677777777777776,3.4,0.03777777777777778,0,1,30
Lang,26,50%,STARTS+FAST-P,0.3,27.0,0.9659259259259261,3.566666666666667,0.03962962962962962,0,1,30
Lang,26,50%,STARTS+DPT,0.3,27.0,0.0,NA,NA,30,0,0
Lang,26,50%,Fastazi-S,0.3,27.0,0.9674074074074072,3.433333333333333,0.03814814814814815,0,1,30
Lang,26,50%,Fastazi-P,0.3,27.0,0.9748148148148147,2.7666666666666666,0.030740740740740742,0,1,30
Lang,26,50%,Random,0.3,27.0,0.22407407407407412,NA,NA,22,0,8
Lang,26,60%,Ekstazi,0.3555555555555555,32.0,0.49703703703703694,NA,NA,12,0,18
Lang,26,60%,FAST,0.3555555555555555,32.0,0.9470370370370367,5.266666666666667,0.05851851851851853,0,1,30
Lang,26,60%,Ekstazi+dpt,0.3555555555555555,32.0,0.0,NA,NA,30,0,0
Lang,26,60%,DPT,0.3555555555555555,32.0,0.0,NA,NA,30,0,0
Lang,26,60%,STARTS,0.3555555555555555,32.0,0.33888888888888885,NA,NA,18,0,12
Lang,26,60%,STARTS+FAST-S,0.3555555555555555,32.0,0.9677777777777776,3.4,0.03777777777777778,0,1,30
Lang,26,60%,STARTS+FAST-P,0.3555555555555555,32.0,0.9659259259259261,3.566666666666667,0.03962962962962962,0,1,30
Lang,26,60%,STARTS+DPT,0.3555555555555555,32.0,0.0,NA,NA,30,0,0
Lang,26,60%,Fastazi-S,0.3555555555555555,32.0,0.9674074074074072,3.433333333333333,0.03814814814814815,0,1,30
Lang,26,60%,Fastazi-P,0.3555555555555555,32.0,0.9748148148148147,2.7666666666666666,0.030740740740740742,0,1,30
Lang,26,60%,Random,0.3555555555555555,32.0,0.29277777777777786,NA,NA,19,0,11
Lang,26,70%,Ekstazi,0.4111111111111113,37.0,0.49703703703703694,NA,NA,12,0,18
Lang,26,70%,FAST,0.4111111111111113,37.0,0.9470370370370367,5.266666666666667,0.05851851851851853,0,1,30
Lang,26,70%,Ekstazi+dpt,0.4111111111111113,37.0,0.0,NA,NA,30,0,0
Lang,26,70%,DPT,0.4111111111111113,37.0,0.0,NA,NA,30,0,0
Lang,26,70%,STARTS,0.4111111111111113,37.0,0.4005555555555555,NA,NA,15,0,15
Lang,26,70%,STARTS+FAST-S,0.4111111111111113,37.0,0.9677777777777776,3.4,0.03777777777777778,0,1,30
Lang,26,70%,STARTS+FAST-P,0.4111111111111113,37.0,0.9659259259259261,3.566666666666667,0.03962962962962962,0,1,30
Lang,26,70%,STARTS+DPT,0.4111111111111113,37.0,0.0,NA,NA,30,0,0
Lang,26,70%,Fastazi-S,0.4111111111111113,37.0,0.9674074074074072,3.433333333333333,0.03814814814814815,0,1,30
Lang,26,70%,Fastazi-P,0.4111111111111113,37.0,0.9748148148148147,2.7666666666666666,0.030740740740740742,0,1,30
Lang,26,70%,Random,0.4111111111111113,37.0,0.29277777777777786,NA,NA,19,0,11
Lang,26,75%,Ekstazi,0.4444444444444446,40.0,0.5348148148148149,NA,NA,10,0,20
Lang,26,75%,FAST,0.4444444444444446,40.0,0.9470370370370367,5.266666666666667,0.05851851851851853,0,1,30
Lang,26,75%,Ekstazi+dpt,0.4444444444444446,40.0,0.0,NA,NA,30,0,0
Lang,26,75%,DPT,0.4444444444444446,40.0,0.0,NA,NA,30,0,0
Lang,26,75%,STARTS,0.4444444444444446,40.0,0.4005555555555555,NA,NA,15,0,15
Lang,26,75%,STARTS+FAST-S,0.4444444444444446,40.0,0.9677777777777776,3.4,0.03777777777777778,0,1,30
Lang,26,75%,STARTS+FAST-P,0.4444444444444446,40.0,0.9659259259259261,3.566666666666667,0.03962962962962962,0,1,30
Lang,26,75%,STARTS+DPT,0.4444444444444446,40.0,0.0,NA,NA,30,0,0
Lang,26,75%,Fastazi-S,0.4444444444444446,40.0,0.9674074074074072,3.433333333333333,0.03814814814814815,0,1,30
Lang,26,75%,Fastazi-P,0.4444444444444446,40.0,0.9748148148148147,2.7666666666666666,0.030740740740740742,0,1,30
Lang,26,75%,Random,0.4444444444444446,40.0,0.29277777777777786,NA,NA,19,0,11
Lang,26,80%,Ekstazi,0.4777777777777778,43.0,0.6437037037037037,NA,NA,4,0,26
Lang,26,80%,FAST,0.4777777777777778,43.0,0.9470370370370367,5.266666666666667,0.05851851851851853,0,1,30
Lang,26,80%,Ekstazi+dpt,0.4777777777777778,43.0,0.0,NA,NA,30,0,0
Lang,26,80%,DPT,0.4777777777777778,43.0,0.0,NA,NA,30,0,0
Lang,26,80%,STARTS,0.4777777777777778,43.0,0.43685185185185194,NA,NA,13,0,17
Lang,26,80%,STARTS+FAST-S,0.4777777777777778,43.0,0.9677777777777776,3.4,0.03777777777777778,0,1,30
Lang,26,80%,STARTS+FAST-P,0.4777777777777778,43.0,0.9659259259259261,3.566666666666667,0.03962962962962962,0,1,30
Lang,26,80%,STARTS+DPT,0.4777777777777778,43.0,0.0,NA,NA,30,0,0
Lang,26,80%,Fastazi-S,0.4777777777777778,43.0,0.9674074074074072,3.433333333333333,0.03814814814814815,0,1,30
Lang,26,80%,Fastazi-P,0.4777777777777778,43.0,0.9748148148148147,2.7666666666666666,0.030740740740740742,0,1,30
Lang,26,80%,Random,0.4777777777777778,43.0,0.3103703703703704,NA,NA,18,0,12
Lang,26,90%,Ekstazi,0.5333333333333333,48.0,0.6924074074074074,NA,NA,1,0,29
Lang,26,90%,FAST,0.5333333333333333,48.0,0.9470370370370367,5.266666666666667,0.05851851851851853,0,1,30
Lang,26,90%,Ekstazi+dpt,0.5333333333333333,48.0,0.0787037037037037,NA,NA,25,0,5
Lang,26,90%,DPT,0.5333333333333333,48.0,0.0,NA,NA,30,0,0
Lang,26,90%,STARTS,0.5333333333333333,48.0,0.4537037037037038,NA,NA,12,0,18
Lang,26,90%,STARTS+FAST-S,0.5333333333333333,48.0,0.9677777777777776,3.4,0.03777777777777778,0,1,30
Lang,26,90%,STARTS+FAST-P,0.5333333333333333,48.0,0.9659259259259261,3.566666666666667,0.03962962962962962,0,1,30
Lang,26,90%,STARTS+DPT,0.5333333333333333,48.0,0.0,NA,NA,30,0,0
Lang,26,90%,Fastazi-S,0.5333333333333333,48.0,0.9674074074074072,3.433333333333333,0.03814814814814815,0,1,30
Lang,26,90%,Fastazi-P,0.5333333333333333,48.0,0.9748148148148147,2.7666666666666666,0.030740740740740742,0,1,30
Lang,26,90%,Random,0.5333333333333333,48.0,0.34296296296296297,NA,NA,16,0,14
Lang,26,100%,Ekstazi,0.6,54.0,0.707037037037037,26.866666666666667,0.29851851851851857,0,1,30
Lang,26,100%,FAST,0.6,54.0,0.9470370370370367,5.266666666666667,0.05851851851851853,0,1,30
Lang,26,100%,Ekstazi+dpt,0.6,54.0,0.4544444444444442,49.6,0.551111111111111,0,1,30
Lang,26,100%,DPT,0.6,54.0,0.0,NA,NA,30,0,0
Lang,26,100%,STARTS,0.6,54.0,0.467962962962963,NA,NA,11,0,19
Lang,26,100%,STARTS+FAST-S,0.6,54.0,0.9677777777777776,3.4,0.03777777777777778,0,1,30
Lang,26,100%,STARTS+FAST-P,0.6,54.0,0.9659259259259261,3.566666666666667,0.03962962962962962,0,1,30
Lang,26,100%,STARTS+DPT,0.6,54.0,0.0,NA,NA,30,0,0
Lang,26,100%,Fastazi-S,0.6,54.0,0.9674074074074072,3.433333333333333,0.03814814814814815,0,1,30
Lang,26,100%,Fastazi-P,0.6,54.0,0.9748148148148147,2.7666666666666666,0.030740740740740742,0,1,30
Lang,26,100%,Random,0.6,54.0,0.37259259259259253,NA,NA,14,0,16
Lang,27,10%,Ekstazi,0.021978021978021976,2.0,0.032783882783882785,NA,NA,29,0,1
Lang,27,10%,FAST,0.021978021978021976,2.0,0.0,NA,NA,30,0,0
Lang,27,10%,Ekstazi+dpt,0.021978021978021976,2.0,0.0,NA,NA,30,0,0
Lang,27,10%,DPT,0.021978021978021976,2.0,0.0,NA,NA,30,0,0
Lang,27,10%,STARTS,0.021978021978021976,2.0,0.03315018315018315,NA,NA,29,0,1
Lang,27,10%,STARTS+FAST-S,0.021978021978021976,2.0,0.0,NA,NA,30,0,0
Lang,27,10%,STARTS+FAST-P,0.021978021978021976,2.0,0.0,NA,NA,30,0,0
Lang,27,10%,STARTS+DPT,0.021978021978021976,2.0,0.0,NA,NA,30,0,0
Lang,27,10%,Fastazi-S,0.021978021978021976,2.0,0.0663003663003663,NA,NA,28,0,2
Lang,27,10%,Fastazi-P,0.021978021978021976,2.0,0.0,NA,NA,30,0,0
Lang,27,10%,Random,0.021978021978021976,2.0,0.0,NA,NA,30,0,0
Lang,27,20%,Ekstazi,0.04395604395604395,4.0,0.1617216117216117,NA,NA,25,0,5
Lang,27,20%,FAST,0.04395604395604395,4.0,0.0,NA,NA,30,0,0
Lang,27,20%,Ekstazi+dpt,0.04395604395604395,4.0,0.0,NA,NA,30,0,0
Lang,27,20%,DPT,0.04395604395604395,4.0,0.0,NA,NA,30,0,0
Lang,27,20%,STARTS,0.04395604395604395,4.0,0.0652014652014652,NA,NA,28,0,2
Lang,27,20%,STARTS+FAST-S,0.04395604395604395,4.0,0.0,NA,NA,30,0,0
Lang,27,20%,STARTS+FAST-P,0.04395604395604395,4.0,0.0,NA,NA,30,0,0
Lang,27,20%,STARTS+DPT,0.04395604395604395,4.0,0.0,NA,NA,30,0,0
Lang,27,20%,Fastazi-S,0.04395604395604395,4.0,0.0663003663003663,NA,NA,28,0,2
Lang,27,20%,Fastazi-P,0.04395604395604395,4.0,0.0,NA,NA,30,0,0
Lang,27,20%,Random,0.04395604395604395,4.0,0.032051282051282055,NA,NA,29,0,1
Lang,27,25%,Ekstazi,0.054945054945054965,5.0,0.1934065934065934,NA,NA,24,0,6
Lang,27,25%,FAST,0.054945054945054965,5.0,0.0,NA,NA,30,0,0
Lang,27,25%,Ekstazi+dpt,0.054945054945054965,5.0,0.0,NA,NA,30,0,0
Lang,27,25%,DPT,0.054945054945054965,5.0,0.0,NA,NA,30,0,0
Lang,27,25%,STARTS,0.054945054945054965,5.0,0.09688644688644689,NA,NA,27,0,3
Lang,27,25%,STARTS+FAST-S,0.054945054945054965,5.0,0.0,NA,NA,30,0,0
Lang,27,25%,STARTS+FAST-P,0.054945054945054965,5.0,0.0,NA,NA,30,0,0
Lang,27,25%,STARTS+DPT,0.054945054945054965,5.0,0.0,NA,NA,30,0,0
Lang,27,25%,Fastazi-S,0.054945054945054965,5.0,0.0663003663003663,NA,NA,28,0,2
Lang,27,25%,Fastazi-P,0.054945054945054965,5.0,0.0,NA,NA,30,0,0
Lang,27,25%,Random,0.054945054945054965,5.0,0.032051282051282055,NA,NA,29,0,1
Lang,27,30%,Ekstazi,0.06593406593406594,6.0,0.2560439560439561,NA,NA,22,0,8
Lang,27,30%,FAST,0.06593406593406594,6.0,0.0,NA,NA,30,0,0
Lang,27,30%,Ekstazi+dpt,0.06593406593406594,6.0,0.0,NA,NA,30,0,0
Lang,27,30%,DPT,0.06593406593406594,6.0,0.0,NA,NA,30,0,0
Lang,27,30%,STARTS,0.06593406593406594,6.0,0.09688644688644689,NA,NA,27,0,3
Lang,27,30%,STARTS+FAST-S,0.06593406593406594,6.0,0.0,NA,NA,30,0,0
Lang,27,30%,STARTS+FAST-P,0.06593406593406594,6.0,0.0,NA,NA,30,0,0
Lang,27,30%,STARTS+DPT,0.06593406593406594,6.0,0.0,NA,NA,30,0,0
Lang,27,30%,Fastazi-S,0.06593406593406594,6.0,0.0663003663003663,NA,NA,28,0,2
Lang,27,30%,Fastazi-P,0.06593406593406594,6.0,0.0,NA,NA,30,0,0
Lang,27,30%,Random,0.06593406593406594,6.0,0.032051282051282055,NA,NA,29,0,1
Lang,27,40%,Ekstazi,0.0879120879120879,8.0,0.4093406593406594,NA,NA,17,0,13
Lang,27,40%,FAST,0.0879120879120879,8.0,0.0,NA,NA,30,0,0
Lang,27,40%,Ekstazi+dpt,0.0879120879120879,8.0,0.0,NA,NA,30,0,0
Lang,27,40%,DPT,0.0879120879120879,8.0,0.0,NA,NA,30,0,0
Lang,27,40%,STARTS,0.0879120879120879,8.0,0.09688644688644689,NA,NA,27,0,3
Lang,27,40%,STARTS+FAST-S,0.0879120879120879,8.0,0.0,NA,NA,30,0,0
Lang,27,40%,STARTS+FAST-P,0.0879120879120879,8.0,0.0,NA,NA,30,0,0
Lang,27,40%,STARTS+DPT,0.0879120879120879,8.0,0.0,NA,NA,30,0,0
Lang,27,40%,Fastazi-S,0.0879120879120879,8.0,0.0663003663003663,NA,NA,28,0,2
Lang,27,40%,Fastazi-P,0.0879120879120879,8.0,0.0,NA,NA,30,0,0
Lang,27,40%,Random,0.0879120879120879,8.0,0.09358974358974358,NA,NA,27,0,3
Lang,27,50%,Ekstazi,0.10989010989010993,10.0,0.4093406593406594,NA,NA,17,0,13
Lang,27,50%,FAST,0.10989010989010993,10.0,0.0,NA,NA,30,0,0
Lang,27,50%,Ekstazi+dpt,0.10989010989010993,10.0,0.0,NA,NA,30,0,0
Lang,27,50%,DPT,0.10989010989010993,10.0,0.0,NA,NA,30,0,0
Lang,27,50%,STARTS,0.10989010989010993,10.0,0.15732600732600732,NA,NA,25,0,5
Lang,27,50%,STARTS+FAST-S,0.10989010989010993,10.0,0.0,NA,NA,30,0,0
Lang,27,50%,STARTS+FAST-P,0.10989010989010993,10.0,0.0,NA,NA,30,0,0
Lang,27,50%,STARTS+DPT,0.10989010989010993,10.0,0.0,NA,NA,30,0,0
Lang,27,50%,Fastazi-S,0.10989010989010993,10.0,0.0663003663003663,NA,NA,28,0,2
Lang,27,50%,Fastazi-P,0.10989010989010993,10.0,0.0,NA,NA,30,0,0
Lang,27,50%,Random,0.10989010989010993,10.0,0.15366300366300364,NA,NA,25,0,5
Lang,27,60%,Ekstazi,0.13186813186813187,12.0,0.49670329670329677,NA,NA,14,0,16
Lang,27,60%,FAST,0.13186813186813187,12.0,0.0,NA,NA,30,0,0
Lang,27,60%,Ekstazi+dpt,0.13186813186813187,12.0,0.0,NA,NA,30,0,0
Lang,27,60%,DPT,0.13186813186813187,12.0,0.0,NA,NA,30,0,0
Lang,27,60%,STARTS,0.13186813186813187,12.0,0.15732600732600732,NA,NA,25,0,5
Lang,27,60%,STARTS+FAST-S,0.13186813186813187,12.0,0.0,NA,NA,30,0,0
Lang,27,60%,STARTS+FAST-P,0.13186813186813187,12.0,0.0,NA,NA,30,0,0
Lang,27,60%,STARTS+DPT,0.13186813186813187,12.0,0.0,NA,NA,30,0,0
Lang,27,60%,Fastazi-S,0.13186813186813187,12.0,0.0663003663003663,NA,NA,28,0,2
Lang,27,60%,Fastazi-P,0.13186813186813187,12.0,0.0,NA,NA,30,0,0
Lang,27,60%,Random,0.13186813186813187,12.0,0.15366300366300364,NA,NA,25,0,5
Lang,27,70%,Ekstazi,0.15384615384615383,14.0,0.5538461538461539,NA,NA,12,0,18
Lang,27,70%,FAST,0.15384615384615383,14.0,0.0,NA,NA,30,0,0
Lang,27,70%,Ekstazi+dpt,0.15384615384615383,14.0,0.0,NA,NA,30,0,0
Lang,27,70%,DPT,0.15384615384615383,14.0,0.0,NA,NA,30,0,0
Lang,27,70%,STARTS,0.15384615384615383,14.0,0.18608058608058606,NA,NA,24,0,6
Lang,27,70%,STARTS+FAST-S,0.15384615384615383,14.0,0.0,NA,NA,30,0,0
Lang,27,70%,STARTS+FAST-P,0.15384615384615383,14.0,0.0,NA,NA,30,0,0
Lang,27,70%,STARTS+DPT,0.15384615384615383,14.0,0.0,NA,NA,30,0,0
Lang,27,70%,Fastazi-S,0.15384615384615383,14.0,0.634065934065934,NA,NA,8,0,22
Lang,27,70%,Fastazi-P,0.15384615384615383,14.0,0.0,NA,NA,30,0,0
Lang,27,70%,Random,0.15384615384615383,14.0,0.15366300366300364,NA,NA,25,0,5
Lang,27,75%,Ekstazi,0.16483516483516483,15.0,0.5818681318681319,NA,NA,11,0,19
Lang,27,75%,FAST,0.16483516483516483,15.0,0.0,NA,NA,30,0,0
Lang,27,75%,Ekstazi+dpt,0.16483516483516483,15.0,0.0,NA,NA,30,0,0
Lang,27,75%,DPT,0.16483516483516483,15.0,0.0,NA,NA,30,0,0
Lang,27,75%,STARTS,0.16483516483516483,15.0,0.21410256410256412,NA,NA,23,0,7
Lang,27,75%,STARTS+FAST-S,0.16483516483516483,15.0,0.0,NA,NA,30,0,0
Lang,27,75%,STARTS+FAST-P,0.16483516483516483,15.0,0.0,NA,NA,30,0,0
Lang,27,75%,STARTS+DPT,0.16483516483516483,15.0,0.0,NA,NA,30,0,0
Lang,27,75%,Fastazi-S,0.16483516483516483,15.0,0.858241758241758,13.4,0.14725274725274723,0,1,30
Lang,27,75%,Fastazi-P,0.16483516483516483,15.0,0.7846153846153844,NA,NA,2,0,28
Lang,27,75%,Random,0.16483516483516483,15.0,0.18168498168498165,NA,NA,24,0,6
Lang,27,80%,Ekstazi,0.1758241758241758,16.0,0.6095238095238095,NA,NA,10,0,20
Lang,27,80%,FAST,0.1758241758241758,16.0,0.0,NA,NA,30,0,0
Lang,27,80%,Ekstazi+dpt,0.1758241758241758,16.0,0.0,NA,NA,30,0,0
Lang,27,80%,DPT,0.1758241758241758,16.0,0.0,NA,NA,30,0,0
Lang,27,80%,STARTS,0.1758241758241758,16.0,0.21410256410256412,NA,NA,23,0,7
Lang,27,80%,STARTS+FAST-S,0.1758241758241758,16.0,0.0,NA,NA,30,0,0
Lang,27,80%,STARTS+FAST-P,0.1758241758241758,16.0,0.0,NA,NA,30,0,0
Lang,27,80%,STARTS+DPT,0.1758241758241758,16.0,0.0,NA,NA,30,0,0
Lang,27,80%,Fastazi-S,0.1758241758241758,16.0,0.858241758241758,13.4,0.14725274725274723,0,1,30
Lang,27,80%,Fastazi-P,0.1758241758241758,16.0,0.8399267399267397,15.066666666666666,0.16556776556776556,0,1,30
Lang,27,80%,Random,0.1758241758241758,16.0,0.18168498168498165,NA,NA,24,0,6
Lang,27,90%,Ekstazi,0.1978021978021979,18.0,0.7186813186813183,NA,NA,6,0,24
Lang,27,90%,FAST,0.1978021978021979,18.0,0.0,NA,NA,30,0,0
Lang,27,90%,Ekstazi+dpt,0.1978021978021979,18.0,0.24230769230769228,NA,NA,21,0,9
Lang,27,90%,DPT,0.1978021978021979,18.0,0.0,NA,NA,30,0,0
Lang,27,90%,STARTS,0.1978021978021979,18.0,0.21410256410256412,NA,NA,23,0,7
Lang,27,90%,STARTS+FAST-S,0.1978021978021979,18.0,0.0,NA,NA,30,0,0
Lang,27,90%,STARTS+FAST-P,0.1978021978021979,18.0,0.0,NA,NA,30,0,0
Lang,27,90%,STARTS+DPT,0.1978021978021979,18.0,0.0,NA,NA,30,0,0
Lang,27,90%,Fastazi-S,0.1978021978021979,18.0,0.858241758241758,13.4,0.14725274725274723,0,1,30
Lang,27,90%,Fastazi-P,0.1978021978021979,18.0,0.8399267399267397,15.066666666666666,0.16556776556776556,0,1,30
Lang,27,90%,Random,0.1978021978021979,18.0,0.18168498168498165,NA,NA,24,0,6
Lang,27,100%,Ekstazi,0.2307692307692308,21.0,0.8761904761904759,11.766666666666667,0.12930402930402932,0,1,30
Lang,27,100%,FAST,0.2307692307692308,21.0,0.0,NA,NA,30,0,0
Lang,27,100%,Ekstazi+dpt,0.2307692307692308,21.0,0.7959706959706959,19.066666666666666,0.2095238095238096,0,1,30
Lang,27,100%,DPT,0.2307692307692308,21.0,0.0,NA,NA,30,0,0
Lang,27,100%,STARTS,0.2307692307692308,21.0,0.2406593406593407,NA,NA,22,0,8
Lang,27,100%,STARTS+FAST-S,0.2307692307692308,21.0,0.0,NA,NA,30,0,0
Lang,27,100%,STARTS+FAST-P,0.2307692307692308,21.0,0.0,NA,NA,30,0,0
Lang,27,100%,STARTS+DPT,0.2307692307692308,21.0,0.0,NA,NA,30,0,0
Lang,27,100%,Fastazi-S,0.2307692307692308,21.0,0.858241758241758,13.4,0.14725274725274723,0,1,30
Lang,27,100%,Fastazi-P,0.2307692307692308,21.0,0.8399267399267397,15.066666666666666,0.16556776556776556,0,1,30
Lang,27,100%,Random,0.2307692307692308,21.0,0.18168498168498165,NA,NA,24,0,6
