Project, Version, Budget, Suite, RelBudget, Test count, APFDf, TTFF, pTTFF, Misses, Hit, HitCount
Compress,9,10%,Ekstazi,0.08695652173913039,4.0,0.0960144927536232,NA,NA,27,0,3
Compress,9,10%,FAST,0.08695652173913039,4.0,0.03297101449275362,NA,NA,29,0,1
Compress,9,10%,Ekstazi+dpt,0.08695652173913039,4.0,0.0,NA,NA,30,0,0
Compress,9,10%,DPT,0.08695652173913039,4.0,0.0,NA,NA,30,0,0
Compress,9,10%,STARTS,0.08695652173913039,4.0,0.12753623188405797,NA,NA,26,0,4
Compress,9,10%,STARTS+FAST-S,0.08695652173913039,4.0,0.03297101449275362,NA,NA,29,0,1
Compress,9,10%,STARTS+FAST-P,0.08695652173913039,4.0,0.03297101449275362,NA,NA,29,0,1
Compress,9,10%,STARTS+DPT,0.08695652173913039,4.0,0.0,NA,NA,30,0,0
Compress,9,10%,Fastazi-S,0.08695652173913039,4.0,0.0,NA,NA,30,0,0
Compress,9,10%,Fastazi-P,0.08695652173913039,4.0,0.03297101449275362,NA,NA,29,0,1
Compress,9,10%,Random,0.08695652173913039,4.0,0.22282608695652176,NA,NA,23,0,7
Compress,9,20%,Ekstazi,0.17391304347826078,8.0,0.21340579710144927,NA,NA,23,0,7
Compress,9,20%,FAST,0.17391304347826078,8.0,0.03297101449275362,NA,NA,29,0,1
Compress,9,20%,Ekstazi+dpt,0.17391304347826078,8.0,0.0,NA,NA,30,0,0
Compress,9,20%,DPT,0.17391304347826078,8.0,0.0,NA,NA,30,0,0
Compress,9,20%,STARTS,0.17391304347826078,8.0,0.21268115942028987,NA,NA,23,0,7
Compress,9,20%,STARTS+FAST-S,0.17391304347826078,8.0,0.03297101449275362,NA,NA,29,0,1
Compress,9,20%,STARTS+FAST-P,0.17391304347826078,8.0,0.03297101449275362,NA,NA,29,0,1
Compress,9,20%,STARTS+DPT,0.17391304347826078,8.0,0.0,NA,NA,30,0,0
Compress,9,20%,Fastazi-S,0.17391304347826078,8.0,0.0,NA,NA,30,0,0
Compress,9,20%,Fastazi-P,0.17391304347826078,8.0,0.03297101449275362,NA,NA,29,0,1
Compress,9,20%,Random,0.17391304347826078,8.0,0.30942028985507253,NA,NA,20,0,10
Compress,9,25%,Ekstazi,0.2391304347826086,11.0,0.26630434782608703,NA,NA,21,0,9
Compress,9,25%,FAST,0.2391304347826086,11.0,0.03297101449275362,NA,NA,29,0,1
Compress,9,25%,Ekstazi+dpt,0.2391304347826086,11.0,0.0,NA,NA,30,0,0
Compress,9,25%,DPT,0.2391304347826086,11.0,0.0,NA,NA,30,0,0
Compress,9,25%,STARTS,0.2391304347826086,11.0,0.29275362318840586,NA,NA,20,0,10
Compress,9,25%,STARTS+FAST-S,0.2391304347826086,11.0,0.03297101449275362,NA,NA,29,0,1
Compress,9,25%,STARTS+FAST-P,0.2391304347826086,11.0,0.03297101449275362,NA,NA,29,0,1
Compress,9,25%,STARTS+DPT,0.2391304347826086,11.0,0.0,NA,NA,30,0,0
Compress,9,25%,Fastazi-S,0.2391304347826086,11.0,0.0,NA,NA,30,0,0
Compress,9,25%,Fastazi-P,0.2391304347826086,11.0,0.03297101449275362,NA,NA,29,0,1
Compress,9,25%,Random,0.2391304347826086,11.0,0.39021739130434785,NA,NA,17,0,13
Compress,9,30%,Ekstazi,0.2826086956521739,13.0,0.2905797101449276,NA,NA,20,0,10
Compress,9,30%,FAST,0.2826086956521739,13.0,0.03297101449275362,NA,NA,29,0,1
Compress,9,30%,Ekstazi+dpt,0.2826086956521739,13.0,0.0,NA,NA,30,0,0
Compress,9,30%,DPT,0.2826086956521739,13.0,0.0,NA,NA,30,0,0
Compress,9,30%,STARTS,0.2826086956521739,13.0,0.29275362318840586,NA,NA,20,0,10
Compress,9,30%,STARTS+FAST-S,0.2826086956521739,13.0,0.03297101449275362,NA,NA,29,0,1
Compress,9,30%,STARTS+FAST-P,0.2826086956521739,13.0,0.03297101449275362,NA,NA,29,0,1
Compress,9,30%,STARTS+DPT,0.2826086956521739,13.0,0.0,NA,NA,30,0,0
Compress,9,30%,Fastazi-S,0.2826086956521739,13.0,0.0,NA,NA,30,0,0
Compress,9,30%,Fastazi-P,0.2826086956521739,13.0,0.03297101449275362,NA,NA,29,0,1
Compress,9,30%,Random,0.2826086956521739,13.0,0.39021739130434785,NA,NA,17,0,13
Compress,9,40%,Ekstazi,0.3695652173913045,17.0,0.33478260869565213,NA,NA,18,0,12
Compress,9,40%,FAST,0.3695652173913045,17.0,0.03297101449275362,NA,NA,29,0,1
Compress,9,40%,Ekstazi+dpt,0.3695652173913045,17.0,0.0,NA,NA,30,0,0
Compress,9,40%,DPT,0.3695652173913045,17.0,0.0,NA,NA,30,0,0
Compress,9,40%,STARTS,0.3695652173913045,17.0,0.3155797101449276,NA,NA,19,0,11
Compress,9,40%,STARTS+FAST-S,0.3695652173913045,17.0,0.03297101449275362,NA,NA,29,0,1
Compress,9,40%,STARTS+FAST-P,0.3695652173913045,17.0,0.03297101449275362,NA,NA,29,0,1
Compress,9,40%,STARTS+DPT,0.3695652173913045,17.0,0.0,NA,NA,30,0,0
Compress,9,40%,Fastazi-S,0.3695652173913045,17.0,0.0,NA,NA,30,0,0
Compress,9,40%,Fastazi-P,0.3695652173913045,17.0,0.03297101449275362,NA,NA,29,0,1
Compress,9,40%,Random,0.3695652173913045,17.0,0.39021739130434785,NA,NA,17,0,13
Compress,9,50%,Ekstazi,0.4782608695652172,22.0,0.3894927536231884,NA,NA,15,0,15
Compress,9,50%,FAST,0.4782608695652172,22.0,0.03297101449275362,NA,NA,29,0,1
Compress,9,50%,Ekstazi+dpt,0.4782608695652172,22.0,0.0,NA,NA,30,0,0
Compress,9,50%,DPT,0.4782608695652172,22.0,0.0,NA,NA,30,0,0
Compress,9,50%,STARTS,0.4782608695652172,22.0,0.37391304347826093,NA,NA,16,0,14
Compress,9,50%,STARTS+FAST-S,0.4782608695652172,22.0,0.03297101449275362,NA,NA,29,0,1
Compress,9,50%,STARTS+FAST-P,0.4782608695652172,22.0,0.03297101449275362,NA,NA,29,0,1
Compress,9,50%,STARTS+DPT,0.4782608695652172,22.0,0.0,NA,NA,30,0,0
Compress,9,50%,Fastazi-S,0.4782608695652172,22.0,0.0,NA,NA,30,0,0
Compress,9,50%,Fastazi-P,0.4782608695652172,22.0,0.03297101449275362,NA,NA,29,0,1
Compress,9,50%,Random,0.4782608695652172,22.0,0.5105072463768117,NA,NA,11,0,19
Compress,9,60%,Ekstazi,0.5652173913043478,26.0,0.4192028985507246,NA,NA,13,0,17
Compress,9,60%,FAST,0.5652173913043478,26.0,0.22608695652173919,NA,NA,16,0,14
Compress,9,60%,Ekstazi+dpt,0.5652173913043478,26.0,0.48043478260869577,24.4,0.5304347826086955,0,1,30
Compress,9,60%,DPT,0.5652173913043478,26.0,0.4760869565217393,24.6,0.5347826086956521,0,1,30
Compress,9,60%,STARTS,0.5652173913043478,26.0,0.43840579710144933,NA,NA,12,0,18
Compress,9,60%,STARTS+FAST-S,0.5652173913043478,26.0,0.4760869565217391,24.6,0.5347826086956521,0,1,30
Compress,9,60%,STARTS+FAST-P,0.5652173913043478,26.0,0.4648550724637681,NA,NA,1,0,29
Compress,9,60%,STARTS+DPT,0.5652173913043478,26.0,0.4775362318840581,24.533333333333335,0.5333333333333332,0,1,30
Compress,9,60%,Fastazi-S,0.5652173913043478,26.0,0.4579710144927536,25.433333333333334,0.5528985507246376,0,1,30
Compress,9,60%,Fastazi-P,0.5652173913043478,26.0,0.47463768115942023,24.666666666666668,0.5362318840579708,0,1,30
Compress,9,60%,Random,0.5652173913043478,26.0,0.5105072463768117,NA,NA,11,0,19
Compress,9,70%,Ekstazi,0.6521739130434782,30.0,0.44673913043478264,NA,NA,11,0,19
Compress,9,70%,FAST,0.6521739130434782,30.0,0.4521739130434785,25.7,0.5586956521739131,0,1,30
Compress,9,70%,Ekstazi+dpt,0.6521739130434782,30.0,0.48043478260869577,24.4,0.5304347826086955,0,1,30
Compress,9,70%,DPT,0.6521739130434782,30.0,0.4760869565217393,24.6,0.5347826086956521,0,1,30
Compress,9,70%,STARTS,0.6521739130434782,30.0,0.48840579710144927,NA,NA,8,0,22
Compress,9,70%,STARTS+FAST-S,0.6521739130434782,30.0,0.4760869565217391,24.6,0.5347826086956521,0,1,30
Compress,9,70%,STARTS+FAST-P,0.6521739130434782,30.0,0.4782608695652174,24.5,0.5326086956521737,0,1,30
Compress,9,70%,STARTS+DPT,0.6521739130434782,30.0,0.4775362318840581,24.533333333333335,0.5333333333333332,0,1,30
Compress,9,70%,Fastazi-S,0.6521739130434782,30.0,0.4579710144927536,25.433333333333334,0.5528985507246376,0,1,30
Compress,9,70%,Fastazi-P,0.6521739130434782,30.0,0.47463768115942023,24.666666666666668,0.5362318840579708,0,1,30
Compress,9,70%,Random,0.6521739130434782,30.0,0.5358695652173914,NA,NA,9,0,21
Compress,9,75%,Ekstazi,0.7173913043478257,33.0,0.4565217391304348,NA,NA,10,0,20
Compress,9,75%,FAST,0.7173913043478257,33.0,0.4521739130434785,25.7,0.5586956521739131,0,1,30
Compress,9,75%,Ekstazi+dpt,0.7173913043478257,33.0,0.48043478260869577,24.4,0.5304347826086955,0,1,30
Compress,9,75%,DPT,0.7173913043478257,33.0,0.4760869565217393,24.6,0.5347826086956521,0,1,30
Compress,9,75%,STARTS,0.7173913043478257,33.0,0.49818840579710144,NA,NA,7,0,23
Compress,9,75%,STARTS+FAST-S,0.7173913043478257,33.0,0.4760869565217391,24.6,0.5347826086956521,0,1,30
Compress,9,75%,STARTS+FAST-P,0.7173913043478257,33.0,0.4782608695652174,24.5,0.5326086956521737,0,1,30
Compress,9,75%,STARTS+DPT,0.7173913043478257,33.0,0.4775362318840581,24.533333333333335,0.5333333333333332,0,1,30
Compress,9,75%,Fastazi-S,0.7173913043478257,33.0,0.4579710144927536,25.433333333333334,0.5528985507246376,0,1,30
Compress,9,75%,Fastazi-P,0.7173913043478257,33.0,0.47463768115942023,24.666666666666668,0.5362318840579708,0,1,30
Compress,9,75%,Random,0.7173913043478257,33.0,0.5981884057971014,NA,NA,3,0,27
Compress,9,80%,Ekstazi,0.760869565217391,35.0,0.4829710144927537,NA,NA,7,0,23
Compress,9,80%,FAST,0.760869565217391,35.0,0.4521739130434785,25.7,0.5586956521739131,0,1,30
Compress,9,80%,Ekstazi+dpt,0.760869565217391,35.0,0.48043478260869577,24.4,0.5304347826086955,0,1,30
Compress,9,80%,DPT,0.760869565217391,35.0,0.4760869565217393,24.6,0.5347826086956521,0,1,30
Compress,9,80%,STARTS,0.760869565217391,35.0,0.49818840579710144,NA,NA,7,0,23
Compress,9,80%,STARTS+FAST-S,0.760869565217391,35.0,0.4760869565217391,24.6,0.5347826086956521,0,1,30
Compress,9,80%,STARTS+FAST-P,0.760869565217391,35.0,0.4782608695652174,24.5,0.5326086956521737,0,1,30
Compress,9,80%,STARTS+DPT,0.760869565217391,35.0,0.4775362318840581,24.533333333333335,0.5333333333333332,0,1,30
Compress,9,80%,Fastazi-S,0.760869565217391,35.0,0.4579710144927536,25.433333333333334,0.5528985507246376,0,1,30
Compress,9,80%,Fastazi-P,0.760869565217391,35.0,0.47463768115942023,24.666666666666668,0.5362318840579708,0,1,30
Compress,9,80%,Random,0.760869565217391,35.0,0.6065217391304348,NA,NA,2,0,28
Compress,9,90%,Ekstazi,0.8478260869565222,39.0,0.5105072463768117,NA,NA,3,0,27
Compress,9,90%,FAST,0.8478260869565222,39.0,0.4521739130434785,25.7,0.5586956521739131,0,1,30
Compress,9,90%,Ekstazi+dpt,0.8478260869565222,39.0,0.48043478260869577,24.4,0.5304347826086955,0,1,30
Compress,9,90%,DPT,0.8478260869565222,39.0,0.4760869565217393,24.6,0.5347826086956521,0,1,30
Compress,9,90%,STARTS,0.8478260869565222,39.0,0.5119565217391304,NA,NA,5,0,25
Compress,9,90%,STARTS+FAST-S,0.8478260869565222,39.0,0.4760869565217391,24.6,0.5347826086956521,0,1,30
Compress,9,90%,STARTS+FAST-P,0.8478260869565222,39.0,0.4782608695652174,24.5,0.5326086956521737,0,1,30
Compress,9,90%,STARTS+DPT,0.8478260869565222,39.0,0.4775362318840581,24.533333333333335,0.5333333333333332,0,1,30
Compress,9,90%,Fastazi-S,0.8478260869565222,39.0,0.4579710144927536,25.433333333333334,0.5528985507246376,0,1,30
Compress,9,90%,Fastazi-P,0.8478260869565222,39.0,0.47463768115942023,24.666666666666668,0.5362318840579708,0,1,30
Compress,9,90%,Random,0.8478260869565222,39.0,0.6188405797101451,18.033333333333335,0.39202898550724635,0,1,30
Compress,9,100%,Ekstazi,0.9565217391304344,44.0,0.5188405797101451,22.633333333333333,0.49202898550724644,0,1,30
Compress,9,100%,FAST,0.9565217391304344,44.0,0.4521739130434785,25.7,0.5586956521739131,0,1,30
Compress,9,100%,Ekstazi+dpt,0.9565217391304344,44.0,0.48043478260869577,24.4,0.5304347826086955,0,1,30
Compress,9,100%,DPT,0.9565217391304344,44.0,0.4760869565217393,24.6,0.5347826086956521,0,1,30
Compress,9,100%,STARTS,0.9565217391304344,44.0,0.5278985507246376,NA,NA,1,0,29
Compress,9,100%,STARTS+FAST-S,0.9565217391304344,44.0,0.4760869565217391,24.6,0.5347826086956521,0,1,30
Compress,9,100%,STARTS+FAST-P,0.9565217391304344,44.0,0.4782608695652174,24.5,0.5326086956521737,0,1,30
Compress,9,100%,STARTS+DPT,0.9565217391304344,44.0,0.4775362318840581,24.533333333333335,0.5333333333333332,0,1,30
Compress,9,100%,Fastazi-S,0.9565217391304344,44.0,0.4579710144927536,25.433333333333334,0.5528985507246376,0,1,30
Compress,9,100%,Fastazi-P,0.9565217391304344,44.0,0.47463768115942023,24.666666666666668,0.5362318840579708,0,1,30
Compress,9,100%,Random,0.9565217391304344,44.0,0.6188405797101451,18.033333333333335,0.39202898550724635,0,1,30
Compress,10,10%,Ekstazi,0.05555555555555557,3.0,0.06358024691358025,NA,NA,28,0,2
Compress,10,10%,FAST,0.05555555555555557,3.0,0.033024691358024695,NA,NA,29,0,1
Compress,10,10%,Ekstazi+dpt,0.05555555555555557,3.0,0.0,NA,NA,30,0,0
Compress,10,10%,DPT,0.05555555555555557,3.0,0.0,NA,NA,30,0,0
Compress,10,10%,STARTS,0.05555555555555557,3.0,0.03179012345679012,NA,NA,29,0,1
Compress,10,10%,STARTS+FAST-S,0.05555555555555557,3.0,0.0,NA,NA,30,0,0
Compress,10,10%,STARTS+FAST-P,0.05555555555555557,3.0,0.0,NA,NA,30,0,0
Compress,10,10%,STARTS+DPT,0.05555555555555557,3.0,0.0,NA,NA,30,0,0
Compress,10,10%,Fastazi-S,0.05555555555555557,3.0,0.033024691358024695,NA,NA,29,0,1
Compress,10,10%,Fastazi-P,0.05555555555555557,3.0,0.033024691358024695,NA,NA,29,0,1
Compress,10,10%,Random,0.05555555555555557,3.0,0.09537037037037037,NA,NA,27,0,3
Compress,10,20%,Ekstazi,0.11111111111111115,6.0,0.12407407407407407,NA,NA,26,0,4
Compress,10,20%,FAST,0.11111111111111115,6.0,0.033024691358024695,NA,NA,29,0,1
Compress,10,20%,Ekstazi+dpt,0.11111111111111115,6.0,0.9166666666666671,5.0,0.09259259259259257,0,1,30
Compress,10,20%,DPT,0.11111111111111115,6.0,0.9166666666666671,5.0,0.09259259259259257,0,1,30
Compress,10,20%,STARTS,0.11111111111111115,6.0,0.03179012345679012,NA,NA,29,0,1
Compress,10,20%,STARTS+FAST-S,0.11111111111111115,6.0,0.0,NA,NA,30,0,0
Compress,10,20%,STARTS+FAST-P,0.11111111111111115,6.0,0.0,NA,NA,30,0,0
Compress,10,20%,STARTS+DPT,0.11111111111111115,6.0,0.9166666666666671,5.0,0.09259259259259257,0,1,30
Compress,10,20%,Fastazi-S,0.11111111111111115,6.0,0.033024691358024695,NA,NA,29,0,1
Compress,10,20%,Fastazi-P,0.11111111111111115,6.0,0.033024691358024695,NA,NA,29,0,1
Compress,10,20%,Random,0.11111111111111115,6.0,0.1259259259259259,NA,NA,26,0,4
Compress,10,25%,Ekstazi,0.14814814814814803,8.0,0.21018518518518517,NA,NA,23,0,7
Compress,10,25%,FAST,0.14814814814814803,8.0,0.033024691358024695,NA,NA,29,0,1
Compress,10,25%,Ekstazi+dpt,0.14814814814814803,8.0,0.9166666666666671,5.0,0.09259259259259257,0,1,30
Compress,10,25%,DPT,0.14814814814814803,8.0,0.9166666666666671,5.0,0.09259259259259257,0,1,30
Compress,10,25%,STARTS,0.14814814814814803,8.0,0.061111111111111116,NA,NA,28,0,2
Compress,10,25%,STARTS+FAST-S,0.14814814814814803,8.0,0.0,NA,NA,30,0,0
Compress,10,25%,STARTS+FAST-P,0.14814814814814803,8.0,0.0,NA,NA,30,0,0
Compress,10,25%,STARTS+DPT,0.14814814814814803,8.0,0.9166666666666671,5.0,0.09259259259259257,0,1,30
Compress,10,25%,Fastazi-S,0.14814814814814803,8.0,0.033024691358024695,NA,NA,29,0,1
Compress,10,25%,Fastazi-P,0.14814814814814803,8.0,0.033024691358024695,NA,NA,29,0,1
Compress,10,25%,Random,0.14814814814814803,8.0,0.1259259259259259,NA,NA,26,0,4
Compress,10,30%,Ekstazi,0.16666666666666666,9.0,0.21018518518518517,NA,NA,23,0,7
Compress,10,30%,FAST,0.16666666666666666,9.0,0.033024691358024695,NA,NA,29,0,1
Compress,10,30%,Ekstazi+dpt,0.16666666666666666,9.0,0.9166666666666671,5.0,0.09259259259259257,0,1,30
Compress,10,30%,DPT,0.16666666666666666,9.0,0.9166666666666671,5.0,0.09259259259259257,0,1,30
Compress,10,30%,STARTS,0.16666666666666666,9.0,0.061111111111111116,NA,NA,28,0,2
Compress,10,30%,STARTS+FAST-S,0.16666666666666666,9.0,0.0,NA,NA,30,0,0
Compress,10,30%,STARTS+FAST-P,0.16666666666666666,9.0,0.5055555555555559,NA,NA,12,0,18
Compress,10,30%,STARTS+DPT,0.16666666666666666,9.0,0.9166666666666671,5.0,0.09259259259259257,0,1,30
Compress,10,30%,Fastazi-S,0.16666666666666666,9.0,0.033024691358024695,NA,NA,29,0,1
Compress,10,30%,Fastazi-P,0.16666666666666666,9.0,0.033024691358024695,NA,NA,29,0,1
Compress,10,30%,Random,0.16666666666666666,9.0,0.1259259259259259,NA,NA,26,0,4
Compress,10,40%,Ekstazi,0.24074074074074064,13.0,0.23765432098765432,NA,NA,22,0,8
Compress,10,40%,FAST,0.24074074074074064,13.0,0.033024691358024695,NA,NA,29,0,1
Compress,10,40%,Ekstazi+dpt,0.24074074074074064,13.0,0.9166666666666671,5.0,0.09259259259259257,0,1,30
Compress,10,40%,DPT,0.24074074074074064,13.0,0.9166666666666671,5.0,0.09259259259259257,0,1,30
Compress,10,40%,STARTS,0.24074074074074064,13.0,0.16913580246913584,NA,NA,24,0,6
Compress,10,40%,STARTS+FAST-S,0.24074074074074064,13.0,0.8240740740740737,10.0,0.18518518518518515,0,1,30
Compress,10,40%,STARTS+FAST-P,0.24074074074074064,13.0,0.7802469135802468,NA,NA,2,0,28
Compress,10,40%,STARTS+DPT,0.24074074074074064,13.0,0.9166666666666671,5.0,0.09259259259259257,0,1,30
Compress,10,40%,Fastazi-S,0.24074074074074064,13.0,0.033024691358024695,NA,NA,29,0,1
Compress,10,40%,Fastazi-P,0.24074074074074064,13.0,0.033024691358024695,NA,NA,29,0,1
Compress,10,40%,Random,0.24074074074074064,13.0,0.18024691358024694,NA,NA,24,0,6
Compress,10,50%,Ekstazi,0.29629629629629606,16.0,0.23765432098765432,NA,NA,22,0,8
Compress,10,50%,FAST,0.29629629629629606,16.0,0.033024691358024695,NA,NA,29,0,1
Compress,10,50%,Ekstazi+dpt,0.29629629629629606,16.0,0.9166666666666671,5.0,0.09259259259259257,0,1,30
Compress,10,50%,DPT,0.29629629629629606,16.0,0.9166666666666671,5.0,0.09259259259259257,0,1,30
Compress,10,50%,STARTS,0.29629629629629606,16.0,0.2666666666666667,NA,NA,20,0,10
Compress,10,50%,STARTS+FAST-S,0.29629629629629606,16.0,0.8240740740740737,10.0,0.18518518518518515,0,1,30
Compress,10,50%,STARTS+FAST-P,0.29629629629629606,16.0,0.7802469135802468,NA,NA,2,0,28
Compress,10,50%,STARTS+DPT,0.29629629629629606,16.0,0.9166666666666671,5.0,0.09259259259259257,0,1,30
Compress,10,50%,Fastazi-S,0.29629629629629606,16.0,0.033024691358024695,NA,NA,29,0,1
Compress,10,50%,Fastazi-P,0.29629629629629606,16.0,0.17561728395061726,NA,NA,23,0,7
Compress,10,50%,Random,0.29629629629629606,16.0,0.20462962962962963,NA,NA,23,0,7
Compress,10,60%,Ekstazi,0.3518518518518518,19.0,0.35216049382716047,NA,NA,17,0,13
Compress,10,60%,FAST,0.3518518518518518,19.0,0.033024691358024695,NA,NA,29,0,1
Compress,10,60%,Ekstazi+dpt,0.3518518518518518,19.0,0.9166666666666671,5.0,0.09259259259259257,0,1,30
Compress,10,60%,DPT,0.3518518518518518,19.0,0.9166666666666671,5.0,0.09259259259259257,0,1,30
Compress,10,60%,STARTS,0.3518518518518518,19.0,0.28981481481481486,NA,NA,19,0,11
Compress,10,60%,STARTS+FAST-S,0.3518518518518518,19.0,0.8240740740740737,10.0,0.18518518518518515,0,1,30
Compress,10,60%,STARTS+FAST-P,0.3518518518518518,19.0,0.7802469135802468,NA,NA,2,0,28
Compress,10,60%,STARTS+DPT,0.3518518518518518,19.0,0.9166666666666671,5.0,0.09259259259259257,0,1,30
Compress,10,60%,Fastazi-S,0.3518518518518518,19.0,0.033024691358024695,NA,NA,29,0,1
Compress,10,60%,Fastazi-P,0.3518518518518518,19.0,0.7074074074074073,16.3,0.30185185185185187,0,1,30
Compress,10,60%,Random,0.3518518518518518,19.0,0.25030864197530867,NA,NA,21,0,9
Compress,10,70%,Ekstazi,0.4259259259259257,23.0,0.4737654320987655,NA,NA,11,0,19
Compress,10,70%,FAST,0.4259259259259257,23.0,0.033024691358024695,NA,NA,29,0,1
Compress,10,70%,Ekstazi+dpt,0.4259259259259257,23.0,0.9166666666666671,5.0,0.09259259259259257,0,1,30
Compress,10,70%,DPT,0.4259259259259257,23.0,0.9166666666666671,5.0,0.09259259259259257,0,1,30
Compress,10,70%,STARTS,0.4259259259259257,23.0,0.39197530864197533,NA,NA,14,0,16
Compress,10,70%,STARTS+FAST-S,0.4259259259259257,23.0,0.8240740740740737,10.0,0.18518518518518515,0,1,30
Compress,10,70%,STARTS+FAST-P,0.4259259259259257,23.0,0.7802469135802468,NA,NA,2,0,28
Compress,10,70%,STARTS+DPT,0.4259259259259257,23.0,0.9166666666666671,5.0,0.09259259259259257,0,1,30
Compress,10,70%,Fastazi-S,0.4259259259259257,23.0,0.514506172839506,NA,NA,5,0,25
Compress,10,70%,Fastazi-P,0.4259259259259257,23.0,0.7074074074074073,16.3,0.30185185185185187,0,1,30
Compress,10,70%,Random,0.4259259259259257,23.0,0.29104938271604935,NA,NA,19,0,11
Compress,10,75%,Ekstazi,0.4444444444444446,24.0,0.49259259259259264,NA,NA,10,0,20
Compress,10,75%,FAST,0.4444444444444446,24.0,0.5601851851851852,NA,NA,1,0,29
Compress,10,75%,Ekstazi+dpt,0.4444444444444446,24.0,0.9166666666666671,5.0,0.09259259259259257,0,1,30
Compress,10,75%,DPT,0.4444444444444446,24.0,0.9166666666666671,5.0,0.09259259259259257,0,1,30
Compress,10,75%,STARTS,0.4444444444444446,24.0,0.39197530864197533,NA,NA,14,0,16
Compress,10,75%,STARTS+FAST-S,0.4444444444444446,24.0,0.8240740740740737,10.0,0.18518518518518515,0,1,30
Compress,10,75%,STARTS+FAST-P,0.4444444444444446,24.0,0.7802469135802468,NA,NA,2,0,28
Compress,10,75%,STARTS+DPT,0.4444444444444446,24.0,0.9166666666666671,5.0,0.09259259259259257,0,1,30
Compress,10,75%,Fastazi-S,0.4444444444444446,24.0,0.6086419753086417,21.633333333333333,0.4006172839506171,0,1,30
Compress,10,75%,Fastazi-P,0.4444444444444446,24.0,0.7074074074074073,16.3,0.30185185185185187,0,1,30
Compress,10,75%,Random,0.4444444444444446,24.0,0.29104938271604935,NA,NA,19,0,11
Compress,10,80%,Ekstazi,0.4814814814814813,26.0,0.5277777777777778,NA,NA,8,0,22
Compress,10,80%,FAST,0.4814814814814813,26.0,0.5777777777777778,23.3,0.4314814814814817,0,1,30
Compress,10,80%,Ekstazi+dpt,0.4814814814814813,26.0,0.9166666666666671,5.0,0.09259259259259257,0,1,30
Compress,10,80%,DPT,0.4814814814814813,26.0,0.9166666666666671,5.0,0.09259259259259257,0,1,30
Compress,10,80%,STARTS,0.4814814814814813,26.0,0.39197530864197533,NA,NA,14,0,16
Compress,10,80%,STARTS+FAST-S,0.4814814814814813,26.0,0.8240740740740737,10.0,0.18518518518518515,0,1,30
Compress,10,80%,STARTS+FAST-P,0.4814814814814813,26.0,0.7802469135802468,NA,NA,2,0,28
Compress,10,80%,STARTS+DPT,0.4814814814814813,26.0,0.9166666666666671,5.0,0.09259259259259257,0,1,30
Compress,10,80%,Fastazi-S,0.4814814814814813,26.0,0.6086419753086417,21.633333333333333,0.4006172839506171,0,1,30
Compress,10,80%,Fastazi-P,0.4814814814814813,26.0,0.7074074074074073,16.3,0.30185185185185187,0,1,30
Compress,10,80%,Random,0.4814814814814813,26.0,0.30864197530864196,NA,NA,18,0,12
Compress,10,90%,Ekstazi,0.5370370370370368,29.0,0.6095679012345679,NA,NA,3,0,27
Compress,10,90%,FAST,0.5370370370370368,29.0,0.5777777777777778,23.3,0.4314814814814817,0,1,30
Compress,10,90%,Ekstazi+dpt,0.5370370370370368,29.0,0.9166666666666671,5.0,0.09259259259259257,0,1,30
Compress,10,90%,DPT,0.5370370370370368,29.0,0.9166666666666671,5.0,0.09259259259259257,0,1,30
Compress,10,90%,STARTS,0.5370370370370368,29.0,0.42407407407407405,NA,NA,12,0,18
Compress,10,90%,STARTS+FAST-S,0.5370370370370368,29.0,0.8240740740740737,10.0,0.18518518518518515,0,1,30
Compress,10,90%,STARTS+FAST-P,0.5370370370370368,29.0,0.7802469135802468,NA,NA,2,0,28
Compress,10,90%,STARTS+DPT,0.5370370370370368,29.0,0.9166666666666671,5.0,0.09259259259259257,0,1,30
Compress,10,90%,Fastazi-S,0.5370370370370368,29.0,0.6086419753086417,21.633333333333333,0.4006172839506171,0,1,30
Compress,10,90%,Fastazi-P,0.5370370370370368,29.0,0.7074074074074073,16.3,0.30185185185185187,0,1,30
Compress,10,90%,Random,0.5370370370370368,29.0,0.30864197530864196,NA,NA,18,0,12
Compress,10,100%,Ekstazi,0.6111111111111108,33.0,0.6512345679012346,19.333333333333332,0.35802469135802467,0,1,30
Compress,10,100%,FAST,0.6111111111111108,33.0,0.5777777777777778,23.3,0.4314814814814817,0,1,30
Compress,10,100%,Ekstazi+dpt,0.6111111111111108,33.0,0.9166666666666671,5.0,0.09259259259259257,0,1,30
Compress,10,100%,DPT,0.6111111111111108,33.0,0.9166666666666671,5.0,0.09259259259259257,0,1,30
Compress,10,100%,STARTS,0.6111111111111108,33.0,0.49537037037037035,NA,NA,7,0,23
Compress,10,100%,STARTS+FAST-S,0.6111111111111108,33.0,0.8240740740740737,10.0,0.18518518518518515,0,1,30
Compress,10,100%,STARTS+FAST-P,0.6111111111111108,33.0,0.7802469135802468,NA,NA,2,0,28
Compress,10,100%,STARTS+DPT,0.6111111111111108,33.0,0.9166666666666671,5.0,0.09259259259259257,0,1,30
Compress,10,100%,Fastazi-S,0.6111111111111108,33.0,0.6086419753086417,21.633333333333333,0.4006172839506171,0,1,30
Compress,10,100%,Fastazi-P,0.6111111111111108,33.0,0.7074074074074073,16.3,0.30185185185185187,0,1,30
Compress,10,100%,Random,0.6111111111111108,33.0,0.3364197530864198,NA,NA,16,0,14
Compress,11,10%,Ekstazi,0.05357142857142859,3.0,0.06488095238095239,NA,NA,28,0,2
Compress,11,10%,FAST,0.05357142857142859,3.0,0.033035714285714286,NA,NA,29,0,1
Compress,11,10%,Ekstazi+dpt,0.05357142857142859,3.0,0.0,NA,NA,30,0,0
Compress,11,10%,DPT,0.05357142857142859,3.0,0.0,NA,NA,30,0,0
Compress,11,10%,STARTS,0.05357142857142859,3.0,0.033035714285714286,NA,NA,29,0,1
Compress,11,10%,STARTS+FAST-S,0.05357142857142859,3.0,0.0,NA,NA,30,0,0
Compress,11,10%,STARTS+FAST-P,0.05357142857142859,3.0,0.0,NA,NA,30,0,0
Compress,11,10%,STARTS+DPT,0.05357142857142859,3.0,0.0,NA,NA,30,0,0
Compress,11,10%,Fastazi-S,0.05357142857142859,3.0,0.033035714285714286,NA,NA,29,0,1
Compress,11,10%,Fastazi-P,0.05357142857142859,3.0,0.5425595238095237,NA,NA,13,0,17
Compress,11,10%,Random,0.05357142857142859,3.0,0.06547619047619048,NA,NA,28,0,2
Compress,11,20%,Ekstazi,0.125,7.0,0.06488095238095239,NA,NA,28,0,2
Compress,11,20%,FAST,0.125,7.0,0.860714285714286,NA,NA,2,0,28
Compress,11,20%,Ekstazi+dpt,0.125,7.0,0.0,NA,NA,30,0,0
Compress,11,20%,DPT,0.125,7.0,0.0,NA,NA,30,0,0
Compress,11,20%,STARTS,0.125,7.0,0.1232142857142857,NA,NA,26,0,4
Compress,11,20%,STARTS+FAST-S,0.125,7.0,0.0,NA,NA,30,0,0
Compress,11,20%,STARTS+FAST-P,0.125,7.0,0.0,NA,NA,30,0,0
Compress,11,20%,STARTS+DPT,0.125,7.0,0.0,NA,NA,30,0,0
Compress,11,20%,Fastazi-S,0.125,7.0,0.9196428571428574,5.0,0.08928571428571429,0,1,30
Compress,11,20%,Fastazi-P,0.125,7.0,0.8863095238095237,NA,NA,2,0,28
Compress,11,20%,Random,0.125,7.0,0.09494047619047619,NA,NA,27,0,3
Compress,11,25%,Ekstazi,0.14285714285714282,8.0,0.06488095238095239,NA,NA,28,0,2
Compress,11,25%,FAST,0.14285714285714282,8.0,0.860714285714286,NA,NA,2,0,28
Compress,11,25%,Ekstazi+dpt,0.14285714285714282,8.0,0.0,NA,NA,30,0,0
Compress,11,25%,DPT,0.14285714285714282,8.0,0.0,NA,NA,30,0,0
Compress,11,25%,STARTS,0.14285714285714282,8.0,0.15208333333333332,NA,NA,25,0,5
Compress,11,25%,STARTS+FAST-S,0.14285714285714282,8.0,0.0,NA,NA,30,0,0
Compress,11,25%,STARTS+FAST-P,0.14285714285714282,8.0,0.0,NA,NA,30,0,0
Compress,11,25%,STARTS+DPT,0.14285714285714282,8.0,0.0,NA,NA,30,0,0
Compress,11,25%,Fastazi-S,0.14285714285714282,8.0,0.9196428571428574,5.0,0.08928571428571429,0,1,30
Compress,11,25%,Fastazi-P,0.14285714285714282,8.0,0.8863095238095237,NA,NA,2,0,28
Compress,11,25%,Random,0.14285714285714282,8.0,0.12380952380952381,NA,NA,26,0,4
Compress,11,30%,Ekstazi,0.17857142857142855,10.0,0.0931547619047619,NA,NA,27,0,3
Compress,11,30%,FAST,0.17857142857142855,10.0,0.860714285714286,NA,NA,2,0,28
Compress,11,30%,Ekstazi+dpt,0.17857142857142855,10.0,0.0,NA,NA,30,0,0
Compress,11,30%,DPT,0.17857142857142855,10.0,0.0,NA,NA,30,0,0
Compress,11,30%,STARTS,0.17857142857142855,10.0,0.31994047619047616,NA,NA,19,0,11
Compress,11,30%,STARTS+FAST-S,0.17857142857142855,10.0,0.0,NA,NA,30,0,0
Compress,11,30%,STARTS+FAST-P,0.17857142857142855,10.0,0.0,NA,NA,30,0,0
Compress,11,30%,STARTS+DPT,0.17857142857142855,10.0,0.0,NA,NA,30,0,0
Compress,11,30%,Fastazi-S,0.17857142857142855,10.0,0.9196428571428574,5.0,0.08928571428571429,0,1,30
Compress,11,30%,Fastazi-P,0.17857142857142855,10.0,0.8863095238095237,NA,NA,2,0,28
Compress,11,30%,Random,0.17857142857142855,10.0,0.17976190476190476,NA,NA,24,0,6
Compress,11,40%,Ekstazi,0.25,14.0,0.25148809523809523,NA,NA,21,0,9
Compress,11,40%,FAST,0.25,14.0,0.860714285714286,NA,NA,2,0,28
Compress,11,40%,Ekstazi+dpt,0.25,14.0,0.0,NA,NA,30,0,0
Compress,11,40%,DPT,0.25,14.0,0.0,NA,NA,30,0,0
Compress,11,40%,STARTS,0.25,14.0,0.3458333333333333,NA,NA,18,0,12
Compress,11,40%,STARTS+FAST-S,0.25,14.0,0.0,NA,NA,30,0,0
Compress,11,40%,STARTS+FAST-P,0.25,14.0,0.0,NA,NA,30,0,0
Compress,11,40%,STARTS+DPT,0.25,14.0,0.0,NA,NA,30,0,0
Compress,11,40%,Fastazi-S,0.25,14.0,0.9196428571428574,5.0,0.08928571428571429,0,1,30
Compress,11,40%,Fastazi-P,0.25,14.0,0.8863095238095237,NA,NA,2,0,28
Compress,11,40%,Random,0.25,14.0,0.23214285714285715,NA,NA,22,0,8
Compress,11,50%,Ekstazi,0.30357142857142866,17.0,0.325,NA,NA,18,0,12
Compress,11,50%,FAST,0.30357142857142866,17.0,0.860714285714286,NA,NA,2,0,28
Compress,11,50%,Ekstazi+dpt,0.30357142857142866,17.0,0.0,NA,NA,30,0,0
Compress,11,50%,DPT,0.30357142857142866,17.0,0.0,NA,NA,30,0,0
Compress,11,50%,STARTS,0.30357142857142866,17.0,0.36994047619047615,NA,NA,17,0,13
Compress,11,50%,STARTS+FAST-S,0.30357142857142866,17.0,0.0,NA,NA,30,0,0
Compress,11,50%,STARTS+FAST-P,0.30357142857142866,17.0,0.0,NA,NA,30,0,0
Compress,11,50%,STARTS+DPT,0.30357142857142866,17.0,0.0,NA,NA,30,0,0
Compress,11,50%,Fastazi-S,0.30357142857142866,17.0,0.9196428571428574,5.0,0.08928571428571429,0,1,30
Compress,11,50%,Fastazi-P,0.30357142857142866,17.0,0.8863095238095237,NA,NA,2,0,28
Compress,11,50%,Random,0.30357142857142866,17.0,0.2556547619047619,NA,NA,21,0,9
Compress,11,60%,Ekstazi,0.375,21.0,0.45476190476190476,NA,NA,12,0,18
Compress,11,60%,FAST,0.375,21.0,0.860714285714286,NA,NA,2,0,28
Compress,11,60%,Ekstazi+dpt,0.375,21.0,0.0,NA,NA,30,0,0
Compress,11,60%,DPT,0.375,21.0,0.0,NA,NA,30,0,0
Compress,11,60%,STARTS,0.375,21.0,0.4797619047619047,NA,NA,12,0,18
Compress,11,60%,STARTS+FAST-S,0.375,21.0,0.0,NA,NA,30,0,0
Compress,11,60%,STARTS+FAST-P,0.375,21.0,0.0,NA,NA,30,0,0
Compress,11,60%,STARTS+DPT,0.375,21.0,0.0,NA,NA,30,0,0
Compress,11,60%,Fastazi-S,0.375,21.0,0.9196428571428574,5.0,0.08928571428571429,0,1,30
Compress,11,60%,Fastazi-P,0.375,21.0,0.9309523809523808,4.366666666666666,0.07797619047619046,0,1,30
Compress,11,60%,Random,0.375,21.0,0.27738095238095245,NA,NA,20,0,10
Compress,11,70%,Ekstazi,0.4285714285714287,24.0,0.5145833333333333,NA,NA,9,0,21
Compress,11,70%,FAST,0.4285714285714287,24.0,0.860714285714286,NA,NA,2,0,28
Compress,11,70%,Ekstazi+dpt,0.4285714285714287,24.0,0.4133928571428572,NA,NA,9,0,21
Compress,11,70%,DPT,0.4285714285714287,24.0,0.17410714285714282,NA,NA,21,0,9
Compress,11,70%,STARTS,0.4285714285714287,24.0,0.5595238095238095,NA,NA,8,0,22
Compress,11,70%,STARTS+FAST-S,0.4285714285714287,24.0,0.0,NA,NA,30,0,0
Compress,11,70%,STARTS+FAST-P,0.4285714285714287,24.0,0.0,NA,NA,30,0,0
Compress,11,70%,STARTS+DPT,0.4285714285714287,24.0,0.3330357142857142,NA,NA,13,0,17
Compress,11,70%,Fastazi-S,0.4285714285714287,24.0,0.9196428571428574,5.0,0.08928571428571429,0,1,30
Compress,11,70%,Fastazi-P,0.4285714285714287,24.0,0.9309523809523808,4.366666666666666,0.07797619047619046,0,1,30
Compress,11,70%,Random,0.4285714285714287,24.0,0.3372023809523809,NA,NA,17,0,13
Compress,11,75%,Ekstazi,0.464285714285714,26.0,0.5327380952380952,NA,NA,8,0,22
Compress,11,75%,FAST,0.464285714285714,26.0,0.860714285714286,NA,NA,2,0,28
Compress,11,75%,Ekstazi+dpt,0.464285714285714,26.0,0.5821428571428572,23.9,0.4267857142857144,0,1,30
Compress,11,75%,DPT,0.464285714285714,26.0,0.5625,25.0,0.44642857142857134,0,1,30
Compress,11,75%,STARTS,0.464285714285714,26.0,0.5964285714285715,NA,NA,6,0,24
Compress,11,75%,STARTS+FAST-S,0.464285714285714,26.0,0.0,NA,NA,30,0,0
Compress,11,75%,STARTS+FAST-P,0.464285714285714,26.0,0.0,NA,NA,30,0,0
Compress,11,75%,STARTS+DPT,0.464285714285714,26.0,0.5767857142857142,24.2,0.43214285714285716,0,1,30
Compress,11,75%,Fastazi-S,0.464285714285714,26.0,0.9196428571428574,5.0,0.08928571428571429,0,1,30
Compress,11,75%,Fastazi-P,0.464285714285714,26.0,0.9309523809523808,4.366666666666666,0.07797619047619046,0,1,30
Compress,11,75%,Random,0.464285714285714,26.0,0.3372023809523809,NA,NA,17,0,13
Compress,11,80%,Ekstazi,0.5,28.0,0.5497023809523809,NA,NA,7,0,23
Compress,11,80%,FAST,0.5,28.0,0.860714285714286,NA,NA,2,0,28
Compress,11,80%,Ekstazi+dpt,0.5,28.0,0.5821428571428572,23.9,0.4267857142857144,0,1,30
Compress,11,80%,DPT,0.5,28.0,0.5625,25.0,0.44642857142857134,0,1,30
Compress,11,80%,STARTS,0.5,28.0,0.630952380952381,NA,NA,4,0,26
Compress,11,80%,STARTS+FAST-S,0.5,28.0,0.5249999999999997,27.1,0.4839285714285716,0,1,30
Compress,11,80%,STARTS+FAST-P,0.5,28.0,0.4416666666666665,NA,NA,4,0,26
Compress,11,80%,STARTS+DPT,0.5,28.0,0.5767857142857142,24.2,0.43214285714285716,0,1,30
Compress,11,80%,Fastazi-S,0.5,28.0,0.9196428571428574,5.0,0.08928571428571429,0,1,30
Compress,11,80%,Fastazi-P,0.5,28.0,0.9309523809523808,4.366666666666666,0.07797619047619046,0,1,30
Compress,11,80%,Random,0.5,28.0,0.37172619047619043,NA,NA,15,0,15
Compress,11,90%,Ekstazi,0.5535714285714287,31.0,0.6297619047619046,NA,NA,2,0,28
Compress,11,90%,FAST,0.5535714285714287,31.0,0.892261904761905,6.533333333333333,0.11666666666666668,0,1,30
Compress,11,90%,Ekstazi+dpt,0.5535714285714287,31.0,0.5821428571428572,23.9,0.4267857142857144,0,1,30
Compress,11,90%,DPT,0.5535714285714287,31.0,0.5625,25.0,0.44642857142857134,0,1,30
Compress,11,90%,STARTS,0.5535714285714287,31.0,0.6630952380952381,NA,NA,2,0,28
Compress,11,90%,STARTS+FAST-S,0.5535714285714287,31.0,0.5249999999999997,27.1,0.4839285714285716,0,1,30
Compress,11,90%,STARTS+FAST-P,0.5535714285714287,31.0,0.5071428571428569,28.1,0.5017857142857144,0,1,30
Compress,11,90%,STARTS+DPT,0.5535714285714287,31.0,0.5767857142857142,24.2,0.43214285714285716,0,1,30
Compress,11,90%,Fastazi-S,0.5535714285714287,31.0,0.9196428571428574,5.0,0.08928571428571429,0,1,30
Compress,11,90%,Fastazi-P,0.5535714285714287,31.0,0.9309523809523808,4.366666666666666,0.07797619047619046,0,1,30
Compress,11,90%,Random,0.5535714285714287,31.0,0.4354166666666667,NA,NA,11,0,19
Compress,11,100%,Ekstazi,0.625,35.0,0.6571428571428569,19.7,0.3517857142857142,0,1,30
Compress,11,100%,FAST,0.625,35.0,0.892261904761905,6.533333333333333,0.11666666666666668,0,1,30
Compress,11,100%,Ekstazi+dpt,0.625,35.0,0.5821428571428572,23.9,0.4267857142857144,0,1,30
Compress,11,100%,DPT,0.625,35.0,0.5625,25.0,0.44642857142857134,0,1,30
Compress,11,100%,STARTS,0.625,35.0,0.6904761904761905,17.833333333333332,0.31845238095238104,0,1,30
Compress,11,100%,STARTS+FAST-S,0.625,35.0,0.5249999999999997,27.1,0.4839285714285716,0,1,30
Compress,11,100%,STARTS+FAST-P,0.625,35.0,0.5071428571428569,28.1,0.5017857142857144,0,1,30
Compress,11,100%,STARTS+DPT,0.625,35.0,0.5767857142857142,24.2,0.43214285714285716,0,1,30
Compress,11,100%,Fastazi-S,0.625,35.0,0.9196428571428574,5.0,0.08928571428571429,0,1,30
Compress,11,100%,Fastazi-P,0.625,35.0,0.9309523809523808,4.366666666666666,0.07797619047619046,0,1,30
Compress,11,100%,Random,0.625,35.0,0.4354166666666667,NA,NA,11,0,19
Compress,12,10%,Ekstazi,0.017857142857142853,1.0,0.23125,NA,NA,23,0,7
Compress,12,10%,FAST,0.017857142857142853,1.0,0.033035714285714286,NA,NA,29,0,1
Compress,12,10%,Ekstazi+dpt,0.017857142857142853,1.0,0.0,NA,NA,30,0,0
Compress,12,10%,DPT,0.017857142857142853,1.0,0.0,NA,NA,30,0,0
Compress,12,10%,STARTS,0.017857142857142853,1.0,0.0,NA,NA,30,0,0
Compress,12,10%,STARTS+FAST-S,0.017857142857142853,1.0,0.0,NA,NA,30,0,0
Compress,12,10%,STARTS+FAST-P,0.017857142857142853,1.0,0.0,NA,NA,30,0,0
Compress,12,10%,STARTS+DPT,0.017857142857142853,1.0,0.0,NA,NA,30,0,0
Compress,12,10%,Fastazi-S,0.017857142857142853,1.0,0.09910714285714285,NA,NA,27,0,3
Compress,12,10%,Fastazi-P,0.017857142857142853,1.0,0.033035714285714286,NA,NA,29,0,1
Compress,12,10%,Random,0.017857142857142853,1.0,0.0,NA,NA,30,0,0
Compress,12,20%,Ekstazi,0.035714285714285705,2.0,0.32857142857142857,NA,NA,20,0,10
Compress,12,20%,FAST,0.035714285714285705,2.0,0.033035714285714286,NA,NA,29,0,1
Compress,12,20%,Ekstazi+dpt,0.035714285714285705,2.0,0.0,NA,NA,30,0,0
Compress,12,20%,DPT,0.035714285714285705,2.0,0.0,NA,NA,30,0,0
Compress,12,20%,STARTS,0.035714285714285705,2.0,0.0,NA,NA,30,0,0
Compress,12,20%,STARTS+FAST-S,0.035714285714285705,2.0,0.0,NA,NA,30,0,0
Compress,12,20%,STARTS+FAST-P,0.035714285714285705,2.0,0.0,NA,NA,30,0,0
Compress,12,20%,STARTS+DPT,0.035714285714285705,2.0,0.0,NA,NA,30,0,0
Compress,12,20%,Fastazi-S,0.035714285714285705,2.0,0.09910714285714285,NA,NA,27,0,3
Compress,12,20%,Fastazi-P,0.035714285714285705,2.0,0.9089285714285713,NA,NA,2,0,28
Compress,12,20%,Random,0.035714285714285705,2.0,0.0,NA,NA,30,0,0
Compress,12,25%,Ekstazi,0.05357142857142859,3.0,0.3604166666666667,NA,NA,19,0,11
Compress,12,25%,FAST,0.05357142857142859,3.0,0.033035714285714286,NA,NA,29,0,1
Compress,12,25%,Ekstazi+dpt,0.05357142857142859,3.0,0.0,NA,NA,30,0,0
Compress,12,25%,DPT,0.05357142857142859,3.0,0.0,NA,NA,30,0,0
Compress,12,25%,STARTS,0.05357142857142859,3.0,0.0,NA,NA,30,0,0
Compress,12,25%,STARTS+FAST-S,0.05357142857142859,3.0,0.0,NA,NA,30,0,0
Compress,12,25%,STARTS+FAST-P,0.05357142857142859,3.0,0.06369047619047619,NA,NA,28,0,2
Compress,12,25%,STARTS+DPT,0.05357142857142859,3.0,0.0,NA,NA,30,0,0
Compress,12,25%,Fastazi-S,0.05357142857142859,3.0,0.9270833333333329,NA,NA,1,0,29
Compress,12,25%,Fastazi-P,0.05357142857142859,3.0,0.9726190476190474,2.033333333333333,0.0363095238095238,0,1,30
Compress,12,25%,Random,0.05357142857142859,3.0,0.0,NA,NA,30,0,0
Compress,12,30%,Ekstazi,0.05357142857142859,3.0,0.3604166666666667,NA,NA,19,0,11
Compress,12,30%,FAST,0.05357142857142859,3.0,0.033035714285714286,NA,NA,29,0,1
Compress,12,30%,Ekstazi+dpt,0.05357142857142859,3.0,0.0,NA,NA,30,0,0
Compress,12,30%,DPT,0.05357142857142859,3.0,0.0,NA,NA,30,0,0
Compress,12,30%,STARTS,0.05357142857142859,3.0,0.0,NA,NA,30,0,0
Compress,12,30%,STARTS+FAST-S,0.05357142857142859,3.0,0.0,NA,NA,30,0,0
Compress,12,30%,STARTS+FAST-P,0.05357142857142859,3.0,0.06369047619047619,NA,NA,28,0,2
Compress,12,30%,STARTS+DPT,0.05357142857142859,3.0,0.0,NA,NA,30,0,0
Compress,12,30%,Fastazi-S,0.05357142857142859,3.0,0.9270833333333329,NA,NA,1,0,29
Compress,12,30%,Fastazi-P,0.05357142857142859,3.0,0.9726190476190474,2.033333333333333,0.0363095238095238,0,1,30
Compress,12,30%,Random,0.05357142857142859,3.0,0.0,NA,NA,30,0,0
Compress,12,40%,Ekstazi,0.07142857142857141,4.0,0.39166666666666666,NA,NA,18,0,12
Compress,12,40%,FAST,0.07142857142857141,4.0,0.9392857142857144,3.9,0.06964285714285713,0,1,30
Compress,12,40%,Ekstazi+dpt,0.07142857142857141,4.0,0.0,NA,NA,30,0,0
Compress,12,40%,DPT,0.07142857142857141,4.0,0.0,NA,NA,30,0,0
Compress,12,40%,STARTS,0.07142857142857141,4.0,0.03125,NA,NA,29,0,1
Compress,12,40%,STARTS+FAST-S,0.07142857142857141,4.0,0.09375,NA,NA,27,0,3
Compress,12,40%,STARTS+FAST-P,0.07142857142857141,4.0,0.06369047619047619,NA,NA,28,0,2
Compress,12,40%,STARTS+DPT,0.07142857142857141,4.0,0.0,NA,NA,30,0,0
Compress,12,40%,Fastazi-S,0.07142857142857141,4.0,0.9583333333333329,2.8333333333333335,0.05059523809523811,0,1,30
Compress,12,40%,Fastazi-P,0.07142857142857141,4.0,0.9726190476190474,2.033333333333333,0.0363095238095238,0,1,30
Compress,12,40%,Random,0.07142857142857141,4.0,0.03125,NA,NA,29,0,1
Compress,12,50%,Ekstazi,0.10714285714285718,6.0,0.543154761904762,NA,NA,13,0,17
Compress,12,50%,FAST,0.10714285714285718,6.0,0.9392857142857144,3.9,0.06964285714285713,0,1,30
Compress,12,50%,Ekstazi+dpt,0.10714285714285718,6.0,0.4809523809523808,NA,NA,14,0,16
Compress,12,50%,DPT,0.10714285714285718,6.0,0.0,NA,NA,30,0,0
Compress,12,50%,STARTS,0.10714285714285718,6.0,0.03125,NA,NA,29,0,1
Compress,12,50%,STARTS+FAST-S,0.10714285714285718,6.0,0.09375,NA,NA,27,0,3
Compress,12,50%,STARTS+FAST-P,0.10714285714285718,6.0,0.06369047619047619,NA,NA,28,0,2
Compress,12,50%,STARTS+DPT,0.10714285714285718,6.0,0.0,NA,NA,30,0,0
Compress,12,50%,Fastazi-S,0.10714285714285718,6.0,0.9583333333333329,2.8333333333333335,0.05059523809523811,0,1,30
Compress,12,50%,Fastazi-P,0.10714285714285718,6.0,0.9726190476190474,2.033333333333333,0.0363095238095238,0,1,30
Compress,12,50%,Random,0.10714285714285718,6.0,0.06190476190476191,NA,NA,28,0,2
Compress,12,60%,Ekstazi,0.125,7.0,0.6610119047619047,NA,NA,9,0,21
Compress,12,60%,FAST,0.125,7.0,0.9392857142857144,3.9,0.06964285714285713,0,1,30
Compress,12,60%,Ekstazi+dpt,0.125,7.0,0.8934523809523813,6.466666666666667,0.1154761904761905,0,1,30
Compress,12,60%,DPT,0.125,7.0,0.0,NA,NA,30,0,0
Compress,12,60%,STARTS,0.125,7.0,0.060714285714285714,NA,NA,28,0,2
Compress,12,60%,STARTS+FAST-S,0.125,7.0,0.1232142857142857,NA,NA,26,0,4
Compress,12,60%,STARTS+FAST-P,0.125,7.0,0.06369047619047619,NA,NA,28,0,2
Compress,12,60%,STARTS+DPT,0.125,7.0,0.0,NA,NA,30,0,0
Compress,12,60%,Fastazi-S,0.125,7.0,0.9583333333333329,2.8333333333333335,0.05059523809523811,0,1,30
Compress,12,60%,Fastazi-P,0.125,7.0,0.9726190476190474,2.033333333333333,0.0363095238095238,0,1,30
Compress,12,60%,Random,0.125,7.0,0.06190476190476191,NA,NA,28,0,2
Compress,12,70%,Ekstazi,0.14285714285714282,8.0,0.6898809523809523,NA,NA,8,0,22
Compress,12,70%,FAST,0.14285714285714282,8.0,0.9392857142857144,3.9,0.06964285714285713,0,1,30
Compress,12,70%,Ekstazi+dpt,0.14285714285714282,8.0,0.8934523809523813,6.466666666666667,0.1154761904761905,0,1,30
Compress,12,70%,DPT,0.14285714285714282,8.0,0.0,NA,NA,30,0,0
Compress,12,70%,STARTS,0.14285714285714282,8.0,0.060714285714285714,NA,NA,28,0,2
Compress,12,70%,STARTS+FAST-S,0.14285714285714282,8.0,0.1232142857142857,NA,NA,26,0,4
Compress,12,70%,STARTS+FAST-P,0.14285714285714282,8.0,0.06369047619047619,NA,NA,28,0,2
Compress,12,70%,STARTS+DPT,0.14285714285714282,8.0,0.0,NA,NA,30,0,0
Compress,12,70%,Fastazi-S,0.14285714285714282,8.0,0.9583333333333329,2.8333333333333335,0.05059523809523811,0,1,30
Compress,12,70%,Fastazi-P,0.14285714285714282,8.0,0.9726190476190474,2.033333333333333,0.0363095238095238,0,1,30
Compress,12,70%,Random,0.14285714285714282,8.0,0.06190476190476191,NA,NA,28,0,2
Compress,12,75%,Ekstazi,0.16071428571428567,9.0,0.7181547619047618,NA,NA,7,0,23
Compress,12,75%,FAST,0.16071428571428567,9.0,0.9392857142857144,3.9,0.06964285714285713,0,1,30
Compress,12,75%,Ekstazi+dpt,0.16071428571428567,9.0,0.8934523809523813,6.466666666666667,0.1154761904761905,0,1,30
Compress,12,75%,DPT,0.16071428571428567,9.0,0.0,NA,NA,30,0,0
Compress,12,75%,STARTS,0.16071428571428567,9.0,0.060714285714285714,NA,NA,28,0,2
Compress,12,75%,STARTS+FAST-S,0.16071428571428567,9.0,0.1232142857142857,NA,NA,26,0,4
Compress,12,75%,STARTS+FAST-P,0.16071428571428567,9.0,0.06369047619047619,NA,NA,28,0,2
Compress,12,75%,STARTS+DPT,0.16071428571428567,9.0,0.0,NA,NA,30,0,0
Compress,12,75%,Fastazi-S,0.16071428571428567,9.0,0.9583333333333329,2.8333333333333335,0.05059523809523811,0,1,30
Compress,12,75%,Fastazi-P,0.16071428571428567,9.0,0.9726190476190474,2.033333333333333,0.0363095238095238,0,1,30
Compress,12,75%,Random,0.16071428571428567,9.0,0.06190476190476191,NA,NA,28,0,2
Compress,12,80%,Ekstazi,0.16071428571428567,9.0,0.7181547619047618,NA,NA,7,0,23
Compress,12,80%,FAST,0.16071428571428567,9.0,0.9392857142857144,3.9,0.06964285714285713,0,1,30
Compress,12,80%,Ekstazi+dpt,0.16071428571428567,9.0,0.8934523809523813,6.466666666666667,0.1154761904761905,0,1,30
Compress,12,80%,DPT,0.16071428571428567,9.0,0.0,NA,NA,30,0,0
Compress,12,80%,STARTS,0.16071428571428567,9.0,0.060714285714285714,NA,NA,28,0,2
Compress,12,80%,STARTS+FAST-S,0.16071428571428567,9.0,0.1232142857142857,NA,NA,26,0,4
Compress,12,80%,STARTS+FAST-P,0.16071428571428567,9.0,0.06369047619047619,NA,NA,28,0,2
Compress,12,80%,STARTS+DPT,0.16071428571428567,9.0,0.0,NA,NA,30,0,0
Compress,12,80%,Fastazi-S,0.16071428571428567,9.0,0.9583333333333329,2.8333333333333335,0.05059523809523811,0,1,30
Compress,12,80%,Fastazi-P,0.16071428571428567,9.0,0.9726190476190474,2.033333333333333,0.0363095238095238,0,1,30
Compress,12,80%,Random,0.16071428571428567,9.0,0.06190476190476191,NA,NA,28,0,2
Compress,12,90%,Ekstazi,0.17857142857142855,10.0,0.7181547619047618,NA,NA,7,0,23
Compress,12,90%,FAST,0.17857142857142855,10.0,0.9392857142857144,3.9,0.06964285714285713,0,1,30
Compress,12,90%,Ekstazi+dpt,0.17857142857142855,10.0,0.8934523809523813,6.466666666666667,0.1154761904761905,0,1,30
Compress,12,90%,DPT,0.17857142857142855,10.0,0.0,NA,NA,30,0,0
Compress,12,90%,STARTS,0.17857142857142855,10.0,0.11607142857142858,NA,NA,26,0,4
Compress,12,90%,STARTS+FAST-S,0.17857142857142855,10.0,0.1232142857142857,NA,NA,26,0,4
Compress,12,90%,STARTS+FAST-P,0.17857142857142855,10.0,0.11904761904761904,NA,NA,26,0,4
Compress,12,90%,STARTS+DPT,0.17857142857142855,10.0,0.0,NA,NA,30,0,0
Compress,12,90%,Fastazi-S,0.17857142857142855,10.0,0.9583333333333329,2.8333333333333335,0.05059523809523811,0,1,30
Compress,12,90%,Fastazi-P,0.17857142857142855,10.0,0.9726190476190474,2.033333333333333,0.0363095238095238,0,1,30
Compress,12,90%,Random,0.17857142857142855,10.0,0.11726190476190476,NA,NA,26,0,4
Compress,12,100%,Ekstazi,0.21428571428571436,12.0,0.9059523809523807,5.766666666666667,0.10297619047619049,0,1,30
Compress,12,100%,FAST,0.21428571428571436,12.0,0.9392857142857144,3.9,0.06964285714285713,0,1,30
Compress,12,100%,Ekstazi+dpt,0.21428571428571436,12.0,0.8934523809523813,6.466666666666667,0.1154761904761905,0,1,30
Compress,12,100%,DPT,0.21428571428571436,12.0,0.0,NA,NA,30,0,0
Compress,12,100%,STARTS,0.21428571428571436,12.0,0.19553571428571428,NA,NA,23,0,7
Compress,12,100%,STARTS+FAST-S,0.21428571428571436,12.0,0.768452380952381,NA,NA,2,0,28
Compress,12,100%,STARTS+FAST-P,0.21428571428571436,12.0,0.7925595238095239,NA,NA,1,0,29
Compress,12,100%,STARTS+DPT,0.21428571428571436,12.0,0.0,NA,NA,30,0,0
Compress,12,100%,Fastazi-S,0.21428571428571436,12.0,0.9583333333333329,2.8333333333333335,0.05059523809523811,0,1,30
Compress,12,100%,Fastazi-P,0.21428571428571436,12.0,0.9726190476190474,2.033333333333333,0.0363095238095238,0,1,30
Compress,12,100%,Random,0.21428571428571436,12.0,0.11726190476190476,NA,NA,26,0,4
Compress,13,10%,Ekstazi,0.03508771929824562,2.0,0.13157894736842105,NA,NA,26,0,4
Compress,13,10%,FAST,0.03508771929824562,2.0,0.09912280701754386,NA,NA,27,0,3
Compress,13,10%,Ekstazi+dpt,0.03508771929824562,2.0,0.0,NA,NA,30,0,0
Compress,13,10%,DPT,0.03508771929824562,2.0,0.0,NA,NA,30,0,0
Compress,13,10%,STARTS,0.03508771929824562,2.0,0.06608187134502924,NA,NA,28,0,2
Compress,13,10%,STARTS+FAST-S,0.03508771929824562,2.0,0.0,NA,NA,30,0,0
Compress,13,10%,STARTS+FAST-P,0.03508771929824562,2.0,0.260233918128655,NA,NA,22,0,8
Compress,13,10%,STARTS+DPT,0.03508771929824562,2.0,0.0,NA,NA,30,0,0
Compress,13,10%,Fastazi-S,0.03508771929824562,2.0,0.09912280701754386,NA,NA,27,0,3
Compress,13,10%,Fastazi-P,0.03508771929824562,2.0,0.6833333333333331,NA,NA,9,0,21
Compress,13,10%,Random,0.03508771929824562,2.0,0.09853801169590642,NA,NA,27,0,3
Compress,13,20%,Ekstazi,0.07017543859649124,4.0,0.2891812865497076,NA,NA,21,0,9
Compress,13,20%,FAST,0.07017543859649124,4.0,0.9573099415204676,2.933333333333333,0.05146198830409354,0,1,30
Compress,13,20%,Ekstazi+dpt,0.07017543859649124,4.0,0.0,NA,NA,30,0,0
Compress,13,20%,DPT,0.07017543859649124,4.0,0.0,NA,NA,30,0,0
Compress,13,20%,STARTS,0.07017543859649124,4.0,0.22485380116959064,NA,NA,23,0,7
Compress,13,20%,STARTS+FAST-S,0.07017543859649124,4.0,0.9473684210526311,3.5,0.0614035087719298,0,1,30
Compress,13,20%,STARTS+FAST-P,0.07017543859649124,4.0,0.9549707602339178,3.066666666666667,0.053801169590643266,0,1,30
Compress,13,20%,STARTS+DPT,0.07017543859649124,4.0,0.0,NA,NA,30,0,0
Compress,13,20%,Fastazi-S,0.07017543859649124,4.0,0.8935672514619881,NA,NA,2,0,28
Compress,13,20%,Fastazi-P,0.07017543859649124,4.0,0.9695906432748534,2.2333333333333334,0.03918128654970759,0,1,30
Compress,13,20%,Random,0.07017543859649124,4.0,0.16228070175438597,NA,NA,25,0,5
Compress,13,25%,Ekstazi,0.08771929824561402,5.0,0.41198830409356724,NA,NA,17,0,13
Compress,13,25%,FAST,0.08771929824561402,5.0,0.9573099415204676,2.933333333333333,0.05146198830409354,0,1,30
Compress,13,25%,Ekstazi+dpt,0.08771929824561402,5.0,0.0,NA,NA,30,0,0
Compress,13,25%,DPT,0.08771929824561402,5.0,0.0,NA,NA,30,0,0
Compress,13,25%,STARTS,0.08771929824561402,5.0,0.2555555555555556,NA,NA,22,0,8
Compress,13,25%,STARTS+FAST-S,0.08771929824561402,5.0,0.9473684210526311,3.5,0.0614035087719298,0,1,30
Compress,13,25%,STARTS+FAST-P,0.08771929824561402,5.0,0.9549707602339178,3.066666666666667,0.053801169590643266,0,1,30
Compress,13,25%,STARTS+DPT,0.08771929824561402,5.0,0.0,NA,NA,30,0,0
Compress,13,25%,Fastazi-S,0.08771929824561402,5.0,0.9549707602339179,3.066666666666667,0.05380116959064326,0,1,30
Compress,13,25%,Fastazi-P,0.08771929824561402,5.0,0.9695906432748534,2.2333333333333334,0.03918128654970759,0,1,30
Compress,13,25%,Random,0.08771929824561402,5.0,0.19298245614035087,NA,NA,24,0,6
Compress,13,30%,Ekstazi,0.10526315789473677,6.0,0.4421052631578947,NA,NA,16,0,14
Compress,13,30%,FAST,0.10526315789473677,6.0,0.9573099415204676,2.933333333333333,0.05146198830409354,0,1,30
Compress,13,30%,Ekstazi+dpt,0.10526315789473677,6.0,0.0,NA,NA,30,0,0
Compress,13,30%,DPT,0.10526315789473677,6.0,0.0,NA,NA,30,0,0
Compress,13,30%,STARTS,0.10526315789473677,6.0,0.285672514619883,NA,NA,21,0,9
Compress,13,30%,STARTS+FAST-S,0.10526315789473677,6.0,0.9473684210526311,3.5,0.0614035087719298,0,1,30
Compress,13,30%,STARTS+FAST-P,0.10526315789473677,6.0,0.9549707602339178,3.066666666666667,0.053801169590643266,0,1,30
Compress,13,30%,STARTS+DPT,0.10526315789473677,6.0,0.0,NA,NA,30,0,0
Compress,13,30%,Fastazi-S,0.10526315789473677,6.0,0.9549707602339179,3.066666666666667,0.05380116959064326,0,1,30
Compress,13,30%,Fastazi-P,0.10526315789473677,6.0,0.9695906432748534,2.2333333333333334,0.03918128654970759,0,1,30
Compress,13,30%,Random,0.10526315789473677,6.0,0.22309941520467833,NA,NA,23,0,7
Compress,13,40%,Ekstazi,0.14035087719298248,8.0,0.5885964912280701,NA,NA,11,0,19
Compress,13,40%,FAST,0.14035087719298248,8.0,0.9573099415204676,2.933333333333333,0.05146198830409354,0,1,30
Compress,13,40%,Ekstazi+dpt,0.14035087719298248,8.0,0.0,NA,NA,30,0,0
Compress,13,40%,DPT,0.14035087719298248,8.0,0.0,NA,NA,30,0,0
Compress,13,40%,STARTS,0.14035087719298248,8.0,0.31461988304093574,NA,NA,20,0,10
Compress,13,40%,STARTS+FAST-S,0.14035087719298248,8.0,0.9473684210526311,3.5,0.0614035087719298,0,1,30
Compress,13,40%,STARTS+FAST-P,0.14035087719298248,8.0,0.9549707602339178,3.066666666666667,0.053801169590643266,0,1,30
Compress,13,40%,STARTS+DPT,0.14035087719298248,8.0,0.0,NA,NA,30,0,0
Compress,13,40%,Fastazi-S,0.14035087719298248,8.0,0.9549707602339179,3.066666666666667,0.05380116959064326,0,1,30
Compress,13,40%,Fastazi-P,0.14035087719298248,8.0,0.9695906432748534,2.2333333333333334,0.03918128654970759,0,1,30
Compress,13,40%,Random,0.14035087719298248,8.0,0.22309941520467833,NA,NA,23,0,7
Compress,13,50%,Ekstazi,0.19298245614035095,11.0,0.6447368421052633,NA,NA,9,0,21
Compress,13,50%,FAST,0.19298245614035095,11.0,0.9573099415204676,2.933333333333333,0.05146198830409354,0,1,30
Compress,13,50%,Ekstazi+dpt,0.19298245614035095,11.0,0.8508771929824557,9.0,0.15789473684210528,0,1,30
Compress,13,50%,DPT,0.19298245614035095,11.0,0.8333333333333331,10.0,0.17543859649122803,0,1,30
Compress,13,50%,STARTS,0.19298245614035095,11.0,0.3695906432748538,NA,NA,18,0,12
Compress,13,50%,STARTS+FAST-S,0.19298245614035095,11.0,0.9473684210526311,3.5,0.0614035087719298,0,1,30
Compress,13,50%,STARTS+FAST-P,0.19298245614035095,11.0,0.9549707602339178,3.066666666666667,0.053801169590643266,0,1,30
Compress,13,50%,STARTS+DPT,0.19298245614035095,11.0,0.8333333333333331,10.0,0.17543859649122803,0,1,30
Compress,13,50%,Fastazi-S,0.19298245614035095,11.0,0.9549707602339179,3.066666666666667,0.05380116959064326,0,1,30
Compress,13,50%,Fastazi-P,0.19298245614035095,11.0,0.9695906432748534,2.2333333333333334,0.03918128654970759,0,1,30
Compress,13,50%,Random,0.19298245614035095,11.0,0.25146198830409355,NA,NA,22,0,8
Compress,13,60%,Ekstazi,0.22807017543859656,13.0,0.697953216374269,NA,NA,7,0,23
Compress,13,60%,FAST,0.22807017543859656,13.0,0.9573099415204676,2.933333333333333,0.05146198830409354,0,1,30
Compress,13,60%,Ekstazi+dpt,0.22807017543859656,13.0,0.8508771929824557,9.0,0.15789473684210528,0,1,30
Compress,13,60%,DPT,0.22807017543859656,13.0,0.8333333333333331,10.0,0.17543859649122803,0,1,30
Compress,13,60%,STARTS,0.22807017543859656,13.0,0.5002923976608187,NA,NA,13,0,17
Compress,13,60%,STARTS+FAST-S,0.22807017543859656,13.0,0.9473684210526311,3.5,0.0614035087719298,0,1,30
Compress,13,60%,STARTS+FAST-P,0.22807017543859656,13.0,0.9549707602339178,3.066666666666667,0.053801169590643266,0,1,30
Compress,13,60%,STARTS+DPT,0.22807017543859656,13.0,0.8333333333333331,10.0,0.17543859649122803,0,1,30
Compress,13,60%,Fastazi-S,0.22807017543859656,13.0,0.9549707602339179,3.066666666666667,0.05380116959064326,0,1,30
Compress,13,60%,Fastazi-P,0.22807017543859656,13.0,0.9695906432748534,2.2333333333333334,0.03918128654970759,0,1,30
Compress,13,60%,Random,0.22807017543859656,13.0,0.304093567251462,NA,NA,20,0,10
Compress,13,70%,Ekstazi,0.26315789473684226,15.0,0.8736842105263157,7.7,0.13508771929824562,0,1,30
Compress,13,70%,FAST,0.26315789473684226,15.0,0.9573099415204676,2.933333333333333,0.05146198830409354,0,1,30
Compress,13,70%,Ekstazi+dpt,0.26315789473684226,15.0,0.8508771929824557,9.0,0.15789473684210528,0,1,30
Compress,13,70%,DPT,0.26315789473684226,15.0,0.8333333333333331,10.0,0.17543859649122803,0,1,30
Compress,13,70%,STARTS,0.26315789473684226,15.0,0.5251461988304095,NA,NA,12,0,18
Compress,13,70%,STARTS+FAST-S,0.26315789473684226,15.0,0.9473684210526311,3.5,0.0614035087719298,0,1,30
Compress,13,70%,STARTS+FAST-P,0.26315789473684226,15.0,0.9549707602339178,3.066666666666667,0.053801169590643266,0,1,30
Compress,13,70%,STARTS+DPT,0.26315789473684226,15.0,0.8333333333333331,10.0,0.17543859649122803,0,1,30
Compress,13,70%,Fastazi-S,0.26315789473684226,15.0,0.9549707602339179,3.066666666666667,0.05380116959064326,0,1,30
Compress,13,70%,Fastazi-P,0.26315789473684226,15.0,0.9695906432748534,2.2333333333333334,0.03918128654970759,0,1,30
Compress,13,70%,Random,0.26315789473684226,15.0,0.3295321637426901,NA,NA,19,0,11
Compress,13,75%,Ekstazi,0.28070175438596495,16.0,0.8736842105263157,7.7,0.13508771929824562,0,1,30
Compress,13,75%,FAST,0.28070175438596495,16.0,0.9573099415204676,2.933333333333333,0.05146198830409354,0,1,30
Compress,13,75%,Ekstazi+dpt,0.28070175438596495,16.0,0.8508771929824557,9.0,0.15789473684210528,0,1,30
Compress,13,75%,DPT,0.28070175438596495,16.0,0.8333333333333331,10.0,0.17543859649122803,0,1,30
Compress,13,75%,STARTS,0.28070175438596495,16.0,0.5251461988304095,NA,NA,12,0,18
Compress,13,75%,STARTS+FAST-S,0.28070175438596495,16.0,0.9473684210526311,3.5,0.0614035087719298,0,1,30
Compress,13,75%,STARTS+FAST-P,0.28070175438596495,16.0,0.9549707602339178,3.066666666666667,0.053801169590643266,0,1,30
Compress,13,75%,STARTS+DPT,0.28070175438596495,16.0,0.8333333333333331,10.0,0.17543859649122803,0,1,30
Compress,13,75%,Fastazi-S,0.28070175438596495,16.0,0.9549707602339179,3.066666666666667,0.05380116959064326,0,1,30
Compress,13,75%,Fastazi-P,0.28070175438596495,16.0,0.9695906432748534,2.2333333333333334,0.03918128654970759,0,1,30
Compress,13,75%,Random,0.28070175438596495,16.0,0.3295321637426901,NA,NA,19,0,11
Compress,13,80%,Ekstazi,0.2982456140350875,17.0,0.8736842105263157,7.7,0.13508771929824562,0,1,30
Compress,13,80%,FAST,0.2982456140350875,17.0,0.9573099415204676,2.933333333333333,0.05146198830409354,0,1,30
Compress,13,80%,Ekstazi+dpt,0.2982456140350875,17.0,0.8508771929824557,9.0,0.15789473684210528,0,1,30
Compress,13,80%,DPT,0.2982456140350875,17.0,0.8333333333333331,10.0,0.17543859649122803,0,1,30
Compress,13,80%,STARTS,0.2982456140350875,17.0,0.5961988304093567,NA,NA,9,0,21
Compress,13,80%,STARTS+FAST-S,0.2982456140350875,17.0,0.9473684210526311,3.5,0.0614035087719298,0,1,30
Compress,13,80%,STARTS+FAST-P,0.2982456140350875,17.0,0.9549707602339178,3.066666666666667,0.053801169590643266,0,1,30
Compress,13,80%,STARTS+DPT,0.2982456140350875,17.0,0.8333333333333331,10.0,0.17543859649122803,0,1,30
Compress,13,80%,Fastazi-S,0.2982456140350875,17.0,0.9549707602339179,3.066666666666667,0.05380116959064326,0,1,30
Compress,13,80%,Fastazi-P,0.2982456140350875,17.0,0.9695906432748534,2.2333333333333334,0.03918128654970759,0,1,30
Compress,13,80%,Random,0.2982456140350875,17.0,0.3295321637426901,NA,NA,19,0,11
Compress,13,90%,Ekstazi,0.3333333333333333,19.0,0.8736842105263157,7.7,0.13508771929824562,0,1,30
Compress,13,90%,FAST,0.3333333333333333,19.0,0.9573099415204676,2.933333333333333,0.05146198830409354,0,1,30
Compress,13,90%,Ekstazi+dpt,0.3333333333333333,19.0,0.8508771929824557,9.0,0.15789473684210528,0,1,30
Compress,13,90%,DPT,0.3333333333333333,19.0,0.8333333333333331,10.0,0.17543859649122803,0,1,30
Compress,13,90%,STARTS,0.3333333333333333,19.0,0.6418128654970762,NA,NA,7,0,23
Compress,13,90%,STARTS+FAST-S,0.3333333333333333,19.0,0.9473684210526311,3.5,0.0614035087719298,0,1,30
Compress,13,90%,STARTS+FAST-P,0.3333333333333333,19.0,0.9549707602339178,3.066666666666667,0.053801169590643266,0,1,30
Compress,13,90%,STARTS+DPT,0.3333333333333333,19.0,0.8333333333333331,10.0,0.17543859649122803,0,1,30
Compress,13,90%,Fastazi-S,0.3333333333333333,19.0,0.9549707602339179,3.066666666666667,0.05380116959064326,0,1,30
Compress,13,90%,Fastazi-P,0.3333333333333333,19.0,0.9695906432748534,2.2333333333333334,0.03918128654970759,0,1,30
Compress,13,90%,Random,0.3333333333333333,19.0,0.35204678362573105,NA,NA,18,0,12
Compress,13,100%,Ekstazi,0.3859649122807019,22.0,0.8736842105263157,7.7,0.13508771929824562,0,1,30
Compress,13,100%,FAST,0.3859649122807019,22.0,0.9573099415204676,2.933333333333333,0.05146198830409354,0,1,30
Compress,13,100%,Ekstazi+dpt,0.3859649122807019,22.0,0.8508771929824557,9.0,0.15789473684210528,0,1,30
Compress,13,100%,DPT,0.3859649122807019,22.0,0.8333333333333331,10.0,0.17543859649122803,0,1,30
Compress,13,100%,STARTS,0.3859649122807019,22.0,0.6637426900584795,NA,NA,6,0,24
Compress,13,100%,STARTS+FAST-S,0.3859649122807019,22.0,0.9473684210526311,3.5,0.0614035087719298,0,1,30
Compress,13,100%,STARTS+FAST-P,0.3859649122807019,22.0,0.9549707602339178,3.066666666666667,0.053801169590643266,0,1,30
Compress,13,100%,STARTS+DPT,0.3859649122807019,22.0,0.8333333333333331,10.0,0.17543859649122803,0,1,30
Compress,13,100%,Fastazi-S,0.3859649122807019,22.0,0.9549707602339179,3.066666666666667,0.05380116959064326,0,1,30
Compress,13,100%,Fastazi-P,0.3859649122807019,22.0,0.9695906432748534,2.2333333333333334,0.03918128654970759,0,1,30
Compress,13,100%,Random,0.3859649122807019,22.0,0.43742690058479533,NA,NA,14,0,16
Compress,14,10%,Ekstazi,0.01754385964912281,1.0,0.13216374269005848,NA,NA,26,0,4
Compress,14,10%,FAST,0.01754385964912281,1.0,0.0,NA,NA,30,0,0
Compress,14,10%,Ekstazi+dpt,0.01754385964912281,1.0,0.0,NA,NA,30,0,0
Compress,14,10%,DPT,0.01754385964912281,1.0,0.0,NA,NA,30,0,0
Compress,14,10%,STARTS,0.01754385964912281,1.0,0.0,NA,NA,30,0,0
Compress,14,10%,STARTS+FAST-S,0.01754385964912281,1.0,0.03304093567251462,NA,NA,29,0,1
Compress,14,10%,STARTS+FAST-P,0.01754385964912281,1.0,0.0,NA,NA,30,0,0
Compress,14,10%,STARTS+DPT,0.01754385964912281,1.0,0.0,NA,NA,30,0,0
Compress,14,10%,Fastazi-S,0.01754385964912281,1.0,0.13216374269005848,NA,NA,26,0,4
Compress,14,10%,Fastazi-P,0.01754385964912281,1.0,0.0,NA,NA,30,0,0
Compress,14,10%,Random,0.01754385964912281,1.0,0.0,NA,NA,30,0,0
Compress,14,20%,Ekstazi,0.03508771929824562,2.0,0.29444444444444445,NA,NA,21,0,9
Compress,14,20%,FAST,0.03508771929824562,2.0,0.0,NA,NA,30,0,0
Compress,14,20%,Ekstazi+dpt,0.03508771929824562,2.0,0.0,NA,NA,30,0,0
Compress,14,20%,DPT,0.03508771929824562,2.0,0.0,NA,NA,30,0,0
Compress,14,20%,STARTS,0.03508771929824562,2.0,0.0649122807017544,NA,NA,28,0,2
Compress,14,20%,STARTS+FAST-S,0.03508771929824562,2.0,0.03304093567251462,NA,NA,29,0,1
Compress,14,20%,STARTS+FAST-P,0.03508771929824562,2.0,0.0,NA,NA,30,0,0
Compress,14,20%,STARTS+DPT,0.03508771929824562,2.0,0.0,NA,NA,30,0,0
Compress,14,20%,Fastazi-S,0.03508771929824562,2.0,0.13216374269005848,NA,NA,26,0,4
Compress,14,20%,Fastazi-P,0.03508771929824562,2.0,0.7789473684210523,NA,NA,6,0,24
Compress,14,20%,Random,0.03508771929824562,2.0,0.0324561403508772,NA,NA,29,0,1
Compress,14,25%,Ekstazi,0.03508771929824562,2.0,0.29444444444444445,NA,NA,21,0,9
Compress,14,25%,FAST,0.03508771929824562,2.0,0.0,NA,NA,30,0,0
Compress,14,25%,Ekstazi+dpt,0.03508771929824562,2.0,0.0,NA,NA,30,0,0
Compress,14,25%,DPT,0.03508771929824562,2.0,0.0,NA,NA,30,0,0
Compress,14,25%,STARTS,0.03508771929824562,2.0,0.0649122807017544,NA,NA,28,0,2
Compress,14,25%,STARTS+FAST-S,0.03508771929824562,2.0,0.03304093567251462,NA,NA,29,0,1
Compress,14,25%,STARTS+FAST-P,0.03508771929824562,2.0,0.0,NA,NA,30,0,0
Compress,14,25%,STARTS+DPT,0.03508771929824562,2.0,0.0,NA,NA,30,0,0
Compress,14,25%,Fastazi-S,0.03508771929824562,2.0,0.13216374269005848,NA,NA,26,0,4
Compress,14,25%,Fastazi-P,0.03508771929824562,2.0,0.7789473684210523,NA,NA,6,0,24
Compress,14,25%,Random,0.03508771929824562,2.0,0.0324561403508772,NA,NA,29,0,1
Compress,14,30%,Ekstazi,0.05263157894736838,3.0,0.358187134502924,NA,NA,19,0,11
Compress,14,30%,FAST,0.05263157894736838,3.0,0.0,NA,NA,30,0,0
Compress,14,30%,Ekstazi+dpt,0.05263157894736838,3.0,0.0,NA,NA,30,0,0
Compress,14,30%,DPT,0.05263157894736838,3.0,0.0,NA,NA,30,0,0
Compress,14,30%,STARTS,0.05263157894736838,3.0,0.19239766081871348,NA,NA,24,0,6
Compress,14,30%,STARTS+FAST-S,0.05263157894736838,3.0,0.03304093567251462,NA,NA,29,0,1
Compress,14,30%,STARTS+FAST-P,0.05263157894736838,3.0,0.0,NA,NA,30,0,0
Compress,14,30%,STARTS+DPT,0.05263157894736838,3.0,0.0,NA,NA,30,0,0
Compress,14,30%,Fastazi-S,0.05263157894736838,3.0,0.7058479532163742,NA,NA,8,0,22
Compress,14,30%,Fastazi-P,0.05263157894736838,3.0,0.9701754385964908,2.2,0.03859649122807019,0,1,30
Compress,14,30%,Random,0.05263157894736838,3.0,0.06432748538011697,NA,NA,28,0,2
Compress,14,40%,Ekstazi,0.07017543859649124,4.0,0.358187134502924,NA,NA,19,0,11
Compress,14,40%,FAST,0.07017543859649124,4.0,0.0,NA,NA,30,0,0
Compress,14,40%,Ekstazi+dpt,0.07017543859649124,4.0,0.0,NA,NA,30,0,0
Compress,14,40%,DPT,0.07017543859649124,4.0,0.0,NA,NA,30,0,0
Compress,14,40%,STARTS,0.07017543859649124,4.0,0.19239766081871348,NA,NA,24,0,6
Compress,14,40%,STARTS+FAST-S,0.07017543859649124,4.0,0.03304093567251462,NA,NA,29,0,1
Compress,14,40%,STARTS+FAST-P,0.07017543859649124,4.0,0.0,NA,NA,30,0,0
Compress,14,40%,STARTS+DPT,0.07017543859649124,4.0,0.0,NA,NA,30,0,0
Compress,14,40%,Fastazi-S,0.07017543859649124,4.0,0.9561403508771924,3.0,0.0526315789473684,0,1,30
Compress,14,40%,Fastazi-P,0.07017543859649124,4.0,0.9701754385964908,2.2,0.03859649122807019,0,1,30
Compress,14,40%,Random,0.07017543859649124,4.0,0.0956140350877193,NA,NA,27,0,3
Compress,14,50%,Ekstazi,0.08771929824561402,5.0,0.5116959064327484,NA,NA,14,0,16
Compress,14,50%,FAST,0.08771929824561402,5.0,0.9210526315789477,5.0,0.08771929824561402,0,1,30
Compress,14,50%,Ekstazi+dpt,0.08771929824561402,5.0,0.0,NA,NA,30,0,0
Compress,14,50%,DPT,0.08771929824561402,5.0,0.0,NA,NA,30,0,0
Compress,14,50%,STARTS,0.08771929824561402,5.0,0.28450292397660815,NA,NA,21,0,9
Compress,14,50%,STARTS+FAST-S,0.08771929824561402,5.0,0.03304093567251462,NA,NA,29,0,1
Compress,14,50%,STARTS+FAST-P,0.08771929824561402,5.0,0.0,NA,NA,30,0,0
Compress,14,50%,STARTS+DPT,0.08771929824561402,5.0,0.0,NA,NA,30,0,0
Compress,14,50%,Fastazi-S,0.08771929824561402,5.0,0.9561403508771924,3.0,0.0526315789473684,0,1,30
Compress,14,50%,Fastazi-P,0.08771929824561402,5.0,0.9701754385964908,2.2,0.03859649122807019,0,1,30
Compress,14,50%,Random,0.08771929824561402,5.0,0.0956140350877193,NA,NA,27,0,3
Compress,14,60%,Ekstazi,0.10526315789473677,6.0,0.5116959064327484,NA,NA,14,0,16
Compress,14,60%,FAST,0.10526315789473677,6.0,0.9210526315789477,5.0,0.08771929824561402,0,1,30
Compress,14,60%,Ekstazi+dpt,0.10526315789473677,6.0,0.0,NA,NA,30,0,0
Compress,14,60%,DPT,0.10526315789473677,6.0,0.0,NA,NA,30,0,0
Compress,14,60%,STARTS,0.10526315789473677,6.0,0.3447368421052632,NA,NA,19,0,11
Compress,14,60%,STARTS+FAST-S,0.10526315789473677,6.0,0.03304093567251462,NA,NA,29,0,1
Compress,14,60%,STARTS+FAST-P,0.10526315789473677,6.0,0.0,NA,NA,30,0,0
Compress,14,60%,STARTS+DPT,0.10526315789473677,6.0,0.0,NA,NA,30,0,0
Compress,14,60%,Fastazi-S,0.10526315789473677,6.0,0.9561403508771924,3.0,0.0526315789473684,0,1,30
Compress,14,60%,Fastazi-P,0.10526315789473677,6.0,0.9701754385964908,2.2,0.03859649122807019,0,1,30
Compress,14,60%,Random,0.10526315789473677,6.0,0.0956140350877193,NA,NA,27,0,3
Compress,14,70%,Ekstazi,0.1228070175438596,7.0,0.6002923976608187,NA,NA,11,0,19
Compress,14,70%,FAST,0.1228070175438596,7.0,0.9210526315789477,5.0,0.08771929824561402,0,1,30
Compress,14,70%,Ekstazi+dpt,0.1228070175438596,7.0,0.0,NA,NA,30,0,0
Compress,14,70%,DPT,0.1228070175438596,7.0,0.0,NA,NA,30,0,0
Compress,14,70%,STARTS,0.1228070175438596,7.0,0.37426900584795325,NA,NA,18,0,12
Compress,14,70%,STARTS+FAST-S,0.1228070175438596,7.0,0.03304093567251462,NA,NA,29,0,1
Compress,14,70%,STARTS+FAST-P,0.1228070175438596,7.0,0.0,NA,NA,30,0,0
Compress,14,70%,STARTS+DPT,0.1228070175438596,7.0,0.0,NA,NA,30,0,0
Compress,14,70%,Fastazi-S,0.1228070175438596,7.0,0.9561403508771924,3.0,0.0526315789473684,0,1,30
Compress,14,70%,Fastazi-P,0.1228070175438596,7.0,0.9701754385964908,2.2,0.03859649122807019,0,1,30
Compress,14,70%,Random,0.1228070175438596,7.0,0.0956140350877193,NA,NA,27,0,3
Compress,14,75%,Ekstazi,0.14035087719298248,8.0,0.6292397660818713,NA,NA,10,0,20
Compress,14,75%,FAST,0.14035087719298248,8.0,0.9210526315789477,5.0,0.08771929824561402,0,1,30
Compress,14,75%,Ekstazi+dpt,0.14035087719298248,8.0,0.0,NA,NA,30,0,0
Compress,14,75%,DPT,0.14035087719298248,8.0,0.0,NA,NA,30,0,0
Compress,14,75%,STARTS,0.14035087719298248,8.0,0.37426900584795325,NA,NA,18,0,12
Compress,14,75%,STARTS+FAST-S,0.14035087719298248,8.0,0.03304093567251462,NA,NA,29,0,1
Compress,14,75%,STARTS+FAST-P,0.14035087719298248,8.0,0.02894736842105263,NA,NA,29,0,1
Compress,14,75%,STARTS+DPT,0.14035087719298248,8.0,0.0,NA,NA,30,0,0
Compress,14,75%,Fastazi-S,0.14035087719298248,8.0,0.9561403508771924,3.0,0.0526315789473684,0,1,30
Compress,14,75%,Fastazi-P,0.14035087719298248,8.0,0.9701754385964908,2.2,0.03859649122807019,0,1,30
Compress,14,75%,Random,0.14035087719298248,8.0,0.0956140350877193,NA,NA,27,0,3
Compress,14,80%,Ekstazi,0.14035087719298248,8.0,0.6292397660818713,NA,NA,10,0,20
Compress,14,80%,FAST,0.14035087719298248,8.0,0.9210526315789477,5.0,0.08771929824561402,0,1,30
Compress,14,80%,Ekstazi+dpt,0.14035087719298248,8.0,0.0,NA,NA,30,0,0
Compress,14,80%,DPT,0.14035087719298248,8.0,0.0,NA,NA,30,0,0
Compress,14,80%,STARTS,0.14035087719298248,8.0,0.37426900584795325,NA,NA,18,0,12
Compress,14,80%,STARTS+FAST-S,0.14035087719298248,8.0,0.03304093567251462,NA,NA,29,0,1
Compress,14,80%,STARTS+FAST-P,0.14035087719298248,8.0,0.02894736842105263,NA,NA,29,0,1
Compress,14,80%,STARTS+DPT,0.14035087719298248,8.0,0.0,NA,NA,30,0,0
Compress,14,80%,Fastazi-S,0.14035087719298248,8.0,0.9561403508771924,3.0,0.0526315789473684,0,1,30
Compress,14,80%,Fastazi-P,0.14035087719298248,8.0,0.9701754385964908,2.2,0.03859649122807019,0,1,30
Compress,14,80%,Random,0.14035087719298248,8.0,0.0956140350877193,NA,NA,27,0,3
Compress,14,90%,Ekstazi,0.15789473684210528,9.0,0.7710526315789472,NA,NA,5,0,25
Compress,14,90%,FAST,0.15789473684210528,9.0,0.9210526315789477,5.0,0.08771929824561402,0,1,30
Compress,14,90%,Ekstazi+dpt,0.15789473684210528,9.0,0.48216374269005835,NA,NA,13,0,17
Compress,14,90%,DPT,0.15789473684210528,9.0,0.0,NA,NA,30,0,0
Compress,14,90%,STARTS,0.15789473684210528,9.0,0.40263157894736845,NA,NA,17,0,13
Compress,14,90%,STARTS+FAST-S,0.15789473684210528,9.0,0.25994152046783625,NA,NA,21,0,9
Compress,14,90%,STARTS+FAST-P,0.15789473684210528,9.0,0.5678362573099414,NA,NA,10,0,20
Compress,14,90%,STARTS+DPT,0.15789473684210528,9.0,0.0,NA,NA,30,0,0
Compress,14,90%,Fastazi-S,0.15789473684210528,9.0,0.9561403508771924,3.0,0.0526315789473684,0,1,30
Compress,14,90%,Fastazi-P,0.15789473684210528,9.0,0.9701754385964908,2.2,0.03859649122807019,0,1,30
Compress,14,90%,Random,0.15789473684210528,9.0,0.1239766081871345,NA,NA,26,0,4
Compress,14,100%,Ekstazi,0.19298245614035095,11.0,0.9081871345029238,5.733333333333333,0.10058479532163744,0,1,30
Compress,14,100%,FAST,0.19298245614035095,11.0,0.9210526315789477,5.0,0.08771929824561402,0,1,30
Compress,14,100%,Ekstazi+dpt,0.19298245614035095,11.0,0.8432748538011692,9.433333333333334,0.16549707602339184,0,1,30
Compress,14,100%,DPT,0.19298245614035095,11.0,0.0,NA,NA,30,0,0
Compress,14,100%,STARTS,0.19298245614035095,11.0,0.43040935672514624,NA,NA,16,0,14
Compress,14,100%,STARTS+FAST-S,0.19298245614035095,11.0,0.8432748538011694,9.433333333333334,0.16549707602339184,0,1,30
Compress,14,100%,STARTS+FAST-P,0.19298245614035095,11.0,0.8456140350877189,9.3,0.1631578947368421,0,1,30
Compress,14,100%,STARTS+DPT,0.19298245614035095,11.0,0.0,NA,NA,30,0,0
Compress,14,100%,Fastazi-S,0.19298245614035095,11.0,0.9561403508771924,3.0,0.0526315789473684,0,1,30
Compress,14,100%,Fastazi-P,0.19298245614035095,11.0,0.9701754385964908,2.2,0.03859649122807019,0,1,30
Compress,14,100%,Random,0.19298245614035095,11.0,0.15116959064327487,NA,NA,25,0,5
Compress,15,10%,Ekstazi,0.06779661016949155,4.0,0.16073446327683616,NA,NA,25,0,5
Compress,15,10%,FAST,0.06779661016949155,4.0,0.03305084745762712,NA,NA,29,0,1
Compress,15,10%,Ekstazi+dpt,0.06779661016949155,4.0,0.0,NA,NA,30,0,0
Compress,15,10%,DPT,0.06779661016949155,4.0,0.0,NA,NA,30,0,0
Compress,15,10%,STARTS,0.06779661016949155,4.0,0.12937853107344632,NA,NA,26,0,4
Compress,15,10%,STARTS+FAST-S,0.06779661016949155,4.0,0.0,NA,NA,30,0,0
Compress,15,10%,STARTS+FAST-P,0.06779661016949155,4.0,0.03305084745762712,NA,NA,29,0,1
Compress,15,10%,STARTS+DPT,0.06779661016949155,4.0,0.0,NA,NA,30,0,0
Compress,15,10%,Fastazi-S,0.06779661016949155,4.0,0.0,NA,NA,30,0,0
Compress,15,10%,Fastazi-P,0.06779661016949155,4.0,0.03305084745762712,NA,NA,29,0,1
Compress,15,10%,Random,0.06779661016949155,4.0,0.06440677966101695,NA,NA,28,0,2
Compress,15,20%,Ekstazi,0.1355932203389831,8.0,0.3101694915254237,NA,NA,20,0,10
Compress,15,20%,FAST,0.1355932203389831,8.0,0.03305084745762712,NA,NA,29,0,1
Compress,15,20%,Ekstazi+dpt,0.1355932203389831,8.0,0.0,NA,NA,30,0,0
Compress,15,20%,DPT,0.1355932203389831,8.0,0.0,NA,NA,30,0,0
Compress,15,20%,STARTS,0.1355932203389831,8.0,0.21836158192090396,NA,NA,23,0,7
Compress,15,20%,STARTS+FAST-S,0.1355932203389831,8.0,0.0,NA,NA,30,0,0
Compress,15,20%,STARTS+FAST-P,0.1355932203389831,8.0,0.03305084745762712,NA,NA,29,0,1
Compress,15,20%,STARTS+DPT,0.1355932203389831,8.0,0.0,NA,NA,30,0,0
Compress,15,20%,Fastazi-S,0.1355932203389831,8.0,0.0,NA,NA,30,0,0
Compress,15,20%,Fastazi-P,0.1355932203389831,8.0,0.03305084745762712,NA,NA,29,0,1
Compress,15,20%,Random,0.1355932203389831,8.0,0.15338983050847457,NA,NA,25,0,5
Compress,15,25%,Ekstazi,0.16949152542372872,10.0,0.3381355932203389,NA,NA,19,0,11
Compress,15,25%,FAST,0.16949152542372872,10.0,0.03305084745762712,NA,NA,29,0,1
Compress,15,25%,Ekstazi+dpt,0.16949152542372872,10.0,0.0,NA,NA,30,0,0
Compress,15,25%,DPT,0.16949152542372872,10.0,0.0,NA,NA,30,0,0
Compress,15,25%,STARTS,0.16949152542372872,10.0,0.30282485875706217,NA,NA,20,0,10
Compress,15,25%,STARTS+FAST-S,0.16949152542372872,10.0,0.0,NA,NA,30,0,0
Compress,15,25%,STARTS+FAST-P,0.16949152542372872,10.0,0.03305084745762712,NA,NA,29,0,1
Compress,15,25%,STARTS+DPT,0.16949152542372872,10.0,0.0,NA,NA,30,0,0
Compress,15,25%,Fastazi-S,0.16949152542372872,10.0,0.0,NA,NA,30,0,0
Compress,15,25%,Fastazi-P,0.16949152542372872,10.0,0.03305084745762712,NA,NA,29,0,1
Compress,15,25%,Random,0.16949152542372872,10.0,0.15338983050847457,NA,NA,25,0,5
Compress,15,30%,Ekstazi,0.20338983050847464,12.0,0.36497175141242927,NA,NA,18,0,12
Compress,15,30%,FAST,0.20338983050847464,12.0,0.03305084745762712,NA,NA,29,0,1
Compress,15,30%,Ekstazi+dpt,0.20338983050847464,12.0,0.0,NA,NA,30,0,0
Compress,15,30%,DPT,0.20338983050847464,12.0,0.0,NA,NA,30,0,0
Compress,15,30%,STARTS,0.20338983050847464,12.0,0.30282485875706217,NA,NA,20,0,10
Compress,15,30%,STARTS+FAST-S,0.20338983050847464,12.0,0.0,NA,NA,30,0,0
Compress,15,30%,STARTS+FAST-P,0.20338983050847464,12.0,0.03305084745762712,NA,NA,29,0,1
Compress,15,30%,STARTS+DPT,0.20338983050847464,12.0,0.0,NA,NA,30,0,0
Compress,15,30%,Fastazi-S,0.20338983050847464,12.0,0.0,NA,NA,30,0,0
Compress,15,30%,Fastazi-P,0.20338983050847464,12.0,0.03305084745762712,NA,NA,29,0,1
Compress,15,30%,Random,0.20338983050847464,12.0,0.1807909604519774,NA,NA,24,0,6
Compress,15,40%,Ekstazi,0.2711864406779662,16.0,0.415819209039548,NA,NA,16,0,14
Compress,15,40%,FAST,0.2711864406779662,16.0,0.03305084745762712,NA,NA,29,0,1
Compress,15,40%,Ekstazi+dpt,0.2711864406779662,16.0,0.0,NA,NA,30,0,0
Compress,15,40%,DPT,0.2711864406779662,16.0,0.0,NA,NA,30,0,0
Compress,15,40%,STARTS,0.2711864406779662,16.0,0.40564971751412426,NA,NA,16,0,14
Compress,15,40%,STARTS+FAST-S,0.2711864406779662,16.0,0.0,NA,NA,30,0,0
Compress,15,40%,STARTS+FAST-P,0.2711864406779662,16.0,0.03305084745762712,NA,NA,29,0,1
Compress,15,40%,STARTS+DPT,0.2711864406779662,16.0,0.0,NA,NA,30,0,0
Compress,15,40%,Fastazi-S,0.2711864406779662,16.0,0.0,NA,NA,30,0,0
Compress,15,40%,Fastazi-P,0.2711864406779662,16.0,0.03305084745762712,NA,NA,29,0,1
Compress,15,40%,Random,0.2711864406779662,16.0,0.28418079096045196,NA,NA,20,0,10
Compress,15,50%,Ekstazi,0.33898305084745745,20.0,0.43926553672316376,NA,NA,15,0,15
Compress,15,50%,FAST,0.33898305084745745,20.0,0.03305084745762712,NA,NA,29,0,1
Compress,15,50%,Ekstazi+dpt,0.33898305084745745,20.0,0.7203389830508476,17.0,0.28813559322033905,0,1,30
Compress,15,50%,DPT,0.33898305084745745,20.0,0.7203389830508476,17.0,0.28813559322033905,0,1,30
Compress,15,50%,STARTS,0.33898305084745745,20.0,0.5240112994350282,NA,NA,11,0,19
Compress,15,50%,STARTS+FAST-S,0.33898305084745745,20.0,0.0,NA,NA,30,0,0
Compress,15,50%,STARTS+FAST-P,0.33898305084745745,20.0,0.03305084745762712,NA,NA,29,0,1
Compress,15,50%,STARTS+DPT,0.33898305084745745,20.0,0.7203389830508476,17.0,0.28813559322033905,0,1,30
Compress,15,50%,Fastazi-S,0.33898305084745745,20.0,0.0,NA,NA,30,0,0
Compress,15,50%,Fastazi-P,0.33898305084745745,20.0,0.03305084745762712,NA,NA,29,0,1
Compress,15,50%,Random,0.33898305084745745,20.0,0.3310734463276836,NA,NA,18,0,12
Compress,15,60%,Ekstazi,0.4067796610169493,24.0,0.4827683615819209,NA,NA,13,0,17
Compress,15,60%,FAST,0.4067796610169493,24.0,0.03305084745762712,NA,NA,29,0,1
Compress,15,60%,Ekstazi+dpt,0.4067796610169493,24.0,0.7203389830508476,17.0,0.28813559322033905,0,1,30
Compress,15,60%,DPT,0.4067796610169493,24.0,0.7203389830508476,17.0,0.28813559322033905,0,1,30
Compress,15,60%,STARTS,0.4067796610169493,24.0,0.5663841807909603,NA,NA,9,0,21
Compress,15,60%,STARTS+FAST-S,0.4067796610169493,24.0,0.0,NA,NA,30,0,0
Compress,15,60%,STARTS+FAST-P,0.4067796610169493,24.0,0.03305084745762712,NA,NA,29,0,1
Compress,15,60%,STARTS+DPT,0.4067796610169493,24.0,0.7203389830508476,17.0,0.28813559322033905,0,1,30
Compress,15,60%,Fastazi-S,0.4067796610169493,24.0,0.0,NA,NA,30,0,0
Compress,15,60%,Fastazi-P,0.4067796610169493,24.0,0.03305084745762712,NA,NA,29,0,1
Compress,15,60%,Random,0.4067796610169493,24.0,0.3310734463276836,NA,NA,18,0,12
Compress,15,70%,Ekstazi,0.47457627118644086,28.0,0.5940677966101695,NA,NA,7,0,23
Compress,15,70%,FAST,0.47457627118644086,28.0,0.03305084745762712,NA,NA,29,0,1
Compress,15,70%,Ekstazi+dpt,0.47457627118644086,28.0,0.7203389830508476,17.0,0.28813559322033905,0,1,30
Compress,15,70%,DPT,0.47457627118644086,28.0,0.7203389830508476,17.0,0.28813559322033905,0,1,30
Compress,15,70%,STARTS,0.47457627118644086,28.0,0.6415254237288135,NA,NA,5,0,25
Compress,15,70%,STARTS+FAST-S,0.47457627118644086,28.0,0.0,NA,NA,30,0,0
Compress,15,70%,STARTS+FAST-P,0.47457627118644086,28.0,0.03305084745762712,NA,NA,29,0,1
Compress,15,70%,STARTS+DPT,0.47457627118644086,28.0,0.7203389830508476,17.0,0.28813559322033905,0,1,30
Compress,15,70%,Fastazi-S,0.47457627118644086,28.0,0.0,NA,NA,30,0,0
Compress,15,70%,Fastazi-P,0.47457627118644086,28.0,0.03305084745762712,NA,NA,29,0,1
Compress,15,70%,Random,0.47457627118644086,28.0,0.36892655367231636,NA,NA,16,0,14
Compress,15,75%,Ekstazi,0.5084745762711868,30.0,0.6112994350282487,NA,NA,6,0,24
Compress,15,75%,FAST,0.5084745762711868,30.0,0.03305084745762712,NA,NA,29,0,1
Compress,15,75%,Ekstazi+dpt,0.5084745762711868,30.0,0.7203389830508476,17.0,0.28813559322033905,0,1,30
Compress,15,75%,DPT,0.5084745762711868,30.0,0.7203389830508476,17.0,0.28813559322033905,0,1,30
Compress,15,75%,STARTS,0.5084745762711868,30.0,0.6415254237288135,NA,NA,5,0,25
Compress,15,75%,STARTS+FAST-S,0.5084745762711868,30.0,0.0,NA,NA,30,0,0
Compress,15,75%,STARTS+FAST-P,0.5084745762711868,30.0,0.03305084745762712,NA,NA,29,0,1
Compress,15,75%,STARTS+DPT,0.5084745762711868,30.0,0.7203389830508476,17.0,0.28813559322033905,0,1,30
Compress,15,75%,Fastazi-S,0.5084745762711868,30.0,0.0,NA,NA,30,0,0
Compress,15,75%,Fastazi-P,0.5084745762711868,30.0,0.03305084745762712,NA,NA,29,0,1
Compress,15,75%,Random,0.5084745762711868,30.0,0.36892655367231636,NA,NA,16,0,14
Compress,15,80%,Ekstazi,0.5423728813559324,32.0,0.6112994350282487,NA,NA,6,0,24
Compress,15,80%,FAST,0.5423728813559324,32.0,0.03305084745762712,NA,NA,29,0,1
Compress,15,80%,Ekstazi+dpt,0.5423728813559324,32.0,0.7203389830508476,17.0,0.28813559322033905,0,1,30
Compress,15,80%,DPT,0.5423728813559324,32.0,0.7203389830508476,17.0,0.28813559322033905,0,1,30
Compress,15,80%,STARTS,0.5423728813559324,32.0,0.6576271186440678,NA,NA,4,0,26
Compress,15,80%,STARTS+FAST-S,0.5423728813559324,32.0,0.0,NA,NA,30,0,0
Compress,15,80%,STARTS+FAST-P,0.5423728813559324,32.0,0.03305084745762712,NA,NA,29,0,1
Compress,15,80%,STARTS+DPT,0.5423728813559324,32.0,0.7203389830508476,17.0,0.28813559322033905,0,1,30
Compress,15,80%,Fastazi-S,0.5423728813559324,32.0,0.0,NA,NA,30,0,0
Compress,15,80%,Fastazi-P,0.5423728813559324,32.0,0.03305084745762712,NA,NA,29,0,1
Compress,15,80%,Random,0.5423728813559324,32.0,0.36892655367231636,NA,NA,16,0,14
Compress,15,90%,Ekstazi,0.6101694915254237,36.0,0.6257062146892657,NA,NA,5,0,25
Compress,15,90%,FAST,0.6101694915254237,36.0,0.03305084745762712,NA,NA,29,0,1
Compress,15,90%,Ekstazi+dpt,0.6101694915254237,36.0,0.7203389830508476,17.0,0.28813559322033905,0,1,30
Compress,15,90%,DPT,0.6101694915254237,36.0,0.7203389830508476,17.0,0.28813559322033905,0,1,30
Compress,15,90%,STARTS,0.6101694915254237,36.0,0.6709039548022598,NA,NA,3,0,27
Compress,15,90%,STARTS+FAST-S,0.6101694915254237,36.0,0.0,NA,NA,30,0,0
Compress,15,90%,STARTS+FAST-P,0.6101694915254237,36.0,0.03305084745762712,NA,NA,29,0,1
Compress,15,90%,STARTS+DPT,0.6101694915254237,36.0,0.7203389830508476,17.0,0.28813559322033905,0,1,30
Compress,15,90%,Fastazi-S,0.6101694915254237,36.0,0.0,NA,NA,30,0,0
Compress,15,90%,Fastazi-P,0.6101694915254237,36.0,0.03305084745762712,NA,NA,29,0,1
Compress,15,90%,Random,0.6101694915254237,36.0,0.3954802259887006,NA,NA,14,0,16
Compress,15,100%,Ekstazi,0.6949152542372883,41.0,0.6847457627118646,19.1,0.323728813559322,0,1,30
Compress,15,100%,FAST,0.6949152542372883,41.0,0.03305084745762712,NA,NA,29,0,1
Compress,15,100%,Ekstazi+dpt,0.6949152542372883,41.0,0.7203389830508476,17.0,0.28813559322033905,0,1,30
Compress,15,100%,DPT,0.6949152542372883,41.0,0.7203389830508476,17.0,0.28813559322033905,0,1,30
Compress,15,100%,STARTS,0.6949152542372883,41.0,0.6819209039548022,NA,NA,2,0,28
Compress,15,100%,STARTS+FAST-S,0.6949152542372883,41.0,0.3288135593220341,40.1,0.6796610169491523,0,1,30
Compress,15,100%,STARTS+FAST-P,0.6949152542372883,41.0,0.35197740112994375,38.733333333333334,0.6564971751412426,0,1,30
Compress,15,100%,STARTS+DPT,0.6949152542372883,41.0,0.7203389830508476,17.0,0.28813559322033905,0,1,30
Compress,15,100%,Fastazi-S,0.6949152542372883,41.0,0.33050847457627147,40.0,0.6779661016949149,0,1,30
Compress,15,100%,Fastazi-P,0.6949152542372883,41.0,0.3514124293785313,38.766666666666666,0.6570621468926551,0,1,30
Compress,15,100%,Random,0.6949152542372883,41.0,0.40706214689265535,NA,NA,13,0,17
Compress,16,10%,Ekstazi,0.05084745762711866,3.0,0.12881355932203392,NA,NA,26,0,4
Compress,16,10%,FAST,0.05084745762711866,3.0,0.0,NA,NA,30,0,0
Compress,16,10%,Ekstazi+dpt,0.05084745762711866,3.0,0.0,NA,NA,30,0,0
Compress,16,10%,DPT,0.05084745762711866,3.0,0.0,NA,NA,30,0,0
Compress,16,10%,STARTS,0.05084745762711866,3.0,0.06384180790960452,NA,NA,28,0,2
Compress,16,10%,STARTS+FAST-S,0.05084745762711866,3.0,0.0,NA,NA,30,0,0
Compress,16,10%,STARTS+FAST-P,0.05084745762711866,3.0,0.0,NA,NA,30,0,0
Compress,16,10%,STARTS+DPT,0.05084745762711866,3.0,0.0,NA,NA,30,0,0
Compress,16,10%,Fastazi-S,0.05084745762711866,3.0,0.12768361581920903,NA,NA,26,0,4
Compress,16,10%,Fastazi-P,0.05084745762711866,3.0,0.41610169491525417,NA,NA,17,0,13
Compress,16,10%,Random,0.05084745762711866,3.0,0.0,NA,NA,30,0,0
Compress,16,20%,Ekstazi,0.11864406779661021,7.0,0.21892655367231634,NA,NA,23,0,7
Compress,16,20%,FAST,0.11864406779661021,7.0,0.9333333333333336,4.433333333333334,0.0751412429378531,0,1,30
Compress,16,20%,Ekstazi+dpt,0.11864406779661021,7.0,0.0,NA,NA,30,0,0
Compress,16,20%,DPT,0.11864406779661021,7.0,0.0,NA,NA,30,0,0
Compress,16,20%,STARTS,0.11864406779661021,7.0,0.09463276836158192,NA,NA,27,0,3
Compress,16,20%,STARTS+FAST-S,0.11864406779661021,7.0,0.0,NA,NA,30,0,0
Compress,16,20%,STARTS+FAST-P,0.11864406779661021,7.0,0.0,NA,NA,30,0,0
Compress,16,20%,STARTS+DPT,0.11864406779661021,7.0,0.0,NA,NA,30,0,0
Compress,16,20%,Fastazi-S,0.11864406779661021,7.0,0.9423728813559326,3.9,0.06610169491525426,0,1,30
Compress,16,20%,Fastazi-P,0.11864406779661021,7.0,0.9491525423728818,3.5,0.059322033898305114,0,1,30
Compress,16,20%,Random,0.11864406779661021,7.0,0.0615819209039548,NA,NA,28,0,2
Compress,16,25%,Ekstazi,0.15254237288135591,9.0,0.30508474576271183,NA,NA,20,0,10
Compress,16,25%,FAST,0.15254237288135591,9.0,0.9333333333333336,4.433333333333334,0.0751412429378531,0,1,30
Compress,16,25%,Ekstazi+dpt,0.15254237288135591,9.0,0.0,NA,NA,30,0,0
Compress,16,25%,DPT,0.15254237288135591,9.0,0.0,NA,NA,30,0,0
Compress,16,25%,STARTS,0.15254237288135591,9.0,0.1522598870056497,NA,NA,25,0,5
Compress,16,25%,STARTS+FAST-S,0.15254237288135591,9.0,0.0,NA,NA,30,0,0
Compress,16,25%,STARTS+FAST-P,0.15254237288135591,9.0,0.0,NA,NA,30,0,0
Compress,16,25%,STARTS+DPT,0.15254237288135591,9.0,0.0,NA,NA,30,0,0
Compress,16,25%,Fastazi-S,0.15254237288135591,9.0,0.9423728813559326,3.9,0.06610169491525426,0,1,30
Compress,16,25%,Fastazi-P,0.15254237288135591,9.0,0.9491525423728818,3.5,0.059322033898305114,0,1,30
Compress,16,25%,Random,0.15254237288135591,9.0,0.11977401129943503,NA,NA,26,0,4
Compress,16,30%,Ekstazi,0.18644067796610178,11.0,0.3330508474576271,NA,NA,19,0,11
Compress,16,30%,FAST,0.18644067796610178,11.0,0.9333333333333336,4.433333333333334,0.0751412429378531,0,1,30
Compress,16,30%,Ekstazi+dpt,0.18644067796610178,11.0,0.0,NA,NA,30,0,0
Compress,16,30%,DPT,0.18644067796610178,11.0,0.0,NA,NA,30,0,0
Compress,16,30%,STARTS,0.18644067796610178,11.0,0.18022598870056494,NA,NA,24,0,6
Compress,16,30%,STARTS+FAST-S,0.18644067796610178,11.0,0.0,NA,NA,30,0,0
Compress,16,30%,STARTS+FAST-P,0.18644067796610178,11.0,0.0,NA,NA,30,0,0
Compress,16,30%,STARTS+DPT,0.18644067796610178,11.0,0.0,NA,NA,30,0,0
Compress,16,30%,Fastazi-S,0.18644067796610178,11.0,0.9423728813559326,3.9,0.06610169491525426,0,1,30
Compress,16,30%,Fastazi-P,0.18644067796610178,11.0,0.9491525423728818,3.5,0.059322033898305114,0,1,30
Compress,16,30%,Random,0.18644067796610178,11.0,0.14717514124293787,NA,NA,25,0,5
Compress,16,40%,Ekstazi,0.23728813559322043,14.0,0.3587570621468926,NA,NA,18,0,12
Compress,16,40%,FAST,0.23728813559322043,14.0,0.9333333333333336,4.433333333333334,0.0751412429378531,0,1,30
Compress,16,40%,Ekstazi+dpt,0.23728813559322043,14.0,0.0,NA,NA,30,0,0
Compress,16,40%,DPT,0.23728813559322043,14.0,0.0,NA,NA,30,0,0
Compress,16,40%,STARTS,0.23728813559322043,14.0,0.23389830508474574,NA,NA,22,0,8
Compress,16,40%,STARTS+FAST-S,0.23728813559322043,14.0,0.0,NA,NA,30,0,0
Compress,16,40%,STARTS+FAST-P,0.23728813559322043,14.0,0.0,NA,NA,30,0,0
Compress,16,40%,STARTS+DPT,0.23728813559322043,14.0,0.0,NA,NA,30,0,0
Compress,16,40%,Fastazi-S,0.23728813559322043,14.0,0.9423728813559326,3.9,0.06610169491525426,0,1,30
Compress,16,40%,Fastazi-P,0.23728813559322043,14.0,0.9491525423728818,3.5,0.059322033898305114,0,1,30
Compress,16,40%,Random,0.23728813559322043,14.0,0.17344632768361581,NA,NA,24,0,6
Compress,16,50%,Ekstazi,0.30508474576271183,18.0,0.38220338983050844,NA,NA,17,0,13
Compress,16,50%,FAST,0.30508474576271183,18.0,0.9333333333333336,4.433333333333334,0.0751412429378531,0,1,30
Compress,16,50%,Ekstazi+dpt,0.30508474576271183,18.0,0.7372881355932205,16.0,0.2711864406779662,0,1,30
Compress,16,50%,DPT,0.30508474576271183,18.0,0.7288135593220342,16.5,0.2796610169491526,0,1,30
Compress,16,50%,STARTS,0.30508474576271183,18.0,0.3076271186440678,NA,NA,19,0,11
Compress,16,50%,STARTS+FAST-S,0.30508474576271183,18.0,0.0,NA,NA,30,0,0
Compress,16,50%,STARTS+FAST-P,0.30508474576271183,18.0,0.0,NA,NA,30,0,0
Compress,16,50%,STARTS+DPT,0.30508474576271183,18.0,0.7305084745762713,16.4,0.27796610169491537,0,1,30
Compress,16,50%,Fastazi-S,0.30508474576271183,18.0,0.9423728813559326,3.9,0.06610169491525426,0,1,30
Compress,16,50%,Fastazi-P,0.30508474576271183,18.0,0.9491525423728818,3.5,0.059322033898305114,0,1,30
Compress,16,50%,Random,0.30508474576271183,18.0,0.19689265536723163,NA,NA,23,0,7
Compress,16,60%,Ekstazi,0.37288135593220356,22.0,0.42514124293785305,NA,NA,15,0,15
Compress,16,60%,FAST,0.37288135593220356,22.0,0.9333333333333336,4.433333333333334,0.0751412429378531,0,1,30
Compress,16,60%,Ekstazi+dpt,0.37288135593220356,22.0,0.7372881355932205,16.0,0.2711864406779662,0,1,30
Compress,16,60%,DPT,0.37288135593220356,22.0,0.7288135593220342,16.5,0.2796610169491526,0,1,30
Compress,16,60%,STARTS,0.37288135593220356,22.0,0.32937853107344633,NA,NA,18,0,12
Compress,16,60%,STARTS+FAST-S,0.37288135593220356,22.0,0.0,NA,NA,30,0,0
Compress,16,60%,STARTS+FAST-P,0.37288135593220356,22.0,0.0,NA,NA,30,0,0
Compress,16,60%,STARTS+DPT,0.37288135593220356,22.0,0.7305084745762713,16.4,0.27796610169491537,0,1,30
Compress,16,60%,Fastazi-S,0.37288135593220356,22.0,0.9423728813559326,3.9,0.06610169491525426,0,1,30
Compress,16,60%,Fastazi-P,0.37288135593220356,22.0,0.9491525423728818,3.5,0.059322033898305114,0,1,30
Compress,16,60%,Random,0.37288135593220356,22.0,0.28276836158192087,NA,NA,19,0,11
Compress,16,70%,Ekstazi,0.42372881355932185,25.0,0.48531073446327677,NA,NA,12,0,18
Compress,16,70%,FAST,0.42372881355932185,25.0,0.9333333333333336,4.433333333333334,0.0751412429378531,0,1,30
Compress,16,70%,Ekstazi+dpt,0.42372881355932185,25.0,0.7372881355932205,16.0,0.2711864406779662,0,1,30
Compress,16,70%,DPT,0.42372881355932185,25.0,0.7288135593220342,16.5,0.2796610169491526,0,1,30
Compress,16,70%,STARTS,0.42372881355932185,25.0,0.36949152542372876,NA,NA,16,0,14
Compress,16,70%,STARTS+FAST-S,0.42372881355932185,25.0,0.0,NA,NA,30,0,0
Compress,16,70%,STARTS+FAST-P,0.42372881355932185,25.0,0.0,NA,NA,30,0,0
Compress,16,70%,STARTS+DPT,0.42372881355932185,25.0,0.7305084745762713,16.4,0.27796610169491537,0,1,30
Compress,16,70%,Fastazi-S,0.42372881355932185,25.0,0.9423728813559326,3.9,0.06610169491525426,0,1,30
Compress,16,70%,Fastazi-P,0.42372881355932185,25.0,0.9491525423728818,3.5,0.059322033898305114,0,1,30
Compress,16,70%,Random,0.42372881355932185,25.0,0.28276836158192087,NA,NA,19,0,11
Compress,16,75%,Ekstazi,0.4576271186440676,27.0,0.48531073446327677,NA,NA,12,0,18
Compress,16,75%,FAST,0.4576271186440676,27.0,0.9333333333333336,4.433333333333334,0.0751412429378531,0,1,30
Compress,16,75%,Ekstazi+dpt,0.4576271186440676,27.0,0.7372881355932205,16.0,0.2711864406779662,0,1,30
Compress,16,75%,DPT,0.4576271186440676,27.0,0.7288135593220342,16.5,0.2796610169491526,0,1,30
Compress,16,75%,STARTS,0.4576271186440676,27.0,0.36949152542372876,NA,NA,16,0,14
Compress,16,75%,STARTS+FAST-S,0.4576271186440676,27.0,0.0,NA,NA,30,0,0
Compress,16,75%,STARTS+FAST-P,0.4576271186440676,27.0,0.0,NA,NA,30,0,0
Compress,16,75%,STARTS+DPT,0.4576271186440676,27.0,0.7305084745762713,16.4,0.27796610169491537,0,1,30
Compress,16,75%,Fastazi-S,0.4576271186440676,27.0,0.9423728813559326,3.9,0.06610169491525426,0,1,30
Compress,16,75%,Fastazi-P,0.4576271186440676,27.0,0.9491525423728818,3.5,0.059322033898305114,0,1,30
Compress,16,75%,Random,0.4576271186440676,27.0,0.28276836158192087,NA,NA,19,0,11
Compress,16,80%,Ekstazi,0.49152542372881325,29.0,0.555367231638418,NA,NA,8,0,22
Compress,16,80%,FAST,0.49152542372881325,29.0,0.9333333333333336,4.433333333333334,0.0751412429378531,0,1,30
Compress,16,80%,Ekstazi+dpt,0.49152542372881325,29.0,0.7372881355932205,16.0,0.2711864406779662,0,1,30
Compress,16,80%,DPT,0.49152542372881325,29.0,0.7288135593220342,16.5,0.2796610169491526,0,1,30
Compress,16,80%,STARTS,0.49152542372881325,29.0,0.3867231638418079,NA,NA,15,0,15
Compress,16,80%,STARTS+FAST-S,0.49152542372881325,29.0,0.0,NA,NA,30,0,0
Compress,16,80%,STARTS+FAST-P,0.49152542372881325,29.0,0.0,NA,NA,30,0,0
Compress,16,80%,STARTS+DPT,0.49152542372881325,29.0,0.7305084745762713,16.4,0.27796610169491537,0,1,30
Compress,16,80%,Fastazi-S,0.49152542372881325,29.0,0.9423728813559326,3.9,0.06610169491525426,0,1,30
Compress,16,80%,Fastazi-P,0.49152542372881325,29.0,0.9491525423728818,3.5,0.059322033898305114,0,1,30
Compress,16,80%,Random,0.49152542372881325,29.0,0.3350282485875706,NA,NA,16,0,14
Compress,16,90%,Ekstazi,0.5593220338983048,33.0,0.6175141242937853,NA,NA,4,0,26
Compress,16,90%,FAST,0.5593220338983048,33.0,0.9333333333333336,4.433333333333334,0.0751412429378531,0,1,30
Compress,16,90%,Ekstazi+dpt,0.5593220338983048,33.0,0.7372881355932205,16.0,0.2711864406779662,0,1,30
Compress,16,90%,DPT,0.5593220338983048,33.0,0.7288135593220342,16.5,0.2796610169491526,0,1,30
Compress,16,90%,STARTS,0.5593220338983048,33.0,0.49774011299435017,NA,NA,8,0,22
Compress,16,90%,STARTS+FAST-S,0.5593220338983048,33.0,0.016101694915254237,NA,NA,29,0,1
Compress,16,90%,STARTS+FAST-P,0.5593220338983048,33.0,0.0,NA,NA,30,0,0
Compress,16,90%,STARTS+DPT,0.5593220338983048,33.0,0.7305084745762713,16.4,0.27796610169491537,0,1,30
Compress,16,90%,Fastazi-S,0.5593220338983048,33.0,0.9423728813559326,3.9,0.06610169491525426,0,1,30
Compress,16,90%,Fastazi-P,0.5593220338983048,33.0,0.9491525423728818,3.5,0.059322033898305114,0,1,30
Compress,16,90%,Random,0.5593220338983048,33.0,0.3350282485875706,NA,NA,16,0,14
Compress,16,100%,Ekstazi,0.6271186440677962,37.0,0.6728813559322033,19.8,0.33559322033898303,0,1,30
Compress,16,100%,FAST,0.6271186440677962,37.0,0.9333333333333336,4.433333333333334,0.0751412429378531,0,1,30
Compress,16,100%,Ekstazi+dpt,0.6271186440677962,37.0,0.7372881355932205,16.0,0.2711864406779662,0,1,30
Compress,16,100%,DPT,0.6271186440677962,37.0,0.7288135593220342,16.5,0.2796610169491526,0,1,30
Compress,16,100%,STARTS,0.6271186440677962,37.0,0.6084745762711864,23.6,0.4,0,1,30
Compress,16,100%,STARTS+FAST-S,0.6271186440677962,37.0,0.344632768361582,NA,NA,6,0,24
Compress,16,100%,STARTS+FAST-P,0.6271186440677962,37.0,0.3584745762711865,NA,NA,3,0,27
Compress,16,100%,STARTS+DPT,0.6271186440677962,37.0,0.7305084745762713,16.4,0.27796610169491537,0,1,30
Compress,16,100%,Fastazi-S,0.6271186440677962,37.0,0.9423728813559326,3.9,0.06610169491525426,0,1,30
Compress,16,100%,Fastazi-P,0.6271186440677962,37.0,0.9491525423728818,3.5,0.059322033898305114,0,1,30
Compress,16,100%,Random,0.6271186440677962,37.0,0.36327683615819206,NA,NA,14,0,16
Compress,17,10%,Ekstazi,0.06779661016949155,4.0,0.06327683615819209,NA,NA,28,0,2
Compress,17,10%,FAST,0.06779661016949155,4.0,0.0,NA,NA,30,0,0
Compress,17,10%,Ekstazi+dpt,0.06779661016949155,4.0,0.0,NA,NA,30,0,0
Compress,17,10%,DPT,0.06779661016949155,4.0,0.0,NA,NA,30,0,0
Compress,17,10%,STARTS,0.06779661016949155,4.0,0.0963276836158192,NA,NA,27,0,3
Compress,17,10%,STARTS+FAST-S,0.06779661016949155,4.0,0.0,NA,NA,30,0,0
Compress,17,10%,STARTS+FAST-P,0.06779661016949155,4.0,0.0,NA,NA,30,0,0
Compress,17,10%,STARTS+DPT,0.06779661016949155,4.0,0.0,NA,NA,30,0,0
Compress,17,10%,Fastazi-S,0.06779661016949155,4.0,0.03305084745762712,NA,NA,29,0,1
Compress,17,10%,Fastazi-P,0.06779661016949155,4.0,0.0,NA,NA,30,0,0
Compress,17,10%,Random,0.06779661016949155,4.0,0.0980225988700565,NA,NA,27,0,3
Compress,17,20%,Ekstazi,0.1355932203389831,8.0,0.21384180790960453,NA,NA,23,0,7
Compress,17,20%,FAST,0.1355932203389831,8.0,0.8451977401129941,NA,NA,2,0,28
Compress,17,20%,Ekstazi+dpt,0.1355932203389831,8.0,0.0,NA,NA,30,0,0
Compress,17,20%,DPT,0.1355932203389831,8.0,0.0,NA,NA,30,0,0
Compress,17,20%,STARTS,0.1355932203389831,8.0,0.21497175141242936,NA,NA,23,0,7
Compress,17,20%,STARTS+FAST-S,0.1355932203389831,8.0,0.7511299435028248,NA,NA,5,0,25
Compress,17,20%,STARTS+FAST-P,0.1355932203389831,8.0,0.7824858757062149,NA,NA,4,0,26
Compress,17,20%,STARTS+DPT,0.1355932203389831,8.0,0.0,NA,NA,30,0,0
Compress,17,20%,Fastazi-S,0.1355932203389831,8.0,0.9056497175141244,6.066666666666666,0.10282485875706218,0,1,30
Compress,17,20%,Fastazi-P,0.1355932203389831,8.0,0.8514124293785308,NA,NA,2,0,28
Compress,17,20%,Random,0.1355932203389831,8.0,0.15677966101694915,NA,NA,25,0,5
Compress,17,25%,Ekstazi,0.16949152542372872,10.0,0.2423728813559322,NA,NA,22,0,8
Compress,17,25%,FAST,0.16949152542372872,10.0,0.8451977401129941,NA,NA,2,0,28
Compress,17,25%,Ekstazi+dpt,0.16949152542372872,10.0,0.0,NA,NA,30,0,0
Compress,17,25%,DPT,0.16949152542372872,10.0,0.0,NA,NA,30,0,0
Compress,17,25%,STARTS,0.16949152542372872,10.0,0.27090395480225987,NA,NA,21,0,9
Compress,17,25%,STARTS+FAST-S,0.16949152542372872,10.0,0.7511299435028248,NA,NA,5,0,25
Compress,17,25%,STARTS+FAST-P,0.16949152542372872,10.0,0.7824858757062149,NA,NA,4,0,26
Compress,17,25%,STARTS+DPT,0.16949152542372872,10.0,0.0,NA,NA,30,0,0
Compress,17,25%,Fastazi-S,0.16949152542372872,10.0,0.9056497175141244,6.066666666666666,0.10282485875706218,0,1,30
Compress,17,25%,Fastazi-P,0.16949152542372872,10.0,0.8514124293785308,NA,NA,2,0,28
Compress,17,25%,Random,0.16949152542372872,10.0,0.21327683615819207,NA,NA,23,0,7
Compress,17,30%,Ekstazi,0.20338983050847464,12.0,0.2692090395480226,NA,NA,21,0,9
Compress,17,30%,FAST,0.20338983050847464,12.0,0.8451977401129941,NA,NA,2,0,28
Compress,17,30%,Ekstazi+dpt,0.20338983050847464,12.0,0.0,NA,NA,30,0,0
Compress,17,30%,DPT,0.20338983050847464,12.0,0.0,NA,NA,30,0,0
Compress,17,30%,STARTS,0.20338983050847464,12.0,0.27090395480225987,NA,NA,21,0,9
Compress,17,30%,STARTS+FAST-S,0.20338983050847464,12.0,0.8881355932203389,7.1,0.12033898305084748,0,1,30
Compress,17,30%,STARTS+FAST-P,0.20338983050847464,12.0,0.8920903954802262,6.866666666666666,0.11638418079096048,0,1,30
Compress,17,30%,STARTS+DPT,0.20338983050847464,12.0,0.0,NA,NA,30,0,0
Compress,17,30%,Fastazi-S,0.20338983050847464,12.0,0.9056497175141244,6.066666666666666,0.10282485875706218,0,1,30
Compress,17,30%,Fastazi-P,0.20338983050847464,12.0,0.8782485875706212,NA,NA,1,0,29
Compress,17,30%,Random,0.20338983050847464,12.0,0.21327683615819207,NA,NA,23,0,7
Compress,17,40%,Ekstazi,0.2711864406779662,16.0,0.32062146892655363,NA,NA,19,0,11
Compress,17,40%,FAST,0.2711864406779662,16.0,0.8977401129943501,6.533333333333333,0.1107344632768362,0,1,30
Compress,17,40%,Ekstazi+dpt,0.2711864406779662,16.0,0.0,NA,NA,30,0,0
Compress,17,40%,DPT,0.2711864406779662,16.0,0.0,NA,NA,30,0,0
Compress,17,40%,STARTS,0.2711864406779662,16.0,0.3988700564971752,NA,NA,16,0,14
Compress,17,40%,STARTS+FAST-S,0.2711864406779662,16.0,0.8881355932203389,7.1,0.12033898305084748,0,1,30
Compress,17,40%,STARTS+FAST-P,0.2711864406779662,16.0,0.8920903954802262,6.866666666666666,0.11638418079096048,0,1,30
Compress,17,40%,STARTS+DPT,0.2711864406779662,16.0,0.0,NA,NA,30,0,0
Compress,17,40%,Fastazi-S,0.2711864406779662,16.0,0.9056497175141244,6.066666666666666,0.10282485875706218,0,1,30
Compress,17,40%,Fastazi-P,0.2711864406779662,16.0,0.9045197740112992,6.133333333333334,0.10395480225988703,0,1,30
Compress,17,40%,Random,0.2711864406779662,16.0,0.21327683615819207,NA,NA,23,0,7
Compress,17,50%,Ekstazi,0.33898305084745745,20.0,0.43559322033898307,NA,NA,14,0,16
Compress,17,50%,FAST,0.33898305084745745,20.0,0.8977401129943501,6.533333333333333,0.1107344632768362,0,1,30
Compress,17,50%,Ekstazi+dpt,0.33898305084745745,20.0,0.0,NA,NA,30,0,0
Compress,17,50%,DPT,0.33898305084745745,20.0,0.0,NA,NA,30,0,0
Compress,17,50%,STARTS,0.33898305084745745,20.0,0.4680790960451978,NA,NA,13,0,17
Compress,17,50%,STARTS+FAST-S,0.33898305084745745,20.0,0.8881355932203389,7.1,0.12033898305084748,0,1,30
Compress,17,50%,STARTS+FAST-P,0.33898305084745745,20.0,0.8920903954802262,6.866666666666666,0.11638418079096048,0,1,30
Compress,17,50%,STARTS+DPT,0.33898305084745745,20.0,0.0,NA,NA,30,0,0
Compress,17,50%,Fastazi-S,0.33898305084745745,20.0,0.9056497175141244,6.066666666666666,0.10282485875706218,0,1,30
Compress,17,50%,Fastazi-P,0.33898305084745745,20.0,0.9045197740112992,6.133333333333334,0.10395480225988703,0,1,30
Compress,17,50%,Random,0.33898305084745745,20.0,0.23559322033898303,NA,NA,22,0,8
Compress,17,60%,Ekstazi,0.4067796610169493,24.0,0.49971751412429377,NA,NA,11,0,19
Compress,17,60%,FAST,0.4067796610169493,24.0,0.8977401129943501,6.533333333333333,0.1107344632768362,0,1,30
Compress,17,60%,Ekstazi+dpt,0.4067796610169493,24.0,0.0,NA,NA,30,0,0
Compress,17,60%,DPT,0.4067796610169493,24.0,0.0,NA,NA,30,0,0
Compress,17,60%,STARTS,0.4067796610169493,24.0,0.4680790960451978,NA,NA,13,0,17
Compress,17,60%,STARTS+FAST-S,0.4067796610169493,24.0,0.8881355932203389,7.1,0.12033898305084748,0,1,30
Compress,17,60%,STARTS+FAST-P,0.4067796610169493,24.0,0.8920903954802262,6.866666666666666,0.11638418079096048,0,1,30
Compress,17,60%,STARTS+DPT,0.4067796610169493,24.0,0.0,NA,NA,30,0,0
Compress,17,60%,Fastazi-S,0.4067796610169493,24.0,0.9056497175141244,6.066666666666666,0.10282485875706218,0,1,30
Compress,17,60%,Fastazi-P,0.4067796610169493,24.0,0.9045197740112992,6.133333333333334,0.10395480225988703,0,1,30
Compress,17,60%,Random,0.4067796610169493,24.0,0.2779661016949152,NA,NA,20,0,10
Compress,17,70%,Ekstazi,0.47457627118644086,28.0,0.6293785310734463,NA,NA,4,0,26
Compress,17,70%,FAST,0.47457627118644086,28.0,0.8977401129943501,6.533333333333333,0.1107344632768362,0,1,30
Compress,17,70%,Ekstazi+dpt,0.47457627118644086,28.0,0.0,NA,NA,30,0,0
Compress,17,70%,DPT,0.47457627118644086,28.0,0.0,NA,NA,30,0,0
Compress,17,70%,STARTS,0.47457627118644086,28.0,0.5454802259887007,NA,NA,9,0,21
Compress,17,70%,STARTS+FAST-S,0.47457627118644086,28.0,0.8881355932203389,7.1,0.12033898305084748,0,1,30
Compress,17,70%,STARTS+FAST-P,0.47457627118644086,28.0,0.8920903954802262,6.866666666666666,0.11638418079096048,0,1,30
Compress,17,70%,STARTS+DPT,0.47457627118644086,28.0,0.0,NA,NA,30,0,0
Compress,17,70%,Fastazi-S,0.47457627118644086,28.0,0.9056497175141244,6.066666666666666,0.10282485875706218,0,1,30
Compress,17,70%,Fastazi-P,0.47457627118644086,28.0,0.9045197740112992,6.133333333333334,0.10395480225988703,0,1,30
Compress,17,70%,Random,0.47457627118644086,28.0,0.3163841807909604,NA,NA,18,0,12
Compress,17,75%,Ekstazi,0.5084745762711868,30.0,0.6638418079096046,NA,NA,2,0,28
Compress,17,75%,FAST,0.5084745762711868,30.0,0.8977401129943501,6.533333333333333,0.1107344632768362,0,1,30
Compress,17,75%,Ekstazi+dpt,0.5084745762711868,30.0,0.3711864406779661,NA,NA,8,0,22
Compress,17,75%,DPT,0.5084745762711868,30.0,0.38898305084745766,NA,NA,7,0,23
Compress,17,75%,STARTS,0.5084745762711868,30.0,0.5799435028248588,NA,NA,7,0,23
Compress,17,75%,STARTS+FAST-S,0.5084745762711868,30.0,0.8881355932203389,7.1,0.12033898305084748,0,1,30
Compress,17,75%,STARTS+FAST-P,0.5084745762711868,30.0,0.8920903954802262,6.866666666666666,0.11638418079096048,0,1,30
Compress,17,75%,STARTS+DPT,0.5084745762711868,30.0,0.3395480225988701,NA,NA,10,0,20
Compress,17,75%,Fastazi-S,0.5084745762711868,30.0,0.9056497175141244,6.066666666666666,0.10282485875706218,0,1,30
Compress,17,75%,Fastazi-P,0.5084745762711868,30.0,0.9045197740112992,6.133333333333334,0.10395480225988703,0,1,30
Compress,17,75%,Random,0.5084745762711868,30.0,0.33361581920903954,NA,NA,17,0,13
Compress,17,80%,Ekstazi,0.5423728813559324,32.0,0.6638418079096046,NA,NA,2,0,28
Compress,17,80%,FAST,0.5423728813559324,32.0,0.8977401129943501,6.533333333333333,0.1107344632768362,0,1,30
Compress,17,80%,Ekstazi+dpt,0.5423728813559324,32.0,0.5,30.0,0.5084745762711864,0,1,30
Compress,17,80%,DPT,0.5423728813559324,32.0,0.5016949152542373,29.9,0.506779661016949,0,1,30
Compress,17,80%,STARTS,0.5423728813559324,32.0,0.6115819209039548,NA,NA,5,0,25
Compress,17,80%,STARTS+FAST-S,0.5423728813559324,32.0,0.8881355932203389,7.1,0.12033898305084748,0,1,30
Compress,17,80%,STARTS+FAST-P,0.5423728813559324,32.0,0.8920903954802262,6.866666666666666,0.11638418079096048,0,1,30
Compress,17,80%,STARTS+DPT,0.5423728813559324,32.0,0.5005649717514123,29.966666666666665,0.5079096045197738,0,1,30
Compress,17,80%,Fastazi-S,0.5423728813559324,32.0,0.9056497175141244,6.066666666666666,0.10282485875706218,0,1,30
Compress,17,80%,Fastazi-P,0.5423728813559324,32.0,0.9045197740112992,6.133333333333334,0.10395480225988703,0,1,30
Compress,17,80%,Random,0.5423728813559324,32.0,0.33361581920903954,NA,NA,17,0,13
Compress,17,90%,Ekstazi,0.6101694915254237,36.0,0.6771186440677968,NA,NA,1,0,29
Compress,17,90%,FAST,0.6101694915254237,36.0,0.8977401129943501,6.533333333333333,0.1107344632768362,0,1,30
Compress,17,90%,Ekstazi+dpt,0.6101694915254237,36.0,0.5,30.0,0.5084745762711864,0,1,30
Compress,17,90%,DPT,0.6101694915254237,36.0,0.5016949152542373,29.9,0.506779661016949,0,1,30
Compress,17,90%,STARTS,0.6101694915254237,36.0,0.6254237288135595,NA,NA,4,0,26
Compress,17,90%,STARTS+FAST-S,0.6101694915254237,36.0,0.8881355932203389,7.1,0.12033898305084748,0,1,30
Compress,17,90%,STARTS+FAST-P,0.6101694915254237,36.0,0.8920903954802262,6.866666666666666,0.11638418079096048,0,1,30
Compress,17,90%,STARTS+DPT,0.6101694915254237,36.0,0.5005649717514123,29.966666666666665,0.5079096045197738,0,1,30
Compress,17,90%,Fastazi-S,0.6101694915254237,36.0,0.9056497175141244,6.066666666666666,0.10282485875706218,0,1,30
Compress,17,90%,Fastazi-P,0.6101694915254237,36.0,0.9045197740112992,6.133333333333334,0.10395480225988703,0,1,30
Compress,17,90%,Random,0.6101694915254237,36.0,0.39124293785310726,NA,NA,13,0,17
Compress,17,100%,Ekstazi,0.6779661016949149,40.0,0.689265536723164,18.833333333333332,0.3192090395480226,0,1,30
Compress,17,100%,FAST,0.6779661016949149,40.0,0.8977401129943501,6.533333333333333,0.1107344632768362,0,1,30
Compress,17,100%,Ekstazi+dpt,0.6779661016949149,40.0,0.5,30.0,0.5084745762711864,0,1,30
Compress,17,100%,DPT,0.6779661016949149,40.0,0.5016949152542373,29.9,0.506779661016949,0,1,30
Compress,17,100%,STARTS,0.6779661016949149,40.0,0.6375706214689266,NA,NA,3,0,27
Compress,17,100%,STARTS+FAST-S,0.6779661016949149,40.0,0.8881355932203389,7.1,0.12033898305084748,0,1,30
Compress,17,100%,STARTS+FAST-P,0.6779661016949149,40.0,0.8920903954802262,6.866666666666666,0.11638418079096048,0,1,30
Compress,17,100%,STARTS+DPT,0.6779661016949149,40.0,0.5005649717514123,29.966666666666665,0.5079096045197738,0,1,30
Compress,17,100%,Fastazi-S,0.6779661016949149,40.0,0.9056497175141244,6.066666666666666,0.10282485875706218,0,1,30
Compress,17,100%,Fastazi-P,0.6779661016949149,40.0,0.9045197740112992,6.133333333333334,0.10395480225988703,0,1,30
Compress,17,100%,Random,0.6779661016949149,40.0,0.40395480225988695,NA,NA,12,0,18
Compress,18,10%,Ekstazi,0.033898305084745776,2.0,0.06497175141242938,NA,NA,28,0,2
Compress,18,10%,FAST,0.033898305084745776,2.0,0.0,NA,NA,30,0,0
Compress,18,10%,Ekstazi+dpt,0.033898305084745776,2.0,0.0,NA,NA,30,0,0
Compress,18,10%,DPT,0.033898305084745776,2.0,0.0,NA,NA,30,0,0
Compress,18,10%,STARTS,0.033898305084745776,2.0,0.06610169491525424,NA,NA,28,0,2
Compress,18,10%,STARTS+FAST-S,0.033898305084745776,2.0,0.09915254237288136,NA,NA,27,0,3
Compress,18,10%,STARTS+FAST-P,0.033898305084745776,2.0,0.09915254237288136,NA,NA,27,0,3
Compress,18,10%,STARTS+DPT,0.033898305084745776,2.0,0.0,NA,NA,30,0,0
Compress,18,10%,Fastazi-S,0.033898305084745776,2.0,0.03305084745762712,NA,NA,29,0,1
Compress,18,10%,Fastazi-P,0.033898305084745776,2.0,0.0,NA,NA,30,0,0
Compress,18,10%,Random,0.033898305084745776,2.0,0.0655367231638418,NA,NA,28,0,2
Compress,18,20%,Ekstazi,0.08474576271186436,5.0,0.19039548022598868,NA,NA,24,0,6
Compress,18,20%,FAST,0.08474576271186436,5.0,0.0,NA,NA,30,0,0
Compress,18,20%,Ekstazi+dpt,0.08474576271186436,5.0,0.0,NA,NA,30,0,0
Compress,18,20%,DPT,0.08474576271186436,5.0,0.0,NA,NA,30,0,0
Compress,18,20%,STARTS,0.08474576271186436,5.0,0.0980225988700565,NA,NA,27,0,3
Compress,18,20%,STARTS+FAST-S,0.08474576271186436,5.0,0.09915254237288136,NA,NA,27,0,3
Compress,18,20%,STARTS+FAST-P,0.08474576271186436,5.0,0.09915254237288136,NA,NA,27,0,3
Compress,18,20%,STARTS+DPT,0.08474576271186436,5.0,0.0,NA,NA,30,0,0
Compress,18,20%,Fastazi-S,0.08474576271186436,5.0,0.03305084745762712,NA,NA,29,0,1
Compress,18,20%,Fastazi-P,0.08474576271186436,5.0,0.0,NA,NA,30,0,0
Compress,18,20%,Random,0.08474576271186436,5.0,0.0963276836158192,NA,NA,27,0,3
Compress,18,25%,Ekstazi,0.11864406779661021,7.0,0.2200564971751412,NA,NA,23,0,7
Compress,18,25%,FAST,0.11864406779661021,7.0,0.0,NA,NA,30,0,0
Compress,18,25%,Ekstazi+dpt,0.11864406779661021,7.0,0.0,NA,NA,30,0,0
Compress,18,25%,DPT,0.11864406779661021,7.0,0.0,NA,NA,30,0,0
Compress,18,25%,STARTS,0.11864406779661021,7.0,0.15847457627118644,NA,NA,25,0,5
Compress,18,25%,STARTS+FAST-S,0.11864406779661021,7.0,0.09915254237288136,NA,NA,27,0,3
Compress,18,25%,STARTS+FAST-P,0.11864406779661021,7.0,0.09915254237288136,NA,NA,27,0,3
Compress,18,25%,STARTS+DPT,0.11864406779661021,7.0,0.0,NA,NA,30,0,0
Compress,18,25%,Fastazi-S,0.11864406779661021,7.0,0.03305084745762712,NA,NA,29,0,1
Compress,18,25%,Fastazi-P,0.11864406779661021,7.0,0.4152542372881356,NA,NA,16,0,14
Compress,18,25%,Random,0.11864406779661021,7.0,0.0963276836158192,NA,NA,27,0,3
Compress,18,30%,Ekstazi,0.1355932203389831,8.0,0.24915254237288134,NA,NA,22,0,8
Compress,18,30%,FAST,0.1355932203389831,8.0,0.7855932203389835,NA,NA,3,0,27
Compress,18,30%,Ekstazi+dpt,0.1355932203389831,8.0,0.0,NA,NA,30,0,0
Compress,18,30%,DPT,0.1355932203389831,8.0,0.0,NA,NA,30,0,0
Compress,18,30%,STARTS,0.1355932203389831,8.0,0.18757062146892656,NA,NA,24,0,6
Compress,18,30%,STARTS+FAST-S,0.1355932203389831,8.0,0.09915254237288136,NA,NA,27,0,3
Compress,18,30%,STARTS+FAST-P,0.1355932203389831,8.0,0.09915254237288136,NA,NA,27,0,3
Compress,18,30%,STARTS+DPT,0.1355932203389831,8.0,0.0,NA,NA,30,0,0
Compress,18,30%,Fastazi-S,0.1355932203389831,8.0,0.8186440677966106,NA,NA,2,0,28
Compress,18,30%,Fastazi-P,0.1355932203389831,8.0,0.8225988700564977,NA,NA,2,0,28
Compress,18,30%,Random,0.1355932203389831,8.0,0.0963276836158192,NA,NA,27,0,3
Compress,18,40%,Ekstazi,0.18644067796610178,11.0,0.3889830508474576,NA,NA,17,0,13
Compress,18,40%,FAST,0.18644067796610178,11.0,0.8706214689265541,8.133333333333333,0.13785310734463282,0,1,30
Compress,18,40%,Ekstazi+dpt,0.18644067796610178,11.0,0.0,NA,NA,30,0,0
Compress,18,40%,DPT,0.18644067796610178,11.0,0.0,NA,NA,30,0,0
Compress,18,40%,STARTS,0.18644067796610178,11.0,0.3016949152542373,NA,NA,20,0,10
Compress,18,40%,STARTS+FAST-S,0.18644067796610178,11.0,0.09915254237288136,NA,NA,27,0,3
Compress,18,40%,STARTS+FAST-P,0.18644067796610178,11.0,0.09915254237288136,NA,NA,27,0,3
Compress,18,40%,STARTS+DPT,0.18644067796610178,11.0,0.0,NA,NA,30,0,0
Compress,18,40%,Fastazi-S,0.18644067796610178,11.0,0.875706214689266,7.833333333333333,0.13276836158192096,0,1,30
Compress,18,40%,Fastazi-P,0.18644067796610178,11.0,0.8796610169491531,7.6,0.12881355932203395,0,1,30
Compress,18,40%,Random,0.18644067796610178,11.0,0.12485875706214689,NA,NA,26,0,4
Compress,18,50%,Ekstazi,0.23728813559322043,14.0,0.44209039548022594,NA,NA,15,0,15
Compress,18,50%,FAST,0.23728813559322043,14.0,0.8706214689265541,8.133333333333333,0.13785310734463282,0,1,30
Compress,18,50%,Ekstazi+dpt,0.23728813559322043,14.0,0.0,NA,NA,30,0,0
Compress,18,50%,DPT,0.23728813559322043,14.0,0.0,NA,NA,30,0,0
Compress,18,50%,STARTS,0.23728813559322043,14.0,0.3285310734463277,NA,NA,19,0,11
Compress,18,50%,STARTS+FAST-S,0.23728813559322043,14.0,0.09915254237288136,NA,NA,27,0,3
Compress,18,50%,STARTS+FAST-P,0.23728813559322043,14.0,0.09915254237288136,NA,NA,27,0,3
Compress,18,50%,STARTS+DPT,0.23728813559322043,14.0,0.0,NA,NA,30,0,0
Compress,18,50%,Fastazi-S,0.23728813559322043,14.0,0.875706214689266,7.833333333333333,0.13276836158192096,0,1,30
Compress,18,50%,Fastazi-P,0.23728813559322043,14.0,0.8796610169491531,7.6,0.12881355932203395,0,1,30
Compress,18,50%,Random,0.23728813559322043,14.0,0.15112994350282485,NA,NA,25,0,5
Compress,18,60%,Ekstazi,0.2711864406779662,16.0,0.4918079096045197,NA,NA,13,0,17
Compress,18,60%,FAST,0.2711864406779662,16.0,0.8706214689265541,8.133333333333333,0.13785310734463282,0,1,30
Compress,18,60%,Ekstazi+dpt,0.2711864406779662,16.0,0.0,NA,NA,30,0,0
Compress,18,60%,DPT,0.2711864406779662,16.0,0.0,NA,NA,30,0,0
Compress,18,60%,STARTS,0.2711864406779662,16.0,0.3536723163841808,NA,NA,18,0,12
Compress,18,60%,STARTS+FAST-S,0.2711864406779662,16.0,0.09915254237288136,NA,NA,27,0,3
Compress,18,60%,STARTS+FAST-P,0.2711864406779662,16.0,0.09915254237288136,NA,NA,27,0,3
Compress,18,60%,STARTS+DPT,0.2711864406779662,16.0,0.0,NA,NA,30,0,0
Compress,18,60%,Fastazi-S,0.2711864406779662,16.0,0.875706214689266,7.833333333333333,0.13276836158192096,0,1,30
Compress,18,60%,Fastazi-P,0.2711864406779662,16.0,0.8796610169491531,7.6,0.12881355932203395,0,1,30
Compress,18,60%,Random,0.2711864406779662,16.0,0.15112994350282485,NA,NA,25,0,5
Compress,18,70%,Ekstazi,0.3220338983050847,19.0,0.5861581920903954,NA,NA,9,0,21
Compress,18,70%,FAST,0.3220338983050847,19.0,0.8706214689265541,8.133333333333333,0.13785310734463282,0,1,30
Compress,18,70%,Ekstazi+dpt,0.3220338983050847,19.0,0.0,NA,NA,30,0,0
Compress,18,70%,DPT,0.3220338983050847,19.0,0.0,NA,NA,30,0,0
Compress,18,70%,STARTS,0.3220338983050847,19.0,0.37768361581920906,NA,NA,17,0,13
Compress,18,70%,STARTS+FAST-S,0.3220338983050847,19.0,0.09915254237288136,NA,NA,27,0,3
Compress,18,70%,STARTS+FAST-P,0.3220338983050847,19.0,0.09915254237288136,NA,NA,27,0,3
Compress,18,70%,STARTS+DPT,0.3220338983050847,19.0,0.0,NA,NA,30,0,0
Compress,18,70%,Fastazi-S,0.3220338983050847,19.0,0.875706214689266,7.833333333333333,0.13276836158192096,0,1,30
Compress,18,70%,Fastazi-P,0.3220338983050847,19.0,0.8796610169491531,7.6,0.12881355932203395,0,1,30
Compress,18,70%,Random,0.3220338983050847,19.0,0.22259887005649717,NA,NA,22,0,8
Compress,18,75%,Ekstazi,0.3559322033898305,21.0,0.6748587570621469,NA,NA,5,0,25
Compress,18,75%,FAST,0.3559322033898305,21.0,0.8706214689265541,8.133333333333333,0.13785310734463282,0,1,30
Compress,18,75%,Ekstazi+dpt,0.3559322033898305,21.0,0.6694915254237288,20.0,0.33898305084745745,0,1,30
Compress,18,75%,DPT,0.3559322033898305,21.0,0.6525423728813563,21.0,0.3559322033898305,0,1,30
Compress,18,75%,STARTS,0.3559322033898305,21.0,0.4217514124293785,NA,NA,15,0,15
Compress,18,75%,STARTS+FAST-S,0.3559322033898305,21.0,0.09915254237288136,NA,NA,27,0,3
Compress,18,75%,STARTS+FAST-P,0.3559322033898305,21.0,0.09915254237288136,NA,NA,27,0,3
Compress,18,75%,STARTS+DPT,0.3559322033898305,21.0,0.6525423728813563,21.0,0.3559322033898305,0,1,30
Compress,18,75%,Fastazi-S,0.3559322033898305,21.0,0.875706214689266,7.833333333333333,0.13276836158192096,0,1,30
Compress,18,75%,Fastazi-P,0.3559322033898305,21.0,0.8796610169491531,7.6,0.12881355932203395,0,1,30
Compress,18,75%,Random,0.3559322033898305,21.0,0.22259887005649717,NA,NA,22,0,8
Compress,18,80%,Ekstazi,0.37288135593220356,22.0,0.7172316384180791,NA,NA,3,0,27
Compress,18,80%,FAST,0.37288135593220356,22.0,0.8706214689265541,8.133333333333333,0.13785310734463282,0,1,30
Compress,18,80%,Ekstazi+dpt,0.37288135593220356,22.0,0.6694915254237288,20.0,0.33898305084745745,0,1,30
Compress,18,80%,DPT,0.37288135593220356,22.0,0.6525423728813563,21.0,0.3559322033898305,0,1,30
Compress,18,80%,STARTS,0.37288135593220356,22.0,0.4217514124293785,NA,NA,15,0,15
Compress,18,80%,STARTS+FAST-S,0.37288135593220356,22.0,0.09915254237288136,NA,NA,27,0,3
Compress,18,80%,STARTS+FAST-P,0.37288135593220356,22.0,0.09915254237288136,NA,NA,27,0,3
Compress,18,80%,STARTS+DPT,0.37288135593220356,22.0,0.6525423728813563,21.0,0.3559322033898305,0,1,30
Compress,18,80%,Fastazi-S,0.37288135593220356,22.0,0.875706214689266,7.833333333333333,0.13276836158192096,0,1,30
Compress,18,80%,Fastazi-P,0.37288135593220356,22.0,0.8796610169491531,7.6,0.12881355932203395,0,1,30
Compress,18,80%,Random,0.37288135593220356,22.0,0.24378531073446327,NA,NA,21,0,9
Compress,18,90%,Ekstazi,0.42372881355932185,25.0,0.757909604519774,NA,NA,1,0,29
Compress,18,90%,FAST,0.42372881355932185,25.0,0.8706214689265541,8.133333333333333,0.13785310734463282,0,1,30
Compress,18,90%,Ekstazi+dpt,0.42372881355932185,25.0,0.6694915254237288,20.0,0.33898305084745745,0,1,30
Compress,18,90%,DPT,0.42372881355932185,25.0,0.6525423728813563,21.0,0.3559322033898305,0,1,30
Compress,18,90%,STARTS,0.42372881355932185,25.0,0.4807909604519774,NA,NA,12,0,18
Compress,18,90%,STARTS+FAST-S,0.42372881355932185,25.0,0.6519774011299436,21.033333333333335,0.3564971751412429,0,1,30
Compress,18,90%,STARTS+FAST-P,0.42372881355932185,25.0,0.6531073446327684,20.966666666666665,0.35536723163841805,0,1,30
Compress,18,90%,STARTS+DPT,0.42372881355932185,25.0,0.6525423728813563,21.0,0.3559322033898305,0,1,30
Compress,18,90%,Fastazi-S,0.42372881355932185,25.0,0.875706214689266,7.833333333333333,0.13276836158192096,0,1,30
Compress,18,90%,Fastazi-P,0.42372881355932185,25.0,0.8796610169491531,7.6,0.12881355932203395,0,1,30
Compress,18,90%,Random,0.42372881355932185,25.0,0.2833333333333333,NA,NA,19,0,11
Compress,18,100%,Ekstazi,0.47457627118644086,28.0,0.7757062146892655,13.733333333333333,0.23276836158192088,0,1,30
Compress,18,100%,FAST,0.47457627118644086,28.0,0.8706214689265541,8.133333333333333,0.13785310734463282,0,1,30
Compress,18,100%,Ekstazi+dpt,0.47457627118644086,28.0,0.6694915254237288,20.0,0.33898305084745745,0,1,30
Compress,18,100%,DPT,0.47457627118644086,28.0,0.6525423728813563,21.0,0.3559322033898305,0,1,30
Compress,18,100%,STARTS,0.47457627118644086,28.0,0.4807909604519774,NA,NA,12,0,18
Compress,18,100%,STARTS+FAST-S,0.47457627118644086,28.0,0.6519774011299436,21.033333333333335,0.3564971751412429,0,1,30
Compress,18,100%,STARTS+FAST-P,0.47457627118644086,28.0,0.6531073446327684,20.966666666666665,0.35536723163841805,0,1,30
Compress,18,100%,STARTS+DPT,0.47457627118644086,28.0,0.6525423728813563,21.0,0.3559322033898305,0,1,30
Compress,18,100%,Fastazi-S,0.47457627118644086,28.0,0.875706214689266,7.833333333333333,0.13276836158192096,0,1,30
Compress,18,100%,Fastazi-P,0.47457627118644086,28.0,0.8796610169491531,7.6,0.12881355932203395,0,1,30
Compress,18,100%,Random,0.47457627118644086,28.0,0.3194915254237288,NA,NA,17,0,13
Compress,19,10%,Ekstazi,0.08064516129032255,5.0,0.0,NA,NA,30,0,0
Compress,19,10%,FAST,0.08064516129032255,5.0,0.06612903225806452,NA,NA,28,0,2
Compress,19,10%,Ekstazi+dpt,0.08064516129032255,5.0,0.0,NA,NA,30,0,0
Compress,19,10%,DPT,0.08064516129032255,5.0,0.0,NA,NA,30,0,0
Compress,19,10%,STARTS,0.08064516129032255,5.0,0.03306451612903226,NA,NA,29,0,1
Compress,19,10%,STARTS+FAST-S,0.08064516129032255,5.0,0.0,NA,NA,30,0,0
Compress,19,10%,STARTS+FAST-P,0.08064516129032255,5.0,0.03306451612903226,NA,NA,29,0,1
Compress,19,10%,STARTS+DPT,0.08064516129032255,5.0,0.0,NA,NA,30,0,0
Compress,19,10%,Fastazi-S,0.08064516129032255,5.0,0.03306451612903226,NA,NA,29,0,1
Compress,19,10%,Fastazi-P,0.08064516129032255,5.0,0.06612903225806452,NA,NA,28,0,2
Compress,19,10%,Random,0.08064516129032255,5.0,0.12741935483870967,NA,NA,26,0,4
Compress,19,20%,Ekstazi,0.1612903225806451,10.0,0.14973118279569894,NA,NA,25,0,5
Compress,19,20%,FAST,0.1612903225806451,10.0,0.06612903225806452,NA,NA,28,0,2
Compress,19,20%,Ekstazi+dpt,0.1612903225806451,10.0,0.8881720430107525,7.433333333333334,0.1198924731182795,0,1,30
Compress,19,20%,DPT,0.1612903225806451,10.0,0.886559139784946,7.533333333333333,0.12150537634408594,0,1,30
Compress,19,20%,STARTS,0.1612903225806451,10.0,0.12150537634408602,NA,NA,26,0,4
Compress,19,20%,STARTS+FAST-S,0.1612903225806451,10.0,0.310483870967742,NA,NA,19,0,11
Compress,19,20%,STARTS+FAST-P,0.1612903225806451,10.0,0.31532258064516133,NA,NA,19,0,11
Compress,19,20%,STARTS+DPT,0.1612903225806451,10.0,0.8870967741935482,7.5,0.12096774193548379,0,1,30
Compress,19,20%,Fastazi-S,0.1612903225806451,10.0,0.03306451612903226,NA,NA,29,0,1
Compress,19,20%,Fastazi-P,0.1612903225806451,10.0,0.06612903225806452,NA,NA,28,0,2
Compress,19,20%,Random,0.1612903225806451,10.0,0.21424731182795703,NA,NA,23,0,7
Compress,19,25%,Ekstazi,0.20967741935483872,13.0,0.17688172043010753,NA,NA,24,0,6
Compress,19,25%,FAST,0.20967741935483872,13.0,0.06612903225806452,NA,NA,28,0,2
Compress,19,25%,Ekstazi+dpt,0.20967741935483872,13.0,0.8881720430107525,7.433333333333334,0.1198924731182795,0,1,30
Compress,19,25%,DPT,0.20967741935483872,13.0,0.886559139784946,7.533333333333333,0.12150537634408594,0,1,30
Compress,19,25%,STARTS,0.20967741935483872,13.0,0.12150537634408602,NA,NA,26,0,4
Compress,19,25%,STARTS+FAST-S,0.20967741935483872,13.0,0.6416666666666668,NA,NA,7,0,23
Compress,19,25%,STARTS+FAST-P,0.20967741935483872,13.0,0.535752688172043,NA,NA,11,0,19
Compress,19,25%,STARTS+DPT,0.20967741935483872,13.0,0.8870967741935482,7.5,0.12096774193548379,0,1,30
Compress,19,25%,Fastazi-S,0.20967741935483872,13.0,0.03306451612903226,NA,NA,29,0,1
Compress,19,25%,Fastazi-P,0.20967741935483872,13.0,0.06612903225806452,NA,NA,28,0,2
Compress,19,25%,Random,0.20967741935483872,13.0,0.26747311827956993,NA,NA,21,0,9
Compress,19,30%,Ekstazi,0.24193548387096792,15.0,0.20241935483870968,NA,NA,23,0,7
Compress,19,30%,FAST,0.24193548387096792,15.0,0.06612903225806452,NA,NA,28,0,2
Compress,19,30%,Ekstazi+dpt,0.24193548387096792,15.0,0.8881720430107525,7.433333333333334,0.1198924731182795,0,1,30
Compress,19,30%,DPT,0.24193548387096792,15.0,0.886559139784946,7.533333333333333,0.12150537634408594,0,1,30
Compress,19,30%,STARTS,0.24193548387096792,15.0,0.2247311827956989,NA,NA,22,0,8
Compress,19,30%,STARTS+FAST-S,0.24193548387096792,15.0,0.770967741935484,NA,NA,2,0,28
Compress,19,30%,STARTS+FAST-P,0.24193548387096792,15.0,0.6129032258064517,NA,NA,8,0,22
Compress,19,30%,STARTS+DPT,0.24193548387096792,15.0,0.8870967741935482,7.5,0.12096774193548379,0,1,30
Compress,19,30%,Fastazi-S,0.24193548387096792,15.0,0.03306451612903226,NA,NA,29,0,1
Compress,19,30%,Fastazi-P,0.24193548387096792,15.0,0.06612903225806452,NA,NA,28,0,2
Compress,19,30%,Random,0.24193548387096792,15.0,0.26747311827956993,NA,NA,21,0,9
Compress,19,40%,Ekstazi,0.3225806451612902,20.0,0.24973118279569892,NA,NA,21,0,9
Compress,19,40%,FAST,0.3225806451612902,20.0,0.06612903225806452,NA,NA,28,0,2
Compress,19,40%,Ekstazi+dpt,0.3225806451612902,20.0,0.8881720430107525,7.433333333333334,0.1198924731182795,0,1,30
Compress,19,40%,DPT,0.3225806451612902,20.0,0.886559139784946,7.533333333333333,0.12150537634408594,0,1,30
Compress,19,40%,STARTS,0.3225806451612902,20.0,0.271505376344086,NA,NA,20,0,10
Compress,19,40%,STARTS+FAST-S,0.3225806451612902,20.0,0.820967741935484,11.6,0.18709677419354837,0,1,30
Compress,19,40%,STARTS+FAST-P,0.3225806451612902,20.0,0.7500000000000001,NA,NA,2,0,28
Compress,19,40%,STARTS+DPT,0.3225806451612902,20.0,0.8870967741935482,7.5,0.12096774193548379,0,1,30
Compress,19,40%,Fastazi-S,0.3225806451612902,20.0,0.03306451612903226,NA,NA,29,0,1
Compress,19,40%,Fastazi-P,0.3225806451612902,20.0,0.06612903225806452,NA,NA,28,0,2
Compress,19,40%,Random,0.3225806451612902,20.0,0.33924731182795703,NA,NA,18,0,12
Compress,19,50%,Ekstazi,0.41935483870967744,26.0,0.38037634408602145,NA,NA,15,0,15
Compress,19,50%,FAST,0.41935483870967744,26.0,0.06612903225806452,NA,NA,28,0,2
Compress,19,50%,Ekstazi+dpt,0.41935483870967744,26.0,0.8881720430107525,7.433333333333334,0.1198924731182795,0,1,30
Compress,19,50%,DPT,0.41935483870967744,26.0,0.886559139784946,7.533333333333333,0.12150537634408594,0,1,30
Compress,19,50%,STARTS,0.41935483870967744,26.0,0.31344086021505374,NA,NA,18,0,12
Compress,19,50%,STARTS+FAST-S,0.41935483870967744,26.0,0.820967741935484,11.6,0.18709677419354837,0,1,30
Compress,19,50%,STARTS+FAST-P,0.41935483870967744,26.0,0.7946236559139785,13.233333333333333,0.2134408602150537,0,1,30
Compress,19,50%,STARTS+DPT,0.41935483870967744,26.0,0.8870967741935482,7.5,0.12096774193548379,0,1,30
Compress,19,50%,Fastazi-S,0.41935483870967744,26.0,0.03306451612903226,NA,NA,29,0,1
Compress,19,50%,Fastazi-P,0.41935483870967744,26.0,0.06612903225806452,NA,NA,28,0,2
Compress,19,50%,Random,0.41935483870967744,26.0,0.360483870967742,NA,NA,17,0,13
Compress,19,60%,Ekstazi,0.5,31.0,0.4354838709677419,NA,NA,12,0,18
Compress,19,60%,FAST,0.5,31.0,0.06612903225806452,NA,NA,28,0,2
Compress,19,60%,Ekstazi+dpt,0.5,31.0,0.8881720430107525,7.433333333333334,0.1198924731182795,0,1,30
Compress,19,60%,DPT,0.5,31.0,0.886559139784946,7.533333333333333,0.12150537634408594,0,1,30
Compress,19,60%,STARTS,0.5,31.0,0.31344086021505374,NA,NA,18,0,12
Compress,19,60%,STARTS+FAST-S,0.5,31.0,0.820967741935484,11.6,0.18709677419354837,0,1,30
Compress,19,60%,STARTS+FAST-P,0.5,31.0,0.7946236559139785,13.233333333333333,0.2134408602150537,0,1,30
Compress,19,60%,STARTS+DPT,0.5,31.0,0.8870967741935482,7.5,0.12096774193548379,0,1,30
Compress,19,60%,Fastazi-S,0.5,31.0,0.03306451612903226,NA,NA,29,0,1
Compress,19,60%,Fastazi-P,0.5,31.0,0.06612903225806452,NA,NA,28,0,2
Compress,19,60%,Random,0.5,31.0,0.37741935483870975,NA,NA,16,0,14
Compress,19,70%,Ekstazi,0.5806451612903225,36.0,0.4661290322580644,NA,NA,10,0,20
Compress,19,70%,FAST,0.5806451612903225,36.0,0.06612903225806452,NA,NA,28,0,2
Compress,19,70%,Ekstazi+dpt,0.5806451612903225,36.0,0.8881720430107525,7.433333333333334,0.1198924731182795,0,1,30
Compress,19,70%,DPT,0.5806451612903225,36.0,0.886559139784946,7.533333333333333,0.12150537634408594,0,1,30
Compress,19,70%,STARTS,0.5806451612903225,36.0,0.38897849462365597,NA,NA,13,0,17
Compress,19,70%,STARTS+FAST-S,0.5806451612903225,36.0,0.820967741935484,11.6,0.18709677419354837,0,1,30
Compress,19,70%,STARTS+FAST-P,0.5806451612903225,36.0,0.7946236559139785,13.233333333333333,0.2134408602150537,0,1,30
Compress,19,70%,STARTS+DPT,0.5806451612903225,36.0,0.8870967741935482,7.5,0.12096774193548379,0,1,30
Compress,19,70%,Fastazi-S,0.5806451612903225,36.0,0.4177419354838711,NA,NA,2,0,28
Compress,19,70%,Fastazi-P,0.5806451612903225,36.0,0.3510752688172044,NA,NA,8,0,22
Compress,19,70%,Random,0.5806451612903225,36.0,0.42123655913978497,NA,NA,13,0,17
Compress,19,75%,Ekstazi,0.6290322580645161,39.0,0.5188172043010751,NA,NA,6,0,24
Compress,19,75%,FAST,0.6290322580645161,39.0,0.06612903225806452,NA,NA,28,0,2
Compress,19,75%,Ekstazi+dpt,0.6290322580645161,39.0,0.8881720430107525,7.433333333333334,0.1198924731182795,0,1,30
Compress,19,75%,DPT,0.6290322580645161,39.0,0.886559139784946,7.533333333333333,0.12150537634408594,0,1,30
Compress,19,75%,STARTS,0.6290322580645161,39.0,0.4016129032258065,NA,NA,12,0,18
Compress,19,75%,STARTS+FAST-S,0.6290322580645161,39.0,0.820967741935484,11.6,0.18709677419354837,0,1,30
Compress,19,75%,STARTS+FAST-P,0.6290322580645161,39.0,0.7946236559139785,13.233333333333333,0.2134408602150537,0,1,30
Compress,19,75%,STARTS+DPT,0.6290322580645161,39.0,0.8870967741935482,7.5,0.12096774193548379,0,1,30
Compress,19,75%,Fastazi-S,0.6290322580645161,39.0,0.4440860215053765,34.96666666666667,0.5639784946236558,0,1,30
Compress,19,75%,Fastazi-P,0.6290322580645161,39.0,0.445967741935484,NA,NA,1,0,29
Compress,19,75%,Random,0.6290322580645161,39.0,0.44865591397849464,NA,NA,11,0,19
Compress,19,80%,Ekstazi,0.6612903225806452,41.0,0.5188172043010751,NA,NA,6,0,24
Compress,19,80%,FAST,0.6612903225806452,41.0,0.06612903225806452,NA,NA,28,0,2
Compress,19,80%,Ekstazi+dpt,0.6612903225806452,41.0,0.8881720430107525,7.433333333333334,0.1198924731182795,0,1,30
Compress,19,80%,DPT,0.6612903225806452,41.0,0.886559139784946,7.533333333333333,0.12150537634408594,0,1,30
Compress,19,80%,STARTS,0.6612903225806452,41.0,0.4252688172043012,NA,NA,10,0,20
Compress,19,80%,STARTS+FAST-S,0.6612903225806452,41.0,0.820967741935484,11.6,0.18709677419354837,0,1,30
Compress,19,80%,STARTS+FAST-P,0.6612903225806452,41.0,0.7946236559139785,13.233333333333333,0.2134408602150537,0,1,30
Compress,19,80%,STARTS+DPT,0.6612903225806452,41.0,0.8870967741935482,7.5,0.12096774193548379,0,1,30
Compress,19,80%,Fastazi-S,0.6612903225806452,41.0,0.4440860215053765,34.96666666666667,0.5639784946236558,0,1,30
Compress,19,80%,Fastazi-P,0.6612903225806452,41.0,0.445967741935484,NA,NA,1,0,29
Compress,19,80%,Random,0.6612903225806452,41.0,0.4602150537634409,NA,NA,10,0,20
Compress,19,90%,Ekstazi,0.7419354838709679,46.0,0.529301075268817,NA,NA,5,0,25
Compress,19,90%,FAST,0.7419354838709679,46.0,0.31075268817204293,NA,NA,2,0,28
Compress,19,90%,Ekstazi+dpt,0.7419354838709679,46.0,0.8881720430107525,7.433333333333334,0.1198924731182795,0,1,30
Compress,19,90%,DPT,0.7419354838709679,46.0,0.886559139784946,7.533333333333333,0.12150537634408594,0,1,30
Compress,19,90%,STARTS,0.7419354838709679,46.0,0.47553763440860214,NA,NA,5,0,25
Compress,19,90%,STARTS+FAST-S,0.7419354838709679,46.0,0.820967741935484,11.6,0.18709677419354837,0,1,30
Compress,19,90%,STARTS+FAST-P,0.7419354838709679,46.0,0.7946236559139785,13.233333333333333,0.2134408602150537,0,1,30
Compress,19,90%,STARTS+DPT,0.7419354838709679,46.0,0.8870967741935482,7.5,0.12096774193548379,0,1,30
Compress,19,90%,Fastazi-S,0.7419354838709679,46.0,0.4440860215053765,34.96666666666667,0.5639784946236558,0,1,30
Compress,19,90%,Fastazi-P,0.7419354838709679,46.0,0.445967741935484,NA,NA,1,0,29
Compress,19,90%,Random,0.7419354838709679,46.0,0.5000000000000001,NA,NA,6,0,24
Compress,19,100%,Ekstazi,0.8387096774193549,52.0,0.5661290322580643,27.4,0.4419354838709678,0,1,30
Compress,19,100%,FAST,0.8387096774193549,52.0,0.318548387096774,NA,NA,1,0,29
Compress,19,100%,Ekstazi+dpt,0.8387096774193549,52.0,0.8881720430107525,7.433333333333334,0.1198924731182795,0,1,30
Compress,19,100%,DPT,0.8387096774193549,52.0,0.886559139784946,7.533333333333333,0.12150537634408594,0,1,30
Compress,19,100%,STARTS,0.8387096774193549,52.0,0.5118279569892473,30.766666666666666,0.4962365591397849,0,1,30
Compress,19,100%,STARTS+FAST-S,0.8387096774193549,52.0,0.820967741935484,11.6,0.18709677419354837,0,1,30
Compress,19,100%,STARTS+FAST-P,0.8387096774193549,52.0,0.7946236559139785,13.233333333333333,0.2134408602150537,0,1,30
Compress,19,100%,STARTS+DPT,0.8387096774193549,52.0,0.8870967741935482,7.5,0.12096774193548379,0,1,30
Compress,19,100%,Fastazi-S,0.8387096774193549,52.0,0.4440860215053765,34.96666666666667,0.5639784946236558,0,1,30
Compress,19,100%,Fastazi-P,0.8387096774193549,52.0,0.4537634408602152,34.36666666666667,0.5543010752688172,0,1,30
Compress,19,100%,Random,0.8387096774193549,52.0,0.5072580645161291,NA,NA,5,0,25
Compress,20,10%,Ekstazi,0.0625,4.0,0.09713541666666667,NA,NA,27,0,3
Compress,20,10%,FAST,0.0625,4.0,0.03307291666666667,NA,NA,29,0,1
Compress,20,10%,Ekstazi+dpt,0.0625,4.0,0.0,NA,NA,30,0,0
Compress,20,10%,DPT,0.0625,4.0,0.0,NA,NA,30,0,0
Compress,20,10%,STARTS,0.0625,4.0,0.03203125,NA,NA,29,0,1
Compress,20,10%,STARTS+FAST-S,0.0625,4.0,0.03307291666666667,NA,NA,29,0,1
Compress,20,10%,STARTS+FAST-P,0.0625,4.0,0.03307291666666667,NA,NA,29,0,1
Compress,20,10%,STARTS+DPT,0.0625,4.0,0.0,NA,NA,30,0,0
Compress,20,10%,Fastazi-S,0.0625,4.0,0.03307291666666667,NA,NA,29,0,1
Compress,20,10%,Fastazi-P,0.0625,4.0,0.03307291666666667,NA,NA,29,0,1
Compress,20,10%,Random,0.0625,4.0,0.06302083333333333,NA,NA,28,0,2
Compress,20,20%,Ekstazi,0.125,8.0,0.1859375,NA,NA,24,0,6
Compress,20,20%,FAST,0.125,8.0,0.03307291666666667,NA,NA,29,0,1
Compress,20,20%,Ekstazi+dpt,0.125,8.0,0.0,NA,NA,30,0,0
Compress,20,20%,DPT,0.125,8.0,0.0,NA,NA,30,0,0
Compress,20,20%,STARTS,0.125,8.0,0.121875,NA,NA,26,0,4
Compress,20,20%,STARTS+FAST-S,0.125,8.0,0.03307291666666667,NA,NA,29,0,1
Compress,20,20%,STARTS+FAST-P,0.125,8.0,0.03307291666666667,NA,NA,29,0,1
Compress,20,20%,STARTS+DPT,0.125,8.0,0.0,NA,NA,30,0,0
Compress,20,20%,Fastazi-S,0.125,8.0,0.03307291666666667,NA,NA,29,0,1
Compress,20,20%,Fastazi-P,0.125,8.0,0.03307291666666667,NA,NA,29,0,1
Compress,20,20%,Random,0.125,8.0,0.12291666666666666,NA,NA,26,0,4
Compress,20,25%,Ekstazi,0.15625,10.0,0.2721354166666667,NA,NA,21,0,9
Compress,20,25%,FAST,0.15625,10.0,0.03307291666666667,NA,NA,29,0,1
Compress,20,25%,Ekstazi+dpt,0.15625,10.0,0.0,NA,NA,30,0,0
Compress,20,25%,DPT,0.15625,10.0,0.0,NA,NA,30,0,0
Compress,20,25%,STARTS,0.15625,10.0,0.15026041666666667,NA,NA,25,0,5
Compress,20,25%,STARTS+FAST-S,0.15625,10.0,0.03307291666666667,NA,NA,29,0,1
Compress,20,25%,STARTS+FAST-P,0.15625,10.0,0.03307291666666667,NA,NA,29,0,1
Compress,20,25%,STARTS+DPT,0.15625,10.0,0.0,NA,NA,30,0,0
Compress,20,25%,Fastazi-S,0.15625,10.0,0.03307291666666667,NA,NA,29,0,1
Compress,20,25%,Fastazi-P,0.15625,10.0,0.03307291666666667,NA,NA,29,0,1
Compress,20,25%,Random,0.15625,10.0,0.18020833333333333,NA,NA,24,0,6
Compress,20,30%,Ekstazi,0.1875,12.0,0.3,NA,NA,20,0,10
Compress,20,30%,FAST,0.1875,12.0,0.03307291666666667,NA,NA,29,0,1
Compress,20,30%,Ekstazi+dpt,0.1875,12.0,0.0,NA,NA,30,0,0
Compress,20,30%,DPT,0.1875,12.0,0.0,NA,NA,30,0,0
Compress,20,30%,STARTS,0.1875,12.0,0.178125,NA,NA,24,0,6
Compress,20,30%,STARTS+FAST-S,0.1875,12.0,0.03307291666666667,NA,NA,29,0,1
Compress,20,30%,STARTS+FAST-P,0.1875,12.0,0.03307291666666667,NA,NA,29,0,1
Compress,20,30%,STARTS+DPT,0.1875,12.0,0.0,NA,NA,30,0,0
Compress,20,30%,Fastazi-S,0.1875,12.0,0.03307291666666667,NA,NA,29,0,1
Compress,20,30%,Fastazi-P,0.1875,12.0,0.03307291666666667,NA,NA,29,0,1
Compress,20,30%,Random,0.1875,12.0,0.20807291666666666,NA,NA,23,0,7
Compress,20,40%,Ekstazi,0.25,16.0,0.403125,NA,NA,16,0,14
Compress,20,40%,FAST,0.25,16.0,0.03307291666666667,NA,NA,29,0,1
Compress,20,40%,Ekstazi+dpt,0.25,16.0,0.0,NA,NA,30,0,0
Compress,20,40%,DPT,0.25,16.0,0.0,NA,NA,30,0,0
Compress,20,40%,STARTS,0.25,16.0,0.25755208333333335,NA,NA,21,0,9
Compress,20,40%,STARTS+FAST-S,0.25,16.0,0.03307291666666667,NA,NA,29,0,1
Compress,20,40%,STARTS+FAST-P,0.25,16.0,0.03307291666666667,NA,NA,29,0,1
Compress,20,40%,STARTS+DPT,0.25,16.0,0.0,NA,NA,30,0,0
Compress,20,40%,Fastazi-S,0.25,16.0,0.03307291666666667,NA,NA,29,0,1
Compress,20,40%,Fastazi-P,0.25,16.0,0.03307291666666667,NA,NA,29,0,1
Compress,20,40%,Random,0.25,16.0,0.26067708333333334,NA,NA,21,0,9
Compress,20,50%,Ekstazi,0.3125,20.0,0.403125,NA,NA,16,0,14
Compress,20,50%,FAST,0.3125,20.0,0.03307291666666667,NA,NA,29,0,1
Compress,20,50%,Ekstazi+dpt,0.3125,20.0,0.0,NA,NA,30,0,0
Compress,20,50%,DPT,0.3125,20.0,0.0,NA,NA,30,0,0
Compress,20,50%,STARTS,0.3125,20.0,0.328125,NA,NA,18,0,12
Compress,20,50%,STARTS+FAST-S,0.3125,20.0,0.03307291666666667,NA,NA,29,0,1
Compress,20,50%,STARTS+FAST-P,0.3125,20.0,0.03307291666666667,NA,NA,29,0,1
Compress,20,50%,STARTS+DPT,0.3125,20.0,0.0,NA,NA,30,0,0
Compress,20,50%,Fastazi-S,0.3125,20.0,0.03307291666666667,NA,NA,29,0,1
Compress,20,50%,Fastazi-P,0.3125,20.0,0.03307291666666667,NA,NA,29,0,1
Compress,20,50%,Random,0.3125,20.0,0.40286458333333336,NA,NA,15,0,15
Compress,20,60%,Ekstazi,0.375,24.0,0.46953125,NA,NA,13,0,17
Compress,20,60%,FAST,0.375,24.0,0.03307291666666667,NA,NA,29,0,1
Compress,20,60%,Ekstazi+dpt,0.375,24.0,0.0,NA,NA,30,0,0
Compress,20,60%,DPT,0.375,24.0,0.0,NA,NA,30,0,0
Compress,20,60%,STARTS,0.375,24.0,0.39453125,NA,NA,15,0,15
Compress,20,60%,STARTS+FAST-S,0.375,24.0,0.03307291666666667,NA,NA,29,0,1
Compress,20,60%,STARTS+FAST-P,0.375,24.0,0.03307291666666667,NA,NA,29,0,1
Compress,20,60%,STARTS+DPT,0.375,24.0,0.0,NA,NA,30,0,0
Compress,20,60%,Fastazi-S,0.375,24.0,0.03307291666666667,NA,NA,29,0,1
Compress,20,60%,Fastazi-P,0.375,24.0,0.03307291666666667,NA,NA,29,0,1
Compress,20,60%,Random,0.375,24.0,0.425,NA,NA,14,0,16
Compress,20,70%,Ekstazi,0.4375,28.0,0.56875,NA,NA,8,0,22
Compress,20,70%,FAST,0.4375,28.0,0.03307291666666667,NA,NA,29,0,1
Compress,20,70%,Ekstazi+dpt,0.4375,28.0,0.0,NA,NA,30,0,0
Compress,20,70%,DPT,0.4375,28.0,0.0,NA,NA,30,0,0
Compress,20,70%,STARTS,0.4375,28.0,0.47161458333333334,NA,NA,11,0,19
Compress,20,70%,STARTS+FAST-S,0.4375,28.0,0.03307291666666667,NA,NA,29,0,1
Compress,20,70%,STARTS+FAST-P,0.4375,28.0,0.03307291666666667,NA,NA,29,0,1
Compress,20,70%,STARTS+DPT,0.4375,28.0,0.0,NA,NA,30,0,0
Compress,20,70%,Fastazi-S,0.4375,28.0,0.5463541666666667,NA,NA,2,0,28
Compress,20,70%,Fastazi-P,0.4375,28.0,0.03307291666666667,NA,NA,29,0,1
Compress,20,70%,Random,0.4375,28.0,0.425,NA,NA,14,0,16
Compress,20,75%,Ekstazi,0.46875,30.0,0.56875,NA,NA,8,0,22
Compress,20,75%,FAST,0.46875,30.0,0.03307291666666667,NA,NA,29,0,1
Compress,20,75%,Ekstazi+dpt,0.46875,30.0,0.0,NA,NA,30,0,0
Compress,20,75%,DPT,0.46875,30.0,0.0,NA,NA,30,0,0
Compress,20,75%,STARTS,0.46875,30.0,0.47161458333333334,NA,NA,11,0,19
Compress,20,75%,STARTS+FAST-S,0.46875,30.0,0.03307291666666667,NA,NA,29,0,1
Compress,20,75%,STARTS+FAST-P,0.46875,30.0,0.03307291666666667,NA,NA,29,0,1
Compress,20,75%,STARTS+DPT,0.46875,30.0,0.0,NA,NA,30,0,0
Compress,20,75%,Fastazi-S,0.46875,30.0,0.5833333333333334,27.166666666666668,0.4244791666666667,0,1,30
Compress,20,75%,Fastazi-P,0.46875,30.0,0.03307291666666667,NA,NA,29,0,1
Compress,20,75%,Random,0.46875,30.0,0.425,NA,NA,14,0,16
Compress,20,80%,Ekstazi,0.5,32.0,0.6375,NA,NA,4,0,26
Compress,20,80%,FAST,0.5,32.0,0.03307291666666667,NA,NA,29,0,1
Compress,20,80%,Ekstazi+dpt,0.5,32.0,0.0,NA,NA,30,0,0
Compress,20,80%,DPT,0.5,32.0,0.0,NA,NA,30,0,0
Compress,20,80%,STARTS,0.5,32.0,0.4890625,NA,NA,10,0,20
Compress,20,80%,STARTS+FAST-S,0.5,32.0,0.03307291666666667,NA,NA,29,0,1
Compress,20,80%,STARTS+FAST-P,0.5,32.0,0.03307291666666667,NA,NA,29,0,1
Compress,20,80%,STARTS+DPT,0.5,32.0,0.0,NA,NA,30,0,0
Compress,20,80%,Fastazi-S,0.5,32.0,0.5833333333333334,27.166666666666668,0.4244791666666667,0,1,30
Compress,20,80%,Fastazi-P,0.5,32.0,0.03307291666666667,NA,NA,29,0,1
Compress,20,80%,Random,0.5,32.0,0.47630208333333335,NA,NA,11,0,19
Compress,20,90%,Ekstazi,0.5625,36.0,0.6682291666666667,NA,NA,2,0,28
Compress,20,90%,FAST,0.5625,36.0,0.03307291666666667,NA,NA,29,0,1
Compress,20,90%,Ekstazi+dpt,0.5625,36.0,0.25234375,NA,NA,13,0,17
Compress,20,90%,DPT,0.5625,36.0,0.0,NA,NA,30,0,0
Compress,20,90%,STARTS,0.5625,36.0,0.5526041666666667,NA,NA,6,0,24
Compress,20,90%,STARTS+FAST-S,0.5625,36.0,0.03307291666666667,NA,NA,29,0,1
Compress,20,90%,STARTS+FAST-P,0.5625,36.0,0.03307291666666667,NA,NA,29,0,1
Compress,20,90%,STARTS+DPT,0.5625,36.0,0.0,NA,NA,30,0,0
Compress,20,90%,Fastazi-S,0.5625,36.0,0.5833333333333334,27.166666666666668,0.4244791666666667,0,1,30
Compress,20,90%,Fastazi-P,0.5625,36.0,0.49375,32.9,0.5140625,0,1,30
Compress,20,90%,Random,0.5625,36.0,0.5080729166666667,NA,NA,9,0,21
Compress,20,100%,Ekstazi,0.625,40.0,0.6958333333333333,19.966666666666665,0.31197916666666664,0,1,30
Compress,20,100%,FAST,0.625,40.0,0.03307291666666667,NA,NA,29,0,1
Compress,20,100%,Ekstazi+dpt,0.625,40.0,0.43854166666666666,36.43333333333333,0.5692708333333333,0,1,30
Compress,20,100%,DPT,0.625,40.0,0.38958333333333334,39.56666666666667,0.6182291666666667,0,1,30
Compress,20,100%,STARTS,0.625,40.0,0.61796875,NA,NA,1,0,29
Compress,20,100%,STARTS+FAST-S,0.625,40.0,0.403125,38.7,0.6046875,0,1,30
Compress,20,100%,STARTS+FAST-P,0.625,40.0,0.03307291666666667,NA,NA,29,0,1
Compress,20,100%,STARTS+DPT,0.625,40.0,0.42239583333333336,37.46666666666667,0.5854166666666667,0,1,30
Compress,20,100%,Fastazi-S,0.625,40.0,0.5833333333333334,27.166666666666668,0.4244791666666667,0,1,30
Compress,20,100%,Fastazi-P,0.625,40.0,0.49375,32.9,0.5140625,0,1,30
Compress,20,100%,Random,0.625,40.0,0.5213541666666667,NA,NA,8,0,22
Compress,21,10%,Ekstazi,0.06756756756756756,5.0,0.06351351351351352,NA,NA,28,0,2
Compress,21,10%,FAST,0.06756756756756756,5.0,0.0,NA,NA,30,0,0
Compress,21,10%,Ekstazi+dpt,0.06756756756756756,5.0,0.9527027027027024,4.0,0.05405405405405402,0,1,30
Compress,21,10%,DPT,0.06756756756756756,5.0,0.9527027027027024,4.0,0.05405405405405402,0,1,30
Compress,21,10%,STARTS,0.06756756756756756,5.0,0.1292792792792793,NA,NA,26,0,4
Compress,21,10%,STARTS+FAST-S,0.06756756756756756,5.0,0.0,NA,NA,30,0,0
Compress,21,10%,STARTS+FAST-P,0.06756756756756756,5.0,0.0,NA,NA,30,0,0
Compress,21,10%,STARTS+DPT,0.06756756756756756,5.0,0.9527027027027024,4.0,0.05405405405405402,0,1,30
Compress,21,10%,Fastazi-S,0.06756756756756756,5.0,0.0,NA,NA,30,0,0
Compress,21,10%,Fastazi-P,0.06756756756756756,5.0,0.0,NA,NA,30,0,0
Compress,21,10%,Random,0.06756756756756756,5.0,0.03310810810810811,NA,NA,29,0,1
Compress,21,20%,Ekstazi,0.14864864864864863,11.0,0.12342342342342343,NA,NA,26,0,4
Compress,21,20%,FAST,0.14864864864864863,11.0,0.0,NA,NA,30,0,0
Compress,21,20%,Ekstazi+dpt,0.14864864864864863,11.0,0.9527027027027024,4.0,0.05405405405405402,0,1,30
Compress,21,20%,DPT,0.14864864864864863,11.0,0.9527027027027024,4.0,0.05405405405405402,0,1,30
Compress,21,20%,STARTS,0.14864864864864863,11.0,0.24504504504504507,NA,NA,22,0,8
Compress,21,20%,STARTS+FAST-S,0.14864864864864863,11.0,0.0,NA,NA,30,0,0
Compress,21,20%,STARTS+FAST-P,0.14864864864864863,11.0,0.0,NA,NA,30,0,0
Compress,21,20%,STARTS+DPT,0.14864864864864863,11.0,0.9527027027027024,4.0,0.05405405405405402,0,1,30
Compress,21,20%,Fastazi-S,0.14864864864864863,11.0,0.0,NA,NA,30,0,0
Compress,21,20%,Fastazi-P,0.14864864864864863,11.0,0.0,NA,NA,30,0,0
Compress,21,20%,Random,0.14864864864864863,11.0,0.06351351351351352,NA,NA,28,0,2
Compress,21,25%,Ekstazi,0.18918918918918923,14.0,0.15112612612612614,NA,NA,25,0,5
Compress,21,25%,FAST,0.18918918918918923,14.0,0.0,NA,NA,30,0,0
Compress,21,25%,Ekstazi+dpt,0.18918918918918923,14.0,0.9527027027027024,4.0,0.05405405405405402,0,1,30
Compress,21,25%,DPT,0.18918918918918923,14.0,0.9527027027027024,4.0,0.05405405405405402,0,1,30
Compress,21,25%,STARTS,0.18918918918918923,14.0,0.24504504504504507,NA,NA,22,0,8
Compress,21,25%,STARTS+FAST-S,0.18918918918918923,14.0,0.0,NA,NA,30,0,0
Compress,21,25%,STARTS+FAST-P,0.18918918918918923,14.0,0.0,NA,NA,30,0,0
Compress,21,25%,STARTS+DPT,0.18918918918918923,14.0,0.9527027027027024,4.0,0.05405405405405402,0,1,30
Compress,21,25%,Fastazi-S,0.18918918918918923,14.0,0.0,NA,NA,30,0,0
Compress,21,25%,Fastazi-P,0.18918918918918923,14.0,0.0,NA,NA,30,0,0
Compress,21,25%,Random,0.18918918918918923,14.0,0.09076576576576575,NA,NA,27,0,3
Compress,21,30%,Ekstazi,0.2297297297297298,17.0,0.17792792792792791,NA,NA,24,0,6
Compress,21,30%,FAST,0.2297297297297298,17.0,0.0,NA,NA,30,0,0
Compress,21,30%,Ekstazi+dpt,0.2297297297297298,17.0,0.9527027027027024,4.0,0.05405405405405402,0,1,30
Compress,21,30%,DPT,0.2297297297297298,17.0,0.9527027027027024,4.0,0.05405405405405402,0,1,30
Compress,21,30%,STARTS,0.2297297297297298,17.0,0.24504504504504507,NA,NA,22,0,8
Compress,21,30%,STARTS+FAST-S,0.2297297297297298,17.0,0.0,NA,NA,30,0,0
Compress,21,30%,STARTS+FAST-P,0.2297297297297298,17.0,0.0,NA,NA,30,0,0
Compress,21,30%,STARTS+DPT,0.2297297297297298,17.0,0.9527027027027024,4.0,0.05405405405405402,0,1,30
Compress,21,30%,Fastazi-S,0.2297297297297298,17.0,0.0,NA,NA,30,0,0
Compress,21,30%,Fastazi-P,0.2297297297297298,17.0,0.0,NA,NA,30,0,0
Compress,21,30%,Random,0.2297297297297298,17.0,0.09076576576576575,NA,NA,27,0,3
Compress,21,40%,Ekstazi,0.3108108108108107,23.0,0.3238738738738739,NA,NA,18,0,12
Compress,21,40%,FAST,0.3108108108108107,23.0,0.0,NA,NA,30,0,0
Compress,21,40%,Ekstazi+dpt,0.3108108108108107,23.0,0.9527027027027024,4.0,0.05405405405405402,0,1,30
Compress,21,40%,DPT,0.3108108108108107,23.0,0.9527027027027024,4.0,0.05405405405405402,0,1,30
Compress,21,40%,STARTS,0.3108108108108107,23.0,0.34369369369369374,NA,NA,18,0,12
Compress,21,40%,STARTS+FAST-S,0.3108108108108107,23.0,0.0,NA,NA,30,0,0
Compress,21,40%,STARTS+FAST-P,0.3108108108108107,23.0,0.0,NA,NA,30,0,0
Compress,21,40%,STARTS+DPT,0.3108108108108107,23.0,0.9527027027027024,4.0,0.05405405405405402,0,1,30
Compress,21,40%,Fastazi-S,0.3108108108108107,23.0,0.0,NA,NA,30,0,0
Compress,21,40%,Fastazi-P,0.3108108108108107,23.0,0.0,NA,NA,30,0,0
Compress,21,40%,Random,0.3108108108108107,23.0,0.23896396396396397,NA,NA,21,0,9
Compress,21,50%,Ekstazi,0.3918918918918918,29.0,0.4103603603603604,NA,NA,14,0,16
Compress,21,50%,FAST,0.3918918918918918,29.0,0.0,NA,NA,30,0,0
Compress,21,50%,Ekstazi+dpt,0.3918918918918918,29.0,0.9527027027027024,4.0,0.05405405405405402,0,1,30
Compress,21,50%,DPT,0.3918918918918918,29.0,0.9527027027027024,4.0,0.05405405405405402,0,1,30
Compress,21,50%,STARTS,0.3918918918918918,29.0,0.36599099099099097,NA,NA,17,0,13
Compress,21,50%,STARTS+FAST-S,0.3918918918918918,29.0,0.0,NA,NA,30,0,0
Compress,21,50%,STARTS+FAST-P,0.3918918918918918,29.0,0.0,NA,NA,30,0,0
Compress,21,50%,STARTS+DPT,0.3918918918918918,29.0,0.9527027027027024,4.0,0.05405405405405402,0,1,30
Compress,21,50%,Fastazi-S,0.3918918918918918,29.0,0.0,NA,NA,30,0,0
Compress,21,50%,Fastazi-P,0.3918918918918918,29.0,0.0,NA,NA,30,0,0
Compress,21,50%,Random,0.3918918918918918,29.0,0.28175675675675677,NA,NA,19,0,11
Compress,21,60%,Ekstazi,0.4594594594594596,34.0,0.46824324324324335,NA,NA,11,0,19
Compress,21,60%,FAST,0.4594594594594596,34.0,0.0,NA,NA,30,0,0
Compress,21,60%,Ekstazi+dpt,0.4594594594594596,34.0,0.9527027027027024,4.0,0.05405405405405402,0,1,30
Compress,21,60%,DPT,0.4594594594594596,34.0,0.9527027027027024,4.0,0.05405405405405402,0,1,30
Compress,21,60%,STARTS,0.4594594594594596,34.0,0.44121621621621626,NA,NA,13,0,17
Compress,21,60%,STARTS+FAST-S,0.4594594594594596,34.0,0.0,NA,NA,30,0,0
Compress,21,60%,STARTS+FAST-P,0.4594594594594596,34.0,0.0,NA,NA,30,0,0
Compress,21,60%,STARTS+DPT,0.4594594594594596,34.0,0.9527027027027024,4.0,0.05405405405405402,0,1,30
Compress,21,60%,Fastazi-S,0.4594594594594596,34.0,0.0,NA,NA,30,0,0
Compress,21,60%,Fastazi-P,0.4594594594594596,34.0,0.0,NA,NA,30,0,0
Compress,21,60%,Random,0.4594594594594596,34.0,0.31914414414414416,NA,NA,17,0,13
Compress,21,70%,Ekstazi,0.5405405405405405,40.0,0.5180180180180182,NA,NA,8,0,22
Compress,21,70%,FAST,0.5405405405405405,40.0,0.0,NA,NA,30,0,0
Compress,21,70%,Ekstazi+dpt,0.5405405405405405,40.0,0.9527027027027024,4.0,0.05405405405405402,0,1,30
Compress,21,70%,DPT,0.5405405405405405,40.0,0.9527027027027024,4.0,0.05405405405405402,0,1,30
Compress,21,70%,STARTS,0.5405405405405405,40.0,0.47319819819819825,NA,NA,11,0,19
Compress,21,70%,STARTS+FAST-S,0.5405405405405405,40.0,0.0,NA,NA,30,0,0
Compress,21,70%,STARTS+FAST-P,0.5405405405405405,40.0,0.0,NA,NA,30,0,0
Compress,21,70%,STARTS+DPT,0.5405405405405405,40.0,0.9527027027027024,4.0,0.05405405405405402,0,1,30
Compress,21,70%,Fastazi-S,0.5405405405405405,40.0,0.0,NA,NA,30,0,0
Compress,21,70%,Fastazi-P,0.5405405405405405,40.0,0.0,NA,NA,30,0,0
Compress,21,70%,Random,0.5405405405405405,40.0,0.3364864864864865,NA,NA,16,0,14
Compress,21,75%,Ekstazi,0.5810810810810808,43.0,0.5180180180180182,NA,NA,8,0,22
Compress,21,75%,FAST,0.5810810810810808,43.0,0.0,NA,NA,30,0,0
Compress,21,75%,Ekstazi+dpt,0.5810810810810808,43.0,0.9527027027027024,4.0,0.05405405405405402,0,1,30
Compress,21,75%,DPT,0.5810810810810808,43.0,0.9527027027027024,4.0,0.05405405405405402,0,1,30
Compress,21,75%,STARTS,0.5810810810810808,43.0,0.4878378378378379,NA,NA,10,0,20
Compress,21,75%,STARTS+FAST-S,0.5810810810810808,43.0,0.0,NA,NA,30,0,0
Compress,21,75%,STARTS+FAST-P,0.5810810810810808,43.0,0.0,NA,NA,30,0,0
Compress,21,75%,STARTS+DPT,0.5810810810810808,43.0,0.9527027027027024,4.0,0.05405405405405402,0,1,30
Compress,21,75%,Fastazi-S,0.5810810810810808,43.0,0.0,NA,NA,30,0,0
Compress,21,75%,Fastazi-P,0.5810810810810808,43.0,0.0,NA,NA,30,0,0
Compress,21,75%,Random,0.5810810810810808,43.0,0.35067567567567565,NA,NA,15,0,15
Compress,21,80%,Ekstazi,0.6216216216216214,46.0,0.5445945945945946,NA,NA,6,0,24
Compress,21,80%,FAST,0.6216216216216214,46.0,0.0,NA,NA,30,0,0
Compress,21,80%,Ekstazi+dpt,0.6216216216216214,46.0,0.9527027027027024,4.0,0.05405405405405402,0,1,30
Compress,21,80%,DPT,0.6216216216216214,46.0,0.9527027027027024,4.0,0.05405405405405402,0,1,30
Compress,21,80%,STARTS,0.6216216216216214,46.0,0.5144144144144145,NA,NA,8,0,22
Compress,21,80%,STARTS+FAST-S,0.6216216216216214,46.0,0.39594594594594595,45.2,0.6108108108108109,0,1,30
Compress,21,80%,STARTS+FAST-P,0.6216216216216214,46.0,0.0,NA,NA,30,0,0
Compress,21,80%,STARTS+DPT,0.6216216216216214,46.0,0.9527027027027024,4.0,0.05405405405405402,0,1,30
Compress,21,80%,Fastazi-S,0.6216216216216214,46.0,0.0,NA,NA,30,0,0
Compress,21,80%,Fastazi-P,0.6216216216216214,46.0,0.025675675675675677,NA,NA,28,0,2
Compress,21,80%,Random,0.6216216216216214,46.0,0.3900900900900901,NA,NA,12,0,18
Compress,21,90%,Ekstazi,0.7027027027027029,52.0,0.5961711711711712,NA,NA,1,0,29
Compress,21,90%,FAST,0.7027027027027029,52.0,0.0,NA,NA,30,0,0
Compress,21,90%,Ekstazi+dpt,0.7027027027027029,52.0,0.9527027027027024,4.0,0.05405405405405402,0,1,30
Compress,21,90%,DPT,0.7027027027027029,52.0,0.9527027027027024,4.0,0.05405405405405402,0,1,30
Compress,21,90%,STARTS,0.7027027027027029,52.0,0.5470720720720722,NA,NA,5,0,25
Compress,21,90%,STARTS+FAST-S,0.7027027027027029,52.0,0.39594594594594595,45.2,0.6108108108108109,0,1,30
Compress,21,90%,STARTS+FAST-P,0.7027027027027029,52.0,0.3653153153153152,47.46666666666667,0.6414414414414417,0,1,30
Compress,21,90%,STARTS+DPT,0.7027027027027029,52.0,0.9527027027027024,4.0,0.05405405405405402,0,1,30
Compress,21,90%,Fastazi-S,0.7027027027027029,52.0,0.37072072072072065,47.06666666666667,0.6360360360360363,0,1,30
Compress,21,90%,Fastazi-P,0.7027027027027029,52.0,0.37207207207207205,46.96666666666667,0.6346846846846849,0,1,30
Compress,21,90%,Random,0.7027027027027029,52.0,0.4466216216216216,NA,NA,7,0,23
Compress,21,100%,Ekstazi,0.7837837837837835,58.0,0.6049549549549551,29.733333333333334,0.40180180180180186,0,1,30
Compress,21,100%,FAST,0.7837837837837835,58.0,0.23603603603603618,57.03333333333333,0.7707207207207207,0,1,30
Compress,21,100%,Ekstazi+dpt,0.7837837837837835,58.0,0.9527027027027024,4.0,0.05405405405405402,0,1,30
Compress,21,100%,DPT,0.7837837837837835,58.0,0.9527027027027024,4.0,0.05405405405405402,0,1,30
Compress,21,100%,STARTS,0.7837837837837835,58.0,0.5817567567567569,NA,NA,1,0,29
Compress,21,100%,STARTS+FAST-S,0.7837837837837835,58.0,0.39594594594594595,45.2,0.6108108108108109,0,1,30
Compress,21,100%,STARTS+FAST-P,0.7837837837837835,58.0,0.3653153153153152,47.46666666666667,0.6414414414414417,0,1,30
Compress,21,100%,STARTS+DPT,0.7837837837837835,58.0,0.9527027027027024,4.0,0.05405405405405402,0,1,30
Compress,21,100%,Fastazi-S,0.7837837837837835,58.0,0.37072072072072065,47.06666666666667,0.6360360360360363,0,1,30
Compress,21,100%,Fastazi-P,0.7837837837837835,58.0,0.37207207207207205,46.96666666666667,0.6346846846846849,0,1,30
Compress,21,100%,Random,0.7837837837837835,58.0,0.46328828828828816,NA,NA,5,0,25
Compress,22,10%,Ekstazi,0.06666666666666667,5.0,0.1628888888888889,NA,NA,25,0,5
Compress,22,10%,FAST,0.06666666666666667,5.0,0.03311111111111111,NA,NA,29,0,1
Compress,22,10%,Ekstazi+dpt,0.06666666666666667,5.0,0.0,NA,NA,30,0,0
Compress,22,10%,DPT,0.06666666666666667,5.0,0.0,NA,NA,30,0,0
Compress,22,10%,STARTS,0.06666666666666667,5.0,0.1628888888888889,NA,NA,25,0,5
Compress,22,10%,STARTS+FAST-S,0.06666666666666667,5.0,0.0,NA,NA,30,0,0
Compress,22,10%,STARTS+FAST-P,0.06666666666666667,5.0,0.0,NA,NA,30,0,0
Compress,22,10%,STARTS+DPT,0.06666666666666667,5.0,0.0,NA,NA,30,0,0
Compress,22,10%,Fastazi-S,0.06666666666666667,5.0,0.0,NA,NA,30,0,0
Compress,22,10%,Fastazi-P,0.06666666666666667,5.0,0.03311111111111111,NA,NA,29,0,1
Compress,22,10%,Random,0.06666666666666667,5.0,0.064,NA,NA,28,0,2
Compress,22,20%,Ekstazi,0.13333333333333333,10.0,0.19244444444444445,NA,NA,24,0,6
Compress,22,20%,FAST,0.13333333333333333,10.0,0.03311111111111111,NA,NA,29,0,1
Compress,22,20%,Ekstazi+dpt,0.13333333333333333,10.0,0.0,NA,NA,30,0,0
Compress,22,20%,DPT,0.13333333333333333,10.0,0.0,NA,NA,30,0,0
Compress,22,20%,STARTS,0.13333333333333333,10.0,0.25244444444444447,NA,NA,22,0,8
Compress,22,20%,STARTS+FAST-S,0.13333333333333333,10.0,0.0,NA,NA,30,0,0
Compress,22,20%,STARTS+FAST-P,0.13333333333333333,10.0,0.0,NA,NA,30,0,0
Compress,22,20%,STARTS+DPT,0.13333333333333333,10.0,0.0,NA,NA,30,0,0
Compress,22,20%,Fastazi-S,0.13333333333333333,10.0,0.0,NA,NA,30,0,0
Compress,22,20%,Fastazi-P,0.13333333333333333,10.0,0.03311111111111111,NA,NA,29,0,1
Compress,22,20%,Random,0.13333333333333333,10.0,0.064,NA,NA,28,0,2
Compress,22,25%,Ekstazi,0.17333333333333342,13.0,0.24933333333333335,NA,NA,22,0,8
Compress,22,25%,FAST,0.17333333333333342,13.0,0.03311111111111111,NA,NA,29,0,1
Compress,22,25%,Ekstazi+dpt,0.17333333333333342,13.0,0.0,NA,NA,30,0,0
Compress,22,25%,DPT,0.17333333333333342,13.0,0.0,NA,NA,30,0,0
Compress,22,25%,STARTS,0.17333333333333342,13.0,0.25244444444444447,NA,NA,22,0,8
Compress,22,25%,STARTS+FAST-S,0.17333333333333342,13.0,0.0,NA,NA,30,0,0
Compress,22,25%,STARTS+FAST-P,0.17333333333333342,13.0,0.0,NA,NA,30,0,0
Compress,22,25%,STARTS+DPT,0.17333333333333342,13.0,0.0,NA,NA,30,0,0
Compress,22,25%,Fastazi-S,0.17333333333333342,13.0,0.0,NA,NA,30,0,0
Compress,22,25%,Fastazi-P,0.17333333333333342,13.0,0.03311111111111111,NA,NA,29,0,1
Compress,22,25%,Random,0.17333333333333342,13.0,0.09177777777777778,NA,NA,27,0,3
Compress,22,30%,Ekstazi,0.2000000000000001,15.0,0.3035555555555555,NA,NA,20,0,10
Compress,22,30%,FAST,0.2000000000000001,15.0,0.03311111111111111,NA,NA,29,0,1
Compress,22,30%,Ekstazi+dpt,0.2000000000000001,15.0,0.0,NA,NA,30,0,0
Compress,22,30%,DPT,0.2000000000000001,15.0,0.0,NA,NA,30,0,0
Compress,22,30%,STARTS,0.2000000000000001,15.0,0.2793333333333334,NA,NA,21,0,9
Compress,22,30%,STARTS+FAST-S,0.2000000000000001,15.0,0.0,NA,NA,30,0,0
Compress,22,30%,STARTS+FAST-P,0.2000000000000001,15.0,0.0,NA,NA,30,0,0
Compress,22,30%,STARTS+DPT,0.2000000000000001,15.0,0.0,NA,NA,30,0,0
Compress,22,30%,Fastazi-S,0.2000000000000001,15.0,0.0,NA,NA,30,0,0
Compress,22,30%,Fastazi-P,0.2000000000000001,15.0,0.03311111111111111,NA,NA,29,0,1
Compress,22,30%,Random,0.2000000000000001,15.0,0.11866666666666667,NA,NA,26,0,4
Compress,22,40%,Ekstazi,0.28000000000000014,21.0,0.5057777777777779,NA,NA,12,0,18
Compress,22,40%,FAST,0.28000000000000014,21.0,0.03311111111111111,NA,NA,29,0,1
Compress,22,40%,Ekstazi+dpt,0.28000000000000014,21.0,0.0,NA,NA,30,0,0
Compress,22,40%,DPT,0.28000000000000014,21.0,0.0,NA,NA,30,0,0
Compress,22,40%,STARTS,0.28000000000000014,21.0,0.35777777777777775,NA,NA,18,0,12
Compress,22,40%,STARTS+FAST-S,0.28000000000000014,21.0,0.04844444444444444,NA,NA,28,0,2
Compress,22,40%,STARTS+FAST-P,0.28000000000000014,21.0,0.02422222222222222,NA,NA,29,0,1
Compress,22,40%,STARTS+DPT,0.28000000000000014,21.0,0.0,NA,NA,30,0,0
Compress,22,40%,Fastazi-S,0.28000000000000014,21.0,0.0,NA,NA,30,0,0
Compress,22,40%,Fastazi-P,0.28000000000000014,21.0,0.03311111111111111,NA,NA,29,0,1
Compress,22,40%,Random,0.28000000000000014,21.0,0.1446666666666667,NA,NA,25,0,5
Compress,22,50%,Ekstazi,0.34666666666666685,26.0,0.552,NA,NA,10,0,20
Compress,22,50%,FAST,0.34666666666666685,26.0,0.03311111111111111,NA,NA,29,0,1
Compress,22,50%,Ekstazi+dpt,0.34666666666666685,26.0,0.0,NA,NA,30,0,0
Compress,22,50%,DPT,0.34666666666666685,26.0,0.0,NA,NA,30,0,0
Compress,22,50%,STARTS,0.34666666666666685,26.0,0.4255555555555555,NA,NA,15,0,15
Compress,22,50%,STARTS+FAST-S,0.34666666666666685,26.0,0.7120000000000001,22.1,0.2946666666666665,0,1,30
Compress,22,50%,STARTS+FAST-P,0.34666666666666685,26.0,0.6715555555555557,25.133333333333333,0.335111111111111,0,1,30
Compress,22,50%,STARTS+DPT,0.34666666666666685,26.0,0.0,NA,NA,30,0,0
Compress,22,50%,Fastazi-S,0.34666666666666685,26.0,0.0,NA,NA,30,0,0
Compress,22,50%,Fastazi-P,0.34666666666666685,26.0,0.03311111111111111,NA,NA,29,0,1
Compress,22,50%,Random,0.34666666666666685,26.0,0.16666666666666666,NA,NA,24,0,6
Compress,22,60%,Ekstazi,0.41333333333333344,31.0,0.5726666666666668,NA,NA,9,0,21
Compress,22,60%,FAST,0.41333333333333344,31.0,0.03311111111111111,NA,NA,29,0,1
Compress,22,60%,Ekstazi+dpt,0.41333333333333344,31.0,0.0,NA,NA,30,0,0
Compress,22,60%,DPT,0.41333333333333344,31.0,0.0,NA,NA,30,0,0
Compress,22,60%,STARTS,0.41333333333333344,31.0,0.4462222222222222,NA,NA,14,0,16
Compress,22,60%,STARTS+FAST-S,0.41333333333333344,31.0,0.7120000000000001,22.1,0.2946666666666665,0,1,30
Compress,22,60%,STARTS+FAST-P,0.41333333333333344,31.0,0.6715555555555557,25.133333333333333,0.335111111111111,0,1,30
Compress,22,60%,STARTS+DPT,0.41333333333333344,31.0,0.0,NA,NA,30,0,0
Compress,22,60%,Fastazi-S,0.41333333333333344,31.0,0.0,NA,NA,30,0,0
Compress,22,60%,Fastazi-P,0.41333333333333344,31.0,0.03311111111111111,NA,NA,29,0,1
Compress,22,60%,Random,0.41333333333333344,31.0,0.3531111111111112,NA,NA,15,0,15
Compress,22,70%,Ekstazi,0.49333333333333357,37.0,0.607777777777778,NA,NA,7,0,23
Compress,22,70%,FAST,0.49333333333333357,37.0,0.03311111111111111,NA,NA,29,0,1
Compress,22,70%,Ekstazi+dpt,0.49333333333333357,37.0,0.0,NA,NA,30,0,0
Compress,22,70%,DPT,0.49333333333333357,37.0,0.0,NA,NA,30,0,0
Compress,22,70%,STARTS,0.49333333333333357,37.0,0.48088888888888887,NA,NA,12,0,18
Compress,22,70%,STARTS+FAST-S,0.49333333333333357,37.0,0.7120000000000001,22.1,0.2946666666666665,0,1,30
Compress,22,70%,STARTS+FAST-P,0.49333333333333357,37.0,0.6715555555555557,25.133333333333333,0.335111111111111,0,1,30
Compress,22,70%,STARTS+DPT,0.49333333333333357,37.0,0.0,NA,NA,30,0,0
Compress,22,70%,Fastazi-S,0.49333333333333357,37.0,0.0,NA,NA,30,0,0
Compress,22,70%,Fastazi-P,0.49333333333333357,37.0,0.03311111111111111,NA,NA,29,0,1
Compress,22,70%,Random,0.49333333333333357,37.0,0.44755555555555565,NA,NA,10,0,20
Compress,22,75%,Ekstazi,0.5199999999999997,39.0,0.6244444444444446,NA,NA,6,0,24
Compress,22,75%,FAST,0.5199999999999997,39.0,0.03311111111111111,NA,NA,29,0,1
Compress,22,75%,Ekstazi+dpt,0.5199999999999997,39.0,0.0,NA,NA,30,0,0
Compress,22,75%,DPT,0.5199999999999997,39.0,0.0,NA,NA,30,0,0
Compress,22,75%,STARTS,0.5199999999999997,39.0,0.48088888888888887,NA,NA,12,0,18
Compress,22,75%,STARTS+FAST-S,0.5199999999999997,39.0,0.7120000000000001,22.1,0.2946666666666665,0,1,30
Compress,22,75%,STARTS+FAST-P,0.5199999999999997,39.0,0.6715555555555557,25.133333333333333,0.335111111111111,0,1,30
Compress,22,75%,STARTS+DPT,0.5199999999999997,39.0,0.0,NA,NA,30,0,0
Compress,22,75%,Fastazi-S,0.5199999999999997,39.0,0.0,NA,NA,30,0,0
Compress,22,75%,Fastazi-P,0.5199999999999997,39.0,0.03311111111111111,NA,NA,29,0,1
Compress,22,75%,Random,0.5199999999999997,39.0,0.44755555555555565,NA,NA,10,0,20
Compress,22,80%,Ekstazi,0.5600000000000003,42.0,0.6244444444444446,NA,NA,6,0,24
Compress,22,80%,FAST,0.5600000000000003,42.0,0.03311111111111111,NA,NA,29,0,1
Compress,22,80%,Ekstazi+dpt,0.5600000000000003,42.0,0.0,NA,NA,30,0,0
Compress,22,80%,DPT,0.5600000000000003,42.0,0.0,NA,NA,30,0,0
Compress,22,80%,STARTS,0.5600000000000003,42.0,0.5111111111111111,NA,NA,10,0,20
Compress,22,80%,STARTS+FAST-S,0.5600000000000003,42.0,0.7120000000000001,22.1,0.2946666666666665,0,1,30
Compress,22,80%,STARTS+FAST-P,0.5600000000000003,42.0,0.6715555555555557,25.133333333333333,0.335111111111111,0,1,30
Compress,22,80%,STARTS+DPT,0.5600000000000003,42.0,0.0,NA,NA,30,0,0
Compress,22,80%,Fastazi-S,0.5600000000000003,42.0,0.0,NA,NA,30,0,0
Compress,22,80%,Fastazi-P,0.5600000000000003,42.0,0.03311111111111111,NA,NA,29,0,1
Compress,22,80%,Random,0.5600000000000003,42.0,0.4944444444444445,NA,NA,7,0,23
Compress,22,90%,Ekstazi,0.6266666666666666,47.0,0.6660000000000001,NA,NA,3,0,27
Compress,22,90%,FAST,0.6266666666666666,47.0,0.03311111111111111,NA,NA,29,0,1
Compress,22,90%,Ekstazi+dpt,0.6266666666666666,47.0,0.40133333333333315,45.4,0.6053333333333332,0,1,30
Compress,22,90%,DPT,0.6266666666666666,47.0,0.3871111111111111,46.46666666666667,0.6195555555555555,0,1,30
Compress,22,90%,STARTS,0.6266666666666666,47.0,0.5373333333333333,NA,NA,8,0,22
Compress,22,90%,STARTS+FAST-S,0.6266666666666666,47.0,0.7120000000000001,22.1,0.2946666666666665,0,1,30
Compress,22,90%,STARTS+FAST-P,0.6266666666666666,47.0,0.6715555555555557,25.133333333333333,0.335111111111111,0,1,30
Compress,22,90%,STARTS+DPT,0.6266666666666666,47.0,0.3871111111111112,46.46666666666667,0.6195555555555554,0,1,30
Compress,22,90%,Fastazi-S,0.6266666666666666,47.0,0.36711111111111105,NA,NA,2,0,28
Compress,22,90%,Fastazi-P,0.6266666666666666,47.0,0.43777777777777777,42.666666666666664,0.5688888888888887,0,1,30
Compress,22,90%,Random,0.6266666666666666,47.0,0.522888888888889,NA,NA,5,0,25
Compress,22,100%,Ekstazi,0.7066666666666669,53.0,0.6977777777777779,23.166666666666668,0.3088888888888889,0,1,30
Compress,22,100%,FAST,0.7066666666666669,53.0,0.03311111111111111,NA,NA,29,0,1
Compress,22,100%,Ekstazi+dpt,0.7066666666666669,53.0,0.40133333333333315,45.4,0.6053333333333332,0,1,30
Compress,22,100%,DPT,0.7066666666666669,53.0,0.3871111111111111,46.46666666666667,0.6195555555555555,0,1,30
Compress,22,100%,STARTS,0.7066666666666669,53.0,0.5944444444444446,NA,NA,3,0,27
Compress,22,100%,STARTS+FAST-S,0.7066666666666669,53.0,0.7120000000000001,22.1,0.2946666666666665,0,1,30
Compress,22,100%,STARTS+FAST-P,0.7066666666666669,53.0,0.6715555555555557,25.133333333333333,0.335111111111111,0,1,30
Compress,22,100%,STARTS+DPT,0.7066666666666669,53.0,0.3871111111111112,46.46666666666667,0.6195555555555554,0,1,30
Compress,22,100%,Fastazi-S,0.7066666666666669,53.0,0.39155555555555555,46.13333333333333,0.615111111111111,0,1,30
Compress,22,100%,Fastazi-P,0.7066666666666669,53.0,0.43777777777777777,42.666666666666664,0.5688888888888887,0,1,30
Compress,22,100%,Random,0.7066666666666669,53.0,0.5342222222222223,NA,NA,4,0,26
Compress,23,10%,Ekstazi,0.0,0.0,0.0,NA,NA,30,0,0
Compress,23,10%,FAST,0.0,0.0,0.0,NA,NA,30,0,0
Compress,23,10%,Ekstazi+dpt,0.0,0.0,0.0,NA,NA,30,0,0
Compress,23,10%,DPT,0.0,0.0,0.0,NA,NA,30,0,0
Compress,23,10%,STARTS,0.0,0.0,0.0,NA,NA,30,0,0
Compress,23,10%,STARTS+FAST-S,0.0,0.0,0.0,NA,NA,30,0,0
Compress,23,10%,STARTS+FAST-P,0.0,0.0,0.0,NA,NA,30,0,0
Compress,23,10%,STARTS+DPT,0.0,0.0,0.0,NA,NA,30,0,0
Compress,23,10%,Fastazi-S,0.0,0.0,0.0,NA,NA,30,0,0
Compress,23,10%,Fastazi-P,0.0,0.0,0.0,NA,NA,30,0,0
Compress,23,10%,Random,0.0,0.0,0.0,NA,NA,30,0,0
Compress,23,20%,Ekstazi,0.0,0.0,0.0,NA,NA,30,0,0
Compress,23,20%,FAST,0.0,0.0,0.0,NA,NA,30,0,0
Compress,23,20%,Ekstazi+dpt,0.0,0.0,0.0,NA,NA,30,0,0
Compress,23,20%,DPT,0.0,0.0,0.0,NA,NA,30,0,0
Compress,23,20%,STARTS,0.0,0.0,0.0,NA,NA,30,0,0
Compress,23,20%,STARTS+FAST-S,0.0,0.0,0.0,NA,NA,30,0,0
Compress,23,20%,STARTS+FAST-P,0.0,0.0,0.0,NA,NA,30,0,0
Compress,23,20%,STARTS+DPT,0.0,0.0,0.0,NA,NA,30,0,0
Compress,23,20%,Fastazi-S,0.0,0.0,0.0,NA,NA,30,0,0
Compress,23,20%,Fastazi-P,0.0,0.0,0.0,NA,NA,30,0,0
Compress,23,20%,Random,0.0,0.0,0.0,NA,NA,30,0,0
Compress,23,25%,Ekstazi,0.0,0.0,0.0,NA,NA,30,0,0
Compress,23,25%,FAST,0.0,0.0,0.0,NA,NA,30,0,0
Compress,23,25%,Ekstazi+dpt,0.0,0.0,0.0,NA,NA,30,0,0
Compress,23,25%,DPT,0.0,0.0,0.0,NA,NA,30,0,0
Compress,23,25%,STARTS,0.0,0.0,0.0,NA,NA,30,0,0
Compress,23,25%,STARTS+FAST-S,0.0,0.0,0.0,NA,NA,30,0,0
Compress,23,25%,STARTS+FAST-P,0.0,0.0,0.0,NA,NA,30,0,0
Compress,23,25%,STARTS+DPT,0.0,0.0,0.0,NA,NA,30,0,0
Compress,23,25%,Fastazi-S,0.0,0.0,0.0,NA,NA,30,0,0
Compress,23,25%,Fastazi-P,0.0,0.0,0.0,NA,NA,30,0,0
Compress,23,25%,Random,0.0,0.0,0.0,NA,NA,30,0,0
Compress,23,30%,Ekstazi,0.0,0.0,0.0,NA,NA,30,0,0
Compress,23,30%,FAST,0.0,0.0,0.0,NA,NA,30,0,0
Compress,23,30%,Ekstazi+dpt,0.0,0.0,0.0,NA,NA,30,0,0
Compress,23,30%,DPT,0.0,0.0,0.0,NA,NA,30,0,0
Compress,23,30%,STARTS,0.0,0.0,0.0,NA,NA,30,0,0
Compress,23,30%,STARTS+FAST-S,0.0,0.0,0.0,NA,NA,30,0,0
Compress,23,30%,STARTS+FAST-P,0.0,0.0,0.0,NA,NA,30,0,0
Compress,23,30%,STARTS+DPT,0.0,0.0,0.0,NA,NA,30,0,0
Compress,23,30%,Fastazi-S,0.0,0.0,0.0,NA,NA,30,0,0
Compress,23,30%,Fastazi-P,0.0,0.0,0.0,NA,NA,30,0,0
Compress,23,30%,Random,0.0,0.0,0.0,NA,NA,30,0,0
Compress,23,40%,Ekstazi,0.0,0.0,0.0,NA,NA,30,0,0
Compress,23,40%,FAST,0.0,0.0,0.0,NA,NA,30,0,0
Compress,23,40%,Ekstazi+dpt,0.0,0.0,0.0,NA,NA,30,0,0
Compress,23,40%,DPT,0.0,0.0,0.0,NA,NA,30,0,0
Compress,23,40%,STARTS,0.0,0.0,0.0,NA,NA,30,0,0
Compress,23,40%,STARTS+FAST-S,0.0,0.0,0.0,NA,NA,30,0,0
Compress,23,40%,STARTS+FAST-P,0.0,0.0,0.0,NA,NA,30,0,0
Compress,23,40%,STARTS+DPT,0.0,0.0,0.0,NA,NA,30,0,0
Compress,23,40%,Fastazi-S,0.0,0.0,0.0,NA,NA,30,0,0
Compress,23,40%,Fastazi-P,0.0,0.0,0.0,NA,NA,30,0,0
Compress,23,40%,Random,0.0,0.0,0.0,NA,NA,30,0,0
Compress,23,50%,Ekstazi,0.013333333333333326,1.0,0.5297777777777779,NA,NA,14,0,16
Compress,23,50%,FAST,0.013333333333333326,1.0,0.0,NA,NA,30,0,0
Compress,23,50%,Ekstazi+dpt,0.013333333333333326,1.0,0.0,NA,NA,30,0,0
Compress,23,50%,DPT,0.013333333333333326,1.0,0.0,NA,NA,30,0,0
Compress,23,50%,STARTS,0.013333333333333326,1.0,0.2648888888888889,NA,NA,22,0,8
Compress,23,50%,STARTS+FAST-S,0.013333333333333326,1.0,0.2648888888888889,NA,NA,22,0,8
Compress,23,50%,STARTS+FAST-P,0.013333333333333326,1.0,0.960222222222222,NA,NA,1,0,29
Compress,23,50%,STARTS+DPT,0.013333333333333326,1.0,0.0,NA,NA,30,0,0
Compress,23,50%,Fastazi-S,0.013333333333333326,1.0,0.562888888888889,NA,NA,13,0,17
Compress,23,50%,Fastazi-P,0.013333333333333326,1.0,0.9271111111111109,NA,NA,2,0,28
Compress,23,50%,Random,0.013333333333333326,1.0,0.03311111111111111,NA,NA,29,0,1
Compress,23,60%,Ekstazi,0.013333333333333326,1.0,0.5297777777777779,NA,NA,14,0,16
Compress,23,60%,FAST,0.013333333333333326,1.0,0.0,NA,NA,30,0,0
Compress,23,60%,Ekstazi+dpt,0.013333333333333326,1.0,0.0,NA,NA,30,0,0
Compress,23,60%,DPT,0.013333333333333326,1.0,0.0,NA,NA,30,0,0
Compress,23,60%,STARTS,0.013333333333333326,1.0,0.2648888888888889,NA,NA,22,0,8
Compress,23,60%,STARTS+FAST-S,0.013333333333333326,1.0,0.2648888888888889,NA,NA,22,0,8
Compress,23,60%,STARTS+FAST-P,0.013333333333333326,1.0,0.960222222222222,NA,NA,1,0,29
Compress,23,60%,STARTS+DPT,0.013333333333333326,1.0,0.0,NA,NA,30,0,0
Compress,23,60%,Fastazi-S,0.013333333333333326,1.0,0.562888888888889,NA,NA,13,0,17
Compress,23,60%,Fastazi-P,0.013333333333333326,1.0,0.9271111111111109,NA,NA,2,0,28
Compress,23,60%,Random,0.013333333333333326,1.0,0.03311111111111111,NA,NA,29,0,1
Compress,23,70%,Ekstazi,0.013333333333333326,1.0,0.5297777777777779,NA,NA,14,0,16
Compress,23,70%,FAST,0.013333333333333326,1.0,0.0,NA,NA,30,0,0
Compress,23,70%,Ekstazi+dpt,0.013333333333333326,1.0,0.0,NA,NA,30,0,0
Compress,23,70%,DPT,0.013333333333333326,1.0,0.0,NA,NA,30,0,0
Compress,23,70%,STARTS,0.013333333333333326,1.0,0.2648888888888889,NA,NA,22,0,8
Compress,23,70%,STARTS+FAST-S,0.013333333333333326,1.0,0.2648888888888889,NA,NA,22,0,8
Compress,23,70%,STARTS+FAST-P,0.013333333333333326,1.0,0.960222222222222,NA,NA,1,0,29
Compress,23,70%,STARTS+DPT,0.013333333333333326,1.0,0.0,NA,NA,30,0,0
Compress,23,70%,Fastazi-S,0.013333333333333326,1.0,0.562888888888889,NA,NA,13,0,17
Compress,23,70%,Fastazi-P,0.013333333333333326,1.0,0.9271111111111109,NA,NA,2,0,28
Compress,23,70%,Random,0.013333333333333326,1.0,0.03311111111111111,NA,NA,29,0,1
Compress,23,75%,Ekstazi,0.013333333333333326,1.0,0.5297777777777779,NA,NA,14,0,16
Compress,23,75%,FAST,0.013333333333333326,1.0,0.0,NA,NA,30,0,0
Compress,23,75%,Ekstazi+dpt,0.013333333333333326,1.0,0.0,NA,NA,30,0,0
Compress,23,75%,DPT,0.013333333333333326,1.0,0.0,NA,NA,30,0,0
Compress,23,75%,STARTS,0.013333333333333326,1.0,0.2648888888888889,NA,NA,22,0,8
Compress,23,75%,STARTS+FAST-S,0.013333333333333326,1.0,0.2648888888888889,NA,NA,22,0,8
Compress,23,75%,STARTS+FAST-P,0.013333333333333326,1.0,0.960222222222222,NA,NA,1,0,29
Compress,23,75%,STARTS+DPT,0.013333333333333326,1.0,0.0,NA,NA,30,0,0
Compress,23,75%,Fastazi-S,0.013333333333333326,1.0,0.562888888888889,NA,NA,13,0,17
Compress,23,75%,Fastazi-P,0.013333333333333326,1.0,0.9271111111111109,NA,NA,2,0,28
Compress,23,75%,Random,0.013333333333333326,1.0,0.03311111111111111,NA,NA,29,0,1
Compress,23,80%,Ekstazi,0.013333333333333326,1.0,0.5297777777777779,NA,NA,14,0,16
Compress,23,80%,FAST,0.013333333333333326,1.0,0.0,NA,NA,30,0,0
Compress,23,80%,Ekstazi+dpt,0.013333333333333326,1.0,0.0,NA,NA,30,0,0
Compress,23,80%,DPT,0.013333333333333326,1.0,0.0,NA,NA,30,0,0
Compress,23,80%,STARTS,0.013333333333333326,1.0,0.2648888888888889,NA,NA,22,0,8
Compress,23,80%,STARTS+FAST-S,0.013333333333333326,1.0,0.2648888888888889,NA,NA,22,0,8
Compress,23,80%,STARTS+FAST-P,0.013333333333333326,1.0,0.960222222222222,NA,NA,1,0,29
Compress,23,80%,STARTS+DPT,0.013333333333333326,1.0,0.0,NA,NA,30,0,0
Compress,23,80%,Fastazi-S,0.013333333333333326,1.0,0.562888888888889,NA,NA,13,0,17
Compress,23,80%,Fastazi-P,0.013333333333333326,1.0,0.9271111111111109,NA,NA,2,0,28
Compress,23,80%,Random,0.013333333333333326,1.0,0.03311111111111111,NA,NA,29,0,1
Compress,23,90%,Ekstazi,0.013333333333333326,1.0,0.5297777777777779,NA,NA,14,0,16
Compress,23,90%,FAST,0.013333333333333326,1.0,0.0,NA,NA,30,0,0
Compress,23,90%,Ekstazi+dpt,0.013333333333333326,1.0,0.0,NA,NA,30,0,0
Compress,23,90%,DPT,0.013333333333333326,1.0,0.0,NA,NA,30,0,0
Compress,23,90%,STARTS,0.013333333333333326,1.0,0.2648888888888889,NA,NA,22,0,8
Compress,23,90%,STARTS+FAST-S,0.013333333333333326,1.0,0.2648888888888889,NA,NA,22,0,8
Compress,23,90%,STARTS+FAST-P,0.013333333333333326,1.0,0.960222222222222,NA,NA,1,0,29
Compress,23,90%,STARTS+DPT,0.013333333333333326,1.0,0.0,NA,NA,30,0,0
Compress,23,90%,Fastazi-S,0.013333333333333326,1.0,0.562888888888889,NA,NA,13,0,17
Compress,23,90%,Fastazi-P,0.013333333333333326,1.0,0.9271111111111109,NA,NA,2,0,28
Compress,23,90%,Random,0.013333333333333326,1.0,0.03311111111111111,NA,NA,29,0,1
Compress,23,100%,Ekstazi,0.02666666666666665,2.0,0.9871111111111113,1.4666666666666666,0.019555555555555548,0,1,30
Compress,23,100%,FAST,0.02666666666666665,2.0,0.0,NA,NA,30,0,0
Compress,23,100%,Ekstazi+dpt,0.02666666666666665,2.0,0.9800000000000003,2.0,0.02666666666666665,0,1,30
Compress,23,100%,DPT,0.02666666666666665,2.0,0.0,NA,NA,30,0,0
Compress,23,100%,STARTS,0.02666666666666665,2.0,0.6242222222222225,NA,NA,11,0,19
Compress,23,100%,STARTS+FAST-S,0.02666666666666665,2.0,0.9835555555555556,1.7333333333333334,0.023111111111111096,0,1,30
Compress,23,100%,STARTS+FAST-P,0.02666666666666665,2.0,0.9928888888888886,1.0333333333333334,0.013777777777777769,0,1,30
Compress,23,100%,STARTS+DPT,0.02666666666666665,2.0,0.0,NA,NA,30,0,0
Compress,23,100%,Fastazi-S,0.02666666666666665,2.0,0.9875555555555555,1.4333333333333333,0.0191111111111111,0,1,30
Compress,23,100%,Fastazi-P,0.02666666666666665,2.0,0.9924444444444442,1.0666666666666667,0.014222222222222214,0,1,30
Compress,23,100%,Random,0.02666666666666665,2.0,0.03311111111111111,NA,NA,29,0,1
Compress,24,10%,Ekstazi,0.013333333333333326,1.0,0.06622222222222222,NA,NA,28,0,2
Compress,24,10%,FAST,0.013333333333333326,1.0,0.03311111111111111,NA,NA,29,0,1
Compress,24,10%,Ekstazi+dpt,0.013333333333333326,1.0,0.0,NA,NA,30,0,0
Compress,24,10%,DPT,0.013333333333333326,1.0,0.0,NA,NA,30,0,0
Compress,24,10%,STARTS,0.013333333333333326,1.0,0.06622222222222222,NA,NA,28,0,2
Compress,24,10%,STARTS+FAST-S,0.013333333333333326,1.0,0.0,NA,NA,30,0,0
Compress,24,10%,STARTS+FAST-P,0.013333333333333326,1.0,0.0,NA,NA,30,0,0
Compress,24,10%,STARTS+DPT,0.013333333333333326,1.0,0.0,NA,NA,30,0,0
Compress,24,10%,Fastazi-S,0.013333333333333326,1.0,0.06622222222222222,NA,NA,28,0,2
Compress,24,10%,Fastazi-P,0.013333333333333326,1.0,0.03311111111111111,NA,NA,29,0,1
Compress,24,10%,Random,0.013333333333333326,1.0,0.0,NA,NA,30,0,0
Compress,24,20%,Ekstazi,0.040000000000000015,3.0,0.22822222222222224,NA,NA,23,0,7
Compress,24,20%,FAST,0.040000000000000015,3.0,0.03311111111111111,NA,NA,29,0,1
Compress,24,20%,Ekstazi+dpt,0.040000000000000015,3.0,0.0,NA,NA,30,0,0
Compress,24,20%,DPT,0.040000000000000015,3.0,0.0,NA,NA,30,0,0
Compress,24,20%,STARTS,0.040000000000000015,3.0,0.09888888888888889,NA,NA,27,0,3
Compress,24,20%,STARTS+FAST-S,0.040000000000000015,3.0,0.0,NA,NA,30,0,0
Compress,24,20%,STARTS+FAST-P,0.040000000000000015,3.0,0.0,NA,NA,30,0,0
Compress,24,20%,STARTS+DPT,0.040000000000000015,3.0,0.0,NA,NA,30,0,0
Compress,24,20%,Fastazi-S,0.040000000000000015,3.0,0.06622222222222222,NA,NA,28,0,2
Compress,24,20%,Fastazi-P,0.040000000000000015,3.0,0.03311111111111111,NA,NA,29,0,1
Compress,24,20%,Random,0.040000000000000015,3.0,0.03222222222222222,NA,NA,29,0,1
Compress,24,25%,Ekstazi,0.0533333333333333,4.0,0.2917777777777778,NA,NA,21,0,9
Compress,24,25%,FAST,0.0533333333333333,4.0,0.03311111111111111,NA,NA,29,0,1
Compress,24,25%,Ekstazi+dpt,0.0533333333333333,4.0,0.0,NA,NA,30,0,0
Compress,24,25%,DPT,0.0533333333333333,4.0,0.0,NA,NA,30,0,0
Compress,24,25%,STARTS,0.0533333333333333,4.0,0.13066666666666665,NA,NA,26,0,4
Compress,24,25%,STARTS+FAST-S,0.0533333333333333,4.0,0.0,NA,NA,30,0,0
Compress,24,25%,STARTS+FAST-P,0.0533333333333333,4.0,0.0,NA,NA,30,0,0
Compress,24,25%,STARTS+DPT,0.0533333333333333,4.0,0.0,NA,NA,30,0,0
Compress,24,25%,Fastazi-S,0.0533333333333333,4.0,0.06622222222222222,NA,NA,28,0,2
Compress,24,25%,Fastazi-P,0.0533333333333333,4.0,0.03311111111111111,NA,NA,29,0,1
Compress,24,25%,Random,0.0533333333333333,4.0,0.09577777777777777,NA,NA,27,0,3
Compress,24,30%,Ekstazi,0.06666666666666667,5.0,0.3231111111111111,NA,NA,20,0,10
Compress,24,30%,FAST,0.06666666666666667,5.0,0.03311111111111111,NA,NA,29,0,1
Compress,24,30%,Ekstazi+dpt,0.06666666666666667,5.0,0.0,NA,NA,30,0,0
Compress,24,30%,DPT,0.06666666666666667,5.0,0.0,NA,NA,30,0,0
Compress,24,30%,STARTS,0.06666666666666667,5.0,0.13066666666666665,NA,NA,26,0,4
Compress,24,30%,STARTS+FAST-S,0.06666666666666667,5.0,0.0,NA,NA,30,0,0
Compress,24,30%,STARTS+FAST-P,0.06666666666666667,5.0,0.0,NA,NA,30,0,0
Compress,24,30%,STARTS+DPT,0.06666666666666667,5.0,0.0,NA,NA,30,0,0
Compress,24,30%,Fastazi-S,0.06666666666666667,5.0,0.06622222222222222,NA,NA,28,0,2
Compress,24,30%,Fastazi-P,0.06666666666666667,5.0,0.03311111111111111,NA,NA,29,0,1
Compress,24,30%,Random,0.06666666666666667,5.0,0.09577777777777777,NA,NA,27,0,3
Compress,24,40%,Ekstazi,0.0933333333333333,7.0,0.38400000000000006,NA,NA,18,0,12
Compress,24,40%,FAST,0.0933333333333333,7.0,0.03311111111111111,NA,NA,29,0,1
Compress,24,40%,Ekstazi+dpt,0.0933333333333333,7.0,0.0,NA,NA,30,0,0
Compress,24,40%,DPT,0.0933333333333333,7.0,0.0,NA,NA,30,0,0
Compress,24,40%,STARTS,0.0933333333333333,7.0,0.13066666666666665,NA,NA,26,0,4
Compress,24,40%,STARTS+FAST-S,0.0933333333333333,7.0,0.0,NA,NA,30,0,0
Compress,24,40%,STARTS+FAST-P,0.0933333333333333,7.0,0.0,NA,NA,30,0,0
Compress,24,40%,STARTS+DPT,0.0933333333333333,7.0,0.0,NA,NA,30,0,0
Compress,24,40%,Fastazi-S,0.0933333333333333,7.0,0.06622222222222222,NA,NA,28,0,2
Compress,24,40%,Fastazi-P,0.0933333333333333,7.0,0.03311111111111111,NA,NA,29,0,1
Compress,24,40%,Random,0.0933333333333333,7.0,0.09577777777777777,NA,NA,27,0,3
Compress,24,50%,Ekstazi,0.12000000000000008,9.0,0.47355555555555556,NA,NA,15,0,15
Compress,24,50%,FAST,0.12000000000000008,9.0,0.03311111111111111,NA,NA,29,0,1
Compress,24,50%,Ekstazi+dpt,0.12000000000000008,9.0,0.0,NA,NA,30,0,0
Compress,24,50%,DPT,0.12000000000000008,9.0,0.0,NA,NA,30,0,0
Compress,24,50%,STARTS,0.12000000000000008,9.0,0.21933333333333332,NA,NA,23,0,7
Compress,24,50%,STARTS+FAST-S,0.12000000000000008,9.0,0.0,NA,NA,30,0,0
Compress,24,50%,STARTS+FAST-P,0.12000000000000008,9.0,0.0,NA,NA,30,0,0
Compress,24,50%,STARTS+DPT,0.12000000000000008,9.0,0.0,NA,NA,30,0,0
Compress,24,50%,Fastazi-S,0.12000000000000008,9.0,0.06622222222222222,NA,NA,28,0,2
Compress,24,50%,Fastazi-P,0.12000000000000008,9.0,0.03311111111111111,NA,NA,29,0,1
Compress,24,50%,Random,0.12000000000000008,9.0,0.09577777777777777,NA,NA,27,0,3
Compress,24,60%,Ekstazi,0.14666666666666658,11.0,0.5886666666666667,NA,NA,11,0,19
Compress,24,60%,FAST,0.14666666666666658,11.0,0.03311111111111111,NA,NA,29,0,1
Compress,24,60%,Ekstazi+dpt,0.14666666666666658,11.0,0.0,NA,NA,30,0,0
Compress,24,60%,DPT,0.14666666666666658,11.0,0.0,NA,NA,30,0,0
Compress,24,60%,STARTS,0.14666666666666658,11.0,0.21933333333333332,NA,NA,23,0,7
Compress,24,60%,STARTS+FAST-S,0.14666666666666658,11.0,0.0,NA,NA,30,0,0
Compress,24,60%,STARTS+FAST-P,0.14666666666666658,11.0,0.0,NA,NA,30,0,0
Compress,24,60%,STARTS+DPT,0.14666666666666658,11.0,0.0,NA,NA,30,0,0
Compress,24,60%,Fastazi-S,0.14666666666666658,11.0,0.06622222222222222,NA,NA,28,0,2
Compress,24,60%,Fastazi-P,0.14666666666666658,11.0,0.03311111111111111,NA,NA,29,0,1
Compress,24,60%,Random,0.14666666666666658,11.0,0.1248888888888889,NA,NA,26,0,4
Compress,24,70%,Ekstazi,0.17333333333333342,13.0,0.7006666666666665,NA,NA,7,0,23
Compress,24,70%,FAST,0.17333333333333342,13.0,0.03311111111111111,NA,NA,29,0,1
Compress,24,70%,Ekstazi+dpt,0.17333333333333342,13.0,0.0,NA,NA,30,0,0
Compress,24,70%,DPT,0.17333333333333342,13.0,0.0,NA,NA,30,0,0
Compress,24,70%,STARTS,0.17333333333333342,13.0,0.24711111111111111,NA,NA,22,0,8
Compress,24,70%,STARTS+FAST-S,0.17333333333333342,13.0,0.0,NA,NA,30,0,0
Compress,24,70%,STARTS+FAST-P,0.17333333333333342,13.0,0.0,NA,NA,30,0,0
Compress,24,70%,STARTS+DPT,0.17333333333333342,13.0,0.0,NA,NA,30,0,0
Compress,24,70%,Fastazi-S,0.17333333333333342,13.0,0.8000000000000004,NA,NA,2,0,28
Compress,24,70%,Fastazi-P,0.17333333333333342,13.0,0.03311111111111111,NA,NA,29,0,1
Compress,24,70%,Random,0.17333333333333342,13.0,0.18044444444444444,NA,NA,24,0,6
Compress,24,75%,Ekstazi,0.1866666666666666,14.0,0.7279999999999999,NA,NA,6,0,24
Compress,24,75%,FAST,0.1866666666666666,14.0,0.03311111111111111,NA,NA,29,0,1
Compress,24,75%,Ekstazi+dpt,0.1866666666666666,14.0,0.0,NA,NA,30,0,0
Compress,24,75%,DPT,0.1866666666666666,14.0,0.0,NA,NA,30,0,0
Compress,24,75%,STARTS,0.1866666666666666,14.0,0.24711111111111111,NA,NA,22,0,8
Compress,24,75%,STARTS+FAST-S,0.1866666666666666,14.0,0.0,NA,NA,30,0,0
Compress,24,75%,STARTS+FAST-P,0.1866666666666666,14.0,0.0,NA,NA,30,0,0
Compress,24,75%,STARTS+DPT,0.1866666666666666,14.0,0.0,NA,NA,30,0,0
Compress,24,75%,Fastazi-S,0.1866666666666666,14.0,0.8000000000000004,NA,NA,2,0,28
Compress,24,75%,Fastazi-P,0.1866666666666666,14.0,0.7437777777777779,NA,NA,3,0,27
Compress,24,75%,Random,0.1866666666666666,14.0,0.20777777777777778,NA,NA,23,0,7
Compress,24,80%,Ekstazi,0.2000000000000001,15.0,0.7548888888888888,NA,NA,5,0,25
Compress,24,80%,FAST,0.2000000000000001,15.0,0.03311111111111111,NA,NA,29,0,1
Compress,24,80%,Ekstazi+dpt,0.2000000000000001,15.0,0.0,NA,NA,30,0,0
Compress,24,80%,DPT,0.2000000000000001,15.0,0.0,NA,NA,30,0,0
Compress,24,80%,STARTS,0.2000000000000001,15.0,0.274,NA,NA,21,0,9
Compress,24,80%,STARTS+FAST-S,0.2000000000000001,15.0,0.0,NA,NA,30,0,0
Compress,24,80%,STARTS+FAST-P,0.2000000000000001,15.0,0.0,NA,NA,30,0,0
Compress,24,80%,STARTS+DPT,0.2000000000000001,15.0,0.0,NA,NA,30,0,0
Compress,24,80%,Fastazi-S,0.2000000000000001,15.0,0.8000000000000004,NA,NA,2,0,28
Compress,24,80%,Fastazi-P,0.2000000000000001,15.0,0.8244444444444446,13.666666666666666,0.18222222222222217,0,1,30
Compress,24,80%,Random,0.2000000000000001,15.0,0.20777777777777778,NA,NA,23,0,7
Compress,24,90%,Ekstazi,0.2266666666666666,17.0,0.8073333333333333,NA,NA,3,0,27
Compress,24,90%,FAST,0.2266666666666666,17.0,0.03311111111111111,NA,NA,29,0,1
Compress,24,90%,Ekstazi+dpt,0.2266666666666666,17.0,0.0,NA,NA,30,0,0
Compress,24,90%,DPT,0.2266666666666666,17.0,0.0,NA,NA,30,0,0
Compress,24,90%,STARTS,0.2266666666666666,17.0,0.3,NA,NA,20,0,10
Compress,24,90%,STARTS+FAST-S,0.2266666666666666,17.0,0.0,NA,NA,30,0,0
Compress,24,90%,STARTS+FAST-P,0.2266666666666666,17.0,0.0,NA,NA,30,0,0
Compress,24,90%,STARTS+DPT,0.2266666666666666,17.0,0.0,NA,NA,30,0,0
Compress,24,90%,Fastazi-S,0.2266666666666666,17.0,0.8528888888888893,11.533333333333333,0.15377777777777785,0,1,30
Compress,24,90%,Fastazi-P,0.2266666666666666,17.0,0.8244444444444446,13.666666666666666,0.18222222222222217,0,1,30
Compress,24,90%,Random,0.2266666666666666,17.0,0.20777777777777778,NA,NA,23,0,7
Compress,24,100%,Ekstazi,0.2533333333333332,19.0,0.8831111111111111,9.266666666666667,0.12355555555555552,0,1,30
Compress,24,100%,FAST,0.2533333333333332,19.0,0.03311111111111111,NA,NA,29,0,1
Compress,24,100%,Ekstazi+dpt,0.2533333333333332,19.0,0.7533333333333336,19.0,0.2533333333333332,0,1,30
Compress,24,100%,DPT,0.2533333333333332,19.0,0.0,NA,NA,30,0,0
Compress,24,100%,STARTS,0.2533333333333332,19.0,0.3506666666666666,NA,NA,18,0,12
Compress,24,100%,STARTS+FAST-S,0.2533333333333332,19.0,0.0,NA,NA,30,0,0
Compress,24,100%,STARTS+FAST-P,0.2533333333333332,19.0,0.0,NA,NA,30,0,0
Compress,24,100%,STARTS+DPT,0.2533333333333332,19.0,0.0,NA,NA,30,0,0
Compress,24,100%,Fastazi-S,0.2533333333333332,19.0,0.8528888888888893,11.533333333333333,0.15377777777777785,0,1,30
Compress,24,100%,Fastazi-P,0.2533333333333332,19.0,0.8244444444444446,13.666666666666666,0.18222222222222217,0,1,30
Compress,24,100%,Random,0.2533333333333332,19.0,0.23288888888888887,NA,NA,22,0,8
Compress,25,10%,Ekstazi,0.013333333333333326,1.0,0.16555555555555557,NA,NA,25,0,5
Compress,25,10%,FAST,0.013333333333333326,1.0,0.03311111111111111,NA,NA,29,0,1
Compress,25,10%,Ekstazi+dpt,0.013333333333333326,1.0,0.0,NA,NA,30,0,0
Compress,25,10%,DPT,0.013333333333333326,1.0,0.0,NA,NA,30,0,0
Compress,25,10%,STARTS,0.013333333333333326,1.0,0.0,NA,NA,30,0,0
Compress,25,10%,STARTS+FAST-S,0.013333333333333326,1.0,0.0,NA,NA,30,0,0
Compress,25,10%,STARTS+FAST-P,0.013333333333333326,1.0,0.0,NA,NA,30,0,0
Compress,25,10%,STARTS+DPT,0.013333333333333326,1.0,0.0,NA,NA,30,0,0
Compress,25,10%,Fastazi-S,0.013333333333333326,1.0,0.06622222222222222,NA,NA,28,0,2
Compress,25,10%,Fastazi-P,0.013333333333333326,1.0,0.8608888888888887,NA,NA,4,0,26
Compress,25,10%,Random,0.013333333333333326,1.0,0.0,NA,NA,30,0,0
Compress,25,20%,Ekstazi,0.040000000000000015,3.0,0.19777777777777777,NA,NA,24,0,6
Compress,25,20%,FAST,0.040000000000000015,3.0,0.29088888888888886,NA,NA,21,0,9
Compress,25,20%,Ekstazi+dpt,0.040000000000000015,3.0,0.0,NA,NA,30,0,0
Compress,25,20%,DPT,0.040000000000000015,3.0,0.0,NA,NA,30,0,0
Compress,25,20%,STARTS,0.040000000000000015,3.0,0.0,NA,NA,30,0,0
Compress,25,20%,STARTS+FAST-S,0.040000000000000015,3.0,0.22555555555555556,NA,NA,23,0,7
Compress,25,20%,STARTS+FAST-P,0.040000000000000015,3.0,0.41888888888888887,NA,NA,17,0,13
Compress,25,20%,STARTS+DPT,0.040000000000000015,3.0,0.0,NA,NA,30,0,0
Compress,25,20%,Fastazi-S,0.040000000000000015,3.0,0.9482222222222224,NA,NA,1,0,29
Compress,25,20%,Fastazi-P,0.040000000000000015,3.0,0.9588888888888888,NA,NA,1,0,29
Compress,25,20%,Random,0.040000000000000015,3.0,0.03222222222222222,NA,NA,29,0,1
Compress,25,25%,Ekstazi,0.0533333333333333,4.0,0.2613333333333333,NA,NA,22,0,8
Compress,25,25%,FAST,0.0533333333333333,4.0,0.9264444444444442,NA,NA,1,0,29
Compress,25,25%,Ekstazi+dpt,0.0533333333333333,4.0,0.0,NA,NA,30,0,0
Compress,25,25%,DPT,0.0533333333333333,4.0,0.0,NA,NA,30,0,0
Compress,25,25%,STARTS,0.0533333333333333,4.0,0.03177777777777778,NA,NA,29,0,1
Compress,25,25%,STARTS+FAST-S,0.0533333333333333,4.0,0.9564444444444443,3.7666666666666666,0.0502222222222222,0,1,30
Compress,25,25%,STARTS+FAST-P,0.0533333333333333,4.0,0.9591111111111108,3.566666666666667,0.04755555555555555,0,1,30
Compress,25,25%,STARTS+DPT,0.0533333333333333,4.0,0.0,NA,NA,30,0,0
Compress,25,25%,Fastazi-S,0.0533333333333333,4.0,0.9482222222222224,NA,NA,1,0,29
Compress,25,25%,Fastazi-P,0.0533333333333333,4.0,0.9588888888888888,NA,NA,1,0,29
Compress,25,25%,Random,0.0533333333333333,4.0,0.03222222222222222,NA,NA,29,0,1
Compress,25,30%,Ekstazi,0.06666666666666667,5.0,0.2613333333333333,NA,NA,22,0,8
Compress,25,30%,FAST,0.06666666666666667,5.0,0.9264444444444442,NA,NA,1,0,29
Compress,25,30%,Ekstazi+dpt,0.06666666666666667,5.0,0.0,NA,NA,30,0,0
Compress,25,30%,DPT,0.06666666666666667,5.0,0.0,NA,NA,30,0,0
Compress,25,30%,STARTS,0.06666666666666667,5.0,0.06311111111111112,NA,NA,28,0,2
Compress,25,30%,STARTS+FAST-S,0.06666666666666667,5.0,0.9564444444444443,3.7666666666666666,0.0502222222222222,0,1,30
Compress,25,30%,STARTS+FAST-P,0.06666666666666667,5.0,0.9591111111111108,3.566666666666667,0.04755555555555555,0,1,30
Compress,25,30%,STARTS+DPT,0.06666666666666667,5.0,0.0,NA,NA,30,0,0
Compress,25,30%,Fastazi-S,0.06666666666666667,5.0,0.9482222222222224,NA,NA,1,0,29
Compress,25,30%,Fastazi-P,0.06666666666666667,5.0,0.9588888888888888,NA,NA,1,0,29
Compress,25,30%,Random,0.06666666666666667,5.0,0.06355555555555556,NA,NA,28,0,2
Compress,25,40%,Ekstazi,0.08000000000000003,6.0,0.3231111111111111,NA,NA,20,0,10
Compress,25,40%,FAST,0.08000000000000003,6.0,0.9264444444444442,NA,NA,1,0,29
Compress,25,40%,Ekstazi+dpt,0.08000000000000003,6.0,0.9266666666666661,6.0,0.08000000000000003,0,1,30
Compress,25,40%,DPT,0.08000000000000003,6.0,0.0,NA,NA,30,0,0
Compress,25,40%,STARTS,0.08000000000000003,6.0,0.09400000000000001,NA,NA,27,0,3
Compress,25,40%,STARTS+FAST-S,0.08000000000000003,6.0,0.9564444444444443,3.7666666666666666,0.0502222222222222,0,1,30
Compress,25,40%,STARTS+FAST-P,0.08000000000000003,6.0,0.9591111111111108,3.566666666666667,0.04755555555555555,0,1,30
Compress,25,40%,STARTS+DPT,0.08000000000000003,6.0,0.0,NA,NA,30,0,0
Compress,25,40%,Fastazi-S,0.08000000000000003,6.0,0.9482222222222224,NA,NA,1,0,29
Compress,25,40%,Fastazi-P,0.08000000000000003,6.0,0.9588888888888888,NA,NA,1,0,29
Compress,25,40%,Random,0.08000000000000003,6.0,0.06355555555555556,NA,NA,28,0,2
Compress,25,50%,Ekstazi,0.1066666666666666,8.0,0.414,NA,NA,17,0,13
Compress,25,50%,FAST,0.1066666666666666,8.0,0.9264444444444442,NA,NA,1,0,29
Compress,25,50%,Ekstazi+dpt,0.1066666666666666,8.0,0.9266666666666661,6.0,0.08000000000000003,0,1,30
Compress,25,50%,DPT,0.1066666666666666,8.0,0.0,NA,NA,30,0,0
Compress,25,50%,STARTS,0.1066666666666666,8.0,0.12400000000000001,NA,NA,26,0,4
Compress,25,50%,STARTS+FAST-S,0.1066666666666666,8.0,0.9564444444444443,3.7666666666666666,0.0502222222222222,0,1,30
Compress,25,50%,STARTS+FAST-P,0.1066666666666666,8.0,0.9591111111111108,3.566666666666667,0.04755555555555555,0,1,30
Compress,25,50%,STARTS+DPT,0.1066666666666666,8.0,0.0,NA,NA,30,0,0
Compress,25,50%,Fastazi-S,0.1066666666666666,8.0,0.9482222222222224,NA,NA,1,0,29
Compress,25,50%,Fastazi-P,0.1066666666666666,8.0,0.9588888888888888,NA,NA,1,0,29
Compress,25,50%,Random,0.1066666666666666,8.0,0.09400000000000001,NA,NA,27,0,3
Compress,25,60%,Ekstazi,0.13333333333333333,10.0,0.414,NA,NA,17,0,13
Compress,25,60%,FAST,0.13333333333333333,10.0,0.9264444444444442,NA,NA,1,0,29
Compress,25,60%,Ekstazi+dpt,0.13333333333333333,10.0,0.9266666666666661,6.0,0.08000000000000003,0,1,30
Compress,25,60%,DPT,0.13333333333333333,10.0,0.8866666666666667,9.0,0.12000000000000008,0,1,30
Compress,25,60%,STARTS,0.13333333333333333,10.0,0.21222222222222223,NA,NA,23,0,7
Compress,25,60%,STARTS+FAST-S,0.13333333333333333,10.0,0.9564444444444443,3.7666666666666666,0.0502222222222222,0,1,30
Compress,25,60%,STARTS+FAST-P,0.13333333333333333,10.0,0.9591111111111108,3.566666666666667,0.04755555555555555,0,1,30
Compress,25,60%,STARTS+DPT,0.13333333333333333,10.0,0.8866666666666667,9.0,0.12000000000000008,0,1,30
Compress,25,60%,Fastazi-S,0.13333333333333333,10.0,0.9482222222222224,NA,NA,1,0,29
Compress,25,60%,Fastazi-P,0.13333333333333333,10.0,0.9879999999999998,1.4,0.018666666666666654,0,1,30
Compress,25,60%,Random,0.13333333333333333,10.0,0.09400000000000001,NA,NA,27,0,3
Compress,25,70%,Ekstazi,0.14666666666666658,11.0,0.5000000000000001,NA,NA,14,0,16
Compress,25,70%,FAST,0.14666666666666658,11.0,0.9264444444444442,NA,NA,1,0,29
Compress,25,70%,Ekstazi+dpt,0.14666666666666658,11.0,0.9266666666666661,6.0,0.08000000000000003,0,1,30
Compress,25,70%,DPT,0.14666666666666658,11.0,0.8866666666666667,9.0,0.12000000000000008,0,1,30
Compress,25,70%,STARTS,0.14666666666666658,11.0,0.21222222222222223,NA,NA,23,0,7
Compress,25,70%,STARTS+FAST-S,0.14666666666666658,11.0,0.9564444444444443,3.7666666666666666,0.0502222222222222,0,1,30
Compress,25,70%,STARTS+FAST-P,0.14666666666666658,11.0,0.9591111111111108,3.566666666666667,0.04755555555555555,0,1,30
Compress,25,70%,STARTS+DPT,0.14666666666666658,11.0,0.8866666666666667,9.0,0.12000000000000008,0,1,30
Compress,25,70%,Fastazi-S,0.14666666666666658,11.0,0.9482222222222224,NA,NA,1,0,29
Compress,25,70%,Fastazi-P,0.14666666666666658,11.0,0.9879999999999998,1.4,0.018666666666666654,0,1,30
Compress,25,70%,Random,0.14666666666666658,11.0,0.12266666666666667,NA,NA,26,0,4
Compress,25,75%,Ekstazi,0.16000000000000006,12.0,0.5564444444444444,NA,NA,12,0,18
Compress,25,75%,FAST,0.16000000000000006,12.0,0.9264444444444442,NA,NA,1,0,29
Compress,25,75%,Ekstazi+dpt,0.16000000000000006,12.0,0.9266666666666661,6.0,0.08000000000000003,0,1,30
Compress,25,75%,DPT,0.16000000000000006,12.0,0.8866666666666667,9.0,0.12000000000000008,0,1,30
Compress,25,75%,STARTS,0.16000000000000006,12.0,0.26866666666666666,NA,NA,21,0,9
Compress,25,75%,STARTS+FAST-S,0.16000000000000006,12.0,0.9564444444444443,3.7666666666666666,0.0502222222222222,0,1,30
Compress,25,75%,STARTS+FAST-P,0.16000000000000006,12.0,0.9591111111111108,3.566666666666667,0.04755555555555555,0,1,30
Compress,25,75%,STARTS+DPT,0.16000000000000006,12.0,0.8866666666666667,9.0,0.12000000000000008,0,1,30
Compress,25,75%,Fastazi-S,0.16000000000000006,12.0,0.9482222222222224,NA,NA,1,0,29
Compress,25,75%,Fastazi-P,0.16000000000000006,12.0,0.9879999999999998,1.4,0.018666666666666654,0,1,30
Compress,25,75%,Random,0.16000000000000006,12.0,0.12266666666666667,NA,NA,26,0,4
Compress,25,80%,Ekstazi,0.17333333333333342,13.0,0.6675555555555557,NA,NA,8,0,22
Compress,25,80%,FAST,0.17333333333333342,13.0,0.9264444444444442,NA,NA,1,0,29
Compress,25,80%,Ekstazi+dpt,0.17333333333333342,13.0,0.9266666666666661,6.0,0.08000000000000003,0,1,30
Compress,25,80%,DPT,0.17333333333333342,13.0,0.8866666666666667,9.0,0.12000000000000008,0,1,30
Compress,25,80%,STARTS,0.17333333333333342,13.0,0.26866666666666666,NA,NA,21,0,9
Compress,25,80%,STARTS+FAST-S,0.17333333333333342,13.0,0.9564444444444443,3.7666666666666666,0.0502222222222222,0,1,30
Compress,25,80%,STARTS+FAST-P,0.17333333333333342,13.0,0.9591111111111108,3.566666666666667,0.04755555555555555,0,1,30
Compress,25,80%,STARTS+DPT,0.17333333333333342,13.0,0.8866666666666667,9.0,0.12000000000000008,0,1,30
Compress,25,80%,Fastazi-S,0.17333333333333342,13.0,0.9760000000000003,2.3,0.030666666666666644,0,1,30
Compress,25,80%,Fastazi-P,0.17333333333333342,13.0,0.9879999999999998,1.4,0.018666666666666654,0,1,30
Compress,25,80%,Random,0.17333333333333342,13.0,0.12266666666666667,NA,NA,26,0,4
Compress,25,90%,Ekstazi,0.2000000000000001,15.0,0.8033333333333333,NA,NA,3,0,27
Compress,25,90%,FAST,0.2000000000000001,15.0,0.9264444444444442,NA,NA,1,0,29
Compress,25,90%,Ekstazi+dpt,0.2000000000000001,15.0,0.9266666666666661,6.0,0.08000000000000003,0,1,30
Compress,25,90%,DPT,0.2000000000000001,15.0,0.8866666666666667,9.0,0.12000000000000008,0,1,30
Compress,25,90%,STARTS,0.2000000000000001,15.0,0.296,NA,NA,20,0,10
Compress,25,90%,STARTS+FAST-S,0.2000000000000001,15.0,0.9564444444444443,3.7666666666666666,0.0502222222222222,0,1,30
Compress,25,90%,STARTS+FAST-P,0.2000000000000001,15.0,0.9591111111111108,3.566666666666667,0.04755555555555555,0,1,30
Compress,25,90%,STARTS+DPT,0.2000000000000001,15.0,0.8866666666666667,9.0,0.12000000000000008,0,1,30
Compress,25,90%,Fastazi-S,0.2000000000000001,15.0,0.9760000000000003,2.3,0.030666666666666644,0,1,30
Compress,25,90%,Fastazi-P,0.2000000000000001,15.0,0.9879999999999998,1.4,0.018666666666666654,0,1,30
Compress,25,90%,Random,0.2000000000000001,15.0,0.14955555555555555,NA,NA,25,0,5
Compress,25,100%,Ekstazi,0.2266666666666666,17.0,0.8826666666666666,9.3,0.12399999999999999,0,1,30
Compress,25,100%,FAST,0.2266666666666666,17.0,0.9264444444444442,NA,NA,1,0,29
Compress,25,100%,Ekstazi+dpt,0.2266666666666666,17.0,0.9266666666666661,6.0,0.08000000000000003,0,1,30
Compress,25,100%,DPT,0.2266666666666666,17.0,0.8866666666666667,9.0,0.12000000000000008,0,1,30
Compress,25,100%,STARTS,0.2266666666666666,17.0,0.322,NA,NA,19,0,11
Compress,25,100%,STARTS+FAST-S,0.2266666666666666,17.0,0.9564444444444443,3.7666666666666666,0.0502222222222222,0,1,30
Compress,25,100%,STARTS+FAST-P,0.2266666666666666,17.0,0.9591111111111108,3.566666666666667,0.04755555555555555,0,1,30
Compress,25,100%,STARTS+DPT,0.2266666666666666,17.0,0.8866666666666667,9.0,0.12000000000000008,0,1,30
Compress,25,100%,Fastazi-S,0.2266666666666666,17.0,0.9760000000000003,2.3,0.030666666666666644,0,1,30
Compress,25,100%,Fastazi-P,0.2266666666666666,17.0,0.9879999999999998,1.4,0.018666666666666654,0,1,30
Compress,25,100%,Random,0.2266666666666666,17.0,0.14955555555555555,NA,NA,25,0,5
Compress,26,10%,Ekstazi,0.05194805194805196,4.0,0.09761904761904762,NA,NA,27,0,3
Compress,26,10%,FAST,0.05194805194805196,4.0,0.0,NA,NA,30,0,0
Compress,26,10%,Ekstazi+dpt,0.05194805194805196,4.0,0.0,NA,NA,30,0,0
Compress,26,10%,DPT,0.05194805194805196,4.0,0.0,NA,NA,30,0,0
Compress,26,10%,STARTS,0.05194805194805196,4.0,0.0,NA,NA,30,0,0
Compress,26,10%,STARTS+FAST-S,0.05194805194805196,4.0,0.0,NA,NA,30,0,0
Compress,26,10%,STARTS+FAST-P,0.05194805194805196,4.0,0.0,NA,NA,30,0,0
Compress,26,10%,STARTS+DPT,0.05194805194805196,4.0,0.0,NA,NA,30,0,0
Compress,26,10%,Fastazi-S,0.05194805194805196,4.0,0.033116883116883114,NA,NA,29,0,1
Compress,26,10%,Fastazi-P,0.05194805194805196,4.0,0.0,NA,NA,30,0,0
Compress,26,10%,Random,0.05194805194805196,4.0,0.031818181818181815,NA,NA,29,0,1
Compress,26,20%,Ekstazi,0.11688311688311694,9.0,0.12857142857142856,NA,NA,26,0,4
Compress,26,20%,FAST,0.11688311688311694,9.0,0.0,NA,NA,30,0,0
Compress,26,20%,Ekstazi+dpt,0.11688311688311694,9.0,0.0,NA,NA,30,0,0
Compress,26,20%,DPT,0.11688311688311694,9.0,0.0,NA,NA,30,0,0
Compress,26,20%,STARTS,0.11688311688311694,9.0,0.031385281385281384,NA,NA,29,0,1
Compress,26,20%,STARTS+FAST-S,0.11688311688311694,9.0,0.0,NA,NA,30,0,0
Compress,26,20%,STARTS+FAST-P,0.11688311688311694,9.0,0.0,NA,NA,30,0,0
Compress,26,20%,STARTS+DPT,0.11688311688311694,9.0,0.0,NA,NA,30,0,0
Compress,26,20%,Fastazi-S,0.11688311688311694,9.0,0.033116883116883114,NA,NA,29,0,1
Compress,26,20%,Fastazi-P,0.11688311688311694,9.0,0.0,NA,NA,30,0,0
Compress,26,20%,Random,0.11688311688311694,9.0,0.0619047619047619,NA,NA,28,0,2
Compress,26,25%,Ekstazi,0.1558441558441558,12.0,0.18658008658008654,NA,NA,24,0,6
Compress,26,25%,FAST,0.1558441558441558,12.0,0.0,NA,NA,30,0,0
Compress,26,25%,Ekstazi+dpt,0.1558441558441558,12.0,0.0,NA,NA,30,0,0
Compress,26,25%,DPT,0.1558441558441558,12.0,0.0,NA,NA,30,0,0
Compress,26,25%,STARTS,0.1558441558441558,12.0,0.031385281385281384,NA,NA,29,0,1
Compress,26,25%,STARTS+FAST-S,0.1558441558441558,12.0,0.0,NA,NA,30,0,0
Compress,26,25%,STARTS+FAST-P,0.1558441558441558,12.0,0.08506493506493505,NA,NA,27,0,3
Compress,26,25%,STARTS+DPT,0.1558441558441558,12.0,0.0,NA,NA,30,0,0
Compress,26,25%,Fastazi-S,0.1558441558441558,12.0,0.033116883116883114,NA,NA,29,0,1
Compress,26,25%,Fastazi-P,0.1558441558441558,12.0,0.14177489177489175,NA,NA,25,0,5
Compress,26,25%,Random,0.1558441558441558,12.0,0.11991341991341992,NA,NA,26,0,4
Compress,26,30%,Ekstazi,0.18181818181818174,14.0,0.18658008658008654,NA,NA,24,0,6
Compress,26,30%,FAST,0.18181818181818174,14.0,0.0,NA,NA,30,0,0
Compress,26,30%,Ekstazi+dpt,0.18181818181818174,14.0,0.0,NA,NA,30,0,0
Compress,26,30%,DPT,0.18181818181818174,14.0,0.0,NA,NA,30,0,0
Compress,26,30%,STARTS,0.18181818181818174,14.0,0.1422077922077922,NA,NA,25,0,5
Compress,26,30%,STARTS+FAST-S,0.18181818181818174,14.0,0.7461038961038962,NA,NA,3,0,27
Compress,26,30%,STARTS+FAST-P,0.18181818181818174,14.0,0.7203463203463204,NA,NA,4,0,26
Compress,26,30%,STARTS+DPT,0.18181818181818174,14.0,0.0,NA,NA,30,0,0
Compress,26,30%,Fastazi-S,0.18181818181818174,14.0,0.8385281385281383,12.933333333333334,0.16796536796536796,0,1,30
Compress,26,30%,Fastazi-P,0.18181818181818174,14.0,0.8084415584415583,NA,NA,1,0,29
Compress,26,30%,Random,0.18181818181818174,14.0,0.14740259740259737,NA,NA,25,0,5
Compress,26,40%,Ekstazi,0.24675324675324692,19.0,0.31883116883116874,NA,NA,19,0,11
Compress,26,40%,FAST,0.24675324675324692,19.0,0.7796536796536795,17.466666666666665,0.22683982683982695,0,1,30
Compress,26,40%,Ekstazi+dpt,0.24675324675324692,19.0,0.0,NA,NA,30,0,0
Compress,26,40%,DPT,0.24675324675324692,19.0,0.0,NA,NA,30,0,0
Compress,26,40%,STARTS,0.24675324675324692,19.0,0.2461038961038961,NA,NA,21,0,9
Compress,26,40%,STARTS+FAST-S,0.24675324675324692,19.0,0.8272727272727274,13.8,0.17922077922077914,0,1,30
Compress,26,40%,STARTS+FAST-P,0.24675324675324692,19.0,0.8272727272727275,13.8,0.1792207792207792,0,1,30
Compress,26,40%,STARTS+DPT,0.24675324675324692,19.0,0.0,NA,NA,30,0,0
Compress,26,40%,Fastazi-S,0.24675324675324692,19.0,0.8385281385281383,12.933333333333334,0.16796536796536796,0,1,30
Compress,26,40%,Fastazi-P,0.24675324675324692,19.0,0.8354978354978353,13.166666666666666,0.17099567099567098,0,1,30
Compress,26,40%,Random,0.24675324675324692,19.0,0.14740259740259737,NA,NA,25,0,5
Compress,26,50%,Ekstazi,0.3116883116883116,24.0,0.3913419913419912,NA,NA,16,0,14
Compress,26,50%,FAST,0.3116883116883116,24.0,0.7796536796536795,17.466666666666665,0.22683982683982695,0,1,30
Compress,26,50%,Ekstazi+dpt,0.3116883116883116,24.0,0.0,NA,NA,30,0,0
Compress,26,50%,DPT,0.3116883116883116,24.0,0.0,NA,NA,30,0,0
Compress,26,50%,STARTS,0.3116883116883116,24.0,0.3924242424242424,NA,NA,15,0,15
Compress,26,50%,STARTS+FAST-S,0.3116883116883116,24.0,0.8272727272727274,13.8,0.17922077922077914,0,1,30
Compress,26,50%,STARTS+FAST-P,0.3116883116883116,24.0,0.8272727272727275,13.8,0.1792207792207792,0,1,30
Compress,26,50%,STARTS+DPT,0.3116883116883116,24.0,0.0,NA,NA,30,0,0
Compress,26,50%,Fastazi-S,0.3116883116883116,24.0,0.8385281385281383,12.933333333333334,0.16796536796536796,0,1,30
Compress,26,50%,Fastazi-P,0.3116883116883116,24.0,0.8354978354978353,13.166666666666666,0.17099567099567098,0,1,30
Compress,26,50%,Random,0.3116883116883116,24.0,0.2186147186147186,NA,NA,22,0,8
Compress,26,60%,Ekstazi,0.37662337662337647,29.0,0.48051948051948046,NA,NA,12,0,18
Compress,26,60%,FAST,0.37662337662337647,29.0,0.7796536796536795,17.466666666666665,0.22683982683982695,0,1,30
Compress,26,60%,Ekstazi+dpt,0.37662337662337647,29.0,0.0,NA,NA,30,0,0
Compress,26,60%,DPT,0.37662337662337647,29.0,0.0,NA,NA,30,0,0
Compress,26,60%,STARTS,0.37662337662337647,29.0,0.49913419913419904,NA,NA,10,0,20
Compress,26,60%,STARTS+FAST-S,0.37662337662337647,29.0,0.8272727272727274,13.8,0.17922077922077914,0,1,30
Compress,26,60%,STARTS+FAST-P,0.37662337662337647,29.0,0.8272727272727275,13.8,0.1792207792207792,0,1,30
Compress,26,60%,STARTS+DPT,0.37662337662337647,29.0,0.0,NA,NA,30,0,0
Compress,26,60%,Fastazi-S,0.37662337662337647,29.0,0.8385281385281383,12.933333333333334,0.16796536796536796,0,1,30
Compress,26,60%,Fastazi-P,0.37662337662337647,29.0,0.8354978354978353,13.166666666666666,0.17099567099567098,0,1,30
Compress,26,60%,Random,0.37662337662337647,29.0,0.2614718614718614,NA,NA,20,0,10
Compress,26,70%,Ekstazi,0.4415584415584418,34.0,0.54004329004329,NA,NA,9,0,21
Compress,26,70%,FAST,0.4415584415584418,34.0,0.7796536796536795,17.466666666666665,0.22683982683982695,0,1,30
Compress,26,70%,Ekstazi+dpt,0.4415584415584418,34.0,0.0,NA,NA,30,0,0
Compress,26,70%,DPT,0.4415584415584418,34.0,0.0,NA,NA,30,0,0
Compress,26,70%,STARTS,0.4415584415584418,34.0,0.5188311688311688,NA,NA,9,0,21
Compress,26,70%,STARTS+FAST-S,0.4415584415584418,34.0,0.8272727272727274,13.8,0.17922077922077914,0,1,30
Compress,26,70%,STARTS+FAST-P,0.4415584415584418,34.0,0.8272727272727275,13.8,0.1792207792207792,0,1,30
Compress,26,70%,STARTS+DPT,0.4415584415584418,34.0,0.0,NA,NA,30,0,0
Compress,26,70%,Fastazi-S,0.4415584415584418,34.0,0.8385281385281383,12.933333333333334,0.16796536796536796,0,1,30
Compress,26,70%,Fastazi-P,0.4415584415584418,34.0,0.8354978354978353,13.166666666666666,0.17099567099567098,0,1,30
Compress,26,70%,Random,0.4415584415584418,34.0,0.30173160173160174,NA,NA,18,0,12
Compress,26,75%,Ekstazi,0.46753246753246774,36.0,0.54004329004329,NA,NA,9,0,21
Compress,26,75%,FAST,0.46753246753246774,36.0,0.7796536796536795,17.466666666666665,0.22683982683982695,0,1,30
Compress,26,75%,Ekstazi+dpt,0.46753246753246774,36.0,0.0,NA,NA,30,0,0
Compress,26,75%,DPT,0.46753246753246774,36.0,0.0,NA,NA,30,0,0
Compress,26,75%,STARTS,0.46753246753246774,36.0,0.5367965367965367,NA,NA,8,0,22
Compress,26,75%,STARTS+FAST-S,0.46753246753246774,36.0,0.8272727272727274,13.8,0.17922077922077914,0,1,30
Compress,26,75%,STARTS+FAST-P,0.46753246753246774,36.0,0.8272727272727275,13.8,0.1792207792207792,0,1,30
Compress,26,75%,STARTS+DPT,0.46753246753246774,36.0,0.0,NA,NA,30,0,0
Compress,26,75%,Fastazi-S,0.46753246753246774,36.0,0.8385281385281383,12.933333333333334,0.16796536796536796,0,1,30
Compress,26,75%,Fastazi-P,0.46753246753246774,36.0,0.8354978354978353,13.166666666666666,0.17099567099567098,0,1,30
Compress,26,75%,Random,0.46753246753246774,36.0,0.31969696969696965,NA,NA,17,0,13
Compress,26,80%,Ekstazi,0.5064935064935061,39.0,0.5567099567099567,NA,NA,8,0,22
Compress,26,80%,FAST,0.5064935064935061,39.0,0.7796536796536795,17.466666666666665,0.22683982683982695,0,1,30
Compress,26,80%,Ekstazi+dpt,0.5064935064935061,39.0,0.0,NA,NA,30,0,0
Compress,26,80%,DPT,0.5064935064935061,39.0,0.0,NA,NA,30,0,0
Compress,26,80%,STARTS,0.5064935064935061,39.0,0.5538961038961039,NA,NA,7,0,23
Compress,26,80%,STARTS+FAST-S,0.5064935064935061,39.0,0.8272727272727274,13.8,0.17922077922077914,0,1,30
Compress,26,80%,STARTS+FAST-P,0.5064935064935061,39.0,0.8272727272727275,13.8,0.1792207792207792,0,1,30
Compress,26,80%,STARTS+DPT,0.5064935064935061,39.0,0.0,NA,NA,30,0,0
Compress,26,80%,Fastazi-S,0.5064935064935061,39.0,0.8385281385281383,12.933333333333334,0.16796536796536796,0,1,30
Compress,26,80%,Fastazi-P,0.5064935064935061,39.0,0.8354978354978353,13.166666666666666,0.17099567099567098,0,1,30
Compress,26,80%,Random,0.5064935064935061,39.0,0.31969696969696965,NA,NA,17,0,13
Compress,26,90%,Ekstazi,0.5714285714285713,44.0,0.604978354978355,NA,NA,5,0,25
Compress,26,90%,FAST,0.5714285714285713,44.0,0.7796536796536795,17.466666666666665,0.22683982683982695,0,1,30
Compress,26,90%,Ekstazi+dpt,0.5714285714285713,44.0,0.4350649350649349,44.0,0.5714285714285713,0,1,30
Compress,26,90%,DPT,0.5714285714285713,44.0,0.0,NA,NA,30,0,0
Compress,26,90%,STARTS,0.5714285714285713,44.0,0.5863636363636364,NA,NA,5,0,25
Compress,26,90%,STARTS+FAST-S,0.5714285714285713,44.0,0.8272727272727274,13.8,0.17922077922077914,0,1,30
Compress,26,90%,STARTS+FAST-P,0.5714285714285713,44.0,0.8272727272727275,13.8,0.1792207792207792,0,1,30
Compress,26,90%,STARTS+DPT,0.5714285714285713,44.0,0.0,NA,NA,30,0,0
Compress,26,90%,Fastazi-S,0.5714285714285713,44.0,0.8385281385281383,12.933333333333334,0.16796536796536796,0,1,30
Compress,26,90%,Fastazi-P,0.5714285714285713,44.0,0.8354978354978353,13.166666666666666,0.17099567099567098,0,1,30
Compress,26,90%,Random,0.5714285714285713,44.0,0.35043290043290043,NA,NA,15,0,15
Compress,26,100%,Ekstazi,0.6363636363636366,49.0,0.6714285714285715,25.8,0.3350649350649351,0,1,30
Compress,26,100%,FAST,0.6363636363636366,49.0,0.7796536796536795,17.466666666666665,0.22683982683982695,0,1,30
Compress,26,100%,Ekstazi+dpt,0.6363636363636366,49.0,0.4350649350649349,44.0,0.5714285714285713,0,1,30
Compress,26,100%,DPT,0.6363636363636366,49.0,0.38311688311688324,48.0,0.6233766233766233,0,1,30
Compress,26,100%,STARTS,0.6363636363636366,49.0,0.6123376623376623,NA,NA,3,0,27
Compress,26,100%,STARTS+FAST-S,0.6363636363636366,49.0,0.8272727272727274,13.8,0.17922077922077914,0,1,30
Compress,26,100%,STARTS+FAST-P,0.6363636363636366,49.0,0.8272727272727275,13.8,0.1792207792207792,0,1,30
Compress,26,100%,STARTS+DPT,0.6363636363636366,49.0,0.39610389610389635,47.0,0.6103896103896104,0,1,30
Compress,26,100%,Fastazi-S,0.6363636363636366,49.0,0.8385281385281383,12.933333333333334,0.16796536796536796,0,1,30
Compress,26,100%,Fastazi-P,0.6363636363636366,49.0,0.8354978354978353,13.166666666666666,0.17099567099567098,0,1,30
Compress,26,100%,Random,0.6363636363636366,49.0,0.35043290043290043,NA,NA,15,0,15
Compress,27,10%,Ekstazi,0.05128205128205131,4.0,0.06495726495726496,NA,NA,28,0,2
Compress,27,10%,FAST,0.05128205128205131,4.0,0.03311965811965812,NA,NA,29,0,1
Compress,27,10%,Ekstazi+dpt,0.05128205128205131,4.0,0.0,NA,NA,30,0,0
Compress,27,10%,DPT,0.05128205128205131,4.0,0.0,NA,NA,30,0,0
Compress,27,10%,STARTS,0.05128205128205131,4.0,0.06452991452991452,NA,NA,28,0,2
Compress,27,10%,STARTS+FAST-S,0.05128205128205131,4.0,0.0,NA,NA,30,0,0
Compress,27,10%,STARTS+FAST-P,0.05128205128205131,4.0,0.0,NA,NA,30,0,0
Compress,27,10%,STARTS+DPT,0.05128205128205131,4.0,0.0,NA,NA,30,0,0
Compress,27,10%,Fastazi-S,0.05128205128205131,4.0,0.03311965811965812,NA,NA,29,0,1
Compress,27,10%,Fastazi-P,0.05128205128205131,4.0,0.03311965811965812,NA,NA,29,0,1
Compress,27,10%,Random,0.05128205128205131,4.0,0.0,NA,NA,30,0,0
Compress,27,20%,Ekstazi,0.1153846153846154,9.0,0.1252136752136752,NA,NA,26,0,4
Compress,27,20%,FAST,0.1153846153846154,9.0,0.03311965811965812,NA,NA,29,0,1
Compress,27,20%,Ekstazi+dpt,0.1153846153846154,9.0,0.0,NA,NA,30,0,0
Compress,27,20%,DPT,0.1153846153846154,9.0,0.0,NA,NA,30,0,0
Compress,27,20%,STARTS,0.1153846153846154,9.0,0.09551282051282052,NA,NA,27,0,3
Compress,27,20%,STARTS+FAST-S,0.1153846153846154,9.0,0.0,NA,NA,30,0,0
Compress,27,20%,STARTS+FAST-P,0.1153846153846154,9.0,0.0,NA,NA,30,0,0
Compress,27,20%,STARTS+DPT,0.1153846153846154,9.0,0.0,NA,NA,30,0,0
Compress,27,20%,Fastazi-S,0.1153846153846154,9.0,0.03311965811965812,NA,NA,29,0,1
Compress,27,20%,Fastazi-P,0.1153846153846154,9.0,0.03311965811965812,NA,NA,29,0,1
Compress,27,20%,Random,0.1153846153846154,9.0,0.0,NA,NA,30,0,0
Compress,27,25%,Ekstazi,0.15384615384615383,12.0,0.1252136752136752,NA,NA,26,0,4
Compress,27,25%,FAST,0.15384615384615383,12.0,0.03311965811965812,NA,NA,29,0,1
Compress,27,25%,Ekstazi+dpt,0.15384615384615383,12.0,0.0,NA,NA,30,0,0
Compress,27,25%,DPT,0.15384615384615383,12.0,0.0,NA,NA,30,0,0
Compress,27,25%,STARTS,0.15384615384615383,12.0,0.15363247863247864,NA,NA,25,0,5
Compress,27,25%,STARTS+FAST-S,0.15384615384615383,12.0,0.0,NA,NA,30,0,0
Compress,27,25%,STARTS+FAST-P,0.15384615384615383,12.0,0.0,NA,NA,30,0,0
Compress,27,25%,STARTS+DPT,0.15384615384615383,12.0,0.0,NA,NA,30,0,0
Compress,27,25%,Fastazi-S,0.15384615384615383,12.0,0.03311965811965812,NA,NA,29,0,1
Compress,27,25%,Fastazi-P,0.15384615384615383,12.0,0.03311965811965812,NA,NA,29,0,1
Compress,27,25%,Random,0.15384615384615383,12.0,0.05811965811965812,NA,NA,28,0,2
Compress,27,30%,Ekstazi,0.17948717948717946,14.0,0.1532051282051282,NA,NA,25,0,5
Compress,27,30%,FAST,0.17948717948717946,14.0,0.03311965811965812,NA,NA,29,0,1
Compress,27,30%,Ekstazi+dpt,0.17948717948717946,14.0,0.0,NA,NA,30,0,0
Compress,27,30%,DPT,0.17948717948717946,14.0,0.0,NA,NA,30,0,0
Compress,27,30%,STARTS,0.17948717948717946,14.0,0.1811965811965812,NA,NA,24,0,6
Compress,27,30%,STARTS+FAST-S,0.17948717948717946,14.0,0.0,NA,NA,30,0,0
Compress,27,30%,STARTS+FAST-P,0.17948717948717946,14.0,0.0,NA,NA,30,0,0
Compress,27,30%,STARTS+DPT,0.17948717948717946,14.0,0.0,NA,NA,30,0,0
Compress,27,30%,Fastazi-S,0.17948717948717946,14.0,0.03311965811965812,NA,NA,29,0,1
Compress,27,30%,Fastazi-P,0.17948717948717946,14.0,0.03311965811965812,NA,NA,29,0,1
Compress,27,30%,Random,0.17948717948717946,14.0,0.05811965811965812,NA,NA,28,0,2
Compress,27,40%,Ekstazi,0.24358974358974358,19.0,0.3376068376068375,NA,NA,18,0,12
Compress,27,40%,FAST,0.24358974358974358,19.0,0.03311965811965812,NA,NA,29,0,1
Compress,27,40%,Ekstazi+dpt,0.24358974358974358,19.0,0.0,NA,NA,30,0,0
Compress,27,40%,DPT,0.24358974358974358,19.0,0.0,NA,NA,30,0,0
Compress,27,40%,STARTS,0.24358974358974358,19.0,0.3121794871794872,NA,NA,19,0,11
Compress,27,40%,STARTS+FAST-S,0.24358974358974358,19.0,0.0,NA,NA,30,0,0
Compress,27,40%,STARTS+FAST-P,0.24358974358974358,19.0,0.0,NA,NA,30,0,0
Compress,27,40%,STARTS+DPT,0.24358974358974358,19.0,0.0,NA,NA,30,0,0
Compress,27,40%,Fastazi-S,0.24358974358974358,19.0,0.03311965811965812,NA,NA,29,0,1
Compress,27,40%,Fastazi-P,0.24358974358974358,19.0,0.03311965811965812,NA,NA,29,0,1
Compress,27,40%,Random,0.24358974358974358,19.0,0.10982905982905983,NA,NA,26,0,4
Compress,27,50%,Ekstazi,0.30769230769230765,24.0,0.38632478632478623,NA,NA,16,0,14
Compress,27,50%,FAST,0.30769230769230765,24.0,0.03311965811965812,NA,NA,29,0,1
Compress,27,50%,Ekstazi+dpt,0.30769230769230765,24.0,0.0,NA,NA,30,0,0
Compress,27,50%,DPT,0.30769230769230765,24.0,0.0,NA,NA,30,0,0
Compress,27,50%,STARTS,0.30769230769230765,24.0,0.4316239316239316,NA,NA,14,0,16
Compress,27,50%,STARTS+FAST-S,0.30769230769230765,24.0,0.0,NA,NA,30,0,0
Compress,27,50%,STARTS+FAST-P,0.30769230769230765,24.0,0.0,NA,NA,30,0,0
Compress,27,50%,STARTS+DPT,0.30769230769230765,24.0,0.0,NA,NA,30,0,0
Compress,27,50%,Fastazi-S,0.30769230769230765,24.0,0.03311965811965812,NA,NA,29,0,1
Compress,27,50%,Fastazi-P,0.30769230769230765,24.0,0.03311965811965812,NA,NA,29,0,1
Compress,27,50%,Random,0.30769230769230765,24.0,0.13311965811965812,NA,NA,25,0,5
Compress,27,60%,Ekstazi,0.3717948717948721,29.0,0.47435897435897434,NA,NA,12,0,18
Compress,27,60%,FAST,0.3717948717948721,29.0,0.03311965811965812,NA,NA,29,0,1
Compress,27,60%,Ekstazi+dpt,0.3717948717948721,29.0,0.0,NA,NA,30,0,0
Compress,27,60%,DPT,0.3717948717948721,29.0,0.0,NA,NA,30,0,0
Compress,27,60%,STARTS,0.3717948717948721,29.0,0.47435897435897434,NA,NA,12,0,18
Compress,27,60%,STARTS+FAST-S,0.3717948717948721,29.0,0.0,NA,NA,30,0,0
Compress,27,60%,STARTS+FAST-P,0.3717948717948721,29.0,0.0,NA,NA,30,0,0
Compress,27,60%,STARTS+DPT,0.3717948717948721,29.0,0.0,NA,NA,30,0,0
Compress,27,60%,Fastazi-S,0.3717948717948721,29.0,0.03311965811965812,NA,NA,29,0,1
Compress,27,60%,Fastazi-P,0.3717948717948721,29.0,0.03311965811965812,NA,NA,29,0,1
Compress,27,60%,Random,0.3717948717948721,29.0,0.2,NA,NA,22,0,8
Compress,27,70%,Ekstazi,0.43589743589743607,34.0,0.5525641025641026,NA,NA,8,0,22
Compress,27,70%,FAST,0.43589743589743607,34.0,0.03311965811965812,NA,NA,29,0,1
Compress,27,70%,Ekstazi+dpt,0.43589743589743607,34.0,0.0,NA,NA,30,0,0
Compress,27,70%,DPT,0.43589743589743607,34.0,0.0,NA,NA,30,0,0
Compress,27,70%,STARTS,0.43589743589743607,34.0,0.5352564102564102,NA,NA,9,0,21
Compress,27,70%,STARTS+FAST-S,0.43589743589743607,34.0,0.0,NA,NA,30,0,0
Compress,27,70%,STARTS+FAST-P,0.43589743589743607,34.0,0.0,NA,NA,30,0,0
Compress,27,70%,STARTS+DPT,0.43589743589743607,34.0,0.0,NA,NA,30,0,0
Compress,27,70%,Fastazi-S,0.43589743589743607,34.0,0.03311965811965812,NA,NA,29,0,1
Compress,27,70%,Fastazi-P,0.43589743589743607,34.0,0.09017094017094017,NA,NA,26,0,4
Compress,27,70%,Random,0.43589743589743607,34.0,0.2604700854700855,NA,NA,19,0,11
Compress,27,75%,Ekstazi,0.4615384615384616,36.0,0.5888888888888888,NA,NA,6,0,24
Compress,27,75%,FAST,0.4615384615384616,36.0,0.03311965811965812,NA,NA,29,0,1
Compress,27,75%,Ekstazi+dpt,0.4615384615384616,36.0,0.0,NA,NA,30,0,0
Compress,27,75%,DPT,0.4615384615384616,36.0,0.0,NA,NA,30,0,0
Compress,27,75%,STARTS,0.4615384615384616,36.0,0.5352564102564102,NA,NA,9,0,21
Compress,27,75%,STARTS+FAST-S,0.4615384615384616,36.0,0.0,NA,NA,30,0,0
Compress,27,75%,STARTS+FAST-P,0.4615384615384616,36.0,0.0,NA,NA,30,0,0
Compress,27,75%,STARTS+DPT,0.4615384615384616,36.0,0.0,NA,NA,30,0,0
Compress,27,75%,Fastazi-S,0.4615384615384616,36.0,0.551923076923077,NA,NA,1,0,29
Compress,27,75%,Fastazi-P,0.4615384615384616,36.0,0.5544871794871796,NA,NA,1,0,29
Compress,27,75%,Random,0.4615384615384616,36.0,0.2604700854700855,NA,NA,19,0,11
Compress,27,80%,Ekstazi,0.5,39.0,0.5888888888888888,NA,NA,6,0,24
Compress,27,80%,FAST,0.5,39.0,0.03311965811965812,NA,NA,29,0,1
Compress,27,80%,Ekstazi+dpt,0.5,39.0,0.0,NA,NA,30,0,0
Compress,27,80%,DPT,0.5,39.0,0.0,NA,NA,30,0,0
Compress,27,80%,STARTS,0.5,39.0,0.5707264957264957,NA,NA,7,0,23
Compress,27,80%,STARTS+FAST-S,0.5,39.0,0.0,NA,NA,30,0,0
Compress,27,80%,STARTS+FAST-P,0.5,39.0,0.0,NA,NA,30,0,0
Compress,27,80%,STARTS+DPT,0.5,39.0,0.0,NA,NA,30,0,0
Compress,27,80%,Fastazi-S,0.5,39.0,0.568803418803419,34.13333333333333,0.4376068376068377,0,1,30
Compress,27,80%,Fastazi-P,0.5,39.0,0.5713675213675216,33.93333333333333,0.43504273504273516,0,1,30
Compress,27,80%,Random,0.5,39.0,0.2777777777777778,NA,NA,18,0,12
Compress,27,90%,Ekstazi,0.564102564102564,44.0,0.5888888888888888,NA,NA,6,0,24
Compress,27,90%,FAST,0.564102564102564,44.0,0.03311965811965812,NA,NA,29,0,1
Compress,27,90%,Ekstazi+dpt,0.564102564102564,44.0,0.0,NA,NA,30,0,0
Compress,27,90%,DPT,0.564102564102564,44.0,0.0,NA,NA,30,0,0
Compress,27,90%,STARTS,0.564102564102564,44.0,0.5858974358974359,NA,NA,6,0,24
Compress,27,90%,STARTS+FAST-S,0.564102564102564,44.0,0.0,NA,NA,30,0,0
Compress,27,90%,STARTS+FAST-P,0.564102564102564,44.0,0.0,NA,NA,30,0,0
Compress,27,90%,STARTS+DPT,0.564102564102564,44.0,0.0,NA,NA,30,0,0
Compress,27,90%,Fastazi-S,0.564102564102564,44.0,0.568803418803419,34.13333333333333,0.4376068376068377,0,1,30
Compress,27,90%,Fastazi-P,0.564102564102564,44.0,0.5713675213675216,33.93333333333333,0.43504273504273516,0,1,30
Compress,27,90%,Random,0.564102564102564,44.0,0.30897435897435893,NA,NA,16,0,14
Compress,27,100%,Ekstazi,0.6282051282051279,49.0,0.6696581196581195,26.266666666666666,0.33675213675213667,0,1,30
Compress,27,100%,FAST,0.6282051282051279,49.0,0.03311965811965812,NA,NA,29,0,1
Compress,27,100%,Ekstazi+dpt,0.6282051282051279,49.0,0.3910256410256407,48.0,0.6153846153846153,0,1,30
Compress,27,100%,DPT,0.6282051282051279,49.0,0.17649572649572645,NA,NA,16,0,14
Compress,27,100%,STARTS,0.6282051282051279,49.0,0.6136752136752137,NA,NA,4,0,26
Compress,27,100%,STARTS+FAST-S,0.6282051282051279,49.0,0.0,NA,NA,30,0,0
Compress,27,100%,STARTS+FAST-P,0.6282051282051279,49.0,0.0,NA,NA,30,0,0
Compress,27,100%,STARTS+DPT,0.6282051282051279,49.0,0.3910256410256407,48.0,0.6153846153846153,0,1,30
Compress,27,100%,Fastazi-S,0.6282051282051279,49.0,0.568803418803419,34.13333333333333,0.4376068376068377,0,1,30
Compress,27,100%,Fastazi-P,0.6282051282051279,49.0,0.5713675213675216,33.93333333333333,0.43504273504273516,0,1,30
Compress,27,100%,Random,0.6282051282051279,49.0,0.37499999999999994,NA,NA,11,0,19
Compress,28,10%,Ekstazi,0.012820512820512827,1.0,0.03311965811965812,NA,NA,29,0,1
Compress,28,10%,FAST,0.012820512820512827,1.0,0.0,NA,NA,30,0,0
Compress,28,10%,Ekstazi+dpt,0.012820512820512827,1.0,0.0,NA,NA,30,0,0
Compress,28,10%,DPT,0.012820512820512827,1.0,0.0,NA,NA,30,0,0
Compress,28,10%,STARTS,0.012820512820512827,1.0,0.03311965811965812,NA,NA,29,0,1
Compress,28,10%,STARTS+FAST-S,0.012820512820512827,1.0,0.0,NA,NA,30,0,0
Compress,28,10%,STARTS+FAST-P,0.012820512820512827,1.0,0.0,NA,NA,30,0,0
Compress,28,10%,STARTS+DPT,0.012820512820512827,1.0,0.0,NA,NA,30,0,0
Compress,28,10%,Fastazi-S,0.012820512820512827,1.0,0.13247863247863248,NA,NA,26,0,4
Compress,28,10%,Fastazi-P,0.012820512820512827,1.0,0.0,NA,NA,30,0,0
Compress,28,10%,Random,0.012820512820512827,1.0,0.0,NA,NA,30,0,0
Compress,28,20%,Ekstazi,0.025641025641025654,2.0,0.09850427350427352,NA,NA,27,0,3
Compress,28,20%,FAST,0.025641025641025654,2.0,0.0,NA,NA,30,0,0
Compress,28,20%,Ekstazi+dpt,0.025641025641025654,2.0,0.0,NA,NA,30,0,0
Compress,28,20%,DPT,0.025641025641025654,2.0,0.0,NA,NA,30,0,0
Compress,28,20%,STARTS,0.025641025641025654,2.0,0.06581196581196581,NA,NA,28,0,2
Compress,28,20%,STARTS+FAST-S,0.025641025641025654,2.0,0.0,NA,NA,30,0,0
Compress,28,20%,STARTS+FAST-P,0.025641025641025654,2.0,0.0,NA,NA,30,0,0
Compress,28,20%,STARTS+DPT,0.025641025641025654,2.0,0.0,NA,NA,30,0,0
Compress,28,20%,Fastazi-S,0.025641025641025654,2.0,0.13247863247863248,NA,NA,26,0,4
Compress,28,20%,Fastazi-P,0.025641025641025654,2.0,0.0,NA,NA,30,0,0
Compress,28,20%,Random,0.025641025641025654,2.0,0.0,NA,NA,30,0,0
Compress,28,25%,Ekstazi,0.025641025641025654,2.0,0.09850427350427352,NA,NA,27,0,3
Compress,28,25%,FAST,0.025641025641025654,2.0,0.0,NA,NA,30,0,0
Compress,28,25%,Ekstazi+dpt,0.025641025641025654,2.0,0.0,NA,NA,30,0,0
Compress,28,25%,DPT,0.025641025641025654,2.0,0.0,NA,NA,30,0,0
Compress,28,25%,STARTS,0.025641025641025654,2.0,0.06581196581196581,NA,NA,28,0,2
Compress,28,25%,STARTS+FAST-S,0.025641025641025654,2.0,0.0,NA,NA,30,0,0
Compress,28,25%,STARTS+FAST-P,0.025641025641025654,2.0,0.0,NA,NA,30,0,0
Compress,28,25%,STARTS+DPT,0.025641025641025654,2.0,0.0,NA,NA,30,0,0
Compress,28,25%,Fastazi-S,0.025641025641025654,2.0,0.13247863247863248,NA,NA,26,0,4
Compress,28,25%,Fastazi-P,0.025641025641025654,2.0,0.0,NA,NA,30,0,0
Compress,28,25%,Random,0.025641025641025654,2.0,0.0,NA,NA,30,0,0
Compress,28,30%,Ekstazi,0.03846153846153846,3.0,0.16303418803418804,NA,NA,25,0,5
Compress,28,30%,FAST,0.03846153846153846,3.0,0.0,NA,NA,30,0,0
Compress,28,30%,Ekstazi+dpt,0.03846153846153846,3.0,0.0,NA,NA,30,0,0
Compress,28,30%,DPT,0.03846153846153846,3.0,0.0,NA,NA,30,0,0
Compress,28,30%,STARTS,0.03846153846153846,3.0,0.06581196581196581,NA,NA,28,0,2
Compress,28,30%,STARTS+FAST-S,0.03846153846153846,3.0,0.0,NA,NA,30,0,0
Compress,28,30%,STARTS+FAST-P,0.03846153846153846,3.0,0.0,NA,NA,30,0,0
Compress,28,30%,STARTS+DPT,0.03846153846153846,3.0,0.0,NA,NA,30,0,0
Compress,28,30%,Fastazi-S,0.03846153846153846,3.0,0.13247863247863248,NA,NA,26,0,4
Compress,28,30%,Fastazi-P,0.03846153846153846,3.0,0.0,NA,NA,30,0,0
Compress,28,30%,Random,0.03846153846153846,3.0,0.0,NA,NA,30,0,0
Compress,28,40%,Ekstazi,0.05128205128205131,4.0,0.2903846153846154,NA,NA,21,0,9
Compress,28,40%,FAST,0.05128205128205131,4.0,0.0,NA,NA,30,0,0
Compress,28,40%,Ekstazi+dpt,0.05128205128205131,4.0,0.0,NA,NA,30,0,0
Compress,28,40%,DPT,0.05128205128205131,4.0,0.0,NA,NA,30,0,0
Compress,28,40%,STARTS,0.05128205128205131,4.0,0.06581196581196581,NA,NA,28,0,2
Compress,28,40%,STARTS+FAST-S,0.05128205128205131,4.0,0.0,NA,NA,30,0,0
Compress,28,40%,STARTS+FAST-P,0.05128205128205131,4.0,0.0,NA,NA,30,0,0
Compress,28,40%,STARTS+DPT,0.05128205128205131,4.0,0.0,NA,NA,30,0,0
Compress,28,40%,Fastazi-S,0.05128205128205131,4.0,0.6737179487179485,NA,NA,9,0,21
Compress,28,40%,Fastazi-P,0.05128205128205131,4.0,0.8596153846153842,NA,NA,3,0,27
Compress,28,40%,Random,0.05128205128205131,4.0,0.031837606837606836,NA,NA,29,0,1
Compress,28,50%,Ekstazi,0.0641025641025641,5.0,0.4788461538461537,NA,NA,15,0,15
Compress,28,50%,FAST,0.0641025641025641,5.0,0.0,NA,NA,30,0,0
Compress,28,50%,Ekstazi+dpt,0.0641025641025641,5.0,0.0,NA,NA,30,0,0
Compress,28,50%,DPT,0.0641025641025641,5.0,0.0,NA,NA,30,0,0
Compress,28,50%,STARTS,0.0641025641025641,5.0,0.09722222222222224,NA,NA,27,0,3
Compress,28,50%,STARTS+FAST-S,0.0641025641025641,5.0,0.0,NA,NA,30,0,0
Compress,28,50%,STARTS+FAST-P,0.0641025641025641,5.0,0.0,NA,NA,30,0,0
Compress,28,50%,STARTS+DPT,0.0641025641025641,5.0,0.0,NA,NA,30,0,0
Compress,28,50%,Fastazi-S,0.0641025641025641,5.0,0.9564102564102563,3.9,0.05000000000000001,0,1,30
Compress,28,50%,Fastazi-P,0.0641025641025641,5.0,0.9538461538461535,4.1,0.052564102564102586,0,1,30
Compress,28,50%,Random,0.0641025641025641,5.0,0.031837606837606836,NA,NA,29,0,1
Compress,28,60%,Ekstazi,0.07692307692307691,6.0,0.6647435897435897,NA,NA,9,0,21
Compress,28,60%,FAST,0.07692307692307691,6.0,0.0,NA,NA,30,0,0
Compress,28,60%,Ekstazi+dpt,0.07692307692307691,6.0,0.0,NA,NA,30,0,0
Compress,28,60%,DPT,0.07692307692307691,6.0,0.0,NA,NA,30,0,0
Compress,28,60%,STARTS,0.07692307692307691,6.0,0.12820512820512822,NA,NA,26,0,4
Compress,28,60%,STARTS+FAST-S,0.07692307692307691,6.0,0.0,NA,NA,30,0,0
Compress,28,60%,STARTS+FAST-P,0.07692307692307691,6.0,0.0,NA,NA,30,0,0
Compress,28,60%,STARTS+DPT,0.07692307692307691,6.0,0.0,NA,NA,30,0,0
Compress,28,60%,Fastazi-S,0.07692307692307691,6.0,0.9564102564102563,3.9,0.05000000000000001,0,1,30
Compress,28,60%,Fastazi-P,0.07692307692307691,6.0,0.9538461538461535,4.1,0.052564102564102586,0,1,30
Compress,28,60%,Random,0.07692307692307691,6.0,0.031837606837606836,NA,NA,29,0,1
Compress,28,70%,Ekstazi,0.08974358974358973,7.0,0.8175213675213675,NA,NA,4,0,26
Compress,28,70%,FAST,0.08974358974358973,7.0,0.0,NA,NA,30,0,0
Compress,28,70%,Ekstazi+dpt,0.08974358974358973,7.0,0.0,NA,NA,30,0,0
Compress,28,70%,DPT,0.08974358974358973,7.0,0.0,NA,NA,30,0,0
Compress,28,70%,STARTS,0.08974358974358973,7.0,0.12820512820512822,NA,NA,26,0,4
Compress,28,70%,STARTS+FAST-S,0.08974358974358973,7.0,0.0,NA,NA,30,0,0
Compress,28,70%,STARTS+FAST-P,0.08974358974358973,7.0,0.0,NA,NA,30,0,0
Compress,28,70%,STARTS+DPT,0.08974358974358973,7.0,0.0,NA,NA,30,0,0
Compress,28,70%,Fastazi-S,0.08974358974358973,7.0,0.9564102564102563,3.9,0.05000000000000001,0,1,30
Compress,28,70%,Fastazi-P,0.08974358974358973,7.0,0.9538461538461535,4.1,0.052564102564102586,0,1,30
Compress,28,70%,Random,0.08974358974358973,7.0,0.031837606837606836,NA,NA,29,0,1
Compress,28,75%,Ekstazi,0.08974358974358973,7.0,0.8175213675213675,NA,NA,4,0,26
Compress,28,75%,FAST,0.08974358974358973,7.0,0.0,NA,NA,30,0,0
Compress,28,75%,Ekstazi+dpt,0.08974358974358973,7.0,0.0,NA,NA,30,0,0
Compress,28,75%,DPT,0.08974358974358973,7.0,0.0,NA,NA,30,0,0
Compress,28,75%,STARTS,0.08974358974358973,7.0,0.12820512820512822,NA,NA,26,0,4
Compress,28,75%,STARTS+FAST-S,0.08974358974358973,7.0,0.0,NA,NA,30,0,0
Compress,28,75%,STARTS+FAST-P,0.08974358974358973,7.0,0.0,NA,NA,30,0,0
Compress,28,75%,STARTS+DPT,0.08974358974358973,7.0,0.0,NA,NA,30,0,0
Compress,28,75%,Fastazi-S,0.08974358974358973,7.0,0.9564102564102563,3.9,0.05000000000000001,0,1,30
Compress,28,75%,Fastazi-P,0.08974358974358973,7.0,0.9538461538461535,4.1,0.052564102564102586,0,1,30
Compress,28,75%,Random,0.08974358974358973,7.0,0.031837606837606836,NA,NA,29,0,1
Compress,28,80%,Ekstazi,0.10256410256410262,8.0,0.8777777777777778,NA,NA,2,0,28
Compress,28,80%,FAST,0.10256410256410262,8.0,0.0,NA,NA,30,0,0
Compress,28,80%,Ekstazi+dpt,0.10256410256410262,8.0,0.9038461538461535,8.0,0.10256410256410262,0,1,30
Compress,28,80%,DPT,0.10256410256410262,8.0,0.0,NA,NA,30,0,0
Compress,28,80%,STARTS,0.10256410256410262,8.0,0.12820512820512822,NA,NA,26,0,4
Compress,28,80%,STARTS+FAST-S,0.10256410256410262,8.0,0.2711538461538462,NA,NA,21,0,9
Compress,28,80%,STARTS+FAST-P,0.10256410256410262,8.0,0.3615384615384615,NA,NA,18,0,12
Compress,28,80%,STARTS+DPT,0.10256410256410262,8.0,0.0,NA,NA,30,0,0
Compress,28,80%,Fastazi-S,0.10256410256410262,8.0,0.9564102564102563,3.9,0.05000000000000001,0,1,30
Compress,28,80%,Fastazi-P,0.10256410256410262,8.0,0.9538461538461535,4.1,0.052564102564102586,0,1,30
Compress,28,80%,Random,0.10256410256410262,8.0,0.031837606837606836,NA,NA,29,0,1
Compress,28,90%,Ekstazi,0.1153846153846154,9.0,0.9074786324786325,NA,NA,1,0,29
Compress,28,90%,FAST,0.1153846153846154,9.0,0.0,NA,NA,30,0,0
Compress,28,90%,Ekstazi+dpt,0.1153846153846154,9.0,0.9038461538461535,8.0,0.10256410256410262,0,1,30
Compress,28,90%,DPT,0.1153846153846154,9.0,0.0,NA,NA,30,0,0
Compress,28,90%,STARTS,0.1153846153846154,9.0,0.1579059829059829,NA,NA,25,0,5
Compress,28,90%,STARTS+FAST-S,0.1153846153846154,9.0,0.8354700854700856,NA,NA,2,0,28
Compress,28,90%,STARTS+FAST-P,0.1153846153846154,9.0,0.8367521367521369,NA,NA,2,0,28
Compress,28,90%,STARTS+DPT,0.1153846153846154,9.0,0.0,NA,NA,30,0,0
Compress,28,90%,Fastazi-S,0.1153846153846154,9.0,0.9564102564102563,3.9,0.05000000000000001,0,1,30
Compress,28,90%,Fastazi-P,0.1153846153846154,9.0,0.9538461538461535,4.1,0.052564102564102586,0,1,30
Compress,28,90%,Random,0.1153846153846154,9.0,0.061538461538461535,NA,NA,28,0,2
Compress,28,100%,Ekstazi,0.1282051282051282,10.0,0.9367521367521368,5.433333333333334,0.06965811965811965,0,1,30
Compress,28,100%,FAST,0.1282051282051282,10.0,0.0,NA,NA,30,0,0
Compress,28,100%,Ekstazi+dpt,0.1282051282051282,10.0,0.9038461538461535,8.0,0.10256410256410262,0,1,30
Compress,28,100%,DPT,0.1282051282051282,10.0,0.0,NA,NA,30,0,0
Compress,28,100%,STARTS,0.1282051282051282,10.0,0.1579059829059829,NA,NA,25,0,5
Compress,28,100%,STARTS+FAST-S,0.1282051282051282,10.0,0.8940170940170942,8.766666666666667,0.11239316239316242,0,1,30
Compress,28,100%,STARTS+FAST-P,0.1282051282051282,10.0,0.8367521367521369,NA,NA,2,0,28
Compress,28,100%,STARTS+DPT,0.1282051282051282,10.0,0.0,NA,NA,30,0,0
Compress,28,100%,Fastazi-S,0.1282051282051282,10.0,0.9564102564102563,3.9,0.05000000000000001,0,1,30
Compress,28,100%,Fastazi-P,0.1282051282051282,10.0,0.9538461538461535,4.1,0.052564102564102586,0,1,30
Compress,28,100%,Random,0.1282051282051282,10.0,0.061538461538461535,NA,NA,28,0,2
Compress,29,10%,Ekstazi,0.07954545454545457,7.0,0.06401515151515152,NA,NA,28,0,2
Compress,29,10%,FAST,0.07954545454545457,7.0,0.0,NA,NA,30,0,0
Compress,29,10%,Ekstazi+dpt,0.07954545454545457,7.0,0.0,NA,NA,30,0,0
Compress,29,10%,DPT,0.07954545454545457,7.0,0.0,NA,NA,30,0,0
Compress,29,10%,STARTS,0.07954545454545457,7.0,0.09450757575757576,NA,NA,27,0,3
Compress,29,10%,STARTS+FAST-S,0.07954545454545457,7.0,0.9077651515151516,NA,NA,1,0,29
Compress,29,10%,STARTS+FAST-P,0.07954545454545457,7.0,0.9431818181818183,5.5,0.0625,0,1,30
Compress,29,10%,STARTS+DPT,0.07954545454545457,7.0,0.0,NA,NA,30,0,0
Compress,29,10%,Fastazi-S,0.07954545454545457,7.0,0.09488636363636364,NA,NA,27,0,3
Compress,29,10%,Fastazi-P,0.07954545454545457,7.0,0.0,NA,NA,30,0,0
Compress,29,10%,Random,0.07954545454545457,7.0,0.0628787878787879,NA,NA,28,0,2
Compress,29,20%,Ekstazi,0.15909090909090914,14.0,0.0941287878787879,NA,NA,27,0,3
Compress,29,20%,FAST,0.15909090909090914,14.0,0.0,NA,NA,30,0,0
Compress,29,20%,Ekstazi+dpt,0.15909090909090914,14.0,0.9034090909090907,9.0,0.10227272727272721,0,1,30
Compress,29,20%,DPT,0.15909090909090914,14.0,0.9034090909090907,9.0,0.10227272727272721,0,1,30
Compress,29,20%,STARTS,0.15909090909090914,14.0,0.12424242424242425,NA,NA,26,0,4
Compress,29,20%,STARTS+FAST-S,0.15909090909090914,14.0,0.9382575757575757,5.933333333333334,0.0674242424242424,0,1,30
Compress,29,20%,STARTS+FAST-P,0.15909090909090914,14.0,0.9431818181818183,5.5,0.0625,0,1,30
Compress,29,20%,STARTS+DPT,0.15909090909090914,14.0,0.9034090909090907,9.0,0.10227272727272721,0,1,30
Compress,29,20%,Fastazi-S,0.15909090909090914,14.0,0.8712121212121215,11.833333333333334,0.13446969696969696,0,1,30
Compress,29,20%,Fastazi-P,0.15909090909090914,14.0,0.8628787878787884,12.566666666666666,0.14280303030303035,0,1,30
Compress,29,20%,Random,0.15909090909090914,14.0,0.1810606060606061,NA,NA,24,0,6
Compress,29,25%,Ekstazi,0.19318181818181826,17.0,0.0941287878787879,NA,NA,27,0,3
Compress,29,25%,FAST,0.19318181818181826,17.0,0.27083333333333337,NA,NA,20,0,10
Compress,29,25%,Ekstazi+dpt,0.19318181818181826,17.0,0.9034090909090907,9.0,0.10227272727272721,0,1,30
Compress,29,25%,DPT,0.19318181818181826,17.0,0.9034090909090907,9.0,0.10227272727272721,0,1,30
Compress,29,25%,STARTS,0.19318181818181826,17.0,0.15208333333333338,NA,NA,25,0,5
Compress,29,25%,STARTS+FAST-S,0.19318181818181826,17.0,0.9382575757575757,5.933333333333334,0.0674242424242424,0,1,30
Compress,29,25%,STARTS+FAST-P,0.19318181818181826,17.0,0.9431818181818183,5.5,0.0625,0,1,30
Compress,29,25%,STARTS+DPT,0.19318181818181826,17.0,0.9034090909090907,9.0,0.10227272727272721,0,1,30
Compress,29,25%,Fastazi-S,0.19318181818181826,17.0,0.8712121212121215,11.833333333333334,0.13446969696969696,0,1,30
Compress,29,25%,Fastazi-P,0.19318181818181826,17.0,0.8628787878787884,12.566666666666666,0.14280303030303035,0,1,30
Compress,29,25%,Random,0.19318181818181826,17.0,0.2359848484848485,NA,NA,22,0,8
Compress,29,30%,Ekstazi,0.23863636363636356,21.0,0.12083333333333333,NA,NA,26,0,4
Compress,29,30%,FAST,0.23863636363636356,21.0,0.8049242424242423,17.666666666666668,0.20075757575757572,0,1,30
Compress,29,30%,Ekstazi+dpt,0.23863636363636356,21.0,0.9034090909090907,9.0,0.10227272727272721,0,1,30
Compress,29,30%,DPT,0.23863636363636356,21.0,0.9034090909090907,9.0,0.10227272727272721,0,1,30
Compress,29,30%,STARTS,0.23863636363636356,21.0,0.2840909090909091,NA,NA,20,0,10
Compress,29,30%,STARTS+FAST-S,0.23863636363636356,21.0,0.9382575757575757,5.933333333333334,0.0674242424242424,0,1,30
Compress,29,30%,STARTS+FAST-P,0.23863636363636356,21.0,0.9431818181818183,5.5,0.0625,0,1,30
Compress,29,30%,STARTS+DPT,0.23863636363636356,21.0,0.9034090909090907,9.0,0.10227272727272721,0,1,30
Compress,29,30%,Fastazi-S,0.23863636363636356,21.0,0.8712121212121215,11.833333333333334,0.13446969696969696,0,1,30
Compress,29,30%,Fastazi-P,0.23863636363636356,21.0,0.8628787878787884,12.566666666666666,0.14280303030303035,0,1,30
Compress,29,30%,Random,0.23863636363636356,21.0,0.28863636363636364,NA,NA,20,0,10
Compress,29,40%,Ekstazi,0.3181818181818183,28.0,0.24109848484848487,NA,NA,21,0,9
Compress,29,40%,FAST,0.3181818181818183,28.0,0.8049242424242423,17.666666666666668,0.20075757575757572,0,1,30
Compress,29,40%,Ekstazi+dpt,0.3181818181818183,28.0,0.9034090909090907,9.0,0.10227272727272721,0,1,30
Compress,29,40%,DPT,0.3181818181818183,28.0,0.9034090909090907,9.0,0.10227272727272721,0,1,30
Compress,29,40%,STARTS,0.3181818181818183,28.0,0.3325757575757576,NA,NA,18,0,12
Compress,29,40%,STARTS+FAST-S,0.3181818181818183,28.0,0.9382575757575757,5.933333333333334,0.0674242424242424,0,1,30
Compress,29,40%,STARTS+FAST-P,0.3181818181818183,28.0,0.9431818181818183,5.5,0.0625,0,1,30
Compress,29,40%,STARTS+DPT,0.3181818181818183,28.0,0.9034090909090907,9.0,0.10227272727272721,0,1,30
Compress,29,40%,Fastazi-S,0.3181818181818183,28.0,0.8712121212121215,11.833333333333334,0.13446969696969696,0,1,30
Compress,29,40%,Fastazi-P,0.3181818181818183,28.0,0.8628787878787884,12.566666666666666,0.14280303030303035,0,1,30
Compress,29,40%,Random,0.3181818181818183,28.0,0.3611742424242425,NA,NA,17,0,13
Compress,29,50%,Ekstazi,0.3977272727272728,35.0,0.2850378787878788,NA,NA,19,0,11
Compress,29,50%,FAST,0.3977272727272728,35.0,0.8049242424242423,17.666666666666668,0.20075757575757572,0,1,30
Compress,29,50%,Ekstazi+dpt,0.3977272727272728,35.0,0.9034090909090907,9.0,0.10227272727272721,0,1,30
Compress,29,50%,DPT,0.3977272727272728,35.0,0.9034090909090907,9.0,0.10227272727272721,0,1,30
Compress,29,50%,STARTS,0.3977272727272728,35.0,0.41780303030303034,NA,NA,14,0,16
Compress,29,50%,STARTS+FAST-S,0.3977272727272728,35.0,0.9382575757575757,5.933333333333334,0.0674242424242424,0,1,30
Compress,29,50%,STARTS+FAST-P,0.3977272727272728,35.0,0.9431818181818183,5.5,0.0625,0,1,30
Compress,29,50%,STARTS+DPT,0.3977272727272728,35.0,0.9034090909090907,9.0,0.10227272727272721,0,1,30
Compress,29,50%,Fastazi-S,0.3977272727272728,35.0,0.8712121212121215,11.833333333333334,0.13446969696969696,0,1,30
Compress,29,50%,Fastazi-P,0.3977272727272728,35.0,0.8628787878787884,12.566666666666666,0.14280303030303035,0,1,30
Compress,29,50%,Random,0.3977272727272728,35.0,0.3825757575757577,NA,NA,16,0,14
Compress,29,60%,Ekstazi,0.4772727272727271,42.0,0.35852272727272727,NA,NA,15,0,15
Compress,29,60%,FAST,0.4772727272727271,42.0,0.8049242424242423,17.666666666666668,0.20075757575757572,0,1,30
Compress,29,60%,Ekstazi+dpt,0.4772727272727271,42.0,0.9034090909090907,9.0,0.10227272727272721,0,1,30
Compress,29,60%,DPT,0.4772727272727271,42.0,0.9034090909090907,9.0,0.10227272727272721,0,1,30
Compress,29,60%,STARTS,0.4772727272727271,42.0,0.4549242424242424,NA,NA,12,0,18
Compress,29,60%,STARTS+FAST-S,0.4772727272727271,42.0,0.9382575757575757,5.933333333333334,0.0674242424242424,0,1,30
Compress,29,60%,STARTS+FAST-P,0.4772727272727271,42.0,0.9431818181818183,5.5,0.0625,0,1,30
Compress,29,60%,STARTS+DPT,0.4772727272727271,42.0,0.9034090909090907,9.0,0.10227272727272721,0,1,30
Compress,29,60%,Fastazi-S,0.4772727272727271,42.0,0.8712121212121215,11.833333333333334,0.13446969696969696,0,1,30
Compress,29,60%,Fastazi-P,0.4772727272727271,42.0,0.8628787878787884,12.566666666666666,0.14280303030303035,0,1,30
Compress,29,60%,Random,0.4772727272727271,42.0,0.418939393939394,NA,NA,14,0,16
Compress,29,70%,Ekstazi,0.5568181818181818,49.0,0.4240530303030303,NA,NA,11,0,19
Compress,29,70%,FAST,0.5568181818181818,49.0,0.8049242424242423,17.666666666666668,0.20075757575757572,0,1,30
Compress,29,70%,Ekstazi+dpt,0.5568181818181818,49.0,0.9034090909090907,9.0,0.10227272727272721,0,1,30
Compress,29,70%,DPT,0.5568181818181818,49.0,0.9034090909090907,9.0,0.10227272727272721,0,1,30
Compress,29,70%,STARTS,0.5568181818181818,49.0,0.4848484848484848,NA,NA,10,0,20
Compress,29,70%,STARTS+FAST-S,0.5568181818181818,49.0,0.9382575757575757,5.933333333333334,0.0674242424242424,0,1,30
Compress,29,70%,STARTS+FAST-P,0.5568181818181818,49.0,0.9431818181818183,5.5,0.0625,0,1,30
Compress,29,70%,STARTS+DPT,0.5568181818181818,49.0,0.9034090909090907,9.0,0.10227272727272721,0,1,30
Compress,29,70%,Fastazi-S,0.5568181818181818,49.0,0.8712121212121215,11.833333333333334,0.13446969696969696,0,1,30
Compress,29,70%,Fastazi-P,0.5568181818181818,49.0,0.8628787878787884,12.566666666666666,0.14280303030303035,0,1,30
Compress,29,70%,Random,0.5568181818181818,49.0,0.46609848484848493,NA,NA,11,0,19
Compress,29,75%,Ekstazi,0.602272727272727,53.0,0.45284090909090907,NA,NA,9,0,21
Compress,29,75%,FAST,0.602272727272727,53.0,0.8049242424242423,17.666666666666668,0.20075757575757572,0,1,30
Compress,29,75%,Ekstazi+dpt,0.602272727272727,53.0,0.9034090909090907,9.0,0.10227272727272721,0,1,30
Compress,29,75%,DPT,0.602272727272727,53.0,0.9034090909090907,9.0,0.10227272727272721,0,1,30
Compress,29,75%,STARTS,0.602272727272727,53.0,0.5132575757575757,NA,NA,8,0,22
Compress,29,75%,STARTS+FAST-S,0.602272727272727,53.0,0.9382575757575757,5.933333333333334,0.0674242424242424,0,1,30
Compress,29,75%,STARTS+FAST-P,0.602272727272727,53.0,0.9431818181818183,5.5,0.0625,0,1,30
Compress,29,75%,STARTS+DPT,0.602272727272727,53.0,0.9034090909090907,9.0,0.10227272727272721,0,1,30
Compress,29,75%,Fastazi-S,0.602272727272727,53.0,0.8712121212121215,11.833333333333334,0.13446969696969696,0,1,30
Compress,29,75%,Fastazi-P,0.602272727272727,53.0,0.8628787878787884,12.566666666666666,0.14280303030303035,0,1,30
Compress,29,75%,Random,0.602272727272727,53.0,0.47992424242424253,NA,NA,10,0,20
Compress,29,80%,Ekstazi,0.6363636363636366,56.0,0.45284090909090907,NA,NA,9,0,21
Compress,29,80%,FAST,0.6363636363636366,56.0,0.8049242424242423,17.666666666666668,0.20075757575757572,0,1,30
Compress,29,80%,Ekstazi+dpt,0.6363636363636366,56.0,0.9034090909090907,9.0,0.10227272727272721,0,1,30
Compress,29,80%,DPT,0.6363636363636366,56.0,0.9034090909090907,9.0,0.10227272727272721,0,1,30
Compress,29,80%,STARTS,0.6363636363636366,56.0,0.5132575757575757,NA,NA,8,0,22
Compress,29,80%,STARTS+FAST-S,0.6363636363636366,56.0,0.9382575757575757,5.933333333333334,0.0674242424242424,0,1,30
Compress,29,80%,STARTS+FAST-P,0.6363636363636366,56.0,0.9431818181818183,5.5,0.0625,0,1,30
Compress,29,80%,STARTS+DPT,0.6363636363636366,56.0,0.9034090909090907,9.0,0.10227272727272721,0,1,30
Compress,29,80%,Fastazi-S,0.6363636363636366,56.0,0.8712121212121215,11.833333333333334,0.13446969696969696,0,1,30
Compress,29,80%,Fastazi-P,0.6363636363636366,56.0,0.8628787878787884,12.566666666666666,0.14280303030303035,0,1,30
Compress,29,80%,Random,0.6363636363636366,56.0,0.49223484848484855,NA,NA,9,0,21
Compress,29,90%,Ekstazi,0.715909090909091,63.0,0.4956439393939393,NA,NA,5,0,25
Compress,29,90%,FAST,0.715909090909091,63.0,0.8049242424242423,17.666666666666668,0.20075757575757572,0,1,30
Compress,29,90%,Ekstazi+dpt,0.715909090909091,63.0,0.9034090909090907,9.0,0.10227272727272721,0,1,30
Compress,29,90%,DPT,0.715909090909091,63.0,0.9034090909090907,9.0,0.10227272727272721,0,1,30
Compress,29,90%,STARTS,0.715909090909091,63.0,0.5452651515151514,NA,NA,5,0,25
Compress,29,90%,STARTS+FAST-S,0.715909090909091,63.0,0.9382575757575757,5.933333333333334,0.0674242424242424,0,1,30
Compress,29,90%,STARTS+FAST-P,0.715909090909091,63.0,0.9431818181818183,5.5,0.0625,0,1,30
Compress,29,90%,STARTS+DPT,0.715909090909091,63.0,0.9034090909090907,9.0,0.10227272727272721,0,1,30
Compress,29,90%,Fastazi-S,0.715909090909091,63.0,0.8712121212121215,11.833333333333334,0.13446969696969696,0,1,30
Compress,29,90%,Fastazi-P,0.715909090909091,63.0,0.8628787878787884,12.566666666666666,0.14280303030303035,0,1,30
Compress,29,90%,Random,0.715909090909091,63.0,0.5346590909090909,NA,NA,5,0,25
Compress,29,100%,Ekstazi,0.8068181818181823,71.0,0.5378787878787878,41.166666666666664,0.4678030303030303,0,1,30
Compress,29,100%,FAST,0.8068181818181823,71.0,0.8049242424242423,17.666666666666668,0.20075757575757572,0,1,30
Compress,29,100%,Ekstazi+dpt,0.8068181818181823,71.0,0.9034090909090907,9.0,0.10227272727272721,0,1,30
Compress,29,100%,DPT,0.8068181818181823,71.0,0.9034090909090907,9.0,0.10227272727272721,0,1,30
Compress,29,100%,STARTS,0.8068181818181823,71.0,0.5818181818181818,37.3,0.4238636363636364,0,1,30
Compress,29,100%,STARTS+FAST-S,0.8068181818181823,71.0,0.9382575757575757,5.933333333333334,0.0674242424242424,0,1,30
Compress,29,100%,STARTS+FAST-P,0.8068181818181823,71.0,0.9431818181818183,5.5,0.0625,0,1,30
Compress,29,100%,STARTS+DPT,0.8068181818181823,71.0,0.9034090909090907,9.0,0.10227272727272721,0,1,30
Compress,29,100%,Fastazi-S,0.8068181818181823,71.0,0.8712121212121215,11.833333333333334,0.13446969696969696,0,1,30
Compress,29,100%,Fastazi-P,0.8068181818181823,71.0,0.8628787878787884,12.566666666666666,0.14280303030303035,0,1,30
Compress,29,100%,Random,0.8068181818181823,71.0,0.5520833333333334,NA,NA,3,0,27
Compress,30,10%,Ekstazi,0.07865168539325841,7.0,0.18988764044943818,NA,NA,24,0,6
Compress,30,10%,FAST,0.07865168539325841,7.0,0.0,NA,NA,30,0,0
Compress,30,10%,Ekstazi+dpt,0.07865168539325841,7.0,0.0,NA,NA,30,0,0
Compress,30,10%,DPT,0.07865168539325841,7.0,0.0,NA,NA,30,0,0
Compress,30,10%,STARTS,0.07865168539325841,7.0,0.1943820224719101,NA,NA,24,0,6
Compress,30,10%,STARTS+FAST-S,0.07865168539325841,7.0,0.03314606741573033,NA,NA,29,0,1
Compress,30,10%,STARTS+FAST-P,0.07865168539325841,7.0,0.0,NA,NA,30,0,0
Compress,30,10%,STARTS+DPT,0.07865168539325841,7.0,0.0,NA,NA,30,0,0
Compress,30,10%,Fastazi-S,0.07865168539325841,7.0,0.03314606741573033,NA,NA,29,0,1
Compress,30,10%,Fastazi-P,0.07865168539325841,7.0,0.0,NA,NA,30,0,0
Compress,30,10%,Random,0.07865168539325841,7.0,0.0956928838951311,NA,NA,27,0,3
Compress,30,20%,Ekstazi,0.15730337078651682,14.0,0.24831460674157307,NA,NA,22,0,8
Compress,30,20%,FAST,0.15730337078651682,14.0,0.0,NA,NA,30,0,0
Compress,30,20%,Ekstazi+dpt,0.15730337078651682,14.0,0.0,NA,NA,30,0,0
Compress,30,20%,DPT,0.15730337078651682,14.0,0.0,NA,NA,30,0,0
Compress,30,20%,STARTS,0.15730337078651682,14.0,0.253183520599251,NA,NA,22,0,8
Compress,30,20%,STARTS+FAST-S,0.15730337078651682,14.0,0.06142322097378277,NA,NA,28,0,2
Compress,30,20%,STARTS+FAST-P,0.15730337078651682,14.0,0.028651685393258425,NA,NA,29,0,1
Compress,30,20%,STARTS+DPT,0.15730337078651682,14.0,0.0,NA,NA,30,0,0
Compress,30,20%,Fastazi-S,0.15730337078651682,14.0,0.06142322097378277,NA,NA,28,0,2
Compress,30,20%,Fastazi-P,0.15730337078651682,14.0,0.0,NA,NA,30,0,0
Compress,30,20%,Random,0.15730337078651682,14.0,0.0956928838951311,NA,NA,27,0,3
Compress,30,25%,Ekstazi,0.20224719101123598,18.0,0.27509363295880157,NA,NA,21,0,9
Compress,30,25%,FAST,0.20224719101123598,18.0,0.0,NA,NA,30,0,0
Compress,30,25%,Ekstazi+dpt,0.20224719101123598,18.0,0.0,NA,NA,30,0,0
Compress,30,25%,DPT,0.20224719101123598,18.0,0.0,NA,NA,30,0,0
Compress,30,25%,STARTS,0.20224719101123598,18.0,0.2810861423220974,NA,NA,21,0,9
Compress,30,25%,STARTS+FAST-S,0.20224719101123598,18.0,0.06142322097378277,NA,NA,28,0,2
Compress,30,25%,STARTS+FAST-P,0.20224719101123598,18.0,0.028651685393258425,NA,NA,29,0,1
Compress,30,25%,STARTS+DPT,0.20224719101123598,18.0,0.0,NA,NA,30,0,0
Compress,30,25%,Fastazi-S,0.20224719101123598,18.0,0.8269662921348312,15.9,0.1786516853932584,0,1,30
Compress,30,25%,Fastazi-P,0.20224719101123598,18.0,0.08258426966292134,NA,NA,27,0,3
Compress,30,25%,Random,0.20224719101123598,18.0,0.17790262172284646,NA,NA,24,0,6
Compress,30,30%,Ekstazi,0.23595505617977522,21.0,0.300749063670412,NA,NA,20,0,10
Compress,30,30%,FAST,0.23595505617977522,21.0,0.07696629213483147,NA,NA,27,0,3
Compress,30,30%,Ekstazi+dpt,0.23595505617977522,21.0,0.0,NA,NA,30,0,0
Compress,30,30%,DPT,0.23595505617977522,21.0,0.0,NA,NA,30,0,0
Compress,30,30%,STARTS,0.23595505617977522,21.0,0.33389513108614227,NA,NA,19,0,11
Compress,30,30%,STARTS+FAST-S,0.23595505617977522,21.0,0.06142322097378277,NA,NA,28,0,2
Compress,30,30%,STARTS+FAST-P,0.23595505617977522,21.0,0.028651685393258425,NA,NA,29,0,1
Compress,30,30%,STARTS+DPT,0.23595505617977522,21.0,0.0,NA,NA,30,0,0
Compress,30,30%,Fastazi-S,0.23595505617977522,21.0,0.8269662921348312,15.9,0.1786516853932584,0,1,30
Compress,30,30%,Fastazi-P,0.23595505617977522,21.0,0.41610486891385773,NA,NA,14,0,16
Compress,30,30%,Random,0.23595505617977522,21.0,0.20355805243445693,NA,NA,23,0,7
Compress,30,40%,Ekstazi,0.32584269662921345,29.0,0.39850187265917597,NA,NA,16,0,14
Compress,30,40%,FAST,0.32584269662921345,29.0,0.7239700374531836,25.066666666666666,0.2816479400749064,0,1,30
Compress,30,40%,Ekstazi+dpt,0.32584269662921345,29.0,0.0,NA,NA,30,0,0
Compress,30,40%,DPT,0.32584269662921345,29.0,0.0,NA,NA,30,0,0
Compress,30,40%,STARTS,0.32584269662921345,29.0,0.3810861423220973,NA,NA,17,0,13
Compress,30,40%,STARTS+FAST-S,0.32584269662921345,29.0,0.7419475655430715,23.466666666666665,0.26367041198501867,0,1,30
Compress,30,40%,STARTS+FAST-P,0.32584269662921345,29.0,0.7228464419475654,25.166666666666668,0.28277153558052437,0,1,30
Compress,30,40%,STARTS+DPT,0.32584269662921345,29.0,0.0,NA,NA,30,0,0
Compress,30,40%,Fastazi-S,0.32584269662921345,29.0,0.8269662921348312,15.9,0.1786516853932584,0,1,30
Compress,30,40%,Fastazi-P,0.32584269662921345,29.0,0.7700374531835202,20.966666666666665,0.2355805243445693,0,1,30
Compress,30,40%,Random,0.32584269662921345,29.0,0.25187265917602997,NA,NA,21,0,9
Compress,30,50%,Ekstazi,0.40449438202247195,36.0,0.4430711610486891,NA,NA,14,0,16
Compress,30,50%,FAST,0.40449438202247195,36.0,0.7239700374531836,25.066666666666666,0.2816479400749064,0,1,30
Compress,30,50%,Ekstazi+dpt,0.40449438202247195,36.0,0.0,NA,NA,30,0,0
Compress,30,50%,DPT,0.40449438202247195,36.0,0.0,NA,NA,30,0,0
Compress,30,50%,STARTS,0.40449438202247195,36.0,0.48726591760299615,NA,NA,12,0,18
Compress,30,50%,STARTS+FAST-S,0.40449438202247195,36.0,0.7419475655430715,23.466666666666665,0.26367041198501867,0,1,30
Compress,30,50%,STARTS+FAST-P,0.40449438202247195,36.0,0.7228464419475654,25.166666666666668,0.28277153558052437,0,1,30
Compress,30,50%,STARTS+DPT,0.40449438202247195,36.0,0.0,NA,NA,30,0,0
Compress,30,50%,Fastazi-S,0.40449438202247195,36.0,0.8269662921348312,15.9,0.1786516853932584,0,1,30
Compress,30,50%,Fastazi-P,0.40449438202247195,36.0,0.7700374531835202,20.966666666666665,0.2355805243445693,0,1,30
Compress,30,50%,Random,0.40449438202247195,36.0,0.27191011235955054,NA,NA,20,0,10
Compress,30,60%,Ekstazi,0.48314606741573,43.0,0.4616104868913858,NA,NA,13,0,17
Compress,30,60%,FAST,0.48314606741573,43.0,0.7239700374531836,25.066666666666666,0.2816479400749064,0,1,30
Compress,30,60%,Ekstazi+dpt,0.48314606741573,43.0,0.0,NA,NA,30,0,0
Compress,30,60%,DPT,0.48314606741573,43.0,0.0,NA,NA,30,0,0
Compress,30,60%,STARTS,0.48314606741573,43.0,0.5621722846441947,NA,NA,8,0,22
Compress,30,60%,STARTS+FAST-S,0.48314606741573,43.0,0.7419475655430715,23.466666666666665,0.26367041198501867,0,1,30
Compress,30,60%,STARTS+FAST-P,0.48314606741573,43.0,0.7228464419475654,25.166666666666668,0.28277153558052437,0,1,30
Compress,30,60%,STARTS+DPT,0.48314606741573,43.0,0.0,NA,NA,30,0,0
Compress,30,60%,Fastazi-S,0.48314606741573,43.0,0.8269662921348312,15.9,0.1786516853932584,0,1,30
Compress,30,60%,Fastazi-P,0.48314606741573,43.0,0.7700374531835202,20.966666666666665,0.2355805243445693,0,1,30
Compress,30,60%,Random,0.48314606741573,43.0,0.31086142322097376,NA,NA,18,0,12
Compress,30,70%,Ekstazi,0.5730337078651683,51.0,0.49419475655430706,NA,NA,11,0,19
Compress,30,70%,FAST,0.5730337078651683,51.0,0.7239700374531836,25.066666666666666,0.2816479400749064,0,1,30
Compress,30,70%,Ekstazi+dpt,0.5730337078651683,51.0,0.4505617977528091,49.4,0.5550561797752809,0,1,30
Compress,30,70%,DPT,0.5730337078651683,51.0,0.297378277153558,NA,NA,10,0,20
Compress,30,70%,STARTS,0.5730337078651683,51.0,0.5769662921348313,NA,NA,7,0,23
Compress,30,70%,STARTS+FAST-S,0.5730337078651683,51.0,0.7419475655430715,23.466666666666665,0.26367041198501867,0,1,30
Compress,30,70%,STARTS+FAST-P,0.5730337078651683,51.0,0.7228464419475654,25.166666666666668,0.28277153558052437,0,1,30
Compress,30,70%,STARTS+DPT,0.5730337078651683,51.0,0.453558052434457,49.13333333333333,0.5520599250936331,0,1,30
Compress,30,70%,Fastazi-S,0.5730337078651683,51.0,0.8269662921348312,15.9,0.1786516853932584,0,1,30
Compress,30,70%,Fastazi-P,0.5730337078651683,51.0,0.7700374531835202,20.966666666666665,0.2355805243445693,0,1,30
Compress,30,70%,Random,0.5730337078651683,51.0,0.3441947565543071,NA,NA,16,0,14
Compress,30,75%,Ekstazi,0.6067415730337077,54.0,0.5215355805243446,NA,NA,9,0,21
Compress,30,75%,FAST,0.6067415730337077,54.0,0.7239700374531836,25.066666666666666,0.2816479400749064,0,1,30
Compress,30,75%,Ekstazi+dpt,0.6067415730337077,54.0,0.4505617977528091,49.4,0.5550561797752809,0,1,30
Compress,30,75%,DPT,0.6067415730337077,54.0,0.43782771535580534,50.53333333333333,0.5677902621722848,0,1,30
Compress,30,75%,STARTS,0.6067415730337077,54.0,0.5769662921348313,NA,NA,7,0,23
Compress,30,75%,STARTS+FAST-S,0.6067415730337077,54.0,0.7419475655430715,23.466666666666665,0.26367041198501867,0,1,30
Compress,30,75%,STARTS+FAST-P,0.6067415730337077,54.0,0.7228464419475654,25.166666666666668,0.28277153558052437,0,1,30
Compress,30,75%,STARTS+DPT,0.6067415730337077,54.0,0.453558052434457,49.13333333333333,0.5520599250936331,0,1,30
Compress,30,75%,Fastazi-S,0.6067415730337077,54.0,0.8269662921348312,15.9,0.1786516853932584,0,1,30
Compress,30,75%,Fastazi-P,0.6067415730337077,54.0,0.7700374531835202,20.966666666666665,0.2355805243445693,0,1,30
Compress,30,75%,Random,0.6067415730337077,54.0,0.3711610486891386,NA,NA,14,0,16
Compress,30,80%,Ekstazi,0.6516853932584269,58.0,0.545880149812734,NA,NA,7,0,23
Compress,30,80%,FAST,0.6516853932584269,58.0,0.7239700374531836,25.066666666666666,0.2816479400749064,0,1,30
Compress,30,80%,Ekstazi+dpt,0.6516853932584269,58.0,0.4505617977528091,49.4,0.5550561797752809,0,1,30
Compress,30,80%,DPT,0.6516853932584269,58.0,0.43782771535580534,50.53333333333333,0.5677902621722848,0,1,30
Compress,30,80%,STARTS,0.6516853932584269,58.0,0.5898876404494381,NA,NA,6,0,24
Compress,30,80%,STARTS+FAST-S,0.6516853932584269,58.0,0.7419475655430715,23.466666666666665,0.26367041198501867,0,1,30
Compress,30,80%,STARTS+FAST-P,0.6516853932584269,58.0,0.7228464419475654,25.166666666666668,0.28277153558052437,0,1,30
Compress,30,80%,STARTS+DPT,0.6516853932584269,58.0,0.453558052434457,49.13333333333333,0.5520599250936331,0,1,30
Compress,30,80%,Fastazi-S,0.6516853932584269,58.0,0.8269662921348312,15.9,0.1786516853932584,0,1,30
Compress,30,80%,Fastazi-P,0.6516853932584269,58.0,0.7700374531835202,20.966666666666665,0.2355805243445693,0,1,30
Compress,30,80%,Random,0.6516853932584269,58.0,0.39588014981273406,NA,NA,12,0,18
Compress,30,90%,Ekstazi,0.7303370786516855,65.0,0.5951310861423221,NA,NA,2,0,28
Compress,30,90%,FAST,0.7303370786516855,65.0,0.7239700374531836,25.066666666666666,0.2816479400749064,0,1,30
Compress,30,90%,Ekstazi+dpt,0.7303370786516855,65.0,0.4505617977528091,49.4,0.5550561797752809,0,1,30
Compress,30,90%,DPT,0.7303370786516855,65.0,0.43782771535580534,50.53333333333333,0.5677902621722848,0,1,30
Compress,30,90%,STARTS,0.7303370786516855,65.0,0.6097378277153559,NA,NA,4,0,26
Compress,30,90%,STARTS+FAST-S,0.7303370786516855,65.0,0.7419475655430715,23.466666666666665,0.26367041198501867,0,1,30
Compress,30,90%,STARTS+FAST-P,0.7303370786516855,65.0,0.7228464419475654,25.166666666666668,0.28277153558052437,0,1,30
Compress,30,90%,STARTS+DPT,0.7303370786516855,65.0,0.453558052434457,49.13333333333333,0.5520599250936331,0,1,30
Compress,30,90%,Fastazi-S,0.7303370786516855,65.0,0.8269662921348312,15.9,0.1786516853932584,0,1,30
Compress,30,90%,Fastazi-P,0.7303370786516855,65.0,0.7700374531835202,20.966666666666665,0.2355805243445693,0,1,30
Compress,30,90%,Random,0.7303370786516855,65.0,0.42790262172284643,NA,NA,9,0,21
Compress,30,100%,Ekstazi,0.8202247191011233,73.0,0.6116104868913859,35.06666666666667,0.39400749063670404,0,1,30
Compress,30,100%,FAST,0.8202247191011233,73.0,0.7239700374531836,25.066666666666666,0.2816479400749064,0,1,30
Compress,30,100%,Ekstazi+dpt,0.8202247191011233,73.0,0.4505617977528091,49.4,0.5550561797752809,0,1,30
Compress,30,100%,DPT,0.8202247191011233,73.0,0.43782771535580534,50.53333333333333,0.5677902621722848,0,1,30
Compress,30,100%,STARTS,0.8202247191011233,73.0,0.6382022471910112,32.7,0.3674157303370787,0,1,30
Compress,30,100%,STARTS+FAST-S,0.8202247191011233,73.0,0.7419475655430715,23.466666666666665,0.26367041198501867,0,1,30
Compress,30,100%,STARTS+FAST-P,0.8202247191011233,73.0,0.7228464419475654,25.166666666666668,0.28277153558052437,0,1,30
Compress,30,100%,STARTS+DPT,0.8202247191011233,73.0,0.453558052434457,49.13333333333333,0.5520599250936331,0,1,30
Compress,30,100%,Fastazi-S,0.8202247191011233,73.0,0.8269662921348312,15.9,0.1786516853932584,0,1,30
Compress,30,100%,Fastazi-P,0.8202247191011233,73.0,0.7700374531835202,20.966666666666665,0.2355805243445693,0,1,30
Compress,30,100%,Random,0.8202247191011233,73.0,0.4432584269662921,NA,NA,7,0,23
Compress,31,10%,Ekstazi,0.01123595505617978,1.0,0.06629213483146067,NA,NA,28,0,2
Compress,31,10%,FAST,0.01123595505617978,1.0,0.03314606741573033,NA,NA,29,0,1
Compress,31,10%,Ekstazi+dpt,0.01123595505617978,1.0,0.0,NA,NA,30,0,0
Compress,31,10%,DPT,0.01123595505617978,1.0,0.0,NA,NA,30,0,0
Compress,31,10%,STARTS,0.01123595505617978,1.0,0.03314606741573033,NA,NA,29,0,1
Compress,31,10%,STARTS+FAST-S,0.01123595505617978,1.0,0.0,NA,NA,30,0,0
Compress,31,10%,STARTS+FAST-P,0.01123595505617978,1.0,0.0,NA,NA,30,0,0
Compress,31,10%,STARTS+DPT,0.01123595505617978,1.0,0.0,NA,NA,30,0,0
Compress,31,10%,Fastazi-S,0.01123595505617978,1.0,0.23202247191011238,NA,NA,23,0,7
Compress,31,10%,Fastazi-P,0.01123595505617978,1.0,0.03314606741573033,NA,NA,29,0,1
Compress,31,10%,Random,0.01123595505617978,1.0,0.03314606741573033,NA,NA,29,0,1
Compress,31,20%,Ekstazi,0.02247191011235956,2.0,0.1646067415730337,NA,NA,25,0,5
Compress,31,20%,FAST,0.02247191011235956,2.0,0.03314606741573033,NA,NA,29,0,1
Compress,31,20%,Ekstazi+dpt,0.02247191011235956,2.0,0.0,NA,NA,30,0,0
Compress,31,20%,DPT,0.02247191011235956,2.0,0.0,NA,NA,30,0,0
Compress,31,20%,STARTS,0.02247191011235956,2.0,0.09868913857677902,NA,NA,27,0,3
Compress,31,20%,STARTS+FAST-S,0.02247191011235956,2.0,0.0,NA,NA,30,0,0
Compress,31,20%,STARTS+FAST-P,0.02247191011235956,2.0,0.0,NA,NA,30,0,0
Compress,31,20%,STARTS+DPT,0.02247191011235956,2.0,0.0,NA,NA,30,0,0
Compress,31,20%,Fastazi-S,0.02247191011235956,2.0,0.23202247191011238,NA,NA,23,0,7
Compress,31,20%,Fastazi-P,0.02247191011235956,2.0,0.03314606741573033,NA,NA,29,0,1
Compress,31,20%,Random,0.02247191011235956,2.0,0.06591760299625468,NA,NA,28,0,2
Compress,31,25%,Ekstazi,0.033707865168539304,3.0,0.35898876404494384,NA,NA,19,0,11
Compress,31,25%,FAST,0.033707865168539304,3.0,0.03314606741573033,NA,NA,29,0,1
Compress,31,25%,Ekstazi+dpt,0.033707865168539304,3.0,0.0,NA,NA,30,0,0
Compress,31,25%,DPT,0.033707865168539304,3.0,0.0,NA,NA,30,0,0
Compress,31,25%,STARTS,0.033707865168539304,3.0,0.16348314606741574,NA,NA,25,0,5
Compress,31,25%,STARTS+FAST-S,0.033707865168539304,3.0,0.0,NA,NA,30,0,0
Compress,31,25%,STARTS+FAST-P,0.033707865168539304,3.0,0.0,NA,NA,30,0,0
Compress,31,25%,STARTS+DPT,0.033707865168539304,3.0,0.0,NA,NA,30,0,0
Compress,31,25%,Fastazi-S,0.033707865168539304,3.0,0.23202247191011238,NA,NA,23,0,7
Compress,31,25%,Fastazi-P,0.033707865168539304,3.0,0.03314606741573033,NA,NA,29,0,1
Compress,31,25%,Random,0.033707865168539304,3.0,0.06591760299625468,NA,NA,28,0,2
Compress,31,30%,Ekstazi,0.04494382022471912,4.0,0.42303370786516853,NA,NA,17,0,13
Compress,31,30%,FAST,0.04494382022471912,4.0,0.03314606741573033,NA,NA,29,0,1
Compress,31,30%,Ekstazi+dpt,0.04494382022471912,4.0,0.0,NA,NA,30,0,0
Compress,31,30%,DPT,0.04494382022471912,4.0,0.0,NA,NA,30,0,0
Compress,31,30%,STARTS,0.04494382022471912,4.0,0.16348314606741574,NA,NA,25,0,5
Compress,31,30%,STARTS+FAST-S,0.04494382022471912,4.0,0.0,NA,NA,30,0,0
Compress,31,30%,STARTS+FAST-P,0.04494382022471912,4.0,0.0,NA,NA,30,0,0
Compress,31,30%,STARTS+DPT,0.04494382022471912,4.0,0.0,NA,NA,30,0,0
Compress,31,30%,Fastazi-S,0.04494382022471912,4.0,0.3280898876404495,NA,NA,20,0,10
Compress,31,30%,Fastazi-P,0.04494382022471912,4.0,0.03314606741573033,NA,NA,29,0,1
Compress,31,30%,Random,0.04494382022471912,4.0,0.09794007490636704,NA,NA,27,0,3
Compress,31,40%,Ekstazi,0.056179775280898854,5.0,0.42303370786516853,NA,NA,17,0,13
Compress,31,40%,FAST,0.056179775280898854,5.0,0.03314606741573033,NA,NA,29,0,1
Compress,31,40%,Ekstazi+dpt,0.056179775280898854,5.0,0.0,NA,NA,30,0,0
Compress,31,40%,DPT,0.056179775280898854,5.0,0.0,NA,NA,30,0,0
Compress,31,40%,STARTS,0.056179775280898854,5.0,0.1951310861423221,NA,NA,24,0,6
Compress,31,40%,STARTS+FAST-S,0.056179775280898854,5.0,0.0,NA,NA,30,0,0
Compress,31,40%,STARTS+FAST-P,0.056179775280898854,5.0,0.0,NA,NA,30,0,0
Compress,31,40%,STARTS+DPT,0.056179775280898854,5.0,0.0,NA,NA,30,0,0
Compress,31,40%,Fastazi-S,0.056179775280898854,5.0,0.3280898876404495,NA,NA,20,0,10
Compress,31,40%,Fastazi-P,0.056179775280898854,5.0,0.12808988764044943,NA,NA,26,0,4
Compress,31,40%,Random,0.056179775280898854,5.0,0.1612359550561798,NA,NA,25,0,5
Compress,31,50%,Ekstazi,0.07865168539325841,7.0,0.6095505617977527,NA,NA,11,0,19
Compress,31,50%,FAST,0.07865168539325841,7.0,0.03314606741573033,NA,NA,29,0,1
Compress,31,50%,Ekstazi+dpt,0.07865168539325841,7.0,0.0,NA,NA,30,0,0
Compress,31,50%,DPT,0.07865168539325841,7.0,0.0,NA,NA,30,0,0
Compress,31,50%,STARTS,0.07865168539325841,7.0,0.25692883895131086,NA,NA,22,0,8
Compress,31,50%,STARTS+FAST-S,0.07865168539325841,7.0,0.0,NA,NA,30,0,0
Compress,31,50%,STARTS+FAST-P,0.07865168539325841,7.0,0.0,NA,NA,30,0,0
Compress,31,50%,STARTS+DPT,0.07865168539325841,7.0,0.0,NA,NA,30,0,0
Compress,31,50%,Fastazi-S,0.07865168539325841,7.0,0.3280898876404495,NA,NA,20,0,10
Compress,31,50%,Fastazi-P,0.07865168539325841,7.0,0.2207865168539326,NA,NA,23,0,7
Compress,31,50%,Random,0.07865168539325841,7.0,0.22378277153558054,NA,NA,23,0,7
Compress,31,60%,Ekstazi,0.08988764044943824,8.0,0.7011235955056179,NA,NA,8,0,22
Compress,31,60%,FAST,0.08988764044943824,8.0,0.03314606741573033,NA,NA,29,0,1
Compress,31,60%,Ekstazi+dpt,0.08988764044943824,8.0,0.0,NA,NA,30,0,0
Compress,31,60%,DPT,0.08988764044943824,8.0,0.0,NA,NA,30,0,0
Compress,31,60%,STARTS,0.08988764044943824,8.0,0.25692883895131086,NA,NA,22,0,8
Compress,31,60%,STARTS+FAST-S,0.08988764044943824,8.0,0.0,NA,NA,30,0,0
Compress,31,60%,STARTS+FAST-P,0.08988764044943824,8.0,0.0,NA,NA,30,0,0
Compress,31,60%,STARTS+DPT,0.08988764044943824,8.0,0.0,NA,NA,30,0,0
Compress,31,60%,Fastazi-S,0.08988764044943824,8.0,0.3280898876404495,NA,NA,20,0,10
Compress,31,60%,Fastazi-P,0.08988764044943824,8.0,0.8923220973782775,NA,NA,1,0,29
Compress,31,60%,Random,0.08988764044943824,8.0,0.22378277153558054,NA,NA,23,0,7
Compress,31,70%,Ekstazi,0.10112359550561799,9.0,0.85187265917603,NA,NA,3,0,27
Compress,31,70%,FAST,0.10112359550561799,9.0,0.03314606741573033,NA,NA,29,0,1
Compress,31,70%,Ekstazi+dpt,0.10112359550561799,9.0,0.0,NA,NA,30,0,0
Compress,31,70%,DPT,0.10112359550561799,9.0,0.0,NA,NA,30,0,0
Compress,31,70%,STARTS,0.10112359550561799,9.0,0.28707865168539326,NA,NA,21,0,9
Compress,31,70%,STARTS+FAST-S,0.10112359550561799,9.0,0.0,NA,NA,30,0,0
Compress,31,70%,STARTS+FAST-P,0.10112359550561799,9.0,0.0,NA,NA,30,0,0
Compress,31,70%,STARTS+DPT,0.10112359550561799,9.0,0.0,NA,NA,30,0,0
Compress,31,70%,Fastazi-S,0.10112359550561799,9.0,0.9310861423220967,6.633333333333334,0.07453183520599252,0,1,30
Compress,31,70%,Fastazi-P,0.10112359550561799,9.0,0.9224719101123598,7.4,0.08314606741573034,0,1,30
Compress,31,70%,Random,0.10112359550561799,9.0,0.22378277153558054,NA,NA,23,0,7
Compress,31,75%,Ekstazi,0.11235955056179771,10.0,0.85187265917603,NA,NA,3,0,27
Compress,31,75%,FAST,0.11235955056179771,10.0,0.03314606741573033,NA,NA,29,0,1
Compress,31,75%,Ekstazi+dpt,0.11235955056179771,10.0,0.8932584269662919,10.0,0.11235955056179771,0,1,30
Compress,31,75%,DPT,0.11235955056179771,10.0,0.0,NA,NA,30,0,0
Compress,31,75%,STARTS,0.11235955056179771,10.0,0.31685393258426964,NA,NA,20,0,10
Compress,31,75%,STARTS+FAST-S,0.11235955056179771,10.0,0.0,NA,NA,30,0,0
Compress,31,75%,STARTS+FAST-P,0.11235955056179771,10.0,0.0,NA,NA,30,0,0
Compress,31,75%,STARTS+DPT,0.11235955056179771,10.0,0.0,NA,NA,30,0,0
Compress,31,75%,Fastazi-S,0.11235955056179771,10.0,0.9310861423220967,6.633333333333334,0.07453183520599252,0,1,30
Compress,31,75%,Fastazi-P,0.11235955056179771,10.0,0.9224719101123598,7.4,0.08314606741573034,0,1,30
Compress,31,75%,Random,0.11235955056179771,10.0,0.25355805243445695,NA,NA,22,0,8
Compress,31,80%,Ekstazi,0.12359550561797758,11.0,0.8812734082397004,NA,NA,2,0,28
Compress,31,80%,FAST,0.12359550561797758,11.0,0.03314606741573033,NA,NA,29,0,1
Compress,31,80%,Ekstazi+dpt,0.12359550561797758,11.0,0.8932584269662919,10.0,0.11235955056179771,0,1,30
Compress,31,80%,DPT,0.12359550561797758,11.0,0.0,NA,NA,30,0,0
Compress,31,80%,STARTS,0.12359550561797758,11.0,0.34625468164794004,NA,NA,19,0,11
Compress,31,80%,STARTS+FAST-S,0.12359550561797758,11.0,0.0,NA,NA,30,0,0
Compress,31,80%,STARTS+FAST-P,0.12359550561797758,11.0,0.0,NA,NA,30,0,0
Compress,31,80%,STARTS+DPT,0.12359550561797758,11.0,0.0,NA,NA,30,0,0
Compress,31,80%,Fastazi-S,0.12359550561797758,11.0,0.9310861423220967,6.633333333333334,0.07453183520599252,0,1,30
Compress,31,80%,Fastazi-P,0.12359550561797758,11.0,0.9224719101123598,7.4,0.08314606741573034,0,1,30
Compress,31,80%,Random,0.12359550561797758,11.0,0.25355805243445695,NA,NA,22,0,8
Compress,31,90%,Ekstazi,0.13483146067415722,12.0,0.9102996254681648,NA,NA,1,0,29
Compress,31,90%,FAST,0.13483146067415722,12.0,0.03314606741573033,NA,NA,29,0,1
Compress,31,90%,Ekstazi+dpt,0.13483146067415722,12.0,0.8932584269662919,10.0,0.11235955056179771,0,1,30
Compress,31,90%,DPT,0.13483146067415722,12.0,0.0,NA,NA,30,0,0
Compress,31,90%,STARTS,0.13483146067415722,12.0,0.3752808988764045,NA,NA,18,0,12
Compress,31,90%,STARTS+FAST-S,0.13483146067415722,12.0,0.0,NA,NA,30,0,0
Compress,31,90%,STARTS+FAST-P,0.13483146067415722,12.0,0.0,NA,NA,30,0,0
Compress,31,90%,STARTS+DPT,0.13483146067415722,12.0,0.0,NA,NA,30,0,0
Compress,31,90%,Fastazi-S,0.13483146067415722,12.0,0.9310861423220967,6.633333333333334,0.07453183520599252,0,1,30
Compress,31,90%,Fastazi-P,0.13483146067415722,12.0,0.9224719101123598,7.4,0.08314606741573034,0,1,30
Compress,31,90%,Random,0.13483146067415722,12.0,0.28258426966292133,NA,NA,21,0,9
Compress,31,100%,Ekstazi,0.15730337078651682,14.0,0.9389513108614232,5.933333333333334,0.06666666666666668,0,1,30
Compress,31,100%,FAST,0.15730337078651682,14.0,0.03314606741573033,NA,NA,29,0,1
Compress,31,100%,Ekstazi+dpt,0.15730337078651682,14.0,0.8932584269662919,10.0,0.11235955056179771,0,1,30
Compress,31,100%,DPT,0.15730337078651682,14.0,0.0,NA,NA,30,0,0
Compress,31,100%,STARTS,0.15730337078651682,14.0,0.4035580524344569,NA,NA,17,0,13
Compress,31,100%,STARTS+FAST-S,0.15730337078651682,14.0,0.0,NA,NA,30,0,0
Compress,31,100%,STARTS+FAST-P,0.15730337078651682,14.0,0.0,NA,NA,30,0,0
Compress,31,100%,STARTS+DPT,0.15730337078651682,14.0,0.0,NA,NA,30,0,0
Compress,31,100%,Fastazi-S,0.15730337078651682,14.0,0.9310861423220967,6.633333333333334,0.07453183520599252,0,1,30
Compress,31,100%,Fastazi-P,0.15730337078651682,14.0,0.9224719101123598,7.4,0.08314606741573034,0,1,30
Compress,31,100%,Random,0.15730337078651682,14.0,0.31086142322097376,NA,NA,20,0,10
Compress,32,10%,Ekstazi,0.04444444444444444,4.0,0.06555555555555555,NA,NA,28,0,2
Compress,32,10%,FAST,0.04444444444444444,4.0,0.0,NA,NA,30,0,0
Compress,32,10%,Ekstazi+dpt,0.04444444444444444,4.0,0.0,NA,NA,30,0,0
Compress,32,10%,DPT,0.04444444444444444,4.0,0.0,NA,NA,30,0,0
Compress,32,10%,STARTS,0.04444444444444444,4.0,0.09870370370370371,NA,NA,27,0,3
Compress,32,10%,STARTS+FAST-S,0.04444444444444444,4.0,0.0,NA,NA,30,0,0
Compress,32,10%,STARTS+FAST-P,0.04444444444444444,4.0,0.03314814814814815,NA,NA,29,0,1
Compress,32,10%,STARTS+DPT,0.04444444444444444,4.0,0.0,NA,NA,30,0,0
Compress,32,10%,Fastazi-S,0.04444444444444444,4.0,0.03314814814814815,NA,NA,29,0,1
Compress,32,10%,Fastazi-P,0.04444444444444444,4.0,0.0,NA,NA,30,0,0
Compress,32,10%,Random,0.04444444444444444,4.0,0.032407407407407406,NA,NA,29,0,1
Compress,32,20%,Ekstazi,0.10000000000000005,9.0,0.15907407407407406,NA,NA,25,0,5
Compress,32,20%,FAST,0.10000000000000005,9.0,0.0,NA,NA,30,0,0
Compress,32,20%,Ekstazi+dpt,0.10000000000000005,9.0,0.0,NA,NA,30,0,0
Compress,32,20%,DPT,0.10000000000000005,9.0,0.0,NA,NA,30,0,0
Compress,32,20%,STARTS,0.10000000000000005,9.0,0.12962962962962965,NA,NA,26,0,4
Compress,32,20%,STARTS+FAST-S,0.10000000000000005,9.0,0.0,NA,NA,30,0,0
Compress,32,20%,STARTS+FAST-P,0.10000000000000005,9.0,0.2746296296296296,NA,NA,21,0,9
Compress,32,20%,STARTS+DPT,0.10000000000000005,9.0,0.0,NA,NA,30,0,0
Compress,32,20%,Fastazi-S,0.10000000000000005,9.0,0.03314814814814815,NA,NA,29,0,1
Compress,32,20%,Fastazi-P,0.10000000000000005,9.0,0.0,NA,NA,30,0,0
Compress,32,20%,Random,0.10000000000000005,9.0,0.06407407407407407,NA,NA,28,0,2
Compress,32,25%,Ekstazi,0.12222222222222222,11.0,0.2772222222222222,NA,NA,21,0,9
Compress,32,25%,FAST,0.12222222222222222,11.0,0.0,NA,NA,30,0,0
Compress,32,25%,Ekstazi+dpt,0.12222222222222222,11.0,0.0,NA,NA,30,0,0
Compress,32,25%,DPT,0.12222222222222222,11.0,0.0,NA,NA,30,0,0
Compress,32,25%,STARTS,0.12222222222222222,11.0,0.15907407407407406,NA,NA,25,0,5
Compress,32,25%,STARTS+FAST-S,0.12222222222222222,11.0,0.772962962962963,NA,NA,4,0,26
Compress,32,25%,STARTS+FAST-P,0.12222222222222222,11.0,0.9003703703703706,9.466666666666667,0.10518518518518523,0,1,30
Compress,32,25%,STARTS+DPT,0.12222222222222222,11.0,0.0,NA,NA,30,0,0
Compress,32,25%,Fastazi-S,0.12222222222222222,11.0,0.03314814814814815,NA,NA,29,0,1
Compress,32,25%,Fastazi-P,0.12222222222222222,11.0,0.0,NA,NA,30,0,0
Compress,32,25%,Random,0.12222222222222222,11.0,0.09388888888888888,NA,NA,27,0,3
Compress,32,30%,Ekstazi,0.15555555555555553,14.0,0.2772222222222222,NA,NA,21,0,9
Compress,32,30%,FAST,0.15555555555555553,14.0,0.0,NA,NA,30,0,0
Compress,32,30%,Ekstazi+dpt,0.15555555555555553,14.0,0.0,NA,NA,30,0,0
Compress,32,30%,DPT,0.15555555555555553,14.0,0.0,NA,NA,30,0,0
Compress,32,30%,STARTS,0.15555555555555553,14.0,0.15907407407407406,NA,NA,25,0,5
Compress,32,30%,STARTS+FAST-S,0.15555555555555553,14.0,0.772962962962963,NA,NA,4,0,26
Compress,32,30%,STARTS+FAST-P,0.15555555555555553,14.0,0.9003703703703706,9.466666666666667,0.10518518518518523,0,1,30
Compress,32,30%,STARTS+DPT,0.15555555555555553,14.0,0.0,NA,NA,30,0,0
Compress,32,30%,Fastazi-S,0.15555555555555553,14.0,0.11814814814814815,NA,NA,26,0,4
Compress,32,30%,Fastazi-P,0.15555555555555553,14.0,0.8574074074074074,13.333333333333334,0.1481481481481481,0,1,30
Compress,32,30%,Random,0.15555555555555553,14.0,0.09388888888888888,NA,NA,27,0,3
Compress,32,40%,Ekstazi,0.2000000000000001,18.0,0.386111111111111,NA,NA,17,0,13
Compress,32,40%,FAST,0.2000000000000001,18.0,0.0,NA,NA,30,0,0
Compress,32,40%,Ekstazi+dpt,0.2000000000000001,18.0,0.0,NA,NA,30,0,0
Compress,32,40%,DPT,0.2000000000000001,18.0,0.0,NA,NA,30,0,0
Compress,32,40%,STARTS,0.2000000000000001,18.0,0.1862962962962963,NA,NA,24,0,6
Compress,32,40%,STARTS+FAST-S,0.2000000000000001,18.0,0.8009259259259259,NA,NA,3,0,27
Compress,32,40%,STARTS+FAST-P,0.2000000000000001,18.0,0.9003703703703706,9.466666666666667,0.10518518518518523,0,1,30
Compress,32,40%,STARTS+DPT,0.2000000000000001,18.0,0.0,NA,NA,30,0,0
Compress,32,40%,Fastazi-S,0.2000000000000001,18.0,0.11814814814814815,NA,NA,26,0,4
Compress,32,40%,Fastazi-P,0.2000000000000001,18.0,0.8574074074074074,13.333333333333334,0.1481481481481481,0,1,30
Compress,32,40%,Random,0.2000000000000001,18.0,0.09388888888888888,NA,NA,27,0,3
Compress,32,50%,Ekstazi,0.25555555555555554,23.0,0.43833333333333324,NA,NA,15,0,15
Compress,32,50%,FAST,0.25555555555555554,23.0,0.0,NA,NA,30,0,0
Compress,32,50%,Ekstazi+dpt,0.25555555555555554,23.0,0.0,NA,NA,30,0,0
Compress,32,50%,DPT,0.25555555555555554,23.0,0.0,NA,NA,30,0,0
Compress,32,50%,STARTS,0.25555555555555554,23.0,0.3411111111111111,NA,NA,18,0,12
Compress,32,50%,STARTS+FAST-S,0.25555555555555554,23.0,0.8009259259259259,NA,NA,3,0,27
Compress,32,50%,STARTS+FAST-P,0.25555555555555554,23.0,0.9003703703703706,9.466666666666667,0.10518518518518523,0,1,30
Compress,32,50%,STARTS+DPT,0.25555555555555554,23.0,0.0,NA,NA,30,0,0
Compress,32,50%,Fastazi-S,0.25555555555555554,23.0,0.8011111111111113,18.4,0.2044444444444445,0,1,30
Compress,32,50%,Fastazi-P,0.25555555555555554,23.0,0.8574074074074074,13.333333333333334,0.1481481481481481,0,1,30
Compress,32,50%,Random,0.25555555555555554,23.0,0.14537037037037034,NA,NA,25,0,5
Compress,32,60%,Ekstazi,0.31111111111111106,28.0,0.511111111111111,NA,NA,12,0,18
Compress,32,60%,FAST,0.31111111111111106,28.0,0.732222222222222,24.6,0.2733333333333333,0,1,30
Compress,32,60%,Ekstazi+dpt,0.31111111111111106,28.0,0.0,NA,NA,30,0,0
Compress,32,60%,DPT,0.31111111111111106,28.0,0.0,NA,NA,30,0,0
Compress,32,60%,STARTS,0.31111111111111106,28.0,0.41277777777777774,NA,NA,15,0,15
Compress,32,60%,STARTS+FAST-S,0.31111111111111106,28.0,0.8009259259259259,NA,NA,3,0,27
Compress,32,60%,STARTS+FAST-P,0.31111111111111106,28.0,0.9003703703703706,9.466666666666667,0.10518518518518523,0,1,30
Compress,32,60%,STARTS+DPT,0.31111111111111106,28.0,0.0,NA,NA,30,0,0
Compress,32,60%,Fastazi-S,0.31111111111111106,28.0,0.8011111111111113,18.4,0.2044444444444445,0,1,30
Compress,32,60%,Fastazi-P,0.31111111111111106,28.0,0.8574074074074074,13.333333333333334,0.1481481481481481,0,1,30
Compress,32,60%,Random,0.31111111111111106,28.0,0.21703703703703703,NA,NA,22,0,8
Compress,32,70%,Ekstazi,0.3555555555555555,32.0,0.5992592592592593,NA,NA,8,0,22
Compress,32,70%,FAST,0.3555555555555555,32.0,0.732222222222222,24.6,0.2733333333333333,0,1,30
Compress,32,70%,Ekstazi+dpt,0.3555555555555555,32.0,0.0,NA,NA,30,0,0
Compress,32,70%,DPT,0.3555555555555555,32.0,0.0,NA,NA,30,0,0
Compress,32,70%,STARTS,0.3555555555555555,32.0,0.48074074074074075,NA,NA,12,0,18
Compress,32,70%,STARTS+FAST-S,0.3555555555555555,32.0,0.8009259259259259,NA,NA,3,0,27
Compress,32,70%,STARTS+FAST-P,0.3555555555555555,32.0,0.9003703703703706,9.466666666666667,0.10518518518518523,0,1,30
Compress,32,70%,STARTS+DPT,0.3555555555555555,32.0,0.0,NA,NA,30,0,0
Compress,32,70%,Fastazi-S,0.3555555555555555,32.0,0.8011111111111113,18.4,0.2044444444444445,0,1,30
Compress,32,70%,Fastazi-P,0.3555555555555555,32.0,0.8574074074074074,13.333333333333334,0.1481481481481481,0,1,30
Compress,32,70%,Random,0.3555555555555555,32.0,0.2618518518518519,NA,NA,20,0,10
Compress,32,75%,Ekstazi,0.3888888888888891,35.0,0.6612962962962963,NA,NA,5,0,25
Compress,32,75%,FAST,0.3888888888888891,35.0,0.732222222222222,24.6,0.2733333333333333,0,1,30
Compress,32,75%,Ekstazi+dpt,0.3888888888888891,35.0,0.30833333333333346,NA,NA,15,0,15
Compress,32,75%,DPT,0.3888888888888891,35.0,0.0,NA,NA,30,0,0
Compress,32,75%,STARTS,0.3888888888888891,35.0,0.502037037037037,NA,NA,11,0,19
Compress,32,75%,STARTS+FAST-S,0.3888888888888891,35.0,0.8009259259259259,NA,NA,3,0,27
Compress,32,75%,STARTS+FAST-P,0.3888888888888891,35.0,0.9003703703703706,9.466666666666667,0.10518518518518523,0,1,30
Compress,32,75%,STARTS+DPT,0.3888888888888891,35.0,0.0,NA,NA,30,0,0
Compress,32,75%,Fastazi-S,0.3888888888888891,35.0,0.8011111111111113,18.4,0.2044444444444445,0,1,30
Compress,32,75%,Fastazi-P,0.3888888888888891,35.0,0.8574074074074074,13.333333333333334,0.1481481481481481,0,1,30
Compress,32,75%,Random,0.3888888888888891,35.0,0.2831481481481482,NA,NA,19,0,11
Compress,32,80%,Ekstazi,0.4111111111111113,37.0,0.7012962962962962,NA,NA,3,0,27
Compress,32,80%,FAST,0.4111111111111113,37.0,0.732222222222222,24.6,0.2733333333333333,0,1,30
Compress,32,80%,Ekstazi+dpt,0.4111111111111113,37.0,0.6111111111111112,35.5,0.39444444444444465,0,1,30
Compress,32,80%,DPT,0.4111111111111113,37.0,0.0,NA,NA,30,0,0
Compress,32,80%,STARTS,0.4111111111111113,37.0,0.502037037037037,NA,NA,11,0,19
Compress,32,80%,STARTS+FAST-S,0.4111111111111113,37.0,0.8009259259259259,NA,NA,3,0,27
Compress,32,80%,STARTS+FAST-P,0.4111111111111113,37.0,0.9003703703703706,9.466666666666667,0.10518518518518523,0,1,30
Compress,32,80%,STARTS+DPT,0.4111111111111113,37.0,0.0,NA,NA,30,0,0
Compress,32,80%,Fastazi-S,0.4111111111111113,37.0,0.8011111111111113,18.4,0.2044444444444445,0,1,30
Compress,32,80%,Fastazi-P,0.4111111111111113,37.0,0.8574074074074074,13.333333333333334,0.1481481481481481,0,1,30
Compress,32,80%,Random,0.4111111111111113,37.0,0.3033333333333334,NA,NA,18,0,12
Compress,32,90%,Ekstazi,0.46666666666666673,42.0,0.7588888888888887,22.2,0.24666666666666665,0,1,30
Compress,32,90%,FAST,0.46666666666666673,42.0,0.732222222222222,24.6,0.2733333333333333,0,1,30
Compress,32,90%,Ekstazi+dpt,0.46666666666666673,42.0,0.6111111111111112,35.5,0.39444444444444465,0,1,30
Compress,32,90%,DPT,0.46666666666666673,42.0,0.5781481481481483,38.46666666666667,0.4274074074074076,0,1,30
Compress,32,90%,STARTS,0.46666666666666673,42.0,0.5199999999999999,NA,NA,10,0,20
Compress,32,90%,STARTS+FAST-S,0.46666666666666673,42.0,0.8009259259259259,NA,NA,3,0,27
Compress,32,90%,STARTS+FAST-P,0.46666666666666673,42.0,0.9003703703703706,9.466666666666667,0.10518518518518523,0,1,30
Compress,32,90%,STARTS+DPT,0.46666666666666673,42.0,0.578888888888889,38.4,0.4266666666666668,0,1,30
Compress,32,90%,Fastazi-S,0.46666666666666673,42.0,0.8011111111111113,18.4,0.2044444444444445,0,1,30
Compress,32,90%,Fastazi-P,0.46666666666666673,42.0,0.8574074074074074,13.333333333333334,0.1481481481481481,0,1,30
Compress,32,90%,Random,0.46666666666666673,42.0,0.32203703703703707,NA,NA,17,0,13
Compress,32,100%,Ekstazi,0.5222222222222223,47.0,0.7588888888888887,22.2,0.24666666666666665,0,1,30
Compress,32,100%,FAST,0.5222222222222223,47.0,0.732222222222222,24.6,0.2733333333333333,0,1,30
Compress,32,100%,Ekstazi+dpt,0.5222222222222223,47.0,0.6111111111111112,35.5,0.39444444444444465,0,1,30
Compress,32,100%,DPT,0.5222222222222223,47.0,0.5781481481481483,38.46666666666667,0.4274074074074076,0,1,30
Compress,32,100%,STARTS,0.5222222222222223,47.0,0.6046296296296295,NA,NA,5,0,25
Compress,32,100%,STARTS+FAST-S,0.5222222222222223,47.0,0.8009259259259259,NA,NA,3,0,27
Compress,32,100%,STARTS+FAST-P,0.5222222222222223,47.0,0.9003703703703706,9.466666666666667,0.10518518518518523,0,1,30
Compress,32,100%,STARTS+DPT,0.5222222222222223,47.0,0.578888888888889,38.4,0.4266666666666668,0,1,30
Compress,32,100%,Fastazi-S,0.5222222222222223,47.0,0.8011111111111113,18.4,0.2044444444444445,0,1,30
Compress,32,100%,Fastazi-P,0.5222222222222223,47.0,0.8574074074074074,13.333333333333334,0.1481481481481481,0,1,30
Compress,32,100%,Random,0.5222222222222223,47.0,0.3733333333333333,NA,NA,14,0,16
Compress,33,10%,Ekstazi,0.0,0.0,0.0,NA,NA,30,0,0
Compress,33,10%,FAST,0.0,0.0,0.0,NA,NA,30,0,0
Compress,33,10%,Ekstazi+dpt,0.0,0.0,0.0,NA,NA,30,0,0
Compress,33,10%,DPT,0.0,0.0,0.0,NA,NA,30,0,0
Compress,33,10%,STARTS,0.0,0.0,0.0,NA,NA,30,0,0
Compress,33,10%,STARTS+FAST-S,0.0,0.0,0.0,NA,NA,30,0,0
Compress,33,10%,STARTS+FAST-P,0.0,0.0,0.0,NA,NA,30,0,0
Compress,33,10%,STARTS+DPT,0.0,0.0,0.0,NA,NA,30,0,0
Compress,33,10%,Fastazi-S,0.0,0.0,0.0,NA,NA,30,0,0
Compress,33,10%,Fastazi-P,0.0,0.0,0.0,NA,NA,30,0,0
Compress,33,10%,Random,0.0,0.0,0.0,NA,NA,30,0,0
Compress,33,20%,Ekstazi,0.01111111111111111,1.0,0.23203703703703704,NA,NA,23,0,7
Compress,33,20%,FAST,0.01111111111111111,1.0,0.0,NA,NA,30,0,0
Compress,33,20%,Ekstazi+dpt,0.01111111111111111,1.0,0.0,NA,NA,30,0,0
Compress,33,20%,DPT,0.01111111111111111,1.0,0.0,NA,NA,30,0,0
Compress,33,20%,STARTS,0.01111111111111111,1.0,0.1988888888888889,NA,NA,24,0,6
Compress,33,20%,STARTS+FAST-S,0.01111111111111111,1.0,0.1988888888888889,NA,NA,24,0,6
Compress,33,20%,STARTS+FAST-P,0.01111111111111111,1.0,0.0,NA,NA,30,0,0
Compress,33,20%,STARTS+DPT,0.01111111111111111,1.0,0.0,NA,NA,30,0,0
Compress,33,20%,Fastazi-S,0.01111111111111111,1.0,0.0662962962962963,NA,NA,28,0,2
Compress,33,20%,Fastazi-P,0.01111111111111111,1.0,0.03314814814814815,NA,NA,29,0,1
Compress,33,20%,Random,0.01111111111111111,1.0,0.03314814814814815,NA,NA,29,0,1
Compress,33,25%,Ekstazi,0.02222222222222222,2.0,0.3959259259259259,NA,NA,18,0,12
Compress,33,25%,FAST,0.02222222222222222,2.0,0.0,NA,NA,30,0,0
Compress,33,25%,Ekstazi+dpt,0.02222222222222222,2.0,0.9833333333333336,2.0,0.02222222222222222,0,1,30
Compress,33,25%,DPT,0.02222222222222222,2.0,0.0,NA,NA,30,0,0
Compress,33,25%,STARTS,0.02222222222222222,2.0,0.32999999999999996,NA,NA,20,0,10
Compress,33,25%,STARTS+FAST-S,0.02222222222222222,2.0,0.9527777777777777,NA,NA,1,0,29
Compress,33,25%,STARTS+FAST-P,0.02222222222222222,2.0,0.0,NA,NA,30,0,0
Compress,33,25%,STARTS+DPT,0.02222222222222222,2.0,0.9833333333333336,2.0,0.02222222222222222,0,1,30
Compress,33,25%,Fastazi-S,0.02222222222222222,2.0,0.7218518518518517,NA,NA,8,0,22
Compress,33,25%,Fastazi-P,0.02222222222222222,2.0,0.03314814814814815,NA,NA,29,0,1
Compress,33,25%,Random,0.02222222222222222,2.0,0.03314814814814815,NA,NA,29,0,1
Compress,33,30%,Ekstazi,0.02222222222222222,2.0,0.3959259259259259,NA,NA,18,0,12
Compress,33,30%,FAST,0.02222222222222222,2.0,0.0,NA,NA,30,0,0
Compress,33,30%,Ekstazi+dpt,0.02222222222222222,2.0,0.9833333333333336,2.0,0.02222222222222222,0,1,30
Compress,33,30%,DPT,0.02222222222222222,2.0,0.0,NA,NA,30,0,0
Compress,33,30%,STARTS,0.02222222222222222,2.0,0.32999999999999996,NA,NA,20,0,10
Compress,33,30%,STARTS+FAST-S,0.02222222222222222,2.0,0.9527777777777777,NA,NA,1,0,29
Compress,33,30%,STARTS+FAST-P,0.02222222222222222,2.0,0.0,NA,NA,30,0,0
Compress,33,30%,STARTS+DPT,0.02222222222222222,2.0,0.9833333333333336,2.0,0.02222222222222222,0,1,30
Compress,33,30%,Fastazi-S,0.02222222222222222,2.0,0.7218518518518517,NA,NA,8,0,22
Compress,33,30%,Fastazi-P,0.02222222222222222,2.0,0.03314814814814815,NA,NA,29,0,1
Compress,33,30%,Random,0.02222222222222222,2.0,0.03314814814814815,NA,NA,29,0,1
Compress,33,40%,Ekstazi,0.03333333333333333,3.0,0.4607407407407408,NA,NA,16,0,14
Compress,33,40%,FAST,0.03333333333333333,3.0,0.0,NA,NA,30,0,0
Compress,33,40%,Ekstazi+dpt,0.03333333333333333,3.0,0.9833333333333336,2.0,0.02222222222222222,0,1,30
Compress,33,40%,DPT,0.03333333333333333,3.0,0.0,NA,NA,30,0,0
Compress,33,40%,STARTS,0.03333333333333333,3.0,0.39481481481481484,NA,NA,18,0,12
Compress,33,40%,STARTS+FAST-S,0.03333333333333333,3.0,0.9851851851851853,1.8333333333333333,0.020370370370370365,0,1,30
Compress,33,40%,STARTS+FAST-P,0.03333333333333333,3.0,0.8749999999999996,NA,NA,3,0,27
Compress,33,40%,STARTS+DPT,0.03333333333333333,3.0,0.9833333333333336,2.0,0.02222222222222222,0,1,30
Compress,33,40%,Fastazi-S,0.03333333333333333,3.0,0.981111111111111,2.2,0.024444444444444442,0,1,30
Compress,33,40%,Fastazi-P,0.03333333333333333,3.0,0.03314814814814815,NA,NA,29,0,1
Compress,33,40%,Random,0.03333333333333333,3.0,0.06555555555555556,NA,NA,28,0,2
Compress,33,50%,Ekstazi,0.04444444444444444,4.0,0.5888888888888888,NA,NA,12,0,18
Compress,33,50%,FAST,0.04444444444444444,4.0,0.0,NA,NA,30,0,0
Compress,33,50%,Ekstazi+dpt,0.04444444444444444,4.0,0.9833333333333336,2.0,0.02222222222222222,0,1,30
Compress,33,50%,DPT,0.04444444444444444,4.0,0.0,NA,NA,30,0,0
Compress,33,50%,STARTS,0.04444444444444444,4.0,0.5229629629629629,NA,NA,14,0,16
Compress,33,50%,STARTS+FAST-S,0.04444444444444444,4.0,0.9851851851851853,1.8333333333333333,0.020370370370370365,0,1,30
Compress,33,50%,STARTS+FAST-P,0.04444444444444444,4.0,0.9711111111111106,3.1,0.03444444444444444,0,1,30
Compress,33,50%,STARTS+DPT,0.04444444444444444,4.0,0.9833333333333336,2.0,0.02222222222222222,0,1,30
Compress,33,50%,Fastazi-S,0.04444444444444444,4.0,0.981111111111111,2.2,0.024444444444444442,0,1,30
Compress,33,50%,Fastazi-P,0.04444444444444444,4.0,0.9301851851851854,NA,NA,1,0,29
Compress,33,50%,Random,0.04444444444444444,4.0,0.06555555555555556,NA,NA,28,0,2
Compress,33,60%,Ekstazi,0.05555555555555557,5.0,0.6522222222222221,NA,NA,10,0,20
Compress,33,60%,FAST,0.05555555555555557,5.0,0.0,NA,NA,30,0,0
Compress,33,60%,Ekstazi+dpt,0.05555555555555557,5.0,0.9833333333333336,2.0,0.02222222222222222,0,1,30
Compress,33,60%,DPT,0.05555555555555557,5.0,0.0,NA,NA,30,0,0
Compress,33,60%,STARTS,0.05555555555555557,5.0,0.5229629629629629,NA,NA,14,0,16
Compress,33,60%,STARTS+FAST-S,0.05555555555555557,5.0,0.9851851851851853,1.8333333333333333,0.020370370370370365,0,1,30
Compress,33,60%,STARTS+FAST-P,0.05555555555555557,5.0,0.9711111111111106,3.1,0.03444444444444444,0,1,30
Compress,33,60%,STARTS+DPT,0.05555555555555557,5.0,0.9833333333333336,2.0,0.02222222222222222,0,1,30
Compress,33,60%,Fastazi-S,0.05555555555555557,5.0,0.981111111111111,2.2,0.024444444444444442,0,1,30
Compress,33,60%,Fastazi-P,0.05555555555555557,5.0,0.9618518518518522,3.933333333333333,0.043703703703703696,0,1,30
Compress,33,60%,Random,0.05555555555555557,5.0,0.06555555555555556,NA,NA,28,0,2
Compress,33,70%,Ekstazi,0.06666666666666667,6.0,0.6835185185185184,NA,NA,9,0,21
Compress,33,70%,FAST,0.06666666666666667,6.0,0.0,NA,NA,30,0,0
Compress,33,70%,Ekstazi+dpt,0.06666666666666667,6.0,0.9833333333333336,2.0,0.02222222222222222,0,1,30
Compress,33,70%,DPT,0.06666666666666667,6.0,0.9388888888888892,6.0,0.06666666666666667,0,1,30
Compress,33,70%,STARTS,0.06666666666666667,6.0,0.6168518518518517,NA,NA,11,0,19
Compress,33,70%,STARTS+FAST-S,0.06666666666666667,6.0,0.9851851851851853,1.8333333333333333,0.020370370370370365,0,1,30
Compress,33,70%,STARTS+FAST-P,0.06666666666666667,6.0,0.9711111111111106,3.1,0.03444444444444444,0,1,30
Compress,33,70%,STARTS+DPT,0.06666666666666667,6.0,0.9833333333333336,2.0,0.02222222222222222,0,1,30
Compress,33,70%,Fastazi-S,0.06666666666666667,6.0,0.981111111111111,2.2,0.024444444444444442,0,1,30
Compress,33,70%,Fastazi-P,0.06666666666666667,6.0,0.9618518518518522,3.933333333333333,0.043703703703703696,0,1,30
Compress,33,70%,Random,0.06666666666666667,6.0,0.09685185185185184,NA,NA,27,0,3
Compress,33,75%,Ekstazi,0.06666666666666667,6.0,0.6835185185185184,NA,NA,9,0,21
Compress,33,75%,FAST,0.06666666666666667,6.0,0.0,NA,NA,30,0,0
Compress,33,75%,Ekstazi+dpt,0.06666666666666667,6.0,0.9833333333333336,2.0,0.02222222222222222,0,1,30
Compress,33,75%,DPT,0.06666666666666667,6.0,0.9388888888888892,6.0,0.06666666666666667,0,1,30
Compress,33,75%,STARTS,0.06666666666666667,6.0,0.6168518518518517,NA,NA,11,0,19
Compress,33,75%,STARTS+FAST-S,0.06666666666666667,6.0,0.9851851851851853,1.8333333333333333,0.020370370370370365,0,1,30
Compress,33,75%,STARTS+FAST-P,0.06666666666666667,6.0,0.9711111111111106,3.1,0.03444444444444444,0,1,30
Compress,33,75%,STARTS+DPT,0.06666666666666667,6.0,0.9833333333333336,2.0,0.02222222222222222,0,1,30
Compress,33,75%,Fastazi-S,0.06666666666666667,6.0,0.981111111111111,2.2,0.024444444444444442,0,1,30
Compress,33,75%,Fastazi-P,0.06666666666666667,6.0,0.9618518518518522,3.933333333333333,0.043703703703703696,0,1,30
Compress,33,75%,Random,0.06666666666666667,6.0,0.09685185185185184,NA,NA,27,0,3
Compress,33,80%,Ekstazi,0.07777777777777777,7.0,0.7144444444444444,NA,NA,8,0,22
Compress,33,80%,FAST,0.07777777777777777,7.0,0.0,NA,NA,30,0,0
Compress,33,80%,Ekstazi+dpt,0.07777777777777777,7.0,0.9833333333333336,2.0,0.02222222222222222,0,1,30
Compress,33,80%,DPT,0.07777777777777777,7.0,0.9388888888888892,6.0,0.06666666666666667,0,1,30
Compress,33,80%,STARTS,0.07777777777777777,7.0,0.8024074074074072,NA,NA,5,0,25
Compress,33,80%,STARTS+FAST-S,0.07777777777777777,7.0,0.9851851851851853,1.8333333333333333,0.020370370370370365,0,1,30
Compress,33,80%,STARTS+FAST-P,0.07777777777777777,7.0,0.9711111111111106,3.1,0.03444444444444444,0,1,30
Compress,33,80%,STARTS+DPT,0.07777777777777777,7.0,0.9833333333333336,2.0,0.02222222222222222,0,1,30
Compress,33,80%,Fastazi-S,0.07777777777777777,7.0,0.981111111111111,2.2,0.024444444444444442,0,1,30
Compress,33,80%,Fastazi-P,0.07777777777777777,7.0,0.9618518518518522,3.933333333333333,0.043703703703703696,0,1,30
Compress,33,80%,Random,0.07777777777777777,7.0,0.09685185185185184,NA,NA,27,0,3
Compress,33,90%,Ekstazi,0.08888888888888888,8.0,0.9283333333333335,NA,NA,1,0,29
Compress,33,90%,FAST,0.08888888888888888,8.0,0.0,NA,NA,30,0,0
Compress,33,90%,Ekstazi+dpt,0.08888888888888888,8.0,0.9833333333333336,2.0,0.02222222222222222,0,1,30
Compress,33,90%,DPT,0.08888888888888888,8.0,0.9388888888888892,6.0,0.06666666666666667,0,1,30
Compress,33,90%,STARTS,0.08888888888888888,8.0,0.9246296296296297,NA,NA,1,0,29
Compress,33,90%,STARTS+FAST-S,0.08888888888888888,8.0,0.9851851851851853,1.8333333333333333,0.020370370370370365,0,1,30
Compress,33,90%,STARTS+FAST-P,0.08888888888888888,8.0,0.9711111111111106,3.1,0.03444444444444444,0,1,30
Compress,33,90%,STARTS+DPT,0.08888888888888888,8.0,0.9833333333333336,2.0,0.02222222222222222,0,1,30
Compress,33,90%,Fastazi-S,0.08888888888888888,8.0,0.981111111111111,2.2,0.024444444444444442,0,1,30
Compress,33,90%,Fastazi-P,0.08888888888888888,8.0,0.9618518518518522,3.933333333333333,0.043703703703703696,0,1,30
Compress,33,90%,Random,0.08888888888888888,8.0,0.1274074074074074,NA,NA,26,0,4
Compress,33,100%,Ekstazi,0.10000000000000005,9.0,0.9585185185185187,4.233333333333333,0.047037037037037016,0,1,30
Compress,33,100%,FAST,0.10000000000000005,9.0,0.0,NA,NA,30,0,0
Compress,33,100%,Ekstazi+dpt,0.10000000000000005,9.0,0.9833333333333336,2.0,0.02222222222222222,0,1,30
Compress,33,100%,DPT,0.10000000000000005,9.0,0.9388888888888892,6.0,0.06666666666666667,0,1,30
Compress,33,100%,STARTS,0.10000000000000005,9.0,0.9548148148148149,4.566666666666666,0.050740740740740746,0,1,30
Compress,33,100%,STARTS+FAST-S,0.10000000000000005,9.0,0.9851851851851853,1.8333333333333333,0.020370370370370365,0,1,30
Compress,33,100%,STARTS+FAST-P,0.10000000000000005,9.0,0.9711111111111106,3.1,0.03444444444444444,0,1,30
Compress,33,100%,STARTS+DPT,0.10000000000000005,9.0,0.9833333333333336,2.0,0.02222222222222222,0,1,30
Compress,33,100%,Fastazi-S,0.10000000000000005,9.0,0.981111111111111,2.2,0.024444444444444442,0,1,30
Compress,33,100%,Fastazi-P,0.10000000000000005,9.0,0.9618518518518522,3.933333333333333,0.043703703703703696,0,1,30
Compress,33,100%,Random,0.10000000000000005,9.0,0.1877777777777778,NA,NA,24,0,6
Compress,34,10%,Ekstazi,0.03333333333333333,3.0,0.09759259259259259,NA,NA,27,0,3
Compress,34,10%,FAST,0.03333333333333333,3.0,0.0662962962962963,NA,NA,28,0,2
Compress,34,10%,Ekstazi+dpt,0.03333333333333333,3.0,0.0,NA,NA,30,0,0
Compress,34,10%,DPT,0.03333333333333333,3.0,0.0,NA,NA,30,0,0
Compress,34,10%,STARTS,0.03333333333333333,3.0,0.06592592592592593,NA,NA,28,0,2
Compress,34,10%,STARTS+FAST-S,0.03333333333333333,3.0,0.0,NA,NA,30,0,0
Compress,34,10%,STARTS+FAST-P,0.03333333333333333,3.0,0.03314814814814815,NA,NA,29,0,1
Compress,34,10%,STARTS+DPT,0.03333333333333333,3.0,0.0,NA,NA,30,0,0
Compress,34,10%,Fastazi-S,0.03333333333333333,3.0,0.0,NA,NA,30,0,0
Compress,34,10%,Fastazi-P,0.03333333333333333,3.0,0.0662962962962963,NA,NA,28,0,2
Compress,34,10%,Random,0.03333333333333333,3.0,0.09759259259259259,NA,NA,27,0,3
Compress,34,20%,Ekstazi,0.07777777777777777,7.0,0.22240740740740741,NA,NA,23,0,7
Compress,34,20%,FAST,0.07777777777777777,7.0,0.0662962962962963,NA,NA,28,0,2
Compress,34,20%,Ekstazi+dpt,0.07777777777777777,7.0,0.0,NA,NA,30,0,0
Compress,34,20%,DPT,0.07777777777777777,7.0,0.0,NA,NA,30,0,0
Compress,34,20%,STARTS,0.07777777777777777,7.0,0.12851851851851853,NA,NA,26,0,4
Compress,34,20%,STARTS+FAST-S,0.07777777777777777,7.0,0.0,NA,NA,30,0,0
Compress,34,20%,STARTS+FAST-P,0.07777777777777777,7.0,0.03314814814814815,NA,NA,29,0,1
Compress,34,20%,STARTS+DPT,0.07777777777777777,7.0,0.0,NA,NA,30,0,0
Compress,34,20%,Fastazi-S,0.07777777777777777,7.0,0.0,NA,NA,30,0,0
Compress,34,20%,Fastazi-P,0.07777777777777777,7.0,0.0662962962962963,NA,NA,28,0,2
Compress,34,20%,Random,0.07777777777777777,7.0,0.09759259259259259,NA,NA,27,0,3
Compress,34,25%,Ekstazi,0.10000000000000005,9.0,0.22240740740740741,NA,NA,23,0,7
Compress,34,25%,FAST,0.10000000000000005,9.0,0.0662962962962963,NA,NA,28,0,2
Compress,34,25%,Ekstazi+dpt,0.10000000000000005,9.0,0.0,NA,NA,30,0,0
Compress,34,25%,DPT,0.10000000000000005,9.0,0.0,NA,NA,30,0,0
Compress,34,25%,STARTS,0.10000000000000005,9.0,0.1587037037037037,NA,NA,25,0,5
Compress,34,25%,STARTS+FAST-S,0.10000000000000005,9.0,0.0,NA,NA,30,0,0
Compress,34,25%,STARTS+FAST-P,0.10000000000000005,9.0,0.03314814814814815,NA,NA,29,0,1
Compress,34,25%,STARTS+DPT,0.10000000000000005,9.0,0.0,NA,NA,30,0,0
Compress,34,25%,Fastazi-S,0.10000000000000005,9.0,0.0,NA,NA,30,0,0
Compress,34,25%,Fastazi-P,0.10000000000000005,9.0,0.0662962962962963,NA,NA,28,0,2
Compress,34,25%,Random,0.10000000000000005,9.0,0.15833333333333333,NA,NA,25,0,5
Compress,34,30%,Ekstazi,0.11111111111111115,10.0,0.25222222222222224,NA,NA,22,0,8
Compress,34,30%,FAST,0.11111111111111115,10.0,0.0662962962962963,NA,NA,28,0,2
Compress,34,30%,Ekstazi+dpt,0.11111111111111115,10.0,0.0,NA,NA,30,0,0
Compress,34,30%,DPT,0.11111111111111115,10.0,0.0,NA,NA,30,0,0
Compress,34,30%,STARTS,0.11111111111111115,10.0,0.18851851851851853,NA,NA,24,0,6
Compress,34,30%,STARTS+FAST-S,0.11111111111111115,10.0,0.0,NA,NA,30,0,0
Compress,34,30%,STARTS+FAST-P,0.11111111111111115,10.0,0.03314814814814815,NA,NA,29,0,1
Compress,34,30%,STARTS+DPT,0.11111111111111115,10.0,0.0,NA,NA,30,0,0
Compress,34,30%,Fastazi-S,0.11111111111111115,10.0,0.0,NA,NA,30,0,0
Compress,34,30%,Fastazi-P,0.11111111111111115,10.0,0.0662962962962963,NA,NA,28,0,2
Compress,34,30%,Random,0.11111111111111115,10.0,0.15833333333333333,NA,NA,25,0,5
Compress,34,40%,Ekstazi,0.15555555555555553,14.0,0.31111111111111106,NA,NA,20,0,10
Compress,34,40%,FAST,0.15555555555555553,14.0,0.0662962962962963,NA,NA,28,0,2
Compress,34,40%,Ekstazi+dpt,0.15555555555555553,14.0,0.0,NA,NA,30,0,0
Compress,34,40%,DPT,0.15555555555555553,14.0,0.0,NA,NA,30,0,0
Compress,34,40%,STARTS,0.15555555555555553,14.0,0.2753703703703704,NA,NA,21,0,9
Compress,34,40%,STARTS+FAST-S,0.15555555555555553,14.0,0.0,NA,NA,30,0,0
Compress,34,40%,STARTS+FAST-P,0.15555555555555553,14.0,0.03314814814814815,NA,NA,29,0,1
Compress,34,40%,STARTS+DPT,0.15555555555555553,14.0,0.0,NA,NA,30,0,0
Compress,34,40%,Fastazi-S,0.15555555555555553,14.0,0.86962962962963,12.233333333333333,0.13592592592592592,0,1,30
Compress,34,40%,Fastazi-P,0.15555555555555553,14.0,0.0662962962962963,NA,NA,28,0,2
Compress,34,40%,Random,0.15555555555555553,14.0,0.15833333333333333,NA,NA,25,0,5
Compress,34,50%,Ekstazi,0.2000000000000001,18.0,0.4214814814814814,NA,NA,16,0,14
Compress,34,50%,FAST,0.2000000000000001,18.0,0.0662962962962963,NA,NA,28,0,2
Compress,34,50%,Ekstazi+dpt,0.2000000000000001,18.0,0.0,NA,NA,30,0,0
Compress,34,50%,DPT,0.2000000000000001,18.0,0.0,NA,NA,30,0,0
Compress,34,50%,STARTS,0.2000000000000001,18.0,0.3301851851851851,NA,NA,19,0,11
Compress,34,50%,STARTS+FAST-S,0.2000000000000001,18.0,0.0,NA,NA,30,0,0
Compress,34,50%,STARTS+FAST-P,0.2000000000000001,18.0,0.03314814814814815,NA,NA,29,0,1
Compress,34,50%,STARTS+DPT,0.2000000000000001,18.0,0.0,NA,NA,30,0,0
Compress,34,50%,Fastazi-S,0.2000000000000001,18.0,0.86962962962963,12.233333333333333,0.13592592592592592,0,1,30
Compress,34,50%,Fastazi-P,0.2000000000000001,18.0,0.0662962962962963,NA,NA,28,0,2
Compress,34,50%,Random,0.2000000000000001,18.0,0.18629629629629632,NA,NA,24,0,6
Compress,34,60%,Ekstazi,0.23333333333333336,21.0,0.4475925925925925,NA,NA,15,0,15
Compress,34,60%,FAST,0.23333333333333336,21.0,0.0662962962962963,NA,NA,28,0,2
Compress,34,60%,Ekstazi+dpt,0.23333333333333336,21.0,0.0,NA,NA,30,0,0
Compress,34,60%,DPT,0.23333333333333336,21.0,0.0,NA,NA,30,0,0
Compress,34,60%,STARTS,0.23333333333333336,21.0,0.3566666666666666,NA,NA,18,0,12
Compress,34,60%,STARTS+FAST-S,0.23333333333333336,21.0,0.0,NA,NA,30,0,0
Compress,34,60%,STARTS+FAST-P,0.23333333333333336,21.0,0.03314814814814815,NA,NA,29,0,1
Compress,34,60%,STARTS+DPT,0.23333333333333336,21.0,0.0,NA,NA,30,0,0
Compress,34,60%,Fastazi-S,0.23333333333333336,21.0,0.86962962962963,12.233333333333333,0.13592592592592592,0,1,30
Compress,34,60%,Fastazi-P,0.23333333333333336,21.0,0.0662962962962963,NA,NA,28,0,2
Compress,34,60%,Random,0.23333333333333336,21.0,0.21240740740740743,NA,NA,23,0,7
Compress,34,70%,Ekstazi,0.27777777777777773,25.0,0.5211111111111111,NA,NA,12,0,18
Compress,34,70%,FAST,0.27777777777777773,25.0,0.0662962962962963,NA,NA,28,0,2
Compress,34,70%,Ekstazi+dpt,0.27777777777777773,25.0,0.7277777777777777,25.0,0.27777777777777773,0,1,30
Compress,34,70%,DPT,0.27777777777777773,25.0,0.0,NA,NA,30,0,0
Compress,34,70%,STARTS,0.27777777777777773,25.0,0.4551851851851851,NA,NA,14,0,16
Compress,34,70%,STARTS+FAST-S,0.27777777777777773,25.0,0.0,NA,NA,30,0,0
Compress,34,70%,STARTS+FAST-P,0.27777777777777773,25.0,0.03314814814814815,NA,NA,29,0,1
Compress,34,70%,STARTS+DPT,0.27777777777777773,25.0,0.0,NA,NA,30,0,0
Compress,34,70%,Fastazi-S,0.27777777777777773,25.0,0.86962962962963,12.233333333333333,0.13592592592592592,0,1,30
Compress,34,70%,Fastazi-P,0.27777777777777773,25.0,0.0662962962962963,NA,NA,28,0,2
Compress,34,70%,Random,0.27777777777777773,25.0,0.2366666666666667,NA,NA,22,0,8
Compress,34,75%,Ekstazi,0.3,27.0,0.5211111111111111,NA,NA,12,0,18
Compress,34,75%,FAST,0.3,27.0,0.0662962962962963,NA,NA,28,0,2
Compress,34,75%,Ekstazi+dpt,0.3,27.0,0.7277777777777777,25.0,0.27777777777777773,0,1,30
Compress,34,75%,DPT,0.3,27.0,0.0,NA,NA,30,0,0
Compress,34,75%,STARTS,0.3,27.0,0.4551851851851851,NA,NA,14,0,16
Compress,34,75%,STARTS+FAST-S,0.3,27.0,0.0,NA,NA,30,0,0
Compress,34,75%,STARTS+FAST-P,0.3,27.0,0.03314814814814815,NA,NA,29,0,1
Compress,34,75%,STARTS+DPT,0.3,27.0,0.0,NA,NA,30,0,0
Compress,34,75%,Fastazi-S,0.3,27.0,0.86962962962963,12.233333333333333,0.13592592592592592,0,1,30
Compress,34,75%,Fastazi-P,0.3,27.0,0.7251851851851853,25.233333333333334,0.2803703703703703,0,1,30
Compress,34,75%,Random,0.3,27.0,0.2366666666666667,NA,NA,22,0,8
Compress,34,80%,Ekstazi,0.31111111111111106,28.0,0.5674074074074072,NA,NA,10,0,20
Compress,34,80%,FAST,0.31111111111111106,28.0,0.0662962962962963,NA,NA,28,0,2
Compress,34,80%,Ekstazi+dpt,0.31111111111111106,28.0,0.7277777777777777,25.0,0.27777777777777773,0,1,30
Compress,34,80%,DPT,0.31111111111111106,28.0,0.0,NA,NA,30,0,0
Compress,34,80%,STARTS,0.31111111111111106,28.0,0.4551851851851851,NA,NA,14,0,16
Compress,34,80%,STARTS+FAST-S,0.31111111111111106,28.0,0.0,NA,NA,30,0,0
Compress,34,80%,STARTS+FAST-P,0.31111111111111106,28.0,0.03314814814814815,NA,NA,29,0,1
Compress,34,80%,STARTS+DPT,0.31111111111111106,28.0,0.0,NA,NA,30,0,0
Compress,34,80%,Fastazi-S,0.31111111111111106,28.0,0.86962962962963,12.233333333333333,0.13592592592592592,0,1,30
Compress,34,80%,Fastazi-P,0.31111111111111106,28.0,0.7251851851851853,25.233333333333334,0.2803703703703703,0,1,30
Compress,34,80%,Random,0.31111111111111106,28.0,0.2366666666666667,NA,NA,22,0,8
Compress,34,90%,Ekstazi,0.3555555555555555,32.0,0.6798148148148146,NA,NA,5,0,25
Compress,34,90%,FAST,0.3555555555555555,32.0,0.0662962962962963,NA,NA,28,0,2
Compress,34,90%,Ekstazi+dpt,0.3555555555555555,32.0,0.7277777777777777,25.0,0.27777777777777773,0,1,30
Compress,34,90%,DPT,0.3555555555555555,32.0,0.6788888888888889,29.4,0.3266666666666667,0,1,30
Compress,34,90%,STARTS,0.3555555555555555,32.0,0.5209259259259258,NA,NA,11,0,19
Compress,34,90%,STARTS+FAST-S,0.3555555555555555,32.0,0.0,NA,NA,30,0,0
Compress,34,90%,STARTS+FAST-P,0.3555555555555555,32.0,0.03314814814814815,NA,NA,29,0,1
Compress,34,90%,STARTS+DPT,0.3555555555555555,32.0,0.678888888888889,29.4,0.3266666666666667,0,1,30
Compress,34,90%,Fastazi-S,0.3555555555555555,32.0,0.86962962962963,12.233333333333333,0.13592592592592592,0,1,30
Compress,34,90%,Fastazi-P,0.3555555555555555,32.0,0.7251851851851853,25.233333333333334,0.2803703703703703,0,1,30
Compress,34,90%,Random,0.3555555555555555,32.0,0.2803703703703704,NA,NA,20,0,10
Compress,34,100%,Ekstazi,0.4000000000000002,36.0,0.7848148148148147,19.866666666666667,0.22074074074074074,0,1,30
Compress,34,100%,FAST,0.4000000000000002,36.0,0.0662962962962963,NA,NA,28,0,2
Compress,34,100%,Ekstazi+dpt,0.4000000000000002,36.0,0.7277777777777777,25.0,0.27777777777777773,0,1,30
Compress,34,100%,DPT,0.4000000000000002,36.0,0.6788888888888889,29.4,0.3266666666666667,0,1,30
Compress,34,100%,STARTS,0.4000000000000002,36.0,0.5209259259259258,NA,NA,11,0,19
Compress,34,100%,STARTS+FAST-S,0.4000000000000002,36.0,0.0,NA,NA,30,0,0
Compress,34,100%,STARTS+FAST-P,0.4000000000000002,36.0,0.03314814814814815,NA,NA,29,0,1
Compress,34,100%,STARTS+DPT,0.4000000000000002,36.0,0.678888888888889,29.4,0.3266666666666667,0,1,30
Compress,34,100%,Fastazi-S,0.4000000000000002,36.0,0.86962962962963,12.233333333333333,0.13592592592592592,0,1,30
Compress,34,100%,Fastazi-P,0.4000000000000002,36.0,0.7251851851851853,25.233333333333334,0.2803703703703703,0,1,30
Compress,34,100%,Random,0.4000000000000002,36.0,0.3424074074074074,NA,NA,17,0,13
Compress,35,10%,Ekstazi,0.054945054945054965,5.0,0.09945054945054946,NA,NA,27,0,3
Compress,35,10%,FAST,0.054945054945054965,5.0,0.0,NA,NA,30,0,0
Compress,35,10%,Ekstazi+dpt,0.054945054945054965,5.0,0.0,NA,NA,30,0,0
Compress,35,10%,DPT,0.054945054945054965,5.0,0.0,NA,NA,30,0,0
Compress,35,10%,STARTS,0.054945054945054965,5.0,0.13076923076923078,NA,NA,26,0,4
Compress,35,10%,STARTS+FAST-S,0.054945054945054965,5.0,0.0,NA,NA,30,0,0
Compress,35,10%,STARTS+FAST-P,0.054945054945054965,5.0,0.09505494505494504,NA,NA,27,0,3
Compress,35,10%,STARTS+DPT,0.054945054945054965,5.0,0.0,NA,NA,30,0,0
Compress,35,10%,Fastazi-S,0.054945054945054965,5.0,0.0,NA,NA,30,0,0
Compress,35,10%,Fastazi-P,0.054945054945054965,5.0,0.03168498168498168,NA,NA,29,0,1
Compress,35,10%,Random,0.054945054945054965,5.0,0.09652014652014652,NA,NA,27,0,3
Compress,35,20%,Ekstazi,0.12087912087912088,11.0,0.2217948717948718,NA,NA,23,0,7
Compress,35,20%,FAST,0.12087912087912088,11.0,0.889377289377289,10.566666666666666,0.11611721611721613,0,1,30
Compress,35,20%,Ekstazi+dpt,0.12087912087912088,11.0,0.0,NA,NA,30,0,0
Compress,35,20%,DPT,0.12087912087912088,11.0,0.0,NA,NA,30,0,0
Compress,35,20%,STARTS,0.12087912087912088,11.0,0.25274725274725274,NA,NA,22,0,8
Compress,35,20%,STARTS+FAST-S,0.12087912087912088,11.0,0.9358974358974353,6.333333333333333,0.06959706959706959,0,1,30
Compress,35,20%,STARTS+FAST-P,0.12087912087912088,11.0,0.9384615384615379,6.1,0.06703296703296703,0,1,30
Compress,35,20%,STARTS+DPT,0.12087912087912088,11.0,0.0,NA,NA,30,0,0
Compress,35,20%,Fastazi-S,0.12087912087912088,11.0,0.9194139194139189,7.833333333333333,0.0860805860805861,0,1,30
Compress,35,20%,Fastazi-P,0.12087912087912088,11.0,0.9267399267399262,7.166666666666667,0.07875457875457875,0,1,30
Compress,35,20%,Random,0.12087912087912088,11.0,0.1271062271062271,NA,NA,26,0,4
Compress,35,25%,Ekstazi,0.15384615384615383,14.0,0.3087912087912088,NA,NA,20,0,10
Compress,35,25%,FAST,0.15384615384615383,14.0,0.889377289377289,10.566666666666666,0.11611721611721613,0,1,30
Compress,35,25%,Ekstazi+dpt,0.15384615384615383,14.0,0.0,NA,NA,30,0,0
Compress,35,25%,DPT,0.15384615384615383,14.0,0.0,NA,NA,30,0,0
Compress,35,25%,STARTS,0.15384615384615383,14.0,0.25274725274725274,NA,NA,22,0,8
Compress,35,25%,STARTS+FAST-S,0.15384615384615383,14.0,0.9358974358974353,6.333333333333333,0.06959706959706959,0,1,30
Compress,35,25%,STARTS+FAST-P,0.15384615384615383,14.0,0.9384615384615379,6.1,0.06703296703296703,0,1,30
Compress,35,25%,STARTS+DPT,0.15384615384615383,14.0,0.0,NA,NA,30,0,0
Compress,35,25%,Fastazi-S,0.15384615384615383,14.0,0.9194139194139189,7.833333333333333,0.0860805860805861,0,1,30
Compress,35,25%,Fastazi-P,0.15384615384615383,14.0,0.9267399267399262,7.166666666666667,0.07875457875457875,0,1,30
Compress,35,25%,Random,0.15384615384615383,14.0,0.15549450549450547,NA,NA,25,0,5
Compress,35,30%,Ekstazi,0.18681318681318695,17.0,0.3364468864468865,NA,NA,19,0,11
Compress,35,30%,FAST,0.18681318681318695,17.0,0.889377289377289,10.566666666666666,0.11611721611721613,0,1,30
Compress,35,30%,Ekstazi+dpt,0.18681318681318695,17.0,0.0,NA,NA,30,0,0
Compress,35,30%,DPT,0.18681318681318695,17.0,0.0,NA,NA,30,0,0
Compress,35,30%,STARTS,0.18681318681318695,17.0,0.25274725274725274,NA,NA,22,0,8
Compress,35,30%,STARTS+FAST-S,0.18681318681318695,17.0,0.9358974358974353,6.333333333333333,0.06959706959706959,0,1,30
Compress,35,30%,STARTS+FAST-P,0.18681318681318695,17.0,0.9384615384615379,6.1,0.06703296703296703,0,1,30
Compress,35,30%,STARTS+DPT,0.18681318681318695,17.0,0.0,NA,NA,30,0,0
Compress,35,30%,Fastazi-S,0.18681318681318695,17.0,0.9194139194139189,7.833333333333333,0.0860805860805861,0,1,30
Compress,35,30%,Fastazi-P,0.18681318681318695,17.0,0.9267399267399262,7.166666666666667,0.07875457875457875,0,1,30
Compress,35,30%,Random,0.18681318681318695,17.0,0.21043956043956044,NA,NA,23,0,7
Compress,35,40%,Ekstazi,0.24175824175824176,22.0,0.36336996336996347,NA,NA,18,0,12
Compress,35,40%,FAST,0.24175824175824176,22.0,0.889377289377289,10.566666666666666,0.11611721611721613,0,1,30
Compress,35,40%,Ekstazi+dpt,0.24175824175824176,22.0,0.8076923076923076,18.0,0.1978021978021979,0,1,30
Compress,35,40%,DPT,0.24175824175824176,22.0,0.7967032967032966,19.0,0.20879120879120888,0,1,30
Compress,35,40%,STARTS,0.24175824175824176,22.0,0.2796703296703297,NA,NA,21,0,9
Compress,35,40%,STARTS+FAST-S,0.24175824175824176,22.0,0.9358974358974353,6.333333333333333,0.06959706959706959,0,1,30
Compress,35,40%,STARTS+FAST-P,0.24175824175824176,22.0,0.9384615384615379,6.1,0.06703296703296703,0,1,30
Compress,35,40%,STARTS+DPT,0.24175824175824176,22.0,0.7967032967032966,19.0,0.20879120879120888,0,1,30
Compress,35,40%,Fastazi-S,0.24175824175824176,22.0,0.9194139194139189,7.833333333333333,0.0860805860805861,0,1,30
Compress,35,40%,Fastazi-P,0.24175824175824176,22.0,0.9267399267399262,7.166666666666667,0.07875457875457875,0,1,30
Compress,35,40%,Random,0.24175824175824176,22.0,0.28827838827838825,NA,NA,20,0,10
Compress,35,50%,Ekstazi,0.30769230769230765,28.0,0.4342490842490843,NA,NA,15,0,15
Compress,35,50%,FAST,0.30769230769230765,28.0,0.889377289377289,10.566666666666666,0.11611721611721613,0,1,30
Compress,35,50%,Ekstazi+dpt,0.30769230769230765,28.0,0.8076923076923076,18.0,0.1978021978021979,0,1,30
Compress,35,50%,DPT,0.30769230769230765,28.0,0.7967032967032966,19.0,0.20879120879120888,0,1,30
Compress,35,50%,STARTS,0.30769230769230765,28.0,0.30439560439560437,NA,NA,20,0,10
Compress,35,50%,STARTS+FAST-S,0.30769230769230765,28.0,0.9358974358974353,6.333333333333333,0.06959706959706959,0,1,30
Compress,35,50%,STARTS+FAST-P,0.30769230769230765,28.0,0.9384615384615379,6.1,0.06703296703296703,0,1,30
Compress,35,50%,STARTS+DPT,0.30769230769230765,28.0,0.7967032967032966,19.0,0.20879120879120888,0,1,30
Compress,35,50%,Fastazi-S,0.30769230769230765,28.0,0.9194139194139189,7.833333333333333,0.0860805860805861,0,1,30
Compress,35,50%,Fastazi-P,0.30769230769230765,28.0,0.9267399267399262,7.166666666666667,0.07875457875457875,0,1,30
Compress,35,50%,Random,0.30769230769230765,28.0,0.28827838827838825,NA,NA,20,0,10
Compress,35,60%,Ekstazi,0.3736263736263739,34.0,0.4978021978021978,NA,NA,12,0,18
Compress,35,60%,FAST,0.3736263736263739,34.0,0.889377289377289,10.566666666666666,0.11611721611721613,0,1,30
Compress,35,60%,Ekstazi+dpt,0.3736263736263739,34.0,0.8076923076923076,18.0,0.1978021978021979,0,1,30
Compress,35,60%,DPT,0.3736263736263739,34.0,0.7967032967032966,19.0,0.20879120879120888,0,1,30
Compress,35,60%,STARTS,0.3736263736263739,34.0,0.3701465201465202,NA,NA,17,0,13
Compress,35,60%,STARTS+FAST-S,0.3736263736263739,34.0,0.9358974358974353,6.333333333333333,0.06959706959706959,0,1,30
Compress,35,60%,STARTS+FAST-P,0.3736263736263739,34.0,0.9384615384615379,6.1,0.06703296703296703,0,1,30
Compress,35,60%,STARTS+DPT,0.3736263736263739,34.0,0.7967032967032966,19.0,0.20879120879120888,0,1,30
Compress,35,60%,Fastazi-S,0.3736263736263739,34.0,0.9194139194139189,7.833333333333333,0.0860805860805861,0,1,30
Compress,35,60%,Fastazi-P,0.3736263736263739,34.0,0.9267399267399262,7.166666666666667,0.07875457875457875,0,1,30
Compress,35,60%,Random,0.3736263736263739,34.0,0.3315018315018315,NA,NA,18,0,12
Compress,35,70%,Ekstazi,0.4285714285714287,39.0,0.6360805860805859,NA,NA,5,0,25
Compress,35,70%,FAST,0.4285714285714287,39.0,0.889377289377289,10.566666666666666,0.11611721611721613,0,1,30
Compress,35,70%,Ekstazi+dpt,0.4285714285714287,39.0,0.8076923076923076,18.0,0.1978021978021979,0,1,30
Compress,35,70%,DPT,0.4285714285714287,39.0,0.7967032967032966,19.0,0.20879120879120888,0,1,30
Compress,35,70%,STARTS,0.4285714285714287,39.0,0.4296703296703297,NA,NA,14,0,16
Compress,35,70%,STARTS+FAST-S,0.4285714285714287,39.0,0.9358974358974353,6.333333333333333,0.06959706959706959,0,1,30
Compress,35,70%,STARTS+FAST-P,0.4285714285714287,39.0,0.9384615384615379,6.1,0.06703296703296703,0,1,30
Compress,35,70%,STARTS+DPT,0.4285714285714287,39.0,0.7967032967032966,19.0,0.20879120879120888,0,1,30
Compress,35,70%,Fastazi-S,0.4285714285714287,39.0,0.9194139194139189,7.833333333333333,0.0860805860805861,0,1,30
Compress,35,70%,Fastazi-P,0.4285714285714287,39.0,0.9267399267399262,7.166666666666667,0.07875457875457875,0,1,30
Compress,35,70%,Random,0.4285714285714287,39.0,0.3721611721611721,NA,NA,16,0,14
Compress,35,75%,Ekstazi,0.4615384615384616,42.0,0.6734432234432234,NA,NA,3,0,27
Compress,35,75%,FAST,0.4615384615384616,42.0,0.889377289377289,10.566666666666666,0.11611721611721613,0,1,30
Compress,35,75%,Ekstazi+dpt,0.4615384615384616,42.0,0.8076923076923076,18.0,0.1978021978021979,0,1,30
Compress,35,75%,DPT,0.4615384615384616,42.0,0.7967032967032966,19.0,0.20879120879120888,0,1,30
Compress,35,75%,STARTS,0.4615384615384616,42.0,0.4296703296703297,NA,NA,14,0,16
Compress,35,75%,STARTS+FAST-S,0.4615384615384616,42.0,0.9358974358974353,6.333333333333333,0.06959706959706959,0,1,30
Compress,35,75%,STARTS+FAST-P,0.4615384615384616,42.0,0.9384615384615379,6.1,0.06703296703296703,0,1,30
Compress,35,75%,STARTS+DPT,0.4615384615384616,42.0,0.7967032967032966,19.0,0.20879120879120888,0,1,30
Compress,35,75%,Fastazi-S,0.4615384615384616,42.0,0.9194139194139189,7.833333333333333,0.0860805860805861,0,1,30
Compress,35,75%,Fastazi-P,0.4615384615384616,42.0,0.9267399267399262,7.166666666666667,0.07875457875457875,0,1,30
Compress,35,75%,Random,0.4615384615384616,42.0,0.40952380952380957,NA,NA,14,0,16
Compress,35,80%,Ekstazi,0.4945054945054945,45.0,0.6904761904761902,NA,NA,2,0,28
Compress,35,80%,FAST,0.4945054945054945,45.0,0.889377289377289,10.566666666666666,0.11611721611721613,0,1,30
Compress,35,80%,Ekstazi+dpt,0.4945054945054945,45.0,0.8076923076923076,18.0,0.1978021978021979,0,1,30
Compress,35,80%,DPT,0.4945054945054945,45.0,0.7967032967032966,19.0,0.20879120879120888,0,1,30
Compress,35,80%,STARTS,0.4945054945054945,45.0,0.4644688644688645,NA,NA,12,0,18
Compress,35,80%,STARTS+FAST-S,0.4945054945054945,45.0,0.9358974358974353,6.333333333333333,0.06959706959706959,0,1,30
Compress,35,80%,STARTS+FAST-P,0.4945054945054945,45.0,0.9384615384615379,6.1,0.06703296703296703,0,1,30
Compress,35,80%,STARTS+DPT,0.4945054945054945,45.0,0.7967032967032966,19.0,0.20879120879120888,0,1,30
Compress,35,80%,Fastazi-S,0.4945054945054945,45.0,0.9194139194139189,7.833333333333333,0.0860805860805861,0,1,30
Compress,35,80%,Fastazi-P,0.4945054945054945,45.0,0.9267399267399262,7.166666666666667,0.07875457875457875,0,1,30
Compress,35,80%,Random,0.4945054945054945,45.0,0.40952380952380957,NA,NA,14,0,16
Compress,35,90%,Ekstazi,0.5604395604395603,51.0,0.707142857142857,NA,NA,1,0,29
Compress,35,90%,FAST,0.5604395604395603,51.0,0.889377289377289,10.566666666666666,0.11611721611721613,0,1,30
Compress,35,90%,Ekstazi+dpt,0.5604395604395603,51.0,0.8076923076923076,18.0,0.1978021978021979,0,1,30
Compress,35,90%,DPT,0.5604395604395603,51.0,0.7967032967032966,19.0,0.20879120879120888,0,1,30
Compress,35,90%,STARTS,0.5604395604395603,51.0,0.5285714285714286,NA,NA,8,0,22
Compress,35,90%,STARTS+FAST-S,0.5604395604395603,51.0,0.9358974358974353,6.333333333333333,0.06959706959706959,0,1,30
Compress,35,90%,STARTS+FAST-P,0.5604395604395603,51.0,0.9384615384615379,6.1,0.06703296703296703,0,1,30
Compress,35,90%,STARTS+DPT,0.5604395604395603,51.0,0.7967032967032966,19.0,0.20879120879120888,0,1,30
Compress,35,90%,Fastazi-S,0.5604395604395603,51.0,0.9194139194139189,7.833333333333333,0.0860805860805861,0,1,30
Compress,35,90%,Fastazi-P,0.5604395604395603,51.0,0.9267399267399262,7.166666666666667,0.07875457875457875,0,1,30
Compress,35,90%,Random,0.5604395604395603,51.0,0.40952380952380957,NA,NA,14,0,16
Compress,35,100%,Ekstazi,0.6263736263736263,57.0,0.7208791208791206,25.9,0.28461538461538466,0,1,30
Compress,35,100%,FAST,0.6263736263736263,57.0,0.889377289377289,10.566666666666666,0.11611721611721613,0,1,30
Compress,35,100%,Ekstazi+dpt,0.6263736263736263,57.0,0.8076923076923076,18.0,0.1978021978021979,0,1,30
Compress,35,100%,DPT,0.6263736263736263,57.0,0.7967032967032966,19.0,0.20879120879120888,0,1,30
Compress,35,100%,STARTS,0.6263736263736263,57.0,0.6117216117216117,NA,NA,2,0,28
Compress,35,100%,STARTS+FAST-S,0.6263736263736263,57.0,0.9358974358974353,6.333333333333333,0.06959706959706959,0,1,30
Compress,35,100%,STARTS+FAST-P,0.6263736263736263,57.0,0.9384615384615379,6.1,0.06703296703296703,0,1,30
Compress,35,100%,STARTS+DPT,0.6263736263736263,57.0,0.7967032967032966,19.0,0.20879120879120888,0,1,30
Compress,35,100%,Fastazi-S,0.6263736263736263,57.0,0.9194139194139189,7.833333333333333,0.0860805860805861,0,1,30
Compress,35,100%,Fastazi-P,0.6263736263736263,57.0,0.9267399267399262,7.166666666666667,0.07875457875457875,0,1,30
Compress,35,100%,Random,0.6263736263736263,57.0,0.44890109890109897,NA,NA,11,0,19
Compress,36,10%,Ekstazi,0.0978260869565218,9.0,0.033152173913043474,NA,NA,29,0,1
Compress,36,10%,FAST,0.0978260869565218,9.0,0.0,NA,NA,30,0,0
Compress,36,10%,Ekstazi+dpt,0.0978260869565218,9.0,0.9510869565217386,5.0,0.054347826086956534,0,1,30
Compress,36,10%,DPT,0.0978260869565218,9.0,0.9510869565217386,5.0,0.054347826086956534,0,1,30
Compress,36,10%,STARTS,0.0978260869565218,9.0,0.09583333333333334,NA,NA,27,0,3
Compress,36,10%,STARTS+FAST-S,0.0978260869565218,9.0,0.0,NA,NA,30,0,0
Compress,36,10%,STARTS+FAST-P,0.0978260869565218,9.0,0.033152173913043474,NA,NA,29,0,1
Compress,36,10%,STARTS+DPT,0.0978260869565218,9.0,0.9510869565217386,5.0,0.054347826086956534,0,1,30
Compress,36,10%,Fastazi-S,0.0978260869565218,9.0,0.0,NA,NA,30,0,0
Compress,36,10%,Fastazi-P,0.0978260869565218,9.0,0.0,NA,NA,30,0,0
Compress,36,10%,Random,0.0978260869565218,9.0,0.0,NA,NA,30,0,0
Compress,36,20%,Ekstazi,0.1956521739130436,18.0,0.09184782608695653,NA,NA,27,0,3
Compress,36,20%,FAST,0.1956521739130436,18.0,0.0,NA,NA,30,0,0
Compress,36,20%,Ekstazi+dpt,0.1956521739130436,18.0,0.9510869565217386,5.0,0.054347826086956534,0,1,30
Compress,36,20%,DPT,0.1956521739130436,18.0,0.9510869565217386,5.0,0.054347826086956534,0,1,30
Compress,36,20%,STARTS,0.1956521739130436,18.0,0.12536231884057972,NA,NA,26,0,4
Compress,36,20%,STARTS+FAST-S,0.1956521739130436,18.0,0.0,NA,NA,30,0,0
Compress,36,20%,STARTS+FAST-P,0.1956521739130436,18.0,0.033152173913043474,NA,NA,29,0,1
Compress,36,20%,STARTS+DPT,0.1956521739130436,18.0,0.9510869565217386,5.0,0.054347826086956534,0,1,30
Compress,36,20%,Fastazi-S,0.1956521739130436,18.0,0.0,NA,NA,30,0,0
Compress,36,20%,Fastazi-P,0.1956521739130436,18.0,0.0,NA,NA,30,0,0
Compress,36,20%,Random,0.1956521739130436,18.0,0.0572463768115942,NA,NA,28,0,2
Compress,36,25%,Ekstazi,0.2391304347826086,22.0,0.11739130434782609,NA,NA,26,0,4
Compress,36,25%,FAST,0.2391304347826086,22.0,0.0,NA,NA,30,0,0
Compress,36,25%,Ekstazi+dpt,0.2391304347826086,22.0,0.9510869565217386,5.0,0.054347826086956534,0,1,30
Compress,36,25%,DPT,0.2391304347826086,22.0,0.9510869565217386,5.0,0.054347826086956534,0,1,30
Compress,36,25%,STARTS,0.2391304347826086,22.0,0.1519927536231884,NA,NA,25,0,5
Compress,36,25%,STARTS+FAST-S,0.2391304347826086,22.0,0.0,NA,NA,30,0,0
Compress,36,25%,STARTS+FAST-P,0.2391304347826086,22.0,0.033152173913043474,NA,NA,29,0,1
Compress,36,25%,STARTS+DPT,0.2391304347826086,22.0,0.9510869565217386,5.0,0.054347826086956534,0,1,30
Compress,36,25%,Fastazi-S,0.2391304347826086,22.0,0.0,NA,NA,30,0,0
Compress,36,25%,Fastazi-P,0.2391304347826086,22.0,0.0,NA,NA,30,0,0
Compress,36,25%,Random,0.2391304347826086,22.0,0.10978260869565218,NA,NA,26,0,4
Compress,36,30%,Ekstazi,0.2934782608695653,27.0,0.14184782608695654,NA,NA,25,0,5
Compress,36,30%,FAST,0.2934782608695653,27.0,0.7282608695652178,25.5,0.2771739130434782,0,1,30
Compress,36,30%,Ekstazi+dpt,0.2934782608695653,27.0,0.9510869565217386,5.0,0.054347826086956534,0,1,30
Compress,36,30%,DPT,0.2934782608695653,27.0,0.9510869565217386,5.0,0.054347826086956534,0,1,30
Compress,36,30%,STARTS,0.2934782608695653,27.0,0.22608695652173919,NA,NA,22,0,8
Compress,36,30%,STARTS+FAST-S,0.2934782608695653,27.0,0.0,NA,NA,30,0,0
Compress,36,30%,STARTS+FAST-P,0.2934782608695653,27.0,0.057971014492753624,NA,NA,28,0,2
Compress,36,30%,STARTS+DPT,0.2934782608695653,27.0,0.9510869565217386,5.0,0.054347826086956534,0,1,30
Compress,36,30%,Fastazi-S,0.2934782608695653,27.0,0.7257246376811596,25.733333333333334,0.27971014492753615,0,1,30
Compress,36,30%,Fastazi-P,0.2934782608695653,27.0,0.7286231884057975,25.466666666666665,0.27681159420289847,0,1,30
Compress,36,30%,Random,0.2934782608695653,27.0,0.10978260869565218,NA,NA,26,0,4
Compress,36,40%,Ekstazi,0.3913043478260872,36.0,0.20833333333333334,NA,NA,22,0,8
Compress,36,40%,FAST,0.3913043478260872,36.0,0.7282608695652178,25.5,0.2771739130434782,0,1,30
Compress,36,40%,Ekstazi+dpt,0.3913043478260872,36.0,0.9510869565217386,5.0,0.054347826086956534,0,1,30
Compress,36,40%,DPT,0.3913043478260872,36.0,0.9510869565217386,5.0,0.054347826086956534,0,1,30
Compress,36,40%,STARTS,0.3913043478260872,36.0,0.24909420289855072,NA,NA,21,0,9
Compress,36,40%,STARTS+FAST-S,0.3913043478260872,36.0,0.0,NA,NA,30,0,0
Compress,36,40%,STARTS+FAST-P,0.3913043478260872,36.0,0.057971014492753624,NA,NA,28,0,2
Compress,36,40%,STARTS+DPT,0.3913043478260872,36.0,0.9510869565217386,5.0,0.054347826086956534,0,1,30
Compress,36,40%,Fastazi-S,0.3913043478260872,36.0,0.7257246376811596,25.733333333333334,0.27971014492753615,0,1,30
Compress,36,40%,Fastazi-P,0.3913043478260872,36.0,0.7286231884057975,25.466666666666665,0.27681159420289847,0,1,30
Compress,36,40%,Random,0.3913043478260872,36.0,0.15108695652173912,NA,NA,24,0,6
Compress,36,50%,Ekstazi,0.4891304347826089,45.0,0.2822463768115942,NA,NA,18,0,12
Compress,36,50%,FAST,0.4891304347826089,45.0,0.7282608695652178,25.5,0.2771739130434782,0,1,30
Compress,36,50%,Ekstazi+dpt,0.4891304347826089,45.0,0.9510869565217386,5.0,0.054347826086956534,0,1,30
Compress,36,50%,DPT,0.4891304347826089,45.0,0.9510869565217386,5.0,0.054347826086956534,0,1,30
Compress,36,50%,STARTS,0.4891304347826089,45.0,0.3588768115942029,NA,NA,15,0,15
Compress,36,50%,STARTS+FAST-S,0.4891304347826089,45.0,0.0,NA,NA,30,0,0
Compress,36,50%,STARTS+FAST-P,0.4891304347826089,45.0,0.057971014492753624,NA,NA,28,0,2
Compress,36,50%,STARTS+DPT,0.4891304347826089,45.0,0.9510869565217386,5.0,0.054347826086956534,0,1,30
Compress,36,50%,Fastazi-S,0.4891304347826089,45.0,0.7257246376811596,25.733333333333334,0.27971014492753615,0,1,30
Compress,36,50%,Fastazi-P,0.4891304347826089,45.0,0.7286231884057975,25.466666666666665,0.27681159420289847,0,1,30
Compress,36,50%,Random,0.4891304347826089,45.0,0.20416666666666666,NA,NA,21,0,9
Compress,36,60%,Ekstazi,0.5869565217391306,54.0,0.3452898550724638,NA,NA,14,0,16
Compress,36,60%,FAST,0.5869565217391306,54.0,0.7282608695652178,25.5,0.2771739130434782,0,1,30
Compress,36,60%,Ekstazi+dpt,0.5869565217391306,54.0,0.9510869565217386,5.0,0.054347826086956534,0,1,30
Compress,36,60%,DPT,0.5869565217391306,54.0,0.9510869565217386,5.0,0.054347826086956534,0,1,30
Compress,36,60%,STARTS,0.5869565217391306,54.0,0.43550724637681165,NA,NA,10,0,20
Compress,36,60%,STARTS+FAST-S,0.5869565217391306,54.0,0.4494565217391306,NA,NA,1,0,29
Compress,36,60%,STARTS+FAST-P,0.5869565217391306,54.0,0.48949275362318845,47.46666666666667,0.5159420289855071,0,1,30
Compress,36,60%,STARTS+DPT,0.5869565217391306,54.0,0.9510869565217386,5.0,0.054347826086956534,0,1,30
Compress,36,60%,Fastazi-S,0.5869565217391306,54.0,0.7257246376811596,25.733333333333334,0.27971014492753615,0,1,30
Compress,36,60%,Fastazi-P,0.5869565217391306,54.0,0.7286231884057975,25.466666666666665,0.27681159420289847,0,1,30
Compress,36,60%,Random,0.5869565217391306,54.0,0.29547101449275365,NA,NA,15,0,15
Compress,36,70%,Ekstazi,0.6847826086956522,63.0,0.38170289855072465,NA,NA,11,0,19
Compress,36,70%,FAST,0.6847826086956522,63.0,0.7282608695652178,25.5,0.2771739130434782,0,1,30
Compress,36,70%,Ekstazi+dpt,0.6847826086956522,63.0,0.9510869565217386,5.0,0.054347826086956534,0,1,30
Compress,36,70%,DPT,0.6847826086956522,63.0,0.9510869565217386,5.0,0.054347826086956534,0,1,30
Compress,36,70%,STARTS,0.6847826086956522,63.0,0.4840579710144928,NA,NA,6,0,24
Compress,36,70%,STARTS+FAST-S,0.6847826086956522,63.0,0.46014492753623204,50.166666666666664,0.5452898550724635,0,1,30
Compress,36,70%,STARTS+FAST-P,0.6847826086956522,63.0,0.48949275362318845,47.46666666666667,0.5159420289855071,0,1,30
Compress,36,70%,STARTS+DPT,0.6847826086956522,63.0,0.9510869565217386,5.0,0.054347826086956534,0,1,30
Compress,36,70%,Fastazi-S,0.6847826086956522,63.0,0.7257246376811596,25.733333333333334,0.27971014492753615,0,1,30
Compress,36,70%,Fastazi-P,0.6847826086956522,63.0,0.7286231884057975,25.466666666666665,0.27681159420289847,0,1,30
Compress,36,70%,Random,0.6847826086956522,63.0,0.33152173913043487,NA,NA,12,0,18
Compress,36,75%,Ekstazi,0.739130434782609,68.0,0.391304347826087,NA,NA,10,0,20
Compress,36,75%,FAST,0.739130434782609,68.0,0.7282608695652178,25.5,0.2771739130434782,0,1,30
Compress,36,75%,Ekstazi+dpt,0.739130434782609,68.0,0.9510869565217386,5.0,0.054347826086956534,0,1,30
Compress,36,75%,DPT,0.739130434782609,68.0,0.9510869565217386,5.0,0.054347826086956534,0,1,30
Compress,36,75%,STARTS,0.739130434782609,68.0,0.49365942028985516,NA,NA,5,0,25
Compress,36,75%,STARTS+FAST-S,0.739130434782609,68.0,0.46014492753623204,50.166666666666664,0.5452898550724635,0,1,30
Compress,36,75%,STARTS+FAST-P,0.739130434782609,68.0,0.48949275362318845,47.46666666666667,0.5159420289855071,0,1,30
Compress,36,75%,STARTS+DPT,0.739130434782609,68.0,0.9510869565217386,5.0,0.054347826086956534,0,1,30
Compress,36,75%,Fastazi-S,0.739130434782609,68.0,0.7257246376811596,25.733333333333334,0.27971014492753615,0,1,30
Compress,36,75%,Fastazi-P,0.739130434782609,68.0,0.7286231884057975,25.466666666666665,0.27681159420289847,0,1,30
Compress,36,75%,Random,0.739130434782609,68.0,0.3414855072463769,NA,NA,11,0,19
Compress,36,80%,Ekstazi,0.7826086956521744,72.0,0.39873188405797105,NA,NA,9,0,21
Compress,36,80%,FAST,0.7826086956521744,72.0,0.7282608695652178,25.5,0.2771739130434782,0,1,30
Compress,36,80%,Ekstazi+dpt,0.7826086956521744,72.0,0.9510869565217386,5.0,0.054347826086956534,0,1,30
Compress,36,80%,DPT,0.7826086956521744,72.0,0.9510869565217386,5.0,0.054347826086956534,0,1,30
Compress,36,80%,STARTS,0.7826086956521744,72.0,0.5010869565217392,NA,NA,4,0,26
Compress,36,80%,STARTS+FAST-S,0.7826086956521744,72.0,0.46014492753623204,50.166666666666664,0.5452898550724635,0,1,30
Compress,36,80%,STARTS+FAST-P,0.7826086956521744,72.0,0.48949275362318845,47.46666666666667,0.5159420289855071,0,1,30
Compress,36,80%,STARTS+DPT,0.7826086956521744,72.0,0.9510869565217386,5.0,0.054347826086956534,0,1,30
Compress,36,80%,Fastazi-S,0.7826086956521744,72.0,0.7257246376811596,25.733333333333334,0.27971014492753615,0,1,30
Compress,36,80%,Fastazi-P,0.7826086956521744,72.0,0.7286231884057975,25.466666666666665,0.27681159420289847,0,1,30
Compress,36,80%,Random,0.7826086956521744,72.0,0.36485507246376814,NA,NA,8,0,22
Compress,36,90%,Ekstazi,0.8804347826086955,81.0,0.4405797101449275,NA,NA,2,0,28
Compress,36,90%,FAST,0.8804347826086955,81.0,0.7282608695652178,25.5,0.2771739130434782,0,1,30
Compress,36,90%,Ekstazi+dpt,0.8804347826086955,81.0,0.9510869565217386,5.0,0.054347826086956534,0,1,30
Compress,36,90%,DPT,0.8804347826086955,81.0,0.9510869565217386,5.0,0.054347826086956534,0,1,30
Compress,36,90%,STARTS,0.8804347826086955,81.0,0.511231884057971,NA,NA,2,0,28
Compress,36,90%,STARTS+FAST-S,0.8804347826086955,81.0,0.46014492753623204,50.166666666666664,0.5452898550724635,0,1,30
Compress,36,90%,STARTS+FAST-P,0.8804347826086955,81.0,0.48949275362318845,47.46666666666667,0.5159420289855071,0,1,30
Compress,36,90%,STARTS+DPT,0.8804347826086955,81.0,0.9510869565217386,5.0,0.054347826086956534,0,1,30
Compress,36,90%,Fastazi-S,0.8804347826086955,81.0,0.7257246376811596,25.733333333333334,0.27971014492753615,0,1,30
Compress,36,90%,Fastazi-P,0.8804347826086955,81.0,0.7286231884057975,25.466666666666665,0.27681159420289847,0,1,30
Compress,36,90%,Random,0.8804347826086955,81.0,0.39746376811594214,NA,NA,2,0,28
Compress,36,100%,Ekstazi,0.9891304347826091,91.0,0.44710144927536233,51.36666666666667,0.5583333333333332,0,1,30
Compress,36,100%,FAST,0.9891304347826091,91.0,0.7282608695652178,25.5,0.2771739130434782,0,1,30
Compress,36,100%,Ekstazi+dpt,0.9891304347826091,91.0,0.9510869565217386,5.0,0.054347826086956534,0,1,30
Compress,36,100%,DPT,0.9891304347826091,91.0,0.9510869565217386,5.0,0.054347826086956534,0,1,30
Compress,36,100%,STARTS,0.9891304347826091,91.0,0.5184782608695653,44.8,0.48695652173913034,0,1,30
Compress,36,100%,STARTS+FAST-S,0.9891304347826091,91.0,0.46014492753623204,50.166666666666664,0.5452898550724635,0,1,30
Compress,36,100%,STARTS+FAST-P,0.9891304347826091,91.0,0.48949275362318845,47.46666666666667,0.5159420289855071,0,1,30
Compress,36,100%,STARTS+DPT,0.9891304347826091,91.0,0.9510869565217386,5.0,0.054347826086956534,0,1,30
Compress,36,100%,Fastazi-S,0.9891304347826091,91.0,0.7257246376811596,25.733333333333334,0.27971014492753615,0,1,30
Compress,36,100%,Fastazi-P,0.9891304347826091,91.0,0.7286231884057975,25.466666666666665,0.27681159420289847,0,1,30
Compress,36,100%,Random,0.9891304347826091,91.0,0.40144927536231884,55.56666666666667,0.6039855072463768,0,1,30
Compress,37,10%,Ekstazi,0.032608695652173926,3.0,0.03278985507246377,NA,NA,29,0,1
Compress,37,10%,FAST,0.032608695652173926,3.0,0.0,NA,NA,30,0,0
Compress,37,10%,Ekstazi+dpt,0.032608695652173926,3.0,0.0,NA,NA,30,0,0
Compress,37,10%,DPT,0.032608695652173926,3.0,0.0,NA,NA,30,0,0
Compress,37,10%,STARTS,0.032608695652173926,3.0,0.03278985507246377,NA,NA,29,0,1
Compress,37,10%,STARTS+FAST-S,0.032608695652173926,3.0,0.033152173913043474,NA,NA,29,0,1
Compress,37,10%,STARTS+FAST-P,0.032608695652173926,3.0,0.0,NA,NA,30,0,0
Compress,37,10%,STARTS+DPT,0.032608695652173926,3.0,0.0,NA,NA,30,0,0
Compress,37,10%,Fastazi-S,0.032608695652173926,3.0,0.033152173913043474,NA,NA,29,0,1
Compress,37,10%,Fastazi-P,0.032608695652173926,3.0,0.0,NA,NA,30,0,0
Compress,37,10%,Random,0.032608695652173926,3.0,0.06630434782608695,NA,NA,28,0,2
Compress,37,20%,Ekstazi,0.06521739130434785,6.0,0.22300724637681163,NA,NA,23,0,7
Compress,37,20%,FAST,0.06521739130434785,6.0,0.0,NA,NA,30,0,0
Compress,37,20%,Ekstazi+dpt,0.06521739130434785,6.0,0.0,NA,NA,30,0,0
Compress,37,20%,DPT,0.06521739130434785,6.0,0.0,NA,NA,30,0,0
Compress,37,20%,STARTS,0.06521739130434785,6.0,0.12789855072463768,NA,NA,26,0,4
Compress,37,20%,STARTS+FAST-S,0.06521739130434785,6.0,0.033152173913043474,NA,NA,29,0,1
Compress,37,20%,STARTS+FAST-P,0.06521739130434785,6.0,0.0,NA,NA,30,0,0
Compress,37,20%,STARTS+DPT,0.06521739130434785,6.0,0.0,NA,NA,30,0,0
Compress,37,20%,Fastazi-S,0.06521739130434785,6.0,0.033152173913043474,NA,NA,29,0,1
Compress,37,20%,Fastazi-P,0.06521739130434785,6.0,0.0,NA,NA,30,0,0
Compress,37,20%,Random,0.06521739130434785,6.0,0.09764492753623188,NA,NA,27,0,3
Compress,37,25%,Ekstazi,0.08695652173913039,8.0,0.22300724637681163,NA,NA,23,0,7
Compress,37,25%,FAST,0.08695652173913039,8.0,0.0,NA,NA,30,0,0
Compress,37,25%,Ekstazi+dpt,0.08695652173913039,8.0,0.0,NA,NA,30,0,0
Compress,37,25%,DPT,0.08695652173913039,8.0,0.0,NA,NA,30,0,0
Compress,37,25%,STARTS,0.08695652173913039,8.0,0.18949275362318843,NA,NA,24,0,6
Compress,37,25%,STARTS+FAST-S,0.08695652173913039,8.0,0.033152173913043474,NA,NA,29,0,1
Compress,37,25%,STARTS+FAST-P,0.08695652173913039,8.0,0.0,NA,NA,30,0,0
Compress,37,25%,STARTS+DPT,0.08695652173913039,8.0,0.0,NA,NA,30,0,0
Compress,37,25%,Fastazi-S,0.08695652173913039,8.0,0.033152173913043474,NA,NA,29,0,1
Compress,37,25%,Fastazi-P,0.08695652173913039,8.0,0.0,NA,NA,30,0,0
Compress,37,25%,Random,0.08695652173913039,8.0,0.1286231884057971,NA,NA,26,0,4
Compress,37,30%,Ekstazi,0.0978260869565218,9.0,0.25326086956521743,NA,NA,22,0,8
Compress,37,30%,FAST,0.0978260869565218,9.0,0.0,NA,NA,30,0,0
Compress,37,30%,Ekstazi+dpt,0.0978260869565218,9.0,0.0,NA,NA,30,0,0
Compress,37,30%,DPT,0.0978260869565218,9.0,0.0,NA,NA,30,0,0
Compress,37,30%,STARTS,0.0978260869565218,9.0,0.18949275362318843,NA,NA,24,0,6
Compress,37,30%,STARTS+FAST-S,0.0978260869565218,9.0,0.033152173913043474,NA,NA,29,0,1
Compress,37,30%,STARTS+FAST-P,0.0978260869565218,9.0,0.0,NA,NA,30,0,0
Compress,37,30%,STARTS+DPT,0.0978260869565218,9.0,0.0,NA,NA,30,0,0
Compress,37,30%,Fastazi-S,0.0978260869565218,9.0,0.033152173913043474,NA,NA,29,0,1
Compress,37,30%,Fastazi-P,0.0978260869565218,9.0,0.0,NA,NA,30,0,0
Compress,37,30%,Random,0.0978260869565218,9.0,0.1286231884057971,NA,NA,26,0,4
Compress,37,40%,Ekstazi,0.1304347826086957,12.0,0.4009057971014493,NA,NA,17,0,13
Compress,37,40%,FAST,0.1304347826086957,12.0,0.0,NA,NA,30,0,0
Compress,37,40%,Ekstazi+dpt,0.1304347826086957,12.0,0.0,NA,NA,30,0,0
Compress,37,40%,DPT,0.1304347826086957,12.0,0.0,NA,NA,30,0,0
Compress,37,40%,STARTS,0.1304347826086957,12.0,0.2186594202898551,NA,NA,23,0,7
Compress,37,40%,STARTS+FAST-S,0.1304347826086957,12.0,0.033152173913043474,NA,NA,29,0,1
Compress,37,40%,STARTS+FAST-P,0.1304347826086957,12.0,0.0,NA,NA,30,0,0
Compress,37,40%,STARTS+DPT,0.1304347826086957,12.0,0.0,NA,NA,30,0,0
Compress,37,40%,Fastazi-S,0.1304347826086957,12.0,0.033152173913043474,NA,NA,29,0,1
Compress,37,40%,Fastazi-P,0.1304347826086957,12.0,0.8844202898550722,11.133333333333333,0.12101449275362315,0,1,30
Compress,37,40%,Random,0.1304347826086957,12.0,0.1286231884057971,NA,NA,26,0,4
Compress,37,50%,Ekstazi,0.17391304347826078,16.0,0.4574275362318841,NA,NA,15,0,15
Compress,37,50%,FAST,0.17391304347826078,16.0,0.0,NA,NA,30,0,0
Compress,37,50%,Ekstazi+dpt,0.17391304347826078,16.0,0.0,NA,NA,30,0,0
Compress,37,50%,DPT,0.17391304347826078,16.0,0.0,NA,NA,30,0,0
Compress,37,50%,STARTS,0.17391304347826078,16.0,0.33134057971014497,NA,NA,19,0,11
Compress,37,50%,STARTS+FAST-S,0.17391304347826078,16.0,0.033152173913043474,NA,NA,29,0,1
Compress,37,50%,STARTS+FAST-P,0.17391304347826078,16.0,0.0,NA,NA,30,0,0
Compress,37,50%,STARTS+DPT,0.17391304347826078,16.0,0.0,NA,NA,30,0,0
Compress,37,50%,Fastazi-S,0.17391304347826078,16.0,0.033152173913043474,NA,NA,29,0,1
Compress,37,50%,Fastazi-P,0.17391304347826078,16.0,0.8844202898550722,11.133333333333333,0.12101449275362315,0,1,30
Compress,37,50%,Random,0.17391304347826078,16.0,0.15670289855072464,NA,NA,25,0,5
Compress,37,60%,Ekstazi,0.20652173913043465,19.0,0.5114130434782609,NA,NA,13,0,17
Compress,37,60%,FAST,0.20652173913043465,19.0,0.0,NA,NA,30,0,0
Compress,37,60%,Ekstazi+dpt,0.20652173913043465,19.0,0.0,NA,NA,30,0,0
Compress,37,60%,DPT,0.20652173913043465,19.0,0.0,NA,NA,30,0,0
Compress,37,60%,STARTS,0.20652173913043465,19.0,0.3579710144927537,NA,NA,18,0,12
Compress,37,60%,STARTS+FAST-S,0.20652173913043465,19.0,0.033152173913043474,NA,NA,29,0,1
Compress,37,60%,STARTS+FAST-P,0.20652173913043465,19.0,0.0,NA,NA,30,0,0
Compress,37,60%,STARTS+DPT,0.20652173913043465,19.0,0.0,NA,NA,30,0,0
Compress,37,60%,Fastazi-S,0.20652173913043465,19.0,0.033152173913043474,NA,NA,29,0,1
Compress,37,60%,Fastazi-P,0.20652173913043465,19.0,0.8844202898550722,11.133333333333333,0.12101449275362315,0,1,30
Compress,37,60%,Random,0.20652173913043465,19.0,0.21068840579710146,NA,NA,23,0,7
Compress,37,70%,Ekstazi,0.2391304347826086,22.0,0.6405797101449276,NA,NA,8,0,22
Compress,37,70%,FAST,0.2391304347826086,22.0,0.0,NA,NA,30,0,0
Compress,37,70%,Ekstazi+dpt,0.2391304347826086,22.0,0.0,NA,NA,30,0,0
Compress,37,70%,DPT,0.2391304347826086,22.0,0.0,NA,NA,30,0,0
Compress,37,70%,STARTS,0.2391304347826086,22.0,0.4349637681159421,NA,NA,15,0,15
Compress,37,70%,STARTS+FAST-S,0.2391304347826086,22.0,0.033152173913043474,NA,NA,29,0,1
Compress,37,70%,STARTS+FAST-P,0.2391304347826086,22.0,0.0,NA,NA,30,0,0
Compress,37,70%,STARTS+DPT,0.2391304347826086,22.0,0.0,NA,NA,30,0,0
Compress,37,70%,Fastazi-S,0.2391304347826086,22.0,0.033152173913043474,NA,NA,29,0,1
Compress,37,70%,Fastazi-P,0.2391304347826086,22.0,0.8844202898550722,11.133333333333333,0.12101449275362315,0,1,30
Compress,37,70%,Random,0.2391304347826086,22.0,0.21068840579710146,NA,NA,23,0,7
Compress,37,75%,Ekstazi,0.2608695652173914,24.0,0.6405797101449276,NA,NA,8,0,22
Compress,37,75%,FAST,0.2608695652173914,24.0,0.2730072463768117,NA,NA,19,0,11
Compress,37,75%,Ekstazi+dpt,0.2608695652173914,24.0,0.7492753623188406,23.566666666666666,0.2561594202898551,0,1,30
Compress,37,75%,DPT,0.2608695652173914,24.0,0.0,NA,NA,30,0,0
Compress,37,75%,STARTS,0.2608695652173914,24.0,0.4849637681159421,NA,NA,13,0,17
Compress,37,75%,STARTS+FAST-S,0.2608695652173914,24.0,0.033152173913043474,NA,NA,29,0,1
Compress,37,75%,STARTS+FAST-P,0.2608695652173914,24.0,0.0,NA,NA,30,0,0
Compress,37,75%,STARTS+DPT,0.2608695652173914,24.0,0.0,NA,NA,30,0,0
Compress,37,75%,Fastazi-S,0.2608695652173914,24.0,0.033152173913043474,NA,NA,29,0,1
Compress,37,75%,Fastazi-P,0.2608695652173914,24.0,0.8844202898550722,11.133333333333333,0.12101449275362315,0,1,30
Compress,37,75%,Random,0.2608695652173914,24.0,0.2355072463768116,NA,NA,22,0,8
Compress,37,80%,Ekstazi,0.2717391304347825,25.0,0.6405797101449276,NA,NA,8,0,22
Compress,37,80%,FAST,0.2717391304347825,25.0,0.7376811594202903,24.633333333333333,0.26775362318840573,0,1,30
Compress,37,80%,Ekstazi+dpt,0.2717391304347825,25.0,0.7492753623188406,23.566666666666666,0.2561594202898551,0,1,30
Compress,37,80%,DPT,0.2717391304347825,25.0,0.0,NA,NA,30,0,0
Compress,37,80%,STARTS,0.2717391304347825,25.0,0.4849637681159421,NA,NA,13,0,17
Compress,37,80%,STARTS+FAST-S,0.2717391304347825,25.0,0.033152173913043474,NA,NA,29,0,1
Compress,37,80%,STARTS+FAST-P,0.2717391304347825,25.0,0.0,NA,NA,30,0,0
Compress,37,80%,STARTS+DPT,0.2717391304347825,25.0,0.0,NA,NA,30,0,0
Compress,37,80%,Fastazi-S,0.2717391304347825,25.0,0.033152173913043474,NA,NA,29,0,1
Compress,37,80%,Fastazi-P,0.2717391304347825,25.0,0.8844202898550722,11.133333333333333,0.12101449275362315,0,1,30
Compress,37,80%,Random,0.2717391304347825,25.0,0.2355072463768116,NA,NA,22,0,8
Compress,37,90%,Ekstazi,0.30434782608695676,28.0,0.7358695652173913,NA,NA,4,0,26
Compress,37,90%,FAST,0.30434782608695676,28.0,0.7376811594202903,24.633333333333333,0.26775362318840573,0,1,30
Compress,37,90%,Ekstazi+dpt,0.30434782608695676,28.0,0.7492753623188406,23.566666666666666,0.2561594202898551,0,1,30
Compress,37,90%,DPT,0.30434782608695676,28.0,0.0,NA,NA,30,0,0
Compress,37,90%,STARTS,0.30434782608695676,28.0,0.5086956521739131,NA,NA,12,0,18
Compress,37,90%,STARTS+FAST-S,0.30434782608695676,28.0,0.033152173913043474,NA,NA,29,0,1
Compress,37,90%,STARTS+FAST-P,0.30434782608695676,28.0,0.0,NA,NA,30,0,0
Compress,37,90%,STARTS+DPT,0.30434782608695676,28.0,0.0,NA,NA,30,0,0
Compress,37,90%,Fastazi-S,0.30434782608695676,28.0,0.033152173913043474,NA,NA,29,0,1
Compress,37,90%,Fastazi-P,0.30434782608695676,28.0,0.8844202898550722,11.133333333333333,0.12101449275362315,0,1,30
Compress,37,90%,Random,0.30434782608695676,28.0,0.2355072463768116,NA,NA,22,0,8
Compress,37,100%,Ekstazi,0.34782608695652156,32.0,0.8257246376811594,16.533333333333335,0.17971014492753623,0,1,30
Compress,37,100%,FAST,0.34782608695652156,32.0,0.7376811594202903,24.633333333333333,0.26775362318840573,0,1,30
Compress,37,100%,Ekstazi+dpt,0.34782608695652156,32.0,0.7492753623188406,23.566666666666666,0.2561594202898551,0,1,30
Compress,37,100%,DPT,0.34782608695652156,32.0,0.0,NA,NA,30,0,0
Compress,37,100%,STARTS,0.34782608695652156,32.0,0.5086956521739131,NA,NA,12,0,18
Compress,37,100%,STARTS+FAST-S,0.34782608695652156,32.0,0.033152173913043474,NA,NA,29,0,1
Compress,37,100%,STARTS+FAST-P,0.34782608695652156,32.0,0.0,NA,NA,30,0,0
Compress,37,100%,STARTS+DPT,0.34782608695652156,32.0,0.0,NA,NA,30,0,0
Compress,37,100%,Fastazi-S,0.34782608695652156,32.0,0.6793478260869565,30.0,0.3260869565217393,0,1,30
Compress,37,100%,Fastazi-P,0.34782608695652156,32.0,0.8844202898550722,11.133333333333333,0.12101449275362315,0,1,30
Compress,37,100%,Random,0.34782608695652156,32.0,0.32608695652173914,NA,NA,18,0,12
Compress,38,10%,Ekstazi,0.010869565217391299,1.0,0.09945652173913043,NA,NA,27,0,3
Compress,38,10%,FAST,0.010869565217391299,1.0,0.033152173913043474,NA,NA,29,0,1
Compress,38,10%,Ekstazi+dpt,0.010869565217391299,1.0,0.0,NA,NA,30,0,0
Compress,38,10%,DPT,0.010869565217391299,1.0,0.0,NA,NA,30,0,0
Compress,38,10%,STARTS,0.010869565217391299,1.0,0.033152173913043474,NA,NA,29,0,1
Compress,38,10%,STARTS+FAST-S,0.010869565217391299,1.0,0.0,NA,NA,30,0,0
Compress,38,10%,STARTS+FAST-P,0.010869565217391299,1.0,0.0,NA,NA,30,0,0
Compress,38,10%,STARTS+DPT,0.010869565217391299,1.0,0.0,NA,NA,30,0,0
Compress,38,10%,Fastazi-S,0.010869565217391299,1.0,0.06630434782608695,NA,NA,28,0,2
Compress,38,10%,Fastazi-P,0.010869565217391299,1.0,0.033152173913043474,NA,NA,29,0,1
Compress,38,10%,Random,0.010869565217391299,1.0,0.0,NA,NA,30,0,0
Compress,38,20%,Ekstazi,0.021739130434782598,2.0,0.19782608695652174,NA,NA,24,0,6
Compress,38,20%,FAST,0.021739130434782598,2.0,0.033152173913043474,NA,NA,29,0,1
Compress,38,20%,Ekstazi+dpt,0.021739130434782598,2.0,0.0,NA,NA,30,0,0
Compress,38,20%,DPT,0.021739130434782598,2.0,0.0,NA,NA,30,0,0
Compress,38,20%,STARTS,0.021739130434782598,2.0,0.06594202898550725,NA,NA,28,0,2
Compress,38,20%,STARTS+FAST-S,0.021739130434782598,2.0,0.0,NA,NA,30,0,0
Compress,38,20%,STARTS+FAST-P,0.021739130434782598,2.0,0.03278985507246377,NA,NA,29,0,1
Compress,38,20%,STARTS+DPT,0.021739130434782598,2.0,0.0,NA,NA,30,0,0
Compress,38,20%,Fastazi-S,0.021739130434782598,2.0,0.06630434782608695,NA,NA,28,0,2
Compress,38,20%,Fastazi-P,0.021739130434782598,2.0,0.033152173913043474,NA,NA,29,0,1
Compress,38,20%,Random,0.021739130434782598,2.0,0.0,NA,NA,30,0,0
Compress,38,25%,Ekstazi,0.032608695652173926,3.0,0.32753623188405795,NA,NA,20,0,10
Compress,38,25%,FAST,0.032608695652173926,3.0,0.033152173913043474,NA,NA,29,0,1
Compress,38,25%,Ekstazi+dpt,0.032608695652173926,3.0,0.0,NA,NA,30,0,0
Compress,38,25%,DPT,0.032608695652173926,3.0,0.0,NA,NA,30,0,0
Compress,38,25%,STARTS,0.032608695652173926,3.0,0.06594202898550725,NA,NA,28,0,2
Compress,38,25%,STARTS+FAST-S,0.032608695652173926,3.0,0.4215579710144927,NA,NA,17,0,13
Compress,38,25%,STARTS+FAST-P,0.032608695652173926,3.0,0.3570652173913043,NA,NA,19,0,11
Compress,38,25%,STARTS+DPT,0.032608695652173926,3.0,0.0,NA,NA,30,0,0
Compress,38,25%,Fastazi-S,0.032608695652173926,3.0,0.35815217391304344,NA,NA,19,0,11
Compress,38,25%,Fastazi-P,0.032608695652173926,3.0,0.033152173913043474,NA,NA,29,0,1
Compress,38,25%,Random,0.032608695652173926,3.0,0.0,NA,NA,30,0,0
Compress,38,30%,Ekstazi,0.032608695652173926,3.0,0.32753623188405795,NA,NA,20,0,10
Compress,38,30%,FAST,0.032608695652173926,3.0,0.033152173913043474,NA,NA,29,0,1
Compress,38,30%,Ekstazi+dpt,0.032608695652173926,3.0,0.0,NA,NA,30,0,0
Compress,38,30%,DPT,0.032608695652173926,3.0,0.0,NA,NA,30,0,0
Compress,38,30%,STARTS,0.032608695652173926,3.0,0.06594202898550725,NA,NA,28,0,2
Compress,38,30%,STARTS+FAST-S,0.032608695652173926,3.0,0.4215579710144927,NA,NA,17,0,13
Compress,38,30%,STARTS+FAST-P,0.032608695652173926,3.0,0.3570652173913043,NA,NA,19,0,11
Compress,38,30%,STARTS+DPT,0.032608695652173926,3.0,0.0,NA,NA,30,0,0
Compress,38,30%,Fastazi-S,0.032608695652173926,3.0,0.35815217391304344,NA,NA,19,0,11
Compress,38,30%,Fastazi-P,0.032608695652173926,3.0,0.033152173913043474,NA,NA,29,0,1
Compress,38,30%,Random,0.032608695652173926,3.0,0.0,NA,NA,30,0,0
Compress,38,40%,Ekstazi,0.054347826086956534,5.0,0.3916666666666667,NA,NA,18,0,12
Compress,38,40%,FAST,0.054347826086956534,5.0,0.033152173913043474,NA,NA,29,0,1
Compress,38,40%,Ekstazi+dpt,0.054347826086956534,5.0,0.0,NA,NA,30,0,0
Compress,38,40%,DPT,0.054347826086956534,5.0,0.0,NA,NA,30,0,0
Compress,38,40%,STARTS,0.054347826086956534,5.0,0.09764492753623188,NA,NA,27,0,3
Compress,38,40%,STARTS+FAST-S,0.054347826086956534,5.0,0.4215579710144927,NA,NA,17,0,13
Compress,38,40%,STARTS+FAST-P,0.054347826086956534,5.0,0.3570652173913043,NA,NA,19,0,11
Compress,38,40%,STARTS+DPT,0.054347826086956534,5.0,0.0,NA,NA,30,0,0
Compress,38,40%,Fastazi-S,0.054347826086956534,5.0,0.8701086956521741,NA,NA,3,0,27
Compress,38,40%,Fastazi-P,0.054347826086956534,5.0,0.9208333333333328,NA,NA,1,0,29
Compress,38,40%,Random,0.054347826086956534,5.0,0.03206521739130435,NA,NA,29,0,1
Compress,38,50%,Ekstazi,0.06521739130434785,6.0,0.4856884057971015,NA,NA,15,0,15
Compress,38,50%,FAST,0.06521739130434785,6.0,0.033152173913043474,NA,NA,29,0,1
Compress,38,50%,Ekstazi+dpt,0.06521739130434785,6.0,0.0,NA,NA,30,0,0
Compress,38,50%,DPT,0.06521739130434785,6.0,0.0,NA,NA,30,0,0
Compress,38,50%,STARTS,0.06521739130434785,6.0,0.09764492753623188,NA,NA,27,0,3
Compress,38,50%,STARTS+FAST-S,0.06521739130434785,6.0,0.48423913043478256,NA,NA,15,0,15
Compress,38,50%,STARTS+FAST-P,0.06521739130434785,6.0,0.3570652173913043,NA,NA,19,0,11
Compress,38,50%,STARTS+DPT,0.06521739130434785,6.0,0.0,NA,NA,30,0,0
Compress,38,50%,Fastazi-S,0.06521739130434785,6.0,0.9641304347826088,3.8,0.04130434782608695,0,1,30
Compress,38,50%,Fastazi-P,0.06521739130434785,6.0,0.9521739130434778,4.9,0.0532608695652174,0,1,30
Compress,38,50%,Random,0.06521739130434785,6.0,0.03206521739130435,NA,NA,29,0,1
Compress,38,60%,Ekstazi,0.07608695652173919,7.0,0.547644927536232,NA,NA,13,0,17
Compress,38,60%,FAST,0.07608695652173919,7.0,0.033152173913043474,NA,NA,29,0,1
Compress,38,60%,Ekstazi+dpt,0.07608695652173919,7.0,0.0,NA,NA,30,0,0
Compress,38,60%,DPT,0.07608695652173919,7.0,0.0,NA,NA,30,0,0
Compress,38,60%,STARTS,0.07608695652173919,7.0,0.09764492753623188,NA,NA,27,0,3
Compress,38,60%,STARTS+FAST-S,0.07608695652173919,7.0,0.546195652173913,NA,NA,13,0,17
Compress,38,60%,STARTS+FAST-P,0.07608695652173919,7.0,0.3570652173913043,NA,NA,19,0,11
Compress,38,60%,STARTS+DPT,0.07608695652173919,7.0,0.0,NA,NA,30,0,0
Compress,38,60%,Fastazi-S,0.07608695652173919,7.0,0.9641304347826088,3.8,0.04130434782608695,0,1,30
Compress,38,60%,Fastazi-P,0.07608695652173919,7.0,0.9521739130434778,4.9,0.0532608695652174,0,1,30
Compress,38,60%,Random,0.07608695652173919,7.0,0.03206521739130435,NA,NA,29,0,1
Compress,38,70%,Ekstazi,0.0978260869565218,9.0,0.6697463768115942,NA,NA,9,0,21
Compress,38,70%,FAST,0.0978260869565218,9.0,0.033152173913043474,NA,NA,29,0,1
Compress,38,70%,Ekstazi+dpt,0.0978260869565218,9.0,0.0,NA,NA,30,0,0
Compress,38,70%,DPT,0.0978260869565218,9.0,0.0,NA,NA,30,0,0
Compress,38,70%,STARTS,0.0978260869565218,9.0,0.1282608695652174,NA,NA,26,0,4
Compress,38,70%,STARTS+FAST-S,0.0978260869565218,9.0,0.6682971014492755,NA,NA,9,0,21
Compress,38,70%,STARTS+FAST-P,0.0978260869565218,9.0,0.3570652173913043,NA,NA,19,0,11
Compress,38,70%,STARTS+DPT,0.0978260869565218,9.0,0.0,NA,NA,30,0,0
Compress,38,70%,Fastazi-S,0.0978260869565218,9.0,0.9641304347826088,3.8,0.04130434782608695,0,1,30
Compress,38,70%,Fastazi-P,0.0978260869565218,9.0,0.9521739130434778,4.9,0.0532608695652174,0,1,30
Compress,38,70%,Random,0.0978260869565218,9.0,0.03206521739130435,NA,NA,29,0,1
Compress,38,75%,Ekstazi,0.0978260869565218,9.0,0.6697463768115942,NA,NA,9,0,21
Compress,38,75%,FAST,0.0978260869565218,9.0,0.033152173913043474,NA,NA,29,0,1
Compress,38,75%,Ekstazi+dpt,0.0978260869565218,9.0,0.0,NA,NA,30,0,0
Compress,38,75%,DPT,0.0978260869565218,9.0,0.0,NA,NA,30,0,0
Compress,38,75%,STARTS,0.0978260869565218,9.0,0.1282608695652174,NA,NA,26,0,4
Compress,38,75%,STARTS+FAST-S,0.0978260869565218,9.0,0.6682971014492755,NA,NA,9,0,21
Compress,38,75%,STARTS+FAST-P,0.0978260869565218,9.0,0.3570652173913043,NA,NA,19,0,11
Compress,38,75%,STARTS+DPT,0.0978260869565218,9.0,0.0,NA,NA,30,0,0
Compress,38,75%,Fastazi-S,0.0978260869565218,9.0,0.9641304347826088,3.8,0.04130434782608695,0,1,30
Compress,38,75%,Fastazi-P,0.0978260869565218,9.0,0.9521739130434778,4.9,0.0532608695652174,0,1,30
Compress,38,75%,Random,0.0978260869565218,9.0,0.03206521739130435,NA,NA,29,0,1
Compress,38,80%,Ekstazi,0.10869565217391307,10.0,0.7295289855072464,NA,NA,7,0,23
Compress,38,80%,FAST,0.10869565217391307,10.0,0.033152173913043474,NA,NA,29,0,1
Compress,38,80%,Ekstazi+dpt,0.10869565217391307,10.0,0.0,NA,NA,30,0,0
Compress,38,80%,DPT,0.10869565217391307,10.0,0.0,NA,NA,30,0,0
Compress,38,80%,STARTS,0.10869565217391307,10.0,0.1282608695652174,NA,NA,26,0,4
Compress,38,80%,STARTS+FAST-S,0.10869565217391307,10.0,0.6981884057971015,NA,NA,8,0,22
Compress,38,80%,STARTS+FAST-P,0.10869565217391307,10.0,0.4467391304347826,NA,NA,16,0,14
Compress,38,80%,STARTS+DPT,0.10869565217391307,10.0,0.0,NA,NA,30,0,0
Compress,38,80%,Fastazi-S,0.10869565217391307,10.0,0.9641304347826088,3.8,0.04130434782608695,0,1,30
Compress,38,80%,Fastazi-P,0.10869565217391307,10.0,0.9521739130434778,4.9,0.0532608695652174,0,1,30
Compress,38,80%,Random,0.10869565217391307,10.0,0.06195652173913044,NA,NA,28,0,2
Compress,38,90%,Ekstazi,0.1195652173913043,11.0,0.7885869565217393,NA,NA,5,0,25
Compress,38,90%,FAST,0.1195652173913043,11.0,0.033152173913043474,NA,NA,29,0,1
Compress,38,90%,Ekstazi+dpt,0.1195652173913043,11.0,0.8858695652173909,11.0,0.1195652173913043,0,1,30
Compress,38,90%,DPT,0.1195652173913043,11.0,0.0,NA,NA,30,0,0
Compress,38,90%,STARTS,0.1195652173913043,11.0,0.1282608695652174,NA,NA,26,0,4
Compress,38,90%,STARTS+FAST-S,0.1195652173913043,11.0,0.9344202898550726,6.533333333333333,0.07101449275362319,0,1,30
Compress,38,90%,STARTS+FAST-P,0.1195652173913043,11.0,0.8601449275362321,NA,NA,2,0,28
Compress,38,90%,STARTS+DPT,0.1195652173913043,11.0,0.0,NA,NA,30,0,0
Compress,38,90%,Fastazi-S,0.1195652173913043,11.0,0.9641304347826088,3.8,0.04130434782608695,0,1,30
Compress,38,90%,Fastazi-P,0.1195652173913043,11.0,0.9521739130434778,4.9,0.0532608695652174,0,1,30
Compress,38,90%,Random,0.1195652173913043,11.0,0.06195652173913044,NA,NA,28,0,2
Compress,38,100%,Ekstazi,0.14130434782608695,13.0,0.9333333333333336,6.633333333333334,0.07210144927536234,0,1,30
Compress,38,100%,FAST,0.14130434782608695,13.0,0.033152173913043474,NA,NA,29,0,1
Compress,38,100%,Ekstazi+dpt,0.14130434782608695,13.0,0.8858695652173909,11.0,0.1195652173913043,0,1,30
Compress,38,100%,DPT,0.14130434782608695,13.0,0.0,NA,NA,30,0,0
Compress,38,100%,STARTS,0.14130434782608695,13.0,0.18659420289855075,NA,NA,24,0,6
Compress,38,100%,STARTS+FAST-S,0.14130434782608695,13.0,0.9344202898550726,6.533333333333333,0.07101449275362319,0,1,30
Compress,38,100%,STARTS+FAST-P,0.14130434782608695,13.0,0.9184782608695652,8.0,0.08695652173913042,0,1,30
Compress,38,100%,STARTS+DPT,0.14130434782608695,13.0,0.0,NA,NA,30,0,0
Compress,38,100%,Fastazi-S,0.14130434782608695,13.0,0.9641304347826088,3.8,0.04130434782608695,0,1,30
Compress,38,100%,Fastazi-P,0.14130434782608695,13.0,0.9521739130434778,4.9,0.0532608695652174,0,1,30
Compress,38,100%,Random,0.14130434782608695,13.0,0.06195652173913044,NA,NA,28,0,2
Compress,39,10%,Ekstazi,0.032608695652173926,3.0,0.16394927536231885,NA,NA,25,0,5
Compress,39,10%,FAST,0.032608695652173926,3.0,0.033152173913043474,NA,NA,29,0,1
Compress,39,10%,Ekstazi+dpt,0.032608695652173926,3.0,0.0,NA,NA,30,0,0
Compress,39,10%,DPT,0.032608695652173926,3.0,0.0,NA,NA,30,0,0
Compress,39,10%,STARTS,0.032608695652173926,3.0,0.03242753623188406,NA,NA,29,0,1
Compress,39,10%,STARTS+FAST-S,0.032608695652173926,3.0,0.0,NA,NA,30,0,0
Compress,39,10%,STARTS+FAST-P,0.032608695652173926,3.0,0.0,NA,NA,30,0,0
Compress,39,10%,STARTS+DPT,0.032608695652173926,3.0,0.0,NA,NA,30,0,0
Compress,39,10%,Fastazi-S,0.032608695652173926,3.0,0.0,NA,NA,30,0,0
Compress,39,10%,Fastazi-P,0.032608695652173926,3.0,0.033152173913043474,NA,NA,29,0,1
Compress,39,10%,Random,0.032608695652173926,3.0,0.0,NA,NA,30,0,0
Compress,39,20%,Ekstazi,0.06521739130434785,6.0,0.29112318840579715,NA,NA,21,0,9
Compress,39,20%,FAST,0.06521739130434785,6.0,0.033152173913043474,NA,NA,29,0,1
Compress,39,20%,Ekstazi+dpt,0.06521739130434785,6.0,0.0,NA,NA,30,0,0
Compress,39,20%,DPT,0.06521739130434785,6.0,0.0,NA,NA,30,0,0
Compress,39,20%,STARTS,0.06521739130434785,6.0,0.12681159420289856,NA,NA,26,0,4
Compress,39,20%,STARTS+FAST-S,0.06521739130434785,6.0,0.0,NA,NA,30,0,0
Compress,39,20%,STARTS+FAST-P,0.06521739130434785,6.0,0.0,NA,NA,30,0,0
Compress,39,20%,STARTS+DPT,0.06521739130434785,6.0,0.0,NA,NA,30,0,0
Compress,39,20%,Fastazi-S,0.06521739130434785,6.0,0.0,NA,NA,30,0,0
Compress,39,20%,Fastazi-P,0.06521739130434785,6.0,0.033152173913043474,NA,NA,29,0,1
Compress,39,20%,Random,0.06521739130434785,6.0,0.03134057971014493,NA,NA,29,0,1
Compress,39,25%,Ekstazi,0.07608695652173919,7.0,0.29112318840579715,NA,NA,21,0,9
Compress,39,25%,FAST,0.07608695652173919,7.0,0.033152173913043474,NA,NA,29,0,1
Compress,39,25%,Ekstazi+dpt,0.07608695652173919,7.0,0.0,NA,NA,30,0,0
Compress,39,25%,DPT,0.07608695652173919,7.0,0.0,NA,NA,30,0,0
Compress,39,25%,STARTS,0.07608695652173919,7.0,0.18876811594202897,NA,NA,24,0,6
Compress,39,25%,STARTS+FAST-S,0.07608695652173919,7.0,0.0,NA,NA,30,0,0
Compress,39,25%,STARTS+FAST-P,0.07608695652173919,7.0,0.0,NA,NA,30,0,0
Compress,39,25%,STARTS+DPT,0.07608695652173919,7.0,0.0,NA,NA,30,0,0
Compress,39,25%,Fastazi-S,0.07608695652173919,7.0,0.0,NA,NA,30,0,0
Compress,39,25%,Fastazi-P,0.07608695652173919,7.0,0.033152173913043474,NA,NA,29,0,1
Compress,39,25%,Random,0.07608695652173919,7.0,0.03134057971014493,NA,NA,29,0,1
Compress,39,30%,Ekstazi,0.0978260869565218,9.0,0.29112318840579715,NA,NA,21,0,9
Compress,39,30%,FAST,0.0978260869565218,9.0,0.033152173913043474,NA,NA,29,0,1
Compress,39,30%,Ekstazi+dpt,0.0978260869565218,9.0,0.0,NA,NA,30,0,0
Compress,39,30%,DPT,0.0978260869565218,9.0,0.0,NA,NA,30,0,0
Compress,39,30%,STARTS,0.0978260869565218,9.0,0.18876811594202897,NA,NA,24,0,6
Compress,39,30%,STARTS+FAST-S,0.0978260869565218,9.0,0.0,NA,NA,30,0,0
Compress,39,30%,STARTS+FAST-P,0.0978260869565218,9.0,0.0,NA,NA,30,0,0
Compress,39,30%,STARTS+DPT,0.0978260869565218,9.0,0.0,NA,NA,30,0,0
Compress,39,30%,Fastazi-S,0.0978260869565218,9.0,0.0,NA,NA,30,0,0
Compress,39,30%,Fastazi-P,0.0978260869565218,9.0,0.033152173913043474,NA,NA,29,0,1
Compress,39,30%,Random,0.0978260869565218,9.0,0.061594202898550734,NA,NA,28,0,2
Compress,39,40%,Ekstazi,0.1304347826086957,12.0,0.37971014492753624,NA,NA,18,0,12
Compress,39,40%,FAST,0.1304347826086957,12.0,0.033152173913043474,NA,NA,29,0,1
Compress,39,40%,Ekstazi+dpt,0.1304347826086957,12.0,0.0,NA,NA,30,0,0
Compress,39,40%,DPT,0.1304347826086957,12.0,0.0,NA,NA,30,0,0
Compress,39,40%,STARTS,0.1304347826086957,12.0,0.21829710144927533,NA,NA,23,0,7
Compress,39,40%,STARTS+FAST-S,0.1304347826086957,12.0,0.0,NA,NA,30,0,0
Compress,39,40%,STARTS+FAST-P,0.1304347826086957,12.0,0.0,NA,NA,30,0,0
Compress,39,40%,STARTS+DPT,0.1304347826086957,12.0,0.0,NA,NA,30,0,0
Compress,39,40%,Fastazi-S,0.1304347826086957,12.0,0.0,NA,NA,30,0,0
Compress,39,40%,Fastazi-P,0.1304347826086957,12.0,0.033152173913043474,NA,NA,29,0,1
Compress,39,40%,Random,0.1304347826086957,12.0,0.061594202898550734,NA,NA,28,0,2
Compress,39,50%,Ekstazi,0.16304347826086954,15.0,0.4365942028985507,NA,NA,16,0,14
Compress,39,50%,FAST,0.16304347826086954,15.0,0.033152173913043474,NA,NA,29,0,1
Compress,39,50%,Ekstazi+dpt,0.16304347826086954,15.0,0.0,NA,NA,30,0,0
Compress,39,50%,DPT,0.16304347826086954,15.0,0.0,NA,NA,30,0,0
Compress,39,50%,STARTS,0.16304347826086954,15.0,0.2748188405797102,NA,NA,21,0,9
Compress,39,50%,STARTS+FAST-S,0.16304347826086954,15.0,0.0,NA,NA,30,0,0
Compress,39,50%,STARTS+FAST-P,0.16304347826086954,15.0,0.0,NA,NA,30,0,0
Compress,39,50%,STARTS+DPT,0.16304347826086954,15.0,0.0,NA,NA,30,0,0
Compress,39,50%,Fastazi-S,0.16304347826086954,15.0,0.0,NA,NA,30,0,0
Compress,39,50%,Fastazi-P,0.16304347826086954,15.0,0.033152173913043474,NA,NA,29,0,1
Compress,39,50%,Random,0.16304347826086954,15.0,0.09003623188405797,NA,NA,27,0,3
Compress,39,60%,Ekstazi,0.1956521739130436,18.0,0.5733695652173914,NA,NA,11,0,19
Compress,39,60%,FAST,0.1956521739130436,18.0,0.033152173913043474,NA,NA,29,0,1
Compress,39,60%,Ekstazi+dpt,0.1956521739130436,18.0,0.0,NA,NA,30,0,0
Compress,39,60%,DPT,0.1956521739130436,18.0,0.0,NA,NA,30,0,0
Compress,39,60%,STARTS,0.1956521739130436,18.0,0.30217391304347824,NA,NA,20,0,10
Compress,39,60%,STARTS+FAST-S,0.1956521739130436,18.0,0.0,NA,NA,30,0,0
Compress,39,60%,STARTS+FAST-P,0.1956521739130436,18.0,0.0,NA,NA,30,0,0
Compress,39,60%,STARTS+DPT,0.1956521739130436,18.0,0.0,NA,NA,30,0,0
Compress,39,60%,Fastazi-S,0.1956521739130436,18.0,0.0,NA,NA,30,0,0
Compress,39,60%,Fastazi-P,0.1956521739130436,18.0,0.033152173913043474,NA,NA,29,0,1
Compress,39,60%,Random,0.1956521739130436,18.0,0.14402173913043478,NA,NA,25,0,5
Compress,39,70%,Ekstazi,0.2282608695652175,21.0,0.7043478260869567,NA,NA,6,0,24
Compress,39,70%,FAST,0.2282608695652175,21.0,0.033152173913043474,NA,NA,29,0,1
Compress,39,70%,Ekstazi+dpt,0.2282608695652175,21.0,0.0,NA,NA,30,0,0
Compress,39,70%,DPT,0.2282608695652175,21.0,0.0,NA,NA,30,0,0
Compress,39,70%,STARTS,0.2282608695652175,21.0,0.38206521739130445,NA,NA,17,0,13
Compress,39,70%,STARTS+FAST-S,0.2282608695652175,21.0,0.0,NA,NA,30,0,0
Compress,39,70%,STARTS+FAST-P,0.2282608695652175,21.0,0.0,NA,NA,30,0,0
Compress,39,70%,STARTS+DPT,0.2282608695652175,21.0,0.0,NA,NA,30,0,0
Compress,39,70%,Fastazi-S,0.2282608695652175,21.0,0.0,NA,NA,30,0,0
Compress,39,70%,Fastazi-P,0.2282608695652175,21.0,0.033152173913043474,NA,NA,29,0,1
Compress,39,70%,Random,0.2282608695652175,21.0,0.14402173913043478,NA,NA,25,0,5
Compress,39,75%,Ekstazi,0.25,23.0,0.7802536231884059,NA,NA,3,0,27
Compress,39,75%,FAST,0.25,23.0,0.033152173913043474,NA,NA,29,0,1
Compress,39,75%,Ekstazi+dpt,0.25,23.0,0.0,NA,NA,30,0,0
Compress,39,75%,DPT,0.25,23.0,0.0,NA,NA,30,0,0
Compress,39,75%,STARTS,0.25,23.0,0.4324275362318841,NA,NA,15,0,15
Compress,39,75%,STARTS+FAST-S,0.25,23.0,0.0,NA,NA,30,0,0
Compress,39,75%,STARTS+FAST-P,0.25,23.0,0.0,NA,NA,30,0,0
Compress,39,75%,STARTS+DPT,0.25,23.0,0.0,NA,NA,30,0,0
Compress,39,75%,Fastazi-S,0.25,23.0,0.0,NA,NA,30,0,0
Compress,39,75%,Fastazi-P,0.25,23.0,0.033152173913043474,NA,NA,29,0,1
Compress,39,75%,Random,0.25,23.0,0.16920289855072465,NA,NA,24,0,6
Compress,39,80%,Ekstazi,0.2608695652173914,24.0,0.805072463768116,NA,NA,2,0,28
Compress,39,80%,FAST,0.2608695652173914,24.0,0.033152173913043474,NA,NA,29,0,1
Compress,39,80%,Ekstazi+dpt,0.2608695652173914,24.0,0.0,NA,NA,30,0,0
Compress,39,80%,DPT,0.2608695652173914,24.0,0.0,NA,NA,30,0,0
Compress,39,80%,STARTS,0.2608695652173914,24.0,0.4324275362318841,NA,NA,15,0,15
Compress,39,80%,STARTS+FAST-S,0.2608695652173914,24.0,0.0,NA,NA,30,0,0
Compress,39,80%,STARTS+FAST-P,0.2608695652173914,24.0,0.0,NA,NA,30,0,0
Compress,39,80%,STARTS+DPT,0.2608695652173914,24.0,0.0,NA,NA,30,0,0
Compress,39,80%,Fastazi-S,0.2608695652173914,24.0,0.0,NA,NA,30,0,0
Compress,39,80%,Fastazi-P,0.2608695652173914,24.0,0.033152173913043474,NA,NA,29,0,1
Compress,39,80%,Random,0.2608695652173914,24.0,0.16920289855072465,NA,NA,24,0,6
Compress,39,90%,Ekstazi,0.2934782608695653,27.0,0.8291666666666668,NA,NA,1,0,29
Compress,39,90%,FAST,0.2934782608695653,27.0,0.033152173913043474,NA,NA,29,0,1
Compress,39,90%,Ekstazi+dpt,0.2934782608695653,27.0,0.0,NA,NA,30,0,0
Compress,39,90%,DPT,0.2934782608695653,27.0,0.0,NA,NA,30,0,0
Compress,39,90%,STARTS,0.2934782608695653,27.0,0.4561594202898551,NA,NA,14,0,16
Compress,39,90%,STARTS+FAST-S,0.2934782608695653,27.0,0.0,NA,NA,30,0,0
Compress,39,90%,STARTS+FAST-P,0.2934782608695653,27.0,0.0,NA,NA,30,0,0
Compress,39,90%,STARTS+DPT,0.2934782608695653,27.0,0.0,NA,NA,30,0,0
Compress,39,90%,Fastazi-S,0.2934782608695653,27.0,0.0,NA,NA,30,0,0
Compress,39,90%,Fastazi-P,0.2934782608695653,27.0,0.033152173913043474,NA,NA,29,0,1
Compress,39,90%,Random,0.2934782608695653,27.0,0.21666666666666667,NA,NA,22,0,8
Compress,39,100%,Ekstazi,0.33695652173913065,31.0,0.8518115942028986,14.133333333333333,0.15362318840579714,0,1,30
Compress,39,100%,FAST,0.33695652173913065,31.0,0.033152173913043474,NA,NA,29,0,1
Compress,39,100%,Ekstazi+dpt,0.33695652173913065,31.0,0.6684782608695652,31.0,0.33695652173913065,0,1,30
Compress,39,100%,DPT,0.33695652173913065,31.0,0.0,NA,NA,30,0,0
Compress,39,100%,STARTS,0.33695652173913065,31.0,0.5248188405797102,NA,NA,11,0,19
Compress,39,100%,STARTS+FAST-S,0.33695652173913065,31.0,0.0,NA,NA,30,0,0
Compress,39,100%,STARTS+FAST-P,0.33695652173913065,31.0,0.0,NA,NA,30,0,0
Compress,39,100%,STARTS+DPT,0.33695652173913065,31.0,0.0,NA,NA,30,0,0
Compress,39,100%,Fastazi-S,0.33695652173913065,31.0,0.6684782608695652,31.0,0.33695652173913065,0,1,30
Compress,39,100%,Fastazi-P,0.33695652173913065,31.0,0.6894927536231887,29.066666666666666,0.3159420289855072,0,1,30
Compress,39,100%,Random,0.33695652173913065,31.0,0.26304347826086955,NA,NA,20,0,10
Compress,40,10%,Ekstazi,0.09677419354838705,9.0,0.2537634408602151,NA,NA,22,0,8
Compress,40,10%,FAST,0.09677419354838705,9.0,0.0,NA,NA,30,0,0
Compress,40,10%,Ekstazi+dpt,0.09677419354838705,9.0,0.0,NA,NA,30,0,0
Compress,40,10%,DPT,0.09677419354838705,9.0,0.0,NA,NA,30,0,0
Compress,40,10%,STARTS,0.09677419354838705,9.0,0.12759856630824373,NA,NA,26,0,4
Compress,40,10%,STARTS+FAST-S,0.09677419354838705,9.0,0.06630824372759857,NA,NA,28,0,2
Compress,40,10%,STARTS+FAST-P,0.09677419354838705,9.0,0.0,NA,NA,30,0,0
Compress,40,10%,STARTS+DPT,0.09677419354838705,9.0,0.0,NA,NA,30,0,0
Compress,40,10%,Fastazi-S,0.09677419354838705,9.0,0.0,NA,NA,30,0,0
Compress,40,10%,Fastazi-P,0.09677419354838705,9.0,0.0,NA,NA,30,0,0
Compress,40,10%,Random,0.09677419354838705,9.0,0.09587813620071685,NA,NA,27,0,3
Compress,40,20%,Ekstazi,0.1935483870967741,18.0,0.3118279569892473,NA,NA,20,0,10
Compress,40,20%,FAST,0.1935483870967741,18.0,0.0,NA,NA,30,0,0
Compress,40,20%,Ekstazi+dpt,0.1935483870967741,18.0,0.0,NA,NA,30,0,0
Compress,40,20%,DPT,0.1935483870967741,18.0,0.0,NA,NA,30,0,0
Compress,40,20%,STARTS,0.1935483870967741,18.0,0.24121863799283152,NA,NA,22,0,8
Compress,40,20%,STARTS+FAST-S,0.1935483870967741,18.0,0.06630824372759857,NA,NA,28,0,2
Compress,40,20%,STARTS+FAST-P,0.1935483870967741,18.0,0.0,NA,NA,30,0,0
Compress,40,20%,STARTS+DPT,0.1935483870967741,18.0,0.0,NA,NA,30,0,0
Compress,40,20%,Fastazi-S,0.1935483870967741,18.0,0.0,NA,NA,30,0,0
Compress,40,20%,Fastazi-P,0.1935483870967741,18.0,0.0,NA,NA,30,0,0
Compress,40,20%,Random,0.1935483870967741,18.0,0.182078853046595,NA,NA,24,0,6
Compress,40,25%,Ekstazi,0.24731182795698908,23.0,0.3627240143369176,NA,NA,18,0,12
Compress,40,25%,FAST,0.24731182795698908,23.0,0.0,NA,NA,30,0,0
Compress,40,25%,Ekstazi+dpt,0.24731182795698908,23.0,0.0,NA,NA,30,0,0
Compress,40,25%,DPT,0.24731182795698908,23.0,0.0,NA,NA,30,0,0
Compress,40,25%,STARTS,0.24731182795698908,23.0,0.3700716845878136,NA,NA,17,0,13
Compress,40,25%,STARTS+FAST-S,0.24731182795698908,23.0,0.06630824372759857,NA,NA,28,0,2
Compress,40,25%,STARTS+FAST-P,0.24731182795698908,23.0,0.0,NA,NA,30,0,0
Compress,40,25%,STARTS+DPT,0.24731182795698908,23.0,0.0,NA,NA,30,0,0
Compress,40,25%,Fastazi-S,0.24731182795698908,23.0,0.0,NA,NA,30,0,0
Compress,40,25%,Fastazi-P,0.24731182795698908,23.0,0.0,NA,NA,30,0,0
Compress,40,25%,Random,0.24731182795698908,23.0,0.20842293906810033,NA,NA,23,0,7
Compress,40,30%,Ekstazi,0.29032258064516125,27.0,0.4107526881720431,NA,NA,16,0,14
Compress,40,30%,FAST,0.29032258064516125,27.0,0.0,NA,NA,30,0,0
Compress,40,30%,Ekstazi+dpt,0.29032258064516125,27.0,0.0,NA,NA,30,0,0
Compress,40,30%,DPT,0.29032258064516125,27.0,0.0,NA,NA,30,0,0
Compress,40,30%,STARTS,0.29032258064516125,27.0,0.44265232974910396,NA,NA,14,0,16
Compress,40,30%,STARTS+FAST-S,0.29032258064516125,27.0,0.06630824372759857,NA,NA,28,0,2
Compress,40,30%,STARTS+FAST-P,0.29032258064516125,27.0,0.0,NA,NA,30,0,0
Compress,40,30%,STARTS+DPT,0.29032258064516125,27.0,0.0,NA,NA,30,0,0
Compress,40,30%,Fastazi-S,0.29032258064516125,27.0,0.0,NA,NA,30,0,0
Compress,40,30%,Fastazi-P,0.29032258064516125,27.0,0.0,NA,NA,30,0,0
Compress,40,30%,Random,0.29032258064516125,27.0,0.23261648745519714,NA,NA,22,0,8
Compress,40,40%,Ekstazi,0.3870967741935482,36.0,0.4317204301075269,NA,NA,15,0,15
Compress,40,40%,FAST,0.3870967741935482,36.0,0.0,NA,NA,30,0,0
Compress,40,40%,Ekstazi+dpt,0.3870967741935482,36.0,0.0,NA,NA,30,0,0
Compress,40,40%,DPT,0.3870967741935482,36.0,0.0,NA,NA,30,0,0
Compress,40,40%,STARTS,0.3870967741935482,36.0,0.4650537634408602,NA,NA,13,0,17
Compress,40,40%,STARTS+FAST-S,0.3870967741935482,36.0,0.06630824372759857,NA,NA,28,0,2
Compress,40,40%,STARTS+FAST-P,0.3870967741935482,36.0,0.0,NA,NA,30,0,0
Compress,40,40%,STARTS+DPT,0.3870967741935482,36.0,0.0,NA,NA,30,0,0
Compress,40,40%,Fastazi-S,0.3870967741935482,36.0,0.0,NA,NA,30,0,0
Compress,40,40%,Fastazi-P,0.3870967741935482,36.0,0.0,NA,NA,30,0,0
Compress,40,40%,Random,0.3870967741935482,36.0,0.27491039426523295,NA,NA,20,0,10
Compress,40,50%,Ekstazi,0.49462365591397817,46.0,0.542831541218638,NA,NA,9,0,21
Compress,40,50%,FAST,0.49462365591397817,46.0,0.0,NA,NA,30,0,0
Compress,40,50%,Ekstazi+dpt,0.49462365591397817,46.0,0.0,NA,NA,30,0,0
Compress,40,50%,DPT,0.49462365591397817,46.0,0.0,NA,NA,30,0,0
Compress,40,50%,STARTS,0.49462365591397817,46.0,0.5204301075268817,NA,NA,10,0,20
Compress,40,50%,STARTS+FAST-S,0.49462365591397817,46.0,0.06630824372759857,NA,NA,28,0,2
Compress,40,50%,STARTS+FAST-P,0.49462365591397817,46.0,0.0,NA,NA,30,0,0
Compress,40,50%,STARTS+DPT,0.49462365591397817,46.0,0.0,NA,NA,30,0,0
Compress,40,50%,Fastazi-S,0.49462365591397817,46.0,0.0,NA,NA,30,0,0
Compress,40,50%,Fastazi-P,0.49462365591397817,46.0,0.0,NA,NA,30,0,0
Compress,40,50%,Random,0.49462365591397817,46.0,0.30931899641577054,NA,NA,18,0,12
Compress,40,60%,Ekstazi,0.5913978494623657,55.0,0.5732974910394266,NA,NA,7,0,23
Compress,40,60%,FAST,0.5913978494623657,55.0,0.0,NA,NA,30,0,0
Compress,40,60%,Ekstazi+dpt,0.5913978494623657,55.0,0.0,NA,NA,30,0,0
Compress,40,60%,DPT,0.5913978494623657,55.0,0.0,NA,NA,30,0,0
Compress,40,60%,STARTS,0.5913978494623657,55.0,0.6121863799283155,NA,NA,4,0,26
Compress,40,60%,STARTS+FAST-S,0.5913978494623657,55.0,0.06630824372759857,NA,NA,28,0,2
Compress,40,60%,STARTS+FAST-P,0.5913978494623657,55.0,0.0,NA,NA,30,0,0
Compress,40,60%,STARTS+DPT,0.5913978494623657,55.0,0.0,NA,NA,30,0,0
Compress,40,60%,Fastazi-S,0.5913978494623657,55.0,0.0,NA,NA,30,0,0
Compress,40,60%,Fastazi-P,0.5913978494623657,55.0,0.0,NA,NA,30,0,0
Compress,40,60%,Random,0.5913978494623657,55.0,0.43476702508960574,NA,NA,10,0,20
Compress,40,70%,Ekstazi,0.6881720430107524,64.0,0.606810035842294,NA,NA,4,0,26
Compress,40,70%,FAST,0.6881720430107524,64.0,0.0,NA,NA,30,0,0
Compress,40,70%,Ekstazi+dpt,0.6881720430107524,64.0,0.0,NA,NA,30,0,0
Compress,40,70%,DPT,0.6881720430107524,64.0,0.0,NA,NA,30,0,0
Compress,40,70%,STARTS,0.6881720430107524,64.0,0.6121863799283155,NA,NA,4,0,26
Compress,40,70%,STARTS+FAST-S,0.6881720430107524,64.0,0.06630824372759857,NA,NA,28,0,2
Compress,40,70%,STARTS+FAST-P,0.6881720430107524,64.0,0.0,NA,NA,30,0,0
Compress,40,70%,STARTS+DPT,0.6881720430107524,64.0,0.0,NA,NA,30,0,0
Compress,40,70%,Fastazi-S,0.6881720430107524,64.0,0.0,NA,NA,30,0,0
Compress,40,70%,Fastazi-P,0.6881720430107524,64.0,0.0,NA,NA,30,0,0
Compress,40,70%,Random,0.6881720430107524,64.0,0.43476702508960574,NA,NA,10,0,20
Compress,40,75%,Ekstazi,0.7419354838709679,69.0,0.6170250896057348,NA,NA,3,0,27
Compress,40,75%,FAST,0.7419354838709679,69.0,0.0,NA,NA,30,0,0
Compress,40,75%,Ekstazi+dpt,0.7419354838709679,69.0,0.0,NA,NA,30,0,0
Compress,40,75%,DPT,0.7419354838709679,69.0,0.0,NA,NA,30,0,0
Compress,40,75%,STARTS,0.7419354838709679,69.0,0.6224014336917563,NA,NA,3,0,27
Compress,40,75%,STARTS+FAST-S,0.7419354838709679,69.0,0.09587813620071686,NA,NA,25,0,5
Compress,40,75%,STARTS+FAST-P,0.7419354838709679,69.0,0.029569892473118274,NA,NA,27,0,3
Compress,40,75%,STARTS+DPT,0.7419354838709679,69.0,0.0,NA,NA,30,0,0
Compress,40,75%,Fastazi-S,0.7419354838709679,69.0,0.0,NA,NA,30,0,0
Compress,40,75%,Fastazi-P,0.7419354838709679,69.0,0.0,NA,NA,30,0,0
Compress,40,75%,Random,0.7419354838709679,69.0,0.4541218637992832,NA,NA,8,0,22
Compress,40,80%,Ekstazi,0.7849462365591399,73.0,0.6247311827956991,NA,NA,2,0,28
Compress,40,80%,FAST,0.7849462365591399,73.0,0.0,NA,NA,30,0,0
Compress,40,80%,Ekstazi+dpt,0.7849462365591399,73.0,0.0,NA,NA,30,0,0
Compress,40,80%,DPT,0.7849462365591399,73.0,0.0,NA,NA,30,0,0
Compress,40,80%,STARTS,0.7849462365591399,73.0,0.6224014336917563,NA,NA,3,0,27
Compress,40,80%,STARTS+FAST-S,0.7849462365591399,73.0,0.09587813620071686,NA,NA,25,0,5
Compress,40,80%,STARTS+FAST-P,0.7849462365591399,73.0,0.029569892473118274,NA,NA,27,0,3
Compress,40,80%,STARTS+DPT,0.7849462365591399,73.0,0.0,NA,NA,30,0,0
Compress,40,80%,Fastazi-S,0.7849462365591399,73.0,0.0,NA,NA,30,0,0
Compress,40,80%,Fastazi-P,0.7849462365591399,73.0,0.0,NA,NA,30,0,0
Compress,40,80%,Random,0.7849462365591399,73.0,0.47795698924731184,NA,NA,5,0,25
Compress,40,90%,Ekstazi,0.8817204301075271,82.0,0.6247311827956991,NA,NA,2,0,28
Compress,40,90%,FAST,0.8817204301075271,82.0,0.0,NA,NA,30,0,0
Compress,40,90%,Ekstazi+dpt,0.8817204301075271,82.0,0.0,NA,NA,30,0,0
Compress,40,90%,DPT,0.8817204301075271,82.0,0.012365591397849462,NA,NA,27,0,3
Compress,40,90%,STARTS,0.8817204301075271,82.0,0.6324372759856632,NA,NA,1,0,29
Compress,40,90%,STARTS+FAST-S,0.8817204301075271,82.0,0.09587813620071686,NA,NA,25,0,5
Compress,40,90%,STARTS+FAST-P,0.8817204301075271,82.0,0.029569892473118274,NA,NA,27,0,3
Compress,40,90%,STARTS+DPT,0.8817204301075271,82.0,0.004121863799283154,NA,NA,29,0,1
Compress,40,90%,Fastazi-S,0.8817204301075271,82.0,0.0,NA,NA,30,0,0
Compress,40,90%,Fastazi-P,0.8817204301075271,82.0,0.0,NA,NA,30,0,0
Compress,40,90%,Random,0.8817204301075271,82.0,0.492831541218638,NA,NA,2,0,28
Compress,40,100%,Ekstazi,0.9892473118279563,92.0,0.628673835125448,35.03333333333333,0.3767025089605735,0,1,30
Compress,40,100%,FAST,0.9892473118279563,92.0,0.059139784946236514,88.0,0.9462365591397843,0,1,30
Compress,40,100%,Ekstazi+dpt,0.9892473118279563,92.0,0.05448028673835124,88.43333333333334,0.9508960573476701,0,1,30
Compress,40,100%,DPT,0.9892473118279563,92.0,0.06594982078853044,87.36666666666666,0.9394265232974907,0,1,30
Compress,40,100%,STARTS,0.9892473118279563,92.0,0.6324372759856632,NA,NA,1,0,29
Compress,40,100%,STARTS+FAST-S,0.9892473118279563,92.0,0.1530465949820789,79.26666666666667,0.8523297491039423,0,1,30
Compress,40,100%,STARTS+FAST-P,0.9892473118279563,92.0,0.09175627240143365,84.96666666666667,0.913620071684587,0,1,30
Compress,40,100%,STARTS+DPT,0.9892473118279563,92.0,0.07025089605734763,86.96666666666667,0.9351254480286736,0,1,30
Compress,40,100%,Fastazi-S,0.9892473118279563,92.0,0.06989247311827956,87.0,0.9354838709677412,0,1,30
Compress,40,100%,Fastazi-P,0.9892473118279563,92.0,0.06989247311827956,87.0,0.9354838709677412,0,1,30
Compress,40,100%,Random,0.9892473118279563,92.0,0.49892473118279573,47.1,0.5064516129032258,0,1,30
Compress,41,10%,Ekstazi,0.061224489795918394,6.0,0.3539115646258503,NA,NA,19,0,11
Compress,41,10%,FAST,0.061224489795918394,6.0,0.6530612244897959,NA,NA,10,0,20
Compress,41,10%,Ekstazi+dpt,0.061224489795918394,6.0,0.0,NA,NA,30,0,0
Compress,41,10%,DPT,0.061224489795918394,6.0,0.0,NA,NA,30,0,0
Compress,41,10%,STARTS,0.061224489795918394,6.0,0.06496598639455782,NA,NA,28,0,2
Compress,41,10%,STARTS+FAST-S,0.061224489795918394,6.0,0.6198979591836734,NA,NA,11,0,19
Compress,41,10%,STARTS+FAST-P,0.061224489795918394,6.0,0.8517006802721088,NA,NA,4,0,26
Compress,41,10%,STARTS+DPT,0.061224489795918394,6.0,0.0,NA,NA,30,0,0
Compress,41,10%,Fastazi-S,0.061224489795918394,6.0,0.7477891156462584,NA,NA,7,0,23
Compress,41,10%,Fastazi-P,0.061224489795918394,6.0,0.817517006802721,NA,NA,5,0,25
Compress,41,10%,Random,0.061224489795918394,6.0,0.06564625850340136,NA,NA,28,0,2
Compress,41,20%,Ekstazi,0.1326530612244898,13.0,0.5044217687074829,NA,NA,14,0,16
Compress,41,20%,FAST,0.1326530612244898,13.0,0.808673469387755,NA,NA,5,0,25
Compress,41,20%,Ekstazi+dpt,0.1326530612244898,13.0,0.0,NA,NA,30,0,0
Compress,41,20%,DPT,0.1326530612244898,13.0,0.0,NA,NA,30,0,0
Compress,41,20%,STARTS,0.1326530612244898,13.0,0.216156462585034,NA,NA,23,0,7
Compress,41,20%,STARTS+FAST-S,0.1326530612244898,13.0,0.8357142857142855,NA,NA,4,0,26
Compress,41,20%,STARTS+FAST-P,0.1326530612244898,13.0,0.9738095238095238,3.066666666666667,0.031292517006802724,0,1,30
Compress,41,20%,STARTS+DPT,0.1326530612244898,13.0,0.0,NA,NA,30,0,0
Compress,41,20%,Fastazi-S,0.1326530612244898,13.0,0.7477891156462584,NA,NA,7,0,23
Compress,41,20%,Fastazi-P,0.1326530612244898,13.0,0.817517006802721,NA,NA,5,0,25
Compress,41,20%,Random,0.1326530612244898,13.0,0.18809523809523807,NA,NA,24,0,6
Compress,41,25%,Ekstazi,0.16326530612244908,16.0,0.589625850340136,NA,NA,11,0,19
Compress,41,25%,FAST,0.16326530612244908,16.0,0.808673469387755,NA,NA,5,0,25
Compress,41,25%,Ekstazi+dpt,0.16326530612244908,16.0,0.8564625850340135,14.566666666666666,0.1486394557823129,0,1,30
Compress,41,25%,DPT,0.16326530612244908,16.0,0.8585034013605439,14.366666666666667,0.14659863945578228,0,1,30
Compress,41,25%,STARTS,0.16326530612244908,16.0,0.216156462585034,NA,NA,23,0,7
Compress,41,25%,STARTS+FAST-S,0.16326530612244908,16.0,0.9209183673469385,NA,NA,1,0,29
Compress,41,25%,STARTS+FAST-P,0.16326530612244908,16.0,0.9738095238095238,3.066666666666667,0.031292517006802724,0,1,30
Compress,41,25%,STARTS+DPT,0.16326530612244908,16.0,0.8561224489795912,14.6,0.14897959183673465,0,1,30
Compress,41,25%,Fastazi-S,0.16326530612244908,16.0,0.7477891156462584,NA,NA,7,0,23
Compress,41,25%,Fastazi-P,0.16326530612244908,16.0,0.817517006802721,NA,NA,5,0,25
Compress,41,25%,Random,0.16326530612244908,16.0,0.32976190476190476,NA,NA,19,0,11
Compress,41,30%,Ekstazi,0.1938775510204082,19.0,0.6450680272108844,NA,NA,9,0,21
Compress,41,30%,FAST,0.1938775510204082,19.0,0.808673469387755,NA,NA,5,0,25
Compress,41,30%,Ekstazi+dpt,0.1938775510204082,19.0,0.8564625850340135,14.566666666666666,0.1486394557823129,0,1,30
Compress,41,30%,DPT,0.1938775510204082,19.0,0.8585034013605439,14.366666666666667,0.14659863945578228,0,1,30
Compress,41,30%,STARTS,0.1938775510204082,19.0,0.2431972789115646,NA,NA,22,0,8
Compress,41,30%,STARTS+FAST-S,0.1938775510204082,19.0,0.9209183673469385,NA,NA,1,0,29
Compress,41,30%,STARTS+FAST-P,0.1938775510204082,19.0,0.9738095238095238,3.066666666666667,0.031292517006802724,0,1,30
Compress,41,30%,STARTS+DPT,0.1938775510204082,19.0,0.8561224489795912,14.6,0.14897959183673465,0,1,30
Compress,41,30%,Fastazi-S,0.1938775510204082,19.0,0.7477891156462584,NA,NA,7,0,23
Compress,41,30%,Fastazi-P,0.1938775510204082,19.0,0.817517006802721,NA,NA,5,0,25
Compress,41,30%,Random,0.1938775510204082,19.0,0.3574829931972789,NA,NA,18,0,12
Compress,41,40%,Ekstazi,0.2653061224489796,26.0,0.6974489795918367,NA,NA,7,0,23
Compress,41,40%,FAST,0.2653061224489796,26.0,0.808673469387755,NA,NA,5,0,25
Compress,41,40%,Ekstazi+dpt,0.2653061224489796,26.0,0.8564625850340135,14.566666666666666,0.1486394557823129,0,1,30
Compress,41,40%,DPT,0.2653061224489796,26.0,0.8585034013605439,14.366666666666667,0.14659863945578228,0,1,30
Compress,41,40%,STARTS,0.2653061224489796,26.0,0.3722789115646259,NA,NA,17,0,13
Compress,41,40%,STARTS+FAST-S,0.2653061224489796,26.0,0.9209183673469385,NA,NA,1,0,29
Compress,41,40%,STARTS+FAST-P,0.2653061224489796,26.0,0.9738095238095238,3.066666666666667,0.031292517006802724,0,1,30
Compress,41,40%,STARTS+DPT,0.2653061224489796,26.0,0.8561224489795912,14.6,0.14897959183673465,0,1,30
Compress,41,40%,Fastazi-S,0.2653061224489796,26.0,0.7477891156462584,NA,NA,7,0,23
Compress,41,40%,Fastazi-P,0.2653061224489796,26.0,0.817517006802721,NA,NA,5,0,25
Compress,41,40%,Random,0.2653061224489796,26.0,0.4095238095238095,NA,NA,16,0,14
Compress,41,50%,Ekstazi,0.3367346938775509,33.0,0.744047619047619,NA,NA,5,0,25
Compress,41,50%,FAST,0.3367346938775509,33.0,0.808673469387755,NA,NA,5,0,25
Compress,41,50%,Ekstazi+dpt,0.3367346938775509,33.0,0.8564625850340135,14.566666666666666,0.1486394557823129,0,1,30
Compress,41,50%,DPT,0.3367346938775509,33.0,0.8585034013605439,14.366666666666667,0.14659863945578228,0,1,30
Compress,41,50%,STARTS,0.3367346938775509,33.0,0.5357142857142858,NA,NA,10,0,20
Compress,41,50%,STARTS+FAST-S,0.3367346938775509,33.0,0.9209183673469385,NA,NA,1,0,29
Compress,41,50%,STARTS+FAST-P,0.3367346938775509,33.0,0.9738095238095238,3.066666666666667,0.031292517006802724,0,1,30
Compress,41,50%,STARTS+DPT,0.3367346938775509,33.0,0.8561224489795912,14.6,0.14897959183673465,0,1,30
Compress,41,50%,Fastazi-S,0.3367346938775509,33.0,0.7477891156462584,NA,NA,7,0,23
Compress,41,50%,Fastazi-P,0.3367346938775509,33.0,0.817517006802721,NA,NA,5,0,25
Compress,41,50%,Random,0.3367346938775509,33.0,0.4554421768707482,NA,NA,14,0,16
Compress,41,60%,Ekstazi,0.39795918367346944,39.0,0.7869047619047618,NA,NA,3,0,27
Compress,41,60%,FAST,0.39795918367346944,39.0,0.808673469387755,NA,NA,5,0,25
Compress,41,60%,Ekstazi+dpt,0.39795918367346944,39.0,0.8564625850340135,14.566666666666666,0.1486394557823129,0,1,30
Compress,41,60%,DPT,0.39795918367346944,39.0,0.8585034013605439,14.366666666666667,0.14659863945578228,0,1,30
Compress,41,60%,STARTS,0.39795918367346944,39.0,0.5795918367346939,NA,NA,8,0,22
Compress,41,60%,STARTS+FAST-S,0.39795918367346944,39.0,0.9209183673469385,NA,NA,1,0,29
Compress,41,60%,STARTS+FAST-P,0.39795918367346944,39.0,0.9738095238095238,3.066666666666667,0.031292517006802724,0,1,30
Compress,41,60%,STARTS+DPT,0.39795918367346944,39.0,0.8561224489795912,14.6,0.14897959183673465,0,1,30
Compress,41,60%,Fastazi-S,0.39795918367346944,39.0,0.7477891156462584,NA,NA,7,0,23
Compress,41,60%,Fastazi-P,0.39795918367346944,39.0,0.817517006802721,NA,NA,5,0,25
Compress,41,60%,Random,0.39795918367346944,39.0,0.5188775510204081,NA,NA,11,0,19
Compress,41,70%,Ekstazi,0.4693877551020407,46.0,0.8054421768707481,NA,NA,2,0,28
Compress,41,70%,FAST,0.4693877551020407,46.0,0.808673469387755,NA,NA,5,0,25
Compress,41,70%,Ekstazi+dpt,0.4693877551020407,46.0,0.8564625850340135,14.566666666666666,0.1486394557823129,0,1,30
Compress,41,70%,DPT,0.4693877551020407,46.0,0.8585034013605439,14.366666666666667,0.14659863945578228,0,1,30
Compress,41,70%,STARTS,0.4693877551020407,46.0,0.7144557823129248,NA,NA,1,0,29
Compress,41,70%,STARTS+FAST-S,0.4693877551020407,46.0,0.9209183673469385,NA,NA,1,0,29
Compress,41,70%,STARTS+FAST-P,0.4693877551020407,46.0,0.9738095238095238,3.066666666666667,0.031292517006802724,0,1,30
Compress,41,70%,STARTS+DPT,0.4693877551020407,46.0,0.8561224489795912,14.6,0.14897959183673465,0,1,30
Compress,41,70%,Fastazi-S,0.4693877551020407,46.0,0.8846938775510205,11.8,0.1204081632653061,0,1,30
Compress,41,70%,Fastazi-P,0.4693877551020407,46.0,0.9119047619047617,9.133333333333333,0.09319727891156462,0,1,30
Compress,41,70%,Random,0.4693877551020407,46.0,0.5367346938775509,NA,NA,10,0,20
Compress,41,75%,Ekstazi,0.5,49.0,0.8054421768707481,NA,NA,2,0,28
Compress,41,75%,FAST,0.5,49.0,0.808673469387755,NA,NA,5,0,25
Compress,41,75%,Ekstazi+dpt,0.5,49.0,0.8564625850340135,14.566666666666666,0.1486394557823129,0,1,30
Compress,41,75%,DPT,0.5,49.0,0.8585034013605439,14.366666666666667,0.14659863945578228,0,1,30
Compress,41,75%,STARTS,0.5,49.0,0.7144557823129248,NA,NA,1,0,29
Compress,41,75%,STARTS+FAST-S,0.5,49.0,0.9209183673469385,NA,NA,1,0,29
Compress,41,75%,STARTS+FAST-P,0.5,49.0,0.9738095238095238,3.066666666666667,0.031292517006802724,0,1,30
Compress,41,75%,STARTS+DPT,0.5,49.0,0.8561224489795912,14.6,0.14897959183673465,0,1,30
Compress,41,75%,Fastazi-S,0.5,49.0,0.8846938775510205,11.8,0.1204081632653061,0,1,30
Compress,41,75%,Fastazi-P,0.5,49.0,0.9119047619047617,9.133333333333333,0.09319727891156462,0,1,30
Compress,41,75%,Random,0.5,49.0,0.5367346938775509,NA,NA,10,0,20
Compress,41,80%,Ekstazi,0.5306122448979592,52.0,0.8054421768707481,NA,NA,2,0,28
Compress,41,80%,FAST,0.5306122448979592,52.0,0.808673469387755,NA,NA,5,0,25
Compress,41,80%,Ekstazi+dpt,0.5306122448979592,52.0,0.8564625850340135,14.566666666666666,0.1486394557823129,0,1,30
Compress,41,80%,DPT,0.5306122448979592,52.0,0.8585034013605439,14.366666666666667,0.14659863945578228,0,1,30
Compress,41,80%,STARTS,0.5306122448979592,52.0,0.7144557823129248,NA,NA,1,0,29
Compress,41,80%,STARTS+FAST-S,0.5306122448979592,52.0,0.9374149659863942,6.633333333333334,0.06768707482993198,0,1,30
Compress,41,80%,STARTS+FAST-P,0.5306122448979592,52.0,0.9738095238095238,3.066666666666667,0.031292517006802724,0,1,30
Compress,41,80%,STARTS+DPT,0.5306122448979592,52.0,0.8561224489795912,14.6,0.14897959183673465,0,1,30
Compress,41,80%,Fastazi-S,0.5306122448979592,52.0,0.8846938775510205,11.8,0.1204081632653061,0,1,30
Compress,41,80%,Fastazi-P,0.5306122448979592,52.0,0.9119047619047617,9.133333333333333,0.09319727891156462,0,1,30
Compress,41,80%,Random,0.5306122448979592,52.0,0.5697278911564625,NA,NA,8,0,22
Compress,41,90%,Ekstazi,0.6020408163265307,59.0,0.8333333333333333,16.833333333333332,0.1717687074829932,0,1,30
Compress,41,90%,FAST,0.6020408163265307,59.0,0.808673469387755,NA,NA,5,0,25
Compress,41,90%,Ekstazi+dpt,0.6020408163265307,59.0,0.8564625850340135,14.566666666666666,0.1486394557823129,0,1,30
Compress,41,90%,DPT,0.6020408163265307,59.0,0.8585034013605439,14.366666666666667,0.14659863945578228,0,1,30
Compress,41,90%,STARTS,0.6020408163265307,59.0,0.7278911564625847,27.166666666666668,0.2772108843537416,0,1,30
Compress,41,90%,STARTS+FAST-S,0.6020408163265307,59.0,0.9374149659863942,6.633333333333334,0.06768707482993198,0,1,30
Compress,41,90%,STARTS+FAST-P,0.6020408163265307,59.0,0.9738095238095238,3.066666666666667,0.031292517006802724,0,1,30
Compress,41,90%,STARTS+DPT,0.6020408163265307,59.0,0.8561224489795912,14.6,0.14897959183673465,0,1,30
Compress,41,90%,Fastazi-S,0.6020408163265307,59.0,0.8846938775510205,11.8,0.1204081632653061,0,1,30
Compress,41,90%,Fastazi-P,0.6020408163265307,59.0,0.9119047619047617,9.133333333333333,0.09319727891156462,0,1,30
Compress,41,90%,Random,0.6020408163265307,59.0,0.6258503401360542,NA,NA,4,0,26
Compress,41,100%,Ekstazi,0.6734693877551018,66.0,0.8333333333333333,16.833333333333332,0.1717687074829932,0,1,30
Compress,41,100%,FAST,0.6734693877551018,66.0,0.808673469387755,NA,NA,5,0,25
Compress,41,100%,Ekstazi+dpt,0.6734693877551018,66.0,0.8564625850340135,14.566666666666666,0.1486394557823129,0,1,30
Compress,41,100%,DPT,0.6734693877551018,66.0,0.8585034013605439,14.366666666666667,0.14659863945578228,0,1,30
Compress,41,100%,STARTS,0.6734693877551018,66.0,0.7278911564625847,27.166666666666668,0.2772108843537416,0,1,30
Compress,41,100%,STARTS+FAST-S,0.6734693877551018,66.0,0.9374149659863942,6.633333333333334,0.06768707482993198,0,1,30
Compress,41,100%,STARTS+FAST-P,0.6734693877551018,66.0,0.9738095238095238,3.066666666666667,0.031292517006802724,0,1,30
Compress,41,100%,STARTS+DPT,0.6734693877551018,66.0,0.8561224489795912,14.6,0.14897959183673465,0,1,30
Compress,41,100%,Fastazi-S,0.6734693877551018,66.0,0.8846938775510205,11.8,0.1204081632653061,0,1,30
Compress,41,100%,Fastazi-P,0.6734693877551018,66.0,0.9119047619047617,9.133333333333333,0.09319727891156462,0,1,30
Compress,41,100%,Random,0.6734693877551018,66.0,0.6369047619047616,NA,NA,3,0,27
Compress,42,10%,Ekstazi,0.059405940594059445,6.0,0.0962046204620462,NA,NA,27,0,3
Compress,42,10%,FAST,0.059405940594059445,6.0,0.0,NA,NA,30,0,0
Compress,42,10%,Ekstazi+dpt,0.059405940594059445,6.0,0.0,NA,NA,30,0,0
Compress,42,10%,DPT,0.059405940594059445,6.0,0.0,NA,NA,30,0,0
Compress,42,10%,STARTS,0.059405940594059445,6.0,0.12871287128712872,NA,NA,26,0,4
Compress,42,10%,STARTS+FAST-S,0.059405940594059445,6.0,0.06633663366336634,NA,NA,28,0,2
Compress,42,10%,STARTS+FAST-P,0.059405940594059445,6.0,0.0,NA,NA,30,0,0
Compress,42,10%,STARTS+DPT,0.059405940594059445,6.0,0.0,NA,NA,30,0,0
Compress,42,10%,Fastazi-S,0.059405940594059445,6.0,0.0,NA,NA,30,0,0
Compress,42,10%,Fastazi-P,0.059405940594059445,6.0,0.0,NA,NA,30,0,0
Compress,42,10%,Random,0.059405940594059445,6.0,0.12673267326732673,NA,NA,26,0,4
Compress,42,20%,Ekstazi,0.11881188118811889,12.0,0.15660066006600662,NA,NA,25,0,5
Compress,42,20%,FAST,0.11881188118811889,12.0,0.0,NA,NA,30,0,0
Compress,42,20%,Ekstazi+dpt,0.11881188118811889,12.0,0.0,NA,NA,30,0,0
Compress,42,20%,DPT,0.11881188118811889,12.0,0.0,NA,NA,30,0,0
Compress,42,20%,STARTS,0.11881188118811889,12.0,0.12871287128712872,NA,NA,26,0,4
Compress,42,20%,STARTS+FAST-S,0.11881188118811889,12.0,0.06633663366336634,NA,NA,28,0,2
Compress,42,20%,STARTS+FAST-P,0.11881188118811889,12.0,0.0,NA,NA,30,0,0
Compress,42,20%,STARTS+DPT,0.11881188118811889,12.0,0.0,NA,NA,30,0,0
Compress,42,20%,Fastazi-S,0.11881188118811889,12.0,0.0,NA,NA,30,0,0
Compress,42,20%,Fastazi-P,0.11881188118811889,12.0,0.0,NA,NA,30,0,0
Compress,42,20%,Random,0.11881188118811889,12.0,0.15660066006600662,NA,NA,25,0,5
Compress,42,25%,Ekstazi,0.14851485148514856,15.0,0.27211221122112217,NA,NA,21,0,9
Compress,42,25%,FAST,0.14851485148514856,15.0,0.0,NA,NA,30,0,0
Compress,42,25%,Ekstazi+dpt,0.14851485148514856,15.0,0.0,NA,NA,30,0,0
Compress,42,25%,DPT,0.14851485148514856,15.0,0.0,NA,NA,30,0,0
Compress,42,25%,STARTS,0.14851485148514856,15.0,0.15726072607260727,NA,NA,25,0,5
Compress,42,25%,STARTS+FAST-S,0.14851485148514856,15.0,0.06633663366336634,NA,NA,28,0,2
Compress,42,25%,STARTS+FAST-P,0.14851485148514856,15.0,0.0,NA,NA,30,0,0
Compress,42,25%,STARTS+DPT,0.14851485148514856,15.0,0.0,NA,NA,30,0,0
Compress,42,25%,Fastazi-S,0.14851485148514856,15.0,0.0,NA,NA,30,0,0
Compress,42,25%,Fastazi-P,0.14851485148514856,15.0,0.0,NA,NA,30,0,0
Compress,42,25%,Random,0.14851485148514856,15.0,0.15660066006600662,NA,NA,25,0,5
Compress,42,30%,Ekstazi,0.1782178217821783,18.0,0.2996699669966997,NA,NA,20,0,10
Compress,42,30%,FAST,0.1782178217821783,18.0,0.0,NA,NA,30,0,0
Compress,42,30%,Ekstazi+dpt,0.1782178217821783,18.0,0.0,NA,NA,30,0,0
Compress,42,30%,DPT,0.1782178217821783,18.0,0.0,NA,NA,30,0,0
Compress,42,30%,STARTS,0.1782178217821783,18.0,0.18547854785478546,NA,NA,24,0,6
Compress,42,30%,STARTS+FAST-S,0.1782178217821783,18.0,0.06633663366336634,NA,NA,28,0,2
Compress,42,30%,STARTS+FAST-P,0.1782178217821783,18.0,0.0,NA,NA,30,0,0
Compress,42,30%,STARTS+DPT,0.1782178217821783,18.0,0.0,NA,NA,30,0,0
Compress,42,30%,Fastazi-S,0.1782178217821783,18.0,0.0,NA,NA,30,0,0
Compress,42,30%,Fastazi-P,0.1782178217821783,18.0,0.0,NA,NA,30,0,0
Compress,42,30%,Random,0.1782178217821783,18.0,0.18481848184818483,NA,NA,24,0,6
Compress,42,40%,Ekstazi,0.23762376237623778,24.0,0.32656765676567656,NA,NA,19,0,11
Compress,42,40%,FAST,0.23762376237623778,24.0,0.0,NA,NA,30,0,0
Compress,42,40%,Ekstazi+dpt,0.23762376237623778,24.0,0.0,NA,NA,30,0,0
Compress,42,40%,DPT,0.23762376237623778,24.0,0.0,NA,NA,30,0,0
Compress,42,40%,STARTS,0.23762376237623778,24.0,0.2648514851485148,NA,NA,21,0,9
Compress,42,40%,STARTS+FAST-S,0.23762376237623778,24.0,0.06633663366336634,NA,NA,28,0,2
Compress,42,40%,STARTS+FAST-P,0.23762376237623778,24.0,0.0,NA,NA,30,0,0
Compress,42,40%,STARTS+DPT,0.23762376237623778,24.0,0.0,NA,NA,30,0,0
Compress,42,40%,Fastazi-S,0.23762376237623778,24.0,0.0,NA,NA,30,0,0
Compress,42,40%,Fastazi-P,0.23762376237623778,24.0,0.0,NA,NA,30,0,0
Compress,42,40%,Random,0.23762376237623778,24.0,0.23795379537953798,NA,NA,22,0,8
Compress,42,50%,Ekstazi,0.306930693069307,31.0,0.40066006600660065,NA,NA,16,0,14
Compress,42,50%,FAST,0.306930693069307,31.0,0.0,NA,NA,30,0,0
Compress,42,50%,Ekstazi+dpt,0.306930693069307,31.0,0.712211221122112,29.566666666666666,0.29273927392739285,0,1,30
Compress,42,50%,DPT,0.306930693069307,31.0,0.7141914191419139,29.366666666666667,0.2907590759075908,0,1,30
Compress,42,50%,STARTS,0.306930693069307,31.0,0.36122112211221125,NA,NA,17,0,13
Compress,42,50%,STARTS+FAST-S,0.306930693069307,31.0,0.06633663366336634,NA,NA,28,0,2
Compress,42,50%,STARTS+FAST-P,0.306930693069307,31.0,0.0,NA,NA,30,0,0
Compress,42,50%,STARTS+DPT,0.306930693069307,31.0,0.7122112211221119,29.566666666666666,0.2927392739273928,0,1,30
Compress,42,50%,Fastazi-S,0.306930693069307,31.0,0.0,NA,NA,30,0,0
Compress,42,50%,Fastazi-P,0.306930693069307,31.0,0.0,NA,NA,30,0,0
Compress,42,50%,Random,0.306930693069307,31.0,0.26287128712871294,NA,NA,21,0,9
Compress,42,60%,Ekstazi,0.3663366336633663,37.0,0.5353135313531353,NA,NA,10,0,20
Compress,42,60%,FAST,0.3663366336633663,37.0,0.0,NA,NA,30,0,0
Compress,42,60%,Ekstazi+dpt,0.3663366336633663,37.0,0.712211221122112,29.566666666666666,0.29273927392739285,0,1,30
Compress,42,60%,DPT,0.3663366336633663,37.0,0.7141914191419139,29.366666666666667,0.2907590759075908,0,1,30
Compress,42,60%,STARTS,0.3663366336633663,37.0,0.42772277227722777,NA,NA,14,0,16
Compress,42,60%,STARTS+FAST-S,0.3663366336633663,37.0,0.06633663366336634,NA,NA,28,0,2
Compress,42,60%,STARTS+FAST-P,0.3663366336633663,37.0,0.0,NA,NA,30,0,0
Compress,42,60%,STARTS+DPT,0.3663366336633663,37.0,0.7122112211221119,29.566666666666666,0.2927392739273928,0,1,30
Compress,42,60%,Fastazi-S,0.3663366336633663,37.0,0.0,NA,NA,30,0,0
Compress,42,60%,Fastazi-P,0.3663366336633663,37.0,0.0,NA,NA,30,0,0
Compress,42,60%,Random,0.3663366336633663,37.0,0.3077557755775578,NA,NA,19,0,11
Compress,42,70%,Ekstazi,0.4257425742574256,43.0,0.574917491749175,NA,NA,8,0,22
Compress,42,70%,FAST,0.4257425742574256,43.0,0.0,NA,NA,30,0,0
Compress,42,70%,Ekstazi+dpt,0.4257425742574256,43.0,0.712211221122112,29.566666666666666,0.29273927392739285,0,1,30
Compress,42,70%,DPT,0.4257425742574256,43.0,0.7141914191419139,29.366666666666667,0.2907590759075908,0,1,30
Compress,42,70%,STARTS,0.4257425742574256,43.0,0.44702970297029704,NA,NA,13,0,17
Compress,42,70%,STARTS+FAST-S,0.4257425742574256,43.0,0.06633663366336634,NA,NA,28,0,2
Compress,42,70%,STARTS+FAST-P,0.4257425742574256,43.0,0.0,NA,NA,30,0,0
Compress,42,70%,STARTS+DPT,0.4257425742574256,43.0,0.7122112211221119,29.566666666666666,0.2927392739273928,0,1,30
Compress,42,70%,Fastazi-S,0.4257425742574256,43.0,0.5587458745874586,NA,NA,2,0,28
Compress,42,70%,Fastazi-P,0.4257425742574256,43.0,0.5415841584158417,NA,NA,2,0,28
Compress,42,70%,Random,0.4257425742574256,43.0,0.32805280528052805,NA,NA,18,0,12
Compress,42,75%,Ekstazi,0.45544554455445574,46.0,0.6118811881188119,NA,NA,6,0,24
Compress,42,75%,FAST,0.45544554455445574,46.0,0.0,NA,NA,30,0,0
Compress,42,75%,Ekstazi+dpt,0.45544554455445574,46.0,0.712211221122112,29.566666666666666,0.29273927392739285,0,1,30
Compress,42,75%,DPT,0.45544554455445574,46.0,0.7141914191419139,29.366666666666667,0.2907590759075908,0,1,30
Compress,42,75%,STARTS,0.45544554455445574,46.0,0.4656765676567657,NA,NA,12,0,18
Compress,42,75%,STARTS+FAST-S,0.45544554455445574,46.0,0.06633663366336634,NA,NA,28,0,2
Compress,42,75%,STARTS+FAST-P,0.45544554455445574,46.0,0.0,NA,NA,30,0,0
Compress,42,75%,STARTS+DPT,0.45544554455445574,46.0,0.7122112211221119,29.566666666666666,0.2927392739273928,0,1,30
Compress,42,75%,Fastazi-S,0.45544554455445574,46.0,0.5587458745874586,NA,NA,2,0,28
Compress,42,75%,Fastazi-P,0.45544554455445574,46.0,0.5605610561056106,NA,NA,1,0,29
Compress,42,75%,Random,0.45544554455445574,46.0,0.36501650165016497,NA,NA,16,0,14
Compress,42,80%,Ekstazi,0.4851485148514848,49.0,0.6295379537953796,NA,NA,5,0,25
Compress,42,80%,FAST,0.4851485148514848,49.0,0.0,NA,NA,30,0,0
Compress,42,80%,Ekstazi+dpt,0.4851485148514848,49.0,0.712211221122112,29.566666666666666,0.29273927392739285,0,1,30
Compress,42,80%,DPT,0.4851485148514848,49.0,0.7141914191419139,29.366666666666667,0.2907590759075908,0,1,30
Compress,42,80%,STARTS,0.4851485148514848,49.0,0.483003300330033,NA,NA,11,0,19
Compress,42,80%,STARTS+FAST-S,0.4851485148514848,49.0,0.06633663366336634,NA,NA,28,0,2
Compress,42,80%,STARTS+FAST-P,0.4851485148514848,49.0,0.0,NA,NA,30,0,0
Compress,42,80%,STARTS+DPT,0.4851485148514848,49.0,0.7122112211221119,29.566666666666666,0.2927392739273928,0,1,30
Compress,42,80%,Fastazi-S,0.4851485148514848,49.0,0.5587458745874586,NA,NA,2,0,28
Compress,42,80%,Fastazi-P,0.4851485148514848,49.0,0.5605610561056106,NA,NA,1,0,29
Compress,42,80%,Random,0.4851485148514848,49.0,0.4173267326732673,NA,NA,13,0,17
Compress,42,90%,Ekstazi,0.5445544554455443,55.0,0.6458745874587458,NA,NA,4,0,26
Compress,42,90%,FAST,0.5445544554455443,55.0,0.0,NA,NA,30,0,0
Compress,42,90%,Ekstazi+dpt,0.5445544554455443,55.0,0.712211221122112,29.566666666666666,0.29273927392739285,0,1,30
Compress,42,90%,DPT,0.5445544554455443,55.0,0.7141914191419139,29.366666666666667,0.2907590759075908,0,1,30
Compress,42,90%,STARTS,0.5445544554455443,55.0,0.5330033003300331,NA,NA,8,0,22
Compress,42,90%,STARTS+FAST-S,0.5445544554455443,55.0,0.06633663366336634,NA,NA,28,0,2
Compress,42,90%,STARTS+FAST-P,0.5445544554455443,55.0,0.0,NA,NA,30,0,0
Compress,42,90%,STARTS+DPT,0.5445544554455443,55.0,0.7122112211221119,29.566666666666666,0.2927392739273928,0,1,30
Compress,42,90%,Fastazi-S,0.5445544554455443,55.0,0.5914191419141913,41.766666666666666,0.41353135313531353,0,1,30
Compress,42,90%,Fastazi-P,0.5445544554455443,55.0,0.5759075907590759,43.333333333333336,0.429042904290429,0,1,30
Compress,42,90%,Random,0.5445544554455443,55.0,0.45099009900990095,NA,NA,11,0,19
Compress,42,100%,Ekstazi,0.613861386138614,62.0,0.6996699669966995,30.833333333333332,0.3052805280528052,0,1,30
Compress,42,100%,FAST,0.613861386138614,62.0,0.0,NA,NA,30,0,0
Compress,42,100%,Ekstazi+dpt,0.613861386138614,62.0,0.712211221122112,29.566666666666666,0.29273927392739285,0,1,30
Compress,42,100%,DPT,0.613861386138614,62.0,0.7141914191419139,29.366666666666667,0.2907590759075908,0,1,30
Compress,42,100%,STARTS,0.613861386138614,62.0,0.5757425742574258,NA,NA,5,0,25
Compress,42,100%,STARTS+FAST-S,0.613861386138614,62.0,0.06633663366336634,NA,NA,28,0,2
Compress,42,100%,STARTS+FAST-P,0.613861386138614,62.0,0.0,NA,NA,30,0,0
Compress,42,100%,STARTS+DPT,0.613861386138614,62.0,0.7122112211221119,29.566666666666666,0.2927392739273928,0,1,30
Compress,42,100%,Fastazi-S,0.613861386138614,62.0,0.5914191419141913,41.766666666666666,0.41353135313531353,0,1,30
Compress,42,100%,Fastazi-P,0.613861386138614,62.0,0.5759075907590759,43.333333333333336,0.429042904290429,0,1,30
Compress,42,100%,Random,0.613861386138614,62.0,0.49273927392739275,NA,NA,8,0,22
Compress,43,10%,Ekstazi,0.07142857142857141,8.0,0.06547619047619048,NA,NA,28,0,2
Compress,43,10%,FAST,0.07142857142857141,8.0,0.8491071428571428,NA,NA,4,0,26
Compress,43,10%,Ekstazi+dpt,0.07142857142857141,8.0,0.0,NA,NA,30,0,0
Compress,43,10%,DPT,0.07142857142857141,8.0,0.0,NA,NA,30,0,0
Compress,43,10%,STARTS,0.07142857142857141,8.0,0.06636904761904762,NA,NA,28,0,2
Compress,43,10%,STARTS+FAST-S,0.07142857142857141,8.0,0.623065476190476,NA,NA,11,0,19
Compress,43,10%,STARTS+FAST-P,0.07142857142857141,8.0,0.7546130952380953,NA,NA,7,0,23
Compress,43,10%,STARTS+DPT,0.07142857142857141,8.0,0.0,NA,NA,30,0,0
Compress,43,10%,Fastazi-S,0.07142857142857141,8.0,0.6186011904761906,NA,NA,11,0,19
Compress,43,10%,Fastazi-P,0.07142857142857141,8.0,0.8514880952380953,NA,NA,4,0,26
Compress,43,10%,Random,0.07142857142857141,8.0,0.09568452380952382,NA,NA,27,0,3
Compress,43,20%,Ekstazi,0.15178571428571433,17.0,0.21235119047619047,NA,NA,23,0,7
Compress,43,20%,FAST,0.15178571428571433,17.0,0.9699404761904763,3.8666666666666667,0.03452380952380952,0,1,30
Compress,43,20%,Ekstazi+dpt,0.15178571428571433,17.0,0.0,NA,NA,30,0,0
Compress,43,20%,DPT,0.15178571428571433,17.0,0.0,NA,NA,30,0,0
Compress,43,20%,STARTS,0.15178571428571433,17.0,0.18720238095238095,NA,NA,24,0,6
Compress,43,20%,STARTS+FAST-S,0.15178571428571433,17.0,0.7083333333333333,NA,NA,8,0,22
Compress,43,20%,STARTS+FAST-P,0.15178571428571433,17.0,0.8425595238095238,NA,NA,4,0,26
Compress,43,20%,STARTS+DPT,0.15178571428571433,17.0,0.0,NA,NA,30,0,0
Compress,43,20%,Fastazi-S,0.15178571428571433,17.0,0.9520833333333335,5.866666666666666,0.052380952380952354,0,1,30
Compress,43,20%,Fastazi-P,0.15178571428571433,17.0,0.9741071428571431,3.4,0.030357142857142857,0,1,30
Compress,43,20%,Random,0.15178571428571433,17.0,0.21205357142857145,NA,NA,23,0,7
Compress,43,25%,Ekstazi,0.19642857142857142,22.0,0.26860119047619047,NA,NA,21,0,9
Compress,43,25%,FAST,0.19642857142857142,22.0,0.9699404761904763,3.8666666666666667,0.03452380952380952,0,1,30
Compress,43,25%,Ekstazi+dpt,0.19642857142857142,22.0,0.0,NA,NA,30,0,0
Compress,43,25%,DPT,0.19642857142857142,22.0,0.0,NA,NA,30,0,0
Compress,43,25%,STARTS,0.19642857142857142,22.0,0.24166666666666667,NA,NA,22,0,8
Compress,43,25%,STARTS+FAST-S,0.19642857142857142,22.0,0.7083333333333333,NA,NA,8,0,22
Compress,43,25%,STARTS+FAST-P,0.19642857142857142,22.0,0.8425595238095238,NA,NA,4,0,26
Compress,43,25%,STARTS+DPT,0.19642857142857142,22.0,0.0,NA,NA,30,0,0
Compress,43,25%,Fastazi-S,0.19642857142857142,22.0,0.9520833333333335,5.866666666666666,0.052380952380952354,0,1,30
Compress,43,25%,Fastazi-P,0.19642857142857142,22.0,0.9741071428571431,3.4,0.030357142857142857,0,1,30
Compress,43,25%,Random,0.19642857142857142,22.0,0.21205357142857145,NA,NA,23,0,7
Compress,43,30%,Ekstazi,0.232142857142857,26.0,0.2943452380952381,NA,NA,20,0,10
Compress,43,30%,FAST,0.232142857142857,26.0,0.9699404761904763,3.8666666666666667,0.03452380952380952,0,1,30
Compress,43,30%,Ekstazi+dpt,0.232142857142857,26.0,0.0,NA,NA,30,0,0
Compress,43,30%,DPT,0.232142857142857,26.0,0.0,NA,NA,30,0,0
Compress,43,30%,STARTS,0.232142857142857,26.0,0.2683035714285714,NA,NA,21,0,9
Compress,43,30%,STARTS+FAST-S,0.232142857142857,26.0,0.8385416666666666,NA,NA,3,0,27
Compress,43,30%,STARTS+FAST-P,0.232142857142857,26.0,0.8425595238095238,NA,NA,4,0,26
Compress,43,30%,STARTS+DPT,0.232142857142857,26.0,0.0,NA,NA,30,0,0
Compress,43,30%,Fastazi-S,0.232142857142857,26.0,0.9520833333333335,5.866666666666666,0.052380952380952354,0,1,30
Compress,43,30%,Fastazi-P,0.232142857142857,26.0,0.9741071428571431,3.4,0.030357142857142857,0,1,30
Compress,43,30%,Random,0.232142857142857,26.0,0.21205357142857145,NA,NA,23,0,7
Compress,43,40%,Ekstazi,0.3125,35.0,0.3197916666666666,NA,NA,19,0,11
Compress,43,40%,FAST,0.3125,35.0,0.9699404761904763,3.8666666666666667,0.03452380952380952,0,1,30
Compress,43,40%,Ekstazi+dpt,0.3125,35.0,0.7580357142857145,27.6,0.2464285714285715,0,1,30
Compress,43,40%,DPT,0.3125,35.0,0.7583333333333333,27.566666666666666,0.2461309523809524,0,1,30
Compress,43,40%,STARTS,0.3125,35.0,0.34375,NA,NA,18,0,12
Compress,43,40%,STARTS+FAST-S,0.3125,35.0,0.8636904761904762,NA,NA,2,0,28
Compress,43,40%,STARTS+FAST-P,0.3125,35.0,0.9410714285714287,7.1,0.06339285714285713,0,1,30
Compress,43,40%,STARTS+DPT,0.3125,35.0,0.7592261904761906,27.466666666666665,0.24523809523809526,0,1,30
Compress,43,40%,Fastazi-S,0.3125,35.0,0.9520833333333335,5.866666666666666,0.052380952380952354,0,1,30
Compress,43,40%,Fastazi-P,0.3125,35.0,0.9741071428571431,3.4,0.030357142857142857,0,1,30
Compress,43,40%,Random,0.3125,35.0,0.31116071428571435,NA,NA,19,0,11
Compress,43,50%,Ekstazi,0.39285714285714285,44.0,0.4729166666666667,NA,NA,12,0,18
Compress,43,50%,FAST,0.39285714285714285,44.0,0.9699404761904763,3.8666666666666667,0.03452380952380952,0,1,30
Compress,43,50%,Ekstazi+dpt,0.39285714285714285,44.0,0.7580357142857145,27.6,0.2464285714285715,0,1,30
Compress,43,50%,DPT,0.39285714285714285,44.0,0.7583333333333333,27.566666666666666,0.2461309523809524,0,1,30
Compress,43,50%,STARTS,0.39285714285714285,44.0,0.34375,NA,NA,18,0,12
Compress,43,50%,STARTS+FAST-S,0.39285714285714285,44.0,0.9062500000000001,11.0,0.09821428571428573,0,1,30
Compress,43,50%,STARTS+FAST-P,0.39285714285714285,44.0,0.9410714285714287,7.1,0.06339285714285713,0,1,30
Compress,43,50%,STARTS+DPT,0.39285714285714285,44.0,0.7592261904761906,27.466666666666665,0.24523809523809526,0,1,30
Compress,43,50%,Fastazi-S,0.39285714285714285,44.0,0.9520833333333335,5.866666666666666,0.052380952380952354,0,1,30
Compress,43,50%,Fastazi-P,0.39285714285714285,44.0,0.9741071428571431,3.4,0.030357142857142857,0,1,30
Compress,43,50%,Random,0.39285714285714285,44.0,0.4172619047619048,NA,NA,14,0,16
Compress,43,60%,Ekstazi,0.464285714285714,52.0,0.4912202380952381,NA,NA,11,0,19
Compress,43,60%,FAST,0.464285714285714,52.0,0.9699404761904763,3.8666666666666667,0.03452380952380952,0,1,30
Compress,43,60%,Ekstazi+dpt,0.464285714285714,52.0,0.7580357142857145,27.6,0.2464285714285715,0,1,30
Compress,43,60%,DPT,0.464285714285714,52.0,0.7583333333333333,27.566666666666666,0.2461309523809524,0,1,30
Compress,43,60%,STARTS,0.464285714285714,52.0,0.36354166666666665,NA,NA,17,0,13
Compress,43,60%,STARTS+FAST-S,0.464285714285714,52.0,0.9062500000000001,11.0,0.09821428571428573,0,1,30
Compress,43,60%,STARTS+FAST-P,0.464285714285714,52.0,0.9410714285714287,7.1,0.06339285714285713,0,1,30
Compress,43,60%,STARTS+DPT,0.464285714285714,52.0,0.7592261904761906,27.466666666666665,0.24523809523809526,0,1,30
Compress,43,60%,Fastazi-S,0.464285714285714,52.0,0.9520833333333335,5.866666666666666,0.052380952380952354,0,1,30
Compress,43,60%,Fastazi-P,0.464285714285714,52.0,0.9741071428571431,3.4,0.030357142857142857,0,1,30
Compress,43,60%,Random,0.464285714285714,52.0,0.4352678571428571,NA,NA,13,0,17
Compress,43,70%,Ekstazi,0.5446428571428573,61.0,0.5569940476190477,NA,NA,7,0,23
Compress,43,70%,FAST,0.5446428571428573,61.0,0.9699404761904763,3.8666666666666667,0.03452380952380952,0,1,30
Compress,43,70%,Ekstazi+dpt,0.5446428571428573,61.0,0.7580357142857145,27.6,0.2464285714285715,0,1,30
Compress,43,70%,DPT,0.5446428571428573,61.0,0.7583333333333333,27.566666666666666,0.2461309523809524,0,1,30
Compress,43,70%,STARTS,0.5446428571428573,61.0,0.41547619047619044,NA,NA,14,0,16
Compress,43,70%,STARTS+FAST-S,0.5446428571428573,61.0,0.9062500000000001,11.0,0.09821428571428573,0,1,30
Compress,43,70%,STARTS+FAST-P,0.5446428571428573,61.0,0.9410714285714287,7.1,0.06339285714285713,0,1,30
Compress,43,70%,STARTS+DPT,0.5446428571428573,61.0,0.7592261904761906,27.466666666666665,0.24523809523809526,0,1,30
Compress,43,70%,Fastazi-S,0.5446428571428573,61.0,0.9520833333333335,5.866666666666666,0.052380952380952354,0,1,30
Compress,43,70%,Fastazi-P,0.5446428571428573,61.0,0.9741071428571431,3.4,0.030357142857142857,0,1,30
Compress,43,70%,Random,0.5446428571428573,61.0,0.4505952380952381,NA,NA,12,0,18
Compress,43,75%,Ekstazi,0.589285714285714,66.0,0.5717261904761907,NA,NA,6,0,24
Compress,43,75%,FAST,0.589285714285714,66.0,0.9699404761904763,3.8666666666666667,0.03452380952380952,0,1,30
Compress,43,75%,Ekstazi+dpt,0.589285714285714,66.0,0.7580357142857145,27.6,0.2464285714285715,0,1,30
Compress,43,75%,DPT,0.589285714285714,66.0,0.7583333333333333,27.566666666666666,0.2461309523809524,0,1,30
Compress,43,75%,STARTS,0.589285714285714,66.0,0.41547619047619044,NA,NA,14,0,16
Compress,43,75%,STARTS+FAST-S,0.589285714285714,66.0,0.9062500000000001,11.0,0.09821428571428573,0,1,30
Compress,43,75%,STARTS+FAST-P,0.589285714285714,66.0,0.9410714285714287,7.1,0.06339285714285713,0,1,30
Compress,43,75%,STARTS+DPT,0.589285714285714,66.0,0.7592261904761906,27.466666666666665,0.24523809523809526,0,1,30
Compress,43,75%,Fastazi-S,0.589285714285714,66.0,0.9520833333333335,5.866666666666666,0.052380952380952354,0,1,30
Compress,43,75%,Fastazi-P,0.589285714285714,66.0,0.9741071428571431,3.4,0.030357142857142857,0,1,30
Compress,43,75%,Random,0.589285714285714,66.0,0.465625,NA,NA,11,0,19
Compress,43,80%,Ekstazi,0.625,70.0,0.5979166666666668,NA,NA,4,0,26
Compress,43,80%,FAST,0.625,70.0,0.9699404761904763,3.8666666666666667,0.03452380952380952,0,1,30
Compress,43,80%,Ekstazi+dpt,0.625,70.0,0.7580357142857145,27.6,0.2464285714285715,0,1,30
Compress,43,80%,DPT,0.625,70.0,0.7583333333333333,27.566666666666666,0.2461309523809524,0,1,30
Compress,43,80%,STARTS,0.625,70.0,0.4555059523809524,NA,NA,11,0,19
Compress,43,80%,STARTS+FAST-S,0.625,70.0,0.9062500000000001,11.0,0.09821428571428573,0,1,30
Compress,43,80%,STARTS+FAST-P,0.625,70.0,0.9410714285714287,7.1,0.06339285714285713,0,1,30
Compress,43,80%,STARTS+DPT,0.625,70.0,0.7592261904761906,27.466666666666665,0.24523809523809526,0,1,30
Compress,43,80%,Fastazi-S,0.625,70.0,0.9520833333333335,5.866666666666666,0.052380952380952354,0,1,30
Compress,43,80%,Fastazi-P,0.625,70.0,0.9741071428571431,3.4,0.030357142857142857,0,1,30
Compress,43,80%,Random,0.625,70.0,0.465625,NA,NA,11,0,19
Compress,43,90%,Ekstazi,0.7053571428571427,79.0,0.618154761904762,NA,NA,2,0,28
Compress,43,90%,FAST,0.7053571428571427,79.0,0.9699404761904763,3.8666666666666667,0.03452380952380952,0,1,30
Compress,43,90%,Ekstazi+dpt,0.7053571428571427,79.0,0.7580357142857145,27.6,0.2464285714285715,0,1,30
Compress,43,90%,DPT,0.7053571428571427,79.0,0.7583333333333333,27.566666666666666,0.2461309523809524,0,1,30
Compress,43,90%,STARTS,0.7053571428571427,79.0,0.4880952380952381,NA,NA,8,0,22
Compress,43,90%,STARTS+FAST-S,0.7053571428571427,79.0,0.9062500000000001,11.0,0.09821428571428573,0,1,30
Compress,43,90%,STARTS+FAST-P,0.7053571428571427,79.0,0.9410714285714287,7.1,0.06339285714285713,0,1,30
Compress,43,90%,STARTS+DPT,0.7053571428571427,79.0,0.7592261904761906,27.466666666666665,0.24523809523809526,0,1,30
Compress,43,90%,Fastazi-S,0.7053571428571427,79.0,0.9520833333333335,5.866666666666666,0.052380952380952354,0,1,30
Compress,43,90%,Fastazi-P,0.7053571428571427,79.0,0.9741071428571431,3.4,0.030357142857142857,0,1,30
Compress,43,90%,Random,0.7053571428571427,79.0,0.499702380952381,NA,NA,8,0,22
Compress,43,100%,Ekstazi,0.7857142857142857,88.0,0.6336309523809526,41.53333333333333,0.37083333333333346,0,1,30
Compress,43,100%,FAST,0.7857142857142857,88.0,0.9699404761904763,3.8666666666666667,0.03452380952380952,0,1,30
Compress,43,100%,Ekstazi+dpt,0.7857142857142857,88.0,0.7580357142857145,27.6,0.2464285714285715,0,1,30
Compress,43,100%,DPT,0.7857142857142857,88.0,0.7583333333333333,27.566666666666666,0.2461309523809524,0,1,30
Compress,43,100%,STARTS,0.7857142857142857,88.0,0.5492559523809525,NA,NA,1,0,29
Compress,43,100%,STARTS+FAST-S,0.7857142857142857,88.0,0.9062500000000001,11.0,0.09821428571428573,0,1,30
Compress,43,100%,STARTS+FAST-P,0.7857142857142857,88.0,0.9410714285714287,7.1,0.06339285714285713,0,1,30
Compress,43,100%,STARTS+DPT,0.7857142857142857,88.0,0.7592261904761906,27.466666666666665,0.24523809523809526,0,1,30
Compress,43,100%,Fastazi-S,0.7857142857142857,88.0,0.9520833333333335,5.866666666666666,0.052380952380952354,0,1,30
Compress,43,100%,Fastazi-P,0.7857142857142857,88.0,0.9741071428571431,3.4,0.030357142857142857,0,1,30
Compress,43,100%,Random,0.7857142857142857,88.0,0.5169642857142858,NA,NA,6,0,24
Compress,44,10%,Ekstazi,0.008403361344537815,1.0,0.03319327731092437,NA,NA,29,0,1
Compress,44,10%,FAST,0.008403361344537815,1.0,0.0,NA,NA,30,0,0
Compress,44,10%,Ekstazi+dpt,0.008403361344537815,1.0,0.0,NA,NA,30,0,0
Compress,44,10%,DPT,0.008403361344537815,1.0,0.0,NA,NA,30,0,0
Compress,44,10%,STARTS,0.008403361344537815,1.0,0.0,NA,NA,30,0,0
Compress,44,10%,STARTS+FAST-S,0.008403361344537815,1.0,0.06638655462184874,NA,NA,28,0,2
Compress,44,10%,STARTS+FAST-P,0.008403361344537815,1.0,0.03319327731092437,NA,NA,29,0,1
Compress,44,10%,STARTS+DPT,0.008403361344537815,1.0,0.0,NA,NA,30,0,0
Compress,44,10%,Fastazi-S,0.008403361344537815,1.0,0.06638655462184874,NA,NA,28,0,2
Compress,44,10%,Fastazi-P,0.008403361344537815,1.0,0.0,NA,NA,30,0,0
Compress,44,10%,Random,0.008403361344537815,1.0,0.0,NA,NA,30,0,0
Compress,44,20%,Ekstazi,0.01680672268907563,2.0,0.09901960784313726,NA,NA,27,0,3
Compress,44,20%,FAST,0.01680672268907563,2.0,0.0,NA,NA,30,0,0
Compress,44,20%,Ekstazi+dpt,0.01680672268907563,2.0,0.0,NA,NA,30,0,0
Compress,44,20%,DPT,0.01680672268907563,2.0,0.0,NA,NA,30,0,0
Compress,44,20%,STARTS,0.01680672268907563,2.0,0.0,NA,NA,30,0,0
Compress,44,20%,STARTS+FAST-S,0.01680672268907563,2.0,0.06638655462184874,NA,NA,28,0,2
Compress,44,20%,STARTS+FAST-P,0.01680672268907563,2.0,0.03319327731092437,NA,NA,29,0,1
Compress,44,20%,STARTS+DPT,0.01680672268907563,2.0,0.0,NA,NA,30,0,0
Compress,44,20%,Fastazi-S,0.01680672268907563,2.0,0.06638655462184874,NA,NA,28,0,2
Compress,44,20%,Fastazi-P,0.01680672268907563,2.0,0.0,NA,NA,30,0,0
Compress,44,20%,Random,0.01680672268907563,2.0,0.0,NA,NA,30,0,0
Compress,44,25%,Ekstazi,0.01680672268907563,2.0,0.09901960784313726,NA,NA,27,0,3
Compress,44,25%,FAST,0.01680672268907563,2.0,0.0,NA,NA,30,0,0
Compress,44,25%,Ekstazi+dpt,0.01680672268907563,2.0,0.0,NA,NA,30,0,0
Compress,44,25%,DPT,0.01680672268907563,2.0,0.0,NA,NA,30,0,0
Compress,44,25%,STARTS,0.01680672268907563,2.0,0.0,NA,NA,30,0,0
Compress,44,25%,STARTS+FAST-S,0.01680672268907563,2.0,0.06638655462184874,NA,NA,28,0,2
Compress,44,25%,STARTS+FAST-P,0.01680672268907563,2.0,0.03319327731092437,NA,NA,29,0,1
Compress,44,25%,STARTS+DPT,0.01680672268907563,2.0,0.0,NA,NA,30,0,0
Compress,44,25%,Fastazi-S,0.01680672268907563,2.0,0.06638655462184874,NA,NA,28,0,2
Compress,44,25%,Fastazi-P,0.01680672268907563,2.0,0.0,NA,NA,30,0,0
Compress,44,25%,Random,0.01680672268907563,2.0,0.0,NA,NA,30,0,0
Compress,44,30%,Ekstazi,0.02521008403361346,3.0,0.16428571428571428,NA,NA,25,0,5
Compress,44,30%,FAST,0.02521008403361346,3.0,0.0,NA,NA,30,0,0
Compress,44,30%,Ekstazi+dpt,0.02521008403361346,3.0,0.0,NA,NA,30,0,0
Compress,44,30%,DPT,0.02521008403361346,3.0,0.0,NA,NA,30,0,0
Compress,44,30%,STARTS,0.02521008403361346,3.0,0.06526610644257703,NA,NA,28,0,2
Compress,44,30%,STARTS+FAST-S,0.02521008403361346,3.0,0.06638655462184874,NA,NA,28,0,2
Compress,44,30%,STARTS+FAST-P,0.02521008403361346,3.0,0.03319327731092437,NA,NA,29,0,1
Compress,44,30%,STARTS+DPT,0.02521008403361346,3.0,0.0,NA,NA,30,0,0
Compress,44,30%,Fastazi-S,0.02521008403361346,3.0,0.06638655462184874,NA,NA,28,0,2
Compress,44,30%,Fastazi-P,0.02521008403361346,3.0,0.0,NA,NA,30,0,0
Compress,44,30%,Random,0.02521008403361346,3.0,0.0,NA,NA,30,0,0
Compress,44,40%,Ekstazi,0.03361344537815126,4.0,0.1966386554621849,NA,NA,24,0,6
Compress,44,40%,FAST,0.03361344537815126,4.0,0.0,NA,NA,30,0,0
Compress,44,40%,Ekstazi+dpt,0.03361344537815126,4.0,0.0,NA,NA,30,0,0
Compress,44,40%,DPT,0.03361344537815126,4.0,0.0,NA,NA,30,0,0
Compress,44,40%,STARTS,0.03361344537815126,4.0,0.09761904761904762,NA,NA,27,0,3
Compress,44,40%,STARTS+FAST-S,0.03361344537815126,4.0,0.06638655462184874,NA,NA,28,0,2
Compress,44,40%,STARTS+FAST-P,0.03361344537815126,4.0,0.03319327731092437,NA,NA,29,0,1
Compress,44,40%,STARTS+DPT,0.03361344537815126,4.0,0.0,NA,NA,30,0,0
Compress,44,40%,Fastazi-S,0.03361344537815126,4.0,0.06638655462184874,NA,NA,28,0,2
Compress,44,40%,Fastazi-P,0.03361344537815126,4.0,0.0,NA,NA,30,0,0
Compress,44,40%,Random,0.03361344537815126,4.0,0.0,NA,NA,30,0,0
Compress,44,50%,Ekstazi,0.04201680672268908,5.0,0.32492997198879553,NA,NA,20,0,10
Compress,44,50%,FAST,0.04201680672268908,5.0,0.0,NA,NA,30,0,0
Compress,44,50%,Ekstazi+dpt,0.04201680672268908,5.0,0.0,NA,NA,30,0,0
Compress,44,50%,DPT,0.04201680672268908,5.0,0.0,NA,NA,30,0,0
Compress,44,50%,STARTS,0.04201680672268908,5.0,0.09761904761904762,NA,NA,27,0,3
Compress,44,50%,STARTS+FAST-S,0.04201680672268908,5.0,0.06638655462184874,NA,NA,28,0,2
Compress,44,50%,STARTS+FAST-P,0.04201680672268908,5.0,0.03319327731092437,NA,NA,29,0,1
Compress,44,50%,STARTS+DPT,0.04201680672268908,5.0,0.0,NA,NA,30,0,0
Compress,44,50%,Fastazi-S,0.04201680672268908,5.0,0.06638655462184874,NA,NA,28,0,2
Compress,44,50%,Fastazi-P,0.04201680672268908,5.0,0.0,NA,NA,30,0,0
Compress,44,50%,Random,0.04201680672268908,5.0,0.0,NA,NA,30,0,0
Compress,44,60%,Ekstazi,0.05042016806722692,6.0,0.45210084033613446,NA,NA,16,0,14
Compress,44,60%,FAST,0.05042016806722692,6.0,0.0,NA,NA,30,0,0
Compress,44,60%,Ekstazi+dpt,0.05042016806722692,6.0,0.0,NA,NA,30,0,0
Compress,44,60%,DPT,0.05042016806722692,6.0,0.0,NA,NA,30,0,0
Compress,44,60%,STARTS,0.05042016806722692,6.0,0.12941176470588237,NA,NA,26,0,4
Compress,44,60%,STARTS+FAST-S,0.05042016806722692,6.0,0.06638655462184874,NA,NA,28,0,2
Compress,44,60%,STARTS+FAST-P,0.05042016806722692,6.0,0.03319327731092437,NA,NA,29,0,1
Compress,44,60%,STARTS+DPT,0.05042016806722692,6.0,0.0,NA,NA,30,0,0
Compress,44,60%,Fastazi-S,0.05042016806722692,6.0,0.06638655462184874,NA,NA,28,0,2
Compress,44,60%,Fastazi-P,0.05042016806722692,6.0,0.0,NA,NA,30,0,0
Compress,44,60%,Random,0.05042016806722692,6.0,0.03179271708683473,NA,NA,29,0,1
Compress,44,70%,Ekstazi,0.05882352941176471,7.0,0.6411764705882351,NA,NA,10,0,20
Compress,44,70%,FAST,0.05882352941176471,7.0,0.0,NA,NA,30,0,0
Compress,44,70%,Ekstazi+dpt,0.05882352941176471,7.0,0.0,NA,NA,30,0,0
Compress,44,70%,DPT,0.05882352941176471,7.0,0.0,NA,NA,30,0,0
Compress,44,70%,STARTS,0.05882352941176471,7.0,0.2554621848739496,NA,NA,22,0,8
Compress,44,70%,STARTS+FAST-S,0.05882352941176471,7.0,0.06638655462184874,NA,NA,28,0,2
Compress,44,70%,STARTS+FAST-P,0.05882352941176471,7.0,0.03319327731092437,NA,NA,29,0,1
Compress,44,70%,STARTS+DPT,0.05882352941176471,7.0,0.0,NA,NA,30,0,0
Compress,44,70%,Fastazi-S,0.05882352941176471,7.0,0.06638655462184874,NA,NA,28,0,2
Compress,44,70%,Fastazi-P,0.05882352941176471,7.0,0.0,NA,NA,30,0,0
Compress,44,70%,Random,0.05882352941176471,7.0,0.03179271708683473,NA,NA,29,0,1
Compress,44,75%,Ekstazi,0.06722689075630252,8.0,0.672408963585434,NA,NA,9,0,21
Compress,44,75%,FAST,0.06722689075630252,8.0,0.0,NA,NA,30,0,0
Compress,44,75%,Ekstazi+dpt,0.06722689075630252,8.0,0.3123249299719888,NA,NA,20,0,10
Compress,44,75%,DPT,0.06722689075630252,8.0,0.0,NA,NA,30,0,0
Compress,44,75%,STARTS,0.06722689075630252,8.0,0.28669467787114844,NA,NA,21,0,9
Compress,44,75%,STARTS+FAST-S,0.06722689075630252,8.0,0.06638655462184874,NA,NA,28,0,2
Compress,44,75%,STARTS+FAST-P,0.06722689075630252,8.0,0.03319327731092437,NA,NA,29,0,1
Compress,44,75%,STARTS+DPT,0.06722689075630252,8.0,0.0,NA,NA,30,0,0
Compress,44,75%,Fastazi-S,0.06722689075630252,8.0,0.06638655462184874,NA,NA,28,0,2
Compress,44,75%,Fastazi-P,0.06722689075630252,8.0,0.905742296918767,NA,NA,1,0,29
Compress,44,75%,Random,0.06722689075630252,8.0,0.03179271708683473,NA,NA,29,0,1
Compress,44,80%,Ekstazi,0.06722689075630252,8.0,0.672408963585434,NA,NA,9,0,21
Compress,44,80%,FAST,0.06722689075630252,8.0,0.0,NA,NA,30,0,0
Compress,44,80%,Ekstazi+dpt,0.06722689075630252,8.0,0.3123249299719888,NA,NA,20,0,10
Compress,44,80%,DPT,0.06722689075630252,8.0,0.0,NA,NA,30,0,0
Compress,44,80%,STARTS,0.06722689075630252,8.0,0.28669467787114844,NA,NA,21,0,9
Compress,44,80%,STARTS+FAST-S,0.06722689075630252,8.0,0.06638655462184874,NA,NA,28,0,2
Compress,44,80%,STARTS+FAST-P,0.06722689075630252,8.0,0.03319327731092437,NA,NA,29,0,1
Compress,44,80%,STARTS+DPT,0.06722689075630252,8.0,0.0,NA,NA,30,0,0
Compress,44,80%,Fastazi-S,0.06722689075630252,8.0,0.06638655462184874,NA,NA,28,0,2
Compress,44,80%,Fastazi-P,0.06722689075630252,8.0,0.905742296918767,NA,NA,1,0,29
Compress,44,80%,Random,0.06722689075630252,8.0,0.03179271708683473,NA,NA,29,0,1
Compress,44,90%,Ekstazi,0.07563025210084033,9.0,0.7652661064425766,NA,NA,6,0,24
Compress,44,90%,FAST,0.07563025210084033,9.0,0.0,NA,NA,30,0,0
Compress,44,90%,Ekstazi+dpt,0.07563025210084033,9.0,0.4980392156862746,NA,NA,14,0,16
Compress,44,90%,DPT,0.07563025210084033,9.0,0.0,NA,NA,30,0,0
Compress,44,90%,STARTS,0.07563025210084033,9.0,0.34859943977591035,NA,NA,19,0,11
Compress,44,90%,STARTS+FAST-S,0.07563025210084033,9.0,0.06638655462184874,NA,NA,28,0,2
Compress,44,90%,STARTS+FAST-P,0.07563025210084033,9.0,0.03319327731092437,NA,NA,29,0,1
Compress,44,90%,STARTS+DPT,0.07563025210084033,9.0,0.0,NA,NA,30,0,0
Compress,44,90%,Fastazi-S,0.07563025210084033,9.0,0.6854341736694676,NA,NA,8,0,22
Compress,44,90%,Fastazi-P,0.07563025210084033,9.0,0.9366946778711479,8.033333333333333,0.06750700280112044,0,1,30
Compress,44,90%,Random,0.07563025210084033,9.0,0.03179271708683473,NA,NA,29,0,1
Compress,44,100%,Ekstazi,0.09243697478991604,11.0,0.9484593837535008,6.633333333333334,0.05574229691876752,0,1,30
Compress,44,100%,FAST,0.09243697478991604,11.0,0.0,NA,NA,30,0,0
Compress,44,100%,Ekstazi+dpt,0.09243697478991604,11.0,0.9257703081232488,9.333333333333334,0.0784313725490196,0,1,30
Compress,44,100%,DPT,0.09243697478991604,11.0,0.0,NA,NA,30,0,0
Compress,44,100%,STARTS,0.09243697478991604,11.0,0.40966386554621853,NA,NA,17,0,13
Compress,44,100%,STARTS+FAST-S,0.09243697478991604,11.0,0.06638655462184874,NA,NA,28,0,2
Compress,44,100%,STARTS+FAST-P,0.09243697478991604,11.0,0.03319327731092437,NA,NA,29,0,1
Compress,44,100%,STARTS+DPT,0.09243697478991604,11.0,0.0,NA,NA,30,0,0
Compress,44,100%,Fastazi-S,0.09243697478991604,11.0,0.9308123249299715,8.733333333333333,0.0733893557422969,0,1,30
Compress,44,100%,Fastazi-P,0.09243697478991604,11.0,0.9366946778711479,8.033333333333333,0.06750700280112044,0,1,30
Compress,44,100%,Random,0.09243697478991604,11.0,0.03179271708683473,NA,NA,29,0,1
Compress,45,10%,Ekstazi,0.008403361344537815,1.0,0.06638655462184874,NA,NA,28,0,2
Compress,45,10%,FAST,0.008403361344537815,1.0,0.0,NA,NA,30,0,0
Compress,45,10%,Ekstazi+dpt,0.008403361344537815,1.0,0.0,NA,NA,30,0,0
Compress,45,10%,DPT,0.008403361344537815,1.0,0.0,NA,NA,30,0,0
Compress,45,10%,STARTS,0.008403361344537815,1.0,0.0,NA,NA,30,0,0
Compress,45,10%,STARTS+FAST-S,0.008403361344537815,1.0,0.0,NA,NA,30,0,0
Compress,45,10%,STARTS+FAST-P,0.008403361344537815,1.0,0.03319327731092437,NA,NA,29,0,1
Compress,45,10%,STARTS+DPT,0.008403361344537815,1.0,0.0,NA,NA,30,0,0
Compress,45,10%,Fastazi-S,0.008403361344537815,1.0,0.06638655462184874,NA,NA,28,0,2
Compress,45,10%,Fastazi-P,0.008403361344537815,1.0,0.0,NA,NA,30,0,0
Compress,45,10%,Random,0.008403361344537815,1.0,0.0,NA,NA,30,0,0
Compress,45,20%,Ekstazi,0.01680672268907563,2.0,0.13221288515406163,NA,NA,26,0,4
Compress,45,20%,FAST,0.01680672268907563,2.0,0.0,NA,NA,30,0,0
Compress,45,20%,Ekstazi+dpt,0.01680672268907563,2.0,0.0,NA,NA,30,0,0
Compress,45,20%,DPT,0.01680672268907563,2.0,0.0,NA,NA,30,0,0
Compress,45,20%,STARTS,0.01680672268907563,2.0,0.0,NA,NA,30,0,0
Compress,45,20%,STARTS+FAST-S,0.01680672268907563,2.0,0.0,NA,NA,30,0,0
Compress,45,20%,STARTS+FAST-P,0.01680672268907563,2.0,0.03319327731092437,NA,NA,29,0,1
Compress,45,20%,STARTS+DPT,0.01680672268907563,2.0,0.0,NA,NA,30,0,0
Compress,45,20%,Fastazi-S,0.01680672268907563,2.0,0.06638655462184874,NA,NA,28,0,2
Compress,45,20%,Fastazi-P,0.01680672268907563,2.0,0.0,NA,NA,30,0,0
Compress,45,20%,Random,0.01680672268907563,2.0,0.0,NA,NA,30,0,0
Compress,45,25%,Ekstazi,0.02521008403361346,3.0,0.23011204481792716,NA,NA,23,0,7
Compress,45,25%,FAST,0.02521008403361346,3.0,0.0,NA,NA,30,0,0
Compress,45,25%,Ekstazi+dpt,0.02521008403361346,3.0,0.0,NA,NA,30,0,0
Compress,45,25%,DPT,0.02521008403361346,3.0,0.0,NA,NA,30,0,0
Compress,45,25%,STARTS,0.02521008403361346,3.0,0.0,NA,NA,30,0,0
Compress,45,25%,STARTS+FAST-S,0.02521008403361346,3.0,0.0,NA,NA,30,0,0
Compress,45,25%,STARTS+FAST-P,0.02521008403361346,3.0,0.03319327731092437,NA,NA,29,0,1
Compress,45,25%,STARTS+DPT,0.02521008403361346,3.0,0.0,NA,NA,30,0,0
Compress,45,25%,Fastazi-S,0.02521008403361346,3.0,0.06638655462184874,NA,NA,28,0,2
Compress,45,25%,Fastazi-P,0.02521008403361346,3.0,0.0,NA,NA,30,0,0
Compress,45,25%,Random,0.02521008403361346,3.0,0.0,NA,NA,30,0,0
Compress,45,30%,Ekstazi,0.03361344537815126,4.0,0.23011204481792716,NA,NA,23,0,7
Compress,45,30%,FAST,0.03361344537815126,4.0,0.0,NA,NA,30,0,0
Compress,45,30%,Ekstazi+dpt,0.03361344537815126,4.0,0.0,NA,NA,30,0,0
Compress,45,30%,DPT,0.03361344537815126,4.0,0.0,NA,NA,30,0,0
Compress,45,30%,STARTS,0.03361344537815126,4.0,0.03235294117647059,NA,NA,29,0,1
Compress,45,30%,STARTS+FAST-S,0.03361344537815126,4.0,0.0,NA,NA,30,0,0
Compress,45,30%,STARTS+FAST-P,0.03361344537815126,4.0,0.03319327731092437,NA,NA,29,0,1
Compress,45,30%,STARTS+DPT,0.03361344537815126,4.0,0.0,NA,NA,30,0,0
Compress,45,30%,Fastazi-S,0.03361344537815126,4.0,0.06638655462184874,NA,NA,28,0,2
Compress,45,30%,Fastazi-P,0.03361344537815126,4.0,0.0,NA,NA,30,0,0
Compress,45,30%,Random,0.03361344537815126,4.0,0.0,NA,NA,30,0,0
Compress,45,40%,Ekstazi,0.04201680672268908,5.0,0.3263305322128851,NA,NA,20,0,10
Compress,45,40%,FAST,0.04201680672268908,5.0,0.0,NA,NA,30,0,0
Compress,45,40%,Ekstazi+dpt,0.04201680672268908,5.0,0.0,NA,NA,30,0,0
Compress,45,40%,DPT,0.04201680672268908,5.0,0.0,NA,NA,30,0,0
Compress,45,40%,STARTS,0.04201680672268908,5.0,0.09649859943977591,NA,NA,27,0,3
Compress,45,40%,STARTS+FAST-S,0.04201680672268908,5.0,0.0,NA,NA,30,0,0
Compress,45,40%,STARTS+FAST-P,0.04201680672268908,5.0,0.03319327731092437,NA,NA,29,0,1
Compress,45,40%,STARTS+DPT,0.04201680672268908,5.0,0.0,NA,NA,30,0,0
Compress,45,40%,Fastazi-S,0.04201680672268908,5.0,0.06638655462184874,NA,NA,28,0,2
Compress,45,40%,Fastazi-P,0.04201680672268908,5.0,0.0,NA,NA,30,0,0
Compress,45,40%,Random,0.04201680672268908,5.0,0.032072829131652665,NA,NA,29,0,1
Compress,45,50%,Ekstazi,0.05882352941176471,7.0,0.5795518207282913,NA,NA,12,0,18
Compress,45,50%,FAST,0.05882352941176471,7.0,0.0,NA,NA,30,0,0
Compress,45,50%,Ekstazi+dpt,0.05882352941176471,7.0,0.0,NA,NA,30,0,0
Compress,45,50%,DPT,0.05882352941176471,7.0,0.0,NA,NA,30,0,0
Compress,45,50%,STARTS,0.05882352941176471,7.0,0.12801120448179273,NA,NA,26,0,4
Compress,45,50%,STARTS+FAST-S,0.05882352941176471,7.0,0.0,NA,NA,30,0,0
Compress,45,50%,STARTS+FAST-P,0.05882352941176471,7.0,0.03319327731092437,NA,NA,29,0,1
Compress,45,50%,STARTS+DPT,0.05882352941176471,7.0,0.0,NA,NA,30,0,0
Compress,45,50%,Fastazi-S,0.05882352941176471,7.0,0.06638655462184874,NA,NA,28,0,2
Compress,45,50%,Fastazi-P,0.05882352941176471,7.0,0.0,NA,NA,30,0,0
Compress,45,50%,Random,0.05882352941176471,7.0,0.032072829131652665,NA,NA,29,0,1
Compress,45,60%,Ekstazi,0.06722689075630252,8.0,0.6107843137254901,NA,NA,11,0,19
Compress,45,60%,FAST,0.06722689075630252,8.0,0.0,NA,NA,30,0,0
Compress,45,60%,Ekstazi+dpt,0.06722689075630252,8.0,0.0,NA,NA,30,0,0
Compress,45,60%,DPT,0.06722689075630252,8.0,0.0,NA,NA,30,0,0
Compress,45,60%,STARTS,0.06722689075630252,8.0,0.12801120448179273,NA,NA,26,0,4
Compress,45,60%,STARTS+FAST-S,0.06722689075630252,8.0,0.0,NA,NA,30,0,0
Compress,45,60%,STARTS+FAST-P,0.06722689075630252,8.0,0.03319327731092437,NA,NA,29,0,1
Compress,45,60%,STARTS+DPT,0.06722689075630252,8.0,0.0,NA,NA,30,0,0
Compress,45,60%,Fastazi-S,0.06722689075630252,8.0,0.06638655462184874,NA,NA,28,0,2
Compress,45,60%,Fastazi-P,0.06722689075630252,8.0,0.0,NA,NA,30,0,0
Compress,45,60%,Random,0.06722689075630252,8.0,0.032072829131652665,NA,NA,29,0,1
Compress,45,70%,Ekstazi,0.07563025210084033,9.0,0.7036414565826329,NA,NA,8,0,22
Compress,45,70%,FAST,0.07563025210084033,9.0,0.0,NA,NA,30,0,0
Compress,45,70%,Ekstazi+dpt,0.07563025210084033,9.0,0.0,NA,NA,30,0,0
Compress,45,70%,DPT,0.07563025210084033,9.0,0.0,NA,NA,30,0,0
Compress,45,70%,STARTS,0.07563025210084033,9.0,0.15896358543417366,NA,NA,25,0,5
Compress,45,70%,STARTS+FAST-S,0.07563025210084033,9.0,0.0,NA,NA,30,0,0
Compress,45,70%,STARTS+FAST-P,0.07563025210084033,9.0,0.03319327731092437,NA,NA,29,0,1
Compress,45,70%,STARTS+DPT,0.07563025210084033,9.0,0.0,NA,NA,30,0,0
Compress,45,70%,Fastazi-S,0.07563025210084033,9.0,0.06638655462184874,NA,NA,28,0,2
Compress,45,70%,Fastazi-P,0.07563025210084033,9.0,0.0,NA,NA,30,0,0
Compress,45,70%,Random,0.07563025210084033,9.0,0.032072829131652665,NA,NA,29,0,1
Compress,45,75%,Ekstazi,0.08403361344537816,10.0,0.7343137254901959,NA,NA,7,0,23
Compress,45,75%,FAST,0.08403361344537816,10.0,0.0,NA,NA,30,0,0
Compress,45,75%,Ekstazi+dpt,0.08403361344537816,10.0,0.0,NA,NA,30,0,0
Compress,45,75%,DPT,0.08403361344537816,10.0,0.0,NA,NA,30,0,0
Compress,45,75%,STARTS,0.08403361344537816,10.0,0.15896358543417366,NA,NA,25,0,5
Compress,45,75%,STARTS+FAST-S,0.08403361344537816,10.0,0.0,NA,NA,30,0,0
Compress,45,75%,STARTS+FAST-P,0.08403361344537816,10.0,0.03319327731092437,NA,NA,29,0,1
Compress,45,75%,STARTS+DPT,0.08403361344537816,10.0,0.0,NA,NA,30,0,0
Compress,45,75%,Fastazi-S,0.08403361344537816,10.0,0.06638655462184874,NA,NA,28,0,2
Compress,45,75%,Fastazi-P,0.08403361344537816,10.0,0.0,NA,NA,30,0,0
Compress,45,75%,Random,0.08403361344537816,10.0,0.032072829131652665,NA,NA,29,0,1
Compress,45,80%,Ekstazi,0.09243697478991604,11.0,0.7950980392156859,NA,NA,5,0,25
Compress,45,80%,FAST,0.09243697478991604,11.0,0.0,NA,NA,30,0,0
Compress,45,80%,Ekstazi+dpt,0.09243697478991604,11.0,0.0,NA,NA,30,0,0
Compress,45,80%,DPT,0.09243697478991604,11.0,0.0,NA,NA,30,0,0
Compress,45,80%,STARTS,0.09243697478991604,11.0,0.15896358543417366,NA,NA,25,0,5
Compress,45,80%,STARTS+FAST-S,0.09243697478991604,11.0,0.0,NA,NA,30,0,0
Compress,45,80%,STARTS+FAST-P,0.09243697478991604,11.0,0.03319327731092437,NA,NA,29,0,1
Compress,45,80%,STARTS+DPT,0.09243697478991604,11.0,0.0,NA,NA,30,0,0
Compress,45,80%,Fastazi-S,0.09243697478991604,11.0,0.8261904761904758,NA,NA,3,0,27
Compress,45,80%,Fastazi-P,0.09243697478991604,11.0,0.7901960784313722,NA,NA,4,0,26
Compress,45,80%,Random,0.09243697478991604,11.0,0.032072829131652665,NA,NA,29,0,1
Compress,45,90%,Ekstazi,0.10084033613445384,12.0,0.825210084033613,NA,NA,4,0,26
Compress,45,90%,FAST,0.10084033613445384,12.0,0.0,NA,NA,30,0,0
Compress,45,90%,Ekstazi+dpt,0.10084033613445384,12.0,0.0,NA,NA,30,0,0
Compress,45,90%,DPT,0.10084033613445384,12.0,0.0,NA,NA,30,0,0
Compress,45,90%,STARTS,0.10084033613445384,12.0,0.15896358543417366,NA,NA,25,0,5
Compress,45,90%,STARTS+FAST-S,0.10084033613445384,12.0,0.0,NA,NA,30,0,0
Compress,45,90%,STARTS+FAST-P,0.10084033613445384,12.0,0.03319327731092437,NA,NA,29,0,1
Compress,45,90%,STARTS+DPT,0.10084033613445384,12.0,0.0,NA,NA,30,0,0
Compress,45,90%,Fastazi-S,0.10084033613445384,12.0,0.8261904761904758,NA,NA,3,0,27
Compress,45,90%,Fastazi-P,0.10084033613445384,12.0,0.9106442577030808,11.133333333333333,0.09355742296918775,0,1,30
Compress,45,90%,Random,0.10084033613445384,12.0,0.032072829131652665,NA,NA,29,0,1
Compress,45,100%,Ekstazi,0.11764705882352942,14.0,0.943977591036414,7.166666666666667,0.06022408963585434,0,1,30
Compress,45,100%,FAST,0.11764705882352942,14.0,0.0,NA,NA,30,0,0
Compress,45,100%,Ekstazi+dpt,0.11764705882352942,14.0,0.8865546218487392,14.0,0.11764705882352942,0,1,30
Compress,45,100%,DPT,0.11764705882352942,14.0,0.0,NA,NA,30,0,0
Compress,45,100%,STARTS,0.11764705882352942,14.0,0.15896358543417366,NA,NA,25,0,5
Compress,45,100%,STARTS+FAST-S,0.11764705882352942,14.0,0.0,NA,NA,30,0,0
Compress,45,100%,STARTS+FAST-P,0.11764705882352942,14.0,0.03319327731092437,NA,NA,29,0,1
Compress,45,100%,STARTS+DPT,0.11764705882352942,14.0,0.0,NA,NA,30,0,0
Compress,45,100%,Fastazi-S,0.11764705882352942,14.0,0.9156862745098034,10.533333333333333,0.08851540616246505,0,1,30
Compress,45,100%,Fastazi-P,0.11764705882352942,14.0,0.9106442577030808,11.133333333333333,0.09355742296918775,0,1,30
Compress,45,100%,Random,0.11764705882352942,14.0,0.06162464985994398,NA,NA,28,0,2
Compress,46,10%,Ekstazi,0.03333333333333333,4.0,0.0661111111111111,NA,NA,28,0,2
Compress,46,10%,FAST,0.03333333333333333,4.0,0.0,NA,NA,30,0,0
Compress,46,10%,Ekstazi+dpt,0.03333333333333333,4.0,0.0,NA,NA,30,0,0
Compress,46,10%,DPT,0.03333333333333333,4.0,0.0,NA,NA,30,0,0
Compress,46,10%,STARTS,0.03333333333333333,4.0,0.065,NA,NA,28,0,2
Compress,46,10%,STARTS+FAST-S,0.03333333333333333,4.0,0.06638888888888889,NA,NA,28,0,2
Compress,46,10%,STARTS+FAST-P,0.03333333333333333,4.0,0.0,NA,NA,30,0,0
Compress,46,10%,STARTS+DPT,0.03333333333333333,4.0,0.0,NA,NA,30,0,0
Compress,46,10%,Fastazi-S,0.03333333333333333,4.0,0.0,NA,NA,30,0,0
Compress,46,10%,Fastazi-P,0.03333333333333333,4.0,0.0,NA,NA,30,0,0
Compress,46,10%,Random,0.03333333333333333,4.0,0.03319444444444444,NA,NA,29,0,1
Compress,46,20%,Ekstazi,0.075,9.0,0.19166666666666668,NA,NA,24,0,6
Compress,46,20%,FAST,0.075,9.0,0.0,NA,NA,30,0,0
Compress,46,20%,Ekstazi+dpt,0.075,9.0,0.0,NA,NA,30,0,0
Compress,46,20%,DPT,0.075,9.0,0.0,NA,NA,30,0,0
Compress,46,20%,STARTS,0.075,9.0,0.15930555555555556,NA,NA,25,0,5
Compress,46,20%,STARTS+FAST-S,0.075,9.0,0.06638888888888889,NA,NA,28,0,2
Compress,46,20%,STARTS+FAST-P,0.075,9.0,0.0,NA,NA,30,0,0
Compress,46,20%,STARTS+DPT,0.075,9.0,0.0,NA,NA,30,0,0
Compress,46,20%,Fastazi-S,0.075,9.0,0.0,NA,NA,30,0,0
Compress,46,20%,Fastazi-P,0.075,9.0,0.0,NA,NA,30,0,0
Compress,46,20%,Random,0.075,9.0,0.09541666666666666,NA,NA,27,0,3
Compress,46,25%,Ekstazi,0.10000000000000005,12.0,0.25305555555555553,NA,NA,22,0,8
Compress,46,25%,FAST,0.10000000000000005,12.0,0.0,NA,NA,30,0,0
Compress,46,25%,Ekstazi+dpt,0.10000000000000005,12.0,0.0,NA,NA,30,0,0
Compress,46,25%,DPT,0.10000000000000005,12.0,0.0,NA,NA,30,0,0
Compress,46,25%,STARTS,0.10000000000000005,12.0,0.2201388888888889,NA,NA,23,0,7
Compress,46,25%,STARTS+FAST-S,0.10000000000000005,12.0,0.06638888888888889,NA,NA,28,0,2
Compress,46,25%,STARTS+FAST-P,0.10000000000000005,12.0,0.0,NA,NA,30,0,0
Compress,46,25%,STARTS+DPT,0.10000000000000005,12.0,0.0,NA,NA,30,0,0
Compress,46,25%,Fastazi-S,0.10000000000000005,12.0,0.0,NA,NA,30,0,0
Compress,46,25%,Fastazi-P,0.10000000000000005,12.0,0.0,NA,NA,30,0,0
Compress,46,25%,Random,0.10000000000000005,12.0,0.12583333333333332,NA,NA,26,0,4
Compress,46,30%,Ekstazi,0.11666666666666668,14.0,0.3722222222222223,NA,NA,18,0,12
Compress,46,30%,FAST,0.11666666666666668,14.0,0.0,NA,NA,30,0,0
Compress,46,30%,Ekstazi+dpt,0.11666666666666668,14.0,0.0,NA,NA,30,0,0
Compress,46,30%,DPT,0.11666666666666668,14.0,0.0,NA,NA,30,0,0
Compress,46,30%,STARTS,0.11666666666666668,14.0,0.2201388888888889,NA,NA,23,0,7
Compress,46,30%,STARTS+FAST-S,0.11666666666666668,14.0,0.06638888888888889,NA,NA,28,0,2
Compress,46,30%,STARTS+FAST-P,0.11666666666666668,14.0,0.0,NA,NA,30,0,0
Compress,46,30%,STARTS+DPT,0.11666666666666668,14.0,0.0,NA,NA,30,0,0
Compress,46,30%,Fastazi-S,0.11666666666666668,14.0,0.0,NA,NA,30,0,0
Compress,46,30%,Fastazi-P,0.11666666666666668,14.0,0.0,NA,NA,30,0,0
Compress,46,30%,Random,0.11666666666666668,14.0,0.12583333333333332,NA,NA,26,0,4
Compress,46,40%,Ekstazi,0.15833333333333324,19.0,0.4297222222222222,NA,NA,16,0,14
Compress,46,40%,FAST,0.15833333333333324,19.0,0.0,NA,NA,30,0,0
Compress,46,40%,Ekstazi+dpt,0.15833333333333324,19.0,0.0,NA,NA,30,0,0
Compress,46,40%,DPT,0.15833333333333324,19.0,0.0,NA,NA,30,0,0
Compress,46,40%,STARTS,0.15833333333333324,19.0,0.3052777777777777,NA,NA,20,0,10
Compress,46,40%,STARTS+FAST-S,0.15833333333333324,19.0,0.06638888888888889,NA,NA,28,0,2
Compress,46,40%,STARTS+FAST-P,0.15833333333333324,19.0,0.0,NA,NA,30,0,0
Compress,46,40%,STARTS+DPT,0.15833333333333324,19.0,0.0,NA,NA,30,0,0
Compress,46,40%,Fastazi-S,0.15833333333333324,19.0,0.0,NA,NA,30,0,0
Compress,46,40%,Fastazi-P,0.15833333333333324,19.0,0.0,NA,NA,30,0,0
Compress,46,40%,Random,0.15833333333333324,19.0,0.15402777777777776,NA,NA,25,0,5
Compress,46,50%,Ekstazi,0.2000000000000001,24.0,0.48388888888888887,NA,NA,14,0,16
Compress,46,50%,FAST,0.2000000000000001,24.0,0.0,NA,NA,30,0,0
Compress,46,50%,Ekstazi+dpt,0.2000000000000001,24.0,0.804166666666667,24.0,0.2000000000000001,0,1,30
Compress,46,50%,DPT,0.2000000000000001,24.0,0.0,NA,NA,30,0,0
Compress,46,50%,STARTS,0.2000000000000001,24.0,0.3594444444444444,NA,NA,18,0,12
Compress,46,50%,STARTS+FAST-S,0.2000000000000001,24.0,0.06638888888888889,NA,NA,28,0,2
Compress,46,50%,STARTS+FAST-P,0.2000000000000001,24.0,0.0,NA,NA,30,0,0
Compress,46,50%,STARTS+DPT,0.2000000000000001,24.0,0.0,NA,NA,30,0,0
Compress,46,50%,Fastazi-S,0.2000000000000001,24.0,0.0,NA,NA,30,0,0
Compress,46,50%,Fastazi-P,0.2000000000000001,24.0,0.0,NA,NA,30,0,0
Compress,46,50%,Random,0.2000000000000001,24.0,0.15402777777777776,NA,NA,25,0,5
Compress,46,60%,Ekstazi,0.2416666666666665,29.0,0.535,NA,NA,12,0,18
Compress,46,60%,FAST,0.2416666666666665,29.0,0.0,NA,NA,30,0,0
Compress,46,60%,Ekstazi+dpt,0.2416666666666665,29.0,0.804166666666667,24.0,0.2000000000000001,0,1,30
Compress,46,60%,DPT,0.2416666666666665,29.0,0.0,NA,NA,30,0,0
Compress,46,60%,STARTS,0.2416666666666665,29.0,0.41083333333333333,NA,NA,16,0,14
Compress,46,60%,STARTS+FAST-S,0.2416666666666665,29.0,0.06638888888888889,NA,NA,28,0,2
Compress,46,60%,STARTS+FAST-P,0.2416666666666665,29.0,0.0,NA,NA,30,0,0
Compress,46,60%,STARTS+DPT,0.2416666666666665,29.0,0.0,NA,NA,30,0,0
Compress,46,60%,Fastazi-S,0.2416666666666665,29.0,0.0,NA,NA,30,0,0
Compress,46,60%,Fastazi-P,0.2416666666666665,29.0,0.0,NA,NA,30,0,0
Compress,46,60%,Random,0.2416666666666665,29.0,0.2059722222222222,NA,NA,23,0,7
Compress,46,70%,Ekstazi,0.28333333333333327,34.0,0.5836111111111111,NA,NA,10,0,20
Compress,46,70%,FAST,0.28333333333333327,34.0,0.0,NA,NA,30,0,0
Compress,46,70%,Ekstazi+dpt,0.28333333333333327,34.0,0.804166666666667,24.0,0.2000000000000001,0,1,30
Compress,46,70%,DPT,0.28333333333333327,34.0,0.724166666666667,33.6,0.2800000000000001,0,1,30
Compress,46,70%,STARTS,0.28333333333333327,34.0,0.4348611111111111,NA,NA,15,0,15
Compress,46,70%,STARTS+FAST-S,0.28333333333333327,34.0,0.06638888888888889,NA,NA,28,0,2
Compress,46,70%,STARTS+FAST-P,0.28333333333333327,34.0,0.0,NA,NA,30,0,0
Compress,46,70%,STARTS+DPT,0.28333333333333327,34.0,0.7494444444444445,30.566666666666666,0.25472222222222235,0,1,30
Compress,46,70%,Fastazi-S,0.28333333333333327,34.0,0.0,NA,NA,30,0,0
Compress,46,70%,Fastazi-P,0.28333333333333327,34.0,0.0,NA,NA,30,0,0
Compress,46,70%,Random,0.28333333333333327,34.0,0.23027777777777775,NA,NA,22,0,8
Compress,46,75%,Ekstazi,0.3,36.0,0.6070833333333333,NA,NA,9,0,21
Compress,46,75%,FAST,0.3,36.0,0.0,NA,NA,30,0,0
Compress,46,75%,Ekstazi+dpt,0.3,36.0,0.804166666666667,24.0,0.2000000000000001,0,1,30
Compress,46,75%,DPT,0.3,36.0,0.724166666666667,33.6,0.2800000000000001,0,1,30
Compress,46,75%,STARTS,0.3,36.0,0.48180555555555554,NA,NA,13,0,17
Compress,46,75%,STARTS+FAST-S,0.3,36.0,0.06638888888888889,NA,NA,28,0,2
Compress,46,75%,STARTS+FAST-P,0.3,36.0,0.0,NA,NA,30,0,0
Compress,46,75%,STARTS+DPT,0.3,36.0,0.7494444444444445,30.566666666666666,0.25472222222222235,0,1,30
Compress,46,75%,Fastazi-S,0.3,36.0,0.0,NA,NA,30,0,0
Compress,46,75%,Fastazi-P,0.3,36.0,0.0,NA,NA,30,0,0
Compress,46,75%,Random,0.3,36.0,0.23027777777777775,NA,NA,22,0,8
Compress,46,80%,Ekstazi,0.32499999999999996,39.0,0.6755555555555556,NA,NA,6,0,24
Compress,46,80%,FAST,0.32499999999999996,39.0,0.0,NA,NA,30,0,0
Compress,46,80%,Ekstazi+dpt,0.32499999999999996,39.0,0.804166666666667,24.0,0.2000000000000001,0,1,30
Compress,46,80%,DPT,0.32499999999999996,39.0,0.724166666666667,33.6,0.2800000000000001,0,1,30
Compress,46,80%,STARTS,0.32499999999999996,39.0,0.48180555555555554,NA,NA,13,0,17
Compress,46,80%,STARTS+FAST-S,0.32499999999999996,39.0,0.06638888888888889,NA,NA,28,0,2
Compress,46,80%,STARTS+FAST-P,0.32499999999999996,39.0,0.0,NA,NA,30,0,0
Compress,46,80%,STARTS+DPT,0.32499999999999996,39.0,0.7494444444444445,30.566666666666666,0.25472222222222235,0,1,30
Compress,46,80%,Fastazi-S,0.32499999999999996,39.0,0.0,NA,NA,30,0,0
Compress,46,80%,Fastazi-P,0.32499999999999996,39.0,0.0,NA,NA,30,0,0
Compress,46,80%,Random,0.32499999999999996,39.0,0.2529166666666666,NA,NA,21,0,9
Compress,46,90%,Ekstazi,0.36666666666666664,44.0,0.7406944444444444,NA,NA,3,0,27
Compress,46,90%,FAST,0.36666666666666664,44.0,0.0,NA,NA,30,0,0
Compress,46,90%,Ekstazi+dpt,0.36666666666666664,44.0,0.804166666666667,24.0,0.2000000000000001,0,1,30
Compress,46,90%,DPT,0.36666666666666664,44.0,0.724166666666667,33.6,0.2800000000000001,0,1,30
Compress,46,90%,STARTS,0.36666666666666664,44.0,0.503611111111111,NA,NA,12,0,18
Compress,46,90%,STARTS+FAST-S,0.36666666666666664,44.0,0.06638888888888889,NA,NA,28,0,2
Compress,46,90%,STARTS+FAST-P,0.36666666666666664,44.0,0.0,NA,NA,30,0,0
Compress,46,90%,STARTS+DPT,0.36666666666666664,44.0,0.7494444444444445,30.566666666666666,0.25472222222222235,0,1,30
Compress,46,90%,Fastazi-S,0.36666666666666664,44.0,0.6374999999999996,44.0,0.36666666666666664,0,1,30
Compress,46,90%,Fastazi-P,0.36666666666666664,44.0,0.6541666666666666,42.0,0.3499999999999998,0,1,30
Compress,46,90%,Random,0.36666666666666664,44.0,0.2970833333333333,NA,NA,19,0,11
Compress,46,100%,Ekstazi,0.40833333333333327,49.0,0.8027777777777777,24.166666666666668,0.2013888888888889,0,1,30
Compress,46,100%,FAST,0.40833333333333327,49.0,0.0,NA,NA,30,0,0
Compress,46,100%,Ekstazi+dpt,0.40833333333333327,49.0,0.804166666666667,24.0,0.2000000000000001,0,1,30
Compress,46,100%,DPT,0.40833333333333327,49.0,0.724166666666667,33.6,0.2800000000000001,0,1,30
Compress,46,100%,STARTS,0.40833333333333327,49.0,0.5455555555555556,NA,NA,10,0,20
Compress,46,100%,STARTS+FAST-S,0.40833333333333327,49.0,0.06638888888888889,NA,NA,28,0,2
Compress,46,100%,STARTS+FAST-P,0.40833333333333327,49.0,0.0,NA,NA,30,0,0
Compress,46,100%,STARTS+DPT,0.40833333333333327,49.0,0.7494444444444445,30.566666666666666,0.25472222222222235,0,1,30
Compress,46,100%,Fastazi-S,0.40833333333333327,49.0,0.6374999999999996,44.0,0.36666666666666664,0,1,30
Compress,46,100%,Fastazi-P,0.40833333333333327,49.0,0.6541666666666666,42.0,0.3499999999999998,0,1,30
Compress,46,100%,Random,0.40833333333333327,49.0,0.3175,NA,NA,18,0,12
Compress,47,10%,Ekstazi,0.060606060606060566,8.0,0.03244949494949495,NA,NA,29,0,1
Compress,47,10%,FAST,0.060606060606060566,8.0,0.3151515151515152,NA,NA,20,0,10
Compress,47,10%,Ekstazi+dpt,0.060606060606060566,8.0,0.0,NA,NA,30,0,0
Compress,47,10%,DPT,0.060606060606060566,8.0,0.0,NA,NA,30,0,0
Compress,47,10%,STARTS,0.060606060606060566,8.0,0.09785353535353535,NA,NA,27,0,3
Compress,47,10%,STARTS+FAST-S,0.060606060606060566,8.0,0.9689393939393935,4.6,0.03484848484848484,0,1,30
Compress,47,10%,STARTS+FAST-P,0.060606060606060566,8.0,0.9709595959595955,4.333333333333333,0.03282828282828281,0,1,30
Compress,47,10%,STARTS+DPT,0.060606060606060566,8.0,0.0,NA,NA,30,0,0
Compress,47,10%,Fastazi-S,0.060606060606060566,8.0,0.9324494949494947,NA,NA,1,0,29
Compress,47,10%,Fastazi-P,0.060606060606060566,8.0,0.9020202020202016,NA,NA,2,0,28
Compress,47,10%,Random,0.060606060606060566,8.0,0.033207070707070706,NA,NA,29,0,1
Compress,47,20%,Ekstazi,0.12878787878787887,17.0,0.12222222222222223,NA,NA,26,0,4
Compress,47,20%,FAST,0.12878787878787887,17.0,0.8686868686868688,NA,NA,2,0,28
Compress,47,20%,Ekstazi+dpt,0.12878787878787887,17.0,0.9356060606060613,9.0,0.06818181818181814,0,1,30
Compress,47,20%,DPT,0.12878787878787887,17.0,0.9280303030303035,10.0,0.07575757575757573,0,1,30
Compress,47,20%,STARTS,0.12878787878787887,17.0,0.1904040404040404,NA,NA,24,0,6
Compress,47,20%,STARTS+FAST-S,0.12878787878787887,17.0,0.9689393939393935,4.6,0.03484848484848484,0,1,30
Compress,47,20%,STARTS+FAST-P,0.12878787878787887,17.0,0.9709595959595955,4.333333333333333,0.03282828282828281,0,1,30
Compress,47,20%,STARTS+DPT,0.12878787878787887,17.0,0.9356060606060613,9.0,0.06818181818181814,0,1,30
Compress,47,20%,Fastazi-S,0.12878787878787887,17.0,0.9324494949494947,NA,NA,1,0,29
Compress,47,20%,Fastazi-P,0.12878787878787887,17.0,0.9020202020202016,NA,NA,2,0,28
Compress,47,20%,Random,0.12878787878787887,17.0,0.09330808080808081,NA,NA,27,0,3
Compress,47,25%,Ekstazi,0.15909090909090914,21.0,0.1508838383838384,NA,NA,25,0,5
Compress,47,25%,FAST,0.15909090909090914,21.0,0.8686868686868688,NA,NA,2,0,28
Compress,47,25%,Ekstazi+dpt,0.15909090909090914,21.0,0.9356060606060613,9.0,0.06818181818181814,0,1,30
Compress,47,25%,DPT,0.15909090909090914,21.0,0.9280303030303035,10.0,0.07575757575757573,0,1,30
Compress,47,25%,STARTS,0.15909090909090914,21.0,0.1904040404040404,NA,NA,24,0,6
Compress,47,25%,STARTS+FAST-S,0.15909090909090914,21.0,0.9689393939393935,4.6,0.03484848484848484,0,1,30
Compress,47,25%,STARTS+FAST-P,0.15909090909090914,21.0,0.9709595959595955,4.333333333333333,0.03282828282828281,0,1,30
Compress,47,25%,STARTS+DPT,0.15909090909090914,21.0,0.9356060606060613,9.0,0.06818181818181814,0,1,30
Compress,47,25%,Fastazi-S,0.15909090909090914,21.0,0.9324494949494947,NA,NA,1,0,29
Compress,47,25%,Fastazi-P,0.15909090909090914,21.0,0.9020202020202016,NA,NA,2,0,28
Compress,47,25%,Random,0.15909090909090914,21.0,0.15088383838383837,NA,NA,25,0,5
Compress,47,30%,Ekstazi,0.18939393939393942,25.0,0.23333333333333334,NA,NA,22,0,8
Compress,47,30%,FAST,0.18939393939393942,25.0,0.8686868686868688,NA,NA,2,0,28
Compress,47,30%,Ekstazi+dpt,0.18939393939393942,25.0,0.9356060606060613,9.0,0.06818181818181814,0,1,30
Compress,47,30%,DPT,0.18939393939393942,25.0,0.9280303030303035,10.0,0.07575757575757573,0,1,30
Compress,47,30%,STARTS,0.18939393939393942,25.0,0.27310606060606063,NA,NA,21,0,9
Compress,47,30%,STARTS+FAST-S,0.18939393939393942,25.0,0.9689393939393935,4.6,0.03484848484848484,0,1,30
Compress,47,30%,STARTS+FAST-P,0.18939393939393942,25.0,0.9709595959595955,4.333333333333333,0.03282828282828281,0,1,30
Compress,47,30%,STARTS+DPT,0.18939393939393942,25.0,0.9356060606060613,9.0,0.06818181818181814,0,1,30
Compress,47,30%,Fastazi-S,0.18939393939393942,25.0,0.9324494949494947,NA,NA,1,0,29
Compress,47,30%,Fastazi-P,0.18939393939393942,25.0,0.9020202020202016,NA,NA,2,0,28
Compress,47,30%,Random,0.18939393939393942,25.0,0.23282828282828286,NA,NA,22,0,8
Compress,47,40%,Ekstazi,0.25757575757575774,34.0,0.28484848484848485,NA,NA,20,0,10
Compress,47,40%,FAST,0.25757575757575774,34.0,0.8686868686868688,NA,NA,2,0,28
Compress,47,40%,Ekstazi+dpt,0.25757575757575774,34.0,0.9356060606060613,9.0,0.06818181818181814,0,1,30
Compress,47,40%,DPT,0.25757575757575774,34.0,0.9280303030303035,10.0,0.07575757575757573,0,1,30
Compress,47,40%,STARTS,0.25757575757575774,34.0,0.3238636363636364,NA,NA,19,0,11
Compress,47,40%,STARTS+FAST-S,0.25757575757575774,34.0,0.9689393939393935,4.6,0.03484848484848484,0,1,30
Compress,47,40%,STARTS+FAST-P,0.25757575757575774,34.0,0.9709595959595955,4.333333333333333,0.03282828282828281,0,1,30
Compress,47,40%,STARTS+DPT,0.25757575757575774,34.0,0.9356060606060613,9.0,0.06818181818181814,0,1,30
Compress,47,40%,Fastazi-S,0.25757575757575774,34.0,0.9324494949494947,NA,NA,1,0,29
Compress,47,40%,Fastazi-P,0.25757575757575774,34.0,0.9020202020202016,NA,NA,2,0,28
Compress,47,40%,Random,0.25757575757575774,34.0,0.2833333333333333,NA,NA,20,0,10
Compress,47,50%,Ekstazi,0.32575757575757597,43.0,0.35340909090909095,NA,NA,17,0,13
Compress,47,50%,FAST,0.32575757575757597,43.0,0.8686868686868688,NA,NA,2,0,28
Compress,47,50%,Ekstazi+dpt,0.32575757575757597,43.0,0.9356060606060613,9.0,0.06818181818181814,0,1,30
Compress,47,50%,DPT,0.32575757575757597,43.0,0.9280303030303035,10.0,0.07575757575757573,0,1,30
Compress,47,50%,STARTS,0.32575757575757597,43.0,0.37007575757575756,NA,NA,17,0,13
Compress,47,50%,STARTS+FAST-S,0.32575757575757597,43.0,0.9689393939393935,4.6,0.03484848484848484,0,1,30
Compress,47,50%,STARTS+FAST-P,0.32575757575757597,43.0,0.9709595959595955,4.333333333333333,0.03282828282828281,0,1,30
Compress,47,50%,STARTS+DPT,0.32575757575757597,43.0,0.9356060606060613,9.0,0.06818181818181814,0,1,30
Compress,47,50%,Fastazi-S,0.32575757575757597,43.0,0.9324494949494947,NA,NA,1,0,29
Compress,47,50%,Fastazi-P,0.32575757575757597,43.0,0.9020202020202016,NA,NA,2,0,28
Compress,47,50%,Random,0.32575757575757597,43.0,0.3292929292929293,NA,NA,18,0,12
Compress,47,60%,Ekstazi,0.3863636363636365,51.0,0.4171717171717172,NA,NA,14,0,16
Compress,47,60%,FAST,0.3863636363636365,51.0,0.8686868686868688,NA,NA,2,0,28
Compress,47,60%,Ekstazi+dpt,0.3863636363636365,51.0,0.9356060606060613,9.0,0.06818181818181814,0,1,30
Compress,47,60%,DPT,0.3863636363636365,51.0,0.9280303030303035,10.0,0.07575757575757573,0,1,30
Compress,47,60%,STARTS,0.3863636363636365,51.0,0.39217171717171717,NA,NA,16,0,14
Compress,47,60%,STARTS+FAST-S,0.3863636363636365,51.0,0.9689393939393935,4.6,0.03484848484848484,0,1,30
Compress,47,60%,STARTS+FAST-P,0.3863636363636365,51.0,0.9709595959595955,4.333333333333333,0.03282828282828281,0,1,30
Compress,47,60%,STARTS+DPT,0.3863636363636365,51.0,0.9356060606060613,9.0,0.06818181818181814,0,1,30
Compress,47,60%,Fastazi-S,0.3863636363636365,51.0,0.9324494949494947,NA,NA,1,0,29
Compress,47,60%,Fastazi-P,0.3863636363636365,51.0,0.9020202020202016,NA,NA,2,0,28
Compress,47,60%,Random,0.3863636363636365,51.0,0.37323232323232325,NA,NA,16,0,14
Compress,47,70%,Ekstazi,0.45454545454545464,60.0,0.495959595959596,NA,NA,10,0,20
Compress,47,70%,FAST,0.45454545454545464,60.0,0.8686868686868688,NA,NA,2,0,28
Compress,47,70%,Ekstazi+dpt,0.45454545454545464,60.0,0.9356060606060613,9.0,0.06818181818181814,0,1,30
Compress,47,70%,DPT,0.45454545454545464,60.0,0.9280303030303035,10.0,0.07575757575757573,0,1,30
Compress,47,70%,STARTS,0.45454545454545464,60.0,0.48952020202020197,NA,NA,11,0,19
Compress,47,70%,STARTS+FAST-S,0.45454545454545464,60.0,0.9689393939393935,4.6,0.03484848484848484,0,1,30
Compress,47,70%,STARTS+FAST-P,0.45454545454545464,60.0,0.9709595959595955,4.333333333333333,0.03282828282828281,0,1,30
Compress,47,70%,STARTS+DPT,0.45454545454545464,60.0,0.9356060606060613,9.0,0.06818181818181814,0,1,30
Compress,47,70%,Fastazi-S,0.45454545454545464,60.0,0.9324494949494947,NA,NA,1,0,29
Compress,47,70%,Fastazi-P,0.45454545454545464,60.0,0.9020202020202016,NA,NA,2,0,28
Compress,47,70%,Random,0.45454545454545464,60.0,0.44722222222222224,NA,NA,12,0,18
Compress,47,75%,Ekstazi,0.48484848484848453,64.0,0.5140151515151515,NA,NA,9,0,21
Compress,47,75%,FAST,0.48484848484848453,64.0,0.8686868686868688,NA,NA,2,0,28
Compress,47,75%,Ekstazi+dpt,0.48484848484848453,64.0,0.9356060606060613,9.0,0.06818181818181814,0,1,30
Compress,47,75%,DPT,0.48484848484848453,64.0,0.9280303030303035,10.0,0.07575757575757573,0,1,30
Compress,47,75%,STARTS,0.48484848484848453,64.0,0.5246212121212122,NA,NA,9,0,21
Compress,47,75%,STARTS+FAST-S,0.48484848484848453,64.0,0.9689393939393935,4.6,0.03484848484848484,0,1,30
Compress,47,75%,STARTS+FAST-P,0.48484848484848453,64.0,0.9709595959595955,4.333333333333333,0.03282828282828281,0,1,30
Compress,47,75%,STARTS+DPT,0.48484848484848453,64.0,0.9356060606060613,9.0,0.06818181818181814,0,1,30
Compress,47,75%,Fastazi-S,0.48484848484848453,64.0,0.9324494949494947,NA,NA,1,0,29
Compress,47,75%,Fastazi-P,0.48484848484848453,64.0,0.9020202020202016,NA,NA,2,0,28
Compress,47,75%,Random,0.48484848484848453,64.0,0.46527777777777785,NA,NA,11,0,19
Compress,47,80%,Ekstazi,0.5151515151515155,68.0,0.5303030303030303,NA,NA,8,0,22
Compress,47,80%,FAST,0.5151515151515155,68.0,0.8686868686868688,NA,NA,2,0,28
Compress,47,80%,Ekstazi+dpt,0.5151515151515155,68.0,0.9356060606060613,9.0,0.06818181818181814,0,1,30
Compress,47,80%,DPT,0.5151515151515155,68.0,0.9280303030303035,10.0,0.07575757575757573,0,1,30
Compress,47,80%,STARTS,0.5151515151515155,68.0,0.5574494949494949,NA,NA,7,0,23
Compress,47,80%,STARTS+FAST-S,0.5151515151515155,68.0,0.9689393939393935,4.6,0.03484848484848484,0,1,30
Compress,47,80%,STARTS+FAST-P,0.5151515151515155,68.0,0.9709595959595955,4.333333333333333,0.03282828282828281,0,1,30
Compress,47,80%,STARTS+DPT,0.5151515151515155,68.0,0.9356060606060613,9.0,0.06818181818181814,0,1,30
Compress,47,80%,Fastazi-S,0.5151515151515155,68.0,0.9324494949494947,NA,NA,1,0,29
Compress,47,80%,Fastazi-P,0.5151515151515155,68.0,0.9020202020202016,NA,NA,2,0,28
Compress,47,80%,Random,0.5151515151515155,68.0,0.46527777777777785,NA,NA,11,0,19
Compress,47,90%,Ekstazi,0.5833333333333335,77.0,0.5751262626262627,NA,NA,5,0,25
Compress,47,90%,FAST,0.5833333333333335,77.0,0.8686868686868688,NA,NA,2,0,28
Compress,47,90%,Ekstazi+dpt,0.5833333333333335,77.0,0.9356060606060613,9.0,0.06818181818181814,0,1,30
Compress,47,90%,DPT,0.5833333333333335,77.0,0.9280303030303035,10.0,0.07575757575757573,0,1,30
Compress,47,90%,STARTS,0.5833333333333335,77.0,0.6300505050505051,NA,NA,2,0,28
Compress,47,90%,STARTS+FAST-S,0.5833333333333335,77.0,0.9689393939393935,4.6,0.03484848484848484,0,1,30
Compress,47,90%,STARTS+FAST-P,0.5833333333333335,77.0,0.9709595959595955,4.333333333333333,0.03282828282828281,0,1,30
Compress,47,90%,STARTS+DPT,0.5833333333333335,77.0,0.9356060606060613,9.0,0.06818181818181814,0,1,30
Compress,47,90%,Fastazi-S,0.5833333333333335,77.0,0.9474747474747471,7.433333333333334,0.056313131313131294,0,1,30
Compress,47,90%,Fastazi-P,0.5833333333333335,77.0,0.9330808080808077,9.333333333333334,0.07070707070707069,0,1,30
Compress,47,90%,Random,0.5833333333333335,77.0,0.47954545454545455,NA,NA,10,0,20
Compress,47,100%,Ekstazi,0.6515151515151519,86.0,0.6386363636363636,48.2,0.36515151515151517,0,1,30
Compress,47,100%,FAST,0.6515151515151519,86.0,0.8686868686868688,NA,NA,2,0,28
Compress,47,100%,Ekstazi+dpt,0.6515151515151519,86.0,0.9356060606060613,9.0,0.06818181818181814,0,1,30
Compress,47,100%,DPT,0.6515151515151519,86.0,0.9280303030303035,10.0,0.07575757575757573,0,1,30
Compress,47,100%,STARTS,0.6515151515151519,86.0,0.6300505050505051,NA,NA,2,0,28
Compress,47,100%,STARTS+FAST-S,0.6515151515151519,86.0,0.9689393939393935,4.6,0.03484848484848484,0,1,30
Compress,47,100%,STARTS+FAST-P,0.6515151515151519,86.0,0.9709595959595955,4.333333333333333,0.03282828282828281,0,1,30
Compress,47,100%,STARTS+DPT,0.6515151515151519,86.0,0.9356060606060613,9.0,0.06818181818181814,0,1,30
Compress,47,100%,Fastazi-S,0.6515151515151519,86.0,0.9474747474747471,7.433333333333334,0.056313131313131294,0,1,30
Compress,47,100%,Fastazi-P,0.6515151515151519,86.0,0.9330808080808077,9.333333333333334,0.07070707070707069,0,1,30
Compress,47,100%,Random,0.6515151515151519,86.0,0.4912878787878788,NA,NA,9,0,21
