Project, Version, Iteration, Suite, Test count, APFDf, TTFF, pTTFF
Compress,9,1,Ekstazi,44,0.16304347826086957,39,0.8478260869565217
Compress,9,1,FAST,46,0.4239130434782608,27,0.5869565217391305
Compress,9,1,Ekstazi+dpt,44,0.4891304347826087,24,0.5217391304347826
Compress,9,1,DPT,46,0.4891304347826087,24,0.5217391304347826
Compress,9,1,STARTS,46,0.8804347826086957,6,0.13043478260869565
Compress,9,1,STARTS+FAST-S,46,0.4456521739130435,26,0.5652173913043478
Compress,9,1,STARTS+FAST-P,46,0.4456521739130435,26,0.5652173913043478
Compress,9,1,STARTS+DPT,46,0.4673913043478261,25,0.5434782608695652
Compress,9,1,Fastazi-S,44,0.4673913043478261,25,0.5434782608695652
Compress,9,1,Fastazi-P,44,0.4456521739130435,26,0.5652173913043478
Compress,9,1,Random,46,0.8369565217391305,8,0.17391304347826086
Compress,9,2,Ekstazi,44,0.6630434782608696,16,0.34782608695652173
Compress,9,2,FAST,46,0.4239130434782608,27,0.5869565217391305
Compress,9,2,Ekstazi+dpt,44,0.4673913043478261,25,0.5434782608695652
Compress,9,2,DPT,46,0.4673913043478261,25,0.5434782608695652
Compress,9,2,STARTS,46,0.5543478260869565,21,0.45652173913043476
Compress,9,2,STARTS+FAST-S,46,0.4456521739130435,26,0.5652173913043478
Compress,9,2,STARTS+FAST-P,46,0.4891304347826087,24,0.5217391304347826
Compress,9,2,STARTS+DPT,46,0.4891304347826087,24,0.5217391304347826
Compress,9,2,Fastazi-S,44,0.4456521739130435,26,0.5652173913043478
Compress,9,2,Fastazi-P,44,0.4456521739130435,26,0.5652173913043478
Compress,9,2,Random,46,0.923913043478261,4,0.08695652173913043
Compress,9,3,Ekstazi,44,0.8804347826086957,6,0.13043478260869565
Compress,9,3,FAST,46,0.4456521739130435,26,0.5652173913043478
Compress,9,3,Ekstazi+dpt,44,0.4891304347826087,24,0.5217391304347826
Compress,9,3,DPT,46,0.4673913043478261,25,0.5434782608695652
Compress,9,3,STARTS,46,0.8152173913043479,9,0.1956521739130435
Compress,9,3,STARTS+FAST-S,46,0.4673913043478261,25,0.5434782608695652
Compress,9,3,STARTS+FAST-P,46,0.4673913043478261,25,0.5434782608695652
Compress,9,3,STARTS+DPT,46,0.4891304347826087,24,0.5217391304347826
Compress,9,3,Fastazi-S,44,0.4673913043478261,25,0.5434782608695652
Compress,9,3,Fastazi-P,44,0.4673913043478261,25,0.5434782608695652
Compress,9,3,Random,46,0.33695652173913043,31,0.6739130434782609
Compress,9,4,Ekstazi,44,0.29347826086956524,33,0.717391304347826
Compress,9,4,FAST,46,0.4456521739130435,26,0.5652173913043478
Compress,9,4,Ekstazi+dpt,44,0.4891304347826087,24,0.5217391304347826
Compress,9,4,DPT,46,0.4891304347826087,24,0.5217391304347826
Compress,9,4,STARTS,46,0.5108695652173914,23,0.5
Compress,9,4,STARTS+FAST-S,46,0.4456521739130435,26,0.5652173913043478
Compress,9,4,STARTS+FAST-P,46,0.4673913043478261,25,0.5434782608695652
Compress,9,4,STARTS+DPT,46,0.4891304347826087,24,0.5217391304347826
Compress,9,4,Fastazi-S,44,0.4673913043478261,25,0.5434782608695652
Compress,9,4,Fastazi-P,44,0.4673913043478261,25,0.5434782608695652
Compress,9,4,Random,46,0.29347826086956524,33,0.717391304347826
Compress,9,5,Ekstazi,44,0.9021739130434783,5,0.10869565217391304
Compress,9,5,FAST,46,0.4239130434782608,27,0.5869565217391305
Compress,9,5,Ekstazi+dpt,44,0.4673913043478261,25,0.5434782608695652
Compress,9,5,DPT,46,0.4673913043478261,25,0.5434782608695652
Compress,9,5,STARTS,46,0.09782608695652178,42,0.9130434782608695
Compress,9,5,STARTS+FAST-S,46,0.4673913043478261,25,0.5434782608695652
Compress,9,5,STARTS+FAST-P,46,0.4673913043478261,25,0.5434782608695652
Compress,9,5,STARTS+DPT,46,0.4673913043478261,25,0.5434782608695652
Compress,9,5,Fastazi-S,44,0.4673913043478261,25,0.5434782608695652
Compress,9,5,Fastazi-P,44,0.4456521739130435,26,0.5652173913043478
Compress,9,5,Random,46,0.18478260869565216,38,0.8260869565217391
Compress,9,6,Ekstazi,44,0.8804347826086957,6,0.13043478260869565
Compress,9,6,FAST,46,0.4239130434782608,27,0.5869565217391305
Compress,9,6,Ekstazi+dpt,44,0.4891304347826087,24,0.5217391304347826
Compress,9,6,DPT,46,0.4673913043478261,25,0.5434782608695652
Compress,9,6,STARTS,46,0.5760869565217392,20,0.43478260869565216
Compress,9,6,STARTS+FAST-S,46,0.4673913043478261,25,0.5434782608695652
Compress,9,6,STARTS+FAST-P,46,0.4456521739130435,26,0.5652173913043478
Compress,9,6,STARTS+DPT,46,0.4891304347826087,24,0.5217391304347826
Compress,9,6,Fastazi-S,44,0.4673913043478261,25,0.5434782608695652
Compress,9,6,Fastazi-P,44,0.4456521739130435,26,0.5652173913043478
Compress,9,6,Random,46,0.8586956521739131,7,0.15217391304347827
Compress,9,7,Ekstazi,44,0.4456521739130435,26,0.5652173913043478
Compress,9,7,FAST,46,0.4456521739130435,26,0.5652173913043478
Compress,9,7,Ekstazi+dpt,44,0.4891304347826087,24,0.5217391304347826
Compress,9,7,DPT,46,0.4673913043478261,25,0.5434782608695652
Compress,9,7,STARTS,46,0.9891304347826088,1,0.021739130434782608
Compress,9,7,STARTS+FAST-S,46,0.9891304347826088,1,0.021739130434782608
Compress,9,7,STARTS+FAST-P,46,0.4456521739130435,26,0.5652173913043478
Compress,9,7,STARTS+DPT,46,0.4891304347826087,24,0.5217391304347826
Compress,9,7,Fastazi-S,44,0.4456521739130435,26,0.5652173913043478
Compress,9,7,Fastazi-P,44,0.4673913043478261,25,0.5434782608695652
Compress,9,7,Random,46,0.29347826086956524,33,0.717391304347826
Compress,9,8,Ekstazi,44,0.24999999999999994,35,0.7608695652173914
Compress,9,8,FAST,46,0.4239130434782608,27,0.5869565217391305
Compress,9,8,Ekstazi+dpt,44,0.4891304347826087,24,0.5217391304347826
Compress,9,8,DPT,46,0.4673913043478261,25,0.5434782608695652
Compress,9,8,STARTS,46,0.923913043478261,4,0.08695652173913043
Compress,9,8,STARTS+FAST-S,46,0.4456521739130435,26,0.5652173913043478
Compress,9,8,STARTS+FAST-P,46,0.4673913043478261,25,0.5434782608695652
Compress,9,8,STARTS+DPT,46,0.4673913043478261,25,0.5434782608695652
Compress,9,8,Fastazi-S,44,0.4673913043478261,25,0.5434782608695652
Compress,9,8,Fastazi-P,44,0.4456521739130435,26,0.5652173913043478
Compress,9,8,Random,46,0.5760869565217392,20,0.43478260869565216
Compress,9,9,Ekstazi,44,0.09782608695652178,42,0.9130434782608695
Compress,9,9,FAST,46,0.4239130434782608,27,0.5869565217391305
Compress,9,9,Ekstazi+dpt,44,0.4891304347826087,24,0.5217391304347826
Compress,9,9,DPT,46,0.4891304347826087,24,0.5217391304347826
Compress,9,9,STARTS,46,0.18478260869565216,38,0.8260869565217391
Compress,9,9,STARTS+FAST-S,46,0.4673913043478261,25,0.5434782608695652
Compress,9,9,STARTS+FAST-P,46,0.4673913043478261,25,0.5434782608695652
Compress,9,9,STARTS+DPT,46,0.4673913043478261,25,0.5434782608695652
Compress,9,9,Fastazi-S,44,0.4673913043478261,25,0.5434782608695652
Compress,9,9,Fastazi-P,44,0.4456521739130435,26,0.5652173913043478
Compress,9,9,Random,46,0.5978260869565217,19,0.41304347826086957
Compress,9,10,Ekstazi,44,0.7934782608695653,10,0.21739130434782608
Compress,9,10,FAST,46,0.4456521739130435,26,0.5652173913043478
Compress,9,10,Ekstazi+dpt,44,0.4673913043478261,25,0.5434782608695652
Compress,9,10,DPT,46,0.4673913043478261,25,0.5434782608695652
Compress,9,10,STARTS,46,0.7934782608695653,10,0.21739130434782608
Compress,9,10,STARTS+FAST-S,46,0.4673913043478261,25,0.5434782608695652
Compress,9,10,STARTS+FAST-P,46,0.4456521739130435,26,0.5652173913043478
Compress,9,10,STARTS+DPT,46,0.4673913043478261,25,0.5434782608695652
Compress,9,10,Fastazi-S,44,0.4673913043478261,25,0.5434782608695652
Compress,9,10,Fastazi-P,44,0.4673913043478261,25,0.5434782608695652
Compress,9,10,Random,46,0.8152173913043479,9,0.1956521739130435
Compress,9,11,Ekstazi,44,0.9673913043478262,2,0.043478260869565216
Compress,9,11,FAST,46,0.4456521739130435,26,0.5652173913043478
Compress,9,11,Ekstazi+dpt,44,0.4891304347826087,24,0.5217391304347826
Compress,9,11,DPT,46,0.4891304347826087,24,0.5217391304347826
Compress,9,11,STARTS,46,0.4021739130434782,28,0.6086956521739131
Compress,9,11,STARTS+FAST-S,46,0.4456521739130435,26,0.5652173913043478
Compress,9,11,STARTS+FAST-P,46,0.4456521739130435,26,0.5652173913043478
Compress,9,11,STARTS+DPT,46,0.4673913043478261,25,0.5434782608695652
Compress,9,11,Fastazi-S,44,0.4456521739130435,26,0.5652173913043478
Compress,9,11,Fastazi-P,44,0.4673913043478261,25,0.5434782608695652
Compress,9,11,Random,46,0.9891304347826088,1,0.021739130434782608
Compress,9,12,Ekstazi,44,0.532608695652174,22,0.4782608695652174
Compress,9,12,FAST,46,0.4456521739130435,26,0.5652173913043478
Compress,9,12,Ekstazi+dpt,44,0.4891304347826087,24,0.5217391304347826
Compress,9,12,DPT,46,0.4891304347826087,24,0.5217391304347826
Compress,9,12,STARTS,46,0.9456521739130436,3,0.06521739130434782
Compress,9,12,STARTS+FAST-S,46,0.4456521739130435,26,0.5652173913043478
Compress,9,12,STARTS+FAST-P,46,0.4673913043478261,25,0.5434782608695652
Compress,9,12,STARTS+DPT,46,0.4891304347826087,24,0.5217391304347826
Compress,9,12,Fastazi-S,44,0.4456521739130435,26,0.5652173913043478
Compress,9,12,Fastazi-P,44,0.4673913043478261,25,0.5434782608695652
Compress,9,12,Random,46,0.7934782608695653,10,0.21739130434782608
Compress,9,13,Ekstazi,44,0.4456521739130435,26,0.5652173913043478
Compress,9,13,FAST,46,0.4456521739130435,26,0.5652173913043478
Compress,9,13,Ekstazi+dpt,44,0.4673913043478261,25,0.5434782608695652
Compress,9,13,DPT,46,0.4673913043478261,25,0.5434782608695652
Compress,9,13,STARTS,46,0.8369565217391305,8,0.17391304347826086
Compress,9,13,STARTS+FAST-S,46,0.4891304347826087,24,0.5217391304347826
Compress,9,13,STARTS+FAST-P,46,0.9891304347826088,1,0.021739130434782608
Compress,9,13,STARTS+DPT,46,0.4891304347826087,24,0.5217391304347826
Compress,9,13,Fastazi-S,44,0.4673913043478261,25,0.5434782608695652
Compress,9,13,Fastazi-P,44,0.4673913043478261,25,0.5434782608695652
Compress,9,13,Random,46,0.5978260869565217,19,0.41304347826086957
Compress,9,14,Ekstazi,44,0.9456521739130436,3,0.06521739130434782
Compress,9,14,FAST,46,0.4456521739130435,26,0.5652173913043478
Compress,9,14,Ekstazi+dpt,44,0.4891304347826087,24,0.5217391304347826
Compress,9,14,DPT,46,0.4673913043478261,25,0.5434782608695652
Compress,9,14,STARTS,46,0.7934782608695653,10,0.21739130434782608
Compress,9,14,STARTS+FAST-S,46,0.4673913043478261,25,0.5434782608695652
Compress,9,14,STARTS+FAST-P,46,0.4673913043478261,25,0.5434782608695652
Compress,9,14,STARTS+DPT,46,0.4891304347826087,24,0.5217391304347826
Compress,9,14,Fastazi-S,44,0.4456521739130435,26,0.5652173913043478
Compress,9,14,Fastazi-P,44,0.4673913043478261,25,0.5434782608695652
Compress,9,14,Random,46,0.18478260869565216,38,0.8260869565217391
Compress,9,15,Ekstazi,44,0.05434782608695649,44,0.9565217391304348
Compress,9,15,FAST,46,0.4456521739130435,26,0.5652173913043478
Compress,9,15,Ekstazi+dpt,44,0.4891304347826087,24,0.5217391304347826
Compress,9,15,DPT,46,0.4673913043478261,25,0.5434782608695652
Compress,9,15,STARTS,46,0.358695652173913,30,0.6521739130434783
Compress,9,15,STARTS+FAST-S,46,0.4673913043478261,25,0.5434782608695652
Compress,9,15,STARTS+FAST-P,46,0.4891304347826087,24,0.5217391304347826
Compress,9,15,STARTS+DPT,46,0.4891304347826087,24,0.5217391304347826
Compress,9,15,Fastazi-S,44,0.4456521739130435,26,0.5652173913043478
Compress,9,15,Fastazi-P,44,0.4673913043478261,25,0.5434782608695652
Compress,9,15,Random,46,0.923913043478261,4,0.08695652173913043
Compress,9,16,Ekstazi,44,0.22826086956521735,36,0.782608695652174
Compress,9,16,FAST,46,0.4239130434782608,27,0.5869565217391305
Compress,9,16,Ekstazi+dpt,44,0.4891304347826087,24,0.5217391304347826
Compress,9,16,DPT,46,0.4673913043478261,25,0.5434782608695652
Compress,9,16,STARTS,46,0.4891304347826087,24,0.5217391304347826
Compress,9,16,STARTS+FAST-S,46,0.4673913043478261,25,0.5434782608695652
Compress,9,16,STARTS+FAST-P,46,0.4456521739130435,26,0.5652173913043478
Compress,9,16,STARTS+DPT,46,0.4673913043478261,25,0.5434782608695652
Compress,9,16,Fastazi-S,44,0.4673913043478261,25,0.5434782608695652
Compress,9,16,Fastazi-P,44,0.4673913043478261,25,0.5434782608695652
Compress,9,16,Random,46,0.6195652173913044,18,0.391304347826087
Compress,9,17,Ekstazi,44,0.9673913043478262,2,0.043478260869565216
Compress,9,17,FAST,46,0.4239130434782608,27,0.5869565217391305
Compress,9,17,Ekstazi+dpt,44,0.4673913043478261,25,0.5434782608695652
Compress,9,17,DPT,46,0.4673913043478261,25,0.5434782608695652
Compress,9,17,STARTS,46,0.4456521739130435,26,0.5652173913043478
Compress,9,17,STARTS+FAST-S,46,0.4456521739130435,26,0.5652173913043478
Compress,9,17,STARTS+FAST-P,46,0.4673913043478261,25,0.5434782608695652
Compress,9,17,STARTS+DPT,46,0.4673913043478261,25,0.5434782608695652
Compress,9,17,Fastazi-S,44,0.4456521739130435,26,0.5652173913043478
Compress,9,17,Fastazi-P,44,0.4456521739130435,26,0.5652173913043478
Compress,9,17,Random,46,0.29347826086956524,33,0.717391304347826
Compress,9,18,Ekstazi,44,0.5760869565217392,20,0.43478260869565216
Compress,9,18,FAST,46,0.4456521739130435,26,0.5652173913043478
Compress,9,18,Ekstazi+dpt,44,0.4673913043478261,25,0.5434782608695652
Compress,9,18,DPT,46,0.4891304347826087,24,0.5217391304347826
Compress,9,18,STARTS,46,0.8369565217391305,8,0.17391304347826086
Compress,9,18,STARTS+FAST-S,46,0.4673913043478261,25,0.5434782608695652
Compress,9,18,STARTS+FAST-P,46,0.4456521739130435,26,0.5652173913043478
Compress,9,18,STARTS+DPT,46,0.4673913043478261,25,0.5434782608695652
Compress,9,18,Fastazi-S,44,0.4456521739130435,26,0.5652173913043478
Compress,9,18,Fastazi-P,44,0.4673913043478261,25,0.5434782608695652
Compress,9,18,Random,46,0.24999999999999994,35,0.7608695652173914
Compress,9,19,Ekstazi,44,0.8586956521739131,7,0.15217391304347827
Compress,9,19,FAST,46,0.9891304347826088,1,0.021739130434782608
Compress,9,19,Ekstazi+dpt,44,0.4673913043478261,25,0.5434782608695652
Compress,9,19,DPT,46,0.4891304347826087,24,0.5217391304347826
Compress,9,19,STARTS,46,0.29347826086956524,33,0.717391304347826
Compress,9,19,STARTS+FAST-S,46,0.4456521739130435,26,0.5652173913043478
Compress,9,19,STARTS+FAST-P,46,0.4673913043478261,25,0.5434782608695652
Compress,9,19,STARTS+DPT,46,0.4673913043478261,25,0.5434782608695652
Compress,9,19,Fastazi-S,44,0.4456521739130435,26,0.5652173913043478
Compress,9,19,Fastazi-P,44,0.9891304347826088,1,0.021739130434782608
Compress,9,19,Random,46,0.9673913043478262,2,0.043478260869565216
Compress,9,20,Ekstazi,44,0.4021739130434782,28,0.6086956521739131
Compress,9,20,FAST,46,0.4239130434782608,27,0.5869565217391305
Compress,9,20,Ekstazi+dpt,44,0.4673913043478261,25,0.5434782608695652
Compress,9,20,DPT,46,0.4673913043478261,25,0.5434782608695652
Compress,9,20,STARTS,46,0.6847826086956522,15,0.32608695652173914
Compress,9,20,STARTS+FAST-S,46,0.4456521739130435,26,0.5652173913043478
Compress,9,20,STARTS+FAST-P,46,0.4021739130434782,28,0.6086956521739131
Compress,9,20,STARTS+DPT,46,0.4673913043478261,25,0.5434782608695652
Compress,9,20,Fastazi-S,44,0.4673913043478261,25,0.5434782608695652
Compress,9,20,Fastazi-P,44,0.4456521739130435,26,0.5652173913043478
Compress,9,20,Random,46,0.3804347826086956,29,0.6304347826086957
Compress,9,21,Ekstazi,44,0.7934782608695653,10,0.21739130434782608
Compress,9,21,FAST,46,0.4456521739130435,26,0.5652173913043478
Compress,9,21,Ekstazi+dpt,44,0.4673913043478261,25,0.5434782608695652
Compress,9,21,DPT,46,0.4673913043478261,25,0.5434782608695652
Compress,9,21,STARTS,46,0.6195652173913044,18,0.391304347826087
Compress,9,21,STARTS+FAST-S,46,0.4673913043478261,25,0.5434782608695652
Compress,9,21,STARTS+FAST-P,46,0.4673913043478261,25,0.5434782608695652
Compress,9,21,STARTS+DPT,46,0.4891304347826087,24,0.5217391304347826
Compress,9,21,Fastazi-S,44,0.4673913043478261,25,0.5434782608695652
Compress,9,21,Fastazi-P,44,0.4673913043478261,25,0.5434782608695652
Compress,9,21,Random,46,0.9673913043478262,2,0.043478260869565216
Compress,9,22,Ekstazi,44,0.27173913043478265,34,0.7391304347826086
Compress,9,22,FAST,46,0.4456521739130435,26,0.5652173913043478
Compress,9,22,Ekstazi+dpt,44,0.4891304347826087,24,0.5217391304347826
Compress,9,22,DPT,46,0.4891304347826087,24,0.5217391304347826
Compress,9,22,STARTS,46,0.22826086956521735,36,0.782608695652174
Compress,9,22,STARTS+FAST-S,46,0.4891304347826087,24,0.5217391304347826
Compress,9,22,STARTS+FAST-P,46,0.4891304347826087,24,0.5217391304347826
Compress,9,22,STARTS+DPT,46,0.4673913043478261,25,0.5434782608695652
Compress,9,22,Fastazi-S,44,0.4456521739130435,26,0.5652173913043478
Compress,9,22,Fastazi-P,44,0.4673913043478261,25,0.5434782608695652
Compress,9,22,Random,46,0.9021739130434783,5,0.10869565217391304
Compress,9,23,Ekstazi,44,0.7282608695652175,13,0.2826086956521739
Compress,9,23,FAST,46,0.4239130434782608,27,0.5869565217391305
Compress,9,23,Ekstazi+dpt,44,0.4891304347826087,24,0.5217391304347826
Compress,9,23,DPT,46,0.4891304347826087,24,0.5217391304347826
Compress,9,23,STARTS,46,0.3804347826086956,29,0.6304347826086957
Compress,9,23,STARTS+FAST-S,46,0.4673913043478261,25,0.5434782608695652
Compress,9,23,STARTS+FAST-P,46,0.4673913043478261,25,0.5434782608695652
Compress,9,23,STARTS+DPT,46,0.4673913043478261,25,0.5434782608695652
Compress,9,23,Fastazi-S,44,0.4673913043478261,25,0.5434782608695652
Compress,9,23,Fastazi-P,44,0.4456521739130435,26,0.5652173913043478
Compress,9,23,Random,46,0.9891304347826088,1,0.021739130434782608
Compress,9,24,Ekstazi,44,0.20652173913043476,37,0.8043478260869565
Compress,9,24,FAST,46,0.4239130434782608,27,0.5869565217391305
Compress,9,24,Ekstazi+dpt,44,0.4673913043478261,25,0.5434782608695652
Compress,9,24,DPT,46,0.4673913043478261,25,0.5434782608695652
Compress,9,24,STARTS,46,0.9673913043478262,2,0.043478260869565216
Compress,9,24,STARTS+FAST-S,46,0.4673913043478261,25,0.5434782608695652
Compress,9,24,STARTS+FAST-P,46,0.4673913043478261,25,0.5434782608695652
Compress,9,24,STARTS+DPT,46,0.4891304347826087,24,0.5217391304347826
Compress,9,24,Fastazi-S,44,0.4673913043478261,25,0.5434782608695652
Compress,9,24,Fastazi-P,44,0.4673913043478261,25,0.5434782608695652
Compress,9,24,Random,46,0.6195652173913044,18,0.391304347826087
Compress,9,25,Ekstazi,44,0.6630434782608696,16,0.34782608695652173
Compress,9,25,FAST,46,0.4239130434782608,27,0.5869565217391305
Compress,9,25,Ekstazi+dpt,44,0.4673913043478261,25,0.5434782608695652
Compress,9,25,DPT,46,0.4673913043478261,25,0.5434782608695652
Compress,9,25,STARTS,46,0.010869565217391304,46,1.0
Compress,9,25,STARTS+FAST-S,46,0.4456521739130435,26,0.5652173913043478
Compress,9,25,STARTS+FAST-P,46,0.4673913043478261,25,0.5434782608695652
Compress,9,25,STARTS+DPT,46,0.4673913043478261,25,0.5434782608695652
Compress,9,25,Fastazi-S,44,0.4456521739130435,26,0.5652173913043478
Compress,9,25,Fastazi-P,44,0.4456521739130435,26,0.5652173913043478
Compress,9,25,Random,46,0.3804347826086956,29,0.6304347826086957
Compress,9,26,Ekstazi,44,0.09782608695652178,42,0.9130434782608695
Compress,9,26,FAST,46,0.4239130434782608,27,0.5869565217391305
Compress,9,26,Ekstazi+dpt,44,0.4891304347826087,24,0.5217391304347826
Compress,9,26,DPT,46,0.4673913043478261,25,0.5434782608695652
Compress,9,26,STARTS,46,0.14130434782608697,40,0.8695652173913043
Compress,9,26,STARTS+FAST-S,46,0.4456521739130435,26,0.5652173913043478
Compress,9,26,STARTS+FAST-P,46,0.4673913043478261,25,0.5434782608695652
Compress,9,26,STARTS+DPT,46,0.4891304347826087,24,0.5217391304347826
Compress,9,26,Fastazi-S,44,0.4673913043478261,25,0.5434782608695652
Compress,9,26,Fastazi-P,44,0.4456521739130435,26,0.5652173913043478
Compress,9,26,Random,46,0.33695652173913043,31,0.6739130434782609
Compress,9,27,Ekstazi,44,0.22826086956521735,36,0.782608695652174
Compress,9,27,FAST,46,0.4239130434782608,27,0.5869565217391305
Compress,9,27,Ekstazi+dpt,44,0.4673913043478261,25,0.5434782608695652
Compress,9,27,DPT,46,0.4673913043478261,25,0.5434782608695652
Compress,9,27,STARTS,46,0.358695652173913,30,0.6521739130434783
Compress,9,27,STARTS+FAST-S,46,0.4456521739130435,26,0.5652173913043478
Compress,9,27,STARTS+FAST-P,46,0.4456521739130435,26,0.5652173913043478
Compress,9,27,STARTS+DPT,46,0.4891304347826087,24,0.5217391304347826
Compress,9,27,Fastazi-S,44,0.4673913043478261,25,0.5434782608695652
Compress,9,27,Fastazi-P,44,0.4456521739130435,26,0.5652173913043478
Compress,9,27,Random,46,0.5978260869565217,19,0.41304347826086957
Compress,9,28,Ekstazi,44,0.27173913043478265,34,0.7391304347826086
Compress,9,28,FAST,46,0.4456521739130435,26,0.5652173913043478
Compress,9,28,Ekstazi+dpt,44,0.4891304347826087,24,0.5217391304347826
Compress,9,28,DPT,46,0.4891304347826087,24,0.5217391304347826
Compress,9,28,STARTS,46,0.4891304347826087,24,0.5217391304347826
Compress,9,28,STARTS+FAST-S,46,0.4673913043478261,25,0.5434782608695652
Compress,9,28,STARTS+FAST-P,46,0.4891304347826087,24,0.5217391304347826
Compress,9,28,STARTS+DPT,46,0.4673913043478261,25,0.5434782608695652
Compress,9,28,Fastazi-S,44,0.4456521739130435,26,0.5652173913043478
Compress,9,28,Fastazi-P,44,0.4673913043478261,25,0.5434782608695652
Compress,9,28,Random,46,0.923913043478261,4,0.08695652173913043
Compress,9,29,Ekstazi,44,0.4239130434782608,27,0.5869565217391305
Compress,9,29,FAST,46,0.4239130434782608,27,0.5869565217391305
Compress,9,29,Ekstazi+dpt,44,0.4891304347826087,24,0.5217391304347826
Compress,9,29,DPT,46,0.4891304347826087,24,0.5217391304347826
Compress,9,29,STARTS,46,0.11956521739130438,41,0.8913043478260869
Compress,9,29,STARTS+FAST-S,46,0.4456521739130435,26,0.5652173913043478
Compress,9,29,STARTS+FAST-P,46,0.4456521739130435,26,0.5652173913043478
Compress,9,29,STARTS+DPT,46,0.4891304347826087,24,0.5217391304347826
Compress,9,29,Fastazi-S,44,0.4456521739130435,26,0.5652173913043478
Compress,9,29,Fastazi-P,44,0.4456521739130435,26,0.5652173913043478
Compress,9,29,Random,46,0.8152173913043479,9,0.1956521739130435
Compress,9,30,Ekstazi,44,0.532608695652174,22,0.4782608695652174
Compress,9,30,FAST,46,0.4239130434782608,27,0.5869565217391305
Compress,9,30,Ekstazi+dpt,44,0.4891304347826087,24,0.5217391304347826
Compress,9,30,DPT,46,0.4891304347826087,24,0.5217391304347826
Compress,9,30,STARTS,46,0.11956521739130438,41,0.8913043478260869
Compress,9,30,STARTS+FAST-S,46,0.4456521739130435,26,0.5652173913043478
Compress,9,30,STARTS+FAST-P,46,0.4456521739130435,26,0.5652173913043478
Compress,9,30,STARTS+DPT,46,0.4673913043478261,25,0.5434782608695652
Compress,9,30,Fastazi-S,44,0.4673913043478261,25,0.5434782608695652
Compress,9,30,Fastazi-P,44,0.4456521739130435,26,0.5652173913043478
Compress,9,30,Random,46,0.31521739130434784,32,0.6956521739130435
Compress,10,1,Ekstazi,33,0.675925925925926,18,0.3333333333333333
Compress,10,1,FAST,54,0.5648148148148149,24,0.4444444444444444
Compress,10,1,Ekstazi+dpt,33,0.9166666666666667,5,0.09259259259259259
Compress,10,1,DPT,54,0.9166666666666667,5,0.09259259259259259
Compress,10,1,STARTS,43,0.49074074074074076,28,0.5185185185185185
Compress,10,1,STARTS+FAST-S,43,0.8240740740740742,10,0.18518518518518517
Compress,10,1,STARTS+FAST-P,43,0.8240740740740742,10,0.18518518518518517
Compress,10,1,STARTS+DPT,43,0.9166666666666667,5,0.09259259259259259
Compress,10,1,Fastazi-S,33,0.5648148148148149,24,0.4444444444444444
Compress,10,1,Fastazi-P,33,0.6944444444444444,17,0.3148148148148148
Compress,10,1,Random,54,0.02777777777777775,53,0.9814814814814815
Compress,10,2,Ekstazi,33,0.47222222222222215,29,0.5370370370370371
Compress,10,2,FAST,54,0.5648148148148149,24,0.4444444444444444
Compress,10,2,Ekstazi+dpt,33,0.9166666666666667,5,0.09259259259259259
Compress,10,2,DPT,54,0.9166666666666667,5,0.09259259259259259
Compress,10,2,STARTS,43,0.638888888888889,20,0.37037037037037035
Compress,10,2,STARTS+FAST-S,43,0.8240740740740742,10,0.18518518518518517
Compress,10,2,STARTS+FAST-P,43,0.8240740740740742,10,0.18518518518518517
Compress,10,2,STARTS+DPT,43,0.9166666666666667,5,0.09259259259259259
Compress,10,2,Fastazi-S,33,0.6018518518518519,22,0.4074074074074074
Compress,10,2,Fastazi-P,33,0.6944444444444444,17,0.3148148148148148
Compress,10,2,Random,54,0.9537037037037037,3,0.05555555555555555
Compress,10,3,Ekstazi,33,0.8611111111111112,8,0.14814814814814814
Compress,10,3,FAST,54,0.5648148148148149,24,0.4444444444444444
Compress,10,3,Ekstazi+dpt,33,0.9166666666666667,5,0.09259259259259259
Compress,10,3,DPT,54,0.9166666666666667,5,0.09259259259259259
Compress,10,3,STARTS,43,0.9537037037037037,3,0.05555555555555555
Compress,10,3,STARTS+FAST-S,43,0.8240740740740742,10,0.18518518518518517
Compress,10,3,STARTS+FAST-P,43,0.8425925925925927,9,0.16666666666666666
Compress,10,3,STARTS+DPT,43,0.9166666666666667,5,0.09259259259259259
Compress,10,3,Fastazi-S,33,0.5648148148148149,24,0.4444444444444444
Compress,10,3,Fastazi-P,33,0.712962962962963,16,0.2962962962962963
Compress,10,3,Random,54,0.15740740740740738,46,0.8518518518518519
Compress,10,4,Ekstazi,33,0.5648148148148149,24,0.4444444444444444
Compress,10,4,FAST,54,0.5648148148148149,24,0.4444444444444444
Compress,10,4,Ekstazi+dpt,33,0.9166666666666667,5,0.09259259259259259
Compress,10,4,DPT,54,0.9166666666666667,5,0.09259259259259259
Compress,10,4,STARTS,43,0.5833333333333334,23,0.42592592592592593
Compress,10,4,STARTS+FAST-S,43,0.8240740740740742,10,0.18518518518518517
Compress,10,4,STARTS+FAST-P,43,0.8240740740740742,10,0.18518518518518517
Compress,10,4,STARTS+DPT,43,0.9166666666666667,5,0.09259259259259259
Compress,10,4,Fastazi-S,33,0.6018518518518519,22,0.4074074074074074
Compress,10,4,Fastazi-P,33,0.6944444444444444,17,0.3148148148148148
Compress,10,4,Random,54,0.675925925925926,18,0.3333333333333333
Compress,10,5,Ekstazi,33,0.8611111111111112,8,0.14814814814814814
Compress,10,5,FAST,54,0.5648148148148149,24,0.4444444444444444
Compress,10,5,Ekstazi+dpt,33,0.9166666666666667,5,0.09259259259259259
Compress,10,5,DPT,54,0.9166666666666667,5,0.09259259259259259
Compress,10,5,STARTS,43,0.4166666666666667,32,0.5925925925925926
Compress,10,5,STARTS+FAST-S,43,0.8240740740740742,10,0.18518518518518517
Compress,10,5,STARTS+FAST-P,43,0.8240740740740742,10,0.18518518518518517
Compress,10,5,STARTS+DPT,43,0.9166666666666667,5,0.09259259259259259
Compress,10,5,Fastazi-S,33,0.6018518518518519,22,0.4074074074074074
Compress,10,5,Fastazi-P,33,0.712962962962963,16,0.2962962962962963
Compress,10,5,Random,54,0.5833333333333334,23,0.42592592592592593
Compress,10,6,Ekstazi,33,0.8611111111111112,8,0.14814814814814814
Compress,10,6,FAST,54,0.5648148148148149,24,0.4444444444444444
Compress,10,6,Ekstazi+dpt,33,0.9166666666666667,5,0.09259259259259259
Compress,10,6,DPT,54,0.9166666666666667,5,0.09259259259259259
Compress,10,6,STARTS,43,0.7685185185185186,13,0.24074074074074073
Compress,10,6,STARTS+FAST-S,43,0.8240740740740742,10,0.18518518518518517
Compress,10,6,STARTS+FAST-P,43,0.8425925925925927,9,0.16666666666666666
Compress,10,6,STARTS+DPT,43,0.9166666666666667,5,0.09259259259259259
Compress,10,6,Fastazi-S,33,0.5648148148148149,24,0.4444444444444444
Compress,10,6,Fastazi-P,33,0.6944444444444444,17,0.3148148148148148
Compress,10,6,Random,54,0.17592592592592587,45,0.8333333333333334
Compress,10,7,Ekstazi,33,0.5092592592592593,27,0.5
Compress,10,7,FAST,54,0.5648148148148149,24,0.4444444444444444
Compress,10,7,Ekstazi+dpt,33,0.9166666666666667,5,0.09259259259259259
Compress,10,7,DPT,54,0.9166666666666667,5,0.09259259259259259
Compress,10,7,STARTS,43,0.21296296296296297,43,0.7962962962962963
Compress,10,7,STARTS+FAST-S,43,0.8240740740740742,10,0.18518518518518517
Compress,10,7,STARTS+FAST-P,43,0.8425925925925927,9,0.16666666666666666
Compress,10,7,STARTS+DPT,43,0.9166666666666667,5,0.09259259259259259
Compress,10,7,Fastazi-S,33,0.6018518518518519,22,0.4074074074074074
Compress,10,7,Fastazi-P,33,0.6944444444444444,17,0.3148148148148148
Compress,10,7,Random,54,0.009259259259259259,54,1.0
Compress,10,8,Ekstazi,33,0.6944444444444444,17,0.3148148148148148
Compress,10,8,FAST,54,0.5648148148148149,24,0.4444444444444444
Compress,10,8,Ekstazi+dpt,33,0.9166666666666667,5,0.09259259259259259
Compress,10,8,DPT,54,0.9166666666666667,5,0.09259259259259259
Compress,10,8,STARTS,43,0.324074074074074,37,0.6851851851851852
Compress,10,8,STARTS+FAST-S,43,0.8240740740740742,10,0.18518518518518517
Compress,10,8,STARTS+FAST-P,43,0.8425925925925927,9,0.16666666666666666
Compress,10,8,STARTS+DPT,43,0.9166666666666667,5,0.09259259259259259
Compress,10,8,Fastazi-S,33,0.6018518518518519,22,0.4074074074074074
Compress,10,8,Fastazi-P,33,0.6944444444444444,17,0.3148148148148148
Compress,10,8,Random,54,0.6944444444444444,17,0.3148148148148148
Compress,10,9,Ekstazi,33,0.8981481481481481,6,0.1111111111111111
Compress,10,9,FAST,54,0.5648148148148149,24,0.4444444444444444
Compress,10,9,Ekstazi+dpt,33,0.9166666666666667,5,0.09259259259259259
Compress,10,9,DPT,54,0.9166666666666667,5,0.09259259259259259
Compress,10,9,STARTS,43,0.28703703703703703,39,0.7222222222222222
Compress,10,9,STARTS+FAST-S,43,0.8240740740740742,10,0.18518518518518517
Compress,10,9,STARTS+FAST-P,43,0.8240740740740742,10,0.18518518518518517
Compress,10,9,STARTS+DPT,43,0.9166666666666667,5,0.09259259259259259
Compress,10,9,Fastazi-S,33,0.6018518518518519,22,0.4074074074074074
Compress,10,9,Fastazi-P,33,0.6944444444444444,17,0.3148148148148148
Compress,10,9,Random,54,0.17592592592592587,45,0.8333333333333334
Compress,10,10,Ekstazi,33,0.6944444444444444,17,0.3148148148148148
Compress,10,10,FAST,54,0.5648148148148149,24,0.4444444444444444
Compress,10,10,Ekstazi+dpt,33,0.9166666666666667,5,0.09259259259259259
Compress,10,10,DPT,54,0.9166666666666667,5,0.09259259259259259
Compress,10,10,STARTS,43,0.45370370370370366,30,0.5555555555555556
Compress,10,10,STARTS+FAST-S,43,0.8240740740740742,10,0.18518518518518517
Compress,10,10,STARTS+FAST-P,43,0.28703703703703703,39,0.7222222222222222
Compress,10,10,STARTS+DPT,43,0.9166666666666667,5,0.09259259259259259
Compress,10,10,Fastazi-S,33,0.6018518518518519,22,0.4074074074074074
Compress,10,10,Fastazi-P,33,0.6944444444444444,17,0.3148148148148148
Compress,10,10,Random,54,0.3425925925925926,36,0.6666666666666666
Compress,10,11,Ekstazi,33,0.5833333333333334,23,0.42592592592592593
Compress,10,11,FAST,54,0.5277777777777779,26,0.48148148148148145
Compress,10,11,Ekstazi+dpt,33,0.9166666666666667,5,0.09259259259259259
Compress,10,11,DPT,54,0.9166666666666667,5,0.09259259259259259
Compress,10,11,STARTS,43,0.6944444444444444,17,0.3148148148148148
Compress,10,11,STARTS+FAST-S,43,0.8240740740740742,10,0.18518518518518517
Compress,10,11,STARTS+FAST-P,43,0.8425925925925927,9,0.16666666666666666
Compress,10,11,STARTS+DPT,43,0.9166666666666667,5,0.09259259259259259
Compress,10,11,Fastazi-S,33,0.6018518518518519,22,0.4074074074074074
Compress,10,11,Fastazi-P,33,0.675925925925926,18,0.3333333333333333
Compress,10,11,Random,54,0.7314814814814815,15,0.2777777777777778
Compress,10,12,Ekstazi,33,0.5277777777777779,26,0.48148148148148145
Compress,10,12,FAST,54,0.5648148148148149,24,0.4444444444444444
Compress,10,12,Ekstazi+dpt,33,0.9166666666666667,5,0.09259259259259259
Compress,10,12,DPT,54,0.9166666666666667,5,0.09259259259259259
Compress,10,12,STARTS,43,0.8796296296296297,7,0.12962962962962962
Compress,10,12,STARTS+FAST-S,43,0.8240740740740742,10,0.18518518518518517
Compress,10,12,STARTS+FAST-P,43,0.8425925925925927,9,0.16666666666666666
Compress,10,12,STARTS+DPT,43,0.9166666666666667,5,0.09259259259259259
Compress,10,12,Fastazi-S,33,0.6018518518518519,22,0.4074074074074074
Compress,10,12,Fastazi-P,33,0.6944444444444444,17,0.3148148148148148
Compress,10,12,Random,54,0.3425925925925926,36,0.6666666666666666
Compress,10,13,Ekstazi,33,0.638888888888889,20,0.37037037037037035
Compress,10,13,FAST,54,0.5648148148148149,24,0.4444444444444444
Compress,10,13,Ekstazi+dpt,33,0.9166666666666667,5,0.09259259259259259
Compress,10,13,DPT,54,0.9166666666666667,5,0.09259259259259259
Compress,10,13,STARTS,43,0.8240740740740742,10,0.18518518518518517
Compress,10,13,STARTS+FAST-S,43,0.8240740740740742,10,0.18518518518518517
Compress,10,13,STARTS+FAST-P,43,0.8425925925925927,9,0.16666666666666666
Compress,10,13,STARTS+DPT,43,0.9166666666666667,5,0.09259259259259259
Compress,10,13,Fastazi-S,33,0.6018518518518519,22,0.4074074074074074
Compress,10,13,Fastazi-P,33,0.6944444444444444,17,0.3148148148148148
Compress,10,13,Random,54,0.8240740740740742,10,0.18518518518518517
Compress,10,14,Ekstazi,33,0.5277777777777779,26,0.48148148148148145
Compress,10,14,FAST,54,0.5648148148148149,24,0.4444444444444444
Compress,10,14,Ekstazi+dpt,33,0.9166666666666667,5,0.09259259259259259
Compress,10,14,DPT,54,0.9166666666666667,5,0.09259259259259259
Compress,10,14,STARTS,43,0.3981481481481481,33,0.6111111111111112
Compress,10,14,STARTS+FAST-S,43,0.8240740740740742,10,0.18518518518518517
Compress,10,14,STARTS+FAST-P,43,0.8240740740740742,10,0.18518518518518517
Compress,10,14,STARTS+DPT,43,0.9166666666666667,5,0.09259259259259259
Compress,10,14,Fastazi-S,33,0.5648148148148149,24,0.4444444444444444
Compress,10,14,Fastazi-P,33,0.6944444444444444,17,0.3148148148148148
Compress,10,14,Random,54,0.5277777777777779,26,0.48148148148148145
Compress,10,15,Ekstazi,33,0.9537037037037037,3,0.05555555555555555
Compress,10,15,FAST,54,0.5648148148148149,24,0.4444444444444444
Compress,10,15,Ekstazi+dpt,33,0.9166666666666667,5,0.09259259259259259
Compress,10,15,DPT,54,0.9166666666666667,5,0.09259259259259259
Compress,10,15,STARTS,43,0.23148148148148145,42,0.7777777777777778
Compress,10,15,STARTS+FAST-S,43,0.8240740740740742,10,0.18518518518518517
Compress,10,15,STARTS+FAST-P,43,0.8425925925925927,9,0.16666666666666666
Compress,10,15,STARTS+DPT,43,0.9166666666666667,5,0.09259259259259259
Compress,10,15,Fastazi-S,33,0.6018518518518519,22,0.4074074074074074
Compress,10,15,Fastazi-P,33,0.6944444444444444,17,0.3148148148148148
Compress,10,15,Random,54,0.10185185185185182,49,0.9074074074074074
Compress,10,16,Ekstazi,33,0.8240740740740742,10,0.18518518518518517
Compress,10,16,FAST,54,0.5648148148148149,24,0.4444444444444444
Compress,10,16,Ekstazi+dpt,33,0.9166666666666667,5,0.09259259259259259
Compress,10,16,DPT,54,0.9166666666666667,5,0.09259259259259259
Compress,10,16,STARTS,43,0.75,14,0.25925925925925924
Compress,10,16,STARTS+FAST-S,43,0.8240740740740742,10,0.18518518518518517
Compress,10,16,STARTS+FAST-P,43,0.8425925925925927,9,0.16666666666666666
Compress,10,16,STARTS+DPT,43,0.9166666666666667,5,0.09259259259259259
Compress,10,16,Fastazi-S,33,0.6018518518518519,22,0.4074074074074074
Compress,10,16,Fastazi-P,33,0.6944444444444444,17,0.3148148148148148
Compress,10,16,Random,54,0.4351851851851852,31,0.5740740740740741
Compress,10,17,Ekstazi,33,0.47222222222222215,29,0.5370370370370371
Compress,10,17,FAST,54,0.5648148148148149,24,0.4444444444444444
Compress,10,17,Ekstazi+dpt,33,0.9166666666666667,5,0.09259259259259259
Compress,10,17,DPT,54,0.9166666666666667,5,0.09259259259259259
Compress,10,17,STARTS,43,0.7314814814814815,15,0.2777777777777778
Compress,10,17,STARTS+FAST-S,43,0.8240740740740742,10,0.18518518518518517
Compress,10,17,STARTS+FAST-P,43,0.8425925925925927,9,0.16666666666666666
Compress,10,17,STARTS+DPT,43,0.9166666666666667,5,0.09259259259259259
Compress,10,17,Fastazi-S,33,0.6018518518518519,22,0.4074074074074074
Compress,10,17,Fastazi-P,33,0.712962962962963,16,0.2962962962962963
Compress,10,17,Random,54,0.9537037037037037,3,0.05555555555555555
Compress,10,18,Ekstazi,33,0.6018518518518519,22,0.4074074074074074
Compress,10,18,FAST,54,0.5648148148148149,24,0.4444444444444444
Compress,10,18,Ekstazi+dpt,33,0.9166666666666667,5,0.09259259259259259
Compress,10,18,DPT,54,0.9166666666666667,5,0.09259259259259259
Compress,10,18,STARTS,43,0.8240740740740742,10,0.18518518518518517
Compress,10,18,STARTS+FAST-S,43,0.8240740740740742,10,0.18518518518518517
Compress,10,18,STARTS+FAST-P,43,0.8240740740740742,10,0.18518518518518517
Compress,10,18,STARTS+DPT,43,0.9166666666666667,5,0.09259259259259259
Compress,10,18,Fastazi-S,33,0.6018518518518519,22,0.4074074074074074
Compress,10,18,Fastazi-P,33,0.6944444444444444,17,0.3148148148148148
Compress,10,18,Random,54,0.04629629629629635,52,0.9629629629629629
Compress,10,19,Ekstazi,33,0.3981481481481481,33,0.6111111111111112
Compress,10,19,FAST,54,0.5648148148148149,24,0.4444444444444444
Compress,10,19,Ekstazi+dpt,33,0.9166666666666667,5,0.09259259259259259
Compress,10,19,DPT,54,0.9166666666666667,5,0.09259259259259259
Compress,10,19,STARTS,43,0.8240740740740742,10,0.18518518518518517
Compress,10,19,STARTS+FAST-S,43,0.8240740740740742,10,0.18518518518518517
Compress,10,19,STARTS+FAST-P,43,0.8240740740740742,10,0.18518518518518517
Compress,10,19,STARTS+DPT,43,0.9166666666666667,5,0.09259259259259259
Compress,10,19,Fastazi-S,33,0.6018518518518519,22,0.4074074074074074
Compress,10,19,Fastazi-P,33,0.6944444444444444,17,0.3148148148148148
Compress,10,19,Random,54,0.1388888888888889,47,0.8703703703703703
Compress,10,20,Ekstazi,33,0.5833333333333334,23,0.42592592592592593
Compress,10,20,FAST,54,0.5648148148148149,24,0.4444444444444444
Compress,10,20,Ekstazi+dpt,33,0.9166666666666667,5,0.09259259259259259
Compress,10,20,DPT,54,0.9166666666666667,5,0.09259259259259259
Compress,10,20,STARTS,43,0.6018518518518519,22,0.4074074074074074
Compress,10,20,STARTS+FAST-S,43,0.8240740740740742,10,0.18518518518518517
Compress,10,20,STARTS+FAST-P,43,0.8425925925925927,9,0.16666666666666666
Compress,10,20,STARTS+DPT,43,0.9166666666666667,5,0.09259259259259259
Compress,10,20,Fastazi-S,33,0.6018518518518519,22,0.4074074074074074
Compress,10,20,Fastazi-P,33,0.6944444444444444,17,0.3148148148148148
Compress,10,20,Random,54,0.26851851851851855,40,0.7407407407407407
Compress,10,21,Ekstazi,33,0.9166666666666667,5,0.09259259259259259
Compress,10,21,FAST,54,0.5648148148148149,24,0.4444444444444444
Compress,10,21,Ekstazi+dpt,33,0.9166666666666667,5,0.09259259259259259
Compress,10,21,DPT,54,0.9166666666666667,5,0.09259259259259259
Compress,10,21,STARTS,43,0.712962962962963,16,0.2962962962962963
Compress,10,21,STARTS+FAST-S,43,0.8240740740740742,10,0.18518518518518517
Compress,10,21,STARTS+FAST-P,43,0.8240740740740742,10,0.18518518518518517
Compress,10,21,STARTS+DPT,43,0.9166666666666667,5,0.09259259259259259
Compress,10,21,Fastazi-S,33,0.6018518518518519,22,0.4074074074074074
Compress,10,21,Fastazi-P,33,0.712962962962963,16,0.2962962962962963
Compress,10,21,Random,54,0.02777777777777775,53,0.9814814814814815
Compress,10,22,Ekstazi,33,0.49074074074074076,28,0.5185185185185185
Compress,10,22,FAST,54,0.5648148148148149,24,0.4444444444444444
Compress,10,22,Ekstazi+dpt,33,0.9166666666666667,5,0.09259259259259259
Compress,10,22,DPT,54,0.9166666666666667,5,0.09259259259259259
Compress,10,22,STARTS,43,0.4351851851851852,31,0.5740740740740741
Compress,10,22,STARTS+FAST-S,43,0.8240740740740742,10,0.18518518518518517
Compress,10,22,STARTS+FAST-P,43,0.8425925925925927,9,0.16666666666666666
Compress,10,22,STARTS+DPT,43,0.9166666666666667,5,0.09259259259259259
Compress,10,22,Fastazi-S,33,0.6018518518518519,22,0.4074074074074074
Compress,10,22,Fastazi-P,33,0.6944444444444444,17,0.3148148148148148
Compress,10,22,Random,54,0.23148148148148145,42,0.7777777777777778
Compress,10,23,Ekstazi,33,0.675925925925926,18,0.3333333333333333
Compress,10,23,FAST,54,0.5648148148148149,24,0.4444444444444444
Compress,10,23,Ekstazi+dpt,33,0.9166666666666667,5,0.09259259259259259
Compress,10,23,DPT,54,0.9166666666666667,5,0.09259259259259259
Compress,10,23,STARTS,43,0.21296296296296297,43,0.7962962962962963
Compress,10,23,STARTS+FAST-S,43,0.8240740740740742,10,0.18518518518518517
Compress,10,23,STARTS+FAST-P,43,0.8425925925925927,9,0.16666666666666666
Compress,10,23,STARTS+DPT,43,0.9166666666666667,5,0.09259259259259259
Compress,10,23,Fastazi-S,33,0.6018518518518519,22,0.4074074074074074
Compress,10,23,Fastazi-P,33,0.712962962962963,16,0.2962962962962963
Compress,10,23,Random,54,0.9537037037037037,3,0.05555555555555555
Compress,10,24,Ekstazi,33,0.4351851851851852,31,0.5740740740740741
Compress,10,24,FAST,54,0.5648148148148149,24,0.4444444444444444
Compress,10,24,Ekstazi+dpt,33,0.9166666666666667,5,0.09259259259259259
Compress,10,24,DPT,54,0.9166666666666667,5,0.09259259259259259
Compress,10,24,STARTS,43,0.324074074074074,37,0.6851851851851852
Compress,10,24,STARTS+FAST-S,43,0.8240740740740742,10,0.18518518518518517
Compress,10,24,STARTS+FAST-P,43,0.8425925925925927,9,0.16666666666666666
Compress,10,24,STARTS+DPT,43,0.9166666666666667,5,0.09259259259259259
Compress,10,24,Fastazi-S,33,0.6018518518518519,22,0.4074074074074074
Compress,10,24,Fastazi-P,33,0.6944444444444444,17,0.3148148148148148
Compress,10,24,Random,54,0.8055555555555556,11,0.2037037037037037
Compress,10,25,Ekstazi,33,0.6944444444444444,17,0.3148148148148148
Compress,10,25,FAST,54,0.5648148148148149,24,0.4444444444444444
Compress,10,25,Ekstazi+dpt,33,0.9166666666666667,5,0.09259259259259259
Compress,10,25,DPT,54,0.9166666666666667,5,0.09259259259259259
Compress,10,25,STARTS,43,0.3796296296296296,34,0.6296296296296297
Compress,10,25,STARTS+FAST-S,43,0.8240740740740742,10,0.18518518518518517
Compress,10,25,STARTS+FAST-P,43,0.28703703703703703,39,0.7222222222222222
Compress,10,25,STARTS+DPT,43,0.9166666666666667,5,0.09259259259259259
Compress,10,25,Fastazi-S,33,0.9907407407407408,1,0.018518518518518517
Compress,10,25,Fastazi-P,33,0.6944444444444444,17,0.3148148148148148
Compress,10,25,Random,54,0.638888888888889,20,0.37037037037037035
Compress,10,26,Ekstazi,33,0.6018518518518519,22,0.4074074074074074
Compress,10,26,FAST,54,0.5648148148148149,24,0.4444444444444444
Compress,10,26,Ekstazi+dpt,33,0.9166666666666667,5,0.09259259259259259
Compress,10,26,DPT,54,0.9166666666666667,5,0.09259259259259259
Compress,10,26,STARTS,43,0.4351851851851852,31,0.5740740740740741
Compress,10,26,STARTS+FAST-S,43,0.8240740740740742,10,0.18518518518518517
Compress,10,26,STARTS+FAST-P,43,0.8240740740740742,10,0.18518518518518517
Compress,10,26,STARTS+DPT,43,0.9166666666666667,5,0.09259259259259259
Compress,10,26,Fastazi-S,33,0.6018518518518519,22,0.4074074074074074
Compress,10,26,Fastazi-P,33,0.6944444444444444,17,0.3148148148148148
Compress,10,26,Random,54,0.08333333333333333,50,0.9259259259259259
Compress,10,27,Ekstazi,33,0.5092592592592593,27,0.5
Compress,10,27,FAST,54,0.5648148148148149,24,0.4444444444444444
Compress,10,27,Ekstazi+dpt,33,0.9166666666666667,5,0.09259259259259259
Compress,10,27,DPT,54,0.9166666666666667,5,0.09259259259259259
Compress,10,27,STARTS,43,0.7314814814814815,15,0.2777777777777778
Compress,10,27,STARTS+FAST-S,43,0.8240740740740742,10,0.18518518518518517
Compress,10,27,STARTS+FAST-P,43,0.8425925925925927,9,0.16666666666666666
Compress,10,27,STARTS+DPT,43,0.9166666666666667,5,0.09259259259259259
Compress,10,27,Fastazi-S,33,0.6018518518518519,22,0.4074074074074074
Compress,10,27,Fastazi-P,33,0.6944444444444444,17,0.3148148148148148
Compress,10,27,Random,54,0.9166666666666667,5,0.09259259259259259
Compress,10,28,Ekstazi,33,0.9537037037037037,3,0.05555555555555555
Compress,10,28,FAST,54,0.5648148148148149,24,0.4444444444444444
Compress,10,28,Ekstazi+dpt,33,0.9166666666666667,5,0.09259259259259259
Compress,10,28,DPT,54,0.9166666666666667,5,0.09259259259259259
Compress,10,28,STARTS,43,0.47222222222222215,29,0.5370370370370371
Compress,10,28,STARTS+FAST-S,43,0.8240740740740742,10,0.18518518518518517
Compress,10,28,STARTS+FAST-P,43,0.8425925925925927,9,0.16666666666666666
Compress,10,28,STARTS+DPT,43,0.9166666666666667,5,0.09259259259259259
Compress,10,28,Fastazi-S,33,0.6018518518518519,22,0.4074074074074074
Compress,10,28,Fastazi-P,33,0.712962962962963,16,0.2962962962962963
Compress,10,28,Random,54,0.15740740740740738,46,0.8518518518518519
Compress,10,29,Ekstazi,33,0.638888888888889,20,0.37037037037037035
Compress,10,29,FAST,54,0.9907407407407408,1,0.018518518518518517
Compress,10,29,Ekstazi+dpt,33,0.9166666666666667,5,0.09259259259259259
Compress,10,29,DPT,54,0.9166666666666667,5,0.09259259259259259
Compress,10,29,STARTS,43,0.638888888888889,20,0.37037037037037035
Compress,10,29,STARTS+FAST-S,43,0.8240740740740742,10,0.18518518518518517
Compress,10,29,STARTS+FAST-P,43,0.8425925925925927,9,0.16666666666666666
Compress,10,29,STARTS+DPT,43,0.9166666666666667,5,0.09259259259259259
Compress,10,29,Fastazi-S,33,0.6018518518518519,22,0.4074074074074074
Compress,10,29,Fastazi-P,33,0.9907407407407408,1,0.018518518518518517
Compress,10,29,Random,54,0.3981481481481481,33,0.6111111111111112
Compress,10,30,Ekstazi,33,0.4166666666666667,32,0.5925925925925926
Compress,10,30,FAST,54,0.5648148148148149,24,0.4444444444444444
Compress,10,30,Ekstazi+dpt,33,0.9166666666666667,5,0.09259259259259259
Compress,10,30,DPT,54,0.9166666666666667,5,0.09259259259259259
Compress,10,30,STARTS,43,0.6018518518518519,22,0.4074074074074074
Compress,10,30,STARTS+FAST-S,43,0.8240740740740742,10,0.18518518518518517
Compress,10,30,STARTS+FAST-P,43,0.8425925925925927,9,0.16666666666666666
Compress,10,30,STARTS+DPT,43,0.9166666666666667,5,0.09259259259259259
Compress,10,30,Fastazi-S,33,0.5648148148148149,24,0.4444444444444444
Compress,10,30,Fastazi-P,33,0.6944444444444444,17,0.3148148148148148
Compress,10,30,Random,54,0.21296296296296297,43,0.7962962962962963
Compress,11,1,Ekstazi,35,0.6517857142857142,20,0.35714285714285715
Compress,11,1,FAST,56,0.9196428571428571,5,0.08928571428571429
Compress,11,1,Ekstazi+dpt,35,0.5803571428571428,24,0.42857142857142855
Compress,11,1,DPT,56,0.5446428571428571,26,0.4642857142857143
Compress,11,1,STARTS,37,0.8303571428571428,10,0.17857142857142858
Compress,11,1,STARTS+FAST-S,37,0.5267857142857142,27,0.48214285714285715
Compress,11,1,STARTS+FAST-P,37,0.49107142857142855,29,0.5178571428571429
Compress,11,1,STARTS+DPT,37,0.5625,25,0.44642857142857145
Compress,11,1,Fastazi-S,35,0.9196428571428571,5,0.08928571428571429
Compress,11,1,Fastazi-P,35,0.9553571428571428,3,0.05357142857142857
Compress,11,1,Random,56,0.008928571428571428,56,1.0
Compress,11,2,Ekstazi,35,0.49107142857142855,29,0.5178571428571429
Compress,11,2,FAST,56,0.9196428571428571,5,0.08928571428571429
Compress,11,2,Ekstazi+dpt,35,0.5625,25,0.44642857142857145
Compress,11,2,DPT,56,0.5803571428571428,24,0.42857142857142855
Compress,11,2,STARTS,37,0.6517857142857142,20,0.35714285714285715
Compress,11,2,STARTS+FAST-S,37,0.5267857142857142,27,0.48214285714285715
Compress,11,2,STARTS+FAST-P,37,0.5089285714285714,28,0.5
Compress,11,2,STARTS+DPT,37,0.5982142857142857,23,0.4107142857142857
Compress,11,2,Fastazi-S,35,0.9196428571428571,5,0.08928571428571429
Compress,11,2,Fastazi-P,35,0.9375,4,0.07142857142857142
Compress,11,2,Random,56,0.20535714285714282,45,0.8035714285714286
Compress,11,3,Ekstazi,35,0.47321428571428575,30,0.5357142857142857
Compress,11,3,FAST,56,0.9196428571428571,5,0.08928571428571429
Compress,11,3,Ekstazi+dpt,35,0.5982142857142857,23,0.4107142857142857
Compress,11,3,DPT,56,0.5625,25,0.44642857142857145
Compress,11,3,STARTS,37,0.7232142857142857,16,0.2857142857142857
Compress,11,3,STARTS+FAST-S,37,0.5267857142857142,27,0.48214285714285715
Compress,11,3,STARTS+FAST-P,37,0.5089285714285714,28,0.5
Compress,11,3,STARTS+DPT,37,0.5803571428571428,24,0.42857142857142855
Compress,11,3,Fastazi-S,35,0.9196428571428571,5,0.08928571428571429
Compress,11,3,Fastazi-P,35,0.9553571428571428,3,0.05357142857142857
Compress,11,3,Random,56,0.008928571428571428,56,1.0
Compress,11,4,Ekstazi,35,0.7232142857142857,16,0.2857142857142857
Compress,11,4,FAST,56,0.9196428571428571,5,0.08928571428571429
Compress,11,4,Ekstazi+dpt,35,0.5982142857142857,23,0.4107142857142857
Compress,11,4,DPT,56,0.5625,25,0.44642857142857145
Compress,11,4,STARTS,37,0.5625,25,0.44642857142857145
Compress,11,4,STARTS+FAST-S,37,0.5267857142857142,27,0.48214285714285715
Compress,11,4,STARTS+FAST-P,37,0.5089285714285714,28,0.5
Compress,11,4,STARTS+DPT,37,0.5625,25,0.44642857142857145
Compress,11,4,Fastazi-S,35,0.9196428571428571,5,0.08928571428571429
Compress,11,4,Fastazi-P,35,0.9553571428571428,3,0.05357142857142857
Compress,11,4,Random,56,0.45535714285714285,31,0.5535714285714286
Compress,11,5,Ekstazi,35,0.9732142857142857,2,0.03571428571428571
Compress,11,5,FAST,56,0.9196428571428571,5,0.08928571428571429
Compress,11,5,Ekstazi+dpt,35,0.5803571428571428,24,0.42857142857142855
Compress,11,5,DPT,56,0.5625,25,0.44642857142857145
Compress,11,5,STARTS,37,0.47321428571428575,30,0.5357142857142857
Compress,11,5,STARTS+FAST-S,37,0.5267857142857142,27,0.48214285714285715
Compress,11,5,STARTS+FAST-P,37,0.49107142857142855,29,0.5178571428571429
Compress,11,5,STARTS+DPT,37,0.5803571428571428,24,0.42857142857142855
Compress,11,5,Fastazi-S,35,0.9196428571428571,5,0.08928571428571429
Compress,11,5,Fastazi-P,35,0.9553571428571428,3,0.05357142857142857
Compress,11,5,Random,56,0.8839285714285714,7,0.125
Compress,11,6,Ekstazi,35,0.8482142857142857,9,0.16071428571428573
Compress,11,6,FAST,56,0.9196428571428571,5,0.08928571428571429
Compress,11,6,Ekstazi+dpt,35,0.5803571428571428,24,0.42857142857142855
Compress,11,6,DPT,56,0.5446428571428571,26,0.4642857142857143
Compress,11,6,STARTS,37,0.38392857142857145,35,0.625
Compress,11,6,STARTS+FAST-S,37,0.5267857142857142,27,0.48214285714285715
Compress,11,6,STARTS+FAST-P,37,0.5089285714285714,28,0.5
Compress,11,6,STARTS+DPT,37,0.5982142857142857,23,0.4107142857142857
Compress,11,6,Fastazi-S,35,0.9196428571428571,5,0.08928571428571429
Compress,11,6,Fastazi-P,35,0.9553571428571428,3,0.05357142857142857
Compress,11,6,Random,56,0.5982142857142857,23,0.4107142857142857
Compress,11,7,Ekstazi,35,0.7589285714285714,14,0.25
Compress,11,7,FAST,56,0.9196428571428571,5,0.08928571428571429
Compress,11,7,Ekstazi+dpt,35,0.5625,25,0.44642857142857145
Compress,11,7,DPT,56,0.5446428571428571,26,0.4642857142857143
Compress,11,7,STARTS,37,0.8303571428571428,10,0.17857142857142858
Compress,11,7,STARTS+FAST-S,37,0.5267857142857142,27,0.48214285714285715
Compress,11,7,STARTS+FAST-P,37,0.49107142857142855,29,0.5178571428571429
Compress,11,7,STARTS+DPT,37,0.5803571428571428,24,0.42857142857142855
Compress,11,7,Fastazi-S,35,0.9196428571428571,5,0.08928571428571429
Compress,11,7,Fastazi-P,35,0.9375,4,0.07142857142857142
Compress,11,7,Random,56,0.36607142857142855,36,0.6428571428571429
Compress,11,8,Ekstazi,35,0.7946428571428571,12,0.21428571428571427
Compress,11,8,FAST,56,0.9196428571428571,5,0.08928571428571429
Compress,11,8,Ekstazi+dpt,35,0.5982142857142857,23,0.4107142857142857
Compress,11,8,DPT,56,0.5625,25,0.44642857142857145
Compress,11,8,STARTS,37,0.8660714285714286,8,0.14285714285714285
Compress,11,8,STARTS+FAST-S,37,0.5267857142857142,27,0.48214285714285715
Compress,11,8,STARTS+FAST-P,37,0.5089285714285714,28,0.5
Compress,11,8,STARTS+DPT,37,0.5803571428571428,24,0.42857142857142855
Compress,11,8,Fastazi-S,35,0.9196428571428571,5,0.08928571428571429
Compress,11,8,Fastazi-P,35,0.9375,4,0.07142857142857142
Compress,11,8,Random,56,0.5982142857142857,23,0.4107142857142857
Compress,11,9,Ekstazi,35,0.6339285714285714,21,0.375
Compress,11,9,FAST,56,0.9196428571428571,5,0.08928571428571429
Compress,11,9,Ekstazi+dpt,35,0.5803571428571428,24,0.42857142857142855
Compress,11,9,DPT,56,0.5625,25,0.44642857142857145
Compress,11,9,STARTS,37,0.8482142857142857,9,0.16071428571428573
Compress,11,9,STARTS+FAST-S,37,0.5267857142857142,27,0.48214285714285715
Compress,11,9,STARTS+FAST-P,37,0.5089285714285714,28,0.5
Compress,11,9,STARTS+DPT,37,0.5803571428571428,24,0.42857142857142855
Compress,11,9,Fastazi-S,35,0.9910714285714285,1,0.017857142857142856
Compress,11,9,Fastazi-P,35,0.9553571428571428,3,0.05357142857142857
Compress,11,9,Random,56,0.08035714285714282,52,0.9285714285714286
Compress,11,10,Ekstazi,35,0.47321428571428575,30,0.5357142857142857
Compress,11,10,FAST,56,0.9196428571428571,5,0.08928571428571429
Compress,11,10,Ekstazi+dpt,35,0.5625,25,0.44642857142857145
Compress,11,10,DPT,56,0.5446428571428571,26,0.4642857142857143
Compress,11,10,STARTS,37,0.8482142857142857,9,0.16071428571428573
Compress,11,10,STARTS+FAST-S,37,0.5267857142857142,27,0.48214285714285715
Compress,11,10,STARTS+FAST-P,37,0.5089285714285714,28,0.5
Compress,11,10,STARTS+DPT,37,0.5625,25,0.44642857142857145
Compress,11,10,Fastazi-S,35,0.9196428571428571,5,0.08928571428571429
Compress,11,10,Fastazi-P,35,0.9553571428571428,3,0.05357142857142857
Compress,11,10,Random,56,0.25892857142857145,42,0.75
Compress,11,11,Ekstazi,35,0.5982142857142857,23,0.4107142857142857
Compress,11,11,FAST,56,0.9196428571428571,5,0.08928571428571429
Compress,11,11,Ekstazi+dpt,35,0.5803571428571428,24,0.42857142857142855
Compress,11,11,DPT,56,0.5803571428571428,24,0.42857142857142855
Compress,11,11,STARTS,37,0.5089285714285714,28,0.5
Compress,11,11,STARTS+FAST-S,37,0.5267857142857142,27,0.48214285714285715
Compress,11,11,STARTS+FAST-P,37,0.5089285714285714,28,0.5
Compress,11,11,STARTS+DPT,37,0.5803571428571428,24,0.42857142857142855
Compress,11,11,Fastazi-S,35,0.9196428571428571,5,0.08928571428571429
Compress,11,11,Fastazi-P,35,0.9375,4,0.07142857142857142
Compress,11,11,Random,56,0.27678571428571436,41,0.7321428571428571
Compress,11,12,Ekstazi,35,0.47321428571428575,30,0.5357142857142857
Compress,11,12,FAST,56,0.9910714285714285,1,0.017857142857142856
Compress,11,12,Ekstazi+dpt,35,0.5625,25,0.44642857142857145
Compress,11,12,DPT,56,0.5625,25,0.44642857142857145
Compress,11,12,STARTS,37,0.6875,18,0.32142857142857145
Compress,11,12,STARTS+FAST-S,37,0.5267857142857142,27,0.48214285714285715
Compress,11,12,STARTS+FAST-P,37,0.5089285714285714,28,0.5
Compress,11,12,STARTS+DPT,37,0.5982142857142857,23,0.4107142857142857
Compress,11,12,Fastazi-S,35,0.9196428571428571,5,0.08928571428571429
Compress,11,12,Fastazi-P,35,0.9910714285714285,1,0.017857142857142856
Compress,11,12,Random,56,0.7946428571428571,12,0.21428571428571427
Compress,11,13,Ekstazi,35,0.49107142857142855,29,0.5178571428571429
Compress,11,13,FAST,56,0.47321428571428575,30,0.5357142857142857
Compress,11,13,Ekstazi+dpt,35,0.5803571428571428,24,0.42857142857142855
Compress,11,13,DPT,56,0.5625,25,0.44642857142857145
Compress,11,13,STARTS,37,0.6875,18,0.32142857142857145
Compress,11,13,STARTS+FAST-S,37,0.5267857142857142,27,0.48214285714285715
Compress,11,13,STARTS+FAST-P,37,0.5089285714285714,28,0.5
Compress,11,13,STARTS+DPT,37,0.5625,25,0.44642857142857145
Compress,11,13,Fastazi-S,35,0.9196428571428571,5,0.08928571428571429
Compress,11,13,Fastazi-P,35,0.6696428571428571,19,0.3392857142857143
Compress,11,13,Random,56,0.9910714285714285,1,0.017857142857142856
Compress,11,14,Ekstazi,35,0.6339285714285714,21,0.375
Compress,11,14,FAST,56,0.9196428571428571,5,0.08928571428571429
Compress,11,14,Ekstazi+dpt,35,0.5982142857142857,23,0.4107142857142857
Compress,11,14,DPT,56,0.5803571428571428,24,0.42857142857142855
Compress,11,14,STARTS,37,0.49107142857142855,29,0.5178571428571429
Compress,11,14,STARTS+FAST-S,37,0.5089285714285714,28,0.5
Compress,11,14,STARTS+FAST-P,37,0.5089285714285714,28,0.5
Compress,11,14,STARTS+DPT,37,0.5625,25,0.44642857142857145
Compress,11,14,Fastazi-S,35,0.9196428571428571,5,0.08928571428571429
Compress,11,14,Fastazi-P,35,0.9375,4,0.07142857142857142
Compress,11,14,Random,56,0.7767857142857142,13,0.23214285714285715
Compress,11,15,Ekstazi,35,0.5089285714285714,28,0.5
Compress,11,15,FAST,56,0.9196428571428571,5,0.08928571428571429
Compress,11,15,Ekstazi+dpt,35,0.5982142857142857,23,0.4107142857142857
Compress,11,15,DPT,56,0.5446428571428571,26,0.4642857142857143
Compress,11,15,STARTS,37,0.6160714285714286,22,0.39285714285714285
Compress,11,15,STARTS+FAST-S,37,0.5089285714285714,28,0.5
Compress,11,15,STARTS+FAST-P,37,0.49107142857142855,29,0.5178571428571429
Compress,11,15,STARTS+DPT,37,0.5982142857142857,23,0.4107142857142857
Compress,11,15,Fastazi-S,35,0.9196428571428571,5,0.08928571428571429
Compress,11,15,Fastazi-P,35,0.9553571428571428,3,0.05357142857142857
Compress,11,15,Random,56,0.5982142857142857,23,0.4107142857142857
Compress,11,16,Ekstazi,35,0.6339285714285714,21,0.375
Compress,11,16,FAST,56,0.9196428571428571,5,0.08928571428571429
Compress,11,16,Ekstazi+dpt,35,0.5625,25,0.44642857142857145
Compress,11,16,DPT,56,0.5625,25,0.44642857142857145
Compress,11,16,STARTS,37,0.43750000000000006,32,0.5714285714285714
Compress,11,16,STARTS+FAST-S,37,0.5089285714285714,28,0.5
Compress,11,16,STARTS+FAST-P,37,0.5089285714285714,28,0.5
Compress,11,16,STARTS+DPT,37,0.5803571428571428,24,0.42857142857142855
Compress,11,16,Fastazi-S,35,0.8839285714285714,7,0.125
Compress,11,16,Fastazi-P,35,0.9553571428571428,3,0.05357142857142857
Compress,11,16,Random,56,0.8482142857142857,9,0.16071428571428573
Compress,11,17,Ekstazi,35,0.40178571428571436,34,0.6071428571428571
Compress,11,17,FAST,56,0.9196428571428571,5,0.08928571428571429
Compress,11,17,Ekstazi+dpt,35,0.5982142857142857,23,0.4107142857142857
Compress,11,17,DPT,56,0.5803571428571428,24,0.42857142857142855
Compress,11,17,STARTS,37,0.5267857142857142,27,0.48214285714285715
Compress,11,17,STARTS+FAST-S,37,0.5267857142857142,27,0.48214285714285715
Compress,11,17,STARTS+FAST-P,37,0.5089285714285714,28,0.5
Compress,11,17,STARTS+DPT,37,0.5625,25,0.44642857142857145
Compress,11,17,Fastazi-S,35,0.8839285714285714,7,0.125
Compress,11,17,Fastazi-P,35,0.9553571428571428,3,0.05357142857142857
Compress,11,17,Random,56,0.5267857142857142,27,0.48214285714285715
Compress,11,18,Ekstazi,35,0.7767857142857142,13,0.23214285714285715
Compress,11,18,FAST,56,0.9196428571428571,5,0.08928571428571429
Compress,11,18,Ekstazi+dpt,35,0.5982142857142857,23,0.4107142857142857
Compress,11,18,DPT,56,0.5803571428571428,24,0.42857142857142855
Compress,11,18,STARTS,37,0.9910714285714285,1,0.017857142857142856
Compress,11,18,STARTS+FAST-S,37,0.5267857142857142,27,0.48214285714285715
Compress,11,18,STARTS+FAST-P,37,0.5089285714285714,28,0.5
Compress,11,18,STARTS+DPT,37,0.5625,25,0.44642857142857145
Compress,11,18,Fastazi-S,35,0.9196428571428571,5,0.08928571428571429
Compress,11,18,Fastazi-P,35,0.9375,4,0.07142857142857142
Compress,11,18,Random,56,0.29464285714285715,40,0.7142857142857143
Compress,11,19,Ekstazi,35,0.6517857142857142,20,0.35714285714285715
Compress,11,19,FAST,56,0.9196428571428571,5,0.08928571428571429
Compress,11,19,Ekstazi+dpt,35,0.5982142857142857,23,0.4107142857142857
Compress,11,19,DPT,56,0.5625,25,0.44642857142857145
Compress,11,19,STARTS,37,0.7767857142857142,13,0.23214285714285715
Compress,11,19,STARTS+FAST-S,37,0.5267857142857142,27,0.48214285714285715
Compress,11,19,STARTS+FAST-P,37,0.5089285714285714,28,0.5
Compress,11,19,STARTS+DPT,37,0.5625,25,0.44642857142857145
Compress,11,19,Fastazi-S,35,0.9196428571428571,5,0.08928571428571429
Compress,11,19,Fastazi-P,35,0.9553571428571428,3,0.05357142857142857
Compress,11,19,Random,56,0.8660714285714286,8,0.14285714285714285
Compress,11,20,Ekstazi,35,0.6160714285714286,22,0.39285714285714285
Compress,11,20,FAST,56,0.9196428571428571,5,0.08928571428571429
Compress,11,20,Ekstazi+dpt,35,0.5803571428571428,24,0.42857142857142855
Compress,11,20,DPT,56,0.5803571428571428,24,0.42857142857142855
Compress,11,20,STARTS,37,0.6160714285714286,22,0.39285714285714285
Compress,11,20,STARTS+FAST-S,37,0.5267857142857142,27,0.48214285714285715
Compress,11,20,STARTS+FAST-P,37,0.5089285714285714,28,0.5
Compress,11,20,STARTS+DPT,37,0.5982142857142857,23,0.4107142857142857
Compress,11,20,Fastazi-S,35,0.9196428571428571,5,0.08928571428571429
Compress,11,20,Fastazi-P,35,0.9375,4,0.07142857142857142
Compress,11,20,Random,56,0.49107142857142855,29,0.5178571428571429
Compress,11,21,Ekstazi,35,0.9732142857142857,2,0.03571428571428571
Compress,11,21,FAST,56,0.9196428571428571,5,0.08928571428571429
Compress,11,21,Ekstazi+dpt,35,0.5982142857142857,23,0.4107142857142857
Compress,11,21,DPT,56,0.5803571428571428,24,0.42857142857142855
Compress,11,21,STARTS,37,0.9196428571428571,5,0.08928571428571429
Compress,11,21,STARTS+FAST-S,37,0.5267857142857142,27,0.48214285714285715
Compress,11,21,STARTS+FAST-P,37,0.5089285714285714,28,0.5
Compress,11,21,STARTS+DPT,37,0.5803571428571428,24,0.42857142857142855
Compress,11,21,Fastazi-S,35,0.9196428571428571,5,0.08928571428571429
Compress,11,21,Fastazi-P,35,0.9375,4,0.07142857142857142
Compress,11,21,Random,56,0.25892857142857145,42,0.75
Compress,11,22,Ekstazi,35,0.41964285714285715,33,0.5892857142857143
Compress,11,22,FAST,56,0.9196428571428571,5,0.08928571428571429
Compress,11,22,Ekstazi+dpt,35,0.5982142857142857,23,0.4107142857142857
Compress,11,22,DPT,56,0.5803571428571428,24,0.42857142857142855
Compress,11,22,STARTS,37,0.6339285714285714,21,0.375
Compress,11,22,STARTS+FAST-S,37,0.5267857142857142,27,0.48214285714285715
Compress,11,22,STARTS+FAST-P,37,0.5089285714285714,28,0.5
Compress,11,22,STARTS+DPT,37,0.5803571428571428,24,0.42857142857142855
Compress,11,22,Fastazi-S,35,0.9196428571428571,5,0.08928571428571429
Compress,11,22,Fastazi-P,35,0.9553571428571428,3,0.05357142857142857
Compress,11,22,Random,56,0.7053571428571428,17,0.30357142857142855
Compress,11,23,Ekstazi,35,0.7946428571428571,12,0.21428571428571427
Compress,11,23,FAST,56,0.9196428571428571,5,0.08928571428571429
Compress,11,23,Ekstazi+dpt,35,0.5803571428571428,24,0.42857142857142855
Compress,11,23,DPT,56,0.5446428571428571,26,0.4642857142857143
Compress,11,23,STARTS,37,0.8303571428571428,10,0.17857142857142858
Compress,11,23,STARTS+FAST-S,37,0.5267857142857142,27,0.48214285714285715
Compress,11,23,STARTS+FAST-P,37,0.5089285714285714,28,0.5
Compress,11,23,STARTS+DPT,37,0.5803571428571428,24,0.42857142857142855
Compress,11,23,Fastazi-S,35,0.9196428571428571,5,0.08928571428571429
Compress,11,23,Fastazi-P,35,0.9375,4,0.07142857142857142
Compress,11,23,Random,56,0.6517857142857142,20,0.35714285714285715
Compress,11,24,Ekstazi,35,0.8125,11,0.19642857142857142
Compress,11,24,FAST,56,0.9196428571428571,5,0.08928571428571429
Compress,11,24,Ekstazi+dpt,35,0.5625,25,0.44642857142857145
Compress,11,24,DPT,56,0.5803571428571428,24,0.42857142857142855
Compress,11,24,STARTS,37,0.8839285714285714,7,0.125
Compress,11,24,STARTS+FAST-S,37,0.5267857142857142,27,0.48214285714285715
Compress,11,24,STARTS+FAST-P,37,0.5089285714285714,28,0.5
Compress,11,24,STARTS+DPT,37,0.5625,25,0.44642857142857145
Compress,11,24,Fastazi-S,35,0.9196428571428571,5,0.08928571428571429
Compress,11,24,Fastazi-P,35,0.9553571428571428,3,0.05357142857142857
Compress,11,24,Random,56,0.8303571428571428,10,0.17857142857142858
Compress,11,25,Ekstazi,35,0.8125,11,0.19642857142857142
Compress,11,25,FAST,56,0.47321428571428575,30,0.5357142857142857
Compress,11,25,Ekstazi+dpt,35,0.5625,25,0.44642857142857145
Compress,11,25,DPT,56,0.5446428571428571,26,0.4642857142857143
Compress,11,25,STARTS,37,0.5446428571428571,26,0.4642857142857143
Compress,11,25,STARTS+FAST-S,37,0.5267857142857142,27,0.48214285714285715
Compress,11,25,STARTS+FAST-P,37,0.5089285714285714,28,0.5
Compress,11,25,STARTS+DPT,37,0.5982142857142857,23,0.4107142857142857
Compress,11,25,Fastazi-S,35,0.9196428571428571,5,0.08928571428571429
Compress,11,25,Fastazi-P,35,0.6696428571428571,19,0.3392857142857143
Compress,11,25,Random,56,0.9732142857142857,2,0.03571428571428571
Compress,11,26,Ekstazi,35,0.5803571428571428,24,0.42857142857142855
Compress,11,26,FAST,56,0.9196428571428571,5,0.08928571428571429
Compress,11,26,Ekstazi+dpt,35,0.5982142857142857,23,0.4107142857142857
Compress,11,26,DPT,56,0.5625,25,0.44642857142857145
Compress,11,26,STARTS,37,0.5803571428571428,24,0.42857142857142855
Compress,11,26,STARTS+FAST-S,37,0.5267857142857142,27,0.48214285714285715
Compress,11,26,STARTS+FAST-P,37,0.5267857142857142,27,0.48214285714285715
Compress,11,26,STARTS+DPT,37,0.5625,25,0.44642857142857145
Compress,11,26,Fastazi-S,35,0.9196428571428571,5,0.08928571428571429
Compress,11,26,Fastazi-P,35,0.9553571428571428,3,0.05357142857142857
Compress,11,26,Random,56,0.16964285714285712,47,0.8392857142857143
Compress,11,27,Ekstazi,35,0.6875,18,0.32142857142857145
Compress,11,27,FAST,56,0.9196428571428571,5,0.08928571428571429
Compress,11,27,Ekstazi+dpt,35,0.5803571428571428,24,0.42857142857142855
Compress,11,27,DPT,56,0.5446428571428571,26,0.4642857142857143
Compress,11,27,STARTS,37,0.8482142857142857,9,0.16071428571428573
Compress,11,27,STARTS+FAST-S,37,0.5267857142857142,27,0.48214285714285715
Compress,11,27,STARTS+FAST-P,37,0.5089285714285714,28,0.5
Compress,11,27,STARTS+DPT,37,0.5625,25,0.44642857142857145
Compress,11,27,Fastazi-S,35,0.9196428571428571,5,0.08928571428571429
Compress,11,27,Fastazi-P,35,0.9553571428571428,3,0.05357142857142857
Compress,11,27,Random,56,0.5089285714285714,28,0.5
Compress,11,28,Ekstazi,35,0.7410714285714286,15,0.26785714285714285
Compress,11,28,FAST,56,0.9196428571428571,5,0.08928571428571429
Compress,11,28,Ekstazi+dpt,35,0.5625,25,0.44642857142857145
Compress,11,28,DPT,56,0.5446428571428571,26,0.4642857142857143
Compress,11,28,STARTS,37,0.5803571428571428,24,0.42857142857142855
Compress,11,28,STARTS+FAST-S,37,0.5267857142857142,27,0.48214285714285715
Compress,11,28,STARTS+FAST-P,37,0.5089285714285714,28,0.5
Compress,11,28,STARTS+DPT,37,0.5982142857142857,23,0.4107142857142857
Compress,11,28,Fastazi-S,35,0.9196428571428571,5,0.08928571428571429
Compress,11,28,Fastazi-P,35,0.9375,4,0.07142857142857142
Compress,11,28,Random,56,0.13392857142857142,49,0.875
Compress,11,29,Ekstazi,35,0.7410714285714286,15,0.26785714285714285
Compress,11,29,FAST,56,0.9196428571428571,5,0.08928571428571429
Compress,11,29,Ekstazi+dpt,35,0.5625,25,0.44642857142857145
Compress,11,29,DPT,56,0.5625,25,0.44642857142857145
Compress,11,29,STARTS,37,0.9017857142857143,6,0.10714285714285714
Compress,11,29,STARTS+FAST-S,37,0.5267857142857142,27,0.48214285714285715
Compress,11,29,STARTS+FAST-P,37,0.5089285714285714,28,0.5
Compress,11,29,STARTS+DPT,37,0.5625,25,0.44642857142857145
Compress,11,29,Fastazi-S,35,0.9196428571428571,5,0.08928571428571429
Compress,11,29,Fastazi-P,35,0.9553571428571428,3,0.05357142857142857
Compress,11,29,Random,56,0.49107142857142855,29,0.5178571428571429
Compress,11,30,Ekstazi,35,0.5446428571428571,26,0.4642857142857143
Compress,11,30,FAST,56,0.9196428571428571,5,0.08928571428571429
Compress,11,30,Ekstazi+dpt,35,0.5982142857142857,23,0.4107142857142857
Compress,11,30,DPT,56,0.5625,25,0.44642857142857145
Compress,11,30,STARTS,37,0.6339285714285714,21,0.375
Compress,11,30,STARTS+FAST-S,37,0.5267857142857142,27,0.48214285714285715
Compress,11,30,STARTS+FAST-P,37,0.5089285714285714,28,0.5
Compress,11,30,STARTS+DPT,37,0.5625,25,0.44642857142857145
Compress,11,30,Fastazi-S,35,0.9196428571428571,5,0.08928571428571429
Compress,11,30,Fastazi-P,35,0.9375,4,0.07142857142857142
Compress,11,30,Random,56,0.47321428571428575,30,0.5357142857142857
Compress,12,1,Ekstazi,12,0.8125,11,0.19642857142857142
Compress,12,1,FAST,56,0.9375,4,0.07142857142857142
Compress,12,1,Ekstazi+dpt,12,0.9017857142857143,6,0.10714285714285714
Compress,12,1,DPT,56,0.6517857142857142,20,0.35714285714285715
Compress,12,1,STARTS,34,0.7589285714285714,14,0.25
Compress,12,1,STARTS+FAST-S,34,0.7946428571428571,12,0.21428571428571427
Compress,12,1,STARTS+FAST-P,34,0.8125,11,0.19642857142857142
Compress,12,1,STARTS+DPT,34,0.7232142857142857,16,0.2857142857142857
Compress,12,1,Fastazi-S,12,0.9910714285714285,1,0.017857142857142856
Compress,12,1,Fastazi-P,12,0.9732142857142857,2,0.03571428571428571
Compress,12,1,Random,56,0.13392857142857142,49,0.875
Compress,12,2,Ekstazi,12,0.9910714285714285,1,0.017857142857142856
Compress,12,2,FAST,56,0.9375,4,0.07142857142857142
Compress,12,2,Ekstazi+dpt,12,0.9017857142857143,6,0.10714285714285714
Compress,12,2,DPT,56,0.6339285714285714,21,0.375
Compress,12,2,STARTS,34,0.8303571428571428,10,0.17857142857142858
Compress,12,2,STARTS+FAST-S,34,0.8125,11,0.19642857142857142
Compress,12,2,STARTS+FAST-P,34,0.8125,11,0.19642857142857142
Compress,12,2,STARTS+DPT,34,0.7232142857142857,16,0.2857142857142857
Compress,12,2,Fastazi-S,12,0.9910714285714285,1,0.017857142857142856
Compress,12,2,Fastazi-P,12,0.9732142857142857,2,0.03571428571428571
Compress,12,2,Random,56,0.18750000000000003,46,0.8214285714285714
Compress,12,3,Ekstazi,12,0.9375,4,0.07142857142857142
Compress,12,3,FAST,56,0.9375,4,0.07142857142857142
Compress,12,3,Ekstazi+dpt,12,0.8839285714285714,7,0.125
Compress,12,3,DPT,56,0.5982142857142857,23,0.4107142857142857
Compress,12,3,STARTS,34,0.9375,4,0.07142857142857142
Compress,12,3,STARTS+FAST-S,34,0.7946428571428571,12,0.21428571428571427
Compress,12,3,STARTS+FAST-P,34,0.8125,11,0.19642857142857142
Compress,12,3,STARTS+DPT,34,0.6875,18,0.32142857142857145
Compress,12,3,Fastazi-S,12,0.9553571428571428,3,0.05357142857142857
Compress,12,3,Fastazi-P,12,0.9732142857142857,2,0.03571428571428571
Compress,12,3,Random,56,0.7053571428571428,17,0.30357142857142855
Compress,12,4,Ekstazi,12,0.9017857142857143,6,0.10714285714285714
Compress,12,4,FAST,56,0.9375,4,0.07142857142857142
Compress,12,4,Ekstazi+dpt,12,0.9017857142857143,6,0.10714285714285714
Compress,12,4,DPT,56,0.6160714285714286,22,0.39285714285714285
Compress,12,4,STARTS,34,0.7410714285714286,15,0.26785714285714285
Compress,12,4,STARTS+FAST-S,34,0.8125,11,0.19642857142857142
Compress,12,4,STARTS+FAST-P,34,0.8125,11,0.19642857142857142
Compress,12,4,STARTS+DPT,34,0.6696428571428571,19,0.3392857142857143
Compress,12,4,Fastazi-S,12,0.9553571428571428,3,0.05357142857142857
Compress,12,4,Fastazi-P,12,0.9732142857142857,2,0.03571428571428571
Compress,12,4,Random,56,0.47321428571428575,30,0.5357142857142857
Compress,12,5,Ekstazi,12,0.9910714285714285,1,0.017857142857142856
Compress,12,5,FAST,56,0.9375,4,0.07142857142857142
Compress,12,5,Ekstazi+dpt,12,0.9017857142857143,6,0.10714285714285714
Compress,12,5,DPT,56,0.6160714285714286,22,0.39285714285714285
Compress,12,5,STARTS,34,0.7232142857142857,16,0.2857142857142857
Compress,12,5,STARTS+FAST-S,34,0.8125,11,0.19642857142857142
Compress,12,5,STARTS+FAST-P,34,0.8125,11,0.19642857142857142
Compress,12,5,STARTS+DPT,34,0.6875,18,0.32142857142857145
Compress,12,5,Fastazi-S,12,0.9553571428571428,3,0.05357142857142857
Compress,12,5,Fastazi-P,12,0.9732142857142857,2,0.03571428571428571
Compress,12,5,Random,56,0.6517857142857142,20,0.35714285714285715
Compress,12,6,Ekstazi,12,0.9017857142857143,6,0.10714285714285714
Compress,12,6,FAST,56,0.9375,4,0.07142857142857142
Compress,12,6,Ekstazi+dpt,12,0.9017857142857143,6,0.10714285714285714
Compress,12,6,DPT,56,0.6339285714285714,21,0.375
Compress,12,6,STARTS,34,0.5446428571428571,26,0.4642857142857143
Compress,12,6,STARTS+FAST-S,34,0.8125,11,0.19642857142857142
Compress,12,6,STARTS+FAST-P,34,0.8125,11,0.19642857142857142
Compress,12,6,STARTS+DPT,34,0.6875,18,0.32142857142857145
Compress,12,6,Fastazi-S,12,0.9553571428571428,3,0.05357142857142857
Compress,12,6,Fastazi-P,12,0.9732142857142857,2,0.03571428571428571
Compress,12,6,Random,56,0.34821428571428575,37,0.6607142857142857
Compress,12,7,Ekstazi,12,0.8839285714285714,7,0.125
Compress,12,7,FAST,56,0.9375,4,0.07142857142857142
Compress,12,7,Ekstazi+dpt,12,0.9017857142857143,6,0.10714285714285714
Compress,12,7,DPT,56,0.6517857142857142,20,0.35714285714285715
Compress,12,7,STARTS,34,0.49107142857142855,29,0.5178571428571429
Compress,12,7,STARTS+FAST-S,34,0.7946428571428571,12,0.21428571428571427
Compress,12,7,STARTS+FAST-P,34,0.8125,11,0.19642857142857142
Compress,12,7,STARTS+DPT,34,0.6875,18,0.32142857142857145
Compress,12,7,Fastazi-S,12,0.9553571428571428,3,0.05357142857142857
Compress,12,7,Fastazi-P,12,0.9553571428571428,3,0.05357142857142857
Compress,12,7,Random,56,0.36607142857142855,36,0.6428571428571429
Compress,12,8,Ekstazi,12,0.8839285714285714,7,0.125
Compress,12,8,FAST,56,0.9375,4,0.07142857142857142
Compress,12,8,Ekstazi+dpt,12,0.8839285714285714,7,0.125
Compress,12,8,DPT,56,0.6517857142857142,20,0.35714285714285715
Compress,12,8,STARTS,34,0.5803571428571428,24,0.42857142857142855
Compress,12,8,STARTS+FAST-S,34,0.7946428571428571,12,0.21428571428571427
Compress,12,8,STARTS+FAST-P,34,0.7946428571428571,12,0.21428571428571427
Compress,12,8,STARTS+DPT,34,0.7232142857142857,16,0.2857142857142857
Compress,12,8,Fastazi-S,12,0.9553571428571428,3,0.05357142857142857
Compress,12,8,Fastazi-P,12,0.9732142857142857,2,0.03571428571428571
Compress,12,8,Random,56,0.9196428571428571,5,0.08928571428571429
Compress,12,9,Ekstazi,12,0.9732142857142857,2,0.03571428571428571
Compress,12,9,FAST,56,0.9910714285714285,1,0.017857142857142856
Compress,12,9,Ekstazi+dpt,12,0.9017857142857143,6,0.10714285714285714
Compress,12,9,DPT,56,0.6517857142857142,20,0.35714285714285715
Compress,12,9,STARTS,34,0.7053571428571428,17,0.30357142857142855
Compress,12,9,STARTS+FAST-S,34,0.9375,4,0.07142857142857142
Compress,12,9,STARTS+FAST-P,34,0.7946428571428571,12,0.21428571428571427
Compress,12,9,STARTS+DPT,34,0.7232142857142857,16,0.2857142857142857
Compress,12,9,Fastazi-S,12,0.9553571428571428,3,0.05357142857142857
Compress,12,9,Fastazi-P,12,0.9910714285714285,1,0.017857142857142856
Compress,12,9,Random,56,0.49107142857142855,29,0.5178571428571429
Compress,12,10,Ekstazi,12,0.8839285714285714,7,0.125
Compress,12,10,FAST,56,0.9375,4,0.07142857142857142
Compress,12,10,Ekstazi+dpt,12,0.8839285714285714,7,0.125
Compress,12,10,DPT,56,0.6339285714285714,21,0.375
Compress,12,10,STARTS,34,0.43750000000000006,32,0.5714285714285714
Compress,12,10,STARTS+FAST-S,34,0.7946428571428571,12,0.21428571428571427
Compress,12,10,STARTS+FAST-P,34,0.8303571428571428,10,0.17857142857142858
Compress,12,10,STARTS+DPT,34,0.7053571428571428,17,0.30357142857142855
Compress,12,10,Fastazi-S,12,0.9553571428571428,3,0.05357142857142857
Compress,12,10,Fastazi-P,12,0.9732142857142857,2,0.03571428571428571
Compress,12,10,Random,56,0.18750000000000003,46,0.8214285714285714
Compress,12,11,Ekstazi,12,0.9553571428571428,3,0.05357142857142857
Compress,12,11,FAST,56,0.9375,4,0.07142857142857142
Compress,12,11,Ekstazi+dpt,12,0.9017857142857143,6,0.10714285714285714
Compress,12,11,DPT,56,0.6160714285714286,22,0.39285714285714285
Compress,12,11,STARTS,34,0.7946428571428571,12,0.21428571428571427
Compress,12,11,STARTS+FAST-S,34,0.8125,11,0.19642857142857142
Compress,12,11,STARTS+FAST-P,34,0.8125,11,0.19642857142857142
Compress,12,11,STARTS+DPT,34,0.6875,18,0.32142857142857145
Compress,12,11,Fastazi-S,12,0.9553571428571428,3,0.05357142857142857
Compress,12,11,Fastazi-P,12,0.9732142857142857,2,0.03571428571428571
Compress,12,11,Random,56,0.40178571428571436,34,0.6071428571428571
Compress,12,12,Ekstazi,12,0.7946428571428571,12,0.21428571428571427
Compress,12,12,FAST,56,0.9375,4,0.07142857142857142
Compress,12,12,Ekstazi+dpt,12,0.8839285714285714,7,0.125
Compress,12,12,DPT,56,0.6517857142857142,20,0.35714285714285715
Compress,12,12,STARTS,34,0.7232142857142857,16,0.2857142857142857
Compress,12,12,STARTS+FAST-S,34,0.8125,11,0.19642857142857142
Compress,12,12,STARTS+FAST-P,34,0.7767857142857142,13,0.23214285714285715
Compress,12,12,STARTS+DPT,34,0.6696428571428571,19,0.3392857142857143
Compress,12,12,Fastazi-S,12,0.9910714285714285,1,0.017857142857142856
Compress,12,12,Fastazi-P,12,0.9732142857142857,2,0.03571428571428571
Compress,12,12,Random,56,0.22321428571428573,44,0.7857142857142857
Compress,12,13,Ekstazi,12,0.7946428571428571,12,0.21428571428571427
Compress,12,13,FAST,56,0.9375,4,0.07142857142857142
Compress,12,13,Ekstazi+dpt,12,0.8839285714285714,7,0.125
Compress,12,13,DPT,56,0.5982142857142857,23,0.4107142857142857
Compress,12,13,STARTS,34,0.6160714285714286,22,0.39285714285714285
Compress,12,13,STARTS+FAST-S,34,0.5267857142857142,27,0.48214285714285715
Compress,12,13,STARTS+FAST-P,34,0.9553571428571428,3,0.05357142857142857
Compress,12,13,STARTS+DPT,34,0.7232142857142857,16,0.2857142857142857
Compress,12,13,Fastazi-S,12,0.9553571428571428,3,0.05357142857142857
Compress,12,13,Fastazi-P,12,0.9732142857142857,2,0.03571428571428571
Compress,12,13,Random,56,0.49107142857142855,29,0.5178571428571429
Compress,12,14,Ekstazi,12,0.9732142857142857,2,0.03571428571428571
Compress,12,14,FAST,56,0.9375,4,0.07142857142857142
Compress,12,14,Ekstazi+dpt,12,0.8839285714285714,7,0.125
Compress,12,14,DPT,56,0.6517857142857142,20,0.35714285714285715
Compress,12,14,STARTS,34,0.7946428571428571,12,0.21428571428571427
Compress,12,14,STARTS+FAST-S,34,0.8839285714285714,7,0.125
Compress,12,14,STARTS+FAST-P,34,0.8125,11,0.19642857142857142
Compress,12,14,STARTS+DPT,34,0.6875,18,0.32142857142857145
Compress,12,14,Fastazi-S,12,0.9553571428571428,3,0.05357142857142857
Compress,12,14,Fastazi-P,12,0.9732142857142857,2,0.03571428571428571
Compress,12,14,Random,56,0.27678571428571436,41,0.7321428571428571
Compress,12,15,Ekstazi,12,0.9910714285714285,1,0.017857142857142856
Compress,12,15,FAST,56,0.9375,4,0.07142857142857142
Compress,12,15,Ekstazi+dpt,12,0.9017857142857143,6,0.10714285714285714
Compress,12,15,DPT,56,0.6160714285714286,22,0.39285714285714285
Compress,12,15,STARTS,34,0.7767857142857142,13,0.23214285714285715
Compress,12,15,STARTS+FAST-S,34,0.8125,11,0.19642857142857142
Compress,12,15,STARTS+FAST-P,34,0.7946428571428571,12,0.21428571428571427
Compress,12,15,STARTS+DPT,34,0.7232142857142857,16,0.2857142857142857
Compress,12,15,Fastazi-S,12,0.9553571428571428,3,0.05357142857142857
Compress,12,15,Fastazi-P,12,0.9732142857142857,2,0.03571428571428571
Compress,12,15,Random,56,0.33035714285714285,38,0.6785714285714286
Compress,12,16,Ekstazi,12,0.9910714285714285,1,0.017857142857142856
Compress,12,16,FAST,56,0.9375,4,0.07142857142857142
Compress,12,16,Ekstazi+dpt,12,0.9017857142857143,6,0.10714285714285714
Compress,12,16,DPT,56,0.6160714285714286,22,0.39285714285714285
Compress,12,16,STARTS,34,0.7767857142857142,13,0.23214285714285715
Compress,12,16,STARTS+FAST-S,34,0.7946428571428571,12,0.21428571428571427
Compress,12,16,STARTS+FAST-P,34,0.8125,11,0.19642857142857142
Compress,12,16,STARTS+DPT,34,0.6875,18,0.32142857142857145
Compress,12,16,Fastazi-S,12,0.9553571428571428,3,0.05357142857142857
Compress,12,16,Fastazi-P,12,0.9732142857142857,2,0.03571428571428571
Compress,12,16,Random,56,0.6160714285714286,22,0.39285714285714285
Compress,12,17,Ekstazi,12,0.9017857142857143,6,0.10714285714285714
Compress,12,17,FAST,56,0.9375,4,0.07142857142857142
Compress,12,17,Ekstazi+dpt,12,0.8839285714285714,7,0.125
Compress,12,17,DPT,56,0.5982142857142857,23,0.4107142857142857
Compress,12,17,STARTS,34,0.7410714285714286,15,0.26785714285714285
Compress,12,17,STARTS+FAST-S,34,0.8125,11,0.19642857142857142
Compress,12,17,STARTS+FAST-P,34,0.8125,11,0.19642857142857142
Compress,12,17,STARTS+DPT,34,0.7053571428571428,17,0.30357142857142855
Compress,12,17,Fastazi-S,12,0.9553571428571428,3,0.05357142857142857
Compress,12,17,Fastazi-P,12,0.9732142857142857,2,0.03571428571428571
Compress,12,17,Random,56,0.9375,4,0.07142857142857142
Compress,12,18,Ekstazi,12,0.9910714285714285,1,0.017857142857142856
Compress,12,18,FAST,56,0.9375,4,0.07142857142857142
Compress,12,18,Ekstazi+dpt,12,0.8839285714285714,7,0.125
Compress,12,18,DPT,56,0.6517857142857142,20,0.35714285714285715
Compress,12,18,STARTS,34,0.6339285714285714,21,0.375
Compress,12,18,STARTS+FAST-S,34,0.8125,11,0.19642857142857142
Compress,12,18,STARTS+FAST-P,34,0.7946428571428571,12,0.21428571428571427
Compress,12,18,STARTS+DPT,34,0.7053571428571428,17,0.30357142857142855
Compress,12,18,Fastazi-S,12,0.9553571428571428,3,0.05357142857142857
Compress,12,18,Fastazi-P,12,0.9732142857142857,2,0.03571428571428571
Compress,12,18,Random,56,0.7232142857142857,16,0.2857142857142857
Compress,12,19,Ekstazi,12,0.8125,11,0.19642857142857142
Compress,12,19,FAST,56,0.9375,4,0.07142857142857142
Compress,12,19,Ekstazi+dpt,12,0.9017857142857143,6,0.10714285714285714
Compress,12,19,DPT,56,0.6517857142857142,20,0.35714285714285715
Compress,12,19,STARTS,34,0.5267857142857142,27,0.48214285714285715
Compress,12,19,STARTS+FAST-S,34,0.8125,11,0.19642857142857142
Compress,12,19,STARTS+FAST-P,34,0.8125,11,0.19642857142857142
Compress,12,19,STARTS+DPT,34,0.7232142857142857,16,0.2857142857142857
Compress,12,19,Fastazi-S,12,0.9553571428571428,3,0.05357142857142857
Compress,12,19,Fastazi-P,12,0.9732142857142857,2,0.03571428571428571
Compress,12,19,Random,56,0.8303571428571428,10,0.17857142857142858
Compress,12,20,Ekstazi,12,0.8660714285714286,8,0.14285714285714285
Compress,12,20,FAST,56,0.9375,4,0.07142857142857142
Compress,12,20,Ekstazi+dpt,12,0.9017857142857143,6,0.10714285714285714
Compress,12,20,DPT,56,0.6160714285714286,22,0.39285714285714285
Compress,12,20,STARTS,34,0.6160714285714286,22,0.39285714285714285
Compress,12,20,STARTS+FAST-S,34,0.8125,11,0.19642857142857142
Compress,12,20,STARTS+FAST-P,34,0.8125,11,0.19642857142857142
Compress,12,20,STARTS+DPT,34,0.7053571428571428,17,0.30357142857142855
Compress,12,20,Fastazi-S,12,0.9375,4,0.07142857142857142
Compress,12,20,Fastazi-P,12,0.9732142857142857,2,0.03571428571428571
Compress,12,20,Random,56,0.5089285714285714,28,0.5
Compress,12,21,Ekstazi,12,0.9910714285714285,1,0.017857142857142856
Compress,12,21,FAST,56,0.9375,4,0.07142857142857142
Compress,12,21,Ekstazi+dpt,12,0.9017857142857143,6,0.10714285714285714
Compress,12,21,DPT,56,0.6339285714285714,21,0.375
Compress,12,21,STARTS,34,0.47321428571428575,30,0.5357142857142857
Compress,12,21,STARTS+FAST-S,34,0.8125,11,0.19642857142857142
Compress,12,21,STARTS+FAST-P,34,0.8303571428571428,10,0.17857142857142858
Compress,12,21,STARTS+DPT,34,0.7232142857142857,16,0.2857142857142857
Compress,12,21,Fastazi-S,12,0.9553571428571428,3,0.05357142857142857
Compress,12,21,Fastazi-P,12,0.9732142857142857,2,0.03571428571428571
Compress,12,21,Random,56,0.7410714285714286,15,0.26785714285714285
Compress,12,22,Ekstazi,12,0.9732142857142857,2,0.03571428571428571
Compress,12,22,FAST,56,0.9375,4,0.07142857142857142
Compress,12,22,Ekstazi+dpt,12,0.9017857142857143,6,0.10714285714285714
Compress,12,22,DPT,56,0.6160714285714286,22,0.39285714285714285
Compress,12,22,STARTS,34,0.5089285714285714,28,0.5
Compress,12,22,STARTS+FAST-S,34,0.9375,4,0.07142857142857142
Compress,12,22,STARTS+FAST-P,34,0.7946428571428571,12,0.21428571428571427
Compress,12,22,STARTS+DPT,34,0.6696428571428571,19,0.3392857142857143
Compress,12,22,Fastazi-S,12,0.9553571428571428,3,0.05357142857142857
Compress,12,22,Fastazi-P,12,0.9732142857142857,2,0.03571428571428571
Compress,12,22,Random,56,0.24107142857142852,43,0.7678571428571429
Compress,12,23,Ekstazi,12,0.7946428571428571,12,0.21428571428571427
Compress,12,23,FAST,56,0.9375,4,0.07142857142857142
Compress,12,23,Ekstazi+dpt,12,0.8839285714285714,7,0.125
Compress,12,23,DPT,56,0.6339285714285714,21,0.375
Compress,12,23,STARTS,34,0.45535714285714285,31,0.5535714285714286
Compress,12,23,STARTS+FAST-S,34,0.9375,4,0.07142857142857142
Compress,12,23,STARTS+FAST-P,34,0.8125,11,0.19642857142857142
Compress,12,23,STARTS+DPT,34,0.7232142857142857,16,0.2857142857142857
Compress,12,23,Fastazi-S,12,0.9553571428571428,3,0.05357142857142857
Compress,12,23,Fastazi-P,12,0.9732142857142857,2,0.03571428571428571
Compress,12,23,Random,56,0.8303571428571428,10,0.17857142857142858
Compress,12,24,Ekstazi,12,0.9196428571428571,5,0.08928571428571429
Compress,12,24,FAST,56,0.9375,4,0.07142857142857142
Compress,12,24,Ekstazi+dpt,12,0.9017857142857143,6,0.10714285714285714
Compress,12,24,DPT,56,0.6517857142857142,20,0.35714285714285715
Compress,12,24,STARTS,34,0.8839285714285714,7,0.125
Compress,12,24,STARTS+FAST-S,34,0.8125,11,0.19642857142857142
Compress,12,24,STARTS+FAST-P,34,0.8125,11,0.19642857142857142
Compress,12,24,STARTS+DPT,34,0.6875,18,0.32142857142857145
Compress,12,24,Fastazi-S,12,0.9553571428571428,3,0.05357142857142857
Compress,12,24,Fastazi-P,12,0.9732142857142857,2,0.03571428571428571
Compress,12,24,Random,56,0.6875,18,0.32142857142857145
Compress,12,25,Ekstazi,12,0.8125,11,0.19642857142857142
Compress,12,25,FAST,56,0.9375,4,0.07142857142857142
Compress,12,25,Ekstazi+dpt,12,0.8839285714285714,7,0.125
Compress,12,25,DPT,56,0.6160714285714286,22,0.39285714285714285
Compress,12,25,STARTS,34,0.43750000000000006,32,0.5714285714285714
Compress,12,25,STARTS+FAST-S,34,0.7946428571428571,12,0.21428571428571427
Compress,12,25,STARTS+FAST-P,34,0.8125,11,0.19642857142857142
Compress,12,25,STARTS+DPT,34,0.6875,18,0.32142857142857145
Compress,12,25,Fastazi-S,12,0.9553571428571428,3,0.05357142857142857
Compress,12,25,Fastazi-P,12,0.9732142857142857,2,0.03571428571428571
Compress,12,25,Random,56,0.20535714285714282,45,0.8035714285714286
Compress,12,26,Ekstazi,12,0.8482142857142857,9,0.16071428571428573
Compress,12,26,FAST,56,0.9375,4,0.07142857142857142
Compress,12,26,Ekstazi+dpt,12,0.8839285714285714,7,0.125
Compress,12,26,DPT,56,0.6517857142857142,20,0.35714285714285715
Compress,12,26,STARTS,34,0.7946428571428571,12,0.21428571428571427
Compress,12,26,STARTS+FAST-S,34,0.7946428571428571,12,0.21428571428571427
Compress,12,26,STARTS+FAST-P,34,0.8125,11,0.19642857142857142
Compress,12,26,STARTS+DPT,34,0.7232142857142857,16,0.2857142857142857
Compress,12,26,Fastazi-S,12,0.9553571428571428,3,0.05357142857142857
Compress,12,26,Fastazi-P,12,0.9732142857142857,2,0.03571428571428571
Compress,12,26,Random,56,0.16964285714285712,47,0.8392857142857143
Compress,12,27,Ekstazi,12,0.9196428571428571,5,0.08928571428571429
Compress,12,27,FAST,56,0.9375,4,0.07142857142857142
Compress,12,27,Ekstazi+dpt,12,0.9017857142857143,6,0.10714285714285714
Compress,12,27,DPT,56,0.5982142857142857,23,0.4107142857142857
Compress,12,27,STARTS,34,0.6696428571428571,19,0.3392857142857143
Compress,12,27,STARTS+FAST-S,34,0.8125,11,0.19642857142857142
Compress,12,27,STARTS+FAST-P,34,0.8125,11,0.19642857142857142
Compress,12,27,STARTS+DPT,34,0.6875,18,0.32142857142857145
Compress,12,27,Fastazi-S,12,0.9553571428571428,3,0.05357142857142857
Compress,12,27,Fastazi-P,12,0.9732142857142857,2,0.03571428571428571
Compress,12,27,Random,56,0.06250000000000003,53,0.9464285714285714
Compress,12,28,Ekstazi,12,0.9910714285714285,1,0.017857142857142856
Compress,12,28,FAST,56,0.9375,4,0.07142857142857142
Compress,12,28,Ekstazi+dpt,12,0.8839285714285714,7,0.125
Compress,12,28,DPT,56,0.6339285714285714,21,0.375
Compress,12,28,STARTS,34,0.5089285714285714,28,0.5
Compress,12,28,STARTS+FAST-S,34,0.8125,11,0.19642857142857142
Compress,12,28,STARTS+FAST-P,34,0.7946428571428571,12,0.21428571428571427
Compress,12,28,STARTS+DPT,34,0.7053571428571428,17,0.30357142857142855
Compress,12,28,Fastazi-S,12,0.9553571428571428,3,0.05357142857142857
Compress,12,28,Fastazi-P,12,0.9732142857142857,2,0.03571428571428571
Compress,12,28,Random,56,0.13392857142857142,49,0.875
Compress,12,29,Ekstazi,12,0.8839285714285714,7,0.125
Compress,12,29,FAST,56,0.9375,4,0.07142857142857142
Compress,12,29,Ekstazi+dpt,12,0.8839285714285714,7,0.125
Compress,12,29,DPT,56,0.6517857142857142,20,0.35714285714285715
Compress,12,29,STARTS,34,0.49107142857142855,29,0.5178571428571429
Compress,12,29,STARTS+FAST-S,34,0.5267857142857142,27,0.48214285714285715
Compress,12,29,STARTS+FAST-P,34,0.8125,11,0.19642857142857142
Compress,12,29,STARTS+DPT,34,0.6696428571428571,19,0.3392857142857143
Compress,12,29,Fastazi-S,12,0.9553571428571428,3,0.05357142857142857
Compress,12,29,Fastazi-P,12,0.9553571428571428,3,0.05357142857142857
Compress,12,29,Random,56,0.27678571428571436,41,0.7321428571428571
Compress,12,30,Ekstazi,12,0.8125,11,0.19642857142857142
Compress,12,30,FAST,56,0.9375,4,0.07142857142857142
Compress,12,30,Ekstazi+dpt,12,0.8839285714285714,7,0.125
Compress,12,30,DPT,56,0.6339285714285714,21,0.375
Compress,12,30,STARTS,34,0.8303571428571428,10,0.17857142857142858
Compress,12,30,STARTS+FAST-S,34,0.8125,11,0.19642857142857142
Compress,12,30,STARTS+FAST-P,34,0.9553571428571428,3,0.05357142857142857
Compress,12,30,STARTS+DPT,34,0.7053571428571428,17,0.30357142857142855
Compress,12,30,Fastazi-S,12,0.9553571428571428,3,0.05357142857142857
Compress,12,30,Fastazi-P,12,0.9732142857142857,2,0.03571428571428571
Compress,12,30,Random,56,0.6875,18,0.32142857142857145
Compress,13,1,Ekstazi,22,0.9210526315789473,5,0.08771929824561403
Compress,13,1,FAST,57,0.9561403508771931,3,0.05263157894736842
Compress,13,1,Ekstazi+dpt,22,0.8508771929824561,9,0.15789473684210525
Compress,13,1,DPT,57,0.8333333333333334,10,0.17543859649122806
Compress,13,1,STARTS,40,0.6578947368421053,20,0.3508771929824561
Compress,13,1,STARTS+FAST-S,40,0.9561403508771931,3,0.05263157894736842
Compress,13,1,STARTS+FAST-P,40,0.9736842105263158,2,0.03508771929824561
Compress,13,1,STARTS+DPT,40,0.8333333333333334,10,0.17543859649122806
Compress,13,1,Fastazi-S,22,0.9561403508771931,3,0.05263157894736842
Compress,13,1,Fastazi-P,22,0.9736842105263158,2,0.03508771929824561
Compress,13,1,Random,57,0.7631578947368421,14,0.24561403508771928
Compress,13,2,Ekstazi,22,0.868421052631579,8,0.14035087719298245
Compress,13,2,FAST,57,0.9561403508771931,3,0.05263157894736842
Compress,13,2,Ekstazi+dpt,22,0.8508771929824561,9,0.15789473684210525
Compress,13,2,DPT,57,0.8333333333333334,10,0.17543859649122806
Compress,13,2,STARTS,40,0.9561403508771931,3,0.05263157894736842
Compress,13,2,STARTS+FAST-S,40,0.9385964912280702,4,0.07017543859649122
Compress,13,2,STARTS+FAST-P,40,0.9385964912280702,4,0.07017543859649122
Compress,13,2,STARTS+DPT,40,0.8333333333333334,10,0.17543859649122806
Compress,13,2,Fastazi-S,22,0.9561403508771931,3,0.05263157894736842
Compress,13,2,Fastazi-P,22,0.9736842105263158,2,0.03508771929824561
Compress,13,2,Random,57,0.1666666666666667,48,0.8421052631578947
Compress,13,3,Ekstazi,22,0.868421052631579,8,0.14035087719298245
Compress,13,3,FAST,57,0.9561403508771931,3,0.05263157894736842
Compress,13,3,Ekstazi+dpt,22,0.8508771929824561,9,0.15789473684210525
Compress,13,3,DPT,57,0.8333333333333334,10,0.17543859649122806
Compress,13,3,STARTS,40,0.6929824561403509,18,0.3157894736842105
Compress,13,3,STARTS+FAST-S,40,0.9385964912280702,4,0.07017543859649122
Compress,13,3,STARTS+FAST-P,40,0.9385964912280702,4,0.07017543859649122
Compress,13,3,STARTS+DPT,40,0.8333333333333334,10,0.17543859649122806
Compress,13,3,Fastazi-S,22,0.9561403508771931,3,0.05263157894736842
Compress,13,3,Fastazi-P,22,0.9561403508771931,3,0.05263157894736842
Compress,13,3,Random,57,0.2894736842105263,41,0.7192982456140351
Compress,13,4,Ekstazi,22,0.7456140350877194,15,0.2631578947368421
Compress,13,4,FAST,57,0.9385964912280702,4,0.07017543859649122
Compress,13,4,Ekstazi+dpt,22,0.8508771929824561,9,0.15789473684210525
Compress,13,4,DPT,57,0.8333333333333334,10,0.17543859649122806
Compress,13,4,STARTS,40,0.7105263157894737,17,0.2982456140350877
Compress,13,4,STARTS+FAST-S,40,0.9385964912280702,4,0.07017543859649122
Compress,13,4,STARTS+FAST-P,40,0.9561403508771931,3,0.05263157894736842
Compress,13,4,STARTS+DPT,40,0.8333333333333334,10,0.17543859649122806
Compress,13,4,Fastazi-S,22,0.9561403508771931,3,0.05263157894736842
Compress,13,4,Fastazi-P,22,0.9561403508771931,3,0.05263157894736842
Compress,13,4,Random,57,0.605263157894737,23,0.40350877192982454
Compress,13,5,Ekstazi,22,0.8508771929824561,9,0.15789473684210525
Compress,13,5,FAST,57,0.9561403508771931,3,0.05263157894736842
Compress,13,5,Ekstazi+dpt,22,0.8508771929824561,9,0.15789473684210525
Compress,13,5,DPT,57,0.8333333333333334,10,0.17543859649122806
Compress,13,5,STARTS,40,0.8157894736842106,11,0.19298245614035087
Compress,13,5,STARTS+FAST-S,40,0.9385964912280702,4,0.07017543859649122
Compress,13,5,STARTS+FAST-P,40,0.9561403508771931,3,0.05263157894736842
Compress,13,5,STARTS+DPT,40,0.8333333333333334,10,0.17543859649122806
Compress,13,5,Fastazi-S,22,0.9561403508771931,3,0.05263157894736842
Compress,13,5,Fastazi-P,22,0.9561403508771931,3,0.05263157894736842
Compress,13,5,Random,57,0.5877192982456141,24,0.42105263157894735
Compress,13,6,Ekstazi,22,0.9736842105263158,2,0.03508771929824561
Compress,13,6,FAST,57,0.9561403508771931,3,0.05263157894736842
Compress,13,6,Ekstazi+dpt,22,0.8508771929824561,9,0.15789473684210525
Compress,13,6,DPT,57,0.8333333333333334,10,0.17543859649122806
Compress,13,6,STARTS,40,0.44736842105263164,32,0.5614035087719298
Compress,13,6,STARTS+FAST-S,40,0.9561403508771931,3,0.05263157894736842
Compress,13,6,STARTS+FAST-P,40,0.9736842105263158,2,0.03508771929824561
Compress,13,6,STARTS+DPT,40,0.8333333333333334,10,0.17543859649122806
Compress,13,6,Fastazi-S,22,0.9561403508771931,3,0.05263157894736842
Compress,13,6,Fastazi-P,22,0.9736842105263158,2,0.03508771929824561
Compress,13,6,Random,57,0.48245614035087725,30,0.5263157894736842
Compress,13,7,Ekstazi,22,0.9561403508771931,3,0.05263157894736842
Compress,13,7,FAST,57,0.9561403508771931,3,0.05263157894736842
Compress,13,7,Ekstazi+dpt,22,0.8508771929824561,9,0.15789473684210525
Compress,13,7,DPT,57,0.8333333333333334,10,0.17543859649122806
Compress,13,7,STARTS,40,0.6754385964912282,19,0.3333333333333333
Compress,13,7,STARTS+FAST-S,40,0.9561403508771931,3,0.05263157894736842
Compress,13,7,STARTS+FAST-P,40,0.9561403508771931,3,0.05263157894736842
Compress,13,7,STARTS+DPT,40,0.8333333333333334,10,0.17543859649122806
Compress,13,7,Fastazi-S,22,0.9561403508771931,3,0.05263157894736842
Compress,13,7,Fastazi-P,22,0.9736842105263158,2,0.03508771929824561
Compress,13,7,Random,57,0.9912280701754386,1,0.017543859649122806
Compress,13,8,Ekstazi,22,0.7631578947368421,14,0.24561403508771928
Compress,13,8,FAST,57,0.9561403508771931,3,0.05263157894736842
Compress,13,8,Ekstazi+dpt,22,0.8508771929824561,9,0.15789473684210525
Compress,13,8,DPT,57,0.8333333333333334,10,0.17543859649122806
Compress,13,8,STARTS,40,0.5350877192982457,27,0.47368421052631576
Compress,13,8,STARTS+FAST-S,40,0.9561403508771931,3,0.05263157894736842
Compress,13,8,STARTS+FAST-P,40,0.9561403508771931,3,0.05263157894736842
Compress,13,8,STARTS+DPT,40,0.8333333333333334,10,0.17543859649122806
Compress,13,8,Fastazi-S,22,0.9561403508771931,3,0.05263157894736842
Compress,13,8,Fastazi-P,22,0.9736842105263158,2,0.03508771929824561
Compress,13,8,Random,57,0.9736842105263158,2,0.03508771929824561
Compress,13,9,Ekstazi,22,0.7982456140350878,12,0.21052631578947367
Compress,13,9,FAST,57,0.9561403508771931,3,0.05263157894736842
Compress,13,9,Ekstazi+dpt,22,0.8508771929824561,9,0.15789473684210525
Compress,13,9,DPT,57,0.8333333333333334,10,0.17543859649122806
Compress,13,9,STARTS,40,0.7105263157894737,17,0.2982456140350877
Compress,13,9,STARTS+FAST-S,40,0.9385964912280702,4,0.07017543859649122
Compress,13,9,STARTS+FAST-P,40,0.9385964912280702,4,0.07017543859649122
Compress,13,9,STARTS+DPT,40,0.8333333333333334,10,0.17543859649122806
Compress,13,9,Fastazi-S,22,0.9912280701754386,1,0.017543859649122806
Compress,13,9,Fastazi-P,22,0.9561403508771931,3,0.05263157894736842
Compress,13,9,Random,57,0.9561403508771931,3,0.05263157894736842
Compress,13,10,Ekstazi,22,0.9385964912280702,4,0.07017543859649122
Compress,13,10,FAST,57,0.9561403508771931,3,0.05263157894736842
Compress,13,10,Ekstazi+dpt,22,0.8508771929824561,9,0.15789473684210525
Compress,13,10,DPT,57,0.8333333333333334,10,0.17543859649122806
Compress,13,10,STARTS,40,0.8333333333333334,10,0.17543859649122806
Compress,13,10,STARTS+FAST-S,40,0.9385964912280702,4,0.07017543859649122
Compress,13,10,STARTS+FAST-P,40,0.9561403508771931,3,0.05263157894736842
Compress,13,10,STARTS+DPT,40,0.8333333333333334,10,0.17543859649122806
Compress,13,10,Fastazi-S,22,0.9561403508771931,3,0.05263157894736842
Compress,13,10,Fastazi-P,22,0.9736842105263158,2,0.03508771929824561
Compress,13,10,Random,57,0.3771929824561404,36,0.631578947368421
Compress,13,11,Ekstazi,22,0.9210526315789473,5,0.08771929824561403
Compress,13,11,FAST,57,0.9561403508771931,3,0.05263157894736842
Compress,13,11,Ekstazi+dpt,22,0.8508771929824561,9,0.15789473684210525
Compress,13,11,DPT,57,0.8333333333333334,10,0.17543859649122806
Compress,13,11,STARTS,40,0.5701754385964912,25,0.43859649122807015
Compress,13,11,STARTS+FAST-S,40,0.9561403508771931,3,0.05263157894736842
Compress,13,11,STARTS+FAST-P,40,0.9736842105263158,2,0.03508771929824561
Compress,13,11,STARTS+DPT,40,0.8333333333333334,10,0.17543859649122806
Compress,13,11,Fastazi-S,22,0.9385964912280702,4,0.07017543859649122
Compress,13,11,Fastazi-P,22,0.9736842105263158,2,0.03508771929824561
Compress,13,11,Random,57,0.9210526315789473,5,0.08771929824561403
Compress,13,12,Ekstazi,22,0.9035087719298246,6,0.10526315789473684
Compress,13,12,FAST,57,0.9561403508771931,3,0.05263157894736842
Compress,13,12,Ekstazi+dpt,22,0.8508771929824561,9,0.15789473684210525
Compress,13,12,DPT,57,0.8333333333333334,10,0.17543859649122806
Compress,13,12,STARTS,40,0.5,29,0.5087719298245614
Compress,13,12,STARTS+FAST-S,40,0.9385964912280702,4,0.07017543859649122
Compress,13,12,STARTS+FAST-P,40,0.9561403508771931,3,0.05263157894736842
Compress,13,12,STARTS+DPT,40,0.8333333333333334,10,0.17543859649122806
Compress,13,12,Fastazi-S,22,0.9385964912280702,4,0.07017543859649122
Compress,13,12,Fastazi-P,22,0.9736842105263158,2,0.03508771929824561
Compress,13,12,Random,57,0.6578947368421053,20,0.3508771929824561
Compress,13,13,Ekstazi,22,0.7456140350877194,15,0.2631578947368421
Compress,13,13,FAST,57,0.9912280701754386,1,0.017543859649122806
Compress,13,13,Ekstazi+dpt,22,0.8508771929824561,9,0.15789473684210525
Compress,13,13,DPT,57,0.8333333333333334,10,0.17543859649122806
Compress,13,13,STARTS,40,0.7456140350877194,15,0.2631578947368421
Compress,13,13,STARTS+FAST-S,40,0.9561403508771931,3,0.05263157894736842
Compress,13,13,STARTS+FAST-P,40,0.9385964912280702,4,0.07017543859649122
Compress,13,13,STARTS+DPT,40,0.8333333333333334,10,0.17543859649122806
Compress,13,13,Fastazi-S,22,0.9561403508771931,3,0.05263157894736842
Compress,13,13,Fastazi-P,22,0.9912280701754386,1,0.017543859649122806
Compress,13,13,Random,57,0.14912280701754385,49,0.8596491228070176
Compress,13,14,Ekstazi,22,0.8859649122807018,7,0.12280701754385964
Compress,13,14,FAST,57,0.9561403508771931,3,0.05263157894736842
Compress,13,14,Ekstazi+dpt,22,0.8508771929824561,9,0.15789473684210525
Compress,13,14,DPT,57,0.8333333333333334,10,0.17543859649122806
Compress,13,14,STARTS,40,0.9561403508771931,3,0.05263157894736842
Compress,13,14,STARTS+FAST-S,40,0.9561403508771931,3,0.05263157894736842
Compress,13,14,STARTS+FAST-P,40,0.9385964912280702,4,0.07017543859649122
Compress,13,14,STARTS+DPT,40,0.8333333333333334,10,0.17543859649122806
Compress,13,14,Fastazi-S,22,0.9561403508771931,3,0.05263157894736842
Compress,13,14,Fastazi-P,22,0.9736842105263158,2,0.03508771929824561
Compress,13,14,Random,57,0.5877192982456141,24,0.42105263157894735
Compress,13,15,Ekstazi,22,0.9210526315789473,5,0.08771929824561403
Compress,13,15,FAST,57,0.9561403508771931,3,0.05263157894736842
Compress,13,15,Ekstazi+dpt,22,0.8508771929824561,9,0.15789473684210525
Compress,13,15,DPT,57,0.8333333333333334,10,0.17543859649122806
Compress,13,15,STARTS,40,0.9561403508771931,3,0.05263157894736842
Compress,13,15,STARTS+FAST-S,40,0.9561403508771931,3,0.05263157894736842
Compress,13,15,STARTS+FAST-P,40,0.9385964912280702,4,0.07017543859649122
Compress,13,15,STARTS+DPT,40,0.8333333333333334,10,0.17543859649122806
Compress,13,15,Fastazi-S,22,0.9210526315789473,5,0.08771929824561403
Compress,13,15,Fastazi-P,22,0.9736842105263158,2,0.03508771929824561
Compress,13,15,Random,57,0.6228070175438597,22,0.38596491228070173
Compress,13,16,Ekstazi,22,0.8333333333333334,10,0.17543859649122806
Compress,13,16,FAST,57,0.9561403508771931,3,0.05263157894736842
Compress,13,16,Ekstazi+dpt,22,0.8508771929824561,9,0.15789473684210525
Compress,13,16,DPT,57,0.8333333333333334,10,0.17543859649122806
Compress,13,16,STARTS,40,0.9912280701754386,1,0.017543859649122806
Compress,13,16,STARTS+FAST-S,40,0.9385964912280702,4,0.07017543859649122
Compress,13,16,STARTS+FAST-P,40,0.9561403508771931,3,0.05263157894736842
Compress,13,16,STARTS+DPT,40,0.8333333333333334,10,0.17543859649122806
Compress,13,16,Fastazi-S,22,0.9385964912280702,4,0.07017543859649122
Compress,13,16,Fastazi-P,22,0.9561403508771931,3,0.05263157894736842
Compress,13,16,Random,57,0.3421052631578948,38,0.6666666666666666
Compress,13,17,Ekstazi,22,0.9912280701754386,1,0.017543859649122806
Compress,13,17,FAST,57,0.9385964912280702,4,0.07017543859649122
Compress,13,17,Ekstazi+dpt,22,0.8508771929824561,9,0.15789473684210525
Compress,13,17,DPT,57,0.8333333333333334,10,0.17543859649122806
Compress,13,17,STARTS,40,0.7807017543859649,13,0.22807017543859648
Compress,13,17,STARTS+FAST-S,40,0.9385964912280702,4,0.07017543859649122
Compress,13,17,STARTS+FAST-P,40,0.9561403508771931,3,0.05263157894736842
Compress,13,17,STARTS+DPT,40,0.8333333333333334,10,0.17543859649122806
Compress,13,17,Fastazi-S,22,0.9561403508771931,3,0.05263157894736842
Compress,13,17,Fastazi-P,22,0.9561403508771931,3,0.05263157894736842
Compress,13,17,Random,57,0.5,29,0.5087719298245614
Compress,13,18,Ekstazi,22,0.9912280701754386,1,0.017543859649122806
Compress,13,18,FAST,57,0.9561403508771931,3,0.05263157894736842
Compress,13,18,Ekstazi+dpt,22,0.8508771929824561,9,0.15789473684210525
Compress,13,18,DPT,57,0.8333333333333334,10,0.17543859649122806
Compress,13,18,STARTS,40,0.9912280701754386,1,0.017543859649122806
Compress,13,18,STARTS+FAST-S,40,0.9385964912280702,4,0.07017543859649122
Compress,13,18,STARTS+FAST-P,40,0.9561403508771931,3,0.05263157894736842
Compress,13,18,STARTS+DPT,40,0.8333333333333334,10,0.17543859649122806
Compress,13,18,Fastazi-S,22,0.9561403508771931,3,0.05263157894736842
Compress,13,18,Fastazi-P,22,0.9736842105263158,2,0.03508771929824561
Compress,13,18,Random,57,0.7982456140350878,12,0.21052631578947367
Compress,13,19,Ekstazi,22,0.7631578947368421,14,0.24561403508771928
Compress,13,19,FAST,57,0.9561403508771931,3,0.05263157894736842
Compress,13,19,Ekstazi+dpt,22,0.8508771929824561,9,0.15789473684210525
Compress,13,19,DPT,57,0.8333333333333334,10,0.17543859649122806
Compress,13,19,STARTS,40,0.7807017543859649,13,0.22807017543859648
Compress,13,19,STARTS+FAST-S,40,0.9385964912280702,4,0.07017543859649122
Compress,13,19,STARTS+FAST-P,40,0.9385964912280702,4,0.07017543859649122
Compress,13,19,STARTS+DPT,40,0.8333333333333334,10,0.17543859649122806
Compress,13,19,Fastazi-S,22,0.9912280701754386,1,0.017543859649122806
Compress,13,19,Fastazi-P,22,0.9736842105263158,2,0.03508771929824561
Compress,13,19,Random,57,0.6578947368421053,20,0.3508771929824561
Compress,13,20,Ekstazi,22,0.9210526315789473,5,0.08771929824561403
Compress,13,20,FAST,57,0.9561403508771931,3,0.05263157894736842
Compress,13,20,Ekstazi+dpt,22,0.8508771929824561,9,0.15789473684210525
Compress,13,20,DPT,57,0.8333333333333334,10,0.17543859649122806
Compress,13,20,STARTS,40,0.7807017543859649,13,0.22807017543859648
Compress,13,20,STARTS+FAST-S,40,0.9561403508771931,3,0.05263157894736842
Compress,13,20,STARTS+FAST-P,40,0.9736842105263158,2,0.03508771929824561
Compress,13,20,STARTS+DPT,40,0.8333333333333334,10,0.17543859649122806
Compress,13,20,Fastazi-S,22,0.9912280701754386,1,0.017543859649122806
Compress,13,20,Fastazi-P,22,0.9561403508771931,3,0.05263157894736842
Compress,13,20,Random,57,0.21929824561403508,45,0.7894736842105263
Compress,13,21,Ekstazi,22,0.7456140350877194,15,0.2631578947368421
Compress,13,21,FAST,57,0.9561403508771931,3,0.05263157894736842
Compress,13,21,Ekstazi+dpt,22,0.8508771929824561,9,0.15789473684210525
Compress,13,21,DPT,57,0.8333333333333334,10,0.17543859649122806
Compress,13,21,STARTS,40,0.9210526315789473,5,0.08771929824561403
Compress,13,21,STARTS+FAST-S,40,0.9561403508771931,3,0.05263157894736842
Compress,13,21,STARTS+FAST-P,40,0.9736842105263158,2,0.03508771929824561
Compress,13,21,STARTS+DPT,40,0.8333333333333334,10,0.17543859649122806
Compress,13,21,Fastazi-S,22,0.9561403508771931,3,0.05263157894736842
Compress,13,21,Fastazi-P,22,0.9736842105263158,2,0.03508771929824561
Compress,13,21,Random,57,0.7807017543859649,13,0.22807017543859648
Compress,13,22,Ekstazi,22,0.9561403508771931,3,0.05263157894736842
Compress,13,22,FAST,57,0.9912280701754386,1,0.017543859649122806
Compress,13,22,Ekstazi+dpt,22,0.8508771929824561,9,0.15789473684210525
Compress,13,22,DPT,57,0.8333333333333334,10,0.17543859649122806
Compress,13,22,STARTS,40,0.9035087719298246,6,0.10526315789473684
Compress,13,22,STARTS+FAST-S,40,0.9385964912280702,4,0.07017543859649122
Compress,13,22,STARTS+FAST-P,40,0.9385964912280702,4,0.07017543859649122
Compress,13,22,STARTS+DPT,40,0.8333333333333334,10,0.17543859649122806
Compress,13,22,Fastazi-S,22,0.9561403508771931,3,0.05263157894736842
Compress,13,22,Fastazi-P,22,0.9912280701754386,1,0.017543859649122806
Compress,13,22,Random,57,0.5,29,0.5087719298245614
Compress,13,23,Ekstazi,22,0.8859649122807018,7,0.12280701754385964
Compress,13,23,FAST,57,0.9385964912280702,4,0.07017543859649122
Compress,13,23,Ekstazi+dpt,22,0.8508771929824561,9,0.15789473684210525
Compress,13,23,DPT,57,0.8333333333333334,10,0.17543859649122806
Compress,13,23,STARTS,40,0.5877192982456141,24,0.42105263157894735
Compress,13,23,STARTS+FAST-S,40,0.9561403508771931,3,0.05263157894736842
Compress,13,23,STARTS+FAST-P,40,0.9561403508771931,3,0.05263157894736842
Compress,13,23,STARTS+DPT,40,0.8333333333333334,10,0.17543859649122806
Compress,13,23,Fastazi-S,22,0.9561403508771931,3,0.05263157894736842
Compress,13,23,Fastazi-P,22,0.9561403508771931,3,0.05263157894736842
Compress,13,23,Random,57,0.8508771929824561,9,0.15789473684210525
Compress,13,24,Ekstazi,22,0.7982456140350878,12,0.21052631578947367
Compress,13,24,FAST,57,0.9561403508771931,3,0.05263157894736842
Compress,13,24,Ekstazi+dpt,22,0.8508771929824561,9,0.15789473684210525
Compress,13,24,DPT,57,0.8333333333333334,10,0.17543859649122806
Compress,13,24,STARTS,40,0.9385964912280702,4,0.07017543859649122
Compress,13,24,STARTS+FAST-S,40,0.9561403508771931,3,0.05263157894736842
Compress,13,24,STARTS+FAST-P,40,0.9385964912280702,4,0.07017543859649122
Compress,13,24,STARTS+DPT,40,0.8333333333333334,10,0.17543859649122806
Compress,13,24,Fastazi-S,22,0.9561403508771931,3,0.05263157894736842
Compress,13,24,Fastazi-P,22,0.9736842105263158,2,0.03508771929824561
Compress,13,24,Random,57,0.6228070175438597,22,0.38596491228070173
Compress,13,25,Ekstazi,22,0.9912280701754386,1,0.017543859649122806
Compress,13,25,FAST,57,0.9561403508771931,3,0.05263157894736842
Compress,13,25,Ekstazi+dpt,22,0.8508771929824561,9,0.15789473684210525
Compress,13,25,DPT,57,0.8333333333333334,10,0.17543859649122806
Compress,13,25,STARTS,40,0.7105263157894737,17,0.2982456140350877
Compress,13,25,STARTS+FAST-S,40,0.9385964912280702,4,0.07017543859649122
Compress,13,25,STARTS+FAST-P,40,0.9561403508771931,3,0.05263157894736842
Compress,13,25,STARTS+DPT,40,0.8333333333333334,10,0.17543859649122806
Compress,13,25,Fastazi-S,22,0.9385964912280702,4,0.07017543859649122
Compress,13,25,Fastazi-P,22,0.9736842105263158,2,0.03508771929824561
Compress,13,25,Random,57,0.9912280701754386,1,0.017543859649122806
Compress,13,26,Ekstazi,22,0.7631578947368421,14,0.24561403508771928
Compress,13,26,FAST,57,0.9561403508771931,3,0.05263157894736842
Compress,13,26,Ekstazi+dpt,22,0.8508771929824561,9,0.15789473684210525
Compress,13,26,DPT,57,0.8333333333333334,10,0.17543859649122806
Compress,13,26,STARTS,40,0.7982456140350878,12,0.21052631578947367
Compress,13,26,STARTS+FAST-S,40,0.9385964912280702,4,0.07017543859649122
Compress,13,26,STARTS+FAST-P,40,0.9385964912280702,4,0.07017543859649122
Compress,13,26,STARTS+DPT,40,0.8333333333333334,10,0.17543859649122806
Compress,13,26,Fastazi-S,22,0.9561403508771931,3,0.05263157894736842
Compress,13,26,Fastazi-P,22,0.9736842105263158,2,0.03508771929824561
Compress,13,26,Random,57,0.9561403508771931,3,0.05263157894736842
Compress,13,27,Ekstazi,22,0.7456140350877194,15,0.2631578947368421
Compress,13,27,FAST,57,0.9561403508771931,3,0.05263157894736842
Compress,13,27,Ekstazi+dpt,22,0.8508771929824561,9,0.15789473684210525
Compress,13,27,DPT,57,0.8333333333333334,10,0.17543859649122806
Compress,13,27,STARTS,40,0.868421052631579,8,0.14035087719298245
Compress,13,27,STARTS+FAST-S,40,0.9561403508771931,3,0.05263157894736842
Compress,13,27,STARTS+FAST-P,40,0.9736842105263158,2,0.03508771929824561
Compress,13,27,STARTS+DPT,40,0.8333333333333334,10,0.17543859649122806
Compress,13,27,Fastazi-S,22,0.9561403508771931,3,0.05263157894736842
Compress,13,27,Fastazi-P,22,0.9736842105263158,2,0.03508771929824561
Compress,13,27,Random,57,0.35964912280701755,37,0.6491228070175439
Compress,13,28,Ekstazi,22,0.8859649122807018,7,0.12280701754385964
Compress,13,28,FAST,57,0.9385964912280702,4,0.07017543859649122
Compress,13,28,Ekstazi+dpt,22,0.8508771929824561,9,0.15789473684210525
Compress,13,28,DPT,57,0.8333333333333334,10,0.17543859649122806
Compress,13,28,STARTS,40,0.5877192982456141,24,0.42105263157894735
Compress,13,28,STARTS+FAST-S,40,0.9561403508771931,3,0.05263157894736842
Compress,13,28,STARTS+FAST-P,40,0.9385964912280702,4,0.07017543859649122
Compress,13,28,STARTS+DPT,40,0.8333333333333334,10,0.17543859649122806
Compress,13,28,Fastazi-S,22,0.9561403508771931,3,0.05263157894736842
Compress,13,28,Fastazi-P,22,0.9385964912280702,4,0.07017543859649122
Compress,13,28,Random,57,0.6754385964912282,19,0.3333333333333333
Compress,13,29,Ekstazi,22,0.9385964912280702,4,0.07017543859649122
Compress,13,29,FAST,57,0.9561403508771931,3,0.05263157894736842
Compress,13,29,Ekstazi+dpt,22,0.8508771929824561,9,0.15789473684210525
Compress,13,29,DPT,57,0.8333333333333334,10,0.17543859649122806
Compress,13,29,STARTS,40,0.7807017543859649,13,0.22807017543859648
Compress,13,29,STARTS+FAST-S,40,0.9561403508771931,3,0.05263157894736842
Compress,13,29,STARTS+FAST-P,40,0.9912280701754386,1,0.017543859649122806
Compress,13,29,STARTS+DPT,40,0.8333333333333334,10,0.17543859649122806
Compress,13,29,Fastazi-S,22,0.9561403508771931,3,0.05263157894736842
Compress,13,29,Fastazi-P,22,0.9736842105263158,2,0.03508771929824561
Compress,13,29,Random,57,0.5350877192982457,27,0.47368421052631576
Compress,13,30,Ekstazi,22,0.9385964912280702,4,0.07017543859649122
Compress,13,30,FAST,57,0.9912280701754386,1,0.017543859649122806
Compress,13,30,Ekstazi+dpt,22,0.8508771929824561,9,0.15789473684210525
Compress,13,30,DPT,57,0.8333333333333334,10,0.17543859649122806
Compress,13,30,STARTS,40,0.9561403508771931,3,0.05263157894736842
Compress,13,30,STARTS+FAST-S,40,0.9385964912280702,4,0.07017543859649122
Compress,13,30,STARTS+FAST-P,40,0.9736842105263158,2,0.03508771929824561
Compress,13,30,STARTS+DPT,40,0.8333333333333334,10,0.17543859649122806
Compress,13,30,Fastazi-S,22,0.9210526315789473,5,0.08771929824561403
Compress,13,30,Fastazi-P,22,0.9912280701754386,1,0.017543859649122806
Compress,13,30,Random,57,0.9035087719298246,6,0.10526315789473684
Compress,14,1,Ekstazi,11,0.9561403508771931,3,0.05263157894736842
Compress,14,1,FAST,57,0.9210526315789473,5,0.08771929824561403
Compress,14,1,Ekstazi+dpt,11,0.8508771929824561,9,0.15789473684210525
Compress,14,1,DPT,57,0.412280701754386,34,0.5964912280701754
Compress,14,1,STARTS,34,0.4649122807017544,31,0.543859649122807
Compress,14,1,STARTS+FAST-S,34,0.8333333333333334,10,0.17543859649122806
Compress,14,1,STARTS+FAST-P,34,0.8508771929824561,9,0.15789473684210525
Compress,14,1,STARTS+DPT,34,0.5175438596491229,28,0.49122807017543857
Compress,14,1,Fastazi-S,11,0.9561403508771931,3,0.05263157894736842
Compress,14,1,Fastazi-P,11,0.9736842105263158,2,0.03508771929824561
Compress,14,1,Random,57,0.2543859649122807,43,0.7543859649122807
Compress,14,2,Ekstazi,11,0.9210526315789473,5,0.08771929824561403
Compress,14,2,FAST,57,0.9210526315789473,5,0.08771929824561403
Compress,14,2,Ekstazi+dpt,11,0.8508771929824561,9,0.15789473684210525
Compress,14,2,DPT,57,0.39473684210526316,35,0.6140350877192983
Compress,14,2,STARTS,34,0.6929824561403509,18,0.3157894736842105
Compress,14,2,STARTS+FAST-S,34,0.8333333333333334,10,0.17543859649122806
Compress,14,2,STARTS+FAST-P,34,0.8333333333333334,10,0.17543859649122806
Compress,14,2,STARTS+DPT,34,0.5350877192982457,27,0.47368421052631576
Compress,14,2,Fastazi-S,11,0.9561403508771931,3,0.05263157894736842
Compress,14,2,Fastazi-P,11,0.9561403508771931,3,0.05263157894736842
Compress,14,2,Random,57,0.3771929824561404,36,0.631578947368421
Compress,14,3,Ekstazi,11,0.9210526315789473,5,0.08771929824561403
Compress,14,3,FAST,57,0.9210526315789473,5,0.08771929824561403
Compress,14,3,Ekstazi+dpt,11,0.8333333333333334,10,0.17543859649122806
Compress,14,3,DPT,57,0.412280701754386,34,0.5964912280701754
Compress,14,3,STARTS,34,0.7807017543859649,13,0.22807017543859648
Compress,14,3,STARTS+FAST-S,34,0.8508771929824561,9,0.15789473684210525
Compress,14,3,STARTS+FAST-P,34,0.8508771929824561,9,0.15789473684210525
Compress,14,3,STARTS+DPT,34,0.5350877192982457,27,0.47368421052631576
Compress,14,3,Fastazi-S,11,0.9912280701754386,1,0.017543859649122806
Compress,14,3,Fastazi-P,11,0.9561403508771931,3,0.05263157894736842
Compress,14,3,Random,57,0.7631578947368421,14,0.24561403508771928
Compress,14,4,Ekstazi,11,0.9912280701754386,1,0.017543859649122806
Compress,14,4,FAST,57,0.9210526315789473,5,0.08771929824561403
Compress,14,4,Ekstazi+dpt,11,0.8333333333333334,10,0.17543859649122806
Compress,14,4,DPT,57,0.3771929824561404,36,0.631578947368421
Compress,14,4,STARTS,34,0.9561403508771931,3,0.05263157894736842
Compress,14,4,STARTS+FAST-S,34,0.8508771929824561,9,0.15789473684210525
Compress,14,4,STARTS+FAST-P,34,0.8508771929824561,9,0.15789473684210525
Compress,14,4,STARTS+DPT,34,0.5350877192982457,27,0.47368421052631576
Compress,14,4,Fastazi-S,11,0.9385964912280702,4,0.07017543859649122
Compress,14,4,Fastazi-P,11,0.9736842105263158,2,0.03508771929824561
Compress,14,4,Random,57,0.8157894736842106,11,0.19298245614035087
Compress,14,5,Ekstazi,11,0.9210526315789473,5,0.08771929824561403
Compress,14,5,FAST,57,0.9210526315789473,5,0.08771929824561403
Compress,14,5,Ekstazi+dpt,11,0.8333333333333334,10,0.17543859649122806
Compress,14,5,DPT,57,0.39473684210526316,35,0.6140350877192983
Compress,14,5,STARTS,34,0.9035087719298246,6,0.10526315789473684
Compress,14,5,STARTS+FAST-S,34,0.8333333333333334,10,0.17543859649122806
Compress,14,5,STARTS+FAST-P,34,0.8508771929824561,9,0.15789473684210525
Compress,14,5,STARTS+DPT,34,0.5350877192982457,27,0.47368421052631576
Compress,14,5,Fastazi-S,11,0.9912280701754386,1,0.017543859649122806
Compress,14,5,Fastazi-P,11,0.9736842105263158,2,0.03508771929824561
Compress,14,5,Random,57,0.6754385964912282,19,0.3333333333333333
Compress,14,6,Ekstazi,11,0.9912280701754386,1,0.017543859649122806
Compress,14,6,FAST,57,0.9210526315789473,5,0.08771929824561403
Compress,14,6,Ekstazi+dpt,11,0.8333333333333334,10,0.17543859649122806
Compress,14,6,DPT,57,0.412280701754386,34,0.5964912280701754
Compress,14,6,STARTS,34,0.44736842105263164,32,0.5614035087719298
Compress,14,6,STARTS+FAST-S,34,0.8333333333333334,10,0.17543859649122806
Compress,14,6,STARTS+FAST-P,34,0.8508771929824561,9,0.15789473684210525
Compress,14,6,STARTS+DPT,34,0.5350877192982457,27,0.47368421052631576
Compress,14,6,Fastazi-S,11,0.9561403508771931,3,0.05263157894736842
Compress,14,6,Fastazi-P,11,0.9736842105263158,2,0.03508771929824561
Compress,14,6,Random,57,0.9385964912280702,4,0.07017543859649122
Compress,14,7,Ekstazi,11,0.9912280701754386,1,0.017543859649122806
Compress,14,7,FAST,57,0.9210526315789473,5,0.08771929824561403
Compress,14,7,Ekstazi+dpt,11,0.8333333333333334,10,0.17543859649122806
Compress,14,7,DPT,57,0.3771929824561404,36,0.631578947368421
Compress,14,7,STARTS,34,0.6403508771929824,21,0.3684210526315789
Compress,14,7,STARTS+FAST-S,34,0.8333333333333334,10,0.17543859649122806
Compress,14,7,STARTS+FAST-P,34,0.8508771929824561,9,0.15789473684210525
Compress,14,7,STARTS+DPT,34,0.5350877192982457,27,0.47368421052631576
Compress,14,7,Fastazi-S,11,0.9561403508771931,3,0.05263157894736842
Compress,14,7,Fastazi-P,11,0.9736842105263158,2,0.03508771929824561
Compress,14,7,Random,57,0.6929824561403509,18,0.3157894736842105
Compress,14,8,Ekstazi,11,0.8508771929824561,9,0.15789473684210525
Compress,14,8,FAST,57,0.9210526315789473,5,0.08771929824561403
Compress,14,8,Ekstazi+dpt,11,0.8508771929824561,9,0.15789473684210525
Compress,14,8,DPT,57,0.412280701754386,34,0.5964912280701754
Compress,14,8,STARTS,34,0.44736842105263164,32,0.5614035087719298
Compress,14,8,STARTS+FAST-S,34,0.8333333333333334,10,0.17543859649122806
Compress,14,8,STARTS+FAST-P,34,0.8333333333333334,10,0.17543859649122806
Compress,14,8,STARTS+DPT,34,0.5350877192982457,27,0.47368421052631576
Compress,14,8,Fastazi-S,11,0.9912280701754386,1,0.017543859649122806
Compress,14,8,Fastazi-P,11,0.9736842105263158,2,0.03508771929824561
Compress,14,8,Random,57,0.6754385964912282,19,0.3333333333333333
Compress,14,9,Ekstazi,11,0.8859649122807018,7,0.12280701754385964
Compress,14,9,FAST,57,0.9210526315789473,5,0.08771929824561403
Compress,14,9,Ekstazi+dpt,11,0.8333333333333334,10,0.17543859649122806
Compress,14,9,DPT,57,0.3771929824561404,36,0.631578947368421
Compress,14,9,STARTS,34,0.8508771929824561,9,0.15789473684210525
Compress,14,9,STARTS+FAST-S,34,0.8333333333333334,10,0.17543859649122806
Compress,14,9,STARTS+FAST-P,34,0.8333333333333334,10,0.17543859649122806
Compress,14,9,STARTS+DPT,34,0.5175438596491229,28,0.49122807017543857
Compress,14,9,Fastazi-S,11,0.9561403508771931,3,0.05263157894736842
Compress,14,9,Fastazi-P,11,0.9736842105263158,2,0.03508771929824561
Compress,14,9,Random,57,0.4298245614035088,33,0.5789473684210527
Compress,14,10,Ekstazi,11,0.8508771929824561,9,0.15789473684210525
Compress,14,10,FAST,57,0.9210526315789473,5,0.08771929824561403
Compress,14,10,Ekstazi+dpt,11,0.8333333333333334,10,0.17543859649122806
Compress,14,10,DPT,57,0.3771929824561404,36,0.631578947368421
Compress,14,10,STARTS,34,0.44736842105263164,32,0.5614035087719298
Compress,14,10,STARTS+FAST-S,34,0.8333333333333334,10,0.17543859649122806
Compress,14,10,STARTS+FAST-P,34,0.8333333333333334,10,0.17543859649122806
Compress,14,10,STARTS+DPT,34,0.5175438596491229,28,0.49122807017543857
Compress,14,10,Fastazi-S,11,0.9912280701754386,1,0.017543859649122806
Compress,14,10,Fastazi-P,11,0.9736842105263158,2,0.03508771929824561
Compress,14,10,Random,57,0.39473684210526316,35,0.6140350877192983
Compress,14,11,Ekstazi,11,0.8157894736842106,11,0.19298245614035087
Compress,14,11,FAST,57,0.9210526315789473,5,0.08771929824561403
Compress,14,11,Ekstazi+dpt,11,0.8508771929824561,9,0.15789473684210525
Compress,14,11,DPT,57,0.3771929824561404,36,0.631578947368421
Compress,14,11,STARTS,34,0.7456140350877194,15,0.2631578947368421
Compress,14,11,STARTS+FAST-S,34,0.8333333333333334,10,0.17543859649122806
Compress,14,11,STARTS+FAST-P,34,0.8333333333333334,10,0.17543859649122806
Compress,14,11,STARTS+DPT,34,0.5350877192982457,27,0.47368421052631576
Compress,14,11,Fastazi-S,11,0.9385964912280702,4,0.07017543859649122
Compress,14,11,Fastazi-P,11,0.9736842105263158,2,0.03508771929824561
Compress,14,11,Random,57,0.2543859649122807,43,0.7543859649122807
Compress,14,12,Ekstazi,11,0.8333333333333334,10,0.17543859649122806
Compress,14,12,FAST,57,0.9210526315789473,5,0.08771929824561403
Compress,14,12,Ekstazi+dpt,11,0.8508771929824561,9,0.15789473684210525
Compress,14,12,DPT,57,0.3771929824561404,36,0.631578947368421
Compress,14,12,STARTS,34,0.6228070175438597,22,0.38596491228070173
Compress,14,12,STARTS+FAST-S,34,0.8508771929824561,9,0.15789473684210525
Compress,14,12,STARTS+FAST-P,34,0.8508771929824561,9,0.15789473684210525
Compress,14,12,STARTS+DPT,34,0.5175438596491229,28,0.49122807017543857
Compress,14,12,Fastazi-S,11,0.9561403508771931,3,0.05263157894736842
Compress,14,12,Fastazi-P,11,0.9736842105263158,2,0.03508771929824561
Compress,14,12,Random,57,0.5877192982456141,24,0.42105263157894735
Compress,14,13,Ekstazi,11,0.9736842105263158,2,0.03508771929824561
Compress,14,13,FAST,57,0.9210526315789473,5,0.08771929824561403
Compress,14,13,Ekstazi+dpt,11,0.8333333333333334,10,0.17543859649122806
Compress,14,13,DPT,57,0.3771929824561404,36,0.631578947368421
Compress,14,13,STARTS,34,0.9210526315789473,5,0.08771929824561403
Compress,14,13,STARTS+FAST-S,34,0.8333333333333334,10,0.17543859649122806
Compress,14,13,STARTS+FAST-P,34,0.8508771929824561,9,0.15789473684210525
Compress,14,13,STARTS+DPT,34,0.5175438596491229,28,0.49122807017543857
Compress,14,13,Fastazi-S,11,0.9385964912280702,4,0.07017543859649122
Compress,14,13,Fastazi-P,11,0.9736842105263158,2,0.03508771929824561
Compress,14,13,Random,57,0.18421052631578946,47,0.8245614035087719
Compress,14,14,Ekstazi,11,0.8157894736842106,11,0.19298245614035087
Compress,14,14,FAST,57,0.9210526315789473,5,0.08771929824561403
Compress,14,14,Ekstazi+dpt,11,0.8508771929824561,9,0.15789473684210525
Compress,14,14,DPT,57,0.39473684210526316,35,0.6140350877192983
Compress,14,14,STARTS,34,0.4649122807017544,31,0.543859649122807
Compress,14,14,STARTS+FAST-S,34,0.8333333333333334,10,0.17543859649122806
Compress,14,14,STARTS+FAST-P,34,0.8333333333333334,10,0.17543859649122806
Compress,14,14,STARTS+DPT,34,0.5175438596491229,28,0.49122807017543857
Compress,14,14,Fastazi-S,11,0.9385964912280702,4,0.07017543859649122
Compress,14,14,Fastazi-P,11,0.9561403508771931,3,0.05263157894736842
Compress,14,14,Random,57,0.5526315789473685,26,0.45614035087719296
Compress,14,15,Ekstazi,11,0.8508771929824561,9,0.15789473684210525
Compress,14,15,FAST,57,0.9210526315789473,5,0.08771929824561403
Compress,14,15,Ekstazi+dpt,11,0.8508771929824561,9,0.15789473684210525
Compress,14,15,DPT,57,0.3771929824561404,36,0.631578947368421
Compress,14,15,STARTS,34,0.9736842105263158,2,0.03508771929824561
Compress,14,15,STARTS+FAST-S,34,0.8333333333333334,10,0.17543859649122806
Compress,14,15,STARTS+FAST-P,34,0.8508771929824561,9,0.15789473684210525
Compress,14,15,STARTS+DPT,34,0.5175438596491229,28,0.49122807017543857
Compress,14,15,Fastazi-S,11,0.9385964912280702,4,0.07017543859649122
Compress,14,15,Fastazi-P,11,0.9736842105263158,2,0.03508771929824561
Compress,14,15,Random,57,0.5175438596491229,28,0.49122807017543857
Compress,14,16,Ekstazi,11,0.8859649122807018,7,0.12280701754385964
Compress,14,16,FAST,57,0.9210526315789473,5,0.08771929824561403
Compress,14,16,Ekstazi+dpt,11,0.8508771929824561,9,0.15789473684210525
Compress,14,16,DPT,57,0.3771929824561404,36,0.631578947368421
Compress,14,16,STARTS,34,0.9561403508771931,3,0.05263157894736842
Compress,14,16,STARTS+FAST-S,34,0.8333333333333334,10,0.17543859649122806
Compress,14,16,STARTS+FAST-P,34,0.8333333333333334,10,0.17543859649122806
Compress,14,16,STARTS+DPT,34,0.5350877192982457,27,0.47368421052631576
Compress,14,16,Fastazi-S,11,0.9561403508771931,3,0.05263157894736842
Compress,14,16,Fastazi-P,11,0.9561403508771931,3,0.05263157894736842
Compress,14,16,Random,57,0.44736842105263164,32,0.5614035087719298
Compress,14,17,Ekstazi,11,0.8859649122807018,7,0.12280701754385964
Compress,14,17,FAST,57,0.9210526315789473,5,0.08771929824561403
Compress,14,17,Ekstazi+dpt,11,0.8333333333333334,10,0.17543859649122806
Compress,14,17,DPT,57,0.3771929824561404,36,0.631578947368421
Compress,14,17,STARTS,34,0.9736842105263158,2,0.03508771929824561
Compress,14,17,STARTS+FAST-S,34,0.8333333333333334,10,0.17543859649122806
Compress,14,17,STARTS+FAST-P,34,0.8508771929824561,9,0.15789473684210525
Compress,14,17,STARTS+DPT,34,0.5350877192982457,27,0.47368421052631576
Compress,14,17,Fastazi-S,11,0.9561403508771931,3,0.05263157894736842
Compress,14,17,Fastazi-P,11,0.9561403508771931,3,0.05263157894736842
Compress,14,17,Random,57,0.48245614035087725,30,0.5263157894736842
Compress,14,18,Ekstazi,11,0.8157894736842106,11,0.19298245614035087
Compress,14,18,FAST,57,0.9210526315789473,5,0.08771929824561403
Compress,14,18,Ekstazi+dpt,11,0.8508771929824561,9,0.15789473684210525
Compress,14,18,DPT,57,0.412280701754386,34,0.5964912280701754
Compress,14,18,STARTS,34,0.9561403508771931,3,0.05263157894736842
Compress,14,18,STARTS+FAST-S,34,0.8333333333333334,10,0.17543859649122806
Compress,14,18,STARTS+FAST-P,34,0.8508771929824561,9,0.15789473684210525
Compress,14,18,STARTS+DPT,34,0.5350877192982457,27,0.47368421052631576
Compress,14,18,Fastazi-S,11,0.9561403508771931,3,0.05263157894736842
Compress,14,18,Fastazi-P,11,0.9736842105263158,2,0.03508771929824561
Compress,14,18,Random,57,0.412280701754386,34,0.5964912280701754
Compress,14,19,Ekstazi,11,0.8508771929824561,9,0.15789473684210525
Compress,14,19,FAST,57,0.9210526315789473,5,0.08771929824561403
Compress,14,19,Ekstazi+dpt,11,0.8508771929824561,9,0.15789473684210525
Compress,14,19,DPT,57,0.412280701754386,34,0.5964912280701754
Compress,14,19,STARTS,34,0.8333333333333334,10,0.17543859649122806
Compress,14,19,STARTS+FAST-S,34,0.8333333333333334,10,0.17543859649122806
Compress,14,19,STARTS+FAST-P,34,0.868421052631579,8,0.14035087719298245
Compress,14,19,STARTS+DPT,34,0.5350877192982457,27,0.47368421052631576
Compress,14,19,Fastazi-S,11,0.9561403508771931,3,0.05263157894736842
Compress,14,19,Fastazi-P,11,0.9561403508771931,3,0.05263157894736842
Compress,14,19,Random,57,0.6929824561403509,18,0.3157894736842105
Compress,14,20,Ekstazi,11,0.9736842105263158,2,0.03508771929824561
Compress,14,20,FAST,57,0.9210526315789473,5,0.08771929824561403
Compress,14,20,Ekstazi+dpt,11,0.8333333333333334,10,0.17543859649122806
Compress,14,20,DPT,57,0.3771929824561404,36,0.631578947368421
Compress,14,20,STARTS,34,0.9210526315789473,5,0.08771929824561403
Compress,14,20,STARTS+FAST-S,34,0.8333333333333334,10,0.17543859649122806
Compress,14,20,STARTS+FAST-P,34,0.8508771929824561,9,0.15789473684210525
Compress,14,20,STARTS+DPT,34,0.5350877192982457,27,0.47368421052631576
Compress,14,20,Fastazi-S,11,0.9561403508771931,3,0.05263157894736842
Compress,14,20,Fastazi-P,11,0.9736842105263158,2,0.03508771929824561
Compress,14,20,Random,57,0.9561403508771931,3,0.05263157894736842
Compress,14,21,Ekstazi,11,0.9736842105263158,2,0.03508771929824561
Compress,14,21,FAST,57,0.9210526315789473,5,0.08771929824561403
Compress,14,21,Ekstazi+dpt,11,0.8333333333333334,10,0.17543859649122806
Compress,14,21,DPT,57,0.39473684210526316,35,0.6140350877192983
Compress,14,21,STARTS,34,0.412280701754386,34,0.5964912280701754
Compress,14,21,STARTS+FAST-S,34,0.8333333333333334,10,0.17543859649122806
Compress,14,21,STARTS+FAST-P,34,0.8508771929824561,9,0.15789473684210525
Compress,14,21,STARTS+DPT,34,0.5175438596491229,28,0.49122807017543857
Compress,14,21,Fastazi-S,11,0.9561403508771931,3,0.05263157894736842
Compress,14,21,Fastazi-P,11,0.9736842105263158,2,0.03508771929824561
Compress,14,21,Random,57,0.3771929824561404,36,0.631578947368421
Compress,14,22,Ekstazi,11,0.8333333333333334,10,0.17543859649122806
Compress,14,22,FAST,57,0.9210526315789473,5,0.08771929824561403
Compress,14,22,Ekstazi+dpt,11,0.8508771929824561,9,0.15789473684210525
Compress,14,22,DPT,57,0.39473684210526316,35,0.6140350877192983
Compress,14,22,STARTS,34,0.5701754385964912,25,0.43859649122807015
Compress,14,22,STARTS+FAST-S,34,0.8508771929824561,9,0.15789473684210525
Compress,14,22,STARTS+FAST-P,34,0.8508771929824561,9,0.15789473684210525
Compress,14,22,STARTS+DPT,34,0.5175438596491229,28,0.49122807017543857
Compress,14,22,Fastazi-S,11,0.9561403508771931,3,0.05263157894736842
Compress,14,22,Fastazi-P,11,0.9736842105263158,2,0.03508771929824561
Compress,14,22,Random,57,0.7280701754385965,16,0.2807017543859649
Compress,14,23,Ekstazi,11,0.9736842105263158,2,0.03508771929824561
Compress,14,23,FAST,57,0.9210526315789473,5,0.08771929824561403
Compress,14,23,Ekstazi+dpt,11,0.8508771929824561,9,0.15789473684210525
Compress,14,23,DPT,57,0.412280701754386,34,0.5964912280701754
Compress,14,23,STARTS,34,0.6578947368421053,20,0.3508771929824561
Compress,14,23,STARTS+FAST-S,34,0.8333333333333334,10,0.17543859649122806
Compress,14,23,STARTS+FAST-P,34,0.8333333333333334,10,0.17543859649122806
Compress,14,23,STARTS+DPT,34,0.5350877192982457,27,0.47368421052631576
Compress,14,23,Fastazi-S,11,0.9385964912280702,4,0.07017543859649122
Compress,14,23,Fastazi-P,11,0.9736842105263158,2,0.03508771929824561
Compress,14,23,Random,57,0.2894736842105263,41,0.7192982456140351
Compress,14,24,Ekstazi,11,0.868421052631579,8,0.14035087719298245
Compress,14,24,FAST,57,0.9210526315789473,5,0.08771929824561403
Compress,14,24,Ekstazi+dpt,11,0.8333333333333334,10,0.17543859649122806
Compress,14,24,DPT,57,0.39473684210526316,35,0.6140350877192983
Compress,14,24,STARTS,34,0.9035087719298246,6,0.10526315789473684
Compress,14,24,STARTS+FAST-S,34,0.8508771929824561,9,0.15789473684210525
Compress,14,24,STARTS+FAST-P,34,0.8508771929824561,9,0.15789473684210525
Compress,14,24,STARTS+DPT,34,0.5350877192982457,27,0.47368421052631576
Compress,14,24,Fastazi-S,11,0.9385964912280702,4,0.07017543859649122
Compress,14,24,Fastazi-P,11,0.9736842105263158,2,0.03508771929824561
Compress,14,24,Random,57,0.5877192982456141,24,0.42105263157894735
Compress,14,25,Ekstazi,11,0.9736842105263158,2,0.03508771929824561
Compress,14,25,FAST,57,0.9210526315789473,5,0.08771929824561403
Compress,14,25,Ekstazi+dpt,11,0.8508771929824561,9,0.15789473684210525
Compress,14,25,DPT,57,0.39473684210526316,35,0.6140350877192983
Compress,14,25,STARTS,34,0.8859649122807018,7,0.12280701754385964
Compress,14,25,STARTS+FAST-S,34,0.8333333333333334,10,0.17543859649122806
Compress,14,25,STARTS+FAST-P,34,0.8333333333333334,10,0.17543859649122806
Compress,14,25,STARTS+DPT,34,0.5175438596491229,28,0.49122807017543857
Compress,14,25,Fastazi-S,11,0.9561403508771931,3,0.05263157894736842
Compress,14,25,Fastazi-P,11,0.9736842105263158,2,0.03508771929824561
Compress,14,25,Random,57,0.18421052631578946,47,0.8245614035087719
Compress,14,26,Ekstazi,11,0.9210526315789473,5,0.08771929824561403
Compress,14,26,FAST,57,0.9210526315789473,5,0.08771929824561403
Compress,14,26,Ekstazi+dpt,11,0.8333333333333334,10,0.17543859649122806
Compress,14,26,DPT,57,0.3771929824561404,36,0.631578947368421
Compress,14,26,STARTS,34,0.9561403508771931,3,0.05263157894736842
Compress,14,26,STARTS+FAST-S,34,0.8508771929824561,9,0.15789473684210525
Compress,14,26,STARTS+FAST-P,34,0.8508771929824561,9,0.15789473684210525
Compress,14,26,STARTS+DPT,34,0.5175438596491229,28,0.49122807017543857
Compress,14,26,Fastazi-S,11,0.9561403508771931,3,0.05263157894736842
Compress,14,26,Fastazi-P,11,0.9736842105263158,2,0.03508771929824561
Compress,14,26,Random,57,0.3421052631578948,38,0.6666666666666666
Compress,14,27,Ekstazi,11,0.9210526315789473,5,0.08771929824561403
Compress,14,27,FAST,57,0.9210526315789473,5,0.08771929824561403
Compress,14,27,Ekstazi+dpt,11,0.8508771929824561,9,0.15789473684210525
Compress,14,27,DPT,57,0.3771929824561404,36,0.631578947368421
Compress,14,27,STARTS,34,0.7456140350877194,15,0.2631578947368421
Compress,14,27,STARTS+FAST-S,34,0.8508771929824561,9,0.15789473684210525
Compress,14,27,STARTS+FAST-P,34,0.8508771929824561,9,0.15789473684210525
Compress,14,27,STARTS+DPT,34,0.5175438596491229,28,0.49122807017543857
Compress,14,27,Fastazi-S,11,0.9561403508771931,3,0.05263157894736842
Compress,14,27,Fastazi-P,11,0.9736842105263158,2,0.03508771929824561
Compress,14,27,Random,57,0.5526315789473685,26,0.45614035087719296
Compress,14,28,Ekstazi,11,0.9912280701754386,1,0.017543859649122806
Compress,14,28,FAST,57,0.9210526315789473,5,0.08771929824561403
Compress,14,28,Ekstazi+dpt,11,0.8508771929824561,9,0.15789473684210525
Compress,14,28,DPT,57,0.39473684210526316,35,0.6140350877192983
Compress,14,28,STARTS,34,0.5701754385964912,25,0.43859649122807015
Compress,14,28,STARTS+FAST-S,34,0.9912280701754386,1,0.017543859649122806
Compress,14,28,STARTS+FAST-P,34,0.8333333333333334,10,0.17543859649122806
Compress,14,28,STARTS+DPT,34,0.5175438596491229,28,0.49122807017543857
Compress,14,28,Fastazi-S,11,0.9385964912280702,4,0.07017543859649122
Compress,14,28,Fastazi-P,11,0.9736842105263158,2,0.03508771929824561
Compress,14,28,Random,57,0.06140350877192988,54,0.9473684210526315
Compress,14,29,Ekstazi,11,0.8508771929824561,9,0.15789473684210525
Compress,14,29,FAST,57,0.9210526315789473,5,0.08771929824561403
Compress,14,29,Ekstazi+dpt,11,0.8508771929824561,9,0.15789473684210525
Compress,14,29,DPT,57,0.3771929824561404,36,0.631578947368421
Compress,14,29,STARTS,34,0.5877192982456141,24,0.42105263157894735
Compress,14,29,STARTS+FAST-S,34,0.8508771929824561,9,0.15789473684210525
Compress,14,29,STARTS+FAST-P,34,0.8508771929824561,9,0.15789473684210525
Compress,14,29,STARTS+DPT,34,0.5175438596491229,28,0.49122807017543857
Compress,14,29,Fastazi-S,11,0.9561403508771931,3,0.05263157894736842
Compress,14,29,Fastazi-P,11,0.9736842105263158,2,0.03508771929824561
Compress,14,29,Random,57,0.9736842105263158,2,0.03508771929824561
Compress,14,30,Ekstazi,11,0.9561403508771931,3,0.05263157894736842
Compress,14,30,FAST,57,0.9210526315789473,5,0.08771929824561403
Compress,14,30,Ekstazi+dpt,11,0.8508771929824561,9,0.15789473684210525
Compress,14,30,DPT,57,0.39473684210526316,35,0.6140350877192983
Compress,14,30,STARTS,34,0.9210526315789473,5,0.08771929824561403
Compress,14,30,STARTS+FAST-S,34,0.8333333333333334,10,0.17543859649122806
Compress,14,30,STARTS+FAST-P,34,0.8508771929824561,9,0.15789473684210525
Compress,14,30,STARTS+DPT,34,0.5350877192982457,27,0.47368421052631576
Compress,14,30,Fastazi-S,11,0.9561403508771931,3,0.05263157894736842
Compress,14,30,Fastazi-P,11,0.9736842105263158,2,0.03508771929824561
Compress,14,30,Random,57,0.8508771929824561,9,0.15789473684210525
Compress,15,1,Ekstazi,41,0.3305084745762712,40,0.6779661016949152
Compress,15,1,FAST,59,0.025423728813559275,58,0.9830508474576272
Compress,15,1,Ekstazi+dpt,41,0.7203389830508474,17,0.288135593220339
Compress,15,1,DPT,59,0.7203389830508474,17,0.288135593220339
Compress,15,1,STARTS,45,0.39830508474576265,36,0.6101694915254238
Compress,15,1,STARTS+FAST-S,45,0.31355932203389825,41,0.6949152542372882
Compress,15,1,STARTS+FAST-P,45,0.3305084745762712,40,0.6779661016949152
Compress,15,1,STARTS+DPT,45,0.7203389830508474,17,0.288135593220339
Compress,15,1,Fastazi-S,41,0.3305084745762712,40,0.6779661016949152
Compress,15,1,Fastazi-P,41,0.3305084745762712,40,0.6779661016949152
Compress,15,1,Random,59,0.8728813559322034,8,0.13559322033898305
Compress,15,2,Ekstazi,41,0.5338983050847457,28,0.4745762711864407
Compress,15,2,FAST,59,0.025423728813559275,58,0.9830508474576272
Compress,15,2,Ekstazi+dpt,41,0.7203389830508474,17,0.288135593220339
Compress,15,2,DPT,59,0.7203389830508474,17,0.288135593220339
Compress,15,2,STARTS,45,0.6186440677966101,23,0.3898305084745763
Compress,15,2,STARTS+FAST-S,45,0.3305084745762712,40,0.6779661016949152
Compress,15,2,STARTS+FAST-P,45,0.3305084745762712,40,0.6779661016949152
Compress,15,2,STARTS+DPT,45,0.7203389830508474,17,0.288135593220339
Compress,15,2,Fastazi-S,41,0.3305084745762712,40,0.6779661016949152
Compress,15,2,Fastazi-P,41,0.3305084745762712,40,0.6779661016949152
Compress,15,2,Random,59,0.5508474576271186,27,0.4576271186440678
Compress,15,3,Ekstazi,41,0.364406779661017,38,0.6440677966101694
Compress,15,3,FAST,59,0.025423728813559275,58,0.9830508474576272
Compress,15,3,Ekstazi+dpt,41,0.7203389830508474,17,0.288135593220339
Compress,15,3,DPT,59,0.7203389830508474,17,0.288135593220339
Compress,15,3,STARTS,45,0.7203389830508474,17,0.288135593220339
Compress,15,3,STARTS+FAST-S,45,0.3305084745762712,40,0.6779661016949152
Compress,15,3,STARTS+FAST-P,45,0.3305084745762712,40,0.6779661016949152
Compress,15,3,STARTS+DPT,45,0.7203389830508474,17,0.288135593220339
Compress,15,3,Fastazi-S,41,0.3305084745762712,40,0.6779661016949152
Compress,15,3,Fastazi-P,41,0.3305084745762712,40,0.6779661016949152
Compress,15,3,Random,59,0.8220338983050848,11,0.1864406779661017
Compress,15,4,Ekstazi,41,0.8898305084745762,7,0.11864406779661017
Compress,15,4,FAST,59,0.00847457627118644,59,1.0
Compress,15,4,Ekstazi+dpt,41,0.7203389830508474,17,0.288135593220339
Compress,15,4,DPT,59,0.7203389830508474,17,0.288135593220339
Compress,15,4,STARTS,45,0.9067796610169492,6,0.1016949152542373
Compress,15,4,STARTS+FAST-S,45,0.3305084745762712,40,0.6779661016949152
Compress,15,4,STARTS+FAST-P,45,0.3305084745762712,40,0.6779661016949152
Compress,15,4,STARTS+DPT,45,0.7203389830508474,17,0.288135593220339
Compress,15,4,Fastazi-S,41,0.3305084745762712,40,0.6779661016949152
Compress,15,4,Fastazi-P,41,0.31355932203389825,41,0.6949152542372882
Compress,15,4,Random,59,0.5847457627118644,25,0.423728813559322
Compress,15,5,Ekstazi,41,0.788135593220339,13,0.22033898305084745
Compress,15,5,FAST,59,0.025423728813559275,58,0.9830508474576272
Compress,15,5,Ekstazi+dpt,41,0.7203389830508474,17,0.288135593220339
Compress,15,5,DPT,59,0.7203389830508474,17,0.288135593220339
Compress,15,5,STARTS,45,0.7542372881355932,15,0.2542372881355932
Compress,15,5,STARTS+FAST-S,45,0.3305084745762712,40,0.6779661016949152
Compress,15,5,STARTS+FAST-P,45,0.3305084745762712,40,0.6779661016949152
Compress,15,5,STARTS+DPT,45,0.7203389830508474,17,0.288135593220339
Compress,15,5,Fastazi-S,41,0.3305084745762712,40,0.6779661016949152
Compress,15,5,Fastazi-P,41,0.3305084745762712,40,0.6779661016949152
Compress,15,5,Random,59,0.2966101694915254,42,0.711864406779661
Compress,15,6,Ekstazi,41,0.5677966101694916,26,0.4406779661016949
Compress,15,6,FAST,59,0.025423728813559275,58,0.9830508474576272
Compress,15,6,Ekstazi+dpt,41,0.7203389830508474,17,0.288135593220339
Compress,15,6,DPT,59,0.7203389830508474,17,0.288135593220339
Compress,15,6,STARTS,45,0.8898305084745762,7,0.11864406779661017
Compress,15,6,STARTS+FAST-S,45,0.3305084745762712,40,0.6779661016949152
Compress,15,6,STARTS+FAST-P,45,0.3305084745762712,40,0.6779661016949152
Compress,15,6,STARTS+DPT,45,0.7203389830508474,17,0.288135593220339
Compress,15,6,Fastazi-S,41,0.3305084745762712,40,0.6779661016949152
Compress,15,6,Fastazi-P,41,0.3305084745762712,40,0.6779661016949152
Compress,15,6,Random,59,0.8728813559322034,8,0.13559322033898305
Compress,15,7,Ekstazi,41,0.8898305084745762,7,0.11864406779661017
Compress,15,7,FAST,59,0.025423728813559275,58,0.9830508474576272
Compress,15,7,Ekstazi+dpt,41,0.7203389830508474,17,0.288135593220339
Compress,15,7,DPT,59,0.7203389830508474,17,0.288135593220339
Compress,15,7,STARTS,45,0.771186440677966,14,0.23728813559322035
Compress,15,7,STARTS+FAST-S,45,0.3305084745762712,40,0.6779661016949152
Compress,15,7,STARTS+FAST-P,45,0.3305084745762712,40,0.6779661016949152
Compress,15,7,STARTS+DPT,45,0.7203389830508474,17,0.288135593220339
Compress,15,7,Fastazi-S,41,0.3305084745762712,40,0.6779661016949152
Compress,15,7,Fastazi-P,41,0.3305084745762712,40,0.6779661016949152
Compress,15,7,Random,59,0.7033898305084745,18,0.3050847457627119
Compress,15,8,Ekstazi,41,0.8728813559322034,8,0.13559322033898305
Compress,15,8,FAST,59,0.025423728813559275,58,0.9830508474576272
Compress,15,8,Ekstazi+dpt,41,0.7203389830508474,17,0.288135593220339
Compress,15,8,DPT,59,0.7203389830508474,17,0.288135593220339
Compress,15,8,STARTS,45,0.7203389830508474,17,0.288135593220339
Compress,15,8,STARTS+FAST-S,45,0.3305084745762712,40,0.6779661016949152
Compress,15,8,STARTS+FAST-P,45,0.3305084745762712,40,0.6779661016949152
Compress,15,8,STARTS+DPT,45,0.7203389830508474,17,0.288135593220339
Compress,15,8,Fastazi-S,41,0.3305084745762712,40,0.6779661016949152
Compress,15,8,Fastazi-P,41,0.3305084745762712,40,0.6779661016949152
Compress,15,8,Random,59,0.39830508474576265,36,0.6101694915254238
Compress,15,9,Ekstazi,41,0.364406779661017,38,0.6440677966101694
Compress,15,9,FAST,59,0.025423728813559275,58,0.9830508474576272
Compress,15,9,Ekstazi+dpt,41,0.7203389830508474,17,0.288135593220339
Compress,15,9,DPT,59,0.7203389830508474,17,0.288135593220339
Compress,15,9,STARTS,45,0.3305084745762712,40,0.6779661016949152
Compress,15,9,STARTS+FAST-S,45,0.3305084745762712,40,0.6779661016949152
Compress,15,9,STARTS+FAST-P,45,0.3305084745762712,40,0.6779661016949152
Compress,15,9,STARTS+DPT,45,0.7203389830508474,17,0.288135593220339
Compress,15,9,Fastazi-S,41,0.3305084745762712,40,0.6779661016949152
Compress,15,9,Fastazi-P,41,0.3305084745762712,40,0.6779661016949152
Compress,15,9,Random,59,0.34745762711864403,39,0.6610169491525424
Compress,15,10,Ekstazi,41,0.5847457627118644,25,0.423728813559322
Compress,15,10,FAST,59,0.025423728813559275,58,0.9830508474576272
Compress,15,10,Ekstazi+dpt,41,0.7203389830508474,17,0.288135593220339
Compress,15,10,DPT,59,0.7203389830508474,17,0.288135593220339
Compress,15,10,STARTS,45,0.771186440677966,14,0.23728813559322035
Compress,15,10,STARTS+FAST-S,45,0.3305084745762712,40,0.6779661016949152
Compress,15,10,STARTS+FAST-P,45,0.3305084745762712,40,0.6779661016949152
Compress,15,10,STARTS+DPT,45,0.7203389830508474,17,0.288135593220339
Compress,15,10,Fastazi-S,41,0.3305084745762712,40,0.6779661016949152
Compress,15,10,Fastazi-P,41,0.3305084745762712,40,0.6779661016949152
Compress,15,10,Random,59,0.21186440677966104,47,0.7966101694915254
Compress,15,11,Ekstazi,41,0.5338983050847457,28,0.4745762711864407
Compress,15,11,FAST,59,0.025423728813559275,58,0.9830508474576272
Compress,15,11,Ekstazi+dpt,41,0.7203389830508474,17,0.288135593220339
Compress,15,11,DPT,59,0.7203389830508474,17,0.288135593220339
Compress,15,11,STARTS,45,0.2627118644067796,44,0.7457627118644068
Compress,15,11,STARTS+FAST-S,45,0.3305084745762712,40,0.6779661016949152
Compress,15,11,STARTS+FAST-P,45,0.3305084745762712,40,0.6779661016949152
Compress,15,11,STARTS+DPT,45,0.7203389830508474,17,0.288135593220339
Compress,15,11,Fastazi-S,41,0.3305084745762712,40,0.6779661016949152
Compress,15,11,Fastazi-P,41,0.3305084745762712,40,0.6779661016949152
Compress,15,11,Random,59,0.771186440677966,14,0.23728813559322035
Compress,15,12,Ekstazi,41,0.3305084745762712,40,0.6779661016949152
Compress,15,12,FAST,59,0.025423728813559275,58,0.9830508474576272
Compress,15,12,Ekstazi+dpt,41,0.7203389830508474,17,0.288135593220339
Compress,15,12,DPT,59,0.7203389830508474,17,0.288135593220339
Compress,15,12,STARTS,45,0.7033898305084745,18,0.3050847457627119
Compress,15,12,STARTS+FAST-S,45,0.3305084745762712,40,0.6779661016949152
Compress,15,12,STARTS+FAST-P,45,0.3305084745762712,40,0.6779661016949152
Compress,15,12,STARTS+DPT,45,0.7203389830508474,17,0.288135593220339
Compress,15,12,Fastazi-S,41,0.3305084745762712,40,0.6779661016949152
Compress,15,12,Fastazi-P,41,0.3305084745762712,40,0.6779661016949152
Compress,15,12,Random,59,0.788135593220339,13,0.22033898305084745
Compress,15,13,Ekstazi,41,0.652542372881356,21,0.3559322033898305
Compress,15,13,FAST,59,0.025423728813559275,58,0.9830508474576272
Compress,15,13,Ekstazi+dpt,41,0.7203389830508474,17,0.288135593220339
Compress,15,13,DPT,59,0.7203389830508474,17,0.288135593220339
Compress,15,13,STARTS,45,0.7033898305084745,18,0.3050847457627119
Compress,15,13,STARTS+FAST-S,45,0.3305084745762712,40,0.6779661016949152
Compress,15,13,STARTS+FAST-P,45,0.3305084745762712,40,0.6779661016949152
Compress,15,13,STARTS+DPT,45,0.7203389830508474,17,0.288135593220339
Compress,15,13,Fastazi-S,41,0.3305084745762712,40,0.6779661016949152
Compress,15,13,Fastazi-P,41,0.3305084745762712,40,0.6779661016949152
Compress,15,13,Random,59,0.7033898305084745,18,0.3050847457627119
Compress,15,14,Ekstazi,41,0.652542372881356,21,0.3559322033898305
Compress,15,14,FAST,59,0.025423728813559275,58,0.9830508474576272
Compress,15,14,Ekstazi+dpt,41,0.7203389830508474,17,0.288135593220339
Compress,15,14,DPT,59,0.7203389830508474,17,0.288135593220339
Compress,15,14,STARTS,45,0.9576271186440678,3,0.05084745762711865
Compress,15,14,STARTS+FAST-S,45,0.3305084745762712,40,0.6779661016949152
Compress,15,14,STARTS+FAST-P,45,0.3305084745762712,40,0.6779661016949152
Compress,15,14,STARTS+DPT,45,0.7203389830508474,17,0.288135593220339
Compress,15,14,Fastazi-S,41,0.3305084745762712,40,0.6779661016949152
Compress,15,14,Fastazi-P,41,0.3305084745762712,40,0.6779661016949152
Compress,15,14,Random,59,0.7542372881355932,15,0.2542372881355932
Compress,15,15,Ekstazi,41,0.7372881355932204,16,0.2711864406779661
Compress,15,15,FAST,59,0.025423728813559275,58,0.9830508474576272
Compress,15,15,Ekstazi+dpt,41,0.7203389830508474,17,0.288135593220339
Compress,15,15,DPT,59,0.7203389830508474,17,0.288135593220339
Compress,15,15,STARTS,45,0.9745762711864406,2,0.03389830508474576
Compress,15,15,STARTS+FAST-S,45,0.3305084745762712,40,0.6779661016949152
Compress,15,15,STARTS+FAST-P,45,0.3305084745762712,40,0.6779661016949152
Compress,15,15,STARTS+DPT,45,0.7203389830508474,17,0.288135593220339
Compress,15,15,Fastazi-S,41,0.3305084745762712,40,0.6779661016949152
Compress,15,15,Fastazi-P,41,0.3305084745762712,40,0.6779661016949152
Compress,15,15,Random,59,0.17796610169491525,49,0.8305084745762712
Compress,15,16,Ekstazi,41,0.9745762711864406,2,0.03389830508474576
Compress,15,16,FAST,59,0.025423728813559275,58,0.9830508474576272
Compress,15,16,Ekstazi+dpt,41,0.7203389830508474,17,0.288135593220339
Compress,15,16,DPT,59,0.7203389830508474,17,0.288135593220339
Compress,15,16,STARTS,45,0.5677966101694916,26,0.4406779661016949
Compress,15,16,STARTS+FAST-S,45,0.3305084745762712,40,0.6779661016949152
Compress,15,16,STARTS+FAST-P,45,0.3305084745762712,40,0.6779661016949152
Compress,15,16,STARTS+DPT,45,0.7203389830508474,17,0.288135593220339
Compress,15,16,Fastazi-S,41,0.3305084745762712,40,0.6779661016949152
Compress,15,16,Fastazi-P,41,0.3305084745762712,40,0.6779661016949152
Compress,15,16,Random,59,0.14406779661016947,51,0.864406779661017
Compress,15,17,Ekstazi,41,0.5338983050847457,28,0.4745762711864407
Compress,15,17,FAST,59,0.025423728813559275,58,0.9830508474576272
Compress,15,17,Ekstazi+dpt,41,0.7203389830508474,17,0.288135593220339
Compress,15,17,DPT,59,0.7203389830508474,17,0.288135593220339
Compress,15,17,STARTS,45,0.9915254237288136,1,0.01694915254237288
Compress,15,17,STARTS+FAST-S,45,0.3305084745762712,40,0.6779661016949152
Compress,15,17,STARTS+FAST-P,45,0.3305084745762712,40,0.6779661016949152
Compress,15,17,STARTS+DPT,45,0.7203389830508474,17,0.288135593220339
Compress,15,17,Fastazi-S,41,0.3305084745762712,40,0.6779661016949152
Compress,15,17,Fastazi-P,41,0.3305084745762712,40,0.6779661016949152
Compress,15,17,Random,59,0.16101694915254242,50,0.847457627118644
Compress,15,18,Ekstazi,41,0.9406779661016949,4,0.06779661016949153
Compress,15,18,FAST,59,0.025423728813559275,58,0.9830508474576272
Compress,15,18,Ekstazi+dpt,41,0.7203389830508474,17,0.288135593220339
Compress,15,18,DPT,59,0.7203389830508474,17,0.288135593220339
Compress,15,18,STARTS,45,0.5677966101694916,26,0.4406779661016949
Compress,15,18,STARTS+FAST-S,45,0.31355932203389825,41,0.6949152542372882
Compress,15,18,STARTS+FAST-P,45,0.3305084745762712,40,0.6779661016949152
Compress,15,18,STARTS+DPT,45,0.7203389830508474,17,0.288135593220339
Compress,15,18,Fastazi-S,41,0.3305084745762712,40,0.6779661016949152
Compress,15,18,Fastazi-P,41,0.3305084745762712,40,0.6779661016949152
Compress,15,18,Random,59,0.2966101694915254,42,0.711864406779661
Compress,15,19,Ekstazi,41,0.9576271186440678,3,0.05084745762711865
Compress,15,19,FAST,59,0.9915254237288136,1,0.01694915254237288
Compress,15,19,Ekstazi+dpt,41,0.7203389830508474,17,0.288135593220339
Compress,15,19,DPT,59,0.7203389830508474,17,0.288135593220339
Compress,15,19,STARTS,45,0.8389830508474576,10,0.1694915254237288
Compress,15,19,STARTS+FAST-S,45,0.3305084745762712,40,0.6779661016949152
Compress,15,19,STARTS+FAST-P,45,0.9915254237288136,1,0.01694915254237288
Compress,15,19,STARTS+DPT,45,0.7203389830508474,17,0.288135593220339
Compress,15,19,Fastazi-S,41,0.3305084745762712,40,0.6779661016949152
Compress,15,19,Fastazi-P,41,0.9915254237288136,1,0.01694915254237288
Compress,15,19,Random,59,0.39830508474576265,36,0.6101694915254238
Compress,15,20,Ekstazi,41,0.923728813559322,5,0.0847457627118644
Compress,15,20,FAST,59,0.025423728813559275,58,0.9830508474576272
Compress,15,20,Ekstazi+dpt,41,0.7203389830508474,17,0.288135593220339
Compress,15,20,DPT,59,0.7203389830508474,17,0.288135593220339
Compress,15,20,STARTS,45,0.8728813559322034,8,0.13559322033898305
Compress,15,20,STARTS+FAST-S,45,0.3305084745762712,40,0.6779661016949152
Compress,15,20,STARTS+FAST-P,45,0.3305084745762712,40,0.6779661016949152
Compress,15,20,STARTS+DPT,45,0.7203389830508474,17,0.288135593220339
Compress,15,20,Fastazi-S,41,0.3305084745762712,40,0.6779661016949152
Compress,15,20,Fastazi-P,41,0.3305084745762712,40,0.6779661016949152
Compress,15,20,Random,59,0.24576271186440682,45,0.7627118644067796
Compress,15,21,Ekstazi,41,0.9067796610169492,6,0.1016949152542373
Compress,15,21,FAST,59,0.025423728813559275,58,0.9830508474576272
Compress,15,21,Ekstazi+dpt,41,0.7203389830508474,17,0.288135593220339
Compress,15,21,DPT,59,0.7203389830508474,17,0.288135593220339
Compress,15,21,STARTS,45,0.7033898305084745,18,0.3050847457627119
Compress,15,21,STARTS+FAST-S,45,0.3305084745762712,40,0.6779661016949152
Compress,15,21,STARTS+FAST-P,45,0.3305084745762712,40,0.6779661016949152
Compress,15,21,STARTS+DPT,45,0.7203389830508474,17,0.288135593220339
Compress,15,21,Fastazi-S,41,0.3305084745762712,40,0.6779661016949152
Compress,15,21,Fastazi-P,41,0.3305084745762712,40,0.6779661016949152
Compress,15,21,Random,59,0.09322033898305085,54,0.9152542372881356
Compress,15,22,Ekstazi,41,0.43220338983050843,34,0.576271186440678
Compress,15,22,FAST,59,0.025423728813559275,58,0.9830508474576272
Compress,15,22,Ekstazi+dpt,41,0.7203389830508474,17,0.288135593220339
Compress,15,22,DPT,59,0.7203389830508474,17,0.288135593220339
Compress,15,22,STARTS,45,0.48305084745762705,31,0.5254237288135594
Compress,15,22,STARTS+FAST-S,45,0.3305084745762712,40,0.6779661016949152
Compress,15,22,STARTS+FAST-P,45,0.3305084745762712,40,0.6779661016949152
Compress,15,22,STARTS+DPT,45,0.7203389830508474,17,0.288135593220339
Compress,15,22,Fastazi-S,41,0.3305084745762712,40,0.6779661016949152
Compress,15,22,Fastazi-P,41,0.3305084745762712,40,0.6779661016949152
Compress,15,22,Random,59,0.9745762711864406,2,0.03389830508474576
Compress,15,23,Ekstazi,41,0.8389830508474576,10,0.1694915254237288
Compress,15,23,FAST,59,0.025423728813559275,58,0.9830508474576272
Compress,15,23,Ekstazi+dpt,41,0.7203389830508474,17,0.288135593220339
Compress,15,23,DPT,59,0.7203389830508474,17,0.288135593220339
Compress,15,23,STARTS,45,0.2627118644067796,44,0.7457627118644068
Compress,15,23,STARTS+FAST-S,45,0.3305084745762712,40,0.6779661016949152
Compress,15,23,STARTS+FAST-P,45,0.3305084745762712,40,0.6779661016949152
Compress,15,23,STARTS+DPT,45,0.7203389830508474,17,0.288135593220339
Compress,15,23,Fastazi-S,41,0.3305084745762712,40,0.6779661016949152
Compress,15,23,Fastazi-P,41,0.3305084745762712,40,0.6779661016949152
Compress,15,23,Random,59,0.9576271186440678,3,0.05084745762711865
Compress,15,24,Ekstazi,41,0.5847457627118644,25,0.423728813559322
Compress,15,24,FAST,59,0.025423728813559275,58,0.9830508474576272
Compress,15,24,Ekstazi+dpt,41,0.7203389830508474,17,0.288135593220339
Compress,15,24,DPT,59,0.7203389830508474,17,0.288135593220339
Compress,15,24,STARTS,45,0.8389830508474576,10,0.1694915254237288
Compress,15,24,STARTS+FAST-S,45,0.3305084745762712,40,0.6779661016949152
Compress,15,24,STARTS+FAST-P,45,0.3305084745762712,40,0.6779661016949152
Compress,15,24,STARTS+DPT,45,0.7203389830508474,17,0.288135593220339
Compress,15,24,Fastazi-S,41,0.3305084745762712,40,0.6779661016949152
Compress,15,24,Fastazi-P,41,0.3305084745762712,40,0.6779661016949152
Compress,15,24,Random,59,0.788135593220339,13,0.22033898305084745
Compress,15,25,Ekstazi,41,0.7033898305084745,18,0.3050847457627119
Compress,15,25,FAST,59,0.00847457627118644,59,1.0
Compress,15,25,Ekstazi+dpt,41,0.7203389830508474,17,0.288135593220339
Compress,15,25,DPT,59,0.7203389830508474,17,0.288135593220339
Compress,15,25,STARTS,45,0.9576271186440678,3,0.05084745762711865
Compress,15,25,STARTS+FAST-S,45,0.3305084745762712,40,0.6779661016949152
Compress,15,25,STARTS+FAST-P,45,0.3305084745762712,40,0.6779661016949152
Compress,15,25,STARTS+DPT,45,0.7203389830508474,17,0.288135593220339
Compress,15,25,Fastazi-S,41,0.3305084745762712,40,0.6779661016949152
Compress,15,25,Fastazi-P,41,0.31355932203389825,41,0.6949152542372882
Compress,15,25,Random,59,0.923728813559322,5,0.0847457627118644
Compress,15,26,Ekstazi,41,0.9576271186440678,3,0.05084745762711865
Compress,15,26,FAST,59,0.025423728813559275,58,0.9830508474576272
Compress,15,26,Ekstazi+dpt,41,0.7203389830508474,17,0.288135593220339
Compress,15,26,DPT,59,0.7203389830508474,17,0.288135593220339
Compress,15,26,STARTS,45,0.8559322033898304,9,0.15254237288135594
Compress,15,26,STARTS+FAST-S,45,0.3305084745762712,40,0.6779661016949152
Compress,15,26,STARTS+FAST-P,45,0.3305084745762712,40,0.6779661016949152
Compress,15,26,STARTS+DPT,45,0.7203389830508474,17,0.288135593220339
Compress,15,26,Fastazi-S,41,0.3305084745762712,40,0.6779661016949152
Compress,15,26,Fastazi-P,41,0.3305084745762712,40,0.6779661016949152
Compress,15,26,Random,59,0.025423728813559275,58,0.9830508474576272
Compress,15,27,Ekstazi,41,0.5169491525423728,29,0.4915254237288136
Compress,15,27,FAST,59,0.025423728813559275,58,0.9830508474576272
Compress,15,27,Ekstazi+dpt,41,0.7203389830508474,17,0.288135593220339
Compress,15,27,DPT,59,0.7203389830508474,17,0.288135593220339
Compress,15,27,STARTS,45,0.5338983050847457,28,0.4745762711864407
Compress,15,27,STARTS+FAST-S,45,0.31355932203389825,41,0.6949152542372882
Compress,15,27,STARTS+FAST-P,45,0.3305084745762712,40,0.6779661016949152
Compress,15,27,STARTS+DPT,45,0.7203389830508474,17,0.288135593220339
Compress,15,27,Fastazi-S,41,0.3305084745762712,40,0.6779661016949152
Compress,15,27,Fastazi-P,41,0.3305084745762712,40,0.6779661016949152
Compress,15,27,Random,59,0.00847457627118644,59,1.0
Compress,15,28,Ekstazi,41,0.8050847457627118,12,0.2033898305084746
Compress,15,28,FAST,59,0.025423728813559275,58,0.9830508474576272
Compress,15,28,Ekstazi+dpt,41,0.7203389830508474,17,0.288135593220339
Compress,15,28,DPT,59,0.7203389830508474,17,0.288135593220339
Compress,15,28,STARTS,45,0.788135593220339,13,0.22033898305084745
Compress,15,28,STARTS+FAST-S,45,0.3305084745762712,40,0.6779661016949152
Compress,15,28,STARTS+FAST-P,45,0.31355932203389825,41,0.6949152542372882
Compress,15,28,STARTS+DPT,45,0.7203389830508474,17,0.288135593220339
Compress,15,28,Fastazi-S,41,0.3305084745762712,40,0.6779661016949152
Compress,15,28,Fastazi-P,41,0.3305084745762712,40,0.6779661016949152
Compress,15,28,Random,59,0.05932203389830506,56,0.9491525423728814
Compress,15,29,Ekstazi,41,0.9915254237288136,1,0.01694915254237288
Compress,15,29,FAST,59,0.025423728813559275,58,0.9830508474576272
Compress,15,29,Ekstazi+dpt,41,0.7203389830508474,17,0.288135593220339
Compress,15,29,DPT,59,0.7203389830508474,17,0.288135593220339
Compress,15,29,STARTS,45,0.5847457627118644,25,0.423728813559322
Compress,15,29,STARTS+FAST-S,45,0.3305084745762712,40,0.6779661016949152
Compress,15,29,STARTS+FAST-P,45,0.3305084745762712,40,0.6779661016949152
Compress,15,29,STARTS+DPT,45,0.7203389830508474,17,0.288135593220339
Compress,15,29,Fastazi-S,41,0.3305084745762712,40,0.6779661016949152
Compress,15,29,Fastazi-P,41,0.3305084745762712,40,0.6779661016949152
Compress,15,29,Random,59,0.07627118644067801,55,0.9322033898305084
Compress,15,30,Ekstazi,41,0.3813559322033898,37,0.6271186440677966
Compress,15,30,FAST,59,0.025423728813559275,58,0.9830508474576272
Compress,15,30,Ekstazi+dpt,41,0.7203389830508474,17,0.288135593220339
Compress,15,30,DPT,59,0.7203389830508474,17,0.288135593220339
Compress,15,30,STARTS,45,0.652542372881356,21,0.3559322033898305
Compress,15,30,STARTS+FAST-S,45,0.3305084745762712,40,0.6779661016949152
Compress,15,30,STARTS+FAST-P,45,0.3305084745762712,40,0.6779661016949152
Compress,15,30,STARTS+DPT,45,0.7203389830508474,17,0.288135593220339
Compress,15,30,Fastazi-S,41,0.3305084745762712,40,0.6779661016949152
Compress,15,30,Fastazi-P,41,0.3305084745762712,40,0.6779661016949152
Compress,15,30,Random,59,0.24576271186440682,45,0.7627118644067796
Compress,16,1,Ekstazi,37,0.9576271186440678,3,0.05084745762711865
Compress,16,1,FAST,59,0.923728813559322,5,0.0847457627118644
Compress,16,1,Ekstazi+dpt,37,0.7372881355932204,16,0.2711864406779661
Compress,16,1,DPT,59,0.7203389830508474,17,0.288135593220339
Compress,16,1,STARTS,40,0.9576271186440678,3,0.05084745762711865
Compress,16,1,STARTS+FAST-S,40,0.43220338983050843,34,0.576271186440678
Compress,16,1,STARTS+FAST-P,40,0.39830508474576265,36,0.6101694915254238
Compress,16,1,STARTS+DPT,40,0.7203389830508474,17,0.288135593220339
Compress,16,1,Fastazi-S,37,0.9406779661016949,4,0.06779661016949153
Compress,16,1,Fastazi-P,37,0.9406779661016949,4,0.06779661016949153
Compress,16,1,Random,59,0.00847457627118644,59,1.0
Compress,16,2,Ekstazi,37,0.8559322033898304,9,0.15254237288135594
Compress,16,2,FAST,59,0.9406779661016949,4,0.06779661016949153
Compress,16,2,Ekstazi+dpt,37,0.7372881355932204,16,0.2711864406779661
Compress,16,2,DPT,59,0.7372881355932204,16,0.2711864406779661
Compress,16,2,STARTS,40,0.4152542372881356,35,0.5932203389830508
Compress,16,2,STARTS+FAST-S,40,0.43220338983050843,34,0.576271186440678
Compress,16,2,STARTS+FAST-P,40,0.39830508474576265,36,0.6101694915254238
Compress,16,2,STARTS+DPT,40,0.7372881355932204,16,0.2711864406779661
Compress,16,2,Fastazi-S,37,0.9406779661016949,4,0.06779661016949153
Compress,16,2,Fastazi-P,37,0.9406779661016949,4,0.06779661016949153
Compress,16,2,Random,59,0.8220338983050848,11,0.1864406779661017
Compress,16,3,Ekstazi,37,0.5847457627118644,25,0.423728813559322
Compress,16,3,FAST,59,0.923728813559322,5,0.0847457627118644
Compress,16,3,Ekstazi+dpt,37,0.7372881355932204,16,0.2711864406779661
Compress,16,3,DPT,59,0.7203389830508474,17,0.288135593220339
Compress,16,3,STARTS,40,0.4491525423728814,33,0.559322033898305
Compress,16,3,STARTS+FAST-S,40,0.364406779661017,38,0.6440677966101694
Compress,16,3,STARTS+FAST-P,40,0.39830508474576265,36,0.6101694915254238
Compress,16,3,STARTS+DPT,40,0.7372881355932204,16,0.2711864406779661
Compress,16,3,Fastazi-S,37,0.9576271186440678,3,0.05084745762711865
Compress,16,3,Fastazi-P,37,0.9406779661016949,4,0.06779661016949153
Compress,16,3,Random,59,0.5169491525423728,29,0.4915254237288136
Compress,16,4,Ekstazi,37,0.5169491525423728,29,0.4915254237288136
Compress,16,4,FAST,59,0.9406779661016949,4,0.06779661016949153
Compress,16,4,Ekstazi+dpt,37,0.7372881355932204,16,0.2711864406779661
Compress,16,4,DPT,59,0.7203389830508474,17,0.288135593220339
Compress,16,4,STARTS,40,0.7203389830508474,17,0.288135593220339
Compress,16,4,STARTS+FAST-S,40,0.4152542372881356,35,0.5932203389830508
Compress,16,4,STARTS+FAST-P,40,0.39830508474576265,36,0.6101694915254238
Compress,16,4,STARTS+DPT,40,0.7372881355932204,16,0.2711864406779661
Compress,16,4,Fastazi-S,37,0.9406779661016949,4,0.06779661016949153
Compress,16,4,Fastazi-P,37,0.9576271186440678,3,0.05084745762711865
Compress,16,4,Random,59,0.7033898305084745,18,0.3050847457627119
Compress,16,5,Ekstazi,37,0.7033898305084745,18,0.3050847457627119
Compress,16,5,FAST,59,0.923728813559322,5,0.0847457627118644
Compress,16,5,Ekstazi+dpt,37,0.7372881355932204,16,0.2711864406779661
Compress,16,5,DPT,59,0.7203389830508474,17,0.288135593220339
Compress,16,5,STARTS,40,0.6186440677966101,23,0.3898305084745763
Compress,16,5,STARTS+FAST-S,40,0.364406779661017,38,0.6440677966101694
Compress,16,5,STARTS+FAST-P,40,0.39830508474576265,36,0.6101694915254238
Compress,16,5,STARTS+DPT,40,0.7203389830508474,17,0.288135593220339
Compress,16,5,Fastazi-S,37,0.9406779661016949,4,0.06779661016949153
Compress,16,5,Fastazi-P,37,0.9406779661016949,4,0.06779661016949153
Compress,16,5,Random,59,0.6694915254237288,20,0.3389830508474576
Compress,16,6,Ekstazi,37,0.8559322033898304,9,0.15254237288135594
Compress,16,6,FAST,59,0.923728813559322,5,0.0847457627118644
Compress,16,6,Ekstazi+dpt,37,0.7372881355932204,16,0.2711864406779661
Compress,16,6,DPT,59,0.7372881355932204,16,0.2711864406779661
Compress,16,6,STARTS,40,0.923728813559322,5,0.0847457627118644
Compress,16,6,STARTS+FAST-S,40,0.364406779661017,38,0.6440677966101694
Compress,16,6,STARTS+FAST-P,40,0.39830508474576265,36,0.6101694915254238
Compress,16,6,STARTS+DPT,40,0.7372881355932204,16,0.2711864406779661
Compress,16,6,Fastazi-S,37,0.9406779661016949,4,0.06779661016949153
Compress,16,6,Fastazi-P,37,0.9406779661016949,4,0.06779661016949153
Compress,16,6,Random,59,0.24576271186440682,45,0.7627118644067796
Compress,16,7,Ekstazi,37,0.43220338983050843,34,0.576271186440678
Compress,16,7,FAST,59,0.9406779661016949,4,0.06779661016949153
Compress,16,7,Ekstazi+dpt,37,0.7372881355932204,16,0.2711864406779661
Compress,16,7,DPT,59,0.7203389830508474,17,0.288135593220339
Compress,16,7,STARTS,40,0.8728813559322034,8,0.13559322033898305
Compress,16,7,STARTS+FAST-S,40,0.4152542372881356,35,0.5932203389830508
Compress,16,7,STARTS+FAST-P,40,0.39830508474576265,36,0.6101694915254238
Compress,16,7,STARTS+DPT,40,0.7372881355932204,16,0.2711864406779661
Compress,16,7,Fastazi-S,37,0.923728813559322,5,0.0847457627118644
Compress,16,7,Fastazi-P,37,0.9406779661016949,4,0.06779661016949153
Compress,16,7,Random,59,0.34745762711864403,39,0.6610169491525424
Compress,16,8,Ekstazi,37,0.652542372881356,21,0.3559322033898305
Compress,16,8,FAST,59,0.923728813559322,5,0.0847457627118644
Compress,16,8,Ekstazi+dpt,37,0.7372881355932204,16,0.2711864406779661
Compress,16,8,DPT,59,0.7372881355932204,16,0.2711864406779661
Compress,16,8,STARTS,40,0.5,30,0.5084745762711864
Compress,16,8,STARTS+FAST-S,40,0.43220338983050843,34,0.576271186440678
Compress,16,8,STARTS+FAST-P,40,0.364406779661017,38,0.6440677966101694
Compress,16,8,STARTS+DPT,40,0.7203389830508474,17,0.288135593220339
Compress,16,8,Fastazi-S,37,0.9406779661016949,4,0.06779661016949153
Compress,16,8,Fastazi-P,37,0.9406779661016949,4,0.06779661016949153
Compress,16,8,Random,59,0.07627118644067801,55,0.9322033898305084
Compress,16,9,Ekstazi,37,0.5338983050847457,28,0.4745762711864407
Compress,16,9,FAST,59,0.9406779661016949,4,0.06779661016949153
Compress,16,9,Ekstazi+dpt,37,0.7372881355932204,16,0.2711864406779661
Compress,16,9,DPT,59,0.7372881355932204,16,0.2711864406779661
Compress,16,9,STARTS,40,0.7542372881355932,15,0.2542372881355932
Compress,16,9,STARTS+FAST-S,40,0.43220338983050843,34,0.576271186440678
Compress,16,9,STARTS+FAST-P,40,0.39830508474576265,36,0.6101694915254238
Compress,16,9,STARTS+DPT,40,0.7372881355932204,16,0.2711864406779661
Compress,16,9,Fastazi-S,37,0.9406779661016949,4,0.06779661016949153
Compress,16,9,Fastazi-P,37,0.9406779661016949,4,0.06779661016949153
Compress,16,9,Random,59,0.9406779661016949,4,0.06779661016949153
Compress,16,10,Ekstazi,37,0.6186440677966101,23,0.3898305084745763
Compress,16,10,FAST,59,0.923728813559322,5,0.0847457627118644
Compress,16,10,Ekstazi+dpt,37,0.7372881355932204,16,0.2711864406779661
Compress,16,10,DPT,59,0.7372881355932204,16,0.2711864406779661
Compress,16,10,STARTS,40,0.8559322033898304,9,0.15254237288135594
Compress,16,10,STARTS+FAST-S,40,0.4152542372881356,35,0.5932203389830508
Compress,16,10,STARTS+FAST-P,40,0.39830508474576265,36,0.6101694915254238
Compress,16,10,STARTS+DPT,40,0.7203389830508474,17,0.288135593220339
Compress,16,10,Fastazi-S,37,0.9576271186440678,3,0.05084745762711865
Compress,16,10,Fastazi-P,37,0.9406779661016949,4,0.06779661016949153
Compress,16,10,Random,59,0.3305084745762712,40,0.6779661016949152
Compress,16,11,Ekstazi,37,0.5338983050847457,28,0.4745762711864407
Compress,16,11,FAST,59,0.923728813559322,5,0.0847457627118644
Compress,16,11,Ekstazi+dpt,37,0.7372881355932204,16,0.2711864406779661
Compress,16,11,DPT,59,0.7372881355932204,16,0.2711864406779661
Compress,16,11,STARTS,40,0.4152542372881356,35,0.5932203389830508
Compress,16,11,STARTS+FAST-S,40,0.43220338983050843,34,0.576271186440678
Compress,16,11,STARTS+FAST-P,40,0.39830508474576265,36,0.6101694915254238
Compress,16,11,STARTS+DPT,40,0.7372881355932204,16,0.2711864406779661
Compress,16,11,Fastazi-S,37,0.9406779661016949,4,0.06779661016949153
Compress,16,11,Fastazi-P,37,0.9406779661016949,4,0.06779661016949153
Compress,16,11,Random,59,0.2627118644067796,44,0.7457627118644068
Compress,16,12,Ekstazi,37,0.48305084745762705,31,0.5254237288135594
Compress,16,12,FAST,59,0.923728813559322,5,0.0847457627118644
Compress,16,12,Ekstazi+dpt,37,0.7372881355932204,16,0.2711864406779661
Compress,16,12,DPT,59,0.7203389830508474,17,0.288135593220339
Compress,16,12,STARTS,40,0.4152542372881356,35,0.5932203389830508
Compress,16,12,STARTS+FAST-S,40,0.43220338983050843,34,0.576271186440678
Compress,16,12,STARTS+FAST-P,40,0.364406779661017,38,0.6440677966101694
Compress,16,12,STARTS+DPT,40,0.7372881355932204,16,0.2711864406779661
Compress,16,12,Fastazi-S,37,0.9406779661016949,4,0.06779661016949153
Compress,16,12,Fastazi-P,37,0.9406779661016949,4,0.06779661016949153
Compress,16,12,Random,59,0.43220338983050843,34,0.576271186440678
Compress,16,13,Ekstazi,37,0.8898305084745762,7,0.11864406779661017
Compress,16,13,FAST,59,0.9406779661016949,4,0.06779661016949153
Compress,16,13,Ekstazi+dpt,37,0.7372881355932204,16,0.2711864406779661
Compress,16,13,DPT,59,0.7203389830508474,17,0.288135593220339
Compress,16,13,STARTS,40,0.8050847457627118,12,0.2033898305084746
Compress,16,13,STARTS+FAST-S,40,0.364406779661017,38,0.6440677966101694
Compress,16,13,STARTS+FAST-P,40,0.39830508474576265,36,0.6101694915254238
Compress,16,13,STARTS+DPT,40,0.7372881355932204,16,0.2711864406779661
Compress,16,13,Fastazi-S,37,0.9406779661016949,4,0.06779661016949153
Compress,16,13,Fastazi-P,37,0.9745762711864406,2,0.03389830508474576
Compress,16,13,Random,59,0.5169491525423728,29,0.4915254237288136
Compress,16,14,Ekstazi,37,0.48305084745762705,31,0.5254237288135594
Compress,16,14,FAST,59,0.9406779661016949,4,0.06779661016949153
Compress,16,14,Ekstazi+dpt,37,0.7372881355932204,16,0.2711864406779661
Compress,16,14,DPT,59,0.7203389830508474,17,0.288135593220339
Compress,16,14,STARTS,40,0.5169491525423728,29,0.4915254237288136
Compress,16,14,STARTS+FAST-S,40,0.43220338983050843,34,0.576271186440678
Compress,16,14,STARTS+FAST-P,40,0.39830508474576265,36,0.6101694915254238
Compress,16,14,STARTS+DPT,40,0.7372881355932204,16,0.2711864406779661
Compress,16,14,Fastazi-S,37,0.9406779661016949,4,0.06779661016949153
Compress,16,14,Fastazi-P,37,0.9576271186440678,3,0.05084745762711865
Compress,16,14,Random,59,0.025423728813559275,58,0.9830508474576272
Compress,16,15,Ekstazi,37,0.635593220338983,22,0.3728813559322034
Compress,16,15,FAST,59,0.9406779661016949,4,0.06779661016949153
Compress,16,15,Ekstazi+dpt,37,0.7372881355932204,16,0.2711864406779661
Compress,16,15,DPT,59,0.7203389830508474,17,0.288135593220339
Compress,16,15,STARTS,40,0.8389830508474576,10,0.1694915254237288
Compress,16,15,STARTS+FAST-S,40,0.43220338983050843,34,0.576271186440678
Compress,16,15,STARTS+FAST-P,40,0.39830508474576265,36,0.6101694915254238
Compress,16,15,STARTS+DPT,40,0.7372881355932204,16,0.2711864406779661
Compress,16,15,Fastazi-S,37,0.9576271186440678,3,0.05084745762711865
Compress,16,15,Fastazi-P,37,0.9576271186440678,3,0.05084745762711865
Compress,16,15,Random,59,0.788135593220339,13,0.22033898305084745
Compress,16,16,Ekstazi,37,0.6016949152542372,24,0.4067796610169492
Compress,16,16,FAST,59,0.923728813559322,5,0.0847457627118644
Compress,16,16,Ekstazi+dpt,37,0.7372881355932204,16,0.2711864406779661
Compress,16,16,DPT,59,0.7203389830508474,17,0.288135593220339
Compress,16,16,STARTS,40,0.7372881355932204,16,0.2711864406779661
Compress,16,16,STARTS+FAST-S,40,0.43220338983050843,34,0.576271186440678
Compress,16,16,STARTS+FAST-P,40,0.364406779661017,38,0.6440677966101694
Compress,16,16,STARTS+DPT,40,0.7372881355932204,16,0.2711864406779661
Compress,16,16,Fastazi-S,37,0.9406779661016949,4,0.06779661016949153
Compress,16,16,Fastazi-P,37,0.9576271186440678,3,0.05084745762711865
Compress,16,16,Random,59,0.2627118644067796,44,0.7457627118644068
Compress,16,17,Ekstazi,37,0.8389830508474576,10,0.1694915254237288
Compress,16,17,FAST,59,0.9406779661016949,4,0.06779661016949153
Compress,16,17,Ekstazi+dpt,37,0.7372881355932204,16,0.2711864406779661
Compress,16,17,DPT,59,0.7372881355932204,16,0.2711864406779661
Compress,16,17,STARTS,40,0.43220338983050843,34,0.576271186440678
Compress,16,17,STARTS+FAST-S,40,0.43220338983050843,34,0.576271186440678
Compress,16,17,STARTS+FAST-P,40,0.39830508474576265,36,0.6101694915254238
Compress,16,17,STARTS+DPT,40,0.7372881355932204,16,0.2711864406779661
Compress,16,17,Fastazi-S,37,0.9406779661016949,4,0.06779661016949153
Compress,16,17,Fastazi-P,37,0.9576271186440678,3,0.05084745762711865
Compress,16,17,Random,59,0.635593220338983,22,0.3728813559322034
Compress,16,18,Ekstazi,37,0.9915254237288136,1,0.01694915254237288
Compress,16,18,FAST,59,0.923728813559322,5,0.0847457627118644
Compress,16,18,Ekstazi+dpt,37,0.7372881355932204,16,0.2711864406779661
Compress,16,18,DPT,59,0.7372881355932204,16,0.2711864406779661
Compress,16,18,STARTS,40,0.43220338983050843,34,0.576271186440678
Compress,16,18,STARTS+FAST-S,40,0.4152542372881356,35,0.5932203389830508
Compress,16,18,STARTS+FAST-P,40,0.39830508474576265,36,0.6101694915254238
Compress,16,18,STARTS+DPT,40,0.7203389830508474,17,0.288135593220339
Compress,16,18,Fastazi-S,37,0.9406779661016949,4,0.06779661016949153
Compress,16,18,Fastazi-P,37,0.9406779661016949,4,0.06779661016949153
Compress,16,18,Random,59,0.8728813559322034,8,0.13559322033898305
Compress,16,19,Ekstazi,37,0.8898305084745762,7,0.11864406779661017
Compress,16,19,FAST,59,0.9406779661016949,4,0.06779661016949153
Compress,16,19,Ekstazi+dpt,37,0.7372881355932204,16,0.2711864406779661
Compress,16,19,DPT,59,0.7372881355932204,16,0.2711864406779661
Compress,16,19,STARTS,40,0.3813559322033898,37,0.6271186440677966
Compress,16,19,STARTS+FAST-S,40,0.48305084745762705,31,0.5254237288135594
Compress,16,19,STARTS+FAST-P,40,0.39830508474576265,36,0.6101694915254238
Compress,16,19,STARTS+DPT,40,0.7203389830508474,17,0.288135593220339
Compress,16,19,Fastazi-S,37,0.9406779661016949,4,0.06779661016949153
Compress,16,19,Fastazi-P,37,0.9406779661016949,4,0.06779661016949153
Compress,16,19,Random,59,0.17796610169491525,49,0.8305084745762712
Compress,16,20,Ekstazi,37,0.4491525423728814,33,0.559322033898305
Compress,16,20,FAST,59,0.9406779661016949,4,0.06779661016949153
Compress,16,20,Ekstazi+dpt,37,0.7372881355932204,16,0.2711864406779661
Compress,16,20,DPT,59,0.7372881355932204,16,0.2711864406779661
Compress,16,20,STARTS,40,0.652542372881356,21,0.3559322033898305
Compress,16,20,STARTS+FAST-S,40,0.43220338983050843,34,0.576271186440678
Compress,16,20,STARTS+FAST-P,40,0.39830508474576265,36,0.6101694915254238
Compress,16,20,STARTS+DPT,40,0.7203389830508474,17,0.288135593220339
Compress,16,20,Fastazi-S,37,0.9406779661016949,4,0.06779661016949153
Compress,16,20,Fastazi-P,37,0.9745762711864406,2,0.03389830508474576
Compress,16,20,Random,59,0.34745762711864403,39,0.6610169491525424
Compress,16,21,Ekstazi,37,0.923728813559322,5,0.0847457627118644
Compress,16,21,FAST,59,0.923728813559322,5,0.0847457627118644
Compress,16,21,Ekstazi+dpt,37,0.7372881355932204,16,0.2711864406779661
Compress,16,21,DPT,59,0.7203389830508474,17,0.288135593220339
Compress,16,21,STARTS,40,0.4661016949152542,32,0.5423728813559322
Compress,16,21,STARTS+FAST-S,40,0.43220338983050843,34,0.576271186440678
Compress,16,21,STARTS+FAST-P,40,0.39830508474576265,36,0.6101694915254238
Compress,16,21,STARTS+DPT,40,0.7203389830508474,17,0.288135593220339
Compress,16,21,Fastazi-S,37,0.9406779661016949,4,0.06779661016949153
Compress,16,21,Fastazi-P,37,0.9406779661016949,4,0.06779661016949153
Compress,16,21,Random,59,0.8728813559322034,8,0.13559322033898305
Compress,16,22,Ekstazi,37,0.43220338983050843,34,0.576271186440678
Compress,16,22,FAST,59,0.9406779661016949,4,0.06779661016949153
Compress,16,22,Ekstazi+dpt,37,0.7372881355932204,16,0.2711864406779661
Compress,16,22,DPT,59,0.7372881355932204,16,0.2711864406779661
Compress,16,22,STARTS,40,0.5847457627118644,25,0.423728813559322
Compress,16,22,STARTS+FAST-S,40,0.4152542372881356,35,0.5932203389830508
Compress,16,22,STARTS+FAST-P,40,0.39830508474576265,36,0.6101694915254238
Compress,16,22,STARTS+DPT,40,0.7372881355932204,16,0.2711864406779661
Compress,16,22,Fastazi-S,37,0.9406779661016949,4,0.06779661016949153
Compress,16,22,Fastazi-P,37,0.9576271186440678,3,0.05084745762711865
Compress,16,22,Random,59,0.635593220338983,22,0.3728813559322034
Compress,16,23,Ekstazi,37,0.5169491525423728,29,0.4915254237288136
Compress,16,23,FAST,59,0.9406779661016949,4,0.06779661016949153
Compress,16,23,Ekstazi+dpt,37,0.7372881355932204,16,0.2711864406779661
Compress,16,23,DPT,59,0.7372881355932204,16,0.2711864406779661
Compress,16,23,STARTS,40,0.48305084745762705,31,0.5254237288135594
Compress,16,23,STARTS+FAST-S,40,0.364406779661017,38,0.6440677966101694
Compress,16,23,STARTS+FAST-P,40,0.39830508474576265,36,0.6101694915254238
Compress,16,23,STARTS+DPT,40,0.7372881355932204,16,0.2711864406779661
Compress,16,23,Fastazi-S,37,0.9406779661016949,4,0.06779661016949153
Compress,16,23,Fastazi-P,37,0.9576271186440678,3,0.05084745762711865
Compress,16,23,Random,59,0.05932203389830506,56,0.9491525423728814
Compress,16,24,Ekstazi,37,0.4491525423728814,33,0.559322033898305
Compress,16,24,FAST,59,0.923728813559322,5,0.0847457627118644
Compress,16,24,Ekstazi+dpt,37,0.7372881355932204,16,0.2711864406779661
Compress,16,24,DPT,59,0.7203389830508474,17,0.288135593220339
Compress,16,24,STARTS,40,0.8050847457627118,12,0.2033898305084746
Compress,16,24,STARTS+FAST-S,40,0.364406779661017,38,0.6440677966101694
Compress,16,24,STARTS+FAST-P,40,0.39830508474576265,36,0.6101694915254238
Compress,16,24,STARTS+DPT,40,0.7203389830508474,17,0.288135593220339
Compress,16,24,Fastazi-S,37,0.9406779661016949,4,0.06779661016949153
Compress,16,24,Fastazi-P,37,0.9576271186440678,3,0.05084745762711865
Compress,16,24,Random,59,0.14406779661016947,51,0.864406779661017
Compress,16,25,Ekstazi,37,0.771186440677966,14,0.23728813559322035
Compress,16,25,FAST,59,0.923728813559322,5,0.0847457627118644
Compress,16,25,Ekstazi+dpt,37,0.7372881355932204,16,0.2711864406779661
Compress,16,25,DPT,59,0.7372881355932204,16,0.2711864406779661
Compress,16,25,STARTS,40,0.9576271186440678,3,0.05084745762711865
Compress,16,25,STARTS+FAST-S,40,0.43220338983050843,34,0.576271186440678
Compress,16,25,STARTS+FAST-P,40,0.39830508474576265,36,0.6101694915254238
Compress,16,25,STARTS+DPT,40,0.7203389830508474,17,0.288135593220339
Compress,16,25,Fastazi-S,37,0.9406779661016949,4,0.06779661016949153
Compress,16,25,Fastazi-P,37,0.9406779661016949,4,0.06779661016949153
Compress,16,25,Random,59,0.31355932203389825,41,0.6949152542372882
Compress,16,26,Ekstazi,37,0.8728813559322034,8,0.13559322033898305
Compress,16,26,FAST,59,0.9406779661016949,4,0.06779661016949153
Compress,16,26,Ekstazi+dpt,37,0.7372881355932204,16,0.2711864406779661
Compress,16,26,DPT,59,0.7203389830508474,17,0.288135593220339
Compress,16,26,STARTS,40,0.39830508474576265,36,0.6101694915254238
Compress,16,26,STARTS+FAST-S,40,0.43220338983050843,34,0.576271186440678
Compress,16,26,STARTS+FAST-P,40,0.39830508474576265,36,0.6101694915254238
Compress,16,26,STARTS+DPT,40,0.7372881355932204,16,0.2711864406779661
Compress,16,26,Fastazi-S,37,0.9406779661016949,4,0.06779661016949153
Compress,16,26,Fastazi-P,37,0.9576271186440678,3,0.05084745762711865
Compress,16,26,Random,59,0.635593220338983,22,0.3728813559322034
Compress,16,27,Ekstazi,37,0.9576271186440678,3,0.05084745762711865
Compress,16,27,FAST,59,0.9406779661016949,4,0.06779661016949153
Compress,16,27,Ekstazi+dpt,37,0.7372881355932204,16,0.2711864406779661
Compress,16,27,DPT,59,0.7203389830508474,17,0.288135593220339
Compress,16,27,STARTS,40,0.5,30,0.5084745762711864
Compress,16,27,STARTS+FAST-S,40,0.43220338983050843,34,0.576271186440678
Compress,16,27,STARTS+FAST-P,40,0.39830508474576265,36,0.6101694915254238
Compress,16,27,STARTS+DPT,40,0.7372881355932204,16,0.2711864406779661
Compress,16,27,Fastazi-S,37,0.9576271186440678,3,0.05084745762711865
Compress,16,27,Fastazi-P,37,0.9406779661016949,4,0.06779661016949153
Compress,16,27,Random,59,0.4152542372881356,35,0.5932203389830508
Compress,16,28,Ekstazi,37,0.39830508474576265,36,0.6101694915254238
Compress,16,28,FAST,59,0.9406779661016949,4,0.06779661016949153
Compress,16,28,Ekstazi+dpt,37,0.7372881355932204,16,0.2711864406779661
Compress,16,28,DPT,59,0.7372881355932204,16,0.2711864406779661
Compress,16,28,STARTS,40,0.4491525423728814,33,0.559322033898305
Compress,16,28,STARTS+FAST-S,40,0.43220338983050843,34,0.576271186440678
Compress,16,28,STARTS+FAST-P,40,0.39830508474576265,36,0.6101694915254238
Compress,16,28,STARTS+DPT,40,0.7203389830508474,17,0.288135593220339
Compress,16,28,Fastazi-S,37,0.9406779661016949,4,0.06779661016949153
Compress,16,28,Fastazi-P,37,0.9576271186440678,3,0.05084745762711865
Compress,16,28,Random,59,0.9067796610169492,6,0.1016949152542373
Compress,16,29,Ekstazi,37,0.39830508474576265,36,0.6101694915254238
Compress,16,29,FAST,59,0.9406779661016949,4,0.06779661016949153
Compress,16,29,Ekstazi+dpt,37,0.7372881355932204,16,0.2711864406779661
Compress,16,29,DPT,59,0.7203389830508474,17,0.288135593220339
Compress,16,29,STARTS,40,0.43220338983050843,34,0.576271186440678
Compress,16,29,STARTS+FAST-S,40,0.43220338983050843,34,0.576271186440678
Compress,16,29,STARTS+FAST-P,40,0.39830508474576265,36,0.6101694915254238
Compress,16,29,STARTS+DPT,40,0.7372881355932204,16,0.2711864406779661
Compress,16,29,Fastazi-S,37,0.9406779661016949,4,0.06779661016949153
Compress,16,29,Fastazi-P,37,0.9576271186440678,3,0.05084745762711865
Compress,16,29,Random,59,0.3305084745762712,40,0.6779661016949152
Compress,16,30,Ekstazi,37,0.9576271186440678,3,0.05084745762711865
Compress,16,30,FAST,59,0.9406779661016949,4,0.06779661016949153
Compress,16,30,Ekstazi+dpt,37,0.7372881355932204,16,0.2711864406779661
Compress,16,30,DPT,59,0.7372881355932204,16,0.2711864406779661
Compress,16,30,STARTS,40,0.48305084745762705,31,0.5254237288135594
Compress,16,30,STARTS+FAST-S,40,0.43220338983050843,34,0.576271186440678
Compress,16,30,STARTS+FAST-P,40,0.39830508474576265,36,0.6101694915254238
Compress,16,30,STARTS+DPT,40,0.7203389830508474,17,0.288135593220339
Compress,16,30,Fastazi-S,37,0.9406779661016949,4,0.06779661016949153
Compress,16,30,Fastazi-P,37,0.9406779661016949,4,0.06779661016949153
Compress,16,30,Random,59,0.5338983050847457,28,0.4745762711864407
Compress,17,1,Ekstazi,40,0.364406779661017,38,0.6440677966101694
Compress,17,1,FAST,59,0.9067796610169492,6,0.1016949152542373
Compress,17,1,Ekstazi+dpt,40,0.5,30,0.5084745762711864
Compress,17,1,DPT,59,0.5169491525423728,29,0.4915254237288136
Compress,17,1,STARTS,42,0.7542372881355932,15,0.2542372881355932
Compress,17,1,STARTS+FAST-S,42,0.8220338983050848,11,0.1864406779661017
Compress,17,1,STARTS+FAST-P,42,0.8220338983050848,11,0.1864406779661017
Compress,17,1,STARTS+DPT,42,0.5,30,0.5084745762711864
Compress,17,1,Fastazi-S,40,0.9067796610169492,6,0.1016949152542373
Compress,17,1,Fastazi-P,40,0.9067796610169492,6,0.1016949152542373
Compress,17,1,Random,59,0.8559322033898304,9,0.15254237288135594
Compress,17,2,Ekstazi,40,0.9067796610169492,6,0.1016949152542373
Compress,17,2,FAST,59,0.9067796610169492,6,0.1016949152542373
Compress,17,2,Ekstazi+dpt,40,0.5169491525423728,29,0.4915254237288136
Compress,17,2,DPT,59,0.5,30,0.5084745762711864
Compress,17,2,STARTS,42,0.5169491525423728,29,0.4915254237288136
Compress,17,2,STARTS+FAST-S,42,0.9067796610169492,6,0.1016949152542373
Compress,17,2,STARTS+FAST-P,42,0.8898305084745762,7,0.11864406779661017
Compress,17,2,STARTS+DPT,42,0.5169491525423728,29,0.4915254237288136
Compress,17,2,Fastazi-S,40,0.9067796610169492,6,0.1016949152542373
Compress,17,2,Fastazi-P,40,0.9067796610169492,6,0.1016949152542373
Compress,17,2,Random,59,0.8728813559322034,8,0.13559322033898305
Compress,17,3,Ekstazi,40,0.7542372881355932,15,0.2542372881355932
Compress,17,3,FAST,59,0.9067796610169492,6,0.1016949152542373
Compress,17,3,Ekstazi+dpt,40,0.48305084745762705,31,0.5254237288135594
Compress,17,3,DPT,59,0.48305084745762705,31,0.5254237288135594
Compress,17,3,STARTS,42,0.5169491525423728,29,0.4915254237288136
Compress,17,3,STARTS+FAST-S,42,0.9067796610169492,6,0.1016949152542373
Compress,17,3,STARTS+FAST-P,42,0.9067796610169492,6,0.1016949152542373
Compress,17,3,STARTS+DPT,42,0.5,30,0.5084745762711864
Compress,17,3,Fastazi-S,40,0.9067796610169492,6,0.1016949152542373
Compress,17,3,Fastazi-P,40,0.9067796610169492,6,0.1016949152542373
Compress,17,3,Random,59,0.24576271186440682,45,0.7627118644067796
Compress,17,4,Ekstazi,40,0.788135593220339,13,0.22033898305084745
Compress,17,4,FAST,59,0.8898305084745762,7,0.11864406779661017
Compress,17,4,Ekstazi+dpt,40,0.5169491525423728,29,0.4915254237288136
Compress,17,4,DPT,59,0.5,30,0.5084745762711864
Compress,17,4,STARTS,42,0.6694915254237288,20,0.3389830508474576
Compress,17,4,STARTS+FAST-S,42,0.8898305084745762,7,0.11864406779661017
Compress,17,4,STARTS+FAST-P,42,0.923728813559322,5,0.0847457627118644
Compress,17,4,STARTS+DPT,42,0.5169491525423728,29,0.4915254237288136
Compress,17,4,Fastazi-S,40,0.9067796610169492,6,0.1016949152542373
Compress,17,4,Fastazi-P,40,0.8898305084745762,7,0.11864406779661017
Compress,17,4,Random,59,0.4152542372881356,35,0.5932203389830508
Compress,17,5,Ekstazi,40,0.6864406779661016,19,0.3220338983050847
Compress,17,5,FAST,59,0.9067796610169492,6,0.1016949152542373
Compress,17,5,Ekstazi+dpt,40,0.48305084745762705,31,0.5254237288135594
Compress,17,5,DPT,59,0.5,30,0.5084745762711864
Compress,17,5,STARTS,42,0.4152542372881356,35,0.5932203389830508
Compress,17,5,STARTS+FAST-S,42,0.9067796610169492,6,0.1016949152542373
Compress,17,5,STARTS+FAST-P,42,0.923728813559322,5,0.0847457627118644
Compress,17,5,STARTS+DPT,42,0.5169491525423728,29,0.4915254237288136
Compress,17,5,Fastazi-S,40,0.8898305084745762,7,0.11864406779661017
Compress,17,5,Fastazi-P,40,0.923728813559322,5,0.0847457627118644
Compress,17,5,Random,59,0.04237288135593222,57,0.9661016949152542
Compress,17,6,Ekstazi,40,0.7033898305084745,18,0.3050847457627119
Compress,17,6,FAST,59,0.9067796610169492,6,0.1016949152542373
Compress,17,6,Ekstazi+dpt,40,0.5,30,0.5084745762711864
Compress,17,6,DPT,59,0.5,30,0.5084745762711864
Compress,17,6,STARTS,42,0.5847457627118644,25,0.423728813559322
Compress,17,6,STARTS+FAST-S,42,0.9067796610169492,6,0.1016949152542373
Compress,17,6,STARTS+FAST-P,42,0.8898305084745762,7,0.11864406779661017
Compress,17,6,STARTS+DPT,42,0.48305084745762705,31,0.5254237288135594
Compress,17,6,Fastazi-S,40,0.9067796610169492,6,0.1016949152542373
Compress,17,6,Fastazi-P,40,0.923728813559322,5,0.0847457627118644
Compress,17,6,Random,59,0.14406779661016947,51,0.864406779661017
Compress,17,7,Ekstazi,40,0.5677966101694916,26,0.4406779661016949
Compress,17,7,FAST,59,0.9067796610169492,6,0.1016949152542373
Compress,17,7,Ekstazi+dpt,40,0.5,30,0.5084745762711864
Compress,17,7,DPT,59,0.5,30,0.5084745762711864
Compress,17,7,STARTS,42,0.7203389830508474,17,0.288135593220339
Compress,17,7,STARTS+FAST-S,42,0.9067796610169492,6,0.1016949152542373
Compress,17,7,STARTS+FAST-P,42,0.9067796610169492,6,0.1016949152542373
Compress,17,7,STARTS+DPT,42,0.48305084745762705,31,0.5254237288135594
Compress,17,7,Fastazi-S,40,0.8898305084745762,7,0.11864406779661017
Compress,17,7,Fastazi-P,40,0.923728813559322,5,0.0847457627118644
Compress,17,7,Random,59,0.3813559322033898,37,0.6271186440677966
Compress,17,8,Ekstazi,40,0.9067796610169492,6,0.1016949152542373
Compress,17,8,FAST,59,0.9067796610169492,6,0.1016949152542373
Compress,17,8,Ekstazi+dpt,40,0.48305084745762705,31,0.5254237288135594
Compress,17,8,DPT,59,0.5,30,0.5084745762711864
Compress,17,8,STARTS,42,0.48305084745762705,31,0.5254237288135594
Compress,17,8,STARTS+FAST-S,42,0.8898305084745762,7,0.11864406779661017
Compress,17,8,STARTS+FAST-P,42,0.9067796610169492,6,0.1016949152542373
Compress,17,8,STARTS+DPT,42,0.48305084745762705,31,0.5254237288135594
Compress,17,8,Fastazi-S,40,0.9067796610169492,6,0.1016949152542373
Compress,17,8,Fastazi-P,40,0.923728813559322,5,0.0847457627118644
Compress,17,8,Random,59,0.43220338983050843,34,0.576271186440678
Compress,17,9,Ekstazi,40,0.5169491525423728,29,0.4915254237288136
Compress,17,9,FAST,59,0.9067796610169492,6,0.1016949152542373
Compress,17,9,Ekstazi+dpt,40,0.5,30,0.5084745762711864
Compress,17,9,DPT,59,0.5169491525423728,29,0.4915254237288136
Compress,17,9,STARTS,42,0.8389830508474576,10,0.1694915254237288
Compress,17,9,STARTS+FAST-S,42,0.9067796610169492,6,0.1016949152542373
Compress,17,9,STARTS+FAST-P,42,0.9067796610169492,6,0.1016949152542373
Compress,17,9,STARTS+DPT,42,0.5,30,0.5084745762711864
Compress,17,9,Fastazi-S,40,0.9067796610169492,6,0.1016949152542373
Compress,17,9,Fastazi-P,40,0.923728813559322,5,0.0847457627118644
Compress,17,9,Random,59,0.635593220338983,22,0.3728813559322034
Compress,17,10,Ekstazi,40,0.923728813559322,5,0.0847457627118644
Compress,17,10,FAST,59,0.9067796610169492,6,0.1016949152542373
Compress,17,10,Ekstazi+dpt,40,0.5,30,0.5084745762711864
Compress,17,10,DPT,59,0.5,30,0.5084745762711864
Compress,17,10,STARTS,42,0.31355932203389825,41,0.6949152542372882
Compress,17,10,STARTS+FAST-S,42,0.8898305084745762,7,0.11864406779661017
Compress,17,10,STARTS+FAST-P,42,0.8898305084745762,7,0.11864406779661017
Compress,17,10,STARTS+DPT,42,0.5169491525423728,29,0.4915254237288136
Compress,17,10,Fastazi-S,40,0.9067796610169492,6,0.1016949152542373
Compress,17,10,Fastazi-P,40,0.9067796610169492,6,0.1016949152542373
Compress,17,10,Random,59,0.6694915254237288,20,0.3389830508474576
Compress,17,11,Ekstazi,40,0.9576271186440678,3,0.05084745762711865
Compress,17,11,FAST,59,0.788135593220339,13,0.22033898305084745
Compress,17,11,Ekstazi+dpt,40,0.5,30,0.5084745762711864
Compress,17,11,DPT,59,0.5,30,0.5084745762711864
Compress,17,11,STARTS,42,0.5847457627118644,25,0.423728813559322
Compress,17,11,STARTS+FAST-S,42,0.9067796610169492,6,0.1016949152542373
Compress,17,11,STARTS+FAST-P,42,0.8220338983050848,11,0.1864406779661017
Compress,17,11,STARTS+DPT,42,0.5169491525423728,29,0.4915254237288136
Compress,17,11,Fastazi-S,40,0.9067796610169492,6,0.1016949152542373
Compress,17,11,Fastazi-P,40,0.8050847457627118,12,0.2033898305084746
Compress,17,11,Random,59,0.05932203389830506,56,0.9491525423728814
Compress,17,12,Ekstazi,40,0.8559322033898304,9,0.15254237288135594
Compress,17,12,FAST,59,0.9067796610169492,6,0.1016949152542373
Compress,17,12,Ekstazi+dpt,40,0.5,30,0.5084745762711864
Compress,17,12,DPT,59,0.5169491525423728,29,0.4915254237288136
Compress,17,12,STARTS,42,0.5677966101694916,26,0.4406779661016949
Compress,17,12,STARTS+FAST-S,42,0.9067796610169492,6,0.1016949152542373
Compress,17,12,STARTS+FAST-P,42,0.8220338983050848,11,0.1864406779661017
Compress,17,12,STARTS+DPT,42,0.5169491525423728,29,0.4915254237288136
Compress,17,12,Fastazi-S,40,0.9067796610169492,6,0.1016949152542373
Compress,17,12,Fastazi-P,40,0.923728813559322,5,0.0847457627118644
Compress,17,12,Random,59,0.14406779661016947,51,0.864406779661017
Compress,17,13,Ekstazi,40,0.5508474576271186,27,0.4576271186440678
Compress,17,13,FAST,59,0.9067796610169492,6,0.1016949152542373
Compress,17,13,Ekstazi+dpt,40,0.5169491525423728,29,0.4915254237288136
Compress,17,13,DPT,59,0.48305084745762705,31,0.5254237288135594
Compress,17,13,STARTS,42,0.8389830508474576,10,0.1694915254237288
Compress,17,13,STARTS+FAST-S,42,0.9067796610169492,6,0.1016949152542373
Compress,17,13,STARTS+FAST-P,42,0.8898305084745762,7,0.11864406779661017
Compress,17,13,STARTS+DPT,42,0.48305084745762705,31,0.5254237288135594
Compress,17,13,Fastazi-S,40,0.9067796610169492,6,0.1016949152542373
Compress,17,13,Fastazi-P,40,0.9067796610169492,6,0.1016949152542373
Compress,17,13,Random,59,0.31355932203389825,41,0.6949152542372882
Compress,17,14,Ekstazi,40,0.6864406779661016,19,0.3220338983050847
Compress,17,14,FAST,59,0.9067796610169492,6,0.1016949152542373
Compress,17,14,Ekstazi+dpt,40,0.5,30,0.5084745762711864
Compress,17,14,DPT,59,0.5,30,0.5084745762711864
Compress,17,14,STARTS,42,0.5847457627118644,25,0.423728813559322
Compress,17,14,STARTS+FAST-S,42,0.8220338983050848,11,0.1864406779661017
Compress,17,14,STARTS+FAST-P,42,0.9067796610169492,6,0.1016949152542373
Compress,17,14,STARTS+DPT,42,0.5,30,0.5084745762711864
Compress,17,14,Fastazi-S,40,0.9915254237288136,1,0.01694915254237288
Compress,17,14,Fastazi-P,40,0.923728813559322,5,0.0847457627118644
Compress,17,14,Random,59,0.31355932203389825,41,0.6949152542372882
Compress,17,15,Ekstazi,40,0.635593220338983,22,0.3728813559322034
Compress,17,15,FAST,59,0.9067796610169492,6,0.1016949152542373
Compress,17,15,Ekstazi+dpt,40,0.5169491525423728,29,0.4915254237288136
Compress,17,15,DPT,59,0.5169491525423728,29,0.4915254237288136
Compress,17,15,STARTS,42,0.31355932203389825,41,0.6949152542372882
Compress,17,15,STARTS+FAST-S,42,0.8898305084745762,7,0.11864406779661017
Compress,17,15,STARTS+FAST-P,42,0.923728813559322,5,0.0847457627118644
Compress,17,15,STARTS+DPT,42,0.5,30,0.5084745762711864
Compress,17,15,Fastazi-S,40,0.9067796610169492,6,0.1016949152542373
Compress,17,15,Fastazi-P,40,0.9067796610169492,6,0.1016949152542373
Compress,17,15,Random,59,0.2966101694915254,42,0.711864406779661
Compress,17,16,Ekstazi,40,0.7033898305084745,18,0.3050847457627119
Compress,17,16,FAST,59,0.8898305084745762,7,0.11864406779661017
Compress,17,16,Ekstazi+dpt,40,0.5,30,0.5084745762711864
Compress,17,16,DPT,59,0.5169491525423728,29,0.4915254237288136
Compress,17,16,STARTS,42,0.31355932203389825,41,0.6949152542372882
Compress,17,16,STARTS+FAST-S,42,0.8898305084745762,7,0.11864406779661017
Compress,17,16,STARTS+FAST-P,42,0.9067796610169492,6,0.1016949152542373
Compress,17,16,STARTS+DPT,42,0.48305084745762705,31,0.5254237288135594
Compress,17,16,Fastazi-S,40,0.8898305084745762,7,0.11864406779661017
Compress,17,16,Fastazi-P,40,0.8898305084745762,7,0.11864406779661017
Compress,17,16,Random,59,0.635593220338983,22,0.3728813559322034
Compress,17,17,Ekstazi,40,0.39830508474576265,36,0.6101694915254238
Compress,17,17,FAST,59,0.9067796610169492,6,0.1016949152542373
Compress,17,17,Ekstazi+dpt,40,0.48305084745762705,31,0.5254237288135594
Compress,17,17,DPT,59,0.48305084745762705,31,0.5254237288135594
Compress,17,17,STARTS,42,0.788135593220339,13,0.22033898305084745
Compress,17,17,STARTS+FAST-S,42,0.8898305084745762,7,0.11864406779661017
Compress,17,17,STARTS+FAST-P,42,0.9067796610169492,6,0.1016949152542373
Compress,17,17,STARTS+DPT,42,0.5169491525423728,29,0.4915254237288136
Compress,17,17,Fastazi-S,40,0.9067796610169492,6,0.1016949152542373
Compress,17,17,Fastazi-P,40,0.9067796610169492,6,0.1016949152542373
Compress,17,17,Random,59,0.9915254237288136,1,0.01694915254237288
Compress,17,18,Ekstazi,40,0.652542372881356,21,0.3559322033898305
Compress,17,18,FAST,59,0.9067796610169492,6,0.1016949152542373
Compress,17,18,Ekstazi+dpt,40,0.5169491525423728,29,0.4915254237288136
Compress,17,18,DPT,59,0.5169491525423728,29,0.4915254237288136
Compress,17,18,STARTS,42,0.7372881355932204,16,0.2711864406779661
Compress,17,18,STARTS+FAST-S,42,0.9067796610169492,6,0.1016949152542373
Compress,17,18,STARTS+FAST-P,42,0.8898305084745762,7,0.11864406779661017
Compress,17,18,STARTS+DPT,42,0.48305084745762705,31,0.5254237288135594
Compress,17,18,Fastazi-S,40,0.9067796610169492,6,0.1016949152542373
Compress,17,18,Fastazi-P,40,0.923728813559322,5,0.0847457627118644
Compress,17,18,Random,59,0.9745762711864406,2,0.03389830508474576
Compress,17,19,Ekstazi,40,0.5338983050847457,28,0.4745762711864407
Compress,17,19,FAST,59,0.9067796610169492,6,0.1016949152542373
Compress,17,19,Ekstazi+dpt,40,0.5169491525423728,29,0.4915254237288136
Compress,17,19,DPT,59,0.5,30,0.5084745762711864
Compress,17,19,STARTS,42,0.6864406779661016,19,0.3220338983050847
Compress,17,19,STARTS+FAST-S,42,0.9067796610169492,6,0.1016949152542373
Compress,17,19,STARTS+FAST-P,42,0.923728813559322,5,0.0847457627118644
Compress,17,19,STARTS+DPT,42,0.5,30,0.5084745762711864
Compress,17,19,Fastazi-S,40,0.8898305084745762,7,0.11864406779661017
Compress,17,19,Fastazi-P,40,0.9067796610169492,6,0.1016949152542373
Compress,17,19,Random,59,0.12711864406779663,52,0.8813559322033898
Compress,17,20,Ekstazi,40,0.5169491525423728,29,0.4915254237288136
Compress,17,20,FAST,59,0.9067796610169492,6,0.1016949152542373
Compress,17,20,Ekstazi+dpt,40,0.48305084745762705,31,0.5254237288135594
Compress,17,20,DPT,59,0.48305084745762705,31,0.5254237288135594
Compress,17,20,STARTS,42,0.9745762711864406,2,0.03389830508474576
Compress,17,20,STARTS+FAST-S,42,0.8898305084745762,7,0.11864406779661017
Compress,17,20,STARTS+FAST-P,42,0.9067796610169492,6,0.1016949152542373
Compress,17,20,STARTS+DPT,42,0.5169491525423728,29,0.4915254237288136
Compress,17,20,Fastazi-S,40,0.9067796610169492,6,0.1016949152542373
Compress,17,20,Fastazi-P,40,0.9067796610169492,6,0.1016949152542373
Compress,17,20,Random,59,0.025423728813559275,58,0.9830508474576272
Compress,17,21,Ekstazi,40,0.5677966101694916,26,0.4406779661016949
Compress,17,21,FAST,59,0.9067796610169492,6,0.1016949152542373
Compress,17,21,Ekstazi+dpt,40,0.48305084745762705,31,0.5254237288135594
Compress,17,21,DPT,59,0.48305084745762705,31,0.5254237288135594
Compress,17,21,STARTS,42,0.9745762711864406,2,0.03389830508474576
Compress,17,21,STARTS+FAST-S,42,0.9067796610169492,6,0.1016949152542373
Compress,17,21,STARTS+FAST-P,42,0.9067796610169492,6,0.1016949152542373
Compress,17,21,STARTS+DPT,42,0.5,30,0.5084745762711864
Compress,17,21,Fastazi-S,40,0.9067796610169492,6,0.1016949152542373
Compress,17,21,Fastazi-P,40,0.9067796610169492,6,0.1016949152542373
Compress,17,21,Random,59,0.9745762711864406,2,0.03389830508474576
Compress,17,22,Ekstazi,40,0.635593220338983,22,0.3728813559322034
Compress,17,22,FAST,59,0.788135593220339,13,0.22033898305084745
Compress,17,22,Ekstazi+dpt,40,0.5169491525423728,29,0.4915254237288136
Compress,17,22,DPT,59,0.48305084745762705,31,0.5254237288135594
Compress,17,22,STARTS,42,0.771186440677966,14,0.23728813559322035
Compress,17,22,STARTS+FAST-S,42,0.9067796610169492,6,0.1016949152542373
Compress,17,22,STARTS+FAST-P,42,0.8220338983050848,11,0.1864406779661017
Compress,17,22,STARTS+DPT,42,0.48305084745762705,31,0.5254237288135594
Compress,17,22,Fastazi-S,40,0.9067796610169492,6,0.1016949152542373
Compress,17,22,Fastazi-P,40,0.788135593220339,13,0.22033898305084745
Compress,17,22,Random,59,0.43220338983050843,34,0.576271186440678
Compress,17,23,Ekstazi,40,0.5338983050847457,28,0.4745762711864407
Compress,17,23,FAST,59,0.9067796610169492,6,0.1016949152542373
Compress,17,23,Ekstazi+dpt,40,0.5,30,0.5084745762711864
Compress,17,23,DPT,59,0.5169491525423728,29,0.4915254237288136
Compress,17,23,STARTS,42,0.9406779661016949,4,0.06779661016949153
Compress,17,23,STARTS+FAST-S,42,0.9067796610169492,6,0.1016949152542373
Compress,17,23,STARTS+FAST-P,42,0.8898305084745762,7,0.11864406779661017
Compress,17,23,STARTS+DPT,42,0.5169491525423728,29,0.4915254237288136
Compress,17,23,Fastazi-S,40,0.9067796610169492,6,0.1016949152542373
Compress,17,23,Fastazi-P,40,0.923728813559322,5,0.0847457627118644
Compress,17,23,Random,59,0.5169491525423728,29,0.4915254237288136
Compress,17,24,Ekstazi,40,0.9067796610169492,6,0.1016949152542373
Compress,17,24,FAST,59,0.9067796610169492,6,0.1016949152542373
Compress,17,24,Ekstazi+dpt,40,0.5169491525423728,29,0.4915254237288136
Compress,17,24,DPT,59,0.5,30,0.5084745762711864
Compress,17,24,STARTS,42,0.9067796610169492,6,0.1016949152542373
Compress,17,24,STARTS+FAST-S,42,0.9067796610169492,6,0.1016949152542373
Compress,17,24,STARTS+FAST-P,42,0.9067796610169492,6,0.1016949152542373
Compress,17,24,STARTS+DPT,42,0.48305084745762705,31,0.5254237288135594
Compress,17,24,Fastazi-S,40,0.9067796610169492,6,0.1016949152542373
Compress,17,24,Fastazi-P,40,0.9067796610169492,6,0.1016949152542373
Compress,17,24,Random,59,0.5677966101694916,26,0.4406779661016949
Compress,17,25,Ekstazi,40,0.9406779661016949,4,0.06779661016949153
Compress,17,25,FAST,59,0.9067796610169492,6,0.1016949152542373
Compress,17,25,Ekstazi+dpt,40,0.5,30,0.5084745762711864
Compress,17,25,DPT,59,0.5169491525423728,29,0.4915254237288136
Compress,17,25,STARTS,42,0.4661016949152542,32,0.5423728813559322
Compress,17,25,STARTS+FAST-S,42,0.9067796610169492,6,0.1016949152542373
Compress,17,25,STARTS+FAST-P,42,0.8898305084745762,7,0.11864406779661017
Compress,17,25,STARTS+DPT,42,0.48305084745762705,31,0.5254237288135594
Compress,17,25,Fastazi-S,40,0.8898305084745762,7,0.11864406779661017
Compress,17,25,Fastazi-P,40,0.923728813559322,5,0.0847457627118644
Compress,17,25,Random,59,0.5847457627118644,25,0.423728813559322
Compress,17,26,Ekstazi,40,0.8050847457627118,12,0.2033898305084746
Compress,17,26,FAST,59,0.9067796610169492,6,0.1016949152542373
Compress,17,26,Ekstazi+dpt,40,0.5,30,0.5084745762711864
Compress,17,26,DPT,59,0.5,30,0.5084745762711864
Compress,17,26,STARTS,42,0.8728813559322034,8,0.13559322033898305
Compress,17,26,STARTS+FAST-S,42,0.8220338983050848,11,0.1864406779661017
Compress,17,26,STARTS+FAST-P,42,0.8898305084745762,7,0.11864406779661017
Compress,17,26,STARTS+DPT,42,0.5,30,0.5084745762711864
Compress,17,26,Fastazi-S,40,0.9067796610169492,6,0.1016949152542373
Compress,17,26,Fastazi-P,40,0.9067796610169492,6,0.1016949152542373
Compress,17,26,Random,59,0.2966101694915254,42,0.711864406779661
Compress,17,27,Ekstazi,40,0.5677966101694916,26,0.4406779661016949
Compress,17,27,FAST,59,0.9067796610169492,6,0.1016949152542373
Compress,17,27,Ekstazi+dpt,40,0.48305084745762705,31,0.5254237288135594
Compress,17,27,DPT,59,0.5169491525423728,29,0.4915254237288136
Compress,17,27,STARTS,42,0.8728813559322034,8,0.13559322033898305
Compress,17,27,STARTS+FAST-S,42,0.8220338983050848,11,0.1864406779661017
Compress,17,27,STARTS+FAST-P,42,0.9067796610169492,6,0.1016949152542373
Compress,17,27,STARTS+DPT,42,0.5169491525423728,29,0.4915254237288136
Compress,17,27,Fastazi-S,40,0.8898305084745762,7,0.11864406779661017
Compress,17,27,Fastazi-P,40,0.9067796610169492,6,0.1016949152542373
Compress,17,27,Random,59,0.8898305084745762,7,0.11864406779661017
Compress,17,28,Ekstazi,40,0.5677966101694916,26,0.4406779661016949
Compress,17,28,FAST,59,0.9067796610169492,6,0.1016949152542373
Compress,17,28,Ekstazi+dpt,40,0.48305084745762705,31,0.5254237288135594
Compress,17,28,DPT,59,0.5169491525423728,29,0.4915254237288136
Compress,17,28,STARTS,42,0.9067796610169492,6,0.1016949152542373
Compress,17,28,STARTS+FAST-S,42,0.8898305084745762,7,0.11864406779661017
Compress,17,28,STARTS+FAST-P,42,0.8898305084745762,7,0.11864406779661017
Compress,17,28,STARTS+DPT,42,0.48305084745762705,31,0.5254237288135594
Compress,17,28,Fastazi-S,40,0.9067796610169492,6,0.1016949152542373
Compress,17,28,Fastazi-P,40,0.923728813559322,5,0.0847457627118644
Compress,17,28,Random,59,0.22881355932203387,46,0.7796610169491526
Compress,17,29,Ekstazi,40,0.6694915254237288,20,0.3389830508474576
Compress,17,29,FAST,59,0.9067796610169492,6,0.1016949152542373
Compress,17,29,Ekstazi+dpt,40,0.5,30,0.5084745762711864
Compress,17,29,DPT,59,0.48305084745762705,31,0.5254237288135594
Compress,17,29,STARTS,42,0.788135593220339,13,0.22033898305084745
Compress,17,29,STARTS+FAST-S,42,0.8220338983050848,11,0.1864406779661017
Compress,17,29,STARTS+FAST-P,42,0.9067796610169492,6,0.1016949152542373
Compress,17,29,STARTS+DPT,42,0.5169491525423728,29,0.4915254237288136
Compress,17,29,Fastazi-S,40,0.9067796610169492,6,0.1016949152542373
Compress,17,29,Fastazi-P,40,0.9067796610169492,6,0.1016949152542373
Compress,17,29,Random,59,0.4491525423728814,33,0.559322033898305
Compress,17,30,Ekstazi,40,0.8728813559322034,8,0.13559322033898305
Compress,17,30,FAST,59,0.9067796610169492,6,0.1016949152542373
Compress,17,30,Ekstazi+dpt,40,0.5,30,0.5084745762711864
Compress,17,30,DPT,59,0.5,30,0.5084745762711864
Compress,17,30,STARTS,42,0.364406779661017,38,0.6440677966101694
Compress,17,30,STARTS+FAST-S,42,0.9067796610169492,6,0.1016949152542373
Compress,17,30,STARTS+FAST-P,42,0.8898305084745762,7,0.11864406779661017
Compress,17,30,STARTS+DPT,42,0.5,30,0.5084745762711864
Compress,17,30,Fastazi-S,40,0.8898305084745762,7,0.11864406779661017
Compress,17,30,Fastazi-P,40,0.9067796610169492,6,0.1016949152542373
Compress,17,30,Random,59,0.8389830508474576,10,0.1694915254237288
Compress,18,1,Ekstazi,28,0.7372881355932204,16,0.2711864406779661
Compress,18,1,FAST,59,0.8728813559322034,8,0.13559322033898305
Compress,18,1,Ekstazi+dpt,28,0.6694915254237288,20,0.3389830508474576
Compress,18,1,DPT,59,0.652542372881356,21,0.3559322033898305
Compress,18,1,STARTS,42,0.364406779661017,38,0.6440677966101694
Compress,18,1,STARTS+FAST-S,42,0.6186440677966101,23,0.3898305084745763
Compress,18,1,STARTS+FAST-P,42,0.6186440677966101,23,0.3898305084745763
Compress,18,1,STARTS+DPT,42,0.652542372881356,21,0.3559322033898305
Compress,18,1,Fastazi-S,28,0.8728813559322034,8,0.13559322033898305
Compress,18,1,Fastazi-P,28,0.8898305084745762,7,0.11864406779661017
Compress,18,1,Random,59,0.17796610169491525,49,0.8305084745762712
Compress,18,2,Ekstazi,28,0.6864406779661016,19,0.3220338983050847
Compress,18,2,FAST,59,0.8728813559322034,8,0.13559322033898305
Compress,18,2,Ekstazi+dpt,28,0.6694915254237288,20,0.3389830508474576
Compress,18,2,DPT,59,0.652542372881356,21,0.3559322033898305
Compress,18,2,STARTS,42,0.8559322033898304,9,0.15254237288135594
Compress,18,2,STARTS+FAST-S,42,0.6186440677966101,23,0.3898305084745763
Compress,18,2,STARTS+FAST-P,42,0.6186440677966101,23,0.3898305084745763
Compress,18,2,STARTS+DPT,42,0.652542372881356,21,0.3559322033898305
Compress,18,2,Fastazi-S,28,0.9915254237288136,1,0.01694915254237288
Compress,18,2,Fastazi-P,28,0.8898305084745762,7,0.11864406779661017
Compress,18,2,Random,59,0.2627118644067796,44,0.7457627118644068
Compress,18,3,Ekstazi,28,0.6186440677966101,23,0.3898305084745763
Compress,18,3,FAST,59,0.8728813559322034,8,0.13559322033898305
Compress,18,3,Ekstazi+dpt,28,0.6694915254237288,20,0.3389830508474576
Compress,18,3,DPT,59,0.652542372881356,21,0.3559322033898305
Compress,18,3,STARTS,42,0.6016949152542372,24,0.4067796610169492
Compress,18,3,STARTS+FAST-S,42,0.6186440677966101,23,0.3898305084745763
Compress,18,3,STARTS+FAST-P,42,0.6186440677966101,23,0.3898305084745763
Compress,18,3,STARTS+DPT,42,0.652542372881356,21,0.3559322033898305
Compress,18,3,Fastazi-S,28,0.8728813559322034,8,0.13559322033898305
Compress,18,3,Fastazi-P,28,0.8898305084745762,7,0.11864406779661017
Compress,18,3,Random,59,0.5847457627118644,25,0.423728813559322
Compress,18,4,Ekstazi,28,0.8050847457627118,12,0.2033898305084746
Compress,18,4,FAST,59,0.8728813559322034,8,0.13559322033898305
Compress,18,4,Ekstazi+dpt,28,0.6694915254237288,20,0.3389830508474576
Compress,18,4,DPT,59,0.652542372881356,21,0.3559322033898305
Compress,18,4,STARTS,42,0.48305084745762705,31,0.5254237288135594
Compress,18,4,STARTS+FAST-S,42,0.9915254237288136,1,0.01694915254237288
Compress,18,4,STARTS+FAST-P,42,0.6186440677966101,23,0.3898305084745763
Compress,18,4,STARTS+DPT,42,0.652542372881356,21,0.3559322033898305
Compress,18,4,Fastazi-S,28,0.8728813559322034,8,0.13559322033898305
Compress,18,4,Fastazi-P,28,0.8728813559322034,8,0.13559322033898305
Compress,18,4,Random,59,0.05932203389830506,56,0.9491525423728814
Compress,18,5,Ekstazi,28,0.6694915254237288,20,0.3389830508474576
Compress,18,5,FAST,59,0.8728813559322034,8,0.13559322033898305
Compress,18,5,Ekstazi+dpt,28,0.6694915254237288,20,0.3389830508474576
Compress,18,5,DPT,59,0.652542372881356,21,0.3559322033898305
Compress,18,5,STARTS,42,0.4661016949152542,32,0.5423728813559322
Compress,18,5,STARTS+FAST-S,42,0.6016949152542372,24,0.4067796610169492
Compress,18,5,STARTS+FAST-P,42,0.6016949152542372,24,0.4067796610169492
Compress,18,5,STARTS+DPT,42,0.652542372881356,21,0.3559322033898305
Compress,18,5,Fastazi-S,28,0.8728813559322034,8,0.13559322033898305
Compress,18,5,Fastazi-P,28,0.8898305084745762,7,0.11864406779661017
Compress,18,5,Random,59,0.7033898305084745,18,0.3050847457627119
Compress,18,6,Ekstazi,28,0.652542372881356,21,0.3559322033898305
Compress,18,6,FAST,59,0.8728813559322034,8,0.13559322033898305
Compress,18,6,Ekstazi+dpt,28,0.6694915254237288,20,0.3389830508474576
Compress,18,6,DPT,59,0.652542372881356,21,0.3559322033898305
Compress,18,6,STARTS,42,0.652542372881356,21,0.3559322033898305
Compress,18,6,STARTS+FAST-S,42,0.6186440677966101,23,0.3898305084745763
Compress,18,6,STARTS+FAST-P,42,0.6186440677966101,23,0.3898305084745763
Compress,18,6,STARTS+DPT,42,0.652542372881356,21,0.3559322033898305
Compress,18,6,Fastazi-S,28,0.8728813559322034,8,0.13559322033898305
Compress,18,6,Fastazi-P,28,0.8898305084745762,7,0.11864406779661017
Compress,18,6,Random,59,0.4491525423728814,33,0.559322033898305
Compress,18,7,Ekstazi,28,0.6694915254237288,20,0.3389830508474576
Compress,18,7,FAST,59,0.8728813559322034,8,0.13559322033898305
Compress,18,7,Ekstazi+dpt,28,0.6694915254237288,20,0.3389830508474576
Compress,18,7,DPT,59,0.652542372881356,21,0.3559322033898305
Compress,18,7,STARTS,42,0.4152542372881356,35,0.5932203389830508
Compress,18,7,STARTS+FAST-S,42,0.6016949152542372,24,0.4067796610169492
Compress,18,7,STARTS+FAST-P,42,0.6186440677966101,23,0.3898305084745763
Compress,18,7,STARTS+DPT,42,0.652542372881356,21,0.3559322033898305
Compress,18,7,Fastazi-S,28,0.8559322033898304,9,0.15254237288135594
Compress,18,7,Fastazi-P,28,0.8898305084745762,7,0.11864406779661017
Compress,18,7,Random,59,0.5,30,0.5084745762711864
Compress,18,8,Ekstazi,28,0.8559322033898304,9,0.15254237288135594
Compress,18,8,FAST,59,0.8728813559322034,8,0.13559322033898305
Compress,18,8,Ekstazi+dpt,28,0.6694915254237288,20,0.3389830508474576
Compress,18,8,DPT,59,0.652542372881356,21,0.3559322033898305
Compress,18,8,STARTS,42,0.2966101694915254,42,0.711864406779661
Compress,18,8,STARTS+FAST-S,42,0.6186440677966101,23,0.3898305084745763
Compress,18,8,STARTS+FAST-P,42,0.6186440677966101,23,0.3898305084745763
Compress,18,8,STARTS+DPT,42,0.652542372881356,21,0.3559322033898305
Compress,18,8,Fastazi-S,28,0.8728813559322034,8,0.13559322033898305
Compress,18,8,Fastazi-P,28,0.8728813559322034,8,0.13559322033898305
Compress,18,8,Random,59,0.24576271186440682,45,0.7627118644067796
Compress,18,9,Ekstazi,28,0.6016949152542372,24,0.4067796610169492
Compress,18,9,FAST,59,0.8728813559322034,8,0.13559322033898305
Compress,18,9,Ekstazi+dpt,28,0.6694915254237288,20,0.3389830508474576
Compress,18,9,DPT,59,0.652542372881356,21,0.3559322033898305
Compress,18,9,STARTS,42,0.3305084745762712,40,0.6779661016949152
Compress,18,9,STARTS+FAST-S,42,0.6186440677966101,23,0.3898305084745763
Compress,18,9,STARTS+FAST-P,42,0.6186440677966101,23,0.3898305084745763
Compress,18,9,STARTS+DPT,42,0.652542372881356,21,0.3559322033898305
Compress,18,9,Fastazi-S,28,0.8728813559322034,8,0.13559322033898305
Compress,18,9,Fastazi-P,28,0.8728813559322034,8,0.13559322033898305
Compress,18,9,Random,59,0.7203389830508474,17,0.288135593220339
Compress,18,10,Ekstazi,28,0.9745762711864406,2,0.03389830508474576
Compress,18,10,FAST,59,0.8728813559322034,8,0.13559322033898305
Compress,18,10,Ekstazi+dpt,28,0.6694915254237288,20,0.3389830508474576
Compress,18,10,DPT,59,0.652542372881356,21,0.3559322033898305
Compress,18,10,STARTS,42,0.8559322033898304,9,0.15254237288135594
Compress,18,10,STARTS+FAST-S,42,0.9915254237288136,1,0.01694915254237288
Compress,18,10,STARTS+FAST-P,42,0.9915254237288136,1,0.01694915254237288
Compress,18,10,STARTS+DPT,42,0.652542372881356,21,0.3559322033898305
Compress,18,10,Fastazi-S,28,0.8728813559322034,8,0.13559322033898305
Compress,18,10,Fastazi-P,28,0.8728813559322034,8,0.13559322033898305
Compress,18,10,Random,59,0.9915254237288136,1,0.01694915254237288
Compress,18,11,Ekstazi,28,0.788135593220339,13,0.22033898305084745
Compress,18,11,FAST,59,0.8728813559322034,8,0.13559322033898305
Compress,18,11,Ekstazi+dpt,28,0.6694915254237288,20,0.3389830508474576
Compress,18,11,DPT,59,0.652542372881356,21,0.3559322033898305
Compress,18,11,STARTS,42,0.34745762711864403,39,0.6610169491525424
Compress,18,11,STARTS+FAST-S,42,0.6186440677966101,23,0.3898305084745763
Compress,18,11,STARTS+FAST-P,42,0.6186440677966101,23,0.3898305084745763
Compress,18,11,STARTS+DPT,42,0.652542372881356,21,0.3559322033898305
Compress,18,11,Fastazi-S,28,0.8559322033898304,9,0.15254237288135594
Compress,18,11,Fastazi-P,28,0.8898305084745762,7,0.11864406779661017
Compress,18,11,Random,59,0.4661016949152542,32,0.5423728813559322
Compress,18,12,Ekstazi,28,0.8389830508474576,10,0.1694915254237288
Compress,18,12,FAST,59,0.8728813559322034,8,0.13559322033898305
Compress,18,12,Ekstazi+dpt,28,0.6694915254237288,20,0.3389830508474576
Compress,18,12,DPT,59,0.652542372881356,21,0.3559322033898305
Compress,18,12,STARTS,42,0.2966101694915254,42,0.711864406779661
Compress,18,12,STARTS+FAST-S,42,0.9915254237288136,1,0.01694915254237288
Compress,18,12,STARTS+FAST-P,42,0.6016949152542372,24,0.4067796610169492
Compress,18,12,STARTS+DPT,42,0.652542372881356,21,0.3559322033898305
Compress,18,12,Fastazi-S,28,0.8728813559322034,8,0.13559322033898305
Compress,18,12,Fastazi-P,28,0.8728813559322034,8,0.13559322033898305
Compress,18,12,Random,59,0.12711864406779663,52,0.8813559322033898
Compress,18,13,Ekstazi,28,0.8728813559322034,8,0.13559322033898305
Compress,18,13,FAST,59,0.8728813559322034,8,0.13559322033898305
Compress,18,13,Ekstazi+dpt,28,0.6694915254237288,20,0.3389830508474576
Compress,18,13,DPT,59,0.652542372881356,21,0.3559322033898305
Compress,18,13,STARTS,42,0.8559322033898304,9,0.15254237288135594
Compress,18,13,STARTS+FAST-S,42,0.6186440677966101,23,0.3898305084745763
Compress,18,13,STARTS+FAST-P,42,0.6186440677966101,23,0.3898305084745763
Compress,18,13,STARTS+DPT,42,0.652542372881356,21,0.3559322033898305
Compress,18,13,Fastazi-S,28,0.8728813559322034,8,0.13559322033898305
Compress,18,13,Fastazi-P,28,0.8728813559322034,8,0.13559322033898305
Compress,18,13,Random,59,0.5338983050847457,28,0.4745762711864407
Compress,18,14,Ekstazi,28,0.5338983050847457,28,0.4745762711864407
Compress,18,14,FAST,59,0.8728813559322034,8,0.13559322033898305
Compress,18,14,Ekstazi+dpt,28,0.6694915254237288,20,0.3389830508474576
Compress,18,14,DPT,59,0.652542372881356,21,0.3559322033898305
Compress,18,14,STARTS,42,0.5847457627118644,25,0.423728813559322
Compress,18,14,STARTS+FAST-S,42,0.6186440677966101,23,0.3898305084745763
Compress,18,14,STARTS+FAST-P,42,0.6186440677966101,23,0.3898305084745763
Compress,18,14,STARTS+DPT,42,0.652542372881356,21,0.3559322033898305
Compress,18,14,Fastazi-S,28,0.8728813559322034,8,0.13559322033898305
Compress,18,14,Fastazi-P,28,0.8728813559322034,8,0.13559322033898305
Compress,18,14,Random,59,0.635593220338983,22,0.3728813559322034
Compress,18,15,Ekstazi,28,0.923728813559322,5,0.0847457627118644
Compress,18,15,FAST,59,0.8728813559322034,8,0.13559322033898305
Compress,18,15,Ekstazi+dpt,28,0.6694915254237288,20,0.3389830508474576
Compress,18,15,DPT,59,0.652542372881356,21,0.3559322033898305
Compress,18,15,STARTS,42,0.3305084745762712,40,0.6779661016949152
Compress,18,15,STARTS+FAST-S,42,0.6186440677966101,23,0.3898305084745763
Compress,18,15,STARTS+FAST-P,42,0.6186440677966101,23,0.3898305084745763
Compress,18,15,STARTS+DPT,42,0.652542372881356,21,0.3559322033898305
Compress,18,15,Fastazi-S,28,0.8728813559322034,8,0.13559322033898305
Compress,18,15,Fastazi-P,28,0.8898305084745762,7,0.11864406779661017
Compress,18,15,Random,59,0.34745762711864403,39,0.6610169491525424
Compress,18,16,Ekstazi,28,0.7033898305084745,18,0.3050847457627119
Compress,18,16,FAST,59,0.8559322033898304,9,0.15254237288135594
Compress,18,16,Ekstazi+dpt,28,0.6694915254237288,20,0.3389830508474576
Compress,18,16,DPT,59,0.652542372881356,21,0.3559322033898305
Compress,18,16,STARTS,42,0.9576271186440678,3,0.05084745762711865
Compress,18,16,STARTS+FAST-S,42,0.6186440677966101,23,0.3898305084745763
Compress,18,16,STARTS+FAST-P,42,0.6186440677966101,23,0.3898305084745763
Compress,18,16,STARTS+DPT,42,0.652542372881356,21,0.3559322033898305
Compress,18,16,Fastazi-S,28,0.8728813559322034,8,0.13559322033898305
Compress,18,16,Fastazi-P,28,0.8559322033898304,9,0.15254237288135594
Compress,18,16,Random,59,0.1949152542372881,48,0.8135593220338984
Compress,18,17,Ekstazi,28,0.7203389830508474,17,0.288135593220339
Compress,18,17,FAST,59,0.8728813559322034,8,0.13559322033898305
Compress,18,17,Ekstazi+dpt,28,0.6694915254237288,20,0.3389830508474576
Compress,18,17,DPT,59,0.652542372881356,21,0.3559322033898305
Compress,18,17,STARTS,42,0.7203389830508474,17,0.288135593220339
Compress,18,17,STARTS+FAST-S,42,0.6186440677966101,23,0.3898305084745763
Compress,18,17,STARTS+FAST-P,42,0.6186440677966101,23,0.3898305084745763
Compress,18,17,STARTS+DPT,42,0.652542372881356,21,0.3559322033898305
Compress,18,17,Fastazi-S,28,0.8728813559322034,8,0.13559322033898305
Compress,18,17,Fastazi-P,28,0.8728813559322034,8,0.13559322033898305
Compress,18,17,Random,59,0.923728813559322,5,0.0847457627118644
Compress,18,18,Ekstazi,28,0.8559322033898304,9,0.15254237288135594
Compress,18,18,FAST,59,0.8728813559322034,8,0.13559322033898305
Compress,18,18,Ekstazi+dpt,28,0.6694915254237288,20,0.3389830508474576
Compress,18,18,DPT,59,0.652542372881356,21,0.3559322033898305
Compress,18,18,STARTS,42,0.43220338983050843,34,0.576271186440678
Compress,18,18,STARTS+FAST-S,42,0.6186440677966101,23,0.3898305084745763
Compress,18,18,STARTS+FAST-P,42,0.9915254237288136,1,0.01694915254237288
Compress,18,18,STARTS+DPT,42,0.652542372881356,21,0.3559322033898305
Compress,18,18,Fastazi-S,28,0.8728813559322034,8,0.13559322033898305
Compress,18,18,Fastazi-P,28,0.8898305084745762,7,0.11864406779661017
Compress,18,18,Random,59,0.9745762711864406,2,0.03389830508474576
Compress,18,19,Ekstazi,28,0.635593220338983,22,0.3728813559322034
Compress,18,19,FAST,59,0.8389830508474576,10,0.1694915254237288
Compress,18,19,Ekstazi+dpt,28,0.6694915254237288,20,0.3389830508474576
Compress,18,19,DPT,59,0.652542372881356,21,0.3559322033898305
Compress,18,19,STARTS,42,0.39830508474576265,36,0.6101694915254238
Compress,18,19,STARTS+FAST-S,42,0.6186440677966101,23,0.3898305084745763
Compress,18,19,STARTS+FAST-P,42,0.6186440677966101,23,0.3898305084745763
Compress,18,19,STARTS+DPT,42,0.652542372881356,21,0.3559322033898305
Compress,18,19,Fastazi-S,28,0.8728813559322034,8,0.13559322033898305
Compress,18,19,Fastazi-P,28,0.8559322033898304,9,0.15254237288135594
Compress,18,19,Random,59,0.8559322033898304,9,0.15254237288135594
Compress,18,20,Ekstazi,28,0.635593220338983,22,0.3728813559322034
Compress,18,20,FAST,59,0.8728813559322034,8,0.13559322033898305
Compress,18,20,Ekstazi+dpt,28,0.6694915254237288,20,0.3389830508474576
Compress,18,20,DPT,59,0.652542372881356,21,0.3559322033898305
Compress,18,20,STARTS,42,0.9067796610169492,6,0.1016949152542373
Compress,18,20,STARTS+FAST-S,42,0.6186440677966101,23,0.3898305084745763
Compress,18,20,STARTS+FAST-P,42,0.6016949152542372,24,0.4067796610169492
Compress,18,20,STARTS+DPT,42,0.652542372881356,21,0.3559322033898305
Compress,18,20,Fastazi-S,28,0.8728813559322034,8,0.13559322033898305
Compress,18,20,Fastazi-P,28,0.8728813559322034,8,0.13559322033898305
Compress,18,20,Random,59,0.09322033898305085,54,0.9152542372881356
Compress,18,21,Ekstazi,28,0.8220338983050848,11,0.1864406779661017
Compress,18,21,FAST,59,0.8728813559322034,8,0.13559322033898305
Compress,18,21,Ekstazi+dpt,28,0.6694915254237288,20,0.3389830508474576
Compress,18,21,DPT,59,0.652542372881356,21,0.3559322033898305
Compress,18,21,STARTS,42,0.5847457627118644,25,0.423728813559322
Compress,18,21,STARTS+FAST-S,42,0.6016949152542372,24,0.4067796610169492
Compress,18,21,STARTS+FAST-P,42,0.6186440677966101,23,0.3898305084745763
Compress,18,21,STARTS+DPT,42,0.652542372881356,21,0.3559322033898305
Compress,18,21,Fastazi-S,28,0.8728813559322034,8,0.13559322033898305
Compress,18,21,Fastazi-P,28,0.8728813559322034,8,0.13559322033898305
Compress,18,21,Random,59,0.6016949152542372,24,0.4067796610169492
Compress,18,22,Ekstazi,28,0.6694915254237288,20,0.3389830508474576
Compress,18,22,FAST,59,0.8728813559322034,8,0.13559322033898305
Compress,18,22,Ekstazi+dpt,28,0.6694915254237288,20,0.3389830508474576
Compress,18,22,DPT,59,0.652542372881356,21,0.3559322033898305
Compress,18,22,STARTS,42,0.9915254237288136,1,0.01694915254237288
Compress,18,22,STARTS+FAST-S,42,0.6186440677966101,23,0.3898305084745763
Compress,18,22,STARTS+FAST-P,42,0.6186440677966101,23,0.3898305084745763
Compress,18,22,STARTS+DPT,42,0.652542372881356,21,0.3559322033898305
Compress,18,22,Fastazi-S,28,0.8728813559322034,8,0.13559322033898305
Compress,18,22,Fastazi-P,28,0.8728813559322034,8,0.13559322033898305
Compress,18,22,Random,59,0.5169491525423728,29,0.4915254237288136
Compress,18,23,Ekstazi,28,0.9745762711864406,2,0.03389830508474576
Compress,18,23,FAST,59,0.8728813559322034,8,0.13559322033898305
Compress,18,23,Ekstazi+dpt,28,0.6694915254237288,20,0.3389830508474576
Compress,18,23,DPT,59,0.652542372881356,21,0.3559322033898305
Compress,18,23,STARTS,42,0.8559322033898304,9,0.15254237288135594
Compress,18,23,STARTS+FAST-S,42,0.6016949152542372,24,0.4067796610169492
Compress,18,23,STARTS+FAST-P,42,0.6186440677966101,23,0.3898305084745763
Compress,18,23,STARTS+DPT,42,0.652542372881356,21,0.3559322033898305
Compress,18,23,Fastazi-S,28,0.8728813559322034,8,0.13559322033898305
Compress,18,23,Fastazi-P,28,0.8898305084745762,7,0.11864406779661017
Compress,18,23,Random,59,0.7203389830508474,17,0.288135593220339
Compress,18,24,Ekstazi,28,0.7203389830508474,17,0.288135593220339
Compress,18,24,FAST,59,0.8728813559322034,8,0.13559322033898305
Compress,18,24,Ekstazi+dpt,28,0.6694915254237288,20,0.3389830508474576
Compress,18,24,DPT,59,0.652542372881356,21,0.3559322033898305
Compress,18,24,STARTS,42,0.9915254237288136,1,0.01694915254237288
Compress,18,24,STARTS+FAST-S,42,0.6186440677966101,23,0.3898305084745763
Compress,18,24,STARTS+FAST-P,42,0.6186440677966101,23,0.3898305084745763
Compress,18,24,STARTS+DPT,42,0.652542372881356,21,0.3559322033898305
Compress,18,24,Fastazi-S,28,0.8728813559322034,8,0.13559322033898305
Compress,18,24,Fastazi-P,28,0.8898305084745762,7,0.11864406779661017
Compress,18,24,Random,59,0.14406779661016947,51,0.864406779661017
Compress,18,25,Ekstazi,28,0.8898305084745762,7,0.11864406779661017
Compress,18,25,FAST,59,0.8728813559322034,8,0.13559322033898305
Compress,18,25,Ekstazi+dpt,28,0.6694915254237288,20,0.3389830508474576
Compress,18,25,DPT,59,0.652542372881356,21,0.3559322033898305
Compress,18,25,STARTS,42,0.7542372881355932,15,0.2542372881355932
Compress,18,25,STARTS+FAST-S,42,0.6016949152542372,24,0.4067796610169492
Compress,18,25,STARTS+FAST-P,42,0.6016949152542372,24,0.4067796610169492
Compress,18,25,STARTS+DPT,42,0.652542372881356,21,0.3559322033898305
Compress,18,25,Fastazi-S,28,0.8728813559322034,8,0.13559322033898305
Compress,18,25,Fastazi-P,28,0.8898305084745762,7,0.11864406779661017
Compress,18,25,Random,59,0.5169491525423728,29,0.4915254237288136
Compress,18,26,Ekstazi,28,0.923728813559322,5,0.0847457627118644
Compress,18,26,FAST,59,0.8728813559322034,8,0.13559322033898305
Compress,18,26,Ekstazi+dpt,28,0.6694915254237288,20,0.3389830508474576
Compress,18,26,DPT,59,0.652542372881356,21,0.3559322033898305
Compress,18,26,STARTS,42,0.8728813559322034,8,0.13559322033898305
Compress,18,26,STARTS+FAST-S,42,0.6186440677966101,23,0.3898305084745763
Compress,18,26,STARTS+FAST-P,42,0.6186440677966101,23,0.3898305084745763
Compress,18,26,STARTS+DPT,42,0.652542372881356,21,0.3559322033898305
Compress,18,26,Fastazi-S,28,0.8728813559322034,8,0.13559322033898305
Compress,18,26,Fastazi-P,28,0.8728813559322034,8,0.13559322033898305
Compress,18,26,Random,59,0.5508474576271186,27,0.4576271186440678
Compress,18,27,Ekstazi,28,0.7542372881355932,15,0.2542372881355932
Compress,18,27,FAST,59,0.8728813559322034,8,0.13559322033898305
Compress,18,27,Ekstazi+dpt,28,0.6694915254237288,20,0.3389830508474576
Compress,18,27,DPT,59,0.652542372881356,21,0.3559322033898305
Compress,18,27,STARTS,42,0.9067796610169492,6,0.1016949152542373
Compress,18,27,STARTS+FAST-S,42,0.6016949152542372,24,0.4067796610169492
Compress,18,27,STARTS+FAST-P,42,0.6016949152542372,24,0.4067796610169492
Compress,18,27,STARTS+DPT,42,0.652542372881356,21,0.3559322033898305
Compress,18,27,Fastazi-S,28,0.8728813559322034,8,0.13559322033898305
Compress,18,27,Fastazi-P,28,0.8898305084745762,7,0.11864406779661017
Compress,18,27,Random,59,0.16101694915254242,50,0.847457627118644
Compress,18,28,Ekstazi,28,0.9576271186440678,3,0.05084745762711865
Compress,18,28,FAST,59,0.8728813559322034,8,0.13559322033898305
Compress,18,28,Ekstazi+dpt,28,0.6694915254237288,20,0.3389830508474576
Compress,18,28,DPT,59,0.652542372881356,21,0.3559322033898305
Compress,18,28,STARTS,42,0.8050847457627118,12,0.2033898305084746
Compress,18,28,STARTS+FAST-S,42,0.6016949152542372,24,0.4067796610169492
Compress,18,28,STARTS+FAST-P,42,0.6186440677966101,23,0.3898305084745763
Compress,18,28,STARTS+DPT,42,0.652542372881356,21,0.3559322033898305
Compress,18,28,Fastazi-S,28,0.8728813559322034,8,0.13559322033898305
Compress,18,28,Fastazi-P,28,0.8728813559322034,8,0.13559322033898305
Compress,18,28,Random,59,0.12711864406779663,52,0.8813559322033898
Compress,18,29,Ekstazi,28,0.9576271186440678,3,0.05084745762711865
Compress,18,29,FAST,59,0.8728813559322034,8,0.13559322033898305
Compress,18,29,Ekstazi+dpt,28,0.6694915254237288,20,0.3389830508474576
Compress,18,29,DPT,59,0.652542372881356,21,0.3559322033898305
Compress,18,29,STARTS,42,0.4491525423728814,33,0.559322033898305
Compress,18,29,STARTS+FAST-S,42,0.6186440677966101,23,0.3898305084745763
Compress,18,29,STARTS+FAST-P,42,0.9915254237288136,1,0.01694915254237288
Compress,18,29,STARTS+DPT,42,0.652542372881356,21,0.3559322033898305
Compress,18,29,Fastazi-S,28,0.8728813559322034,8,0.13559322033898305
Compress,18,29,Fastazi-P,28,0.8898305084745762,7,0.11864406779661017
Compress,18,29,Random,59,0.788135593220339,13,0.22033898305084745
Compress,18,30,Ekstazi,28,0.8220338983050848,11,0.1864406779661017
Compress,18,30,FAST,59,0.8559322033898304,9,0.15254237288135594
Compress,18,30,Ekstazi+dpt,28,0.6694915254237288,20,0.3389830508474576
Compress,18,30,DPT,59,0.652542372881356,21,0.3559322033898305
Compress,18,30,STARTS,42,0.6694915254237288,20,0.3389830508474576
Compress,18,30,STARTS+FAST-S,42,0.6186440677966101,23,0.3898305084745763
Compress,18,30,STARTS+FAST-P,42,0.6186440677966101,23,0.3898305084745763
Compress,18,30,STARTS+DPT,42,0.652542372881356,21,0.3559322033898305
Compress,18,30,Fastazi-S,28,0.8728813559322034,8,0.13559322033898305
Compress,18,30,Fastazi-P,28,0.8728813559322034,8,0.13559322033898305
Compress,18,30,Random,59,0.48305084745762705,31,0.5254237288135594
Compress,19,1,Ekstazi,52,0.8790322580645161,8,0.12903225806451613
Compress,19,1,FAST,62,0.282258064516129,45,0.7258064516129032
Compress,19,1,Ekstazi+dpt,52,0.8790322580645161,8,0.12903225806451613
Compress,19,1,DPT,62,0.8790322580645161,8,0.12903225806451613
Compress,19,1,STARTS,54,0.42741935483870963,36,0.5806451612903226
Compress,19,1,STARTS+FAST-S,54,0.8306451612903225,11,0.1774193548387097
Compress,19,1,STARTS+FAST-P,54,0.6693548387096775,21,0.3387096774193548
Compress,19,1,STARTS+DPT,54,0.8790322580645161,8,0.12903225806451613
Compress,19,1,Fastazi-S,52,0.42741935483870963,36,0.5806451612903226
Compress,19,1,Fastazi-P,52,0.41129032258064513,37,0.5967741935483871
Compress,19,1,Random,62,0.685483870967742,20,0.3225806451612903
Compress,19,2,Ekstazi,52,0.41129032258064513,37,0.5967741935483871
Compress,19,2,FAST,62,0.2338709677419355,48,0.7741935483870968
Compress,19,2,Ekstazi+dpt,52,0.8951612903225806,7,0.11290322580645161
Compress,19,2,DPT,62,0.8790322580645161,8,0.12903225806451613
Compress,19,2,STARTS,54,0.282258064516129,45,0.7258064516129032
Compress,19,2,STARTS+FAST-S,54,0.8467741935483871,10,0.16129032258064516
Compress,19,2,STARTS+FAST-P,54,0.8467741935483871,10,0.16129032258064516
Compress,19,2,STARTS+DPT,54,0.8790322580645161,8,0.12903225806451613
Compress,19,2,Fastazi-S,52,0.42741935483870963,36,0.5806451612903226
Compress,19,2,Fastazi-P,52,0.3790322580645161,39,0.6290322580645161
Compress,19,2,Random,62,0.9919354838709677,1,0.016129032258064516
Compress,19,3,Ekstazi,52,0.8951612903225806,7,0.11290322580645161
Compress,19,3,FAST,62,0.282258064516129,45,0.7258064516129032
Compress,19,3,Ekstazi+dpt,52,0.8951612903225806,7,0.11290322580645161
Compress,19,3,DPT,62,0.8790322580645161,8,0.12903225806451613
Compress,19,3,STARTS,54,0.8951612903225806,7,0.11290322580645161
Compress,19,3,STARTS+FAST-S,54,0.8306451612903225,11,0.1774193548387097
Compress,19,3,STARTS+FAST-P,54,0.8306451612903225,11,0.1774193548387097
Compress,19,3,STARTS+DPT,54,0.8951612903225806,7,0.11290322580645161
Compress,19,3,Fastazi-S,52,0.3951612903225806,38,0.6129032258064516
Compress,19,3,Fastazi-P,52,0.41129032258064513,37,0.5967741935483871
Compress,19,3,Random,62,0.8467741935483871,10,0.16129032258064516
Compress,19,4,Ekstazi,52,0.9112903225806451,6,0.0967741935483871
Compress,19,4,FAST,62,0.282258064516129,45,0.7258064516129032
Compress,19,4,Ekstazi+dpt,52,0.8790322580645161,8,0.12903225806451613
Compress,19,4,DPT,62,0.8790322580645161,8,0.12903225806451613
Compress,19,4,STARTS,54,0.7661290322580645,15,0.24193548387096775
Compress,19,4,STARTS+FAST-S,54,0.75,16,0.25806451612903225
Compress,19,4,STARTS+FAST-P,54,0.7661290322580645,15,0.24193548387096775
Compress,19,4,STARTS+DPT,54,0.8951612903225806,7,0.11290322580645161
Compress,19,4,Fastazi-S,52,0.42741935483870963,36,0.5806451612903226
Compress,19,4,Fastazi-P,52,0.42741935483870963,36,0.5806451612903226
Compress,19,4,Random,62,0.9435483870967742,4,0.06451612903225806
Compress,19,5,Ekstazi,52,0.6532258064516129,22,0.3548387096774194
Compress,19,5,FAST,62,0.282258064516129,45,0.7258064516129032
Compress,19,5,Ekstazi+dpt,52,0.8790322580645161,8,0.12903225806451613
Compress,19,5,DPT,62,0.8951612903225806,7,0.11290322580645161
Compress,19,5,STARTS,54,0.217741935483871,49,0.7903225806451613
Compress,19,5,STARTS+FAST-S,54,0.75,16,0.25806451612903225
Compress,19,5,STARTS+FAST-P,54,0.814516129032258,12,0.1935483870967742
Compress,19,5,STARTS+DPT,54,0.8790322580645161,8,0.12903225806451613
Compress,19,5,Fastazi-S,52,0.42741935483870963,36,0.5806451612903226
Compress,19,5,Fastazi-P,52,0.42741935483870963,36,0.5806451612903226
Compress,19,5,Random,62,0.9596774193548387,3,0.04838709677419355
Compress,19,6,Ekstazi,52,0.41129032258064513,37,0.5967741935483871
Compress,19,6,FAST,62,0.282258064516129,45,0.7258064516129032
Compress,19,6,Ekstazi+dpt,52,0.8790322580645161,8,0.12903225806451613
Compress,19,6,DPT,62,0.8790322580645161,8,0.12903225806451613
Compress,19,6,STARTS,54,0.3629032258064516,40,0.6451612903225806
Compress,19,6,STARTS+FAST-S,54,0.8306451612903225,11,0.1774193548387097
Compress,19,6,STARTS+FAST-P,54,0.685483870967742,20,0.3225806451612903
Compress,19,6,STARTS+DPT,54,0.8790322580645161,8,0.12903225806451613
Compress,19,6,Fastazi-S,52,0.42741935483870963,36,0.5806451612903226
Compress,19,6,Fastazi-P,52,0.42741935483870963,36,0.5806451612903226
Compress,19,6,Random,62,0.008064516129032258,62,1.0
Compress,19,7,Ekstazi,52,0.5403225806451613,29,0.46774193548387094
Compress,19,7,FAST,62,0.282258064516129,45,0.7258064516129032
Compress,19,7,Ekstazi+dpt,52,0.8790322580645161,8,0.12903225806451613
Compress,19,7,DPT,62,0.8951612903225806,7,0.11290322580645161
Compress,19,7,STARTS,54,0.7661290322580645,15,0.24193548387096775
Compress,19,7,STARTS+FAST-S,54,0.8467741935483871,10,0.16129032258064516
Compress,19,7,STARTS+FAST-P,54,0.782258064516129,14,0.22580645161290322
Compress,19,7,STARTS+DPT,54,0.8790322580645161,8,0.12903225806451613
Compress,19,7,Fastazi-S,52,0.42741935483870963,36,0.5806451612903226
Compress,19,7,Fastazi-P,52,0.41129032258064513,37,0.5967741935483871
Compress,19,7,Random,62,0.41129032258064513,37,0.5967741935483871
Compress,19,8,Ekstazi,52,0.3790322580645161,39,0.6290322580645161
Compress,19,8,FAST,62,0.282258064516129,45,0.7258064516129032
Compress,19,8,Ekstazi+dpt,52,0.8951612903225806,7,0.11290322580645161
Compress,19,8,DPT,62,0.8951612903225806,7,0.11290322580645161
Compress,19,8,STARTS,54,0.6693548387096775,21,0.3387096774193548
Compress,19,8,STARTS+FAST-S,54,0.8306451612903225,11,0.1774193548387097
Compress,19,8,STARTS+FAST-P,54,0.685483870967742,20,0.3225806451612903
Compress,19,8,STARTS+DPT,54,0.8951612903225806,7,0.11290322580645161
Compress,19,8,Fastazi-S,52,0.42741935483870963,36,0.5806451612903226
Compress,19,8,Fastazi-P,52,0.41129032258064513,37,0.5967741935483871
Compress,19,8,Random,62,0.2983870967741935,44,0.7096774193548387
Compress,19,9,Ekstazi,52,0.2016129032258065,50,0.8064516129032258
Compress,19,9,FAST,62,0.282258064516129,45,0.7258064516129032
Compress,19,9,Ekstazi+dpt,52,0.8790322580645161,8,0.12903225806451613
Compress,19,9,DPT,62,0.8951612903225806,7,0.11290322580645161
Compress,19,9,STARTS,54,0.2661290322580645,46,0.7419354838709677
Compress,19,9,STARTS+FAST-S,54,0.8467741935483871,10,0.16129032258064516
Compress,19,9,STARTS+FAST-P,54,0.8467741935483871,10,0.16129032258064516
Compress,19,9,STARTS+DPT,54,0.8951612903225806,7,0.11290322580645161
Compress,19,9,Fastazi-S,52,0.3951612903225806,38,0.6129032258064516
Compress,19,9,Fastazi-P,52,0.42741935483870963,36,0.5806451612903226
Compress,19,9,Random,62,0.7983870967741935,13,0.20967741935483872
Compress,19,10,Ekstazi,52,0.6532258064516129,22,0.3548387096774194
Compress,19,10,FAST,62,0.282258064516129,45,0.7258064516129032
Compress,19,10,Ekstazi+dpt,52,0.8951612903225806,7,0.11290322580645161
Compress,19,10,DPT,62,0.8951612903225806,7,0.11290322580645161
Compress,19,10,STARTS,54,0.3790322580645161,39,0.6290322580645161
Compress,19,10,STARTS+FAST-S,54,0.8467741935483871,10,0.16129032258064516
Compress,19,10,STARTS+FAST-P,54,0.8306451612903225,11,0.1774193548387097
Compress,19,10,STARTS+DPT,54,0.8790322580645161,8,0.12903225806451613
Compress,19,10,Fastazi-S,52,0.42741935483870963,36,0.5806451612903226
Compress,19,10,Fastazi-P,52,0.42741935483870963,36,0.5806451612903226
Compress,19,10,Random,62,0.7983870967741935,13,0.20967741935483872
Compress,19,11,Ekstazi,52,0.717741935483871,18,0.2903225806451613
Compress,19,11,FAST,62,0.282258064516129,45,0.7258064516129032
Compress,19,11,Ekstazi+dpt,52,0.8951612903225806,7,0.11290322580645161
Compress,19,11,DPT,62,0.8951612903225806,7,0.11290322580645161
Compress,19,11,STARTS,54,0.25,47,0.7580645161290323
Compress,19,11,STARTS+FAST-S,54,0.8467741935483871,10,0.16129032258064516
Compress,19,11,STARTS+FAST-P,54,0.8467741935483871,10,0.16129032258064516
Compress,19,11,STARTS+DPT,54,0.8951612903225806,7,0.11290322580645161
Compress,19,11,Fastazi-S,52,0.42741935483870963,36,0.5806451612903226
Compress,19,11,Fastazi-P,52,0.42741935483870963,36,0.5806451612903226
Compress,19,11,Random,62,0.7338709677419355,17,0.27419354838709675
Compress,19,12,Ekstazi,52,0.25,47,0.7580645161290323
Compress,19,12,FAST,62,0.282258064516129,45,0.7258064516129032
Compress,19,12,Ekstazi+dpt,52,0.8951612903225806,7,0.11290322580645161
Compress,19,12,DPT,62,0.8790322580645161,8,0.12903225806451613
Compress,19,12,STARTS,54,0.47580645161290325,33,0.532258064516129
Compress,19,12,STARTS+FAST-S,54,0.8467741935483871,10,0.16129032258064516
Compress,19,12,STARTS+FAST-P,54,0.8306451612903225,11,0.1774193548387097
Compress,19,12,STARTS+DPT,54,0.8951612903225806,7,0.11290322580645161
Compress,19,12,Fastazi-S,52,0.42741935483870963,36,0.5806451612903226
Compress,19,12,Fastazi-P,52,0.42741935483870963,36,0.5806451612903226
Compress,19,12,Random,62,0.41129032258064513,37,0.5967741935483871
Compress,19,13,Ekstazi,52,0.7661290322580645,15,0.24193548387096775
Compress,19,13,FAST,62,0.282258064516129,45,0.7258064516129032
Compress,19,13,Ekstazi+dpt,52,0.8790322580645161,8,0.12903225806451613
Compress,19,13,DPT,62,0.8790322580645161,8,0.12903225806451613
Compress,19,13,STARTS,54,0.5887096774193548,26,0.41935483870967744
Compress,19,13,STARTS+FAST-S,54,0.814516129032258,12,0.1935483870967742
Compress,19,13,STARTS+FAST-P,54,0.8467741935483871,10,0.16129032258064516
Compress,19,13,STARTS+DPT,54,0.8951612903225806,7,0.11290322580645161
Compress,19,13,Fastazi-S,52,0.42741935483870963,36,0.5806451612903226
Compress,19,13,Fastazi-P,52,0.42741935483870963,36,0.5806451612903226
Compress,19,13,Random,62,0.282258064516129,45,0.7258064516129032
Compress,19,14,Ekstazi,52,0.5564516129032258,28,0.45161290322580644
Compress,19,14,FAST,62,0.07258064516129037,58,0.9354838709677419
Compress,19,14,Ekstazi+dpt,52,0.8790322580645161,8,0.12903225806451613
Compress,19,14,DPT,62,0.8951612903225806,7,0.11290322580645161
Compress,19,14,STARTS,54,0.3306451612903226,42,0.6774193548387096
Compress,19,14,STARTS+FAST-S,54,0.8306451612903225,11,0.1774193548387097
Compress,19,14,STARTS+FAST-P,54,0.8467741935483871,10,0.16129032258064516
Compress,19,14,STARTS+DPT,54,0.8790322580645161,8,0.12903225806451613
Compress,19,14,Fastazi-S,52,0.42741935483870963,36,0.5806451612903226
Compress,19,14,Fastazi-P,52,0.2338709677419355,48,0.7741935483870968
Compress,19,14,Random,62,0.10483870967741937,56,0.9032258064516129
Compress,19,15,Ekstazi,52,0.25,47,0.7580645161290323
Compress,19,15,FAST,62,0.9919354838709677,1,0.016129032258064516
Compress,19,15,Ekstazi+dpt,52,0.8951612903225806,7,0.11290322580645161
Compress,19,15,DPT,62,0.8790322580645161,8,0.12903225806451613
Compress,19,15,STARTS,54,0.8790322580645161,8,0.12903225806451613
Compress,19,15,STARTS+FAST-S,54,0.8306451612903225,11,0.1774193548387097
Compress,19,15,STARTS+FAST-P,54,0.7661290322580645,15,0.24193548387096775
Compress,19,15,STARTS+DPT,54,0.8951612903225806,7,0.11290322580645161
Compress,19,15,Fastazi-S,52,0.42741935483870963,36,0.5806451612903226
Compress,19,15,Fastazi-P,52,0.9919354838709677,1,0.016129032258064516
Compress,19,15,Random,62,0.8951612903225806,7,0.11290322580645161
Compress,19,16,Ekstazi,52,0.314516129032258,43,0.6935483870967742
Compress,19,16,FAST,62,0.282258064516129,45,0.7258064516129032
Compress,19,16,Ekstazi+dpt,52,0.8951612903225806,7,0.11290322580645161
Compress,19,16,DPT,62,0.8790322580645161,8,0.12903225806451613
Compress,19,16,STARTS,54,0.44354838709677413,35,0.5645161290322581
Compress,19,16,STARTS+FAST-S,54,0.8306451612903225,11,0.1774193548387097
Compress,19,16,STARTS+FAST-P,54,0.6693548387096775,21,0.3387096774193548
Compress,19,16,STARTS+DPT,54,0.8951612903225806,7,0.11290322580645161
Compress,19,16,Fastazi-S,52,0.42741935483870963,36,0.5806451612903226
Compress,19,16,Fastazi-P,52,0.41129032258064513,37,0.5967741935483871
Compress,19,16,Random,62,0.10483870967741937,56,0.9032258064516129
Compress,19,17,Ekstazi,52,0.3790322580645161,39,0.6290322580645161
Compress,19,17,FAST,62,0.282258064516129,45,0.7258064516129032
Compress,19,17,Ekstazi+dpt,52,0.8790322580645161,8,0.12903225806451613
Compress,19,17,DPT,62,0.8790322580645161,8,0.12903225806451613
Compress,19,17,STARTS,54,0.9919354838709677,1,0.016129032258064516
Compress,19,17,STARTS+FAST-S,54,0.782258064516129,14,0.22580645161290322
Compress,19,17,STARTS+FAST-P,54,0.814516129032258,12,0.1935483870967742
Compress,19,17,STARTS+DPT,54,0.8790322580645161,8,0.12903225806451613
Compress,19,17,Fastazi-S,52,0.42741935483870963,36,0.5806451612903226
Compress,19,17,Fastazi-P,52,0.42741935483870963,36,0.5806451612903226
Compress,19,17,Random,62,0.8629032258064516,9,0.14516129032258066
Compress,19,18,Ekstazi,52,0.6532258064516129,22,0.3548387096774194
Compress,19,18,FAST,62,0.282258064516129,45,0.7258064516129032
Compress,19,18,Ekstazi+dpt,52,0.8790322580645161,8,0.12903225806451613
Compress,19,18,DPT,62,0.8790322580645161,8,0.12903225806451613
Compress,19,18,STARTS,54,0.18548387096774188,51,0.8225806451612904
Compress,19,18,STARTS+FAST-S,54,0.782258064516129,14,0.22580645161290322
Compress,19,18,STARTS+FAST-P,54,0.8306451612903225,11,0.1774193548387097
Compress,19,18,STARTS+DPT,54,0.8951612903225806,7,0.11290322580645161
Compress,19,18,Fastazi-S,52,0.42741935483870963,36,0.5806451612903226
Compress,19,18,Fastazi-P,52,0.42741935483870963,36,0.5806451612903226
Compress,19,18,Random,62,0.3467741935483871,41,0.6612903225806451
Compress,19,19,Ekstazi,52,0.6532258064516129,22,0.3548387096774194
Compress,19,19,FAST,62,0.282258064516129,45,0.7258064516129032
Compress,19,19,Ekstazi+dpt,52,0.8790322580645161,8,0.12903225806451613
Compress,19,19,DPT,62,0.8790322580645161,8,0.12903225806451613
Compress,19,19,STARTS,54,0.717741935483871,18,0.2903225806451613
Compress,19,19,STARTS+FAST-S,54,0.7661290322580645,15,0.24193548387096775
Compress,19,19,STARTS+FAST-P,54,0.685483870967742,20,0.3225806451612903
Compress,19,19,STARTS+DPT,54,0.8790322580645161,8,0.12903225806451613
Compress,19,19,Fastazi-S,52,0.9919354838709677,1,0.016129032258064516
Compress,19,19,Fastazi-P,52,0.42741935483870963,36,0.5806451612903226
Compress,19,19,Random,62,0.42741935483870963,36,0.5806451612903226
Compress,19,20,Ekstazi,52,0.7016129032258065,19,0.3064516129032258
Compress,19,20,FAST,62,0.9919354838709677,1,0.016129032258064516
Compress,19,20,Ekstazi+dpt,52,0.8951612903225806,7,0.11290322580645161
Compress,19,20,DPT,62,0.8790322580645161,8,0.12903225806451613
Compress,19,20,STARTS,54,0.3467741935483871,41,0.6612903225806451
Compress,19,20,STARTS+FAST-S,54,0.8467741935483871,10,0.16129032258064516
Compress,19,20,STARTS+FAST-P,54,0.8467741935483871,10,0.16129032258064516
Compress,19,20,STARTS+DPT,54,0.8951612903225806,7,0.11290322580645161
Compress,19,20,Fastazi-S,52,0.42741935483870963,36,0.5806451612903226
Compress,19,20,Fastazi-P,52,0.9919354838709677,1,0.016129032258064516
Compress,19,20,Random,62,0.5080645161290323,31,0.5
Compress,19,21,Ekstazi,52,0.6532258064516129,22,0.3548387096774194
Compress,19,21,FAST,62,0.282258064516129,45,0.7258064516129032
Compress,19,21,Ekstazi+dpt,52,0.8951612903225806,7,0.11290322580645161
Compress,19,21,DPT,62,0.8951612903225806,7,0.11290322580645161
Compress,19,21,STARTS,54,0.3306451612903226,42,0.6774193548387096
Compress,19,21,STARTS+FAST-S,54,0.814516129032258,12,0.1935483870967742
Compress,19,21,STARTS+FAST-P,54,0.8467741935483871,10,0.16129032258064516
Compress,19,21,STARTS+DPT,54,0.8790322580645161,8,0.12903225806451613
Compress,19,21,Fastazi-S,52,0.42741935483870963,36,0.5806451612903226
Compress,19,21,Fastazi-P,52,0.41129032258064513,37,0.5967741935483871
Compress,19,21,Random,62,0.10483870967741937,56,0.9032258064516129
Compress,19,22,Ekstazi,52,0.45967741935483875,34,0.5483870967741935
Compress,19,22,FAST,62,0.282258064516129,45,0.7258064516129032
Compress,19,22,Ekstazi+dpt,52,0.8951612903225806,7,0.11290322580645161
Compress,19,22,DPT,62,0.8951612903225806,7,0.11290322580645161
Compress,19,22,STARTS,54,0.685483870967742,20,0.3225806451612903
Compress,19,22,STARTS+FAST-S,54,0.7661290322580645,15,0.24193548387096775
Compress,19,22,STARTS+FAST-P,54,0.685483870967742,20,0.3225806451612903
Compress,19,22,STARTS+DPT,54,0.8951612903225806,7,0.11290322580645161
Compress,19,22,Fastazi-S,52,0.42741935483870963,36,0.5806451612903226
Compress,19,22,Fastazi-P,52,0.42741935483870963,36,0.5806451612903226
Compress,19,22,Random,62,0.45967741935483875,34,0.5483870967741935
Compress,19,23,Ekstazi,52,0.5564516129032258,28,0.45161290322580644
Compress,19,23,FAST,62,0.282258064516129,45,0.7258064516129032
Compress,19,23,Ekstazi+dpt,52,0.8951612903225806,7,0.11290322580645161
Compress,19,23,DPT,62,0.8951612903225806,7,0.11290322580645161
Compress,19,23,STARTS,54,0.2016129032258065,50,0.8064516129032258
Compress,19,23,STARTS+FAST-S,54,0.8467741935483871,10,0.16129032258064516
Compress,19,23,STARTS+FAST-P,54,0.8467741935483871,10,0.16129032258064516
Compress,19,23,STARTS+DPT,54,0.8951612903225806,7,0.11290322580645161
Compress,19,23,Fastazi-S,52,0.42741935483870963,36,0.5806451612903226
Compress,19,23,Fastazi-P,52,0.42741935483870963,36,0.5806451612903226
Compress,19,23,Random,62,0.42741935483870963,36,0.5806451612903226
Compress,19,24,Ekstazi,52,0.8951612903225806,7,0.11290322580645161
Compress,19,24,FAST,62,0.282258064516129,45,0.7258064516129032
Compress,19,24,Ekstazi+dpt,52,0.8790322580645161,8,0.12903225806451613
Compress,19,24,DPT,62,0.8790322580645161,8,0.12903225806451613
Compress,19,24,STARTS,54,0.2338709677419355,48,0.7741935483870968
Compress,19,24,STARTS+FAST-S,54,0.8467741935483871,10,0.16129032258064516
Compress,19,24,STARTS+FAST-P,54,0.685483870967742,20,0.3225806451612903
Compress,19,24,STARTS+DPT,54,0.8790322580645161,8,0.12903225806451613
Compress,19,24,Fastazi-S,52,0.42741935483870963,36,0.5806451612903226
Compress,19,24,Fastazi-P,52,0.42741935483870963,36,0.5806451612903226
Compress,19,24,Random,62,0.3306451612903226,42,0.6774193548387096
Compress,19,25,Ekstazi,52,0.2016129032258065,50,0.8064516129032258
Compress,19,25,FAST,62,0.282258064516129,45,0.7258064516129032
Compress,19,25,Ekstazi+dpt,52,0.8951612903225806,7,0.11290322580645161
Compress,19,25,DPT,62,0.8951612903225806,7,0.11290322580645161
Compress,19,25,STARTS,54,0.8790322580645161,8,0.12903225806451613
Compress,19,25,STARTS+FAST-S,54,0.8467741935483871,10,0.16129032258064516
Compress,19,25,STARTS+FAST-P,54,0.8306451612903225,11,0.1774193548387097
Compress,19,25,STARTS+DPT,54,0.8951612903225806,7,0.11290322580645161
Compress,19,25,Fastazi-S,52,0.42741935483870963,36,0.5806451612903226
Compress,19,25,Fastazi-P,52,0.42741935483870963,36,0.5806451612903226
Compress,19,25,Random,62,0.7338709677419355,17,0.27419354838709675
Compress,19,26,Ekstazi,52,0.2016129032258065,50,0.8064516129032258
Compress,19,26,FAST,62,0.282258064516129,45,0.7258064516129032
Compress,19,26,Ekstazi+dpt,52,0.8951612903225806,7,0.11290322580645161
Compress,19,26,DPT,62,0.8790322580645161,8,0.12903225806451613
Compress,19,26,STARTS,54,0.47580645161290325,33,0.532258064516129
Compress,19,26,STARTS+FAST-S,54,0.8306451612903225,11,0.1774193548387097
Compress,19,26,STARTS+FAST-P,54,0.685483870967742,20,0.3225806451612903
Compress,19,26,STARTS+DPT,54,0.8790322580645161,8,0.12903225806451613
Compress,19,26,Fastazi-S,52,0.42741935483870963,36,0.5806451612903226
Compress,19,26,Fastazi-P,52,0.42741935483870963,36,0.5806451612903226
Compress,19,26,Random,62,0.282258064516129,45,0.7258064516129032
Compress,19,27,Ekstazi,52,0.9112903225806451,6,0.0967741935483871
Compress,19,27,FAST,62,0.282258064516129,45,0.7258064516129032
Compress,19,27,Ekstazi+dpt,52,0.8951612903225806,7,0.11290322580645161
Compress,19,27,DPT,62,0.8951612903225806,7,0.11290322580645161
Compress,19,27,STARTS,54,0.782258064516129,14,0.22580645161290322
Compress,19,27,STARTS+FAST-S,54,0.782258064516129,14,0.22580645161290322
Compress,19,27,STARTS+FAST-P,54,0.8467741935483871,10,0.16129032258064516
Compress,19,27,STARTS+DPT,54,0.8790322580645161,8,0.12903225806451613
Compress,19,27,Fastazi-S,52,0.42741935483870963,36,0.5806451612903226
Compress,19,27,Fastazi-P,52,0.42741935483870963,36,0.5806451612903226
Compress,19,27,Random,62,0.05645161290322576,59,0.9516129032258065
Compress,19,28,Ekstazi,52,0.45967741935483875,34,0.5483870967741935
Compress,19,28,FAST,62,0.282258064516129,45,0.7258064516129032
Compress,19,28,Ekstazi+dpt,52,0.8790322580645161,8,0.12903225806451613
Compress,19,28,DPT,62,0.8951612903225806,7,0.11290322580645161
Compress,19,28,STARTS,54,0.2983870967741935,44,0.7096774193548387
Compress,19,28,STARTS+FAST-S,54,0.8306451612903225,11,0.1774193548387097
Compress,19,28,STARTS+FAST-P,54,0.8306451612903225,11,0.1774193548387097
Compress,19,28,STARTS+DPT,54,0.8790322580645161,8,0.12903225806451613
Compress,19,28,Fastazi-S,52,0.42741935483870963,36,0.5806451612903226
Compress,19,28,Fastazi-P,52,0.42741935483870963,36,0.5806451612903226
Compress,19,28,Random,62,0.6370967741935484,23,0.3709677419354839
Compress,19,29,Ekstazi,52,0.814516129032258,12,0.1935483870967742
Compress,19,29,FAST,62,0.282258064516129,45,0.7258064516129032
Compress,19,29,Ekstazi+dpt,52,0.8951612903225806,7,0.11290322580645161
Compress,19,29,DPT,62,0.8790322580645161,8,0.12903225806451613
Compress,19,29,STARTS,54,0.44354838709677413,35,0.5645161290322581
Compress,19,29,STARTS+FAST-S,54,0.8306451612903225,11,0.1774193548387097
Compress,19,29,STARTS+FAST-P,54,0.9919354838709677,1,0.016129032258064516
Compress,19,29,STARTS+DPT,54,0.8951612903225806,7,0.11290322580645161
Compress,19,29,Fastazi-S,52,0.42741935483870963,36,0.5806451612903226
Compress,19,29,Fastazi-P,52,0.42741935483870963,36,0.5806451612903226
Compress,19,29,Random,62,0.217741935483871,49,0.7903225806451613
Compress,19,30,Ekstazi,52,0.6532258064516129,22,0.3548387096774194
Compress,19,30,FAST,62,0.282258064516129,45,0.7258064516129032
Compress,19,30,Ekstazi+dpt,52,0.8951612903225806,7,0.11290322580645161
Compress,19,30,DPT,62,0.8951612903225806,7,0.11290322580645161
Compress,19,30,STARTS,54,0.782258064516129,14,0.22580645161290322
Compress,19,30,STARTS+FAST-S,54,0.8467741935483871,10,0.16129032258064516
Compress,19,30,STARTS+FAST-P,54,0.8467741935483871,10,0.16129032258064516
Compress,19,30,STARTS+DPT,54,0.8790322580645161,8,0.12903225806451613
Compress,19,30,Fastazi-S,52,0.42741935483870963,36,0.5806451612903226
Compress,19,30,Fastazi-P,52,0.42741935483870963,36,0.5806451612903226
Compress,19,30,Random,62,0.9274193548387096,5,0.08064516129032258
Compress,20,1,Ekstazi,40,0.4453125,36,0.5625
Compress,20,1,FAST,64,0.1796875,53,0.828125
Compress,20,1,Ekstazi+dpt,40,0.4453125,36,0.5625
Compress,20,1,DPT,64,0.3984375,39,0.609375
Compress,20,1,STARTS,45,0.3515625,42,0.65625
Compress,20,1,STARTS+FAST-S,45,0.3828125,40,0.625
Compress,20,1,STARTS+FAST-P,45,0.3671875,41,0.640625
Compress,20,1,STARTS+DPT,45,0.4296875,37,0.578125
Compress,20,1,Fastazi-S,40,0.5703125,28,0.4375
Compress,20,1,Fastazi-P,40,0.4765625,34,0.53125
Compress,20,1,Random,64,0.1171875,57,0.890625
Compress,20,2,Ekstazi,40,0.8828125,8,0.125
Compress,20,2,FAST,64,0.1640625,54,0.84375
Compress,20,2,Ekstazi+dpt,40,0.4453125,36,0.5625
Compress,20,2,DPT,64,0.3984375,39,0.609375
Compress,20,2,STARTS,45,0.4609375,35,0.546875
Compress,20,2,STARTS+FAST-S,45,0.3828125,40,0.625
Compress,20,2,STARTS+FAST-P,45,0.3671875,41,0.640625
Compress,20,2,STARTS+DPT,45,0.4296875,37,0.578125
Compress,20,2,Fastazi-S,40,0.5703125,28,0.4375
Compress,20,2,Fastazi-P,40,0.4765625,34,0.53125
Compress,20,2,Random,64,0.7265625,18,0.28125
Compress,20,3,Ekstazi,40,0.6171875,25,0.390625
Compress,20,3,FAST,64,0.1796875,53,0.828125
Compress,20,3,Ekstazi+dpt,40,0.4453125,36,0.5625
Compress,20,3,DPT,64,0.3828125,40,0.625
Compress,20,3,STARTS,45,0.3984375,39,0.609375
Compress,20,3,STARTS+FAST-S,45,0.3828125,40,0.625
Compress,20,3,STARTS+FAST-P,45,0.3671875,41,0.640625
Compress,20,3,STARTS+DPT,45,0.4296875,37,0.578125
Compress,20,3,Fastazi-S,40,0.5703125,28,0.4375
Compress,20,3,Fastazi-P,40,0.4765625,34,0.53125
Compress,20,3,Random,64,0.7265625,18,0.28125
Compress,20,4,Ekstazi,40,0.4296875,37,0.578125
Compress,20,4,FAST,64,0.1796875,53,0.828125
Compress,20,4,Ekstazi+dpt,40,0.4296875,37,0.578125
Compress,20,4,DPT,64,0.3984375,39,0.609375
Compress,20,4,STARTS,45,0.4921875,33,0.515625
Compress,20,4,STARTS+FAST-S,45,0.3828125,40,0.625
Compress,20,4,STARTS+FAST-P,45,0.3671875,41,0.640625
Compress,20,4,STARTS+DPT,45,0.4296875,37,0.578125
Compress,20,4,Fastazi-S,40,0.5703125,28,0.4375
Compress,20,4,Fastazi-P,40,0.4765625,34,0.53125
Compress,20,4,Random,64,0.3203125,44,0.6875
Compress,20,5,Ekstazi,40,0.8828125,8,0.125
Compress,20,5,FAST,64,0.1796875,53,0.828125
Compress,20,5,Ekstazi+dpt,40,0.4453125,36,0.5625
Compress,20,5,DPT,64,0.3984375,39,0.609375
Compress,20,5,STARTS,45,0.8515625,10,0.15625
Compress,20,5,STARTS+FAST-S,45,0.3828125,40,0.625
Compress,20,5,STARTS+FAST-P,45,0.3671875,41,0.640625
Compress,20,5,STARTS+DPT,45,0.4140625,38,0.59375
Compress,20,5,Fastazi-S,40,0.5703125,28,0.4375
Compress,20,5,Fastazi-P,40,0.4765625,34,0.53125
Compress,20,5,Random,64,0.9140625,6,0.09375
Compress,20,6,Ekstazi,40,0.8671875,9,0.140625
Compress,20,6,FAST,64,0.1796875,53,0.828125
Compress,20,6,Ekstazi+dpt,40,0.4296875,37,0.578125
Compress,20,6,DPT,64,0.3828125,40,0.625
Compress,20,6,STARTS,45,0.6015625,26,0.40625
Compress,20,6,STARTS+FAST-S,45,0.3828125,40,0.625
Compress,20,6,STARTS+FAST-P,45,0.3671875,41,0.640625
Compress,20,6,STARTS+DPT,45,0.4140625,38,0.59375
Compress,20,6,Fastazi-S,40,0.5703125,28,0.4375
Compress,20,6,Fastazi-P,40,0.4765625,34,0.53125
Compress,20,6,Random,64,0.1484375,55,0.859375
Compress,20,7,Ekstazi,40,0.4765625,34,0.53125
Compress,20,7,FAST,64,0.1796875,53,0.828125
Compress,20,7,Ekstazi+dpt,40,0.4453125,36,0.5625
Compress,20,7,DPT,64,0.3828125,40,0.625
Compress,20,7,STARTS,45,0.5703125,28,0.4375
Compress,20,7,STARTS+FAST-S,45,0.3828125,40,0.625
Compress,20,7,STARTS+FAST-P,45,0.3671875,41,0.640625
Compress,20,7,STARTS+DPT,45,0.4140625,38,0.59375
Compress,20,7,Fastazi-S,40,0.5703125,28,0.4375
Compress,20,7,Fastazi-P,40,0.4765625,34,0.53125
Compress,20,7,Random,64,0.6953125,20,0.3125
Compress,20,8,Ekstazi,40,0.6796875,21,0.328125
Compress,20,8,FAST,64,0.1796875,53,0.828125
Compress,20,8,Ekstazi+dpt,40,0.4296875,37,0.578125
Compress,20,8,DPT,64,0.3984375,39,0.609375
Compress,20,8,STARTS,45,0.6953125,20,0.3125
Compress,20,8,STARTS+FAST-S,45,0.3828125,40,0.625
Compress,20,8,STARTS+FAST-P,45,0.3671875,41,0.640625
Compress,20,8,STARTS+DPT,45,0.4296875,37,0.578125
Compress,20,8,Fastazi-S,40,0.5703125,28,0.4375
Compress,20,8,Fastazi-P,40,0.4765625,34,0.53125
Compress,20,8,Random,64,0.8515625,10,0.15625
Compress,20,9,Ekstazi,40,0.3984375,39,0.609375
Compress,20,9,FAST,64,0.1796875,53,0.828125
Compress,20,9,Ekstazi+dpt,40,0.4453125,36,0.5625
Compress,20,9,DPT,64,0.3828125,40,0.625
Compress,20,9,STARTS,45,0.7890625,14,0.21875
Compress,20,9,STARTS+FAST-S,45,0.3828125,40,0.625
Compress,20,9,STARTS+FAST-P,45,0.3671875,41,0.640625
Compress,20,9,STARTS+DPT,45,0.4140625,38,0.59375
Compress,20,9,Fastazi-S,40,0.5703125,28,0.4375
Compress,20,9,Fastazi-P,40,0.4765625,34,0.53125
Compress,20,9,Random,64,0.3984375,39,0.609375
Compress,20,10,Ekstazi,40,0.8984375,7,0.109375
Compress,20,10,FAST,64,0.1796875,53,0.828125
Compress,20,10,Ekstazi+dpt,40,0.4453125,36,0.5625
Compress,20,10,DPT,64,0.3984375,39,0.609375
Compress,20,10,STARTS,45,0.3828125,40,0.625
Compress,20,10,STARTS+FAST-S,45,0.3828125,40,0.625
Compress,20,10,STARTS+FAST-P,45,0.3671875,41,0.640625
Compress,20,10,STARTS+DPT,45,0.4140625,38,0.59375
Compress,20,10,Fastazi-S,40,0.5703125,28,0.4375
Compress,20,10,Fastazi-P,40,0.4765625,34,0.53125
Compress,20,10,Random,64,0.1953125,52,0.8125
Compress,20,11,Ekstazi,40,0.5234375,31,0.484375
Compress,20,11,FAST,64,0.1796875,53,0.828125
Compress,20,11,Ekstazi+dpt,40,0.4296875,37,0.578125
Compress,20,11,DPT,64,0.3984375,39,0.609375
Compress,20,11,STARTS,45,0.8828125,8,0.125
Compress,20,11,STARTS+FAST-S,45,0.3828125,40,0.625
Compress,20,11,STARTS+FAST-P,45,0.3671875,41,0.640625
Compress,20,11,STARTS+DPT,45,0.4296875,37,0.578125
Compress,20,11,Fastazi-S,40,0.9921875,1,0.015625
Compress,20,11,Fastazi-P,40,0.4765625,34,0.53125
Compress,20,11,Random,64,0.4609375,35,0.546875
Compress,20,12,Ekstazi,40,0.8359375,11,0.171875
Compress,20,12,FAST,64,0.1640625,54,0.84375
Compress,20,12,Ekstazi+dpt,40,0.4453125,36,0.5625
Compress,20,12,DPT,64,0.3984375,39,0.609375
Compress,20,12,STARTS,45,0.5703125,28,0.4375
Compress,20,12,STARTS+FAST-S,45,0.3828125,40,0.625
Compress,20,12,STARTS+FAST-P,45,0.3671875,41,0.640625
Compress,20,12,STARTS+DPT,45,0.4296875,37,0.578125
Compress,20,12,Fastazi-S,40,0.5703125,28,0.4375
Compress,20,12,Fastazi-P,40,0.4765625,34,0.53125
Compress,20,12,Random,64,0.3203125,44,0.6875
Compress,20,13,Ekstazi,40,0.9609375,3,0.046875
Compress,20,13,FAST,64,0.1796875,53,0.828125
Compress,20,13,Ekstazi+dpt,40,0.4453125,36,0.5625
Compress,20,13,DPT,64,0.3828125,40,0.625
Compress,20,13,STARTS,45,0.9609375,3,0.046875
Compress,20,13,STARTS+FAST-S,45,0.9921875,1,0.015625
Compress,20,13,STARTS+FAST-P,45,0.3671875,41,0.640625
Compress,20,13,STARTS+DPT,45,0.4140625,38,0.59375
Compress,20,13,Fastazi-S,40,0.5703125,28,0.4375
Compress,20,13,Fastazi-P,40,0.4765625,34,0.53125
Compress,20,13,Random,64,0.3203125,44,0.6875
Compress,20,14,Ekstazi,40,0.5234375,31,0.484375
Compress,20,14,FAST,64,0.1796875,53,0.828125
Compress,20,14,Ekstazi+dpt,40,0.4296875,37,0.578125
Compress,20,14,DPT,64,0.3828125,40,0.625
Compress,20,14,STARTS,45,0.3828125,40,0.625
Compress,20,14,STARTS+FAST-S,45,0.3828125,40,0.625
Compress,20,14,STARTS+FAST-P,45,0.3671875,41,0.640625
Compress,20,14,STARTS+DPT,45,0.4296875,37,0.578125
Compress,20,14,Fastazi-S,40,0.5703125,28,0.4375
Compress,20,14,Fastazi-P,40,0.4765625,34,0.53125
Compress,20,14,Random,64,0.6640625,22,0.34375
Compress,20,15,Ekstazi,40,0.5703125,28,0.4375
Compress,20,15,FAST,64,0.1796875,53,0.828125
Compress,20,15,Ekstazi+dpt,40,0.4453125,36,0.5625
Compress,20,15,DPT,64,0.3984375,39,0.609375
Compress,20,15,STARTS,45,0.8984375,7,0.109375
Compress,20,15,STARTS+FAST-S,45,0.3828125,40,0.625
Compress,20,15,STARTS+FAST-P,45,0.3671875,41,0.640625
Compress,20,15,STARTS+DPT,45,0.4296875,37,0.578125
Compress,20,15,Fastazi-S,40,0.5703125,28,0.4375
Compress,20,15,Fastazi-P,40,0.4765625,34,0.53125
Compress,20,15,Random,64,0.1484375,55,0.859375
Compress,20,16,Ekstazi,40,0.8515625,10,0.15625
Compress,20,16,FAST,64,0.9921875,1,0.015625
Compress,20,16,Ekstazi+dpt,40,0.4296875,37,0.578125
Compress,20,16,DPT,64,0.3984375,39,0.609375
Compress,20,16,STARTS,45,0.8359375,11,0.171875
Compress,20,16,STARTS+FAST-S,45,0.3828125,40,0.625
Compress,20,16,STARTS+FAST-P,45,0.3671875,41,0.640625
Compress,20,16,STARTS+DPT,45,0.4140625,38,0.59375
Compress,20,16,Fastazi-S,40,0.5546875,29,0.453125
Compress,20,16,Fastazi-P,40,0.9921875,1,0.015625
Compress,20,16,Random,64,0.8671875,9,0.140625
Compress,20,17,Ekstazi,40,0.9921875,1,0.015625
Compress,20,17,FAST,64,0.1796875,53,0.828125
Compress,20,17,Ekstazi+dpt,40,0.4296875,37,0.578125
Compress,20,17,DPT,64,0.3828125,40,0.625
Compress,20,17,STARTS,45,0.7890625,14,0.21875
Compress,20,17,STARTS+FAST-S,45,0.3828125,40,0.625
Compress,20,17,STARTS+FAST-P,45,0.3671875,41,0.640625
Compress,20,17,STARTS+DPT,45,0.4296875,37,0.578125
Compress,20,17,Fastazi-S,40,0.5703125,28,0.4375
Compress,20,17,Fastazi-P,40,0.4765625,34,0.53125
Compress,20,17,Random,64,0.8046875,13,0.203125
Compress,20,18,Ekstazi,40,0.8046875,13,0.203125
Compress,20,18,FAST,64,0.1796875,53,0.828125
Compress,20,18,Ekstazi+dpt,40,0.4296875,37,0.578125
Compress,20,18,DPT,64,0.3984375,39,0.609375
Compress,20,18,STARTS,45,0.6328125,24,0.375
Compress,20,18,STARTS+FAST-S,45,0.3828125,40,0.625
Compress,20,18,STARTS+FAST-P,45,0.3671875,41,0.640625
Compress,20,18,STARTS+DPT,45,0.4140625,38,0.59375
Compress,20,18,Fastazi-S,40,0.5703125,28,0.4375
Compress,20,18,Fastazi-P,40,0.4765625,34,0.53125
Compress,20,18,Random,64,0.9453125,4,0.0625
Compress,20,19,Ekstazi,40,0.9609375,3,0.046875
Compress,20,19,FAST,64,0.1796875,53,0.828125
Compress,20,19,Ekstazi+dpt,40,0.4296875,37,0.578125
Compress,20,19,DPT,64,0.3828125,40,0.625
Compress,20,19,STARTS,45,0.6796875,21,0.328125
Compress,20,19,STARTS+FAST-S,45,0.3828125,40,0.625
Compress,20,19,STARTS+FAST-P,45,0.3671875,41,0.640625
Compress,20,19,STARTS+DPT,45,0.4296875,37,0.578125
Compress,20,19,Fastazi-S,40,0.5546875,29,0.453125
Compress,20,19,Fastazi-P,40,0.4765625,34,0.53125
Compress,20,19,Random,64,0.8359375,11,0.171875
Compress,20,20,Ekstazi,40,0.6640625,22,0.34375
Compress,20,20,FAST,64,0.1796875,53,0.828125
Compress,20,20,Ekstazi+dpt,40,0.4296875,37,0.578125
Compress,20,20,DPT,64,0.3828125,40,0.625
Compress,20,20,STARTS,45,0.4609375,35,0.546875
Compress,20,20,STARTS+FAST-S,45,0.3828125,40,0.625
Compress,20,20,STARTS+FAST-P,45,0.3671875,41,0.640625
Compress,20,20,STARTS+DPT,45,0.4296875,37,0.578125
Compress,20,20,Fastazi-S,40,0.5703125,28,0.4375
Compress,20,20,Fastazi-P,40,0.4765625,34,0.53125
Compress,20,20,Random,64,0.1328125,56,0.875
Compress,20,21,Ekstazi,40,0.5703125,28,0.4375
Compress,20,21,FAST,64,0.1796875,53,0.828125
Compress,20,21,Ekstazi+dpt,40,0.4453125,36,0.5625
Compress,20,21,DPT,64,0.3828125,40,0.625
Compress,20,21,STARTS,45,0.3984375,39,0.609375
Compress,20,21,STARTS+FAST-S,45,0.3828125,40,0.625
Compress,20,21,STARTS+FAST-P,45,0.3671875,41,0.640625
Compress,20,21,STARTS+DPT,45,0.4140625,38,0.59375
Compress,20,21,Fastazi-S,40,0.5703125,28,0.4375
Compress,20,21,Fastazi-P,40,0.4765625,34,0.53125
Compress,20,21,Random,64,0.9453125,4,0.0625
Compress,20,22,Ekstazi,40,0.5078125,32,0.5
Compress,20,22,FAST,64,0.1796875,53,0.828125
Compress,20,22,Ekstazi+dpt,40,0.4296875,37,0.578125
Compress,20,22,DPT,64,0.3828125,40,0.625
Compress,20,22,STARTS,45,0.5703125,28,0.4375
Compress,20,22,STARTS+FAST-S,45,0.3828125,40,0.625
Compress,20,22,STARTS+FAST-P,45,0.3671875,41,0.640625
Compress,20,22,STARTS+DPT,45,0.4296875,37,0.578125
Compress,20,22,Fastazi-S,40,0.5703125,28,0.4375
Compress,20,22,Fastazi-P,40,0.4765625,34,0.53125
Compress,20,22,Random,64,0.7734375,15,0.234375
Compress,20,23,Ekstazi,40,0.6171875,25,0.390625
Compress,20,23,FAST,64,0.1796875,53,0.828125
Compress,20,23,Ekstazi+dpt,40,0.4453125,36,0.5625
Compress,20,23,DPT,64,0.3828125,40,0.625
Compress,20,23,STARTS,45,0.5234375,31,0.484375
Compress,20,23,STARTS+FAST-S,45,0.3828125,40,0.625
Compress,20,23,STARTS+FAST-P,45,0.3671875,41,0.640625
Compress,20,23,STARTS+DPT,45,0.4140625,38,0.59375
Compress,20,23,Fastazi-S,40,0.5703125,28,0.4375
Compress,20,23,Fastazi-P,40,0.4765625,34,0.53125
Compress,20,23,Random,64,0.7109375,19,0.296875
Compress,20,24,Ekstazi,40,0.7578125,16,0.25
Compress,20,24,FAST,64,0.1796875,53,0.828125
Compress,20,24,Ekstazi+dpt,40,0.4453125,36,0.5625
Compress,20,24,DPT,64,0.3828125,40,0.625
Compress,20,24,STARTS,45,0.3984375,39,0.609375
Compress,20,24,STARTS+FAST-S,45,0.3828125,40,0.625
Compress,20,24,STARTS+FAST-P,45,0.3671875,41,0.640625
Compress,20,24,STARTS+DPT,45,0.4140625,38,0.59375
Compress,20,24,Fastazi-S,40,0.5703125,28,0.4375
Compress,20,24,Fastazi-P,40,0.4765625,34,0.53125
Compress,20,24,Random,64,0.5078125,32,0.5
Compress,20,25,Ekstazi,40,0.6484375,23,0.359375
Compress,20,25,FAST,64,0.1640625,54,0.84375
Compress,20,25,Ekstazi+dpt,40,0.4453125,36,0.5625
Compress,20,25,DPT,64,0.3828125,40,0.625
Compress,20,25,STARTS,45,0.7109375,19,0.296875
Compress,20,25,STARTS+FAST-S,45,0.3828125,40,0.625
Compress,20,25,STARTS+FAST-P,45,0.3671875,41,0.640625
Compress,20,25,STARTS+DPT,45,0.4296875,37,0.578125
Compress,20,25,Fastazi-S,40,0.5703125,28,0.4375
Compress,20,25,Fastazi-P,40,0.4765625,34,0.53125
Compress,20,25,Random,64,0.5078125,32,0.5
Compress,20,26,Ekstazi,40,0.8671875,9,0.140625
Compress,20,26,FAST,64,0.1796875,53,0.828125
Compress,20,26,Ekstazi+dpt,40,0.4453125,36,0.5625
Compress,20,26,DPT,64,0.3828125,40,0.625
Compress,20,26,STARTS,45,0.9140625,6,0.09375
Compress,20,26,STARTS+FAST-S,45,0.3828125,40,0.625
Compress,20,26,STARTS+FAST-P,45,0.3671875,41,0.640625
Compress,20,26,STARTS+DPT,45,0.4296875,37,0.578125
Compress,20,26,Fastazi-S,40,0.5703125,28,0.4375
Compress,20,26,Fastazi-P,40,0.4765625,34,0.53125
Compress,20,26,Random,64,0.6953125,20,0.3125
Compress,20,27,Ekstazi,40,0.7734375,15,0.234375
Compress,20,27,FAST,64,0.1796875,53,0.828125
Compress,20,27,Ekstazi+dpt,40,0.4296875,37,0.578125
Compress,20,27,DPT,64,0.3828125,40,0.625
Compress,20,27,STARTS,45,0.6796875,21,0.328125
Compress,20,27,STARTS+FAST-S,45,0.3828125,40,0.625
Compress,20,27,STARTS+FAST-P,45,0.3671875,41,0.640625
Compress,20,27,STARTS+DPT,45,0.4296875,37,0.578125
Compress,20,27,Fastazi-S,40,0.5703125,28,0.4375
Compress,20,27,Fastazi-P,40,0.4765625,34,0.53125
Compress,20,27,Random,64,0.7109375,19,0.296875
Compress,20,28,Ekstazi,40,0.6015625,26,0.40625
Compress,20,28,FAST,64,0.1796875,53,0.828125
Compress,20,28,Ekstazi+dpt,40,0.4296875,37,0.578125
Compress,20,28,DPT,64,0.3984375,39,0.609375
Compress,20,28,STARTS,45,0.4921875,33,0.515625
Compress,20,28,STARTS+FAST-S,45,0.3828125,40,0.625
Compress,20,28,STARTS+FAST-P,45,0.3671875,41,0.640625
Compress,20,28,STARTS+DPT,45,0.4140625,38,0.59375
Compress,20,28,Fastazi-S,40,0.5703125,28,0.4375
Compress,20,28,Fastazi-P,40,0.4765625,34,0.53125
Compress,20,28,Random,64,0.8828125,8,0.125
Compress,20,29,Ekstazi,40,0.5078125,32,0.5
Compress,20,29,FAST,64,0.1796875,53,0.828125
Compress,20,29,Ekstazi+dpt,40,0.4453125,36,0.5625
Compress,20,29,DPT,64,0.3984375,39,0.609375
Compress,20,29,STARTS,45,0.7109375,19,0.296875
Compress,20,29,STARTS+FAST-S,45,0.3828125,40,0.625
Compress,20,29,STARTS+FAST-P,45,0.9921875,1,0.015625
Compress,20,29,STARTS+DPT,45,0.4140625,38,0.59375
Compress,20,29,Fastazi-S,40,0.5703125,28,0.4375
Compress,20,29,Fastazi-P,40,0.4765625,34,0.53125
Compress,20,29,Random,64,0.4921875,33,0.515625
Compress,20,30,Ekstazi,40,0.7578125,16,0.25
Compress,20,30,FAST,64,0.1796875,53,0.828125
Compress,20,30,Ekstazi+dpt,40,0.4453125,36,0.5625
Compress,20,30,DPT,64,0.3828125,40,0.625
Compress,20,30,STARTS,45,0.8046875,13,0.203125
Compress,20,30,STARTS+FAST-S,45,0.3828125,40,0.625
Compress,20,30,STARTS+FAST-P,45,0.3671875,41,0.640625
Compress,20,30,STARTS+DPT,45,0.4140625,38,0.59375
Compress,20,30,Fastazi-S,40,0.5703125,28,0.4375
Compress,20,30,Fastazi-P,40,0.4765625,34,0.53125
Compress,20,30,Random,64,0.5234375,31,0.484375
Compress,21,1,Ekstazi,58,0.7094594594594594,22,0.2972972972972973
Compress,21,1,FAST,74,0.22297297297297297,58,0.7837837837837838
Compress,21,1,Ekstazi+dpt,58,0.9527027027027027,4,0.05405405405405406
Compress,21,1,DPT,74,0.9527027027027027,4,0.05405405405405406
Compress,21,1,STARTS,62,0.668918918918919,25,0.33783783783783783
Compress,21,1,STARTS+FAST-S,62,0.39864864864864863,45,0.6081081081081081
Compress,21,1,STARTS+FAST-P,62,0.37162162162162166,47,0.6351351351351351
Compress,21,1,STARTS+DPT,62,0.9527027027027027,4,0.05405405405405406
Compress,21,1,Fastazi-S,58,0.37162162162162166,47,0.6351351351351351
Compress,21,1,Fastazi-P,58,0.35810810810810806,48,0.6486486486486487
Compress,21,1,Random,74,0.20945945945945948,59,0.7972972972972973
Compress,21,2,Ekstazi,58,0.695945945945946,23,0.3108108108108108
Compress,21,2,FAST,74,0.23648648648648646,57,0.7702702702702703
Compress,21,2,Ekstazi+dpt,58,0.9527027027027027,4,0.05405405405405406
Compress,21,2,DPT,74,0.9527027027027027,4,0.05405405405405406
Compress,21,2,STARTS,62,0.4662162162162162,40,0.5405405405405406
Compress,21,2,STARTS+FAST-S,62,0.39864864864864863,45,0.6081081081081081
Compress,21,2,STARTS+FAST-P,62,0.35810810810810806,48,0.6486486486486487
Compress,21,2,STARTS+DPT,62,0.9527027027027027,4,0.05405405405405406
Compress,21,2,Fastazi-S,58,0.37162162162162166,47,0.6351351351351351
Compress,21,2,Fastazi-P,58,0.37162162162162166,47,0.6351351351351351
Compress,21,2,Random,74,0.5202702702702703,36,0.4864864864864865
Compress,21,3,Ekstazi,58,0.7635135135135136,18,0.24324324324324326
Compress,21,3,FAST,74,0.23648648648648646,57,0.7702702702702703
Compress,21,3,Ekstazi+dpt,58,0.9527027027027027,4,0.05405405405405406
Compress,21,3,DPT,74,0.9527027027027027,4,0.05405405405405406
Compress,21,3,STARTS,62,0.9662162162162162,3,0.04054054054054054
Compress,21,3,STARTS+FAST-S,62,0.39864864864864863,45,0.6081081081081081
Compress,21,3,STARTS+FAST-P,62,0.37162162162162166,47,0.6351351351351351
Compress,21,3,STARTS+DPT,62,0.9527027027027027,4,0.05405405405405406
Compress,21,3,Fastazi-S,58,0.37162162162162166,47,0.6351351351351351
Compress,21,3,Fastazi-P,58,0.37162162162162166,47,0.6351351351351351
Compress,21,3,Random,74,0.3175675675675676,51,0.6891891891891891
Compress,21,4,Ekstazi,58,0.6283783783783784,28,0.3783783783783784
Compress,21,4,FAST,74,0.23648648648648646,57,0.7702702702702703
Compress,21,4,Ekstazi+dpt,58,0.9527027027027027,4,0.05405405405405406
Compress,21,4,DPT,74,0.9527027027027027,4,0.05405405405405406
Compress,21,4,STARTS,62,0.3175675675675676,51,0.6891891891891891
Compress,21,4,STARTS+FAST-S,62,0.39864864864864863,45,0.6081081081081081
Compress,21,4,STARTS+FAST-P,62,0.35810810810810806,48,0.6486486486486487
Compress,21,4,STARTS+DPT,62,0.9527027027027027,4,0.05405405405405406
Compress,21,4,Fastazi-S,58,0.37162162162162166,47,0.6351351351351351
Compress,21,4,Fastazi-P,58,0.37162162162162166,47,0.6351351351351351
Compress,21,4,Random,74,0.37162162162162166,47,0.6351351351351351
Compress,21,5,Ekstazi,58,0.7094594594594594,22,0.2972972972972973
Compress,21,5,FAST,74,0.23648648648648646,57,0.7702702702702703
Compress,21,5,Ekstazi+dpt,58,0.9527027027027027,4,0.05405405405405406
Compress,21,5,DPT,74,0.9527027027027027,4,0.05405405405405406
Compress,21,5,STARTS,62,0.49324324324324326,38,0.5135135135135135
Compress,21,5,STARTS+FAST-S,62,0.39864864864864863,45,0.6081081081081081
Compress,21,5,STARTS+FAST-P,62,0.34459459459459457,49,0.6621621621621622
Compress,21,5,STARTS+DPT,62,0.9527027027027027,4,0.05405405405405406
Compress,21,5,Fastazi-S,58,0.37162162162162166,47,0.6351351351351351
Compress,21,5,Fastazi-P,58,0.37162162162162166,47,0.6351351351351351
Compress,21,5,Random,74,0.7635135135135136,18,0.24324324324324326
Compress,21,6,Ekstazi,58,0.9121621621621622,7,0.0945945945945946
Compress,21,6,FAST,74,0.23648648648648646,57,0.7702702702702703
Compress,21,6,Ekstazi+dpt,58,0.9527027027027027,4,0.05405405405405406
Compress,21,6,DPT,74,0.9527027027027027,4,0.05405405405405406
Compress,21,6,STARTS,62,0.23648648648648646,57,0.7702702702702703
Compress,21,6,STARTS+FAST-S,62,0.39864864864864863,45,0.6081081081081081
Compress,21,6,STARTS+FAST-P,62,0.34459459459459457,49,0.6621621621621622
Compress,21,6,STARTS+DPT,62,0.9527027027027027,4,0.05405405405405406
Compress,21,6,Fastazi-S,58,0.35810810810810806,48,0.6486486486486487
Compress,21,6,Fastazi-P,58,0.37162162162162166,47,0.6351351351351351
Compress,21,6,Random,74,0.04729729729729733,71,0.9594594594594594
Compress,21,7,Ekstazi,58,0.8851351351351352,9,0.12162162162162163
Compress,21,7,FAST,74,0.23648648648648646,57,0.7702702702702703
Compress,21,7,Ekstazi+dpt,58,0.9527027027027027,4,0.05405405405405406
Compress,21,7,DPT,74,0.9527027027027027,4,0.05405405405405406
Compress,21,7,STARTS,62,0.39864864864864863,45,0.6081081081081081
Compress,21,7,STARTS+FAST-S,62,0.39864864864864863,45,0.6081081081081081
Compress,21,7,STARTS+FAST-P,62,0.37162162162162166,47,0.6351351351351351
Compress,21,7,STARTS+DPT,62,0.9527027027027027,4,0.05405405405405406
Compress,21,7,Fastazi-S,58,0.37162162162162166,47,0.6351351351351351
Compress,21,7,Fastazi-P,58,0.37162162162162166,47,0.6351351351351351
Compress,21,7,Random,74,0.26351351351351354,55,0.7432432432432432
Compress,21,8,Ekstazi,58,0.6554054054054055,26,0.35135135135135137
Compress,21,8,FAST,74,0.23648648648648646,57,0.7702702702702703
Compress,21,8,Ekstazi+dpt,58,0.9527027027027027,4,0.05405405405405406
Compress,21,8,DPT,74,0.9527027027027027,4,0.05405405405405406
Compress,21,8,STARTS,62,0.695945945945946,23,0.3108108108108108
Compress,21,8,STARTS+FAST-S,62,0.39864864864864863,45,0.6081081081081081
Compress,21,8,STARTS+FAST-P,62,0.37162162162162166,47,0.6351351351351351
Compress,21,8,STARTS+DPT,62,0.9527027027027027,4,0.05405405405405406
Compress,21,8,Fastazi-S,58,0.37162162162162166,47,0.6351351351351351
Compress,21,8,Fastazi-P,58,0.38513513513513514,46,0.6216216216216216
Compress,21,8,Random,74,0.7635135135135136,18,0.24324324324324326
Compress,21,9,Ekstazi,58,0.7364864864864865,20,0.2702702702702703
Compress,21,9,FAST,74,0.23648648648648646,57,0.7702702702702703
Compress,21,9,Ekstazi+dpt,58,0.9527027027027027,4,0.05405405405405406
Compress,21,9,DPT,74,0.9527027027027027,4,0.05405405405405406
Compress,21,9,STARTS,62,0.5472972972972974,34,0.4594594594594595
Compress,21,9,STARTS+FAST-S,62,0.39864864864864863,45,0.6081081081081081
Compress,21,9,STARTS+FAST-P,62,0.37162162162162166,47,0.6351351351351351
Compress,21,9,STARTS+DPT,62,0.9527027027027027,4,0.05405405405405406
Compress,21,9,Fastazi-S,58,0.37162162162162166,47,0.6351351351351351
Compress,21,9,Fastazi-P,58,0.37162162162162166,47,0.6351351351351351
Compress,21,9,Random,74,0.11486486486486487,66,0.8918918918918919
Compress,21,10,Ekstazi,58,0.668918918918919,25,0.33783783783783783
Compress,21,10,FAST,74,0.23648648648648646,57,0.7702702702702703
Compress,21,10,Ekstazi+dpt,58,0.9527027027027027,4,0.05405405405405406
Compress,21,10,DPT,74,0.9527027027027027,4,0.05405405405405406
Compress,21,10,STARTS,62,0.5472972972972974,34,0.4594594594594595
Compress,21,10,STARTS+FAST-S,62,0.39864864864864863,45,0.6081081081081081
Compress,21,10,STARTS+FAST-P,62,0.37162162162162166,47,0.6351351351351351
Compress,21,10,STARTS+DPT,62,0.9527027027027027,4,0.05405405405405406
Compress,21,10,Fastazi-S,58,0.37162162162162166,47,0.6351351351351351
Compress,21,10,Fastazi-P,58,0.37162162162162166,47,0.6351351351351351
Compress,21,10,Random,74,0.9932432432432433,1,0.013513513513513514
Compress,21,11,Ekstazi,58,0.39864864864864863,45,0.6081081081081081
Compress,21,11,FAST,74,0.23648648648648646,57,0.7702702702702703
Compress,21,11,Ekstazi+dpt,58,0.9527027027027027,4,0.05405405405405406
Compress,21,11,DPT,74,0.9527027027027027,4,0.05405405405405406
Compress,21,11,STARTS,62,0.34459459459459457,49,0.6621621621621622
Compress,21,11,STARTS+FAST-S,62,0.39864864864864863,45,0.6081081081081081
Compress,21,11,STARTS+FAST-P,62,0.35810810810810806,48,0.6486486486486487
Compress,21,11,STARTS+DPT,62,0.9527027027027027,4,0.05405405405405406
Compress,21,11,Fastazi-S,58,0.37162162162162166,47,0.6351351351351351
Compress,21,11,Fastazi-P,58,0.37162162162162166,47,0.6351351351351351
Compress,21,11,Random,74,0.7364864864864865,20,0.2702702702702703
Compress,21,12,Ekstazi,58,0.5067567567567568,37,0.5
Compress,21,12,FAST,74,0.23648648648648646,57,0.7702702702702703
Compress,21,12,Ekstazi+dpt,58,0.9527027027027027,4,0.05405405405405406
Compress,21,12,DPT,74,0.9527027027027027,4,0.05405405405405406
Compress,21,12,STARTS,62,0.7635135135135136,18,0.24324324324324326
Compress,21,12,STARTS+FAST-S,62,0.39864864864864863,45,0.6081081081081081
Compress,21,12,STARTS+FAST-P,62,0.37162162162162166,47,0.6351351351351351
Compress,21,12,STARTS+DPT,62,0.9527027027027027,4,0.05405405405405406
Compress,21,12,Fastazi-S,58,0.37162162162162166,47,0.6351351351351351
Compress,21,12,Fastazi-P,58,0.37162162162162166,47,0.6351351351351351
Compress,21,12,Random,74,0.4256756756756757,43,0.581081081081081
Compress,21,13,Ekstazi,58,0.8040540540540541,15,0.20270270270270271
Compress,21,13,FAST,74,0.23648648648648646,57,0.7702702702702703
Compress,21,13,Ekstazi+dpt,58,0.9527027027027027,4,0.05405405405405406
Compress,21,13,DPT,74,0.9527027027027027,4,0.05405405405405406
Compress,21,13,STARTS,62,0.5878378378378379,31,0.4189189189189189
Compress,21,13,STARTS+FAST-S,62,0.39864864864864863,45,0.6081081081081081
Compress,21,13,STARTS+FAST-P,62,0.34459459459459457,49,0.6621621621621622
Compress,21,13,STARTS+DPT,62,0.9527027027027027,4,0.05405405405405406
Compress,21,13,Fastazi-S,58,0.37162162162162166,47,0.6351351351351351
Compress,21,13,Fastazi-P,58,0.37162162162162166,47,0.6351351351351351
Compress,21,13,Random,74,0.006756756756756757,74,1.0
Compress,21,14,Ekstazi,58,0.5878378378378379,31,0.4189189189189189
Compress,21,14,FAST,74,0.23648648648648646,57,0.7702702702702703
Compress,21,14,Ekstazi+dpt,58,0.9527027027027027,4,0.05405405405405406
Compress,21,14,DPT,74,0.9527027027027027,4,0.05405405405405406
Compress,21,14,STARTS,62,0.8581081081081081,11,0.14864864864864866
Compress,21,14,STARTS+FAST-S,62,0.38513513513513514,46,0.6216216216216216
Compress,21,14,STARTS+FAST-P,62,0.37162162162162166,47,0.6351351351351351
Compress,21,14,STARTS+DPT,62,0.9527027027027027,4,0.05405405405405406
Compress,21,14,Fastazi-S,58,0.37162162162162166,47,0.6351351351351351
Compress,21,14,Fastazi-P,58,0.37162162162162166,47,0.6351351351351351
Compress,21,14,Random,74,0.9121621621621622,7,0.0945945945945946
Compress,21,15,Ekstazi,58,0.304054054054054,52,0.7027027027027027
Compress,21,15,FAST,74,0.23648648648648646,57,0.7702702702702703
Compress,21,15,Ekstazi+dpt,58,0.9527027027027027,4,0.05405405405405406
Compress,21,15,DPT,74,0.9527027027027027,4,0.05405405405405406
Compress,21,15,STARTS,62,0.8581081081081081,11,0.14864864864864866
Compress,21,15,STARTS+FAST-S,62,0.39864864864864863,45,0.6081081081081081
Compress,21,15,STARTS+FAST-P,62,0.37162162162162166,47,0.6351351351351351
Compress,21,15,STARTS+DPT,62,0.9527027027027027,4,0.05405405405405406
Compress,21,15,Fastazi-S,58,0.35810810810810806,48,0.6486486486486487
Compress,21,15,Fastazi-P,58,0.37162162162162166,47,0.6351351351351351
Compress,21,15,Random,74,0.6554054054054055,26,0.35135135135135137
Compress,21,16,Ekstazi,58,0.26351351351351354,55,0.7432432432432432
Compress,21,16,FAST,74,0.23648648648648646,57,0.7702702702702703
Compress,21,16,Ekstazi+dpt,58,0.9527027027027027,4,0.05405405405405406
Compress,21,16,DPT,74,0.9527027027027027,4,0.05405405405405406
Compress,21,16,STARTS,62,0.24999999999999994,56,0.7567567567567568
Compress,21,16,STARTS+FAST-S,62,0.39864864864864863,45,0.6081081081081081
Compress,21,16,STARTS+FAST-P,62,0.35810810810810806,48,0.6486486486486487
Compress,21,16,STARTS+DPT,62,0.9527027027027027,4,0.05405405405405406
Compress,21,16,Fastazi-S,58,0.37162162162162166,47,0.6351351351351351
Compress,21,16,Fastazi-P,58,0.37162162162162166,47,0.6351351351351351
Compress,21,16,Random,74,0.695945945945946,23,0.3108108108108108
Compress,21,17,Ekstazi,58,0.3175675675675676,51,0.6891891891891891
Compress,21,17,FAST,74,0.23648648648648646,57,0.7702702702702703
Compress,21,17,Ekstazi+dpt,58,0.9527027027027027,4,0.05405405405405406
Compress,21,17,DPT,74,0.9527027027027027,4,0.05405405405405406
Compress,21,17,STARTS,62,0.7364864864864865,20,0.2702702702702703
Compress,21,17,STARTS+FAST-S,62,0.38513513513513514,46,0.6216216216216216
Compress,21,17,STARTS+FAST-P,62,0.37162162162162166,47,0.6351351351351351
Compress,21,17,STARTS+DPT,62,0.9527027027027027,4,0.05405405405405406
Compress,21,17,Fastazi-S,58,0.37162162162162166,47,0.6351351351351351
Compress,21,17,Fastazi-P,58,0.37162162162162166,47,0.6351351351351351
Compress,21,17,Random,74,0.7364864864864865,20,0.2702702702702703
Compress,21,18,Ekstazi,58,0.304054054054054,52,0.7027027027027027
Compress,21,18,FAST,74,0.23648648648648646,57,0.7702702702702703
Compress,21,18,Ekstazi+dpt,58,0.9527027027027027,4,0.05405405405405406
Compress,21,18,DPT,74,0.9527027027027027,4,0.05405405405405406
Compress,21,18,STARTS,62,0.1824324324324324,61,0.8243243243243243
Compress,21,18,STARTS+FAST-S,62,0.39864864864864863,45,0.6081081081081081
Compress,21,18,STARTS+FAST-P,62,0.35810810810810806,48,0.6486486486486487
Compress,21,18,STARTS+DPT,62,0.9527027027027027,4,0.05405405405405406
Compress,21,18,Fastazi-S,58,0.37162162162162166,47,0.6351351351351351
Compress,21,18,Fastazi-P,58,0.37162162162162166,47,0.6351351351351351
Compress,21,18,Random,74,0.38513513513513514,46,0.6216216216216216
Compress,21,19,Ekstazi,58,0.39864864864864863,45,0.6081081081081081
Compress,21,19,FAST,74,0.23648648648648646,57,0.7702702702702703
Compress,21,19,Ekstazi+dpt,58,0.9527027027027027,4,0.05405405405405406
Compress,21,19,DPT,74,0.9527027027027027,4,0.05405405405405406
Compress,21,19,STARTS,62,0.9391891891891893,5,0.06756756756756757
Compress,21,19,STARTS+FAST-S,62,0.38513513513513514,46,0.6216216216216216
Compress,21,19,STARTS+FAST-P,62,0.37162162162162166,47,0.6351351351351351
Compress,21,19,STARTS+DPT,62,0.9527027027027027,4,0.05405405405405406
Compress,21,19,Fastazi-S,58,0.37162162162162166,47,0.6351351351351351
Compress,21,19,Fastazi-P,58,0.37162162162162166,47,0.6351351351351351
Compress,21,19,Random,74,0.23648648648648646,57,0.7702702702702703
Compress,21,20,Ekstazi,58,0.6013513513513513,30,0.40540540540540543
Compress,21,20,FAST,74,0.23648648648648646,57,0.7702702702702703
Compress,21,20,Ekstazi+dpt,58,0.9527027027027027,4,0.05405405405405406
Compress,21,20,DPT,74,0.9527027027027027,4,0.05405405405405406
Compress,21,20,STARTS,62,0.7635135135135136,18,0.24324324324324326
Compress,21,20,STARTS+FAST-S,62,0.39864864864864863,45,0.6081081081081081
Compress,21,20,STARTS+FAST-P,62,0.37162162162162166,47,0.6351351351351351
Compress,21,20,STARTS+DPT,62,0.9527027027027027,4,0.05405405405405406
Compress,21,20,Fastazi-S,58,0.37162162162162166,47,0.6351351351351351
Compress,21,20,Fastazi-P,58,0.37162162162162166,47,0.6351351351351351
Compress,21,20,Random,74,0.75,19,0.25675675675675674
Compress,21,21,Ekstazi,58,0.9527027027027027,4,0.05405405405405406
Compress,21,21,FAST,74,0.23648648648648646,57,0.7702702702702703
Compress,21,21,Ekstazi+dpt,58,0.9527027027027027,4,0.05405405405405406
Compress,21,21,DPT,74,0.9527027027027027,4,0.05405405405405406
Compress,21,21,STARTS,62,0.5743243243243243,32,0.43243243243243246
Compress,21,21,STARTS+FAST-S,62,0.39864864864864863,45,0.6081081081081081
Compress,21,21,STARTS+FAST-P,62,0.34459459459459457,49,0.6621621621621622
Compress,21,21,STARTS+DPT,62,0.9527027027027027,4,0.05405405405405406
Compress,21,21,Fastazi-S,58,0.37162162162162166,47,0.6351351351351351
Compress,21,21,Fastazi-P,58,0.37162162162162166,47,0.6351351351351351
Compress,21,21,Random,74,0.8175675675675675,14,0.1891891891891892
Compress,21,22,Ekstazi,58,0.7635135135135136,18,0.24324324324324326
Compress,21,22,FAST,74,0.23648648648648646,57,0.7702702702702703
Compress,21,22,Ekstazi+dpt,58,0.9527027027027027,4,0.05405405405405406
Compress,21,22,DPT,74,0.9527027027027027,4,0.05405405405405406
Compress,21,22,STARTS,62,0.39864864864864863,45,0.6081081081081081
Compress,21,22,STARTS+FAST-S,62,0.38513513513513514,46,0.6216216216216216
Compress,21,22,STARTS+FAST-P,62,0.37162162162162166,47,0.6351351351351351
Compress,21,22,STARTS+DPT,62,0.9527027027027027,4,0.05405405405405406
Compress,21,22,Fastazi-S,58,0.37162162162162166,47,0.6351351351351351
Compress,21,22,Fastazi-P,58,0.37162162162162166,47,0.6351351351351351
Compress,21,22,Random,74,0.34459459459459457,49,0.6621621621621622
Compress,21,23,Ekstazi,58,0.3175675675675676,51,0.6891891891891891
Compress,21,23,FAST,74,0.23648648648648646,57,0.7702702702702703
Compress,21,23,Ekstazi+dpt,58,0.9527027027027027,4,0.05405405405405406
Compress,21,23,DPT,74,0.9527027027027027,4,0.05405405405405406
Compress,21,23,STARTS,62,0.26351351351351354,55,0.7432432432432432
Compress,21,23,STARTS+FAST-S,62,0.39864864864864863,45,0.6081081081081081
Compress,21,23,STARTS+FAST-P,62,0.37162162162162166,47,0.6351351351351351
Compress,21,23,STARTS+DPT,62,0.9527027027027027,4,0.05405405405405406
Compress,21,23,Fastazi-S,58,0.37162162162162166,47,0.6351351351351351
Compress,21,23,Fastazi-P,58,0.37162162162162166,47,0.6351351351351351
Compress,21,23,Random,74,0.3310810810810811,50,0.6756756756756757
Compress,21,24,Ekstazi,58,0.8310810810810811,13,0.17567567567567569
Compress,21,24,FAST,74,0.23648648648648646,57,0.7702702702702703
Compress,21,24,Ekstazi+dpt,58,0.9527027027027027,4,0.05405405405405406
Compress,21,24,DPT,74,0.9527027027027027,4,0.05405405405405406
Compress,21,24,STARTS,62,0.2905405405405405,53,0.7162162162162162
Compress,21,24,STARTS+FAST-S,62,0.39864864864864863,45,0.6081081081081081
Compress,21,24,STARTS+FAST-P,62,0.37162162162162166,47,0.6351351351351351
Compress,21,24,STARTS+DPT,62,0.9527027027027027,4,0.05405405405405406
Compress,21,24,Fastazi-S,58,0.37162162162162166,47,0.6351351351351351
Compress,21,24,Fastazi-P,58,0.38513513513513514,46,0.6216216216216216
Compress,21,24,Random,74,0.5608108108108109,33,0.44594594594594594
Compress,21,25,Ekstazi,58,0.5472972972972974,34,0.4594594594594595
Compress,21,25,FAST,74,0.23648648648648646,57,0.7702702702702703
Compress,21,25,Ekstazi+dpt,58,0.9527027027027027,4,0.05405405405405406
Compress,21,25,DPT,74,0.9527027027027027,4,0.05405405405405406
Compress,21,25,STARTS,62,0.9797297297297298,2,0.02702702702702703
Compress,21,25,STARTS+FAST-S,62,0.39864864864864863,45,0.6081081081081081
Compress,21,25,STARTS+FAST-P,62,0.37162162162162166,47,0.6351351351351351
Compress,21,25,STARTS+DPT,62,0.9527027027027027,4,0.05405405405405406
Compress,21,25,Fastazi-S,58,0.37162162162162166,47,0.6351351351351351
Compress,21,25,Fastazi-P,58,0.37162162162162166,47,0.6351351351351351
Compress,21,25,Random,74,0.12837837837837834,65,0.8783783783783784
Compress,21,26,Ekstazi,58,0.6418918918918919,27,0.36486486486486486
Compress,21,26,FAST,74,0.23648648648648646,57,0.7702702702702703
Compress,21,26,Ekstazi+dpt,58,0.9527027027027027,4,0.05405405405405406
Compress,21,26,DPT,74,0.9527027027027027,4,0.05405405405405406
Compress,21,26,STARTS,62,0.4391891891891892,42,0.5675675675675675
Compress,21,26,STARTS+FAST-S,62,0.39864864864864863,45,0.6081081081081081
Compress,21,26,STARTS+FAST-P,62,0.35810810810810806,48,0.6486486486486487
Compress,21,26,STARTS+DPT,62,0.9527027027027027,4,0.05405405405405406
Compress,21,26,Fastazi-S,58,0.37162162162162166,47,0.6351351351351351
Compress,21,26,Fastazi-P,58,0.37162162162162166,47,0.6351351351351351
Compress,21,26,Random,74,0.5608108108108109,33,0.44594594594594594
Compress,21,27,Ekstazi,58,0.9527027027027027,4,0.05405405405405406
Compress,21,27,FAST,74,0.23648648648648646,57,0.7702702702702703
Compress,21,27,Ekstazi+dpt,58,0.9527027027027027,4,0.05405405405405406
Compress,21,27,DPT,74,0.9527027027027027,4,0.05405405405405406
Compress,21,27,STARTS,62,0.8851351351351352,9,0.12162162162162163
Compress,21,27,STARTS+FAST-S,62,0.39864864864864863,45,0.6081081081081081
Compress,21,27,STARTS+FAST-P,62,0.37162162162162166,47,0.6351351351351351
Compress,21,27,STARTS+DPT,62,0.9527027027027027,4,0.05405405405405406
Compress,21,27,Fastazi-S,58,0.37162162162162166,47,0.6351351351351351
Compress,21,27,Fastazi-P,58,0.37162162162162166,47,0.6351351351351351
Compress,21,27,Random,74,0.6283783783783784,28,0.3783783783783784
Compress,21,28,Ekstazi,58,0.5067567567567568,37,0.5
Compress,21,28,FAST,74,0.23648648648648646,57,0.7702702702702703
Compress,21,28,Ekstazi+dpt,58,0.9527027027027027,4,0.05405405405405406
Compress,21,28,DPT,74,0.9527027027027027,4,0.05405405405405406
Compress,21,28,STARTS,62,0.3175675675675676,51,0.6891891891891891
Compress,21,28,STARTS+FAST-S,62,0.39864864864864863,45,0.6081081081081081
Compress,21,28,STARTS+FAST-P,62,0.37162162162162166,47,0.6351351351351351
Compress,21,28,STARTS+DPT,62,0.9527027027027027,4,0.05405405405405406
Compress,21,28,Fastazi-S,58,0.37162162162162166,47,0.6351351351351351
Compress,21,28,Fastazi-P,58,0.37162162162162166,47,0.6351351351351351
Compress,21,28,Random,74,0.4121621621621621,44,0.5945945945945946
Compress,21,29,Ekstazi,58,0.47972972972972977,39,0.527027027027027
Compress,21,29,FAST,74,0.23648648648648646,57,0.7702702702702703
Compress,21,29,Ekstazi+dpt,58,0.9527027027027027,4,0.05405405405405406
Compress,21,29,DPT,74,0.9527027027027027,4,0.05405405405405406
Compress,21,29,STARTS,62,0.9932432432432433,1,0.013513513513513514
Compress,21,29,STARTS+FAST-S,62,0.38513513513513514,46,0.6216216216216216
Compress,21,29,STARTS+FAST-P,62,0.37162162162162166,47,0.6351351351351351
Compress,21,29,STARTS+DPT,62,0.9527027027027027,4,0.05405405405405406
Compress,21,29,Fastazi-S,58,0.37162162162162166,47,0.6351351351351351
Compress,21,29,Fastazi-P,58,0.37162162162162166,47,0.6351351351351351
Compress,21,29,Random,74,0.38513513513513514,46,0.6216216216216216
Compress,21,30,Ekstazi,58,0.304054054054054,52,0.7027027027027027
Compress,21,30,FAST,74,0.23648648648648646,57,0.7702702702702703
Compress,21,30,Ekstazi+dpt,58,0.9527027027027027,4,0.05405405405405406
Compress,21,30,DPT,74,0.9527027027027027,4,0.05405405405405406
Compress,21,30,STARTS,62,0.8716216216216217,10,0.13513513513513514
Compress,21,30,STARTS+FAST-S,62,0.38513513513513514,46,0.6216216216216216
Compress,21,30,STARTS+FAST-P,62,0.37162162162162166,47,0.6351351351351351
Compress,21,30,STARTS+DPT,62,0.9527027027027027,4,0.05405405405405406
Compress,21,30,Fastazi-S,58,0.37162162162162166,47,0.6351351351351351
Compress,21,30,Fastazi-P,58,0.37162162162162166,47,0.6351351351351351
Compress,21,30,Random,74,0.3310810810810811,50,0.6756756756756757
Compress,22,1,Ekstazi,53,0.5266666666666667,36,0.48
Compress,22,1,FAST,75,0.18,62,0.8266666666666667
Compress,22,1,Ekstazi+dpt,53,0.4066666666666667,45,0.6
Compress,22,1,DPT,75,0.37999999999999995,47,0.6266666666666667
Compress,22,1,STARTS,57,0.6733333333333335,25,0.3333333333333333
Compress,22,1,STARTS+FAST-S,57,0.7133333333333334,22,0.29333333333333333
Compress,22,1,STARTS+FAST-P,57,0.6733333333333335,25,0.3333333333333333
Compress,22,1,STARTS+DPT,57,0.37999999999999995,47,0.6266666666666667
Compress,22,1,Fastazi-S,53,0.39333333333333337,46,0.6133333333333333
Compress,22,1,Fastazi-P,53,0.42,44,0.5866666666666667
Compress,22,1,Random,75,0.18,62,0.8266666666666667
Compress,22,2,Ekstazi,53,0.3133333333333333,52,0.6933333333333334
Compress,22,2,FAST,75,0.18,62,0.8266666666666667
Compress,22,2,Ekstazi+dpt,53,0.4066666666666667,45,0.6
Compress,22,2,DPT,75,0.39333333333333337,46,0.6133333333333333
Compress,22,2,STARTS,57,0.46,41,0.5466666666666666
Compress,22,2,STARTS+FAST-S,57,0.7133333333333334,22,0.29333333333333333
Compress,22,2,STARTS+FAST-P,57,0.6733333333333335,25,0.3333333333333333
Compress,22,2,STARTS+DPT,57,0.37999999999999995,47,0.6266666666666667
Compress,22,2,Fastazi-S,53,0.39333333333333337,46,0.6133333333333333
Compress,22,2,Fastazi-P,53,0.42,44,0.5866666666666667
Compress,22,2,Random,75,0.6066666666666667,30,0.4
Compress,22,3,Ekstazi,53,0.8066666666666668,15,0.2
Compress,22,3,FAST,75,0.18,62,0.8266666666666667
Compress,22,3,Ekstazi+dpt,53,0.39333333333333337,46,0.6133333333333333
Compress,22,3,DPT,75,0.37999999999999995,47,0.6266666666666667
Compress,22,3,STARTS,57,0.4466666666666666,42,0.56
Compress,22,3,STARTS+FAST-S,57,0.7133333333333334,22,0.29333333333333333
Compress,22,3,STARTS+FAST-P,57,0.6733333333333335,25,0.3333333333333333
Compress,22,3,STARTS+DPT,57,0.39333333333333337,46,0.6133333333333333
Compress,22,3,Fastazi-S,53,0.39333333333333337,46,0.6133333333333333
Compress,22,3,Fastazi-P,53,0.42,44,0.5866666666666667
Compress,22,3,Random,75,0.6333333333333334,28,0.37333333333333335
Compress,22,4,Ekstazi,53,0.7533333333333333,19,0.25333333333333335
Compress,22,4,FAST,75,0.18,62,0.8266666666666667
Compress,22,4,Ekstazi+dpt,53,0.39333333333333337,46,0.6133333333333333
Compress,22,4,DPT,75,0.37999999999999995,47,0.6266666666666667
Compress,22,4,STARTS,57,0.3133333333333333,52,0.6933333333333334
Compress,22,4,STARTS+FAST-S,57,0.7133333333333334,22,0.29333333333333333
Compress,22,4,STARTS+FAST-P,57,0.6733333333333335,25,0.3333333333333333
Compress,22,4,STARTS+DPT,57,0.37999999999999995,47,0.6266666666666667
Compress,22,4,Fastazi-S,53,0.39333333333333337,46,0.6133333333333333
Compress,22,4,Fastazi-P,53,0.42,44,0.5866666666666667
Compress,22,4,Random,75,0.4333333333333333,43,0.5733333333333334
Compress,22,5,Ekstazi,53,0.8866666666666667,9,0.12
Compress,22,5,FAST,75,0.18,62,0.8266666666666667
Compress,22,5,Ekstazi+dpt,53,0.4066666666666667,45,0.6
Compress,22,5,DPT,75,0.39333333333333337,46,0.6133333333333333
Compress,22,5,STARTS,57,0.9,8,0.10666666666666667
Compress,22,5,STARTS+FAST-S,57,0.7133333333333334,22,0.29333333333333333
Compress,22,5,STARTS+FAST-P,57,0.6733333333333335,25,0.3333333333333333
Compress,22,5,STARTS+DPT,57,0.37999999999999995,47,0.6266666666666667
Compress,22,5,Fastazi-S,53,0.39333333333333337,46,0.6133333333333333
Compress,22,5,Fastazi-P,53,0.42,44,0.5866666666666667
Compress,22,5,Random,75,0.34,50,0.6666666666666666
Compress,22,6,Ekstazi,53,0.8200000000000001,14,0.18666666666666668
Compress,22,6,FAST,75,0.9933333333333334,1,0.013333333333333334
Compress,22,6,Ekstazi+dpt,53,0.4066666666666667,45,0.6
Compress,22,6,DPT,75,0.37999999999999995,47,0.6266666666666667
Compress,22,6,STARTS,57,0.78,17,0.22666666666666666
Compress,22,6,STARTS+FAST-S,57,0.7133333333333334,22,0.29333333333333333
Compress,22,6,STARTS+FAST-P,57,0.66,26,0.3466666666666667
Compress,22,6,STARTS+DPT,57,0.37999999999999995,47,0.6266666666666667
Compress,22,6,Fastazi-S,53,0.39333333333333337,46,0.6133333333333333
Compress,22,6,Fastazi-P,53,0.9933333333333334,1,0.013333333333333334
Compress,22,6,Random,75,0.47333333333333333,40,0.5333333333333333
Compress,22,7,Ekstazi,53,0.42,44,0.5866666666666667
Compress,22,7,FAST,75,0.18,62,0.8266666666666667
Compress,22,7,Ekstazi+dpt,53,0.4066666666666667,45,0.6
Compress,22,7,DPT,75,0.39333333333333337,46,0.6133333333333333
Compress,22,7,STARTS,57,0.7000000000000001,23,0.30666666666666664
Compress,22,7,STARTS+FAST-S,57,0.7133333333333334,22,0.29333333333333333
Compress,22,7,STARTS+FAST-P,57,0.6733333333333335,25,0.3333333333333333
Compress,22,7,STARTS+DPT,57,0.39333333333333337,46,0.6133333333333333
Compress,22,7,Fastazi-S,53,0.39333333333333337,46,0.6133333333333333
Compress,22,7,Fastazi-P,53,0.42,44,0.5866666666666667
Compress,22,7,Random,75,0.5933333333333334,31,0.41333333333333333
Compress,22,8,Ekstazi,53,0.9933333333333334,1,0.013333333333333334
Compress,22,8,FAST,75,0.18,62,0.8266666666666667
Compress,22,8,Ekstazi+dpt,53,0.4066666666666667,45,0.6
Compress,22,8,DPT,75,0.37999999999999995,47,0.6266666666666667
Compress,22,8,STARTS,57,0.37999999999999995,47,0.6266666666666667
Compress,22,8,STARTS+FAST-S,57,0.7133333333333334,22,0.29333333333333333
Compress,22,8,STARTS+FAST-P,57,0.6733333333333335,25,0.3333333333333333
Compress,22,8,STARTS+DPT,57,0.39333333333333337,46,0.6133333333333333
Compress,22,8,Fastazi-S,53,0.39333333333333337,46,0.6133333333333333
Compress,22,8,Fastazi-P,53,0.42,44,0.5866666666666667
Compress,22,8,Random,75,0.5666666666666668,33,0.44
Compress,22,9,Ekstazi,53,0.9933333333333334,1,0.013333333333333334
Compress,22,9,FAST,75,0.18,62,0.8266666666666667
Compress,22,9,Ekstazi+dpt,53,0.39333333333333337,46,0.6133333333333333
Compress,22,9,DPT,75,0.37999999999999995,47,0.6266666666666667
Compress,22,9,STARTS,57,0.9800000000000001,2,0.02666666666666667
Compress,22,9,STARTS+FAST-S,57,0.7133333333333334,22,0.29333333333333333
Compress,22,9,STARTS+FAST-P,57,0.6733333333333335,25,0.3333333333333333
Compress,22,9,STARTS+DPT,57,0.39333333333333337,46,0.6133333333333333
Compress,22,9,Fastazi-S,53,0.39333333333333337,46,0.6133333333333333
Compress,22,9,Fastazi-P,53,0.42,44,0.5866666666666667
Compress,22,9,Random,75,0.42,44,0.5866666666666667
Compress,22,10,Ekstazi,53,0.3266666666666666,51,0.68
Compress,22,10,FAST,75,0.18,62,0.8266666666666667
Compress,22,10,Ekstazi+dpt,53,0.39333333333333337,46,0.6133333333333333
Compress,22,10,DPT,75,0.39333333333333337,46,0.6133333333333333
Compress,22,10,STARTS,57,0.2866666666666667,54,0.72
Compress,22,10,STARTS+FAST-S,57,0.7133333333333334,22,0.29333333333333333
Compress,22,10,STARTS+FAST-P,57,0.66,26,0.3466666666666667
Compress,22,10,STARTS+DPT,57,0.39333333333333337,46,0.6133333333333333
Compress,22,10,Fastazi-S,53,0.39333333333333337,46,0.6133333333333333
Compress,22,10,Fastazi-P,53,0.42,44,0.5866666666666667
Compress,22,10,Random,75,0.9800000000000001,2,0.02666666666666667
Compress,22,11,Ekstazi,53,0.7400000000000001,20,0.26666666666666666
Compress,22,11,FAST,75,0.18,62,0.8266666666666667
Compress,22,11,Ekstazi+dpt,53,0.39333333333333337,46,0.6133333333333333
Compress,22,11,DPT,75,0.39333333333333337,46,0.6133333333333333
Compress,22,11,STARTS,57,0.24666666666666665,57,0.76
Compress,22,11,STARTS+FAST-S,57,0.6866666666666666,24,0.32
Compress,22,11,STARTS+FAST-P,57,0.7266666666666667,21,0.28
Compress,22,11,STARTS+DPT,57,0.39333333333333337,46,0.6133333333333333
Compress,22,11,Fastazi-S,53,0.39333333333333337,46,0.6133333333333333
Compress,22,11,Fastazi-P,53,0.42,44,0.5866666666666667
Compress,22,11,Random,75,0.6466666666666667,27,0.36
Compress,22,12,Ekstazi,53,0.4333333333333333,43,0.5733333333333334
Compress,22,12,FAST,75,0.18,62,0.8266666666666667
Compress,22,12,Ekstazi+dpt,53,0.4066666666666667,45,0.6
Compress,22,12,DPT,75,0.39333333333333337,46,0.6133333333333333
Compress,22,12,STARTS,57,0.4066666666666667,45,0.6
Compress,22,12,STARTS+FAST-S,57,0.7000000000000001,23,0.30666666666666664
Compress,22,12,STARTS+FAST-P,57,0.6733333333333335,25,0.3333333333333333
Compress,22,12,STARTS+DPT,57,0.39333333333333337,46,0.6133333333333333
Compress,22,12,Fastazi-S,53,0.39333333333333337,46,0.6133333333333333
Compress,22,12,Fastazi-P,53,0.42,44,0.5866666666666667
Compress,22,12,Random,75,0.6066666666666667,30,0.4
Compress,22,13,Ekstazi,53,0.86,11,0.14666666666666667
Compress,22,13,FAST,75,0.15333333333333327,64,0.8533333333333334
Compress,22,13,Ekstazi+dpt,53,0.4066666666666667,45,0.6
Compress,22,13,DPT,75,0.37999999999999995,47,0.6266666666666667
Compress,22,13,STARTS,57,0.9933333333333334,1,0.013333333333333334
Compress,22,13,STARTS+FAST-S,57,0.7266666666666667,21,0.28
Compress,22,13,STARTS+FAST-P,57,0.6733333333333335,25,0.3333333333333333
Compress,22,13,STARTS+DPT,57,0.39333333333333337,46,0.6133333333333333
Compress,22,13,Fastazi-S,53,0.39333333333333337,46,0.6133333333333333
Compress,22,13,Fastazi-P,53,0.39333333333333337,46,0.6133333333333333
Compress,22,13,Random,75,0.58,32,0.4266666666666667
Compress,22,14,Ekstazi,53,0.78,17,0.22666666666666666
Compress,22,14,FAST,75,0.18,62,0.8266666666666667
Compress,22,14,Ekstazi+dpt,53,0.4066666666666667,45,0.6
Compress,22,14,DPT,75,0.39333333333333337,46,0.6133333333333333
Compress,22,14,STARTS,57,0.9133333333333333,7,0.09333333333333334
Compress,22,14,STARTS+FAST-S,57,0.7133333333333334,22,0.29333333333333333
Compress,22,14,STARTS+FAST-P,57,0.6733333333333335,25,0.3333333333333333
Compress,22,14,STARTS+DPT,57,0.37999999999999995,47,0.6266666666666667
Compress,22,14,Fastazi-S,53,0.39333333333333337,46,0.6133333333333333
Compress,22,14,Fastazi-P,53,0.42,44,0.5866666666666667
Compress,22,14,Random,75,0.78,17,0.22666666666666666
Compress,22,15,Ekstazi,53,0.7266666666666667,21,0.28
Compress,22,15,FAST,75,0.18,62,0.8266666666666667
Compress,22,15,Ekstazi+dpt,53,0.39333333333333337,46,0.6133333333333333
Compress,22,15,DPT,75,0.37999999999999995,47,0.6266666666666667
Compress,22,15,STARTS,57,0.8066666666666668,15,0.2
Compress,22,15,STARTS+FAST-S,57,0.7133333333333334,22,0.29333333333333333
Compress,22,15,STARTS+FAST-P,57,0.6733333333333335,25,0.3333333333333333
Compress,22,15,STARTS+DPT,57,0.37999999999999995,47,0.6266666666666667
Compress,22,15,Fastazi-S,53,0.39333333333333337,46,0.6133333333333333
Compress,22,15,Fastazi-P,53,0.42,44,0.5866666666666667
Compress,22,15,Random,75,0.24666666666666665,57,0.76
Compress,22,16,Ekstazi,53,0.3133333333333333,52,0.6933333333333334
Compress,22,16,FAST,75,0.18,62,0.8266666666666667
Compress,22,16,Ekstazi+dpt,53,0.39333333333333337,46,0.6133333333333333
Compress,22,16,DPT,75,0.39333333333333337,46,0.6133333333333333
Compress,22,16,STARTS,57,0.5266666666666667,36,0.48
Compress,22,16,STARTS+FAST-S,57,0.7133333333333334,22,0.29333333333333333
Compress,22,16,STARTS+FAST-P,57,0.6733333333333335,25,0.3333333333333333
Compress,22,16,STARTS+DPT,57,0.39333333333333337,46,0.6133333333333333
Compress,22,16,Fastazi-S,53,0.39333333333333337,46,0.6133333333333333
Compress,22,16,Fastazi-P,53,0.42,44,0.5866666666666667
Compress,22,16,Random,75,0.1933333333333333,61,0.8133333333333334
Compress,22,17,Ekstazi,53,0.5266666666666667,36,0.48
Compress,22,17,FAST,75,0.18,62,0.8266666666666667
Compress,22,17,Ekstazi+dpt,53,0.4066666666666667,45,0.6
Compress,22,17,DPT,75,0.37999999999999995,47,0.6266666666666667
Compress,22,17,STARTS,57,0.9800000000000001,2,0.02666666666666667
Compress,22,17,STARTS+FAST-S,57,0.7133333333333334,22,0.29333333333333333
Compress,22,17,STARTS+FAST-P,57,0.6733333333333335,25,0.3333333333333333
Compress,22,17,STARTS+DPT,57,0.39333333333333337,46,0.6133333333333333
Compress,22,17,Fastazi-S,53,0.39333333333333337,46,0.6133333333333333
Compress,22,17,Fastazi-P,53,0.42,44,0.5866666666666667
Compress,22,17,Random,75,0.6333333333333334,28,0.37333333333333335
Compress,22,18,Ekstazi,53,0.9800000000000001,2,0.02666666666666667
Compress,22,18,FAST,75,0.18,62,0.8266666666666667
Compress,22,18,Ekstazi+dpt,53,0.4066666666666667,45,0.6
Compress,22,18,DPT,75,0.37999999999999995,47,0.6266666666666667
Compress,22,18,STARTS,57,0.24666666666666665,57,0.76
Compress,22,18,STARTS+FAST-S,57,0.7133333333333334,22,0.29333333333333333
Compress,22,18,STARTS+FAST-P,57,0.6733333333333335,25,0.3333333333333333
Compress,22,18,STARTS+DPT,57,0.37999999999999995,47,0.6266666666666667
Compress,22,18,Fastazi-S,53,0.39333333333333337,46,0.6133333333333333
Compress,22,18,Fastazi-P,53,0.42,44,0.5866666666666667
Compress,22,18,Random,75,0.9400000000000001,5,0.06666666666666667
Compress,22,19,Ekstazi,53,0.9533333333333334,4,0.05333333333333334
Compress,22,19,FAST,75,0.18,62,0.8266666666666667
Compress,22,19,Ekstazi+dpt,53,0.4066666666666667,45,0.6
Compress,22,19,DPT,75,0.39333333333333337,46,0.6133333333333333
Compress,22,19,STARTS,57,0.66,26,0.3466666666666667
Compress,22,19,STARTS+FAST-S,57,0.7133333333333334,22,0.29333333333333333
Compress,22,19,STARTS+FAST-P,57,0.6733333333333335,25,0.3333333333333333
Compress,22,19,STARTS+DPT,57,0.37999999999999995,47,0.6266666666666667
Compress,22,19,Fastazi-S,53,0.39333333333333337,46,0.6133333333333333
Compress,22,19,Fastazi-P,53,0.42,44,0.5866666666666667
Compress,22,19,Random,75,0.54,35,0.4666666666666667
Compress,22,20,Ekstazi,53,0.9666666666666667,3,0.04
Compress,22,20,FAST,75,0.18,62,0.8266666666666667
Compress,22,20,Ekstazi+dpt,53,0.4066666666666667,45,0.6
Compress,22,20,DPT,75,0.37999999999999995,47,0.6266666666666667
Compress,22,20,STARTS,57,0.9800000000000001,2,0.02666666666666667
Compress,22,20,STARTS+FAST-S,57,0.7133333333333334,22,0.29333333333333333
Compress,22,20,STARTS+FAST-P,57,0.6733333333333335,25,0.3333333333333333
Compress,22,20,STARTS+DPT,57,0.39333333333333337,46,0.6133333333333333
Compress,22,20,Fastazi-S,53,0.39333333333333337,46,0.6133333333333333
Compress,22,20,Fastazi-P,53,0.42,44,0.5866666666666667
Compress,22,20,Random,75,0.6333333333333334,28,0.37333333333333335
Compress,22,21,Ekstazi,53,0.49999999999999994,38,0.5066666666666667
Compress,22,21,FAST,75,0.18,62,0.8266666666666667
Compress,22,21,Ekstazi+dpt,53,0.4066666666666667,45,0.6
Compress,22,21,DPT,75,0.39333333333333337,46,0.6133333333333333
Compress,22,21,STARTS,57,0.7933333333333333,16,0.21333333333333335
Compress,22,21,STARTS+FAST-S,57,0.7133333333333334,22,0.29333333333333333
Compress,22,21,STARTS+FAST-P,57,0.6733333333333335,25,0.3333333333333333
Compress,22,21,STARTS+DPT,57,0.39333333333333337,46,0.6133333333333333
Compress,22,21,Fastazi-S,53,0.39333333333333337,46,0.6133333333333333
Compress,22,21,Fastazi-P,53,0.42,44,0.5866666666666667
Compress,22,21,Random,75,0.58,32,0.4266666666666667
Compress,22,22,Ekstazi,53,0.7933333333333333,16,0.21333333333333335
Compress,22,22,FAST,75,0.18,62,0.8266666666666667
Compress,22,22,Ekstazi+dpt,53,0.39333333333333337,46,0.6133333333333333
Compress,22,22,DPT,75,0.39333333333333337,46,0.6133333333333333
Compress,22,22,STARTS,57,0.62,29,0.38666666666666666
Compress,22,22,STARTS+FAST-S,57,0.7000000000000001,23,0.30666666666666664
Compress,22,22,STARTS+FAST-P,57,0.66,26,0.3466666666666667
Compress,22,22,STARTS+DPT,57,0.39333333333333337,46,0.6133333333333333
Compress,22,22,Fastazi-S,53,0.39333333333333337,46,0.6133333333333333
Compress,22,22,Fastazi-P,53,0.42,44,0.5866666666666667
Compress,22,22,Random,75,0.5666666666666668,33,0.44
Compress,22,23,Ekstazi,53,0.7266666666666667,21,0.28
Compress,22,23,FAST,75,0.15333333333333327,64,0.8533333333333334
Compress,22,23,Ekstazi+dpt,53,0.39333333333333337,46,0.6133333333333333
Compress,22,23,DPT,75,0.37999999999999995,47,0.6266666666666667
Compress,22,23,STARTS,57,0.35333333333333333,49,0.6533333333333333
Compress,22,23,STARTS+FAST-S,57,0.7266666666666667,21,0.28
Compress,22,23,STARTS+FAST-P,57,0.66,26,0.3466666666666667
Compress,22,23,STARTS+DPT,57,0.39333333333333337,46,0.6133333333333333
Compress,22,23,Fastazi-S,53,0.39333333333333337,46,0.6133333333333333
Compress,22,23,Fastazi-P,53,0.39333333333333337,46,0.6133333333333333
Compress,22,23,Random,75,0.66,26,0.3466666666666667
Compress,22,24,Ekstazi,53,0.6866666666666666,24,0.32
Compress,22,24,FAST,75,0.18,62,0.8266666666666667
Compress,22,24,Ekstazi+dpt,53,0.4066666666666667,45,0.6
Compress,22,24,DPT,75,0.37999999999999995,47,0.6266666666666667
Compress,22,24,STARTS,57,0.3266666666666666,51,0.68
Compress,22,24,STARTS+FAST-S,57,0.7133333333333334,22,0.29333333333333333
Compress,22,24,STARTS+FAST-P,57,0.6733333333333335,25,0.3333333333333333
Compress,22,24,STARTS+DPT,57,0.37999999999999995,47,0.6266666666666667
Compress,22,24,Fastazi-S,53,0.39333333333333337,46,0.6133333333333333
Compress,22,24,Fastazi-P,53,0.42,44,0.5866666666666667
Compress,22,24,Random,75,0.8333333333333334,13,0.17333333333333334
Compress,22,25,Ekstazi,53,0.7533333333333333,19,0.25333333333333335
Compress,22,25,FAST,75,0.18,62,0.8266666666666667
Compress,22,25,Ekstazi+dpt,53,0.4066666666666667,45,0.6
Compress,22,25,DPT,75,0.39333333333333337,46,0.6133333333333333
Compress,22,25,STARTS,57,0.5133333333333333,37,0.49333333333333335
Compress,22,25,STARTS+FAST-S,57,0.7000000000000001,23,0.30666666666666664
Compress,22,25,STARTS+FAST-P,57,0.66,26,0.3466666666666667
Compress,22,25,STARTS+DPT,57,0.39333333333333337,46,0.6133333333333333
Compress,22,25,Fastazi-S,53,0.39333333333333337,46,0.6133333333333333
Compress,22,25,Fastazi-P,53,0.4333333333333333,43,0.5733333333333334
Compress,22,25,Random,75,0.46,41,0.5466666666666666
Compress,22,26,Ekstazi,53,0.7000000000000001,23,0.30666666666666664
Compress,22,26,FAST,75,0.18,62,0.8266666666666667
Compress,22,26,Ekstazi+dpt,53,0.39333333333333337,46,0.6133333333333333
Compress,22,26,DPT,75,0.39333333333333337,46,0.6133333333333333
Compress,22,26,STARTS,57,0.36666666666666664,48,0.64
Compress,22,26,STARTS+FAST-S,57,0.7133333333333334,22,0.29333333333333333
Compress,22,26,STARTS+FAST-P,57,0.6733333333333335,25,0.3333333333333333
Compress,22,26,STARTS+DPT,57,0.37999999999999995,47,0.6266666666666667
Compress,22,26,Fastazi-S,53,0.36666666666666664,48,0.64
Compress,22,26,Fastazi-P,53,0.42,44,0.5866666666666667
Compress,22,26,Random,75,0.6066666666666667,30,0.4
Compress,22,27,Ekstazi,53,0.39333333333333337,46,0.6133333333333333
Compress,22,27,FAST,75,0.18,62,0.8266666666666667
Compress,22,27,Ekstazi+dpt,53,0.4066666666666667,45,0.6
Compress,22,27,DPT,75,0.39333333333333337,46,0.6133333333333333
Compress,22,27,STARTS,57,0.35333333333333333,49,0.6533333333333333
Compress,22,27,STARTS+FAST-S,57,0.7133333333333334,22,0.29333333333333333
Compress,22,27,STARTS+FAST-P,57,0.66,26,0.3466666666666667
Compress,22,27,STARTS+DPT,57,0.37999999999999995,47,0.6266666666666667
Compress,22,27,Fastazi-S,53,0.39333333333333337,46,0.6133333333333333
Compress,22,27,Fastazi-P,53,0.42,44,0.5866666666666667
Compress,22,27,Random,75,0.6333333333333334,28,0.37333333333333335
Compress,22,28,Ekstazi,53,0.7933333333333333,16,0.21333333333333335
Compress,22,28,FAST,75,0.18,62,0.8266666666666667
Compress,22,28,Ekstazi+dpt,53,0.4066666666666667,45,0.6
Compress,22,28,DPT,75,0.39333333333333337,46,0.6133333333333333
Compress,22,28,STARTS,57,0.78,17,0.22666666666666666
Compress,22,28,STARTS+FAST-S,57,0.7133333333333334,22,0.29333333333333333
Compress,22,28,STARTS+FAST-P,57,0.6733333333333335,25,0.3333333333333333
Compress,22,28,STARTS+DPT,57,0.37999999999999995,47,0.6266666666666667
Compress,22,28,Fastazi-S,53,0.36666666666666664,48,0.64
Compress,22,28,Fastazi-P,53,0.42,44,0.5866666666666667
Compress,22,28,Random,75,0.10000000000000005,68,0.9066666666666666
Compress,22,29,Ekstazi,53,0.62,29,0.38666666666666666
Compress,22,29,FAST,75,0.18,62,0.8266666666666667
Compress,22,29,Ekstazi+dpt,53,0.39333333333333337,46,0.6133333333333333
Compress,22,29,DPT,75,0.39333333333333337,46,0.6133333333333333
Compress,22,29,STARTS,57,0.8733333333333334,10,0.13333333333333333
Compress,22,29,STARTS+FAST-S,57,0.7133333333333334,22,0.29333333333333333
Compress,22,29,STARTS+FAST-P,57,0.66,26,0.3466666666666667
Compress,22,29,STARTS+DPT,57,0.39333333333333337,46,0.6133333333333333
Compress,22,29,Fastazi-S,53,0.39333333333333337,46,0.6133333333333333
Compress,22,29,Fastazi-P,53,0.42,44,0.5866666666666667
Compress,22,29,Random,75,0.8066666666666668,15,0.2
Compress,22,30,Ekstazi,53,0.8466666666666667,12,0.16
Compress,22,30,FAST,75,0.18,62,0.8266666666666667
Compress,22,30,Ekstazi+dpt,53,0.39333333333333337,46,0.6133333333333333
Compress,22,30,DPT,75,0.37999999999999995,47,0.6266666666666667
Compress,22,30,STARTS,57,0.9533333333333334,4,0.05333333333333334
Compress,22,30,STARTS+FAST-S,57,0.7133333333333334,22,0.29333333333333333
Compress,22,30,STARTS+FAST-P,57,0.66,26,0.3466666666666667
Compress,22,30,STARTS+DPT,57,0.37999999999999995,47,0.6266666666666667
Compress,22,30,Fastazi-S,53,0.39333333333333337,46,0.6133333333333333
Compress,22,30,Fastazi-P,53,0.42,44,0.5866666666666667
Compress,22,30,Random,75,0.47333333333333333,40,0.5333333333333333
Compress,23,1,Ekstazi,2,0.9933333333333334,1,0.013333333333333334
Compress,23,1,FAST,75,0.8466666666666667,12,0.16
Compress,23,1,Ekstazi+dpt,2,0.9800000000000001,2,0.02666666666666667
Compress,23,1,DPT,75,0.8733333333333334,10,0.13333333333333333
Compress,23,1,STARTS,3,0.9800000000000001,2,0.02666666666666667
Compress,23,1,STARTS+FAST-S,3,0.9800000000000001,2,0.02666666666666667
Compress,23,1,STARTS+FAST-P,3,0.9933333333333334,1,0.013333333333333334
Compress,23,1,STARTS+DPT,3,0.9666666666666667,3,0.04
Compress,23,1,Fastazi-S,2,0.9933333333333334,1,0.013333333333333334
Compress,23,1,Fastazi-P,2,0.9933333333333334,1,0.013333333333333334
Compress,23,1,Random,75,0.46,41,0.5466666666666666
Compress,23,2,Ekstazi,2,0.9800000000000001,2,0.02666666666666667
Compress,23,2,FAST,75,0.8066666666666668,15,0.2
Compress,23,2,Ekstazi+dpt,2,0.9800000000000001,2,0.02666666666666667
Compress,23,2,DPT,75,0.8466666666666667,12,0.16
Compress,23,2,STARTS,3,0.9933333333333334,1,0.013333333333333334
Compress,23,2,STARTS+FAST-S,3,0.9800000000000001,2,0.02666666666666667
Compress,23,2,STARTS+FAST-P,3,0.9933333333333334,1,0.013333333333333334
Compress,23,2,STARTS+DPT,3,0.9666666666666667,3,0.04
Compress,23,2,Fastazi-S,2,0.9800000000000001,2,0.02666666666666667
Compress,23,2,Fastazi-P,2,0.9933333333333334,1,0.013333333333333334
Compress,23,2,Random,75,0.66,26,0.3466666666666667
Compress,23,3,Ekstazi,2,0.9933333333333334,1,0.013333333333333334
Compress,23,3,FAST,75,0.7933333333333333,16,0.21333333333333335
Compress,23,3,Ekstazi+dpt,2,0.9800000000000001,2,0.02666666666666667
Compress,23,3,DPT,75,0.8733333333333334,10,0.13333333333333333
Compress,23,3,STARTS,3,0.9800000000000001,2,0.02666666666666667
Compress,23,3,STARTS+FAST-S,3,0.9800000000000001,2,0.02666666666666667
Compress,23,3,STARTS+FAST-P,3,0.9933333333333334,1,0.013333333333333334
Compress,23,3,STARTS+DPT,3,0.9666666666666667,3,0.04
Compress,23,3,Fastazi-S,2,0.9933333333333334,1,0.013333333333333334
Compress,23,3,Fastazi-P,2,0.9933333333333334,1,0.013333333333333334
Compress,23,3,Random,75,0.9933333333333334,1,0.013333333333333334
Compress,23,4,Ekstazi,2,0.9933333333333334,1,0.013333333333333334
Compress,23,4,FAST,75,0.8466666666666667,12,0.16
Compress,23,4,Ekstazi+dpt,2,0.9800000000000001,2,0.02666666666666667
Compress,23,4,DPT,75,0.86,11,0.14666666666666667
Compress,23,4,STARTS,3,0.9800000000000001,2,0.02666666666666667
Compress,23,4,STARTS+FAST-S,3,0.9933333333333334,1,0.013333333333333334
Compress,23,4,STARTS+FAST-P,3,0.9800000000000001,2,0.02666666666666667
Compress,23,4,STARTS+DPT,3,0.9666666666666667,3,0.04
Compress,23,4,Fastazi-S,2,0.9933333333333334,1,0.013333333333333334
Compress,23,4,Fastazi-P,2,0.9933333333333334,1,0.013333333333333334
Compress,23,4,Random,75,0.22000000000000003,59,0.7866666666666666
Compress,23,5,Ekstazi,2,0.9933333333333334,1,0.013333333333333334
Compress,23,5,FAST,75,0.8066666666666668,15,0.2
Compress,23,5,Ekstazi+dpt,2,0.9800000000000001,2,0.02666666666666667
Compress,23,5,DPT,75,0.8733333333333334,10,0.13333333333333333
Compress,23,5,STARTS,3,0.9800000000000001,2,0.02666666666666667
Compress,23,5,STARTS+FAST-S,3,0.9800000000000001,2,0.02666666666666667
Compress,23,5,STARTS+FAST-P,3,0.9933333333333334,1,0.013333333333333334
Compress,23,5,STARTS+DPT,3,0.9666666666666667,3,0.04
Compress,23,5,Fastazi-S,2,0.9933333333333334,1,0.013333333333333334
Compress,23,5,Fastazi-P,2,0.9933333333333334,1,0.013333333333333334
Compress,23,5,Random,75,0.9400000000000001,5,0.06666666666666667
Compress,23,6,Ekstazi,2,0.9933333333333334,1,0.013333333333333334
Compress,23,6,FAST,75,0.8066666666666668,15,0.2
Compress,23,6,Ekstazi+dpt,2,0.9800000000000001,2,0.02666666666666667
Compress,23,6,DPT,75,0.8466666666666667,12,0.16
Compress,23,6,STARTS,3,0.9933333333333334,1,0.013333333333333334
Compress,23,6,STARTS+FAST-S,3,0.9933333333333334,1,0.013333333333333334
Compress,23,6,STARTS+FAST-P,3,0.9933333333333334,1,0.013333333333333334
Compress,23,6,STARTS+DPT,3,0.9666666666666667,3,0.04
Compress,23,6,Fastazi-S,2,0.9933333333333334,1,0.013333333333333334
Compress,23,6,Fastazi-P,2,0.9933333333333334,1,0.013333333333333334
Compress,23,6,Random,75,0.9133333333333333,7,0.09333333333333334
Compress,23,7,Ekstazi,2,0.9933333333333334,1,0.013333333333333334
Compress,23,7,FAST,75,0.8066666666666668,15,0.2
Compress,23,7,Ekstazi+dpt,2,0.9800000000000001,2,0.02666666666666667
Compress,23,7,DPT,75,0.86,11,0.14666666666666667
Compress,23,7,STARTS,3,0.9800000000000001,2,0.02666666666666667
Compress,23,7,STARTS+FAST-S,3,0.9800000000000001,2,0.02666666666666667
Compress,23,7,STARTS+FAST-P,3,0.9933333333333334,1,0.013333333333333334
Compress,23,7,STARTS+DPT,3,0.9666666666666667,3,0.04
Compress,23,7,Fastazi-S,2,0.9933333333333334,1,0.013333333333333334
Compress,23,7,Fastazi-P,2,0.9933333333333334,1,0.013333333333333334
Compress,23,7,Random,75,0.11333333333333336,67,0.8933333333333333
Compress,23,8,Ekstazi,2,0.9933333333333334,1,0.013333333333333334
Compress,23,8,FAST,75,0.8066666666666668,15,0.2
Compress,23,8,Ekstazi+dpt,2,0.9800000000000001,2,0.02666666666666667
Compress,23,8,DPT,75,0.8733333333333334,10,0.13333333333333333
Compress,23,8,STARTS,3,0.9933333333333334,1,0.013333333333333334
Compress,23,8,STARTS+FAST-S,3,0.9800000000000001,2,0.02666666666666667
Compress,23,8,STARTS+FAST-P,3,0.9933333333333334,1,0.013333333333333334
Compress,23,8,STARTS+DPT,3,0.9666666666666667,3,0.04
Compress,23,8,Fastazi-S,2,0.9933333333333334,1,0.013333333333333334
Compress,23,8,Fastazi-P,2,0.9933333333333334,1,0.013333333333333334
Compress,23,8,Random,75,0.006666666666666667,75,1.0
Compress,23,9,Ekstazi,2,0.9800000000000001,2,0.02666666666666667
Compress,23,9,FAST,75,0.7933333333333333,16,0.21333333333333335
Compress,23,9,Ekstazi+dpt,2,0.9800000000000001,2,0.02666666666666667
Compress,23,9,DPT,75,0.86,11,0.14666666666666667
Compress,23,9,STARTS,3,0.9666666666666667,3,0.04
Compress,23,9,STARTS+FAST-S,3,0.9800000000000001,2,0.02666666666666667
Compress,23,9,STARTS+FAST-P,3,0.9933333333333334,1,0.013333333333333334
Compress,23,9,STARTS+DPT,3,0.9666666666666667,3,0.04
Compress,23,9,Fastazi-S,2,0.9800000000000001,2,0.02666666666666667
Compress,23,9,Fastazi-P,2,0.9933333333333334,1,0.013333333333333334
Compress,23,9,Random,75,0.24666666666666665,57,0.76
Compress,23,10,Ekstazi,2,0.9800000000000001,2,0.02666666666666667
Compress,23,10,FAST,75,0.8066666666666668,15,0.2
Compress,23,10,Ekstazi+dpt,2,0.9800000000000001,2,0.02666666666666667
Compress,23,10,DPT,75,0.86,11,0.14666666666666667
Compress,23,10,STARTS,3,0.9933333333333334,1,0.013333333333333334
Compress,23,10,STARTS+FAST-S,3,0.9800000000000001,2,0.02666666666666667
Compress,23,10,STARTS+FAST-P,3,0.9933333333333334,1,0.013333333333333334
Compress,23,10,STARTS+DPT,3,0.9666666666666667,3,0.04
Compress,23,10,Fastazi-S,2,0.9800000000000001,2,0.02666666666666667
Compress,23,10,Fastazi-P,2,0.9933333333333334,1,0.013333333333333334
Compress,23,10,Random,75,0.37999999999999995,47,0.6266666666666667
Compress,23,11,Ekstazi,2,0.9933333333333334,1,0.013333333333333334
Compress,23,11,FAST,75,0.7933333333333333,16,0.21333333333333335
Compress,23,11,Ekstazi+dpt,2,0.9800000000000001,2,0.02666666666666667
Compress,23,11,DPT,75,0.8466666666666667,12,0.16
Compress,23,11,STARTS,3,0.9933333333333334,1,0.013333333333333334
Compress,23,11,STARTS+FAST-S,3,0.9800000000000001,2,0.02666666666666667
Compress,23,11,STARTS+FAST-P,3,0.9933333333333334,1,0.013333333333333334
Compress,23,11,STARTS+DPT,3,0.9666666666666667,3,0.04
Compress,23,11,Fastazi-S,2,0.9800000000000001,2,0.02666666666666667
Compress,23,11,Fastazi-P,2,0.9800000000000001,2,0.02666666666666667
Compress,23,11,Random,75,0.08666666666666663,69,0.92
Compress,23,12,Ekstazi,2,0.9800000000000001,2,0.02666666666666667
Compress,23,12,FAST,75,0.8466666666666667,12,0.16
Compress,23,12,Ekstazi+dpt,2,0.9800000000000001,2,0.02666666666666667
Compress,23,12,DPT,75,0.8466666666666667,12,0.16
Compress,23,12,STARTS,3,0.9666666666666667,3,0.04
Compress,23,12,STARTS+FAST-S,3,0.9800000000000001,2,0.02666666666666667
Compress,23,12,STARTS+FAST-P,3,0.9933333333333334,1,0.013333333333333334
Compress,23,12,STARTS+DPT,3,0.9666666666666667,3,0.04
Compress,23,12,Fastazi-S,2,0.9800000000000001,2,0.02666666666666667
Compress,23,12,Fastazi-P,2,0.9933333333333334,1,0.013333333333333334
Compress,23,12,Random,75,0.006666666666666667,75,1.0
Compress,23,13,Ekstazi,2,0.9800000000000001,2,0.02666666666666667
Compress,23,13,FAST,75,0.8066666666666668,15,0.2
Compress,23,13,Ekstazi+dpt,2,0.9800000000000001,2,0.02666666666666667
Compress,23,13,DPT,75,0.8466666666666667,12,0.16
Compress,23,13,STARTS,3,0.9933333333333334,1,0.013333333333333334
Compress,23,13,STARTS+FAST-S,3,0.9800000000000001,2,0.02666666666666667
Compress,23,13,STARTS+FAST-P,3,0.9933333333333334,1,0.013333333333333334
Compress,23,13,STARTS+DPT,3,0.9666666666666667,3,0.04
Compress,23,13,Fastazi-S,2,0.9933333333333334,1,0.013333333333333334
Compress,23,13,Fastazi-P,2,0.9933333333333334,1,0.013333333333333334
Compress,23,13,Random,75,0.6866666666666666,24,0.32
Compress,23,14,Ekstazi,2,0.9933333333333334,1,0.013333333333333334
Compress,23,14,FAST,75,0.8066666666666668,15,0.2
Compress,23,14,Ekstazi+dpt,2,0.9800000000000001,2,0.02666666666666667
Compress,23,14,DPT,75,0.8466666666666667,12,0.16
Compress,23,14,STARTS,3,0.9800000000000001,2,0.02666666666666667
Compress,23,14,STARTS+FAST-S,3,0.9933333333333334,1,0.013333333333333334
Compress,23,14,STARTS+FAST-P,3,0.9933333333333334,1,0.013333333333333334
Compress,23,14,STARTS+DPT,3,0.9666666666666667,3,0.04
Compress,23,14,Fastazi-S,2,0.9933333333333334,1,0.013333333333333334
Compress,23,14,Fastazi-P,2,0.9933333333333334,1,0.013333333333333334
Compress,23,14,Random,75,0.22000000000000003,59,0.7866666666666666
Compress,23,15,Ekstazi,2,0.9933333333333334,1,0.013333333333333334
Compress,23,15,FAST,75,0.8066666666666668,15,0.2
Compress,23,15,Ekstazi+dpt,2,0.9800000000000001,2,0.02666666666666667
Compress,23,15,DPT,75,0.8733333333333334,10,0.13333333333333333
Compress,23,15,STARTS,3,0.9800000000000001,2,0.02666666666666667
Compress,23,15,STARTS+FAST-S,3,0.9800000000000001,2,0.02666666666666667
Compress,23,15,STARTS+FAST-P,3,0.9933333333333334,1,0.013333333333333334
Compress,23,15,STARTS+DPT,3,0.9666666666666667,3,0.04
Compress,23,15,Fastazi-S,2,0.9800000000000001,2,0.02666666666666667
Compress,23,15,Fastazi-P,2,0.9933333333333334,1,0.013333333333333334
Compress,23,15,Random,75,0.10000000000000005,68,0.9066666666666666
Compress,23,16,Ekstazi,2,0.9933333333333334,1,0.013333333333333334
Compress,23,16,FAST,75,0.7933333333333333,16,0.21333333333333335
Compress,23,16,Ekstazi+dpt,2,0.9800000000000001,2,0.02666666666666667
Compress,23,16,DPT,75,0.8733333333333334,10,0.13333333333333333
Compress,23,16,STARTS,3,0.9933333333333334,1,0.013333333333333334
Compress,23,16,STARTS+FAST-S,3,0.9800000000000001,2,0.02666666666666667
Compress,23,16,STARTS+FAST-P,3,0.9933333333333334,1,0.013333333333333334
Compress,23,16,STARTS+DPT,3,0.9666666666666667,3,0.04
Compress,23,16,Fastazi-S,2,0.9933333333333334,1,0.013333333333333334
Compress,23,16,Fastazi-P,2,0.9933333333333334,1,0.013333333333333334
Compress,23,16,Random,75,0.8866666666666667,9,0.12
Compress,23,17,Ekstazi,2,0.9933333333333334,1,0.013333333333333334
Compress,23,17,FAST,75,0.8466666666666667,12,0.16
Compress,23,17,Ekstazi+dpt,2,0.9800000000000001,2,0.02666666666666667
Compress,23,17,DPT,75,0.8466666666666667,12,0.16
Compress,23,17,STARTS,3,0.9666666666666667,3,0.04
Compress,23,17,STARTS+FAST-S,3,0.9800000000000001,2,0.02666666666666667
Compress,23,17,STARTS+FAST-P,3,0.9933333333333334,1,0.013333333333333334
Compress,23,17,STARTS+DPT,3,0.9666666666666667,3,0.04
Compress,23,17,Fastazi-S,2,0.9933333333333334,1,0.013333333333333334
Compress,23,17,Fastazi-P,2,0.9933333333333334,1,0.013333333333333334
Compress,23,17,Random,75,0.66,26,0.3466666666666667
Compress,23,18,Ekstazi,2,0.9933333333333334,1,0.013333333333333334
Compress,23,18,FAST,75,0.8066666666666668,15,0.2
Compress,23,18,Ekstazi+dpt,2,0.9800000000000001,2,0.02666666666666667
Compress,23,18,DPT,75,0.8466666666666667,12,0.16
Compress,23,18,STARTS,3,0.9933333333333334,1,0.013333333333333334
Compress,23,18,STARTS+FAST-S,3,0.9800000000000001,2,0.02666666666666667
Compress,23,18,STARTS+FAST-P,3,0.9933333333333334,1,0.013333333333333334
Compress,23,18,STARTS+DPT,3,0.9666666666666667,3,0.04
Compress,23,18,Fastazi-S,2,0.9933333333333334,1,0.013333333333333334
Compress,23,18,Fastazi-P,2,0.9933333333333334,1,0.013333333333333334
Compress,23,18,Random,75,0.54,35,0.4666666666666667
Compress,23,19,Ekstazi,2,0.9800000000000001,2,0.02666666666666667
Compress,23,19,FAST,75,0.8066666666666668,15,0.2
Compress,23,19,Ekstazi+dpt,2,0.9800000000000001,2,0.02666666666666667
Compress,23,19,DPT,75,0.86,11,0.14666666666666667
Compress,23,19,STARTS,3,0.9800000000000001,2,0.02666666666666667
Compress,23,19,STARTS+FAST-S,3,0.9933333333333334,1,0.013333333333333334
Compress,23,19,STARTS+FAST-P,3,0.9933333333333334,1,0.013333333333333334
Compress,23,19,STARTS+DPT,3,0.9666666666666667,3,0.04
Compress,23,19,Fastazi-S,2,0.9933333333333334,1,0.013333333333333334
Compress,23,19,Fastazi-P,2,0.9933333333333334,1,0.013333333333333334
Compress,23,19,Random,75,0.35333333333333333,49,0.6533333333333333
Compress,23,20,Ekstazi,2,0.9800000000000001,2,0.02666666666666667
Compress,23,20,FAST,75,0.8466666666666667,12,0.16
Compress,23,20,Ekstazi+dpt,2,0.9800000000000001,2,0.02666666666666667
Compress,23,20,DPT,75,0.8733333333333334,10,0.13333333333333333
Compress,23,20,STARTS,3,0.9666666666666667,3,0.04
Compress,23,20,STARTS+FAST-S,3,0.9933333333333334,1,0.013333333333333334
Compress,23,20,STARTS+FAST-P,3,0.9933333333333334,1,0.013333333333333334
Compress,23,20,STARTS+DPT,3,0.9666666666666667,3,0.04
Compress,23,20,Fastazi-S,2,0.9800000000000001,2,0.02666666666666667
Compress,23,20,Fastazi-P,2,0.9933333333333334,1,0.013333333333333334
Compress,23,20,Random,75,0.5933333333333334,31,0.41333333333333333
Compress,23,21,Ekstazi,2,0.9800000000000001,2,0.02666666666666667
Compress,23,21,FAST,75,0.7933333333333333,16,0.21333333333333335
Compress,23,21,Ekstazi+dpt,2,0.9800000000000001,2,0.02666666666666667
Compress,23,21,DPT,75,0.86,11,0.14666666666666667
Compress,23,21,STARTS,3,0.9800000000000001,2,0.02666666666666667
Compress,23,21,STARTS+FAST-S,3,0.9800000000000001,2,0.02666666666666667
Compress,23,21,STARTS+FAST-P,3,0.9933333333333334,1,0.013333333333333334
Compress,23,21,STARTS+DPT,3,0.9666666666666667,3,0.04
Compress,23,21,Fastazi-S,2,0.9800000000000001,2,0.02666666666666667
Compress,23,21,Fastazi-P,2,0.9933333333333334,1,0.013333333333333334
Compress,23,21,Random,75,0.033333333333333284,73,0.9733333333333334
Compress,23,22,Ekstazi,2,0.9800000000000001,2,0.02666666666666667
Compress,23,22,FAST,75,0.7933333333333333,16,0.21333333333333335
Compress,23,22,Ekstazi+dpt,2,0.9800000000000001,2,0.02666666666666667
Compress,23,22,DPT,75,0.8466666666666667,12,0.16
Compress,23,22,STARTS,3,0.9666666666666667,3,0.04
Compress,23,22,STARTS+FAST-S,3,0.9800000000000001,2,0.02666666666666667
Compress,23,22,STARTS+FAST-P,3,0.9933333333333334,1,0.013333333333333334
Compress,23,22,STARTS+DPT,3,0.9666666666666667,3,0.04
Compress,23,22,Fastazi-S,2,0.9800000000000001,2,0.02666666666666667
Compress,23,22,Fastazi-P,2,0.9933333333333334,1,0.013333333333333334
Compress,23,22,Random,75,0.9,8,0.10666666666666667
Compress,23,23,Ekstazi,2,0.9933333333333334,1,0.013333333333333334
Compress,23,23,FAST,75,0.8466666666666667,12,0.16
Compress,23,23,Ekstazi+dpt,2,0.9800000000000001,2,0.02666666666666667
Compress,23,23,DPT,75,0.86,11,0.14666666666666667
Compress,23,23,STARTS,3,0.9800000000000001,2,0.02666666666666667
Compress,23,23,STARTS+FAST-S,3,0.9800000000000001,2,0.02666666666666667
Compress,23,23,STARTS+FAST-P,3,0.9933333333333334,1,0.013333333333333334
Compress,23,23,STARTS+DPT,3,0.9666666666666667,3,0.04
Compress,23,23,Fastazi-S,2,0.9800000000000001,2,0.02666666666666667
Compress,23,23,Fastazi-P,2,0.9933333333333334,1,0.013333333333333334
Compress,23,23,Random,75,0.78,17,0.22666666666666666
Compress,23,24,Ekstazi,2,0.9800000000000001,2,0.02666666666666667
Compress,23,24,FAST,75,0.7933333333333333,16,0.21333333333333335
Compress,23,24,Ekstazi+dpt,2,0.9800000000000001,2,0.02666666666666667
Compress,23,24,DPT,75,0.86,11,0.14666666666666667
Compress,23,24,STARTS,3,0.9666666666666667,3,0.04
Compress,23,24,STARTS+FAST-S,3,0.9800000000000001,2,0.02666666666666667
Compress,23,24,STARTS+FAST-P,3,0.9933333333333334,1,0.013333333333333334
Compress,23,24,STARTS+DPT,3,0.9666666666666667,3,0.04
Compress,23,24,Fastazi-S,2,0.9933333333333334,1,0.013333333333333334
Compress,23,24,Fastazi-P,2,0.9933333333333334,1,0.013333333333333334
Compress,23,24,Random,75,0.6066666666666667,30,0.4
Compress,23,25,Ekstazi,2,0.9800000000000001,2,0.02666666666666667
Compress,23,25,FAST,75,0.7933333333333333,16,0.21333333333333335
Compress,23,25,Ekstazi+dpt,2,0.9800000000000001,2,0.02666666666666667
Compress,23,25,DPT,75,0.8466666666666667,12,0.16
Compress,23,25,STARTS,3,0.9666666666666667,3,0.04
Compress,23,25,STARTS+FAST-S,3,0.9800000000000001,2,0.02666666666666667
Compress,23,25,STARTS+FAST-P,3,0.9933333333333334,1,0.013333333333333334
Compress,23,25,STARTS+DPT,3,0.9666666666666667,3,0.04
Compress,23,25,Fastazi-S,2,0.9933333333333334,1,0.013333333333333334
Compress,23,25,Fastazi-P,2,0.9933333333333334,1,0.013333333333333334
Compress,23,25,Random,75,0.62,29,0.38666666666666666
Compress,23,26,Ekstazi,2,0.9800000000000001,2,0.02666666666666667
Compress,23,26,FAST,75,0.8466666666666667,12,0.16
Compress,23,26,Ekstazi+dpt,2,0.9800000000000001,2,0.02666666666666667
Compress,23,26,DPT,75,0.8466666666666667,12,0.16
Compress,23,26,STARTS,3,0.9666666666666667,3,0.04
Compress,23,26,STARTS+FAST-S,3,0.9800000000000001,2,0.02666666666666667
Compress,23,26,STARTS+FAST-P,3,0.9933333333333334,1,0.013333333333333334
Compress,23,26,STARTS+DPT,3,0.9666666666666667,3,0.04
Compress,23,26,Fastazi-S,2,0.9933333333333334,1,0.013333333333333334
Compress,23,26,Fastazi-P,2,0.9933333333333334,1,0.013333333333333334
Compress,23,26,Random,75,0.7000000000000001,23,0.30666666666666664
Compress,23,27,Ekstazi,2,0.9933333333333334,1,0.013333333333333334
Compress,23,27,FAST,75,0.8066666666666668,15,0.2
Compress,23,27,Ekstazi+dpt,2,0.9800000000000001,2,0.02666666666666667
Compress,23,27,DPT,75,0.8466666666666667,12,0.16
Compress,23,27,STARTS,3,0.9666666666666667,3,0.04
Compress,23,27,STARTS+FAST-S,3,0.9933333333333334,1,0.013333333333333334
Compress,23,27,STARTS+FAST-P,3,0.9933333333333334,1,0.013333333333333334
Compress,23,27,STARTS+DPT,3,0.9666666666666667,3,0.04
Compress,23,27,Fastazi-S,2,0.9800000000000001,2,0.02666666666666667
Compress,23,27,Fastazi-P,2,0.9933333333333334,1,0.013333333333333334
Compress,23,27,Random,75,0.35333333333333333,49,0.6533333333333333
Compress,23,28,Ekstazi,2,0.9800000000000001,2,0.02666666666666667
Compress,23,28,FAST,75,0.7933333333333333,16,0.21333333333333335
Compress,23,28,Ekstazi+dpt,2,0.9800000000000001,2,0.02666666666666667
Compress,23,28,DPT,75,0.8466666666666667,12,0.16
Compress,23,28,STARTS,3,0.9800000000000001,2,0.02666666666666667
Compress,23,28,STARTS+FAST-S,3,0.9800000000000001,2,0.02666666666666667
Compress,23,28,STARTS+FAST-P,3,0.9933333333333334,1,0.013333333333333334
Compress,23,28,STARTS+DPT,3,0.9666666666666667,3,0.04
Compress,23,28,Fastazi-S,2,0.9800000000000001,2,0.02666666666666667
Compress,23,28,Fastazi-P,2,0.9933333333333334,1,0.013333333333333334
Compress,23,28,Random,75,0.11333333333333336,67,0.8933333333333333
Compress,23,29,Ekstazi,2,0.9933333333333334,1,0.013333333333333334
Compress,23,29,FAST,75,0.8066666666666668,15,0.2
Compress,23,29,Ekstazi+dpt,2,0.9800000000000001,2,0.02666666666666667
Compress,23,29,DPT,75,0.8733333333333334,10,0.13333333333333333
Compress,23,29,STARTS,3,0.9666666666666667,3,0.04
Compress,23,29,STARTS+FAST-S,3,0.9933333333333334,1,0.013333333333333334
Compress,23,29,STARTS+FAST-P,3,0.9933333333333334,1,0.013333333333333334
Compress,23,29,STARTS+DPT,3,0.9666666666666667,3,0.04
Compress,23,29,Fastazi-S,2,0.9800000000000001,2,0.02666666666666667
Compress,23,29,Fastazi-P,2,0.9933333333333334,1,0.013333333333333334
Compress,23,29,Random,75,0.15333333333333327,64,0.8533333333333334
Compress,23,30,Ekstazi,2,0.9800000000000001,2,0.02666666666666667
Compress,23,30,FAST,75,0.7933333333333333,16,0.21333333333333335
Compress,23,30,Ekstazi+dpt,2,0.9800000000000001,2,0.02666666666666667
Compress,23,30,DPT,75,0.8466666666666667,12,0.16
Compress,23,30,STARTS,3,0.9666666666666667,3,0.04
Compress,23,30,STARTS+FAST-S,3,0.9933333333333334,1,0.013333333333333334
Compress,23,30,STARTS+FAST-P,3,0.9933333333333334,1,0.013333333333333334
Compress,23,30,STARTS+DPT,3,0.9666666666666667,3,0.04
Compress,23,30,Fastazi-S,2,0.9933333333333334,1,0.013333333333333334
Compress,23,30,Fastazi-P,2,0.9800000000000001,2,0.02666666666666667
Compress,23,30,Random,75,0.12666666666666665,66,0.88
Compress,24,1,Ekstazi,19,0.9800000000000001,2,0.02666666666666667
Compress,24,1,FAST,75,0.49999999999999994,38,0.5066666666666667
Compress,24,1,Ekstazi+dpt,19,0.7533333333333333,19,0.25333333333333335
Compress,24,1,DPT,75,0.35333333333333333,49,0.6533333333333333
Compress,24,1,STARTS,49,0.5133333333333333,37,0.49333333333333335
Compress,24,1,STARTS+FAST-S,49,0.5133333333333333,37,0.49333333333333335
Compress,24,1,STARTS+FAST-P,49,0.47333333333333333,40,0.5333333333333333
Compress,24,1,STARTS+DPT,49,0.42,44,0.5866666666666667
Compress,24,1,Fastazi-S,19,0.8466666666666667,12,0.16
Compress,24,1,Fastazi-P,19,0.8200000000000001,14,0.18666666666666668
Compress,24,1,Random,75,0.8200000000000001,14,0.18666666666666668
Compress,24,2,Ekstazi,19,0.9,8,0.10666666666666667
Compress,24,2,FAST,75,0.49999999999999994,38,0.5066666666666667
Compress,24,2,Ekstazi+dpt,19,0.7533333333333333,19,0.25333333333333335
Compress,24,2,DPT,75,0.36666666666666664,48,0.64
Compress,24,2,STARTS,49,0.8066666666666668,15,0.2
Compress,24,2,STARTS+FAST-S,49,0.5133333333333333,37,0.49333333333333335
Compress,24,2,STARTS+FAST-P,49,0.46,41,0.5466666666666666
Compress,24,2,STARTS+DPT,49,0.42,44,0.5866666666666667
Compress,24,2,Fastazi-S,19,0.8466666666666667,12,0.16
Compress,24,2,Fastazi-P,19,0.8200000000000001,14,0.18666666666666668
Compress,24,2,Random,75,0.006666666666666667,75,1.0
Compress,24,3,Ekstazi,19,0.9666666666666667,3,0.04
Compress,24,3,FAST,75,0.49999999999999994,38,0.5066666666666667
Compress,24,3,Ekstazi+dpt,19,0.7533333333333333,19,0.25333333333333335
Compress,24,3,DPT,75,0.36666666666666664,48,0.64
Compress,24,3,STARTS,49,0.9933333333333334,1,0.013333333333333334
Compress,24,3,STARTS+FAST-S,49,0.5133333333333333,37,0.49333333333333335
Compress,24,3,STARTS+FAST-P,49,0.46,41,0.5466666666666666
Compress,24,3,STARTS+DPT,49,0.42,44,0.5866666666666667
Compress,24,3,Fastazi-S,19,0.8466666666666667,12,0.16
Compress,24,3,Fastazi-P,19,0.8200000000000001,14,0.18666666666666668
Compress,24,3,Random,75,0.25999999999999995,56,0.7466666666666667
Compress,24,4,Ekstazi,19,0.7533333333333333,19,0.25333333333333335
Compress,24,4,FAST,75,0.48666666666666664,39,0.52
Compress,24,4,Ekstazi+dpt,19,0.7533333333333333,19,0.25333333333333335
Compress,24,4,DPT,75,0.35333333333333333,49,0.6533333333333333
Compress,24,4,STARTS,49,0.7666666666666667,18,0.24
Compress,24,4,STARTS+FAST-S,49,0.49999999999999994,38,0.5066666666666667
Compress,24,4,STARTS+FAST-P,49,0.47333333333333333,40,0.5333333333333333
Compress,24,4,STARTS+DPT,49,0.42,44,0.5866666666666667
Compress,24,4,Fastazi-S,19,0.8466666666666667,12,0.16
Compress,24,4,Fastazi-P,19,0.8200000000000001,14,0.18666666666666668
Compress,24,4,Random,75,0.6733333333333335,25,0.3333333333333333
Compress,24,5,Ekstazi,19,0.9933333333333334,1,0.013333333333333334
Compress,24,5,FAST,75,0.49999999999999994,38,0.5066666666666667
Compress,24,5,Ekstazi+dpt,19,0.7533333333333333,19,0.25333333333333335
Compress,24,5,DPT,75,0.36666666666666664,48,0.64
Compress,24,5,STARTS,49,0.66,26,0.3466666666666667
Compress,24,5,STARTS+FAST-S,49,0.5133333333333333,37,0.49333333333333335
Compress,24,5,STARTS+FAST-P,49,0.47333333333333333,40,0.5333333333333333
Compress,24,5,STARTS+DPT,49,0.42,44,0.5866666666666667
Compress,24,5,Fastazi-S,19,0.8466666666666667,12,0.16
Compress,24,5,Fastazi-P,19,0.8200000000000001,14,0.18666666666666668
Compress,24,5,Random,75,0.16666666666666669,63,0.84
Compress,24,6,Ekstazi,19,0.9800000000000001,2,0.02666666666666667
Compress,24,6,FAST,75,0.49999999999999994,38,0.5066666666666667
Compress,24,6,Ekstazi+dpt,19,0.7533333333333333,19,0.25333333333333335
Compress,24,6,DPT,75,0.36666666666666664,48,0.64
Compress,24,6,STARTS,49,0.49999999999999994,38,0.5066666666666667
Compress,24,6,STARTS+FAST-S,49,0.5133333333333333,37,0.49333333333333335
Compress,24,6,STARTS+FAST-P,49,0.47333333333333333,40,0.5333333333333333
Compress,24,6,STARTS+DPT,49,0.42,44,0.5866666666666667
Compress,24,6,Fastazi-S,19,0.8466666666666667,12,0.16
Compress,24,6,Fastazi-P,19,0.8200000000000001,14,0.18666666666666668
Compress,24,6,Random,75,0.6466666666666667,27,0.36
Compress,24,7,Ekstazi,19,0.8466666666666667,12,0.16
Compress,24,7,FAST,75,0.49999999999999994,38,0.5066666666666667
Compress,24,7,Ekstazi+dpt,19,0.7533333333333333,19,0.25333333333333335
Compress,24,7,DPT,75,0.35333333333333333,49,0.6533333333333333
Compress,24,7,STARTS,49,0.66,26,0.3466666666666667
Compress,24,7,STARTS+FAST-S,49,0.5133333333333333,37,0.49333333333333335
Compress,24,7,STARTS+FAST-P,49,0.47333333333333333,40,0.5333333333333333
Compress,24,7,STARTS+DPT,49,0.42,44,0.5866666666666667
Compress,24,7,Fastazi-S,19,0.8466666666666667,12,0.16
Compress,24,7,Fastazi-P,19,0.8200000000000001,14,0.18666666666666668
Compress,24,7,Random,75,0.9533333333333334,4,0.05333333333333334
Compress,24,8,Ekstazi,19,0.8333333333333334,13,0.17333333333333334
Compress,24,8,FAST,75,0.36666666666666664,48,0.64
Compress,24,8,Ekstazi+dpt,19,0.7533333333333333,19,0.25333333333333335
Compress,24,8,DPT,75,0.35333333333333333,49,0.6533333333333333
Compress,24,8,STARTS,49,0.8866666666666667,9,0.12
Compress,24,8,STARTS+FAST-S,49,0.5133333333333333,37,0.49333333333333335
Compress,24,8,STARTS+FAST-P,49,0.47333333333333333,40,0.5333333333333333
Compress,24,8,STARTS+DPT,49,0.42,44,0.5866666666666667
Compress,24,8,Fastazi-S,19,0.8466666666666667,12,0.16
Compress,24,8,Fastazi-P,19,0.8066666666666668,15,0.2
Compress,24,8,Random,75,0.7000000000000001,23,0.30666666666666664
Compress,24,9,Ekstazi,19,0.9133333333333333,7,0.09333333333333334
Compress,24,9,FAST,75,0.49999999999999994,38,0.5066666666666667
Compress,24,9,Ekstazi+dpt,19,0.7533333333333333,19,0.25333333333333335
Compress,24,9,DPT,75,0.35333333333333333,49,0.6533333333333333
Compress,24,9,STARTS,49,0.8866666666666667,9,0.12
Compress,24,9,STARTS+FAST-S,49,0.5133333333333333,37,0.49333333333333335
Compress,24,9,STARTS+FAST-P,49,0.47333333333333333,40,0.5333333333333333
Compress,24,9,STARTS+DPT,49,0.42,44,0.5866666666666667
Compress,24,9,Fastazi-S,19,0.8466666666666667,12,0.16
Compress,24,9,Fastazi-P,19,0.8200000000000001,14,0.18666666666666668
Compress,24,9,Random,75,0.7400000000000001,20,0.26666666666666666
Compress,24,10,Ekstazi,19,0.8066666666666668,15,0.2
Compress,24,10,FAST,75,0.49999999999999994,38,0.5066666666666667
Compress,24,10,Ekstazi+dpt,19,0.7533333333333333,19,0.25333333333333335
Compress,24,10,DPT,75,0.35333333333333333,49,0.6533333333333333
Compress,24,10,STARTS,49,0.4466666666666666,42,0.56
Compress,24,10,STARTS+FAST-S,49,0.49999999999999994,38,0.5066666666666667
Compress,24,10,STARTS+FAST-P,49,0.47333333333333333,40,0.5333333333333333
Compress,24,10,STARTS+DPT,49,0.42,44,0.5866666666666667
Compress,24,10,Fastazi-S,19,0.8466666666666667,12,0.16
Compress,24,10,Fastazi-P,19,0.8200000000000001,14,0.18666666666666668
Compress,24,10,Random,75,0.3133333333333333,52,0.6933333333333334
Compress,24,11,Ekstazi,19,0.9,8,0.10666666666666667
Compress,24,11,FAST,75,0.49999999999999994,38,0.5066666666666667
Compress,24,11,Ekstazi+dpt,19,0.7533333333333333,19,0.25333333333333335
Compress,24,11,DPT,75,0.36666666666666664,48,0.64
Compress,24,11,STARTS,49,0.7533333333333333,19,0.25333333333333335
Compress,24,11,STARTS+FAST-S,49,0.5133333333333333,37,0.49333333333333335
Compress,24,11,STARTS+FAST-P,49,0.47333333333333333,40,0.5333333333333333
Compress,24,11,STARTS+DPT,49,0.42,44,0.5866666666666667
Compress,24,11,Fastazi-S,19,0.8466666666666667,12,0.16
Compress,24,11,Fastazi-P,19,0.8200000000000001,14,0.18666666666666668
Compress,24,11,Random,75,0.9666666666666667,3,0.04
Compress,24,12,Ekstazi,19,0.7933333333333333,16,0.21333333333333335
Compress,24,12,FAST,75,0.49999999999999994,38,0.5066666666666667
Compress,24,12,Ekstazi+dpt,19,0.7533333333333333,19,0.25333333333333335
Compress,24,12,DPT,75,0.36666666666666664,48,0.64
Compress,24,12,STARTS,49,0.7266666666666667,21,0.28
Compress,24,12,STARTS+FAST-S,49,0.5133333333333333,37,0.49333333333333335
Compress,24,12,STARTS+FAST-P,49,0.47333333333333333,40,0.5333333333333333
Compress,24,12,STARTS+DPT,49,0.42,44,0.5866666666666667
Compress,24,12,Fastazi-S,19,0.8466666666666667,12,0.16
Compress,24,12,Fastazi-P,19,0.8066666666666668,15,0.2
Compress,24,12,Random,75,0.66,26,0.3466666666666667
Compress,24,13,Ekstazi,19,0.7666666666666667,18,0.24
Compress,24,13,FAST,75,0.49999999999999994,38,0.5066666666666667
Compress,24,13,Ekstazi+dpt,19,0.7533333333333333,19,0.25333333333333335
Compress,24,13,DPT,75,0.36666666666666664,48,0.64
Compress,24,13,STARTS,49,0.66,26,0.3466666666666667
Compress,24,13,STARTS+FAST-S,49,0.5133333333333333,37,0.49333333333333335
Compress,24,13,STARTS+FAST-P,49,0.47333333333333333,40,0.5333333333333333
Compress,24,13,STARTS+DPT,49,0.42,44,0.5866666666666667
Compress,24,13,Fastazi-S,19,0.8466666666666667,12,0.16
Compress,24,13,Fastazi-P,19,0.8200000000000001,14,0.18666666666666668
Compress,24,13,Random,75,0.7533333333333333,19,0.25333333333333335
Compress,24,14,Ekstazi,19,0.9133333333333333,7,0.09333333333333334
Compress,24,14,FAST,75,0.49999999999999994,38,0.5066666666666667
Compress,24,14,Ekstazi+dpt,19,0.7533333333333333,19,0.25333333333333335
Compress,24,14,DPT,75,0.36666666666666664,48,0.64
Compress,24,14,STARTS,49,0.5266666666666667,36,0.48
Compress,24,14,STARTS+FAST-S,49,0.5133333333333333,37,0.49333333333333335
Compress,24,14,STARTS+FAST-P,49,0.46,41,0.5466666666666666
Compress,24,14,STARTS+DPT,49,0.42,44,0.5866666666666667
Compress,24,14,Fastazi-S,19,0.8466666666666667,12,0.16
Compress,24,14,Fastazi-P,19,0.8200000000000001,14,0.18666666666666668
Compress,24,14,Random,75,0.3266666666666666,51,0.68
Compress,24,15,Ekstazi,19,0.8466666666666667,12,0.16
Compress,24,15,FAST,75,0.49999999999999994,38,0.5066666666666667
Compress,24,15,Ekstazi+dpt,19,0.7533333333333333,19,0.25333333333333335
Compress,24,15,DPT,75,0.36666666666666664,48,0.64
Compress,24,15,STARTS,49,0.54,35,0.4666666666666667
Compress,24,15,STARTS+FAST-S,49,0.5133333333333333,37,0.49333333333333335
Compress,24,15,STARTS+FAST-P,49,0.47333333333333333,40,0.5333333333333333
Compress,24,15,STARTS+DPT,49,0.42,44,0.5866666666666667
Compress,24,15,Fastazi-S,19,0.8466666666666667,12,0.16
Compress,24,15,Fastazi-P,19,0.8200000000000001,14,0.18666666666666668
Compress,24,15,Random,75,0.2733333333333334,55,0.7333333333333333
Compress,24,16,Ekstazi,19,0.9400000000000001,5,0.06666666666666667
Compress,24,16,FAST,75,0.49999999999999994,38,0.5066666666666667
Compress,24,16,Ekstazi+dpt,19,0.7533333333333333,19,0.25333333333333335
Compress,24,16,DPT,75,0.36666666666666664,48,0.64
Compress,24,16,STARTS,49,0.9933333333333334,1,0.013333333333333334
Compress,24,16,STARTS+FAST-S,49,0.5133333333333333,37,0.49333333333333335
Compress,24,16,STARTS+FAST-P,49,0.47333333333333333,40,0.5333333333333333
Compress,24,16,STARTS+DPT,49,0.42,44,0.5866666666666667
Compress,24,16,Fastazi-S,19,0.8466666666666667,12,0.16
Compress,24,16,Fastazi-P,19,0.8200000000000001,14,0.18666666666666668
Compress,24,16,Random,75,0.8333333333333334,13,0.17333333333333334
Compress,24,17,Ekstazi,19,0.8333333333333334,13,0.17333333333333334
Compress,24,17,FAST,75,0.49999999999999994,38,0.5066666666666667
Compress,24,17,Ekstazi+dpt,19,0.7533333333333333,19,0.25333333333333335
Compress,24,17,DPT,75,0.36666666666666664,48,0.64
Compress,24,17,STARTS,49,0.9800000000000001,2,0.02666666666666667
Compress,24,17,STARTS+FAST-S,49,0.49999999999999994,38,0.5066666666666667
Compress,24,17,STARTS+FAST-P,49,0.47333333333333333,40,0.5333333333333333
Compress,24,17,STARTS+DPT,49,0.42,44,0.5866666666666667
Compress,24,17,Fastazi-S,19,0.8466666666666667,12,0.16
Compress,24,17,Fastazi-P,19,0.8200000000000001,14,0.18666666666666668
Compress,24,17,Random,75,0.54,35,0.4666666666666667
Compress,24,18,Ekstazi,19,0.8866666666666667,9,0.12
Compress,24,18,FAST,75,0.49999999999999994,38,0.5066666666666667
Compress,24,18,Ekstazi+dpt,19,0.7533333333333333,19,0.25333333333333335
Compress,24,18,DPT,75,0.35333333333333333,49,0.6533333333333333
Compress,24,18,STARTS,49,0.54,35,0.4666666666666667
Compress,24,18,STARTS+FAST-S,49,0.5133333333333333,37,0.49333333333333335
Compress,24,18,STARTS+FAST-P,49,0.47333333333333333,40,0.5333333333333333
Compress,24,18,STARTS+DPT,49,0.42,44,0.5866666666666667
Compress,24,18,Fastazi-S,19,0.8466666666666667,12,0.16
Compress,24,18,Fastazi-P,19,0.8200000000000001,14,0.18666666666666668
Compress,24,18,Random,75,0.12666666666666665,66,0.88
Compress,24,19,Ekstazi,19,0.9533333333333334,4,0.05333333333333334
Compress,24,19,FAST,75,0.49999999999999994,38,0.5066666666666667
Compress,24,19,Ekstazi+dpt,19,0.7533333333333333,19,0.25333333333333335
Compress,24,19,DPT,75,0.35333333333333333,49,0.6533333333333333
Compress,24,19,STARTS,49,0.6466666666666667,27,0.36
Compress,24,19,STARTS+FAST-S,49,0.5133333333333333,37,0.49333333333333335
Compress,24,19,STARTS+FAST-P,49,0.47333333333333333,40,0.5333333333333333
Compress,24,19,STARTS+DPT,49,0.42,44,0.5866666666666667
Compress,24,19,Fastazi-S,19,0.8466666666666667,12,0.16
Compress,24,19,Fastazi-P,19,0.8200000000000001,14,0.18666666666666668
Compress,24,19,Random,75,0.47333333333333333,40,0.5333333333333333
Compress,24,20,Ekstazi,19,0.7533333333333333,19,0.25333333333333335
Compress,24,20,FAST,75,0.49999999999999994,38,0.5066666666666667
Compress,24,20,Ekstazi+dpt,19,0.7533333333333333,19,0.25333333333333335
Compress,24,20,DPT,75,0.36666666666666664,48,0.64
Compress,24,20,STARTS,49,0.8866666666666667,9,0.12
Compress,24,20,STARTS+FAST-S,49,0.49999999999999994,38,0.5066666666666667
Compress,24,20,STARTS+FAST-P,49,0.47333333333333333,40,0.5333333333333333
Compress,24,20,STARTS+DPT,49,0.42,44,0.5866666666666667
Compress,24,20,Fastazi-S,19,0.8466666666666667,12,0.16
Compress,24,20,Fastazi-P,19,0.8200000000000001,14,0.18666666666666668
Compress,24,20,Random,75,0.5266666666666667,36,0.48
Compress,24,21,Ekstazi,19,0.8733333333333334,10,0.13333333333333333
Compress,24,21,FAST,75,0.49999999999999994,38,0.5066666666666667
Compress,24,21,Ekstazi+dpt,19,0.7533333333333333,19,0.25333333333333335
Compress,24,21,DPT,75,0.36666666666666664,48,0.64
Compress,24,21,STARTS,49,0.5666666666666668,33,0.44
Compress,24,21,STARTS+FAST-S,49,0.5133333333333333,37,0.49333333333333335
Compress,24,21,STARTS+FAST-P,49,0.47333333333333333,40,0.5333333333333333
Compress,24,21,STARTS+DPT,49,0.42,44,0.5866666666666667
Compress,24,21,Fastazi-S,19,0.8466666666666667,12,0.16
Compress,24,21,Fastazi-P,19,0.8200000000000001,14,0.18666666666666668
Compress,24,21,Random,75,0.8733333333333334,10,0.13333333333333333
Compress,24,22,Ekstazi,19,0.9533333333333334,4,0.05333333333333334
Compress,24,22,FAST,75,0.49999999999999994,38,0.5066666666666667
Compress,24,22,Ekstazi+dpt,19,0.7533333333333333,19,0.25333333333333335
Compress,24,22,DPT,75,0.36666666666666664,48,0.64
Compress,24,22,STARTS,49,0.6066666666666667,30,0.4
Compress,24,22,STARTS+FAST-S,49,0.5133333333333333,37,0.49333333333333335
Compress,24,22,STARTS+FAST-P,49,0.47333333333333333,40,0.5333333333333333
Compress,24,22,STARTS+DPT,49,0.42,44,0.5866666666666667
Compress,24,22,Fastazi-S,19,0.8466666666666667,12,0.16
Compress,24,22,Fastazi-P,19,0.8066666666666668,15,0.2
Compress,24,22,Random,75,0.48666666666666664,39,0.52
Compress,24,23,Ekstazi,19,0.78,17,0.22666666666666666
Compress,24,23,FAST,75,0.49999999999999994,38,0.5066666666666667
Compress,24,23,Ekstazi+dpt,19,0.7533333333333333,19,0.25333333333333335
Compress,24,23,DPT,75,0.36666666666666664,48,0.64
Compress,24,23,STARTS,49,0.8333333333333334,13,0.17333333333333334
Compress,24,23,STARTS+FAST-S,49,0.5133333333333333,37,0.49333333333333335
Compress,24,23,STARTS+FAST-P,49,0.47333333333333333,40,0.5333333333333333
Compress,24,23,STARTS+DPT,49,0.42,44,0.5866666666666667
Compress,24,23,Fastazi-S,19,0.7933333333333333,16,0.21333333333333335
Compress,24,23,Fastazi-P,19,0.8200000000000001,14,0.18666666666666668
Compress,24,23,Random,75,0.9533333333333334,4,0.05333333333333334
Compress,24,24,Ekstazi,19,0.86,11,0.14666666666666667
Compress,24,24,FAST,75,0.49999999999999994,38,0.5066666666666667
Compress,24,24,Ekstazi+dpt,19,0.7533333333333333,19,0.25333333333333335
Compress,24,24,DPT,75,0.36666666666666664,48,0.64
Compress,24,24,STARTS,49,0.37999999999999995,47,0.6266666666666667
Compress,24,24,STARTS+FAST-S,49,0.5133333333333333,37,0.49333333333333335
Compress,24,24,STARTS+FAST-P,49,0.47333333333333333,40,0.5333333333333333
Compress,24,24,STARTS+DPT,49,0.42,44,0.5866666666666667
Compress,24,24,Fastazi-S,19,0.9933333333333334,1,0.013333333333333334
Compress,24,24,Fastazi-P,19,0.8200000000000001,14,0.18666666666666668
Compress,24,24,Random,75,0.3133333333333333,52,0.6933333333333334
Compress,24,25,Ekstazi,19,0.9933333333333334,1,0.013333333333333334
Compress,24,25,FAST,75,0.49999999999999994,38,0.5066666666666667
Compress,24,25,Ekstazi+dpt,19,0.7533333333333333,19,0.25333333333333335
Compress,24,25,DPT,75,0.35333333333333333,49,0.6533333333333333
Compress,24,25,STARTS,49,0.78,17,0.22666666666666666
Compress,24,25,STARTS+FAST-S,49,0.5133333333333333,37,0.49333333333333335
Compress,24,25,STARTS+FAST-P,49,0.47333333333333333,40,0.5333333333333333
Compress,24,25,STARTS+DPT,49,0.42,44,0.5866666666666667
Compress,24,25,Fastazi-S,19,0.8466666666666667,12,0.16
Compress,24,25,Fastazi-P,19,0.8200000000000001,14,0.18666666666666668
Compress,24,25,Random,75,0.58,32,0.4266666666666667
Compress,24,26,Ekstazi,19,0.9666666666666667,3,0.04
Compress,24,26,FAST,75,0.9933333333333334,1,0.013333333333333334
Compress,24,26,Ekstazi+dpt,19,0.7533333333333333,19,0.25333333333333335
Compress,24,26,DPT,75,0.35333333333333333,49,0.6533333333333333
Compress,24,26,STARTS,49,0.4466666666666666,42,0.56
Compress,24,26,STARTS+FAST-S,49,0.5133333333333333,37,0.49333333333333335
Compress,24,26,STARTS+FAST-P,49,0.47333333333333333,40,0.5333333333333333
Compress,24,26,STARTS+DPT,49,0.42,44,0.5866666666666667
Compress,24,26,Fastazi-S,19,0.7933333333333333,16,0.21333333333333335
Compress,24,26,Fastazi-P,19,0.9933333333333334,1,0.013333333333333334
Compress,24,26,Random,75,0.5533333333333333,34,0.4533333333333333
Compress,24,27,Ekstazi,19,0.8200000000000001,14,0.18666666666666668
Compress,24,27,FAST,75,0.49999999999999994,38,0.5066666666666667
Compress,24,27,Ekstazi+dpt,19,0.7533333333333333,19,0.25333333333333335
Compress,24,27,DPT,75,0.35333333333333333,49,0.6533333333333333
Compress,24,27,STARTS,49,0.5266666666666667,36,0.48
Compress,24,27,STARTS+FAST-S,49,0.5133333333333333,37,0.49333333333333335
Compress,24,27,STARTS+FAST-P,49,0.47333333333333333,40,0.5333333333333333
Compress,24,27,STARTS+DPT,49,0.42,44,0.5866666666666667
Compress,24,27,Fastazi-S,19,0.9933333333333334,1,0.013333333333333334
Compress,24,27,Fastazi-P,19,0.8200000000000001,14,0.18666666666666668
Compress,24,27,Random,75,0.8333333333333334,13,0.17333333333333334
Compress,24,28,Ekstazi,19,0.9666666666666667,3,0.04
Compress,24,28,FAST,75,0.49999999999999994,38,0.5066666666666667
Compress,24,28,Ekstazi+dpt,19,0.7533333333333333,19,0.25333333333333335
Compress,24,28,DPT,75,0.36666666666666664,48,0.64
Compress,24,28,STARTS,49,0.5666666666666668,33,0.44
Compress,24,28,STARTS+FAST-S,49,0.5133333333333333,37,0.49333333333333335
Compress,24,28,STARTS+FAST-P,49,0.47333333333333333,40,0.5333333333333333
Compress,24,28,STARTS+DPT,49,0.42,44,0.5866666666666667
Compress,24,28,Fastazi-S,19,0.8466666666666667,12,0.16
Compress,24,28,Fastazi-P,19,0.8200000000000001,14,0.18666666666666668
Compress,24,28,Random,75,0.13999999999999996,65,0.8666666666666667
Compress,24,29,Ekstazi,19,0.86,11,0.14666666666666667
Compress,24,29,FAST,75,0.49999999999999994,38,0.5066666666666667
Compress,24,29,Ekstazi+dpt,19,0.7533333333333333,19,0.25333333333333335
Compress,24,29,DPT,75,0.35333333333333333,49,0.6533333333333333
Compress,24,29,STARTS,49,0.47333333333333333,40,0.5333333333333333
Compress,24,29,STARTS+FAST-S,49,0.5133333333333333,37,0.49333333333333335
Compress,24,29,STARTS+FAST-P,49,0.47333333333333333,40,0.5333333333333333
Compress,24,29,STARTS+DPT,49,0.42,44,0.5866666666666667
Compress,24,29,Fastazi-S,19,0.8466666666666667,12,0.16
Compress,24,29,Fastazi-P,19,0.8200000000000001,14,0.18666666666666668
Compress,24,29,Random,75,0.3266666666666666,51,0.68
Compress,24,30,Ekstazi,19,0.86,11,0.14666666666666667
Compress,24,30,FAST,75,0.49999999999999994,38,0.5066666666666667
Compress,24,30,Ekstazi+dpt,19,0.7533333333333333,19,0.25333333333333335
Compress,24,30,DPT,75,0.36666666666666664,48,0.64
Compress,24,30,STARTS,49,0.9533333333333334,4,0.05333333333333334
Compress,24,30,STARTS+FAST-S,49,0.5133333333333333,37,0.49333333333333335
Compress,24,30,STARTS+FAST-P,49,0.48666666666666664,39,0.52
Compress,24,30,STARTS+DPT,49,0.42,44,0.5866666666666667
Compress,24,30,Fastazi-S,19,0.8466666666666667,12,0.16
Compress,24,30,Fastazi-P,19,0.8200000000000001,14,0.18666666666666668
Compress,24,30,Random,75,0.11333333333333336,67,0.8933333333333333
Compress,25,1,Ekstazi,17,0.86,11,0.14666666666666667
Compress,25,1,FAST,75,0.9533333333333334,4,0.05333333333333334
Compress,25,1,Ekstazi+dpt,17,0.9266666666666667,6,0.08
Compress,25,1,DPT,75,0.8866666666666667,9,0.12
Compress,25,1,STARTS,49,0.8200000000000001,14,0.18666666666666668
Compress,25,1,STARTS+FAST-S,49,0.9666666666666667,3,0.04
Compress,25,1,STARTS+FAST-P,49,0.9666666666666667,3,0.04
Compress,25,1,STARTS+DPT,49,0.8866666666666667,9,0.12
Compress,25,1,Fastazi-S,17,0.9800000000000001,2,0.02666666666666667
Compress,25,1,Fastazi-P,17,0.9933333333333334,1,0.013333333333333334
Compress,25,1,Random,75,0.34,50,0.6666666666666666
Compress,25,2,Ekstazi,17,0.86,11,0.14666666666666667
Compress,25,2,FAST,75,0.9533333333333334,4,0.05333333333333334
Compress,25,2,Ekstazi+dpt,17,0.9266666666666667,6,0.08
Compress,25,2,DPT,75,0.8866666666666667,9,0.12
Compress,25,2,STARTS,49,0.6466666666666667,27,0.36
Compress,25,2,STARTS+FAST-S,49,0.9533333333333334,4,0.05333333333333334
Compress,25,2,STARTS+FAST-P,49,0.9533333333333334,4,0.05333333333333334
Compress,25,2,STARTS+DPT,49,0.8866666666666667,9,0.12
Compress,25,2,Fastazi-S,17,0.9800000000000001,2,0.02666666666666667
Compress,25,2,Fastazi-P,17,0.9933333333333334,1,0.013333333333333334
Compress,25,2,Random,75,0.5133333333333333,37,0.49333333333333335
Compress,25,3,Ekstazi,17,0.9533333333333334,4,0.05333333333333334
Compress,25,3,FAST,75,0.7133333333333334,22,0.29333333333333333
Compress,25,3,Ekstazi+dpt,17,0.9266666666666667,6,0.08
Compress,25,3,DPT,75,0.8866666666666667,9,0.12
Compress,25,3,STARTS,49,0.8733333333333334,10,0.13333333333333333
Compress,25,3,STARTS+FAST-S,49,0.9533333333333334,4,0.05333333333333334
Compress,25,3,STARTS+FAST-P,49,0.9533333333333334,4,0.05333333333333334
Compress,25,3,STARTS+DPT,49,0.8866666666666667,9,0.12
Compress,25,3,Fastazi-S,17,0.9800000000000001,2,0.02666666666666667
Compress,25,3,Fastazi-P,17,0.8733333333333334,10,0.13333333333333333
Compress,25,3,Random,75,0.35333333333333333,49,0.6533333333333333
Compress,25,4,Ekstazi,17,0.8200000000000001,14,0.18666666666666668
Compress,25,4,FAST,75,0.9666666666666667,3,0.04
Compress,25,4,Ekstazi+dpt,17,0.9266666666666667,6,0.08
Compress,25,4,DPT,75,0.8866666666666667,9,0.12
Compress,25,4,STARTS,49,0.6866666666666666,24,0.32
Compress,25,4,STARTS+FAST-S,49,0.9533333333333334,4,0.05333333333333334
Compress,25,4,STARTS+FAST-P,49,0.9666666666666667,3,0.04
Compress,25,4,STARTS+DPT,49,0.8866666666666667,9,0.12
Compress,25,4,Fastazi-S,17,0.9800000000000001,2,0.02666666666666667
Compress,25,4,Fastazi-P,17,0.9933333333333334,1,0.013333333333333334
Compress,25,4,Random,75,0.9400000000000001,5,0.06666666666666667
Compress,25,5,Ekstazi,17,0.9933333333333334,1,0.013333333333333334
Compress,25,5,FAST,75,0.9533333333333334,4,0.05333333333333334
Compress,25,5,Ekstazi+dpt,17,0.9266666666666667,6,0.08
Compress,25,5,DPT,75,0.8866666666666667,9,0.12
Compress,25,5,STARTS,49,0.5933333333333334,31,0.41333333333333333
Compress,25,5,STARTS+FAST-S,49,0.9533333333333334,4,0.05333333333333334
Compress,25,5,STARTS+FAST-P,49,0.9533333333333334,4,0.05333333333333334
Compress,25,5,STARTS+DPT,49,0.8866666666666667,9,0.12
Compress,25,5,Fastazi-S,17,0.9800000000000001,2,0.02666666666666667
Compress,25,5,Fastazi-P,17,0.9933333333333334,1,0.013333333333333334
Compress,25,5,Random,75,0.66,26,0.3466666666666667
Compress,25,6,Ekstazi,17,0.9933333333333334,1,0.013333333333333334
Compress,25,6,FAST,75,0.9533333333333334,4,0.05333333333333334
Compress,25,6,Ekstazi+dpt,17,0.9266666666666667,6,0.08
Compress,25,6,DPT,75,0.8866666666666667,9,0.12
Compress,25,6,STARTS,49,0.37999999999999995,47,0.6266666666666667
Compress,25,6,STARTS+FAST-S,49,0.9533333333333334,4,0.05333333333333334
Compress,25,6,STARTS+FAST-P,49,0.9666666666666667,3,0.04
Compress,25,6,STARTS+DPT,49,0.8866666666666667,9,0.12
Compress,25,6,Fastazi-S,17,0.9800000000000001,2,0.02666666666666667
Compress,25,6,Fastazi-P,17,0.9933333333333334,1,0.013333333333333334
Compress,25,6,Random,75,0.15333333333333327,64,0.8533333333333334
Compress,25,7,Ekstazi,17,0.7933333333333333,16,0.21333333333333335
Compress,25,7,FAST,75,0.9666666666666667,3,0.04
Compress,25,7,Ekstazi+dpt,17,0.9266666666666667,6,0.08
Compress,25,7,DPT,75,0.8866666666666667,9,0.12
Compress,25,7,STARTS,49,0.4333333333333333,43,0.5733333333333334
Compress,25,7,STARTS+FAST-S,49,0.9666666666666667,3,0.04
Compress,25,7,STARTS+FAST-P,49,0.9533333333333334,4,0.05333333333333334
Compress,25,7,STARTS+DPT,49,0.8866666666666667,9,0.12
Compress,25,7,Fastazi-S,17,0.9800000000000001,2,0.02666666666666667
Compress,25,7,Fastazi-P,17,0.9933333333333334,1,0.013333333333333334
Compress,25,7,Random,75,0.24666666666666665,57,0.76
Compress,25,8,Ekstazi,17,0.8466666666666667,12,0.16
Compress,25,8,FAST,75,0.9666666666666667,3,0.04
Compress,25,8,Ekstazi+dpt,17,0.9266666666666667,6,0.08
Compress,25,8,DPT,75,0.8866666666666667,9,0.12
Compress,25,8,STARTS,49,0.78,17,0.22666666666666666
Compress,25,8,STARTS+FAST-S,49,0.9533333333333334,4,0.05333333333333334
Compress,25,8,STARTS+FAST-P,49,0.9533333333333334,4,0.05333333333333334
Compress,25,8,STARTS+DPT,49,0.8866666666666667,9,0.12
Compress,25,8,Fastazi-S,17,0.9800000000000001,2,0.02666666666666667
Compress,25,8,Fastazi-P,17,0.9933333333333334,1,0.013333333333333334
Compress,25,8,Random,75,0.6066666666666667,30,0.4
Compress,25,9,Ekstazi,17,0.8333333333333334,13,0.17333333333333334
Compress,25,9,FAST,75,0.9533333333333334,4,0.05333333333333334
Compress,25,9,Ekstazi+dpt,17,0.9266666666666667,6,0.08
Compress,25,9,DPT,75,0.8866666666666667,9,0.12
Compress,25,9,STARTS,49,0.6466666666666667,27,0.36
Compress,25,9,STARTS+FAST-S,49,0.9533333333333334,4,0.05333333333333334
Compress,25,9,STARTS+FAST-P,49,0.9666666666666667,3,0.04
Compress,25,9,STARTS+DPT,49,0.8866666666666667,9,0.12
Compress,25,9,Fastazi-S,17,0.9800000000000001,2,0.02666666666666667
Compress,25,9,Fastazi-P,17,0.9933333333333334,1,0.013333333333333334
Compress,25,9,Random,75,0.46,41,0.5466666666666666
Compress,25,10,Ekstazi,17,0.8200000000000001,14,0.18666666666666668
Compress,25,10,FAST,75,0.9533333333333334,4,0.05333333333333334
Compress,25,10,Ekstazi+dpt,17,0.9266666666666667,6,0.08
Compress,25,10,DPT,75,0.8866666666666667,9,0.12
Compress,25,10,STARTS,49,0.8866666666666667,9,0.12
Compress,25,10,STARTS+FAST-S,49,0.9533333333333334,4,0.05333333333333334
Compress,25,10,STARTS+FAST-P,49,0.9533333333333334,4,0.05333333333333334
Compress,25,10,STARTS+DPT,49,0.8866666666666667,9,0.12
Compress,25,10,Fastazi-S,17,0.9800000000000001,2,0.02666666666666667
Compress,25,10,Fastazi-P,17,0.9933333333333334,1,0.013333333333333334
Compress,25,10,Random,75,0.019999999999999976,74,0.9866666666666667
Compress,25,11,Ekstazi,17,0.9,8,0.10666666666666667
Compress,25,11,FAST,75,0.9666666666666667,3,0.04
Compress,25,11,Ekstazi+dpt,17,0.9266666666666667,6,0.08
Compress,25,11,DPT,75,0.8866666666666667,9,0.12
Compress,25,11,STARTS,49,0.9,8,0.10666666666666667
Compress,25,11,STARTS+FAST-S,49,0.9666666666666667,3,0.04
Compress,25,11,STARTS+FAST-P,49,0.9533333333333334,4,0.05333333333333334
Compress,25,11,STARTS+DPT,49,0.8866666666666667,9,0.12
Compress,25,11,Fastazi-S,17,0.9800000000000001,2,0.02666666666666667
Compress,25,11,Fastazi-P,17,0.9933333333333334,1,0.013333333333333334
Compress,25,11,Random,75,0.7666666666666667,18,0.24
Compress,25,12,Ekstazi,17,0.8066666666666668,15,0.2
Compress,25,12,FAST,75,0.9533333333333334,4,0.05333333333333334
Compress,25,12,Ekstazi+dpt,17,0.9266666666666667,6,0.08
Compress,25,12,DPT,75,0.8866666666666667,9,0.12
Compress,25,12,STARTS,49,0.7000000000000001,23,0.30666666666666664
Compress,25,12,STARTS+FAST-S,49,0.9666666666666667,3,0.04
Compress,25,12,STARTS+FAST-P,49,0.9666666666666667,3,0.04
Compress,25,12,STARTS+DPT,49,0.8866666666666667,9,0.12
Compress,25,12,Fastazi-S,17,0.9800000000000001,2,0.02666666666666667
Compress,25,12,Fastazi-P,17,0.9800000000000001,2,0.02666666666666667
Compress,25,12,Random,75,0.6333333333333334,28,0.37333333333333335
Compress,25,13,Ekstazi,17,0.7933333333333333,16,0.21333333333333335
Compress,25,13,FAST,75,0.9533333333333334,4,0.05333333333333334
Compress,25,13,Ekstazi+dpt,17,0.9266666666666667,6,0.08
Compress,25,13,DPT,75,0.8866666666666667,9,0.12
Compress,25,13,STARTS,49,0.58,32,0.4266666666666667
Compress,25,13,STARTS+FAST-S,49,0.9533333333333334,4,0.05333333333333334
Compress,25,13,STARTS+FAST-P,49,0.9533333333333334,4,0.05333333333333334
Compress,25,13,STARTS+DPT,49,0.8866666666666667,9,0.12
Compress,25,13,Fastazi-S,17,0.9800000000000001,2,0.02666666666666667
Compress,25,13,Fastazi-P,17,0.9933333333333334,1,0.013333333333333334
Compress,25,13,Random,75,0.9133333333333333,7,0.09333333333333334
Compress,25,14,Ekstazi,17,0.9933333333333334,1,0.013333333333333334
Compress,25,14,FAST,75,0.9533333333333334,4,0.05333333333333334
Compress,25,14,Ekstazi+dpt,17,0.9266666666666667,6,0.08
Compress,25,14,DPT,75,0.8866666666666667,9,0.12
Compress,25,14,STARTS,49,0.7533333333333333,19,0.25333333333333335
Compress,25,14,STARTS+FAST-S,49,0.9533333333333334,4,0.05333333333333334
Compress,25,14,STARTS+FAST-P,49,0.9666666666666667,3,0.04
Compress,25,14,STARTS+DPT,49,0.8866666666666667,9,0.12
Compress,25,14,Fastazi-S,17,0.9800000000000001,2,0.02666666666666667
Compress,25,14,Fastazi-P,17,0.9933333333333334,1,0.013333333333333334
Compress,25,14,Random,75,0.54,35,0.4666666666666667
Compress,25,15,Ekstazi,17,0.8333333333333334,13,0.17333333333333334
Compress,25,15,FAST,75,0.9933333333333334,1,0.013333333333333334
Compress,25,15,Ekstazi+dpt,17,0.9266666666666667,6,0.08
Compress,25,15,DPT,75,0.8866666666666667,9,0.12
Compress,25,15,STARTS,49,0.7533333333333333,19,0.25333333333333335
Compress,25,15,STARTS+FAST-S,49,0.9666666666666667,3,0.04
Compress,25,15,STARTS+FAST-P,49,0.9666666666666667,3,0.04
Compress,25,15,STARTS+DPT,49,0.8866666666666667,9,0.12
Compress,25,15,Fastazi-S,17,0.9800000000000001,2,0.02666666666666667
Compress,25,15,Fastazi-P,17,0.9933333333333334,1,0.013333333333333334
Compress,25,15,Random,75,0.11333333333333336,67,0.8933333333333333
Compress,25,16,Ekstazi,17,0.86,11,0.14666666666666667
Compress,25,16,FAST,75,0.9533333333333334,4,0.05333333333333334
Compress,25,16,Ekstazi+dpt,17,0.9266666666666667,6,0.08
Compress,25,16,DPT,75,0.8866666666666667,9,0.12
Compress,25,16,STARTS,49,0.8866666666666667,9,0.12
Compress,25,16,STARTS+FAST-S,49,0.9533333333333334,4,0.05333333333333334
Compress,25,16,STARTS+FAST-P,49,0.9666666666666667,3,0.04
Compress,25,16,STARTS+DPT,49,0.8866666666666667,9,0.12
Compress,25,16,Fastazi-S,17,0.8333333333333334,13,0.17333333333333334
Compress,25,16,Fastazi-P,17,0.9933333333333334,1,0.013333333333333334
Compress,25,16,Random,75,0.7133333333333334,22,0.29333333333333333
Compress,25,17,Ekstazi,17,0.9133333333333333,7,0.09333333333333334
Compress,25,17,FAST,75,0.9533333333333334,4,0.05333333333333334
Compress,25,17,Ekstazi+dpt,17,0.9266666666666667,6,0.08
Compress,25,17,DPT,75,0.8866666666666667,9,0.12
Compress,25,17,STARTS,49,0.9266666666666667,6,0.08
Compress,25,17,STARTS+FAST-S,49,0.9666666666666667,3,0.04
Compress,25,17,STARTS+FAST-P,49,0.9533333333333334,4,0.05333333333333334
Compress,25,17,STARTS+DPT,49,0.8866666666666667,9,0.12
Compress,25,17,Fastazi-S,17,0.9800000000000001,2,0.02666666666666667
Compress,25,17,Fastazi-P,17,0.9933333333333334,1,0.013333333333333334
Compress,25,17,Random,75,0.046666666666666703,72,0.96
Compress,25,18,Ekstazi,17,0.8333333333333334,13,0.17333333333333334
Compress,25,18,FAST,75,0.9533333333333334,4,0.05333333333333334
Compress,25,18,Ekstazi+dpt,17,0.9266666666666667,6,0.08
Compress,25,18,DPT,75,0.8866666666666667,9,0.12
Compress,25,18,STARTS,49,0.49999999999999994,38,0.5066666666666667
Compress,25,18,STARTS+FAST-S,49,0.9533333333333334,4,0.05333333333333334
Compress,25,18,STARTS+FAST-P,49,0.9533333333333334,4,0.05333333333333334
Compress,25,18,STARTS+DPT,49,0.8866666666666667,9,0.12
Compress,25,18,Fastazi-S,17,0.9800000000000001,2,0.02666666666666667
Compress,25,18,Fastazi-P,17,0.9933333333333334,1,0.013333333333333334
Compress,25,18,Random,75,0.58,32,0.4266666666666667
Compress,25,19,Ekstazi,17,0.9933333333333334,1,0.013333333333333334
Compress,25,19,FAST,75,0.9533333333333334,4,0.05333333333333334
Compress,25,19,Ekstazi+dpt,17,0.9266666666666667,6,0.08
Compress,25,19,DPT,75,0.8866666666666667,9,0.12
Compress,25,19,STARTS,49,0.7133333333333334,22,0.29333333333333333
Compress,25,19,STARTS+FAST-S,49,0.9533333333333334,4,0.05333333333333334
Compress,25,19,STARTS+FAST-P,49,0.9533333333333334,4,0.05333333333333334
Compress,25,19,STARTS+DPT,49,0.8866666666666667,9,0.12
Compress,25,19,Fastazi-S,17,0.9800000000000001,2,0.02666666666666667
Compress,25,19,Fastazi-P,17,0.9800000000000001,2,0.02666666666666667
Compress,25,19,Random,75,0.08666666666666663,69,0.92
Compress,25,20,Ekstazi,17,0.9933333333333334,1,0.013333333333333334
Compress,25,20,FAST,75,0.9666666666666667,3,0.04
Compress,25,20,Ekstazi+dpt,17,0.9266666666666667,6,0.08
Compress,25,20,DPT,75,0.8866666666666667,9,0.12
Compress,25,20,STARTS,49,0.47333333333333333,40,0.5333333333333333
Compress,25,20,STARTS+FAST-S,49,0.9533333333333334,4,0.05333333333333334
Compress,25,20,STARTS+FAST-P,49,0.9533333333333334,4,0.05333333333333334
Compress,25,20,STARTS+DPT,49,0.8866666666666667,9,0.12
Compress,25,20,Fastazi-S,17,0.9800000000000001,2,0.02666666666666667
Compress,25,20,Fastazi-P,17,0.9933333333333334,1,0.013333333333333334
Compress,25,20,Random,75,0.7266666666666667,21,0.28
Compress,25,21,Ekstazi,17,0.9133333333333333,7,0.09333333333333334
Compress,25,21,FAST,75,0.9533333333333334,4,0.05333333333333334
Compress,25,21,Ekstazi+dpt,17,0.9266666666666667,6,0.08
Compress,25,21,DPT,75,0.8866666666666667,9,0.12
Compress,25,21,STARTS,49,0.48666666666666664,39,0.52
Compress,25,21,STARTS+FAST-S,49,0.9533333333333334,4,0.05333333333333334
Compress,25,21,STARTS+FAST-P,49,0.9666666666666667,3,0.04
Compress,25,21,STARTS+DPT,49,0.8866666666666667,9,0.12
Compress,25,21,Fastazi-S,17,0.9800000000000001,2,0.02666666666666667
Compress,25,21,Fastazi-P,17,0.9933333333333334,1,0.013333333333333334
Compress,25,21,Random,75,0.8066666666666668,15,0.2
Compress,25,22,Ekstazi,17,0.8066666666666668,15,0.2
Compress,25,22,FAST,75,0.9533333333333334,4,0.05333333333333334
Compress,25,22,Ekstazi+dpt,17,0.9266666666666667,6,0.08
Compress,25,22,DPT,75,0.8866666666666667,9,0.12
Compress,25,22,STARTS,49,0.9533333333333334,4,0.05333333333333334
Compress,25,22,STARTS+FAST-S,49,0.9533333333333334,4,0.05333333333333334
Compress,25,22,STARTS+FAST-P,49,0.9666666666666667,3,0.04
Compress,25,22,STARTS+DPT,49,0.8866666666666667,9,0.12
Compress,25,22,Fastazi-S,17,0.9800000000000001,2,0.02666666666666667
Compress,25,22,Fastazi-P,17,0.9933333333333334,1,0.013333333333333334
Compress,25,22,Random,75,0.16666666666666669,63,0.84
Compress,25,23,Ekstazi,17,0.8333333333333334,13,0.17333333333333334
Compress,25,23,FAST,75,0.9533333333333334,4,0.05333333333333334
Compress,25,23,Ekstazi+dpt,17,0.9266666666666667,6,0.08
Compress,25,23,DPT,75,0.8866666666666667,9,0.12
Compress,25,23,STARTS,49,0.8466666666666667,12,0.16
Compress,25,23,STARTS+FAST-S,49,0.9533333333333334,4,0.05333333333333334
Compress,25,23,STARTS+FAST-P,49,0.9666666666666667,3,0.04
Compress,25,23,STARTS+DPT,49,0.8866666666666667,9,0.12
Compress,25,23,Fastazi-S,17,0.9933333333333334,1,0.013333333333333334
Compress,25,23,Fastazi-P,17,0.9933333333333334,1,0.013333333333333334
Compress,25,23,Random,75,0.62,29,0.38666666666666666
Compress,25,24,Ekstazi,17,0.8200000000000001,14,0.18666666666666668
Compress,25,24,FAST,75,0.9533333333333334,4,0.05333333333333334
Compress,25,24,Ekstazi+dpt,17,0.9266666666666667,6,0.08
Compress,25,24,DPT,75,0.8866666666666667,9,0.12
Compress,25,24,STARTS,49,0.49999999999999994,38,0.5066666666666667
Compress,25,24,STARTS+FAST-S,49,0.9533333333333334,4,0.05333333333333334
Compress,25,24,STARTS+FAST-P,49,0.9533333333333334,4,0.05333333333333334
Compress,25,24,STARTS+DPT,49,0.8866666666666667,9,0.12
Compress,25,24,Fastazi-S,17,0.9933333333333334,1,0.013333333333333334
Compress,25,24,Fastazi-P,17,0.9933333333333334,1,0.013333333333333334
Compress,25,24,Random,75,0.3266666666666666,51,0.68
Compress,25,25,Ekstazi,17,0.9533333333333334,4,0.05333333333333334
Compress,25,25,FAST,75,0.9533333333333334,4,0.05333333333333334
Compress,25,25,Ekstazi+dpt,17,0.9266666666666667,6,0.08
Compress,25,25,DPT,75,0.8866666666666667,9,0.12
Compress,25,25,STARTS,49,0.66,26,0.3466666666666667
Compress,25,25,STARTS+FAST-S,49,0.9533333333333334,4,0.05333333333333334
Compress,25,25,STARTS+FAST-P,49,0.9666666666666667,3,0.04
Compress,25,25,STARTS+DPT,49,0.8866666666666667,9,0.12
Compress,25,25,Fastazi-S,17,0.9800000000000001,2,0.02666666666666667
Compress,25,25,Fastazi-P,17,0.9933333333333334,1,0.013333333333333334
Compress,25,25,Random,75,0.7666666666666667,18,0.24
Compress,25,26,Ekstazi,17,0.8466666666666667,12,0.16
Compress,25,26,FAST,75,0.9533333333333334,4,0.05333333333333334
Compress,25,26,Ekstazi+dpt,17,0.9266666666666667,6,0.08
Compress,25,26,DPT,75,0.8866666666666667,9,0.12
Compress,25,26,STARTS,49,0.7000000000000001,23,0.30666666666666664
Compress,25,26,STARTS+FAST-S,49,0.9533333333333334,4,0.05333333333333334
Compress,25,26,STARTS+FAST-P,49,0.9533333333333334,4,0.05333333333333334
Compress,25,26,STARTS+DPT,49,0.8866666666666667,9,0.12
Compress,25,26,Fastazi-S,17,0.9800000000000001,2,0.02666666666666667
Compress,25,26,Fastazi-P,17,0.9933333333333334,1,0.013333333333333334
Compress,25,26,Random,75,0.86,11,0.14666666666666667
Compress,25,27,Ekstazi,17,0.9266666666666667,6,0.08
Compress,25,27,FAST,75,0.9666666666666667,3,0.04
Compress,25,27,Ekstazi+dpt,17,0.9266666666666667,6,0.08
Compress,25,27,DPT,75,0.8866666666666667,9,0.12
Compress,25,27,STARTS,49,0.7400000000000001,20,0.26666666666666666
Compress,25,27,STARTS+FAST-S,49,0.9533333333333334,4,0.05333333333333334
Compress,25,27,STARTS+FAST-P,49,0.9533333333333334,4,0.05333333333333334
Compress,25,27,STARTS+DPT,49,0.8866666666666667,9,0.12
Compress,25,27,Fastazi-S,17,0.9800000000000001,2,0.02666666666666667
Compress,25,27,Fastazi-P,17,0.9933333333333334,1,0.013333333333333334
Compress,25,27,Random,75,0.5666666666666668,33,0.44
Compress,25,28,Ekstazi,17,0.7933333333333333,16,0.21333333333333335
Compress,25,28,FAST,75,0.9666666666666667,3,0.04
Compress,25,28,Ekstazi+dpt,17,0.9266666666666667,6,0.08
Compress,25,28,DPT,75,0.8866666666666667,9,0.12
Compress,25,28,STARTS,49,0.9400000000000001,5,0.06666666666666667
Compress,25,28,STARTS+FAST-S,49,0.9533333333333334,4,0.05333333333333334
Compress,25,28,STARTS+FAST-P,49,0.9533333333333334,4,0.05333333333333334
Compress,25,28,STARTS+DPT,49,0.8866666666666667,9,0.12
Compress,25,28,Fastazi-S,17,0.9800000000000001,2,0.02666666666666667
Compress,25,28,Fastazi-P,17,0.9800000000000001,2,0.02666666666666667
Compress,25,28,Random,75,0.7666666666666667,18,0.24
Compress,25,29,Ekstazi,17,0.9266666666666667,6,0.08
Compress,25,29,FAST,75,0.9666666666666667,3,0.04
Compress,25,29,Ekstazi+dpt,17,0.9266666666666667,6,0.08
Compress,25,29,DPT,75,0.8866666666666667,9,0.12
Compress,25,29,STARTS,49,0.8466666666666667,12,0.16
Compress,25,29,STARTS+FAST-S,49,0.9666666666666667,3,0.04
Compress,25,29,STARTS+FAST-P,49,0.9533333333333334,4,0.05333333333333334
Compress,25,29,STARTS+DPT,49,0.8866666666666667,9,0.12
Compress,25,29,Fastazi-S,17,0.9800000000000001,2,0.02666666666666667
Compress,25,29,Fastazi-P,17,0.9933333333333334,1,0.013333333333333334
Compress,25,29,Random,75,0.9666666666666667,3,0.04
Compress,25,30,Ekstazi,17,0.9666666666666667,3,0.04
Compress,25,30,FAST,75,0.9533333333333334,4,0.05333333333333334
Compress,25,30,Ekstazi+dpt,17,0.9266666666666667,6,0.08
Compress,25,30,DPT,75,0.8866666666666667,9,0.12
Compress,25,30,STARTS,49,0.37999999999999995,47,0.6266666666666667
Compress,25,30,STARTS+FAST-S,49,0.9533333333333334,4,0.05333333333333334
Compress,25,30,STARTS+FAST-P,49,0.9666666666666667,3,0.04
Compress,25,30,STARTS+DPT,49,0.8866666666666667,9,0.12
Compress,25,30,Fastazi-S,17,0.9800000000000001,2,0.02666666666666667
Compress,25,30,Fastazi-P,17,0.9933333333333334,1,0.013333333333333334
Compress,25,30,Random,75,0.36666666666666664,48,0.64
Compress,26,1,Ekstazi,49,0.7207792207792207,22,0.2857142857142857
Compress,26,1,FAST,77,0.7597402597402597,19,0.24675324675324675
Compress,26,1,Ekstazi+dpt,49,0.4350649350649351,44,0.5714285714285714
Compress,26,1,DPT,77,0.38311688311688313,48,0.6233766233766234
Compress,26,1,STARTS,54,0.37012987012987014,49,0.6363636363636364
Compress,26,1,STARTS+FAST-S,54,0.8246753246753246,14,0.18181818181818182
Compress,26,1,STARTS+FAST-P,54,0.8246753246753246,14,0.18181818181818182
Compress,26,1,STARTS+DPT,54,0.3961038961038961,47,0.6103896103896104
Compress,26,1,Fastazi-S,49,0.8376623376623377,13,0.16883116883116883
Compress,26,1,Fastazi-P,49,0.8116883116883117,15,0.19480519480519481
Compress,26,1,Random,77,0.006493506493506494,77,1.0
Compress,26,2,Ekstazi,49,0.6818181818181818,25,0.3246753246753247
Compress,26,2,FAST,77,0.7727272727272727,18,0.23376623376623376
Compress,26,2,Ekstazi+dpt,49,0.4350649350649351,44,0.5714285714285714
Compress,26,2,DPT,77,0.38311688311688313,48,0.6233766233766234
Compress,26,2,STARTS,54,0.34415584415584416,51,0.6623376623376623
Compress,26,2,STARTS+FAST-S,54,0.8246753246753246,14,0.18181818181818182
Compress,26,2,STARTS+FAST-P,54,0.8246753246753246,14,0.18181818181818182
Compress,26,2,STARTS+DPT,54,0.3961038961038961,47,0.6103896103896104
Compress,26,2,Fastazi-S,49,0.8376623376623377,13,0.16883116883116883
Compress,26,2,Fastazi-P,49,0.8246753246753246,14,0.18181818181818182
Compress,26,2,Random,77,0.9025974025974025,8,0.1038961038961039
Compress,26,3,Ekstazi,49,0.7337662337662337,21,0.2727272727272727
Compress,26,3,FAST,77,0.7727272727272727,18,0.23376623376623376
Compress,26,3,Ekstazi+dpt,49,0.4350649350649351,44,0.5714285714285714
Compress,26,3,DPT,77,0.38311688311688313,48,0.6233766233766234
Compress,26,3,STARTS,54,0.7337662337662337,21,0.2727272727272727
Compress,26,3,STARTS+FAST-S,54,0.8376623376623377,13,0.16883116883116883
Compress,26,3,STARTS+FAST-P,54,0.8376623376623377,13,0.16883116883116883
Compress,26,3,STARTS+DPT,54,0.3961038961038961,47,0.6103896103896104
Compress,26,3,Fastazi-S,49,0.8376623376623377,13,0.16883116883116883
Compress,26,3,Fastazi-P,49,0.8246753246753246,14,0.18181818181818182
Compress,26,3,Random,77,0.4480519480519481,43,0.5584415584415584
Compress,26,4,Ekstazi,49,0.5,39,0.5064935064935064
Compress,26,4,FAST,77,0.7857142857142857,17,0.22077922077922077
Compress,26,4,Ekstazi+dpt,49,0.4350649350649351,44,0.5714285714285714
Compress,26,4,DPT,77,0.38311688311688313,48,0.6233766233766234
Compress,26,4,STARTS,54,0.6558441558441558,27,0.35064935064935066
Compress,26,4,STARTS+FAST-S,54,0.8376623376623377,13,0.16883116883116883
Compress,26,4,STARTS+FAST-P,54,0.8116883116883117,15,0.19480519480519481
Compress,26,4,STARTS+DPT,54,0.3961038961038961,47,0.6103896103896104
Compress,26,4,Fastazi-S,49,0.8246753246753246,14,0.18181818181818182
Compress,26,4,Fastazi-P,49,0.8506493506493505,12,0.15584415584415584
Compress,26,4,Random,77,0.2792207792207792,56,0.7272727272727273
Compress,26,5,Ekstazi,49,0.48701298701298706,40,0.5194805194805194
Compress,26,5,FAST,77,0.7857142857142857,17,0.22077922077922077
Compress,26,5,Ekstazi+dpt,49,0.4350649350649351,44,0.5714285714285714
Compress,26,5,DPT,77,0.38311688311688313,48,0.6233766233766234
Compress,26,5,STARTS,54,0.512987012987013,38,0.4935064935064935
Compress,26,5,STARTS+FAST-S,54,0.8246753246753246,14,0.18181818181818182
Compress,26,5,STARTS+FAST-P,54,0.7987012987012986,16,0.2077922077922078
Compress,26,5,STARTS+DPT,54,0.3961038961038961,47,0.6103896103896104
Compress,26,5,Fastazi-S,49,0.8376623376623377,13,0.16883116883116883
Compress,26,5,Fastazi-P,49,0.8376623376623377,13,0.16883116883116883
Compress,26,5,Random,77,0.5909090909090908,32,0.4155844155844156
Compress,26,6,Ekstazi,49,0.6688311688311688,26,0.33766233766233766
Compress,26,6,FAST,77,0.7727272727272727,18,0.23376623376623376
Compress,26,6,Ekstazi+dpt,49,0.4350649350649351,44,0.5714285714285714
Compress,26,6,DPT,77,0.38311688311688313,48,0.6233766233766234
Compress,26,6,STARTS,54,0.7077922077922078,23,0.2987012987012987
Compress,26,6,STARTS+FAST-S,54,0.8246753246753246,14,0.18181818181818182
Compress,26,6,STARTS+FAST-P,54,0.8506493506493505,12,0.15584415584415584
Compress,26,6,STARTS+DPT,54,0.3961038961038961,47,0.6103896103896104
Compress,26,6,Fastazi-S,49,0.8246753246753246,14,0.18181818181818182
Compress,26,6,Fastazi-P,49,0.8246753246753246,14,0.18181818181818182
Compress,26,6,Random,77,0.20129870129870125,62,0.8051948051948052
Compress,26,7,Ekstazi,49,0.37012987012987014,49,0.6363636363636364
Compress,26,7,FAST,77,0.7727272727272727,18,0.23376623376623376
Compress,26,7,Ekstazi+dpt,49,0.4350649350649351,44,0.5714285714285714
Compress,26,7,DPT,77,0.38311688311688313,48,0.6233766233766234
Compress,26,7,STARTS,54,0.7077922077922078,23,0.2987012987012987
Compress,26,7,STARTS+FAST-S,54,0.8246753246753246,14,0.18181818181818182
Compress,26,7,STARTS+FAST-P,54,0.8246753246753246,14,0.18181818181818182
Compress,26,7,STARTS+DPT,54,0.3961038961038961,47,0.6103896103896104
Compress,26,7,Fastazi-S,49,0.8376623376623377,13,0.16883116883116883
Compress,26,7,Fastazi-P,49,0.8246753246753246,14,0.18181818181818182
Compress,26,7,Random,77,0.538961038961039,36,0.4675324675324675
Compress,26,8,Ekstazi,49,0.38311688311688313,48,0.6233766233766234
Compress,26,8,FAST,77,0.7857142857142857,17,0.22077922077922077
Compress,26,8,Ekstazi+dpt,49,0.4350649350649351,44,0.5714285714285714
Compress,26,8,DPT,77,0.38311688311688313,48,0.6233766233766234
Compress,26,8,STARTS,54,0.7727272727272727,18,0.23376623376623376
Compress,26,8,STARTS+FAST-S,54,0.8116883116883117,15,0.19480519480519481
Compress,26,8,STARTS+FAST-P,54,0.8376623376623377,13,0.16883116883116883
Compress,26,8,STARTS+DPT,54,0.3961038961038961,47,0.6103896103896104
Compress,26,8,Fastazi-S,49,0.8246753246753246,14,0.18181818181818182
Compress,26,8,Fastazi-P,49,0.8376623376623377,13,0.16883116883116883
Compress,26,8,Random,77,0.2922077922077922,55,0.7142857142857143
Compress,26,9,Ekstazi,49,0.48701298701298706,40,0.5194805194805194
Compress,26,9,FAST,77,0.7857142857142857,17,0.22077922077922077
Compress,26,9,Ekstazi+dpt,49,0.4350649350649351,44,0.5714285714285714
Compress,26,9,DPT,77,0.38311688311688313,48,0.6233766233766234
Compress,26,9,STARTS,54,0.7857142857142857,17,0.22077922077922077
Compress,26,9,STARTS+FAST-S,54,0.8376623376623377,13,0.16883116883116883
Compress,26,9,STARTS+FAST-P,54,0.8376623376623377,13,0.16883116883116883
Compress,26,9,STARTS+DPT,54,0.3961038961038961,47,0.6103896103896104
Compress,26,9,Fastazi-S,49,0.8376623376623377,13,0.16883116883116883
Compress,26,9,Fastazi-P,49,0.8376623376623377,13,0.16883116883116883
Compress,26,9,Random,77,0.21428571428571425,61,0.7922077922077922
Compress,26,10,Ekstazi,49,0.8116883116883117,15,0.19480519480519481
Compress,26,10,FAST,77,0.7857142857142857,17,0.22077922077922077
Compress,26,10,Ekstazi+dpt,49,0.4350649350649351,44,0.5714285714285714
Compress,26,10,DPT,77,0.38311688311688313,48,0.6233766233766234
Compress,26,10,STARTS,54,0.9415584415584415,5,0.06493506493506493
Compress,26,10,STARTS+FAST-S,54,0.8116883116883117,15,0.19480519480519481
Compress,26,10,STARTS+FAST-P,54,0.8246753246753246,14,0.18181818181818182
Compress,26,10,STARTS+DPT,54,0.3961038961038961,47,0.6103896103896104
Compress,26,10,Fastazi-S,49,0.8376623376623377,13,0.16883116883116883
Compress,26,10,Fastazi-P,49,0.8506493506493505,12,0.15584415584415584
Compress,26,10,Random,77,0.8246753246753246,14,0.18181818181818182
Compress,26,11,Ekstazi,49,0.6168831168831168,30,0.38961038961038963
Compress,26,11,FAST,77,0.7857142857142857,17,0.22077922077922077
Compress,26,11,Ekstazi+dpt,49,0.4350649350649351,44,0.5714285714285714
Compress,26,11,DPT,77,0.38311688311688313,48,0.6233766233766234
Compress,26,11,STARTS,54,0.6428571428571428,28,0.36363636363636365
Compress,26,11,STARTS+FAST-S,54,0.8376623376623377,13,0.16883116883116883
Compress,26,11,STARTS+FAST-P,54,0.8506493506493505,12,0.15584415584415584
Compress,26,11,STARTS+DPT,54,0.3961038961038961,47,0.6103896103896104
Compress,26,11,Fastazi-S,49,0.8246753246753246,14,0.18181818181818182
Compress,26,11,Fastazi-P,49,0.8376623376623377,13,0.16883116883116883
Compress,26,11,Random,77,0.6948051948051948,24,0.3116883116883117
Compress,26,12,Ekstazi,49,0.7207792207792207,22,0.2857142857142857
Compress,26,12,FAST,77,0.7727272727272727,18,0.23376623376623376
Compress,26,12,Ekstazi+dpt,49,0.4350649350649351,44,0.5714285714285714
Compress,26,12,DPT,77,0.38311688311688313,48,0.6233766233766234
Compress,26,12,STARTS,54,0.8246753246753246,14,0.18181818181818182
Compress,26,12,STARTS+FAST-S,54,0.8246753246753246,14,0.18181818181818182
Compress,26,12,STARTS+FAST-P,54,0.8246753246753246,14,0.18181818181818182
Compress,26,12,STARTS+DPT,54,0.3961038961038961,47,0.6103896103896104
Compress,26,12,Fastazi-S,49,0.8246753246753246,14,0.18181818181818182
Compress,26,12,Fastazi-P,49,0.8376623376623377,13,0.16883116883116883
Compress,26,12,Random,77,0.11038961038961043,69,0.8961038961038961
Compress,26,13,Ekstazi,49,0.6558441558441558,27,0.35064935064935066
Compress,26,13,FAST,77,0.7727272727272727,18,0.23376623376623376
Compress,26,13,Ekstazi+dpt,49,0.4350649350649351,44,0.5714285714285714
Compress,26,13,DPT,77,0.38311688311688313,48,0.6233766233766234
Compress,26,13,STARTS,54,0.6298701298701298,29,0.37662337662337664
Compress,26,13,STARTS+FAST-S,54,0.8376623376623377,13,0.16883116883116883
Compress,26,13,STARTS+FAST-P,54,0.8376623376623377,13,0.16883116883116883
Compress,26,13,STARTS+DPT,54,0.3961038961038961,47,0.6103896103896104
Compress,26,13,Fastazi-S,49,0.8376623376623377,13,0.16883116883116883
Compress,26,13,Fastazi-P,49,0.8246753246753246,14,0.18181818181818182
Compress,26,13,Random,77,0.4740259740259741,41,0.5324675324675324
Compress,26,14,Ekstazi,49,0.7727272727272727,18,0.23376623376623376
Compress,26,14,FAST,77,0.7857142857142857,17,0.22077922077922077
Compress,26,14,Ekstazi+dpt,49,0.4350649350649351,44,0.5714285714285714
Compress,26,14,DPT,77,0.38311688311688313,48,0.6233766233766234
Compress,26,14,STARTS,54,0.3051948051948052,54,0.7012987012987013
Compress,26,14,STARTS+FAST-S,54,0.8246753246753246,14,0.18181818181818182
Compress,26,14,STARTS+FAST-P,54,0.8246753246753246,14,0.18181818181818182
Compress,26,14,STARTS+DPT,54,0.3961038961038961,47,0.6103896103896104
Compress,26,14,Fastazi-S,49,0.8376623376623377,13,0.16883116883116883
Compress,26,14,Fastazi-P,49,0.8506493506493505,12,0.15584415584415584
Compress,26,14,Random,77,0.6948051948051948,24,0.3116883116883117
Compress,26,15,Ekstazi,49,0.9675324675324675,3,0.03896103896103896
Compress,26,15,FAST,77,0.7727272727272727,18,0.23376623376623376
Compress,26,15,Ekstazi+dpt,49,0.4350649350649351,44,0.5714285714285714
Compress,26,15,DPT,77,0.38311688311688313,48,0.6233766233766234
Compress,26,15,STARTS,54,0.4090909090909091,46,0.5974025974025974
Compress,26,15,STARTS+FAST-S,54,0.8246753246753246,14,0.18181818181818182
Compress,26,15,STARTS+FAST-P,54,0.8246753246753246,14,0.18181818181818182
Compress,26,15,STARTS+DPT,54,0.3961038961038961,47,0.6103896103896104
Compress,26,15,Fastazi-S,49,0.8246753246753246,14,0.18181818181818182
Compress,26,15,Fastazi-P,49,0.8246753246753246,14,0.18181818181818182
Compress,26,15,Random,77,0.8766233766233765,10,0.12987012987012986
Compress,26,16,Ekstazi,49,0.3961038961038961,47,0.6103896103896104
Compress,26,16,FAST,77,0.7857142857142857,17,0.22077922077922077
Compress,26,16,Ekstazi+dpt,49,0.4350649350649351,44,0.5714285714285714
Compress,26,16,DPT,77,0.38311688311688313,48,0.6233766233766234
Compress,26,16,STARTS,54,0.48701298701298706,40,0.5194805194805194
Compress,26,16,STARTS+FAST-S,54,0.8376623376623377,13,0.16883116883116883
Compress,26,16,STARTS+FAST-P,54,0.8246753246753246,14,0.18181818181818182
Compress,26,16,STARTS+DPT,54,0.3961038961038961,47,0.6103896103896104
Compress,26,16,Fastazi-S,49,0.8376623376623377,13,0.16883116883116883
Compress,26,16,Fastazi-P,49,0.8376623376623377,13,0.16883116883116883
Compress,26,16,Random,77,0.6298701298701298,29,0.37662337662337664
Compress,26,17,Ekstazi,49,0.9285714285714285,6,0.07792207792207792
Compress,26,17,FAST,77,0.7857142857142857,17,0.22077922077922077
Compress,26,17,Ekstazi+dpt,49,0.4350649350649351,44,0.5714285714285714
Compress,26,17,DPT,77,0.38311688311688313,48,0.6233766233766234
Compress,26,17,STARTS,54,0.538961038961039,36,0.4675324675324675
Compress,26,17,STARTS+FAST-S,54,0.8246753246753246,14,0.18181818181818182
Compress,26,17,STARTS+FAST-P,54,0.8506493506493505,12,0.15584415584415584
Compress,26,17,STARTS+DPT,54,0.3961038961038961,47,0.6103896103896104
Compress,26,17,Fastazi-S,49,0.8246753246753246,14,0.18181818181818182
Compress,26,17,Fastazi-P,49,0.8506493506493505,12,0.15584415584415584
Compress,26,17,Random,77,0.6168831168831168,30,0.38961038961038963
Compress,26,18,Ekstazi,49,0.7857142857142857,17,0.22077922077922077
Compress,26,18,FAST,77,0.7727272727272727,18,0.23376623376623376
Compress,26,18,Ekstazi+dpt,49,0.4350649350649351,44,0.5714285714285714
Compress,26,18,DPT,77,0.38311688311688313,48,0.6233766233766234
Compress,26,18,STARTS,54,0.7467532467532467,20,0.2597402597402597
Compress,26,18,STARTS+FAST-S,54,0.8246753246753246,14,0.18181818181818182
Compress,26,18,STARTS+FAST-P,54,0.7987012987012986,16,0.2077922077922078
Compress,26,18,STARTS+DPT,54,0.3961038961038961,47,0.6103896103896104
Compress,26,18,Fastazi-S,49,0.8376623376623377,13,0.16883116883116883
Compress,26,18,Fastazi-P,49,0.8376623376623377,13,0.16883116883116883
Compress,26,18,Random,77,0.2792207792207792,56,0.7272727272727273
Compress,26,19,Ekstazi,49,0.5779220779220778,33,0.42857142857142855
Compress,26,19,FAST,77,0.7727272727272727,18,0.23376623376623376
Compress,26,19,Ekstazi+dpt,49,0.4350649350649351,44,0.5714285714285714
Compress,26,19,DPT,77,0.38311688311688313,48,0.6233766233766234
Compress,26,19,STARTS,54,0.33116883116883117,52,0.6753246753246753
Compress,26,19,STARTS+FAST-S,54,0.8376623376623377,13,0.16883116883116883
Compress,26,19,STARTS+FAST-P,54,0.8376623376623377,13,0.16883116883116883
Compress,26,19,STARTS+DPT,54,0.3961038961038961,47,0.6103896103896104
Compress,26,19,Fastazi-S,49,0.8376623376623377,13,0.16883116883116883
Compress,26,19,Fastazi-P,49,0.8376623376623377,13,0.16883116883116883
Compress,26,19,Random,77,0.21428571428571425,61,0.7922077922077922
Compress,26,20,Ekstazi,49,0.8766233766233765,10,0.12987012987012986
Compress,26,20,FAST,77,0.7857142857142857,17,0.22077922077922077
Compress,26,20,Ekstazi+dpt,49,0.4350649350649351,44,0.5714285714285714
Compress,26,20,DPT,77,0.38311688311688313,48,0.6233766233766234
Compress,26,20,STARTS,54,0.48701298701298706,40,0.5194805194805194
Compress,26,20,STARTS+FAST-S,54,0.8246753246753246,14,0.18181818181818182
Compress,26,20,STARTS+FAST-P,54,0.8376623376623377,13,0.16883116883116883
Compress,26,20,STARTS+DPT,54,0.3961038961038961,47,0.6103896103896104
Compress,26,20,Fastazi-S,49,0.8246753246753246,14,0.18181818181818182
Compress,26,20,Fastazi-P,49,0.8376623376623377,13,0.16883116883116883
Compress,26,20,Random,77,0.6558441558441558,27,0.35064935064935066
Compress,26,21,Ekstazi,49,0.9675324675324675,3,0.03896103896103896
Compress,26,21,FAST,77,0.7857142857142857,17,0.22077922077922077
Compress,26,21,Ekstazi+dpt,49,0.4350649350649351,44,0.5714285714285714
Compress,26,21,DPT,77,0.38311688311688313,48,0.6233766233766234
Compress,26,21,STARTS,54,0.8376623376623377,13,0.16883116883116883
Compress,26,21,STARTS+FAST-S,54,0.8246753246753246,14,0.18181818181818182
Compress,26,21,STARTS+FAST-P,54,0.8246753246753246,14,0.18181818181818182
Compress,26,21,STARTS+DPT,54,0.3961038961038961,47,0.6103896103896104
Compress,26,21,Fastazi-S,49,0.8376623376623377,13,0.16883116883116883
Compress,26,21,Fastazi-P,49,0.8376623376623377,13,0.16883116883116883
Compress,26,21,Random,77,0.3181818181818182,53,0.6883116883116883
Compress,26,22,Ekstazi,49,0.5909090909090908,32,0.4155844155844156
Compress,26,22,FAST,77,0.7857142857142857,17,0.22077922077922077
Compress,26,22,Ekstazi+dpt,49,0.4350649350649351,44,0.5714285714285714
Compress,26,22,DPT,77,0.38311688311688313,48,0.6233766233766234
Compress,26,22,STARTS,54,0.7467532467532467,20,0.2597402597402597
Compress,26,22,STARTS+FAST-S,54,0.8246753246753246,14,0.18181818181818182
Compress,26,22,STARTS+FAST-P,54,0.8246753246753246,14,0.18181818181818182
Compress,26,22,STARTS+DPT,54,0.3961038961038961,47,0.6103896103896104
Compress,26,22,Fastazi-S,49,0.8376623376623377,13,0.16883116883116883
Compress,26,22,Fastazi-P,49,0.8376623376623377,13,0.16883116883116883
Compress,26,22,Random,77,0.3051948051948052,54,0.7012987012987013
Compress,26,23,Ekstazi,49,0.7987012987012986,16,0.2077922077922078
Compress,26,23,FAST,77,0.7857142857142857,17,0.22077922077922077
Compress,26,23,Ekstazi+dpt,49,0.4350649350649351,44,0.5714285714285714
Compress,26,23,DPT,77,0.38311688311688313,48,0.6233766233766234
Compress,26,23,STARTS,54,0.8376623376623377,13,0.16883116883116883
Compress,26,23,STARTS+FAST-S,54,0.8246753246753246,14,0.18181818181818182
Compress,26,23,STARTS+FAST-P,54,0.8246753246753246,14,0.18181818181818182
Compress,26,23,STARTS+DPT,54,0.3961038961038961,47,0.6103896103896104
Compress,26,23,Fastazi-S,49,0.8246753246753246,14,0.18181818181818182
Compress,26,23,Fastazi-P,49,0.8376623376623377,13,0.16883116883116883
Compress,26,23,Random,77,0.05844155844155846,73,0.948051948051948
Compress,26,24,Ekstazi,49,0.8636363636363636,11,0.14285714285714285
Compress,26,24,FAST,77,0.7857142857142857,17,0.22077922077922077
Compress,26,24,Ekstazi+dpt,49,0.4350649350649351,44,0.5714285714285714
Compress,26,24,DPT,77,0.38311688311688313,48,0.6233766233766234
Compress,26,24,STARTS,54,0.7987012987012986,16,0.2077922077922078
Compress,26,24,STARTS+FAST-S,54,0.8376623376623377,13,0.16883116883116883
Compress,26,24,STARTS+FAST-P,54,0.8246753246753246,14,0.18181818181818182
Compress,26,24,STARTS+DPT,54,0.3961038961038961,47,0.6103896103896104
Compress,26,24,Fastazi-S,49,0.8376623376623377,13,0.16883116883116883
Compress,26,24,Fastazi-P,49,0.8376623376623377,13,0.16883116883116883
Compress,26,24,Random,77,0.34415584415584416,51,0.6623376623376623
Compress,26,25,Ekstazi,49,0.4220779220779221,45,0.5844155844155844
Compress,26,25,FAST,77,0.7857142857142857,17,0.22077922077922077
Compress,26,25,Ekstazi+dpt,49,0.4350649350649351,44,0.5714285714285714
Compress,26,25,DPT,77,0.38311688311688313,48,0.6233766233766234
Compress,26,25,STARTS,54,0.6428571428571428,28,0.36363636363636365
Compress,26,25,STARTS+FAST-S,54,0.8246753246753246,14,0.18181818181818182
Compress,26,25,STARTS+FAST-P,54,0.7987012987012986,16,0.2077922077922078
Compress,26,25,STARTS+DPT,54,0.3961038961038961,47,0.6103896103896104
Compress,26,25,Fastazi-S,49,0.8376623376623377,13,0.16883116883116883
Compress,26,25,Fastazi-P,49,0.8376623376623377,13,0.16883116883116883
Compress,26,25,Random,77,0.9545454545454545,4,0.05194805194805195
Compress,26,26,Ekstazi,49,0.9935064935064934,1,0.012987012987012988
Compress,26,26,FAST,77,0.7727272727272727,18,0.23376623376623376
Compress,26,26,Ekstazi+dpt,49,0.4350649350649351,44,0.5714285714285714
Compress,26,26,DPT,77,0.38311688311688313,48,0.6233766233766234
Compress,26,26,STARTS,54,0.7467532467532467,20,0.2597402597402597
Compress,26,26,STARTS+FAST-S,54,0.8246753246753246,14,0.18181818181818182
Compress,26,26,STARTS+FAST-P,54,0.8246753246753246,14,0.18181818181818182
Compress,26,26,STARTS+DPT,54,0.3961038961038961,47,0.6103896103896104
Compress,26,26,Fastazi-S,49,0.8376623376623377,13,0.16883116883116883
Compress,26,26,Fastazi-P,49,0.8246753246753246,14,0.18181818181818182
Compress,26,26,Random,77,0.8636363636363636,11,0.14285714285714285
Compress,26,27,Ekstazi,49,0.6688311688311688,26,0.33766233766233766
Compress,26,27,FAST,77,0.7597402597402597,19,0.24675324675324675
Compress,26,27,Ekstazi+dpt,49,0.4350649350649351,44,0.5714285714285714
Compress,26,27,DPT,77,0.38311688311688313,48,0.6233766233766234
Compress,26,27,STARTS,54,0.7597402597402597,19,0.24675324675324675
Compress,26,27,STARTS+FAST-S,54,0.8116883116883117,15,0.19480519480519481
Compress,26,27,STARTS+FAST-P,54,0.8246753246753246,14,0.18181818181818182
Compress,26,27,STARTS+DPT,54,0.3961038961038961,47,0.6103896103896104
Compress,26,27,Fastazi-S,49,0.8376623376623377,13,0.16883116883116883
Compress,26,27,Fastazi-P,49,0.8246753246753246,14,0.18181818181818182
Compress,26,27,Random,77,0.006493506493506494,77,1.0
Compress,26,28,Ekstazi,49,0.4220779220779221,45,0.5844155844155844
Compress,26,28,FAST,77,0.7857142857142857,17,0.22077922077922077
Compress,26,28,Ekstazi+dpt,49,0.4350649350649351,44,0.5714285714285714
Compress,26,28,DPT,77,0.38311688311688313,48,0.6233766233766234
Compress,26,28,STARTS,54,0.5909090909090908,32,0.4155844155844156
Compress,26,28,STARTS+FAST-S,54,0.8376623376623377,13,0.16883116883116883
Compress,26,28,STARTS+FAST-P,54,0.8246753246753246,14,0.18181818181818182
Compress,26,28,STARTS+DPT,54,0.3961038961038961,47,0.6103896103896104
Compress,26,28,Fastazi-S,49,0.8246753246753246,14,0.18181818181818182
Compress,26,28,Fastazi-P,49,0.8506493506493505,12,0.15584415584415584
Compress,26,28,Random,77,0.11038961038961043,69,0.8961038961038961
Compress,26,29,Ekstazi,49,0.4740259740259741,41,0.5324675324675324
Compress,26,29,FAST,77,0.7857142857142857,17,0.22077922077922077
Compress,26,29,Ekstazi+dpt,49,0.4350649350649351,44,0.5714285714285714
Compress,26,29,DPT,77,0.38311688311688313,48,0.6233766233766234
Compress,26,29,STARTS,54,0.8246753246753246,14,0.18181818181818182
Compress,26,29,STARTS+FAST-S,54,0.8246753246753246,14,0.18181818181818182
Compress,26,29,STARTS+FAST-P,54,0.8376623376623377,13,0.16883116883116883
Compress,26,29,STARTS+DPT,54,0.3961038961038961,47,0.6103896103896104
Compress,26,29,Fastazi-S,49,0.9935064935064934,1,0.012987012987012988
Compress,26,29,Fastazi-P,49,0.8376623376623377,13,0.16883116883116883
Compress,26,29,Random,77,0.7467532467532467,20,0.2597402597402597
Compress,26,30,Ekstazi,49,0.7987012987012986,16,0.2077922077922078
Compress,26,30,FAST,77,0.7857142857142857,17,0.22077922077922077
Compress,26,30,Ekstazi+dpt,49,0.4350649350649351,44,0.5714285714285714
Compress,26,30,DPT,77,0.38311688311688313,48,0.6233766233766234
Compress,26,30,STARTS,54,0.6298701298701298,29,0.37662337662337664
Compress,26,30,STARTS+FAST-S,54,0.8246753246753246,14,0.18181818181818182
Compress,26,30,STARTS+FAST-P,54,0.8246753246753246,14,0.18181818181818182
Compress,26,30,STARTS+DPT,54,0.3961038961038961,47,0.6103896103896104
Compress,26,30,Fastazi-S,49,0.8376623376623377,13,0.16883116883116883
Compress,26,30,Fastazi-P,49,0.8376623376623377,13,0.16883116883116883
Compress,26,30,Random,77,0.17532467532467527,64,0.8311688311688312
Compress,27,1,Ekstazi,49,0.6346153846153846,29,0.3717948717948718
Compress,27,1,FAST,78,0.3012820512820512,55,0.7051282051282052
Compress,27,1,Ekstazi+dpt,49,0.39102564102564097,48,0.6153846153846154
Compress,27,1,DPT,78,0.3653846153846153,50,0.6410256410256411
Compress,27,1,STARTS,55,0.7115384615384615,23,0.2948717948717949
Compress,27,1,STARTS+FAST-S,55,0.3653846153846153,50,0.6410256410256411
Compress,27,1,STARTS+FAST-P,55,0.32692307692307687,53,0.6794871794871795
Compress,27,1,STARTS+DPT,55,0.39102564102564097,48,0.6153846153846154
Compress,27,1,Fastazi-S,49,0.5576923076923077,35,0.44871794871794873
Compress,27,1,Fastazi-P,49,0.5576923076923077,35,0.44871794871794873
Compress,27,1,Random,78,0.33974358974358976,52,0.6666666666666666
Compress,27,2,Ekstazi,49,0.967948717948718,3,0.038461538461538464
Compress,27,2,FAST,78,0.3012820512820512,55,0.7051282051282052
Compress,27,2,Ekstazi+dpt,49,0.39102564102564097,48,0.6153846153846154
Compress,27,2,DPT,78,0.3782051282051282,49,0.6282051282051282
Compress,27,2,STARTS,55,0.6217948717948718,30,0.38461538461538464
Compress,27,2,STARTS+FAST-S,55,0.3653846153846153,50,0.6410256410256411
Compress,27,2,STARTS+FAST-P,55,0.32692307692307687,53,0.6794871794871795
Compress,27,2,STARTS+DPT,55,0.39102564102564097,48,0.6153846153846154
Compress,27,2,Fastazi-S,49,0.5576923076923077,35,0.44871794871794873
Compress,27,2,Fastazi-P,49,0.5576923076923077,35,0.44871794871794873
Compress,27,2,Random,78,0.09615384615384617,71,0.9102564102564102
Compress,27,3,Ekstazi,49,0.9166666666666666,7,0.08974358974358974
Compress,27,3,FAST,78,0.3012820512820512,55,0.7051282051282052
Compress,27,3,Ekstazi+dpt,49,0.39102564102564097,48,0.6153846153846154
Compress,27,3,DPT,78,0.3653846153846153,50,0.6410256410256411
Compress,27,3,STARTS,55,0.8012820512820513,16,0.20512820512820512
Compress,27,3,STARTS+FAST-S,55,0.3653846153846153,50,0.6410256410256411
Compress,27,3,STARTS+FAST-P,55,0.32692307692307687,53,0.6794871794871795
Compress,27,3,STARTS+DPT,55,0.39102564102564097,48,0.6153846153846154
Compress,27,3,Fastazi-S,49,0.5576923076923077,35,0.44871794871794873
Compress,27,3,Fastazi-P,49,0.5576923076923077,35,0.44871794871794873
Compress,27,3,Random,78,0.05769230769230773,74,0.9487179487179487
Compress,27,4,Ekstazi,49,0.5705128205128205,34,0.4358974358974359
Compress,27,4,FAST,78,0.3012820512820512,55,0.7051282051282052
Compress,27,4,Ekstazi+dpt,49,0.39102564102564097,48,0.6153846153846154
Compress,27,4,DPT,78,0.3782051282051282,49,0.6282051282051282
Compress,27,4,STARTS,55,0.9294871794871795,6,0.07692307692307693
Compress,27,4,STARTS+FAST-S,55,0.3653846153846153,50,0.6410256410256411
Compress,27,4,STARTS+FAST-P,55,0.32692307692307687,53,0.6794871794871795
Compress,27,4,STARTS+DPT,55,0.39102564102564097,48,0.6153846153846154
Compress,27,4,Fastazi-S,49,0.5576923076923077,35,0.44871794871794873
Compress,27,4,Fastazi-P,49,0.5705128205128205,34,0.4358974358974359
Compress,27,4,Random,78,0.39102564102564097,48,0.6153846153846154
Compress,27,5,Ekstazi,49,0.7628205128205128,19,0.24358974358974358
Compress,27,5,FAST,78,0.9935897435897436,1,0.01282051282051282
Compress,27,5,Ekstazi+dpt,49,0.39102564102564097,48,0.6153846153846154
Compress,27,5,DPT,78,0.3653846153846153,50,0.6410256410256411
Compress,27,5,STARTS,55,0.4294871794871795,45,0.5769230769230769
Compress,27,5,STARTS+FAST-S,55,0.3653846153846153,50,0.6410256410256411
Compress,27,5,STARTS+FAST-P,55,0.32692307692307687,53,0.6794871794871795
Compress,27,5,STARTS+DPT,55,0.39102564102564097,48,0.6153846153846154
Compress,27,5,Fastazi-S,49,0.5576923076923077,35,0.44871794871794873
Compress,27,5,Fastazi-P,49,0.9935897435897436,1,0.01282051282051282
Compress,27,5,Random,78,0.16025641025641027,66,0.8461538461538461
Compress,27,6,Ekstazi,49,0.7756410256410255,18,0.23076923076923078
Compress,27,6,FAST,78,0.28846153846153844,56,0.717948717948718
Compress,27,6,Ekstazi+dpt,49,0.39102564102564097,48,0.6153846153846154
Compress,27,6,DPT,78,0.35256410256410253,51,0.6538461538461539
Compress,27,6,STARTS,55,0.8653846153846154,11,0.14102564102564102
Compress,27,6,STARTS+FAST-S,55,0.3653846153846153,50,0.6410256410256411
Compress,27,6,STARTS+FAST-P,55,0.32692307692307687,53,0.6794871794871795
Compress,27,6,STARTS+DPT,55,0.39102564102564097,48,0.6153846153846154
Compress,27,6,Fastazi-S,49,0.5576923076923077,35,0.44871794871794873
Compress,27,6,Fastazi-P,49,0.5448717948717948,36,0.46153846153846156
Compress,27,6,Random,78,0.3653846153846153,50,0.6410256410256411
Compress,27,7,Ekstazi,49,0.75,20,0.2564102564102564
Compress,27,7,FAST,78,0.3012820512820512,55,0.7051282051282052
Compress,27,7,Ekstazi+dpt,49,0.39102564102564097,48,0.6153846153846154
Compress,27,7,DPT,78,0.35256410256410253,51,0.6538461538461539
Compress,27,7,STARTS,55,0.532051282051282,37,0.47435897435897434
Compress,27,7,STARTS+FAST-S,55,0.3653846153846153,50,0.6410256410256411
Compress,27,7,STARTS+FAST-P,55,0.32692307692307687,53,0.6794871794871795
Compress,27,7,STARTS+DPT,55,0.39102564102564097,48,0.6153846153846154
Compress,27,7,Fastazi-S,49,0.5576923076923077,35,0.44871794871794873
Compress,27,7,Fastazi-P,49,0.5576923076923077,35,0.44871794871794873
Compress,27,7,Random,78,0.45512820512820507,43,0.5512820512820513
Compress,27,8,Ekstazi,49,0.7115384615384615,23,0.2948717948717949
Compress,27,8,FAST,78,0.3012820512820512,55,0.7051282051282052
Compress,27,8,Ekstazi+dpt,49,0.39102564102564097,48,0.6153846153846154
Compress,27,8,DPT,78,0.3782051282051282,49,0.6282051282051282
Compress,27,8,STARTS,55,0.7115384615384615,23,0.2948717948717949
Compress,27,8,STARTS+FAST-S,55,0.3653846153846153,50,0.6410256410256411
Compress,27,8,STARTS+FAST-P,55,0.32692307692307687,53,0.6794871794871795
Compress,27,8,STARTS+DPT,55,0.39102564102564097,48,0.6153846153846154
Compress,27,8,Fastazi-S,49,0.5448717948717948,36,0.46153846153846156
Compress,27,8,Fastazi-P,49,0.5576923076923077,35,0.44871794871794873
Compress,27,8,Random,78,0.6858974358974359,25,0.32051282051282054
Compress,27,9,Ekstazi,49,0.5961538461538461,32,0.41025641025641024
Compress,27,9,FAST,78,0.3012820512820512,55,0.7051282051282052
Compress,27,9,Ekstazi+dpt,49,0.39102564102564097,48,0.6153846153846154
Compress,27,9,DPT,78,0.3782051282051282,49,0.6282051282051282
Compress,27,9,STARTS,55,0.8782051282051282,10,0.1282051282051282
Compress,27,9,STARTS+FAST-S,55,0.3653846153846153,50,0.6410256410256411
Compress,27,9,STARTS+FAST-P,55,0.32692307692307687,53,0.6794871794871795
Compress,27,9,STARTS+DPT,55,0.39102564102564097,48,0.6153846153846154
Compress,27,9,Fastazi-S,49,0.5448717948717948,36,0.46153846153846156
Compress,27,9,Fastazi-P,49,0.5705128205128205,34,0.4358974358974359
Compress,27,9,Random,78,0.6217948717948718,30,0.38461538461538464
Compress,27,10,Ekstazi,49,0.6858974358974359,25,0.32051282051282054
Compress,27,10,FAST,78,0.3012820512820512,55,0.7051282051282052
Compress,27,10,Ekstazi+dpt,49,0.39102564102564097,48,0.6153846153846154
Compress,27,10,DPT,78,0.3782051282051282,49,0.6282051282051282
Compress,27,10,STARTS,55,0.608974358974359,31,0.3974358974358974
Compress,27,10,STARTS+FAST-S,55,0.3653846153846153,50,0.6410256410256411
Compress,27,10,STARTS+FAST-P,55,0.32692307692307687,53,0.6794871794871795
Compress,27,10,STARTS+DPT,55,0.39102564102564097,48,0.6153846153846154
Compress,27,10,Fastazi-S,49,0.5448717948717948,36,0.46153846153846156
Compress,27,10,Fastazi-P,49,0.5576923076923077,35,0.44871794871794873
Compress,27,10,Random,78,0.8782051282051282,10,0.1282051282051282
Compress,27,11,Ekstazi,49,0.5448717948717948,36,0.46153846153846156
Compress,27,11,FAST,78,0.3012820512820512,55,0.7051282051282052
Compress,27,11,Ekstazi+dpt,49,0.39102564102564097,48,0.6153846153846154
Compress,27,11,DPT,78,0.3782051282051282,49,0.6282051282051282
Compress,27,11,STARTS,55,0.8269230769230769,14,0.1794871794871795
Compress,27,11,STARTS+FAST-S,55,0.3653846153846153,50,0.6410256410256411
Compress,27,11,STARTS+FAST-P,55,0.32692307692307687,53,0.6794871794871795
Compress,27,11,STARTS+DPT,55,0.39102564102564097,48,0.6153846153846154
Compress,27,11,Fastazi-S,49,0.5576923076923077,35,0.44871794871794873
Compress,27,11,Fastazi-P,49,0.5576923076923077,35,0.44871794871794873
Compress,27,11,Random,78,0.5961538461538461,32,0.41025641025641024
Compress,27,12,Ekstazi,49,0.8141025641025641,15,0.19230769230769232
Compress,27,12,FAST,78,0.3012820512820512,55,0.7051282051282052
Compress,27,12,Ekstazi+dpt,49,0.39102564102564097,48,0.6153846153846154
Compress,27,12,DPT,78,0.3653846153846153,50,0.6410256410256411
Compress,27,12,STARTS,55,0.7243589743589743,22,0.28205128205128205
Compress,27,12,STARTS+FAST-S,55,0.3653846153846153,50,0.6410256410256411
Compress,27,12,STARTS+FAST-P,55,0.32692307692307687,53,0.6794871794871795
Compress,27,12,STARTS+DPT,55,0.39102564102564097,48,0.6153846153846154
Compress,27,12,Fastazi-S,49,0.5576923076923077,35,0.44871794871794873
Compress,27,12,Fastazi-P,49,0.5576923076923077,35,0.44871794871794873
Compress,27,12,Random,78,0.41666666666666663,46,0.5897435897435898
Compress,27,13,Ekstazi,49,0.8397435897435898,13,0.16666666666666666
Compress,27,13,FAST,78,0.3012820512820512,55,0.7051282051282052
Compress,27,13,Ekstazi+dpt,49,0.39102564102564097,48,0.6153846153846154
Compress,27,13,DPT,78,0.3653846153846153,50,0.6410256410256411
Compress,27,13,STARTS,55,0.6474358974358974,28,0.358974358974359
Compress,27,13,STARTS+FAST-S,55,0.3653846153846153,50,0.6410256410256411
Compress,27,13,STARTS+FAST-P,55,0.32692307692307687,53,0.6794871794871795
Compress,27,13,STARTS+DPT,55,0.39102564102564097,48,0.6153846153846154
Compress,27,13,Fastazi-S,49,0.5576923076923077,35,0.44871794871794873
Compress,27,13,Fastazi-P,49,0.5576923076923077,35,0.44871794871794873
Compress,27,13,Random,78,0.33974358974358976,52,0.6666666666666666
Compress,27,14,Ekstazi,49,0.891025641025641,9,0.11538461538461539
Compress,27,14,FAST,78,0.3012820512820512,55,0.7051282051282052
Compress,27,14,Ekstazi+dpt,49,0.39102564102564097,48,0.6153846153846154
Compress,27,14,DPT,78,0.3653846153846153,50,0.6410256410256411
Compress,27,14,STARTS,55,0.5961538461538461,32,0.41025641025641024
Compress,27,14,STARTS+FAST-S,55,0.3653846153846153,50,0.6410256410256411
Compress,27,14,STARTS+FAST-P,55,0.32692307692307687,53,0.6794871794871795
Compress,27,14,STARTS+DPT,55,0.39102564102564097,48,0.6153846153846154
Compress,27,14,Fastazi-S,49,0.5576923076923077,35,0.44871794871794873
Compress,27,14,Fastazi-P,49,0.5576923076923077,35,0.44871794871794873
Compress,27,14,Random,78,0.7628205128205128,19,0.24358974358974358
Compress,27,15,Ekstazi,49,0.5448717948717948,36,0.46153846153846156
Compress,27,15,FAST,78,0.3012820512820512,55,0.7051282051282052
Compress,27,15,Ekstazi+dpt,49,0.39102564102564097,48,0.6153846153846154
Compress,27,15,DPT,78,0.3653846153846153,50,0.6410256410256411
Compress,27,15,STARTS,55,0.6346153846153846,29,0.3717948717948718
Compress,27,15,STARTS+FAST-S,55,0.3653846153846153,50,0.6410256410256411
Compress,27,15,STARTS+FAST-P,55,0.32692307692307687,53,0.6794871794871795
Compress,27,15,STARTS+DPT,55,0.39102564102564097,48,0.6153846153846154
Compress,27,15,Fastazi-S,49,0.5576923076923077,35,0.44871794871794873
Compress,27,15,Fastazi-P,49,0.5576923076923077,35,0.44871794871794873
Compress,27,15,Random,78,0.8653846153846154,11,0.14102564102564102
Compress,27,16,Ekstazi,49,0.608974358974359,31,0.3974358974358974
Compress,27,16,FAST,78,0.3012820512820512,55,0.7051282051282052
Compress,27,16,Ekstazi+dpt,49,0.39102564102564097,48,0.6153846153846154
Compress,27,16,DPT,78,0.3782051282051282,49,0.6282051282051282
Compress,27,16,STARTS,55,0.7628205128205128,19,0.24358974358974358
Compress,27,16,STARTS+FAST-S,55,0.3653846153846153,50,0.6410256410256411
Compress,27,16,STARTS+FAST-P,55,0.32692307692307687,53,0.6794871794871795
Compress,27,16,STARTS+DPT,55,0.39102564102564097,48,0.6153846153846154
Compress,27,16,Fastazi-S,49,0.5576923076923077,35,0.44871794871794873
Compress,27,16,Fastazi-P,49,0.5576923076923077,35,0.44871794871794873
Compress,27,16,Random,78,0.5192307692307692,38,0.48717948717948717
Compress,27,17,Ekstazi,49,0.8012820512820513,16,0.20512820512820512
Compress,27,17,FAST,78,0.3012820512820512,55,0.7051282051282052
Compress,27,17,Ekstazi+dpt,49,0.39102564102564097,48,0.6153846153846154
Compress,27,17,DPT,78,0.3782051282051282,49,0.6282051282051282
Compress,27,17,STARTS,55,0.6987179487179487,24,0.3076923076923077
Compress,27,17,STARTS+FAST-S,55,0.3653846153846153,50,0.6410256410256411
Compress,27,17,STARTS+FAST-P,55,0.32692307692307687,53,0.6794871794871795
Compress,27,17,STARTS+DPT,55,0.39102564102564097,48,0.6153846153846154
Compress,27,17,Fastazi-S,49,0.5576923076923077,35,0.44871794871794873
Compress,27,17,Fastazi-P,49,0.5576923076923077,35,0.44871794871794873
Compress,27,17,Random,78,0.3012820512820512,55,0.7051282051282052
Compress,27,18,Ekstazi,49,0.8012820512820513,16,0.20512820512820512
Compress,27,18,FAST,78,0.3012820512820512,55,0.7051282051282052
Compress,27,18,Ekstazi+dpt,49,0.39102564102564097,48,0.6153846153846154
Compress,27,18,DPT,78,0.35256410256410253,51,0.6538461538461539
Compress,27,18,STARTS,55,0.45512820512820507,43,0.5512820512820513
Compress,27,18,STARTS+FAST-S,55,0.3653846153846153,50,0.6410256410256411
Compress,27,18,STARTS+FAST-P,55,0.32692307692307687,53,0.6794871794871795
Compress,27,18,STARTS+DPT,55,0.39102564102564097,48,0.6153846153846154
Compress,27,18,Fastazi-S,49,0.5576923076923077,35,0.44871794871794873
Compress,27,18,Fastazi-P,49,0.5576923076923077,35,0.44871794871794873
Compress,27,18,Random,78,0.5961538461538461,32,0.41025641025641024
Compress,27,19,Ekstazi,49,0.6346153846153846,29,0.3717948717948718
Compress,27,19,FAST,78,0.3012820512820512,55,0.7051282051282052
Compress,27,19,Ekstazi+dpt,49,0.39102564102564097,48,0.6153846153846154
Compress,27,19,DPT,78,0.3782051282051282,49,0.6282051282051282
Compress,27,19,STARTS,55,0.3141025641025641,54,0.6923076923076923
Compress,27,19,STARTS+FAST-S,55,0.3653846153846153,50,0.6410256410256411
Compress,27,19,STARTS+FAST-P,55,0.32692307692307687,53,0.6794871794871795
Compress,27,19,STARTS+DPT,55,0.39102564102564097,48,0.6153846153846154
Compress,27,19,Fastazi-S,49,0.5576923076923077,35,0.44871794871794873
Compress,27,19,Fastazi-P,49,0.5576923076923077,35,0.44871794871794873
Compress,27,19,Random,78,0.10897435897435895,70,0.8974358974358975
Compress,27,20,Ekstazi,49,0.41666666666666663,46,0.5897435897435898
Compress,27,20,FAST,78,0.3012820512820512,55,0.7051282051282052
Compress,27,20,Ekstazi+dpt,49,0.39102564102564097,48,0.6153846153846154
Compress,27,20,DPT,78,0.3782051282051282,49,0.6282051282051282
Compress,27,20,STARTS,55,0.7628205128205128,19,0.24358974358974358
Compress,27,20,STARTS+FAST-S,55,0.3653846153846153,50,0.6410256410256411
Compress,27,20,STARTS+FAST-P,55,0.32692307692307687,53,0.6794871794871795
Compress,27,20,STARTS+DPT,55,0.39102564102564097,48,0.6153846153846154
Compress,27,20,Fastazi-S,49,0.9935897435897436,1,0.01282051282051282
Compress,27,20,Fastazi-P,49,0.5576923076923077,35,0.44871794871794873
Compress,27,20,Random,78,0.3782051282051282,49,0.6282051282051282
Compress,27,21,Ekstazi,49,0.9807692307692307,2,0.02564102564102564
Compress,27,21,FAST,78,0.3012820512820512,55,0.7051282051282052
Compress,27,21,Ekstazi+dpt,49,0.39102564102564097,48,0.6153846153846154
Compress,27,21,DPT,78,0.3782051282051282,49,0.6282051282051282
Compress,27,21,STARTS,55,0.9551282051282051,4,0.05128205128205128
Compress,27,21,STARTS+FAST-S,55,0.3653846153846153,50,0.6410256410256411
Compress,27,21,STARTS+FAST-P,55,0.32692307692307687,53,0.6794871794871795
Compress,27,21,STARTS+DPT,55,0.39102564102564097,48,0.6153846153846154
Compress,27,21,Fastazi-S,49,0.5576923076923077,35,0.44871794871794873
Compress,27,21,Fastazi-P,49,0.5576923076923077,35,0.44871794871794873
Compress,27,21,Random,78,0.6474358974358974,28,0.358974358974359
Compress,27,22,Ekstazi,49,0.41666666666666663,46,0.5897435897435898
Compress,27,22,FAST,78,0.3012820512820512,55,0.7051282051282052
Compress,27,22,Ekstazi+dpt,49,0.39102564102564097,48,0.6153846153846154
Compress,27,22,DPT,78,0.3653846153846153,50,0.6410256410256411
Compress,27,22,STARTS,55,0.40384615384615385,47,0.6025641025641025
Compress,27,22,STARTS+FAST-S,55,0.3653846153846153,50,0.6410256410256411
Compress,27,22,STARTS+FAST-P,55,0.32692307692307687,53,0.6794871794871795
Compress,27,22,STARTS+DPT,55,0.39102564102564097,48,0.6153846153846154
Compress,27,22,Fastazi-S,49,0.5064102564102564,39,0.5
Compress,27,22,Fastazi-P,49,0.5576923076923077,35,0.44871794871794873
Compress,27,22,Random,78,0.7884615384615384,17,0.21794871794871795
Compress,27,23,Ekstazi,49,0.6858974358974359,25,0.32051282051282054
Compress,27,23,FAST,78,0.3012820512820512,55,0.7051282051282052
Compress,27,23,Ekstazi+dpt,49,0.39102564102564097,48,0.6153846153846154
Compress,27,23,DPT,78,0.35256410256410253,51,0.6538461538461539
Compress,27,23,STARTS,55,0.3653846153846153,50,0.6410256410256411
Compress,27,23,STARTS+FAST-S,55,0.3653846153846153,50,0.6410256410256411
Compress,27,23,STARTS+FAST-P,55,0.32692307692307687,53,0.6794871794871795
Compress,27,23,STARTS+DPT,55,0.39102564102564097,48,0.6153846153846154
Compress,27,23,Fastazi-S,49,0.5576923076923077,35,0.44871794871794873
Compress,27,23,Fastazi-P,49,0.5576923076923077,35,0.44871794871794873
Compress,27,23,Random,78,0.40384615384615385,47,0.6025641025641025
Compress,27,24,Ekstazi,49,0.40384615384615385,47,0.6025641025641025
Compress,27,24,FAST,78,0.3012820512820512,55,0.7051282051282052
Compress,27,24,Ekstazi+dpt,49,0.39102564102564097,48,0.6153846153846154
Compress,27,24,DPT,78,0.35256410256410253,51,0.6538461538461539
Compress,27,24,STARTS,55,0.7884615384615384,17,0.21794871794871795
Compress,27,24,STARTS+FAST-S,55,0.3653846153846153,50,0.6410256410256411
Compress,27,24,STARTS+FAST-P,55,0.32692307692307687,53,0.6794871794871795
Compress,27,24,STARTS+DPT,55,0.39102564102564097,48,0.6153846153846154
Compress,27,24,Fastazi-S,49,0.5448717948717948,36,0.46153846153846156
Compress,27,24,Fastazi-P,49,0.5705128205128205,34,0.4358974358974359
Compress,27,24,Random,78,0.22435897435897437,61,0.782051282051282
Compress,27,25,Ekstazi,49,0.4294871794871795,45,0.5769230769230769
Compress,27,25,FAST,78,0.3012820512820512,55,0.7051282051282052
Compress,27,25,Ekstazi+dpt,49,0.39102564102564097,48,0.6153846153846154
Compress,27,25,DPT,78,0.3653846153846153,50,0.6410256410256411
Compress,27,25,STARTS,55,0.35256410256410253,51,0.6538461538461539
Compress,27,25,STARTS+FAST-S,55,0.3653846153846153,50,0.6410256410256411
Compress,27,25,STARTS+FAST-P,55,0.32692307692307687,53,0.6794871794871795
Compress,27,25,STARTS+DPT,55,0.39102564102564097,48,0.6153846153846154
Compress,27,25,Fastazi-S,49,0.5576923076923077,35,0.44871794871794873
Compress,27,25,Fastazi-P,49,0.5576923076923077,35,0.44871794871794873
Compress,27,25,Random,78,0.6987179487179487,24,0.3076923076923077
Compress,27,26,Ekstazi,49,0.3782051282051282,49,0.6282051282051282
Compress,27,26,FAST,78,0.3012820512820512,55,0.7051282051282052
Compress,27,26,Ekstazi+dpt,49,0.39102564102564097,48,0.6153846153846154
Compress,27,26,DPT,78,0.35256410256410253,51,0.6538461538461539
Compress,27,26,STARTS,55,0.3653846153846153,50,0.6410256410256411
Compress,27,26,STARTS+FAST-S,55,0.3653846153846153,50,0.6410256410256411
Compress,27,26,STARTS+FAST-P,55,0.32692307692307687,53,0.6794871794871795
Compress,27,26,STARTS+DPT,55,0.39102564102564097,48,0.6153846153846154
Compress,27,26,Fastazi-S,49,0.5576923076923077,35,0.44871794871794873
Compress,27,26,Fastazi-P,49,0.5576923076923077,35,0.44871794871794873
Compress,27,26,Random,78,0.17307692307692304,65,0.8333333333333334
Compress,27,27,Ekstazi,49,0.3782051282051282,49,0.6282051282051282
Compress,27,27,FAST,78,0.3012820512820512,55,0.7051282051282052
Compress,27,27,Ekstazi+dpt,49,0.39102564102564097,48,0.6153846153846154
Compress,27,27,DPT,78,0.3782051282051282,49,0.6282051282051282
Compress,27,27,STARTS,55,0.7371794871794872,21,0.2692307692307692
Compress,27,27,STARTS+FAST-S,55,0.3653846153846153,50,0.6410256410256411
Compress,27,27,STARTS+FAST-P,55,0.32692307692307687,53,0.6794871794871795
Compress,27,27,STARTS+DPT,55,0.39102564102564097,48,0.6153846153846154
Compress,27,27,Fastazi-S,49,0.5576923076923077,35,0.44871794871794873
Compress,27,27,Fastazi-P,49,0.5576923076923077,35,0.44871794871794873
Compress,27,27,Random,78,0.4807692307692307,41,0.5256410256410257
Compress,27,28,Ekstazi,49,0.5705128205128205,34,0.4358974358974359
Compress,27,28,FAST,78,0.3012820512820512,55,0.7051282051282052
Compress,27,28,Ekstazi+dpt,49,0.39102564102564097,48,0.6153846153846154
Compress,27,28,DPT,78,0.3653846153846153,50,0.6410256410256411
Compress,27,28,STARTS,55,0.532051282051282,37,0.47435897435897434
Compress,27,28,STARTS+FAST-S,55,0.3653846153846153,50,0.6410256410256411
Compress,27,28,STARTS+FAST-P,55,0.32692307692307687,53,0.6794871794871795
Compress,27,28,STARTS+DPT,55,0.39102564102564097,48,0.6153846153846154
Compress,27,28,Fastazi-S,49,0.5576923076923077,35,0.44871794871794873
Compress,27,28,Fastazi-P,49,0.5576923076923077,35,0.44871794871794873
Compress,27,28,Random,78,0.6730769230769231,26,0.3333333333333333
Compress,27,29,Ekstazi,49,0.7756410256410255,18,0.23076923076923078
Compress,27,29,FAST,78,0.1987179487179487,63,0.8076923076923077
Compress,27,29,Ekstazi+dpt,49,0.39102564102564097,48,0.6153846153846154
Compress,27,29,DPT,78,0.3782051282051282,49,0.6282051282051282
Compress,27,29,STARTS,55,0.8141025641025641,15,0.19230769230769232
Compress,27,29,STARTS+FAST-S,55,0.3653846153846153,50,0.6410256410256411
Compress,27,29,STARTS+FAST-P,55,0.32692307692307687,53,0.6794871794871795
Compress,27,29,STARTS+DPT,55,0.39102564102564097,48,0.6153846153846154
Compress,27,29,Fastazi-S,49,0.5576923076923077,35,0.44871794871794873
Compress,27,29,Fastazi-P,49,0.5064102564102564,39,0.5
Compress,27,29,Random,78,0.09615384615384617,71,0.9102564102564102
Compress,27,30,Ekstazi,49,0.8012820512820513,16,0.20512820512820512
Compress,27,30,FAST,78,0.3012820512820512,55,0.7051282051282052
Compress,27,30,Ekstazi+dpt,49,0.39102564102564097,48,0.6153846153846154
Compress,27,30,DPT,78,0.3782051282051282,49,0.6282051282051282
Compress,27,30,STARTS,55,0.9807692307692307,2,0.02564102564102564
Compress,27,30,STARTS+FAST-S,55,0.3653846153846153,50,0.6410256410256411
Compress,27,30,STARTS+FAST-P,55,0.32692307692307687,53,0.6794871794871795
Compress,27,30,STARTS+DPT,55,0.39102564102564097,48,0.6153846153846154
Compress,27,30,Fastazi-S,49,0.5576923076923077,35,0.44871794871794873
Compress,27,30,Fastazi-P,49,0.5576923076923077,35,0.44871794871794873
Compress,27,30,Random,78,0.39102564102564097,48,0.6153846153846154
Compress,28,1,Ekstazi,10,0.967948717948718,3,0.038461538461538464
Compress,28,1,FAST,78,0.8525641025641025,12,0.15384615384615385
Compress,28,1,Ekstazi+dpt,10,0.9038461538461539,8,0.10256410256410256
Compress,28,1,DPT,78,0.5705128205128205,34,0.4358974358974359
Compress,28,1,STARTS,49,0.4423076923076923,44,0.5641025641025641
Compress,28,1,STARTS+FAST-S,49,0.891025641025641,9,0.11538461538461539
Compress,28,1,STARTS+FAST-P,49,0.9038461538461539,8,0.10256410256410256
Compress,28,1,STARTS+DPT,49,0.608974358974359,31,0.3974358974358974
Compress,28,1,Fastazi-S,10,0.9551282051282051,4,0.05128205128205128
Compress,28,1,Fastazi-P,10,0.9551282051282051,4,0.05128205128205128
Compress,28,1,Random,78,0.41666666666666663,46,0.5897435897435898
Compress,28,2,Ekstazi,10,0.9038461538461539,8,0.10256410256410256
Compress,28,2,FAST,78,0.8141025641025641,15,0.19230769230769232
Compress,28,2,Ekstazi+dpt,10,0.9038461538461539,8,0.10256410256410256
Compress,28,2,DPT,78,0.5705128205128205,34,0.4358974358974359
Compress,28,2,STARTS,49,0.4423076923076923,44,0.5641025641025641
Compress,28,2,STARTS+FAST-S,49,0.891025641025641,9,0.11538461538461539
Compress,28,2,STARTS+FAST-P,49,0.9038461538461539,8,0.10256410256410256
Compress,28,2,STARTS+DPT,49,0.608974358974359,31,0.3974358974358974
Compress,28,2,Fastazi-S,10,0.9551282051282051,4,0.05128205128205128
Compress,28,2,Fastazi-P,10,0.9551282051282051,4,0.05128205128205128
Compress,28,2,Random,78,0.23717948717948714,60,0.7692307692307693
Compress,28,3,Ekstazi,10,0.9551282051282051,4,0.05128205128205128
Compress,28,3,FAST,78,0.8525641025641025,12,0.15384615384615385
Compress,28,3,Ekstazi+dpt,10,0.9038461538461539,8,0.10256410256410256
Compress,28,3,DPT,78,0.5833333333333333,33,0.4230769230769231
Compress,28,3,STARTS,49,0.5961538461538461,32,0.41025641025641024
Compress,28,3,STARTS+FAST-S,49,0.9038461538461539,8,0.10256410256410256
Compress,28,3,STARTS+FAST-P,49,0.9038461538461539,8,0.10256410256410256
Compress,28,3,STARTS+DPT,49,0.5961538461538461,32,0.41025641025641024
Compress,28,3,Fastazi-S,10,0.9551282051282051,4,0.05128205128205128
Compress,28,3,Fastazi-P,10,0.9551282051282051,4,0.05128205128205128
Compress,28,3,Random,78,0.10897435897435895,70,0.8974358974358975
Compress,28,4,Ekstazi,10,0.9294871794871795,6,0.07692307692307693
Compress,28,4,FAST,78,0.8653846153846154,11,0.14102564102564102
Compress,28,4,Ekstazi+dpt,10,0.9038461538461539,8,0.10256410256410256
Compress,28,4,DPT,78,0.5833333333333333,33,0.4230769230769231
Compress,28,4,STARTS,49,0.39102564102564097,48,0.6153846153846154
Compress,28,4,STARTS+FAST-S,49,0.891025641025641,9,0.11538461538461539
Compress,28,4,STARTS+FAST-P,49,0.9038461538461539,8,0.10256410256410256
Compress,28,4,STARTS+DPT,49,0.608974358974359,31,0.3974358974358974
Compress,28,4,Fastazi-S,10,0.9551282051282051,4,0.05128205128205128
Compress,28,4,Fastazi-P,10,0.9551282051282051,4,0.05128205128205128
Compress,28,4,Random,78,0.891025641025641,9,0.11538461538461539
Compress,28,5,Ekstazi,10,0.9294871794871795,6,0.07692307692307693
Compress,28,5,FAST,78,0.8141025641025641,15,0.19230769230769232
Compress,28,5,Ekstazi+dpt,10,0.9038461538461539,8,0.10256410256410256
Compress,28,5,DPT,78,0.5705128205128205,34,0.4358974358974359
Compress,28,5,STARTS,49,0.6217948717948718,30,0.38461538461538464
Compress,28,5,STARTS+FAST-S,49,0.891025641025641,9,0.11538461538461539
Compress,28,5,STARTS+FAST-P,49,0.891025641025641,9,0.11538461538461539
Compress,28,5,STARTS+DPT,49,0.608974358974359,31,0.3974358974358974
Compress,28,5,Fastazi-S,10,0.9551282051282051,4,0.05128205128205128
Compress,28,5,Fastazi-P,10,0.9551282051282051,4,0.05128205128205128
Compress,28,5,Random,78,0.4294871794871795,45,0.5769230769230769
Compress,28,6,Ekstazi,10,0.9166666666666666,7,0.08974358974358974
Compress,28,6,FAST,78,0.8397435897435898,13,0.16666666666666666
Compress,28,6,Ekstazi+dpt,10,0.9038461538461539,8,0.10256410256410256
Compress,28,6,DPT,78,0.5833333333333333,33,0.4230769230769231
Compress,28,6,STARTS,49,0.8141025641025641,15,0.19230769230769232
Compress,28,6,STARTS+FAST-S,49,0.891025641025641,9,0.11538461538461539
Compress,28,6,STARTS+FAST-P,49,0.9038461538461539,8,0.10256410256410256
Compress,28,6,STARTS+DPT,49,0.608974358974359,31,0.3974358974358974
Compress,28,6,Fastazi-S,10,0.9935897435897436,1,0.01282051282051282
Compress,28,6,Fastazi-P,10,0.9423076923076923,5,0.0641025641025641
Compress,28,6,Random,78,0.22435897435897437,61,0.782051282051282
Compress,28,7,Ekstazi,10,0.9423076923076923,5,0.0641025641025641
Compress,28,7,FAST,78,0.8397435897435898,13,0.16666666666666666
Compress,28,7,Ekstazi+dpt,10,0.9038461538461539,8,0.10256410256410256
Compress,28,7,DPT,78,0.5833333333333333,33,0.4230769230769231
Compress,28,7,STARTS,49,0.40384615384615385,47,0.6025641025641025
Compress,28,7,STARTS+FAST-S,49,0.9038461538461539,8,0.10256410256410256
Compress,28,7,STARTS+FAST-P,49,0.891025641025641,9,0.11538461538461539
Compress,28,7,STARTS+DPT,49,0.5961538461538461,32,0.41025641025641024
Compress,28,7,Fastazi-S,10,0.9551282051282051,4,0.05128205128205128
Compress,28,7,Fastazi-P,10,0.9423076923076923,5,0.0641025641025641
Compress,28,7,Random,78,0.27564102564102566,57,0.7307692307692307
Compress,28,8,Ekstazi,10,0.9166666666666666,7,0.08974358974358974
Compress,28,8,FAST,78,0.8397435897435898,13,0.16666666666666666
Compress,28,8,Ekstazi+dpt,10,0.9038461538461539,8,0.10256410256410256
Compress,28,8,DPT,78,0.5705128205128205,34,0.4358974358974359
Compress,28,8,STARTS,49,0.8141025641025641,15,0.19230769230769232
Compress,28,8,STARTS+FAST-S,49,0.891025641025641,9,0.11538461538461539
Compress,28,8,STARTS+FAST-P,49,0.891025641025641,9,0.11538461538461539
Compress,28,8,STARTS+DPT,49,0.5961538461538461,32,0.41025641025641024
Compress,28,8,Fastazi-S,10,0.9423076923076923,5,0.0641025641025641
Compress,28,8,Fastazi-P,10,0.9551282051282051,4,0.05128205128205128
Compress,28,8,Random,78,0.7243589743589743,22,0.28205128205128205
Compress,28,9,Ekstazi,10,0.9294871794871795,6,0.07692307692307693
Compress,28,9,FAST,78,0.8397435897435898,13,0.16666666666666666
Compress,28,9,Ekstazi+dpt,10,0.9038461538461539,8,0.10256410256410256
Compress,28,9,DPT,78,0.5833333333333333,33,0.4230769230769231
Compress,28,9,STARTS,49,0.7756410256410255,18,0.23076923076923078
Compress,28,9,STARTS+FAST-S,49,0.9038461538461539,8,0.10256410256410256
Compress,28,9,STARTS+FAST-P,49,0.8653846153846154,11,0.14102564102564102
Compress,28,9,STARTS+DPT,49,0.5961538461538461,32,0.41025641025641024
Compress,28,9,Fastazi-S,10,0.9423076923076923,5,0.0641025641025641
Compress,28,9,Fastazi-P,10,0.9551282051282051,4,0.05128205128205128
Compress,28,9,Random,78,0.4935897435897436,40,0.5128205128205128
Compress,28,10,Ekstazi,10,0.9294871794871795,6,0.07692307692307693
Compress,28,10,FAST,78,0.8525641025641025,12,0.15384615384615385
Compress,28,10,Ekstazi+dpt,10,0.9038461538461539,8,0.10256410256410256
Compress,28,10,DPT,78,0.5705128205128205,34,0.4358974358974359
Compress,28,10,STARTS,49,0.4935897435897436,40,0.5128205128205128
Compress,28,10,STARTS+FAST-S,49,0.891025641025641,9,0.11538461538461539
Compress,28,10,STARTS+FAST-P,49,0.9038461538461539,8,0.10256410256410256
Compress,28,10,STARTS+DPT,49,0.5961538461538461,32,0.41025641025641024
Compress,28,10,Fastazi-S,10,0.9423076923076923,5,0.0641025641025641
Compress,28,10,Fastazi-P,10,0.9551282051282051,4,0.05128205128205128
Compress,28,10,Random,78,0.09615384615384617,71,0.9102564102564102
Compress,28,11,Ekstazi,10,0.9551282051282051,4,0.05128205128205128
Compress,28,11,FAST,78,0.8653846153846154,11,0.14102564102564102
Compress,28,11,Ekstazi+dpt,10,0.9038461538461539,8,0.10256410256410256
Compress,28,11,DPT,78,0.5833333333333333,33,0.4230769230769231
Compress,28,11,STARTS,49,0.7115384615384615,23,0.2948717948717949
Compress,28,11,STARTS+FAST-S,49,0.891025641025641,9,0.11538461538461539
Compress,28,11,STARTS+FAST-P,49,0.891025641025641,9,0.11538461538461539
Compress,28,11,STARTS+DPT,49,0.608974358974359,31,0.3974358974358974
Compress,28,11,Fastazi-S,10,0.9551282051282051,4,0.05128205128205128
Compress,28,11,Fastazi-P,10,0.9551282051282051,4,0.05128205128205128
Compress,28,11,Random,78,0.22435897435897437,61,0.782051282051282
Compress,28,12,Ekstazi,10,0.9038461538461539,8,0.10256410256410256
Compress,28,12,FAST,78,0.8397435897435898,13,0.16666666666666666
Compress,28,12,Ekstazi+dpt,10,0.9038461538461539,8,0.10256410256410256
Compress,28,12,DPT,78,0.5705128205128205,34,0.4358974358974359
Compress,28,12,STARTS,49,0.7371794871794872,21,0.2692307692307692
Compress,28,12,STARTS+FAST-S,49,0.8782051282051282,10,0.1282051282051282
Compress,28,12,STARTS+FAST-P,49,0.891025641025641,9,0.11538461538461539
Compress,28,12,STARTS+DPT,49,0.608974358974359,31,0.3974358974358974
Compress,28,12,Fastazi-S,10,0.9423076923076923,5,0.0641025641025641
Compress,28,12,Fastazi-P,10,0.9551282051282051,4,0.05128205128205128
Compress,28,12,Random,78,0.4423076923076923,44,0.5641025641025641
Compress,28,13,Ekstazi,10,0.9423076923076923,5,0.0641025641025641
Compress,28,13,FAST,78,0.8525641025641025,12,0.15384615384615385
Compress,28,13,Ekstazi+dpt,10,0.9038461538461539,8,0.10256410256410256
Compress,28,13,DPT,78,0.5833333333333333,33,0.4230769230769231
Compress,28,13,STARTS,49,0.891025641025641,9,0.11538461538461539
Compress,28,13,STARTS+FAST-S,49,0.891025641025641,9,0.11538461538461539
Compress,28,13,STARTS+FAST-P,49,0.891025641025641,9,0.11538461538461539
Compress,28,13,STARTS+DPT,49,0.608974358974359,31,0.3974358974358974
Compress,28,13,Fastazi-S,10,0.9551282051282051,4,0.05128205128205128
Compress,28,13,Fastazi-P,10,0.9551282051282051,4,0.05128205128205128
Compress,28,13,Random,78,0.27564102564102566,57,0.7307692307692307
Compress,28,14,Ekstazi,10,0.9935897435897436,1,0.01282051282051282
Compress,28,14,FAST,78,0.8653846153846154,11,0.14102564102564102
Compress,28,14,Ekstazi+dpt,10,0.9038461538461539,8,0.10256410256410256
Compress,28,14,DPT,78,0.5705128205128205,34,0.4358974358974359
Compress,28,14,STARTS,49,0.39102564102564097,48,0.6153846153846154
Compress,28,14,STARTS+FAST-S,49,0.891025641025641,9,0.11538461538461539
Compress,28,14,STARTS+FAST-P,49,0.891025641025641,9,0.11538461538461539
Compress,28,14,STARTS+DPT,49,0.608974358974359,31,0.3974358974358974
Compress,28,14,Fastazi-S,10,0.9551282051282051,4,0.05128205128205128
Compress,28,14,Fastazi-P,10,0.9551282051282051,4,0.05128205128205128
Compress,28,14,Random,78,0.5576923076923077,35,0.44871794871794873
Compress,28,15,Ekstazi,10,0.9166666666666666,7,0.08974358974358974
Compress,28,15,FAST,78,0.8141025641025641,15,0.19230769230769232
Compress,28,15,Ekstazi+dpt,10,0.9038461538461539,8,0.10256410256410256
Compress,28,15,DPT,78,0.5833333333333333,33,0.4230769230769231
Compress,28,15,STARTS,49,0.6730769230769231,26,0.3333333333333333
Compress,28,15,STARTS+FAST-S,49,0.8782051282051282,10,0.1282051282051282
Compress,28,15,STARTS+FAST-P,49,0.891025641025641,9,0.11538461538461539
Compress,28,15,STARTS+DPT,49,0.608974358974359,31,0.3974358974358974
Compress,28,15,Fastazi-S,10,0.9551282051282051,4,0.05128205128205128
Compress,28,15,Fastazi-P,10,0.9551282051282051,4,0.05128205128205128
Compress,28,15,Random,78,0.17307692307692304,65,0.8333333333333334
Compress,28,16,Ekstazi,10,0.967948717948718,3,0.038461538461538464
Compress,28,16,FAST,78,0.8397435897435898,13,0.16666666666666666
Compress,28,16,Ekstazi+dpt,10,0.9038461538461539,8,0.10256410256410256
Compress,28,16,DPT,78,0.5833333333333333,33,0.4230769230769231
Compress,28,16,STARTS,49,0.5448717948717948,36,0.46153846153846156
Compress,28,16,STARTS+FAST-S,49,0.891025641025641,9,0.11538461538461539
Compress,28,16,STARTS+FAST-P,49,0.891025641025641,9,0.11538461538461539
Compress,28,16,STARTS+DPT,49,0.5961538461538461,32,0.41025641025641024
Compress,28,16,Fastazi-S,10,0.9423076923076923,5,0.0641025641025641
Compress,28,16,Fastazi-P,10,0.9551282051282051,4,0.05128205128205128
Compress,28,16,Random,78,0.9551282051282051,4,0.05128205128205128
Compress,28,17,Ekstazi,10,0.9807692307692307,2,0.02564102564102564
Compress,28,17,FAST,78,0.8397435897435898,13,0.16666666666666666
Compress,28,17,Ekstazi+dpt,10,0.9038461538461539,8,0.10256410256410256
Compress,28,17,DPT,78,0.5833333333333333,33,0.4230769230769231
Compress,28,17,STARTS,49,0.6474358974358974,28,0.358974358974359
Compress,28,17,STARTS+FAST-S,49,0.9038461538461539,8,0.10256410256410256
Compress,28,17,STARTS+FAST-P,49,0.8653846153846154,11,0.14102564102564102
Compress,28,17,STARTS+DPT,49,0.608974358974359,31,0.3974358974358974
Compress,28,17,Fastazi-S,10,0.9423076923076923,5,0.0641025641025641
Compress,28,17,Fastazi-P,10,0.9551282051282051,4,0.05128205128205128
Compress,28,17,Random,78,0.6987179487179487,24,0.3076923076923077
Compress,28,18,Ekstazi,10,0.9551282051282051,4,0.05128205128205128
Compress,28,18,FAST,78,0.8397435897435898,13,0.16666666666666666
Compress,28,18,Ekstazi+dpt,10,0.9038461538461539,8,0.10256410256410256
Compress,28,18,DPT,78,0.5833333333333333,33,0.4230769230769231
Compress,28,18,STARTS,49,0.8653846153846154,11,0.14102564102564102
Compress,28,18,STARTS+FAST-S,49,0.9038461538461539,8,0.10256410256410256
Compress,28,18,STARTS+FAST-P,49,0.9038461538461539,8,0.10256410256410256
Compress,28,18,STARTS+DPT,49,0.5961538461538461,32,0.41025641025641024
Compress,28,18,Fastazi-S,10,0.9935897435897436,1,0.01282051282051282
Compress,28,18,Fastazi-P,10,0.9551282051282051,4,0.05128205128205128
Compress,28,18,Random,78,0.7756410256410255,18,0.23076923076923078
Compress,28,19,Ekstazi,10,0.9166666666666666,7,0.08974358974358974
Compress,28,19,FAST,78,0.8397435897435898,13,0.16666666666666666
Compress,28,19,Ekstazi+dpt,10,0.9038461538461539,8,0.10256410256410256
Compress,28,19,DPT,78,0.5833333333333333,33,0.4230769230769231
Compress,28,19,STARTS,49,0.5961538461538461,32,0.41025641025641024
Compress,28,19,STARTS+FAST-S,49,0.9038461538461539,8,0.10256410256410256
Compress,28,19,STARTS+FAST-P,49,0.9038461538461539,8,0.10256410256410256
Compress,28,19,STARTS+DPT,49,0.5961538461538461,32,0.41025641025641024
Compress,28,19,Fastazi-S,10,0.9423076923076923,5,0.0641025641025641
Compress,28,19,Fastazi-P,10,0.9551282051282051,4,0.05128205128205128
Compress,28,19,Random,78,0.044871794871794844,75,0.9615384615384616
Compress,28,20,Ekstazi,10,0.9294871794871795,6,0.07692307692307693
Compress,28,20,FAST,78,0.8397435897435898,13,0.16666666666666666
Compress,28,20,Ekstazi+dpt,10,0.9038461538461539,8,0.10256410256410256
Compress,28,20,DPT,78,0.5833333333333333,33,0.4230769230769231
Compress,28,20,STARTS,49,0.608974358974359,31,0.3974358974358974
Compress,28,20,STARTS+FAST-S,49,0.9038461538461539,8,0.10256410256410256
Compress,28,20,STARTS+FAST-P,49,0.9038461538461539,8,0.10256410256410256
Compress,28,20,STARTS+DPT,49,0.608974358974359,31,0.3974358974358974
Compress,28,20,Fastazi-S,10,0.9423076923076923,5,0.0641025641025641
Compress,28,20,Fastazi-P,10,0.9423076923076923,5,0.0641025641025641
Compress,28,20,Random,78,0.608974358974359,31,0.3974358974358974
Compress,28,21,Ekstazi,10,0.8782051282051282,10,0.1282051282051282
Compress,28,21,FAST,78,0.8525641025641025,12,0.15384615384615385
Compress,28,21,Ekstazi+dpt,10,0.9038461538461539,8,0.10256410256410256
Compress,28,21,DPT,78,0.5833333333333333,33,0.4230769230769231
Compress,28,21,STARTS,49,0.8653846153846154,11,0.14102564102564102
Compress,28,21,STARTS+FAST-S,49,0.9038461538461539,8,0.10256410256410256
Compress,28,21,STARTS+FAST-P,49,0.891025641025641,9,0.11538461538461539
Compress,28,21,STARTS+DPT,49,0.608974358974359,31,0.3974358974358974
Compress,28,21,Fastazi-S,10,0.9551282051282051,4,0.05128205128205128
Compress,28,21,Fastazi-P,10,0.9551282051282051,4,0.05128205128205128
Compress,28,21,Random,78,0.7243589743589743,22,0.28205128205128205
Compress,28,22,Ekstazi,10,0.9551282051282051,4,0.05128205128205128
Compress,28,22,FAST,78,0.8397435897435898,13,0.16666666666666666
Compress,28,22,Ekstazi+dpt,10,0.9038461538461539,8,0.10256410256410256
Compress,28,22,DPT,78,0.5833333333333333,33,0.4230769230769231
Compress,28,22,STARTS,49,0.7884615384615384,17,0.21794871794871795
Compress,28,22,STARTS+FAST-S,49,0.891025641025641,9,0.11538461538461539
Compress,28,22,STARTS+FAST-P,49,0.9038461538461539,8,0.10256410256410256
Compress,28,22,STARTS+DPT,49,0.5961538461538461,32,0.41025641025641024
Compress,28,22,Fastazi-S,10,0.9551282051282051,4,0.05128205128205128
Compress,28,22,Fastazi-P,10,0.9551282051282051,4,0.05128205128205128
Compress,28,22,Random,78,0.45512820512820507,43,0.5512820512820513
Compress,28,23,Ekstazi,10,0.9423076923076923,5,0.0641025641025641
Compress,28,23,FAST,78,0.8397435897435898,13,0.16666666666666666
Compress,28,23,Ekstazi+dpt,10,0.9038461538461539,8,0.10256410256410256
Compress,28,23,DPT,78,0.5705128205128205,34,0.4358974358974359
Compress,28,23,STARTS,49,0.6602564102564102,27,0.34615384615384615
Compress,28,23,STARTS+FAST-S,49,0.891025641025641,9,0.11538461538461539
Compress,28,23,STARTS+FAST-P,49,0.891025641025641,9,0.11538461538461539
Compress,28,23,STARTS+DPT,49,0.5961538461538461,32,0.41025641025641024
Compress,28,23,Fastazi-S,10,0.9423076923076923,5,0.0641025641025641
Compress,28,23,Fastazi-P,10,0.9551282051282051,4,0.05128205128205128
Compress,28,23,Random,78,0.4807692307692307,41,0.5256410256410257
Compress,28,24,Ekstazi,10,0.9807692307692307,2,0.02564102564102564
Compress,28,24,FAST,78,0.8525641025641025,12,0.15384615384615385
Compress,28,24,Ekstazi+dpt,10,0.9038461538461539,8,0.10256410256410256
Compress,28,24,DPT,78,0.5833333333333333,33,0.4230769230769231
Compress,28,24,STARTS,49,0.7628205128205128,19,0.24358974358974358
Compress,28,24,STARTS+FAST-S,49,0.891025641025641,9,0.11538461538461539
Compress,28,24,STARTS+FAST-P,49,0.891025641025641,9,0.11538461538461539
Compress,28,24,STARTS+DPT,49,0.608974358974359,31,0.3974358974358974
Compress,28,24,Fastazi-S,10,0.9551282051282051,4,0.05128205128205128
Compress,28,24,Fastazi-P,10,0.9551282051282051,4,0.05128205128205128
Compress,28,24,Random,78,0.6730769230769231,26,0.3333333333333333
Compress,28,25,Ekstazi,10,0.9294871794871795,6,0.07692307692307693
Compress,28,25,FAST,78,0.8397435897435898,13,0.16666666666666666
Compress,28,25,Ekstazi+dpt,10,0.9038461538461539,8,0.10256410256410256
Compress,28,25,DPT,78,0.5705128205128205,34,0.4358974358974359
Compress,28,25,STARTS,49,0.9807692307692307,2,0.02564102564102564
Compress,28,25,STARTS+FAST-S,49,0.891025641025641,9,0.11538461538461539
Compress,28,25,STARTS+FAST-P,49,0.9038461538461539,8,0.10256410256410256
Compress,28,25,STARTS+DPT,49,0.5961538461538461,32,0.41025641025641024
Compress,28,25,Fastazi-S,10,0.9551282051282051,4,0.05128205128205128
Compress,28,25,Fastazi-P,10,0.9551282051282051,4,0.05128205128205128
Compress,28,25,Random,78,0.6858974358974359,25,0.32051282051282054
Compress,28,26,Ekstazi,10,0.9166666666666666,7,0.08974358974358974
Compress,28,26,FAST,78,0.8397435897435898,13,0.16666666666666666
Compress,28,26,Ekstazi+dpt,10,0.9038461538461539,8,0.10256410256410256
Compress,28,26,DPT,78,0.5705128205128205,34,0.4358974358974359
Compress,28,26,STARTS,49,0.9935897435897436,1,0.01282051282051282
Compress,28,26,STARTS+FAST-S,49,0.891025641025641,9,0.11538461538461539
Compress,28,26,STARTS+FAST-P,49,0.891025641025641,9,0.11538461538461539
Compress,28,26,STARTS+DPT,49,0.608974358974359,31,0.3974358974358974
Compress,28,26,Fastazi-S,10,0.9551282051282051,4,0.05128205128205128
Compress,28,26,Fastazi-P,10,0.9551282051282051,4,0.05128205128205128
Compress,28,26,Random,78,0.3141025641025641,54,0.6923076923076923
Compress,28,27,Ekstazi,10,0.9423076923076923,5,0.0641025641025641
Compress,28,27,FAST,78,0.8653846153846154,11,0.14102564102564102
Compress,28,27,Ekstazi+dpt,10,0.9038461538461539,8,0.10256410256410256
Compress,28,27,DPT,78,0.5833333333333333,33,0.4230769230769231
Compress,28,27,STARTS,49,0.5961538461538461,32,0.41025641025641024
Compress,28,27,STARTS+FAST-S,49,0.891025641025641,9,0.11538461538461539
Compress,28,27,STARTS+FAST-P,49,0.9038461538461539,8,0.10256410256410256
Compress,28,27,STARTS+DPT,49,0.608974358974359,31,0.3974358974358974
Compress,28,27,Fastazi-S,10,0.9935897435897436,1,0.01282051282051282
Compress,28,27,Fastazi-P,10,0.9551282051282051,4,0.05128205128205128
Compress,28,27,Random,78,0.18589743589743593,64,0.8205128205128205
Compress,28,28,Ekstazi,10,0.891025641025641,9,0.11538461538461539
Compress,28,28,FAST,78,0.8525641025641025,12,0.15384615384615385
Compress,28,28,Ekstazi+dpt,10,0.9038461538461539,8,0.10256410256410256
Compress,28,28,DPT,78,0.5833333333333333,33,0.4230769230769231
Compress,28,28,STARTS,49,0.9423076923076923,5,0.0641025641025641
Compress,28,28,STARTS+FAST-S,49,0.9038461538461539,8,0.10256410256410256
Compress,28,28,STARTS+FAST-P,49,0.891025641025641,9,0.11538461538461539
Compress,28,28,STARTS+DPT,49,0.5961538461538461,32,0.41025641025641024
Compress,28,28,Fastazi-S,10,0.9551282051282051,4,0.05128205128205128
Compress,28,28,Fastazi-P,10,0.9551282051282051,4,0.05128205128205128
Compress,28,28,Random,78,0.8269230769230769,14,0.1794871794871795
Compress,28,29,Ekstazi,10,0.9423076923076923,5,0.0641025641025641
Compress,28,29,FAST,78,0.8525641025641025,12,0.15384615384615385
Compress,28,29,Ekstazi+dpt,10,0.9038461538461539,8,0.10256410256410256
Compress,28,29,DPT,78,0.5833333333333333,33,0.4230769230769231
Compress,28,29,STARTS,49,0.45512820512820507,43,0.5512820512820513
Compress,28,29,STARTS+FAST-S,49,0.891025641025641,9,0.11538461538461539
Compress,28,29,STARTS+FAST-P,49,0.891025641025641,9,0.11538461538461539
Compress,28,29,STARTS+DPT,49,0.5961538461538461,32,0.41025641025641024
Compress,28,29,Fastazi-S,10,0.9935897435897436,1,0.01282051282051282
Compress,28,29,Fastazi-P,10,0.9551282051282051,4,0.05128205128205128
Compress,28,29,Random,78,0.46794871794871795,42,0.5384615384615384
Compress,28,30,Ekstazi,10,0.9423076923076923,5,0.0641025641025641
Compress,28,30,FAST,78,0.8397435897435898,13,0.16666666666666666
Compress,28,30,Ekstazi+dpt,10,0.9038461538461539,8,0.10256410256410256
Compress,28,30,DPT,78,0.5833333333333333,33,0.4230769230769231
Compress,28,30,STARTS,49,0.9294871794871795,6,0.07692307692307693
Compress,28,30,STARTS+FAST-S,49,0.891025641025641,9,0.11538461538461539
Compress,28,30,STARTS+FAST-P,49,0.891025641025641,9,0.11538461538461539
Compress,28,30,STARTS+DPT,49,0.608974358974359,31,0.3974358974358974
Compress,28,30,Fastazi-S,10,0.9551282051282051,4,0.05128205128205128
Compress,28,30,Fastazi-P,10,0.9551282051282051,4,0.05128205128205128
Compress,28,30,Random,78,0.25,59,0.7564102564102564
Compress,29,1,Ekstazi,71,0.6647727272727274,30,0.3409090909090909
Compress,29,1,FAST,88,0.8125000000000001,17,0.19318181818181818
Compress,29,1,Ekstazi+dpt,71,0.9034090909090909,9,0.10227272727272728
Compress,29,1,DPT,88,0.9034090909090909,9,0.10227272727272728
Compress,29,1,STARTS,74,0.31249999999999994,61,0.6931818181818182
Compress,29,1,STARTS+FAST-S,74,0.9488636363636365,5,0.056818181818181816
Compress,29,1,STARTS+FAST-P,74,0.9488636363636365,5,0.056818181818181816
Compress,29,1,STARTS+DPT,74,0.9034090909090909,9,0.10227272727272728
Compress,29,1,Fastazi-S,71,0.8579545454545455,13,0.14772727272727273
Compress,29,1,Fastazi-P,71,0.8693181818181819,12,0.13636363636363635
Compress,29,1,Random,88,0.8125000000000001,17,0.19318181818181818
Compress,29,2,Ekstazi,71,0.2784090909090909,64,0.7272727272727273
Compress,29,2,FAST,88,0.8125000000000001,17,0.19318181818181818
Compress,29,2,Ekstazi+dpt,71,0.9034090909090909,9,0.10227272727272728
Compress,29,2,DPT,88,0.9034090909090909,9,0.10227272727272728
Compress,29,2,STARTS,74,0.23295454545454547,68,0.7727272727272727
Compress,29,2,STARTS+FAST-S,74,0.9488636363636365,5,0.056818181818181816
Compress,29,2,STARTS+FAST-P,74,0.9375000000000001,6,0.06818181818181818
Compress,29,2,STARTS+DPT,74,0.9034090909090909,9,0.10227272727272728
Compress,29,2,Fastazi-S,71,0.8579545454545455,13,0.14772727272727273
Compress,29,2,Fastazi-P,71,0.8693181818181819,12,0.13636363636363635
Compress,29,2,Random,88,0.8011363636363636,18,0.20454545454545456
Compress,29,3,Ekstazi,71,0.7329545454545455,24,0.2727272727272727
Compress,29,3,FAST,88,0.8011363636363636,18,0.20454545454545456
Compress,29,3,Ekstazi+dpt,71,0.9034090909090909,9,0.10227272727272728
Compress,29,3,DPT,88,0.9034090909090909,9,0.10227272727272728
Compress,29,3,STARTS,74,0.5738636363636364,38,0.4318181818181818
Compress,29,3,STARTS+FAST-S,74,0.9261363636363636,7,0.07954545454545454
Compress,29,3,STARTS+FAST-P,74,0.9488636363636365,5,0.056818181818181816
Compress,29,3,STARTS+DPT,74,0.9034090909090909,9,0.10227272727272728
Compress,29,3,Fastazi-S,71,0.8693181818181819,12,0.13636363636363635
Compress,29,3,Fastazi-P,71,0.8693181818181819,12,0.13636363636363635
Compress,29,3,Random,88,0.5397727272727274,41,0.4659090909090909
Compress,29,4,Ekstazi,71,0.43749999999999994,50,0.5681818181818182
Compress,29,4,FAST,88,0.8125000000000001,17,0.19318181818181818
Compress,29,4,Ekstazi+dpt,71,0.9034090909090909,9,0.10227272727272728
Compress,29,4,DPT,88,0.9034090909090909,9,0.10227272727272728
Compress,29,4,STARTS,74,0.8920454545454546,10,0.11363636363636363
Compress,29,4,STARTS+FAST-S,74,0.9261363636363636,7,0.07954545454545454
Compress,29,4,STARTS+FAST-P,74,0.9488636363636365,5,0.056818181818181816
Compress,29,4,STARTS+DPT,74,0.9034090909090909,9,0.10227272727272728
Compress,29,4,Fastazi-S,71,0.8693181818181819,12,0.13636363636363635
Compress,29,4,Fastazi-P,71,0.8693181818181819,12,0.13636363636363635
Compress,29,4,Random,88,0.3693181818181818,56,0.6363636363636364
Compress,29,5,Ekstazi,71,0.9375000000000001,6,0.06818181818181818
Compress,29,5,FAST,88,0.8011363636363636,18,0.20454545454545456
Compress,29,5,Ekstazi+dpt,71,0.9034090909090909,9,0.10227272727272728
Compress,29,5,DPT,88,0.9034090909090909,9,0.10227272727272728
Compress,29,5,STARTS,74,0.7556818181818182,22,0.25
Compress,29,5,STARTS+FAST-S,74,0.9375000000000001,6,0.06818181818181818
Compress,29,5,STARTS+FAST-P,74,0.9375000000000001,6,0.06818181818181818
Compress,29,5,STARTS+DPT,74,0.9034090909090909,9,0.10227272727272728
Compress,29,5,Fastazi-S,71,0.8693181818181819,12,0.13636363636363635
Compress,29,5,Fastazi-P,71,0.8693181818181819,12,0.13636363636363635
Compress,29,5,Random,88,0.35795454545454547,57,0.6477272727272727
Compress,29,6,Ekstazi,71,0.7329545454545455,24,0.2727272727272727
Compress,29,6,FAST,88,0.8125000000000001,17,0.19318181818181818
Compress,29,6,Ekstazi+dpt,71,0.9034090909090909,9,0.10227272727272728
Compress,29,6,DPT,88,0.9034090909090909,9,0.10227272727272728
Compress,29,6,STARTS,74,0.4488636363636364,49,0.5568181818181818
Compress,29,6,STARTS+FAST-S,74,0.9375000000000001,6,0.06818181818181818
Compress,29,6,STARTS+FAST-P,74,0.9488636363636365,5,0.056818181818181816
Compress,29,6,STARTS+DPT,74,0.9034090909090909,9,0.10227272727272728
Compress,29,6,Fastazi-S,71,0.8579545454545455,13,0.14772727272727273
Compress,29,6,Fastazi-P,71,0.8693181818181819,12,0.13636363636363635
Compress,29,6,Random,88,0.1761363636363636,73,0.8295454545454546
Compress,29,7,Ekstazi,71,0.6875000000000001,28,0.3181818181818182
Compress,29,7,FAST,88,0.8011363636363636,18,0.20454545454545456
Compress,29,7,Ekstazi+dpt,71,0.9034090909090909,9,0.10227272727272728
Compress,29,7,DPT,88,0.9034090909090909,9,0.10227272727272728
Compress,29,7,STARTS,74,0.6079545454545455,35,0.3977272727272727
Compress,29,7,STARTS+FAST-S,74,0.9375000000000001,6,0.06818181818181818
Compress,29,7,STARTS+FAST-P,74,0.9488636363636365,5,0.056818181818181816
Compress,29,7,STARTS+DPT,74,0.9034090909090909,9,0.10227272727272728
Compress,29,7,Fastazi-S,71,0.8579545454545455,13,0.14772727272727273
Compress,29,7,Fastazi-P,71,0.8579545454545455,13,0.14772727272727273
Compress,29,7,Random,88,0.4715909090909091,47,0.5340909090909091
Compress,29,8,Ekstazi,71,0.4261363636363636,51,0.5795454545454546
Compress,29,8,FAST,88,0.8011363636363636,18,0.20454545454545456
Compress,29,8,Ekstazi+dpt,71,0.9034090909090909,9,0.10227272727272728
Compress,29,8,DPT,88,0.9034090909090909,9,0.10227272727272728
Compress,29,8,STARTS,74,0.7897727272727273,19,0.2159090909090909
Compress,29,8,STARTS+FAST-S,74,0.9375000000000001,6,0.06818181818181818
Compress,29,8,STARTS+FAST-P,74,0.9488636363636365,5,0.056818181818181816
Compress,29,8,STARTS+DPT,74,0.9034090909090909,9,0.10227272727272728
Compress,29,8,Fastazi-S,71,0.8693181818181819,12,0.13636363636363635
Compress,29,8,Fastazi-P,71,0.8579545454545455,13,0.14772727272727273
Compress,29,8,Random,88,0.28977272727272724,63,0.7159090909090909
Compress,29,9,Ekstazi,71,0.7102272727272728,26,0.29545454545454547
Compress,29,9,FAST,88,0.8011363636363636,18,0.20454545454545456
Compress,29,9,Ekstazi+dpt,71,0.9034090909090909,9,0.10227272727272728
Compress,29,9,DPT,88,0.9034090909090909,9,0.10227272727272728
Compress,29,9,STARTS,74,0.9261363636363636,7,0.07954545454545454
Compress,29,9,STARTS+FAST-S,74,0.9375000000000001,6,0.06818181818181818
Compress,29,9,STARTS+FAST-P,74,0.9375000000000001,6,0.06818181818181818
Compress,29,9,STARTS+DPT,74,0.9034090909090909,9,0.10227272727272728
Compress,29,9,Fastazi-S,71,0.9261363636363636,7,0.07954545454545454
Compress,29,9,Fastazi-P,71,0.8579545454545455,13,0.14772727272727273
Compress,29,9,Random,88,0.6875000000000001,28,0.3181818181818182
Compress,29,10,Ekstazi,71,0.9829545454545455,2,0.022727272727272728
Compress,29,10,FAST,88,0.8011363636363636,18,0.20454545454545456
Compress,29,10,Ekstazi+dpt,71,0.9034090909090909,9,0.10227272727272728
Compress,29,10,DPT,88,0.9034090909090909,9,0.10227272727272728
Compress,29,10,STARTS,74,0.6988636363636364,27,0.3068181818181818
Compress,29,10,STARTS+FAST-S,74,0.9488636363636365,5,0.056818181818181816
Compress,29,10,STARTS+FAST-P,74,0.9261363636363636,7,0.07954545454545454
Compress,29,10,STARTS+DPT,74,0.9034090909090909,9,0.10227272727272728
Compress,29,10,Fastazi-S,71,0.8579545454545455,13,0.14772727272727273
Compress,29,10,Fastazi-P,71,0.8579545454545455,13,0.14772727272727273
Compress,29,10,Random,88,0.8465909090909092,14,0.1590909090909091
Compress,29,11,Ekstazi,71,0.22159090909090912,69,0.7840909090909091
Compress,29,11,FAST,88,0.8011363636363636,18,0.20454545454545456
Compress,29,11,Ekstazi+dpt,71,0.9034090909090909,9,0.10227272727272728
Compress,29,11,DPT,88,0.9034090909090909,9,0.10227272727272728
Compress,29,11,STARTS,74,0.6306818181818182,33,0.375
Compress,29,11,STARTS+FAST-S,74,0.9375000000000001,6,0.06818181818181818
Compress,29,11,STARTS+FAST-P,74,0.9488636363636365,5,0.056818181818181816
Compress,29,11,STARTS+DPT,74,0.9034090909090909,9,0.10227272727272728
Compress,29,11,Fastazi-S,71,0.8693181818181819,12,0.13636363636363635
Compress,29,11,Fastazi-P,71,0.8579545454545455,13,0.14772727272727273
Compress,29,11,Random,88,0.3011363636363636,62,0.7045454545454546
Compress,29,12,Ekstazi,71,0.8011363636363636,18,0.20454545454545456
Compress,29,12,FAST,88,0.8125000000000001,17,0.19318181818181818
Compress,29,12,Ekstazi+dpt,71,0.9034090909090909,9,0.10227272727272728
Compress,29,12,DPT,88,0.9034090909090909,9,0.10227272727272728
Compress,29,12,STARTS,74,0.4261363636363636,51,0.5795454545454546
Compress,29,12,STARTS+FAST-S,74,0.9375000000000001,6,0.06818181818181818
Compress,29,12,STARTS+FAST-P,74,0.9375000000000001,6,0.06818181818181818
Compress,29,12,STARTS+DPT,74,0.9034090909090909,9,0.10227272727272728
Compress,29,12,Fastazi-S,71,0.8579545454545455,13,0.14772727272727273
Compress,29,12,Fastazi-P,71,0.8693181818181819,12,0.13636363636363635
Compress,29,12,Random,88,0.2556818181818182,66,0.75
Compress,29,13,Ekstazi,71,0.5965909090909091,36,0.4090909090909091
Compress,29,13,FAST,88,0.8011363636363636,18,0.20454545454545456
Compress,29,13,Ekstazi+dpt,71,0.9034090909090909,9,0.10227272727272728
Compress,29,13,DPT,88,0.9034090909090909,9,0.10227272727272728
Compress,29,13,STARTS,74,0.8352272727272728,15,0.17045454545454544
Compress,29,13,STARTS+FAST-S,74,0.9375000000000001,6,0.06818181818181818
Compress,29,13,STARTS+FAST-P,74,0.9488636363636365,5,0.056818181818181816
Compress,29,13,STARTS+DPT,74,0.9034090909090909,9,0.10227272727272728
Compress,29,13,Fastazi-S,71,0.8579545454545455,13,0.14772727272727273
Compress,29,13,Fastazi-P,71,0.8579545454545455,13,0.14772727272727273
Compress,29,13,Random,88,0.5511363636363636,40,0.45454545454545453
Compress,29,14,Ekstazi,71,0.5284090909090909,42,0.4772727272727273
Compress,29,14,FAST,88,0.8011363636363636,18,0.20454545454545456
Compress,29,14,Ekstazi+dpt,71,0.9034090909090909,9,0.10227272727272728
Compress,29,14,DPT,88,0.9034090909090909,9,0.10227272727272728
Compress,29,14,STARTS,74,0.7897727272727273,19,0.2159090909090909
Compress,29,14,STARTS+FAST-S,74,0.9375000000000001,6,0.06818181818181818
Compress,29,14,STARTS+FAST-P,74,0.9488636363636365,5,0.056818181818181816
Compress,29,14,STARTS+DPT,74,0.9034090909090909,9,0.10227272727272728
Compress,29,14,Fastazi-S,71,0.8693181818181819,12,0.13636363636363635
Compress,29,14,Fastazi-P,71,0.8579545454545455,13,0.14772727272727273
Compress,29,14,Random,88,0.9375000000000001,6,0.06818181818181818
Compress,29,15,Ekstazi,71,0.4715909090909091,47,0.5340909090909091
Compress,29,15,FAST,88,0.8011363636363636,18,0.20454545454545456
Compress,29,15,Ekstazi+dpt,71,0.9034090909090909,9,0.10227272727272728
Compress,29,15,DPT,88,0.9034090909090909,9,0.10227272727272728
Compress,29,15,STARTS,74,0.4261363636363636,51,0.5795454545454546
Compress,29,15,STARTS+FAST-S,74,0.9375000000000001,6,0.06818181818181818
Compress,29,15,STARTS+FAST-P,74,0.9375000000000001,6,0.06818181818181818
Compress,29,15,STARTS+DPT,74,0.9034090909090909,9,0.10227272727272728
Compress,29,15,Fastazi-S,71,0.8693181818181819,12,0.13636363636363635
Compress,29,15,Fastazi-P,71,0.8579545454545455,13,0.14772727272727273
Compress,29,15,Random,88,0.26704545454545453,65,0.7386363636363636
Compress,29,16,Ekstazi,71,0.33522727272727276,59,0.6704545454545454
Compress,29,16,FAST,88,0.8011363636363636,18,0.20454545454545456
Compress,29,16,Ekstazi+dpt,71,0.9034090909090909,9,0.10227272727272728
Compress,29,16,DPT,88,0.9034090909090909,9,0.10227272727272728
Compress,29,16,STARTS,74,0.4488636363636364,49,0.5568181818181818
Compress,29,16,STARTS+FAST-S,74,0.9488636363636365,5,0.056818181818181816
Compress,29,16,STARTS+FAST-P,74,0.9261363636363636,7,0.07954545454545454
Compress,29,16,STARTS+DPT,74,0.9034090909090909,9,0.10227272727272728
Compress,29,16,Fastazi-S,71,0.8579545454545455,13,0.14772727272727273
Compress,29,16,Fastazi-P,71,0.8579545454545455,13,0.14772727272727273
Compress,29,16,Random,88,0.8806818181818182,11,0.125
Compress,29,17,Ekstazi,71,0.28977272727272724,63,0.7159090909090909
Compress,29,17,FAST,88,0.8011363636363636,18,0.20454545454545456
Compress,29,17,Ekstazi+dpt,71,0.9034090909090909,9,0.10227272727272728
Compress,29,17,DPT,88,0.9034090909090909,9,0.10227272727272728
Compress,29,17,STARTS,74,0.24431818181818182,67,0.7613636363636364
Compress,29,17,STARTS+FAST-S,74,0.9375000000000001,6,0.06818181818181818
Compress,29,17,STARTS+FAST-P,74,0.9488636363636365,5,0.056818181818181816
Compress,29,17,STARTS+DPT,74,0.9034090909090909,9,0.10227272727272728
Compress,29,17,Fastazi-S,71,0.8693181818181819,12,0.13636363636363635
Compress,29,17,Fastazi-P,71,0.8579545454545455,13,0.14772727272727273
Compress,29,17,Random,88,0.7556818181818182,22,0.25
Compress,29,18,Ekstazi,71,0.26704545454545453,65,0.7386363636363636
Compress,29,18,FAST,88,0.8125000000000001,17,0.19318181818181818
Compress,29,18,Ekstazi+dpt,71,0.9034090909090909,9,0.10227272727272728
Compress,29,18,DPT,88,0.9034090909090909,9,0.10227272727272728
Compress,29,18,STARTS,74,0.9261363636363636,7,0.07954545454545454
Compress,29,18,STARTS+FAST-S,74,0.9488636363636365,5,0.056818181818181816
Compress,29,18,STARTS+FAST-P,74,0.9375000000000001,6,0.06818181818181818
Compress,29,18,STARTS+DPT,74,0.9034090909090909,9,0.10227272727272728
Compress,29,18,Fastazi-S,71,0.8579545454545455,13,0.14772727272727273
Compress,29,18,Fastazi-P,71,0.8693181818181819,12,0.13636363636363635
Compress,29,18,Random,88,0.8352272727272728,15,0.17045454545454544
Compress,29,19,Ekstazi,71,0.31249999999999994,61,0.6931818181818182
Compress,29,19,FAST,88,0.8011363636363636,18,0.20454545454545456
Compress,29,19,Ekstazi+dpt,71,0.9034090909090909,9,0.10227272727272728
Compress,29,19,DPT,88,0.9034090909090909,9,0.10227272727272728
Compress,29,19,STARTS,74,0.3011363636363636,62,0.7045454545454546
Compress,29,19,STARTS+FAST-S,74,0.9147727272727273,8,0.09090909090909091
Compress,29,19,STARTS+FAST-P,74,0.9488636363636365,5,0.056818181818181816
Compress,29,19,STARTS+DPT,74,0.9034090909090909,9,0.10227272727272728
Compress,29,19,Fastazi-S,71,0.9943181818181819,1,0.011363636363636364
Compress,29,19,Fastazi-P,71,0.8579545454545455,13,0.14772727272727273
Compress,29,19,Random,88,0.3238636363636364,60,0.6818181818181818
Compress,29,20,Ekstazi,71,0.2556818181818182,66,0.75
Compress,29,20,FAST,88,0.8011363636363636,18,0.20454545454545456
Compress,29,20,Ekstazi+dpt,71,0.9034090909090909,9,0.10227272727272728
Compress,29,20,DPT,88,0.9034090909090909,9,0.10227272727272728
Compress,29,20,STARTS,74,0.3465909090909091,58,0.6590909090909091
Compress,29,20,STARTS+FAST-S,74,0.9375000000000001,6,0.06818181818181818
Compress,29,20,STARTS+FAST-P,74,0.9488636363636365,5,0.056818181818181816
Compress,29,20,STARTS+DPT,74,0.9034090909090909,9,0.10227272727272728
Compress,29,20,Fastazi-S,71,0.8693181818181819,12,0.13636363636363635
Compress,29,20,Fastazi-P,71,0.8579545454545455,13,0.14772727272727273
Compress,29,20,Random,88,0.4488636363636364,49,0.5568181818181818
Compress,29,21,Ekstazi,71,0.24431818181818182,67,0.7613636363636364
Compress,29,21,FAST,88,0.8011363636363636,18,0.20454545454545456
Compress,29,21,Ekstazi+dpt,71,0.9034090909090909,9,0.10227272727272728
Compress,29,21,DPT,88,0.9034090909090909,9,0.10227272727272728
Compress,29,21,STARTS,74,0.8011363636363636,18,0.20454545454545456
Compress,29,21,STARTS+FAST-S,74,0.9375000000000001,6,0.06818181818181818
Compress,29,21,STARTS+FAST-P,74,0.9488636363636365,5,0.056818181818181816
Compress,29,21,STARTS+DPT,74,0.9034090909090909,9,0.10227272727272728
Compress,29,21,Fastazi-S,71,0.8579545454545455,13,0.14772727272727273
Compress,29,21,Fastazi-P,71,0.8579545454545455,13,0.14772727272727273
Compress,29,21,Random,88,0.7329545454545455,24,0.2727272727272727
Compress,29,22,Ekstazi,71,0.3465909090909091,58,0.6590909090909091
Compress,29,22,FAST,88,0.8125000000000001,17,0.19318181818181818
Compress,29,22,Ekstazi+dpt,71,0.9034090909090909,9,0.10227272727272728
Compress,29,22,DPT,88,0.9034090909090909,9,0.10227272727272728
Compress,29,22,STARTS,74,0.9829545454545455,2,0.022727272727272728
Compress,29,22,STARTS+FAST-S,74,0.9488636363636365,5,0.056818181818181816
Compress,29,22,STARTS+FAST-P,74,0.9488636363636365,5,0.056818181818181816
Compress,29,22,STARTS+DPT,74,0.9034090909090909,9,0.10227272727272728
Compress,29,22,Fastazi-S,71,0.8579545454545455,13,0.14772727272727273
Compress,29,22,Fastazi-P,71,0.8693181818181819,12,0.13636363636363635
Compress,29,22,Random,88,0.9488636363636365,5,0.056818181818181816
Compress,29,23,Ekstazi,71,0.7443181818181819,23,0.26136363636363635
Compress,29,23,FAST,88,0.8125000000000001,17,0.19318181818181818
Compress,29,23,Ekstazi+dpt,71,0.9034090909090909,9,0.10227272727272728
Compress,29,23,DPT,88,0.9034090909090909,9,0.10227272727272728
Compress,29,23,STARTS,74,0.8011363636363636,18,0.20454545454545456
Compress,29,23,STARTS+FAST-S,74,0.9375000000000001,6,0.06818181818181818
Compress,29,23,STARTS+FAST-P,74,0.9488636363636365,5,0.056818181818181816
Compress,29,23,STARTS+DPT,74,0.9034090909090909,9,0.10227272727272728
Compress,29,23,Fastazi-S,71,0.8579545454545455,13,0.14772727272727273
Compress,29,23,Fastazi-P,71,0.8693181818181819,12,0.13636363636363635
Compress,29,23,Random,88,0.1761363636363636,73,0.8295454545454546
Compress,29,24,Ekstazi,71,0.5397727272727274,41,0.4659090909090909
Compress,29,24,FAST,88,0.8125000000000001,17,0.19318181818181818
Compress,29,24,Ekstazi+dpt,71,0.9034090909090909,9,0.10227272727272728
Compress,29,24,DPT,88,0.9034090909090909,9,0.10227272727272728
Compress,29,24,STARTS,74,0.7784090909090909,20,0.22727272727272727
Compress,29,24,STARTS+FAST-S,74,0.9375000000000001,6,0.06818181818181818
Compress,29,24,STARTS+FAST-P,74,0.9375000000000001,6,0.06818181818181818
Compress,29,24,STARTS+DPT,74,0.9034090909090909,9,0.10227272727272728
Compress,29,24,Fastazi-S,71,0.8579545454545455,13,0.14772727272727273
Compress,29,24,Fastazi-P,71,0.8693181818181819,12,0.13636363636363635
Compress,29,24,Random,88,0.9034090909090909,9,0.10227272727272728
Compress,29,25,Ekstazi,71,0.5170454545454546,43,0.48863636363636365
Compress,29,25,FAST,88,0.8011363636363636,18,0.20454545454545456
Compress,29,25,Ekstazi+dpt,71,0.9034090909090909,9,0.10227272727272728
Compress,29,25,DPT,88,0.9034090909090909,9,0.10227272727272728
Compress,29,25,STARTS,74,0.1988636363636364,71,0.8068181818181818
Compress,29,25,STARTS+FAST-S,74,0.9488636363636365,5,0.056818181818181816
Compress,29,25,STARTS+FAST-P,74,0.9375000000000001,6,0.06818181818181818
Compress,29,25,STARTS+DPT,74,0.9034090909090909,9,0.10227272727272728
Compress,29,25,Fastazi-S,71,0.8693181818181819,12,0.13636363636363635
Compress,29,25,Fastazi-P,71,0.8579545454545455,13,0.14772727272727273
Compress,29,25,Random,88,0.005681818181818182,88,1.0
Compress,29,26,Ekstazi,71,0.4943181818181818,45,0.5113636363636364
Compress,29,26,FAST,88,0.8125000000000001,17,0.19318181818181818
Compress,29,26,Ekstazi+dpt,71,0.9034090909090909,9,0.10227272727272728
Compress,29,26,DPT,88,0.9034090909090909,9,0.10227272727272728
Compress,29,26,STARTS,74,0.1988636363636364,71,0.8068181818181818
Compress,29,26,STARTS+FAST-S,74,0.9261363636363636,7,0.07954545454545454
Compress,29,26,STARTS+FAST-P,74,0.9488636363636365,5,0.056818181818181816
Compress,29,26,STARTS+DPT,74,0.9034090909090909,9,0.10227272727272728
Compress,29,26,Fastazi-S,71,0.8579545454545455,13,0.14772727272727273
Compress,29,26,Fastazi-P,71,0.8693181818181819,12,0.13636363636363635
Compress,29,26,Random,88,0.4943181818181818,45,0.5113636363636364
Compress,29,27,Ekstazi,71,0.6534090909090909,31,0.3522727272727273
Compress,29,27,FAST,88,0.8011363636363636,18,0.20454545454545456
Compress,29,27,Ekstazi+dpt,71,0.9034090909090909,9,0.10227272727272728
Compress,29,27,DPT,88,0.9034090909090909,9,0.10227272727272728
Compress,29,27,STARTS,74,0.6761363636363636,29,0.32954545454545453
Compress,29,27,STARTS+FAST-S,74,0.9375000000000001,6,0.06818181818181818
Compress,29,27,STARTS+FAST-P,74,0.9375000000000001,6,0.06818181818181818
Compress,29,27,STARTS+DPT,74,0.9034090909090909,9,0.10227272727272728
Compress,29,27,Fastazi-S,71,0.8693181818181819,12,0.13636363636363635
Compress,29,27,Fastazi-P,71,0.8579545454545455,13,0.14772727272727273
Compress,29,27,Random,88,0.7784090909090909,20,0.22727272727272727
Compress,29,28,Ekstazi,71,0.9034090909090909,9,0.10227272727272728
Compress,29,28,FAST,88,0.8011363636363636,18,0.20454545454545456
Compress,29,28,Ekstazi+dpt,71,0.9034090909090909,9,0.10227272727272728
Compress,29,28,DPT,88,0.9034090909090909,9,0.10227272727272728
Compress,29,28,STARTS,74,0.22159090909090912,69,0.7840909090909091
Compress,29,28,STARTS+FAST-S,74,0.9488636363636365,5,0.056818181818181816
Compress,29,28,STARTS+FAST-P,74,0.9375000000000001,6,0.06818181818181818
Compress,29,28,STARTS+DPT,74,0.9034090909090909,9,0.10227272727272728
Compress,29,28,Fastazi-S,71,0.8693181818181819,12,0.13636363636363635
Compress,29,28,Fastazi-P,71,0.8579545454545455,13,0.14772727272727273
Compress,29,28,Random,88,0.9147727272727273,8,0.09090909090909091
Compress,29,29,Ekstazi,71,0.48295454545454547,46,0.5227272727272727
Compress,29,29,FAST,88,0.8011363636363636,18,0.20454545454545456
Compress,29,29,Ekstazi+dpt,71,0.9034090909090909,9,0.10227272727272728
Compress,29,29,DPT,88,0.9034090909090909,9,0.10227272727272728
Compress,29,29,STARTS,74,0.5397727272727274,41,0.4659090909090909
Compress,29,29,STARTS+FAST-S,74,0.9375000000000001,6,0.06818181818181818
Compress,29,29,STARTS+FAST-P,74,0.9488636363636365,5,0.056818181818181816
Compress,29,29,STARTS+DPT,74,0.9034090909090909,9,0.10227272727272728
Compress,29,29,Fastazi-S,71,0.8465909090909092,14,0.1590909090909091
Compress,29,29,Fastazi-P,71,0.8693181818181819,12,0.13636363636363635
Compress,29,29,Random,88,0.41477272727272724,52,0.5909090909090909
Compress,29,30,Ekstazi,71,0.5397727272727274,41,0.4659090909090909
Compress,29,30,FAST,88,0.8011363636363636,18,0.20454545454545456
Compress,29,30,Ekstazi+dpt,71,0.9034090909090909,9,0.10227272727272728
Compress,29,30,DPT,88,0.9034090909090909,9,0.10227272727272728
Compress,29,30,STARTS,74,0.6420454545454546,32,0.36363636363636365
Compress,29,30,STARTS+FAST-S,74,0.9261363636363636,7,0.07954545454545454
Compress,29,30,STARTS+FAST-P,74,0.9375000000000001,6,0.06818181818181818
Compress,29,30,STARTS+DPT,74,0.9034090909090909,9,0.10227272727272728
Compress,29,30,Fastazi-S,71,0.9261363636363636,7,0.07954545454545454
Compress,29,30,Fastazi-P,71,0.8579545454545455,13,0.14772727272727273
Compress,29,30,Random,88,0.6420454545454546,32,0.36363636363636365
Compress,30,1,Ekstazi,73,0.3089887640449438,62,0.6966292134831461
Compress,30,1,FAST,89,0.7134831460674157,26,0.29213483146067415
Compress,30,1,Ekstazi+dpt,73,0.4325842696629214,51,0.5730337078651685
Compress,30,1,DPT,89,0.4213483146067416,52,0.5842696629213483
Compress,30,1,STARTS,76,0.6685393258426967,30,0.33707865168539325
Compress,30,1,STARTS+FAST-S,76,0.7247191011235955,25,0.2808988764044944
Compress,30,1,STARTS+FAST-P,76,0.7247191011235955,25,0.2808988764044944
Compress,30,1,STARTS+DPT,76,0.4550561797752809,49,0.550561797752809
Compress,30,1,Fastazi-S,73,0.9943820224719101,1,0.011235955056179775
Compress,30,1,Fastazi-P,73,0.7584269662921349,22,0.24719101123595505
Compress,30,1,Random,89,0.5,45,0.5056179775280899
Compress,30,2,Ekstazi,73,0.7022471910112359,27,0.30337078651685395
Compress,30,2,FAST,89,0.7247191011235955,25,0.2808988764044944
Compress,30,2,Ekstazi+dpt,73,0.4438202247191011,50,0.5617977528089888
Compress,30,2,DPT,89,0.4213483146067416,52,0.5842696629213483
Compress,30,2,STARTS,76,0.9831460674157303,2,0.02247191011235955
Compress,30,2,STARTS+FAST-S,76,0.7247191011235955,25,0.2808988764044944
Compress,30,2,STARTS+FAST-P,76,0.7134831460674157,26,0.29213483146067415
Compress,30,2,STARTS+DPT,76,0.4550561797752809,49,0.550561797752809
Compress,30,2,Fastazi-S,73,0.8258426966292135,16,0.1797752808988764
Compress,30,2,Fastazi-P,73,0.7696629213483146,21,0.23595505617977527
Compress,30,2,Random,89,0.3651685393258427,57,0.6404494382022472
Compress,30,3,Ekstazi,73,0.5112359550561798,44,0.4943820224719101
Compress,30,3,FAST,89,0.7247191011235955,25,0.2808988764044944
Compress,30,3,Ekstazi+dpt,73,0.4662921348314607,48,0.5393258426966292
Compress,30,3,DPT,89,0.4438202247191011,50,0.5617977528089888
Compress,30,3,STARTS,76,0.9719101123595506,3,0.033707865168539325
Compress,30,3,STARTS+FAST-S,76,0.7359550561797753,24,0.2696629213483146
Compress,30,3,STARTS+FAST-P,76,0.7134831460674157,26,0.29213483146067415
Compress,30,3,STARTS+DPT,76,0.4550561797752809,49,0.550561797752809
Compress,30,3,Fastazi-S,73,0.8146067415730337,17,0.19101123595505617
Compress,30,3,Fastazi-P,73,0.7696629213483146,21,0.23595505617977527
Compress,30,3,Random,89,0.0056179775280898875,89,1.0
Compress,30,4,Ekstazi,73,0.5561797752808989,40,0.449438202247191
Compress,30,4,FAST,89,0.7134831460674157,26,0.29213483146067415
Compress,30,4,Ekstazi+dpt,73,0.4325842696629214,51,0.5730337078651685
Compress,30,4,DPT,89,0.4550561797752809,49,0.550561797752809
Compress,30,4,STARTS,76,0.6123595505617977,35,0.39325842696629215
Compress,30,4,STARTS+FAST-S,76,0.7247191011235955,25,0.2808988764044944
Compress,30,4,STARTS+FAST-P,76,0.7134831460674157,26,0.29213483146067415
Compress,30,4,STARTS+DPT,76,0.4662921348314607,48,0.5393258426966292
Compress,30,4,Fastazi-S,73,0.8146067415730337,17,0.19101123595505617
Compress,30,4,Fastazi-P,73,0.7584269662921349,22,0.24719101123595505
Compress,30,4,Random,89,0.7247191011235955,25,0.2808988764044944
Compress,30,5,Ekstazi,73,0.6685393258426967,30,0.33707865168539325
Compress,30,5,FAST,89,0.7134831460674157,26,0.29213483146067415
Compress,30,5,Ekstazi+dpt,73,0.4550561797752809,49,0.550561797752809
Compress,30,5,DPT,89,0.4213483146067416,52,0.5842696629213483
Compress,30,5,STARTS,76,0.6123595505617977,35,0.39325842696629215
Compress,30,5,STARTS+FAST-S,76,0.7359550561797753,24,0.2696629213483146
Compress,30,5,STARTS+FAST-P,76,0.7134831460674157,26,0.29213483146067415
Compress,30,5,STARTS+DPT,76,0.4662921348314607,48,0.5393258426966292
Compress,30,5,Fastazi-S,73,0.8146067415730337,17,0.19101123595505617
Compress,30,5,Fastazi-P,73,0.7584269662921349,22,0.24719101123595505
Compress,30,5,Random,89,0.5786516853932585,38,0.42696629213483145
Compress,30,6,Ekstazi,73,0.3764044943820225,56,0.6292134831460674
Compress,30,6,FAST,89,0.7696629213483146,21,0.23595505617977527
Compress,30,6,Ekstazi+dpt,73,0.4325842696629214,51,0.5730337078651685
Compress,30,6,DPT,89,0.4325842696629214,51,0.5730337078651685
Compress,30,6,STARTS,76,0.1966292134831461,72,0.8089887640449438
Compress,30,6,STARTS+FAST-S,76,0.7359550561797753,24,0.2696629213483146
Compress,30,6,STARTS+FAST-P,76,0.8595505617977528,13,0.14606741573033707
Compress,30,6,STARTS+DPT,76,0.4438202247191011,50,0.5617977528089888
Compress,30,6,Fastazi-S,73,0.8146067415730337,17,0.19101123595505617
Compress,30,6,Fastazi-P,73,0.8258426966292135,16,0.1797752808988764
Compress,30,6,Random,89,0.10674157303370789,80,0.898876404494382
Compress,30,7,Ekstazi,73,0.2752808988764045,65,0.7303370786516854
Compress,30,7,FAST,89,0.7134831460674157,26,0.29213483146067415
Compress,30,7,Ekstazi+dpt,73,0.4325842696629214,51,0.5730337078651685
Compress,30,7,DPT,89,0.4438202247191011,50,0.5617977528089888
Compress,30,7,STARTS,76,0.2078651685393259,71,0.797752808988764
Compress,30,7,STARTS+FAST-S,76,0.7247191011235955,25,0.2808988764044944
Compress,30,7,STARTS+FAST-P,76,0.7134831460674157,26,0.29213483146067415
Compress,30,7,STARTS+DPT,76,0.4550561797752809,49,0.550561797752809
Compress,30,7,Fastazi-S,73,0.8146067415730337,17,0.19101123595505617
Compress,30,7,Fastazi-P,73,0.7584269662921349,22,0.24719101123595505
Compress,30,7,Random,89,0.4101123595505618,53,0.5955056179775281
Compress,30,8,Ekstazi,73,0.4662921348314607,48,0.5393258426966292
Compress,30,8,FAST,89,0.7134831460674157,26,0.29213483146067415
Compress,30,8,Ekstazi+dpt,73,0.4550561797752809,49,0.550561797752809
Compress,30,8,DPT,89,0.4325842696629214,51,0.5730337078651685
Compress,30,8,STARTS,76,0.8370786516853933,15,0.16853932584269662
Compress,30,8,STARTS+FAST-S,76,0.7247191011235955,25,0.2808988764044944
Compress,30,8,STARTS+FAST-P,76,0.7247191011235955,25,0.2808988764044944
Compress,30,8,STARTS+DPT,76,0.4438202247191011,50,0.5617977528089888
Compress,30,8,Fastazi-S,73,0.8258426966292135,16,0.1797752808988764
Compress,30,8,Fastazi-P,73,0.7584269662921349,22,0.24719101123595505
Compress,30,8,Random,89,0.8370786516853933,15,0.16853932584269662
Compress,30,9,Ekstazi,73,0.2977528089887641,63,0.7078651685393258
Compress,30,9,FAST,89,0.7247191011235955,25,0.2808988764044944
Compress,30,9,Ekstazi+dpt,73,0.4662921348314607,48,0.5393258426966292
Compress,30,9,DPT,89,0.4325842696629214,51,0.5730337078651685
Compress,30,9,STARTS,76,0.7921348314606742,19,0.21348314606741572
Compress,30,9,STARTS+FAST-S,76,0.7359550561797753,24,0.2696629213483146
Compress,30,9,STARTS+FAST-P,76,0.7134831460674157,26,0.29213483146067415
Compress,30,9,STARTS+DPT,76,0.4662921348314607,48,0.5393258426966292
Compress,30,9,Fastazi-S,73,0.8146067415730337,17,0.19101123595505617
Compress,30,9,Fastazi-P,73,0.7696629213483146,21,0.23595505617977527
Compress,30,9,Random,89,0.5898876404494382,37,0.4157303370786517
Compress,30,10,Ekstazi,73,0.2415730337078652,68,0.7640449438202247
Compress,30,10,FAST,89,0.7247191011235955,25,0.2808988764044944
Compress,30,10,Ekstazi+dpt,73,0.4662921348314607,48,0.5393258426966292
Compress,30,10,DPT,89,0.4213483146067416,52,0.5842696629213483
Compress,30,10,STARTS,76,0.4438202247191011,50,0.5617977528089888
Compress,30,10,STARTS+FAST-S,76,0.7359550561797753,24,0.2696629213483146
Compress,30,10,STARTS+FAST-P,76,0.7247191011235955,25,0.2808988764044944
Compress,30,10,STARTS+DPT,76,0.4662921348314607,48,0.5393258426966292
Compress,30,10,Fastazi-S,73,0.8258426966292135,16,0.1797752808988764
Compress,30,10,Fastazi-P,73,0.7696629213483146,21,0.23595505617977527
Compress,30,10,Random,89,0.252808988764045,67,0.7528089887640449
Compress,30,11,Ekstazi,73,0.8932584269662921,10,0.11235955056179775
Compress,30,11,FAST,89,0.7134831460674157,26,0.29213483146067415
Compress,30,11,Ekstazi+dpt,73,0.4438202247191011,50,0.5617977528089888
Compress,30,11,DPT,89,0.4213483146067416,52,0.5842696629213483
Compress,30,11,STARTS,76,0.7247191011235955,25,0.2808988764044944
Compress,30,11,STARTS+FAST-S,76,0.7247191011235955,25,0.2808988764044944
Compress,30,11,STARTS+FAST-P,76,0.7134831460674157,26,0.29213483146067415
Compress,30,11,STARTS+DPT,76,0.4550561797752809,49,0.550561797752809
Compress,30,11,Fastazi-S,73,0.8258426966292135,16,0.1797752808988764
Compress,30,11,Fastazi-P,73,0.7584269662921349,22,0.24719101123595505
Compress,30,11,Random,89,0.8146067415730337,17,0.19101123595505617
Compress,30,12,Ekstazi,73,0.7696629213483146,21,0.23595505617977527
Compress,30,12,FAST,89,0.7134831460674157,26,0.29213483146067415
Compress,30,12,Ekstazi+dpt,73,0.4550561797752809,49,0.550561797752809
Compress,30,12,DPT,89,0.4438202247191011,50,0.5617977528089888
Compress,30,12,STARTS,76,0.9719101123595506,3,0.033707865168539325
Compress,30,12,STARTS+FAST-S,76,0.7247191011235955,25,0.2808988764044944
Compress,30,12,STARTS+FAST-P,76,0.7247191011235955,25,0.2808988764044944
Compress,30,12,STARTS+DPT,76,0.4438202247191011,50,0.5617977528089888
Compress,30,12,Fastazi-S,73,0.8258426966292135,16,0.1797752808988764
Compress,30,12,Fastazi-P,73,0.7584269662921349,22,0.24719101123595505
Compress,30,12,Random,89,0.11797752808988769,79,0.8876404494382022
Compress,30,13,Ekstazi,73,0.9719101123595506,3,0.033707865168539325
Compress,30,13,FAST,89,0.7134831460674157,26,0.29213483146067415
Compress,30,13,Ekstazi+dpt,73,0.4325842696629214,51,0.5730337078651685
Compress,30,13,DPT,89,0.4213483146067416,52,0.5842696629213483
Compress,30,13,STARTS,76,0.2865168539325843,64,0.7191011235955056
Compress,30,13,STARTS+FAST-S,76,0.9943820224719101,1,0.011235955056179775
Compress,30,13,STARTS+FAST-P,76,0.7247191011235955,25,0.2808988764044944
Compress,30,13,STARTS+DPT,76,0.4325842696629214,51,0.5730337078651685
Compress,30,13,Fastazi-S,73,0.8258426966292135,16,0.1797752808988764
Compress,30,13,Fastazi-P,73,0.7584269662921349,22,0.24719101123595505
Compress,30,13,Random,89,0.9719101123595506,3,0.033707865168539325
Compress,30,14,Ekstazi,73,0.2865168539325843,64,0.7191011235955056
Compress,30,14,FAST,89,0.7134831460674157,26,0.29213483146067415
Compress,30,14,Ekstazi+dpt,73,0.4438202247191011,50,0.5617977528089888
Compress,30,14,DPT,89,0.4213483146067416,52,0.5842696629213483
Compress,30,14,STARTS,76,0.9943820224719101,1,0.011235955056179775
Compress,30,14,STARTS+FAST-S,76,0.7247191011235955,25,0.2808988764044944
Compress,30,14,STARTS+FAST-P,76,0.7247191011235955,25,0.2808988764044944
Compress,30,14,STARTS+DPT,76,0.4438202247191011,50,0.5617977528089888
Compress,30,14,Fastazi-S,73,0.8146067415730337,17,0.19101123595505617
Compress,30,14,Fastazi-P,73,0.7584269662921349,22,0.24719101123595505
Compress,30,14,Random,89,0.01685393258426969,88,0.9887640449438202
Compress,30,15,Ekstazi,73,0.9269662921348315,7,0.07865168539325842
Compress,30,15,FAST,89,0.7134831460674157,26,0.29213483146067415
Compress,30,15,Ekstazi+dpt,73,0.4662921348314607,48,0.5393258426966292
Compress,30,15,DPT,89,0.4438202247191011,50,0.5617977528089888
Compress,30,15,STARTS,76,0.8595505617977528,13,0.14606741573033707
Compress,30,15,STARTS+FAST-S,76,0.7359550561797753,24,0.2696629213483146
Compress,30,15,STARTS+FAST-P,76,0.7134831460674157,26,0.29213483146067415
Compress,30,15,STARTS+DPT,76,0.4438202247191011,50,0.5617977528089888
Compress,30,15,Fastazi-S,73,0.8258426966292135,16,0.1797752808988764
Compress,30,15,Fastazi-P,73,0.7584269662921349,22,0.24719101123595505
Compress,30,15,Random,89,0.7247191011235955,25,0.2808988764044944
Compress,30,16,Ekstazi,73,0.4213483146067416,52,0.5842696629213483
Compress,30,16,FAST,89,0.7134831460674157,26,0.29213483146067415
Compress,30,16,Ekstazi+dpt,73,0.4325842696629214,51,0.5730337078651685
Compress,30,16,DPT,89,0.4550561797752809,49,0.550561797752809
Compress,30,16,STARTS,76,0.6910112359550562,28,0.3146067415730337
Compress,30,16,STARTS+FAST-S,76,0.7247191011235955,25,0.2808988764044944
Compress,30,16,STARTS+FAST-P,76,0.7134831460674157,26,0.29213483146067415
Compress,30,16,STARTS+DPT,76,0.4438202247191011,50,0.5617977528089888
Compress,30,16,Fastazi-S,73,0.8146067415730337,17,0.19101123595505617
Compress,30,16,Fastazi-P,73,0.7584269662921349,22,0.24719101123595505
Compress,30,16,Random,89,0.028089887640449493,87,0.9775280898876404
Compress,30,17,Ekstazi,73,0.949438202247191,5,0.056179775280898875
Compress,30,17,FAST,89,0.7247191011235955,25,0.2808988764044944
Compress,30,17,Ekstazi+dpt,73,0.4550561797752809,49,0.550561797752809
Compress,30,17,DPT,89,0.4550561797752809,49,0.550561797752809
Compress,30,17,STARTS,76,0.2640449438202247,66,0.7415730337078652
Compress,30,17,STARTS+FAST-S,76,0.7247191011235955,25,0.2808988764044944
Compress,30,17,STARTS+FAST-P,76,0.7247191011235955,25,0.2808988764044944
Compress,30,17,STARTS+DPT,76,0.4550561797752809,49,0.550561797752809
Compress,30,17,Fastazi-S,73,0.8258426966292135,16,0.1797752808988764
Compress,30,17,Fastazi-P,73,0.7696629213483146,21,0.23595505617977527
Compress,30,17,Random,89,0.3764044943820225,56,0.6292134831460674
Compress,30,18,Ekstazi,73,0.6685393258426967,30,0.33707865168539325
Compress,30,18,FAST,89,0.7134831460674157,26,0.29213483146067415
Compress,30,18,Ekstazi+dpt,73,0.4438202247191011,50,0.5617977528089888
Compress,30,18,DPT,89,0.4550561797752809,49,0.550561797752809
Compress,30,18,STARTS,76,0.5561797752808989,40,0.449438202247191
Compress,30,18,STARTS+FAST-S,76,0.7247191011235955,25,0.2808988764044944
Compress,30,18,STARTS+FAST-P,76,0.7134831460674157,26,0.29213483146067415
Compress,30,18,STARTS+DPT,76,0.4550561797752809,49,0.550561797752809
Compress,30,18,Fastazi-S,73,0.8258426966292135,16,0.1797752808988764
Compress,30,18,Fastazi-P,73,0.7584269662921349,22,0.24719101123595505
Compress,30,18,Random,89,0.398876404494382,54,0.6067415730337079
Compress,30,19,Ekstazi,73,0.9606741573033708,4,0.0449438202247191
Compress,30,19,FAST,89,0.7696629213483146,21,0.23595505617977527
Compress,30,19,Ekstazi+dpt,73,0.4438202247191011,50,0.5617977528089888
Compress,30,19,DPT,89,0.4438202247191011,50,0.5617977528089888
Compress,30,19,STARTS,76,0.6348314606741573,33,0.3707865168539326
Compress,30,19,STARTS+FAST-S,76,0.7359550561797753,24,0.2696629213483146
Compress,30,19,STARTS+FAST-P,76,0.7134831460674157,26,0.29213483146067415
Compress,30,19,STARTS+DPT,76,0.4662921348314607,48,0.5393258426966292
Compress,30,19,Fastazi-S,73,0.8146067415730337,17,0.19101123595505617
Compress,30,19,Fastazi-P,73,0.8258426966292135,16,0.1797752808988764
Compress,30,19,Random,89,0.2078651685393259,71,0.797752808988764
Compress,30,20,Ekstazi,73,0.949438202247191,5,0.056179775280898875
Compress,30,20,FAST,89,0.7247191011235955,25,0.2808988764044944
Compress,30,20,Ekstazi+dpt,73,0.4662921348314607,48,0.5393258426966292
Compress,30,20,DPT,89,0.4550561797752809,49,0.550561797752809
Compress,30,20,STARTS,76,0.5561797752808989,40,0.449438202247191
Compress,30,20,STARTS+FAST-S,76,0.7247191011235955,25,0.2808988764044944
Compress,30,20,STARTS+FAST-P,76,0.7134831460674157,26,0.29213483146067415
Compress,30,20,STARTS+DPT,76,0.4325842696629214,51,0.5730337078651685
Compress,30,20,Fastazi-S,73,0.8146067415730337,17,0.19101123595505617
Compress,30,20,Fastazi-P,73,0.7696629213483146,21,0.23595505617977527
Compress,30,20,Random,89,0.9606741573033708,4,0.0449438202247191
Compress,30,21,Ekstazi,73,0.8595505617977528,13,0.14606741573033707
Compress,30,21,FAST,89,0.7247191011235955,25,0.2808988764044944
Compress,30,21,Ekstazi+dpt,73,0.4662921348314607,48,0.5393258426966292
Compress,30,21,DPT,89,0.4213483146067416,52,0.5842696629213483
Compress,30,21,STARTS,76,0.3089887640449438,62,0.6966292134831461
Compress,30,21,STARTS+FAST-S,76,0.7247191011235955,25,0.2808988764044944
Compress,30,21,STARTS+FAST-P,76,0.7247191011235955,25,0.2808988764044944
Compress,30,21,STARTS+DPT,76,0.4438202247191011,50,0.5617977528089888
Compress,30,21,Fastazi-S,73,0.8146067415730337,17,0.19101123595505617
Compress,30,21,Fastazi-P,73,0.7696629213483146,21,0.23595505617977527
Compress,30,21,Random,89,0.2865168539325843,64,0.7191011235955056
Compress,30,22,Ekstazi,73,0.9382022471910113,6,0.06741573033707865
Compress,30,22,FAST,89,0.7247191011235955,25,0.2808988764044944
Compress,30,22,Ekstazi+dpt,73,0.4662921348314607,48,0.5393258426966292
Compress,30,22,DPT,89,0.4438202247191011,50,0.5617977528089888
Compress,30,22,STARTS,76,0.9606741573033708,4,0.0449438202247191
Compress,30,22,STARTS+FAST-S,76,0.7247191011235955,25,0.2808988764044944
Compress,30,22,STARTS+FAST-P,76,0.7247191011235955,25,0.2808988764044944
Compress,30,22,STARTS+DPT,76,0.4662921348314607,48,0.5393258426966292
Compress,30,22,Fastazi-S,73,0.8258426966292135,16,0.1797752808988764
Compress,30,22,Fastazi-P,73,0.7696629213483146,21,0.23595505617977527
Compress,30,22,Random,89,0.8146067415730337,17,0.19101123595505617
Compress,30,23,Ekstazi,73,0.252808988764045,67,0.7528089887640449
Compress,30,23,FAST,89,0.7247191011235955,25,0.2808988764044944
Compress,30,23,Ekstazi+dpt,73,0.4438202247191011,50,0.5617977528089888
Compress,30,23,DPT,89,0.4213483146067416,52,0.5842696629213483
Compress,30,23,STARTS,76,0.6573033707865169,31,0.34831460674157305
Compress,30,23,STARTS+FAST-S,76,0.7359550561797753,24,0.2696629213483146
Compress,30,23,STARTS+FAST-P,76,0.7134831460674157,26,0.29213483146067415
Compress,30,23,STARTS+DPT,76,0.4550561797752809,49,0.550561797752809
Compress,30,23,Fastazi-S,73,0.8483146067415731,14,0.15730337078651685
Compress,30,23,Fastazi-P,73,0.7696629213483146,21,0.23595505617977527
Compress,30,23,Random,89,0.0056179775280898875,89,1.0
Compress,30,24,Ekstazi,73,0.3539325842696629,58,0.651685393258427
Compress,30,24,FAST,89,0.7134831460674157,26,0.29213483146067415
Compress,30,24,Ekstazi+dpt,73,0.4325842696629214,51,0.5730337078651685
Compress,30,24,DPT,89,0.4550561797752809,49,0.550561797752809
Compress,30,24,STARTS,76,0.1853932584269663,73,0.8202247191011236
Compress,30,24,STARTS+FAST-S,76,0.7359550561797753,24,0.2696629213483146
Compress,30,24,STARTS+FAST-P,76,0.7134831460674157,26,0.29213483146067415
Compress,30,24,STARTS+DPT,76,0.4550561797752809,49,0.550561797752809
Compress,30,24,Fastazi-S,73,0.8258426966292135,16,0.1797752808988764
Compress,30,24,Fastazi-P,73,0.7584269662921349,22,0.24719101123595505
Compress,30,24,Random,89,0.9382022471910113,6,0.06741573033707865
Compress,30,25,Ekstazi,73,0.398876404494382,54,0.6067415730337079
Compress,30,25,FAST,89,0.7247191011235955,25,0.2808988764044944
Compress,30,25,Ekstazi+dpt,73,0.4438202247191011,50,0.5617977528089888
Compress,30,25,DPT,89,0.4213483146067416,52,0.5842696629213483
Compress,30,25,STARTS,76,0.5674157303370787,39,0.43820224719101125
Compress,30,25,STARTS+FAST-S,76,0.7247191011235955,25,0.2808988764044944
Compress,30,25,STARTS+FAST-P,76,0.7247191011235955,25,0.2808988764044944
Compress,30,25,STARTS+DPT,76,0.4550561797752809,49,0.550561797752809
Compress,30,25,Fastazi-S,73,0.8258426966292135,16,0.1797752808988764
Compress,30,25,Fastazi-P,73,0.7696629213483146,21,0.23595505617977527
Compress,30,25,Random,89,0.5,45,0.5056179775280899
Compress,30,26,Ekstazi,73,0.7471910112359551,23,0.25842696629213485
Compress,30,26,FAST,89,0.7134831460674157,26,0.29213483146067415
Compress,30,26,Ekstazi+dpt,73,0.4662921348314607,48,0.5393258426966292
Compress,30,26,DPT,89,0.4550561797752809,49,0.550561797752809
Compress,30,26,STARTS,76,0.9044943820224719,9,0.10112359550561797
Compress,30,26,STARTS+FAST-S,76,0.8483146067415731,14,0.15730337078651685
Compress,30,26,STARTS+FAST-P,76,0.7134831460674157,26,0.29213483146067415
Compress,30,26,STARTS+DPT,76,0.4550561797752809,49,0.550561797752809
Compress,30,26,Fastazi-S,73,0.8258426966292135,16,0.1797752808988764
Compress,30,26,Fastazi-P,73,0.7584269662921349,22,0.24719101123595505
Compress,30,26,Random,89,0.601123595505618,36,0.4044943820224719
Compress,30,27,Ekstazi,73,0.3089887640449438,62,0.6966292134831461
Compress,30,27,FAST,89,0.7696629213483146,21,0.23595505617977527
Compress,30,27,Ekstazi+dpt,73,0.4662921348314607,48,0.5393258426966292
Compress,30,27,DPT,89,0.4325842696629214,51,0.5730337078651685
Compress,30,27,STARTS,76,0.5674157303370787,39,0.43820224719101125
Compress,30,27,STARTS+FAST-S,76,0.7359550561797753,24,0.2696629213483146
Compress,30,27,STARTS+FAST-P,76,0.7247191011235955,25,0.2808988764044944
Compress,30,27,STARTS+DPT,76,0.4438202247191011,50,0.5617977528089888
Compress,30,27,Fastazi-S,73,0.8146067415730337,17,0.19101123595505617
Compress,30,27,Fastazi-P,73,0.8258426966292135,16,0.1797752808988764
Compress,30,27,Random,89,0.7696629213483146,21,0.23595505617977527
Compress,30,28,Ekstazi,73,0.8033707865168539,18,0.20224719101123595
Compress,30,28,FAST,89,0.7247191011235955,25,0.2808988764044944
Compress,30,28,Ekstazi+dpt,73,0.4550561797752809,49,0.550561797752809
Compress,30,28,DPT,89,0.4438202247191011,50,0.5617977528089888
Compress,30,28,STARTS,76,0.7921348314606742,19,0.21348314606741572
Compress,30,28,STARTS+FAST-S,76,0.7247191011235955,25,0.2808988764044944
Compress,30,28,STARTS+FAST-P,76,0.7247191011235955,25,0.2808988764044944
Compress,30,28,STARTS+DPT,76,0.4662921348314607,48,0.5393258426966292
Compress,30,28,Fastazi-S,73,0.8146067415730337,17,0.19101123595505617
Compress,30,28,Fastazi-P,73,0.7696629213483146,21,0.23595505617977527
Compress,30,28,Random,89,0.11797752808988769,79,0.8876404494382022
Compress,30,29,Ekstazi,73,0.7247191011235955,25,0.2808988764044944
Compress,30,29,FAST,89,0.7247191011235955,25,0.2808988764044944
Compress,30,29,Ekstazi+dpt,73,0.4550561797752809,49,0.550561797752809
Compress,30,29,DPT,89,0.4550561797752809,49,0.550561797752809
Compress,30,29,STARTS,76,0.3876404494382023,55,0.6179775280898876
Compress,30,29,STARTS+FAST-S,76,0.7247191011235955,25,0.2808988764044944
Compress,30,29,STARTS+FAST-P,76,0.7134831460674157,26,0.29213483146067415
Compress,30,29,STARTS+DPT,76,0.4662921348314607,48,0.5393258426966292
Compress,30,29,Fastazi-S,73,0.8146067415730337,17,0.19101123595505617
Compress,30,29,Fastazi-P,73,0.7696629213483146,21,0.23595505617977527
Compress,30,29,Random,89,0.3426966292134832,59,0.6629213483146067
Compress,30,30,Ekstazi,73,0.7584269662921349,22,0.24719101123595505
Compress,30,30,FAST,89,0.7247191011235955,25,0.2808988764044944
Compress,30,30,Ekstazi+dpt,73,0.4550561797752809,49,0.550561797752809
Compress,30,30,DPT,89,0.4438202247191011,50,0.5617977528089888
Compress,30,30,STARTS,76,0.949438202247191,5,0.056179775280898875
Compress,30,30,STARTS+FAST-S,76,0.7359550561797753,24,0.2696629213483146
Compress,30,30,STARTS+FAST-P,76,0.7134831460674157,26,0.29213483146067415
Compress,30,30,STARTS+DPT,76,0.4550561797752809,49,0.550561797752809
Compress,30,30,Fastazi-S,73,0.8258426966292135,16,0.1797752808988764
Compress,30,30,Fastazi-P,73,0.7696629213483146,21,0.23595505617977527
Compress,30,30,Random,89,0.3314606741573034,60,0.6741573033707865
Compress,31,1,Ekstazi,14,0.9269662921348315,7,0.07865168539325842
Compress,31,1,FAST,89,0.5561797752808989,40,0.449438202247191
Compress,31,1,Ekstazi+dpt,14,0.8932584269662921,10,0.11235955056179775
Compress,31,1,DPT,89,0.6123595505617977,35,0.39325842696629215
Compress,31,1,STARTS,55,0.7471910112359551,23,0.25842696629213485
Compress,31,1,STARTS+FAST-S,55,0.7696629213483146,21,0.23595505617977527
Compress,31,1,STARTS+FAST-P,55,0.7584269662921349,22,0.24719101123595505
Compress,31,1,STARTS+DPT,55,0.6460674157303371,32,0.3595505617977528
Compress,31,1,Fastazi-S,14,0.9044943820224719,9,0.10112359550561797
Compress,31,1,Fastazi-P,14,0.9157303370786517,8,0.0898876404494382
Compress,31,1,Random,89,0.4662921348314607,48,0.5393258426966292
Compress,31,2,Ekstazi,14,0.9157303370786517,8,0.0898876404494382
Compress,31,2,FAST,89,0.5674157303370787,39,0.43820224719101125
Compress,31,2,Ekstazi+dpt,14,0.8932584269662921,10,0.11235955056179775
Compress,31,2,DPT,89,0.601123595505618,36,0.4044943820224719
Compress,31,2,STARTS,55,0.7359550561797753,24,0.2696629213483146
Compress,31,2,STARTS+FAST-S,55,0.7696629213483146,21,0.23595505617977527
Compress,31,2,STARTS+FAST-P,55,0.7696629213483146,21,0.23595505617977527
Compress,31,2,STARTS+DPT,55,0.6235955056179775,34,0.38202247191011235
Compress,31,2,Fastazi-S,14,0.9044943820224719,9,0.10112359550561797
Compress,31,2,Fastazi-P,14,0.9269662921348315,7,0.07865168539325842
Compress,31,2,Random,89,0.252808988764045,67,0.7528089887640449
Compress,31,3,Ekstazi,14,0.9157303370786517,8,0.0898876404494382
Compress,31,3,FAST,89,0.5674157303370787,39,0.43820224719101125
Compress,31,3,Ekstazi+dpt,14,0.8932584269662921,10,0.11235955056179775
Compress,31,3,DPT,89,0.5898876404494382,37,0.4157303370786517
Compress,31,3,STARTS,55,0.7696629213483146,21,0.23595505617977527
Compress,31,3,STARTS+FAST-S,55,0.7696629213483146,21,0.23595505617977527
Compress,31,3,STARTS+FAST-P,55,0.8258426966292135,16,0.1797752808988764
Compress,31,3,STARTS+DPT,55,0.6460674157303371,32,0.3595505617977528
Compress,31,3,Fastazi-S,14,0.9044943820224719,9,0.10112359550561797
Compress,31,3,Fastazi-P,14,0.9157303370786517,8,0.0898876404494382
Compress,31,3,Random,89,0.7022471910112359,27,0.30337078651685395
Compress,31,4,Ekstazi,14,0.9044943820224719,9,0.10112359550561797
Compress,31,4,FAST,89,0.4213483146067416,52,0.5842696629213483
Compress,31,4,Ekstazi+dpt,14,0.8932584269662921,10,0.11235955056179775
Compress,31,4,DPT,89,0.601123595505618,36,0.4044943820224719
Compress,31,4,STARTS,55,0.7696629213483146,21,0.23595505617977527
Compress,31,4,STARTS+FAST-S,55,0.7808988764044944,20,0.2247191011235955
Compress,31,4,STARTS+FAST-P,55,0.7696629213483146,21,0.23595505617977527
Compress,31,4,STARTS+DPT,55,0.6460674157303371,32,0.3595505617977528
Compress,31,4,Fastazi-S,14,0.9943820224719101,1,0.011235955056179775
Compress,31,4,Fastazi-P,14,0.9044943820224719,9,0.10112359550561797
Compress,31,4,Random,89,0.6573033707865169,31,0.34831460674157305
Compress,31,5,Ekstazi,14,0.8820224719101124,11,0.12359550561797752
Compress,31,5,FAST,89,0.5674157303370787,39,0.43820224719101125
Compress,31,5,Ekstazi+dpt,14,0.8932584269662921,10,0.11235955056179775
Compress,31,5,DPT,89,0.6123595505617977,35,0.39325842696629215
Compress,31,5,STARTS,55,0.7584269662921349,22,0.24719101123595505
Compress,31,5,STARTS+FAST-S,55,0.7808988764044944,20,0.2247191011235955
Compress,31,5,STARTS+FAST-P,55,0.8258426966292135,16,0.1797752808988764
Compress,31,5,STARTS+DPT,55,0.6235955056179775,34,0.38202247191011235
Compress,31,5,Fastazi-S,14,0.9943820224719101,1,0.011235955056179775
Compress,31,5,Fastazi-P,14,0.9269662921348315,7,0.07865168539325842
Compress,31,5,Random,89,0.7808988764044944,20,0.2247191011235955
Compress,31,6,Ekstazi,14,0.9044943820224719,9,0.10112359550561797
Compress,31,6,FAST,89,0.5674157303370787,39,0.43820224719101125
Compress,31,6,Ekstazi+dpt,14,0.8932584269662921,10,0.11235955056179775
Compress,31,6,DPT,89,0.5898876404494382,37,0.4157303370786517
Compress,31,6,STARTS,55,0.8707865168539326,12,0.1348314606741573
Compress,31,6,STARTS+FAST-S,55,0.8258426966292135,16,0.1797752808988764
Compress,31,6,STARTS+FAST-P,55,0.7696629213483146,21,0.23595505617977527
Compress,31,6,STARTS+DPT,55,0.6348314606741573,33,0.3707865168539326
Compress,31,6,Fastazi-S,14,0.9044943820224719,9,0.10112359550561797
Compress,31,6,Fastazi-P,14,0.9157303370786517,8,0.0898876404494382
Compress,31,6,Random,89,0.9606741573033708,4,0.0449438202247191
Compress,31,7,Ekstazi,14,0.9719101123595506,3,0.033707865168539325
Compress,31,7,FAST,89,0.5674157303370787,39,0.43820224719101125
Compress,31,7,Ekstazi+dpt,14,0.8932584269662921,10,0.11235955056179775
Compress,31,7,DPT,89,0.601123595505618,36,0.4044943820224719
Compress,31,7,STARTS,55,0.9044943820224719,9,0.10112359550561797
Compress,31,7,STARTS+FAST-S,55,0.7808988764044944,20,0.2247191011235955
Compress,31,7,STARTS+FAST-P,55,0.7584269662921349,22,0.24719101123595505
Compress,31,7,STARTS+DPT,55,0.6235955056179775,34,0.38202247191011235
Compress,31,7,Fastazi-S,14,0.9044943820224719,9,0.10112359550561797
Compress,31,7,Fastazi-P,14,0.9157303370786517,8,0.0898876404494382
Compress,31,7,Random,89,0.6797752808988764,29,0.3258426966292135
Compress,31,8,Ekstazi,14,0.8595505617977528,13,0.14606741573033707
Compress,31,8,FAST,89,0.5674157303370787,39,0.43820224719101125
Compress,31,8,Ekstazi+dpt,14,0.8932584269662921,10,0.11235955056179775
Compress,31,8,DPT,89,0.601123595505618,36,0.4044943820224719
Compress,31,8,STARTS,55,0.7808988764044944,20,0.2247191011235955
Compress,31,8,STARTS+FAST-S,55,0.7808988764044944,20,0.2247191011235955
Compress,31,8,STARTS+FAST-P,55,0.7696629213483146,21,0.23595505617977527
Compress,31,8,STARTS+DPT,55,0.6348314606741573,33,0.3707865168539326
Compress,31,8,Fastazi-S,14,0.9606741573033708,4,0.0449438202247191
Compress,31,8,Fastazi-P,14,0.9157303370786517,8,0.0898876404494382
Compress,31,8,Random,89,0.7921348314606742,19,0.21348314606741572
Compress,31,9,Ekstazi,14,0.9269662921348315,7,0.07865168539325842
Compress,31,9,FAST,89,0.5674157303370787,39,0.43820224719101125
Compress,31,9,Ekstazi+dpt,14,0.8932584269662921,10,0.11235955056179775
Compress,31,9,DPT,89,0.6123595505617977,35,0.39325842696629215
Compress,31,9,STARTS,55,0.8820224719101124,11,0.12359550561797752
Compress,31,9,STARTS+FAST-S,55,0.7696629213483146,21,0.23595505617977527
Compress,31,9,STARTS+FAST-P,55,0.7584269662921349,22,0.24719101123595505
Compress,31,9,STARTS+DPT,55,0.6235955056179775,34,0.38202247191011235
Compress,31,9,Fastazi-S,14,0.9044943820224719,9,0.10112359550561797
Compress,31,9,Fastazi-P,14,0.9157303370786517,8,0.0898876404494382
Compress,31,9,Random,89,0.6235955056179775,34,0.38202247191011235
Compress,31,10,Ekstazi,14,0.8707865168539326,12,0.1348314606741573
Compress,31,10,FAST,89,0.5674157303370787,39,0.43820224719101125
Compress,31,10,Ekstazi+dpt,14,0.8932584269662921,10,0.11235955056179775
Compress,31,10,DPT,89,0.5898876404494382,37,0.4157303370786517
Compress,31,10,STARTS,55,0.8146067415730337,17,0.19101123595505617
Compress,31,10,STARTS+FAST-S,55,0.7696629213483146,21,0.23595505617977527
Compress,31,10,STARTS+FAST-P,55,0.7584269662921349,22,0.24719101123595505
Compress,31,10,STARTS+DPT,55,0.6460674157303371,32,0.3595505617977528
Compress,31,10,Fastazi-S,14,0.9044943820224719,9,0.10112359550561797
Compress,31,10,Fastazi-P,14,0.9157303370786517,8,0.0898876404494382
Compress,31,10,Random,89,0.7584269662921349,22,0.24719101123595505
Compress,31,11,Ekstazi,14,0.9719101123595506,3,0.033707865168539325
Compress,31,11,FAST,89,0.5561797752808989,40,0.449438202247191
Compress,31,11,Ekstazi+dpt,14,0.8932584269662921,10,0.11235955056179775
Compress,31,11,DPT,89,0.6123595505617977,35,0.39325842696629215
Compress,31,11,STARTS,55,0.949438202247191,5,0.056179775280898875
Compress,31,11,STARTS+FAST-S,55,0.7696629213483146,21,0.23595505617977527
Compress,31,11,STARTS+FAST-P,55,0.7696629213483146,21,0.23595505617977527
Compress,31,11,STARTS+DPT,55,0.6235955056179775,34,0.38202247191011235
Compress,31,11,Fastazi-S,14,0.9943820224719101,1,0.011235955056179775
Compress,31,11,Fastazi-P,14,0.9157303370786517,8,0.0898876404494382
Compress,31,11,Random,89,0.151685393258427,76,0.8539325842696629
Compress,31,12,Ekstazi,14,0.9943820224719101,1,0.011235955056179775
Compress,31,12,FAST,89,0.5674157303370787,39,0.43820224719101125
Compress,31,12,Ekstazi+dpt,14,0.8932584269662921,10,0.11235955056179775
Compress,31,12,DPT,89,0.601123595505618,36,0.4044943820224719
Compress,31,12,STARTS,55,0.9269662921348315,7,0.07865168539325842
Compress,31,12,STARTS+FAST-S,55,0.7696629213483146,21,0.23595505617977527
Compress,31,12,STARTS+FAST-P,55,0.7584269662921349,22,0.24719101123595505
Compress,31,12,STARTS+DPT,55,0.6235955056179775,34,0.38202247191011235
Compress,31,12,Fastazi-S,14,0.9943820224719101,1,0.011235955056179775
Compress,31,12,Fastazi-P,14,0.9157303370786517,8,0.0898876404494382
Compress,31,12,Random,89,0.9382022471910113,6,0.06741573033707865
Compress,31,13,Ekstazi,14,0.9831460674157303,2,0.02247191011235955
Compress,31,13,FAST,89,0.6235955056179775,34,0.38202247191011235
Compress,31,13,Ekstazi+dpt,14,0.8932584269662921,10,0.11235955056179775
Compress,31,13,DPT,89,0.5898876404494382,37,0.4157303370786517
Compress,31,13,STARTS,55,0.6573033707865169,31,0.34831460674157305
Compress,31,13,STARTS+FAST-S,55,0.7696629213483146,21,0.23595505617977527
Compress,31,13,STARTS+FAST-P,55,0.7584269662921349,22,0.24719101123595505
Compress,31,13,STARTS+DPT,55,0.6235955056179775,34,0.38202247191011235
Compress,31,13,Fastazi-S,14,0.9606741573033708,4,0.0449438202247191
Compress,31,13,Fastazi-P,14,0.949438202247191,5,0.056179775280898875
Compress,31,13,Random,89,0.8370786516853933,15,0.16853932584269662
Compress,31,14,Ekstazi,14,0.9606741573033708,4,0.0449438202247191
Compress,31,14,FAST,89,0.5674157303370787,39,0.43820224719101125
Compress,31,14,Ekstazi+dpt,14,0.8932584269662921,10,0.11235955056179775
Compress,31,14,DPT,89,0.5898876404494382,37,0.4157303370786517
Compress,31,14,STARTS,55,0.4550561797752809,49,0.550561797752809
Compress,31,14,STARTS+FAST-S,55,0.7696629213483146,21,0.23595505617977527
Compress,31,14,STARTS+FAST-P,55,0.7696629213483146,21,0.23595505617977527
Compress,31,14,STARTS+DPT,55,0.6235955056179775,34,0.38202247191011235
Compress,31,14,Fastazi-S,14,0.9943820224719101,1,0.011235955056179775
Compress,31,14,Fastazi-P,14,0.9269662921348315,7,0.07865168539325842
Compress,31,14,Random,89,0.7359550561797753,24,0.2696629213483146
Compress,31,15,Ekstazi,14,0.9719101123595506,3,0.033707865168539325
Compress,31,15,FAST,89,0.5674157303370787,39,0.43820224719101125
Compress,31,15,Ekstazi+dpt,14,0.8932584269662921,10,0.11235955056179775
Compress,31,15,DPT,89,0.5898876404494382,37,0.4157303370786517
Compress,31,15,STARTS,55,0.9269662921348315,7,0.07865168539325842
Compress,31,15,STARTS+FAST-S,55,0.7808988764044944,20,0.2247191011235955
Compress,31,15,STARTS+FAST-P,55,0.7584269662921349,22,0.24719101123595505
Compress,31,15,STARTS+DPT,55,0.6348314606741573,33,0.3707865168539326
Compress,31,15,Fastazi-S,14,0.9044943820224719,9,0.10112359550561797
Compress,31,15,Fastazi-P,14,0.9157303370786517,8,0.0898876404494382
Compress,31,15,Random,89,0.6797752808988764,29,0.3258426966292135
Compress,31,16,Ekstazi,14,0.9269662921348315,7,0.07865168539325842
Compress,31,16,FAST,89,0.5674157303370787,39,0.43820224719101125
Compress,31,16,Ekstazi+dpt,14,0.8932584269662921,10,0.11235955056179775
Compress,31,16,DPT,89,0.5898876404494382,37,0.4157303370786517
Compress,31,16,STARTS,55,0.9943820224719101,1,0.011235955056179775
Compress,31,16,STARTS+FAST-S,55,0.7696629213483146,21,0.23595505617977527
Compress,31,16,STARTS+FAST-P,55,0.7696629213483146,21,0.23595505617977527
Compress,31,16,STARTS+DPT,55,0.6348314606741573,33,0.3707865168539326
Compress,31,16,Fastazi-S,14,0.9044943820224719,9,0.10112359550561797
Compress,31,16,Fastazi-P,14,0.9157303370786517,8,0.0898876404494382
Compress,31,16,Random,89,0.9382022471910113,6,0.06741573033707865
Compress,31,17,Ekstazi,14,0.9719101123595506,3,0.033707865168539325
Compress,31,17,FAST,89,0.5561797752808989,40,0.449438202247191
Compress,31,17,Ekstazi+dpt,14,0.8932584269662921,10,0.11235955056179775
Compress,31,17,DPT,89,0.6123595505617977,35,0.39325842696629215
Compress,31,17,STARTS,55,0.7247191011235955,25,0.2808988764044944
Compress,31,17,STARTS+FAST-S,55,0.7696629213483146,21,0.23595505617977527
Compress,31,17,STARTS+FAST-P,55,0.7584269662921349,22,0.24719101123595505
Compress,31,17,STARTS+DPT,55,0.6348314606741573,33,0.3707865168539326
Compress,31,17,Fastazi-S,14,0.9943820224719101,1,0.011235955056179775
Compress,31,17,Fastazi-P,14,0.9157303370786517,8,0.0898876404494382
Compress,31,17,Random,89,0.7808988764044944,20,0.2247191011235955
Compress,31,18,Ekstazi,14,0.9831460674157303,2,0.02247191011235955
Compress,31,18,FAST,89,0.5674157303370787,39,0.43820224719101125
Compress,31,18,Ekstazi+dpt,14,0.8932584269662921,10,0.11235955056179775
Compress,31,18,DPT,89,0.5898876404494382,37,0.4157303370786517
Compress,31,18,STARTS,55,0.9831460674157303,2,0.02247191011235955
Compress,31,18,STARTS+FAST-S,55,0.7696629213483146,21,0.23595505617977527
Compress,31,18,STARTS+FAST-P,55,0.7584269662921349,22,0.24719101123595505
Compress,31,18,STARTS+DPT,55,0.6235955056179775,34,0.38202247191011235
Compress,31,18,Fastazi-S,14,0.9044943820224719,9,0.10112359550561797
Compress,31,18,Fastazi-P,14,0.9157303370786517,8,0.0898876404494382
Compress,31,18,Random,89,0.2640449438202247,66,0.7415730337078652
Compress,31,19,Ekstazi,14,0.9044943820224719,9,0.10112359550561797
Compress,31,19,FAST,89,0.6235955056179775,34,0.38202247191011235
Compress,31,19,Ekstazi+dpt,14,0.8932584269662921,10,0.11235955056179775
Compress,31,19,DPT,89,0.601123595505618,36,0.4044943820224719
Compress,31,19,STARTS,55,0.8258426966292135,16,0.1797752808988764
Compress,31,19,STARTS+FAST-S,55,0.7696629213483146,21,0.23595505617977527
Compress,31,19,STARTS+FAST-P,55,0.7696629213483146,21,0.23595505617977527
Compress,31,19,STARTS+DPT,55,0.6460674157303371,32,0.3595505617977528
Compress,31,19,Fastazi-S,14,0.9943820224719101,1,0.011235955056179775
Compress,31,19,Fastazi-P,14,0.949438202247191,5,0.056179775280898875
Compress,31,19,Random,89,0.949438202247191,5,0.056179775280898875
Compress,31,20,Ekstazi,14,0.9382022471910113,6,0.06741573033707865
Compress,31,20,FAST,89,0.5561797752808989,40,0.449438202247191
Compress,31,20,Ekstazi+dpt,14,0.8932584269662921,10,0.11235955056179775
Compress,31,20,DPT,89,0.5898876404494382,37,0.4157303370786517
Compress,31,20,STARTS,55,0.8483146067415731,14,0.15730337078651685
Compress,31,20,STARTS+FAST-S,55,0.7696629213483146,21,0.23595505617977527
Compress,31,20,STARTS+FAST-P,55,0.7696629213483146,21,0.23595505617977527
Compress,31,20,STARTS+DPT,55,0.6235955056179775,34,0.38202247191011235
Compress,31,20,Fastazi-S,14,0.9044943820224719,9,0.10112359550561797
Compress,31,20,Fastazi-P,14,0.9157303370786517,8,0.0898876404494382
Compress,31,20,Random,89,0.9943820224719101,1,0.011235955056179775
Compress,31,21,Ekstazi,14,0.9831460674157303,2,0.02247191011235955
Compress,31,21,FAST,89,0.5674157303370787,39,0.43820224719101125
Compress,31,21,Ekstazi+dpt,14,0.8932584269662921,10,0.11235955056179775
Compress,31,21,DPT,89,0.6123595505617977,35,0.39325842696629215
Compress,31,21,STARTS,55,0.6235955056179775,34,0.38202247191011235
Compress,31,21,STARTS+FAST-S,55,0.7808988764044944,20,0.2247191011235955
Compress,31,21,STARTS+FAST-P,55,0.7696629213483146,21,0.23595505617977527
Compress,31,21,STARTS+DPT,55,0.6460674157303371,32,0.3595505617977528
Compress,31,21,Fastazi-S,14,0.9044943820224719,9,0.10112359550561797
Compress,31,21,Fastazi-P,14,0.9157303370786517,8,0.0898876404494382
Compress,31,21,Random,89,0.8932584269662921,10,0.11235955056179775
Compress,31,22,Ekstazi,14,0.9044943820224719,9,0.10112359550561797
Compress,31,22,FAST,89,0.5561797752808989,40,0.449438202247191
Compress,31,22,Ekstazi+dpt,14,0.8932584269662921,10,0.11235955056179775
Compress,31,22,DPT,89,0.5898876404494382,37,0.4157303370786517
Compress,31,22,STARTS,55,0.6235955056179775,34,0.38202247191011235
Compress,31,22,STARTS+FAST-S,55,0.7696629213483146,21,0.23595505617977527
Compress,31,22,STARTS+FAST-P,55,0.7696629213483146,21,0.23595505617977527
Compress,31,22,STARTS+DPT,55,0.6348314606741573,33,0.3707865168539326
Compress,31,22,Fastazi-S,14,0.9606741573033708,4,0.0449438202247191
Compress,31,22,Fastazi-P,14,0.9157303370786517,8,0.0898876404494382
Compress,31,22,Random,89,0.949438202247191,5,0.056179775280898875
Compress,31,23,Ekstazi,14,0.9719101123595506,3,0.033707865168539325
Compress,31,23,FAST,89,0.6235955056179775,34,0.38202247191011235
Compress,31,23,Ekstazi+dpt,14,0.8932584269662921,10,0.11235955056179775
Compress,31,23,DPT,89,0.5898876404494382,37,0.4157303370786517
Compress,31,23,STARTS,55,0.8932584269662921,10,0.11235955056179775
Compress,31,23,STARTS+FAST-S,55,0.7808988764044944,20,0.2247191011235955
Compress,31,23,STARTS+FAST-P,55,0.7696629213483146,21,0.23595505617977527
Compress,31,23,STARTS+DPT,55,0.6460674157303371,32,0.3595505617977528
Compress,31,23,Fastazi-S,14,0.9044943820224719,9,0.10112359550561797
Compress,31,23,Fastazi-P,14,0.949438202247191,5,0.056179775280898875
Compress,31,23,Random,89,0.8483146067415731,14,0.15730337078651685
Compress,31,24,Ekstazi,14,0.9719101123595506,3,0.033707865168539325
Compress,31,24,FAST,89,0.5674157303370787,39,0.43820224719101125
Compress,31,24,Ekstazi+dpt,14,0.8932584269662921,10,0.11235955056179775
Compress,31,24,DPT,89,0.5898876404494382,37,0.4157303370786517
Compress,31,24,STARTS,55,0.9831460674157303,2,0.02247191011235955
Compress,31,24,STARTS+FAST-S,55,0.8258426966292135,16,0.1797752808988764
Compress,31,24,STARTS+FAST-P,55,0.7696629213483146,21,0.23595505617977527
Compress,31,24,STARTS+DPT,55,0.6460674157303371,32,0.3595505617977528
Compress,31,24,Fastazi-S,14,0.9044943820224719,9,0.10112359550561797
Compress,31,24,Fastazi-P,14,0.9157303370786517,8,0.0898876404494382
Compress,31,24,Random,89,0.5674157303370787,39,0.43820224719101125
Compress,31,25,Ekstazi,14,0.9382022471910113,6,0.06741573033707865
Compress,31,25,FAST,89,0.5674157303370787,39,0.43820224719101125
Compress,31,25,Ekstazi+dpt,14,0.8932584269662921,10,0.11235955056179775
Compress,31,25,DPT,89,0.6123595505617977,35,0.39325842696629215
Compress,31,25,STARTS,55,0.7359550561797753,24,0.2696629213483146
Compress,31,25,STARTS+FAST-S,55,0.7696629213483146,21,0.23595505617977527
Compress,31,25,STARTS+FAST-P,55,0.7584269662921349,22,0.24719101123595505
Compress,31,25,STARTS+DPT,55,0.6235955056179775,34,0.38202247191011235
Compress,31,25,Fastazi-S,14,0.9044943820224719,9,0.10112359550561797
Compress,31,25,Fastazi-P,14,0.9157303370786517,8,0.0898876404494382
Compress,31,25,Random,89,0.9831460674157303,2,0.02247191011235955
Compress,31,26,Ekstazi,14,0.9943820224719101,1,0.011235955056179775
Compress,31,26,FAST,89,0.9943820224719101,1,0.011235955056179775
Compress,31,26,Ekstazi+dpt,14,0.8932584269662921,10,0.11235955056179775
Compress,31,26,DPT,89,0.601123595505618,36,0.4044943820224719
Compress,31,26,STARTS,55,0.9719101123595506,3,0.033707865168539325
Compress,31,26,STARTS+FAST-S,55,0.7696629213483146,21,0.23595505617977527
Compress,31,26,STARTS+FAST-P,55,0.7696629213483146,21,0.23595505617977527
Compress,31,26,STARTS+DPT,55,0.6235955056179775,34,0.38202247191011235
Compress,31,26,Fastazi-S,14,0.9044943820224719,9,0.10112359550561797
Compress,31,26,Fastazi-P,14,0.9943820224719101,1,0.011235955056179775
Compress,31,26,Random,89,0.7584269662921349,22,0.24719101123595505
Compress,31,27,Ekstazi,14,0.9157303370786517,8,0.0898876404494382
Compress,31,27,FAST,89,0.5674157303370787,39,0.43820224719101125
Compress,31,27,Ekstazi+dpt,14,0.8932584269662921,10,0.11235955056179775
Compress,31,27,DPT,89,0.5898876404494382,37,0.4157303370786517
Compress,31,27,STARTS,55,0.8033707865168539,18,0.20224719101123595
Compress,31,27,STARTS+FAST-S,55,0.8258426966292135,16,0.1797752808988764
Compress,31,27,STARTS+FAST-P,55,0.7696629213483146,21,0.23595505617977527
Compress,31,27,STARTS+DPT,55,0.6348314606741573,33,0.3707865168539326
Compress,31,27,Fastazi-S,14,0.9044943820224719,9,0.10112359550561797
Compress,31,27,Fastazi-P,14,0.9157303370786517,8,0.0898876404494382
Compress,31,27,Random,89,0.8707865168539326,12,0.1348314606741573
Compress,31,28,Ekstazi,14,0.9044943820224719,9,0.10112359550561797
Compress,31,28,FAST,89,0.5674157303370787,39,0.43820224719101125
Compress,31,28,Ekstazi+dpt,14,0.8932584269662921,10,0.11235955056179775
Compress,31,28,DPT,89,0.5898876404494382,37,0.4157303370786517
Compress,31,28,STARTS,55,0.6460674157303371,32,0.3595505617977528
Compress,31,28,STARTS+FAST-S,55,0.7808988764044944,20,0.2247191011235955
Compress,31,28,STARTS+FAST-P,55,0.7696629213483146,21,0.23595505617977527
Compress,31,28,STARTS+DPT,55,0.6460674157303371,32,0.3595505617977528
Compress,31,28,Fastazi-S,14,0.9044943820224719,9,0.10112359550561797
Compress,31,28,Fastazi-P,14,0.9157303370786517,8,0.0898876404494382
Compress,31,28,Random,89,0.4213483146067416,52,0.5842696629213483
Compress,31,29,Ekstazi,14,0.9382022471910113,6,0.06741573033707865
Compress,31,29,FAST,89,0.5674157303370787,39,0.43820224719101125
Compress,31,29,Ekstazi+dpt,14,0.8932584269662921,10,0.11235955056179775
Compress,31,29,DPT,89,0.6123595505617977,35,0.39325842696629215
Compress,31,29,STARTS,55,0.8146067415730337,17,0.19101123595505617
Compress,31,29,STARTS+FAST-S,55,0.7696629213483146,21,0.23595505617977527
Compress,31,29,STARTS+FAST-P,55,0.7584269662921349,22,0.24719101123595505
Compress,31,29,STARTS+DPT,55,0.6235955056179775,34,0.38202247191011235
Compress,31,29,Fastazi-S,14,0.9044943820224719,9,0.10112359550561797
Compress,31,29,Fastazi-P,14,0.9157303370786517,8,0.0898876404494382
Compress,31,29,Random,89,0.2752808988764045,65,0.7303370786516854
Compress,31,30,Ekstazi,14,0.9606741573033708,4,0.0449438202247191
Compress,31,30,FAST,89,0.5674157303370787,39,0.43820224719101125
Compress,31,30,Ekstazi+dpt,14,0.8932584269662921,10,0.11235955056179775
Compress,31,30,DPT,89,0.6123595505617977,35,0.39325842696629215
Compress,31,30,STARTS,55,0.9719101123595506,3,0.033707865168539325
Compress,31,30,STARTS+FAST-S,55,0.7808988764044944,20,0.2247191011235955
Compress,31,30,STARTS+FAST-P,55,0.7696629213483146,21,0.23595505617977527
Compress,31,30,STARTS+DPT,55,0.6460674157303371,32,0.3595505617977528
Compress,31,30,Fastazi-S,14,0.9044943820224719,9,0.10112359550561797
Compress,31,30,Fastazi-P,14,0.9157303370786517,8,0.0898876404494382
Compress,31,30,Random,89,0.5112359550561798,44,0.4943820224719101
Compress,32,1,Ekstazi,47,0.9833333333333333,2,0.022222222222222223
Compress,32,1,FAST,90,0.7277777777777777,25,0.2777777777777778
Compress,32,1,Ekstazi+dpt,47,0.6055555555555555,36,0.4
Compress,32,1,DPT,90,0.5833333333333333,38,0.4222222222222222
Compress,32,1,STARTS,63,0.9833333333333333,2,0.022222222222222223
Compress,32,1,STARTS+FAST-S,63,0.3277777777777777,61,0.6777777777777778
Compress,32,1,STARTS+FAST-P,63,0.8944444444444444,10,0.1111111111111111
Compress,32,1,STARTS+DPT,63,0.5833333333333333,38,0.4222222222222222
Compress,32,1,Fastazi-S,47,0.7833333333333333,20,0.2222222222222222
Compress,32,1,Fastazi-P,47,0.8611111111111112,13,0.14444444444444443
Compress,32,1,Random,90,0.06111111111111114,85,0.9444444444444444
Compress,32,2,Ekstazi,47,0.8833333333333333,11,0.12222222222222222
Compress,32,2,FAST,90,0.7388888888888889,24,0.26666666666666666
Compress,32,2,Ekstazi+dpt,47,0.6055555555555555,36,0.4
Compress,32,2,DPT,90,0.5833333333333333,38,0.4222222222222222
Compress,32,2,STARTS,63,0.8166666666666667,17,0.18888888888888888
Compress,32,2,STARTS+FAST-S,63,0.8944444444444444,10,0.1111111111111111
Compress,32,2,STARTS+FAST-P,63,0.8944444444444444,10,0.1111111111111111
Compress,32,2,STARTS+DPT,63,0.5722222222222222,39,0.43333333333333335
Compress,32,2,Fastazi-S,47,0.7833333333333333,20,0.2222222222222222
Compress,32,2,Fastazi-P,47,0.8722222222222222,12,0.13333333333333333
Compress,32,2,Random,90,0.27222222222222225,66,0.7333333333333333
Compress,32,3,Ekstazi,47,0.8277777777777777,16,0.17777777777777778
Compress,32,3,FAST,90,0.7277777777777777,25,0.2777777777777778
Compress,32,3,Ekstazi+dpt,47,0.6166666666666667,35,0.3888888888888889
Compress,32,3,DPT,90,0.5722222222222222,39,0.43333333333333335
Compress,32,3,STARTS,63,0.7833333333333333,20,0.2222222222222222
Compress,32,3,STARTS+FAST-S,63,0.8944444444444444,10,0.1111111111111111
Compress,32,3,STARTS+FAST-P,63,0.8944444444444444,10,0.1111111111111111
Compress,32,3,STARTS+DPT,63,0.5722222222222222,39,0.43333333333333335
Compress,32,3,Fastazi-S,47,0.7833333333333333,20,0.2222222222222222
Compress,32,3,Fastazi-P,47,0.85,14,0.15555555555555556
Compress,32,3,Random,90,0.75,23,0.25555555555555554
Compress,32,4,Ekstazi,47,0.5722222222222222,39,0.43333333333333335
Compress,32,4,FAST,90,0.7277777777777777,25,0.2777777777777778
Compress,32,4,Ekstazi+dpt,47,0.6055555555555555,36,0.4
Compress,32,4,DPT,90,0.5833333333333333,38,0.4222222222222222
Compress,32,4,STARTS,63,0.49444444444444446,46,0.5111111111111111
Compress,32,4,STARTS+FAST-S,63,0.3277777777777777,61,0.6777777777777778
Compress,32,4,STARTS+FAST-P,63,0.8944444444444444,10,0.1111111111111111
Compress,32,4,STARTS+DPT,63,0.5833333333333333,38,0.4222222222222222
Compress,32,4,Fastazi-S,47,0.7944444444444444,19,0.2111111111111111
Compress,32,4,Fastazi-P,47,0.85,14,0.15555555555555556
Compress,32,4,Random,90,0.10555555555555553,81,0.9
Compress,32,5,Ekstazi,47,0.7944444444444444,19,0.2111111111111111
Compress,32,5,FAST,90,0.7277777777777777,25,0.2777777777777778
Compress,32,5,Ekstazi+dpt,47,0.6166666666666667,35,0.3888888888888889
Compress,32,5,DPT,90,0.5722222222222222,39,0.43333333333333335
Compress,32,5,STARTS,63,0.7166666666666667,26,0.28888888888888886
Compress,32,5,STARTS+FAST-S,63,0.8833333333333333,11,0.12222222222222222
Compress,32,5,STARTS+FAST-P,63,0.9055555555555556,9,0.1
Compress,32,5,STARTS+DPT,63,0.5722222222222222,39,0.43333333333333335
Compress,32,5,Fastazi-S,47,0.9944444444444445,1,0.011111111111111112
Compress,32,5,Fastazi-P,47,0.85,14,0.15555555555555556
Compress,32,5,Random,90,0.18333333333333338,74,0.8222222222222222
Compress,32,6,Ekstazi,47,0.8055555555555556,18,0.2
Compress,32,6,FAST,90,0.7277777777777777,25,0.2777777777777778
Compress,32,6,Ekstazi+dpt,47,0.6166666666666667,35,0.3888888888888889
Compress,32,6,DPT,90,0.5722222222222222,39,0.43333333333333335
Compress,32,6,STARTS,63,0.7833333333333333,20,0.2222222222222222
Compress,32,6,STARTS+FAST-S,63,0.8944444444444444,10,0.1111111111111111
Compress,32,6,STARTS+FAST-P,63,0.8944444444444444,10,0.1111111111111111
Compress,32,6,STARTS+DPT,63,0.5833333333333333,38,0.4222222222222222
Compress,32,6,Fastazi-S,47,0.7833333333333333,20,0.2222222222222222
Compress,32,6,Fastazi-P,47,0.85,14,0.15555555555555556
Compress,32,6,Random,90,0.6388888888888888,33,0.36666666666666664
Compress,32,7,Ekstazi,47,0.7722222222222221,21,0.23333333333333334
Compress,32,7,FAST,90,0.7166666666666667,26,0.28888888888888886
Compress,32,7,Ekstazi+dpt,47,0.6166666666666667,35,0.3888888888888889
Compress,32,7,DPT,90,0.5722222222222222,39,0.43333333333333335
Compress,32,7,STARTS,63,0.6388888888888888,33,0.36666666666666664
Compress,32,7,STARTS+FAST-S,63,0.8944444444444444,10,0.1111111111111111
Compress,32,7,STARTS+FAST-P,63,0.8833333333333333,11,0.12222222222222222
Compress,32,7,STARTS+DPT,63,0.5833333333333333,38,0.4222222222222222
Compress,32,7,Fastazi-S,47,0.7944444444444444,19,0.2111111111111111
Compress,32,7,Fastazi-P,47,0.85,14,0.15555555555555556
Compress,32,7,Random,90,0.6055555555555555,36,0.4
Compress,32,8,Ekstazi,47,0.6055555555555555,36,0.4
Compress,32,8,FAST,90,0.7277777777777777,25,0.2777777777777778
Compress,32,8,Ekstazi+dpt,47,0.6055555555555555,36,0.4
Compress,32,8,DPT,90,0.5722222222222222,39,0.43333333333333335
Compress,32,8,STARTS,63,0.7611111111111111,22,0.24444444444444444
Compress,32,8,STARTS+FAST-S,63,0.8944444444444444,10,0.1111111111111111
Compress,32,8,STARTS+FAST-P,63,0.8944444444444444,10,0.1111111111111111
Compress,32,8,STARTS+DPT,63,0.5833333333333333,38,0.4222222222222222
Compress,32,8,Fastazi-S,47,0.7833333333333333,20,0.2222222222222222
Compress,32,8,Fastazi-P,47,0.85,14,0.15555555555555556
Compress,32,8,Random,90,0.6722222222222223,30,0.3333333333333333
Compress,32,9,Ekstazi,47,0.6166666666666667,35,0.3888888888888889
Compress,32,9,FAST,90,0.7388888888888889,24,0.26666666666666666
Compress,32,9,Ekstazi+dpt,47,0.6166666666666667,35,0.3888888888888889
Compress,32,9,DPT,90,0.5722222222222222,39,0.43333333333333335
Compress,32,9,STARTS,63,0.8833333333333333,11,0.12222222222222222
Compress,32,9,STARTS+FAST-S,63,0.8944444444444444,10,0.1111111111111111
Compress,32,9,STARTS+FAST-P,63,0.8944444444444444,10,0.1111111111111111
Compress,32,9,STARTS+DPT,63,0.5722222222222222,39,0.43333333333333335
Compress,32,9,Fastazi-S,47,0.7944444444444444,19,0.2111111111111111
Compress,32,9,Fastazi-P,47,0.8611111111111112,13,0.14444444444444443
Compress,32,9,Random,90,0.6722222222222223,30,0.3333333333333333
Compress,32,10,Ekstazi,47,0.5722222222222222,39,0.43333333333333335
Compress,32,10,FAST,90,0.7388888888888889,24,0.26666666666666666
Compress,32,10,Ekstazi+dpt,47,0.6055555555555555,36,0.4
Compress,32,10,DPT,90,0.5833333333333333,38,0.4222222222222222
Compress,32,10,STARTS,63,0.6722222222222223,30,0.3333333333333333
Compress,32,10,STARTS+FAST-S,63,0.8944444444444444,10,0.1111111111111111
Compress,32,10,STARTS+FAST-P,63,0.9944444444444445,1,0.011111111111111112
Compress,32,10,STARTS+DPT,63,0.5722222222222222,39,0.43333333333333335
Compress,32,10,Fastazi-S,47,0.85,14,0.15555555555555556
Compress,32,10,Fastazi-P,47,0.8611111111111112,13,0.14444444444444443
Compress,32,10,Random,90,0.5277777777777777,43,0.4777777777777778
Compress,32,11,Ekstazi,47,0.9833333333333333,2,0.022222222222222223
Compress,32,11,FAST,90,0.7388888888888889,24,0.26666666666666666
Compress,32,11,Ekstazi+dpt,47,0.6166666666666667,35,0.3888888888888889
Compress,32,11,DPT,90,0.5833333333333333,38,0.4222222222222222
Compress,32,11,STARTS,63,0.6833333333333333,29,0.32222222222222224
Compress,32,11,STARTS+FAST-S,63,0.8944444444444444,10,0.1111111111111111
Compress,32,11,STARTS+FAST-P,63,0.8944444444444444,10,0.1111111111111111
Compress,32,11,STARTS+DPT,63,0.5722222222222222,39,0.43333333333333335
Compress,32,11,Fastazi-S,47,0.7944444444444444,19,0.2111111111111111
Compress,32,11,Fastazi-P,47,0.8611111111111112,13,0.14444444444444443
Compress,32,11,Random,90,0.06111111111111114,85,0.9444444444444444
Compress,32,12,Ekstazi,47,0.7055555555555555,27,0.3
Compress,32,12,FAST,90,0.7388888888888889,24,0.26666666666666666
Compress,32,12,Ekstazi+dpt,47,0.6166666666666667,35,0.3888888888888889
Compress,32,12,DPT,90,0.5833333333333333,38,0.4222222222222222
Compress,32,12,STARTS,63,0.75,23,0.25555555555555554
Compress,32,12,STARTS+FAST-S,63,0.8944444444444444,10,0.1111111111111111
Compress,32,12,STARTS+FAST-P,63,0.9055555555555556,9,0.1
Compress,32,12,STARTS+DPT,63,0.5833333333333333,38,0.4222222222222222
Compress,32,12,Fastazi-S,47,0.7833333333333333,20,0.2222222222222222
Compress,32,12,Fastazi-P,47,0.8611111111111112,13,0.14444444444444443
Compress,32,12,Random,90,0.23888888888888885,69,0.7666666666666667
Compress,32,13,Ekstazi,47,0.9055555555555556,9,0.1
Compress,32,13,FAST,90,0.7388888888888889,24,0.26666666666666666
Compress,32,13,Ekstazi+dpt,47,0.6055555555555555,36,0.4
Compress,32,13,DPT,90,0.5722222222222222,39,0.43333333333333335
Compress,32,13,STARTS,63,0.31666666666666665,62,0.6888888888888889
Compress,32,13,STARTS+FAST-S,63,0.8944444444444444,10,0.1111111111111111
Compress,32,13,STARTS+FAST-P,63,0.8944444444444444,10,0.1111111111111111
Compress,32,13,STARTS+DPT,63,0.5833333333333333,38,0.4222222222222222
Compress,32,13,Fastazi-S,47,0.7944444444444444,19,0.2111111111111111
Compress,32,13,Fastazi-P,47,0.8611111111111112,13,0.14444444444444443
Compress,32,13,Random,90,0.7277777777777777,25,0.2777777777777778
Compress,32,14,Ekstazi,47,0.6611111111111111,31,0.34444444444444444
Compress,32,14,FAST,90,0.7388888888888889,24,0.26666666666666666
Compress,32,14,Ekstazi+dpt,47,0.6166666666666667,35,0.3888888888888889
Compress,32,14,DPT,90,0.5833333333333333,38,0.4222222222222222
Compress,32,14,STARTS,63,0.6833333333333333,29,0.32222222222222224
Compress,32,14,STARTS+FAST-S,63,0.8944444444444444,10,0.1111111111111111
Compress,32,14,STARTS+FAST-P,63,0.8944444444444444,10,0.1111111111111111
Compress,32,14,STARTS+DPT,63,0.5833333333333333,38,0.4222222222222222
Compress,32,14,Fastazi-S,47,0.7833333333333333,20,0.2222222222222222
Compress,32,14,Fastazi-P,47,0.8611111111111112,13,0.14444444444444443
Compress,32,14,Random,90,0.8944444444444444,10,0.1111111111111111
Compress,32,15,Ekstazi,47,0.6277777777777778,34,0.37777777777777777
Compress,32,15,FAST,90,0.7277777777777777,25,0.2777777777777778
Compress,32,15,Ekstazi+dpt,47,0.6055555555555555,36,0.4
Compress,32,15,DPT,90,0.5722222222222222,39,0.43333333333333335
Compress,32,15,STARTS,63,0.37222222222222223,57,0.6333333333333333
Compress,32,15,STARTS+FAST-S,63,0.8833333333333333,11,0.12222222222222222
Compress,32,15,STARTS+FAST-P,63,0.8944444444444444,10,0.1111111111111111
Compress,32,15,STARTS+DPT,63,0.5722222222222222,39,0.43333333333333335
Compress,32,15,Fastazi-S,47,0.7944444444444444,19,0.2111111111111111
Compress,32,15,Fastazi-P,47,0.85,14,0.15555555555555556
Compress,32,15,Random,90,0.5611111111111111,40,0.4444444444444444
Compress,32,16,Ekstazi,47,0.8944444444444444,10,0.1111111111111111
Compress,32,16,FAST,90,0.7388888888888889,24,0.26666666666666666
Compress,32,16,Ekstazi+dpt,47,0.6055555555555555,36,0.4
Compress,32,16,DPT,90,0.5833333333333333,38,0.4222222222222222
Compress,32,16,STARTS,63,0.9944444444444445,1,0.011111111111111112
Compress,32,16,STARTS+FAST-S,63,0.8944444444444444,10,0.1111111111111111
Compress,32,16,STARTS+FAST-P,63,0.8944444444444444,10,0.1111111111111111
Compress,32,16,STARTS+DPT,63,0.5722222222222222,39,0.43333333333333335
Compress,32,16,Fastazi-S,47,0.7833333333333333,20,0.2222222222222222
Compress,32,16,Fastazi-P,47,0.8611111111111112,13,0.14444444444444443
Compress,32,16,Random,90,0.5055555555555555,45,0.5
Compress,32,17,Ekstazi,47,0.8055555555555556,18,0.2
Compress,32,17,FAST,90,0.7388888888888889,24,0.26666666666666666
Compress,32,17,Ekstazi+dpt,47,0.6166666666666667,35,0.3888888888888889
Compress,32,17,DPT,90,0.5722222222222222,39,0.43333333333333335
Compress,32,17,STARTS,63,0.31666666666666665,62,0.6888888888888889
Compress,32,17,STARTS+FAST-S,63,0.8833333333333333,11,0.12222222222222222
Compress,32,17,STARTS+FAST-P,63,0.9055555555555556,9,0.1
Compress,32,17,STARTS+DPT,63,0.5833333333333333,38,0.4222222222222222
Compress,32,17,Fastazi-S,47,0.85,14,0.15555555555555556
Compress,32,17,Fastazi-P,47,0.8611111111111112,13,0.14444444444444443
Compress,32,17,Random,90,0.5055555555555555,45,0.5
Compress,32,18,Ekstazi,47,0.6499999999999999,32,0.35555555555555557
Compress,32,18,FAST,90,0.7277777777777777,25,0.2777777777777778
Compress,32,18,Ekstazi+dpt,47,0.6055555555555555,36,0.4
Compress,32,18,DPT,90,0.5833333333333333,38,0.4222222222222222
Compress,32,18,STARTS,63,0.5277777777777777,43,0.4777777777777778
Compress,32,18,STARTS+FAST-S,63,0.8388888888888889,15,0.16666666666666666
Compress,32,18,STARTS+FAST-P,63,0.9055555555555556,9,0.1
Compress,32,18,STARTS+DPT,63,0.5833333333333333,38,0.4222222222222222
Compress,32,18,Fastazi-S,47,0.7944444444444444,19,0.2111111111111111
Compress,32,18,Fastazi-P,47,0.85,14,0.15555555555555556
Compress,32,18,Random,90,0.9722222222222222,3,0.03333333333333333
Compress,32,19,Ekstazi,47,0.5944444444444444,37,0.4111111111111111
Compress,32,19,FAST,90,0.7277777777777777,25,0.2777777777777778
Compress,32,19,Ekstazi+dpt,47,0.6055555555555555,36,0.4
Compress,32,19,DPT,90,0.5722222222222222,39,0.43333333333333335
Compress,32,19,STARTS,63,0.9833333333333333,2,0.022222222222222223
Compress,32,19,STARTS+FAST-S,63,0.8833333333333333,11,0.12222222222222222
Compress,32,19,STARTS+FAST-P,63,0.9055555555555556,9,0.1
Compress,32,19,STARTS+DPT,63,0.5833333333333333,38,0.4222222222222222
Compress,32,19,Fastazi-S,47,0.7944444444444444,19,0.2111111111111111
Compress,32,19,Fastazi-P,47,0.85,14,0.15555555555555556
Compress,32,19,Random,90,0.95,5,0.05555555555555555
Compress,32,20,Ekstazi,47,0.8277777777777777,16,0.17777777777777778
Compress,32,20,FAST,90,0.7277777777777777,25,0.2777777777777778
Compress,32,20,Ekstazi+dpt,47,0.6166666666666667,35,0.3888888888888889
Compress,32,20,DPT,90,0.5722222222222222,39,0.43333333333333335
Compress,32,20,STARTS,63,0.7388888888888889,24,0.26666666666666666
Compress,32,20,STARTS+FAST-S,63,0.8833333333333333,11,0.12222222222222222
Compress,32,20,STARTS+FAST-P,63,0.8944444444444444,10,0.1111111111111111
Compress,32,20,STARTS+DPT,63,0.5833333333333333,38,0.4222222222222222
Compress,32,20,Fastazi-S,47,0.7833333333333333,20,0.2222222222222222
Compress,32,20,Fastazi-P,47,0.85,14,0.15555555555555556
Compress,32,20,Random,90,0.2166666666666667,71,0.7888888888888889
Compress,32,21,Ekstazi,47,0.7388888888888889,24,0.26666666666666666
Compress,32,21,FAST,90,0.7277777777777777,25,0.2777777777777778
Compress,32,21,Ekstazi+dpt,47,0.6166666666666667,35,0.3888888888888889
Compress,32,21,DPT,90,0.5833333333333333,38,0.4222222222222222
Compress,32,21,STARTS,63,0.6944444444444444,28,0.3111111111111111
Compress,32,21,STARTS+FAST-S,63,0.8944444444444444,10,0.1111111111111111
Compress,32,21,STARTS+FAST-P,63,0.8944444444444444,10,0.1111111111111111
Compress,32,21,STARTS+DPT,63,0.5833333333333333,38,0.4222222222222222
Compress,32,21,Fastazi-S,47,0.7833333333333333,20,0.2222222222222222
Compress,32,21,Fastazi-P,47,0.8611111111111112,13,0.14444444444444443
Compress,32,21,Random,90,0.36111111111111105,58,0.6444444444444445
Compress,32,22,Ekstazi,47,0.95,5,0.05555555555555555
Compress,32,22,FAST,90,0.7277777777777777,25,0.2777777777777778
Compress,32,22,Ekstazi+dpt,47,0.6055555555555555,36,0.4
Compress,32,22,DPT,90,0.5833333333333333,38,0.4222222222222222
Compress,32,22,STARTS,63,0.9277777777777778,7,0.07777777777777778
Compress,32,22,STARTS+FAST-S,63,0.8944444444444444,10,0.1111111111111111
Compress,32,22,STARTS+FAST-P,63,0.9055555555555556,9,0.1
Compress,32,22,STARTS+DPT,63,0.5722222222222222,39,0.43333333333333335
Compress,32,22,Fastazi-S,47,0.7944444444444444,19,0.2111111111111111
Compress,32,22,Fastazi-P,47,0.8611111111111112,13,0.14444444444444443
Compress,32,22,Random,90,0.3277777777777777,61,0.6777777777777778
Compress,32,23,Ekstazi,47,0.6166666666666667,35,0.3888888888888889
Compress,32,23,FAST,90,0.7388888888888889,24,0.26666666666666666
Compress,32,23,Ekstazi+dpt,47,0.6166666666666667,35,0.3888888888888889
Compress,32,23,DPT,90,0.5833333333333333,38,0.4222222222222222
Compress,32,23,STARTS,63,0.4833333333333333,47,0.5222222222222223
Compress,32,23,STARTS+FAST-S,63,0.8944444444444444,10,0.1111111111111111
Compress,32,23,STARTS+FAST-P,63,0.9055555555555556,9,0.1
Compress,32,23,STARTS+DPT,63,0.5833333333333333,38,0.4222222222222222
Compress,32,23,Fastazi-S,47,0.7944444444444444,19,0.2111111111111111
Compress,32,23,Fastazi-P,47,0.8722222222222222,12,0.13333333333333333
Compress,32,23,Random,90,0.16111111111111112,76,0.8444444444444444
Compress,32,24,Ekstazi,47,0.8833333333333333,11,0.12222222222222222
Compress,32,24,FAST,90,0.7388888888888889,24,0.26666666666666666
Compress,32,24,Ekstazi+dpt,47,0.6166666666666667,35,0.3888888888888889
Compress,32,24,DPT,90,0.5722222222222222,39,0.43333333333333335
Compress,32,24,STARTS,63,0.7944444444444444,19,0.2111111111111111
Compress,32,24,STARTS+FAST-S,63,0.3277777777777777,61,0.6777777777777778
Compress,32,24,STARTS+FAST-P,63,0.8944444444444444,10,0.1111111111111111
Compress,32,24,STARTS+DPT,63,0.5833333333333333,38,0.4222222222222222
Compress,32,24,Fastazi-S,47,0.85,14,0.15555555555555556
Compress,32,24,Fastazi-P,47,0.8611111111111112,13,0.14444444444444443
Compress,32,24,Random,90,0.7166666666666667,26,0.28888888888888886
Compress,32,25,Ekstazi,47,0.7388888888888889,24,0.26666666666666666
Compress,32,25,FAST,90,0.7388888888888889,24,0.26666666666666666
Compress,32,25,Ekstazi+dpt,47,0.6055555555555555,36,0.4
Compress,32,25,DPT,90,0.5722222222222222,39,0.43333333333333335
Compress,32,25,STARTS,63,0.5166666666666666,44,0.4888888888888889
Compress,32,25,STARTS+FAST-S,63,0.8944444444444444,10,0.1111111111111111
Compress,32,25,STARTS+FAST-P,63,0.8944444444444444,10,0.1111111111111111
Compress,32,25,STARTS+DPT,63,0.5833333333333333,38,0.4222222222222222
Compress,32,25,Fastazi-S,47,0.7944444444444444,19,0.2111111111111111
Compress,32,25,Fastazi-P,47,0.8611111111111112,13,0.14444444444444443
Compress,32,25,Random,90,0.7055555555555555,27,0.3
Compress,32,26,Ekstazi,47,0.6722222222222223,30,0.3333333333333333
Compress,32,26,FAST,90,0.7277777777777777,25,0.2777777777777778
Compress,32,26,Ekstazi+dpt,47,0.6055555555555555,36,0.4
Compress,32,26,DPT,90,0.5833333333333333,38,0.4222222222222222
Compress,32,26,STARTS,63,0.3833333333333333,56,0.6222222222222222
Compress,32,26,STARTS+FAST-S,63,0.8944444444444444,10,0.1111111111111111
Compress,32,26,STARTS+FAST-P,63,0.8944444444444444,10,0.1111111111111111
Compress,32,26,STARTS+DPT,63,0.5833333333333333,38,0.4222222222222222
Compress,32,26,Fastazi-S,47,0.7833333333333333,20,0.2222222222222222
Compress,32,26,Fastazi-P,47,0.8611111111111112,13,0.14444444444444443
Compress,32,26,Random,90,0.3833333333333333,56,0.6222222222222222
Compress,32,27,Ekstazi,47,0.8833333333333333,11,0.12222222222222222
Compress,32,27,FAST,90,0.7277777777777777,25,0.2777777777777778
Compress,32,27,Ekstazi+dpt,47,0.6055555555555555,36,0.4
Compress,32,27,DPT,90,0.5833333333333333,38,0.4222222222222222
Compress,32,27,STARTS,63,0.5388888888888889,42,0.4666666666666667
Compress,32,27,STARTS+FAST-S,63,0.8944444444444444,10,0.1111111111111111
Compress,32,27,STARTS+FAST-P,63,0.8944444444444444,10,0.1111111111111111
Compress,32,27,STARTS+DPT,63,0.5722222222222222,39,0.43333333333333335
Compress,32,27,Fastazi-S,47,0.7722222222222221,21,0.23333333333333334
Compress,32,27,Fastazi-P,47,0.8611111111111112,13,0.14444444444444443
Compress,32,27,Random,90,0.4722222222222222,48,0.5333333333333333
Compress,32,28,Ekstazi,47,0.5833333333333333,38,0.4222222222222222
Compress,32,28,FAST,90,0.7388888888888889,24,0.26666666666666666
Compress,32,28,Ekstazi+dpt,47,0.6166666666666667,35,0.3888888888888889
Compress,32,28,DPT,90,0.5833333333333333,38,0.4222222222222222
Compress,32,28,STARTS,63,0.5166666666666666,44,0.4888888888888889
Compress,32,28,STARTS+FAST-S,63,0.8944444444444444,10,0.1111111111111111
Compress,32,28,STARTS+FAST-P,63,0.9055555555555556,9,0.1
Compress,32,28,STARTS+DPT,63,0.5722222222222222,39,0.43333333333333335
Compress,32,28,Fastazi-S,47,0.7833333333333333,20,0.2222222222222222
Compress,32,28,Fastazi-P,47,0.85,14,0.15555555555555556
Compress,32,28,Random,90,0.13888888888888887,78,0.8666666666666667
Compress,32,29,Ekstazi,47,0.6611111111111111,31,0.34444444444444444
Compress,32,29,FAST,90,0.7277777777777777,25,0.2777777777777778
Compress,32,29,Ekstazi+dpt,47,0.6055555555555555,36,0.4
Compress,32,29,DPT,90,0.5722222222222222,39,0.43333333333333335
Compress,32,29,STARTS,63,0.7722222222222221,21,0.23333333333333334
Compress,32,29,STARTS+FAST-S,63,0.8944444444444444,10,0.1111111111111111
Compress,32,29,STARTS+FAST-P,63,0.8944444444444444,10,0.1111111111111111
Compress,32,29,STARTS+DPT,63,0.5833333333333333,38,0.4222222222222222
Compress,32,29,Fastazi-S,47,0.7944444444444444,19,0.2111111111111111
Compress,32,29,Fastazi-P,47,0.85,14,0.15555555555555556
Compress,32,29,Random,90,0.7944444444444444,19,0.2111111111111111
Compress,32,30,Ekstazi,47,0.95,5,0.05555555555555555
Compress,32,30,FAST,90,0.7277777777777777,25,0.2777777777777778
Compress,32,30,Ekstazi+dpt,47,0.6166666666666667,35,0.3888888888888889
Compress,32,30,DPT,90,0.5833333333333333,38,0.4222222222222222
Compress,32,30,STARTS,63,0.3277777777777777,61,0.6777777777777778
Compress,32,30,STARTS+FAST-S,63,0.8833333333333333,11,0.12222222222222222
Compress,32,30,STARTS+FAST-P,63,0.8944444444444444,10,0.1111111111111111
Compress,32,30,STARTS+DPT,63,0.5722222222222222,39,0.43333333333333335
Compress,32,30,Fastazi-S,47,0.7833333333333333,20,0.2222222222222222
Compress,32,30,Fastazi-P,47,0.8611111111111112,13,0.14444444444444443
Compress,32,30,Random,90,0.3944444444444444,55,0.6111111111111112
Compress,33,1,Ekstazi,9,0.9166666666666666,8,0.08888888888888889
Compress,33,1,FAST,90,0.5277777777777777,43,0.4777777777777778
Compress,33,1,Ekstazi+dpt,9,0.9833333333333333,2,0.022222222222222223
Compress,33,1,DPT,90,0.9388888888888889,6,0.06666666666666667
Compress,33,1,STARTS,9,0.9388888888888889,6,0.06666666666666667
Compress,33,1,STARTS+FAST-S,9,0.9833333333333333,2,0.022222222222222223
Compress,33,1,STARTS+FAST-P,9,0.9722222222222222,3,0.03333333333333333
Compress,33,1,STARTS+DPT,9,0.9833333333333333,2,0.022222222222222223
Compress,33,1,Fastazi-S,9,0.9722222222222222,3,0.03333333333333333
Compress,33,1,Fastazi-P,9,0.9611111111111111,4,0.044444444444444446
Compress,33,1,Random,90,0.44999999999999996,50,0.5555555555555556
Compress,33,2,Ekstazi,9,0.9833333333333333,2,0.022222222222222223
Compress,33,2,FAST,90,0.5388888888888889,42,0.4666666666666667
Compress,33,2,Ekstazi+dpt,9,0.9833333333333333,2,0.022222222222222223
Compress,33,2,DPT,90,0.9388888888888889,6,0.06666666666666667
Compress,33,2,STARTS,9,0.9277777777777778,7,0.07777777777777778
Compress,33,2,STARTS+FAST-S,9,0.9833333333333333,2,0.022222222222222223
Compress,33,2,STARTS+FAST-P,9,0.9722222222222222,3,0.03333333333333333
Compress,33,2,STARTS+DPT,9,0.9833333333333333,2,0.022222222222222223
Compress,33,2,Fastazi-S,9,0.9833333333333333,2,0.022222222222222223
Compress,33,2,Fastazi-P,9,0.9611111111111111,4,0.044444444444444446
Compress,33,2,Random,90,0.9388888888888889,6,0.06666666666666667
Compress,33,3,Ekstazi,9,0.9166666666666666,8,0.08888888888888889
Compress,33,3,FAST,90,0.5388888888888889,42,0.4666666666666667
Compress,33,3,Ekstazi+dpt,9,0.9833333333333333,2,0.022222222222222223
Compress,33,3,DPT,90,0.9388888888888889,6,0.06666666666666667
Compress,33,3,STARTS,9,0.9277777777777778,7,0.07777777777777778
Compress,33,3,STARTS+FAST-S,9,0.9833333333333333,2,0.022222222222222223
Compress,33,3,STARTS+FAST-P,9,0.9722222222222222,3,0.03333333333333333
Compress,33,3,STARTS+DPT,9,0.9833333333333333,2,0.022222222222222223
Compress,33,3,Fastazi-S,9,0.9833333333333333,2,0.022222222222222223
Compress,33,3,Fastazi-P,9,0.9611111111111111,4,0.044444444444444446
Compress,33,3,Random,90,0.1277777777777778,79,0.8777777777777778
Compress,33,4,Ekstazi,9,0.9166666666666666,8,0.08888888888888889
Compress,33,4,FAST,90,0.5277777777777777,43,0.4777777777777778
Compress,33,4,Ekstazi+dpt,9,0.9833333333333333,2,0.022222222222222223
Compress,33,4,DPT,90,0.9388888888888889,6,0.06666666666666667
Compress,33,4,STARTS,9,0.9833333333333333,2,0.022222222222222223
Compress,33,4,STARTS+FAST-S,9,0.9833333333333333,2,0.022222222222222223
Compress,33,4,STARTS+FAST-P,9,0.9722222222222222,3,0.03333333333333333
Compress,33,4,STARTS+DPT,9,0.9833333333333333,2,0.022222222222222223
Compress,33,4,Fastazi-S,9,0.9833333333333333,2,0.022222222222222223
Compress,33,4,Fastazi-P,9,0.95,5,0.05555555555555555
Compress,33,4,Random,90,0.49444444444444446,46,0.5111111111111111
Compress,33,5,Ekstazi,9,0.9944444444444445,1,0.011111111111111112
Compress,33,5,FAST,90,0.5277777777777777,43,0.4777777777777778
Compress,33,5,Ekstazi+dpt,9,0.9833333333333333,2,0.022222222222222223
Compress,33,5,DPT,90,0.9388888888888889,6,0.06666666666666667
Compress,33,5,STARTS,9,0.9277777777777778,7,0.07777777777777778
Compress,33,5,STARTS+FAST-S,9,0.9944444444444445,1,0.011111111111111112
Compress,33,5,STARTS+FAST-P,9,0.9722222222222222,3,0.03333333333333333
Compress,33,5,STARTS+DPT,9,0.9833333333333333,2,0.022222222222222223
Compress,33,5,Fastazi-S,9,0.9833333333333333,2,0.022222222222222223
Compress,33,5,Fastazi-P,9,0.9611111111111111,4,0.044444444444444446
Compress,33,5,Random,90,0.8277777777777777,16,0.17777777777777778
Compress,33,6,Ekstazi,9,0.95,5,0.05555555555555555
Compress,33,6,FAST,90,0.5277777777777777,43,0.4777777777777778
Compress,33,6,Ekstazi+dpt,9,0.9833333333333333,2,0.022222222222222223
Compress,33,6,DPT,90,0.9388888888888889,6,0.06666666666666667
Compress,33,6,STARTS,9,0.9166666666666666,8,0.08888888888888889
Compress,33,6,STARTS+FAST-S,9,0.9833333333333333,2,0.022222222222222223
Compress,33,6,STARTS+FAST-P,9,0.9722222222222222,3,0.03333333333333333
Compress,33,6,STARTS+DPT,9,0.9833333333333333,2,0.022222222222222223
Compress,33,6,Fastazi-S,9,0.9833333333333333,2,0.022222222222222223
Compress,33,6,Fastazi-P,9,0.9611111111111111,4,0.044444444444444446
Compress,33,6,Random,90,0.7722222222222221,21,0.23333333333333334
Compress,33,7,Ekstazi,9,0.9833333333333333,2,0.022222222222222223
Compress,33,7,FAST,90,0.5388888888888889,42,0.4666666666666667
Compress,33,7,Ekstazi+dpt,9,0.9833333333333333,2,0.022222222222222223
Compress,33,7,DPT,90,0.9388888888888889,6,0.06666666666666667
Compress,33,7,STARTS,9,0.9833333333333333,2,0.022222222222222223
Compress,33,7,STARTS+FAST-S,9,0.9833333333333333,2,0.022222222222222223
Compress,33,7,STARTS+FAST-P,9,0.9722222222222222,3,0.03333333333333333
Compress,33,7,STARTS+DPT,9,0.9833333333333333,2,0.022222222222222223
Compress,33,7,Fastazi-S,9,0.9833333333333333,2,0.022222222222222223
Compress,33,7,Fastazi-P,9,0.9611111111111111,4,0.044444444444444446
Compress,33,7,Random,90,0.9055555555555556,9,0.1
Compress,33,8,Ekstazi,9,0.9833333333333333,2,0.022222222222222223
Compress,33,8,FAST,90,0.5166666666666666,44,0.4888888888888889
Compress,33,8,Ekstazi+dpt,9,0.9833333333333333,2,0.022222222222222223
Compress,33,8,DPT,90,0.9388888888888889,6,0.06666666666666667
Compress,33,8,STARTS,9,0.9944444444444445,1,0.011111111111111112
Compress,33,8,STARTS+FAST-S,9,0.9833333333333333,2,0.022222222222222223
Compress,33,8,STARTS+FAST-P,9,0.9611111111111111,4,0.044444444444444446
Compress,33,8,STARTS+DPT,9,0.9833333333333333,2,0.022222222222222223
Compress,33,8,Fastazi-S,9,0.9833333333333333,2,0.022222222222222223
Compress,33,8,Fastazi-P,9,0.9611111111111111,4,0.044444444444444446
Compress,33,8,Random,90,0.36111111111111105,58,0.6444444444444445
Compress,33,9,Ekstazi,9,0.9166666666666666,8,0.08888888888888889
Compress,33,9,FAST,90,0.5388888888888889,42,0.4666666666666667
Compress,33,9,Ekstazi+dpt,9,0.9833333333333333,2,0.022222222222222223
Compress,33,9,DPT,90,0.9388888888888889,6,0.06666666666666667
Compress,33,9,STARTS,9,0.9833333333333333,2,0.022222222222222223
Compress,33,9,STARTS+FAST-S,9,0.9833333333333333,2,0.022222222222222223
Compress,33,9,STARTS+FAST-P,9,0.9722222222222222,3,0.03333333333333333
Compress,33,9,STARTS+DPT,9,0.9833333333333333,2,0.022222222222222223
Compress,33,9,Fastazi-S,9,0.9833333333333333,2,0.022222222222222223
Compress,33,9,Fastazi-P,9,0.9611111111111111,4,0.044444444444444446
Compress,33,9,Random,90,0.2833333333333333,65,0.7222222222222222
Compress,33,10,Ekstazi,9,0.9944444444444445,1,0.011111111111111112
Compress,33,10,FAST,90,0.5388888888888889,42,0.4666666666666667
Compress,33,10,Ekstazi+dpt,9,0.9833333333333333,2,0.022222222222222223
Compress,33,10,DPT,90,0.9388888888888889,6,0.06666666666666667
Compress,33,10,STARTS,9,0.9944444444444445,1,0.011111111111111112
Compress,33,10,STARTS+FAST-S,9,0.9722222222222222,3,0.03333333333333333
Compress,33,10,STARTS+FAST-P,9,0.9722222222222222,3,0.03333333333333333
Compress,33,10,STARTS+DPT,9,0.9833333333333333,2,0.022222222222222223
Compress,33,10,Fastazi-S,9,0.9722222222222222,3,0.03333333333333333
Compress,33,10,Fastazi-P,9,0.9611111111111111,4,0.044444444444444446
Compress,33,10,Random,90,0.9944444444444445,1,0.011111111111111112
Compress,33,11,Ekstazi,9,0.9388888888888889,6,0.06666666666666667
Compress,33,11,FAST,90,0.5388888888888889,42,0.4666666666666667
Compress,33,11,Ekstazi+dpt,9,0.9833333333333333,2,0.022222222222222223
Compress,33,11,DPT,90,0.9388888888888889,6,0.06666666666666667
Compress,33,11,STARTS,9,0.9277777777777778,7,0.07777777777777778
Compress,33,11,STARTS+FAST-S,9,0.9944444444444445,1,0.011111111111111112
Compress,33,11,STARTS+FAST-P,9,0.9722222222222222,3,0.03333333333333333
Compress,33,11,STARTS+DPT,9,0.9833333333333333,2,0.022222222222222223
Compress,33,11,Fastazi-S,9,0.9833333333333333,2,0.022222222222222223
Compress,33,11,Fastazi-P,9,0.9611111111111111,4,0.044444444444444446
Compress,33,11,Random,90,0.01666666666666663,89,0.9888888888888889
Compress,33,12,Ekstazi,9,0.9722222222222222,3,0.03333333333333333
Compress,33,12,FAST,90,0.7055555555555555,27,0.3
Compress,33,12,Ekstazi+dpt,9,0.9833333333333333,2,0.022222222222222223
Compress,33,12,DPT,90,0.9388888888888889,6,0.06666666666666667
Compress,33,12,STARTS,9,0.9166666666666666,8,0.08888888888888889
Compress,33,12,STARTS+FAST-S,9,0.9833333333333333,2,0.022222222222222223
Compress,33,12,STARTS+FAST-P,9,0.9722222222222222,3,0.03333333333333333
Compress,33,12,STARTS+DPT,9,0.9833333333333333,2,0.022222222222222223
Compress,33,12,Fastazi-S,9,0.9833333333333333,2,0.022222222222222223
Compress,33,12,Fastazi-P,9,0.9944444444444445,1,0.011111111111111112
Compress,33,12,Random,90,0.9166666666666666,8,0.08888888888888889
Compress,33,13,Ekstazi,9,0.9944444444444445,1,0.011111111111111112
Compress,33,13,FAST,90,0.5166666666666666,44,0.4888888888888889
Compress,33,13,Ekstazi+dpt,9,0.9833333333333333,2,0.022222222222222223
Compress,33,13,DPT,90,0.9388888888888889,6,0.06666666666666667
Compress,33,13,STARTS,9,0.9944444444444445,1,0.011111111111111112
Compress,33,13,STARTS+FAST-S,9,0.9833333333333333,2,0.022222222222222223
Compress,33,13,STARTS+FAST-P,9,0.9722222222222222,3,0.03333333333333333
Compress,33,13,STARTS+DPT,9,0.9833333333333333,2,0.022222222222222223
Compress,33,13,Fastazi-S,9,0.9722222222222222,3,0.03333333333333333
Compress,33,13,Fastazi-P,9,0.9611111111111111,4,0.044444444444444446
Compress,33,13,Random,90,0.6611111111111111,31,0.34444444444444444
Compress,33,14,Ekstazi,9,0.9611111111111111,4,0.044444444444444446
Compress,33,14,FAST,90,0.5277777777777777,43,0.4777777777777778
Compress,33,14,Ekstazi+dpt,9,0.9833333333333333,2,0.022222222222222223
Compress,33,14,DPT,90,0.9388888888888889,6,0.06666666666666667
Compress,33,14,STARTS,9,0.9277777777777778,7,0.07777777777777778
Compress,33,14,STARTS+FAST-S,9,0.9833333333333333,2,0.022222222222222223
Compress,33,14,STARTS+FAST-P,9,0.9722222222222222,3,0.03333333333333333
Compress,33,14,STARTS+DPT,9,0.9833333333333333,2,0.022222222222222223
Compress,33,14,Fastazi-S,9,0.9722222222222222,3,0.03333333333333333
Compress,33,14,Fastazi-P,9,0.9611111111111111,4,0.044444444444444446
Compress,33,14,Random,90,0.36111111111111105,58,0.6444444444444445
Compress,33,15,Ekstazi,9,0.9277777777777778,7,0.07777777777777778
Compress,33,15,FAST,90,0.5388888888888889,42,0.4666666666666667
Compress,33,15,Ekstazi+dpt,9,0.9833333333333333,2,0.022222222222222223
Compress,33,15,DPT,90,0.9388888888888889,6,0.06666666666666667
Compress,33,15,STARTS,9,0.9611111111111111,4,0.044444444444444446
Compress,33,15,STARTS+FAST-S,9,0.9833333333333333,2,0.022222222222222223
Compress,33,15,STARTS+FAST-P,9,0.9722222222222222,3,0.03333333333333333
Compress,33,15,STARTS+DPT,9,0.9833333333333333,2,0.022222222222222223
Compress,33,15,Fastazi-S,9,0.9833333333333333,2,0.022222222222222223
Compress,33,15,Fastazi-P,9,0.9611111111111111,4,0.044444444444444446
Compress,33,15,Random,90,0.6944444444444444,28,0.3111111111111111
Compress,33,16,Ekstazi,9,0.9722222222222222,3,0.03333333333333333
Compress,33,16,FAST,90,0.5388888888888889,42,0.4666666666666667
Compress,33,16,Ekstazi+dpt,9,0.9833333333333333,2,0.022222222222222223
Compress,33,16,DPT,90,0.9388888888888889,6,0.06666666666666667
Compress,33,16,STARTS,9,0.9388888888888889,6,0.06666666666666667
Compress,33,16,STARTS+FAST-S,9,0.9944444444444445,1,0.011111111111111112
Compress,33,16,STARTS+FAST-P,9,0.9722222222222222,3,0.03333333333333333
Compress,33,16,STARTS+DPT,9,0.9833333333333333,2,0.022222222222222223
Compress,33,16,Fastazi-S,9,0.9722222222222222,3,0.03333333333333333
Compress,33,16,Fastazi-P,9,0.9611111111111111,4,0.044444444444444446
Compress,33,16,Random,90,0.8055555555555556,18,0.2
Compress,33,17,Ekstazi,9,0.95,5,0.05555555555555555
Compress,33,17,FAST,90,0.5388888888888889,42,0.4666666666666667
Compress,33,17,Ekstazi+dpt,9,0.9833333333333333,2,0.022222222222222223
Compress,33,17,DPT,90,0.9388888888888889,6,0.06666666666666667
Compress,33,17,STARTS,9,0.9611111111111111,4,0.044444444444444446
Compress,33,17,STARTS+FAST-S,9,0.9833333333333333,2,0.022222222222222223
Compress,33,17,STARTS+FAST-P,9,0.9611111111111111,4,0.044444444444444446
Compress,33,17,STARTS+DPT,9,0.9833333333333333,2,0.022222222222222223
Compress,33,17,Fastazi-S,9,0.9833333333333333,2,0.022222222222222223
Compress,33,17,Fastazi-P,9,0.9611111111111111,4,0.044444444444444446
Compress,33,17,Random,90,0.22777777777777777,70,0.7777777777777778
Compress,33,18,Ekstazi,9,0.9055555555555556,9,0.1
Compress,33,18,FAST,90,0.5388888888888889,42,0.4666666666666667
Compress,33,18,Ekstazi+dpt,9,0.9833333333333333,2,0.022222222222222223
Compress,33,18,DPT,90,0.9388888888888889,6,0.06666666666666667
Compress,33,18,STARTS,9,0.9166666666666666,8,0.08888888888888889
Compress,33,18,STARTS+FAST-S,9,0.9833333333333333,2,0.022222222222222223
Compress,33,18,STARTS+FAST-P,9,0.9722222222222222,3,0.03333333333333333
Compress,33,18,STARTS+DPT,9,0.9833333333333333,2,0.022222222222222223
Compress,33,18,Fastazi-S,9,0.9833333333333333,2,0.022222222222222223
Compress,33,18,Fastazi-P,9,0.9611111111111111,4,0.044444444444444446
Compress,33,18,Random,90,0.08333333333333327,83,0.9222222222222223
Compress,33,19,Ekstazi,9,0.9944444444444445,1,0.011111111111111112
Compress,33,19,FAST,90,0.5277777777777777,43,0.4777777777777778
Compress,33,19,Ekstazi+dpt,9,0.9833333333333333,2,0.022222222222222223
Compress,33,19,DPT,90,0.9388888888888889,6,0.06666666666666667
Compress,33,19,STARTS,9,0.9388888888888889,6,0.06666666666666667
Compress,33,19,STARTS+FAST-S,9,0.9833333333333333,2,0.022222222222222223
Compress,33,19,STARTS+FAST-P,9,0.9722222222222222,3,0.03333333333333333
Compress,33,19,STARTS+DPT,9,0.9833333333333333,2,0.022222222222222223
Compress,33,19,Fastazi-S,9,0.9833333333333333,2,0.022222222222222223
Compress,33,19,Fastazi-P,9,0.9611111111111111,4,0.044444444444444446
Compress,33,19,Random,90,0.6944444444444444,28,0.3111111111111111
Compress,33,20,Ekstazi,9,0.9611111111111111,4,0.044444444444444446
Compress,33,20,FAST,90,0.5277777777777777,43,0.4777777777777778
Compress,33,20,Ekstazi+dpt,9,0.9833333333333333,2,0.022222222222222223
Compress,33,20,DPT,90,0.9388888888888889,6,0.06666666666666667
Compress,33,20,STARTS,9,0.9722222222222222,3,0.03333333333333333
Compress,33,20,STARTS+FAST-S,9,0.9944444444444445,1,0.011111111111111112
Compress,33,20,STARTS+FAST-P,9,0.9722222222222222,3,0.03333333333333333
Compress,33,20,STARTS+DPT,9,0.9833333333333333,2,0.022222222222222223
Compress,33,20,Fastazi-S,9,0.9833333333333333,2,0.022222222222222223
Compress,33,20,Fastazi-P,9,0.9611111111111111,4,0.044444444444444446
Compress,33,20,Random,90,0.4833333333333333,47,0.5222222222222223
Compress,33,21,Ekstazi,9,0.9166666666666666,8,0.08888888888888889
Compress,33,21,FAST,90,0.5277777777777777,43,0.4777777777777778
Compress,33,21,Ekstazi+dpt,9,0.9833333333333333,2,0.022222222222222223
Compress,33,21,DPT,90,0.9388888888888889,6,0.06666666666666667
Compress,33,21,STARTS,9,0.9944444444444445,1,0.011111111111111112
Compress,33,21,STARTS+FAST-S,9,0.9833333333333333,2,0.022222222222222223
Compress,33,21,STARTS+FAST-P,9,0.9722222222222222,3,0.03333333333333333
Compress,33,21,STARTS+DPT,9,0.9833333333333333,2,0.022222222222222223
Compress,33,21,Fastazi-S,9,0.9722222222222222,3,0.03333333333333333
Compress,33,21,Fastazi-P,9,0.9611111111111111,4,0.044444444444444446
Compress,33,21,Random,90,0.9055555555555556,9,0.1
Compress,33,22,Ekstazi,9,0.9944444444444445,1,0.011111111111111112
Compress,33,22,FAST,90,0.5388888888888889,42,0.4666666666666667
Compress,33,22,Ekstazi+dpt,9,0.9833333333333333,2,0.022222222222222223
Compress,33,22,DPT,90,0.9388888888888889,6,0.06666666666666667
Compress,33,22,STARTS,9,0.9944444444444445,1,0.011111111111111112
Compress,33,22,STARTS+FAST-S,9,0.9833333333333333,2,0.022222222222222223
Compress,33,22,STARTS+FAST-P,9,0.9722222222222222,3,0.03333333333333333
Compress,33,22,STARTS+DPT,9,0.9833333333333333,2,0.022222222222222223
Compress,33,22,Fastazi-S,9,0.9833333333333333,2,0.022222222222222223
Compress,33,22,Fastazi-P,9,0.9611111111111111,4,0.044444444444444446
Compress,33,22,Random,90,0.5833333333333333,38,0.4222222222222222
Compress,33,23,Ekstazi,9,0.9611111111111111,4,0.044444444444444446
Compress,33,23,FAST,90,0.49444444444444446,46,0.5111111111111111
Compress,33,23,Ekstazi+dpt,9,0.9833333333333333,2,0.022222222222222223
Compress,33,23,DPT,90,0.9388888888888889,6,0.06666666666666667
Compress,33,23,STARTS,9,0.9722222222222222,3,0.03333333333333333
Compress,33,23,STARTS+FAST-S,9,0.9833333333333333,2,0.022222222222222223
Compress,33,23,STARTS+FAST-P,9,0.9722222222222222,3,0.03333333333333333
Compress,33,23,STARTS+DPT,9,0.9833333333333333,2,0.022222222222222223
Compress,33,23,Fastazi-S,9,0.9944444444444445,1,0.011111111111111112
Compress,33,23,Fastazi-P,9,0.9611111111111111,4,0.044444444444444446
Compress,33,23,Random,90,0.3388888888888889,60,0.6666666666666666
Compress,33,24,Ekstazi,9,0.9611111111111111,4,0.044444444444444446
Compress,33,24,FAST,90,0.5277777777777777,43,0.4777777777777778
Compress,33,24,Ekstazi+dpt,9,0.9833333333333333,2,0.022222222222222223
Compress,33,24,DPT,90,0.9388888888888889,6,0.06666666666666667
Compress,33,24,STARTS,9,0.9833333333333333,2,0.022222222222222223
Compress,33,24,STARTS+FAST-S,9,0.9833333333333333,2,0.022222222222222223
Compress,33,24,STARTS+FAST-P,9,0.9722222222222222,3,0.03333333333333333
Compress,33,24,STARTS+DPT,9,0.9833333333333333,2,0.022222222222222223
Compress,33,24,Fastazi-S,9,0.9833333333333333,2,0.022222222222222223
Compress,33,24,Fastazi-P,9,0.9611111111111111,4,0.044444444444444446
Compress,33,24,Random,90,0.5944444444444444,37,0.4111111111111111
Compress,33,25,Ekstazi,9,0.9166666666666666,8,0.08888888888888889
Compress,33,25,FAST,90,0.5388888888888889,42,0.4666666666666667
Compress,33,25,Ekstazi+dpt,9,0.9833333333333333,2,0.022222222222222223
Compress,33,25,DPT,90,0.9388888888888889,6,0.06666666666666667
Compress,33,25,STARTS,9,0.9611111111111111,4,0.044444444444444446
Compress,33,25,STARTS+FAST-S,9,0.9833333333333333,2,0.022222222222222223
Compress,33,25,STARTS+FAST-P,9,0.9722222222222222,3,0.03333333333333333
Compress,33,25,STARTS+DPT,9,0.9833333333333333,2,0.022222222222222223
Compress,33,25,Fastazi-S,9,0.9833333333333333,2,0.022222222222222223
Compress,33,25,Fastazi-P,9,0.9611111111111111,4,0.044444444444444446
Compress,33,25,Random,90,0.6055555555555555,36,0.4
Compress,33,26,Ekstazi,9,0.9166666666666666,8,0.08888888888888889
Compress,33,26,FAST,90,0.5388888888888889,42,0.4666666666666667
Compress,33,26,Ekstazi+dpt,9,0.9833333333333333,2,0.022222222222222223
Compress,33,26,DPT,90,0.9388888888888889,6,0.06666666666666667
Compress,33,26,STARTS,9,0.9055555555555556,9,0.1
Compress,33,26,STARTS+FAST-S,9,0.9833333333333333,2,0.022222222222222223
Compress,33,26,STARTS+FAST-P,9,0.9722222222222222,3,0.03333333333333333
Compress,33,26,STARTS+DPT,9,0.9833333333333333,2,0.022222222222222223
Compress,33,26,Fastazi-S,9,0.9833333333333333,2,0.022222222222222223
Compress,33,26,Fastazi-P,9,0.9611111111111111,4,0.044444444444444446
Compress,33,26,Random,90,0.2944444444444444,64,0.7111111111111111
Compress,33,27,Ekstazi,9,0.9833333333333333,2,0.022222222222222223
Compress,33,27,FAST,90,0.5388888888888889,42,0.4666666666666667
Compress,33,27,Ekstazi+dpt,9,0.9833333333333333,2,0.022222222222222223
Compress,33,27,DPT,90,0.9388888888888889,6,0.06666666666666667
Compress,33,27,STARTS,9,0.9166666666666666,8,0.08888888888888889
Compress,33,27,STARTS+FAST-S,9,0.9944444444444445,1,0.011111111111111112
Compress,33,27,STARTS+FAST-P,9,0.9611111111111111,4,0.044444444444444446
Compress,33,27,STARTS+DPT,9,0.9833333333333333,2,0.022222222222222223
Compress,33,27,Fastazi-S,9,0.9944444444444445,1,0.011111111111111112
Compress,33,27,Fastazi-P,9,0.9611111111111111,4,0.044444444444444446
Compress,33,27,Random,90,0.9722222222222222,3,0.03333333333333333
Compress,33,28,Ekstazi,9,0.9944444444444445,1,0.011111111111111112
Compress,33,28,FAST,90,0.5388888888888889,42,0.4666666666666667
Compress,33,28,Ekstazi+dpt,9,0.9833333333333333,2,0.022222222222222223
Compress,33,28,DPT,90,0.9388888888888889,6,0.06666666666666667
Compress,33,28,STARTS,9,0.9944444444444445,1,0.011111111111111112
Compress,33,28,STARTS+FAST-S,9,0.9833333333333333,2,0.022222222222222223
Compress,33,28,STARTS+FAST-P,9,0.9722222222222222,3,0.03333333333333333
Compress,33,28,STARTS+DPT,9,0.9833333333333333,2,0.022222222222222223
Compress,33,28,Fastazi-S,9,0.9722222222222222,3,0.03333333333333333
Compress,33,28,Fastazi-P,9,0.9611111111111111,4,0.044444444444444446
Compress,33,28,Random,90,0.25,68,0.7555555555555555
Compress,33,29,Ekstazi,9,0.9833333333333333,2,0.022222222222222223
Compress,33,29,FAST,90,0.5388888888888889,42,0.4666666666666667
Compress,33,29,Ekstazi+dpt,9,0.9833333333333333,2,0.022222222222222223
Compress,33,29,DPT,90,0.9388888888888889,6,0.06666666666666667
Compress,33,29,STARTS,9,0.9611111111111111,4,0.044444444444444446
Compress,33,29,STARTS+FAST-S,9,0.9833333333333333,2,0.022222222222222223
Compress,33,29,STARTS+FAST-P,9,0.9722222222222222,3,0.03333333333333333
Compress,33,29,STARTS+DPT,9,0.9833333333333333,2,0.022222222222222223
Compress,33,29,Fastazi-S,9,0.9833333333333333,2,0.022222222222222223
Compress,33,29,Fastazi-P,9,0.9611111111111111,4,0.044444444444444446
Compress,33,29,Random,90,0.6499999999999999,32,0.35555555555555557
Compress,33,30,Ekstazi,9,0.9944444444444445,1,0.011111111111111112
Compress,33,30,FAST,90,0.5277777777777777,43,0.4777777777777778
Compress,33,30,Ekstazi+dpt,9,0.9833333333333333,2,0.022222222222222223
Compress,33,30,DPT,90,0.9388888888888889,6,0.06666666666666667
Compress,33,30,STARTS,9,0.9277777777777778,7,0.07777777777777778
Compress,33,30,STARTS+FAST-S,9,0.9944444444444445,1,0.011111111111111112
Compress,33,30,STARTS+FAST-P,9,0.9722222222222222,3,0.03333333333333333
Compress,33,30,STARTS+DPT,9,0.9833333333333333,2,0.022222222222222223
Compress,33,30,Fastazi-S,9,0.9722222222222222,3,0.03333333333333333
Compress,33,30,Fastazi-P,9,0.9611111111111111,4,0.044444444444444446
Compress,33,30,Random,90,0.41666666666666663,53,0.5888888888888889
Compress,34,1,Ekstazi,36,0.6944444444444444,28,0.3111111111111111
Compress,34,1,FAST,90,0.31666666666666665,62,0.6888888888888889
Compress,34,1,Ekstazi+dpt,36,0.7277777777777777,25,0.2777777777777778
Compress,34,1,DPT,90,0.6833333333333333,29,0.32222222222222224
Compress,34,1,STARTS,60,0.4833333333333333,47,0.5222222222222223
Compress,34,1,STARTS+FAST-S,60,0.5277777777777777,43,0.4777777777777778
Compress,34,1,STARTS+FAST-P,60,0.55,41,0.45555555555555555
Compress,34,1,STARTS+DPT,60,0.6833333333333333,29,0.32222222222222224
Compress,34,1,Fastazi-S,36,0.85,14,0.15555555555555556
Compress,34,1,Fastazi-P,36,0.7055555555555555,27,0.3
Compress,34,1,Random,90,0.35,59,0.6555555555555556
Compress,34,2,Ekstazi,36,0.75,23,0.25555555555555554
Compress,34,2,FAST,90,0.31666666666666665,62,0.6888888888888889
Compress,34,2,Ekstazi+dpt,36,0.7277777777777777,25,0.2777777777777778
Compress,34,2,DPT,90,0.6833333333333333,29,0.32222222222222224
Compress,34,2,STARTS,60,0.7277777777777777,25,0.2777777777777778
Compress,34,2,STARTS+FAST-S,60,0.5166666666666666,44,0.4888888888888889
Compress,34,2,STARTS+FAST-P,60,0.55,41,0.45555555555555555
Compress,34,2,STARTS+DPT,60,0.6833333333333333,29,0.32222222222222224
Compress,34,2,Fastazi-S,36,0.8722222222222222,12,0.13333333333333333
Compress,34,2,Fastazi-P,36,0.7055555555555555,27,0.3
Compress,34,2,Random,90,0.6499999999999999,32,0.35555555555555557
Compress,34,3,Ekstazi,36,0.9388888888888889,6,0.06666666666666667
Compress,34,3,FAST,90,0.31666666666666665,62,0.6888888888888889
Compress,34,3,Ekstazi+dpt,36,0.7277777777777777,25,0.2777777777777778
Compress,34,3,DPT,90,0.6722222222222223,30,0.3333333333333333
Compress,34,3,STARTS,60,0.95,5,0.05555555555555555
Compress,34,3,STARTS+FAST-S,60,0.5277777777777777,43,0.4777777777777778
Compress,34,3,STARTS+FAST-P,60,0.55,41,0.45555555555555555
Compress,34,3,STARTS+DPT,60,0.6833333333333333,29,0.32222222222222224
Compress,34,3,Fastazi-S,36,0.8722222222222222,12,0.13333333333333333
Compress,34,3,Fastazi-P,36,0.7055555555555555,27,0.3
Compress,34,3,Random,90,0.18333333333333338,74,0.8222222222222222
Compress,34,4,Ekstazi,36,0.8166666666666667,17,0.18888888888888888
Compress,34,4,FAST,90,0.3055555555555556,63,0.7
Compress,34,4,Ekstazi+dpt,36,0.7277777777777777,25,0.2777777777777778
Compress,34,4,DPT,90,0.6722222222222223,30,0.3333333333333333
Compress,34,4,STARTS,60,0.4833333333333333,47,0.5222222222222223
Compress,34,4,STARTS+FAST-S,60,0.5277777777777777,43,0.4777777777777778
Compress,34,4,STARTS+FAST-P,60,0.5388888888888889,42,0.4666666666666667
Compress,34,4,STARTS+DPT,60,0.6833333333333333,29,0.32222222222222224
Compress,34,4,Fastazi-S,36,0.8722222222222222,12,0.13333333333333333
Compress,34,4,Fastazi-P,36,0.7055555555555555,27,0.3
Compress,34,4,Random,90,0.9166666666666666,8,0.08888888888888889
Compress,34,5,Ekstazi,36,0.7277777777777777,25,0.2777777777777778
Compress,34,5,FAST,90,0.31666666666666665,62,0.6888888888888889
Compress,34,5,Ekstazi+dpt,36,0.7277777777777777,25,0.2777777777777778
Compress,34,5,DPT,90,0.6833333333333333,29,0.32222222222222224
Compress,34,5,STARTS,60,0.8166666666666667,17,0.18888888888888888
Compress,34,5,STARTS+FAST-S,60,0.5166666666666666,44,0.4888888888888889
Compress,34,5,STARTS+FAST-P,60,0.55,41,0.45555555555555555
Compress,34,5,STARTS+DPT,60,0.6833333333333333,29,0.32222222222222224
Compress,34,5,Fastazi-S,36,0.8722222222222222,12,0.13333333333333333
Compress,34,5,Fastazi-P,36,0.7055555555555555,27,0.3
Compress,34,5,Random,90,0.7277777777777777,25,0.2777777777777778
Compress,34,6,Ekstazi,36,0.6944444444444444,28,0.3111111111111111
Compress,34,6,FAST,90,0.31666666666666665,62,0.6888888888888889
Compress,34,6,Ekstazi+dpt,36,0.7277777777777777,25,0.2777777777777778
Compress,34,6,DPT,90,0.6833333333333333,29,0.32222222222222224
Compress,34,6,STARTS,60,0.3944444444444444,55,0.6111111111111112
Compress,34,6,STARTS+FAST-S,60,0.5277777777777777,43,0.4777777777777778
Compress,34,6,STARTS+FAST-P,60,0.55,41,0.45555555555555555
Compress,34,6,STARTS+DPT,60,0.6833333333333333,29,0.32222222222222224
Compress,34,6,Fastazi-S,36,0.8722222222222222,12,0.13333333333333333
Compress,34,6,Fastazi-P,36,0.7055555555555555,27,0.3
Compress,34,6,Random,90,0.9833333333333333,2,0.022222222222222223
Compress,34,7,Ekstazi,36,0.6722222222222223,30,0.3333333333333333
Compress,34,7,FAST,90,0.3055555555555556,63,0.7
Compress,34,7,Ekstazi+dpt,36,0.7277777777777777,25,0.2777777777777778
Compress,34,7,DPT,90,0.6722222222222223,30,0.3333333333333333
Compress,34,7,STARTS,60,0.6611111111111111,31,0.34444444444444444
Compress,34,7,STARTS+FAST-S,60,0.5277777777777777,43,0.4777777777777778
Compress,34,7,STARTS+FAST-P,60,0.55,41,0.45555555555555555
Compress,34,7,STARTS+DPT,60,0.6833333333333333,29,0.32222222222222224
Compress,34,7,Fastazi-S,36,0.8722222222222222,12,0.13333333333333333
Compress,34,7,Fastazi-P,36,0.7055555555555555,27,0.3
Compress,34,7,Random,90,0.6055555555555555,36,0.4
Compress,34,8,Ekstazi,36,0.95,5,0.05555555555555555
Compress,34,8,FAST,90,0.31666666666666665,62,0.6888888888888889
Compress,34,8,Ekstazi+dpt,36,0.7277777777777777,25,0.2777777777777778
Compress,34,8,DPT,90,0.6833333333333333,29,0.32222222222222224
Compress,34,8,STARTS,60,0.5388888888888889,42,0.4666666666666667
Compress,34,8,STARTS+FAST-S,60,0.5277777777777777,43,0.4777777777777778
Compress,34,8,STARTS+FAST-P,60,0.5388888888888889,42,0.4666666666666667
Compress,34,8,STARTS+DPT,60,0.6722222222222223,30,0.3333333333333333
Compress,34,8,Fastazi-S,36,0.8722222222222222,12,0.13333333333333333
Compress,34,8,Fastazi-P,36,0.7055555555555555,27,0.3
Compress,34,8,Random,90,0.2833333333333333,65,0.7222222222222222
Compress,34,9,Ekstazi,36,0.6166666666666667,35,0.3888888888888889
Compress,34,9,FAST,90,0.3277777777777777,61,0.6777777777777778
Compress,34,9,Ekstazi+dpt,36,0.7277777777777777,25,0.2777777777777778
Compress,34,9,DPT,90,0.6722222222222223,30,0.3333333333333333
Compress,34,9,STARTS,60,0.8277777777777777,16,0.17777777777777778
Compress,34,9,STARTS+FAST-S,60,0.5277777777777777,43,0.4777777777777778
Compress,34,9,STARTS+FAST-P,60,0.55,41,0.45555555555555555
Compress,34,9,STARTS+DPT,60,0.6722222222222223,30,0.3333333333333333
Compress,34,9,Fastazi-S,36,0.8722222222222222,12,0.13333333333333333
Compress,34,9,Fastazi-P,36,0.7166666666666667,26,0.28888888888888886
Compress,34,9,Random,90,0.35,59,0.6555555555555556
Compress,34,10,Ekstazi,36,0.6388888888888888,33,0.36666666666666664
Compress,34,10,FAST,90,0.31666666666666665,62,0.6888888888888889
Compress,34,10,Ekstazi+dpt,36,0.7277777777777777,25,0.2777777777777778
Compress,34,10,DPT,90,0.6722222222222223,30,0.3333333333333333
Compress,34,10,STARTS,60,0.5611111111111111,40,0.4444444444444444
Compress,34,10,STARTS+FAST-S,60,0.5277777777777777,43,0.4777777777777778
Compress,34,10,STARTS+FAST-P,60,0.55,41,0.45555555555555555
Compress,34,10,STARTS+DPT,60,0.6722222222222223,30,0.3333333333333333
Compress,34,10,Fastazi-S,36,0.8722222222222222,12,0.13333333333333333
Compress,34,10,Fastazi-P,36,0.7055555555555555,27,0.3
Compress,34,10,Random,90,0.9722222222222222,3,0.03333333333333333
Compress,34,11,Ekstazi,36,0.6388888888888888,33,0.36666666666666664
Compress,34,11,FAST,90,0.31666666666666665,62,0.6888888888888889
Compress,34,11,Ekstazi+dpt,36,0.7277777777777777,25,0.2777777777777778
Compress,34,11,DPT,90,0.6833333333333333,29,0.32222222222222224
Compress,34,11,STARTS,60,0.5277777777777777,43,0.4777777777777778
Compress,34,11,STARTS+FAST-S,60,0.5277777777777777,43,0.4777777777777778
Compress,34,11,STARTS+FAST-P,60,0.55,41,0.45555555555555555
Compress,34,11,STARTS+DPT,60,0.6833333333333333,29,0.32222222222222224
Compress,34,11,Fastazi-S,36,0.8722222222222222,12,0.13333333333333333
Compress,34,11,Fastazi-P,36,0.7055555555555555,27,0.3
Compress,34,11,Random,90,0.15000000000000005,77,0.8555555555555555
Compress,34,12,Ekstazi,36,0.9277777777777778,7,0.07777777777777778
Compress,34,12,FAST,90,0.31666666666666665,62,0.6888888888888889
Compress,34,12,Ekstazi+dpt,36,0.7277777777777777,25,0.2777777777777778
Compress,34,12,DPT,90,0.6833333333333333,29,0.32222222222222224
Compress,34,12,STARTS,60,0.7388888888888889,24,0.26666666666666666
Compress,34,12,STARTS+FAST-S,60,0.5277777777777777,43,0.4777777777777778
Compress,34,12,STARTS+FAST-P,60,0.5277777777777777,43,0.4777777777777778
Compress,34,12,STARTS+DPT,60,0.6722222222222223,30,0.3333333333333333
Compress,34,12,Fastazi-S,36,0.8722222222222222,12,0.13333333333333333
Compress,34,12,Fastazi-P,36,0.7055555555555555,27,0.3
Compress,34,12,Random,90,0.8388888888888889,15,0.16666666666666666
Compress,34,13,Ekstazi,36,0.9277777777777778,7,0.07777777777777778
Compress,34,13,FAST,90,0.3055555555555556,63,0.7
Compress,34,13,Ekstazi+dpt,36,0.7277777777777777,25,0.2777777777777778
Compress,34,13,DPT,90,0.6833333333333333,29,0.32222222222222224
Compress,34,13,STARTS,60,0.5611111111111111,40,0.4444444444444444
Compress,34,13,STARTS+FAST-S,60,0.5166666666666666,44,0.4888888888888889
Compress,34,13,STARTS+FAST-P,60,0.55,41,0.45555555555555555
Compress,34,13,STARTS+DPT,60,0.6722222222222223,30,0.3333333333333333
Compress,34,13,Fastazi-S,36,0.8722222222222222,12,0.13333333333333333
Compress,34,13,Fastazi-P,36,0.7055555555555555,27,0.3
Compress,34,13,Random,90,0.18333333333333338,74,0.8222222222222222
Compress,34,14,Ekstazi,36,0.9833333333333333,2,0.022222222222222223
Compress,34,14,FAST,90,0.31666666666666665,62,0.6888888888888889
Compress,34,14,Ekstazi+dpt,36,0.7277777777777777,25,0.2777777777777778
Compress,34,14,DPT,90,0.6722222222222223,30,0.3333333333333333
Compress,34,14,STARTS,60,0.8833333333333333,11,0.12222222222222222
Compress,34,14,STARTS+FAST-S,60,0.5277777777777777,43,0.4777777777777778
Compress,34,14,STARTS+FAST-P,60,0.5388888888888889,42,0.4666666666666667
Compress,34,14,STARTS+DPT,60,0.6722222222222223,30,0.3333333333333333
Compress,34,14,Fastazi-S,36,0.8611111111111112,13,0.14444444444444443
Compress,34,14,Fastazi-P,36,0.7055555555555555,27,0.3
Compress,34,14,Random,90,0.01666666666666663,89,0.9888888888888889
Compress,34,15,Ekstazi,36,0.8388888888888889,15,0.16666666666666666
Compress,34,15,FAST,90,0.9944444444444445,1,0.011111111111111112
Compress,34,15,Ekstazi+dpt,36,0.7277777777777777,25,0.2777777777777778
Compress,34,15,DPT,90,0.6722222222222223,30,0.3333333333333333
Compress,34,15,STARTS,60,0.9944444444444445,1,0.011111111111111112
Compress,34,15,STARTS+FAST-S,60,0.5277777777777777,43,0.4777777777777778
Compress,34,15,STARTS+FAST-P,60,0.55,41,0.45555555555555555
Compress,34,15,STARTS+DPT,60,0.6722222222222223,30,0.3333333333333333
Compress,34,15,Fastazi-S,36,0.8722222222222222,12,0.13333333333333333
Compress,34,15,Fastazi-P,36,0.9944444444444445,1,0.011111111111111112
Compress,34,15,Random,90,0.049999999999999954,86,0.9555555555555556
Compress,34,16,Ekstazi,36,0.6833333333333333,29,0.32222222222222224
Compress,34,16,FAST,90,0.31666666666666665,62,0.6888888888888889
Compress,34,16,Ekstazi+dpt,36,0.7277777777777777,25,0.2777777777777778
Compress,34,16,DPT,90,0.6722222222222223,30,0.3333333333333333
Compress,34,16,STARTS,60,0.7611111111111111,22,0.24444444444444444
Compress,34,16,STARTS+FAST-S,60,0.5277777777777777,43,0.4777777777777778
Compress,34,16,STARTS+FAST-P,60,0.5388888888888889,42,0.4666666666666667
Compress,34,16,STARTS+DPT,60,0.6722222222222223,30,0.3333333333333333
Compress,34,16,Fastazi-S,36,0.8722222222222222,12,0.13333333333333333
Compress,34,16,Fastazi-P,36,0.7055555555555555,27,0.3
Compress,34,16,Random,90,0.31666666666666665,62,0.6888888888888889
Compress,34,17,Ekstazi,36,0.6722222222222223,30,0.3333333333333333
Compress,34,17,FAST,90,0.31666666666666665,62,0.6888888888888889
Compress,34,17,Ekstazi+dpt,36,0.7277777777777777,25,0.2777777777777778
Compress,34,17,DPT,90,0.6833333333333333,29,0.32222222222222224
Compress,34,17,STARTS,60,0.7277777777777777,25,0.2777777777777778
Compress,34,17,STARTS+FAST-S,60,0.5277777777777777,43,0.4777777777777778
Compress,34,17,STARTS+FAST-P,60,0.55,41,0.45555555555555555
Compress,34,17,STARTS+DPT,60,0.6722222222222223,30,0.3333333333333333
Compress,34,17,Fastazi-S,36,0.8722222222222222,12,0.13333333333333333
Compress,34,17,Fastazi-P,36,0.7055555555555555,27,0.3
Compress,34,17,Random,90,0.27222222222222225,66,0.7333333333333333
Compress,34,18,Ekstazi,36,0.8833333333333333,11,0.12222222222222222
Compress,34,18,FAST,90,0.31666666666666665,62,0.6888888888888889
Compress,34,18,Ekstazi+dpt,36,0.7277777777777777,25,0.2777777777777778
Compress,34,18,DPT,90,0.6833333333333333,29,0.32222222222222224
Compress,34,18,STARTS,60,0.9055555555555556,9,0.1
Compress,34,18,STARTS+FAST-S,60,0.5055555555555555,45,0.5
Compress,34,18,STARTS+FAST-P,60,0.5388888888888889,42,0.4666666666666667
Compress,34,18,STARTS+DPT,60,0.6722222222222223,30,0.3333333333333333
Compress,34,18,Fastazi-S,36,0.8722222222222222,12,0.13333333333333333
Compress,34,18,Fastazi-P,36,0.7055555555555555,27,0.3
Compress,34,18,Random,90,0.6388888888888888,33,0.36666666666666664
Compress,34,19,Ekstazi,36,0.7833333333333333,20,0.2222222222222222
Compress,34,19,FAST,90,0.31666666666666665,62,0.6888888888888889
Compress,34,19,Ekstazi+dpt,36,0.7277777777777777,25,0.2777777777777778
Compress,34,19,DPT,90,0.6722222222222223,30,0.3333333333333333
Compress,34,19,STARTS,60,0.9277777777777778,7,0.07777777777777778
Compress,34,19,STARTS+FAST-S,60,0.5166666666666666,44,0.4888888888888889
Compress,34,19,STARTS+FAST-P,60,0.55,41,0.45555555555555555
Compress,34,19,STARTS+DPT,60,0.6833333333333333,29,0.32222222222222224
Compress,34,19,Fastazi-S,36,0.8722222222222222,12,0.13333333333333333
Compress,34,19,Fastazi-P,36,0.7055555555555555,27,0.3
Compress,34,19,Random,90,0.9055555555555556,9,0.1
Compress,34,20,Ekstazi,36,0.8944444444444444,10,0.1111111111111111
Compress,34,20,FAST,90,0.31666666666666665,62,0.6888888888888889
Compress,34,20,Ekstazi+dpt,36,0.7277777777777777,25,0.2777777777777778
Compress,34,20,DPT,90,0.6722222222222223,30,0.3333333333333333
Compress,34,20,STARTS,60,0.6499999999999999,32,0.35555555555555557
Compress,34,20,STARTS+FAST-S,60,0.5277777777777777,43,0.4777777777777778
Compress,34,20,STARTS+FAST-P,60,0.55,41,0.45555555555555555
Compress,34,20,STARTS+DPT,60,0.6722222222222223,30,0.3333333333333333
Compress,34,20,Fastazi-S,36,0.8722222222222222,12,0.13333333333333333
Compress,34,20,Fastazi-P,36,0.7055555555555555,27,0.3
Compress,34,20,Random,90,0.9722222222222222,3,0.03333333333333333
Compress,34,21,Ekstazi,36,0.9722222222222222,3,0.03333333333333333
Compress,34,21,FAST,90,0.31666666666666665,62,0.6888888888888889
Compress,34,21,Ekstazi+dpt,36,0.7277777777777777,25,0.2777777777777778
Compress,34,21,DPT,90,0.6833333333333333,29,0.32222222222222224
Compress,34,21,STARTS,60,0.8944444444444444,10,0.1111111111111111
Compress,34,21,STARTS+FAST-S,60,0.5277777777777777,43,0.4777777777777778
Compress,34,21,STARTS+FAST-P,60,0.9944444444444445,1,0.011111111111111112
Compress,34,21,STARTS+DPT,60,0.6833333333333333,29,0.32222222222222224
Compress,34,21,Fastazi-S,36,0.8722222222222222,12,0.13333333333333333
Compress,34,21,Fastazi-P,36,0.7055555555555555,27,0.3
Compress,34,21,Random,90,0.7833333333333333,20,0.2222222222222222
Compress,34,22,Ekstazi,36,0.7277777777777777,25,0.2777777777777778
Compress,34,22,FAST,90,0.3055555555555556,63,0.7
Compress,34,22,Ekstazi+dpt,36,0.7277777777777777,25,0.2777777777777778
Compress,34,22,DPT,90,0.6833333333333333,29,0.32222222222222224
Compress,34,22,STARTS,60,0.46111111111111114,49,0.5444444444444444
Compress,34,22,STARTS+FAST-S,60,0.5277777777777777,43,0.4777777777777778
Compress,34,22,STARTS+FAST-P,60,0.55,41,0.45555555555555555
Compress,34,22,STARTS+DPT,60,0.6833333333333333,29,0.32222222222222224
Compress,34,22,Fastazi-S,36,0.8722222222222222,12,0.13333333333333333
Compress,34,22,Fastazi-P,36,0.7055555555555555,27,0.3
Compress,34,22,Random,90,0.01666666666666663,89,0.9888888888888889
Compress,34,23,Ekstazi,36,0.9722222222222222,3,0.03333333333333333
Compress,34,23,FAST,90,0.9944444444444445,1,0.011111111111111112
Compress,34,23,Ekstazi+dpt,36,0.7277777777777777,25,0.2777777777777778
Compress,34,23,DPT,90,0.6833333333333333,29,0.32222222222222224
Compress,34,23,STARTS,60,0.8722222222222222,12,0.13333333333333333
Compress,34,23,STARTS+FAST-S,60,0.5277777777777777,43,0.4777777777777778
Compress,34,23,STARTS+FAST-P,60,0.55,41,0.45555555555555555
Compress,34,23,STARTS+DPT,60,0.6833333333333333,29,0.32222222222222224
Compress,34,23,Fastazi-S,36,0.8722222222222222,12,0.13333333333333333
Compress,34,23,Fastazi-P,36,0.9944444444444445,1,0.011111111111111112
Compress,34,23,Random,90,0.44999999999999996,50,0.5555555555555556
Compress,34,24,Ekstazi,36,0.6166666666666667,35,0.3888888888888889
Compress,34,24,FAST,90,0.31666666666666665,62,0.6888888888888889
Compress,34,24,Ekstazi+dpt,36,0.7277777777777777,25,0.2777777777777778
Compress,34,24,DPT,90,0.6833333333333333,29,0.32222222222222224
Compress,34,24,STARTS,60,0.6611111111111111,31,0.34444444444444444
Compress,34,24,STARTS+FAST-S,60,0.5277777777777777,43,0.4777777777777778
Compress,34,24,STARTS+FAST-P,60,0.55,41,0.45555555555555555
Compress,34,24,STARTS+DPT,60,0.6833333333333333,29,0.32222222222222224
Compress,34,24,Fastazi-S,36,0.8722222222222222,12,0.13333333333333333
Compress,34,24,Fastazi-P,36,0.7055555555555555,27,0.3
Compress,34,24,Random,90,0.11666666666666671,80,0.8888888888888888
Compress,34,25,Ekstazi,36,0.8166666666666667,17,0.18888888888888888
Compress,34,25,FAST,90,0.31666666666666665,62,0.6888888888888889
Compress,34,25,Ekstazi+dpt,36,0.7277777777777777,25,0.2777777777777778
Compress,34,25,DPT,90,0.6833333333333333,29,0.32222222222222224
Compress,34,25,STARTS,60,0.4722222222222222,48,0.5333333333333333
Compress,34,25,STARTS+FAST-S,60,0.5166666666666666,44,0.4888888888888889
Compress,34,25,STARTS+FAST-P,60,0.55,41,0.45555555555555555
Compress,34,25,STARTS+DPT,60,0.6722222222222223,30,0.3333333333333333
Compress,34,25,Fastazi-S,36,0.85,14,0.15555555555555556
Compress,34,25,Fastazi-P,36,0.7055555555555555,27,0.3
Compress,34,25,Random,90,0.46111111111111114,49,0.5444444444444444
Compress,34,26,Ekstazi,36,0.6388888888888888,33,0.36666666666666664
Compress,34,26,FAST,90,0.31666666666666665,62,0.6888888888888889
Compress,34,26,Ekstazi+dpt,36,0.7277777777777777,25,0.2777777777777778
Compress,34,26,DPT,90,0.6833333333333333,29,0.32222222222222224
Compress,34,26,STARTS,60,0.9833333333333333,2,0.022222222222222223
Compress,34,26,STARTS+FAST-S,60,0.5277777777777777,43,0.4777777777777778
Compress,34,26,STARTS+FAST-P,60,0.55,41,0.45555555555555555
Compress,34,26,STARTS+DPT,60,0.6833333333333333,29,0.32222222222222224
Compress,34,26,Fastazi-S,36,0.8722222222222222,12,0.13333333333333333
Compress,34,26,Fastazi-P,36,0.7055555555555555,27,0.3
Compress,34,26,Random,90,0.10555555555555553,81,0.9
Compress,34,27,Ekstazi,36,0.8833333333333333,11,0.12222222222222222
Compress,34,27,FAST,90,0.31666666666666665,62,0.6888888888888889
Compress,34,27,Ekstazi+dpt,36,0.7277777777777777,25,0.2777777777777778
Compress,34,27,DPT,90,0.6833333333333333,29,0.32222222222222224
Compress,34,27,STARTS,60,0.5166666666666666,44,0.4888888888888889
Compress,34,27,STARTS+FAST-S,60,0.5277777777777777,43,0.4777777777777778
Compress,34,27,STARTS+FAST-P,60,0.55,41,0.45555555555555555
Compress,34,27,STARTS+DPT,60,0.6833333333333333,29,0.32222222222222224
Compress,34,27,Fastazi-S,36,0.8722222222222222,12,0.13333333333333333
Compress,34,27,Fastazi-P,36,0.7055555555555555,27,0.3
Compress,34,27,Random,90,0.6166666666666667,35,0.3888888888888889
Compress,34,28,Ekstazi,36,0.6722222222222223,30,0.3333333333333333
Compress,34,28,FAST,90,0.31666666666666665,62,0.6888888888888889
Compress,34,28,Ekstazi+dpt,36,0.7277777777777777,25,0.2777777777777778
Compress,34,28,DPT,90,0.6722222222222223,30,0.3333333333333333
Compress,34,28,STARTS,60,0.4388888888888889,51,0.5666666666666667
Compress,34,28,STARTS+FAST-S,60,0.5277777777777777,43,0.4777777777777778
Compress,34,28,STARTS+FAST-P,60,0.5388888888888889,42,0.4666666666666667
Compress,34,28,STARTS+DPT,60,0.6833333333333333,29,0.32222222222222224
Compress,34,28,Fastazi-S,36,0.85,14,0.15555555555555556
Compress,34,28,Fastazi-P,36,0.7055555555555555,27,0.3
Compress,34,28,Random,90,0.4277777777777778,52,0.5777777777777777
Compress,34,29,Ekstazi,36,0.8388888888888889,15,0.16666666666666666
Compress,34,29,FAST,90,0.31666666666666665,62,0.6888888888888889
Compress,34,29,Ekstazi+dpt,36,0.7277777777777777,25,0.2777777777777778
Compress,34,29,DPT,90,0.6833333333333333,29,0.32222222222222224
Compress,34,29,STARTS,60,0.85,14,0.15555555555555556
Compress,34,29,STARTS+FAST-S,60,0.5277777777777777,43,0.4777777777777778
Compress,34,29,STARTS+FAST-P,60,0.55,41,0.45555555555555555
Compress,34,29,STARTS+DPT,60,0.6833333333333333,29,0.32222222222222224
Compress,34,29,Fastazi-S,36,0.8722222222222222,12,0.13333333333333333
Compress,34,29,Fastazi-P,36,0.7055555555555555,27,0.3
Compress,34,29,Random,90,0.6611111111111111,31,0.34444444444444444
Compress,34,30,Ekstazi,36,0.6722222222222223,30,0.3333333333333333
Compress,34,30,FAST,90,0.31666666666666665,62,0.6888888888888889
Compress,34,30,Ekstazi+dpt,36,0.7277777777777777,25,0.2777777777777778
Compress,34,30,DPT,90,0.6722222222222223,30,0.3333333333333333
Compress,34,30,STARTS,60,0.7944444444444444,19,0.2111111111111111
Compress,34,30,STARTS+FAST-S,60,0.5277777777777777,43,0.4777777777777778
Compress,34,30,STARTS+FAST-P,60,0.55,41,0.45555555555555555
Compress,34,30,STARTS+DPT,60,0.6833333333333333,29,0.32222222222222224
Compress,34,30,Fastazi-S,36,0.8722222222222222,12,0.13333333333333333
Compress,34,30,Fastazi-P,36,0.7055555555555555,27,0.3
Compress,34,30,Random,90,0.36111111111111105,58,0.6444444444444445
Compress,35,1,Ekstazi,57,0.8296703296703296,16,0.17582417582417584
Compress,35,1,FAST,91,0.8956043956043955,10,0.10989010989010989
Compress,35,1,Ekstazi+dpt,57,0.8076923076923077,18,0.1978021978021978
Compress,35,1,DPT,91,0.7967032967032966,19,0.2087912087912088
Compress,35,1,STARTS,62,0.6758241758241759,30,0.32967032967032966
Compress,35,1,STARTS+FAST-S,62,0.9285714285714286,7,0.07692307692307693
Compress,35,1,STARTS+FAST-P,62,0.9395604395604396,6,0.06593406593406594
Compress,35,1,STARTS+DPT,62,0.7967032967032966,19,0.2087912087912088
Compress,35,1,Fastazi-S,57,0.9285714285714286,7,0.07692307692307693
Compress,35,1,Fastazi-P,57,0.9285714285714286,7,0.07692307692307693
Compress,35,1,Random,91,0.027472527472527507,89,0.978021978021978
Compress,35,2,Ekstazi,57,0.5659340659340659,40,0.43956043956043955
Compress,35,2,FAST,91,0.8846153846153846,11,0.12087912087912088
Compress,35,2,Ekstazi+dpt,57,0.8076923076923077,18,0.1978021978021978
Compress,35,2,DPT,91,0.7967032967032966,19,0.2087912087912088
Compress,35,2,STARTS,62,0.9505494505494505,5,0.054945054945054944
Compress,35,2,STARTS+FAST-S,62,0.9395604395604396,6,0.06593406593406594
Compress,35,2,STARTS+FAST-P,62,0.9395604395604396,6,0.06593406593406594
Compress,35,2,STARTS+DPT,62,0.7967032967032966,19,0.2087912087912088
Compress,35,2,Fastazi-S,57,0.9175824175824175,8,0.08791208791208792
Compress,35,2,Fastazi-P,57,0.9285714285714286,7,0.07692307692307693
Compress,35,2,Random,91,0.10439560439560437,82,0.9010989010989011
Compress,35,3,Ekstazi,57,0.6318681318681318,34,0.37362637362637363
Compress,35,3,FAST,91,0.8956043956043955,10,0.10989010989010989
Compress,35,3,Ekstazi+dpt,57,0.8076923076923077,18,0.1978021978021978
Compress,35,3,DPT,91,0.7967032967032966,19,0.2087912087912088
Compress,35,3,STARTS,62,0.4340659340659341,52,0.5714285714285714
Compress,35,3,STARTS+FAST-S,62,0.9285714285714286,7,0.07692307692307693
Compress,35,3,STARTS+FAST-P,62,0.9065934065934066,9,0.0989010989010989
Compress,35,3,STARTS+DPT,62,0.7967032967032966,19,0.2087912087912088
Compress,35,3,Fastazi-S,57,0.9285714285714286,7,0.07692307692307693
Compress,35,3,Fastazi-P,57,0.9285714285714286,7,0.07692307692307693
Compress,35,3,Random,91,0.3021978021978021,64,0.7032967032967034
Compress,35,4,Ekstazi,57,0.8846153846153846,11,0.12087912087912088
Compress,35,4,FAST,91,0.8846153846153846,11,0.12087912087912088
Compress,35,4,Ekstazi+dpt,57,0.8076923076923077,18,0.1978021978021978
Compress,35,4,DPT,91,0.7967032967032966,19,0.2087912087912088
Compress,35,4,STARTS,62,0.8076923076923077,18,0.1978021978021978
Compress,35,4,STARTS+FAST-S,62,0.9395604395604396,6,0.06593406593406594
Compress,35,4,STARTS+FAST-P,62,0.9505494505494505,5,0.054945054945054944
Compress,35,4,STARTS+DPT,62,0.7967032967032966,19,0.2087912087912088
Compress,35,4,Fastazi-S,57,0.9175824175824175,8,0.08791208791208792
Compress,35,4,Fastazi-P,57,0.9285714285714286,7,0.07692307692307693
Compress,35,4,Random,91,0.5989010989010989,37,0.4065934065934066
Compress,35,5,Ekstazi,57,0.9945054945054945,1,0.01098901098901099
Compress,35,5,FAST,91,0.8846153846153846,11,0.12087912087912088
Compress,35,5,Ekstazi+dpt,57,0.8076923076923077,18,0.1978021978021978
Compress,35,5,DPT,91,0.7967032967032966,19,0.2087912087912088
Compress,35,5,STARTS,62,0.36813186813186816,58,0.6373626373626373
Compress,35,5,STARTS+FAST-S,62,0.9395604395604396,6,0.06593406593406594
Compress,35,5,STARTS+FAST-P,62,0.9395604395604396,6,0.06593406593406594
Compress,35,5,STARTS+DPT,62,0.7967032967032966,19,0.2087912087912088
Compress,35,5,Fastazi-S,57,0.9285714285714286,7,0.07692307692307693
Compress,35,5,Fastazi-P,57,0.9175824175824175,8,0.08791208791208792
Compress,35,5,Random,91,0.7637362637362637,22,0.24175824175824176
Compress,35,6,Ekstazi,57,0.41208791208791207,54,0.5934065934065934
Compress,35,6,FAST,91,0.8956043956043955,10,0.10989010989010989
Compress,35,6,Ekstazi+dpt,57,0.8076923076923077,18,0.1978021978021978
Compress,35,6,DPT,91,0.7967032967032966,19,0.2087912087912088
Compress,35,6,STARTS,62,0.8956043956043955,10,0.10989010989010989
Compress,35,6,STARTS+FAST-S,62,0.9395604395604396,6,0.06593406593406594
Compress,35,6,STARTS+FAST-P,62,0.9395604395604396,6,0.06593406593406594
Compress,35,6,STARTS+DPT,62,0.7967032967032966,19,0.2087912087912088
Compress,35,6,Fastazi-S,57,0.9175824175824175,8,0.08791208791208792
Compress,35,6,Fastazi-P,57,0.9395604395604396,6,0.06593406593406594
Compress,35,6,Random,91,0.7857142857142857,20,0.21978021978021978
Compress,35,7,Ekstazi,57,0.5879120879120878,38,0.4175824175824176
Compress,35,7,FAST,91,0.9395604395604396,6,0.06593406593406594
Compress,35,7,Ekstazi+dpt,57,0.8076923076923077,18,0.1978021978021978
Compress,35,7,DPT,91,0.7967032967032966,19,0.2087912087912088
Compress,35,7,STARTS,62,0.41208791208791207,54,0.5934065934065934
Compress,35,7,STARTS+FAST-S,62,0.9395604395604396,6,0.06593406593406594
Compress,35,7,STARTS+FAST-P,62,0.9395604395604396,6,0.06593406593406594
Compress,35,7,STARTS+DPT,62,0.7967032967032966,19,0.2087912087912088
Compress,35,7,Fastazi-S,57,0.9285714285714286,7,0.07692307692307693
Compress,35,7,Fastazi-P,57,0.9505494505494505,5,0.054945054945054944
Compress,35,7,Random,91,0.3131868131868132,63,0.6923076923076923
Compress,35,8,Ekstazi,57,0.6098901098901099,36,0.3956043956043956
Compress,35,8,FAST,91,0.8956043956043955,10,0.10989010989010989
Compress,35,8,Ekstazi+dpt,57,0.8076923076923077,18,0.1978021978021978
Compress,35,8,DPT,91,0.7967032967032966,19,0.2087912087912088
Compress,35,8,STARTS,62,0.7417582417582418,24,0.26373626373626374
Compress,35,8,STARTS+FAST-S,62,0.9285714285714286,7,0.07692307692307693
Compress,35,8,STARTS+FAST-P,62,0.9395604395604396,6,0.06593406593406594
Compress,35,8,STARTS+DPT,62,0.7967032967032966,19,0.2087912087912088
Compress,35,8,Fastazi-S,57,0.9175824175824175,8,0.08791208791208792
Compress,35,8,Fastazi-P,57,0.9285714285714286,7,0.07692307692307693
Compress,35,8,Random,91,0.9505494505494505,5,0.054945054945054944
Compress,35,9,Ekstazi,57,0.554945054945055,41,0.45054945054945056
Compress,35,9,FAST,91,0.8956043956043955,10,0.10989010989010989
Compress,35,9,Ekstazi+dpt,57,0.8076923076923077,18,0.1978021978021978
Compress,35,9,DPT,91,0.7967032967032966,19,0.2087912087912088
Compress,35,9,STARTS,62,0.3351648351648352,61,0.6703296703296703
Compress,35,9,STARTS+FAST-S,62,0.9285714285714286,7,0.07692307692307693
Compress,35,9,STARTS+FAST-P,62,0.9395604395604396,6,0.06593406593406594
Compress,35,9,STARTS+DPT,62,0.7967032967032966,19,0.2087912087912088
Compress,35,9,Fastazi-S,57,0.9175824175824175,8,0.08791208791208792
Compress,35,9,Fastazi-P,57,0.9285714285714286,7,0.07692307692307693
Compress,35,9,Random,91,0.1483516483516484,78,0.8571428571428571
Compress,35,10,Ekstazi,57,0.6318681318681318,34,0.37362637362637363
Compress,35,10,FAST,91,0.8846153846153846,11,0.12087912087912088
Compress,35,10,Ekstazi+dpt,57,0.8076923076923077,18,0.1978021978021978
Compress,35,10,DPT,91,0.7967032967032966,19,0.2087912087912088
Compress,35,10,STARTS,62,0.478021978021978,48,0.5274725274725275
Compress,35,10,STARTS+FAST-S,62,0.9395604395604396,6,0.06593406593406594
Compress,35,10,STARTS+FAST-P,62,0.9065934065934066,9,0.0989010989010989
Compress,35,10,STARTS+DPT,62,0.7967032967032966,19,0.2087912087912088
Compress,35,10,Fastazi-S,57,0.9285714285714286,7,0.07692307692307693
Compress,35,10,Fastazi-P,57,0.9175824175824175,8,0.08791208791208792
Compress,35,10,Random,91,0.22527472527472528,71,0.7802197802197802
Compress,35,11,Ekstazi,57,0.5989010989010989,37,0.4065934065934066
Compress,35,11,FAST,91,0.8846153846153846,11,0.12087912087912088
Compress,35,11,Ekstazi+dpt,57,0.8076923076923077,18,0.1978021978021978
Compress,35,11,DPT,91,0.7967032967032966,19,0.2087912087912088
Compress,35,11,STARTS,62,0.9835164835164835,2,0.02197802197802198
Compress,35,11,STARTS+FAST-S,62,0.9395604395604396,6,0.06593406593406594
Compress,35,11,STARTS+FAST-P,62,0.9395604395604396,6,0.06593406593406594
Compress,35,11,STARTS+DPT,62,0.7967032967032966,19,0.2087912087912088
Compress,35,11,Fastazi-S,57,0.9285714285714286,7,0.07692307692307693
Compress,35,11,Fastazi-P,57,0.9175824175824175,8,0.08791208791208792
Compress,35,11,Random,91,0.8296703296703296,16,0.17582417582417584
Compress,35,12,Ekstazi,57,0.8076923076923077,18,0.1978021978021978
Compress,35,12,FAST,91,0.8846153846153846,11,0.12087912087912088
Compress,35,12,Ekstazi+dpt,57,0.8076923076923077,18,0.1978021978021978
Compress,35,12,DPT,91,0.7967032967032966,19,0.2087912087912088
Compress,35,12,STARTS,62,0.5219780219780219,44,0.4835164835164835
Compress,35,12,STARTS+FAST-S,62,0.9285714285714286,7,0.07692307692307693
Compress,35,12,STARTS+FAST-P,62,0.9395604395604396,6,0.06593406593406594
Compress,35,12,STARTS+DPT,62,0.7967032967032966,19,0.2087912087912088
Compress,35,12,Fastazi-S,57,0.8956043956043955,10,0.10989010989010989
Compress,35,12,Fastazi-P,57,0.9175824175824175,8,0.08791208791208792
Compress,35,12,Random,91,0.9725274725274725,3,0.03296703296703297
Compress,35,13,Ekstazi,57,0.6428571428571428,33,0.3626373626373626
Compress,35,13,FAST,91,0.8846153846153846,11,0.12087912087912088
Compress,35,13,Ekstazi+dpt,57,0.8076923076923077,18,0.1978021978021978
Compress,35,13,DPT,91,0.7967032967032966,19,0.2087912087912088
Compress,35,13,STARTS,62,0.3791208791208791,57,0.6263736263736264
Compress,35,13,STARTS+FAST-S,62,0.9395604395604396,6,0.06593406593406594
Compress,35,13,STARTS+FAST-P,62,0.9395604395604396,6,0.06593406593406594
Compress,35,13,STARTS+DPT,62,0.7967032967032966,19,0.2087912087912088
Compress,35,13,Fastazi-S,57,0.9285714285714286,7,0.07692307692307693
Compress,35,13,Fastazi-P,57,0.9175824175824175,8,0.08791208791208792
Compress,35,13,Random,91,0.5659340659340659,40,0.43956043956043955
Compress,35,14,Ekstazi,57,0.8626373626373627,13,0.14285714285714285
Compress,35,14,FAST,91,0.8846153846153846,11,0.12087912087912088
Compress,35,14,Ekstazi+dpt,57,0.8076923076923077,18,0.1978021978021978
Compress,35,14,DPT,91,0.7967032967032966,19,0.2087912087912088
Compress,35,14,STARTS,62,0.6648351648351648,31,0.34065934065934067
Compress,35,14,STARTS+FAST-S,62,0.9395604395604396,6,0.06593406593406594
Compress,35,14,STARTS+FAST-P,62,0.9395604395604396,6,0.06593406593406594
Compress,35,14,STARTS+DPT,62,0.7967032967032966,19,0.2087912087912088
Compress,35,14,Fastazi-S,57,0.8956043956043955,10,0.10989010989010989
Compress,35,14,Fastazi-P,57,0.9175824175824175,8,0.08791208791208792
Compress,35,14,Random,91,0.027472527472527507,89,0.978021978021978
Compress,35,15,Ekstazi,57,0.5,46,0.5054945054945055
Compress,35,15,FAST,91,0.8846153846153846,11,0.12087912087912088
Compress,35,15,Ekstazi+dpt,57,0.8076923076923077,18,0.1978021978021978
Compress,35,15,DPT,91,0.7967032967032966,19,0.2087912087912088
Compress,35,15,STARTS,62,0.9945054945054945,1,0.01098901098901099
Compress,35,15,STARTS+FAST-S,62,0.9395604395604396,6,0.06593406593406594
Compress,35,15,STARTS+FAST-P,62,0.9395604395604396,6,0.06593406593406594
Compress,35,15,STARTS+DPT,62,0.7967032967032966,19,0.2087912087912088
Compress,35,15,Fastazi-S,57,0.9175824175824175,8,0.08791208791208792
Compress,35,15,Fastazi-P,57,0.9395604395604396,6,0.06593406593406594
Compress,35,15,Random,91,0.6208791208791209,35,0.38461538461538464
Compress,35,16,Ekstazi,57,0.9175824175824175,8,0.08791208791208792
Compress,35,16,FAST,91,0.8846153846153846,11,0.12087912087912088
Compress,35,16,Ekstazi+dpt,57,0.8076923076923077,18,0.1978021978021978
Compress,35,16,DPT,91,0.7967032967032966,19,0.2087912087912088
Compress,35,16,STARTS,62,0.6318681318681318,34,0.37362637362637363
Compress,35,16,STARTS+FAST-S,62,0.9395604395604396,6,0.06593406593406594
Compress,35,16,STARTS+FAST-P,62,0.9395604395604396,6,0.06593406593406594
Compress,35,16,STARTS+DPT,62,0.7967032967032966,19,0.2087912087912088
Compress,35,16,Fastazi-S,57,0.9175824175824175,8,0.08791208791208792
Compress,35,16,Fastazi-P,57,0.9285714285714286,7,0.07692307692307693
Compress,35,16,Random,91,0.6648351648351648,31,0.34065934065934067
Compress,35,17,Ekstazi,57,0.5879120879120878,38,0.4175824175824176
Compress,35,17,FAST,91,0.8846153846153846,11,0.12087912087912088
Compress,35,17,Ekstazi+dpt,57,0.8076923076923077,18,0.1978021978021978
Compress,35,17,DPT,91,0.7967032967032966,19,0.2087912087912088
Compress,35,17,STARTS,62,0.478021978021978,48,0.5274725274725275
Compress,35,17,STARTS+FAST-S,62,0.9395604395604396,6,0.06593406593406594
Compress,35,17,STARTS+FAST-P,62,0.9505494505494505,5,0.054945054945054944
Compress,35,17,STARTS+DPT,62,0.7967032967032966,19,0.2087912087912088
Compress,35,17,Fastazi-S,57,0.8956043956043955,10,0.10989010989010989
Compress,35,17,Fastazi-P,57,0.9285714285714286,7,0.07692307692307693
Compress,35,17,Random,91,0.07142857142857141,85,0.9340659340659341
Compress,35,18,Ekstazi,57,0.8736263736263736,12,0.13186813186813187
Compress,35,18,FAST,91,0.8846153846153846,11,0.12087912087912088
Compress,35,18,Ekstazi+dpt,57,0.8076923076923077,18,0.1978021978021978
Compress,35,18,DPT,91,0.7967032967032966,19,0.2087912087912088
Compress,35,18,STARTS,62,0.5769230769230769,39,0.42857142857142855
Compress,35,18,STARTS+FAST-S,62,0.9395604395604396,6,0.06593406593406594
Compress,35,18,STARTS+FAST-P,62,0.9395604395604396,6,0.06593406593406594
Compress,35,18,STARTS+DPT,62,0.7967032967032966,19,0.2087912087912088
Compress,35,18,Fastazi-S,57,0.9175824175824175,8,0.08791208791208792
Compress,35,18,Fastazi-P,57,0.9395604395604396,6,0.06593406593406594
Compress,35,18,Random,91,0.7857142857142857,20,0.21978021978021978
Compress,35,19,Ekstazi,57,0.5989010989010989,37,0.4065934065934066
Compress,35,19,FAST,91,0.8846153846153846,11,0.12087912087912088
Compress,35,19,Ekstazi+dpt,57,0.8076923076923077,18,0.1978021978021978
Compress,35,19,DPT,91,0.7967032967032966,19,0.2087912087912088
Compress,35,19,STARTS,62,0.423076923076923,53,0.5824175824175825
Compress,35,19,STARTS+FAST-S,62,0.9395604395604396,6,0.06593406593406594
Compress,35,19,STARTS+FAST-P,62,0.9395604395604396,6,0.06593406593406594
Compress,35,19,STARTS+DPT,62,0.7967032967032966,19,0.2087912087912088
Compress,35,19,Fastazi-S,57,0.9175824175824175,8,0.08791208791208792
Compress,35,19,Fastazi-P,57,0.9175824175824175,8,0.08791208791208792
Compress,35,19,Random,91,0.8186813186813187,17,0.18681318681318682
Compress,35,20,Ekstazi,57,0.510989010989011,45,0.4945054945054945
Compress,35,20,FAST,91,0.8956043956043955,10,0.10989010989010989
Compress,35,20,Ekstazi+dpt,57,0.8076923076923077,18,0.1978021978021978
Compress,35,20,DPT,91,0.7967032967032966,19,0.2087912087912088
Compress,35,20,STARTS,62,0.9285714285714286,7,0.07692307692307693
Compress,35,20,STARTS+FAST-S,62,0.9395604395604396,6,0.06593406593406594
Compress,35,20,STARTS+FAST-P,62,0.9395604395604396,6,0.06593406593406594
Compress,35,20,STARTS+DPT,62,0.7967032967032966,19,0.2087912087912088
Compress,35,20,Fastazi-S,57,0.9285714285714286,7,0.07692307692307693
Compress,35,20,Fastazi-P,57,0.9285714285714286,7,0.07692307692307693
Compress,35,20,Random,91,0.39010989010989006,56,0.6153846153846154
Compress,35,21,Ekstazi,57,0.8736263736263736,12,0.13186813186813187
Compress,35,21,FAST,91,0.8956043956043955,10,0.10989010989010989
Compress,35,21,Ekstazi+dpt,57,0.8076923076923077,18,0.1978021978021978
Compress,35,21,DPT,91,0.7967032967032966,19,0.2087912087912088
Compress,35,21,STARTS,62,0.8956043956043955,10,0.10989010989010989
Compress,35,21,STARTS+FAST-S,62,0.9395604395604396,6,0.06593406593406594
Compress,35,21,STARTS+FAST-P,62,0.9395604395604396,6,0.06593406593406594
Compress,35,21,STARTS+DPT,62,0.7967032967032966,19,0.2087912087912088
Compress,35,21,Fastazi-S,57,0.8956043956043955,10,0.10989010989010989
Compress,35,21,Fastazi-P,57,0.9285714285714286,7,0.07692307692307693
Compress,35,21,Random,91,0.9725274725274725,3,0.03296703296703297
Compress,35,22,Ekstazi,57,0.6978021978021978,28,0.3076923076923077
Compress,35,22,FAST,91,0.8846153846153846,11,0.12087912087912088
Compress,35,22,Ekstazi+dpt,57,0.8076923076923077,18,0.1978021978021978
Compress,35,22,DPT,91,0.7967032967032966,19,0.2087912087912088
Compress,35,22,STARTS,62,0.5219780219780219,44,0.4835164835164835
Compress,35,22,STARTS+FAST-S,62,0.9395604395604396,6,0.06593406593406594
Compress,35,22,STARTS+FAST-P,62,0.9395604395604396,6,0.06593406593406594
Compress,35,22,STARTS+DPT,62,0.7967032967032966,19,0.2087912087912088
Compress,35,22,Fastazi-S,57,0.9285714285714286,7,0.07692307692307693
Compress,35,22,Fastazi-P,57,0.9175824175824175,8,0.08791208791208792
Compress,35,22,Random,91,0.39010989010989006,56,0.6153846153846154
Compress,35,23,Ekstazi,57,0.7307692307692307,25,0.27472527472527475
Compress,35,23,FAST,91,0.8956043956043955,10,0.10989010989010989
Compress,35,23,Ekstazi+dpt,57,0.8076923076923077,18,0.1978021978021978
Compress,35,23,DPT,91,0.7967032967032966,19,0.2087912087912088
Compress,35,23,STARTS,62,0.9395604395604396,6,0.06593406593406594
Compress,35,23,STARTS+FAST-S,62,0.9285714285714286,7,0.07692307692307693
Compress,35,23,STARTS+FAST-P,62,0.9395604395604396,6,0.06593406593406594
Compress,35,23,STARTS+DPT,62,0.7967032967032966,19,0.2087912087912088
Compress,35,23,Fastazi-S,57,0.9285714285714286,7,0.07692307692307693
Compress,35,23,Fastazi-P,57,0.9285714285714286,7,0.07692307692307693
Compress,35,23,Random,91,0.3351648351648352,61,0.6703296703296703
Compress,35,24,Ekstazi,57,0.9945054945054945,1,0.01098901098901099
Compress,35,24,FAST,91,0.8846153846153846,11,0.12087912087912088
Compress,35,24,Ekstazi+dpt,57,0.8076923076923077,18,0.1978021978021978
Compress,35,24,DPT,91,0.7967032967032966,19,0.2087912087912088
Compress,35,24,STARTS,62,0.41208791208791207,54,0.5934065934065934
Compress,35,24,STARTS+FAST-S,62,0.9395604395604396,6,0.06593406593406594
Compress,35,24,STARTS+FAST-P,62,0.9395604395604396,6,0.06593406593406594
Compress,35,24,STARTS+DPT,62,0.7967032967032966,19,0.2087912087912088
Compress,35,24,Fastazi-S,57,0.9175824175824175,8,0.08791208791208792
Compress,35,24,Fastazi-P,57,0.9285714285714286,7,0.07692307692307693
Compress,35,24,Random,91,0.4010989010989011,55,0.6043956043956044
Compress,35,25,Ekstazi,57,0.5769230769230769,39,0.42857142857142855
Compress,35,25,FAST,91,0.8846153846153846,11,0.12087912087912088
Compress,35,25,Ekstazi+dpt,57,0.8076923076923077,18,0.1978021978021978
Compress,35,25,DPT,91,0.7967032967032966,19,0.2087912087912088
Compress,35,25,STARTS,62,0.6208791208791209,35,0.38461538461538464
Compress,35,25,STARTS+FAST-S,62,0.9395604395604396,6,0.06593406593406594
Compress,35,25,STARTS+FAST-P,62,0.9505494505494505,5,0.054945054945054944
Compress,35,25,STARTS+DPT,62,0.7967032967032966,19,0.2087912087912088
Compress,35,25,Fastazi-S,57,0.9285714285714286,7,0.07692307692307693
Compress,35,25,Fastazi-P,57,0.9285714285714286,7,0.07692307692307693
Compress,35,25,Random,91,0.19230769230769232,74,0.8131868131868132
Compress,35,26,Ekstazi,57,0.9285714285714286,7,0.07692307692307693
Compress,35,26,FAST,91,0.8846153846153846,11,0.12087912087912088
Compress,35,26,Ekstazi+dpt,57,0.8076923076923077,18,0.1978021978021978
Compress,35,26,DPT,91,0.7967032967032966,19,0.2087912087912088
Compress,35,26,STARTS,62,0.5879120879120878,38,0.4175824175824176
Compress,35,26,STARTS+FAST-S,62,0.9395604395604396,6,0.06593406593406594
Compress,35,26,STARTS+FAST-P,62,0.9395604395604396,6,0.06593406593406594
Compress,35,26,STARTS+DPT,62,0.7967032967032966,19,0.2087912087912088
Compress,35,26,Fastazi-S,57,0.9175824175824175,8,0.08791208791208792
Compress,35,26,Fastazi-P,57,0.9285714285714286,7,0.07692307692307693
Compress,35,26,Random,91,0.9175824175824175,8,0.08791208791208792
Compress,35,27,Ekstazi,57,0.6978021978021978,28,0.3076923076923077
Compress,35,27,FAST,91,0.8846153846153846,11,0.12087912087912088
Compress,35,27,Ekstazi+dpt,57,0.8076923076923077,18,0.1978021978021978
Compress,35,27,DPT,91,0.7967032967032966,19,0.2087912087912088
Compress,35,27,STARTS,62,0.4340659340659341,52,0.5714285714285714
Compress,35,27,STARTS+FAST-S,62,0.9285714285714286,7,0.07692307692307693
Compress,35,27,STARTS+FAST-P,62,0.9395604395604396,6,0.06593406593406594
Compress,35,27,STARTS+DPT,62,0.7967032967032966,19,0.2087912087912088
Compress,35,27,Fastazi-S,57,0.9175824175824175,8,0.08791208791208792
Compress,35,27,Fastazi-P,57,0.9395604395604396,6,0.06593406593406594
Compress,35,27,Random,91,0.554945054945055,41,0.45054945054945056
Compress,35,28,Ekstazi,57,0.5879120879120878,38,0.4175824175824176
Compress,35,28,FAST,91,0.8846153846153846,11,0.12087912087912088
Compress,35,28,Ekstazi+dpt,57,0.8076923076923077,18,0.1978021978021978
Compress,35,28,DPT,91,0.7967032967032966,19,0.2087912087912088
Compress,35,28,STARTS,62,0.46703296703296704,49,0.5384615384615384
Compress,35,28,STARTS+FAST-S,62,0.9395604395604396,6,0.06593406593406594
Compress,35,28,STARTS+FAST-P,62,0.9395604395604396,6,0.06593406593406594
Compress,35,28,STARTS+DPT,62,0.7967032967032966,19,0.2087912087912088
Compress,35,28,Fastazi-S,57,0.9285714285714286,7,0.07692307692307693
Compress,35,28,Fastazi-P,57,0.9175824175824175,8,0.08791208791208792
Compress,35,28,Random,91,0.6318681318681318,34,0.37362637362637363
Compress,35,29,Ekstazi,57,0.9945054945054945,1,0.01098901098901099
Compress,35,29,FAST,91,0.8846153846153846,11,0.12087912087912088
Compress,35,29,Ekstazi+dpt,57,0.8076923076923077,18,0.1978021978021978
Compress,35,29,DPT,91,0.7967032967032966,19,0.2087912087912088
Compress,35,29,STARTS,62,0.5,46,0.5054945054945055
Compress,35,29,STARTS+FAST-S,62,0.9065934065934066,9,0.0989010989010989
Compress,35,29,STARTS+FAST-P,62,0.9395604395604396,6,0.06593406593406594
Compress,35,29,STARTS+DPT,62,0.7967032967032966,19,0.2087912087912088
Compress,35,29,Fastazi-S,57,0.9285714285714286,7,0.07692307692307693
Compress,35,29,Fastazi-P,57,0.9175824175824175,8,0.08791208791208792
Compress,35,29,Random,91,0.8516483516483516,14,0.15384615384615385
Compress,35,30,Ekstazi,57,0.9395604395604396,6,0.06593406593406594
Compress,35,30,FAST,91,0.8846153846153846,11,0.12087912087912088
Compress,35,30,Ekstazi+dpt,57,0.8076923076923077,18,0.1978021978021978
Compress,35,30,DPT,91,0.7967032967032966,19,0.2087912087912088
Compress,35,30,STARTS,62,0.9945054945054945,1,0.01098901098901099
Compress,35,30,STARTS+FAST-S,62,0.9395604395604396,6,0.06593406593406594
Compress,35,30,STARTS+FAST-P,62,0.9395604395604396,6,0.06593406593406594
Compress,35,30,STARTS+DPT,62,0.7967032967032966,19,0.2087912087912088
Compress,35,30,Fastazi-S,57,0.9175824175824175,8,0.08791208791208792
Compress,35,30,Fastazi-P,57,0.9175824175824175,8,0.08791208791208792
Compress,35,30,Random,91,0.2472527472527473,69,0.7582417582417582
Compress,36,1,Ekstazi,91,0.7336956521739131,25,0.2717391304347826
Compress,36,1,FAST,92,0.7336956521739131,25,0.2717391304347826
Compress,36,1,Ekstazi+dpt,91,0.9510869565217391,5,0.05434782608695652
Compress,36,1,DPT,92,0.9510869565217391,5,0.05434782608695652
Compress,36,1,STARTS,92,0.6902173913043478,29,0.31521739130434784
Compress,36,1,STARTS+FAST-S,92,0.47282608695652173,49,0.532608695652174
Compress,36,1,STARTS+FAST-P,92,0.45108695652173914,51,0.5543478260869565
Compress,36,1,STARTS+DPT,92,0.9510869565217391,5,0.05434782608695652
Compress,36,1,Fastazi-S,91,0.7336956521739131,25,0.2717391304347826
Compress,36,1,Fastazi-P,91,0.7336956521739131,25,0.2717391304347826
Compress,36,1,Random,92,0.1793478260869565,76,0.8260869565217391
Compress,36,2,Ekstazi,91,0.08152173913043478,85,0.9239130434782609
Compress,36,2,FAST,92,0.7228260869565218,26,0.2826086956521739
Compress,36,2,Ekstazi+dpt,91,0.9510869565217391,5,0.05434782608695652
Compress,36,2,DPT,92,0.9510869565217391,5,0.05434782608695652
Compress,36,2,STARTS,92,0.5489130434782609,42,0.45652173913043476
Compress,36,2,STARTS+FAST-S,92,0.47282608695652173,49,0.532608695652174
Compress,36,2,STARTS+FAST-P,92,0.4619565217391305,50,0.5434782608695652
Compress,36,2,STARTS+DPT,92,0.9510869565217391,5,0.05434782608695652
Compress,36,2,Fastazi-S,91,0.7228260869565218,26,0.2826086956521739
Compress,36,2,Fastazi-P,91,0.7228260869565218,26,0.2826086956521739
Compress,36,2,Random,92,0.2228260869565217,72,0.782608695652174
Compress,36,3,Ekstazi,91,0.2010869565217391,74,0.8043478260869565
Compress,36,3,FAST,92,0.7228260869565218,26,0.2826086956521739
Compress,36,3,Ekstazi+dpt,91,0.9510869565217391,5,0.05434782608695652
Compress,36,3,DPT,92,0.9510869565217391,5,0.05434782608695652
Compress,36,3,STARTS,92,0.7554347826086957,23,0.25
Compress,36,3,STARTS+FAST-S,92,0.32065217391304346,63,0.6847826086956522
Compress,36,3,STARTS+FAST-P,92,0.4619565217391305,50,0.5434782608695652
Compress,36,3,STARTS+DPT,92,0.9510869565217391,5,0.05434782608695652
Compress,36,3,Fastazi-S,91,0.7228260869565218,26,0.2826086956521739
Compress,36,3,Fastazi-P,91,0.7336956521739131,25,0.2717391304347826
Compress,36,3,Random,92,0.5380434782608695,43,0.4673913043478261
Compress,36,4,Ekstazi,91,0.14673913043478257,79,0.8586956521739131
Compress,36,4,FAST,92,0.7336956521739131,25,0.2717391304347826
Compress,36,4,Ekstazi+dpt,91,0.9510869565217391,5,0.05434782608695652
Compress,36,4,DPT,92,0.9510869565217391,5,0.05434782608695652
Compress,36,4,STARTS,92,0.9510869565217391,5,0.05434782608695652
Compress,36,4,STARTS+FAST-S,92,0.4619565217391305,50,0.5434782608695652
Compress,36,4,STARTS+FAST-P,92,0.4619565217391305,50,0.5434782608695652
Compress,36,4,STARTS+DPT,92,0.9510869565217391,5,0.05434782608695652
Compress,36,4,Fastazi-S,91,0.7336956521739131,25,0.2717391304347826
Compress,36,4,Fastazi-P,91,0.7336956521739131,25,0.2717391304347826
Compress,36,4,Random,92,0.21195652173913046,73,0.7934782608695652
Compress,36,5,Ekstazi,91,0.2010869565217391,74,0.8043478260869565
Compress,36,5,FAST,92,0.7228260869565218,26,0.2826086956521739
Compress,36,5,Ekstazi+dpt,91,0.9510869565217391,5,0.05434782608695652
Compress,36,5,DPT,92,0.9510869565217391,5,0.05434782608695652
Compress,36,5,STARTS,92,0.516304347826087,45,0.4891304347826087
Compress,36,5,STARTS+FAST-S,92,0.47282608695652173,49,0.532608695652174
Compress,36,5,STARTS+FAST-P,92,0.7445652173913043,24,0.2608695652173913
Compress,36,5,STARTS+DPT,92,0.9510869565217391,5,0.05434782608695652
Compress,36,5,Fastazi-S,91,0.7228260869565218,26,0.2826086956521739
Compress,36,5,Fastazi-P,91,0.7228260869565218,26,0.2826086956521739
Compress,36,5,Random,92,0.36413043478260876,59,0.6413043478260869
Compress,36,6,Ekstazi,91,0.2010869565217391,74,0.8043478260869565
Compress,36,6,FAST,92,0.7336956521739131,25,0.2717391304347826
Compress,36,6,Ekstazi+dpt,91,0.9510869565217391,5,0.05434782608695652
Compress,36,6,DPT,92,0.9510869565217391,5,0.05434782608695652
Compress,36,6,STARTS,92,0.5489130434782609,42,0.45652173913043476
Compress,36,6,STARTS+FAST-S,92,0.4619565217391305,50,0.5434782608695652
Compress,36,6,STARTS+FAST-P,92,0.4619565217391305,50,0.5434782608695652
Compress,36,6,STARTS+DPT,92,0.9510869565217391,5,0.05434782608695652
Compress,36,6,Fastazi-S,91,0.7336956521739131,25,0.2717391304347826
Compress,36,6,Fastazi-P,91,0.7336956521739131,25,0.2717391304347826
Compress,36,6,Random,92,0.4184782608695652,54,0.5869565217391305
Compress,36,7,Ekstazi,91,0.40760869565217395,55,0.5978260869565217
Compress,36,7,FAST,92,0.7336956521739131,25,0.2717391304347826
Compress,36,7,Ekstazi+dpt,91,0.9510869565217391,5,0.05434782608695652
Compress,36,7,DPT,92,0.9510869565217391,5,0.05434782608695652
Compress,36,7,STARTS,92,0.45108695652173914,51,0.5543478260869565
Compress,36,7,STARTS+FAST-S,92,0.45108695652173914,51,0.5543478260869565
Compress,36,7,STARTS+FAST-P,92,0.4619565217391305,50,0.5434782608695652
Compress,36,7,STARTS+DPT,92,0.9510869565217391,5,0.05434782608695652
Compress,36,7,Fastazi-S,91,0.7336956521739131,25,0.2717391304347826
Compress,36,7,Fastazi-P,91,0.7336956521739131,25,0.2717391304347826
Compress,36,7,Random,92,0.12499999999999997,81,0.8804347826086957
Compress,36,8,Ekstazi,91,0.657608695652174,32,0.34782608695652173
Compress,36,8,FAST,92,0.7228260869565218,26,0.2826086956521739
Compress,36,8,Ekstazi+dpt,91,0.9510869565217391,5,0.05434782608695652
Compress,36,8,DPT,92,0.9510869565217391,5,0.05434782608695652
Compress,36,8,STARTS,92,0.5489130434782609,42,0.45652173913043476
Compress,36,8,STARTS+FAST-S,92,0.4619565217391305,50,0.5434782608695652
Compress,36,8,STARTS+FAST-P,92,0.4619565217391305,50,0.5434782608695652
Compress,36,8,STARTS+DPT,92,0.9510869565217391,5,0.05434782608695652
Compress,36,8,Fastazi-S,91,0.7228260869565218,26,0.2826086956521739
Compress,36,8,Fastazi-P,91,0.7228260869565218,26,0.2826086956521739
Compress,36,8,Random,92,0.29891304347826086,65,0.7065217391304348
Compress,36,9,Ekstazi,91,0.4619565217391305,50,0.5434782608695652
Compress,36,9,FAST,92,0.7445652173913043,24,0.2608695652173913
Compress,36,9,Ekstazi+dpt,91,0.9510869565217391,5,0.05434782608695652
Compress,36,9,DPT,92,0.9510869565217391,5,0.05434782608695652
Compress,36,9,STARTS,92,0.4836956521739131,48,0.5217391304347826
Compress,36,9,STARTS+FAST-S,92,0.4619565217391305,50,0.5434782608695652
Compress,36,9,STARTS+FAST-P,92,0.45108695652173914,51,0.5543478260869565
Compress,36,9,STARTS+DPT,92,0.9510869565217391,5,0.05434782608695652
Compress,36,9,Fastazi-S,91,0.7228260869565218,26,0.2826086956521739
Compress,36,9,Fastazi-P,91,0.7445652173913043,24,0.2608695652173913
Compress,36,9,Random,92,0.875,12,0.13043478260869565
Compress,36,10,Ekstazi,91,0.5380434782608695,43,0.4673913043478261
Compress,36,10,FAST,92,0.7228260869565218,26,0.2826086956521739
Compress,36,10,Ekstazi+dpt,91,0.9510869565217391,5,0.05434782608695652
Compress,36,10,DPT,92,0.9510869565217391,5,0.05434782608695652
Compress,36,10,STARTS,92,0.2880434782608696,66,0.717391304347826
Compress,36,10,STARTS+FAST-S,92,0.4619565217391305,50,0.5434782608695652
Compress,36,10,STARTS+FAST-P,92,0.47282608695652173,49,0.532608695652174
Compress,36,10,STARTS+DPT,92,0.9510869565217391,5,0.05434782608695652
Compress,36,10,Fastazi-S,91,0.7228260869565218,26,0.2826086956521739
Compress,36,10,Fastazi-P,91,0.7228260869565218,26,0.2826086956521739
Compress,36,10,Random,92,0.04891304347826084,88,0.9565217391304348
Compress,36,11,Ekstazi,91,0.11413043478260873,82,0.8913043478260869
Compress,36,11,FAST,92,0.7228260869565218,26,0.2826086956521739
Compress,36,11,Ekstazi+dpt,91,0.9510869565217391,5,0.05434782608695652
Compress,36,11,DPT,92,0.9510869565217391,5,0.05434782608695652
Compress,36,11,STARTS,92,0.3315217391304348,62,0.6739130434782609
Compress,36,11,STARTS+FAST-S,92,0.4619565217391305,50,0.5434782608695652
Compress,36,11,STARTS+FAST-P,92,0.4619565217391305,50,0.5434782608695652
Compress,36,11,STARTS+DPT,92,0.9510869565217391,5,0.05434782608695652
Compress,36,11,Fastazi-S,91,0.7228260869565218,26,0.2826086956521739
Compress,36,11,Fastazi-P,91,0.7228260869565218,26,0.2826086956521739
Compress,36,11,Random,92,0.4836956521739131,48,0.5217391304347826
Compress,36,12,Ekstazi,91,0.5271739130434783,44,0.4782608695652174
Compress,36,12,FAST,92,0.7228260869565218,26,0.2826086956521739
Compress,36,12,Ekstazi+dpt,91,0.9510869565217391,5,0.05434782608695652
Compress,36,12,DPT,92,0.9510869565217391,5,0.05434782608695652
Compress,36,12,STARTS,92,0.8858695652173914,11,0.11956521739130435
Compress,36,12,STARTS+FAST-S,92,0.47282608695652173,49,0.532608695652174
Compress,36,12,STARTS+FAST-P,92,0.9945652173913043,1,0.010869565217391304
Compress,36,12,STARTS+DPT,92,0.9510869565217391,5,0.05434782608695652
Compress,36,12,Fastazi-S,91,0.7228260869565218,26,0.2826086956521739
Compress,36,12,Fastazi-P,91,0.7228260869565218,26,0.2826086956521739
Compress,36,12,Random,92,0.45108695652173914,51,0.5543478260869565
Compress,36,13,Ekstazi,91,0.766304347826087,22,0.2391304347826087
Compress,36,13,FAST,92,0.7336956521739131,25,0.2717391304347826
Compress,36,13,Ekstazi+dpt,91,0.9510869565217391,5,0.05434782608695652
Compress,36,13,DPT,92,0.9510869565217391,5,0.05434782608695652
Compress,36,13,STARTS,92,0.10326086956521738,83,0.9021739130434783
Compress,36,13,STARTS+FAST-S,92,0.4619565217391305,50,0.5434782608695652
Compress,36,13,STARTS+FAST-P,92,0.4619565217391305,50,0.5434782608695652
Compress,36,13,STARTS+DPT,92,0.9510869565217391,5,0.05434782608695652
Compress,36,13,Fastazi-S,91,0.7228260869565218,26,0.2826086956521739
Compress,36,13,Fastazi-P,91,0.7336956521739131,25,0.2717391304347826
Compress,36,13,Random,92,0.2554347826086957,69,0.75
Compress,36,14,Ekstazi,91,0.13586956521739132,80,0.8695652173913043
Compress,36,14,FAST,92,0.7228260869565218,26,0.2826086956521739
Compress,36,14,Ekstazi+dpt,91,0.9510869565217391,5,0.05434782608695652
Compress,36,14,DPT,92,0.9510869565217391,5,0.05434782608695652
Compress,36,14,STARTS,92,0.592391304347826,38,0.41304347826086957
Compress,36,14,STARTS+FAST-S,92,0.47282608695652173,49,0.532608695652174
Compress,36,14,STARTS+FAST-P,92,0.4619565217391305,50,0.5434782608695652
Compress,36,14,STARTS+DPT,92,0.9510869565217391,5,0.05434782608695652
Compress,36,14,Fastazi-S,91,0.7228260869565218,26,0.2826086956521739
Compress,36,14,Fastazi-P,91,0.7228260869565218,26,0.2826086956521739
Compress,36,14,Random,92,0.42934782608695654,53,0.5760869565217391
Compress,36,15,Ekstazi,91,0.4945652173913043,47,0.5108695652173914
Compress,36,15,FAST,92,0.7228260869565218,26,0.2826086956521739
Compress,36,15,Ekstazi+dpt,91,0.9510869565217391,5,0.05434782608695652
Compress,36,15,DPT,92,0.9510869565217391,5,0.05434782608695652
Compress,36,15,STARTS,92,0.13586956521739132,80,0.8695652173913043
Compress,36,15,STARTS+FAST-S,92,0.4619565217391305,50,0.5434782608695652
Compress,36,15,STARTS+FAST-P,92,0.45108695652173914,51,0.5543478260869565
Compress,36,15,STARTS+DPT,92,0.9510869565217391,5,0.05434782608695652
Compress,36,15,Fastazi-S,91,0.7228260869565218,26,0.2826086956521739
Compress,36,15,Fastazi-P,91,0.7228260869565218,26,0.2826086956521739
Compress,36,15,Random,92,0.21195652173913046,73,0.7934782608695652
Compress,36,16,Ekstazi,91,0.2228260869565217,72,0.782608695652174
Compress,36,16,FAST,92,0.7228260869565218,26,0.2826086956521739
Compress,36,16,Ekstazi+dpt,91,0.9510869565217391,5,0.05434782608695652
Compress,36,16,DPT,92,0.9510869565217391,5,0.05434782608695652
Compress,36,16,STARTS,92,0.3532608695652174,60,0.6521739130434783
Compress,36,16,STARTS+FAST-S,92,0.4619565217391305,50,0.5434782608695652
Compress,36,16,STARTS+FAST-P,92,0.4619565217391305,50,0.5434782608695652
Compress,36,16,STARTS+DPT,92,0.9510869565217391,5,0.05434782608695652
Compress,36,16,Fastazi-S,91,0.7228260869565218,26,0.2826086956521739
Compress,36,16,Fastazi-P,91,0.7228260869565218,26,0.2826086956521739
Compress,36,16,Random,92,0.12499999999999997,81,0.8804347826086957
Compress,36,17,Ekstazi,91,0.8641304347826088,13,0.14130434782608695
Compress,36,17,FAST,92,0.7228260869565218,26,0.2826086956521739
Compress,36,17,Ekstazi+dpt,91,0.9510869565217391,5,0.05434782608695652
Compress,36,17,DPT,92,0.9510869565217391,5,0.05434782608695652
Compress,36,17,STARTS,92,0.4184782608695652,54,0.5869565217391305
Compress,36,17,STARTS+FAST-S,92,0.47282608695652173,49,0.532608695652174
Compress,36,17,STARTS+FAST-P,92,0.47282608695652173,49,0.532608695652174
Compress,36,17,STARTS+DPT,92,0.9510869565217391,5,0.05434782608695652
Compress,36,17,Fastazi-S,91,0.7228260869565218,26,0.2826086956521739
Compress,36,17,Fastazi-P,91,0.7228260869565218,26,0.2826086956521739
Compress,36,17,Random,92,0.07065217391304343,86,0.9347826086956522
Compress,36,18,Ekstazi,91,0.8967391304347826,10,0.10869565217391304
Compress,36,18,FAST,92,0.7336956521739131,25,0.2717391304347826
Compress,36,18,Ekstazi+dpt,91,0.9510869565217391,5,0.05434782608695652
Compress,36,18,DPT,92,0.9510869565217391,5,0.05434782608695652
Compress,36,18,STARTS,92,0.16847826086956516,77,0.8369565217391305
Compress,36,18,STARTS+FAST-S,92,0.4619565217391305,50,0.5434782608695652
Compress,36,18,STARTS+FAST-P,92,0.4619565217391305,50,0.5434782608695652
Compress,36,18,STARTS+DPT,92,0.9510869565217391,5,0.05434782608695652
Compress,36,18,Fastazi-S,91,0.7228260869565218,26,0.2826086956521739
Compress,36,18,Fastazi-P,91,0.7336956521739131,25,0.2717391304347826
Compress,36,18,Random,92,0.842391304347826,15,0.16304347826086957
Compress,36,19,Ekstazi,91,0.592391304347826,38,0.41304347826086957
Compress,36,19,FAST,92,0.7228260869565218,26,0.2826086956521739
Compress,36,19,Ekstazi+dpt,91,0.9510869565217391,5,0.05434782608695652
Compress,36,19,DPT,92,0.9510869565217391,5,0.05434782608695652
Compress,36,19,STARTS,92,0.2228260869565217,72,0.782608695652174
Compress,36,19,STARTS+FAST-S,92,0.4619565217391305,50,0.5434782608695652
Compress,36,19,STARTS+FAST-P,92,0.4619565217391305,50,0.5434782608695652
Compress,36,19,STARTS+DPT,92,0.9510869565217391,5,0.05434782608695652
Compress,36,19,Fastazi-S,91,0.7336956521739131,25,0.2717391304347826
Compress,36,19,Fastazi-P,91,0.7228260869565218,26,0.2826086956521739
Compress,36,19,Random,92,0.4619565217391305,50,0.5434782608695652
Compress,36,20,Ekstazi,91,0.5597826086956522,41,0.44565217391304346
Compress,36,20,FAST,92,0.7228260869565218,26,0.2826086956521739
Compress,36,20,Ekstazi+dpt,91,0.9510869565217391,5,0.05434782608695652
Compress,36,20,DPT,92,0.9510869565217391,5,0.05434782608695652
Compress,36,20,STARTS,92,0.47282608695652173,49,0.532608695652174
Compress,36,20,STARTS+FAST-S,92,0.47282608695652173,49,0.532608695652174
Compress,36,20,STARTS+FAST-P,92,0.4619565217391305,50,0.5434782608695652
Compress,36,20,STARTS+DPT,92,0.9510869565217391,5,0.05434782608695652
Compress,36,20,Fastazi-S,91,0.7228260869565218,26,0.2826086956521739
Compress,36,20,Fastazi-P,91,0.7228260869565218,26,0.2826086956521739
Compress,36,20,Random,92,0.7989130434782609,19,0.20652173913043478
Compress,36,21,Ekstazi,91,0.47282608695652173,49,0.532608695652174
Compress,36,21,FAST,92,0.7336956521739131,25,0.2717391304347826
Compress,36,21,Ekstazi+dpt,91,0.9510869565217391,5,0.05434782608695652
Compress,36,21,DPT,92,0.9510869565217391,5,0.05434782608695652
Compress,36,21,STARTS,92,0.7228260869565218,26,0.2826086956521739
Compress,36,21,STARTS+FAST-S,92,0.4619565217391305,50,0.5434782608695652
Compress,36,21,STARTS+FAST-P,92,0.4619565217391305,50,0.5434782608695652
Compress,36,21,STARTS+DPT,92,0.9510869565217391,5,0.05434782608695652
Compress,36,21,Fastazi-S,91,0.7228260869565218,26,0.2826086956521739
Compress,36,21,Fastazi-P,91,0.7336956521739131,25,0.2717391304347826
Compress,36,21,Random,92,0.5271739130434783,44,0.4782608695652174
Compress,36,22,Ekstazi,91,0.6467391304347826,33,0.358695652173913
Compress,36,22,FAST,92,0.7336956521739131,25,0.2717391304347826
Compress,36,22,Ekstazi+dpt,91,0.9510869565217391,5,0.05434782608695652
Compress,36,22,DPT,92,0.9510869565217391,5,0.05434782608695652
Compress,36,22,STARTS,92,0.7989130434782609,19,0.20652173913043478
Compress,36,22,STARTS+FAST-S,92,0.4619565217391305,50,0.5434782608695652
Compress,36,22,STARTS+FAST-P,92,0.4619565217391305,50,0.5434782608695652
Compress,36,22,STARTS+DPT,92,0.9510869565217391,5,0.05434782608695652
Compress,36,22,Fastazi-S,91,0.7228260869565218,26,0.2826086956521739
Compress,36,22,Fastazi-P,91,0.7336956521739131,25,0.2717391304347826
Compress,36,22,Random,92,0.34239130434782616,61,0.6630434782608695
Compress,36,23,Ekstazi,91,0.34239130434782616,61,0.6630434782608695
Compress,36,23,FAST,92,0.7228260869565218,26,0.2826086956521739
Compress,36,23,Ekstazi+dpt,91,0.9510869565217391,5,0.05434782608695652
Compress,36,23,DPT,92,0.9510869565217391,5,0.05434782608695652
Compress,36,23,STARTS,92,0.9293478260869565,7,0.07608695652173914
Compress,36,23,STARTS+FAST-S,92,0.4619565217391305,50,0.5434782608695652
Compress,36,23,STARTS+FAST-P,92,0.47282608695652173,49,0.532608695652174
Compress,36,23,STARTS+DPT,92,0.9510869565217391,5,0.05434782608695652
Compress,36,23,Fastazi-S,91,0.7228260869565218,26,0.2826086956521739
Compress,36,23,Fastazi-P,91,0.7228260869565218,26,0.2826086956521739
Compress,36,23,Random,92,0.4945652173913043,47,0.5108695652173914
Compress,36,24,Ekstazi,91,0.2880434782608696,66,0.717391304347826
Compress,36,24,FAST,92,0.7336956521739131,25,0.2717391304347826
Compress,36,24,Ekstazi+dpt,91,0.9510869565217391,5,0.05434782608695652
Compress,36,24,DPT,92,0.9510869565217391,5,0.05434782608695652
Compress,36,24,STARTS,92,0.47282608695652173,49,0.532608695652174
Compress,36,24,STARTS+FAST-S,92,0.4619565217391305,50,0.5434782608695652
Compress,36,24,STARTS+FAST-P,92,0.47282608695652173,49,0.532608695652174
Compress,36,24,STARTS+DPT,92,0.9510869565217391,5,0.05434782608695652
Compress,36,24,Fastazi-S,91,0.7336956521739131,25,0.2717391304347826
Compress,36,24,Fastazi-P,91,0.7336956521739131,25,0.2717391304347826
Compress,36,24,Random,92,0.375,58,0.6304347826086957
Compress,36,25,Ekstazi,91,0.15760869565217392,78,0.8478260869565217
Compress,36,25,FAST,92,0.7336956521739131,25,0.2717391304347826
Compress,36,25,Ekstazi+dpt,91,0.9510869565217391,5,0.05434782608695652
Compress,36,25,DPT,92,0.9510869565217391,5,0.05434782608695652
Compress,36,25,STARTS,92,0.11413043478260873,82,0.8913043478260869
Compress,36,25,STARTS+FAST-S,92,0.4619565217391305,50,0.5434782608695652
Compress,36,25,STARTS+FAST-P,92,0.4619565217391305,50,0.5434782608695652
Compress,36,25,STARTS+DPT,92,0.9510869565217391,5,0.05434782608695652
Compress,36,25,Fastazi-S,91,0.7228260869565218,26,0.2826086956521739
Compress,36,25,Fastazi-P,91,0.7336956521739131,25,0.2717391304347826
Compress,36,25,Random,92,0.12499999999999997,81,0.8804347826086957
Compress,36,26,Ekstazi,91,0.9945652173913043,1,0.010869565217391304
Compress,36,26,FAST,92,0.7336956521739131,25,0.2717391304347826
Compress,36,26,Ekstazi+dpt,91,0.9510869565217391,5,0.05434782608695652
Compress,36,26,DPT,92,0.9510869565217391,5,0.05434782608695652
Compress,36,26,STARTS,92,0.7445652173913043,24,0.2608695652173913
Compress,36,26,STARTS+FAST-S,92,0.4619565217391305,50,0.5434782608695652
Compress,36,26,STARTS+FAST-P,92,0.4619565217391305,50,0.5434782608695652
Compress,36,26,STARTS+DPT,92,0.9510869565217391,5,0.05434782608695652
Compress,36,26,Fastazi-S,91,0.7228260869565218,26,0.2826086956521739
Compress,36,26,Fastazi-P,91,0.7336956521739131,25,0.2717391304347826
Compress,36,26,Random,92,0.625,35,0.3804347826086957
Compress,36,27,Ekstazi,91,0.6902173913043478,29,0.31521739130434784
Compress,36,27,FAST,92,0.7228260869565218,26,0.2826086956521739
Compress,36,27,Ekstazi+dpt,91,0.9510869565217391,5,0.05434782608695652
Compress,36,27,DPT,92,0.9510869565217391,5,0.05434782608695652
Compress,36,27,STARTS,92,0.40760869565217395,55,0.5978260869565217
Compress,36,27,STARTS+FAST-S,92,0.47282608695652173,49,0.532608695652174
Compress,36,27,STARTS+FAST-P,92,0.4619565217391305,50,0.5434782608695652
Compress,36,27,STARTS+DPT,92,0.9510869565217391,5,0.05434782608695652
Compress,36,27,Fastazi-S,91,0.7228260869565218,26,0.2826086956521739
Compress,36,27,Fastazi-P,91,0.7228260869565218,26,0.2826086956521739
Compress,36,27,Random,92,0.5271739130434783,44,0.4782608695652174
Compress,36,28,Ekstazi,91,0.21195652173913046,73,0.7934782608695652
Compress,36,28,FAST,92,0.7336956521739131,25,0.2717391304347826
Compress,36,28,Ekstazi+dpt,91,0.9510869565217391,5,0.05434782608695652
Compress,36,28,DPT,92,0.9510869565217391,5,0.05434782608695652
Compress,36,28,STARTS,92,0.5380434782608695,43,0.4673913043478261
Compress,36,28,STARTS+FAST-S,92,0.47282608695652173,49,0.532608695652174
Compress,36,28,STARTS+FAST-P,92,0.45108695652173914,51,0.5543478260869565
Compress,36,28,STARTS+DPT,92,0.9510869565217391,5,0.05434782608695652
Compress,36,28,Fastazi-S,91,0.7336956521739131,25,0.2717391304347826
Compress,36,28,Fastazi-P,91,0.7336956521739131,25,0.2717391304347826
Compress,36,28,Random,92,0.6141304347826088,36,0.391304347826087
Compress,36,29,Ekstazi,91,0.34239130434782616,61,0.6630434782608695
Compress,36,29,FAST,92,0.7228260869565218,26,0.2826086956521739
Compress,36,29,Ekstazi+dpt,91,0.9510869565217391,5,0.05434782608695652
Compress,36,29,DPT,92,0.9510869565217391,5,0.05434782608695652
Compress,36,29,STARTS,92,0.9945652173913043,1,0.010869565217391304
Compress,36,29,STARTS+FAST-S,92,0.4619565217391305,50,0.5434782608695652
Compress,36,29,STARTS+FAST-P,92,0.47282608695652173,49,0.532608695652174
Compress,36,29,STARTS+DPT,92,0.9510869565217391,5,0.05434782608695652
Compress,36,29,Fastazi-S,91,0.7336956521739131,25,0.2717391304347826
Compress,36,29,Fastazi-P,91,0.7228260869565218,26,0.2826086956521739
Compress,36,29,Random,92,0.7771739130434783,21,0.22826086956521738
Compress,36,30,Ekstazi,91,0.4619565217391305,50,0.5434782608695652
Compress,36,30,FAST,92,0.7336956521739131,25,0.2717391304347826
Compress,36,30,Ekstazi+dpt,91,0.9510869565217391,5,0.05434782608695652
Compress,36,30,DPT,92,0.9510869565217391,5,0.05434782608695652
Compress,36,30,STARTS,92,0.36413043478260876,59,0.6413043478260869
Compress,36,30,STARTS+FAST-S,92,0.4619565217391305,50,0.5434782608695652
Compress,36,30,STARTS+FAST-P,92,0.4619565217391305,50,0.5434782608695652
Compress,36,30,STARTS+DPT,92,0.9510869565217391,5,0.05434782608695652
Compress,36,30,Fastazi-S,91,0.7228260869565218,26,0.2826086956521739
Compress,36,30,Fastazi-P,91,0.7336956521739131,25,0.2717391304347826
Compress,36,30,Random,92,0.2228260869565217,72,0.782608695652174
Compress,37,1,Ekstazi,32,0.8641304347826088,13,0.14130434782608695
Compress,37,1,FAST,92,0.7445652173913043,24,0.2608695652173913
Compress,37,1,Ekstazi+dpt,32,0.7554347826086957,23,0.25
Compress,37,1,DPT,92,0.5706521739130436,40,0.43478260869565216
Compress,37,1,STARTS,56,0.8532608695652174,14,0.15217391304347827
Compress,37,1,STARTS+FAST-S,56,0.5815217391304348,39,0.42391304347826086
Compress,37,1,STARTS+FAST-P,56,0.3967391304347826,56,0.6086956521739131
Compress,37,1,STARTS+DPT,56,0.6032608695652174,37,0.40217391304347827
Compress,37,1,Fastazi-S,32,0.6684782608695653,31,0.33695652173913043
Compress,37,1,Fastazi-P,32,0.8858695652173914,11,0.11956521739130435
Compress,37,1,Random,92,0.657608695652174,32,0.34782608695652173
Compress,37,2,Ekstazi,32,0.875,12,0.13043478260869565
Compress,37,2,FAST,92,0.7336956521739131,25,0.2717391304347826
Compress,37,2,Ekstazi+dpt,32,0.7445652173913043,24,0.2608695652173913
Compress,37,2,DPT,92,0.5815217391304348,39,0.42391304347826086
Compress,37,2,STARTS,56,0.8315217391304348,16,0.17391304347826086
Compress,37,2,STARTS+FAST-S,56,0.592391304347826,38,0.41304347826086957
Compress,37,2,STARTS+FAST-P,56,0.3967391304347826,56,0.6086956521739131
Compress,37,2,STARTS+DPT,56,0.6032608695652174,37,0.40217391304347827
Compress,37,2,Fastazi-S,32,0.6684782608695653,31,0.33695652173913043
Compress,37,2,Fastazi-P,32,0.8858695652173914,11,0.11956521739130435
Compress,37,2,Random,92,0.21195652173913046,73,0.7934782608695652
Compress,37,3,Ekstazi,32,0.9402173913043479,6,0.06521739130434782
Compress,37,3,FAST,92,0.7445652173913043,24,0.2608695652173913
Compress,37,3,Ekstazi+dpt,32,0.7445652173913043,24,0.2608695652173913
Compress,37,3,DPT,92,0.5815217391304348,39,0.42391304347826086
Compress,37,3,STARTS,56,0.6358695652173914,34,0.3695652173913043
Compress,37,3,STARTS+FAST-S,56,0.5815217391304348,39,0.42391304347826086
Compress,37,3,STARTS+FAST-P,56,0.3967391304347826,56,0.6086956521739131
Compress,37,3,STARTS+DPT,56,0.6032608695652174,37,0.40217391304347827
Compress,37,3,Fastazi-S,32,0.6684782608695653,31,0.33695652173913043
Compress,37,3,Fastazi-P,32,0.8858695652173914,11,0.11956521739130435
Compress,37,3,Random,92,0.6793478260869565,30,0.32608695652173914
Compress,37,4,Ekstazi,32,0.8858695652173914,11,0.11956521739130435
Compress,37,4,FAST,92,0.7445652173913043,24,0.2608695652173913
Compress,37,4,Ekstazi+dpt,32,0.7445652173913043,24,0.2608695652173913
Compress,37,4,DPT,92,0.5815217391304348,39,0.42391304347826086
Compress,37,4,STARTS,56,0.6358695652173914,34,0.3695652173913043
Compress,37,4,STARTS+FAST-S,56,0.5815217391304348,39,0.42391304347826086
Compress,37,4,STARTS+FAST-P,56,0.3967391304347826,56,0.6086956521739131
Compress,37,4,STARTS+DPT,56,0.6032608695652174,37,0.40217391304347827
Compress,37,4,Fastazi-S,32,0.6684782608695653,31,0.33695652173913043
Compress,37,4,Fastazi-P,32,0.8858695652173914,11,0.11956521739130435
Compress,37,4,Random,92,0.34239130434782616,61,0.6630434782608695
Compress,37,5,Ekstazi,32,0.7989130434782609,19,0.20652173913043478
Compress,37,5,FAST,92,0.7336956521739131,25,0.2717391304347826
Compress,37,5,Ekstazi+dpt,32,0.7445652173913043,24,0.2608695652173913
Compress,37,5,DPT,92,0.5815217391304348,39,0.42391304347826086
Compress,37,5,STARTS,56,0.9619565217391305,4,0.043478260869565216
Compress,37,5,STARTS+FAST-S,56,0.592391304347826,38,0.41304347826086957
Compress,37,5,STARTS+FAST-P,56,0.3967391304347826,56,0.6086956521739131
Compress,37,5,STARTS+DPT,56,0.6032608695652174,37,0.40217391304347827
Compress,37,5,Fastazi-S,32,0.6684782608695653,31,0.33695652173913043
Compress,37,5,Fastazi-P,32,0.875,12,0.13043478260869565
Compress,37,5,Random,92,0.4836956521739131,48,0.5217391304347826
Compress,37,6,Ekstazi,32,0.766304347826087,22,0.2391304347826087
Compress,37,6,FAST,92,0.7336956521739131,25,0.2717391304347826
Compress,37,6,Ekstazi+dpt,32,0.7445652173913043,24,0.2608695652173913
Compress,37,6,DPT,92,0.5706521739130436,40,0.43478260869565216
Compress,37,6,STARTS,56,0.9402173913043479,6,0.06521739130434782
Compress,37,6,STARTS+FAST-S,56,0.5815217391304348,39,0.42391304347826086
Compress,37,6,STARTS+FAST-P,56,0.3967391304347826,56,0.6086956521739131
Compress,37,6,STARTS+DPT,56,0.592391304347826,38,0.41304347826086957
Compress,37,6,Fastazi-S,32,0.6684782608695653,31,0.33695652173913043
Compress,37,6,Fastazi-P,32,0.8858695652173914,11,0.11956521739130435
Compress,37,6,Random,92,0.3315217391304348,62,0.6739130434782609
Compress,37,7,Ekstazi,32,0.8967391304347826,10,0.10869565217391304
Compress,37,7,FAST,92,0.7336956521739131,25,0.2717391304347826
Compress,37,7,Ekstazi+dpt,32,0.7554347826086957,23,0.25
Compress,37,7,DPT,92,0.5815217391304348,39,0.42391304347826086
Compress,37,7,STARTS,56,0.766304347826087,22,0.2391304347826087
Compress,37,7,STARTS+FAST-S,56,0.5815217391304348,39,0.42391304347826086
Compress,37,7,STARTS+FAST-P,56,0.3967391304347826,56,0.6086956521739131
Compress,37,7,STARTS+DPT,56,0.6032608695652174,37,0.40217391304347827
Compress,37,7,Fastazi-S,32,0.6684782608695653,31,0.33695652173913043
Compress,37,7,Fastazi-P,32,0.8858695652173914,11,0.11956521739130435
Compress,37,7,Random,92,0.09239130434782614,84,0.9130434782608695
Compress,37,8,Ekstazi,32,0.9619565217391305,4,0.043478260869565216
Compress,37,8,FAST,92,0.7336956521739131,25,0.2717391304347826
Compress,37,8,Ekstazi+dpt,32,0.7554347826086957,23,0.25
Compress,37,8,DPT,92,0.5815217391304348,39,0.42391304347826086
Compress,37,8,STARTS,56,0.7771739130434783,21,0.22826086956521738
Compress,37,8,STARTS+FAST-S,56,0.592391304347826,38,0.41304347826086957
Compress,37,8,STARTS+FAST-P,56,0.3967391304347826,56,0.6086956521739131
Compress,37,8,STARTS+DPT,56,0.6032608695652174,37,0.40217391304347827
Compress,37,8,Fastazi-S,32,0.6684782608695653,31,0.33695652173913043
Compress,37,8,Fastazi-P,32,0.8858695652173914,11,0.11956521739130435
Compress,37,8,Random,92,0.27717391304347827,67,0.7282608695652174
Compress,37,9,Ekstazi,32,0.9619565217391305,4,0.043478260869565216
Compress,37,9,FAST,92,0.7445652173913043,24,0.2608695652173913
Compress,37,9,Ekstazi+dpt,32,0.7554347826086957,23,0.25
Compress,37,9,DPT,92,0.5706521739130436,40,0.43478260869565216
Compress,37,9,STARTS,56,0.9293478260869565,7,0.07608695652173914
Compress,37,9,STARTS+FAST-S,56,0.5815217391304348,39,0.42391304347826086
Compress,37,9,STARTS+FAST-P,56,0.3967391304347826,56,0.6086956521739131
Compress,37,9,STARTS+DPT,56,0.6032608695652174,37,0.40217391304347827
Compress,37,9,Fastazi-S,32,0.6684782608695653,31,0.33695652173913043
Compress,37,9,Fastazi-P,32,0.8858695652173914,11,0.11956521739130435
Compress,37,9,Random,92,0.375,58,0.6304347826086957
Compress,37,10,Ekstazi,32,0.7880434782608696,20,0.21739130434782608
Compress,37,10,FAST,92,0.7336956521739131,25,0.2717391304347826
Compress,37,10,Ekstazi+dpt,32,0.7554347826086957,23,0.25
Compress,37,10,DPT,92,0.5706521739130436,40,0.43478260869565216
Compress,37,10,STARTS,56,0.3967391304347826,56,0.6086956521739131
Compress,37,10,STARTS+FAST-S,56,0.5815217391304348,39,0.42391304347826086
Compress,37,10,STARTS+FAST-P,56,0.3967391304347826,56,0.6086956521739131
Compress,37,10,STARTS+DPT,56,0.6032608695652174,37,0.40217391304347827
Compress,37,10,Fastazi-S,32,0.6684782608695653,31,0.33695652173913043
Compress,37,10,Fastazi-P,32,0.8858695652173914,11,0.11956521739130435
Compress,37,10,Random,92,0.5271739130434783,44,0.4782608695652174
Compress,37,11,Ekstazi,32,0.7119565217391305,27,0.29347826086956524
Compress,37,11,FAST,92,0.7336956521739131,25,0.2717391304347826
Compress,37,11,Ekstazi+dpt,32,0.7445652173913043,24,0.2608695652173913
Compress,37,11,DPT,92,0.5706521739130436,40,0.43478260869565216
Compress,37,11,STARTS,56,0.9510869565217391,5,0.05434782608695652
Compress,37,11,STARTS+FAST-S,56,0.5815217391304348,39,0.42391304347826086
Compress,37,11,STARTS+FAST-P,56,0.3967391304347826,56,0.6086956521739131
Compress,37,11,STARTS+DPT,56,0.592391304347826,38,0.41304347826086957
Compress,37,11,Fastazi-S,32,0.6684782608695653,31,0.33695652173913043
Compress,37,11,Fastazi-P,32,0.8858695652173914,11,0.11956521739130435
Compress,37,11,Random,92,0.38586956521739135,57,0.6195652173913043
Compress,37,12,Ekstazi,32,0.9836956521739131,2,0.021739130434782608
Compress,37,12,FAST,92,0.7336956521739131,25,0.2717391304347826
Compress,37,12,Ekstazi+dpt,32,0.7445652173913043,24,0.2608695652173913
Compress,37,12,DPT,92,0.5706521739130436,40,0.43478260869565216
Compress,37,12,STARTS,56,0.45108695652173914,51,0.5543478260869565
Compress,37,12,STARTS+FAST-S,56,0.592391304347826,38,0.41304347826086957
Compress,37,12,STARTS+FAST-P,56,0.3967391304347826,56,0.6086956521739131
Compress,37,12,STARTS+DPT,56,0.592391304347826,38,0.41304347826086957
Compress,37,12,Fastazi-S,32,0.6684782608695653,31,0.33695652173913043
Compress,37,12,Fastazi-P,32,0.8858695652173914,11,0.11956521739130435
Compress,37,12,Random,92,0.2445652173913043,70,0.7608695652173914
Compress,37,13,Ekstazi,32,0.766304347826087,22,0.2391304347826087
Compress,37,13,FAST,92,0.7445652173913043,24,0.2608695652173913
Compress,37,13,Ekstazi+dpt,32,0.7445652173913043,24,0.2608695652173913
Compress,37,13,DPT,92,0.5706521739130436,40,0.43478260869565216
Compress,37,13,STARTS,56,0.7445652173913043,24,0.2608695652173913
Compress,37,13,STARTS+FAST-S,56,0.592391304347826,38,0.41304347826086957
Compress,37,13,STARTS+FAST-P,56,0.3967391304347826,56,0.6086956521739131
Compress,37,13,STARTS+DPT,56,0.592391304347826,38,0.41304347826086957
Compress,37,13,Fastazi-S,32,0.6684782608695653,31,0.33695652173913043
Compress,37,13,Fastazi-P,32,0.8858695652173914,11,0.11956521739130435
Compress,37,13,Random,92,0.9293478260869565,7,0.07608695652173914
Compress,37,14,Ekstazi,32,0.8315217391304348,16,0.17391304347826086
Compress,37,14,FAST,92,0.7336956521739131,25,0.2717391304347826
Compress,37,14,Ekstazi+dpt,32,0.7554347826086957,23,0.25
Compress,37,14,DPT,92,0.5815217391304348,39,0.42391304347826086
Compress,37,14,STARTS,56,0.9836956521739131,2,0.021739130434782608
Compress,37,14,STARTS+FAST-S,56,0.5815217391304348,39,0.42391304347826086
Compress,37,14,STARTS+FAST-P,56,0.3967391304347826,56,0.6086956521739131
Compress,37,14,STARTS+DPT,56,0.6032608695652174,37,0.40217391304347827
Compress,37,14,Fastazi-S,32,0.6684782608695653,31,0.33695652173913043
Compress,37,14,Fastazi-P,32,0.8858695652173914,11,0.11956521739130435
Compress,37,14,Random,92,0.34239130434782616,61,0.6630434782608695
Compress,37,15,Ekstazi,32,0.6793478260869565,30,0.32608695652173914
Compress,37,15,FAST,92,0.7336956521739131,25,0.2717391304347826
Compress,37,15,Ekstazi+dpt,32,0.7445652173913043,24,0.2608695652173913
Compress,37,15,DPT,92,0.5815217391304348,39,0.42391304347826086
Compress,37,15,STARTS,56,0.6467391304347826,33,0.358695652173913
Compress,37,15,STARTS+FAST-S,56,0.5815217391304348,39,0.42391304347826086
Compress,37,15,STARTS+FAST-P,56,0.3967391304347826,56,0.6086956521739131
Compress,37,15,STARTS+DPT,56,0.592391304347826,38,0.41304347826086957
Compress,37,15,Fastazi-S,32,0.6684782608695653,31,0.33695652173913043
Compress,37,15,Fastazi-P,32,0.875,12,0.13043478260869565
Compress,37,15,Random,92,0.842391304347826,15,0.16304347826086957
Compress,37,16,Ekstazi,32,0.7880434782608696,20,0.21739130434782608
Compress,37,16,FAST,92,0.7336956521739131,25,0.2717391304347826
Compress,37,16,Ekstazi+dpt,32,0.7554347826086957,23,0.25
Compress,37,16,DPT,92,0.5815217391304348,39,0.42391304347826086
Compress,37,16,STARTS,56,0.45108695652173914,51,0.5543478260869565
Compress,37,16,STARTS+FAST-S,56,0.5815217391304348,39,0.42391304347826086
Compress,37,16,STARTS+FAST-P,56,0.3967391304347826,56,0.6086956521739131
Compress,37,16,STARTS+DPT,56,0.592391304347826,38,0.41304347826086957
Compress,37,16,Fastazi-S,32,0.6684782608695653,31,0.33695652173913043
Compress,37,16,Fastazi-P,32,0.875,12,0.13043478260869565
Compress,37,16,Random,92,0.40760869565217395,55,0.5978260869565217
Compress,37,17,Ekstazi,32,0.9402173913043479,6,0.06521739130434782
Compress,37,17,FAST,92,0.7445652173913043,24,0.2608695652173913
Compress,37,17,Ekstazi+dpt,32,0.7445652173913043,24,0.2608695652173913
Compress,37,17,DPT,92,0.5706521739130436,40,0.43478260869565216
Compress,37,17,STARTS,56,0.9184782608695653,8,0.08695652173913043
Compress,37,17,STARTS+FAST-S,56,0.592391304347826,38,0.41304347826086957
Compress,37,17,STARTS+FAST-P,56,0.3967391304347826,56,0.6086956521739131
Compress,37,17,STARTS+DPT,56,0.6032608695652174,37,0.40217391304347827
Compress,37,17,Fastazi-S,32,0.6684782608695653,31,0.33695652173913043
Compress,37,17,Fastazi-P,32,0.8858695652173914,11,0.11956521739130435
Compress,37,17,Random,92,0.2880434782608696,66,0.717391304347826
Compress,37,18,Ekstazi,32,0.6684782608695653,31,0.33695652173913043
Compress,37,18,FAST,92,0.7336956521739131,25,0.2717391304347826
Compress,37,18,Ekstazi+dpt,32,0.7445652173913043,24,0.2608695652173913
Compress,37,18,DPT,92,0.5815217391304348,39,0.42391304347826086
Compress,37,18,STARTS,56,0.766304347826087,22,0.2391304347826087
Compress,37,18,STARTS+FAST-S,56,0.5815217391304348,39,0.42391304347826086
Compress,37,18,STARTS+FAST-P,56,0.3967391304347826,56,0.6086956521739131
Compress,37,18,STARTS+DPT,56,0.592391304347826,38,0.41304347826086957
Compress,37,18,Fastazi-S,32,0.6684782608695653,31,0.33695652173913043
Compress,37,18,Fastazi-P,32,0.8858695652173914,11,0.11956521739130435
Compress,37,18,Random,92,0.9945652173913043,1,0.010869565217391304
Compress,37,19,Ekstazi,32,0.7228260869565218,26,0.2826086956521739
Compress,37,19,FAST,92,0.7445652173913043,24,0.2608695652173913
Compress,37,19,Ekstazi+dpt,32,0.7445652173913043,24,0.2608695652173913
Compress,37,19,DPT,92,0.5706521739130436,40,0.43478260869565216
Compress,37,19,STARTS,56,0.5597826086956522,41,0.44565217391304346
Compress,37,19,STARTS+FAST-S,56,0.592391304347826,38,0.41304347826086957
Compress,37,19,STARTS+FAST-P,56,0.3967391304347826,56,0.6086956521739131
Compress,37,19,STARTS+DPT,56,0.6032608695652174,37,0.40217391304347827
Compress,37,19,Fastazi-S,32,0.6684782608695653,31,0.33695652173913043
Compress,37,19,Fastazi-P,32,0.8858695652173914,11,0.11956521739130435
Compress,37,19,Random,92,0.2445652173913043,70,0.7608695652173914
Compress,37,20,Ekstazi,32,0.9619565217391305,4,0.043478260869565216
Compress,37,20,FAST,92,0.7336956521739131,25,0.2717391304347826
Compress,37,20,Ekstazi+dpt,32,0.7554347826086957,23,0.25
Compress,37,20,DPT,92,0.5815217391304348,39,0.42391304347826086
Compress,37,20,STARTS,56,0.7989130434782609,19,0.20652173913043478
Compress,37,20,STARTS+FAST-S,56,0.592391304347826,38,0.41304347826086957
Compress,37,20,STARTS+FAST-P,56,0.3967391304347826,56,0.6086956521739131
Compress,37,20,STARTS+DPT,56,0.6032608695652174,37,0.40217391304347827
Compress,37,20,Fastazi-S,32,0.6684782608695653,31,0.33695652173913043
Compress,37,20,Fastazi-P,32,0.8858695652173914,11,0.11956521739130435
Compress,37,20,Random,92,0.6902173913043478,29,0.31521739130434784
Compress,37,21,Ekstazi,32,0.907608695652174,9,0.09782608695652174
Compress,37,21,FAST,92,0.7336956521739131,25,0.2717391304347826
Compress,37,21,Ekstazi+dpt,32,0.7554347826086957,23,0.25
Compress,37,21,DPT,92,0.5815217391304348,39,0.42391304347826086
Compress,37,21,STARTS,56,0.7554347826086957,23,0.25
Compress,37,21,STARTS+FAST-S,56,0.592391304347826,38,0.41304347826086957
Compress,37,21,STARTS+FAST-P,56,0.3967391304347826,56,0.6086956521739131
Compress,37,21,STARTS+DPT,56,0.6032608695652174,37,0.40217391304347827
Compress,37,21,Fastazi-S,32,0.6684782608695653,31,0.33695652173913043
Compress,37,21,Fastazi-P,32,0.875,12,0.13043478260869565
Compress,37,21,Random,92,0.7445652173913043,24,0.2608695652173913
Compress,37,22,Ekstazi,32,0.8967391304347826,10,0.10869565217391304
Compress,37,22,FAST,92,0.7336956521739131,25,0.2717391304347826
Compress,37,22,Ekstazi+dpt,32,0.7554347826086957,23,0.25
Compress,37,22,DPT,92,0.5815217391304348,39,0.42391304347826086
Compress,37,22,STARTS,56,0.7119565217391305,27,0.29347826086956524
Compress,37,22,STARTS+FAST-S,56,0.592391304347826,38,0.41304347826086957
Compress,37,22,STARTS+FAST-P,56,0.3967391304347826,56,0.6086956521739131
Compress,37,22,STARTS+DPT,56,0.592391304347826,38,0.41304347826086957
Compress,37,22,Fastazi-S,32,0.6684782608695653,31,0.33695652173913043
Compress,37,22,Fastazi-P,32,0.8858695652173914,11,0.11956521739130435
Compress,37,22,Random,92,0.7989130434782609,19,0.20652173913043478
Compress,37,23,Ekstazi,32,0.7228260869565218,26,0.2826086956521739
Compress,37,23,FAST,92,0.7336956521739131,25,0.2717391304347826
Compress,37,23,Ekstazi+dpt,32,0.7554347826086957,23,0.25
Compress,37,23,DPT,92,0.5815217391304348,39,0.42391304347826086
Compress,37,23,STARTS,56,0.516304347826087,45,0.4891304347826087
Compress,37,23,STARTS+FAST-S,56,0.5815217391304348,39,0.42391304347826086
Compress,37,23,STARTS+FAST-P,56,0.3967391304347826,56,0.6086956521739131
Compress,37,23,STARTS+DPT,56,0.592391304347826,38,0.41304347826086957
Compress,37,23,Fastazi-S,32,0.6684782608695653,31,0.33695652173913043
Compress,37,23,Fastazi-P,32,0.8858695652173914,11,0.11956521739130435
Compress,37,23,Random,92,0.1793478260869565,76,0.8260869565217391
Compress,37,24,Ekstazi,32,0.7010869565217391,28,0.30434782608695654
Compress,37,24,FAST,92,0.7336956521739131,25,0.2717391304347826
Compress,37,24,Ekstazi+dpt,32,0.7445652173913043,24,0.2608695652173913
Compress,37,24,DPT,92,0.5815217391304348,39,0.42391304347826086
Compress,37,24,STARTS,56,0.45108695652173914,51,0.5543478260869565
Compress,37,24,STARTS+FAST-S,56,0.592391304347826,38,0.41304347826086957
Compress,37,24,STARTS+FAST-P,56,0.3967391304347826,56,0.6086956521739131
Compress,37,24,STARTS+DPT,56,0.592391304347826,38,0.41304347826086957
Compress,37,24,Fastazi-S,32,0.6684782608695653,31,0.33695652173913043
Compress,37,24,Fastazi-P,32,0.8858695652173914,11,0.11956521739130435
Compress,37,24,Random,92,0.08152173913043478,85,0.9239130434782609
Compress,37,25,Ekstazi,32,0.8206521739130436,17,0.18478260869565216
Compress,37,25,FAST,92,0.7336956521739131,25,0.2717391304347826
Compress,37,25,Ekstazi+dpt,32,0.7554347826086957,23,0.25
Compress,37,25,DPT,92,0.5815217391304348,39,0.42391304347826086
Compress,37,25,STARTS,56,0.875,12,0.13043478260869565
Compress,37,25,STARTS+FAST-S,56,0.9945652173913043,1,0.010869565217391304
Compress,37,25,STARTS+FAST-P,56,0.3967391304347826,56,0.6086956521739131
Compress,37,25,STARTS+DPT,56,0.6032608695652174,37,0.40217391304347827
Compress,37,25,Fastazi-S,32,0.9945652173913043,1,0.010869565217391304
Compress,37,25,Fastazi-P,32,0.8858695652173914,11,0.11956521739130435
Compress,37,25,Random,92,0.9945652173913043,1,0.010869565217391304
Compress,37,26,Ekstazi,32,0.9402173913043479,6,0.06521739130434782
Compress,37,26,FAST,92,0.7445652173913043,24,0.2608695652173913
Compress,37,26,Ekstazi+dpt,32,0.7554347826086957,23,0.25
Compress,37,26,DPT,92,0.5815217391304348,39,0.42391304347826086
Compress,37,26,STARTS,56,0.516304347826087,45,0.4891304347826087
Compress,37,26,STARTS+FAST-S,56,0.5815217391304348,39,0.42391304347826086
Compress,37,26,STARTS+FAST-P,56,0.3967391304347826,56,0.6086956521739131
Compress,37,26,STARTS+DPT,56,0.592391304347826,38,0.41304347826086957
Compress,37,26,Fastazi-S,32,0.6684782608695653,31,0.33695652173913043
Compress,37,26,Fastazi-P,32,0.8858695652173914,11,0.11956521739130435
Compress,37,26,Random,92,0.40760869565217395,55,0.5978260869565217
Compress,37,27,Ekstazi,32,0.6902173913043478,29,0.31521739130434784
Compress,37,27,FAST,92,0.7336956521739131,25,0.2717391304347826
Compress,37,27,Ekstazi+dpt,32,0.7445652173913043,24,0.2608695652173913
Compress,37,27,DPT,92,0.5706521739130436,40,0.43478260869565216
Compress,37,27,STARTS,56,0.6141304347826088,36,0.391304347826087
Compress,37,27,STARTS+FAST-S,56,0.592391304347826,38,0.41304347826086957
Compress,37,27,STARTS+FAST-P,56,0.3967391304347826,56,0.6086956521739131
Compress,37,27,STARTS+DPT,56,0.6032608695652174,37,0.40217391304347827
Compress,37,27,Fastazi-S,32,0.6684782608695653,31,0.33695652173913043
Compress,37,27,Fastazi-P,32,0.8858695652173914,11,0.11956521739130435
Compress,37,27,Random,92,0.9402173913043479,6,0.06521739130434782
Compress,37,28,Ekstazi,32,0.875,12,0.13043478260869565
Compress,37,28,FAST,92,0.7445652173913043,24,0.2608695652173913
Compress,37,28,Ekstazi+dpt,32,0.7445652173913043,24,0.2608695652173913
Compress,37,28,DPT,92,0.5706521739130436,40,0.43478260869565216
Compress,37,28,STARTS,56,0.8315217391304348,16,0.17391304347826086
Compress,37,28,STARTS+FAST-S,56,0.5815217391304348,39,0.42391304347826086
Compress,37,28,STARTS+FAST-P,56,0.3967391304347826,56,0.6086956521739131
Compress,37,28,STARTS+DPT,56,0.592391304347826,38,0.41304347826086957
Compress,37,28,Fastazi-S,32,0.6684782608695653,31,0.33695652173913043
Compress,37,28,Fastazi-P,32,0.8858695652173914,11,0.11956521739130435
Compress,37,28,Random,92,0.8206521739130436,17,0.18478260869565216
Compress,37,29,Ekstazi,32,0.657608695652174,32,0.34782608695652173
Compress,37,29,FAST,92,0.7445652173913043,24,0.2608695652173913
Compress,37,29,Ekstazi+dpt,32,0.7445652173913043,24,0.2608695652173913
Compress,37,29,DPT,92,0.5706521739130436,40,0.43478260869565216
Compress,37,29,STARTS,56,0.8641304347826088,13,0.14130434782608695
Compress,37,29,STARTS+FAST-S,56,0.592391304347826,38,0.41304347826086957
Compress,37,29,STARTS+FAST-P,56,0.3967391304347826,56,0.6086956521739131
Compress,37,29,STARTS+DPT,56,0.6032608695652174,37,0.40217391304347827
Compress,37,29,Fastazi-S,32,0.6684782608695653,31,0.33695652173913043
Compress,37,29,Fastazi-P,32,0.8858695652173914,11,0.11956521739130435
Compress,37,29,Random,92,0.29891304347826086,65,0.7065217391304348
Compress,37,30,Ekstazi,32,0.766304347826087,22,0.2391304347826087
Compress,37,30,FAST,92,0.7445652173913043,24,0.2608695652173913
Compress,37,30,Ekstazi+dpt,32,0.7445652173913043,24,0.2608695652173913
Compress,37,30,DPT,92,0.5706521739130436,40,0.43478260869565216
Compress,37,30,STARTS,56,0.5597826086956522,41,0.44565217391304346
Compress,37,30,STARTS+FAST-S,56,0.5815217391304348,39,0.42391304347826086
Compress,37,30,STARTS+FAST-P,56,0.3967391304347826,56,0.6086956521739131
Compress,37,30,STARTS+DPT,56,0.6032608695652174,37,0.40217391304347827
Compress,37,30,Fastazi-S,32,0.6684782608695653,31,0.33695652173913043
Compress,37,30,Fastazi-P,32,0.8858695652173914,11,0.11956521739130435
Compress,37,30,Random,92,0.6902173913043478,29,0.31521739130434784
Compress,38,1,Ekstazi,13,0.8858695652173914,11,0.11956521739130435
Compress,38,1,FAST,92,0.7554347826086957,23,0.25
Compress,38,1,Ekstazi+dpt,13,0.8858695652173914,11,0.11956521739130435
Compress,38,1,DPT,92,0.5706521739130436,40,0.43478260869565216
Compress,38,1,STARTS,55,0.6032608695652174,37,0.40217391304347827
Compress,38,1,STARTS+FAST-S,55,0.9728260869565217,3,0.03260869565217391
Compress,38,1,STARTS+FAST-P,55,0.875,12,0.13043478260869565
Compress,38,1,STARTS+DPT,55,0.6032608695652174,37,0.40217391304347827
Compress,38,1,Fastazi-S,13,0.9619565217391305,4,0.043478260869565216
Compress,38,1,Fastazi-P,13,0.9510869565217391,5,0.05434782608695652
Compress,38,1,Random,92,0.7010869565217391,28,0.30434782608695654
Compress,38,2,Ekstazi,13,0.9728260869565217,3,0.03260869565217391
Compress,38,2,FAST,92,0.7445652173913043,24,0.2608695652173913
Compress,38,2,Ekstazi+dpt,13,0.8858695652173914,11,0.11956521739130435
Compress,38,2,DPT,92,0.5815217391304348,39,0.42391304347826086
Compress,38,2,STARTS,55,0.8315217391304348,16,0.17391304347826086
Compress,38,2,STARTS+FAST-S,55,0.9728260869565217,3,0.03260869565217391
Compress,38,2,STARTS+FAST-P,55,0.9728260869565217,3,0.03260869565217391
Compress,38,2,STARTS+DPT,55,0.6141304347826088,36,0.391304347826087
Compress,38,2,Fastazi-S,13,0.9619565217391305,4,0.043478260869565216
Compress,38,2,Fastazi-P,13,0.9510869565217391,5,0.05434782608695652
Compress,38,2,Random,92,0.11413043478260873,82,0.8913043478260869
Compress,38,3,Ekstazi,13,0.8858695652173914,11,0.11956521739130435
Compress,38,3,FAST,92,0.7445652173913043,24,0.2608695652173913
Compress,38,3,Ekstazi+dpt,13,0.8858695652173914,11,0.11956521739130435
Compress,38,3,DPT,92,0.5706521739130436,40,0.43478260869565216
Compress,38,3,STARTS,55,0.7119565217391305,27,0.29347826086956524
Compress,38,3,STARTS+FAST-S,55,0.9728260869565217,3,0.03260869565217391
Compress,38,3,STARTS+FAST-P,55,0.8858695652173914,11,0.11956521739130435
Compress,38,3,STARTS+DPT,55,0.6141304347826088,36,0.391304347826087
Compress,38,3,Fastazi-S,13,0.9619565217391305,4,0.043478260869565216
Compress,38,3,Fastazi-P,13,0.9402173913043479,6,0.06521739130434782
Compress,38,3,Random,92,0.23369565217391305,71,0.7717391304347826
Compress,38,4,Ekstazi,13,0.9728260869565217,3,0.03260869565217391
Compress,38,4,FAST,92,0.7445652173913043,24,0.2608695652173913
Compress,38,4,Ekstazi+dpt,13,0.8858695652173914,11,0.11956521739130435
Compress,38,4,DPT,92,0.5815217391304348,39,0.42391304347826086
Compress,38,4,STARTS,55,0.45108695652173914,51,0.5543478260869565
Compress,38,4,STARTS+FAST-S,55,0.8858695652173914,11,0.11956521739130435
Compress,38,4,STARTS+FAST-P,55,0.8858695652173914,11,0.11956521739130435
Compress,38,4,STARTS+DPT,55,0.6141304347826088,36,0.391304347826087
Compress,38,4,Fastazi-S,13,0.9402173913043479,6,0.06521739130434782
Compress,38,4,Fastazi-P,13,0.9510869565217391,5,0.05434782608695652
Compress,38,4,Random,92,0.3532608695652174,60,0.6521739130434783
Compress,38,5,Ekstazi,13,0.9184782608695653,8,0.08695652173913043
Compress,38,5,FAST,92,0.7554347826086957,23,0.25
Compress,38,5,Ekstazi+dpt,13,0.8858695652173914,11,0.11956521739130435
Compress,38,5,DPT,92,0.5815217391304348,39,0.42391304347826086
Compress,38,5,STARTS,55,0.7336956521739131,25,0.2717391304347826
Compress,38,5,STARTS+FAST-S,55,0.9728260869565217,3,0.03260869565217391
Compress,38,5,STARTS+FAST-P,55,0.8967391304347826,10,0.10869565217391304
Compress,38,5,STARTS+DPT,55,0.6141304347826088,36,0.391304347826087
Compress,38,5,Fastazi-S,13,0.9945652173913043,1,0.010869565217391304
Compress,38,5,Fastazi-P,13,0.9510869565217391,5,0.05434782608695652
Compress,38,5,Random,92,0.11413043478260873,82,0.8913043478260869
Compress,38,6,Ekstazi,13,0.9945652173913043,1,0.010869565217391304
Compress,38,6,FAST,92,0.7445652173913043,24,0.2608695652173913
Compress,38,6,Ekstazi+dpt,13,0.8858695652173914,11,0.11956521739130435
Compress,38,6,DPT,92,0.5815217391304348,39,0.42391304347826086
Compress,38,6,STARTS,55,0.842391304347826,15,0.16304347826086957
Compress,38,6,STARTS+FAST-S,55,0.9293478260869565,7,0.07608695652173914
Compress,38,6,STARTS+FAST-P,55,0.8967391304347826,10,0.10869565217391304
Compress,38,6,STARTS+DPT,55,0.6032608695652174,37,0.40217391304347827
Compress,38,6,Fastazi-S,13,0.9728260869565217,3,0.03260869565217391
Compress,38,6,Fastazi-P,13,0.9510869565217391,5,0.05434782608695652
Compress,38,6,Random,92,0.42934782608695654,53,0.5760869565217391
Compress,38,7,Ekstazi,13,0.907608695652174,9,0.09782608695652174
Compress,38,7,FAST,92,0.7445652173913043,24,0.2608695652173913
Compress,38,7,Ekstazi+dpt,13,0.8858695652173914,11,0.11956521739130435
Compress,38,7,DPT,92,0.5815217391304348,39,0.42391304347826086
Compress,38,7,STARTS,55,0.9510869565217391,5,0.05434782608695652
Compress,38,7,STARTS+FAST-S,55,0.9728260869565217,3,0.03260869565217391
Compress,38,7,STARTS+FAST-P,55,0.8858695652173914,11,0.11956521739130435
Compress,38,7,STARTS+DPT,55,0.6141304347826088,36,0.391304347826087
Compress,38,7,Fastazi-S,13,0.9728260869565217,3,0.03260869565217391
Compress,38,7,Fastazi-P,13,0.9510869565217391,5,0.05434782608695652
Compress,38,7,Random,92,0.08152173913043478,85,0.9239130434782609
Compress,38,8,Ekstazi,13,0.8967391304347826,10,0.10869565217391304
Compress,38,8,FAST,92,0.7445652173913043,24,0.2608695652173913
Compress,38,8,Ekstazi+dpt,13,0.8858695652173914,11,0.11956521739130435
Compress,38,8,DPT,92,0.5706521739130436,40,0.43478260869565216
Compress,38,8,STARTS,55,0.8315217391304348,16,0.17391304347826086
Compress,38,8,STARTS+FAST-S,55,0.9184782608695653,8,0.08695652173913043
Compress,38,8,STARTS+FAST-P,55,0.9728260869565217,3,0.03260869565217391
Compress,38,8,STARTS+DPT,55,0.6141304347826088,36,0.391304347826087
Compress,38,8,Fastazi-S,13,0.9619565217391305,4,0.043478260869565216
Compress,38,8,Fastazi-P,13,0.9510869565217391,5,0.05434782608695652
Compress,38,8,Random,92,0.516304347826087,45,0.4891304347826087
Compress,38,9,Ekstazi,13,0.875,12,0.13043478260869565
Compress,38,9,FAST,92,0.7554347826086957,23,0.25
Compress,38,9,Ekstazi+dpt,13,0.8858695652173914,11,0.11956521739130435
Compress,38,9,DPT,92,0.5815217391304348,39,0.42391304347826086
Compress,38,9,STARTS,55,0.7880434782608696,20,0.21739130434782608
Compress,38,9,STARTS+FAST-S,55,0.8858695652173914,11,0.11956521739130435
Compress,38,9,STARTS+FAST-P,55,0.9728260869565217,3,0.03260869565217391
Compress,38,9,STARTS+DPT,55,0.6032608695652174,37,0.40217391304347827
Compress,38,9,Fastazi-S,13,0.9619565217391305,4,0.043478260869565216
Compress,38,9,Fastazi-P,13,0.9510869565217391,5,0.05434782608695652
Compress,38,9,Random,92,0.592391304347826,38,0.41304347826086957
Compress,38,10,Ekstazi,13,0.9945652173913043,1,0.010869565217391304
Compress,38,10,FAST,92,0.7554347826086957,23,0.25
Compress,38,10,Ekstazi+dpt,13,0.8858695652173914,11,0.11956521739130435
Compress,38,10,DPT,92,0.5815217391304348,39,0.42391304347826086
Compress,38,10,STARTS,55,0.9184782608695653,8,0.08695652173913043
Compress,38,10,STARTS+FAST-S,55,0.9728260869565217,3,0.03260869565217391
Compress,38,10,STARTS+FAST-P,55,0.8858695652173914,11,0.11956521739130435
Compress,38,10,STARTS+DPT,55,0.6141304347826088,36,0.391304347826087
Compress,38,10,Fastazi-S,13,0.9510869565217391,5,0.05434782608695652
Compress,38,10,Fastazi-P,13,0.9510869565217391,5,0.05434782608695652
Compress,38,10,Random,92,0.766304347826087,22,0.2391304347826087
Compress,38,11,Ekstazi,13,0.9728260869565217,3,0.03260869565217391
Compress,38,11,FAST,92,0.7445652173913043,24,0.2608695652173913
Compress,38,11,Ekstazi+dpt,13,0.8858695652173914,11,0.11956521739130435
Compress,38,11,DPT,92,0.5706521739130436,40,0.43478260869565216
Compress,38,11,STARTS,55,0.5597826086956522,41,0.44565217391304346
Compress,38,11,STARTS+FAST-S,55,0.8967391304347826,10,0.10869565217391304
Compress,38,11,STARTS+FAST-P,55,0.8858695652173914,11,0.11956521739130435
Compress,38,11,STARTS+DPT,55,0.6141304347826088,36,0.391304347826087
Compress,38,11,Fastazi-S,13,0.9402173913043479,6,0.06521739130434782
Compress,38,11,Fastazi-P,13,0.9510869565217391,5,0.05434782608695652
Compress,38,11,Random,92,0.29891304347826086,65,0.7065217391304348
Compress,38,12,Ekstazi,13,0.8967391304347826,10,0.10869565217391304
Compress,38,12,FAST,92,0.7445652173913043,24,0.2608695652173913
Compress,38,12,Ekstazi+dpt,13,0.8858695652173914,11,0.11956521739130435
Compress,38,12,DPT,92,0.5815217391304348,39,0.42391304347826086
Compress,38,12,STARTS,55,0.9836956521739131,2,0.021739130434782608
Compress,38,12,STARTS+FAST-S,55,0.9402173913043479,6,0.06521739130434782
Compress,38,12,STARTS+FAST-P,55,0.9728260869565217,3,0.03260869565217391
Compress,38,12,STARTS+DPT,55,0.6032608695652174,37,0.40217391304347827
Compress,38,12,Fastazi-S,13,0.9619565217391305,4,0.043478260869565216
Compress,38,12,Fastazi-P,13,0.9510869565217391,5,0.05434782608695652
Compress,38,12,Random,92,0.5380434782608695,43,0.4673913043478261
Compress,38,13,Ekstazi,13,0.9293478260869565,7,0.07608695652173914
Compress,38,13,FAST,92,0.7445652173913043,24,0.2608695652173913
Compress,38,13,Ekstazi+dpt,13,0.8858695652173914,11,0.11956521739130435
Compress,38,13,DPT,92,0.5815217391304348,39,0.42391304347826086
Compress,38,13,STARTS,55,0.8315217391304348,16,0.17391304347826086
Compress,38,13,STARTS+FAST-S,55,0.9728260869565217,3,0.03260869565217391
Compress,38,13,STARTS+FAST-P,55,0.875,12,0.13043478260869565
Compress,38,13,STARTS+DPT,55,0.6141304347826088,36,0.391304347826087
Compress,38,13,Fastazi-S,13,0.9619565217391305,4,0.043478260869565216
Compress,38,13,Fastazi-P,13,0.9510869565217391,5,0.05434782608695652
Compress,38,13,Random,92,0.2010869565217391,74,0.8043478260869565
Compress,38,14,Ekstazi,13,0.8641304347826088,13,0.14130434782608695
Compress,38,14,FAST,92,0.7445652173913043,24,0.2608695652173913
Compress,38,14,Ekstazi+dpt,13,0.8858695652173914,11,0.11956521739130435
Compress,38,14,DPT,92,0.5815217391304348,39,0.42391304347826086
Compress,38,14,STARTS,55,0.6032608695652174,37,0.40217391304347827
Compress,38,14,STARTS+FAST-S,55,0.9728260869565217,3,0.03260869565217391
Compress,38,14,STARTS+FAST-P,55,0.8858695652173914,11,0.11956521739130435
Compress,38,14,STARTS+DPT,55,0.6032608695652174,37,0.40217391304347827
Compress,38,14,Fastazi-S,13,0.9402173913043479,6,0.06521739130434782
Compress,38,14,Fastazi-P,13,0.9510869565217391,5,0.05434782608695652
Compress,38,14,Random,92,0.2880434782608696,66,0.717391304347826
Compress,38,15,Ekstazi,13,0.9619565217391305,4,0.043478260869565216
Compress,38,15,FAST,92,0.7445652173913043,24,0.2608695652173913
Compress,38,15,Ekstazi+dpt,13,0.8858695652173914,11,0.11956521739130435
Compress,38,15,DPT,92,0.5815217391304348,39,0.42391304347826086
Compress,38,15,STARTS,55,0.8206521739130436,17,0.18478260869565216
Compress,38,15,STARTS+FAST-S,55,0.9728260869565217,3,0.03260869565217391
Compress,38,15,STARTS+FAST-P,55,0.9728260869565217,3,0.03260869565217391
Compress,38,15,STARTS+DPT,55,0.6032608695652174,37,0.40217391304347827
Compress,38,15,Fastazi-S,13,0.9945652173913043,1,0.010869565217391304
Compress,38,15,Fastazi-P,13,0.9510869565217391,5,0.05434782608695652
Compress,38,15,Random,92,0.2880434782608696,66,0.717391304347826
Compress,38,16,Ekstazi,13,0.9402173913043479,6,0.06521739130434782
Compress,38,16,FAST,92,0.7445652173913043,24,0.2608695652173913
Compress,38,16,Ekstazi+dpt,13,0.8858695652173914,11,0.11956521739130435
Compress,38,16,DPT,92,0.5706521739130436,40,0.43478260869565216
Compress,38,16,STARTS,55,0.875,12,0.13043478260869565
Compress,38,16,STARTS+FAST-S,55,0.8858695652173914,11,0.11956521739130435
Compress,38,16,STARTS+FAST-P,55,0.9836956521739131,2,0.021739130434782608
Compress,38,16,STARTS+DPT,55,0.6032608695652174,37,0.40217391304347827
Compress,38,16,Fastazi-S,13,0.9619565217391305,4,0.043478260869565216
Compress,38,16,Fastazi-P,13,0.9510869565217391,5,0.05434782608695652
Compress,38,16,Random,92,0.3967391304347826,56,0.6086956521739131
Compress,38,17,Ekstazi,13,0.9945652173913043,1,0.010869565217391304
Compress,38,17,FAST,92,0.7445652173913043,24,0.2608695652173913
Compress,38,17,Ekstazi+dpt,13,0.8858695652173914,11,0.11956521739130435
Compress,38,17,DPT,92,0.5706521739130436,40,0.43478260869565216
Compress,38,17,STARTS,55,0.5271739130434783,44,0.4782608695652174
Compress,38,17,STARTS+FAST-S,55,0.907608695652174,9,0.09782608695652174
Compress,38,17,STARTS+FAST-P,55,0.8858695652173914,11,0.11956521739130435
Compress,38,17,STARTS+DPT,55,0.6032608695652174,37,0.40217391304347827
Compress,38,17,Fastazi-S,13,0.9619565217391305,4,0.043478260869565216
Compress,38,17,Fastazi-P,13,0.9510869565217391,5,0.05434782608695652
Compress,38,17,Random,92,0.23369565217391305,71,0.7717391304347826
Compress,38,18,Ekstazi,13,0.9728260869565217,3,0.03260869565217391
Compress,38,18,FAST,92,0.7554347826086957,23,0.25
Compress,38,18,Ekstazi+dpt,13,0.8858695652173914,11,0.11956521739130435
Compress,38,18,DPT,92,0.5815217391304348,39,0.42391304347826086
Compress,38,18,STARTS,55,0.4836956521739131,48,0.5217391304347826
Compress,38,18,STARTS+FAST-S,55,0.9728260869565217,3,0.03260869565217391
Compress,38,18,STARTS+FAST-P,55,0.8967391304347826,10,0.10869565217391304
Compress,38,18,STARTS+DPT,55,0.6032608695652174,37,0.40217391304347827
Compress,38,18,Fastazi-S,13,0.9728260869565217,3,0.03260869565217391
Compress,38,18,Fastazi-P,13,0.9510869565217391,5,0.05434782608695652
Compress,38,18,Random,92,0.4836956521739131,48,0.5217391304347826
Compress,38,19,Ekstazi,13,0.8641304347826088,13,0.14130434782608695
Compress,38,19,FAST,92,0.7445652173913043,24,0.2608695652173913
Compress,38,19,Ekstazi+dpt,13,0.8858695652173914,11,0.11956521739130435
Compress,38,19,DPT,92,0.5815217391304348,39,0.42391304347826086
Compress,38,19,STARTS,55,0.6032608695652174,37,0.40217391304347827
Compress,38,19,STARTS+FAST-S,55,0.9184782608695653,8,0.08695652173913043
Compress,38,19,STARTS+FAST-P,55,0.8858695652173914,11,0.11956521739130435
Compress,38,19,STARTS+DPT,55,0.6032608695652174,37,0.40217391304347827
Compress,38,19,Fastazi-S,13,0.9619565217391305,4,0.043478260869565216
Compress,38,19,Fastazi-P,13,0.9510869565217391,5,0.05434782608695652
Compress,38,19,Random,92,0.9619565217391305,4,0.043478260869565216
Compress,38,20,Ekstazi,13,0.9836956521739131,2,0.021739130434782608
Compress,38,20,FAST,92,0.9945652173913043,1,0.010869565217391304
Compress,38,20,Ekstazi+dpt,13,0.8858695652173914,11,0.11956521739130435
Compress,38,20,DPT,92,0.5706521739130436,40,0.43478260869565216
Compress,38,20,STARTS,55,0.842391304347826,15,0.16304347826086957
Compress,38,20,STARTS+FAST-S,55,0.9402173913043479,6,0.06521739130434782
Compress,38,20,STARTS+FAST-P,55,0.8858695652173914,11,0.11956521739130435
Compress,38,20,STARTS+DPT,55,0.6032608695652174,37,0.40217391304347827
Compress,38,20,Fastazi-S,13,0.9728260869565217,3,0.03260869565217391
Compress,38,20,Fastazi-P,13,0.9945652173913043,1,0.010869565217391304
Compress,38,20,Random,92,0.2880434782608696,66,0.717391304347826
Compress,38,21,Ekstazi,13,0.9402173913043479,6,0.06521739130434782
Compress,38,21,FAST,92,0.7445652173913043,24,0.2608695652173913
Compress,38,21,Ekstazi+dpt,13,0.8858695652173914,11,0.11956521739130435
Compress,38,21,DPT,92,0.5815217391304348,39,0.42391304347826086
Compress,38,21,STARTS,55,0.6684782608695653,31,0.33695652173913043
Compress,38,21,STARTS+FAST-S,55,0.8858695652173914,11,0.11956521739130435
Compress,38,21,STARTS+FAST-P,55,0.9728260869565217,3,0.03260869565217391
Compress,38,21,STARTS+DPT,55,0.6032608695652174,37,0.40217391304347827
Compress,38,21,Fastazi-S,13,0.9728260869565217,3,0.03260869565217391
Compress,38,21,Fastazi-P,13,0.9510869565217391,5,0.05434782608695652
Compress,38,21,Random,92,0.516304347826087,45,0.4891304347826087
Compress,38,22,Ekstazi,13,0.9402173913043479,6,0.06521739130434782
Compress,38,22,FAST,92,0.7445652173913043,24,0.2608695652173913
Compress,38,22,Ekstazi+dpt,13,0.8858695652173914,11,0.11956521739130435
Compress,38,22,DPT,92,0.5815217391304348,39,0.42391304347826086
Compress,38,22,STARTS,55,0.7119565217391305,27,0.29347826086956524
Compress,38,22,STARTS+FAST-S,55,0.9184782608695653,8,0.08695652173913043
Compress,38,22,STARTS+FAST-P,55,0.8858695652173914,11,0.11956521739130435
Compress,38,22,STARTS+DPT,55,0.6141304347826088,36,0.391304347826087
Compress,38,22,Fastazi-S,13,0.9619565217391305,4,0.043478260869565216
Compress,38,22,Fastazi-P,13,0.9510869565217391,5,0.05434782608695652
Compress,38,22,Random,92,0.027173913043478246,90,0.9782608695652174
Compress,38,23,Ekstazi,13,0.875,12,0.13043478260869565
Compress,38,23,FAST,92,0.7445652173913043,24,0.2608695652173913
Compress,38,23,Ekstazi+dpt,13,0.8858695652173914,11,0.11956521739130435
Compress,38,23,DPT,92,0.5815217391304348,39,0.42391304347826086
Compress,38,23,STARTS,55,0.592391304347826,38,0.41304347826086957
Compress,38,23,STARTS+FAST-S,55,0.8858695652173914,11,0.11956521739130435
Compress,38,23,STARTS+FAST-P,55,0.8858695652173914,11,0.11956521739130435
Compress,38,23,STARTS+DPT,55,0.6141304347826088,36,0.391304347826087
Compress,38,23,Fastazi-S,13,0.9510869565217391,5,0.05434782608695652
Compress,38,23,Fastazi-P,13,0.9510869565217391,5,0.05434782608695652
Compress,38,23,Random,92,0.6467391304347826,33,0.358695652173913
Compress,38,24,Ekstazi,13,0.9836956521739131,2,0.021739130434782608
Compress,38,24,FAST,92,0.7445652173913043,24,0.2608695652173913
Compress,38,24,Ekstazi+dpt,13,0.8858695652173914,11,0.11956521739130435
Compress,38,24,DPT,92,0.5815217391304348,39,0.42391304347826086
Compress,38,24,STARTS,55,0.875,12,0.13043478260869565
Compress,38,24,STARTS+FAST-S,55,0.8858695652173914,11,0.11956521739130435
Compress,38,24,STARTS+FAST-P,55,0.9728260869565217,3,0.03260869565217391
Compress,38,24,STARTS+DPT,55,0.6141304347826088,36,0.391304347826087
Compress,38,24,Fastazi-S,13,0.9619565217391305,4,0.043478260869565216
Compress,38,24,Fastazi-P,13,0.9510869565217391,5,0.05434782608695652
Compress,38,24,Random,92,0.6793478260869565,30,0.32608695652173914
Compress,38,25,Ekstazi,13,0.9184782608695653,8,0.08695652173913043
Compress,38,25,FAST,92,0.7445652173913043,24,0.2608695652173913
Compress,38,25,Ekstazi+dpt,13,0.8858695652173914,11,0.11956521739130435
Compress,38,25,DPT,92,0.5815217391304348,39,0.42391304347826086
Compress,38,25,STARTS,55,0.45108695652173914,51,0.5543478260869565
Compress,38,25,STARTS+FAST-S,55,0.9728260869565217,3,0.03260869565217391
Compress,38,25,STARTS+FAST-P,55,0.9728260869565217,3,0.03260869565217391
Compress,38,25,STARTS+DPT,55,0.6032608695652174,37,0.40217391304347827
Compress,38,25,Fastazi-S,13,0.9728260869565217,3,0.03260869565217391
Compress,38,25,Fastazi-P,13,0.9510869565217391,5,0.05434782608695652
Compress,38,25,Random,92,0.8315217391304348,16,0.17391304347826086
Compress,38,26,Ekstazi,13,0.9836956521739131,2,0.021739130434782608
Compress,38,26,FAST,92,0.7445652173913043,24,0.2608695652173913
Compress,38,26,Ekstazi+dpt,13,0.8858695652173914,11,0.11956521739130435
Compress,38,26,DPT,92,0.5706521739130436,40,0.43478260869565216
Compress,38,26,STARTS,55,0.4836956521739131,48,0.5217391304347826
Compress,38,26,STARTS+FAST-S,55,0.9293478260869565,7,0.07608695652173914
Compress,38,26,STARTS+FAST-P,55,0.8858695652173914,11,0.11956521739130435
Compress,38,26,STARTS+DPT,55,0.6141304347826088,36,0.391304347826087
Compress,38,26,Fastazi-S,13,0.9619565217391305,4,0.043478260869565216
Compress,38,26,Fastazi-P,13,0.9510869565217391,5,0.05434782608695652
Compress,38,26,Random,92,0.16847826086956516,77,0.8369565217391305
Compress,38,27,Ekstazi,13,0.8641304347826088,13,0.14130434782608695
Compress,38,27,FAST,92,0.7445652173913043,24,0.2608695652173913
Compress,38,27,Ekstazi+dpt,13,0.8858695652173914,11,0.11956521739130435
Compress,38,27,DPT,92,0.5815217391304348,39,0.42391304347826086
Compress,38,27,STARTS,55,0.9945652173913043,1,0.010869565217391304
Compress,38,27,STARTS+FAST-S,55,0.9728260869565217,3,0.03260869565217391
Compress,38,27,STARTS+FAST-P,55,0.8858695652173914,11,0.11956521739130435
Compress,38,27,STARTS+DPT,55,0.6141304347826088,36,0.391304347826087
Compress,38,27,Fastazi-S,13,0.9728260869565217,3,0.03260869565217391
Compress,38,27,Fastazi-P,13,0.9510869565217391,5,0.05434782608695652
Compress,38,27,Random,92,0.8967391304347826,10,0.10869565217391304
Compress,38,28,Ekstazi,13,0.9184782608695653,8,0.08695652173913043
Compress,38,28,FAST,92,0.7445652173913043,24,0.2608695652173913
Compress,38,28,Ekstazi+dpt,13,0.8858695652173914,11,0.11956521739130435
Compress,38,28,DPT,92,0.5706521739130436,40,0.43478260869565216
Compress,38,28,STARTS,55,0.842391304347826,15,0.16304347826086957
Compress,38,28,STARTS+FAST-S,55,0.8858695652173914,11,0.11956521739130435
Compress,38,28,STARTS+FAST-P,55,0.8858695652173914,11,0.11956521739130435
Compress,38,28,STARTS+DPT,55,0.6032608695652174,37,0.40217391304347827
Compress,38,28,Fastazi-S,13,0.9728260869565217,3,0.03260869565217391
Compress,38,28,Fastazi-P,13,0.9510869565217391,5,0.05434782608695652
Compress,38,28,Random,92,0.3532608695652174,60,0.6521739130434783
Compress,38,29,Ekstazi,13,0.9619565217391305,4,0.043478260869565216
Compress,38,29,FAST,92,0.7554347826086957,23,0.25
Compress,38,29,Ekstazi+dpt,13,0.8858695652173914,11,0.11956521739130435
Compress,38,29,DPT,92,0.5706521739130436,40,0.43478260869565216
Compress,38,29,STARTS,55,0.6902173913043478,29,0.31521739130434784
Compress,38,29,STARTS+FAST-S,55,0.9728260869565217,3,0.03260869565217391
Compress,38,29,STARTS+FAST-P,55,0.9728260869565217,3,0.03260869565217391
Compress,38,29,STARTS+DPT,55,0.6032608695652174,37,0.40217391304347827
Compress,38,29,Fastazi-S,13,0.9510869565217391,5,0.05434782608695652
Compress,38,29,Fastazi-P,13,0.9510869565217391,5,0.05434782608695652
Compress,38,29,Random,92,0.8315217391304348,16,0.17391304347826086
Compress,38,30,Ekstazi,13,0.9293478260869565,7,0.07608695652173914
Compress,38,30,FAST,92,0.7445652173913043,24,0.2608695652173913
Compress,38,30,Ekstazi+dpt,13,0.8858695652173914,11,0.11956521739130435
Compress,38,30,DPT,92,0.5815217391304348,39,0.42391304347826086
Compress,38,30,STARTS,55,0.842391304347826,15,0.16304347826086957
Compress,38,30,STARTS+FAST-S,55,0.8858695652173914,11,0.11956521739130435
Compress,38,30,STARTS+FAST-P,55,0.9728260869565217,3,0.03260869565217391
Compress,38,30,STARTS+DPT,55,0.6141304347826088,36,0.391304347826087
Compress,38,30,Fastazi-S,13,0.9728260869565217,3,0.03260869565217391
Compress,38,30,Fastazi-P,13,0.9510869565217391,5,0.05434782608695652
Compress,38,30,Random,92,0.5380434782608695,43,0.4673913043478261
Compress,39,1,Ekstazi,31,0.875,12,0.13043478260869565
Compress,39,1,FAST,92,0.09239130434782614,84,0.9130434782608695
Compress,39,1,Ekstazi+dpt,31,0.6684782608695653,31,0.33695652173913043
Compress,39,1,DPT,92,0.23369565217391305,71,0.7717391304347826
Compress,39,1,STARTS,60,0.8858695652173914,11,0.11956521739130435
Compress,39,1,STARTS+FAST-S,60,0.5489130434782609,42,0.45652173913043476
Compress,39,1,STARTS+FAST-P,60,0.5489130434782609,42,0.45652173913043476
Compress,39,1,STARTS+DPT,60,0.38586956521739135,57,0.6195652173913043
Compress,39,1,Fastazi-S,31,0.6684782608695653,31,0.33695652173913043
Compress,39,1,Fastazi-P,31,0.6793478260869565,30,0.32608695652173914
Compress,39,1,Random,92,0.7119565217391305,27,0.29347826086956524
Compress,39,2,Ekstazi,31,0.9510869565217391,5,0.05434782608695652
Compress,39,2,FAST,92,0.09239130434782614,84,0.9130434782608695
Compress,39,2,Ekstazi+dpt,31,0.6684782608695653,31,0.33695652173913043
Compress,39,2,DPT,92,0.23369565217391305,71,0.7717391304347826
Compress,39,2,STARTS,60,0.9402173913043479,6,0.06521739130434782
Compress,39,2,STARTS+FAST-S,60,0.5489130434782609,42,0.45652173913043476
Compress,39,2,STARTS+FAST-P,60,0.5489130434782609,42,0.45652173913043476
Compress,39,2,STARTS+DPT,60,0.3967391304347826,56,0.6086956521739131
Compress,39,2,Fastazi-S,31,0.6684782608695653,31,0.33695652173913043
Compress,39,2,Fastazi-P,31,0.6793478260869565,30,0.32608695652173914
Compress,39,2,Random,92,0.4184782608695652,54,0.5869565217391305
Compress,39,3,Ekstazi,31,0.9728260869565217,3,0.03260869565217391
Compress,39,3,FAST,92,0.9945652173913043,1,0.010869565217391304
Compress,39,3,Ekstazi+dpt,31,0.6684782608695653,31,0.33695652173913043
Compress,39,3,DPT,92,0.23369565217391305,71,0.7717391304347826
Compress,39,3,STARTS,60,0.4619565217391305,50,0.5434782608695652
Compress,39,3,STARTS+FAST-S,60,0.5597826086956522,41,0.44565217391304346
Compress,39,3,STARTS+FAST-P,60,0.5597826086956522,41,0.44565217391304346
Compress,39,3,STARTS+DPT,60,0.38586956521739135,57,0.6195652173913043
Compress,39,3,Fastazi-S,31,0.6684782608695653,31,0.33695652173913043
Compress,39,3,Fastazi-P,31,0.9945652173913043,1,0.010869565217391304
Compress,39,3,Random,92,0.04891304347826084,88,0.9565217391304348
Compress,39,4,Ekstazi,31,0.7445652173913043,24,0.2608695652173913
Compress,39,4,FAST,92,0.08152173913043478,85,0.9239130434782609
Compress,39,4,Ekstazi+dpt,31,0.6684782608695653,31,0.33695652173913043
Compress,39,4,DPT,92,0.26630434782608703,68,0.7391304347826086
Compress,39,4,STARTS,60,0.6902173913043478,29,0.31521739130434784
Compress,39,4,STARTS+FAST-S,60,0.5489130434782609,42,0.45652173913043476
Compress,39,4,STARTS+FAST-P,60,0.5597826086956522,41,0.44565217391304346
Compress,39,4,STARTS+DPT,60,0.3967391304347826,56,0.6086956521739131
Compress,39,4,Fastazi-S,31,0.6684782608695653,31,0.33695652173913043
Compress,39,4,Fastazi-P,31,0.6793478260869565,30,0.32608695652173914
Compress,39,4,Random,92,0.5815217391304348,39,0.42391304347826086
Compress,39,5,Ekstazi,31,0.7989130434782609,19,0.20652173913043478
Compress,39,5,FAST,92,0.09239130434782614,84,0.9130434782608695
Compress,39,5,Ekstazi+dpt,31,0.6684782608695653,31,0.33695652173913043
Compress,39,5,DPT,92,0.26630434782608703,68,0.7391304347826086
Compress,39,5,STARTS,60,0.8532608695652174,14,0.15217391304347827
Compress,39,5,STARTS+FAST-S,60,0.5489130434782609,42,0.45652173913043476
Compress,39,5,STARTS+FAST-P,60,0.5489130434782609,42,0.45652173913043476
Compress,39,5,STARTS+DPT,60,0.3967391304347826,56,0.6086956521739131
Compress,39,5,Fastazi-S,31,0.6684782608695653,31,0.33695652173913043
Compress,39,5,Fastazi-P,31,0.6793478260869565,30,0.32608695652173914
Compress,39,5,Random,92,0.8097826086956522,18,0.1956521739130435
Compress,39,6,Ekstazi,31,0.766304347826087,22,0.2391304347826087
Compress,39,6,FAST,92,0.09239130434782614,84,0.9130434782608695
Compress,39,6,Ekstazi+dpt,31,0.6684782608695653,31,0.33695652173913043
Compress,39,6,DPT,92,0.26630434782608703,68,0.7391304347826086
Compress,39,6,STARTS,60,0.8206521739130436,17,0.18478260869565216
Compress,39,6,STARTS+FAST-S,60,0.5597826086956522,41,0.44565217391304346
Compress,39,6,STARTS+FAST-P,60,0.5489130434782609,42,0.45652173913043476
Compress,39,6,STARTS+DPT,60,0.38586956521739135,57,0.6195652173913043
Compress,39,6,Fastazi-S,31,0.6684782608695653,31,0.33695652173913043
Compress,39,6,Fastazi-P,31,0.6793478260869565,30,0.32608695652173914
Compress,39,6,Random,92,0.12499999999999997,81,0.8804347826086957
Compress,39,7,Ekstazi,31,0.8858695652173914,11,0.11956521739130435
Compress,39,7,FAST,92,0.08152173913043478,85,0.9239130434782609
Compress,39,7,Ekstazi+dpt,31,0.6684782608695653,31,0.33695652173913043
Compress,39,7,DPT,92,0.2228260869565217,72,0.782608695652174
Compress,39,7,STARTS,60,0.9728260869565217,3,0.03260869565217391
Compress,39,7,STARTS+FAST-S,60,0.5597826086956522,41,0.44565217391304346
Compress,39,7,STARTS+FAST-P,60,0.5489130434782609,42,0.45652173913043476
Compress,39,7,STARTS+DPT,60,0.38586956521739135,57,0.6195652173913043
Compress,39,7,Fastazi-S,31,0.6684782608695653,31,0.33695652173913043
Compress,39,7,Fastazi-P,31,0.6793478260869565,30,0.32608695652173914
Compress,39,7,Random,92,0.7554347826086957,23,0.25
Compress,39,8,Ekstazi,31,0.9619565217391305,4,0.043478260869565216
Compress,39,8,FAST,92,0.09239130434782614,84,0.9130434782608695
Compress,39,8,Ekstazi+dpt,31,0.6684782608695653,31,0.33695652173913043
Compress,39,8,DPT,92,0.2228260869565217,72,0.782608695652174
Compress,39,8,STARTS,60,0.842391304347826,15,0.16304347826086957
Compress,39,8,STARTS+FAST-S,60,0.5489130434782609,42,0.45652173913043476
Compress,39,8,STARTS+FAST-P,60,0.5597826086956522,41,0.44565217391304346
Compress,39,8,STARTS+DPT,60,0.40760869565217395,55,0.5978260869565217
Compress,39,8,Fastazi-S,31,0.6684782608695653,31,0.33695652173913043
Compress,39,8,Fastazi-P,31,0.6793478260869565,30,0.32608695652173914
Compress,39,8,Random,92,0.8532608695652174,14,0.15217391304347827
Compress,39,9,Ekstazi,31,0.7771739130434783,21,0.22826086956521738
Compress,39,9,FAST,92,0.09239130434782614,84,0.9130434782608695
Compress,39,9,Ekstazi+dpt,31,0.6684782608695653,31,0.33695652173913043
Compress,39,9,DPT,92,0.2880434782608696,66,0.717391304347826
Compress,39,9,STARTS,60,0.36413043478260876,59,0.6413043478260869
Compress,39,9,STARTS+FAST-S,60,0.5597826086956522,41,0.44565217391304346
Compress,39,9,STARTS+FAST-P,60,0.5597826086956522,41,0.44565217391304346
Compress,39,9,STARTS+DPT,60,0.3967391304347826,56,0.6086956521739131
Compress,39,9,Fastazi-S,31,0.6684782608695653,31,0.33695652173913043
Compress,39,9,Fastazi-P,31,0.6793478260869565,30,0.32608695652173914
Compress,39,9,Random,92,0.2880434782608696,66,0.717391304347826
Compress,39,10,Ekstazi,31,0.7989130434782609,19,0.20652173913043478
Compress,39,10,FAST,92,0.09239130434782614,84,0.9130434782608695
Compress,39,10,Ekstazi+dpt,31,0.6684782608695653,31,0.33695652173913043
Compress,39,10,DPT,92,0.23369565217391305,71,0.7717391304347826
Compress,39,10,STARTS,60,0.4184782608695652,54,0.5869565217391305
Compress,39,10,STARTS+FAST-S,60,0.5597826086956522,41,0.44565217391304346
Compress,39,10,STARTS+FAST-P,60,0.5597826086956522,41,0.44565217391304346
Compress,39,10,STARTS+DPT,60,0.40760869565217395,55,0.5978260869565217
Compress,39,10,Fastazi-S,31,0.6684782608695653,31,0.33695652173913043
Compress,39,10,Fastazi-P,31,0.6793478260869565,30,0.32608695652173914
Compress,39,10,Random,92,0.6358695652173914,34,0.3695652173913043
Compress,39,11,Ekstazi,31,0.8206521739130436,17,0.18478260869565216
Compress,39,11,FAST,92,0.09239130434782614,84,0.9130434782608695
Compress,39,11,Ekstazi+dpt,31,0.6684782608695653,31,0.33695652173913043
Compress,39,11,DPT,92,0.2880434782608696,66,0.717391304347826
Compress,39,11,STARTS,60,0.625,35,0.3804347826086957
Compress,39,11,STARTS+FAST-S,60,0.5597826086956522,41,0.44565217391304346
Compress,39,11,STARTS+FAST-P,60,0.5489130434782609,42,0.45652173913043476
Compress,39,11,STARTS+DPT,60,0.3967391304347826,56,0.6086956521739131
Compress,39,11,Fastazi-S,31,0.6684782608695653,31,0.33695652173913043
Compress,39,11,Fastazi-P,31,0.6793478260869565,30,0.32608695652173914
Compress,39,11,Random,92,0.09239130434782614,84,0.9130434782608695
Compress,39,12,Ekstazi,31,0.9836956521739131,2,0.021739130434782608
Compress,39,12,FAST,92,0.09239130434782614,84,0.9130434782608695
Compress,39,12,Ekstazi+dpt,31,0.6684782608695653,31,0.33695652173913043
Compress,39,12,DPT,92,0.29891304347826086,65,0.7065217391304348
Compress,39,12,STARTS,60,0.4184782608695652,54,0.5869565217391305
Compress,39,12,STARTS+FAST-S,60,0.5489130434782609,42,0.45652173913043476
Compress,39,12,STARTS+FAST-P,60,0.5597826086956522,41,0.44565217391304346
Compress,39,12,STARTS+DPT,60,0.38586956521739135,57,0.6195652173913043
Compress,39,12,Fastazi-S,31,0.6684782608695653,31,0.33695652173913043
Compress,39,12,Fastazi-P,31,0.6793478260869565,30,0.32608695652173914
Compress,39,12,Random,92,0.6902173913043478,29,0.31521739130434784
Compress,39,13,Ekstazi,31,0.8315217391304348,16,0.17391304347826086
Compress,39,13,FAST,92,0.09239130434782614,84,0.9130434782608695
Compress,39,13,Ekstazi+dpt,31,0.6684782608695653,31,0.33695652173913043
Compress,39,13,DPT,92,0.26630434782608703,68,0.7391304347826086
Compress,39,13,STARTS,60,0.7119565217391305,27,0.29347826086956524
Compress,39,13,STARTS+FAST-S,60,0.5489130434782609,42,0.45652173913043476
Compress,39,13,STARTS+FAST-P,60,0.40760869565217395,55,0.5978260869565217
Compress,39,13,STARTS+DPT,60,0.38586956521739135,57,0.6195652173913043
Compress,39,13,Fastazi-S,31,0.6684782608695653,31,0.33695652173913043
Compress,39,13,Fastazi-P,31,0.6793478260869565,30,0.32608695652173914
Compress,39,13,Random,92,0.7010869565217391,28,0.30434782608695654
Compress,39,14,Ekstazi,31,0.9402173913043479,6,0.06521739130434782
Compress,39,14,FAST,92,0.09239130434782614,84,0.9130434782608695
Compress,39,14,Ekstazi+dpt,31,0.6684782608695653,31,0.33695652173913043
Compress,39,14,DPT,92,0.2880434782608696,66,0.717391304347826
Compress,39,14,STARTS,60,0.9293478260869565,7,0.07608695652173914
Compress,39,14,STARTS+FAST-S,60,0.5489130434782609,42,0.45652173913043476
Compress,39,14,STARTS+FAST-P,60,0.5597826086956522,41,0.44565217391304346
Compress,39,14,STARTS+DPT,60,0.3967391304347826,56,0.6086956521739131
Compress,39,14,Fastazi-S,31,0.6684782608695653,31,0.33695652173913043
Compress,39,14,Fastazi-P,31,0.6793478260869565,30,0.32608695652173914
Compress,39,14,Random,92,0.14673913043478257,79,0.8586956521739131
Compress,39,15,Ekstazi,31,0.9945652173913043,1,0.010869565217391304
Compress,39,15,FAST,92,0.09239130434782614,84,0.9130434782608695
Compress,39,15,Ekstazi+dpt,31,0.6684782608695653,31,0.33695652173913043
Compress,39,15,DPT,92,0.2445652173913043,70,0.7608695652173914
Compress,39,15,STARTS,60,0.9510869565217391,5,0.05434782608695652
Compress,39,15,STARTS+FAST-S,60,0.5597826086956522,41,0.44565217391304346
Compress,39,15,STARTS+FAST-P,60,0.36413043478260876,59,0.6413043478260869
Compress,39,15,STARTS+DPT,60,0.3967391304347826,56,0.6086956521739131
Compress,39,15,Fastazi-S,31,0.6684782608695653,31,0.33695652173913043
Compress,39,15,Fastazi-P,31,0.6793478260869565,30,0.32608695652173914
Compress,39,15,Random,92,0.7119565217391305,27,0.29347826086956524
Compress,39,16,Ekstazi,31,0.7771739130434783,21,0.22826086956521738
Compress,39,16,FAST,92,0.09239130434782614,84,0.9130434782608695
Compress,39,16,Ekstazi+dpt,31,0.6684782608695653,31,0.33695652173913043
Compress,39,16,DPT,92,0.2445652173913043,70,0.7608695652173914
Compress,39,16,STARTS,60,0.9293478260869565,7,0.07608695652173914
Compress,39,16,STARTS+FAST-S,60,0.4184782608695652,54,0.5869565217391305
Compress,39,16,STARTS+FAST-P,60,0.5597826086956522,41,0.44565217391304346
Compress,39,16,STARTS+DPT,60,0.38586956521739135,57,0.6195652173913043
Compress,39,16,Fastazi-S,31,0.6684782608695653,31,0.33695652173913043
Compress,39,16,Fastazi-P,31,0.6793478260869565,30,0.32608695652173914
Compress,39,16,Random,92,0.19021739130434787,75,0.8152173913043478
Compress,39,17,Ekstazi,31,0.7554347826086957,23,0.25
Compress,39,17,FAST,92,0.09239130434782614,84,0.9130434782608695
Compress,39,17,Ekstazi+dpt,31,0.6684782608695653,31,0.33695652173913043
Compress,39,17,DPT,92,0.29891304347826086,65,0.7065217391304348
Compress,39,17,STARTS,60,0.7010869565217391,28,0.30434782608695654
Compress,39,17,STARTS+FAST-S,60,0.5597826086956522,41,0.44565217391304346
Compress,39,17,STARTS+FAST-P,60,0.5489130434782609,42,0.45652173913043476
Compress,39,17,STARTS+DPT,60,0.3967391304347826,56,0.6086956521739131
Compress,39,17,Fastazi-S,31,0.6684782608695653,31,0.33695652173913043
Compress,39,17,Fastazi-P,31,0.6793478260869565,30,0.32608695652173914
Compress,39,17,Random,92,0.8097826086956522,18,0.1956521739130435
Compress,39,18,Ekstazi,31,0.7771739130434783,21,0.22826086956521738
Compress,39,18,FAST,92,0.09239130434782614,84,0.9130434782608695
Compress,39,18,Ekstazi+dpt,31,0.6684782608695653,31,0.33695652173913043
Compress,39,18,DPT,92,0.29891304347826086,65,0.7065217391304348
Compress,39,18,STARTS,60,0.5815217391304348,39,0.42391304347826086
Compress,39,18,STARTS+FAST-S,60,0.5597826086956522,41,0.44565217391304346
Compress,39,18,STARTS+FAST-P,60,0.5597826086956522,41,0.44565217391304346
Compress,39,18,STARTS+DPT,60,0.40760869565217395,55,0.5978260869565217
Compress,39,18,Fastazi-S,31,0.6684782608695653,31,0.33695652173913043
Compress,39,18,Fastazi-P,31,0.6793478260869565,30,0.32608695652173914
Compress,39,18,Random,92,0.15760869565217392,78,0.8478260869565217
Compress,39,19,Ekstazi,31,0.9945652173913043,1,0.010869565217391304
Compress,39,19,FAST,92,0.09239130434782614,84,0.9130434782608695
Compress,39,19,Ekstazi+dpt,31,0.6684782608695653,31,0.33695652173913043
Compress,39,19,DPT,92,0.27717391304347827,67,0.7282608695652174
Compress,39,19,STARTS,60,0.7554347826086957,23,0.25
Compress,39,19,STARTS+FAST-S,60,0.5489130434782609,42,0.45652173913043476
Compress,39,19,STARTS+FAST-P,60,0.5489130434782609,42,0.45652173913043476
Compress,39,19,STARTS+DPT,60,0.38586956521739135,57,0.6195652173913043
Compress,39,19,Fastazi-S,31,0.6684782608695653,31,0.33695652173913043
Compress,39,19,Fastazi-P,31,0.6793478260869565,30,0.32608695652173914
Compress,39,19,Random,92,0.3097826086956522,64,0.6956521739130435
Compress,39,20,Ekstazi,31,0.8097826086956522,18,0.1956521739130435
Compress,39,20,FAST,92,0.09239130434782614,84,0.9130434782608695
Compress,39,20,Ekstazi+dpt,31,0.6684782608695653,31,0.33695652173913043
Compress,39,20,DPT,92,0.2554347826086957,69,0.75
Compress,39,20,STARTS,60,0.7554347826086957,23,0.25
Compress,39,20,STARTS+FAST-S,60,0.5489130434782609,42,0.45652173913043476
Compress,39,20,STARTS+FAST-P,60,0.5597826086956522,41,0.44565217391304346
Compress,39,20,STARTS+DPT,60,0.40760869565217395,55,0.5978260869565217
Compress,39,20,Fastazi-S,31,0.6684782608695653,31,0.33695652173913043
Compress,39,20,Fastazi-P,31,0.6793478260869565,30,0.32608695652173914
Compress,39,20,Random,92,0.5054347826086957,46,0.5
Compress,39,21,Ekstazi,31,0.8532608695652174,14,0.15217391304347827
Compress,39,21,FAST,92,0.09239130434782614,84,0.9130434782608695
Compress,39,21,Ekstazi+dpt,31,0.6684782608695653,31,0.33695652173913043
Compress,39,21,DPT,92,0.26630434782608703,68,0.7391304347826086
Compress,39,21,STARTS,60,0.5706521739130436,40,0.43478260869565216
Compress,39,21,STARTS+FAST-S,60,0.5489130434782609,42,0.45652173913043476
Compress,39,21,STARTS+FAST-P,60,0.5489130434782609,42,0.45652173913043476
Compress,39,21,STARTS+DPT,60,0.40760869565217395,55,0.5978260869565217
Compress,39,21,Fastazi-S,31,0.6684782608695653,31,0.33695652173913043
Compress,39,21,Fastazi-P,31,0.6793478260869565,30,0.32608695652173914
Compress,39,21,Random,92,0.375,58,0.6304347826086957
Compress,39,22,Ekstazi,31,0.6793478260869565,30,0.32608695652173914
Compress,39,22,FAST,92,0.09239130434782614,84,0.9130434782608695
Compress,39,22,Ekstazi+dpt,31,0.6684782608695653,31,0.33695652173913043
Compress,39,22,DPT,92,0.2445652173913043,70,0.7608695652173914
Compress,39,22,STARTS,60,0.7989130434782609,19,0.20652173913043478
Compress,39,22,STARTS+FAST-S,60,0.5597826086956522,41,0.44565217391304346
Compress,39,22,STARTS+FAST-P,60,0.5597826086956522,41,0.44565217391304346
Compress,39,22,STARTS+DPT,60,0.40760869565217395,55,0.5978260869565217
Compress,39,22,Fastazi-S,31,0.6684782608695653,31,0.33695652173913043
Compress,39,22,Fastazi-P,31,0.6793478260869565,30,0.32608695652173914
Compress,39,22,Random,92,0.27717391304347827,67,0.7282608695652174
Compress,39,23,Ekstazi,31,0.9619565217391305,4,0.043478260869565216
Compress,39,23,FAST,92,0.09239130434782614,84,0.9130434782608695
Compress,39,23,Ekstazi+dpt,31,0.6684782608695653,31,0.33695652173913043
Compress,39,23,DPT,92,0.2445652173913043,70,0.7608695652173914
Compress,39,23,STARTS,60,0.9402173913043479,6,0.06521739130434782
Compress,39,23,STARTS+FAST-S,60,0.5489130434782609,42,0.45652173913043476
Compress,39,23,STARTS+FAST-P,60,0.5489130434782609,42,0.45652173913043476
Compress,39,23,STARTS+DPT,60,0.3967391304347826,56,0.6086956521739131
Compress,39,23,Fastazi-S,31,0.6684782608695653,31,0.33695652173913043
Compress,39,23,Fastazi-P,31,0.6793478260869565,30,0.32608695652173914
Compress,39,23,Random,92,0.5706521739130436,40,0.43478260869565216
Compress,39,24,Ekstazi,31,0.8315217391304348,16,0.17391304347826086
Compress,39,24,FAST,92,0.09239130434782614,84,0.9130434782608695
Compress,39,24,Ekstazi+dpt,31,0.6684782608695653,31,0.33695652173913043
Compress,39,24,DPT,92,0.2554347826086957,69,0.75
Compress,39,24,STARTS,60,0.7989130434782609,19,0.20652173913043478
Compress,39,24,STARTS+FAST-S,60,0.5597826086956522,41,0.44565217391304346
Compress,39,24,STARTS+FAST-P,60,0.5597826086956522,41,0.44565217391304346
Compress,39,24,STARTS+DPT,60,0.40760869565217395,55,0.5978260869565217
Compress,39,24,Fastazi-S,31,0.6684782608695653,31,0.33695652173913043
Compress,39,24,Fastazi-P,31,0.6793478260869565,30,0.32608695652173914
Compress,39,24,Random,92,0.9402173913043479,6,0.06521739130434782
Compress,39,25,Ekstazi,31,0.9728260869565217,3,0.03260869565217391
Compress,39,25,FAST,92,0.09239130434782614,84,0.9130434782608695
Compress,39,25,Ekstazi+dpt,31,0.6684782608695653,31,0.33695652173913043
Compress,39,25,DPT,92,0.29891304347826086,65,0.7065217391304348
Compress,39,25,STARTS,60,0.6684782608695653,31,0.33695652173913043
Compress,39,25,STARTS+FAST-S,60,0.5489130434782609,42,0.45652173913043476
Compress,39,25,STARTS+FAST-P,60,0.5597826086956522,41,0.44565217391304346
Compress,39,25,STARTS+DPT,60,0.40760869565217395,55,0.5978260869565217
Compress,39,25,Fastazi-S,31,0.6684782608695653,31,0.33695652173913043
Compress,39,25,Fastazi-P,31,0.6793478260869565,30,0.32608695652173914
Compress,39,25,Random,92,0.027173913043478246,90,0.9782608695652174
Compress,39,26,Ekstazi,31,0.8532608695652174,14,0.15217391304347827
Compress,39,26,FAST,92,0.09239130434782614,84,0.9130434782608695
Compress,39,26,Ekstazi+dpt,31,0.6684782608695653,31,0.33695652173913043
Compress,39,26,DPT,92,0.26630434782608703,68,0.7391304347826086
Compress,39,26,STARTS,60,0.5380434782608695,43,0.4673913043478261
Compress,39,26,STARTS+FAST-S,60,0.5489130434782609,42,0.45652173913043476
Compress,39,26,STARTS+FAST-P,60,0.5489130434782609,42,0.45652173913043476
Compress,39,26,STARTS+DPT,60,0.40760869565217395,55,0.5978260869565217
Compress,39,26,Fastazi-S,31,0.6684782608695653,31,0.33695652173913043
Compress,39,26,Fastazi-P,31,0.6793478260869565,30,0.32608695652173914
Compress,39,26,Random,92,0.08152173913043478,85,0.9239130434782609
Compress,39,27,Ekstazi,31,0.7228260869565218,26,0.2826086956521739
Compress,39,27,FAST,92,0.09239130434782614,84,0.9130434782608695
Compress,39,27,Ekstazi+dpt,31,0.6684782608695653,31,0.33695652173913043
Compress,39,27,DPT,92,0.23369565217391305,71,0.7717391304347826
Compress,39,27,STARTS,60,0.625,35,0.3804347826086957
Compress,39,27,STARTS+FAST-S,60,0.5597826086956522,41,0.44565217391304346
Compress,39,27,STARTS+FAST-P,60,0.5597826086956522,41,0.44565217391304346
Compress,39,27,STARTS+DPT,60,0.40760869565217395,55,0.5978260869565217
Compress,39,27,Fastazi-S,31,0.6684782608695653,31,0.33695652173913043
Compress,39,27,Fastazi-P,31,0.6793478260869565,30,0.32608695652173914
Compress,39,27,Random,92,0.3315217391304348,62,0.6739130434782609
Compress,39,28,Ekstazi,31,0.7554347826086957,23,0.25
Compress,39,28,FAST,92,0.09239130434782614,84,0.9130434782608695
Compress,39,28,Ekstazi+dpt,31,0.6684782608695653,31,0.33695652173913043
Compress,39,28,DPT,92,0.2228260869565217,72,0.782608695652174
Compress,39,28,STARTS,60,0.40760869565217395,55,0.5978260869565217
Compress,39,28,STARTS+FAST-S,60,0.5597826086956522,41,0.44565217391304346
Compress,39,28,STARTS+FAST-P,60,0.5489130434782609,42,0.45652173913043476
Compress,39,28,STARTS+DPT,60,0.3967391304347826,56,0.6086956521739131
Compress,39,28,Fastazi-S,31,0.6684782608695653,31,0.33695652173913043
Compress,39,28,Fastazi-P,31,0.6684782608695653,31,0.33695652173913043
Compress,39,28,Random,92,0.4402173913043479,52,0.5652173913043478
Compress,39,29,Ekstazi,31,0.8967391304347826,10,0.10869565217391304
Compress,39,29,FAST,92,0.09239130434782614,84,0.9130434782608695
Compress,39,29,Ekstazi+dpt,31,0.6684782608695653,31,0.33695652173913043
Compress,39,29,DPT,92,0.2554347826086957,69,0.75
Compress,39,29,STARTS,60,0.5054347826086957,46,0.5
Compress,39,29,STARTS+FAST-S,60,0.5489130434782609,42,0.45652173913043476
Compress,39,29,STARTS+FAST-P,60,0.5597826086956522,41,0.44565217391304346
Compress,39,29,STARTS+DPT,60,0.40760869565217395,55,0.5978260869565217
Compress,39,29,Fastazi-S,31,0.6684782608695653,31,0.33695652173913043
Compress,39,29,Fastazi-P,31,0.6793478260869565,30,0.32608695652173914
Compress,39,29,Random,92,0.1793478260869565,76,0.8260869565217391
Compress,39,30,Ekstazi,31,0.8097826086956522,18,0.1956521739130435
Compress,39,30,FAST,92,0.09239130434782614,84,0.9130434782608695
Compress,39,30,Ekstazi+dpt,31,0.6684782608695653,31,0.33695652173913043
Compress,39,30,DPT,92,0.2880434782608696,66,0.717391304347826
Compress,39,30,STARTS,60,0.7989130434782609,19,0.20652173913043478
Compress,39,30,STARTS+FAST-S,60,0.5597826086956522,41,0.44565217391304346
Compress,39,30,STARTS+FAST-P,60,0.5489130434782609,42,0.45652173913043476
Compress,39,30,STARTS+DPT,60,0.38586956521739135,57,0.6195652173913043
Compress,39,30,Fastazi-S,31,0.6684782608695653,31,0.33695652173913043
Compress,39,30,Fastazi-P,31,0.6793478260869565,30,0.32608695652173914
Compress,39,30,Random,92,0.907608695652174,9,0.09782608695652174
Compress,40,1,Ekstazi,92,0.4139784946236559,55,0.5913978494623656
Compress,40,1,FAST,93,0.059139784946236514,88,0.946236559139785
Compress,40,1,Ekstazi+dpt,92,0.08064516129032262,86,0.9247311827956989
Compress,40,1,DPT,93,0.01612903225806451,92,0.989247311827957
Compress,40,1,STARTS,93,0.9408602150537635,6,0.06451612903225806
Compress,40,1,STARTS+FAST-S,93,0.06989247311827962,87,0.9354838709677419
Compress,40,1,STARTS+FAST-P,93,0.06989247311827962,87,0.9354838709677419
Compress,40,1,STARTS+DPT,93,0.12365591397849462,82,0.8817204301075269
Compress,40,1,Fastazi-S,92,0.06989247311827962,87,0.9354838709677419
Compress,40,1,Fastazi-P,92,0.06989247311827962,87,0.9354838709677419
Compress,40,1,Random,93,0.30645161290322576,65,0.6989247311827957
Compress,40,2,Ekstazi,92,0.7258064516129032,26,0.27956989247311825
Compress,40,2,FAST,93,0.059139784946236514,88,0.946236559139785
Compress,40,2,Ekstazi+dpt,92,0.01612903225806451,92,0.989247311827957
Compress,40,2,DPT,93,0.03763440860215051,90,0.967741935483871
Compress,40,2,STARTS,93,0.8010752688172043,19,0.20430107526881722
Compress,40,2,STARTS+FAST-S,93,0.06989247311827962,87,0.9354838709677419
Compress,40,2,STARTS+FAST-P,93,0.29569892473118276,66,0.7096774193548387
Compress,40,2,STARTS+DPT,93,0.059139784946236514,88,0.946236559139785
Compress,40,2,Fastazi-S,92,0.06989247311827962,87,0.9354838709677419
Compress,40,2,Fastazi-P,92,0.06989247311827962,87,0.9354838709677419
Compress,40,2,Random,93,0.7258064516129032,26,0.27956989247311825
Compress,40,3,Ekstazi,92,0.543010752688172,43,0.46236559139784944
Compress,40,3,FAST,93,0.059139784946236514,88,0.946236559139785
Compress,40,3,Ekstazi+dpt,92,0.03763440860215051,90,0.967741935483871
Compress,40,3,DPT,93,0.059139784946236514,88,0.946236559139785
Compress,40,3,STARTS,93,0.7580645161290323,23,0.24731182795698925
Compress,40,3,STARTS+FAST-S,93,0.9946236559139785,1,0.010752688172043012
Compress,40,3,STARTS+FAST-P,93,0.29569892473118276,66,0.7096774193548387
Compress,40,3,STARTS+DPT,93,0.01612903225806451,92,0.989247311827957
Compress,40,3,Fastazi-S,92,0.06989247311827962,87,0.9354838709677419
Compress,40,3,Fastazi-P,92,0.06989247311827962,87,0.9354838709677419
Compress,40,3,Random,93,0.08064516129032262,86,0.9247311827956989
Compress,40,4,Ekstazi,92,0.31720430107526876,64,0.6881720430107527
Compress,40,4,FAST,93,0.059139784946236514,88,0.946236559139785
Compress,40,4,Ekstazi+dpt,92,0.08064516129032262,86,0.9247311827956989
Compress,40,4,DPT,93,0.01612903225806451,92,0.989247311827957
Compress,40,4,STARTS,93,0.8440860215053764,15,0.16129032258064516
Compress,40,4,STARTS+FAST-S,93,0.06989247311827962,87,0.9354838709677419
Compress,40,4,STARTS+FAST-P,93,0.06989247311827962,87,0.9354838709677419
Compress,40,4,STARTS+DPT,93,0.10215053763440862,84,0.9032258064516129
Compress,40,4,Fastazi-S,92,0.06989247311827962,87,0.9354838709677419
Compress,40,4,Fastazi-P,92,0.06989247311827962,87,0.9354838709677419
Compress,40,4,Random,93,0.8655913978494624,13,0.13978494623655913
Compress,40,5,Ekstazi,92,0.7580645161290323,23,0.24731182795698925
Compress,40,5,FAST,93,0.059139784946236514,88,0.946236559139785
Compress,40,5,Ekstazi+dpt,92,0.01612903225806451,92,0.989247311827957
Compress,40,5,DPT,93,0.03763440860215051,90,0.967741935483871
Compress,40,5,STARTS,93,0.5,47,0.5053763440860215
Compress,40,5,STARTS+FAST-S,93,0.059139784946236514,88,0.946236559139785
Compress,40,5,STARTS+FAST-P,93,0.06989247311827962,87,0.9354838709677419
Compress,40,5,STARTS+DPT,93,0.01612903225806451,92,0.989247311827957
Compress,40,5,Fastazi-S,92,0.06989247311827962,87,0.9354838709677419
Compress,40,5,Fastazi-P,92,0.06989247311827962,87,0.9354838709677419
Compress,40,5,Random,93,0.467741935483871,50,0.5376344086021505
Compress,40,6,Ekstazi,92,0.10215053763440862,84,0.9032258064516129
Compress,40,6,FAST,93,0.059139784946236514,88,0.946236559139785
Compress,40,6,Ekstazi+dpt,92,0.01612903225806451,92,0.989247311827957
Compress,40,6,DPT,93,0.04838709677419351,89,0.956989247311828
Compress,40,6,STARTS,93,0.532258064516129,44,0.4731182795698925
Compress,40,6,STARTS+FAST-S,93,0.06989247311827962,87,0.9354838709677419
Compress,40,6,STARTS+FAST-P,93,0.06989247311827962,87,0.9354838709677419
Compress,40,6,STARTS+DPT,93,0.06989247311827962,87,0.9354838709677419
Compress,40,6,Fastazi-S,92,0.06989247311827962,87,0.9354838709677419
Compress,40,6,Fastazi-P,92,0.06989247311827962,87,0.9354838709677419
Compress,40,6,Random,93,0.4354838709677419,53,0.5698924731182796
Compress,40,7,Ekstazi,92,0.6290322580645161,35,0.3763440860215054
Compress,40,7,FAST,93,0.059139784946236514,88,0.946236559139785
Compress,40,7,Ekstazi+dpt,92,0.04838709677419351,89,0.956989247311828
Compress,40,7,DPT,93,0.01612903225806451,92,0.989247311827957
Compress,40,7,STARTS,93,0.7688172043010753,22,0.23655913978494625
Compress,40,7,STARTS+FAST-S,93,0.06989247311827962,87,0.9354838709677419
Compress,40,7,STARTS+FAST-P,93,0.059139784946236514,88,0.946236559139785
Compress,40,7,STARTS+DPT,93,0.11290322580645162,83,0.8924731182795699
Compress,40,7,Fastazi-S,92,0.06989247311827962,87,0.9354838709677419
Compress,40,7,Fastazi-P,92,0.06989247311827962,87,0.9354838709677419
Compress,40,7,Random,93,0.9731182795698925,3,0.03225806451612903
Compress,40,8,Ekstazi,92,0.8978494623655914,10,0.10752688172043011
Compress,40,8,FAST,93,0.059139784946236514,88,0.946236559139785
Compress,40,8,Ekstazi+dpt,92,0.06989247311827962,87,0.9354838709677419
Compress,40,8,DPT,93,0.11290322580645162,83,0.8924731182795699
Compress,40,8,STARTS,93,0.4354838709677419,53,0.5698924731182796
Compress,40,8,STARTS+FAST-S,93,0.06989247311827962,87,0.9354838709677419
Compress,40,8,STARTS+FAST-P,93,0.06989247311827962,87,0.9354838709677419
Compress,40,8,STARTS+DPT,93,0.02688172043010751,91,0.978494623655914
Compress,40,8,Fastazi-S,92,0.06989247311827962,87,0.9354838709677419
Compress,40,8,Fastazi-P,92,0.06989247311827962,87,0.9354838709677419
Compress,40,8,Random,93,0.6397849462365591,34,0.3655913978494624
Compress,40,9,Ekstazi,92,0.9731182795698925,3,0.03225806451612903
Compress,40,9,FAST,93,0.059139784946236514,88,0.946236559139785
Compress,40,9,Ekstazi+dpt,92,0.04838709677419351,89,0.956989247311828
Compress,40,9,DPT,93,0.12365591397849462,82,0.8817204301075269
Compress,40,9,STARTS,93,0.4247311827956989,54,0.5806451612903226
Compress,40,9,STARTS+FAST-S,93,0.06989247311827962,87,0.9354838709677419
Compress,40,9,STARTS+FAST-P,93,0.06989247311827962,87,0.9354838709677419
Compress,40,9,STARTS+DPT,93,0.059139784946236514,88,0.946236559139785
Compress,40,9,Fastazi-S,92,0.06989247311827962,87,0.9354838709677419
Compress,40,9,Fastazi-P,92,0.06989247311827962,87,0.9354838709677419
Compress,40,9,Random,93,0.9193548387096774,8,0.08602150537634409
Compress,40,10,Ekstazi,92,0.30645161290322576,65,0.6989247311827957
Compress,40,10,FAST,93,0.059139784946236514,88,0.946236559139785
Compress,40,10,Ekstazi+dpt,92,0.10215053763440862,84,0.9032258064516129
Compress,40,10,DPT,93,0.01612903225806451,92,0.989247311827957
Compress,40,10,STARTS,93,0.8333333333333333,16,0.17204301075268819
Compress,40,10,STARTS+FAST-S,93,0.06989247311827962,87,0.9354838709677419
Compress,40,10,STARTS+FAST-P,93,0.06989247311827962,87,0.9354838709677419
Compress,40,10,STARTS+DPT,93,0.01612903225806451,92,0.989247311827957
Compress,40,10,Fastazi-S,92,0.06989247311827962,87,0.9354838709677419
Compress,40,10,Fastazi-P,92,0.06989247311827962,87,0.9354838709677419
Compress,40,10,Random,93,0.467741935483871,50,0.5376344086021505
Compress,40,11,Ekstazi,92,0.7150537634408602,27,0.2903225806451613
Compress,40,11,FAST,93,0.059139784946236514,88,0.946236559139785
Compress,40,11,Ekstazi+dpt,92,0.11290322580645162,83,0.8924731182795699
Compress,40,11,DPT,93,0.09139784946236562,85,0.9139784946236559
Compress,40,11,STARTS,93,0.9301075268817204,7,0.07526881720430108
Compress,40,11,STARTS+FAST-S,93,0.06989247311827962,87,0.9354838709677419
Compress,40,11,STARTS+FAST-P,93,0.06989247311827962,87,0.9354838709677419
Compress,40,11,STARTS+DPT,93,0.01612903225806451,92,0.989247311827957
Compress,40,11,Fastazi-S,92,0.06989247311827962,87,0.9354838709677419
Compress,40,11,Fastazi-P,92,0.06989247311827962,87,0.9354838709677419
Compress,40,11,Random,93,0.27419354838709675,68,0.7311827956989247
Compress,40,12,Ekstazi,92,0.32795698924731187,63,0.6774193548387096
Compress,40,12,FAST,93,0.059139784946236514,88,0.946236559139785
Compress,40,12,Ekstazi+dpt,92,0.02688172043010751,91,0.978494623655914
Compress,40,12,DPT,93,0.12365591397849462,82,0.8817204301075269
Compress,40,12,STARTS,93,0.521505376344086,45,0.4838709677419355
Compress,40,12,STARTS+FAST-S,93,0.06989247311827962,87,0.9354838709677419
Compress,40,12,STARTS+FAST-P,93,0.06989247311827962,87,0.9354838709677419
Compress,40,12,STARTS+DPT,93,0.059139784946236514,88,0.946236559139785
Compress,40,12,Fastazi-S,92,0.06989247311827962,87,0.9354838709677419
Compress,40,12,Fastazi-P,92,0.06989247311827962,87,0.9354838709677419
Compress,40,12,Random,93,0.6290322580645161,35,0.3763440860215054
Compress,40,13,Ekstazi,92,0.23118279569892475,72,0.7741935483870968
Compress,40,13,FAST,93,0.059139784946236514,88,0.946236559139785
Compress,40,13,Ekstazi+dpt,92,0.03763440860215051,90,0.967741935483871
Compress,40,13,DPT,93,0.11290322580645162,83,0.8924731182795699
Compress,40,13,STARTS,93,0.14516129032258063,80,0.8602150537634409
Compress,40,13,STARTS+FAST-S,93,0.06989247311827962,87,0.9354838709677419
Compress,40,13,STARTS+FAST-P,93,0.06989247311827962,87,0.9354838709677419
Compress,40,13,STARTS+DPT,93,0.10215053763440862,84,0.9032258064516129
Compress,40,13,Fastazi-S,92,0.06989247311827962,87,0.9354838709677419
Compress,40,13,Fastazi-P,92,0.06989247311827962,87,0.9354838709677419
Compress,40,13,Random,93,0.8763440860215054,12,0.12903225806451613
Compress,40,14,Ekstazi,92,0.553763440860215,42,0.45161290322580644
Compress,40,14,FAST,93,0.059139784946236514,88,0.946236559139785
Compress,40,14,Ekstazi+dpt,92,0.08064516129032262,86,0.9247311827956989
Compress,40,14,DPT,93,0.059139784946236514,88,0.946236559139785
Compress,40,14,STARTS,93,0.9623655913978495,4,0.043010752688172046
Compress,40,14,STARTS+FAST-S,93,0.06989247311827962,87,0.9354838709677419
Compress,40,14,STARTS+FAST-P,93,0.06989247311827962,87,0.9354838709677419
Compress,40,14,STARTS+DPT,93,0.08064516129032262,86,0.9247311827956989
Compress,40,14,Fastazi-S,92,0.06989247311827962,87,0.9354838709677419
Compress,40,14,Fastazi-P,92,0.06989247311827962,87,0.9354838709677419
Compress,40,14,Random,93,0.23118279569892475,72,0.7741935483870968
Compress,40,15,Ekstazi,92,0.596774193548387,38,0.40860215053763443
Compress,40,15,FAST,93,0.059139784946236514,88,0.946236559139785
Compress,40,15,Ekstazi+dpt,92,0.03763440860215051,90,0.967741935483871
Compress,40,15,DPT,93,0.10215053763440862,84,0.9032258064516129
Compress,40,15,STARTS,93,0.7795698924731183,21,0.22580645161290322
Compress,40,15,STARTS+FAST-S,93,0.9946236559139785,1,0.010752688172043012
Compress,40,15,STARTS+FAST-P,93,0.059139784946236514,88,0.946236559139785
Compress,40,15,STARTS+DPT,93,0.059139784946236514,88,0.946236559139785
Compress,40,15,Fastazi-S,92,0.06989247311827962,87,0.9354838709677419
Compress,40,15,Fastazi-P,92,0.06989247311827962,87,0.9354838709677419
Compress,40,15,Random,93,0.15591397849462363,79,0.8494623655913979
Compress,40,16,Ekstazi,92,0.3602150537634409,60,0.6451612903225806
Compress,40,16,FAST,93,0.059139784946236514,88,0.946236559139785
Compress,40,16,Ekstazi+dpt,92,0.01612903225806451,92,0.989247311827957
Compress,40,16,DPT,93,0.04838709677419351,89,0.956989247311828
Compress,40,16,STARTS,93,0.005376344086021506,93,1.0
Compress,40,16,STARTS+FAST-S,93,0.06989247311827962,87,0.9354838709677419
Compress,40,16,STARTS+FAST-P,93,0.29569892473118276,66,0.7096774193548387
Compress,40,16,STARTS+DPT,93,0.11290322580645162,83,0.8924731182795699
Compress,40,16,Fastazi-S,92,0.06989247311827962,87,0.9354838709677419
Compress,40,16,Fastazi-P,92,0.06989247311827962,87,0.9354838709677419
Compress,40,16,Random,93,0.10215053763440862,84,0.9032258064516129
Compress,40,17,Ekstazi,92,0.9731182795698925,3,0.03225806451612903
Compress,40,17,FAST,93,0.059139784946236514,88,0.946236559139785
Compress,40,17,Ekstazi+dpt,92,0.11290322580645162,83,0.8924731182795699
Compress,40,17,DPT,93,0.059139784946236514,88,0.946236559139785
Compress,40,17,STARTS,93,0.6075268817204301,37,0.3978494623655914
Compress,40,17,STARTS+FAST-S,93,0.06989247311827962,87,0.9354838709677419
Compress,40,17,STARTS+FAST-P,93,0.06989247311827962,87,0.9354838709677419
Compress,40,17,STARTS+DPT,93,0.059139784946236514,88,0.946236559139785
Compress,40,17,Fastazi-S,92,0.06989247311827962,87,0.9354838709677419
Compress,40,17,Fastazi-P,92,0.06989247311827962,87,0.9354838709677419
Compress,40,17,Random,93,0.8440860215053764,15,0.16129032258064516
Compress,40,18,Ekstazi,92,0.532258064516129,44,0.4731182795698925
Compress,40,18,FAST,93,0.059139784946236514,88,0.946236559139785
Compress,40,18,Ekstazi+dpt,92,0.059139784946236514,88,0.946236559139785
Compress,40,18,DPT,93,0.059139784946236514,88,0.946236559139785
Compress,40,18,STARTS,93,0.9946236559139785,1,0.010752688172043012
Compress,40,18,STARTS+FAST-S,93,0.29569892473118276,66,0.7096774193548387
Compress,40,18,STARTS+FAST-P,93,0.06989247311827962,87,0.9354838709677419
Compress,40,18,STARTS+DPT,93,0.10215053763440862,84,0.9032258064516129
Compress,40,18,Fastazi-S,92,0.06989247311827962,87,0.9354838709677419
Compress,40,18,Fastazi-P,92,0.06989247311827962,87,0.9354838709677419
Compress,40,18,Random,93,0.7903225806451613,20,0.21505376344086022
Compress,40,19,Ekstazi,92,0.9623655913978495,4,0.043010752688172046
Compress,40,19,FAST,93,0.059139784946236514,88,0.946236559139785
Compress,40,19,Ekstazi+dpt,92,0.09139784946236562,85,0.9139784946236559
Compress,40,19,DPT,93,0.11290322580645162,83,0.8924731182795699
Compress,40,19,STARTS,93,0.7258064516129032,26,0.27956989247311825
Compress,40,19,STARTS+FAST-S,93,0.06989247311827962,87,0.9354838709677419
Compress,40,19,STARTS+FAST-P,93,0.06989247311827962,87,0.9354838709677419
Compress,40,19,STARTS+DPT,93,0.04838709677419351,89,0.956989247311828
Compress,40,19,Fastazi-S,92,0.06989247311827962,87,0.9354838709677419
Compress,40,19,Fastazi-P,92,0.06989247311827962,87,0.9354838709677419
Compress,40,19,Random,93,0.510752688172043,46,0.4946236559139785
Compress,40,20,Ekstazi,92,0.9623655913978495,4,0.043010752688172046
Compress,40,20,FAST,93,0.059139784946236514,88,0.946236559139785
Compress,40,20,Ekstazi+dpt,92,0.03763440860215051,90,0.967741935483871
Compress,40,20,DPT,93,0.11290322580645162,83,0.8924731182795699
Compress,40,20,STARTS,93,0.7150537634408602,27,0.2903225806451613
Compress,40,20,STARTS+FAST-S,93,0.06989247311827962,87,0.9354838709677419
Compress,40,20,STARTS+FAST-P,93,0.06989247311827962,87,0.9354838709677419
Compress,40,20,STARTS+DPT,93,0.06989247311827962,87,0.9354838709677419
Compress,40,20,Fastazi-S,92,0.06989247311827962,87,0.9354838709677419
Compress,40,20,Fastazi-P,92,0.06989247311827962,87,0.9354838709677419
Compress,40,20,Random,93,0.5,47,0.5053763440860215
Compress,40,21,Ekstazi,92,0.521505376344086,45,0.4838709677419355
Compress,40,21,FAST,93,0.059139784946236514,88,0.946236559139785
Compress,40,21,Ekstazi+dpt,92,0.03763440860215051,90,0.967741935483871
Compress,40,21,DPT,93,0.09139784946236562,85,0.9139784946236559
Compress,40,21,STARTS,93,0.30645161290322576,65,0.6989247311827957
Compress,40,21,STARTS+FAST-S,93,0.06989247311827962,87,0.9354838709677419
Compress,40,21,STARTS+FAST-P,93,0.06989247311827962,87,0.9354838709677419
Compress,40,21,STARTS+DPT,93,0.08064516129032262,86,0.9247311827956989
Compress,40,21,Fastazi-S,92,0.06989247311827962,87,0.9354838709677419
Compress,40,21,Fastazi-P,92,0.06989247311827962,87,0.9354838709677419
Compress,40,21,Random,93,0.4247311827956989,54,0.5806451612903226
Compress,40,22,Ekstazi,92,0.9623655913978495,4,0.043010752688172046
Compress,40,22,FAST,93,0.059139784946236514,88,0.946236559139785
Compress,40,22,Ekstazi+dpt,92,0.059139784946236514,88,0.946236559139785
Compress,40,22,DPT,93,0.08064516129032262,86,0.9247311827956989
Compress,40,22,STARTS,93,0.489247311827957,48,0.5161290322580645
Compress,40,22,STARTS+FAST-S,93,0.059139784946236514,88,0.946236559139785
Compress,40,22,STARTS+FAST-P,93,0.06989247311827962,87,0.9354838709677419
Compress,40,22,STARTS+DPT,93,0.10215053763440862,84,0.9032258064516129
Compress,40,22,Fastazi-S,92,0.06989247311827962,87,0.9354838709677419
Compress,40,22,Fastazi-P,92,0.06989247311827962,87,0.9354838709677419
Compress,40,22,Random,93,0.24193548387096775,71,0.7634408602150538
Compress,40,23,Ekstazi,92,0.9301075268817204,7,0.07526881720430108
Compress,40,23,FAST,93,0.059139784946236514,88,0.946236559139785
Compress,40,23,Ekstazi+dpt,92,0.02688172043010751,91,0.978494623655914
Compress,40,23,DPT,93,0.04838709677419351,89,0.956989247311828
Compress,40,23,STARTS,93,0.4247311827956989,54,0.5806451612903226
Compress,40,23,STARTS+FAST-S,93,0.29569892473118276,66,0.7096774193548387
Compress,40,23,STARTS+FAST-P,93,0.06989247311827962,87,0.9354838709677419
Compress,40,23,STARTS+DPT,93,0.09139784946236562,85,0.9139784946236559
Compress,40,23,Fastazi-S,92,0.06989247311827962,87,0.9354838709677419
Compress,40,23,Fastazi-P,92,0.06989247311827962,87,0.9354838709677419
Compress,40,23,Random,93,0.14516129032258063,80,0.8602150537634409
Compress,40,24,Ekstazi,92,0.8440860215053764,15,0.16129032258064516
Compress,40,24,FAST,93,0.059139784946236514,88,0.946236559139785
Compress,40,24,Ekstazi+dpt,92,0.08064516129032262,86,0.9247311827956989
Compress,40,24,DPT,93,0.12365591397849462,82,0.8817204301075269
Compress,40,24,STARTS,93,0.8548387096774194,14,0.15053763440860216
Compress,40,24,STARTS+FAST-S,93,0.06989247311827962,87,0.9354838709677419
Compress,40,24,STARTS+FAST-P,93,0.06989247311827962,87,0.9354838709677419
Compress,40,24,STARTS+DPT,93,0.09139784946236562,85,0.9139784946236559
Compress,40,24,Fastazi-S,92,0.06989247311827962,87,0.9354838709677419
Compress,40,24,Fastazi-P,92,0.06989247311827962,87,0.9354838709677419
Compress,40,24,Random,93,0.489247311827957,48,0.5161290322580645
Compress,40,25,Ekstazi,92,0.7688172043010753,22,0.23655913978494625
Compress,40,25,FAST,93,0.059139784946236514,88,0.946236559139785
Compress,40,25,Ekstazi+dpt,92,0.02688172043010751,91,0.978494623655914
Compress,40,25,DPT,93,0.06989247311827962,87,0.9354838709677419
Compress,40,25,STARTS,93,0.8763440860215054,12,0.12903225806451613
Compress,40,25,STARTS+FAST-S,93,0.06989247311827962,87,0.9354838709677419
Compress,40,25,STARTS+FAST-P,93,0.06989247311827962,87,0.9354838709677419
Compress,40,25,STARTS+DPT,93,0.09139784946236562,85,0.9139784946236559
Compress,40,25,Fastazi-S,92,0.06989247311827962,87,0.9354838709677419
Compress,40,25,Fastazi-P,92,0.06989247311827962,87,0.9354838709677419
Compress,40,25,Random,93,0.521505376344086,45,0.4838709677419355
Compress,40,26,Ekstazi,92,0.5,47,0.5053763440860215
Compress,40,26,FAST,93,0.059139784946236514,88,0.946236559139785
Compress,40,26,Ekstazi+dpt,92,0.02688172043010751,91,0.978494623655914
Compress,40,26,DPT,93,0.08064516129032262,86,0.9247311827956989
Compress,40,26,STARTS,93,0.6720430107526882,31,0.3333333333333333
Compress,40,26,STARTS+FAST-S,93,0.29569892473118276,66,0.7096774193548387
Compress,40,26,STARTS+FAST-P,93,0.06989247311827962,87,0.9354838709677419
Compress,40,26,STARTS+DPT,93,0.06989247311827962,87,0.9354838709677419
Compress,40,26,Fastazi-S,92,0.06989247311827962,87,0.9354838709677419
Compress,40,26,Fastazi-P,92,0.06989247311827962,87,0.9354838709677419
Compress,40,26,Random,93,0.24193548387096775,71,0.7634408602150538
Compress,40,27,Ekstazi,92,0.9408602150537635,6,0.06451612903225806
Compress,40,27,FAST,93,0.059139784946236514,88,0.946236559139785
Compress,40,27,Ekstazi+dpt,92,0.04838709677419351,89,0.956989247311828
Compress,40,27,DPT,93,0.02688172043010751,91,0.978494623655914
Compress,40,27,STARTS,93,0.7365591397849462,25,0.26881720430107525
Compress,40,27,STARTS+FAST-S,93,0.06989247311827962,87,0.9354838709677419
Compress,40,27,STARTS+FAST-P,93,0.06989247311827962,87,0.9354838709677419
Compress,40,27,STARTS+DPT,93,0.04838709677419351,89,0.956989247311828
Compress,40,27,Fastazi-S,92,0.06989247311827962,87,0.9354838709677419
Compress,40,27,Fastazi-P,92,0.06989247311827962,87,0.9354838709677419
Compress,40,27,Random,93,0.9838709677419355,2,0.021505376344086023
Compress,40,28,Ekstazi,92,0.9086021505376344,9,0.0967741935483871
Compress,40,28,FAST,93,0.059139784946236514,88,0.946236559139785
Compress,40,28,Ekstazi+dpt,92,0.04838709677419351,89,0.956989247311828
Compress,40,28,DPT,93,0.04838709677419351,89,0.956989247311828
Compress,40,28,STARTS,93,0.478494623655914,49,0.5268817204301075
Compress,40,28,STARTS+FAST-S,93,0.059139784946236514,88,0.946236559139785
Compress,40,28,STARTS+FAST-P,93,0.06989247311827962,87,0.9354838709677419
Compress,40,28,STARTS+DPT,93,0.059139784946236514,88,0.946236559139785
Compress,40,28,Fastazi-S,92,0.06989247311827962,87,0.9354838709677419
Compress,40,28,Fastazi-P,92,0.06989247311827962,87,0.9354838709677419
Compress,40,28,Random,93,0.5,47,0.5053763440860215
Compress,40,29,Ekstazi,92,0.01612903225806451,92,0.989247311827957
Compress,40,29,FAST,93,0.059139784946236514,88,0.946236559139785
Compress,40,29,Ekstazi+dpt,92,0.10215053763440862,84,0.9032258064516129
Compress,40,29,DPT,93,0.01612903225806451,92,0.989247311827957
Compress,40,29,STARTS,93,0.7580645161290323,23,0.24731182795698925
Compress,40,29,STARTS+FAST-S,93,0.06989247311827962,87,0.9354838709677419
Compress,40,29,STARTS+FAST-P,93,0.06989247311827962,87,0.9354838709677419
Compress,40,29,STARTS+DPT,93,0.11290322580645162,83,0.8924731182795699
Compress,40,29,Fastazi-S,92,0.06989247311827962,87,0.9354838709677419
Compress,40,29,Fastazi-P,92,0.06989247311827962,87,0.9354838709677419
Compress,40,29,Random,93,0.478494623655914,49,0.5268817204301075
Compress,40,30,Ekstazi,92,0.586021505376344,39,0.41935483870967744
Compress,40,30,FAST,93,0.059139784946236514,88,0.946236559139785
Compress,40,30,Ekstazi+dpt,92,0.04838709677419351,89,0.956989247311828
Compress,40,30,DPT,93,0.02688172043010751,91,0.978494623655914
Compress,40,30,STARTS,93,0.15591397849462363,79,0.8494623655913979
Compress,40,30,STARTS+FAST-S,93,0.06989247311827962,87,0.9354838709677419
Compress,40,30,STARTS+FAST-P,93,0.06989247311827962,87,0.9354838709677419
Compress,40,30,STARTS+DPT,93,0.04838709677419351,89,0.956989247311828
Compress,40,30,Fastazi-S,92,0.06989247311827962,87,0.9354838709677419
Compress,40,30,Fastazi-P,92,0.06989247311827962,87,0.9354838709677419
Compress,40,30,Random,93,0.14516129032258063,80,0.8602150537634409
Compress,41,1,Ekstazi,66,0.8316326530612245,17,0.17346938775510204
Compress,41,1,FAST,98,0.9336734693877551,7,0.07142857142857142
Compress,41,1,Ekstazi+dpt,66,0.8520408163265305,15,0.15306122448979592
Compress,41,1,DPT,98,0.8622448979591837,14,0.14285714285714285
Compress,41,1,STARTS,71,0.586734693877551,41,0.41836734693877553
Compress,41,1,STARTS+FAST-S,71,0.9336734693877551,7,0.07142857142857142
Compress,41,1,STARTS+FAST-P,71,0.9948979591836734,1,0.01020408163265306
Compress,41,1,STARTS+DPT,71,0.8520408163265305,15,0.15306122448979592
Compress,41,1,Fastazi-S,66,0.9642857142857142,4,0.04081632653061224
Compress,41,1,Fastazi-P,66,0.9744897959183673,3,0.030612244897959183
Compress,41,1,Random,98,0.9846938775510203,2,0.02040816326530612
Compress,41,2,Ekstazi,66,0.9642857142857142,4,0.04081632653061224
Compress,41,2,FAST,98,0.260204081632653,73,0.7448979591836735
Compress,41,2,Ekstazi+dpt,66,0.8520408163265305,15,0.15306122448979592
Compress,41,2,DPT,98,0.8622448979591837,14,0.14285714285714285
Compress,41,2,STARTS,71,0.5459183673469388,45,0.45918367346938777
Compress,41,2,STARTS+FAST-S,71,0.8520408163265305,15,0.15306122448979592
Compress,41,2,STARTS+FAST-P,71,0.9642857142857142,4,0.04081632653061224
Compress,41,2,STARTS+DPT,71,0.8520408163265305,15,0.15306122448979592
Compress,41,2,Fastazi-S,66,0.9642857142857142,4,0.04081632653061224
Compress,41,2,Fastazi-P,66,0.5663265306122449,43,0.4387755102040816
Compress,41,2,Random,98,0.9846938775510203,2,0.02040816326530612
Compress,41,3,Ekstazi,66,0.9030612244897959,10,0.10204081632653061
Compress,41,3,FAST,98,0.9846938775510203,2,0.02040816326530612
Compress,41,3,Ekstazi+dpt,66,0.8622448979591837,14,0.14285714285714285
Compress,41,3,DPT,98,0.8520408163265305,15,0.15306122448979592
Compress,41,3,STARTS,71,0.6887755102040816,31,0.3163265306122449
Compress,41,3,STARTS+FAST-S,71,0.8520408163265305,15,0.15306122448979592
Compress,41,3,STARTS+FAST-P,71,0.9744897959183673,3,0.030612244897959183
Compress,41,3,STARTS+DPT,71,0.8520408163265305,15,0.15306122448979592
Compress,41,3,Fastazi-S,66,0.9642857142857142,4,0.04081632653061224
Compress,41,3,Fastazi-P,66,0.9846938775510203,2,0.02040816326530612
Compress,41,3,Random,98,0.770408163265306,23,0.23469387755102042
Compress,41,4,Ekstazi,66,0.9438775510204082,6,0.061224489795918366
Compress,41,4,FAST,98,0.9846938775510203,2,0.02040816326530612
Compress,41,4,Ekstazi+dpt,66,0.8520408163265305,15,0.15306122448979592
Compress,41,4,DPT,98,0.8622448979591837,14,0.14285714285714285
Compress,41,4,STARTS,71,0.7397959183673468,26,0.2653061224489796
Compress,41,4,STARTS+FAST-S,71,0.9744897959183673,3,0.030612244897959183
Compress,41,4,STARTS+FAST-P,71,0.9744897959183673,3,0.030612244897959183
Compress,41,4,STARTS+DPT,71,0.8622448979591837,14,0.14285714285714285
Compress,41,4,Fastazi-S,66,0.586734693877551,41,0.41836734693877553
Compress,41,4,Fastazi-P,66,0.9846938775510203,2,0.02040816326530612
Compress,41,4,Random,98,0.49489795918367346,50,0.5102040816326531
Compress,41,5,Ekstazi,66,0.5561224489795917,44,0.4489795918367347
Compress,41,5,FAST,98,0.9846938775510203,2,0.02040816326530612
Compress,41,5,Ekstazi+dpt,66,0.8520408163265305,15,0.15306122448979592
Compress,41,5,DPT,98,0.8520408163265305,15,0.15306122448979592
Compress,41,5,STARTS,71,0.6581632653061225,34,0.3469387755102041
Compress,41,5,STARTS+FAST-S,71,0.9846938775510203,2,0.02040816326530612
Compress,41,5,STARTS+FAST-P,71,0.9846938775510203,2,0.02040816326530612
Compress,41,5,STARTS+DPT,71,0.8520408163265305,15,0.15306122448979592
Compress,41,5,Fastazi-S,66,0.9642857142857142,4,0.04081632653061224
Compress,41,5,Fastazi-P,66,0.9846938775510203,2,0.02040816326530612
Compress,41,5,Random,98,0.5357142857142856,46,0.46938775510204084
Compress,41,6,Ekstazi,66,0.6377551020408163,36,0.3673469387755102
Compress,41,6,FAST,98,0.9846938775510203,2,0.02040816326530612
Compress,41,6,Ekstazi+dpt,66,0.8622448979591837,14,0.14285714285714285
Compress,41,6,DPT,98,0.8520408163265305,15,0.15306122448979592
Compress,41,6,STARTS,71,0.596938775510204,40,0.40816326530612246
Compress,41,6,STARTS+FAST-S,71,0.9744897959183673,3,0.030612244897959183
Compress,41,6,STARTS+FAST-P,71,0.9744897959183673,3,0.030612244897959183
Compress,41,6,STARTS+DPT,71,0.8622448979591837,14,0.14285714285714285
Compress,41,6,Fastazi-S,66,0.9846938775510203,2,0.02040816326530612
Compress,41,6,Fastazi-P,66,0.9846938775510203,2,0.02040816326530612
Compress,41,6,Random,98,0.6377551020408163,36,0.3673469387755102
Compress,41,7,Ekstazi,66,0.7908163265306122,21,0.21428571428571427
Compress,41,7,FAST,98,0.9846938775510203,2,0.02040816326530612
Compress,41,7,Ekstazi+dpt,66,0.8622448979591837,14,0.14285714285714285
Compress,41,7,DPT,98,0.8622448979591837,14,0.14285714285714285
Compress,41,7,STARTS,71,0.923469387755102,8,0.08163265306122448
Compress,41,7,STARTS+FAST-S,71,0.9336734693877551,7,0.07142857142857142
Compress,41,7,STARTS+FAST-P,71,0.9336734693877551,7,0.07142857142857142
Compress,41,7,STARTS+DPT,71,0.8520408163265305,15,0.15306122448979592
Compress,41,7,Fastazi-S,66,0.9744897959183673,3,0.030612244897959183
Compress,41,7,Fastazi-P,66,0.9846938775510203,2,0.02040816326530612
Compress,41,7,Random,98,0.8418367346938775,16,0.16326530612244897
Compress,41,8,Ekstazi,66,0.6479591836734693,35,0.35714285714285715
Compress,41,8,FAST,98,0.9846938775510203,2,0.02040816326530612
Compress,41,8,Ekstazi+dpt,66,0.8520408163265305,15,0.15306122448979592
Compress,41,8,DPT,98,0.8622448979591837,14,0.14285714285714285
Compress,41,8,STARTS,71,0.770408163265306,23,0.23469387755102042
Compress,41,8,STARTS+FAST-S,71,0.8520408163265305,15,0.15306122448979592
Compress,41,8,STARTS+FAST-P,71,0.9744897959183673,3,0.030612244897959183
Compress,41,8,STARTS+DPT,71,0.8622448979591837,14,0.14285714285714285
Compress,41,8,Fastazi-S,66,0.9744897959183673,3,0.030612244897959183
Compress,41,8,Fastazi-P,66,0.9948979591836734,1,0.01020408163265306
Compress,41,8,Random,98,0.43367346938775514,56,0.5714285714285714
Compress,41,9,Ekstazi,66,0.8622448979591837,14,0.14285714285714285
Compress,41,9,FAST,98,0.9846938775510203,2,0.02040816326530612
Compress,41,9,Ekstazi+dpt,66,0.8622448979591837,14,0.14285714285714285
Compress,41,9,DPT,98,0.8520408163265305,15,0.15306122448979592
Compress,41,9,STARTS,71,0.7091836734693877,29,0.29591836734693877
Compress,41,9,STARTS+FAST-S,71,0.9336734693877551,7,0.07142857142857142
Compress,41,9,STARTS+FAST-P,71,0.9744897959183673,3,0.030612244897959183
Compress,41,9,STARTS+DPT,71,0.8520408163265305,15,0.15306122448979592
Compress,41,9,Fastazi-S,66,0.9846938775510203,2,0.02040816326530612
Compress,41,9,Fastazi-P,66,0.9948979591836734,1,0.01020408163265306
Compress,41,9,Random,98,0.8418367346938775,16,0.16326530612244897
Compress,41,10,Ekstazi,66,0.9438775510204082,6,0.061224489795918366
Compress,41,10,FAST,98,0.9846938775510203,2,0.02040816326530612
Compress,41,10,Ekstazi+dpt,66,0.8520408163265305,15,0.15306122448979592
Compress,41,10,DPT,98,0.8622448979591837,14,0.14285714285714285
Compress,41,10,STARTS,71,0.8724489795918366,13,0.1326530612244898
Compress,41,10,STARTS+FAST-S,71,0.9744897959183673,3,0.030612244897959183
Compress,41,10,STARTS+FAST-P,71,0.8826530612244897,12,0.12244897959183673
Compress,41,10,STARTS+DPT,71,0.8622448979591837,14,0.14285714285714285
Compress,41,10,Fastazi-S,66,0.586734693877551,41,0.41836734693877553
Compress,41,10,Fastazi-P,66,0.9948979591836734,1,0.01020408163265306
Compress,41,10,Random,98,0.8622448979591837,14,0.14285714285714285
Compress,41,11,Ekstazi,66,0.43367346938775514,56,0.5714285714285714
Compress,41,11,FAST,98,0.9846938775510203,2,0.02040816326530612
Compress,41,11,Ekstazi+dpt,66,0.8520408163265305,15,0.15306122448979592
Compress,41,11,DPT,98,0.8622448979591837,14,0.14285714285714285
Compress,41,11,STARTS,71,0.9132653061224489,9,0.09183673469387756
Compress,41,11,STARTS+FAST-S,71,0.9948979591836734,1,0.01020408163265306
Compress,41,11,STARTS+FAST-P,71,0.9744897959183673,3,0.030612244897959183
Compress,41,11,STARTS+DPT,71,0.8520408163265305,15,0.15306122448979592
Compress,41,11,Fastazi-S,66,0.586734693877551,41,0.41836734693877553
Compress,41,11,Fastazi-P,66,0.9846938775510203,2,0.02040816326530612
Compress,41,11,Random,98,0.9030612244897959,10,0.10204081632653061
Compress,41,12,Ekstazi,66,0.8520408163265305,15,0.15306122448979592
Compress,41,12,FAST,98,0.9336734693877551,7,0.07142857142857142
Compress,41,12,Ekstazi+dpt,66,0.8520408163265305,15,0.15306122448979592
Compress,41,12,DPT,98,0.8520408163265305,15,0.15306122448979592
Compress,41,12,STARTS,71,0.7806122448979591,22,0.22448979591836735
Compress,41,12,STARTS+FAST-S,71,0.49489795918367346,50,0.5102040816326531
Compress,41,12,STARTS+FAST-P,71,0.9846938775510203,2,0.02040816326530612
Compress,41,12,STARTS+DPT,71,0.8520408163265305,15,0.15306122448979592
Compress,41,12,Fastazi-S,66,0.9642857142857142,4,0.04081632653061224
Compress,41,12,Fastazi-P,66,0.9744897959183673,3,0.030612244897959183
Compress,41,12,Random,98,0.4030612244897959,59,0.6020408163265306
Compress,41,13,Ekstazi,66,0.8316326530612245,17,0.17346938775510204
Compress,41,13,FAST,98,0.9336734693877551,7,0.07142857142857142
Compress,41,13,Ekstazi+dpt,66,0.8622448979591837,14,0.14285714285714285
Compress,41,13,DPT,98,0.8520408163265305,15,0.15306122448979592
Compress,41,13,STARTS,71,0.5357142857142856,46,0.46938775510204084
Compress,41,13,STARTS+FAST-S,71,0.8928571428571428,11,0.11224489795918367
Compress,41,13,STARTS+FAST-P,71,0.9846938775510203,2,0.02040816326530612
Compress,41,13,STARTS+DPT,71,0.8520408163265305,15,0.15306122448979592
Compress,41,13,Fastazi-S,66,0.9948979591836734,1,0.01020408163265306
Compress,41,13,Fastazi-P,66,0.9642857142857142,4,0.04081632653061224
Compress,41,13,Random,98,0.6989795918367346,30,0.30612244897959184
Compress,41,14,Ekstazi,66,0.9132653061224489,9,0.09183673469387756
Compress,41,14,FAST,98,0.9336734693877551,7,0.07142857142857142
Compress,41,14,Ekstazi+dpt,66,0.8622448979591837,14,0.14285714285714285
Compress,41,14,DPT,98,0.8622448979591837,14,0.14285714285714285
Compress,41,14,STARTS,71,0.9642857142857142,4,0.04081632653061224
Compress,41,14,STARTS+FAST-S,71,0.9846938775510203,2,0.02040816326530612
Compress,41,14,STARTS+FAST-P,71,0.9846938775510203,2,0.02040816326530612
Compress,41,14,STARTS+DPT,71,0.8520408163265305,15,0.15306122448979592
Compress,41,14,Fastazi-S,66,0.9642857142857142,4,0.04081632653061224
Compress,41,14,Fastazi-P,66,0.9744897959183673,3,0.030612244897959183
Compress,41,14,Random,98,0.8418367346938775,16,0.16326530612244897
Compress,41,15,Ekstazi,66,0.9540816326530612,5,0.05102040816326531
Compress,41,15,FAST,98,0.260204081632653,73,0.7448979591836735
Compress,41,15,Ekstazi+dpt,66,0.8520408163265305,15,0.15306122448979592
Compress,41,15,DPT,98,0.8520408163265305,15,0.15306122448979592
Compress,41,15,STARTS,71,0.586734693877551,41,0.41836734693877553
Compress,41,15,STARTS+FAST-S,71,0.9846938775510203,2,0.02040816326530612
Compress,41,15,STARTS+FAST-P,71,0.9744897959183673,3,0.030612244897959183
Compress,41,15,STARTS+DPT,71,0.8520408163265305,15,0.15306122448979592
Compress,41,15,Fastazi-S,66,0.586734693877551,41,0.41836734693877553
Compress,41,15,Fastazi-P,66,0.5663265306122449,43,0.4387755102040816
Compress,41,15,Random,98,0.6173469387755102,38,0.3877551020408163
Compress,41,16,Ekstazi,66,0.9744897959183673,3,0.030612244897959183
Compress,41,16,FAST,98,0.25000000000000006,74,0.7551020408163265
Compress,41,16,Ekstazi+dpt,66,0.8520408163265305,15,0.15306122448979592
Compress,41,16,DPT,98,0.8622448979591837,14,0.14285714285714285
Compress,41,16,STARTS,71,0.596938775510204,40,0.40816326530612246
Compress,41,16,STARTS+FAST-S,71,0.9744897959183673,3,0.030612244897959183
Compress,41,16,STARTS+FAST-P,71,0.9948979591836734,1,0.01020408163265306
Compress,41,16,STARTS+DPT,71,0.8622448979591837,14,0.14285714285714285
Compress,41,16,Fastazi-S,66,0.9744897959183673,3,0.030612244897959183
Compress,41,16,Fastazi-P,66,0.5561224489795917,44,0.4489795918367347
Compress,41,16,Random,98,0.32142857142857145,67,0.6836734693877551
Compress,41,17,Ekstazi,66,0.9948979591836734,1,0.01020408163265306
Compress,41,17,FAST,98,0.260204081632653,73,0.7448979591836735
Compress,41,17,Ekstazi+dpt,66,0.8520408163265305,15,0.15306122448979592
Compress,41,17,DPT,98,0.8622448979591837,14,0.14285714285714285
Compress,41,17,STARTS,71,0.923469387755102,8,0.08163265306122448
Compress,41,17,STARTS+FAST-S,71,0.923469387755102,8,0.08163265306122448
Compress,41,17,STARTS+FAST-P,71,0.9132653061224489,9,0.09183673469387756
Compress,41,17,STARTS+DPT,71,0.8622448979591837,14,0.14285714285714285
Compress,41,17,Fastazi-S,66,0.9846938775510203,2,0.02040816326530612
Compress,41,17,Fastazi-P,66,0.5663265306122449,43,0.4387755102040816
Compress,41,17,Random,98,0.8316326530612245,17,0.17346938775510204
Compress,41,18,Ekstazi,66,0.7806122448979591,22,0.22448979591836735
Compress,41,18,FAST,98,0.9846938775510203,2,0.02040816326530612
Compress,41,18,Ekstazi+dpt,66,0.8520408163265305,15,0.15306122448979592
Compress,41,18,DPT,98,0.8622448979591837,14,0.14285714285714285
Compress,41,18,STARTS,71,0.7295918367346939,27,0.2755102040816326
Compress,41,18,STARTS+FAST-S,71,0.9744897959183673,3,0.030612244897959183
Compress,41,18,STARTS+FAST-P,71,0.9744897959183673,3,0.030612244897959183
Compress,41,18,STARTS+DPT,71,0.8520408163265305,15,0.15306122448979592
Compress,41,18,Fastazi-S,66,0.9846938775510203,2,0.02040816326530612
Compress,41,18,Fastazi-P,66,0.9846938775510203,2,0.02040816326530612
Compress,41,18,Random,98,0.49489795918367346,50,0.5102040816326531
Compress,41,19,Ekstazi,66,0.9744897959183673,3,0.030612244897959183
Compress,41,19,FAST,98,0.9744897959183673,3,0.030612244897959183
Compress,41,19,Ekstazi+dpt,66,0.8520408163265305,15,0.15306122448979592
Compress,41,19,DPT,98,0.8622448979591837,14,0.14285714285714285
Compress,41,19,STARTS,71,0.7806122448979591,22,0.22448979591836735
Compress,41,19,STARTS+FAST-S,71,0.9540816326530612,5,0.05102040816326531
Compress,41,19,STARTS+FAST-P,71,0.9948979591836734,1,0.01020408163265306
Compress,41,19,STARTS+DPT,71,0.8622448979591837,14,0.14285714285714285
Compress,41,19,Fastazi-S,66,0.9642857142857142,4,0.04081632653061224
Compress,41,19,Fastazi-P,66,0.9744897959183673,3,0.030612244897959183
Compress,41,19,Random,98,0.923469387755102,8,0.08163265306122448
Compress,41,20,Ekstazi,66,0.8418367346938775,16,0.16326530612244897
Compress,41,20,FAST,98,0.9744897959183673,3,0.030612244897959183
Compress,41,20,Ekstazi+dpt,66,0.8622448979591837,14,0.14285714285714285
Compress,41,20,DPT,98,0.8622448979591837,14,0.14285714285714285
Compress,41,20,STARTS,71,0.6785714285714286,32,0.32653061224489793
Compress,41,20,STARTS+FAST-S,71,0.9846938775510203,2,0.02040816326530612
Compress,41,20,STARTS+FAST-P,71,0.9336734693877551,7,0.07142857142857142
Compress,41,20,STARTS+DPT,71,0.8520408163265305,15,0.15306122448979592
Compress,41,20,Fastazi-S,66,0.9846938775510203,2,0.02040816326530612
Compress,41,20,Fastazi-P,66,0.9744897959183673,3,0.030612244897959183
Compress,41,20,Random,98,0.21938775510204084,77,0.7857142857142857
Compress,41,21,Ekstazi,66,0.9438775510204082,6,0.061224489795918366
Compress,41,21,FAST,98,0.9438775510204082,6,0.061224489795918366
Compress,41,21,Ekstazi+dpt,66,0.8622448979591837,14,0.14285714285714285
Compress,41,21,DPT,98,0.8622448979591837,14,0.14285714285714285
Compress,41,21,STARTS,71,0.6785714285714286,32,0.32653061224489793
Compress,41,21,STARTS+FAST-S,71,0.9744897959183673,3,0.030612244897959183
Compress,41,21,STARTS+FAST-P,71,0.9744897959183673,3,0.030612244897959183
Compress,41,21,STARTS+DPT,71,0.8520408163265305,15,0.15306122448979592
Compress,41,21,Fastazi-S,66,0.586734693877551,41,0.41836734693877553
Compress,41,21,Fastazi-P,66,0.9642857142857142,4,0.04081632653061224
Compress,41,21,Random,98,0.7908163265306122,21,0.21428571428571427
Compress,41,22,Ekstazi,66,0.9336734693877551,7,0.07142857142857142
Compress,41,22,FAST,98,0.9744897959183673,3,0.030612244897959183
Compress,41,22,Ekstazi+dpt,66,0.8622448979591837,14,0.14285714285714285
Compress,41,22,DPT,98,0.8520408163265305,15,0.15306122448979592
Compress,41,22,STARTS,71,0.6581632653061225,34,0.3469387755102041
Compress,41,22,STARTS+FAST-S,71,0.9744897959183673,3,0.030612244897959183
Compress,41,22,STARTS+FAST-P,71,0.9744897959183673,3,0.030612244897959183
Compress,41,22,STARTS+DPT,71,0.8520408163265305,15,0.15306122448979592
Compress,41,22,Fastazi-S,66,0.586734693877551,41,0.41836734693877553
Compress,41,22,Fastazi-P,66,0.9744897959183673,3,0.030612244897959183
Compress,41,22,Random,98,0.8622448979591837,14,0.14285714285714285
Compress,41,23,Ekstazi,66,0.4030612244897959,59,0.6020408163265306
Compress,41,23,FAST,98,0.9336734693877551,7,0.07142857142857142
Compress,41,23,Ekstazi+dpt,66,0.8520408163265305,15,0.15306122448979592
Compress,41,23,DPT,98,0.8520408163265305,15,0.15306122448979592
Compress,41,23,STARTS,71,0.4030612244897959,59,0.6020408163265306
Compress,41,23,STARTS+FAST-S,71,0.9846938775510203,2,0.02040816326530612
Compress,41,23,STARTS+FAST-P,71,0.9948979591836734,1,0.01020408163265306
Compress,41,23,STARTS+DPT,71,0.8520408163265305,15,0.15306122448979592
Compress,41,23,Fastazi-S,66,0.9744897959183673,3,0.030612244897959183
Compress,41,23,Fastazi-P,66,0.9744897959183673,3,0.030612244897959183
Compress,41,23,Random,98,0.4438775510204082,55,0.5612244897959183
Compress,41,24,Ekstazi,66,0.8826530612244897,12,0.12244897959183673
Compress,41,24,FAST,98,0.9846938775510203,2,0.02040816326530612
Compress,41,24,Ekstazi+dpt,66,0.8622448979591837,14,0.14285714285714285
Compress,41,24,DPT,98,0.8622448979591837,14,0.14285714285714285
Compress,41,24,STARTS,71,0.9030612244897959,10,0.10204081632653061
Compress,41,24,STARTS+FAST-S,71,0.9846938775510203,2,0.02040816326530612
Compress,41,24,STARTS+FAST-P,71,0.9846938775510203,2,0.02040816326530612
Compress,41,24,STARTS+DPT,71,0.8520408163265305,15,0.15306122448979592
Compress,41,24,Fastazi-S,66,0.9642857142857142,4,0.04081632653061224
Compress,41,24,Fastazi-P,66,0.9846938775510203,2,0.02040816326530612
Compress,41,24,Random,98,0.9132653061224489,9,0.09183673469387756
Compress,41,25,Ekstazi,66,0.9642857142857142,4,0.04081632653061224
Compress,41,25,FAST,98,0.260204081632653,73,0.7448979591836735
Compress,41,25,Ekstazi+dpt,66,0.8520408163265305,15,0.15306122448979592
Compress,41,25,DPT,98,0.8622448979591837,14,0.14285714285714285
Compress,41,25,STARTS,71,0.8010204081632653,20,0.20408163265306123
Compress,41,25,STARTS+FAST-S,71,0.9744897959183673,3,0.030612244897959183
Compress,41,25,STARTS+FAST-P,71,0.9744897959183673,3,0.030612244897959183
Compress,41,25,STARTS+DPT,71,0.8622448979591837,14,0.14285714285714285
Compress,41,25,Fastazi-S,66,0.586734693877551,41,0.41836734693877553
Compress,41,25,Fastazi-P,66,0.5765306122448979,42,0.42857142857142855
Compress,41,25,Random,98,0.13775510204081637,85,0.8673469387755102
Compress,41,26,Ekstazi,66,0.8826530612244897,12,0.12244897959183673
Compress,41,26,FAST,98,0.9846938775510203,2,0.02040816326530612
Compress,41,26,Ekstazi+dpt,66,0.8622448979591837,14,0.14285714285714285
Compress,41,26,DPT,98,0.8520408163265305,15,0.15306122448979592
Compress,41,26,STARTS,71,0.596938775510204,40,0.40816326530612246
Compress,41,26,STARTS+FAST-S,71,0.9846938775510203,2,0.02040816326530612
Compress,41,26,STARTS+FAST-P,71,0.9948979591836734,1,0.01020408163265306
Compress,41,26,STARTS+DPT,71,0.8622448979591837,14,0.14285714285714285
Compress,41,26,Fastazi-S,66,0.9846938775510203,2,0.02040816326530612
Compress,41,26,Fastazi-P,66,0.9846938775510203,2,0.02040816326530612
Compress,41,26,Random,98,0.6785714285714286,32,0.32653061224489793
Compress,41,27,Ekstazi,66,0.9642857142857142,4,0.04081632653061224
Compress,41,27,FAST,98,0.9744897959183673,3,0.030612244897959183
Compress,41,27,Ekstazi+dpt,66,0.8520408163265305,15,0.15306122448979592
Compress,41,27,DPT,98,0.8622448979591837,14,0.14285714285714285
Compress,41,27,STARTS,71,0.8112244897959183,19,0.19387755102040816
Compress,41,27,STARTS+FAST-S,71,0.9744897959183673,3,0.030612244897959183
Compress,41,27,STARTS+FAST-P,71,0.9948979591836734,1,0.01020408163265306
Compress,41,27,STARTS+DPT,71,0.8622448979591837,14,0.14285714285714285
Compress,41,27,Fastazi-S,66,0.9744897959183673,3,0.030612244897959183
Compress,41,27,Fastazi-P,66,0.9846938775510203,2,0.02040816326530612
Compress,41,27,Random,98,0.4030612244897959,59,0.6020408163265306
Compress,41,28,Ekstazi,66,0.9948979591836734,1,0.01020408163265306
Compress,41,28,FAST,98,0.9744897959183673,3,0.030612244897959183
Compress,41,28,Ekstazi+dpt,66,0.8622448979591837,14,0.14285714285714285
Compress,41,28,DPT,98,0.8520408163265305,15,0.15306122448979592
Compress,41,28,STARTS,71,0.7091836734693877,29,0.29591836734693877
Compress,41,28,STARTS+FAST-S,71,0.9846938775510203,2,0.02040816326530612
Compress,41,28,STARTS+FAST-P,71,0.9948979591836734,1,0.01020408163265306
Compress,41,28,STARTS+DPT,71,0.8622448979591837,14,0.14285714285714285
Compress,41,28,Fastazi-S,66,0.9642857142857142,4,0.04081632653061224
Compress,41,28,Fastazi-P,66,0.9744897959183673,3,0.030612244897959183
Compress,41,28,Random,98,0.6479591836734693,35,0.35714285714285715
Compress,41,29,Ekstazi,66,0.6887755102040816,31,0.3163265306122449
Compress,41,29,FAST,98,0.9846938775510203,2,0.02040816326530612
Compress,41,29,Ekstazi+dpt,66,0.8622448979591837,14,0.14285714285714285
Compress,41,29,DPT,98,0.8622448979591837,14,0.14285714285714285
Compress,41,29,STARTS,71,0.9846938775510203,2,0.02040816326530612
Compress,41,29,STARTS+FAST-S,71,0.923469387755102,8,0.08163265306122448
Compress,41,29,STARTS+FAST-P,71,0.9846938775510203,2,0.02040816326530612
Compress,41,29,STARTS+DPT,71,0.8520408163265305,15,0.15306122448979592
Compress,41,29,Fastazi-S,66,0.9948979591836734,1,0.01020408163265306
Compress,41,29,Fastazi-P,66,0.9846938775510203,2,0.02040816326530612
Compress,41,29,Random,98,0.3316326530612245,66,0.673469387755102
Compress,41,30,Ekstazi,66,0.7091836734693877,29,0.29591836734693877
Compress,41,30,FAST,98,0.9744897959183673,3,0.030612244897959183
Compress,41,30,Ekstazi+dpt,66,0.8520408163265305,15,0.15306122448979592
Compress,41,30,DPT,98,0.8622448979591837,14,0.14285714285714285
Compress,41,30,STARTS,71,0.7091836734693877,29,0.29591836734693877
Compress,41,30,STARTS+FAST-S,71,0.9336734693877551,7,0.07142857142857142
Compress,41,30,STARTS+FAST-P,71,0.9948979591836734,1,0.01020408163265306
Compress,41,30,STARTS+DPT,71,0.8622448979591837,14,0.14285714285714285
Compress,41,30,Fastazi-S,66,0.9846938775510203,2,0.02040816326530612
Compress,41,30,Fastazi-P,66,0.9846938775510203,2,0.02040816326530612
Compress,41,30,Random,98,0.9336734693877551,7,0.07142857142857142
Compress,42,1,Ekstazi,62,0.6584158415841584,35,0.3465346534653465
Compress,42,1,FAST,101,0.32178217821782173,69,0.6831683168316832
Compress,42,1,Ekstazi+dpt,62,0.7178217821782178,29,0.2871287128712871
Compress,42,1,DPT,101,0.7079207920792079,30,0.297029702970297
Compress,42,1,STARTS,73,0.7079207920792079,30,0.297029702970297
Compress,42,1,STARTS+FAST-S,73,0.3712871287128713,64,0.6336633663366337
Compress,42,1,STARTS+FAST-P,73,0.3712871287128713,64,0.6336633663366337
Compress,42,1,STARTS+DPT,73,0.7178217821782178,29,0.2871287128712871
Compress,42,1,Fastazi-S,62,0.599009900990099,41,0.40594059405940597
Compress,42,1,Fastazi-P,62,0.5792079207920793,43,0.42574257425742573
Compress,42,1,Random,101,0.42079207920792083,59,0.5841584158415841
Compress,42,2,Ekstazi,62,0.6881188118811881,32,0.31683168316831684
Compress,42,2,FAST,101,0.33168316831683164,68,0.6732673267326733
Compress,42,2,Ekstazi+dpt,62,0.7079207920792079,30,0.297029702970297
Compress,42,2,DPT,101,0.7178217821782178,29,0.2871287128712871
Compress,42,2,STARTS,73,0.7178217821782178,29,0.2871287128712871
Compress,42,2,STARTS+FAST-S,73,0.3712871287128713,64,0.6336633663366337
Compress,42,2,STARTS+FAST-P,73,0.3712871287128713,64,0.6336633663366337
Compress,42,2,STARTS+DPT,73,0.7178217821782178,29,0.2871287128712871
Compress,42,2,Fastazi-S,62,0.599009900990099,41,0.40594059405940597
Compress,42,2,Fastazi-P,62,0.5792079207920793,43,0.42574257425742573
Compress,42,2,Random,101,0.2920792079207921,72,0.7128712871287128
Compress,42,3,Ekstazi,62,0.7178217821782178,29,0.2871287128712871
Compress,42,3,FAST,101,0.33168316831683164,68,0.6732673267326733
Compress,42,3,Ekstazi+dpt,62,0.7178217821782178,29,0.2871287128712871
Compress,42,3,DPT,101,0.7178217821782178,29,0.2871287128712871
Compress,42,3,STARTS,73,0.7277227722772277,28,0.27722772277227725
Compress,42,3,STARTS+FAST-S,73,0.3712871287128713,64,0.6336633663366337
Compress,42,3,STARTS+FAST-P,73,0.3712871287128713,64,0.6336633663366337
Compress,42,3,STARTS+DPT,73,0.7178217821782178,29,0.2871287128712871
Compress,42,3,Fastazi-S,62,0.599009900990099,41,0.40594059405940597
Compress,42,3,Fastazi-P,62,0.5792079207920793,43,0.42574257425742573
Compress,42,3,Random,101,0.6089108910891089,40,0.39603960396039606
Compress,42,4,Ekstazi,62,0.400990099009901,61,0.6039603960396039
Compress,42,4,FAST,101,0.33168316831683164,68,0.6732673267326733
Compress,42,4,Ekstazi+dpt,62,0.7079207920792079,30,0.297029702970297
Compress,42,4,DPT,101,0.7178217821782178,29,0.2871287128712871
Compress,42,4,STARTS,73,0.9653465346534653,4,0.039603960396039604
Compress,42,4,STARTS+FAST-S,73,0.3712871287128713,64,0.6336633663366337
Compress,42,4,STARTS+FAST-P,73,0.3712871287128713,64,0.6336633663366337
Compress,42,4,STARTS+DPT,73,0.7079207920792079,30,0.297029702970297
Compress,42,4,Fastazi-S,62,0.599009900990099,41,0.40594059405940597
Compress,42,4,Fastazi-P,62,0.5792079207920793,43,0.42574257425742573
Compress,42,4,Random,101,0.5297029702970297,48,0.4752475247524752
Compress,42,5,Ekstazi,62,0.806930693069307,20,0.19801980198019803
Compress,42,5,FAST,101,0.33168316831683164,68,0.6732673267326733
Compress,42,5,Ekstazi+dpt,62,0.7079207920792079,30,0.297029702970297
Compress,42,5,DPT,101,0.7079207920792079,30,0.297029702970297
Compress,42,5,STARTS,73,0.8465346534653465,16,0.15841584158415842
Compress,42,5,STARTS+FAST-S,73,0.3712871287128713,64,0.6336633663366337
Compress,42,5,STARTS+FAST-P,73,0.3712871287128713,64,0.6336633663366337
Compress,42,5,STARTS+DPT,73,0.7079207920792079,30,0.297029702970297
Compress,42,5,Fastazi-S,62,0.599009900990099,41,0.40594059405940597
Compress,42,5,Fastazi-P,62,0.5792079207920793,43,0.42574257425742573
Compress,42,5,Random,101,0.7475247524752475,26,0.25742574257425743
Compress,42,6,Ekstazi,62,0.8663366336633663,14,0.13861386138613863
Compress,42,6,FAST,101,0.33168316831683164,68,0.6732673267326733
Compress,42,6,Ekstazi+dpt,62,0.7178217821782178,29,0.2871287128712871
Compress,42,6,DPT,101,0.7178217821782178,29,0.2871287128712871
Compress,42,6,STARTS,73,0.44059405940594065,57,0.5643564356435643
Compress,42,6,STARTS+FAST-S,73,0.3712871287128713,64,0.6336633663366337
Compress,42,6,STARTS+FAST-P,73,0.3712871287128713,64,0.6336633663366337
Compress,42,6,STARTS+DPT,73,0.7079207920792079,30,0.297029702970297
Compress,42,6,Fastazi-S,62,0.599009900990099,41,0.40594059405940597
Compress,42,6,Fastazi-P,62,0.5792079207920793,43,0.42574257425742573
Compress,42,6,Random,101,0.5495049504950495,46,0.45544554455445546
Compress,42,7,Ekstazi,62,0.8861386138613861,12,0.1188118811881188
Compress,42,7,FAST,101,0.33168316831683164,68,0.6732673267326733
Compress,42,7,Ekstazi+dpt,62,0.7079207920792079,30,0.297029702970297
Compress,42,7,DPT,101,0.7079207920792079,30,0.297029702970297
Compress,42,7,STARTS,73,0.33168316831683164,68,0.6732673267326733
Compress,42,7,STARTS+FAST-S,73,0.3712871287128713,64,0.6336633663366337
Compress,42,7,STARTS+FAST-P,73,0.3712871287128713,64,0.6336633663366337
Compress,42,7,STARTS+DPT,73,0.7178217821782178,29,0.2871287128712871
Compress,42,7,Fastazi-S,62,0.599009900990099,41,0.40594059405940597
Compress,42,7,Fastazi-P,62,0.5792079207920793,43,0.42574257425742573
Compress,42,7,Random,101,0.22277227722772275,79,0.7821782178217822
Compress,42,8,Ekstazi,62,0.6782178217821782,33,0.32673267326732675
Compress,42,8,FAST,101,0.33168316831683164,68,0.6732673267326733
Compress,42,8,Ekstazi+dpt,62,0.7079207920792079,30,0.297029702970297
Compress,42,8,DPT,101,0.7079207920792079,30,0.297029702970297
Compress,42,8,STARTS,73,0.9653465346534653,4,0.039603960396039604
Compress,42,8,STARTS+FAST-S,73,0.3712871287128713,64,0.6336633663366337
Compress,42,8,STARTS+FAST-P,73,0.3712871287128713,64,0.6336633663366337
Compress,42,8,STARTS+DPT,73,0.7079207920792079,30,0.297029702970297
Compress,42,8,Fastazi-S,62,0.599009900990099,41,0.40594059405940597
Compress,42,8,Fastazi-P,62,0.5792079207920793,43,0.42574257425742573
Compress,42,8,Random,101,0.6881188118811881,32,0.31683168316831684
Compress,42,9,Ekstazi,62,0.6782178217821782,33,0.32673267326732675
Compress,42,9,FAST,101,0.33168316831683164,68,0.6732673267326733
Compress,42,9,Ekstazi+dpt,62,0.7178217821782178,29,0.2871287128712871
Compress,42,9,DPT,101,0.7079207920792079,30,0.297029702970297
Compress,42,9,STARTS,73,0.5099009900990099,50,0.49504950495049505
Compress,42,9,STARTS+FAST-S,73,0.3712871287128713,64,0.6336633663366337
Compress,42,9,STARTS+FAST-P,73,0.3712871287128713,64,0.6336633663366337
Compress,42,9,STARTS+DPT,73,0.7079207920792079,30,0.297029702970297
Compress,42,9,Fastazi-S,62,0.599009900990099,41,0.40594059405940597
Compress,42,9,Fastazi-P,62,0.5891089108910892,42,0.4158415841584158
Compress,42,9,Random,101,0.5099009900990099,50,0.49504950495049505
Compress,42,10,Ekstazi,62,0.6584158415841584,35,0.3465346534653465
Compress,42,10,FAST,101,0.32178217821782173,69,0.6831683168316832
Compress,42,10,Ekstazi+dpt,62,0.7178217821782178,29,0.2871287128712871
Compress,42,10,DPT,101,0.7178217821782178,29,0.2871287128712871
Compress,42,10,STARTS,73,0.6782178217821782,33,0.32673267326732675
Compress,42,10,STARTS+FAST-S,73,0.3712871287128713,64,0.6336633663366337
Compress,42,10,STARTS+FAST-P,73,0.3712871287128713,64,0.6336633663366337
Compress,42,10,STARTS+DPT,73,0.7178217821782178,29,0.2871287128712871
Compress,42,10,Fastazi-S,62,0.599009900990099,41,0.40594059405940597
Compress,42,10,Fastazi-P,62,0.5792079207920793,43,0.42574257425742573
Compress,42,10,Random,101,0.0544554455445545,96,0.9504950495049505
Compress,42,11,Ekstazi,62,0.5891089108910892,42,0.4158415841584158
Compress,42,11,FAST,101,0.33168316831683164,68,0.6732673267326733
Compress,42,11,Ekstazi+dpt,62,0.7178217821782178,29,0.2871287128712871
Compress,42,11,DPT,101,0.7178217821782178,29,0.2871287128712871
Compress,42,11,STARTS,73,0.6386138613861386,37,0.36633663366336633
Compress,42,11,STARTS+FAST-S,73,0.3712871287128713,64,0.6336633663366337
Compress,42,11,STARTS+FAST-P,73,0.3712871287128713,64,0.6336633663366337
Compress,42,11,STARTS+DPT,73,0.7178217821782178,29,0.2871287128712871
Compress,42,11,Fastazi-S,62,0.599009900990099,41,0.40594059405940597
Compress,42,11,Fastazi-P,62,0.5792079207920793,43,0.42574257425742573
Compress,42,11,Random,101,0.20297029702970293,81,0.801980198019802
Compress,42,12,Ekstazi,62,0.9455445544554455,6,0.0594059405940594
Compress,42,12,FAST,101,0.33168316831683164,68,0.6732673267326733
Compress,42,12,Ekstazi+dpt,62,0.7079207920792079,30,0.297029702970297
Compress,42,12,DPT,101,0.7178217821782178,29,0.2871287128712871
Compress,42,12,STARTS,73,0.8168316831683169,19,0.18811881188118812
Compress,42,12,STARTS+FAST-S,73,0.3712871287128713,64,0.6336633663366337
Compress,42,12,STARTS+FAST-P,73,0.3712871287128713,64,0.6336633663366337
Compress,42,12,STARTS+DPT,73,0.7079207920792079,30,0.297029702970297
Compress,42,12,Fastazi-S,62,0.599009900990099,41,0.40594059405940597
Compress,42,12,Fastazi-P,62,0.5891089108910892,42,0.4158415841584158
Compress,42,12,Random,101,0.9653465346534653,4,0.039603960396039604
Compress,42,13,Ekstazi,62,0.8762376237623762,13,0.12871287128712872
Compress,42,13,FAST,101,0.33168316831683164,68,0.6732673267326733
Compress,42,13,Ekstazi+dpt,62,0.7178217821782178,29,0.2871287128712871
Compress,42,13,DPT,101,0.7178217821782178,29,0.2871287128712871
Compress,42,13,STARTS,73,0.5792079207920793,43,0.42574257425742573
Compress,42,13,STARTS+FAST-S,73,0.3712871287128713,64,0.6336633663366337
Compress,42,13,STARTS+FAST-P,73,0.3712871287128713,64,0.6336633663366337
Compress,42,13,STARTS+DPT,73,0.7079207920792079,30,0.297029702970297
Compress,42,13,Fastazi-S,62,0.4900990099009901,52,0.5148514851485149
Compress,42,13,Fastazi-P,62,0.5792079207920793,43,0.42574257425742573
Compress,42,13,Random,101,0.3811881188118812,63,0.6237623762376238
Compress,42,14,Ekstazi,62,0.9653465346534653,4,0.039603960396039604
Compress,42,14,FAST,101,0.33168316831683164,68,0.6732673267326733
Compress,42,14,Ekstazi+dpt,62,0.7079207920792079,30,0.297029702970297
Compress,42,14,DPT,101,0.7178217821782178,29,0.2871287128712871
Compress,42,14,STARTS,73,0.5,51,0.504950495049505
Compress,42,14,STARTS+FAST-S,73,0.3712871287128713,64,0.6336633663366337
Compress,42,14,STARTS+FAST-P,73,0.3613861386138614,65,0.6435643564356436
Compress,42,14,STARTS+DPT,73,0.7079207920792079,30,0.297029702970297
Compress,42,14,Fastazi-S,62,0.4900990099009901,52,0.5148514851485149
Compress,42,14,Fastazi-P,62,0.5792079207920793,43,0.42574257425742573
Compress,42,14,Random,101,0.9455445544554455,6,0.0594059405940594
Compress,42,15,Ekstazi,62,0.4108910891089109,60,0.594059405940594
Compress,42,15,FAST,101,0.33168316831683164,68,0.6732673267326733
Compress,42,15,Ekstazi+dpt,62,0.7178217821782178,29,0.2871287128712871
Compress,42,15,DPT,101,0.7178217821782178,29,0.2871287128712871
Compress,42,15,STARTS,73,0.34158415841584155,67,0.6633663366336634
Compress,42,15,STARTS+FAST-S,73,0.3712871287128713,64,0.6336633663366337
Compress,42,15,STARTS+FAST-P,73,0.3712871287128713,64,0.6336633663366337
Compress,42,15,STARTS+DPT,73,0.7079207920792079,30,0.297029702970297
Compress,42,15,Fastazi-S,62,0.599009900990099,41,0.40594059405940597
Compress,42,15,Fastazi-P,62,0.5792079207920793,43,0.42574257425742573
Compress,42,15,Random,101,0.5198019801980198,49,0.48514851485148514
Compress,42,16,Ekstazi,62,0.5297029702970297,48,0.4752475247524752
Compress,42,16,FAST,101,0.33168316831683164,68,0.6732673267326733
Compress,42,16,Ekstazi+dpt,62,0.7178217821782178,29,0.2871287128712871
Compress,42,16,DPT,101,0.7178217821782178,29,0.2871287128712871
Compress,42,16,STARTS,73,0.9554455445544554,5,0.04950495049504951
Compress,42,16,STARTS+FAST-S,73,0.3712871287128713,64,0.6336633663366337
Compress,42,16,STARTS+FAST-P,73,0.3712871287128713,64,0.6336633663366337
Compress,42,16,STARTS+DPT,73,0.7178217821782178,29,0.2871287128712871
Compress,42,16,Fastazi-S,62,0.599009900990099,41,0.40594059405940597
Compress,42,16,Fastazi-P,62,0.5792079207920793,43,0.42574257425742573
Compress,42,16,Random,101,0.0049504950495049506,101,1.0
Compress,42,17,Ekstazi,62,0.400990099009901,61,0.6039603960396039
Compress,42,17,FAST,101,0.33168316831683164,68,0.6732673267326733
Compress,42,17,Ekstazi+dpt,62,0.7178217821782178,29,0.2871287128712871
Compress,42,17,DPT,101,0.7178217821782178,29,0.2871287128712871
Compress,42,17,STARTS,73,0.45049504950495045,56,0.5544554455445545
Compress,42,17,STARTS+FAST-S,73,0.3712871287128713,64,0.6336633663366337
Compress,42,17,STARTS+FAST-P,73,0.3712871287128713,64,0.6336633663366337
Compress,42,17,STARTS+DPT,73,0.7178217821782178,29,0.2871287128712871
Compress,42,17,Fastazi-S,62,0.599009900990099,41,0.40594059405940597
Compress,42,17,Fastazi-P,62,0.5792079207920793,43,0.42574257425742573
Compress,42,17,Random,101,0.2623762376237624,75,0.7425742574257426
Compress,42,18,Ekstazi,62,0.9752475247524752,3,0.0297029702970297
Compress,42,18,FAST,101,0.33168316831683164,68,0.6732673267326733
Compress,42,18,Ekstazi+dpt,62,0.7178217821782178,29,0.2871287128712871
Compress,42,18,DPT,101,0.7079207920792079,30,0.297029702970297
Compress,42,18,STARTS,73,0.8564356435643564,15,0.1485148514851485
Compress,42,18,STARTS+FAST-S,73,0.3712871287128713,64,0.6336633663366337
Compress,42,18,STARTS+FAST-P,73,0.3712871287128713,64,0.6336633663366337
Compress,42,18,STARTS+DPT,73,0.7079207920792079,30,0.297029702970297
Compress,42,18,Fastazi-S,62,0.599009900990099,41,0.40594059405940597
Compress,42,18,Fastazi-P,62,0.5792079207920793,43,0.42574257425742573
Compress,42,18,Random,101,0.4108910891089109,60,0.594059405940594
Compress,42,19,Ekstazi,62,0.400990099009901,61,0.6039603960396039
Compress,42,19,FAST,101,0.33168316831683164,68,0.6732673267326733
Compress,42,19,Ekstazi+dpt,62,0.7178217821782178,29,0.2871287128712871
Compress,42,19,DPT,101,0.7079207920792079,30,0.297029702970297
Compress,42,19,STARTS,73,0.5198019801980198,49,0.48514851485148514
Compress,42,19,STARTS+FAST-S,73,0.3712871287128713,64,0.6336633663366337
Compress,42,19,STARTS+FAST-P,73,0.3712871287128713,64,0.6336633663366337
Compress,42,19,STARTS+DPT,73,0.7079207920792079,30,0.297029702970297
Compress,42,19,Fastazi-S,62,0.599009900990099,41,0.40594059405940597
Compress,42,19,Fastazi-P,62,0.5792079207920793,43,0.42574257425742573
Compress,42,19,Random,101,0.9455445544554455,6,0.0594059405940594
Compress,42,20,Ekstazi,62,0.9257425742574258,8,0.07920792079207921
Compress,42,20,FAST,101,0.33168316831683164,68,0.6732673267326733
Compress,42,20,Ekstazi+dpt,62,0.7079207920792079,30,0.297029702970297
Compress,42,20,DPT,101,0.7079207920792079,30,0.297029702970297
Compress,42,20,STARTS,73,0.7772277227722773,23,0.22772277227722773
Compress,42,20,STARTS+FAST-S,73,0.3712871287128713,64,0.6336633663366337
Compress,42,20,STARTS+FAST-P,73,0.3712871287128713,64,0.6336633663366337
Compress,42,20,STARTS+DPT,73,0.7079207920792079,30,0.297029702970297
Compress,42,20,Fastazi-S,62,0.599009900990099,41,0.40594059405940597
Compress,42,20,Fastazi-P,62,0.5792079207920793,43,0.42574257425742573
Compress,42,20,Random,101,0.9455445544554455,6,0.0594059405940594
Compress,42,21,Ekstazi,62,0.8663366336633663,14,0.13861386138613863
Compress,42,21,FAST,101,0.33168316831683164,68,0.6732673267326733
Compress,42,21,Ekstazi+dpt,62,0.7079207920792079,30,0.297029702970297
Compress,42,21,DPT,101,0.7079207920792079,30,0.297029702970297
Compress,42,21,STARTS,73,0.7376237623762376,27,0.26732673267326734
Compress,42,21,STARTS+FAST-S,73,0.3712871287128713,64,0.6336633663366337
Compress,42,21,STARTS+FAST-P,73,0.3712871287128713,64,0.6336633663366337
Compress,42,21,STARTS+DPT,73,0.7178217821782178,29,0.2871287128712871
Compress,42,21,Fastazi-S,62,0.599009900990099,41,0.40594059405940597
Compress,42,21,Fastazi-P,62,0.5792079207920793,43,0.42574257425742573
Compress,42,21,Random,101,0.5594059405940595,45,0.44554455445544555
Compress,42,22,Ekstazi,62,0.8267326732673268,18,0.1782178217821782
Compress,42,22,FAST,101,0.33168316831683164,68,0.6732673267326733
Compress,42,22,Ekstazi+dpt,62,0.7079207920792079,30,0.297029702970297
Compress,42,22,DPT,101,0.7178217821782178,29,0.2871287128712871
Compress,42,22,STARTS,73,0.3910891089108911,62,0.6138613861386139
Compress,42,22,STARTS+FAST-S,73,0.3712871287128713,64,0.6336633663366337
Compress,42,22,STARTS+FAST-P,73,0.3712871287128713,64,0.6336633663366337
Compress,42,22,STARTS+DPT,73,0.7079207920792079,30,0.297029702970297
Compress,42,22,Fastazi-S,62,0.5891089108910892,42,0.4158415841584158
Compress,42,22,Fastazi-P,62,0.5693069306930694,44,0.43564356435643564
Compress,42,22,Random,101,0.7970297029702971,21,0.2079207920792079
Compress,42,23,Ekstazi,62,0.4900990099009901,52,0.5148514851485149
Compress,42,23,FAST,101,0.33168316831683164,68,0.6732673267326733
Compress,42,23,Ekstazi+dpt,62,0.7079207920792079,30,0.297029702970297
Compress,42,23,DPT,101,0.7178217821782178,29,0.2871287128712871
Compress,42,23,STARTS,73,0.7871287128712872,22,0.21782178217821782
Compress,42,23,STARTS+FAST-S,73,0.3712871287128713,64,0.6336633663366337
Compress,42,23,STARTS+FAST-P,73,0.3712871287128713,64,0.6336633663366337
Compress,42,23,STARTS+DPT,73,0.7079207920792079,30,0.297029702970297
Compress,42,23,Fastazi-S,62,0.599009900990099,41,0.40594059405940597
Compress,42,23,Fastazi-P,62,0.5792079207920793,43,0.42574257425742573
Compress,42,23,Random,101,0.5198019801980198,49,0.48514851485148514
Compress,42,24,Ekstazi,62,0.599009900990099,41,0.40594059405940597
Compress,42,24,FAST,101,0.13366336633663367,88,0.8712871287128713
Compress,42,24,Ekstazi+dpt,62,0.7079207920792079,30,0.297029702970297
Compress,42,24,DPT,101,0.7178217821782178,29,0.2871287128712871
Compress,42,24,STARTS,73,0.301980198019802,71,0.7029702970297029
Compress,42,24,STARTS+FAST-S,73,0.995049504950495,1,0.009900990099009901
Compress,42,24,STARTS+FAST-P,73,0.3712871287128713,64,0.6336633663366337
Compress,42,24,STARTS+DPT,73,0.7178217821782178,29,0.2871287128712871
Compress,42,24,Fastazi-S,62,0.599009900990099,41,0.40594059405940597
Compress,42,24,Fastazi-P,62,0.46039603960396036,55,0.5445544554455446
Compress,42,24,Random,101,0.8465346534653465,16,0.15841584158415842
Compress,42,25,Ekstazi,62,0.6782178217821782,33,0.32673267326732675
Compress,42,25,FAST,101,0.32178217821782173,69,0.6831683168316832
Compress,42,25,Ekstazi+dpt,62,0.7178217821782178,29,0.2871287128712871
Compress,42,25,DPT,101,0.7079207920792079,30,0.297029702970297
Compress,42,25,STARTS,73,0.3811881188118812,63,0.6237623762376238
Compress,42,25,STARTS+FAST-S,73,0.3712871287128713,64,0.6336633663366337
Compress,42,25,STARTS+FAST-P,73,0.3712871287128713,64,0.6336633663366337
Compress,42,25,STARTS+DPT,73,0.7178217821782178,29,0.2871287128712871
Compress,42,25,Fastazi-S,62,0.599009900990099,41,0.40594059405940597
Compress,42,25,Fastazi-P,62,0.5792079207920793,43,0.42574257425742573
Compress,42,25,Random,101,0.6584158415841584,35,0.3465346534653465
Compress,42,26,Ekstazi,62,0.7574257425742574,25,0.24752475247524752
Compress,42,26,FAST,101,0.33168316831683164,68,0.6732673267326733
Compress,42,26,Ekstazi+dpt,62,0.7079207920792079,30,0.297029702970297
Compress,42,26,DPT,101,0.7079207920792079,30,0.297029702970297
Compress,42,26,STARTS,73,0.4900990099009901,52,0.5148514851485149
Compress,42,26,STARTS+FAST-S,73,0.3712871287128713,64,0.6336633663366337
Compress,42,26,STARTS+FAST-P,73,0.3712871287128713,64,0.6336633663366337
Compress,42,26,STARTS+DPT,73,0.7079207920792079,30,0.297029702970297
Compress,42,26,Fastazi-S,62,0.599009900990099,41,0.40594059405940597
Compress,42,26,Fastazi-P,62,0.5891089108910892,42,0.4158415841584158
Compress,42,26,Random,101,0.8960396039603961,11,0.10891089108910891
Compress,42,27,Ekstazi,62,0.7475247524752475,26,0.25742574257425743
Compress,42,27,FAST,101,0.33168316831683164,68,0.6732673267326733
Compress,42,27,Ekstazi+dpt,62,0.7079207920792079,30,0.297029702970297
Compress,42,27,DPT,101,0.7178217821782178,29,0.2871287128712871
Compress,42,27,STARTS,73,0.5594059405940595,45,0.44554455445544555
Compress,42,27,STARTS+FAST-S,73,0.3712871287128713,64,0.6336633663366337
Compress,42,27,STARTS+FAST-P,73,0.3712871287128713,64,0.6336633663366337
Compress,42,27,STARTS+DPT,73,0.7079207920792079,30,0.297029702970297
Compress,42,27,Fastazi-S,62,0.599009900990099,41,0.40594059405940597
Compress,42,27,Fastazi-P,62,0.5792079207920793,43,0.42574257425742573
Compress,42,27,Random,101,0.5,51,0.504950495049505
Compress,42,28,Ekstazi,62,0.5495049504950495,46,0.45544554455445546
Compress,42,28,FAST,101,0.33168316831683164,68,0.6732673267326733
Compress,42,28,Ekstazi+dpt,62,0.7079207920792079,30,0.297029702970297
Compress,42,28,DPT,101,0.7178217821782178,29,0.2871287128712871
Compress,42,28,STARTS,73,0.6782178217821782,33,0.32673267326732675
Compress,42,28,STARTS+FAST-S,73,0.995049504950495,1,0.009900990099009901
Compress,42,28,STARTS+FAST-P,73,0.3712871287128713,64,0.6336633663366337
Compress,42,28,STARTS+DPT,73,0.7079207920792079,30,0.297029702970297
Compress,42,28,Fastazi-S,62,0.599009900990099,41,0.40594059405940597
Compress,42,28,Fastazi-P,62,0.5792079207920793,43,0.42574257425742573
Compress,42,28,Random,101,0.2524752475247525,76,0.7524752475247525
Compress,42,29,Ekstazi,62,0.5594059405940595,45,0.44554455445544555
Compress,42,29,FAST,101,0.33168316831683164,68,0.6732673267326733
Compress,42,29,Ekstazi+dpt,62,0.7079207920792079,30,0.297029702970297
Compress,42,29,DPT,101,0.7178217821782178,29,0.2871287128712871
Compress,42,29,STARTS,73,0.3712871287128713,64,0.6336633663366337
Compress,42,29,STARTS+FAST-S,73,0.3712871287128713,64,0.6336633663366337
Compress,42,29,STARTS+FAST-P,73,0.3712871287128713,64,0.6336633663366337
Compress,42,29,STARTS+DPT,73,0.7178217821782178,29,0.2871287128712871
Compress,42,29,Fastazi-S,62,0.599009900990099,41,0.40594059405940597
Compress,42,29,Fastazi-P,62,0.5792079207920793,43,0.42574257425742573
Compress,42,29,Random,101,0.42079207920792083,59,0.5841584158415841
Compress,42,30,Ekstazi,62,0.8564356435643564,15,0.1485148514851485
Compress,42,30,FAST,101,0.33168316831683164,68,0.6732673267326733
Compress,42,30,Ekstazi+dpt,62,0.7079207920792079,30,0.297029702970297
Compress,42,30,DPT,101,0.7178217821782178,29,0.2871287128712871
Compress,42,30,STARTS,73,0.9752475247524752,3,0.0297029702970297
Compress,42,30,STARTS+FAST-S,73,0.3712871287128713,64,0.6336633663366337
Compress,42,30,STARTS+FAST-P,73,0.3712871287128713,64,0.6336633663366337
Compress,42,30,STARTS+DPT,73,0.7178217821782178,29,0.2871287128712871
Compress,42,30,Fastazi-S,62,0.599009900990099,41,0.40594059405940597
Compress,42,30,Fastazi-P,62,0.5792079207920793,43,0.42574257425742573
Compress,42,30,Random,101,0.7970297029702971,21,0.2079207920792079
Compress,43,1,Ekstazi,88,0.4776785714285714,59,0.5267857142857143
Compress,43,1,FAST,112,0.9866071428571428,2,0.017857142857142856
Compress,43,1,Ekstazi+dpt,88,0.7544642857142857,28,0.25
Compress,43,1,DPT,112,0.7544642857142857,28,0.25
Compress,43,1,STARTS,94,0.7991071428571429,23,0.20535714285714285
Compress,43,1,STARTS+FAST-S,94,0.9866071428571428,2,0.017857142857142856
Compress,43,1,STARTS+FAST-P,94,0.9866071428571428,2,0.017857142857142856
Compress,43,1,STARTS+DPT,94,0.7633928571428571,27,0.24107142857142858
Compress,43,1,Fastazi-S,88,0.9866071428571428,2,0.017857142857142856
Compress,43,1,Fastazi-P,88,0.9955357142857143,1,0.008928571428571428
Compress,43,1,Random,112,0.08482142857142862,103,0.9196428571428571
Compress,43,2,Ekstazi,88,0.8973214285714286,12,0.10714285714285714
Compress,43,2,FAST,112,0.9866071428571428,2,0.017857142857142856
Compress,43,2,Ekstazi+dpt,88,0.7544642857142857,28,0.25
Compress,43,2,DPT,112,0.7544642857142857,28,0.25
Compress,43,2,STARTS,94,0.3348214285714286,75,0.6696428571428571
Compress,43,2,STARTS+FAST-S,94,0.8526785714285714,17,0.15178571428571427
Compress,43,2,STARTS+FAST-P,94,0.9776785714285714,3,0.026785714285714284
Compress,43,2,STARTS+DPT,94,0.7633928571428571,27,0.24107142857142858
Compress,43,2,Fastazi-S,88,0.9866071428571428,2,0.017857142857142856
Compress,43,2,Fastazi-P,88,0.9866071428571428,2,0.017857142857142856
Compress,43,2,Random,112,0.18303571428571433,92,0.8214285714285714
Compress,43,3,Ekstazi,88,0.6294642857142857,42,0.375
Compress,43,3,FAST,112,0.9866071428571428,2,0.017857142857142856
Compress,43,3,Ekstazi+dpt,88,0.7544642857142857,28,0.25
Compress,43,3,DPT,112,0.7633928571428571,27,0.24107142857142858
Compress,43,3,STARTS,94,0.90625,11,0.09821428571428571
Compress,43,3,STARTS+FAST-S,94,0.9866071428571428,2,0.017857142857142856
Compress,43,3,STARTS+FAST-P,94,0.7366071428571429,30,0.26785714285714285
Compress,43,3,STARTS+DPT,94,0.7633928571428571,27,0.24107142857142858
Compress,43,3,Fastazi-S,88,0.9241071428571428,9,0.08035714285714286
Compress,43,3,Fastazi-P,88,0.9955357142857143,1,0.008928571428571428
Compress,43,3,Random,112,0.7455357142857143,29,0.25892857142857145
Compress,43,4,Ekstazi,88,0.7723214285714285,26,0.23214285714285715
Compress,43,4,FAST,112,0.9151785714285714,10,0.08928571428571429
Compress,43,4,Ekstazi+dpt,88,0.7633928571428571,27,0.24107142857142858
Compress,43,4,DPT,112,0.7544642857142857,28,0.25
Compress,43,4,STARTS,94,0.9241071428571428,9,0.08035714285714286
Compress,43,4,STARTS+FAST-S,94,0.9866071428571428,2,0.017857142857142856
Compress,43,4,STARTS+FAST-P,94,0.9866071428571428,2,0.017857142857142856
Compress,43,4,STARTS+DPT,94,0.7633928571428571,27,0.24107142857142858
Compress,43,4,Fastazi-S,88,0.9776785714285714,3,0.026785714285714284
Compress,43,4,Fastazi-P,88,0.9241071428571428,9,0.08035714285714286
Compress,43,4,Random,112,0.28125,81,0.7232142857142857
Compress,43,5,Ekstazi,88,0.5133928571428571,55,0.49107142857142855
Compress,43,5,FAST,112,0.9776785714285714,3,0.026785714285714284
Compress,43,5,Ekstazi+dpt,88,0.7544642857142857,28,0.25
Compress,43,5,DPT,112,0.7633928571428571,27,0.24107142857142858
Compress,43,5,STARTS,94,0.23660714285714282,86,0.7678571428571429
Compress,43,5,STARTS+FAST-S,94,0.9866071428571428,2,0.017857142857142856
Compress,43,5,STARTS+FAST-P,94,0.9866071428571428,2,0.017857142857142856
Compress,43,5,STARTS+DPT,94,0.7544642857142857,28,0.25
Compress,43,5,Fastazi-S,88,0.96875,4,0.03571428571428571
Compress,43,5,Fastazi-P,88,0.9776785714285714,3,0.026785714285714284
Compress,43,5,Random,112,0.3616071428571428,72,0.6428571428571429
Compress,43,6,Ekstazi,88,0.9955357142857143,1,0.008928571428571428
Compress,43,6,FAST,112,0.9866071428571428,2,0.017857142857142856
Compress,43,6,Ekstazi+dpt,88,0.7633928571428571,27,0.24107142857142858
Compress,43,6,DPT,112,0.7544642857142857,28,0.25
Compress,43,6,STARTS,94,0.24553571428571433,85,0.7589285714285714
Compress,43,6,STARTS+FAST-S,94,0.7544642857142857,28,0.25
Compress,43,6,STARTS+FAST-P,94,0.9866071428571428,2,0.017857142857142856
Compress,43,6,STARTS+DPT,94,0.7633928571428571,27,0.24107142857142858
Compress,43,6,Fastazi-S,88,0.9151785714285714,10,0.08928571428571429
Compress,43,6,Fastazi-P,88,0.9866071428571428,2,0.017857142857142856
Compress,43,6,Random,112,0.08482142857142862,103,0.9196428571428571
Compress,43,7,Ekstazi,88,0.7633928571428571,27,0.24107142857142858
Compress,43,7,FAST,112,0.9866071428571428,2,0.017857142857142856
Compress,43,7,Ekstazi+dpt,88,0.7633928571428571,27,0.24107142857142858
Compress,43,7,DPT,112,0.7633928571428571,27,0.24107142857142858
Compress,43,7,STARTS,94,0.3973214285714286,68,0.6071428571428571
Compress,43,7,STARTS+FAST-S,94,0.9866071428571428,2,0.017857142857142856
Compress,43,7,STARTS+FAST-P,94,0.9866071428571428,2,0.017857142857142856
Compress,43,7,STARTS+DPT,94,0.7544642857142857,28,0.25
Compress,43,7,Fastazi-S,88,0.9151785714285714,10,0.08928571428571429
Compress,43,7,Fastazi-P,88,0.9866071428571428,2,0.017857142857142856
Compress,43,7,Random,112,0.23660714285714282,86,0.7678571428571429
Compress,43,8,Ekstazi,88,0.6473214285714285,40,0.35714285714285715
Compress,43,8,FAST,112,0.9776785714285714,3,0.026785714285714284
Compress,43,8,Ekstazi+dpt,88,0.7544642857142857,28,0.25
Compress,43,8,DPT,112,0.7544642857142857,28,0.25
Compress,43,8,STARTS,94,0.59375,46,0.4107142857142857
Compress,43,8,STARTS+FAST-S,94,0.9776785714285714,3,0.026785714285714284
Compress,43,8,STARTS+FAST-P,94,0.9955357142857143,1,0.008928571428571428
Compress,43,8,STARTS+DPT,94,0.7633928571428571,27,0.24107142857142858
Compress,43,8,Fastazi-S,88,0.96875,4,0.03571428571428571
Compress,43,8,Fastazi-P,88,0.9776785714285714,3,0.026785714285714284
Compress,43,8,Random,112,0.4598214285714286,61,0.5446428571428571
Compress,43,9,Ekstazi,88,0.6830357142857143,36,0.32142857142857145
Compress,43,9,FAST,112,0.9776785714285714,3,0.026785714285714284
Compress,43,9,Ekstazi+dpt,88,0.7633928571428571,27,0.24107142857142858
Compress,43,9,DPT,112,0.7633928571428571,27,0.24107142857142858
Compress,43,9,STARTS,94,0.2633928571428571,83,0.7410714285714286
Compress,43,9,STARTS+FAST-S,94,0.9866071428571428,2,0.017857142857142856
Compress,43,9,STARTS+FAST-P,94,0.9776785714285714,3,0.026785714285714284
Compress,43,9,STARTS+DPT,94,0.7633928571428571,27,0.24107142857142858
Compress,43,9,Fastazi-S,88,0.9151785714285714,10,0.08928571428571429
Compress,43,9,Fastazi-P,88,0.9776785714285714,3,0.026785714285714284
Compress,43,9,Random,112,0.11160714285714281,100,0.8928571428571429
Compress,43,10,Ekstazi,88,0.2991071428571428,79,0.7053571428571429
Compress,43,10,FAST,112,0.9776785714285714,3,0.026785714285714284
Compress,43,10,Ekstazi+dpt,88,0.7544642857142857,28,0.25
Compress,43,10,DPT,112,0.7544642857142857,28,0.25
Compress,43,10,STARTS,94,0.53125,53,0.4732142857142857
Compress,43,10,STARTS+FAST-S,94,0.9776785714285714,3,0.026785714285714284
Compress,43,10,STARTS+FAST-P,94,0.9776785714285714,3,0.026785714285714284
Compress,43,10,STARTS+DPT,94,0.7633928571428571,27,0.24107142857142858
Compress,43,10,Fastazi-S,88,0.9866071428571428,2,0.017857142857142856
Compress,43,10,Fastazi-P,88,0.9776785714285714,3,0.026785714285714284
Compress,43,10,Random,112,0.5401785714285714,52,0.4642857142857143
Compress,43,11,Ekstazi,88,0.6651785714285714,38,0.3392857142857143
Compress,43,11,FAST,112,0.9776785714285714,3,0.026785714285714284
Compress,43,11,Ekstazi+dpt,88,0.7544642857142857,28,0.25
Compress,43,11,DPT,112,0.7544642857142857,28,0.25
Compress,43,11,STARTS,94,0.40625,67,0.5982142857142857
Compress,43,11,STARTS+FAST-S,94,0.78125,25,0.22321428571428573
Compress,43,11,STARTS+FAST-P,94,0.9776785714285714,3,0.026785714285714284
Compress,43,11,STARTS+DPT,94,0.7633928571428571,27,0.24107142857142858
Compress,43,11,Fastazi-S,88,0.9776785714285714,3,0.026785714285714284
Compress,43,11,Fastazi-P,88,0.9866071428571428,2,0.017857142857142856
Compress,43,11,Random,112,0.96875,4,0.03571428571428571
Compress,43,12,Ekstazi,88,0.24553571428571433,85,0.7589285714285714
Compress,43,12,FAST,112,0.9866071428571428,2,0.017857142857142856
Compress,43,12,Ekstazi+dpt,88,0.7544642857142857,28,0.25
Compress,43,12,DPT,112,0.7633928571428571,27,0.24107142857142858
Compress,43,12,STARTS,94,0.8258928571428571,20,0.17857142857142858
Compress,43,12,STARTS+FAST-S,94,0.9866071428571428,2,0.017857142857142856
Compress,43,12,STARTS+FAST-P,94,0.7366071428571429,30,0.26785714285714285
Compress,43,12,STARTS+DPT,94,0.7544642857142857,28,0.25
Compress,43,12,Fastazi-S,88,0.9151785714285714,10,0.08928571428571429
Compress,43,12,Fastazi-P,88,0.9866071428571428,2,0.017857142857142856
Compress,43,12,Random,112,0.6116071428571429,44,0.39285714285714285
Compress,43,13,Ekstazi,88,0.6741071428571429,37,0.33035714285714285
Compress,43,13,FAST,112,0.9776785714285714,3,0.026785714285714284
Compress,43,13,Ekstazi+dpt,88,0.7544642857142857,28,0.25
Compress,43,13,DPT,112,0.7544642857142857,28,0.25
Compress,43,13,STARTS,94,0.9955357142857143,1,0.008928571428571428
Compress,43,13,STARTS+FAST-S,94,0.8526785714285714,17,0.15178571428571427
Compress,43,13,STARTS+FAST-P,94,0.9866071428571428,2,0.017857142857142856
Compress,43,13,STARTS+DPT,94,0.7544642857142857,28,0.25
Compress,43,13,Fastazi-S,88,0.96875,4,0.03571428571428571
Compress,43,13,Fastazi-P,88,0.9866071428571428,2,0.017857142857142856
Compress,43,13,Random,112,0.7366071428571429,30,0.26785714285714285
Compress,43,14,Ekstazi,88,0.3883928571428571,69,0.6160714285714286
Compress,43,14,FAST,112,0.9866071428571428,2,0.017857142857142856
Compress,43,14,Ekstazi+dpt,88,0.7544642857142857,28,0.25
Compress,43,14,DPT,112,0.7544642857142857,28,0.25
Compress,43,14,STARTS,94,0.3973214285714286,68,0.6071428571428571
Compress,43,14,STARTS+FAST-S,94,0.9866071428571428,2,0.017857142857142856
Compress,43,14,STARTS+FAST-P,94,0.9776785714285714,3,0.026785714285714284
Compress,43,14,STARTS+DPT,94,0.7544642857142857,28,0.25
Compress,43,14,Fastazi-S,88,0.8973214285714286,12,0.10714285714285714
Compress,43,14,Fastazi-P,88,0.9866071428571428,2,0.017857142857142856
Compress,43,14,Random,112,0.08482142857142862,103,0.9196428571428571
Compress,43,15,Ekstazi,88,0.8794642857142857,14,0.125
Compress,43,15,FAST,112,0.9776785714285714,3,0.026785714285714284
Compress,43,15,Ekstazi+dpt,88,0.7544642857142857,28,0.25
Compress,43,15,DPT,112,0.7633928571428571,27,0.24107142857142858
Compress,43,15,STARTS,94,0.2901785714285714,80,0.7142857142857143
Compress,43,15,STARTS+FAST-S,94,0.78125,25,0.22321428571428573
Compress,43,15,STARTS+FAST-P,94,0.8794642857142857,14,0.125
Compress,43,15,STARTS+DPT,94,0.7633928571428571,27,0.24107142857142858
Compress,43,15,Fastazi-S,88,0.8973214285714286,12,0.10714285714285714
Compress,43,15,Fastazi-P,88,0.9866071428571428,2,0.017857142857142856
Compress,43,15,Random,112,0.8883928571428571,13,0.11607142857142858
Compress,43,16,Ekstazi,88,0.6473214285714285,40,0.35714285714285715
Compress,43,16,FAST,112,0.9866071428571428,2,0.017857142857142856
Compress,43,16,Ekstazi+dpt,88,0.7544642857142857,28,0.25
Compress,43,16,DPT,112,0.7633928571428571,27,0.24107142857142858
Compress,43,16,STARTS,94,0.2723214285714286,82,0.7321428571428571
Compress,43,16,STARTS+FAST-S,94,0.78125,25,0.22321428571428573
Compress,43,16,STARTS+FAST-P,94,0.9866071428571428,2,0.017857142857142856
Compress,43,16,STARTS+DPT,94,0.7544642857142857,28,0.25
Compress,43,16,Fastazi-S,88,0.96875,4,0.03571428571428571
Compress,43,16,Fastazi-P,88,0.9955357142857143,1,0.008928571428571428
Compress,43,16,Random,112,0.8616071428571429,16,0.14285714285714285
Compress,43,17,Ekstazi,88,0.96875,4,0.03571428571428571
Compress,43,17,FAST,112,0.9151785714285714,10,0.08928571428571429
Compress,43,17,Ekstazi+dpt,88,0.7544642857142857,28,0.25
Compress,43,17,DPT,112,0.7633928571428571,27,0.24107142857142858
Compress,43,17,STARTS,94,0.3080357142857143,78,0.6964285714285714
Compress,43,17,STARTS+FAST-S,94,0.9866071428571428,2,0.017857142857142856
Compress,43,17,STARTS+FAST-P,94,0.9866071428571428,2,0.017857142857142856
Compress,43,17,STARTS+DPT,94,0.7544642857142857,28,0.25
Compress,43,17,Fastazi-S,88,0.9776785714285714,3,0.026785714285714284
Compress,43,17,Fastazi-P,88,0.9241071428571428,9,0.08035714285714286
Compress,43,17,Random,112,0.9330357142857143,8,0.07142857142857142
Compress,43,18,Ekstazi,88,0.6473214285714285,40,0.35714285714285715
Compress,43,18,FAST,112,0.9776785714285714,3,0.026785714285714284
Compress,43,18,Ekstazi+dpt,88,0.7544642857142857,28,0.25
Compress,43,18,DPT,112,0.7633928571428571,27,0.24107142857142858
Compress,43,18,STARTS,94,0.5133928571428571,55,0.49107142857142855
Compress,43,18,STARTS+FAST-S,94,0.9776785714285714,3,0.026785714285714284
Compress,43,18,STARTS+FAST-P,94,0.9776785714285714,3,0.026785714285714284
Compress,43,18,STARTS+DPT,94,0.7633928571428571,27,0.24107142857142858
Compress,43,18,Fastazi-S,88,0.9151785714285714,10,0.08928571428571429
Compress,43,18,Fastazi-P,88,0.9776785714285714,3,0.026785714285714284
Compress,43,18,Random,112,0.8705357142857143,15,0.13392857142857142
Compress,43,19,Ekstazi,88,0.46875,60,0.5357142857142857
Compress,43,19,FAST,112,0.9776785714285714,3,0.026785714285714284
Compress,43,19,Ekstazi+dpt,88,0.7633928571428571,27,0.24107142857142858
Compress,43,19,DPT,112,0.7633928571428571,27,0.24107142857142858
Compress,43,19,STARTS,94,0.3348214285714286,75,0.6696428571428571
Compress,43,19,STARTS+FAST-S,94,0.78125,25,0.22321428571428573
Compress,43,19,STARTS+FAST-P,94,0.7455357142857143,29,0.25892857142857145
Compress,43,19,STARTS+DPT,94,0.7633928571428571,27,0.24107142857142858
Compress,43,19,Fastazi-S,88,0.9866071428571428,2,0.017857142857142856
Compress,43,19,Fastazi-P,88,0.9776785714285714,3,0.026785714285714284
Compress,43,19,Random,112,0.7366071428571429,30,0.26785714285714285
Compress,43,20,Ekstazi,88,0.4419642857142857,63,0.5625
Compress,43,20,FAST,112,0.9151785714285714,10,0.08928571428571429
Compress,43,20,Ekstazi+dpt,88,0.7544642857142857,28,0.25
Compress,43,20,DPT,112,0.7544642857142857,28,0.25
Compress,43,20,STARTS,94,0.9151785714285714,10,0.08928571428571429
Compress,43,20,STARTS+FAST-S,94,0.6383928571428571,41,0.36607142857142855
Compress,43,20,STARTS+FAST-P,94,0.9866071428571428,2,0.017857142857142856
Compress,43,20,STARTS+DPT,94,0.7544642857142857,28,0.25
Compress,43,20,Fastazi-S,88,0.9866071428571428,2,0.017857142857142856
Compress,43,20,Fastazi-P,88,0.9241071428571428,9,0.08035714285714286
Compress,43,20,Random,112,0.65625,39,0.3482142857142857
Compress,43,21,Ekstazi,88,0.5491071428571429,51,0.45535714285714285
Compress,43,21,FAST,112,0.96875,4,0.03571428571428571
Compress,43,21,Ekstazi+dpt,88,0.7633928571428571,27,0.24107142857142858
Compress,43,21,DPT,112,0.7544642857142857,28,0.25
Compress,43,21,STARTS,94,0.9955357142857143,1,0.008928571428571428
Compress,43,21,STARTS+FAST-S,94,0.9866071428571428,2,0.017857142857142856
Compress,43,21,STARTS+FAST-P,94,0.9776785714285714,3,0.026785714285714284
Compress,43,21,STARTS+DPT,94,0.7544642857142857,28,0.25
Compress,43,21,Fastazi-S,88,0.9330357142857143,8,0.07142857142857142
Compress,43,21,Fastazi-P,88,0.96875,4,0.03571428571428571
Compress,43,21,Random,112,0.4508928571428571,62,0.5535714285714286
Compress,43,22,Ekstazi,88,0.8794642857142857,14,0.125
Compress,43,22,FAST,112,0.96875,4,0.03571428571428571
Compress,43,22,Ekstazi+dpt,88,0.7633928571428571,27,0.24107142857142858
Compress,43,22,DPT,112,0.7544642857142857,28,0.25
Compress,43,22,STARTS,94,0.7633928571428571,27,0.24107142857142858
Compress,43,22,STARTS+FAST-S,94,0.78125,25,0.22321428571428573
Compress,43,22,STARTS+FAST-P,94,0.8794642857142857,14,0.125
Compress,43,22,STARTS+DPT,94,0.7633928571428571,27,0.24107142857142858
Compress,43,22,Fastazi-S,88,0.8973214285714286,12,0.10714285714285714
Compress,43,22,Fastazi-P,88,0.96875,4,0.03571428571428571
Compress,43,22,Random,112,0.8705357142857143,15,0.13392857142857142
Compress,43,23,Ekstazi,88,0.3080357142857143,78,0.6964285714285714
Compress,43,23,FAST,112,0.96875,4,0.03571428571428571
Compress,43,23,Ekstazi+dpt,88,0.7544642857142857,28,0.25
Compress,43,23,DPT,112,0.7544642857142857,28,0.25
Compress,43,23,STARTS,94,0.20089285714285712,90,0.8035714285714286
Compress,43,23,STARTS+FAST-S,94,0.9776785714285714,3,0.026785714285714284
Compress,43,23,STARTS+FAST-P,94,0.9866071428571428,2,0.017857142857142856
Compress,43,23,STARTS+DPT,94,0.7544642857142857,28,0.25
Compress,43,23,Fastazi-S,88,0.9866071428571428,2,0.017857142857142856
Compress,43,23,Fastazi-P,88,0.9776785714285714,3,0.026785714285714284
Compress,43,23,Random,112,0.96875,4,0.03571428571428571
Compress,43,24,Ekstazi,88,0.84375,18,0.16071428571428573
Compress,43,24,FAST,112,0.9776785714285714,3,0.026785714285714284
Compress,43,24,Ekstazi+dpt,88,0.7544642857142857,28,0.25
Compress,43,24,DPT,112,0.7633928571428571,27,0.24107142857142858
Compress,43,24,STARTS,94,0.7366071428571429,30,0.26785714285714285
Compress,43,24,STARTS+FAST-S,94,0.6383928571428571,41,0.36607142857142855
Compress,43,24,STARTS+FAST-P,94,0.9955357142857143,1,0.008928571428571428
Compress,43,24,STARTS+DPT,94,0.7633928571428571,27,0.24107142857142858
Compress,43,24,Fastazi-S,88,0.8973214285714286,12,0.10714285714285714
Compress,43,24,Fastazi-P,88,0.9776785714285714,3,0.026785714285714284
Compress,43,24,Random,112,0.058035714285714315,106,0.9464285714285714
Compress,43,25,Ekstazi,88,0.3973214285714286,68,0.6071428571428571
Compress,43,25,FAST,112,0.9866071428571428,2,0.017857142857142856
Compress,43,25,Ekstazi+dpt,88,0.7633928571428571,27,0.24107142857142858
Compress,43,25,DPT,112,0.7544642857142857,28,0.25
Compress,43,25,STARTS,94,0.7633928571428571,27,0.24107142857142858
Compress,43,25,STARTS+FAST-S,94,0.8526785714285714,17,0.15178571428571427
Compress,43,25,STARTS+FAST-P,94,0.8794642857142857,14,0.125
Compress,43,25,STARTS+DPT,94,0.7544642857142857,28,0.25
Compress,43,25,Fastazi-S,88,0.9776785714285714,3,0.026785714285714284
Compress,43,25,Fastazi-P,88,0.9955357142857143,1,0.008928571428571428
Compress,43,25,Random,112,0.65625,39,0.3482142857142857
Compress,43,26,Ekstazi,88,0.8794642857142857,14,0.125
Compress,43,26,FAST,112,0.9776785714285714,3,0.026785714285714284
Compress,43,26,Ekstazi+dpt,88,0.7633928571428571,27,0.24107142857142858
Compress,43,26,DPT,112,0.7544642857142857,28,0.25
Compress,43,26,STARTS,94,0.23660714285714282,86,0.7678571428571429
Compress,43,26,STARTS+FAST-S,94,0.9776785714285714,3,0.026785714285714284
Compress,43,26,STARTS+FAST-P,94,0.9776785714285714,3,0.026785714285714284
Compress,43,26,STARTS+DPT,94,0.7544642857142857,28,0.25
Compress,43,26,Fastazi-S,88,0.9151785714285714,10,0.08928571428571429
Compress,43,26,Fastazi-P,88,0.9776785714285714,3,0.026785714285714284
Compress,43,26,Random,112,0.7544642857142857,28,0.25
Compress,43,27,Ekstazi,88,0.84375,18,0.16071428571428573
Compress,43,27,FAST,112,0.9776785714285714,3,0.026785714285714284
Compress,43,27,Ekstazi+dpt,88,0.7544642857142857,28,0.25
Compress,43,27,DPT,112,0.7633928571428571,27,0.24107142857142858
Compress,43,27,STARTS,94,0.5133928571428571,55,0.49107142857142855
Compress,43,27,STARTS+FAST-S,94,0.9776785714285714,3,0.026785714285714284
Compress,43,27,STARTS+FAST-P,94,0.9955357142857143,1,0.008928571428571428
Compress,43,27,STARTS+DPT,94,0.7633928571428571,27,0.24107142857142858
Compress,43,27,Fastazi-S,88,0.9866071428571428,2,0.017857142857142856
Compress,43,27,Fastazi-P,88,0.9776785714285714,3,0.026785714285714284
Compress,43,27,Random,112,0.34375,74,0.6607142857142857
Compress,43,28,Ekstazi,88,0.8705357142857143,15,0.13392857142857142
Compress,43,28,FAST,112,0.96875,4,0.03571428571428571
Compress,43,28,Ekstazi+dpt,88,0.7633928571428571,27,0.24107142857142858
Compress,43,28,DPT,112,0.7633928571428571,27,0.24107142857142858
Compress,43,28,STARTS,94,0.8794642857142857,14,0.125
Compress,43,28,STARTS+FAST-S,94,0.9866071428571428,2,0.017857142857142856
Compress,43,28,STARTS+FAST-P,94,0.9776785714285714,3,0.026785714285714284
Compress,43,28,STARTS+DPT,94,0.7544642857142857,28,0.25
Compress,43,28,Fastazi-S,88,0.9776785714285714,3,0.026785714285714284
Compress,43,28,Fastazi-P,88,0.96875,4,0.03571428571428571
Compress,43,28,Random,112,0.6205357142857143,43,0.38392857142857145
Compress,43,29,Ekstazi,88,0.21875000000000003,88,0.7857142857142857
Compress,43,29,FAST,112,0.8794642857142857,14,0.125
Compress,43,29,Ekstazi+dpt,88,0.7633928571428571,27,0.24107142857142858
Compress,43,29,DPT,112,0.7544642857142857,28,0.25
Compress,43,29,STARTS,94,0.8080357142857143,22,0.19642857142857142
Compress,43,29,STARTS+FAST-S,94,0.9866071428571428,2,0.017857142857142856
Compress,43,29,STARTS+FAST-P,94,0.7366071428571429,30,0.26785714285714285
Compress,43,29,STARTS+DPT,94,0.7633928571428571,27,0.24107142857142858
Compress,43,29,Fastazi-S,88,0.9776785714285714,3,0.026785714285714284
Compress,43,29,Fastazi-P,88,0.90625,11,0.09821428571428571
Compress,43,29,Random,112,0.3169642857142857,77,0.6875
Compress,43,30,Ekstazi,88,0.5133928571428571,55,0.49107142857142855
Compress,43,30,FAST,112,0.9866071428571428,2,0.017857142857142856
Compress,43,30,Ekstazi+dpt,88,0.7633928571428571,27,0.24107142857142858
Compress,43,30,DPT,112,0.7544642857142857,28,0.25
Compress,43,30,STARTS,94,0.2901785714285714,80,0.7142857142857143
Compress,43,30,STARTS+FAST-S,94,0.9866071428571428,2,0.017857142857142856
Compress,43,30,STARTS+FAST-P,94,0.9866071428571428,2,0.017857142857142856
Compress,43,30,STARTS+DPT,94,0.7544642857142857,28,0.25
Compress,43,30,Fastazi-S,88,0.9776785714285714,3,0.026785714285714284
Compress,43,30,Fastazi-P,88,0.9866071428571428,2,0.017857142857142856
Compress,43,30,Random,112,0.6383928571428571,41,0.36607142857142855
Compress,44,1,Ekstazi,11,0.9453781512605042,7,0.058823529411764705
Compress,44,1,FAST,119,0.45798319327731096,65,0.5462184873949579
Compress,44,1,Ekstazi+dpt,11,0.9285714285714286,9,0.07563025210084033
Compress,44,1,DPT,119,0.07142857142857141,111,0.9327731092436975
Compress,44,1,STARTS,22,0.8445378151260504,19,0.15966386554621848
Compress,44,1,STARTS+FAST-S,22,0.8361344537815125,20,0.16806722689075632
Compress,44,1,STARTS+FAST-P,22,0.8865546218487395,14,0.11764705882352941
Compress,44,1,STARTS+DPT,22,0.8361344537815125,20,0.16806722689075632
Compress,44,1,Fastazi-S,11,0.9285714285714286,9,0.07563025210084033
Compress,44,1,Fastazi-P,11,0.9369747899159664,8,0.06722689075630252
Compress,44,1,Random,119,0.6764705882352942,39,0.3277310924369748
Compress,44,2,Ekstazi,11,0.9285714285714286,9,0.07563025210084033
Compress,44,2,FAST,119,0.46638655462184875,64,0.5378151260504201
Compress,44,2,Ekstazi+dpt,11,0.9201680672268907,10,0.08403361344537816
Compress,44,2,DPT,119,0.046218487394957944,114,0.957983193277311
Compress,44,2,STARTS,22,0.819327731092437,22,0.18487394957983194
Compress,44,2,STARTS+FAST-S,22,0.8361344537815125,20,0.16806722689075632
Compress,44,2,STARTS+FAST-P,22,0.8949579831932772,13,0.1092436974789916
Compress,44,2,STARTS+DPT,22,0.8277310924369747,21,0.17647058823529413
Compress,44,2,Fastazi-S,11,0.9285714285714286,9,0.07563025210084033
Compress,44,2,Fastazi-P,11,0.9369747899159664,8,0.06722689075630252
Compress,44,2,Random,119,0.18907563025210086,97,0.8151260504201681
Compress,44,3,Ekstazi,11,0.953781512605042,6,0.05042016806722689
Compress,44,3,FAST,119,0.46638655462184875,64,0.5378151260504201
Compress,44,3,Ekstazi+dpt,11,0.9201680672268907,10,0.08403361344537816
Compress,44,3,DPT,119,0.07142857142857141,111,0.9327731092436975
Compress,44,3,STARTS,22,0.8529411764705882,18,0.15126050420168066
Compress,44,3,STARTS+FAST-S,22,0.8361344537815125,20,0.16806722689075632
Compress,44,3,STARTS+FAST-P,22,0.8949579831932772,13,0.1092436974789916
Compress,44,3,STARTS+DPT,22,0.8445378151260504,19,0.15966386554621848
Compress,44,3,Fastazi-S,11,0.9201680672268907,10,0.08403361344537816
Compress,44,3,Fastazi-P,11,0.9369747899159664,8,0.06722689075630252
Compress,44,3,Random,119,0.029411764705882373,116,0.9747899159663865
Compress,44,4,Ekstazi,11,0.9789915966386554,3,0.025210084033613446
Compress,44,4,FAST,119,0.46638655462184875,64,0.5378151260504201
Compress,44,4,Ekstazi+dpt,11,0.9285714285714286,9,0.07563025210084033
Compress,44,4,DPT,119,0.07142857142857141,111,0.9327731092436975
Compress,44,4,STARTS,22,0.8529411764705882,18,0.15126050420168066
Compress,44,4,STARTS+FAST-S,22,0.8361344537815125,20,0.16806722689075632
Compress,44,4,STARTS+FAST-P,22,0.8949579831932772,13,0.1092436974789916
Compress,44,4,STARTS+DPT,22,0.8277310924369747,21,0.17647058823529413
Compress,44,4,Fastazi-S,11,0.9957983193277311,1,0.008403361344537815
Compress,44,4,Fastazi-P,11,0.9369747899159664,8,0.06722689075630252
Compress,44,4,Random,119,0.3571428571428571,77,0.6470588235294118
Compress,44,5,Ekstazi,11,0.9873949579831932,2,0.01680672268907563
Compress,44,5,FAST,119,0.46638655462184875,64,0.5378151260504201
Compress,44,5,Ekstazi+dpt,11,0.9369747899159664,8,0.06722689075630252
Compress,44,5,DPT,119,0.046218487394957944,114,0.957983193277311
Compress,44,5,STARTS,22,0.953781512605042,6,0.05042016806722689
Compress,44,5,STARTS+FAST-S,22,0.8361344537815125,20,0.16806722689075632
Compress,44,5,STARTS+FAST-P,22,0.8949579831932772,13,0.1092436974789916
Compress,44,5,STARTS+DPT,22,0.8277310924369747,21,0.17647058823529413
Compress,44,5,Fastazi-S,11,0.9285714285714286,9,0.07563025210084033
Compress,44,5,Fastazi-P,11,0.9369747899159664,8,0.06722689075630252
Compress,44,5,Random,119,0.3403361344537815,79,0.6638655462184874
Compress,44,6,Ekstazi,11,0.9453781512605042,7,0.058823529411764705
Compress,44,6,FAST,119,0.46638655462184875,64,0.5378151260504201
Compress,44,6,Ekstazi+dpt,11,0.9117647058823529,11,0.09243697478991597
Compress,44,6,DPT,119,0.06302521008403363,112,0.9411764705882353
Compress,44,6,STARTS,22,0.9453781512605042,7,0.058823529411764705
Compress,44,6,STARTS+FAST-S,22,0.8361344537815125,20,0.16806722689075632
Compress,44,6,STARTS+FAST-P,22,0.8949579831932772,13,0.1092436974789916
Compress,44,6,STARTS+DPT,22,0.819327731092437,22,0.18487394957983194
Compress,44,6,Fastazi-S,11,0.9201680672268907,10,0.08403361344537816
Compress,44,6,Fastazi-P,11,0.9369747899159664,8,0.06722689075630252
Compress,44,6,Random,119,0.8277310924369747,21,0.17647058823529413
Compress,44,7,Ekstazi,11,0.9117647058823529,11,0.09243697478991597
Compress,44,7,FAST,119,0.46638655462184875,64,0.5378151260504201
Compress,44,7,Ekstazi+dpt,11,0.9369747899159664,8,0.06722689075630252
Compress,44,7,DPT,119,0.12184873949579834,105,0.8823529411764706
Compress,44,7,STARTS,22,0.8865546218487395,14,0.11764705882352941
Compress,44,7,STARTS+FAST-S,22,0.8361344537815125,20,0.16806722689075632
Compress,44,7,STARTS+FAST-P,22,0.8949579831932772,13,0.1092436974789916
Compress,44,7,STARTS+DPT,22,0.8361344537815125,20,0.16806722689075632
Compress,44,7,Fastazi-S,11,0.9285714285714286,9,0.07563025210084033
Compress,44,7,Fastazi-P,11,0.9369747899159664,8,0.06722689075630252
Compress,44,7,Random,119,0.6260504201680672,45,0.37815126050420167
Compress,44,8,Ekstazi,11,0.953781512605042,6,0.05042016806722689
Compress,44,8,FAST,119,0.46638655462184875,64,0.5378151260504201
Compress,44,8,Ekstazi+dpt,11,0.9369747899159664,8,0.06722689075630252
Compress,44,8,DPT,119,0.0798319327731092,110,0.9243697478991597
Compress,44,8,STARTS,22,0.9453781512605042,7,0.058823529411764705
Compress,44,8,STARTS+FAST-S,22,0.8361344537815125,20,0.16806722689075632
Compress,44,8,STARTS+FAST-P,22,0.8949579831932772,13,0.1092436974789916
Compress,44,8,STARTS+DPT,22,0.8277310924369747,21,0.17647058823529413
Compress,44,8,Fastazi-S,11,0.9201680672268907,10,0.08403361344537816
Compress,44,8,Fastazi-P,11,0.9369747899159664,8,0.06722689075630252
Compress,44,8,Random,119,0.6428571428571428,43,0.36134453781512604
Compress,44,9,Ekstazi,11,0.9201680672268907,10,0.08403361344537816
Compress,44,9,FAST,119,0.46638655462184875,64,0.5378151260504201
Compress,44,9,Ekstazi+dpt,11,0.9369747899159664,8,0.06722689075630252
Compress,44,9,DPT,119,0.13865546218487393,103,0.865546218487395
Compress,44,9,STARTS,22,0.8781512605042017,15,0.12605042016806722
Compress,44,9,STARTS+FAST-S,22,0.8949579831932772,13,0.1092436974789916
Compress,44,9,STARTS+FAST-P,22,0.8949579831932772,13,0.1092436974789916
Compress,44,9,STARTS+DPT,22,0.8445378151260504,19,0.15966386554621848
Compress,44,9,Fastazi-S,11,0.9285714285714286,9,0.07563025210084033
Compress,44,9,Fastazi-P,11,0.9369747899159664,8,0.06722689075630252
Compress,44,9,Random,119,0.5756302521008403,51,0.42857142857142855
Compress,44,10,Ekstazi,11,0.9789915966386554,3,0.025210084033613446
Compress,44,10,FAST,119,0.46638655462184875,64,0.5378151260504201
Compress,44,10,Ekstazi+dpt,11,0.9117647058823529,11,0.09243697478991597
Compress,44,10,DPT,119,0.09663865546218488,108,0.907563025210084
Compress,44,10,STARTS,22,0.8697478991596639,16,0.13445378151260504
Compress,44,10,STARTS+FAST-S,22,0.8361344537815125,20,0.16806722689075632
Compress,44,10,STARTS+FAST-P,22,0.8949579831932772,13,0.1092436974789916
Compress,44,10,STARTS+DPT,22,0.8277310924369747,21,0.17647058823529413
Compress,44,10,Fastazi-S,11,0.9285714285714286,9,0.07563025210084033
Compress,44,10,Fastazi-P,11,0.9369747899159664,8,0.06722689075630252
Compress,44,10,Random,119,0.953781512605042,6,0.05042016806722689
Compress,44,11,Ekstazi,11,0.9873949579831932,2,0.01680672268907563
Compress,44,11,FAST,119,0.46638655462184875,64,0.5378151260504201
Compress,44,11,Ekstazi+dpt,11,0.9369747899159664,8,0.06722689075630252
Compress,44,11,DPT,119,0.05462184873949584,113,0.9495798319327731
Compress,44,11,STARTS,22,0.9285714285714286,9,0.07563025210084033
Compress,44,11,STARTS+FAST-S,22,0.8361344537815125,20,0.16806722689075632
Compress,44,11,STARTS+FAST-P,22,0.8949579831932772,13,0.1092436974789916
Compress,44,11,STARTS+DPT,22,0.8445378151260504,19,0.15966386554621848
Compress,44,11,Fastazi-S,11,0.9285714285714286,9,0.07563025210084033
Compress,44,11,Fastazi-P,11,0.9369747899159664,8,0.06722689075630252
Compress,44,11,Random,119,0.8445378151260504,19,0.15966386554621848
Compress,44,12,Ekstazi,11,0.9117647058823529,11,0.09243697478991597
Compress,44,12,FAST,119,0.46638655462184875,64,0.5378151260504201
Compress,44,12,Ekstazi+dpt,11,0.9201680672268907,10,0.08403361344537816
Compress,44,12,DPT,119,0.10504201680672266,107,0.8991596638655462
Compress,44,12,STARTS,22,0.8445378151260504,19,0.15966386554621848
Compress,44,12,STARTS+FAST-S,22,0.8361344537815125,20,0.16806722689075632
Compress,44,12,STARTS+FAST-P,22,0.8949579831932772,13,0.1092436974789916
Compress,44,12,STARTS+DPT,22,0.819327731092437,22,0.18487394957983194
Compress,44,12,Fastazi-S,11,0.9285714285714286,9,0.07563025210084033
Compress,44,12,Fastazi-P,11,0.9369747899159664,8,0.06722689075630252
Compress,44,12,Random,119,0.012605042016806692,118,0.9915966386554622
Compress,44,13,Ekstazi,11,0.9201680672268907,10,0.08403361344537816
Compress,44,13,FAST,119,0.46638655462184875,64,0.5378151260504201
Compress,44,13,Ekstazi+dpt,11,0.9369747899159664,8,0.06722689075630252
Compress,44,13,DPT,119,0.09663865546218488,108,0.907563025210084
Compress,44,13,STARTS,22,0.9453781512605042,7,0.058823529411764705
Compress,44,13,STARTS+FAST-S,22,0.8361344537815125,20,0.16806722689075632
Compress,44,13,STARTS+FAST-P,22,0.8949579831932772,13,0.1092436974789916
Compress,44,13,STARTS+DPT,22,0.819327731092437,22,0.18487394957983194
Compress,44,13,Fastazi-S,11,0.9285714285714286,9,0.07563025210084033
Compress,44,13,Fastazi-P,11,0.9369747899159664,8,0.06722689075630252
Compress,44,13,Random,119,0.4327731092436975,68,0.5714285714285714
Compress,44,14,Ekstazi,11,0.953781512605042,6,0.05042016806722689
Compress,44,14,FAST,119,0.46638655462184875,64,0.5378151260504201
Compress,44,14,Ekstazi+dpt,11,0.9201680672268907,10,0.08403361344537816
Compress,44,14,DPT,119,0.12184873949579834,105,0.8823529411764706
Compress,44,14,STARTS,22,0.9201680672268907,10,0.08403361344537816
Compress,44,14,STARTS+FAST-S,22,0.8361344537815125,20,0.16806722689075632
Compress,44,14,STARTS+FAST-P,22,0.8949579831932772,13,0.1092436974789916
Compress,44,14,STARTS+DPT,22,0.8445378151260504,19,0.15966386554621848
Compress,44,14,Fastazi-S,11,0.9285714285714286,9,0.07563025210084033
Compress,44,14,Fastazi-P,11,0.9369747899159664,8,0.06722689075630252
Compress,44,14,Random,119,0.029411764705882373,116,0.9747899159663865
Compress,44,15,Ekstazi,11,0.9201680672268907,10,0.08403361344537816
Compress,44,15,FAST,119,0.46638655462184875,64,0.5378151260504201
Compress,44,15,Ekstazi+dpt,11,0.9369747899159664,8,0.06722689075630252
Compress,44,15,DPT,119,0.08823529411764709,109,0.9159663865546218
Compress,44,15,STARTS,22,0.8865546218487395,14,0.11764705882352941
Compress,44,15,STARTS+FAST-S,22,0.8361344537815125,20,0.16806722689075632
Compress,44,15,STARTS+FAST-P,22,0.9957983193277311,1,0.008403361344537815
Compress,44,15,STARTS+DPT,22,0.819327731092437,22,0.18487394957983194
Compress,44,15,Fastazi-S,11,0.9285714285714286,9,0.07563025210084033
Compress,44,15,Fastazi-P,11,0.9369747899159664,8,0.06722689075630252
Compress,44,15,Random,119,0.029411764705882373,116,0.9747899159663865
Compress,44,16,Ekstazi,11,0.9453781512605042,7,0.058823529411764705
Compress,44,16,FAST,119,0.46638655462184875,64,0.5378151260504201
Compress,44,16,Ekstazi+dpt,11,0.9369747899159664,8,0.06722689075630252
Compress,44,16,DPT,119,0.046218487394957944,114,0.957983193277311
Compress,44,16,STARTS,22,0.9789915966386554,3,0.025210084033613446
Compress,44,16,STARTS+FAST-S,22,0.8949579831932772,13,0.1092436974789916
Compress,44,16,STARTS+FAST-P,22,0.8949579831932772,13,0.1092436974789916
Compress,44,16,STARTS+DPT,22,0.8277310924369747,21,0.17647058823529413
Compress,44,16,Fastazi-S,11,0.9201680672268907,10,0.08403361344537816
Compress,44,16,Fastazi-P,11,0.9369747899159664,8,0.06722689075630252
Compress,44,16,Random,119,0.592436974789916,49,0.4117647058823529
Compress,44,17,Ekstazi,11,0.9957983193277311,1,0.008403361344537815
Compress,44,17,FAST,119,0.46638655462184875,64,0.5378151260504201
Compress,44,17,Ekstazi+dpt,11,0.9117647058823529,11,0.09243697478991597
Compress,44,17,DPT,119,0.046218487394957944,114,0.957983193277311
Compress,44,17,STARTS,22,0.8613445378151261,17,0.14285714285714285
Compress,44,17,STARTS+FAST-S,22,0.9957983193277311,1,0.008403361344537815
Compress,44,17,STARTS+FAST-P,22,0.8949579831932772,13,0.1092436974789916
Compress,44,17,STARTS+DPT,22,0.819327731092437,22,0.18487394957983194
Compress,44,17,Fastazi-S,11,0.9957983193277311,1,0.008403361344537815
Compress,44,17,Fastazi-P,11,0.9369747899159664,8,0.06722689075630252
Compress,44,17,Random,119,0.3739495798319328,75,0.6302521008403361
Compress,44,18,Ekstazi,11,0.9621848739495799,5,0.04201680672268908
Compress,44,18,FAST,119,0.46638655462184875,64,0.5378151260504201
Compress,44,18,Ekstazi+dpt,11,0.9201680672268907,10,0.08403361344537816
Compress,44,18,DPT,119,0.07142857142857141,111,0.9327731092436975
Compress,44,18,STARTS,22,0.9789915966386554,3,0.025210084033613446
Compress,44,18,STARTS+FAST-S,22,0.8361344537815125,20,0.16806722689075632
Compress,44,18,STARTS+FAST-P,22,0.8949579831932772,13,0.1092436974789916
Compress,44,18,STARTS+DPT,22,0.8361344537815125,20,0.16806722689075632
Compress,44,18,Fastazi-S,11,0.9201680672268907,10,0.08403361344537816
Compress,44,18,Fastazi-P,11,0.9369747899159664,8,0.06722689075630252
Compress,44,18,Random,119,0.25630252100840334,89,0.7478991596638656
Compress,44,19,Ekstazi,11,0.9369747899159664,8,0.06722689075630252
Compress,44,19,FAST,119,0.46638655462184875,64,0.5378151260504201
Compress,44,19,Ekstazi+dpt,11,0.9285714285714286,9,0.07563025210084033
Compress,44,19,DPT,119,0.05462184873949584,113,0.9495798319327731
Compress,44,19,STARTS,22,0.8613445378151261,17,0.14285714285714285
Compress,44,19,STARTS+FAST-S,22,0.8361344537815125,20,0.16806722689075632
Compress,44,19,STARTS+FAST-P,22,0.8949579831932772,13,0.1092436974789916
Compress,44,19,STARTS+DPT,22,0.819327731092437,22,0.18487394957983194
Compress,44,19,Fastazi-S,11,0.9285714285714286,9,0.07563025210084033
Compress,44,19,Fastazi-P,11,0.9369747899159664,8,0.06722689075630252
Compress,44,19,Random,119,0.2815126050420168,86,0.7226890756302521
Compress,44,20,Ekstazi,11,0.9453781512605042,7,0.058823529411764705
Compress,44,20,FAST,119,0.45798319327731096,65,0.5462184873949579
Compress,44,20,Ekstazi+dpt,11,0.9201680672268907,10,0.08403361344537816
Compress,44,20,DPT,119,0.12184873949579834,105,0.8823529411764706
Compress,44,20,STARTS,22,0.8781512605042017,15,0.12605042016806722
Compress,44,20,STARTS+FAST-S,22,0.8445378151260504,19,0.15966386554621848
Compress,44,20,STARTS+FAST-P,22,0.8865546218487395,14,0.11764705882352941
Compress,44,20,STARTS+DPT,22,0.8445378151260504,19,0.15966386554621848
Compress,44,20,Fastazi-S,11,0.9201680672268907,10,0.08403361344537816
Compress,44,20,Fastazi-P,11,0.9285714285714286,9,0.07563025210084033
Compress,44,20,Random,119,0.8697478991596639,16,0.13445378151260504
Compress,44,21,Ekstazi,11,0.9621848739495799,5,0.04201680672268908
Compress,44,21,FAST,119,0.45798319327731096,65,0.5462184873949579
Compress,44,21,Ekstazi+dpt,11,0.9285714285714286,9,0.07563025210084033
Compress,44,21,DPT,119,0.11344537815126045,106,0.8907563025210085
Compress,44,21,STARTS,22,0.9285714285714286,9,0.07563025210084033
Compress,44,21,STARTS+FAST-S,22,0.8361344537815125,20,0.16806722689075632
Compress,44,21,STARTS+FAST-P,22,0.8949579831932772,13,0.1092436974789916
Compress,44,21,STARTS+DPT,22,0.8445378151260504,19,0.15966386554621848
Compress,44,21,Fastazi-S,11,0.9285714285714286,9,0.07563025210084033
Compress,44,21,Fastazi-P,11,0.9369747899159664,8,0.06722689075630252
Compress,44,21,Random,119,0.14705882352941183,102,0.8571428571428571
Compress,44,22,Ekstazi,11,0.953781512605042,6,0.05042016806722689
Compress,44,22,FAST,119,0.46638655462184875,64,0.5378151260504201
Compress,44,22,Ekstazi+dpt,11,0.9369747899159664,8,0.06722689075630252
Compress,44,22,DPT,119,0.06302521008403363,112,0.9411764705882353
Compress,44,22,STARTS,22,0.9117647058823529,11,0.09243697478991597
Compress,44,22,STARTS+FAST-S,22,0.8361344537815125,20,0.16806722689075632
Compress,44,22,STARTS+FAST-P,22,0.8949579831932772,13,0.1092436974789916
Compress,44,22,STARTS+DPT,22,0.819327731092437,22,0.18487394957983194
Compress,44,22,Fastazi-S,11,0.9285714285714286,9,0.07563025210084033
Compress,44,22,Fastazi-P,11,0.9369747899159664,8,0.06722689075630252
Compress,44,22,Random,119,0.7941176470588235,25,0.21008403361344538
Compress,44,23,Ekstazi,11,0.9453781512605042,7,0.058823529411764705
Compress,44,23,FAST,119,0.46638655462184875,64,0.5378151260504201
Compress,44,23,Ekstazi+dpt,11,0.9117647058823529,11,0.09243697478991597
Compress,44,23,DPT,119,0.08823529411764709,109,0.9159663865546218
Compress,44,23,STARTS,22,0.8277310924369747,21,0.17647058823529413
Compress,44,23,STARTS+FAST-S,22,0.8361344537815125,20,0.16806722689075632
Compress,44,23,STARTS+FAST-P,22,0.8949579831932772,13,0.1092436974789916
Compress,44,23,STARTS+DPT,22,0.8277310924369747,21,0.17647058823529413
Compress,44,23,Fastazi-S,11,0.9285714285714286,9,0.07563025210084033
Compress,44,23,Fastazi-P,11,0.9369747899159664,8,0.06722689075630252
Compress,44,23,Random,119,0.7016806722689075,36,0.3025210084033613
Compress,44,24,Ekstazi,11,0.9621848739495799,5,0.04201680672268908
Compress,44,24,FAST,119,0.46638655462184875,64,0.5378151260504201
Compress,44,24,Ekstazi+dpt,11,0.9117647058823529,11,0.09243697478991597
Compress,44,24,DPT,119,0.13025210084033614,104,0.8739495798319328
Compress,44,24,STARTS,22,0.9453781512605042,7,0.058823529411764705
Compress,44,24,STARTS+FAST-S,22,0.8361344537815125,20,0.16806722689075632
Compress,44,24,STARTS+FAST-P,22,0.8949579831932772,13,0.1092436974789916
Compress,44,24,STARTS+DPT,22,0.8445378151260504,19,0.15966386554621848
Compress,44,24,Fastazi-S,11,0.9285714285714286,9,0.07563025210084033
Compress,44,24,Fastazi-P,11,0.9369747899159664,8,0.06722689075630252
Compress,44,24,Random,119,0.2394957983193278,91,0.7647058823529411
Compress,44,25,Ekstazi,11,0.9453781512605042,7,0.058823529411764705
Compress,44,25,FAST,119,0.46638655462184875,64,0.5378151260504201
Compress,44,25,Ekstazi+dpt,11,0.9201680672268907,10,0.08403361344537816
Compress,44,25,DPT,119,0.08823529411764709,109,0.9159663865546218
Compress,44,25,STARTS,22,0.819327731092437,22,0.18487394957983194
Compress,44,25,STARTS+FAST-S,22,0.8361344537815125,20,0.16806722689075632
Compress,44,25,STARTS+FAST-P,22,0.8949579831932772,13,0.1092436974789916
Compress,44,25,STARTS+DPT,22,0.8277310924369747,21,0.17647058823529413
Compress,44,25,Fastazi-S,11,0.9285714285714286,9,0.07563025210084033
Compress,44,25,Fastazi-P,11,0.9369747899159664,8,0.06722689075630252
Compress,44,25,Random,119,0.8697478991596639,16,0.13445378151260504
Compress,44,26,Ekstazi,11,0.9705882352941176,4,0.03361344537815126
Compress,44,26,FAST,119,0.45798319327731096,65,0.5462184873949579
Compress,44,26,Ekstazi+dpt,11,0.9285714285714286,9,0.07563025210084033
Compress,44,26,DPT,119,0.13865546218487393,103,0.865546218487395
Compress,44,26,STARTS,22,0.8277310924369747,21,0.17647058823529413
Compress,44,26,STARTS+FAST-S,22,0.8361344537815125,20,0.16806722689075632
Compress,44,26,STARTS+FAST-P,22,0.8949579831932772,13,0.1092436974789916
Compress,44,26,STARTS+DPT,22,0.8361344537815125,20,0.16806722689075632
Compress,44,26,Fastazi-S,11,0.9285714285714286,9,0.07563025210084033
Compress,44,26,Fastazi-P,11,0.9369747899159664,8,0.06722689075630252
Compress,44,26,Random,119,0.24789915966386558,90,0.7563025210084033
Compress,44,27,Ekstazi,11,0.9621848739495799,5,0.04201680672268908
Compress,44,27,FAST,119,0.45798319327731096,65,0.5462184873949579
Compress,44,27,Ekstazi+dpt,11,0.9201680672268907,10,0.08403361344537816
Compress,44,27,DPT,119,0.07142857142857141,111,0.9327731092436975
Compress,44,27,STARTS,22,0.9369747899159664,8,0.06722689075630252
Compress,44,27,STARTS+FAST-S,22,0.8361344537815125,20,0.16806722689075632
Compress,44,27,STARTS+FAST-P,22,0.8949579831932772,13,0.1092436974789916
Compress,44,27,STARTS+DPT,22,0.8361344537815125,20,0.16806722689075632
Compress,44,27,Fastazi-S,11,0.9201680672268907,10,0.08403361344537816
Compress,44,27,Fastazi-P,11,0.9369747899159664,8,0.06722689075630252
Compress,44,27,Random,119,0.45798319327731096,65,0.5462184873949579
Compress,44,28,Ekstazi,11,0.9117647058823529,11,0.09243697478991597
Compress,44,28,FAST,119,0.46638655462184875,64,0.5378151260504201
Compress,44,28,Ekstazi+dpt,11,0.9285714285714286,9,0.07563025210084033
Compress,44,28,DPT,119,0.12184873949579834,105,0.8823529411764706
Compress,44,28,STARTS,22,0.9705882352941176,4,0.03361344537815126
Compress,44,28,STARTS+FAST-S,22,0.8361344537815125,20,0.16806722689075632
Compress,44,28,STARTS+FAST-P,22,0.8865546218487395,14,0.11764705882352941
Compress,44,28,STARTS+DPT,22,0.8445378151260504,19,0.15966386554621848
Compress,44,28,Fastazi-S,11,0.9201680672268907,10,0.08403361344537816
Compress,44,28,Fastazi-P,11,0.9369747899159664,8,0.06722689075630252
Compress,44,28,Random,119,0.046218487394957944,114,0.957983193277311
Compress,44,29,Ekstazi,11,0.9285714285714286,9,0.07563025210084033
Compress,44,29,FAST,119,0.45798319327731096,65,0.5462184873949579
Compress,44,29,Ekstazi+dpt,11,0.9369747899159664,8,0.06722689075630252
Compress,44,29,DPT,119,0.10504201680672266,107,0.8991596638655462
Compress,44,29,STARTS,22,0.8613445378151261,17,0.14285714285714285
Compress,44,29,STARTS+FAST-S,22,0.8361344537815125,20,0.16806722689075632
Compress,44,29,STARTS+FAST-P,22,0.8949579831932772,13,0.1092436974789916
Compress,44,29,STARTS+DPT,22,0.8445378151260504,19,0.15966386554621848
Compress,44,29,Fastazi-S,11,0.9285714285714286,9,0.07563025210084033
Compress,44,29,Fastazi-P,11,0.9369747899159664,8,0.06722689075630252
Compress,44,29,Random,119,0.5672268907563025,52,0.4369747899159664
Compress,44,30,Ekstazi,11,0.9285714285714286,9,0.07563025210084033
Compress,44,30,FAST,119,0.46638655462184875,64,0.5378151260504201
Compress,44,30,Ekstazi+dpt,11,0.9117647058823529,11,0.09243697478991597
Compress,44,30,DPT,119,0.046218487394957944,114,0.957983193277311
Compress,44,30,STARTS,22,0.8277310924369747,21,0.17647058823529413
Compress,44,30,STARTS+FAST-S,22,0.9957983193277311,1,0.008403361344537815
Compress,44,30,STARTS+FAST-P,22,0.8949579831932772,13,0.1092436974789916
Compress,44,30,STARTS+DPT,22,0.819327731092437,22,0.18487394957983194
Compress,44,30,Fastazi-S,11,0.9285714285714286,9,0.07563025210084033
Compress,44,30,Fastazi-P,11,0.9369747899159664,8,0.06722689075630252
Compress,44,30,Random,119,0.44957983193277307,66,0.5546218487394958
Compress,45,1,Ekstazi,14,0.9033613445378151,12,0.10084033613445378
Compress,45,1,FAST,119,0.3067226890756303,83,0.6974789915966386
Compress,45,1,Ekstazi+dpt,14,0.8865546218487395,14,0.11764705882352941
Compress,45,1,DPT,119,0.39915966386554624,72,0.6050420168067226
Compress,45,1,STARTS,66,0.5840336134453781,50,0.42016806722689076
Compress,45,1,STARTS+FAST-S,66,0.7941176470588235,25,0.21008403361344538
Compress,45,1,STARTS+FAST-P,66,0.6092436974789917,47,0.3949579831932773
Compress,45,1,STARTS+DPT,66,0.5,60,0.5042016806722689
Compress,45,1,Fastazi-S,14,0.9117647058823529,11,0.09243697478991597
Compress,45,1,Fastazi-P,14,0.9117647058823529,11,0.09243697478991597
Compress,45,1,Random,119,0.012605042016806692,118,0.9915966386554622
Compress,45,2,Ekstazi,14,0.9369747899159664,8,0.06722689075630252
Compress,45,2,FAST,119,0.2983193277310924,84,0.7058823529411765
Compress,45,2,Ekstazi+dpt,14,0.8865546218487395,14,0.11764705882352941
Compress,45,2,DPT,119,0.4159663865546218,70,0.5882352941176471
Compress,45,2,STARTS,66,0.6008403361344538,48,0.40336134453781514
Compress,45,2,STARTS+FAST-S,66,0.8025210084033614,24,0.20168067226890757
Compress,45,2,STARTS+FAST-P,66,0.6092436974789917,47,0.3949579831932773
Compress,45,2,STARTS+DPT,66,0.5,60,0.5042016806722689
Compress,45,2,Fastazi-S,14,0.9117647058823529,11,0.09243697478991597
Compress,45,2,Fastazi-P,14,0.9117647058823529,11,0.09243697478991597
Compress,45,2,Random,119,0.5756302521008403,51,0.42857142857142855
Compress,45,3,Ekstazi,14,0.9285714285714286,9,0.07563025210084033
Compress,45,3,FAST,119,0.3067226890756303,83,0.6974789915966386
Compress,45,3,Ekstazi+dpt,14,0.8865546218487395,14,0.11764705882352941
Compress,45,3,DPT,119,0.4159663865546218,70,0.5882352941176471
Compress,45,3,STARTS,66,0.7436974789915967,31,0.2605042016806723
Compress,45,3,STARTS+FAST-S,66,0.8109243697478992,23,0.19327731092436976
Compress,45,3,STARTS+FAST-P,66,0.6092436974789917,47,0.3949579831932773
Compress,45,3,STARTS+DPT,66,0.5,60,0.5042016806722689
Compress,45,3,Fastazi-S,14,0.9117647058823529,11,0.09243697478991597
Compress,45,3,Fastazi-P,14,0.9117647058823529,11,0.09243697478991597
Compress,45,3,Random,119,0.8361344537815125,20,0.16806722689075632
Compress,45,4,Ekstazi,14,0.953781512605042,6,0.05042016806722689
Compress,45,4,FAST,119,0.3067226890756303,83,0.6974789915966386
Compress,45,4,Ekstazi+dpt,14,0.8865546218487395,14,0.11764705882352941
Compress,45,4,DPT,119,0.39915966386554624,72,0.6050420168067226
Compress,45,4,STARTS,66,0.6848739495798319,38,0.31932773109243695
Compress,45,4,STARTS+FAST-S,66,0.8025210084033614,24,0.20168067226890757
Compress,45,4,STARTS+FAST-P,66,0.6092436974789917,47,0.3949579831932773
Compress,45,4,STARTS+DPT,66,0.5,60,0.5042016806722689
Compress,45,4,Fastazi-S,14,0.9117647058823529,11,0.09243697478991597
Compress,45,4,Fastazi-P,14,0.9117647058823529,11,0.09243697478991597
Compress,45,4,Random,119,0.7436974789915967,31,0.2605042016806723
Compress,45,5,Ekstazi,14,0.9789915966386554,3,0.025210084033613446
Compress,45,5,FAST,119,0.3067226890756303,83,0.6974789915966386
Compress,45,5,Ekstazi+dpt,14,0.8865546218487395,14,0.11764705882352941
Compress,45,5,DPT,119,0.4159663865546218,70,0.5882352941176471
Compress,45,5,STARTS,66,0.5336134453781513,56,0.47058823529411764
Compress,45,5,STARTS+FAST-S,66,0.8025210084033614,24,0.20168067226890757
Compress,45,5,STARTS+FAST-P,66,0.6092436974789917,47,0.3949579831932773
Compress,45,5,STARTS+DPT,66,0.5,60,0.5042016806722689
Compress,45,5,Fastazi-S,14,0.9117647058823529,11,0.09243697478991597
Compress,45,5,Fastazi-P,14,0.9033613445378151,12,0.10084033613445378
Compress,45,5,Random,119,0.8529411764705882,18,0.15126050420168066
Compress,45,6,Ekstazi,14,0.8865546218487395,14,0.11764705882352941
Compress,45,6,FAST,119,0.3067226890756303,83,0.6974789915966386
Compress,45,6,Ekstazi+dpt,14,0.8865546218487395,14,0.11764705882352941
Compress,45,6,DPT,119,0.4159663865546218,70,0.5882352941176471
Compress,45,6,STARTS,66,0.5588235294117647,53,0.44537815126050423
Compress,45,6,STARTS+FAST-S,66,0.8025210084033614,24,0.20168067226890757
Compress,45,6,STARTS+FAST-P,66,0.6008403361344538,48,0.40336134453781514
Compress,45,6,STARTS+DPT,66,0.5,60,0.5042016806722689
Compress,45,6,Fastazi-S,14,0.9117647058823529,11,0.09243697478991597
Compress,45,6,Fastazi-P,14,0.9117647058823529,11,0.09243697478991597
Compress,45,6,Random,119,0.9621848739495799,5,0.04201680672268908
Compress,45,7,Ekstazi,14,0.8949579831932772,13,0.1092436974789916
Compress,45,7,FAST,119,0.3067226890756303,83,0.6974789915966386
Compress,45,7,Ekstazi+dpt,14,0.8865546218487395,14,0.11764705882352941
Compress,45,7,DPT,119,0.39915966386554624,72,0.6050420168067226
Compress,45,7,STARTS,66,0.7773109243697479,27,0.226890756302521
Compress,45,7,STARTS+FAST-S,66,0.7941176470588235,25,0.21008403361344538
Compress,45,7,STARTS+FAST-P,66,0.6092436974789917,47,0.3949579831932773
Compress,45,7,STARTS+DPT,66,0.5,60,0.5042016806722689
Compress,45,7,Fastazi-S,14,0.9117647058823529,11,0.09243697478991597
Compress,45,7,Fastazi-P,14,0.9033613445378151,12,0.10084033613445378
Compress,45,7,Random,119,0.45798319327731096,65,0.5462184873949579
Compress,45,8,Ekstazi,14,0.9453781512605042,7,0.058823529411764705
Compress,45,8,FAST,119,0.3067226890756303,83,0.6974789915966386
Compress,45,8,Ekstazi+dpt,14,0.8865546218487395,14,0.11764705882352941
Compress,45,8,DPT,119,0.39915966386554624,72,0.6050420168067226
Compress,45,8,STARTS,66,0.542016806722689,55,0.46218487394957986
Compress,45,8,STARTS+FAST-S,66,0.8025210084033614,24,0.20168067226890757
Compress,45,8,STARTS+FAST-P,66,0.6092436974789917,47,0.3949579831932773
Compress,45,8,STARTS+DPT,66,0.5,60,0.5042016806722689
Compress,45,8,Fastazi-S,14,0.9117647058823529,11,0.09243697478991597
Compress,45,8,Fastazi-P,14,0.9117647058823529,11,0.09243697478991597
Compress,45,8,Random,119,0.7436974789915967,31,0.2605042016806723
Compress,45,9,Ekstazi,14,0.8865546218487395,14,0.11764705882352941
Compress,45,9,FAST,119,0.3067226890756303,83,0.6974789915966386
Compress,45,9,Ekstazi+dpt,14,0.8865546218487395,14,0.11764705882352941
Compress,45,9,DPT,119,0.4159663865546218,70,0.5882352941176471
Compress,45,9,STARTS,66,0.8445378151260504,19,0.15966386554621848
Compress,45,9,STARTS+FAST-S,66,0.7941176470588235,25,0.21008403361344538
Compress,45,9,STARTS+FAST-P,66,0.6092436974789917,47,0.3949579831932773
Compress,45,9,STARTS+DPT,66,0.5,60,0.5042016806722689
Compress,45,9,Fastazi-S,14,0.9117647058823529,11,0.09243697478991597
Compress,45,9,Fastazi-P,14,0.9117647058823529,11,0.09243697478991597
Compress,45,9,Random,119,0.3067226890756303,83,0.6974789915966386
Compress,45,10,Ekstazi,14,0.9873949579831932,2,0.01680672268907563
Compress,45,10,FAST,119,0.3067226890756303,83,0.6974789915966386
Compress,45,10,Ekstazi+dpt,14,0.8865546218487395,14,0.11764705882352941
Compress,45,10,DPT,119,0.39915966386554624,72,0.6050420168067226
Compress,45,10,STARTS,66,0.5,60,0.5042016806722689
Compress,45,10,STARTS+FAST-S,66,0.8025210084033614,24,0.20168067226890757
Compress,45,10,STARTS+FAST-P,66,0.6092436974789917,47,0.3949579831932773
Compress,45,10,STARTS+DPT,66,0.5,60,0.5042016806722689
Compress,45,10,Fastazi-S,14,0.8949579831932772,13,0.1092436974789916
Compress,45,10,Fastazi-P,14,0.9117647058823529,11,0.09243697478991597
Compress,45,10,Random,119,0.33193277310924363,80,0.6722689075630253
Compress,45,11,Ekstazi,14,0.953781512605042,6,0.05042016806722689
Compress,45,11,FAST,119,0.3067226890756303,83,0.6974789915966386
Compress,45,11,Ekstazi+dpt,14,0.8865546218487395,14,0.11764705882352941
Compress,45,11,DPT,119,0.39915966386554624,72,0.6050420168067226
Compress,45,11,STARTS,66,0.7857142857142857,26,0.2184873949579832
Compress,45,11,STARTS+FAST-S,66,0.8025210084033614,24,0.20168067226890757
Compress,45,11,STARTS+FAST-P,66,0.6092436974789917,47,0.3949579831932773
Compress,45,11,STARTS+DPT,66,0.5,60,0.5042016806722689
Compress,45,11,Fastazi-S,14,0.8949579831932772,13,0.1092436974789916
Compress,45,11,Fastazi-P,14,0.9117647058823529,11,0.09243697478991597
Compress,45,11,Random,119,0.1554621848739496,101,0.8487394957983193
Compress,45,12,Ekstazi,14,0.9873949579831932,2,0.01680672268907563
Compress,45,12,FAST,119,0.3067226890756303,83,0.6974789915966386
Compress,45,12,Ekstazi+dpt,14,0.8865546218487395,14,0.11764705882352941
Compress,45,12,DPT,119,0.40756302521008403,71,0.5966386554621849
Compress,45,12,STARTS,66,0.6680672268907563,40,0.33613445378151263
Compress,45,12,STARTS+FAST-S,66,0.8277310924369747,21,0.17647058823529413
Compress,45,12,STARTS+FAST-P,66,0.6092436974789917,47,0.3949579831932773
Compress,45,12,STARTS+DPT,66,0.5,60,0.5042016806722689
Compress,45,12,Fastazi-S,14,0.9117647058823529,11,0.09243697478991597
Compress,45,12,Fastazi-P,14,0.9117647058823529,11,0.09243697478991597
Compress,45,12,Random,119,0.8865546218487395,14,0.11764705882352941
Compress,45,13,Ekstazi,14,0.9117647058823529,11,0.09243697478991597
Compress,45,13,FAST,119,0.3067226890756303,83,0.6974789915966386
Compress,45,13,Ekstazi+dpt,14,0.8865546218487395,14,0.11764705882352941
Compress,45,13,DPT,119,0.4159663865546218,70,0.5882352941176471
Compress,45,13,STARTS,66,0.9621848739495799,5,0.04201680672268908
Compress,45,13,STARTS+FAST-S,66,0.8025210084033614,24,0.20168067226890757
Compress,45,13,STARTS+FAST-P,66,0.6008403361344538,48,0.40336134453781514
Compress,45,13,STARTS+DPT,66,0.5,60,0.5042016806722689
Compress,45,13,Fastazi-S,14,0.9117647058823529,11,0.09243697478991597
Compress,45,13,Fastazi-P,14,0.9117647058823529,11,0.09243697478991597
Compress,45,13,Random,119,0.21428571428571433,94,0.7899159663865546
Compress,45,14,Ekstazi,14,0.9453781512605042,7,0.058823529411764705
Compress,45,14,FAST,119,0.2983193277310924,84,0.7058823529411765
Compress,45,14,Ekstazi+dpt,14,0.8865546218487395,14,0.11764705882352941
Compress,45,14,DPT,119,0.39915966386554624,72,0.6050420168067226
Compress,45,14,STARTS,66,0.47478991596638653,63,0.5294117647058824
Compress,45,14,STARTS+FAST-S,66,0.8025210084033614,24,0.20168067226890757
Compress,45,14,STARTS+FAST-P,66,0.6092436974789917,47,0.3949579831932773
Compress,45,14,STARTS+DPT,66,0.5,60,0.5042016806722689
Compress,45,14,Fastazi-S,14,0.9957983193277311,1,0.008403361344537815
Compress,45,14,Fastazi-P,14,0.9117647058823529,11,0.09243697478991597
Compress,45,14,Random,119,0.029411764705882373,116,0.9747899159663865
Compress,45,15,Ekstazi,14,0.953781512605042,6,0.05042016806722689
Compress,45,15,FAST,119,0.3067226890756303,83,0.6974789915966386
Compress,45,15,Ekstazi+dpt,14,0.8865546218487395,14,0.11764705882352941
Compress,45,15,DPT,119,0.39915966386554624,72,0.6050420168067226
Compress,45,15,STARTS,66,0.6428571428571428,43,0.36134453781512604
Compress,45,15,STARTS+FAST-S,66,0.8025210084033614,24,0.20168067226890757
Compress,45,15,STARTS+FAST-P,66,0.6092436974789917,47,0.3949579831932773
Compress,45,15,STARTS+DPT,66,0.5,60,0.5042016806722689
Compress,45,15,Fastazi-S,14,0.9117647058823529,11,0.09243697478991597
Compress,45,15,Fastazi-P,14,0.9117647058823529,11,0.09243697478991597
Compress,45,15,Random,119,0.03781512605042016,115,0.9663865546218487
Compress,45,16,Ekstazi,14,0.953781512605042,6,0.05042016806722689
Compress,45,16,FAST,119,0.3067226890756303,83,0.6974789915966386
Compress,45,16,Ekstazi+dpt,14,0.8865546218487395,14,0.11764705882352941
Compress,45,16,DPT,119,0.4159663865546218,70,0.5882352941176471
Compress,45,16,STARTS,66,0.9453781512605042,7,0.058823529411764705
Compress,45,16,STARTS+FAST-S,66,0.6092436974789917,47,0.3949579831932773
Compress,45,16,STARTS+FAST-P,66,0.6092436974789917,47,0.3949579831932773
Compress,45,16,STARTS+DPT,66,0.5,60,0.5042016806722689
Compress,45,16,Fastazi-S,14,0.9117647058823529,11,0.09243697478991597
Compress,45,16,Fastazi-P,14,0.9117647058823529,11,0.09243697478991597
Compress,45,16,Random,119,0.44957983193277307,66,0.5546218487394958
Compress,45,17,Ekstazi,14,0.9453781512605042,7,0.058823529411764705
Compress,45,17,FAST,119,0.3067226890756303,83,0.6974789915966386
Compress,45,17,Ekstazi+dpt,14,0.8865546218487395,14,0.11764705882352941
Compress,45,17,DPT,119,0.40756302521008403,71,0.5966386554621849
Compress,45,17,STARTS,66,0.9285714285714286,9,0.07563025210084033
Compress,45,17,STARTS+FAST-S,66,0.6008403361344538,48,0.40336134453781514
Compress,45,17,STARTS+FAST-P,66,0.6092436974789917,47,0.3949579831932773
Compress,45,17,STARTS+DPT,66,0.5,60,0.5042016806722689
Compress,45,17,Fastazi-S,14,0.9117647058823529,11,0.09243697478991597
Compress,45,17,Fastazi-P,14,0.9117647058823529,11,0.09243697478991597
Compress,45,17,Random,119,0.6848739495798319,38,0.31932773109243695
Compress,45,18,Ekstazi,14,0.9957983193277311,1,0.008403361344537815
Compress,45,18,FAST,119,0.3067226890756303,83,0.6974789915966386
Compress,45,18,Ekstazi+dpt,14,0.8865546218487395,14,0.11764705882352941
Compress,45,18,DPT,119,0.40756302521008403,71,0.5966386554621849
Compress,45,18,STARTS,66,0.6092436974789917,47,0.3949579831932773
Compress,45,18,STARTS+FAST-S,66,0.8025210084033614,24,0.20168067226890757
Compress,45,18,STARTS+FAST-P,66,0.6092436974789917,47,0.3949579831932773
Compress,45,18,STARTS+DPT,66,0.5,60,0.5042016806722689
Compress,45,18,Fastazi-S,14,0.9117647058823529,11,0.09243697478991597
Compress,45,18,Fastazi-P,14,0.9117647058823529,11,0.09243697478991597
Compress,45,18,Random,119,0.05462184873949584,113,0.9495798319327731
Compress,45,19,Ekstazi,14,0.9285714285714286,9,0.07563025210084033
Compress,45,19,FAST,119,0.3067226890756303,83,0.6974789915966386
Compress,45,19,Ekstazi+dpt,14,0.8865546218487395,14,0.11764705882352941
Compress,45,19,DPT,119,0.4159663865546218,70,0.5882352941176471
Compress,45,19,STARTS,66,0.6512605042016806,42,0.35294117647058826
Compress,45,19,STARTS+FAST-S,66,0.6092436974789917,47,0.3949579831932773
Compress,45,19,STARTS+FAST-P,66,0.6092436974789917,47,0.3949579831932773
Compress,45,19,STARTS+DPT,66,0.5,60,0.5042016806722689
Compress,45,19,Fastazi-S,14,0.9117647058823529,11,0.09243697478991597
Compress,45,19,Fastazi-P,14,0.9117647058823529,11,0.09243697478991597
Compress,45,19,Random,119,0.2394957983193278,91,0.7647058823529411
Compress,45,20,Ekstazi,14,0.9621848739495799,5,0.04201680672268908
Compress,45,20,FAST,119,0.3067226890756303,83,0.6974789915966386
Compress,45,20,Ekstazi+dpt,14,0.8865546218487395,14,0.11764705882352941
Compress,45,20,DPT,119,0.39915966386554624,72,0.6050420168067226
Compress,45,20,STARTS,66,0.45798319327731096,65,0.5462184873949579
Compress,45,20,STARTS+FAST-S,66,0.8025210084033614,24,0.20168067226890757
Compress,45,20,STARTS+FAST-P,66,0.6092436974789917,47,0.3949579831932773
Compress,45,20,STARTS+DPT,66,0.5,60,0.5042016806722689
Compress,45,20,Fastazi-S,14,0.9957983193277311,1,0.008403361344537815
Compress,45,20,Fastazi-P,14,0.9117647058823529,11,0.09243697478991597
Compress,45,20,Random,119,0.06302521008403363,112,0.9411764705882353
Compress,45,21,Ekstazi,14,0.9453781512605042,7,0.058823529411764705
Compress,45,21,FAST,119,0.3067226890756303,83,0.6974789915966386
Compress,45,21,Ekstazi+dpt,14,0.8865546218487395,14,0.11764705882352941
Compress,45,21,DPT,119,0.40756302521008403,71,0.5966386554621849
Compress,45,21,STARTS,66,0.6512605042016806,42,0.35294117647058826
Compress,45,21,STARTS+FAST-S,66,0.8277310924369747,21,0.17647058823529413
Compress,45,21,STARTS+FAST-P,66,0.6092436974789917,47,0.3949579831932773
Compress,45,21,STARTS+DPT,66,0.5,60,0.5042016806722689
Compress,45,21,Fastazi-S,14,0.9117647058823529,11,0.09243697478991597
Compress,45,21,Fastazi-P,14,0.9117647058823529,11,0.09243697478991597
Compress,45,21,Random,119,0.09663865546218488,108,0.907563025210084
Compress,45,22,Ekstazi,14,0.9201680672268907,10,0.08403361344537816
Compress,45,22,FAST,119,0.3067226890756303,83,0.6974789915966386
Compress,45,22,Ekstazi+dpt,14,0.8865546218487395,14,0.11764705882352941
Compress,45,22,DPT,119,0.40756302521008403,71,0.5966386554621849
Compress,45,22,STARTS,66,0.5,60,0.5042016806722689
Compress,45,22,STARTS+FAST-S,66,0.8025210084033614,24,0.20168067226890757
Compress,45,22,STARTS+FAST-P,66,0.6092436974789917,47,0.3949579831932773
Compress,45,22,STARTS+DPT,66,0.5,60,0.5042016806722689
Compress,45,22,Fastazi-S,14,0.9117647058823529,11,0.09243697478991597
Compress,45,22,Fastazi-P,14,0.9033613445378151,12,0.10084033613445378
Compress,45,22,Random,119,0.634453781512605,44,0.3697478991596639
Compress,45,23,Ekstazi,14,0.8949579831932772,13,0.1092436974789916
Compress,45,23,FAST,119,0.3067226890756303,83,0.6974789915966386
Compress,45,23,Ekstazi+dpt,14,0.8865546218487395,14,0.11764705882352941
Compress,45,23,DPT,119,0.4159663865546218,70,0.5882352941176471
Compress,45,23,STARTS,66,0.7521008403361344,30,0.25210084033613445
Compress,45,23,STARTS+FAST-S,66,0.8025210084033614,24,0.20168067226890757
Compress,45,23,STARTS+FAST-P,66,0.6092436974789917,47,0.3949579831932773
Compress,45,23,STARTS+DPT,66,0.5,60,0.5042016806722689
Compress,45,23,Fastazi-S,14,0.9117647058823529,11,0.09243697478991597
Compress,45,23,Fastazi-P,14,0.9117647058823529,11,0.09243697478991597
Compress,45,23,Random,119,0.5588235294117647,53,0.44537815126050423
Compress,45,24,Ekstazi,14,0.9789915966386554,3,0.025210084033613446
Compress,45,24,FAST,119,0.3067226890756303,83,0.6974789915966386
Compress,45,24,Ekstazi+dpt,14,0.8865546218487395,14,0.11764705882352941
Compress,45,24,DPT,119,0.4159663865546218,70,0.5882352941176471
Compress,45,24,STARTS,66,0.7100840336134453,35,0.29411764705882354
Compress,45,24,STARTS+FAST-S,66,0.8025210084033614,24,0.20168067226890757
Compress,45,24,STARTS+FAST-P,66,0.6092436974789917,47,0.3949579831932773
Compress,45,24,STARTS+DPT,66,0.5,60,0.5042016806722689
Compress,45,24,Fastazi-S,14,0.9117647058823529,11,0.09243697478991597
Compress,45,24,Fastazi-P,14,0.9033613445378151,12,0.10084033613445378
Compress,45,24,Random,119,0.5168067226890756,58,0.48739495798319327
Compress,45,25,Ekstazi,14,0.9957983193277311,1,0.008403361344537815
Compress,45,25,FAST,119,0.3067226890756303,83,0.6974789915966386
Compress,45,25,Ekstazi+dpt,14,0.8865546218487395,14,0.11764705882352941
Compress,45,25,DPT,119,0.4159663865546218,70,0.5882352941176471
Compress,45,25,STARTS,66,0.7857142857142857,26,0.2184873949579832
Compress,45,25,STARTS+FAST-S,66,0.8025210084033614,24,0.20168067226890757
Compress,45,25,STARTS+FAST-P,66,0.6092436974789917,47,0.3949579831932773
Compress,45,25,STARTS+DPT,66,0.5,60,0.5042016806722689
Compress,45,25,Fastazi-S,14,0.8949579831932772,13,0.1092436974789916
Compress,45,25,Fastazi-P,14,0.9117647058823529,11,0.09243697478991597
Compress,45,25,Random,119,0.7436974789915967,31,0.2605042016806723
Compress,45,26,Ekstazi,14,0.9621848739495799,5,0.04201680672268908
Compress,45,26,FAST,119,0.3067226890756303,83,0.6974789915966386
Compress,45,26,Ekstazi+dpt,14,0.8865546218487395,14,0.11764705882352941
Compress,45,26,DPT,119,0.40756302521008403,71,0.5966386554621849
Compress,45,26,STARTS,66,0.7352941176470589,32,0.2689075630252101
Compress,45,26,STARTS+FAST-S,66,0.6092436974789917,47,0.3949579831932773
Compress,45,26,STARTS+FAST-P,66,0.6092436974789917,47,0.3949579831932773
Compress,45,26,STARTS+DPT,66,0.5,60,0.5042016806722689
Compress,45,26,Fastazi-S,14,0.9117647058823529,11,0.09243697478991597
Compress,45,26,Fastazi-P,14,0.9117647058823529,11,0.09243697478991597
Compress,45,26,Random,119,0.5168067226890756,58,0.48739495798319327
Compress,45,27,Ekstazi,14,0.9789915966386554,3,0.025210084033613446
Compress,45,27,FAST,119,0.3067226890756303,83,0.6974789915966386
Compress,45,27,Ekstazi+dpt,14,0.8865546218487395,14,0.11764705882352941
Compress,45,27,DPT,119,0.40756302521008403,71,0.5966386554621849
Compress,45,27,STARTS,66,0.9621848739495799,5,0.04201680672268908
Compress,45,27,STARTS+FAST-S,66,0.8025210084033614,24,0.20168067226890757
Compress,45,27,STARTS+FAST-P,66,0.6092436974789917,47,0.3949579831932773
Compress,45,27,STARTS+DPT,66,0.5,60,0.5042016806722689
Compress,45,27,Fastazi-S,14,0.9117647058823529,11,0.09243697478991597
Compress,45,27,Fastazi-P,14,0.9117647058823529,11,0.09243697478991597
Compress,45,27,Random,119,0.13865546218487393,103,0.865546218487395
Compress,45,28,Ekstazi,14,0.9621848739495799,5,0.04201680672268908
Compress,45,28,FAST,119,0.3067226890756303,83,0.6974789915966386
Compress,45,28,Ekstazi+dpt,14,0.8865546218487395,14,0.11764705882352941
Compress,45,28,DPT,119,0.40756302521008403,71,0.5966386554621849
Compress,45,28,STARTS,66,0.9705882352941176,4,0.03361344537815126
Compress,45,28,STARTS+FAST-S,66,0.8025210084033614,24,0.20168067226890757
Compress,45,28,STARTS+FAST-P,66,0.6092436974789917,47,0.3949579831932773
Compress,45,28,STARTS+DPT,66,0.5,60,0.5042016806722689
Compress,45,28,Fastazi-S,14,0.9117647058823529,11,0.09243697478991597
Compress,45,28,Fastazi-P,14,0.9117647058823529,11,0.09243697478991597
Compress,45,28,Random,119,0.4915966386554622,61,0.5126050420168067
Compress,45,29,Ekstazi,14,0.9117647058823529,11,0.09243697478991597
Compress,45,29,FAST,119,0.3067226890756303,83,0.6974789915966386
Compress,45,29,Ekstazi+dpt,14,0.8865546218487395,14,0.11764705882352941
Compress,45,29,DPT,119,0.4159663865546218,70,0.5882352941176471
Compress,45,29,STARTS,66,0.5504201680672269,54,0.453781512605042
Compress,45,29,STARTS+FAST-S,66,0.8109243697478992,23,0.19327731092436976
Compress,45,29,STARTS+FAST-P,66,0.9957983193277311,1,0.008403361344537815
Compress,45,29,STARTS+DPT,66,0.5,60,0.5042016806722689
Compress,45,29,Fastazi-S,14,0.9117647058823529,11,0.09243697478991597
Compress,45,29,Fastazi-P,14,0.9117647058823529,11,0.09243697478991597
Compress,45,29,Random,119,0.3571428571428571,77,0.6470588235294118
Compress,45,30,Ekstazi,14,0.9285714285714286,9,0.07563025210084033
Compress,45,30,FAST,119,0.3067226890756303,83,0.6974789915966386
Compress,45,30,Ekstazi+dpt,14,0.8865546218487395,14,0.11764705882352941
Compress,45,30,DPT,119,0.40756302521008403,71,0.5966386554621849
Compress,45,30,STARTS,66,0.6428571428571428,43,0.36134453781512604
Compress,45,30,STARTS+FAST-S,66,0.8025210084033614,24,0.20168067226890757
Compress,45,30,STARTS+FAST-P,66,0.6092436974789917,47,0.3949579831932773
Compress,45,30,STARTS+DPT,66,0.5,60,0.5042016806722689
Compress,45,30,Fastazi-S,14,0.9117647058823529,11,0.09243697478991597
Compress,45,30,Fastazi-P,14,0.9117647058823529,11,0.09243697478991597
Compress,45,30,Random,119,0.021008403361344588,117,0.9831932773109243
Compress,46,1,Ekstazi,49,0.9208333333333333,10,0.08333333333333333
Compress,46,1,FAST,120,0.1625,101,0.8416666666666667
Compress,46,1,Ekstazi+dpt,49,0.8041666666666667,24,0.2
Compress,46,1,DPT,120,0.7208333333333333,34,0.2833333333333333
Compress,46,1,STARTS,78,0.8458333333333333,19,0.15833333333333333
Compress,46,1,STARTS+FAST-S,78,0.5375,56,0.4666666666666667
Compress,46,1,STARTS+FAST-P,78,0.5458333333333334,55,0.4583333333333333
Compress,46,1,STARTS+DPT,78,0.7541666666666667,30,0.25
Compress,46,1,Fastazi-S,49,0.6375,44,0.36666666666666664
Compress,46,1,Fastazi-P,49,0.6541666666666667,42,0.35
Compress,46,1,Random,120,0.7708333333333333,28,0.23333333333333334
Compress,46,2,Ekstazi,49,0.8625,17,0.14166666666666666
Compress,46,2,FAST,120,0.1625,101,0.8416666666666667
Compress,46,2,Ekstazi+dpt,49,0.8041666666666667,24,0.2
Compress,46,2,DPT,120,0.7208333333333333,34,0.2833333333333333
Compress,46,2,STARTS,78,0.7708333333333333,28,0.23333333333333334
Compress,46,2,STARTS+FAST-S,78,0.5458333333333334,55,0.4583333333333333
Compress,46,2,STARTS+FAST-P,78,0.5375,56,0.4666666666666667
Compress,46,2,STARTS+DPT,78,0.7458333333333333,31,0.25833333333333336
Compress,46,2,Fastazi-S,49,0.6375,44,0.36666666666666664
Compress,46,2,Fastazi-P,49,0.6541666666666667,42,0.35
Compress,46,2,Random,120,0.6708333333333334,40,0.3333333333333333
Compress,46,3,Ekstazi,49,0.7708333333333333,28,0.23333333333333334
Compress,46,3,FAST,120,0.1625,101,0.8416666666666667
Compress,46,3,Ekstazi+dpt,49,0.8041666666666667,24,0.2
Compress,46,3,DPT,120,0.7208333333333333,34,0.2833333333333333
Compress,46,3,STARTS,78,0.9208333333333333,10,0.08333333333333333
Compress,46,3,STARTS+FAST-S,78,0.9958333333333333,1,0.008333333333333333
Compress,46,3,STARTS+FAST-P,78,0.5375,56,0.4666666666666667
Compress,46,3,STARTS+DPT,78,0.7541666666666667,30,0.25
Compress,46,3,Fastazi-S,49,0.6375,44,0.36666666666666664
Compress,46,3,Fastazi-P,49,0.6541666666666667,42,0.35
Compress,46,3,Random,120,0.7291666666666666,33,0.275
Compress,46,4,Ekstazi,49,0.8958333333333333,13,0.10833333333333334
Compress,46,4,FAST,120,0.1625,101,0.8416666666666667
Compress,46,4,Ekstazi+dpt,49,0.8041666666666667,24,0.2
Compress,46,4,DPT,120,0.7208333333333333,34,0.2833333333333333
Compress,46,4,STARTS,78,0.5625,53,0.44166666666666665
Compress,46,4,STARTS+FAST-S,78,0.5458333333333334,55,0.4583333333333333
Compress,46,4,STARTS+FAST-P,78,0.5458333333333334,55,0.4583333333333333
Compress,46,4,STARTS+DPT,78,0.7458333333333333,31,0.25833333333333336
Compress,46,4,Fastazi-S,49,0.6375,44,0.36666666666666664
Compress,46,4,Fastazi-P,49,0.6541666666666667,42,0.35
Compress,46,4,Random,120,0.2875,86,0.7166666666666667
Compress,46,5,Ekstazi,49,0.6375,44,0.36666666666666664
Compress,46,5,FAST,120,0.1625,101,0.8416666666666667
Compress,46,5,Ekstazi+dpt,49,0.8041666666666667,24,0.2
Compress,46,5,DPT,120,0.7208333333333333,34,0.2833333333333333
Compress,46,5,STARTS,78,0.5458333333333334,55,0.4583333333333333
Compress,46,5,STARTS+FAST-S,78,0.5375,56,0.4666666666666667
Compress,46,5,STARTS+FAST-P,78,0.5458333333333334,55,0.4583333333333333
Compress,46,5,STARTS+DPT,78,0.7541666666666667,30,0.25
Compress,46,5,Fastazi-S,49,0.6375,44,0.36666666666666664
Compress,46,5,Fastazi-P,49,0.6541666666666667,42,0.35
Compress,46,5,Random,120,0.2958333333333333,85,0.7083333333333334
Compress,46,6,Ekstazi,49,0.6458333333333333,43,0.35833333333333334
Compress,46,6,FAST,120,0.1625,101,0.8416666666666667
Compress,46,6,Ekstazi+dpt,49,0.8041666666666667,24,0.2
Compress,46,6,DPT,120,0.7208333333333333,34,0.2833333333333333
Compress,46,6,STARTS,78,0.4541666666666666,66,0.55
Compress,46,6,STARTS+FAST-S,78,0.5458333333333334,55,0.4583333333333333
Compress,46,6,STARTS+FAST-P,78,0.5458333333333334,55,0.4583333333333333
Compress,46,6,STARTS+DPT,78,0.7458333333333333,31,0.25833333333333336
Compress,46,6,Fastazi-S,49,0.6375,44,0.36666666666666664
Compress,46,6,Fastazi-P,49,0.6541666666666667,42,0.35
Compress,46,6,Random,120,0.3041666666666667,84,0.7
Compress,46,7,Ekstazi,49,0.9958333333333333,1,0.008333333333333333
Compress,46,7,FAST,120,0.1625,101,0.8416666666666667
Compress,46,7,Ekstazi+dpt,49,0.8041666666666667,24,0.2
Compress,46,7,DPT,120,0.7208333333333333,34,0.2833333333333333
Compress,46,7,STARTS,78,0.8458333333333333,19,0.15833333333333333
Compress,46,7,STARTS+FAST-S,78,0.5458333333333334,55,0.4583333333333333
Compress,46,7,STARTS+FAST-P,78,0.5458333333333334,55,0.4583333333333333
Compress,46,7,STARTS+DPT,78,0.7458333333333333,31,0.25833333333333336
Compress,46,7,Fastazi-S,49,0.6375,44,0.36666666666666664
Compress,46,7,Fastazi-P,49,0.6541666666666667,42,0.35
Compress,46,7,Random,120,0.25416666666666665,90,0.75
Compress,46,8,Ekstazi,49,0.9291666666666667,9,0.075
Compress,46,8,FAST,120,0.1625,101,0.8416666666666667
Compress,46,8,Ekstazi+dpt,49,0.8041666666666667,24,0.2
Compress,46,8,DPT,120,0.7291666666666666,33,0.275
Compress,46,8,STARTS,78,0.5208333333333333,58,0.48333333333333334
Compress,46,8,STARTS+FAST-S,78,0.5458333333333334,55,0.4583333333333333
Compress,46,8,STARTS+FAST-P,78,0.5458333333333334,55,0.4583333333333333
Compress,46,8,STARTS+DPT,78,0.7458333333333333,31,0.25833333333333336
Compress,46,8,Fastazi-S,49,0.6375,44,0.36666666666666664
Compress,46,8,Fastazi-P,49,0.6541666666666667,42,0.35
Compress,46,8,Random,120,0.4291666666666667,69,0.575
Compress,46,9,Ekstazi,49,0.8625,17,0.14166666666666666
Compress,46,9,FAST,120,0.1625,101,0.8416666666666667
Compress,46,9,Ekstazi+dpt,49,0.8041666666666667,24,0.2
Compress,46,9,DPT,120,0.7291666666666666,33,0.275
Compress,46,9,STARTS,78,0.6291666666666667,45,0.375
Compress,46,9,STARTS+FAST-S,78,0.5458333333333334,55,0.4583333333333333
Compress,46,9,STARTS+FAST-P,78,0.5375,56,0.4666666666666667
Compress,46,9,STARTS+DPT,78,0.7458333333333333,31,0.25833333333333336
Compress,46,9,Fastazi-S,49,0.6375,44,0.36666666666666664
Compress,46,9,Fastazi-P,49,0.6541666666666667,42,0.35
Compress,46,9,Random,120,0.9291666666666667,9,0.075
Compress,46,10,Ekstazi,49,0.9625,5,0.041666666666666664
Compress,46,10,FAST,120,0.1625,101,0.8416666666666667
Compress,46,10,Ekstazi+dpt,49,0.8041666666666667,24,0.2
Compress,46,10,DPT,120,0.7208333333333333,34,0.2833333333333333
Compress,46,10,STARTS,78,0.8125,23,0.19166666666666668
Compress,46,10,STARTS+FAST-S,78,0.5458333333333334,55,0.4583333333333333
Compress,46,10,STARTS+FAST-P,78,0.5458333333333334,55,0.4583333333333333
Compress,46,10,STARTS+DPT,78,0.7541666666666667,30,0.25
Compress,46,10,Fastazi-S,49,0.6375,44,0.36666666666666664
Compress,46,10,Fastazi-P,49,0.6541666666666667,42,0.35
Compress,46,10,Random,120,0.5291666666666667,57,0.475
Compress,46,11,Ekstazi,49,0.6791666666666667,39,0.325
Compress,46,11,FAST,120,0.1625,101,0.8416666666666667
Compress,46,11,Ekstazi+dpt,49,0.8041666666666667,24,0.2
Compress,46,11,DPT,120,0.7208333333333333,34,0.2833333333333333
Compress,46,11,STARTS,78,0.38749999999999996,74,0.6166666666666667
Compress,46,11,STARTS+FAST-S,78,0.5375,56,0.4666666666666667
Compress,46,11,STARTS+FAST-P,78,0.5458333333333334,55,0.4583333333333333
Compress,46,11,STARTS+DPT,78,0.7541666666666667,30,0.25
Compress,46,11,Fastazi-S,49,0.6375,44,0.36666666666666664
Compress,46,11,Fastazi-P,49,0.6541666666666667,42,0.35
Compress,46,11,Random,120,0.37916666666666665,75,0.625
Compress,46,12,Ekstazi,49,0.8041666666666667,24,0.2
Compress,46,12,FAST,120,0.1625,101,0.8416666666666667
Compress,46,12,Ekstazi+dpt,49,0.8041666666666667,24,0.2
Compress,46,12,DPT,120,0.7208333333333333,34,0.2833333333333333
Compress,46,12,STARTS,78,0.9375,8,0.06666666666666667
Compress,46,12,STARTS+FAST-S,78,0.5458333333333334,55,0.4583333333333333
Compress,46,12,STARTS+FAST-P,78,0.5458333333333334,55,0.4583333333333333
Compress,46,12,STARTS+DPT,78,0.7541666666666667,30,0.25
Compress,46,12,Fastazi-S,49,0.6375,44,0.36666666666666664
Compress,46,12,Fastazi-P,49,0.6541666666666667,42,0.35
Compress,46,12,Random,120,0.1625,101,0.8416666666666667
Compress,46,13,Ekstazi,49,0.7208333333333333,34,0.2833333333333333
Compress,46,13,FAST,120,0.1625,101,0.8416666666666667
Compress,46,13,Ekstazi+dpt,49,0.8041666666666667,24,0.2
Compress,46,13,DPT,120,0.7291666666666666,33,0.275
Compress,46,13,STARTS,78,0.7041666666666666,36,0.3
Compress,46,13,STARTS+FAST-S,78,0.5458333333333334,55,0.4583333333333333
Compress,46,13,STARTS+FAST-P,78,0.5375,56,0.4666666666666667
Compress,46,13,STARTS+DPT,78,0.7458333333333333,31,0.25833333333333336
Compress,46,13,Fastazi-S,49,0.6375,44,0.36666666666666664
Compress,46,13,Fastazi-P,49,0.6541666666666667,42,0.35
Compress,46,13,Random,120,0.4125,71,0.5916666666666667
Compress,46,14,Ekstazi,49,0.7375,32,0.26666666666666666
Compress,46,14,FAST,120,0.1625,101,0.8416666666666667
Compress,46,14,Ekstazi+dpt,49,0.8041666666666667,24,0.2
Compress,46,14,DPT,120,0.7291666666666666,33,0.275
Compress,46,14,STARTS,78,0.8125,23,0.19166666666666668
Compress,46,14,STARTS+FAST-S,78,0.5458333333333334,55,0.4583333333333333
Compress,46,14,STARTS+FAST-P,78,0.5458333333333334,55,0.4583333333333333
Compress,46,14,STARTS+DPT,78,0.7541666666666667,30,0.25
Compress,46,14,Fastazi-S,49,0.6375,44,0.36666666666666664
Compress,46,14,Fastazi-P,49,0.6541666666666667,42,0.35
Compress,46,14,Random,120,0.35416666666666663,78,0.65
Compress,46,15,Ekstazi,49,0.8875,14,0.11666666666666667
Compress,46,15,FAST,120,0.1625,101,0.8416666666666667
Compress,46,15,Ekstazi+dpt,49,0.8041666666666667,24,0.2
Compress,46,15,DPT,120,0.7208333333333333,34,0.2833333333333333
Compress,46,15,STARTS,78,0.6291666666666667,45,0.375
Compress,46,15,STARTS+FAST-S,78,0.9958333333333333,1,0.008333333333333333
Compress,46,15,STARTS+FAST-P,78,0.5458333333333334,55,0.4583333333333333
Compress,46,15,STARTS+DPT,78,0.7458333333333333,31,0.25833333333333336
Compress,46,15,Fastazi-S,49,0.6375,44,0.36666666666666664
Compress,46,15,Fastazi-P,49,0.6541666666666667,42,0.35
Compress,46,15,Random,120,0.6791666666666667,39,0.325
Compress,46,16,Ekstazi,49,0.6708333333333334,40,0.3333333333333333
Compress,46,16,FAST,120,0.1625,101,0.8416666666666667
Compress,46,16,Ekstazi+dpt,49,0.8041666666666667,24,0.2
Compress,46,16,DPT,120,0.7291666666666666,33,0.275
Compress,46,16,STARTS,78,0.8625,17,0.14166666666666666
Compress,46,16,STARTS+FAST-S,78,0.5458333333333334,55,0.4583333333333333
Compress,46,16,STARTS+FAST-P,78,0.5458333333333334,55,0.4583333333333333
Compress,46,16,STARTS+DPT,78,0.7458333333333333,31,0.25833333333333336
Compress,46,16,Fastazi-S,49,0.6375,44,0.36666666666666664
Compress,46,16,Fastazi-P,49,0.6541666666666667,42,0.35
Compress,46,16,Random,120,0.8458333333333333,19,0.15833333333333333
Compress,46,17,Ekstazi,49,0.6958333333333333,37,0.30833333333333335
Compress,46,17,FAST,120,0.1625,101,0.8416666666666667
Compress,46,17,Ekstazi+dpt,49,0.8041666666666667,24,0.2
Compress,46,17,DPT,120,0.7291666666666666,33,0.275
Compress,46,17,STARTS,78,0.9458333333333333,7,0.058333333333333334
Compress,46,17,STARTS+FAST-S,78,0.5458333333333334,55,0.4583333333333333
Compress,46,17,STARTS+FAST-P,78,0.5458333333333334,55,0.4583333333333333
Compress,46,17,STARTS+DPT,78,0.7541666666666667,30,0.25
Compress,46,17,Fastazi-S,49,0.6375,44,0.36666666666666664
Compress,46,17,Fastazi-P,49,0.6541666666666667,42,0.35
Compress,46,17,Random,120,0.5208333333333333,58,0.48333333333333334
Compress,46,18,Ekstazi,49,0.9291666666666667,9,0.075
Compress,46,18,FAST,120,0.1625,101,0.8416666666666667
Compress,46,18,Ekstazi+dpt,49,0.8041666666666667,24,0.2
Compress,46,18,DPT,120,0.7208333333333333,34,0.2833333333333333
Compress,46,18,STARTS,78,0.35416666666666663,78,0.65
Compress,46,18,STARTS+FAST-S,78,0.5458333333333334,55,0.4583333333333333
Compress,46,18,STARTS+FAST-P,78,0.5458333333333334,55,0.4583333333333333
Compress,46,18,STARTS+DPT,78,0.7458333333333333,31,0.25833333333333336
Compress,46,18,Fastazi-S,49,0.6375,44,0.36666666666666664
Compress,46,18,Fastazi-P,49,0.6541666666666667,42,0.35
Compress,46,18,Random,120,0.9958333333333333,1,0.008333333333333333
Compress,46,19,Ekstazi,49,0.7041666666666666,36,0.3
Compress,46,19,FAST,120,0.1625,101,0.8416666666666667
Compress,46,19,Ekstazi+dpt,49,0.8041666666666667,24,0.2
Compress,46,19,DPT,120,0.7291666666666666,33,0.275
Compress,46,19,STARTS,78,0.7208333333333333,34,0.2833333333333333
Compress,46,19,STARTS+FAST-S,78,0.5458333333333334,55,0.4583333333333333
Compress,46,19,STARTS+FAST-P,78,0.5458333333333334,55,0.4583333333333333
Compress,46,19,STARTS+DPT,78,0.7541666666666667,30,0.25
Compress,46,19,Fastazi-S,49,0.6375,44,0.36666666666666664
Compress,46,19,Fastazi-P,49,0.6541666666666667,42,0.35
Compress,46,19,Random,120,0.5291666666666667,57,0.475
Compress,46,20,Ekstazi,49,0.7625,29,0.24166666666666667
Compress,46,20,FAST,120,0.1625,101,0.8416666666666667
Compress,46,20,Ekstazi+dpt,49,0.8041666666666667,24,0.2
Compress,46,20,DPT,120,0.7208333333333333,34,0.2833333333333333
Compress,46,20,STARTS,78,0.4125,71,0.5916666666666667
Compress,46,20,STARTS+FAST-S,78,0.5375,56,0.4666666666666667
Compress,46,20,STARTS+FAST-P,78,0.5458333333333334,55,0.4583333333333333
Compress,46,20,STARTS+DPT,78,0.7458333333333333,31,0.25833333333333336
Compress,46,20,Fastazi-S,49,0.6375,44,0.36666666666666664
Compress,46,20,Fastazi-P,49,0.6541666666666667,42,0.35
Compress,46,20,Random,120,0.07916666666666662,111,0.925
Compress,46,21,Ekstazi,49,0.9458333333333333,7,0.058333333333333334
Compress,46,21,FAST,120,0.1625,101,0.8416666666666667
Compress,46,21,Ekstazi+dpt,49,0.8041666666666667,24,0.2
Compress,46,21,DPT,120,0.7291666666666666,33,0.275
Compress,46,21,STARTS,78,0.6541666666666667,42,0.35
Compress,46,21,STARTS+FAST-S,78,0.5375,56,0.4666666666666667
Compress,46,21,STARTS+FAST-P,78,0.5458333333333334,55,0.4583333333333333
Compress,46,21,STARTS+DPT,78,0.7458333333333333,31,0.25833333333333336
Compress,46,21,Fastazi-S,49,0.6375,44,0.36666666666666664
Compress,46,21,Fastazi-P,49,0.6458333333333333,43,0.35833333333333334
Compress,46,21,Random,120,0.5375,56,0.4666666666666667
Compress,46,22,Ekstazi,49,0.6791666666666667,39,0.325
Compress,46,22,FAST,120,0.1625,101,0.8416666666666667
Compress,46,22,Ekstazi+dpt,49,0.8041666666666667,24,0.2
Compress,46,22,DPT,120,0.7291666666666666,33,0.275
Compress,46,22,STARTS,78,0.9458333333333333,7,0.058333333333333334
Compress,46,22,STARTS+FAST-S,78,0.5458333333333334,55,0.4583333333333333
Compress,46,22,STARTS+FAST-P,78,0.5458333333333334,55,0.4583333333333333
Compress,46,22,STARTS+DPT,78,0.7458333333333333,31,0.25833333333333336
Compress,46,22,Fastazi-S,49,0.6375,44,0.36666666666666664
Compress,46,22,Fastazi-P,49,0.6541666666666667,42,0.35
Compress,46,22,Random,120,0.2791666666666667,87,0.725
Compress,46,23,Ekstazi,49,0.8958333333333333,13,0.10833333333333334
Compress,46,23,FAST,120,0.1625,101,0.8416666666666667
Compress,46,23,Ekstazi+dpt,49,0.8041666666666667,24,0.2
Compress,46,23,DPT,120,0.7291666666666666,33,0.275
Compress,46,23,STARTS,78,0.9041666666666667,12,0.1
Compress,46,23,STARTS+FAST-S,78,0.5458333333333334,55,0.4583333333333333
Compress,46,23,STARTS+FAST-P,78,0.5458333333333334,55,0.4583333333333333
Compress,46,23,STARTS+DPT,78,0.7458333333333333,31,0.25833333333333336
Compress,46,23,Fastazi-S,49,0.6375,44,0.36666666666666664
Compress,46,23,Fastazi-P,49,0.6541666666666667,42,0.35
Compress,46,23,Random,120,0.6541666666666667,42,0.35
Compress,46,24,Ekstazi,49,0.9208333333333333,10,0.08333333333333333
Compress,46,24,FAST,120,0.1625,101,0.8416666666666667
Compress,46,24,Ekstazi+dpt,49,0.8041666666666667,24,0.2
Compress,46,24,DPT,120,0.7208333333333333,34,0.2833333333333333
Compress,46,24,STARTS,78,0.37083333333333335,76,0.6333333333333333
Compress,46,24,STARTS+FAST-S,78,0.5375,56,0.4666666666666667
Compress,46,24,STARTS+FAST-P,78,0.5458333333333334,55,0.4583333333333333
Compress,46,24,STARTS+DPT,78,0.7541666666666667,30,0.25
Compress,46,24,Fastazi-S,49,0.6375,44,0.36666666666666664
Compress,46,24,Fastazi-P,49,0.6541666666666667,42,0.35
Compress,46,24,Random,120,0.7875,26,0.21666666666666667
Compress,46,25,Ekstazi,49,0.8958333333333333,13,0.10833333333333334
Compress,46,25,FAST,120,0.1625,101,0.8416666666666667
Compress,46,25,Ekstazi+dpt,49,0.8041666666666667,24,0.2
Compress,46,25,DPT,120,0.7291666666666666,33,0.275
Compress,46,25,STARTS,78,0.48749999999999993,62,0.5166666666666667
Compress,46,25,STARTS+FAST-S,78,0.5458333333333334,55,0.4583333333333333
Compress,46,25,STARTS+FAST-P,78,0.5375,56,0.4666666666666667
Compress,46,25,STARTS+DPT,78,0.7458333333333333,31,0.25833333333333336
Compress,46,25,Fastazi-S,49,0.6375,44,0.36666666666666664
Compress,46,25,Fastazi-P,49,0.6541666666666667,42,0.35
Compress,46,25,Random,120,0.9375,8,0.06666666666666667
Compress,46,26,Ekstazi,49,0.9874999999999999,2,0.016666666666666666
Compress,46,26,FAST,120,0.1625,101,0.8416666666666667
Compress,46,26,Ekstazi+dpt,49,0.8041666666666667,24,0.2
Compress,46,26,DPT,120,0.7208333333333333,34,0.2833333333333333
Compress,46,26,STARTS,78,0.9708333333333333,4,0.03333333333333333
Compress,46,26,STARTS+FAST-S,78,0.5458333333333334,55,0.4583333333333333
Compress,46,26,STARTS+FAST-P,78,0.5458333333333334,55,0.4583333333333333
Compress,46,26,STARTS+DPT,78,0.7541666666666667,30,0.25
Compress,46,26,Fastazi-S,49,0.6375,44,0.36666666666666664
Compress,46,26,Fastazi-P,49,0.6541666666666667,42,0.35
Compress,46,26,Random,120,0.9125,11,0.09166666666666666
Compress,46,27,Ekstazi,49,0.8208333333333333,22,0.18333333333333332
Compress,46,27,FAST,120,0.1625,101,0.8416666666666667
Compress,46,27,Ekstazi+dpt,49,0.8041666666666667,24,0.2
Compress,46,27,DPT,120,0.7208333333333333,34,0.2833333333333333
Compress,46,27,STARTS,78,0.7041666666666666,36,0.3
Compress,46,27,STARTS+FAST-S,78,0.5375,56,0.4666666666666667
Compress,46,27,STARTS+FAST-P,78,0.5458333333333334,55,0.4583333333333333
Compress,46,27,STARTS+DPT,78,0.7458333333333333,31,0.25833333333333336
Compress,46,27,Fastazi-S,49,0.6375,44,0.36666666666666664
Compress,46,27,Fastazi-P,49,0.6541666666666667,42,0.35
Compress,46,27,Random,120,0.4541666666666666,66,0.55
Compress,46,28,Ekstazi,49,0.6208333333333333,46,0.38333333333333336
Compress,46,28,FAST,120,0.1625,101,0.8416666666666667
Compress,46,28,Ekstazi+dpt,49,0.8041666666666667,24,0.2
Compress,46,28,DPT,120,0.7291666666666666,33,0.275
Compress,46,28,STARTS,78,0.5708333333333333,52,0.43333333333333335
Compress,46,28,STARTS+FAST-S,78,0.5458333333333334,55,0.4583333333333333
Compress,46,28,STARTS+FAST-P,78,0.5458333333333334,55,0.4583333333333333
Compress,46,28,STARTS+DPT,78,0.7541666666666667,30,0.25
Compress,46,28,Fastazi-S,49,0.6375,44,0.36666666666666664
Compress,46,28,Fastazi-P,49,0.6541666666666667,42,0.35
Compress,46,28,Random,120,0.5708333333333333,52,0.43333333333333335
Compress,46,29,Ekstazi,49,0.6291666666666667,45,0.375
Compress,46,29,FAST,120,0.1625,101,0.8416666666666667
Compress,46,29,Ekstazi+dpt,49,0.8041666666666667,24,0.2
Compress,46,29,DPT,120,0.7208333333333333,34,0.2833333333333333
Compress,46,29,STARTS,78,0.7708333333333333,28,0.23333333333333334
Compress,46,29,STARTS+FAST-S,78,0.5458333333333334,55,0.4583333333333333
Compress,46,29,STARTS+FAST-P,78,0.5458333333333334,55,0.4583333333333333
Compress,46,29,STARTS+DPT,78,0.7458333333333333,31,0.25833333333333336
Compress,46,29,Fastazi-S,49,0.6375,44,0.36666666666666664
Compress,46,29,Fastazi-P,49,0.6541666666666667,42,0.35
Compress,46,29,Random,120,0.6125,47,0.39166666666666666
Compress,46,30,Ekstazi,49,0.6125,47,0.39166666666666666
Compress,46,30,FAST,120,0.1625,101,0.8416666666666667
Compress,46,30,Ekstazi+dpt,49,0.8041666666666667,24,0.2
Compress,46,30,DPT,120,0.7208333333333333,34,0.2833333333333333
Compress,46,30,STARTS,78,0.9791666666666666,3,0.025
Compress,46,30,STARTS+FAST-S,78,0.5458333333333334,55,0.4583333333333333
Compress,46,30,STARTS+FAST-P,78,0.5458333333333334,55,0.4583333333333333
Compress,46,30,STARTS+DPT,78,0.7541666666666667,30,0.25
Compress,46,30,Fastazi-S,49,0.6375,44,0.36666666666666664
Compress,46,30,Fastazi-P,49,0.6625,41,0.3416666666666667
Compress,46,30,Random,120,0.49583333333333335,61,0.5083333333333333
Compress,47,1,Ekstazi,86,0.3977272727272727,80,0.6060606060606061
Compress,47,1,FAST,132,0.9431818181818182,8,0.06060606060606061
Compress,47,1,Ekstazi+dpt,86,0.9356060606060607,9,0.06818181818181818
Compress,47,1,DPT,132,0.928030303030303,10,0.07575757575757576
Compress,47,1,STARTS,97,0.662878787878788,45,0.3409090909090909
Compress,47,1,STARTS+FAST-S,97,0.9659090909090909,5,0.03787878787878788
Compress,47,1,STARTS+FAST-P,97,0.9734848484848485,4,0.030303030303030304
Compress,47,1,STARTS+DPT,97,0.9356060606060607,9,0.06818181818181818
Compress,47,1,Fastazi-S,86,0.9659090909090909,5,0.03787878787878788
Compress,47,1,Fastazi-P,86,0.9734848484848485,4,0.030303030303030304
Compress,47,1,Random,132,0.5568181818181818,59,0.44696969696969696
Compress,47,2,Ekstazi,86,0.6098484848484849,52,0.3939393939393939
Compress,47,2,FAST,132,0.9356060606060607,9,0.06818181818181818
Compress,47,2,Ekstazi+dpt,86,0.9356060606060607,9,0.06818181818181818
Compress,47,2,DPT,132,0.928030303030303,10,0.07575757575757576
Compress,47,2,STARTS,97,0.9356060606060607,9,0.06818181818181818
Compress,47,2,STARTS+FAST-S,97,0.9659090909090909,5,0.03787878787878788
Compress,47,2,STARTS+FAST-P,97,0.9734848484848485,4,0.030303030303030304
Compress,47,2,STARTS+DPT,97,0.9356060606060607,9,0.06818181818181818
Compress,47,2,Fastazi-S,86,0.9507575757575758,7,0.05303030303030303
Compress,47,2,Fastazi-P,86,0.9659090909090909,5,0.03787878787878788
Compress,47,2,Random,132,0.8598484848484849,19,0.14393939393939395
Compress,47,3,Ekstazi,86,0.7689393939393939,31,0.23484848484848486
Compress,47,3,FAST,132,0.9128787878787878,12,0.09090909090909091
Compress,47,3,Ekstazi+dpt,86,0.9356060606060607,9,0.06818181818181818
Compress,47,3,DPT,132,0.928030303030303,10,0.07575757575757576
Compress,47,3,STARTS,97,0.5265151515151515,63,0.4772727272727273
Compress,47,3,STARTS+FAST-S,97,0.9659090909090909,5,0.03787878787878788
Compress,47,3,STARTS+FAST-P,97,0.9734848484848485,4,0.030303030303030304
Compress,47,3,STARTS+DPT,97,0.9356060606060607,9,0.06818181818181818
Compress,47,3,Fastazi-S,86,0.9734848484848485,4,0.030303030303030304
Compress,47,3,Fastazi-P,86,0.9583333333333334,6,0.045454545454545456
Compress,47,3,Random,132,0.13257575757575757,115,0.8712121212121212
Compress,47,4,Ekstazi,86,0.6325757575757576,49,0.3712121212121212
Compress,47,4,FAST,132,0.9356060606060607,9,0.06818181818181818
Compress,47,4,Ekstazi+dpt,86,0.9356060606060607,9,0.06818181818181818
Compress,47,4,DPT,132,0.928030303030303,10,0.07575757575757576
Compress,47,4,STARTS,97,0.5795454545454545,56,0.42424242424242425
Compress,47,4,STARTS+FAST-S,97,0.9659090909090909,5,0.03787878787878788
Compress,47,4,STARTS+FAST-P,97,0.9810606060606061,3,0.022727272727272728
Compress,47,4,STARTS+DPT,97,0.9356060606060607,9,0.06818181818181818
Compress,47,4,Fastazi-S,86,0.9507575757575758,7,0.05303030303030303
Compress,47,4,Fastazi-P,86,0.9659090909090909,5,0.03787878787878788
Compress,47,4,Random,132,0.928030303030303,10,0.07575757575757576
Compress,47,5,Ekstazi,86,0.7765151515151515,30,0.22727272727272727
Compress,47,5,FAST,132,0.9431818181818182,8,0.06060606060606061
Compress,47,5,Ekstazi+dpt,86,0.9356060606060607,9,0.06818181818181818
Compress,47,5,DPT,132,0.928030303030303,10,0.07575757575757576
Compress,47,5,STARTS,97,0.9659090909090909,5,0.03787878787878788
Compress,47,5,STARTS+FAST-S,97,0.9659090909090909,5,0.03787878787878788
Compress,47,5,STARTS+FAST-P,97,0.9659090909090909,5,0.03787878787878788
Compress,47,5,STARTS+DPT,97,0.9356060606060607,9,0.06818181818181818
Compress,47,5,Fastazi-S,86,0.9507575757575758,7,0.05303030303030303
Compress,47,5,Fastazi-P,86,0.9734848484848485,4,0.030303030303030304
Compress,47,5,Random,132,0.7537878787878788,33,0.25
Compress,47,6,Ekstazi,86,0.41287878787878785,78,0.5909090909090909
Compress,47,6,FAST,132,0.17803030303030298,109,0.8257575757575758
Compress,47,6,Ekstazi+dpt,86,0.9356060606060607,9,0.06818181818181818
Compress,47,6,DPT,132,0.928030303030303,10,0.07575757575757576
Compress,47,6,STARTS,97,0.428030303030303,76,0.5757575757575758
Compress,47,6,STARTS+FAST-S,97,0.9659090909090909,5,0.03787878787878788
Compress,47,6,STARTS+FAST-P,97,0.9659090909090909,5,0.03787878787878788
Compress,47,6,STARTS+DPT,97,0.9356060606060607,9,0.06818181818181818
Compress,47,6,Fastazi-S,86,0.9659090909090909,5,0.03787878787878788
Compress,47,6,Fastazi-P,86,0.46590909090909094,71,0.5378787878787878
Compress,47,6,Random,132,0.7613636363636364,32,0.24242424242424243
Compress,47,7,Ekstazi,86,0.46590909090909094,71,0.5378787878787878
Compress,47,7,FAST,132,0.9128787878787878,12,0.09090909090909091
Compress,47,7,Ekstazi+dpt,86,0.9356060606060607,9,0.06818181818181818
Compress,47,7,DPT,132,0.928030303030303,10,0.07575757575757576
Compress,47,7,STARTS,97,0.2765151515151515,96,0.7272727272727273
Compress,47,7,STARTS+FAST-S,97,0.9734848484848485,4,0.030303030303030304
Compress,47,7,STARTS+FAST-P,97,0.9734848484848485,4,0.030303030303030304
Compress,47,7,STARTS+DPT,97,0.9356060606060607,9,0.06818181818181818
Compress,47,7,Fastazi-S,86,0.9507575757575758,7,0.05303030303030303
Compress,47,7,Fastazi-P,86,0.9583333333333334,6,0.045454545454545456
Compress,47,7,Random,132,0.5568181818181818,59,0.44696969696969696
Compress,47,8,Ekstazi,86,0.9734848484848485,4,0.030303030303030304
Compress,47,8,FAST,132,0.9659090909090909,5,0.03787878787878788
Compress,47,8,Ekstazi+dpt,86,0.9356060606060607,9,0.06818181818181818
Compress,47,8,DPT,132,0.928030303030303,10,0.07575757575757576
Compress,47,8,STARTS,97,0.7613636363636364,32,0.24242424242424243
Compress,47,8,STARTS+FAST-S,97,0.9734848484848485,4,0.030303030303030304
Compress,47,8,STARTS+FAST-P,97,0.9734848484848485,4,0.030303030303030304
Compress,47,8,STARTS+DPT,97,0.9356060606060607,9,0.06818181818181818
Compress,47,8,Fastazi-S,86,0.9659090909090909,5,0.03787878787878788
Compress,47,8,Fastazi-P,86,0.9810606060606061,3,0.022727272727272728
Compress,47,8,Random,132,0.662878787878788,45,0.3409090909090909
Compress,47,9,Ekstazi,86,0.8219696969696969,24,0.18181818181818182
Compress,47,9,FAST,132,0.9431818181818182,8,0.06060606060606061
Compress,47,9,Ekstazi+dpt,86,0.9356060606060607,9,0.06818181818181818
Compress,47,9,DPT,132,0.928030303030303,10,0.07575757575757576
Compress,47,9,STARTS,97,0.8295454545454545,23,0.17424242424242425
Compress,47,9,STARTS+FAST-S,97,0.9659090909090909,5,0.03787878787878788
Compress,47,9,STARTS+FAST-P,97,0.9659090909090909,5,0.03787878787878788
Compress,47,9,STARTS+DPT,97,0.9356060606060607,9,0.06818181818181818
Compress,47,9,Fastazi-S,86,0.9507575757575758,7,0.05303030303030303
Compress,47,9,Fastazi-P,86,0.9659090909090909,5,0.03787878787878788
Compress,47,9,Random,132,0.30681818181818177,92,0.696969696969697
Compress,47,10,Ekstazi,86,0.8598484848484849,19,0.14393939393939395
Compress,47,10,FAST,132,0.9431818181818182,8,0.06060606060606061
Compress,47,10,Ekstazi+dpt,86,0.9356060606060607,9,0.06818181818181818
Compress,47,10,DPT,132,0.928030303030303,10,0.07575757575757576
Compress,47,10,STARTS,97,0.8219696969696969,24,0.18181818181818182
Compress,47,10,STARTS+FAST-S,97,0.9734848484848485,4,0.030303030303030304
Compress,47,10,STARTS+FAST-P,97,0.9734848484848485,4,0.030303030303030304
Compress,47,10,STARTS+DPT,97,0.9356060606060607,9,0.06818181818181818
Compress,47,10,Fastazi-S,86,0.9734848484848485,4,0.030303030303030304
Compress,47,10,Fastazi-P,86,0.9734848484848485,4,0.030303030303030304
Compress,47,10,Random,132,0.6780303030303031,43,0.32575757575757575
Compress,47,11,Ekstazi,86,0.928030303030303,10,0.07575757575757576
Compress,47,11,FAST,132,0.9128787878787878,12,0.09090909090909091
Compress,47,11,Ekstazi+dpt,86,0.9356060606060607,9,0.06818181818181818
Compress,47,11,DPT,132,0.928030303030303,10,0.07575757575757576
Compress,47,11,STARTS,97,0.6780303030303031,43,0.32575757575757575
Compress,47,11,STARTS+FAST-S,97,0.9659090909090909,5,0.03787878787878788
Compress,47,11,STARTS+FAST-P,97,0.9734848484848485,4,0.030303030303030304
Compress,47,11,STARTS+DPT,97,0.9356060606060607,9,0.06818181818181818
Compress,47,11,Fastazi-S,86,0.9659090909090909,5,0.03787878787878788
Compress,47,11,Fastazi-P,86,0.9583333333333334,6,0.045454545454545456
Compress,47,11,Random,132,0.3295454545454546,89,0.6742424242424242
Compress,47,12,Ekstazi,86,0.6780303030303031,43,0.32575757575757575
Compress,47,12,FAST,132,0.9128787878787878,12,0.09090909090909091
Compress,47,12,Ekstazi+dpt,86,0.9356060606060607,9,0.06818181818181818
Compress,47,12,DPT,132,0.928030303030303,10,0.07575757575757576
Compress,47,12,STARTS,97,0.8295454545454545,23,0.17424242424242425
Compress,47,12,STARTS+FAST-S,97,0.9734848484848485,4,0.030303030303030304
Compress,47,12,STARTS+FAST-P,97,0.9734848484848485,4,0.030303030303030304
Compress,47,12,STARTS+DPT,97,0.9356060606060607,9,0.06818181818181818
Compress,47,12,Fastazi-S,86,0.9659090909090909,5,0.03787878787878788
Compress,47,12,Fastazi-P,86,0.9583333333333334,6,0.045454545454545456
Compress,47,12,Random,132,0.428030303030303,76,0.5757575757575758
Compress,47,13,Ekstazi,86,0.8219696969696969,24,0.18181818181818182
Compress,47,13,FAST,132,0.9356060606060607,9,0.06818181818181818
Compress,47,13,Ekstazi+dpt,86,0.9356060606060607,9,0.06818181818181818
Compress,47,13,DPT,132,0.928030303030303,10,0.07575757575757576
Compress,47,13,STARTS,97,0.9053030303030303,13,0.09848484848484848
Compress,47,13,STARTS+FAST-S,97,0.9659090909090909,5,0.03787878787878788
Compress,47,13,STARTS+FAST-P,97,0.9659090909090909,5,0.03787878787878788
Compress,47,13,STARTS+DPT,97,0.9356060606060607,9,0.06818181818181818
Compress,47,13,Fastazi-S,86,0.9659090909090909,5,0.03787878787878788
Compress,47,13,Fastazi-P,86,0.9659090909090909,5,0.03787878787878788
Compress,47,13,Random,132,0.09469696969696972,120,0.9090909090909091
Compress,47,14,Ekstazi,86,0.625,50,0.3787878787878788
Compress,47,14,FAST,132,0.9356060606060607,9,0.06818181818181818
Compress,47,14,Ekstazi+dpt,86,0.9356060606060607,9,0.06818181818181818
Compress,47,14,DPT,132,0.928030303030303,10,0.07575757575757576
Compress,47,14,STARTS,97,0.5795454545454545,56,0.42424242424242425
Compress,47,14,STARTS+FAST-S,97,0.9659090909090909,5,0.03787878787878788
Compress,47,14,STARTS+FAST-P,97,0.9659090909090909,5,0.03787878787878788
Compress,47,14,STARTS+DPT,97,0.9356060606060607,9,0.06818181818181818
Compress,47,14,Fastazi-S,86,0.9659090909090909,5,0.03787878787878788
Compress,47,14,Fastazi-P,86,0.9734848484848485,4,0.030303030303030304
Compress,47,14,Random,132,0.875,17,0.12878787878787878
Compress,47,15,Ekstazi,86,0.6780303030303031,43,0.32575757575757575
Compress,47,15,FAST,132,0.9431818181818182,8,0.06060606060606061
Compress,47,15,Ekstazi+dpt,86,0.9356060606060607,9,0.06818181818181818
Compress,47,15,DPT,132,0.928030303030303,10,0.07575757575757576
Compress,47,15,STARTS,97,0.4962121212121212,67,0.5075757575757576
Compress,47,15,STARTS+FAST-S,97,0.9734848484848485,4,0.030303030303030304
Compress,47,15,STARTS+FAST-P,97,0.9810606060606061,3,0.022727272727272728
Compress,47,15,STARTS+DPT,97,0.9356060606060607,9,0.06818181818181818
Compress,47,15,Fastazi-S,86,0.9734848484848485,4,0.030303030303030304
Compress,47,15,Fastazi-P,86,0.9734848484848485,4,0.030303030303030304
Compress,47,15,Random,132,0.8219696969696969,24,0.18181818181818182
Compress,47,16,Ekstazi,86,0.43560606060606055,75,0.5681818181818182
Compress,47,16,FAST,132,0.9053030303030303,13,0.09848484848484848
Compress,47,16,Ekstazi+dpt,86,0.9356060606060607,9,0.06818181818181818
Compress,47,16,DPT,132,0.928030303030303,10,0.07575757575757576
Compress,47,16,STARTS,97,0.48863636363636365,68,0.5151515151515151
Compress,47,16,STARTS+FAST-S,97,0.9734848484848485,4,0.030303030303030304
Compress,47,16,STARTS+FAST-P,97,0.9734848484848485,4,0.030303030303030304
Compress,47,16,STARTS+DPT,97,0.9356060606060607,9,0.06818181818181818
Compress,47,16,Fastazi-S,86,0.9659090909090909,5,0.03787878787878788
Compress,47,16,Fastazi-P,86,0.9507575757575758,7,0.05303030303030303
Compress,47,16,Random,132,0.17045454545454541,110,0.8333333333333334
Compress,47,17,Ekstazi,86,0.38257575757575757,82,0.6212121212121212
Compress,47,17,FAST,132,0.9431818181818182,8,0.06060606060606061
Compress,47,17,Ekstazi+dpt,86,0.9356060606060607,9,0.06818181818181818
Compress,47,17,DPT,132,0.928030303030303,10,0.07575757575757576
Compress,47,17,STARTS,97,0.9810606060606061,3,0.022727272727272728
Compress,47,17,STARTS+FAST-S,97,0.9734848484848485,4,0.030303030303030304
Compress,47,17,STARTS+FAST-P,97,0.9659090909090909,5,0.03787878787878788
Compress,47,17,STARTS+DPT,97,0.9356060606060607,9,0.06818181818181818
Compress,47,17,Fastazi-S,86,0.9962121212121212,1,0.007575757575757576
Compress,47,17,Fastazi-P,86,0.9810606060606061,3,0.022727272727272728
Compress,47,17,Random,132,0.5416666666666666,61,0.4621212121212121
Compress,47,18,Ekstazi,86,0.8825757575757576,16,0.12121212121212122
Compress,47,18,FAST,132,0.9128787878787878,12,0.09090909090909091
Compress,47,18,Ekstazi+dpt,86,0.9356060606060607,9,0.06818181818181818
Compress,47,18,DPT,132,0.928030303030303,10,0.07575757575757576
Compress,47,18,STARTS,97,0.3295454545454546,89,0.6742424242424242
Compress,47,18,STARTS+FAST-S,97,0.9659090909090909,5,0.03787878787878788
Compress,47,18,STARTS+FAST-P,97,0.9659090909090909,5,0.03787878787878788
Compress,47,18,STARTS+DPT,97,0.9356060606060607,9,0.06818181818181818
Compress,47,18,Fastazi-S,86,0.9734848484848485,4,0.030303030303030304
Compress,47,18,Fastazi-P,86,0.9583333333333334,6,0.045454545454545456
Compress,47,18,Random,132,0.20833333333333337,105,0.7954545454545454
Compress,47,19,Ekstazi,86,0.8295454545454545,23,0.17424242424242425
Compress,47,19,FAST,132,0.9128787878787878,12,0.09090909090909091
Compress,47,19,Ekstazi+dpt,86,0.9356060606060607,9,0.06818181818181818
Compress,47,19,DPT,132,0.928030303030303,10,0.07575757575757576
Compress,47,19,STARTS,97,0.5946969696969696,54,0.4090909090909091
Compress,47,19,STARTS+FAST-S,97,0.9734848484848485,4,0.030303030303030304
Compress,47,19,STARTS+FAST-P,97,0.9734848484848485,4,0.030303030303030304
Compress,47,19,STARTS+DPT,97,0.9356060606060607,9,0.06818181818181818
Compress,47,19,Fastazi-S,86,0.9507575757575758,7,0.05303030303030303
Compress,47,19,Fastazi-P,86,0.9583333333333334,6,0.045454545454545456
Compress,47,19,Random,132,0.06439393939393934,124,0.9393939393939394
Compress,47,20,Ekstazi,86,0.7007575757575758,40,0.30303030303030304
Compress,47,20,FAST,132,0.9356060606060607,9,0.06818181818181818
Compress,47,20,Ekstazi+dpt,86,0.9356060606060607,9,0.06818181818181818
Compress,47,20,DPT,132,0.928030303030303,10,0.07575757575757576
Compress,47,20,STARTS,97,0.7083333333333334,39,0.29545454545454547
Compress,47,20,STARTS+FAST-S,97,0.9659090909090909,5,0.03787878787878788
Compress,47,20,STARTS+FAST-P,97,0.9734848484848485,4,0.030303030303030304
Compress,47,20,STARTS+DPT,97,0.9356060606060607,9,0.06818181818181818
Compress,47,20,Fastazi-S,86,0.9659090909090909,5,0.03787878787878788
Compress,47,20,Fastazi-P,86,0.9734848484848485,4,0.030303030303030304
Compress,47,20,Random,132,0.5568181818181818,59,0.44696969696969696
Compress,47,21,Ekstazi,86,0.6553030303030303,46,0.3484848484848485
Compress,47,21,FAST,132,0.9128787878787878,12,0.09090909090909091
Compress,47,21,Ekstazi+dpt,86,0.9356060606060607,9,0.06818181818181818
Compress,47,21,DPT,132,0.928030303030303,10,0.07575757575757576
Compress,47,21,STARTS,97,0.5265151515151515,63,0.4772727272727273
Compress,47,21,STARTS+FAST-S,97,0.9659090909090909,5,0.03787878787878788
Compress,47,21,STARTS+FAST-P,97,0.9734848484848485,4,0.030303030303030304
Compress,47,21,STARTS+DPT,97,0.9356060606060607,9,0.06818181818181818
Compress,47,21,Fastazi-S,86,0.9734848484848485,4,0.030303030303030304
Compress,47,21,Fastazi-P,86,0.9583333333333334,6,0.045454545454545456
Compress,47,21,Random,132,0.3522727272727273,86,0.6515151515151515
Compress,47,22,Ekstazi,86,0.8825757575757576,16,0.12121212121212122
Compress,47,22,FAST,132,0.9356060606060607,9,0.06818181818181818
Compress,47,22,Ekstazi+dpt,86,0.9356060606060607,9,0.06818181818181818
Compress,47,22,DPT,132,0.928030303030303,10,0.07575757575757576
Compress,47,22,STARTS,97,0.5946969696969696,54,0.4090909090909091
Compress,47,22,STARTS+FAST-S,97,0.9659090909090909,5,0.03787878787878788
Compress,47,22,STARTS+FAST-P,97,0.9734848484848485,4,0.030303030303030304
Compress,47,22,STARTS+DPT,97,0.9356060606060607,9,0.06818181818181818
Compress,47,22,Fastazi-S,86,0.9659090909090909,5,0.03787878787878788
Compress,47,22,Fastazi-P,86,0.9659090909090909,5,0.03787878787878788
Compress,47,22,Random,132,0.10227272727272729,119,0.9015151515151515
Compress,47,23,Ekstazi,86,0.3522727272727273,86,0.6515151515151515
Compress,47,23,FAST,132,0.9128787878787878,12,0.09090909090909091
Compress,47,23,Ekstazi+dpt,86,0.9356060606060607,9,0.06818181818181818
Compress,47,23,DPT,132,0.928030303030303,10,0.07575757575757576
Compress,47,23,STARTS,97,0.43560606060606055,75,0.5681818181818182
Compress,47,23,STARTS+FAST-S,97,0.9659090909090909,5,0.03787878787878788
Compress,47,23,STARTS+FAST-P,97,0.9734848484848485,4,0.030303030303030304
Compress,47,23,STARTS+DPT,97,0.9356060606060607,9,0.06818181818181818
Compress,47,23,Fastazi-S,86,0.4507575757575758,73,0.553030303030303
Compress,47,23,Fastazi-P,86,0.9583333333333334,6,0.045454545454545456
Compress,47,23,Random,132,0.9962121212121212,1,0.007575757575757576
Compress,47,24,Ekstazi,86,0.48863636363636365,68,0.5151515151515151
Compress,47,24,FAST,132,0.17803030303030298,109,0.8257575757575758
Compress,47,24,Ekstazi+dpt,86,0.9356060606060607,9,0.06818181818181818
Compress,47,24,DPT,132,0.928030303030303,10,0.07575757575757576
Compress,47,24,STARTS,97,0.7613636363636364,32,0.24242424242424243
Compress,47,24,STARTS+FAST-S,97,0.9659090909090909,5,0.03787878787878788
Compress,47,24,STARTS+FAST-P,97,0.9659090909090909,5,0.03787878787878788
Compress,47,24,STARTS+DPT,97,0.9356060606060607,9,0.06818181818181818
Compress,47,24,Fastazi-S,86,0.9507575757575758,7,0.05303030303030303
Compress,47,24,Fastazi-P,86,0.46590909090909094,71,0.5378787878787878
Compress,47,24,Random,132,0.8674242424242424,18,0.13636363636363635
Compress,47,25,Ekstazi,86,0.5719696969696969,57,0.4318181818181818
Compress,47,25,FAST,132,0.9356060606060607,9,0.06818181818181818
Compress,47,25,Ekstazi+dpt,86,0.9356060606060607,9,0.06818181818181818
Compress,47,25,DPT,132,0.928030303030303,10,0.07575757575757576
Compress,47,25,STARTS,97,0.9886363636363636,2,0.015151515151515152
Compress,47,25,STARTS+FAST-S,97,0.9659090909090909,5,0.03787878787878788
Compress,47,25,STARTS+FAST-P,97,0.9659090909090909,5,0.03787878787878788
Compress,47,25,STARTS+DPT,97,0.9356060606060607,9,0.06818181818181818
Compress,47,25,Fastazi-S,86,0.9507575757575758,7,0.05303030303030303
Compress,47,25,Fastazi-P,86,0.9734848484848485,4,0.030303030303030304
Compress,47,25,Random,132,0.6553030303030303,46,0.3484848484848485
Compress,47,26,Ekstazi,86,0.44318181818181823,74,0.5606060606060606
Compress,47,26,FAST,132,0.9431818181818182,8,0.06060606060606061
Compress,47,26,Ekstazi+dpt,86,0.9356060606060607,9,0.06818181818181818
Compress,47,26,DPT,132,0.928030303030303,10,0.07575757575757576
Compress,47,26,STARTS,97,0.428030303030303,76,0.5757575757575758
Compress,47,26,STARTS+FAST-S,97,0.9659090909090909,5,0.03787878787878788
Compress,47,26,STARTS+FAST-P,97,0.9659090909090909,5,0.03787878787878788
Compress,47,26,STARTS+DPT,97,0.9356060606060607,9,0.06818181818181818
Compress,47,26,Fastazi-S,86,0.9507575757575758,7,0.05303030303030303
Compress,47,26,Fastazi-P,86,0.9734848484848485,4,0.030303030303030304
Compress,47,26,Random,132,0.7007575757575758,40,0.30303030303030304
Compress,47,27,Ekstazi,86,0.35984848484848486,85,0.6439393939393939
Compress,47,27,FAST,132,0.9356060606060607,9,0.06818181818181818
Compress,47,27,Ekstazi+dpt,86,0.9356060606060607,9,0.06818181818181818
Compress,47,27,DPT,132,0.928030303030303,10,0.07575757575757576
Compress,47,27,STARTS,97,0.43560606060606055,75,0.5681818181818182
Compress,47,27,STARTS+FAST-S,97,0.9734848484848485,4,0.030303030303030304
Compress,47,27,STARTS+FAST-P,97,0.9734848484848485,4,0.030303030303030304
Compress,47,27,STARTS+DPT,97,0.9356060606060607,9,0.06818181818181818
Compress,47,27,Fastazi-S,86,0.9734848484848485,4,0.030303030303030304
Compress,47,27,Fastazi-P,86,0.9659090909090909,5,0.03787878787878788
Compress,47,27,Random,132,0.2765151515151515,96,0.7272727272727273
Compress,47,28,Ekstazi,86,0.5416666666666666,61,0.4621212121212121
Compress,47,28,FAST,132,0.9431818181818182,8,0.06060606060606061
Compress,47,28,Ekstazi+dpt,86,0.9356060606060607,9,0.06818181818181818
Compress,47,28,DPT,132,0.928030303030303,10,0.07575757575757576
Compress,47,28,STARTS,97,0.9356060606060607,9,0.06818181818181818
Compress,47,28,STARTS+FAST-S,97,0.9734848484848485,4,0.030303030303030304
Compress,47,28,STARTS+FAST-P,97,0.9734848484848485,4,0.030303030303030304
Compress,47,28,STARTS+DPT,97,0.9356060606060607,9,0.06818181818181818
Compress,47,28,Fastazi-S,86,0.9734848484848485,4,0.030303030303030304
Compress,47,28,Fastazi-P,86,0.9659090909090909,5,0.03787878787878788
Compress,47,28,Random,132,0.8219696969696969,24,0.18181818181818182
Compress,47,29,Ekstazi,86,0.5795454545454545,56,0.42424242424242425
Compress,47,29,FAST,132,0.9128787878787878,12,0.09090909090909091
Compress,47,29,Ekstazi+dpt,86,0.9356060606060607,9,0.06818181818181818
Compress,47,29,DPT,132,0.928030303030303,10,0.07575757575757576
Compress,47,29,STARTS,97,0.5719696969696969,57,0.4318181818181818
Compress,47,29,STARTS+FAST-S,97,0.9734848484848485,4,0.030303030303030304
Compress,47,29,STARTS+FAST-P,97,0.9659090909090909,5,0.03787878787878788
Compress,47,29,STARTS+DPT,97,0.9356060606060607,9,0.06818181818181818
Compress,47,29,Fastazi-S,86,0.9734848484848485,4,0.030303030303030304
Compress,47,29,Fastazi-P,86,0.9583333333333334,6,0.045454545454545456
Compress,47,29,Random,132,0.5492424242424242,60,0.45454545454545453
Compress,47,30,Ekstazi,86,0.6022727272727273,53,0.4015151515151515
Compress,47,30,FAST,132,0.9431818181818182,8,0.06060606060606061
Compress,47,30,Ekstazi+dpt,86,0.9356060606060607,9,0.06818181818181818
Compress,47,30,DPT,132,0.928030303030303,10,0.07575757575757576
Compress,47,30,STARTS,97,0.4507575757575758,73,0.553030303030303
Compress,47,30,STARTS+FAST-S,97,0.9734848484848485,4,0.030303030303030304
Compress,47,30,STARTS+FAST-P,97,0.9659090909090909,5,0.03787878787878788
Compress,47,30,STARTS+DPT,97,0.9356060606060607,9,0.06818181818181818
Compress,47,30,Fastazi-S,86,0.9734848484848485,4,0.030303030303030304
Compress,47,30,Fastazi-P,86,0.9734848484848485,4,0.030303030303030304
Compress,47,30,Random,132,0.8143939393939393,25,0.1893939393939394
