Project, Version, Iteration, Budget, Suite, Test count, APFDf, TTFF, pTTFF
JxPath,19,1,10%,Ekstazi,2,0.0,NA,NA
JxPath,19,1,10%,FAST,2,0.0,NA,NA
JxPath,19,1,10%,Ekstazi+dpt,2,0.0,NA,NA
JxPath,19,1,10%,DPT,2,0.0,NA,NA
JxPath,19,1,10%,STARTS,2,0.0,NA,NA
JxPath,19,1,10%,STARTS+FAST-S,2,0.0,NA,NA
JxPath,19,1,10%,STARTS+FAST-P,2,0.0,NA,NA
JxPath,19,1,10%,STARTS+DPT,2,0.0,NA,NA
JxPath,19,1,10%,Fastazi-S,2,0.0,NA,NA
JxPath,19,1,10%,Fastazi-P,2,0.0,NA,NA
JxPath,19,1,10%,Random,2,0.0,NA,NA
JxPath,19,1,20%,Ekstazi,5,0.0,NA,NA
JxPath,19,1,20%,FAST,5,0.0,NA,NA
JxPath,19,1,20%,Ekstazi+dpt,5,0.0,NA,NA
JxPath,19,1,20%,DPT,5,0.0,NA,NA
JxPath,19,1,20%,STARTS,5,0.0,NA,NA
JxPath,19,1,20%,STARTS+FAST-S,5,0.0,NA,NA
JxPath,19,1,20%,STARTS+FAST-P,5,0.0,NA,NA
JxPath,19,1,20%,STARTS+DPT,5,0.0,NA,NA
JxPath,19,1,20%,Fastazi-S,5,0.0,NA,NA
JxPath,19,1,20%,Fastazi-P,5,0.0,NA,NA
JxPath,19,1,20%,Random,5,0.8999999999999999,5,0.1111111111111111
JxPath,19,1,25%,Ekstazi,6,0.0,NA,NA
JxPath,19,1,25%,FAST,6,0.0,NA,NA
JxPath,19,1,25%,Ekstazi+dpt,6,0.0,NA,NA
JxPath,19,1,25%,DPT,6,0.0,NA,NA
JxPath,19,1,25%,STARTS,6,0.0,NA,NA
JxPath,19,1,25%,STARTS+FAST-S,6,0.0,NA,NA
JxPath,19,1,25%,STARTS+FAST-P,6,0.0,NA,NA
JxPath,19,1,25%,STARTS+DPT,6,0.0,NA,NA
JxPath,19,1,25%,Fastazi-S,6,0.0,NA,NA
JxPath,19,1,25%,Fastazi-P,6,0.0,NA,NA
JxPath,19,1,25%,Random,6,0.8999999999999999,5,0.1111111111111111
JxPath,19,1,30%,Ekstazi,8,0.0,NA,NA
JxPath,19,1,30%,FAST,8,0.0,NA,NA
JxPath,19,1,30%,Ekstazi+dpt,8,0.0,NA,NA
JxPath,19,1,30%,DPT,8,0.0,NA,NA
JxPath,19,1,30%,STARTS,8,0.0,NA,NA
JxPath,19,1,30%,STARTS+FAST-S,8,0.0,NA,NA
JxPath,19,1,30%,STARTS+FAST-P,8,0.0,NA,NA
JxPath,19,1,30%,STARTS+DPT,8,0.0,NA,NA
JxPath,19,1,30%,Fastazi-S,8,0.0,NA,NA
JxPath,19,1,30%,Fastazi-P,8,0.0,NA,NA
JxPath,19,1,30%,Random,8,0.8999999999999999,5,0.1111111111111111
JxPath,19,1,40%,Ekstazi,10,0.0,NA,NA
JxPath,19,1,40%,FAST,10,0.0,NA,NA
JxPath,19,1,40%,Ekstazi+dpt,10,0.0,NA,NA
JxPath,19,1,40%,DPT,10,0.0,NA,NA
JxPath,19,1,40%,STARTS,10,0.7888888888888889,10,0.2222222222222222
JxPath,19,1,40%,STARTS+FAST-S,10,0.0,NA,NA
JxPath,19,1,40%,STARTS+FAST-P,10,0.0,NA,NA
JxPath,19,1,40%,STARTS+DPT,10,0.0,NA,NA
JxPath,19,1,40%,Fastazi-S,10,0.7888888888888889,10,0.2222222222222222
JxPath,19,1,40%,Fastazi-P,10,0.8111111111111111,9,0.2
JxPath,19,1,40%,Random,10,0.8999999999999999,5,0.1111111111111111
JxPath,19,1,50%,Ekstazi,13,0.0,NA,NA
JxPath,19,1,50%,FAST,13,0.7444444444444445,12,0.26666666666666666
JxPath,19,1,50%,Ekstazi+dpt,13,0.0,NA,NA
JxPath,19,1,50%,DPT,13,0.0,NA,NA
JxPath,19,1,50%,STARTS,13,0.7888888888888889,10,0.2222222222222222
JxPath,19,1,50%,STARTS+FAST-S,13,0.0,NA,NA
JxPath,19,1,50%,STARTS+FAST-P,13,0.0,NA,NA
JxPath,19,1,50%,STARTS+DPT,13,0.0,NA,NA
JxPath,19,1,50%,Fastazi-S,13,0.7888888888888889,10,0.2222222222222222
JxPath,19,1,50%,Fastazi-P,13,0.8111111111111111,9,0.2
JxPath,19,1,50%,Random,13,0.8999999999999999,5,0.1111111111111111
JxPath,19,1,60%,Ekstazi,16,0.0,NA,NA
JxPath,19,1,60%,FAST,16,0.7444444444444445,12,0.26666666666666666
JxPath,19,1,60%,Ekstazi+dpt,16,0.0,NA,NA
JxPath,19,1,60%,DPT,16,0.0,NA,NA
JxPath,19,1,60%,STARTS,16,0.7888888888888889,10,0.2222222222222222
JxPath,19,1,60%,STARTS+FAST-S,16,0.0,NA,NA
JxPath,19,1,60%,STARTS+FAST-P,16,0.0,NA,NA
JxPath,19,1,60%,STARTS+DPT,16,0.0,NA,NA
JxPath,19,1,60%,Fastazi-S,16,0.7888888888888889,10,0.2222222222222222
JxPath,19,1,60%,Fastazi-P,16,0.8111111111111111,9,0.2
JxPath,19,1,60%,Random,16,0.8999999999999999,5,0.1111111111111111
JxPath,19,1,70%,Ekstazi,18,0.0,NA,NA
JxPath,19,1,70%,FAST,18,0.7444444444444445,12,0.26666666666666666
JxPath,19,1,70%,Ekstazi+dpt,18,0.0,NA,NA
JxPath,19,1,70%,DPT,18,0.0,NA,NA
JxPath,19,1,70%,STARTS,18,0.7888888888888889,10,0.2222222222222222
JxPath,19,1,70%,STARTS+FAST-S,18,0.0,NA,NA
JxPath,19,1,70%,STARTS+FAST-P,18,0.611111111111111,18,0.4
JxPath,19,1,70%,STARTS+DPT,18,0.0,NA,NA
JxPath,19,1,70%,Fastazi-S,18,0.7888888888888889,10,0.2222222222222222
JxPath,19,1,70%,Fastazi-P,18,0.8111111111111111,9,0.2
JxPath,19,1,70%,Random,18,0.8999999999999999,5,0.1111111111111111
JxPath,19,1,75%,Ekstazi,20,0.5888888888888888,19,0.4222222222222222
JxPath,19,1,75%,FAST,20,0.7444444444444445,12,0.26666666666666666
JxPath,19,1,75%,Ekstazi+dpt,20,0.0,NA,NA
JxPath,19,1,75%,DPT,20,0.0,NA,NA
JxPath,19,1,75%,STARTS,20,0.7888888888888889,10,0.2222222222222222
JxPath,19,1,75%,STARTS+FAST-S,20,0.5888888888888888,19,0.4222222222222222
JxPath,19,1,75%,STARTS+FAST-P,20,0.611111111111111,18,0.4
JxPath,19,1,75%,STARTS+DPT,20,0.0,NA,NA
JxPath,19,1,75%,Fastazi-S,20,0.7888888888888889,10,0.2222222222222222
JxPath,19,1,75%,Fastazi-P,20,0.8111111111111111,9,0.2
JxPath,19,1,75%,Random,20,0.8999999999999999,5,0.1111111111111111
JxPath,19,1,80%,Ekstazi,21,0.5888888888888888,19,0.4222222222222222
JxPath,19,1,80%,FAST,21,0.7444444444444445,12,0.26666666666666666
JxPath,19,1,80%,Ekstazi+dpt,21,0.0,NA,NA
JxPath,19,1,80%,DPT,21,0.0,NA,NA
JxPath,19,1,80%,STARTS,21,0.7888888888888889,10,0.2222222222222222
JxPath,19,1,80%,STARTS+FAST-S,21,0.5888888888888888,19,0.4222222222222222
JxPath,19,1,80%,STARTS+FAST-P,21,0.611111111111111,18,0.4
JxPath,19,1,80%,STARTS+DPT,21,0.0,NA,NA
JxPath,19,1,80%,Fastazi-S,21,0.7888888888888889,10,0.2222222222222222
JxPath,19,1,80%,Fastazi-P,21,0.8111111111111111,9,0.2
JxPath,19,1,80%,Random,21,0.8999999999999999,5,0.1111111111111111
JxPath,19,1,90%,Ekstazi,24,0.5888888888888888,19,0.4222222222222222
JxPath,19,1,90%,FAST,24,0.7444444444444445,12,0.26666666666666666
JxPath,19,1,90%,Ekstazi+dpt,24,0.5222222222222221,22,0.4888888888888889
JxPath,19,1,90%,DPT,24,0.5,23,0.5111111111111111
JxPath,19,1,90%,STARTS,24,0.7888888888888889,10,0.2222222222222222
JxPath,19,1,90%,STARTS+FAST-S,24,0.5888888888888888,19,0.4222222222222222
JxPath,19,1,90%,STARTS+FAST-P,24,0.611111111111111,18,0.4
JxPath,19,1,90%,STARTS+DPT,24,0.5,23,0.5111111111111111
JxPath,19,1,90%,Fastazi-S,24,0.7888888888888889,10,0.2222222222222222
JxPath,19,1,90%,Fastazi-P,24,0.8111111111111111,9,0.2
JxPath,19,1,90%,Random,24,0.8999999999999999,5,0.1111111111111111
JxPath,19,1,100%,Ekstazi,27,0.5888888888888888,19,0.4222222222222222
JxPath,19,1,100%,FAST,27,0.7444444444444445,12,0.26666666666666666
JxPath,19,1,100%,Ekstazi+dpt,27,0.5222222222222221,22,0.4888888888888889
JxPath,19,1,100%,DPT,27,0.5,23,0.5111111111111111
JxPath,19,1,100%,STARTS,27,0.7888888888888889,10,0.2222222222222222
JxPath,19,1,100%,STARTS+FAST-S,27,0.5888888888888888,19,0.4222222222222222
JxPath,19,1,100%,STARTS+FAST-P,27,0.611111111111111,18,0.4
JxPath,19,1,100%,STARTS+DPT,27,0.5,23,0.5111111111111111
JxPath,19,1,100%,Fastazi-S,27,0.7888888888888889,10,0.2222222222222222
JxPath,19,1,100%,Fastazi-P,27,0.8111111111111111,9,0.2
JxPath,19,1,100%,Random,27,0.8999999999999999,5,0.1111111111111111
JxPath,19,2,10%,Ekstazi,2,0.0,NA,NA
JxPath,19,2,10%,FAST,2,0.0,NA,NA
JxPath,19,2,10%,Ekstazi+dpt,2,0.0,NA,NA
JxPath,19,2,10%,DPT,2,0.0,NA,NA
JxPath,19,2,10%,STARTS,2,0.0,NA,NA
JxPath,19,2,10%,STARTS+FAST-S,2,0.0,NA,NA
JxPath,19,2,10%,STARTS+FAST-P,2,0.0,NA,NA
JxPath,19,2,10%,STARTS+DPT,2,0.0,NA,NA
JxPath,19,2,10%,Fastazi-S,2,0.0,NA,NA
JxPath,19,2,10%,Fastazi-P,2,0.0,NA,NA
JxPath,19,2,10%,Random,2,0.9888888888888888,1,0.022222222222222223
JxPath,19,2,20%,Ekstazi,5,0.0,NA,NA
JxPath,19,2,20%,FAST,5,0.0,NA,NA
JxPath,19,2,20%,Ekstazi+dpt,5,0.0,NA,NA
JxPath,19,2,20%,DPT,5,0.0,NA,NA
JxPath,19,2,20%,STARTS,5,0.9222222222222222,4,0.08888888888888889
JxPath,19,2,20%,STARTS+FAST-S,5,0.0,NA,NA
JxPath,19,2,20%,STARTS+FAST-P,5,0.0,NA,NA
JxPath,19,2,20%,STARTS+DPT,5,0.0,NA,NA
JxPath,19,2,20%,Fastazi-S,5,0.0,NA,NA
JxPath,19,2,20%,Fastazi-P,5,0.0,NA,NA
JxPath,19,2,20%,Random,5,0.9888888888888888,1,0.022222222222222223
JxPath,19,2,25%,Ekstazi,6,0.0,NA,NA
JxPath,19,2,25%,FAST,6,0.0,NA,NA
JxPath,19,2,25%,Ekstazi+dpt,6,0.0,NA,NA
JxPath,19,2,25%,DPT,6,0.0,NA,NA
JxPath,19,2,25%,STARTS,6,0.9222222222222222,4,0.08888888888888889
JxPath,19,2,25%,STARTS+FAST-S,6,0.0,NA,NA
JxPath,19,2,25%,STARTS+FAST-P,6,0.0,NA,NA
JxPath,19,2,25%,STARTS+DPT,6,0.0,NA,NA
JxPath,19,2,25%,Fastazi-S,6,0.0,NA,NA
JxPath,19,2,25%,Fastazi-P,6,0.0,NA,NA
JxPath,19,2,25%,Random,6,0.9888888888888888,1,0.022222222222222223
JxPath,19,2,30%,Ekstazi,8,0.0,NA,NA
JxPath,19,2,30%,FAST,8,0.0,NA,NA
JxPath,19,2,30%,Ekstazi+dpt,8,0.0,NA,NA
JxPath,19,2,30%,DPT,8,0.0,NA,NA
JxPath,19,2,30%,STARTS,8,0.9222222222222222,4,0.08888888888888889
JxPath,19,2,30%,STARTS+FAST-S,8,0.0,NA,NA
JxPath,19,2,30%,STARTS+FAST-P,8,0.0,NA,NA
JxPath,19,2,30%,STARTS+DPT,8,0.0,NA,NA
JxPath,19,2,30%,Fastazi-S,8,0.0,NA,NA
JxPath,19,2,30%,Fastazi-P,8,0.0,NA,NA
JxPath,19,2,30%,Random,8,0.9888888888888888,1,0.022222222222222223
JxPath,19,2,40%,Ekstazi,10,0.0,NA,NA
JxPath,19,2,40%,FAST,10,0.0,NA,NA
JxPath,19,2,40%,Ekstazi+dpt,10,0.0,NA,NA
JxPath,19,2,40%,DPT,10,0.0,NA,NA
JxPath,19,2,40%,STARTS,10,0.9222222222222222,4,0.08888888888888889
JxPath,19,2,40%,STARTS+FAST-S,10,0.0,NA,NA
JxPath,19,2,40%,STARTS+FAST-P,10,0.0,NA,NA
JxPath,19,2,40%,STARTS+DPT,10,0.0,NA,NA
JxPath,19,2,40%,Fastazi-S,10,0.8111111111111111,9,0.2
JxPath,19,2,40%,Fastazi-P,10,0.0,NA,NA
JxPath,19,2,40%,Random,10,0.9888888888888888,1,0.022222222222222223
JxPath,19,2,50%,Ekstazi,13,0.0,NA,NA
JxPath,19,2,50%,FAST,13,0.0,NA,NA
JxPath,19,2,50%,Ekstazi+dpt,13,0.0,NA,NA
JxPath,19,2,50%,DPT,13,0.0,NA,NA
JxPath,19,2,50%,STARTS,13,0.9222222222222222,4,0.08888888888888889
JxPath,19,2,50%,STARTS+FAST-S,13,0.0,NA,NA
JxPath,19,2,50%,STARTS+FAST-P,13,0.0,NA,NA
JxPath,19,2,50%,STARTS+DPT,13,0.0,NA,NA
JxPath,19,2,50%,Fastazi-S,13,0.8111111111111111,9,0.2
JxPath,19,2,50%,Fastazi-P,13,0.7666666666666666,11,0.24444444444444444
JxPath,19,2,50%,Random,13,0.9888888888888888,1,0.022222222222222223
JxPath,19,2,60%,Ekstazi,16,0.0,NA,NA
JxPath,19,2,60%,FAST,16,0.7,14,0.3111111111111111
JxPath,19,2,60%,Ekstazi+dpt,16,0.0,NA,NA
JxPath,19,2,60%,DPT,16,0.0,NA,NA
JxPath,19,2,60%,STARTS,16,0.9222222222222222,4,0.08888888888888889
JxPath,19,2,60%,STARTS+FAST-S,16,0.0,NA,NA
JxPath,19,2,60%,STARTS+FAST-P,16,0.0,NA,NA
JxPath,19,2,60%,STARTS+DPT,16,0.0,NA,NA
JxPath,19,2,60%,Fastazi-S,16,0.8111111111111111,9,0.2
JxPath,19,2,60%,Fastazi-P,16,0.7666666666666666,11,0.24444444444444444
JxPath,19,2,60%,Random,16,0.9888888888888888,1,0.022222222222222223
JxPath,19,2,70%,Ekstazi,18,0.0,NA,NA
JxPath,19,2,70%,FAST,18,0.7,14,0.3111111111111111
JxPath,19,2,70%,Ekstazi+dpt,18,0.0,NA,NA
JxPath,19,2,70%,DPT,18,0.0,NA,NA
JxPath,19,2,70%,STARTS,18,0.9222222222222222,4,0.08888888888888889
JxPath,19,2,70%,STARTS+FAST-S,18,0.611111111111111,18,0.4
JxPath,19,2,70%,STARTS+FAST-P,18,0.0,NA,NA
JxPath,19,2,70%,STARTS+DPT,18,0.0,NA,NA
JxPath,19,2,70%,Fastazi-S,18,0.8111111111111111,9,0.2
JxPath,19,2,70%,Fastazi-P,18,0.7666666666666666,11,0.24444444444444444
JxPath,19,2,70%,Random,18,0.9888888888888888,1,0.022222222222222223
JxPath,19,2,75%,Ekstazi,20,0.5888888888888888,19,0.4222222222222222
JxPath,19,2,75%,FAST,20,0.7,14,0.3111111111111111
JxPath,19,2,75%,Ekstazi+dpt,20,0.0,NA,NA
JxPath,19,2,75%,DPT,20,0.0,NA,NA
JxPath,19,2,75%,STARTS,20,0.9222222222222222,4,0.08888888888888889
JxPath,19,2,75%,STARTS+FAST-S,20,0.611111111111111,18,0.4
JxPath,19,2,75%,STARTS+FAST-P,20,0.5888888888888888,19,0.4222222222222222
JxPath,19,2,75%,STARTS+DPT,20,0.0,NA,NA
JxPath,19,2,75%,Fastazi-S,20,0.8111111111111111,9,0.2
JxPath,19,2,75%,Fastazi-P,20,0.7666666666666666,11,0.24444444444444444
JxPath,19,2,75%,Random,20,0.9888888888888888,1,0.022222222222222223
JxPath,19,2,80%,Ekstazi,21,0.5888888888888888,19,0.4222222222222222
JxPath,19,2,80%,FAST,21,0.7,14,0.3111111111111111
JxPath,19,2,80%,Ekstazi+dpt,21,0.0,NA,NA
JxPath,19,2,80%,DPT,21,0.0,NA,NA
JxPath,19,2,80%,STARTS,21,0.9222222222222222,4,0.08888888888888889
JxPath,19,2,80%,STARTS+FAST-S,21,0.611111111111111,18,0.4
JxPath,19,2,80%,STARTS+FAST-P,21,0.5888888888888888,19,0.4222222222222222
JxPath,19,2,80%,STARTS+DPT,21,0.0,NA,NA
JxPath,19,2,80%,Fastazi-S,21,0.8111111111111111,9,0.2
JxPath,19,2,80%,Fastazi-P,21,0.7666666666666666,11,0.24444444444444444
JxPath,19,2,80%,Random,21,0.9888888888888888,1,0.022222222222222223
JxPath,19,2,90%,Ekstazi,24,0.5888888888888888,19,0.4222222222222222
JxPath,19,2,90%,FAST,24,0.7,14,0.3111111111111111
JxPath,19,2,90%,Ekstazi+dpt,24,0.5,23,0.5111111111111111
JxPath,19,2,90%,DPT,24,0.5222222222222221,22,0.4888888888888889
JxPath,19,2,90%,STARTS,24,0.9222222222222222,4,0.08888888888888889
JxPath,19,2,90%,STARTS+FAST-S,24,0.611111111111111,18,0.4
JxPath,19,2,90%,STARTS+FAST-P,24,0.5888888888888888,19,0.4222222222222222
JxPath,19,2,90%,STARTS+DPT,24,0.5,23,0.5111111111111111
JxPath,19,2,90%,Fastazi-S,24,0.8111111111111111,9,0.2
JxPath,19,2,90%,Fastazi-P,24,0.7666666666666666,11,0.24444444444444444
JxPath,19,2,90%,Random,24,0.9888888888888888,1,0.022222222222222223
JxPath,19,2,100%,Ekstazi,27,0.5888888888888888,19,0.4222222222222222
JxPath,19,2,100%,FAST,27,0.7,14,0.3111111111111111
JxPath,19,2,100%,Ekstazi+dpt,27,0.5,23,0.5111111111111111
JxPath,19,2,100%,DPT,27,0.5222222222222221,22,0.4888888888888889
JxPath,19,2,100%,STARTS,27,0.9222222222222222,4,0.08888888888888889
JxPath,19,2,100%,STARTS+FAST-S,27,0.611111111111111,18,0.4
JxPath,19,2,100%,STARTS+FAST-P,27,0.5888888888888888,19,0.4222222222222222
JxPath,19,2,100%,STARTS+DPT,27,0.5,23,0.5111111111111111
JxPath,19,2,100%,Fastazi-S,27,0.8111111111111111,9,0.2
JxPath,19,2,100%,Fastazi-P,27,0.7666666666666666,11,0.24444444444444444
JxPath,19,2,100%,Random,27,0.9888888888888888,1,0.022222222222222223
JxPath,19,3,10%,Ekstazi,2,0.0,NA,NA
JxPath,19,3,10%,FAST,2,0.0,NA,NA
JxPath,19,3,10%,Ekstazi+dpt,2,0.0,NA,NA
JxPath,19,3,10%,DPT,2,0.0,NA,NA
JxPath,19,3,10%,STARTS,2,0.0,NA,NA
JxPath,19,3,10%,STARTS+FAST-S,2,0.0,NA,NA
JxPath,19,3,10%,STARTS+FAST-P,2,0.0,NA,NA
JxPath,19,3,10%,STARTS+DPT,2,0.0,NA,NA
JxPath,19,3,10%,Fastazi-S,2,0.0,NA,NA
JxPath,19,3,10%,Fastazi-P,2,0.0,NA,NA
JxPath,19,3,10%,Random,2,0.0,NA,NA
JxPath,19,3,20%,Ekstazi,5,0.0,NA,NA
JxPath,19,3,20%,FAST,5,0.0,NA,NA
JxPath,19,3,20%,Ekstazi+dpt,5,0.0,NA,NA
JxPath,19,3,20%,DPT,5,0.0,NA,NA
JxPath,19,3,20%,STARTS,5,0.0,NA,NA
JxPath,19,3,20%,STARTS+FAST-S,5,0.0,NA,NA
JxPath,19,3,20%,STARTS+FAST-P,5,0.0,NA,NA
JxPath,19,3,20%,STARTS+DPT,5,0.0,NA,NA
JxPath,19,3,20%,Fastazi-S,5,0.0,NA,NA
JxPath,19,3,20%,Fastazi-P,5,0.0,NA,NA
JxPath,19,3,20%,Random,5,0.0,NA,NA
JxPath,19,3,25%,Ekstazi,6,0.0,NA,NA
JxPath,19,3,25%,FAST,6,0.0,NA,NA
JxPath,19,3,25%,Ekstazi+dpt,6,0.0,NA,NA
JxPath,19,3,25%,DPT,6,0.0,NA,NA
JxPath,19,3,25%,STARTS,6,0.0,NA,NA
JxPath,19,3,25%,STARTS+FAST-S,6,0.0,NA,NA
JxPath,19,3,25%,STARTS+FAST-P,6,0.0,NA,NA
JxPath,19,3,25%,STARTS+DPT,6,0.0,NA,NA
JxPath,19,3,25%,Fastazi-S,6,0.0,NA,NA
JxPath,19,3,25%,Fastazi-P,6,0.0,NA,NA
JxPath,19,3,25%,Random,6,0.0,NA,NA
JxPath,19,3,30%,Ekstazi,8,0.0,NA,NA
JxPath,19,3,30%,FAST,8,0.0,NA,NA
JxPath,19,3,30%,Ekstazi+dpt,8,0.0,NA,NA
JxPath,19,3,30%,DPT,8,0.0,NA,NA
JxPath,19,3,30%,STARTS,8,0.0,NA,NA
JxPath,19,3,30%,STARTS+FAST-S,8,0.0,NA,NA
JxPath,19,3,30%,STARTS+FAST-P,8,0.0,NA,NA
JxPath,19,3,30%,STARTS+DPT,8,0.0,NA,NA
JxPath,19,3,30%,Fastazi-S,8,0.0,NA,NA
JxPath,19,3,30%,Fastazi-P,8,0.0,NA,NA
JxPath,19,3,30%,Random,8,0.0,NA,NA
JxPath,19,3,40%,Ekstazi,10,0.0,NA,NA
JxPath,19,3,40%,FAST,10,0.0,NA,NA
JxPath,19,3,40%,Ekstazi+dpt,10,0.0,NA,NA
JxPath,19,3,40%,DPT,10,0.0,NA,NA
JxPath,19,3,40%,STARTS,10,0.0,NA,NA
JxPath,19,3,40%,STARTS+FAST-S,10,0.0,NA,NA
JxPath,19,3,40%,STARTS+FAST-P,10,0.0,NA,NA
JxPath,19,3,40%,STARTS+DPT,10,0.0,NA,NA
JxPath,19,3,40%,Fastazi-S,10,0.8111111111111111,9,0.2
JxPath,19,3,40%,Fastazi-P,10,0.7888888888888889,10,0.2222222222222222
JxPath,19,3,40%,Random,10,0.0,NA,NA
JxPath,19,3,50%,Ekstazi,13,0.0,NA,NA
JxPath,19,3,50%,FAST,13,0.7444444444444445,12,0.26666666666666666
JxPath,19,3,50%,Ekstazi+dpt,13,0.0,NA,NA
JxPath,19,3,50%,DPT,13,0.0,NA,NA
JxPath,19,3,50%,STARTS,13,0.0,NA,NA
JxPath,19,3,50%,STARTS+FAST-S,13,0.0,NA,NA
JxPath,19,3,50%,STARTS+FAST-P,13,0.0,NA,NA
JxPath,19,3,50%,STARTS+DPT,13,0.0,NA,NA
JxPath,19,3,50%,Fastazi-S,13,0.8111111111111111,9,0.2
JxPath,19,3,50%,Fastazi-P,13,0.7888888888888889,10,0.2222222222222222
JxPath,19,3,50%,Random,13,0.0,NA,NA
JxPath,19,3,60%,Ekstazi,16,0.0,NA,NA
JxPath,19,3,60%,FAST,16,0.7444444444444445,12,0.26666666666666666
JxPath,19,3,60%,Ekstazi+dpt,16,0.0,NA,NA
JxPath,19,3,60%,DPT,16,0.0,NA,NA
JxPath,19,3,60%,STARTS,16,0.7,14,0.3111111111111111
JxPath,19,3,60%,STARTS+FAST-S,16,0.0,NA,NA
JxPath,19,3,60%,STARTS+FAST-P,16,0.0,NA,NA
JxPath,19,3,60%,STARTS+DPT,16,0.0,NA,NA
JxPath,19,3,60%,Fastazi-S,16,0.8111111111111111,9,0.2
JxPath,19,3,60%,Fastazi-P,16,0.7888888888888889,10,0.2222222222222222
JxPath,19,3,60%,Random,16,0.0,NA,NA
JxPath,19,3,70%,Ekstazi,18,0.0,NA,NA
JxPath,19,3,70%,FAST,18,0.7444444444444445,12,0.26666666666666666
JxPath,19,3,70%,Ekstazi+dpt,18,0.0,NA,NA
JxPath,19,3,70%,DPT,18,0.0,NA,NA
JxPath,19,3,70%,STARTS,18,0.7,14,0.3111111111111111
JxPath,19,3,70%,STARTS+FAST-S,18,0.0,NA,NA
JxPath,19,3,70%,STARTS+FAST-P,18,0.611111111111111,18,0.4
JxPath,19,3,70%,STARTS+DPT,18,0.0,NA,NA
JxPath,19,3,70%,Fastazi-S,18,0.8111111111111111,9,0.2
JxPath,19,3,70%,Fastazi-P,18,0.7888888888888889,10,0.2222222222222222
JxPath,19,3,70%,Random,18,0.0,NA,NA
JxPath,19,3,75%,Ekstazi,20,0.0,NA,NA
JxPath,19,3,75%,FAST,20,0.7444444444444445,12,0.26666666666666666
JxPath,19,3,75%,Ekstazi+dpt,20,0.0,NA,NA
JxPath,19,3,75%,DPT,20,0.0,NA,NA
JxPath,19,3,75%,STARTS,20,0.7,14,0.3111111111111111
JxPath,19,3,75%,STARTS+FAST-S,20,0.5666666666666667,20,0.4444444444444444
JxPath,19,3,75%,STARTS+FAST-P,20,0.611111111111111,18,0.4
JxPath,19,3,75%,STARTS+DPT,20,0.0,NA,NA
JxPath,19,3,75%,Fastazi-S,20,0.8111111111111111,9,0.2
JxPath,19,3,75%,Fastazi-P,20,0.7888888888888889,10,0.2222222222222222
JxPath,19,3,75%,Random,20,0.0,NA,NA
JxPath,19,3,80%,Ekstazi,21,0.0,NA,NA
JxPath,19,3,80%,FAST,21,0.7444444444444445,12,0.26666666666666666
JxPath,19,3,80%,Ekstazi+dpt,21,0.0,NA,NA
JxPath,19,3,80%,DPT,21,0.0,NA,NA
JxPath,19,3,80%,STARTS,21,0.7,14,0.3111111111111111
JxPath,19,3,80%,STARTS+FAST-S,21,0.5666666666666667,20,0.4444444444444444
JxPath,19,3,80%,STARTS+FAST-P,21,0.611111111111111,18,0.4
JxPath,19,3,80%,STARTS+DPT,21,0.0,NA,NA
JxPath,19,3,80%,Fastazi-S,21,0.8111111111111111,9,0.2
JxPath,19,3,80%,Fastazi-P,21,0.7888888888888889,10,0.2222222222222222
JxPath,19,3,80%,Random,21,0.0,NA,NA
JxPath,19,3,90%,Ekstazi,24,0.0,NA,NA
JxPath,19,3,90%,FAST,24,0.7444444444444445,12,0.26666666666666666
JxPath,19,3,90%,Ekstazi+dpt,24,0.5222222222222221,22,0.4888888888888889
JxPath,19,3,90%,DPT,24,0.5,23,0.5111111111111111
JxPath,19,3,90%,STARTS,24,0.7,14,0.3111111111111111
JxPath,19,3,90%,STARTS+FAST-S,24,0.5666666666666667,20,0.4444444444444444
JxPath,19,3,90%,STARTS+FAST-P,24,0.611111111111111,18,0.4
JxPath,19,3,90%,STARTS+DPT,24,0.5,23,0.5111111111111111
JxPath,19,3,90%,Fastazi-S,24,0.8111111111111111,9,0.2
JxPath,19,3,90%,Fastazi-P,24,0.7888888888888889,10,0.2222222222222222
JxPath,19,3,90%,Random,24,0.0,NA,NA
JxPath,19,3,100%,Ekstazi,27,0.4333333333333334,26,0.5777777777777777
JxPath,19,3,100%,FAST,27,0.7444444444444445,12,0.26666666666666666
JxPath,19,3,100%,Ekstazi+dpt,27,0.5222222222222221,22,0.4888888888888889
JxPath,19,3,100%,DPT,27,0.5,23,0.5111111111111111
JxPath,19,3,100%,STARTS,27,0.7,14,0.3111111111111111
JxPath,19,3,100%,STARTS+FAST-S,27,0.5666666666666667,20,0.4444444444444444
JxPath,19,3,100%,STARTS+FAST-P,27,0.611111111111111,18,0.4
JxPath,19,3,100%,STARTS+DPT,27,0.5,23,0.5111111111111111
JxPath,19,3,100%,Fastazi-S,27,0.8111111111111111,9,0.2
JxPath,19,3,100%,Fastazi-P,27,0.7888888888888889,10,0.2222222222222222
JxPath,19,3,100%,Random,27,0.0,NA,NA
JxPath,19,4,10%,Ekstazi,2,0.0,NA,NA
JxPath,19,4,10%,FAST,2,0.0,NA,NA
JxPath,19,4,10%,Ekstazi+dpt,2,0.0,NA,NA
JxPath,19,4,10%,DPT,2,0.0,NA,NA
JxPath,19,4,10%,STARTS,2,0.0,NA,NA
JxPath,19,4,10%,STARTS+FAST-S,2,0.0,NA,NA
JxPath,19,4,10%,STARTS+FAST-P,2,0.0,NA,NA
JxPath,19,4,10%,STARTS+DPT,2,0.0,NA,NA
JxPath,19,4,10%,Fastazi-S,2,0.0,NA,NA
JxPath,19,4,10%,Fastazi-P,2,0.0,NA,NA
JxPath,19,4,10%,Random,2,0.0,NA,NA
JxPath,19,4,20%,Ekstazi,5,0.0,NA,NA
JxPath,19,4,20%,FAST,5,0.0,NA,NA
JxPath,19,4,20%,Ekstazi+dpt,5,0.0,NA,NA
JxPath,19,4,20%,DPT,5,0.0,NA,NA
JxPath,19,4,20%,STARTS,5,0.0,NA,NA
JxPath,19,4,20%,STARTS+FAST-S,5,0.0,NA,NA
JxPath,19,4,20%,STARTS+FAST-P,5,0.0,NA,NA
JxPath,19,4,20%,STARTS+DPT,5,0.0,NA,NA
JxPath,19,4,20%,Fastazi-S,5,0.0,NA,NA
JxPath,19,4,20%,Fastazi-P,5,0.0,NA,NA
JxPath,19,4,20%,Random,5,0.0,NA,NA
JxPath,19,4,25%,Ekstazi,6,0.0,NA,NA
JxPath,19,4,25%,FAST,6,0.0,NA,NA
JxPath,19,4,25%,Ekstazi+dpt,6,0.0,NA,NA
JxPath,19,4,25%,DPT,6,0.0,NA,NA
JxPath,19,4,25%,STARTS,6,0.0,NA,NA
JxPath,19,4,25%,STARTS+FAST-S,6,0.0,NA,NA
JxPath,19,4,25%,STARTS+FAST-P,6,0.0,NA,NA
JxPath,19,4,25%,STARTS+DPT,6,0.0,NA,NA
JxPath,19,4,25%,Fastazi-S,6,0.0,NA,NA
JxPath,19,4,25%,Fastazi-P,6,0.0,NA,NA
JxPath,19,4,25%,Random,6,0.0,NA,NA
JxPath,19,4,30%,Ekstazi,8,0.0,NA,NA
JxPath,19,4,30%,FAST,8,0.0,NA,NA
JxPath,19,4,30%,Ekstazi+dpt,8,0.0,NA,NA
JxPath,19,4,30%,DPT,8,0.0,NA,NA
JxPath,19,4,30%,STARTS,8,0.0,NA,NA
JxPath,19,4,30%,STARTS+FAST-S,8,0.0,NA,NA
JxPath,19,4,30%,STARTS+FAST-P,8,0.0,NA,NA
JxPath,19,4,30%,STARTS+DPT,8,0.0,NA,NA
JxPath,19,4,30%,Fastazi-S,8,0.0,NA,NA
JxPath,19,4,30%,Fastazi-P,8,0.0,NA,NA
JxPath,19,4,30%,Random,8,0.0,NA,NA
JxPath,19,4,40%,Ekstazi,10,0.8111111111111111,9,0.2
JxPath,19,4,40%,FAST,10,0.0,NA,NA
JxPath,19,4,40%,Ekstazi+dpt,10,0.0,NA,NA
JxPath,19,4,40%,DPT,10,0.0,NA,NA
JxPath,19,4,40%,STARTS,10,0.0,NA,NA
JxPath,19,4,40%,STARTS+FAST-S,10,0.0,NA,NA
JxPath,19,4,40%,STARTS+FAST-P,10,0.0,NA,NA
JxPath,19,4,40%,STARTS+DPT,10,0.0,NA,NA
JxPath,19,4,40%,Fastazi-S,10,0.8111111111111111,9,0.2
JxPath,19,4,40%,Fastazi-P,10,0.8111111111111111,9,0.2
JxPath,19,4,40%,Random,10,0.0,NA,NA
JxPath,19,4,50%,Ekstazi,13,0.8111111111111111,9,0.2
JxPath,19,4,50%,FAST,13,0.7222222222222222,13,0.28888888888888886
JxPath,19,4,50%,Ekstazi+dpt,13,0.0,NA,NA
JxPath,19,4,50%,DPT,13,0.0,NA,NA
JxPath,19,4,50%,STARTS,13,0.0,NA,NA
JxPath,19,4,50%,STARTS+FAST-S,13,0.0,NA,NA
JxPath,19,4,50%,STARTS+FAST-P,13,0.0,NA,NA
JxPath,19,4,50%,STARTS+DPT,13,0.0,NA,NA
JxPath,19,4,50%,Fastazi-S,13,0.8111111111111111,9,0.2
JxPath,19,4,50%,Fastazi-P,13,0.8111111111111111,9,0.2
JxPath,19,4,50%,Random,13,0.0,NA,NA
JxPath,19,4,60%,Ekstazi,16,0.8111111111111111,9,0.2
JxPath,19,4,60%,FAST,16,0.7222222222222222,13,0.28888888888888886
JxPath,19,4,60%,Ekstazi+dpt,16,0.0,NA,NA
JxPath,19,4,60%,DPT,16,0.0,NA,NA
JxPath,19,4,60%,STARTS,16,0.0,NA,NA
JxPath,19,4,60%,STARTS+FAST-S,16,0.0,NA,NA
JxPath,19,4,60%,STARTS+FAST-P,16,0.0,NA,NA
JxPath,19,4,60%,STARTS+DPT,16,0.0,NA,NA
JxPath,19,4,60%,Fastazi-S,16,0.8111111111111111,9,0.2
JxPath,19,4,60%,Fastazi-P,16,0.8111111111111111,9,0.2
JxPath,19,4,60%,Random,16,0.0,NA,NA
JxPath,19,4,70%,Ekstazi,18,0.8111111111111111,9,0.2
JxPath,19,4,70%,FAST,18,0.7222222222222222,13,0.28888888888888886
JxPath,19,4,70%,Ekstazi+dpt,18,0.0,NA,NA
JxPath,19,4,70%,DPT,18,0.0,NA,NA
JxPath,19,4,70%,STARTS,18,0.0,NA,NA
JxPath,19,4,70%,STARTS+FAST-S,18,0.0,NA,NA
JxPath,19,4,70%,STARTS+FAST-P,18,0.611111111111111,18,0.4
JxPath,19,4,70%,STARTS+DPT,18,0.0,NA,NA
JxPath,19,4,70%,Fastazi-S,18,0.8111111111111111,9,0.2
JxPath,19,4,70%,Fastazi-P,18,0.8111111111111111,9,0.2
JxPath,19,4,70%,Random,18,0.0,NA,NA
JxPath,19,4,75%,Ekstazi,20,0.8111111111111111,9,0.2
JxPath,19,4,75%,FAST,20,0.7222222222222222,13,0.28888888888888886
JxPath,19,4,75%,Ekstazi+dpt,20,0.0,NA,NA
JxPath,19,4,75%,DPT,20,0.0,NA,NA
JxPath,19,4,75%,STARTS,20,0.0,NA,NA
JxPath,19,4,75%,STARTS+FAST-S,20,0.5666666666666667,20,0.4444444444444444
JxPath,19,4,75%,STARTS+FAST-P,20,0.611111111111111,18,0.4
JxPath,19,4,75%,STARTS+DPT,20,0.0,NA,NA
JxPath,19,4,75%,Fastazi-S,20,0.8111111111111111,9,0.2
JxPath,19,4,75%,Fastazi-P,20,0.8111111111111111,9,0.2
JxPath,19,4,75%,Random,20,0.0,NA,NA
JxPath,19,4,80%,Ekstazi,21,0.8111111111111111,9,0.2
JxPath,19,4,80%,FAST,21,0.7222222222222222,13,0.28888888888888886
JxPath,19,4,80%,Ekstazi+dpt,21,0.0,NA,NA
JxPath,19,4,80%,DPT,21,0.0,NA,NA
JxPath,19,4,80%,STARTS,21,0.0,NA,NA
JxPath,19,4,80%,STARTS+FAST-S,21,0.5666666666666667,20,0.4444444444444444
JxPath,19,4,80%,STARTS+FAST-P,21,0.611111111111111,18,0.4
JxPath,19,4,80%,STARTS+DPT,21,0.0,NA,NA
JxPath,19,4,80%,Fastazi-S,21,0.8111111111111111,9,0.2
JxPath,19,4,80%,Fastazi-P,21,0.8111111111111111,9,0.2
JxPath,19,4,80%,Random,21,0.0,NA,NA
JxPath,19,4,90%,Ekstazi,24,0.8111111111111111,9,0.2
JxPath,19,4,90%,FAST,24,0.7222222222222222,13,0.28888888888888886
JxPath,19,4,90%,Ekstazi+dpt,24,0.5222222222222221,22,0.4888888888888889
JxPath,19,4,90%,DPT,24,0.5,23,0.5111111111111111
JxPath,19,4,90%,STARTS,24,0.0,NA,NA
JxPath,19,4,90%,STARTS+FAST-S,24,0.5666666666666667,20,0.4444444444444444
JxPath,19,4,90%,STARTS+FAST-P,24,0.611111111111111,18,0.4
JxPath,19,4,90%,STARTS+DPT,24,0.5,23,0.5111111111111111
JxPath,19,4,90%,Fastazi-S,24,0.8111111111111111,9,0.2
JxPath,19,4,90%,Fastazi-P,24,0.8111111111111111,9,0.2
JxPath,19,4,90%,Random,24,0.0,NA,NA
JxPath,19,4,100%,Ekstazi,27,0.8111111111111111,9,0.2
JxPath,19,4,100%,FAST,27,0.7222222222222222,13,0.28888888888888886
JxPath,19,4,100%,Ekstazi+dpt,27,0.5222222222222221,22,0.4888888888888889
JxPath,19,4,100%,DPT,27,0.5,23,0.5111111111111111
JxPath,19,4,100%,STARTS,27,0.4333333333333334,26,0.5777777777777777
JxPath,19,4,100%,STARTS+FAST-S,27,0.5666666666666667,20,0.4444444444444444
JxPath,19,4,100%,STARTS+FAST-P,27,0.611111111111111,18,0.4
JxPath,19,4,100%,STARTS+DPT,27,0.5,23,0.5111111111111111
JxPath,19,4,100%,Fastazi-S,27,0.8111111111111111,9,0.2
JxPath,19,4,100%,Fastazi-P,27,0.8111111111111111,9,0.2
JxPath,19,4,100%,Random,27,0.0,NA,NA
JxPath,19,5,10%,Ekstazi,2,0.0,NA,NA
JxPath,19,5,10%,FAST,2,0.0,NA,NA
JxPath,19,5,10%,Ekstazi+dpt,2,0.0,NA,NA
JxPath,19,5,10%,DPT,2,0.0,NA,NA
JxPath,19,5,10%,STARTS,2,0.0,NA,NA
JxPath,19,5,10%,STARTS+FAST-S,2,0.0,NA,NA
JxPath,19,5,10%,STARTS+FAST-P,2,0.0,NA,NA
JxPath,19,5,10%,STARTS+DPT,2,0.0,NA,NA
JxPath,19,5,10%,Fastazi-S,2,0.0,NA,NA
JxPath,19,5,10%,Fastazi-P,2,0.0,NA,NA
JxPath,19,5,10%,Random,2,0.0,NA,NA
JxPath,19,5,20%,Ekstazi,5,0.0,NA,NA
JxPath,19,5,20%,FAST,5,0.0,NA,NA
JxPath,19,5,20%,Ekstazi+dpt,5,0.0,NA,NA
JxPath,19,5,20%,DPT,5,0.0,NA,NA
JxPath,19,5,20%,STARTS,5,0.0,NA,NA
JxPath,19,5,20%,STARTS+FAST-S,5,0.0,NA,NA
JxPath,19,5,20%,STARTS+FAST-P,5,0.0,NA,NA
JxPath,19,5,20%,STARTS+DPT,5,0.0,NA,NA
JxPath,19,5,20%,Fastazi-S,5,0.0,NA,NA
JxPath,19,5,20%,Fastazi-P,5,0.0,NA,NA
JxPath,19,5,20%,Random,5,0.0,NA,NA
JxPath,19,5,25%,Ekstazi,6,0.0,NA,NA
JxPath,19,5,25%,FAST,6,0.0,NA,NA
JxPath,19,5,25%,Ekstazi+dpt,6,0.0,NA,NA
JxPath,19,5,25%,DPT,6,0.0,NA,NA
JxPath,19,5,25%,STARTS,6,0.0,NA,NA
JxPath,19,5,25%,STARTS+FAST-S,6,0.0,NA,NA
JxPath,19,5,25%,STARTS+FAST-P,6,0.0,NA,NA
JxPath,19,5,25%,STARTS+DPT,6,0.0,NA,NA
JxPath,19,5,25%,Fastazi-S,6,0.0,NA,NA
JxPath,19,5,25%,Fastazi-P,6,0.0,NA,NA
JxPath,19,5,25%,Random,6,0.0,NA,NA
JxPath,19,5,30%,Ekstazi,8,0.8333333333333333,8,0.17777777777777778
JxPath,19,5,30%,FAST,8,0.0,NA,NA
JxPath,19,5,30%,Ekstazi+dpt,8,0.0,NA,NA
JxPath,19,5,30%,DPT,8,0.0,NA,NA
JxPath,19,5,30%,STARTS,8,0.0,NA,NA
JxPath,19,5,30%,STARTS+FAST-S,8,0.0,NA,NA
JxPath,19,5,30%,STARTS+FAST-P,8,0.0,NA,NA
JxPath,19,5,30%,STARTS+DPT,8,0.0,NA,NA
JxPath,19,5,30%,Fastazi-S,8,0.0,NA,NA
JxPath,19,5,30%,Fastazi-P,8,0.0,NA,NA
JxPath,19,5,30%,Random,8,0.0,NA,NA
JxPath,19,5,40%,Ekstazi,10,0.8333333333333333,8,0.17777777777777778
JxPath,19,5,40%,FAST,10,0.0,NA,NA
JxPath,19,5,40%,Ekstazi+dpt,10,0.0,NA,NA
JxPath,19,5,40%,DPT,10,0.0,NA,NA
JxPath,19,5,40%,STARTS,10,0.0,NA,NA
JxPath,19,5,40%,STARTS+FAST-S,10,0.0,NA,NA
JxPath,19,5,40%,STARTS+FAST-P,10,0.0,NA,NA
JxPath,19,5,40%,STARTS+DPT,10,0.0,NA,NA
JxPath,19,5,40%,Fastazi-S,10,0.0,NA,NA
JxPath,19,5,40%,Fastazi-P,10,0.7888888888888889,10,0.2222222222222222
JxPath,19,5,40%,Random,10,0.0,NA,NA
JxPath,19,5,50%,Ekstazi,13,0.8333333333333333,8,0.17777777777777778
JxPath,19,5,50%,FAST,13,0.7222222222222222,13,0.28888888888888886
JxPath,19,5,50%,Ekstazi+dpt,13,0.0,NA,NA
JxPath,19,5,50%,DPT,13,0.0,NA,NA
JxPath,19,5,50%,STARTS,13,0.0,NA,NA
JxPath,19,5,50%,STARTS+FAST-S,13,0.0,NA,NA
JxPath,19,5,50%,STARTS+FAST-P,13,0.0,NA,NA
JxPath,19,5,50%,STARTS+DPT,13,0.0,NA,NA
JxPath,19,5,50%,Fastazi-S,13,0.7444444444444445,12,0.26666666666666666
JxPath,19,5,50%,Fastazi-P,13,0.7888888888888889,10,0.2222222222222222
JxPath,19,5,50%,Random,13,0.0,NA,NA
JxPath,19,5,60%,Ekstazi,16,0.8333333333333333,8,0.17777777777777778
JxPath,19,5,60%,FAST,16,0.7222222222222222,13,0.28888888888888886
JxPath,19,5,60%,Ekstazi+dpt,16,0.0,NA,NA
JxPath,19,5,60%,DPT,16,0.0,NA,NA
JxPath,19,5,60%,STARTS,16,0.6555555555555554,16,0.35555555555555557
JxPath,19,5,60%,STARTS+FAST-S,16,0.0,NA,NA
JxPath,19,5,60%,STARTS+FAST-P,16,0.0,NA,NA
JxPath,19,5,60%,STARTS+DPT,16,0.0,NA,NA
JxPath,19,5,60%,Fastazi-S,16,0.7444444444444445,12,0.26666666666666666
JxPath,19,5,60%,Fastazi-P,16,0.7888888888888889,10,0.2222222222222222
JxPath,19,5,60%,Random,16,0.0,NA,NA
JxPath,19,5,70%,Ekstazi,18,0.8333333333333333,8,0.17777777777777778
JxPath,19,5,70%,FAST,18,0.7222222222222222,13,0.28888888888888886
JxPath,19,5,70%,Ekstazi+dpt,18,0.0,NA,NA
JxPath,19,5,70%,DPT,18,0.0,NA,NA
JxPath,19,5,70%,STARTS,18,0.6555555555555554,16,0.35555555555555557
JxPath,19,5,70%,STARTS+FAST-S,18,0.0,NA,NA
JxPath,19,5,70%,STARTS+FAST-P,18,0.0,NA,NA
JxPath,19,5,70%,STARTS+DPT,18,0.0,NA,NA
JxPath,19,5,70%,Fastazi-S,18,0.7444444444444445,12,0.26666666666666666
JxPath,19,5,70%,Fastazi-P,18,0.7888888888888889,10,0.2222222222222222
JxPath,19,5,70%,Random,18,0.0,NA,NA
JxPath,19,5,75%,Ekstazi,20,0.8333333333333333,8,0.17777777777777778
JxPath,19,5,75%,FAST,20,0.7222222222222222,13,0.28888888888888886
JxPath,19,5,75%,Ekstazi+dpt,20,0.0,NA,NA
JxPath,19,5,75%,DPT,20,0.0,NA,NA
JxPath,19,5,75%,STARTS,20,0.6555555555555554,16,0.35555555555555557
JxPath,19,5,75%,STARTS+FAST-S,20,0.5888888888888888,19,0.4222222222222222
JxPath,19,5,75%,STARTS+FAST-P,20,0.5888888888888888,19,0.4222222222222222
JxPath,19,5,75%,STARTS+DPT,20,0.0,NA,NA
JxPath,19,5,75%,Fastazi-S,20,0.7444444444444445,12,0.26666666666666666
JxPath,19,5,75%,Fastazi-P,20,0.7888888888888889,10,0.2222222222222222
JxPath,19,5,75%,Random,20,0.0,NA,NA
JxPath,19,5,80%,Ekstazi,21,0.8333333333333333,8,0.17777777777777778
JxPath,19,5,80%,FAST,21,0.7222222222222222,13,0.28888888888888886
JxPath,19,5,80%,Ekstazi+dpt,21,0.0,NA,NA
JxPath,19,5,80%,DPT,21,0.0,NA,NA
JxPath,19,5,80%,STARTS,21,0.6555555555555554,16,0.35555555555555557
JxPath,19,5,80%,STARTS+FAST-S,21,0.5888888888888888,19,0.4222222222222222
JxPath,19,5,80%,STARTS+FAST-P,21,0.5888888888888888,19,0.4222222222222222
JxPath,19,5,80%,STARTS+DPT,21,0.0,NA,NA
JxPath,19,5,80%,Fastazi-S,21,0.7444444444444445,12,0.26666666666666666
JxPath,19,5,80%,Fastazi-P,21,0.7888888888888889,10,0.2222222222222222
JxPath,19,5,80%,Random,21,0.0,NA,NA
JxPath,19,5,90%,Ekstazi,24,0.8333333333333333,8,0.17777777777777778
JxPath,19,5,90%,FAST,24,0.7222222222222222,13,0.28888888888888886
JxPath,19,5,90%,Ekstazi+dpt,24,0.5222222222222221,22,0.4888888888888889
JxPath,19,5,90%,DPT,24,0.5,23,0.5111111111111111
JxPath,19,5,90%,STARTS,24,0.6555555555555554,16,0.35555555555555557
JxPath,19,5,90%,STARTS+FAST-S,24,0.5888888888888888,19,0.4222222222222222
JxPath,19,5,90%,STARTS+FAST-P,24,0.5888888888888888,19,0.4222222222222222
JxPath,19,5,90%,STARTS+DPT,24,0.5,23,0.5111111111111111
JxPath,19,5,90%,Fastazi-S,24,0.7444444444444445,12,0.26666666666666666
JxPath,19,5,90%,Fastazi-P,24,0.7888888888888889,10,0.2222222222222222
JxPath,19,5,90%,Random,24,0.5,23,0.5111111111111111
JxPath,19,5,100%,Ekstazi,27,0.8333333333333333,8,0.17777777777777778
JxPath,19,5,100%,FAST,27,0.7222222222222222,13,0.28888888888888886
JxPath,19,5,100%,Ekstazi+dpt,27,0.5222222222222221,22,0.4888888888888889
JxPath,19,5,100%,DPT,27,0.5,23,0.5111111111111111
JxPath,19,5,100%,STARTS,27,0.6555555555555554,16,0.35555555555555557
JxPath,19,5,100%,STARTS+FAST-S,27,0.5888888888888888,19,0.4222222222222222
JxPath,19,5,100%,STARTS+FAST-P,27,0.5888888888888888,19,0.4222222222222222
JxPath,19,5,100%,STARTS+DPT,27,0.5,23,0.5111111111111111
JxPath,19,5,100%,Fastazi-S,27,0.7444444444444445,12,0.26666666666666666
JxPath,19,5,100%,Fastazi-P,27,0.7888888888888889,10,0.2222222222222222
JxPath,19,5,100%,Random,27,0.5,23,0.5111111111111111
JxPath,19,6,10%,Ekstazi,2,0.0,NA,NA
JxPath,19,6,10%,FAST,2,0.0,NA,NA
JxPath,19,6,10%,Ekstazi+dpt,2,0.0,NA,NA
JxPath,19,6,10%,DPT,2,0.0,NA,NA
JxPath,19,6,10%,STARTS,2,0.0,NA,NA
JxPath,19,6,10%,STARTS+FAST-S,2,0.0,NA,NA
JxPath,19,6,10%,STARTS+FAST-P,2,0.0,NA,NA
JxPath,19,6,10%,STARTS+DPT,2,0.0,NA,NA
JxPath,19,6,10%,Fastazi-S,2,0.0,NA,NA
JxPath,19,6,10%,Fastazi-P,2,0.0,NA,NA
JxPath,19,6,10%,Random,2,0.9666666666666667,2,0.044444444444444446
JxPath,19,6,20%,Ekstazi,5,0.0,NA,NA
JxPath,19,6,20%,FAST,5,0.0,NA,NA
JxPath,19,6,20%,Ekstazi+dpt,5,0.0,NA,NA
JxPath,19,6,20%,DPT,5,0.0,NA,NA
JxPath,19,6,20%,STARTS,5,0.0,NA,NA
JxPath,19,6,20%,STARTS+FAST-S,5,0.0,NA,NA
JxPath,19,6,20%,STARTS+FAST-P,5,0.0,NA,NA
JxPath,19,6,20%,STARTS+DPT,5,0.0,NA,NA
JxPath,19,6,20%,Fastazi-S,5,0.0,NA,NA
JxPath,19,6,20%,Fastazi-P,5,0.0,NA,NA
JxPath,19,6,20%,Random,5,0.9666666666666667,2,0.044444444444444446
JxPath,19,6,25%,Ekstazi,6,0.0,NA,NA
JxPath,19,6,25%,FAST,6,0.0,NA,NA
JxPath,19,6,25%,Ekstazi+dpt,6,0.0,NA,NA
JxPath,19,6,25%,DPT,6,0.0,NA,NA
JxPath,19,6,25%,STARTS,6,0.0,NA,NA
JxPath,19,6,25%,STARTS+FAST-S,6,0.0,NA,NA
JxPath,19,6,25%,STARTS+FAST-P,6,0.0,NA,NA
JxPath,19,6,25%,STARTS+DPT,6,0.0,NA,NA
JxPath,19,6,25%,Fastazi-S,6,0.0,NA,NA
JxPath,19,6,25%,Fastazi-P,6,0.0,NA,NA
JxPath,19,6,25%,Random,6,0.9666666666666667,2,0.044444444444444446
JxPath,19,6,30%,Ekstazi,8,0.0,NA,NA
JxPath,19,6,30%,FAST,8,0.0,NA,NA
JxPath,19,6,30%,Ekstazi+dpt,8,0.0,NA,NA
JxPath,19,6,30%,DPT,8,0.0,NA,NA
JxPath,19,6,30%,STARTS,8,0.0,NA,NA
JxPath,19,6,30%,STARTS+FAST-S,8,0.0,NA,NA
JxPath,19,6,30%,STARTS+FAST-P,8,0.0,NA,NA
JxPath,19,6,30%,STARTS+DPT,8,0.0,NA,NA
JxPath,19,6,30%,Fastazi-S,8,0.0,NA,NA
JxPath,19,6,30%,Fastazi-P,8,0.0,NA,NA
JxPath,19,6,30%,Random,8,0.9666666666666667,2,0.044444444444444446
JxPath,19,6,40%,Ekstazi,10,0.0,NA,NA
JxPath,19,6,40%,FAST,10,0.0,NA,NA
JxPath,19,6,40%,Ekstazi+dpt,10,0.0,NA,NA
JxPath,19,6,40%,DPT,10,0.0,NA,NA
JxPath,19,6,40%,STARTS,10,0.0,NA,NA
JxPath,19,6,40%,STARTS+FAST-S,10,0.0,NA,NA
JxPath,19,6,40%,STARTS+FAST-P,10,0.0,NA,NA
JxPath,19,6,40%,STARTS+DPT,10,0.0,NA,NA
JxPath,19,6,40%,Fastazi-S,10,0.0,NA,NA
JxPath,19,6,40%,Fastazi-P,10,0.0,NA,NA
JxPath,19,6,40%,Random,10,0.9666666666666667,2,0.044444444444444446
JxPath,19,6,50%,Ekstazi,13,0.0,NA,NA
JxPath,19,6,50%,FAST,13,0.7222222222222222,13,0.28888888888888886
JxPath,19,6,50%,Ekstazi+dpt,13,0.0,NA,NA
JxPath,19,6,50%,DPT,13,0.0,NA,NA
JxPath,19,6,50%,STARTS,13,0.0,NA,NA
JxPath,19,6,50%,STARTS+FAST-S,13,0.0,NA,NA
JxPath,19,6,50%,STARTS+FAST-P,13,0.0,NA,NA
JxPath,19,6,50%,STARTS+DPT,13,0.0,NA,NA
JxPath,19,6,50%,Fastazi-S,13,0.7222222222222222,13,0.28888888888888886
JxPath,19,6,50%,Fastazi-P,13,0.7666666666666666,11,0.24444444444444444
JxPath,19,6,50%,Random,13,0.9666666666666667,2,0.044444444444444446
JxPath,19,6,60%,Ekstazi,16,0.0,NA,NA
JxPath,19,6,60%,FAST,16,0.7222222222222222,13,0.28888888888888886
JxPath,19,6,60%,Ekstazi+dpt,16,0.0,NA,NA
JxPath,19,6,60%,DPT,16,0.0,NA,NA
JxPath,19,6,60%,STARTS,16,0.6777777777777778,15,0.3333333333333333
JxPath,19,6,60%,STARTS+FAST-S,16,0.0,NA,NA
JxPath,19,6,60%,STARTS+FAST-P,16,0.0,NA,NA
JxPath,19,6,60%,STARTS+DPT,16,0.0,NA,NA
JxPath,19,6,60%,Fastazi-S,16,0.7222222222222222,13,0.28888888888888886
JxPath,19,6,60%,Fastazi-P,16,0.7666666666666666,11,0.24444444444444444
JxPath,19,6,60%,Random,16,0.9666666666666667,2,0.044444444444444446
JxPath,19,6,70%,Ekstazi,18,0.6333333333333333,17,0.37777777777777777
JxPath,19,6,70%,FAST,18,0.7222222222222222,13,0.28888888888888886
JxPath,19,6,70%,Ekstazi+dpt,18,0.0,NA,NA
JxPath,19,6,70%,DPT,18,0.0,NA,NA
JxPath,19,6,70%,STARTS,18,0.6777777777777778,15,0.3333333333333333
JxPath,19,6,70%,STARTS+FAST-S,18,0.0,NA,NA
JxPath,19,6,70%,STARTS+FAST-P,18,0.611111111111111,18,0.4
JxPath,19,6,70%,STARTS+DPT,18,0.0,NA,NA
JxPath,19,6,70%,Fastazi-S,18,0.7222222222222222,13,0.28888888888888886
JxPath,19,6,70%,Fastazi-P,18,0.7666666666666666,11,0.24444444444444444
JxPath,19,6,70%,Random,18,0.9666666666666667,2,0.044444444444444446
JxPath,19,6,75%,Ekstazi,20,0.6333333333333333,17,0.37777777777777777
JxPath,19,6,75%,FAST,20,0.7222222222222222,13,0.28888888888888886
JxPath,19,6,75%,Ekstazi+dpt,20,0.0,NA,NA
JxPath,19,6,75%,DPT,20,0.0,NA,NA
JxPath,19,6,75%,STARTS,20,0.6777777777777778,15,0.3333333333333333
JxPath,19,6,75%,STARTS+FAST-S,20,0.5888888888888888,19,0.4222222222222222
JxPath,19,6,75%,STARTS+FAST-P,20,0.611111111111111,18,0.4
JxPath,19,6,75%,STARTS+DPT,20,0.0,NA,NA
JxPath,19,6,75%,Fastazi-S,20,0.7222222222222222,13,0.28888888888888886
JxPath,19,6,75%,Fastazi-P,20,0.7666666666666666,11,0.24444444444444444
JxPath,19,6,75%,Random,20,0.9666666666666667,2,0.044444444444444446
JxPath,19,6,80%,Ekstazi,21,0.6333333333333333,17,0.37777777777777777
JxPath,19,6,80%,FAST,21,0.7222222222222222,13,0.28888888888888886
JxPath,19,6,80%,Ekstazi+dpt,21,0.0,NA,NA
JxPath,19,6,80%,DPT,21,0.0,NA,NA
JxPath,19,6,80%,STARTS,21,0.6777777777777778,15,0.3333333333333333
JxPath,19,6,80%,STARTS+FAST-S,21,0.5888888888888888,19,0.4222222222222222
JxPath,19,6,80%,STARTS+FAST-P,21,0.611111111111111,18,0.4
JxPath,19,6,80%,STARTS+DPT,21,0.0,NA,NA
JxPath,19,6,80%,Fastazi-S,21,0.7222222222222222,13,0.28888888888888886
JxPath,19,6,80%,Fastazi-P,21,0.7666666666666666,11,0.24444444444444444
JxPath,19,6,80%,Random,21,0.9666666666666667,2,0.044444444444444446
JxPath,19,6,90%,Ekstazi,24,0.6333333333333333,17,0.37777777777777777
JxPath,19,6,90%,FAST,24,0.7222222222222222,13,0.28888888888888886
JxPath,19,6,90%,Ekstazi+dpt,24,0.5222222222222221,22,0.4888888888888889
JxPath,19,6,90%,DPT,24,0.5,23,0.5111111111111111
JxPath,19,6,90%,STARTS,24,0.6777777777777778,15,0.3333333333333333
JxPath,19,6,90%,STARTS+FAST-S,24,0.5888888888888888,19,0.4222222222222222
JxPath,19,6,90%,STARTS+FAST-P,24,0.611111111111111,18,0.4
JxPath,19,6,90%,STARTS+DPT,24,0.5222222222222221,22,0.4888888888888889
JxPath,19,6,90%,Fastazi-S,24,0.7222222222222222,13,0.28888888888888886
JxPath,19,6,90%,Fastazi-P,24,0.7666666666666666,11,0.24444444444444444
JxPath,19,6,90%,Random,24,0.9666666666666667,2,0.044444444444444446
JxPath,19,6,100%,Ekstazi,27,0.6333333333333333,17,0.37777777777777777
JxPath,19,6,100%,FAST,27,0.7222222222222222,13,0.28888888888888886
JxPath,19,6,100%,Ekstazi+dpt,27,0.5222222222222221,22,0.4888888888888889
JxPath,19,6,100%,DPT,27,0.5,23,0.5111111111111111
JxPath,19,6,100%,STARTS,27,0.6777777777777778,15,0.3333333333333333
JxPath,19,6,100%,STARTS+FAST-S,27,0.5888888888888888,19,0.4222222222222222
JxPath,19,6,100%,STARTS+FAST-P,27,0.611111111111111,18,0.4
JxPath,19,6,100%,STARTS+DPT,27,0.5222222222222221,22,0.4888888888888889
JxPath,19,6,100%,Fastazi-S,27,0.7222222222222222,13,0.28888888888888886
JxPath,19,6,100%,Fastazi-P,27,0.7666666666666666,11,0.24444444444444444
JxPath,19,6,100%,Random,27,0.9666666666666667,2,0.044444444444444446
JxPath,19,7,10%,Ekstazi,2,0.0,NA,NA
JxPath,19,7,10%,FAST,2,0.0,NA,NA
JxPath,19,7,10%,Ekstazi+dpt,2,0.0,NA,NA
JxPath,19,7,10%,DPT,2,0.0,NA,NA
JxPath,19,7,10%,STARTS,2,0.0,NA,NA
JxPath,19,7,10%,STARTS+FAST-S,2,0.0,NA,NA
JxPath,19,7,10%,STARTS+FAST-P,2,0.0,NA,NA
JxPath,19,7,10%,STARTS+DPT,2,0.0,NA,NA
JxPath,19,7,10%,Fastazi-S,2,0.0,NA,NA
JxPath,19,7,10%,Fastazi-P,2,0.0,NA,NA
JxPath,19,7,10%,Random,2,0.0,NA,NA
JxPath,19,7,20%,Ekstazi,5,0.0,NA,NA
JxPath,19,7,20%,FAST,5,0.0,NA,NA
JxPath,19,7,20%,Ekstazi+dpt,5,0.0,NA,NA
JxPath,19,7,20%,DPT,5,0.0,NA,NA
JxPath,19,7,20%,STARTS,5,0.0,NA,NA
JxPath,19,7,20%,STARTS+FAST-S,5,0.0,NA,NA
JxPath,19,7,20%,STARTS+FAST-P,5,0.0,NA,NA
JxPath,19,7,20%,STARTS+DPT,5,0.0,NA,NA
JxPath,19,7,20%,Fastazi-S,5,0.0,NA,NA
JxPath,19,7,20%,Fastazi-P,5,0.0,NA,NA
JxPath,19,7,20%,Random,5,0.0,NA,NA
JxPath,19,7,25%,Ekstazi,6,0.0,NA,NA
JxPath,19,7,25%,FAST,6,0.0,NA,NA
JxPath,19,7,25%,Ekstazi+dpt,6,0.0,NA,NA
JxPath,19,7,25%,DPT,6,0.0,NA,NA
JxPath,19,7,25%,STARTS,6,0.0,NA,NA
JxPath,19,7,25%,STARTS+FAST-S,6,0.0,NA,NA
JxPath,19,7,25%,STARTS+FAST-P,6,0.0,NA,NA
JxPath,19,7,25%,STARTS+DPT,6,0.0,NA,NA
JxPath,19,7,25%,Fastazi-S,6,0.0,NA,NA
JxPath,19,7,25%,Fastazi-P,6,0.0,NA,NA
JxPath,19,7,25%,Random,6,0.0,NA,NA
JxPath,19,7,30%,Ekstazi,8,0.0,NA,NA
JxPath,19,7,30%,FAST,8,0.0,NA,NA
JxPath,19,7,30%,Ekstazi+dpt,8,0.0,NA,NA
JxPath,19,7,30%,DPT,8,0.0,NA,NA
JxPath,19,7,30%,STARTS,8,0.0,NA,NA
JxPath,19,7,30%,STARTS+FAST-S,8,0.0,NA,NA
JxPath,19,7,30%,STARTS+FAST-P,8,0.0,NA,NA
JxPath,19,7,30%,STARTS+DPT,8,0.0,NA,NA
JxPath,19,7,30%,Fastazi-S,8,0.0,NA,NA
JxPath,19,7,30%,Fastazi-P,8,0.0,NA,NA
JxPath,19,7,30%,Random,8,0.0,NA,NA
JxPath,19,7,40%,Ekstazi,10,0.7888888888888889,10,0.2222222222222222
JxPath,19,7,40%,FAST,10,0.0,NA,NA
JxPath,19,7,40%,Ekstazi+dpt,10,0.0,NA,NA
JxPath,19,7,40%,DPT,10,0.0,NA,NA
JxPath,19,7,40%,STARTS,10,0.0,NA,NA
JxPath,19,7,40%,STARTS+FAST-S,10,0.0,NA,NA
JxPath,19,7,40%,STARTS+FAST-P,10,0.0,NA,NA
JxPath,19,7,40%,STARTS+DPT,10,0.0,NA,NA
JxPath,19,7,40%,Fastazi-S,10,0.0,NA,NA
JxPath,19,7,40%,Fastazi-P,10,0.7888888888888889,10,0.2222222222222222
JxPath,19,7,40%,Random,10,0.7888888888888889,10,0.2222222222222222
JxPath,19,7,50%,Ekstazi,13,0.7888888888888889,10,0.2222222222222222
JxPath,19,7,50%,FAST,13,0.7444444444444445,12,0.26666666666666666
JxPath,19,7,50%,Ekstazi+dpt,13,0.0,NA,NA
JxPath,19,7,50%,DPT,13,0.0,NA,NA
JxPath,19,7,50%,STARTS,13,0.0,NA,NA
JxPath,19,7,50%,STARTS+FAST-S,13,0.0,NA,NA
JxPath,19,7,50%,STARTS+FAST-P,13,0.0,NA,NA
JxPath,19,7,50%,STARTS+DPT,13,0.0,NA,NA
JxPath,19,7,50%,Fastazi-S,13,0.7222222222222222,13,0.28888888888888886
JxPath,19,7,50%,Fastazi-P,13,0.7888888888888889,10,0.2222222222222222
JxPath,19,7,50%,Random,13,0.7888888888888889,10,0.2222222222222222
JxPath,19,7,60%,Ekstazi,16,0.7888888888888889,10,0.2222222222222222
JxPath,19,7,60%,FAST,16,0.7444444444444445,12,0.26666666666666666
JxPath,19,7,60%,Ekstazi+dpt,16,0.0,NA,NA
JxPath,19,7,60%,DPT,16,0.0,NA,NA
JxPath,19,7,60%,STARTS,16,0.0,NA,NA
JxPath,19,7,60%,STARTS+FAST-S,16,0.0,NA,NA
JxPath,19,7,60%,STARTS+FAST-P,16,0.0,NA,NA
JxPath,19,7,60%,STARTS+DPT,16,0.0,NA,NA
JxPath,19,7,60%,Fastazi-S,16,0.7222222222222222,13,0.28888888888888886
JxPath,19,7,60%,Fastazi-P,16,0.7888888888888889,10,0.2222222222222222
JxPath,19,7,60%,Random,16,0.7888888888888889,10,0.2222222222222222
JxPath,19,7,70%,Ekstazi,18,0.7888888888888889,10,0.2222222222222222
JxPath,19,7,70%,FAST,18,0.7444444444444445,12,0.26666666666666666
JxPath,19,7,70%,Ekstazi+dpt,18,0.0,NA,NA
JxPath,19,7,70%,DPT,18,0.0,NA,NA
JxPath,19,7,70%,STARTS,18,0.0,NA,NA
JxPath,19,7,70%,STARTS+FAST-S,18,0.611111111111111,18,0.4
JxPath,19,7,70%,STARTS+FAST-P,18,0.611111111111111,18,0.4
JxPath,19,7,70%,STARTS+DPT,18,0.0,NA,NA
JxPath,19,7,70%,Fastazi-S,18,0.7222222222222222,13,0.28888888888888886
JxPath,19,7,70%,Fastazi-P,18,0.7888888888888889,10,0.2222222222222222
JxPath,19,7,70%,Random,18,0.7888888888888889,10,0.2222222222222222
JxPath,19,7,75%,Ekstazi,20,0.7888888888888889,10,0.2222222222222222
JxPath,19,7,75%,FAST,20,0.7444444444444445,12,0.26666666666666666
JxPath,19,7,75%,Ekstazi+dpt,20,0.0,NA,NA
JxPath,19,7,75%,DPT,20,0.0,NA,NA
JxPath,19,7,75%,STARTS,20,0.0,NA,NA
JxPath,19,7,75%,STARTS+FAST-S,20,0.611111111111111,18,0.4
JxPath,19,7,75%,STARTS+FAST-P,20,0.611111111111111,18,0.4
JxPath,19,7,75%,STARTS+DPT,20,0.0,NA,NA
JxPath,19,7,75%,Fastazi-S,20,0.7222222222222222,13,0.28888888888888886
JxPath,19,7,75%,Fastazi-P,20,0.7888888888888889,10,0.2222222222222222
JxPath,19,7,75%,Random,20,0.7888888888888889,10,0.2222222222222222
JxPath,19,7,80%,Ekstazi,21,0.7888888888888889,10,0.2222222222222222
JxPath,19,7,80%,FAST,21,0.7444444444444445,12,0.26666666666666666
JxPath,19,7,80%,Ekstazi+dpt,21,0.0,NA,NA
JxPath,19,7,80%,DPT,21,0.0,NA,NA
JxPath,19,7,80%,STARTS,21,0.0,NA,NA
JxPath,19,7,80%,STARTS+FAST-S,21,0.611111111111111,18,0.4
JxPath,19,7,80%,STARTS+FAST-P,21,0.611111111111111,18,0.4
JxPath,19,7,80%,STARTS+DPT,21,0.0,NA,NA
JxPath,19,7,80%,Fastazi-S,21,0.7222222222222222,13,0.28888888888888886
JxPath,19,7,80%,Fastazi-P,21,0.7888888888888889,10,0.2222222222222222
JxPath,19,7,80%,Random,21,0.7888888888888889,10,0.2222222222222222
JxPath,19,7,90%,Ekstazi,24,0.7888888888888889,10,0.2222222222222222
JxPath,19,7,90%,FAST,24,0.7444444444444445,12,0.26666666666666666
JxPath,19,7,90%,Ekstazi+dpt,24,0.5,23,0.5111111111111111
JxPath,19,7,90%,DPT,24,0.5,23,0.5111111111111111
JxPath,19,7,90%,STARTS,24,0.0,NA,NA
JxPath,19,7,90%,STARTS+FAST-S,24,0.611111111111111,18,0.4
JxPath,19,7,90%,STARTS+FAST-P,24,0.611111111111111,18,0.4
JxPath,19,7,90%,STARTS+DPT,24,0.5,23,0.5111111111111111
JxPath,19,7,90%,Fastazi-S,24,0.7222222222222222,13,0.28888888888888886
JxPath,19,7,90%,Fastazi-P,24,0.7888888888888889,10,0.2222222222222222
JxPath,19,7,90%,Random,24,0.7888888888888889,10,0.2222222222222222
JxPath,19,7,100%,Ekstazi,27,0.7888888888888889,10,0.2222222222222222
JxPath,19,7,100%,FAST,27,0.7444444444444445,12,0.26666666666666666
JxPath,19,7,100%,Ekstazi+dpt,27,0.5,23,0.5111111111111111
JxPath,19,7,100%,DPT,27,0.5,23,0.5111111111111111
JxPath,19,7,100%,STARTS,27,0.45555555555555555,25,0.5555555555555556
JxPath,19,7,100%,STARTS+FAST-S,27,0.611111111111111,18,0.4
JxPath,19,7,100%,STARTS+FAST-P,27,0.611111111111111,18,0.4
JxPath,19,7,100%,STARTS+DPT,27,0.5,23,0.5111111111111111
JxPath,19,7,100%,Fastazi-S,27,0.7222222222222222,13,0.28888888888888886
JxPath,19,7,100%,Fastazi-P,27,0.7888888888888889,10,0.2222222222222222
JxPath,19,7,100%,Random,27,0.7888888888888889,10,0.2222222222222222
JxPath,19,8,10%,Ekstazi,2,0.0,NA,NA
JxPath,19,8,10%,FAST,2,0.0,NA,NA
JxPath,19,8,10%,Ekstazi+dpt,2,0.0,NA,NA
JxPath,19,8,10%,DPT,2,0.0,NA,NA
JxPath,19,8,10%,STARTS,2,0.0,NA,NA
JxPath,19,8,10%,STARTS+FAST-S,2,0.0,NA,NA
JxPath,19,8,10%,STARTS+FAST-P,2,0.0,NA,NA
JxPath,19,8,10%,STARTS+DPT,2,0.0,NA,NA
JxPath,19,8,10%,Fastazi-S,2,0.0,NA,NA
JxPath,19,8,10%,Fastazi-P,2,0.0,NA,NA
JxPath,19,8,10%,Random,2,0.0,NA,NA
JxPath,19,8,20%,Ekstazi,5,0.0,NA,NA
JxPath,19,8,20%,FAST,5,0.0,NA,NA
JxPath,19,8,20%,Ekstazi+dpt,5,0.0,NA,NA
JxPath,19,8,20%,DPT,5,0.0,NA,NA
JxPath,19,8,20%,STARTS,5,0.0,NA,NA
JxPath,19,8,20%,STARTS+FAST-S,5,0.0,NA,NA
JxPath,19,8,20%,STARTS+FAST-P,5,0.0,NA,NA
JxPath,19,8,20%,STARTS+DPT,5,0.0,NA,NA
JxPath,19,8,20%,Fastazi-S,5,0.0,NA,NA
JxPath,19,8,20%,Fastazi-P,5,0.0,NA,NA
JxPath,19,8,20%,Random,5,0.0,NA,NA
JxPath,19,8,25%,Ekstazi,6,0.0,NA,NA
JxPath,19,8,25%,FAST,6,0.0,NA,NA
JxPath,19,8,25%,Ekstazi+dpt,6,0.0,NA,NA
JxPath,19,8,25%,DPT,6,0.0,NA,NA
JxPath,19,8,25%,STARTS,6,0.0,NA,NA
JxPath,19,8,25%,STARTS+FAST-S,6,0.0,NA,NA
JxPath,19,8,25%,STARTS+FAST-P,6,0.0,NA,NA
JxPath,19,8,25%,STARTS+DPT,6,0.0,NA,NA
JxPath,19,8,25%,Fastazi-S,6,0.0,NA,NA
JxPath,19,8,25%,Fastazi-P,6,0.0,NA,NA
JxPath,19,8,25%,Random,6,0.0,NA,NA
JxPath,19,8,30%,Ekstazi,8,0.0,NA,NA
JxPath,19,8,30%,FAST,8,0.0,NA,NA
JxPath,19,8,30%,Ekstazi+dpt,8,0.0,NA,NA
JxPath,19,8,30%,DPT,8,0.0,NA,NA
JxPath,19,8,30%,STARTS,8,0.0,NA,NA
JxPath,19,8,30%,STARTS+FAST-S,8,0.0,NA,NA
JxPath,19,8,30%,STARTS+FAST-P,8,0.0,NA,NA
JxPath,19,8,30%,STARTS+DPT,8,0.0,NA,NA
JxPath,19,8,30%,Fastazi-S,8,0.0,NA,NA
JxPath,19,8,30%,Fastazi-P,8,0.0,NA,NA
JxPath,19,8,30%,Random,8,0.0,NA,NA
JxPath,19,8,40%,Ekstazi,10,0.0,NA,NA
JxPath,19,8,40%,FAST,10,0.0,NA,NA
JxPath,19,8,40%,Ekstazi+dpt,10,0.0,NA,NA
JxPath,19,8,40%,DPT,10,0.0,NA,NA
JxPath,19,8,40%,STARTS,10,0.0,NA,NA
JxPath,19,8,40%,STARTS+FAST-S,10,0.0,NA,NA
JxPath,19,8,40%,STARTS+FAST-P,10,0.0,NA,NA
JxPath,19,8,40%,STARTS+DPT,10,0.0,NA,NA
JxPath,19,8,40%,Fastazi-S,10,0.0,NA,NA
JxPath,19,8,40%,Fastazi-P,10,0.0,NA,NA
JxPath,19,8,40%,Random,10,0.0,NA,NA
JxPath,19,8,50%,Ekstazi,13,0.0,NA,NA
JxPath,19,8,50%,FAST,13,0.0,NA,NA
JxPath,19,8,50%,Ekstazi+dpt,13,0.0,NA,NA
JxPath,19,8,50%,DPT,13,0.0,NA,NA
JxPath,19,8,50%,STARTS,13,0.0,NA,NA
JxPath,19,8,50%,STARTS+FAST-S,13,0.0,NA,NA
JxPath,19,8,50%,STARTS+FAST-P,13,0.0,NA,NA
JxPath,19,8,50%,STARTS+DPT,13,0.0,NA,NA
JxPath,19,8,50%,Fastazi-S,13,0.7444444444444445,12,0.26666666666666666
JxPath,19,8,50%,Fastazi-P,13,0.7444444444444445,12,0.26666666666666666
JxPath,19,8,50%,Random,13,0.0,NA,NA
JxPath,19,8,60%,Ekstazi,16,0.0,NA,NA
JxPath,19,8,60%,FAST,16,0.7,14,0.3111111111111111
JxPath,19,8,60%,Ekstazi+dpt,16,0.0,NA,NA
JxPath,19,8,60%,DPT,16,0.0,NA,NA
JxPath,19,8,60%,STARTS,16,0.0,NA,NA
JxPath,19,8,60%,STARTS+FAST-S,16,0.0,NA,NA
JxPath,19,8,60%,STARTS+FAST-P,16,0.0,NA,NA
JxPath,19,8,60%,STARTS+DPT,16,0.0,NA,NA
JxPath,19,8,60%,Fastazi-S,16,0.7444444444444445,12,0.26666666666666666
JxPath,19,8,60%,Fastazi-P,16,0.7444444444444445,12,0.26666666666666666
JxPath,19,8,60%,Random,16,0.0,NA,NA
JxPath,19,8,70%,Ekstazi,18,0.0,NA,NA
JxPath,19,8,70%,FAST,18,0.7,14,0.3111111111111111
JxPath,19,8,70%,Ekstazi+dpt,18,0.0,NA,NA
JxPath,19,8,70%,DPT,18,0.0,NA,NA
JxPath,19,8,70%,STARTS,18,0.6333333333333333,17,0.37777777777777777
JxPath,19,8,70%,STARTS+FAST-S,18,0.0,NA,NA
JxPath,19,8,70%,STARTS+FAST-P,18,0.0,NA,NA
JxPath,19,8,70%,STARTS+DPT,18,0.0,NA,NA
JxPath,19,8,70%,Fastazi-S,18,0.7444444444444445,12,0.26666666666666666
JxPath,19,8,70%,Fastazi-P,18,0.7444444444444445,12,0.26666666666666666
JxPath,19,8,70%,Random,18,0.0,NA,NA
JxPath,19,8,75%,Ekstazi,20,0.0,NA,NA
JxPath,19,8,75%,FAST,20,0.7,14,0.3111111111111111
JxPath,19,8,75%,Ekstazi+dpt,20,0.0,NA,NA
JxPath,19,8,75%,DPT,20,0.0,NA,NA
JxPath,19,8,75%,STARTS,20,0.6333333333333333,17,0.37777777777777777
JxPath,19,8,75%,STARTS+FAST-S,20,0.5888888888888888,19,0.4222222222222222
JxPath,19,8,75%,STARTS+FAST-P,20,0.5888888888888888,19,0.4222222222222222
JxPath,19,8,75%,STARTS+DPT,20,0.0,NA,NA
JxPath,19,8,75%,Fastazi-S,20,0.7444444444444445,12,0.26666666666666666
JxPath,19,8,75%,Fastazi-P,20,0.7444444444444445,12,0.26666666666666666
JxPath,19,8,75%,Random,20,0.0,NA,NA
JxPath,19,8,80%,Ekstazi,21,0.0,NA,NA
JxPath,19,8,80%,FAST,21,0.7,14,0.3111111111111111
JxPath,19,8,80%,Ekstazi+dpt,21,0.0,NA,NA
JxPath,19,8,80%,DPT,21,0.0,NA,NA
JxPath,19,8,80%,STARTS,21,0.6333333333333333,17,0.37777777777777777
JxPath,19,8,80%,STARTS+FAST-S,21,0.5888888888888888,19,0.4222222222222222
JxPath,19,8,80%,STARTS+FAST-P,21,0.5888888888888888,19,0.4222222222222222
JxPath,19,8,80%,STARTS+DPT,21,0.0,NA,NA
JxPath,19,8,80%,Fastazi-S,21,0.7444444444444445,12,0.26666666666666666
JxPath,19,8,80%,Fastazi-P,21,0.7444444444444445,12,0.26666666666666666
JxPath,19,8,80%,Random,21,0.0,NA,NA
JxPath,19,8,90%,Ekstazi,24,0.0,NA,NA
JxPath,19,8,90%,FAST,24,0.7,14,0.3111111111111111
JxPath,19,8,90%,Ekstazi+dpt,24,0.5222222222222221,22,0.4888888888888889
JxPath,19,8,90%,DPT,24,0.5,23,0.5111111111111111
JxPath,19,8,90%,STARTS,24,0.6333333333333333,17,0.37777777777777777
JxPath,19,8,90%,STARTS+FAST-S,24,0.5888888888888888,19,0.4222222222222222
JxPath,19,8,90%,STARTS+FAST-P,24,0.5888888888888888,19,0.4222222222222222
JxPath,19,8,90%,STARTS+DPT,24,0.5,23,0.5111111111111111
JxPath,19,8,90%,Fastazi-S,24,0.7444444444444445,12,0.26666666666666666
JxPath,19,8,90%,Fastazi-P,24,0.7444444444444445,12,0.26666666666666666
JxPath,19,8,90%,Random,24,0.0,NA,NA
JxPath,19,8,100%,Ekstazi,27,0.4333333333333334,26,0.5777777777777777
JxPath,19,8,100%,FAST,27,0.7,14,0.3111111111111111
JxPath,19,8,100%,Ekstazi+dpt,27,0.5222222222222221,22,0.4888888888888889
JxPath,19,8,100%,DPT,27,0.5,23,0.5111111111111111
JxPath,19,8,100%,STARTS,27,0.6333333333333333,17,0.37777777777777777
JxPath,19,8,100%,STARTS+FAST-S,27,0.5888888888888888,19,0.4222222222222222
JxPath,19,8,100%,STARTS+FAST-P,27,0.5888888888888888,19,0.4222222222222222
JxPath,19,8,100%,STARTS+DPT,27,0.5,23,0.5111111111111111
JxPath,19,8,100%,Fastazi-S,27,0.7444444444444445,12,0.26666666666666666
JxPath,19,8,100%,Fastazi-P,27,0.7444444444444445,12,0.26666666666666666
JxPath,19,8,100%,Random,27,0.0,NA,NA
JxPath,19,9,10%,Ekstazi,2,0.0,NA,NA
JxPath,19,9,10%,FAST,2,0.0,NA,NA
JxPath,19,9,10%,Ekstazi+dpt,2,0.0,NA,NA
JxPath,19,9,10%,DPT,2,0.0,NA,NA
JxPath,19,9,10%,STARTS,2,0.0,NA,NA
JxPath,19,9,10%,STARTS+FAST-S,2,0.0,NA,NA
JxPath,19,9,10%,STARTS+FAST-P,2,0.0,NA,NA
JxPath,19,9,10%,STARTS+DPT,2,0.0,NA,NA
JxPath,19,9,10%,Fastazi-S,2,0.0,NA,NA
JxPath,19,9,10%,Fastazi-P,2,0.0,NA,NA
JxPath,19,9,10%,Random,2,0.0,NA,NA
JxPath,19,9,20%,Ekstazi,5,0.0,NA,NA
JxPath,19,9,20%,FAST,5,0.0,NA,NA
JxPath,19,9,20%,Ekstazi+dpt,5,0.0,NA,NA
JxPath,19,9,20%,DPT,5,0.0,NA,NA
JxPath,19,9,20%,STARTS,5,0.0,NA,NA
JxPath,19,9,20%,STARTS+FAST-S,5,0.0,NA,NA
JxPath,19,9,20%,STARTS+FAST-P,5,0.0,NA,NA
JxPath,19,9,20%,STARTS+DPT,5,0.0,NA,NA
JxPath,19,9,20%,Fastazi-S,5,0.0,NA,NA
JxPath,19,9,20%,Fastazi-P,5,0.0,NA,NA
JxPath,19,9,20%,Random,5,0.0,NA,NA
JxPath,19,9,25%,Ekstazi,6,0.0,NA,NA
JxPath,19,9,25%,FAST,6,0.0,NA,NA
JxPath,19,9,25%,Ekstazi+dpt,6,0.0,NA,NA
JxPath,19,9,25%,DPT,6,0.0,NA,NA
JxPath,19,9,25%,STARTS,6,0.0,NA,NA
JxPath,19,9,25%,STARTS+FAST-S,6,0.0,NA,NA
JxPath,19,9,25%,STARTS+FAST-P,6,0.0,NA,NA
JxPath,19,9,25%,STARTS+DPT,6,0.0,NA,NA
JxPath,19,9,25%,Fastazi-S,6,0.0,NA,NA
JxPath,19,9,25%,Fastazi-P,6,0.0,NA,NA
JxPath,19,9,25%,Random,6,0.0,NA,NA
JxPath,19,9,30%,Ekstazi,8,0.0,NA,NA
JxPath,19,9,30%,FAST,8,0.0,NA,NA
JxPath,19,9,30%,Ekstazi+dpt,8,0.0,NA,NA
JxPath,19,9,30%,DPT,8,0.0,NA,NA
JxPath,19,9,30%,STARTS,8,0.0,NA,NA
JxPath,19,9,30%,STARTS+FAST-S,8,0.0,NA,NA
JxPath,19,9,30%,STARTS+FAST-P,8,0.0,NA,NA
JxPath,19,9,30%,STARTS+DPT,8,0.0,NA,NA
JxPath,19,9,30%,Fastazi-S,8,0.0,NA,NA
JxPath,19,9,30%,Fastazi-P,8,0.0,NA,NA
JxPath,19,9,30%,Random,8,0.0,NA,NA
JxPath,19,9,40%,Ekstazi,10,0.0,NA,NA
JxPath,19,9,40%,FAST,10,0.0,NA,NA
JxPath,19,9,40%,Ekstazi+dpt,10,0.0,NA,NA
JxPath,19,9,40%,DPT,10,0.0,NA,NA
JxPath,19,9,40%,STARTS,10,0.0,NA,NA
JxPath,19,9,40%,STARTS+FAST-S,10,0.0,NA,NA
JxPath,19,9,40%,STARTS+FAST-P,10,0.0,NA,NA
JxPath,19,9,40%,STARTS+DPT,10,0.0,NA,NA
JxPath,19,9,40%,Fastazi-S,10,0.8111111111111111,9,0.2
JxPath,19,9,40%,Fastazi-P,10,0.0,NA,NA
JxPath,19,9,40%,Random,10,0.0,NA,NA
JxPath,19,9,50%,Ekstazi,13,0.0,NA,NA
JxPath,19,9,50%,FAST,13,0.0,NA,NA
JxPath,19,9,50%,Ekstazi+dpt,13,0.0,NA,NA
JxPath,19,9,50%,DPT,13,0.0,NA,NA
JxPath,19,9,50%,STARTS,13,0.0,NA,NA
JxPath,19,9,50%,STARTS+FAST-S,13,0.0,NA,NA
JxPath,19,9,50%,STARTS+FAST-P,13,0.0,NA,NA
JxPath,19,9,50%,STARTS+DPT,13,0.0,NA,NA
JxPath,19,9,50%,Fastazi-S,13,0.8111111111111111,9,0.2
JxPath,19,9,50%,Fastazi-P,13,0.7444444444444445,12,0.26666666666666666
JxPath,19,9,50%,Random,13,0.0,NA,NA
JxPath,19,9,60%,Ekstazi,16,0.0,NA,NA
JxPath,19,9,60%,FAST,16,0.7,14,0.3111111111111111
JxPath,19,9,60%,Ekstazi+dpt,16,0.0,NA,NA
JxPath,19,9,60%,DPT,16,0.0,NA,NA
JxPath,19,9,60%,STARTS,16,0.0,NA,NA
JxPath,19,9,60%,STARTS+FAST-S,16,0.0,NA,NA
JxPath,19,9,60%,STARTS+FAST-P,16,0.0,NA,NA
JxPath,19,9,60%,STARTS+DPT,16,0.0,NA,NA
JxPath,19,9,60%,Fastazi-S,16,0.8111111111111111,9,0.2
JxPath,19,9,60%,Fastazi-P,16,0.7444444444444445,12,0.26666666666666666
JxPath,19,9,60%,Random,16,0.0,NA,NA
JxPath,19,9,70%,Ekstazi,18,0.0,NA,NA
JxPath,19,9,70%,FAST,18,0.7,14,0.3111111111111111
JxPath,19,9,70%,Ekstazi+dpt,18,0.0,NA,NA
JxPath,19,9,70%,DPT,18,0.0,NA,NA
JxPath,19,9,70%,STARTS,18,0.0,NA,NA
JxPath,19,9,70%,STARTS+FAST-S,18,0.0,NA,NA
JxPath,19,9,70%,STARTS+FAST-P,18,0.611111111111111,18,0.4
JxPath,19,9,70%,STARTS+DPT,18,0.0,NA,NA
JxPath,19,9,70%,Fastazi-S,18,0.8111111111111111,9,0.2
JxPath,19,9,70%,Fastazi-P,18,0.7444444444444445,12,0.26666666666666666
JxPath,19,9,70%,Random,18,0.6333333333333333,17,0.37777777777777777
JxPath,19,9,75%,Ekstazi,20,0.5888888888888888,19,0.4222222222222222
JxPath,19,9,75%,FAST,20,0.7,14,0.3111111111111111
JxPath,19,9,75%,Ekstazi+dpt,20,0.0,NA,NA
JxPath,19,9,75%,DPT,20,0.0,NA,NA
JxPath,19,9,75%,STARTS,20,0.0,NA,NA
JxPath,19,9,75%,STARTS+FAST-S,20,0.5888888888888888,19,0.4222222222222222
JxPath,19,9,75%,STARTS+FAST-P,20,0.611111111111111,18,0.4
JxPath,19,9,75%,STARTS+DPT,20,0.0,NA,NA
JxPath,19,9,75%,Fastazi-S,20,0.8111111111111111,9,0.2
JxPath,19,9,75%,Fastazi-P,20,0.7444444444444445,12,0.26666666666666666
JxPath,19,9,75%,Random,20,0.6333333333333333,17,0.37777777777777777
JxPath,19,9,80%,Ekstazi,21,0.5888888888888888,19,0.4222222222222222
JxPath,19,9,80%,FAST,21,0.7,14,0.3111111111111111
JxPath,19,9,80%,Ekstazi+dpt,21,0.0,NA,NA
JxPath,19,9,80%,DPT,21,0.0,NA,NA
JxPath,19,9,80%,STARTS,21,0.0,NA,NA
JxPath,19,9,80%,STARTS+FAST-S,21,0.5888888888888888,19,0.4222222222222222
JxPath,19,9,80%,STARTS+FAST-P,21,0.611111111111111,18,0.4
JxPath,19,9,80%,STARTS+DPT,21,0.0,NA,NA
JxPath,19,9,80%,Fastazi-S,21,0.8111111111111111,9,0.2
JxPath,19,9,80%,Fastazi-P,21,0.7444444444444445,12,0.26666666666666666
JxPath,19,9,80%,Random,21,0.6333333333333333,17,0.37777777777777777
JxPath,19,9,90%,Ekstazi,24,0.5888888888888888,19,0.4222222222222222
JxPath,19,9,90%,FAST,24,0.7,14,0.3111111111111111
JxPath,19,9,90%,Ekstazi+dpt,24,0.5,23,0.5111111111111111
JxPath,19,9,90%,DPT,24,0.5,23,0.5111111111111111
JxPath,19,9,90%,STARTS,24,0.5222222222222221,22,0.4888888888888889
JxPath,19,9,90%,STARTS+FAST-S,24,0.5888888888888888,19,0.4222222222222222
JxPath,19,9,90%,STARTS+FAST-P,24,0.611111111111111,18,0.4
JxPath,19,9,90%,STARTS+DPT,24,0.5,23,0.5111111111111111
JxPath,19,9,90%,Fastazi-S,24,0.8111111111111111,9,0.2
JxPath,19,9,90%,Fastazi-P,24,0.7444444444444445,12,0.26666666666666666
JxPath,19,9,90%,Random,24,0.6333333333333333,17,0.37777777777777777
JxPath,19,9,100%,Ekstazi,27,0.5888888888888888,19,0.4222222222222222
JxPath,19,9,100%,FAST,27,0.7,14,0.3111111111111111
JxPath,19,9,100%,Ekstazi+dpt,27,0.5,23,0.5111111111111111
JxPath,19,9,100%,DPT,27,0.5,23,0.5111111111111111
JxPath,19,9,100%,STARTS,27,0.5222222222222221,22,0.4888888888888889
JxPath,19,9,100%,STARTS+FAST-S,27,0.5888888888888888,19,0.4222222222222222
JxPath,19,9,100%,STARTS+FAST-P,27,0.611111111111111,18,0.4
JxPath,19,9,100%,STARTS+DPT,27,0.5,23,0.5111111111111111
JxPath,19,9,100%,Fastazi-S,27,0.8111111111111111,9,0.2
JxPath,19,9,100%,Fastazi-P,27,0.7444444444444445,12,0.26666666666666666
JxPath,19,9,100%,Random,27,0.6333333333333333,17,0.37777777777777777
JxPath,19,10,10%,Ekstazi,2,0.0,NA,NA
JxPath,19,10,10%,FAST,2,0.0,NA,NA
JxPath,19,10,10%,Ekstazi+dpt,2,0.0,NA,NA
JxPath,19,10,10%,DPT,2,0.0,NA,NA
JxPath,19,10,10%,STARTS,2,0.0,NA,NA
JxPath,19,10,10%,STARTS+FAST-S,2,0.0,NA,NA
JxPath,19,10,10%,STARTS+FAST-P,2,0.0,NA,NA
JxPath,19,10,10%,STARTS+DPT,2,0.0,NA,NA
JxPath,19,10,10%,Fastazi-S,2,0.0,NA,NA
JxPath,19,10,10%,Fastazi-P,2,0.0,NA,NA
JxPath,19,10,10%,Random,2,0.0,NA,NA
JxPath,19,10,20%,Ekstazi,5,0.0,NA,NA
JxPath,19,10,20%,FAST,5,0.0,NA,NA
JxPath,19,10,20%,Ekstazi+dpt,5,0.0,NA,NA
JxPath,19,10,20%,DPT,5,0.0,NA,NA
JxPath,19,10,20%,STARTS,5,0.0,NA,NA
JxPath,19,10,20%,STARTS+FAST-S,5,0.0,NA,NA
JxPath,19,10,20%,STARTS+FAST-P,5,0.0,NA,NA
JxPath,19,10,20%,STARTS+DPT,5,0.0,NA,NA
JxPath,19,10,20%,Fastazi-S,5,0.0,NA,NA
JxPath,19,10,20%,Fastazi-P,5,0.0,NA,NA
JxPath,19,10,20%,Random,5,0.0,NA,NA
JxPath,19,10,25%,Ekstazi,6,0.0,NA,NA
JxPath,19,10,25%,FAST,6,0.0,NA,NA
JxPath,19,10,25%,Ekstazi+dpt,6,0.0,NA,NA
JxPath,19,10,25%,DPT,6,0.0,NA,NA
JxPath,19,10,25%,STARTS,6,0.0,NA,NA
JxPath,19,10,25%,STARTS+FAST-S,6,0.0,NA,NA
JxPath,19,10,25%,STARTS+FAST-P,6,0.0,NA,NA
JxPath,19,10,25%,STARTS+DPT,6,0.0,NA,NA
JxPath,19,10,25%,Fastazi-S,6,0.0,NA,NA
JxPath,19,10,25%,Fastazi-P,6,0.0,NA,NA
JxPath,19,10,25%,Random,6,0.0,NA,NA
JxPath,19,10,30%,Ekstazi,8,0.0,NA,NA
JxPath,19,10,30%,FAST,8,0.0,NA,NA
JxPath,19,10,30%,Ekstazi+dpt,8,0.0,NA,NA
JxPath,19,10,30%,DPT,8,0.0,NA,NA
JxPath,19,10,30%,STARTS,8,0.0,NA,NA
JxPath,19,10,30%,STARTS+FAST-S,8,0.0,NA,NA
JxPath,19,10,30%,STARTS+FAST-P,8,0.0,NA,NA
JxPath,19,10,30%,STARTS+DPT,8,0.0,NA,NA
JxPath,19,10,30%,Fastazi-S,8,0.0,NA,NA
JxPath,19,10,30%,Fastazi-P,8,0.0,NA,NA
JxPath,19,10,30%,Random,8,0.0,NA,NA
JxPath,19,10,40%,Ekstazi,10,0.0,NA,NA
JxPath,19,10,40%,FAST,10,0.0,NA,NA
JxPath,19,10,40%,Ekstazi+dpt,10,0.0,NA,NA
JxPath,19,10,40%,DPT,10,0.0,NA,NA
JxPath,19,10,40%,STARTS,10,0.7888888888888889,10,0.2222222222222222
JxPath,19,10,40%,STARTS+FAST-S,10,0.0,NA,NA
JxPath,19,10,40%,STARTS+FAST-P,10,0.0,NA,NA
JxPath,19,10,40%,STARTS+DPT,10,0.0,NA,NA
JxPath,19,10,40%,Fastazi-S,10,0.7888888888888889,10,0.2222222222222222
JxPath,19,10,40%,Fastazi-P,10,0.0,NA,NA
JxPath,19,10,40%,Random,10,0.0,NA,NA
JxPath,19,10,50%,Ekstazi,13,0.0,NA,NA
JxPath,19,10,50%,FAST,13,0.0,NA,NA
JxPath,19,10,50%,Ekstazi+dpt,13,0.0,NA,NA
JxPath,19,10,50%,DPT,13,0.0,NA,NA
JxPath,19,10,50%,STARTS,13,0.7888888888888889,10,0.2222222222222222
JxPath,19,10,50%,STARTS+FAST-S,13,0.0,NA,NA
JxPath,19,10,50%,STARTS+FAST-P,13,0.0,NA,NA
JxPath,19,10,50%,STARTS+DPT,13,0.0,NA,NA
JxPath,19,10,50%,Fastazi-S,13,0.7888888888888889,10,0.2222222222222222
JxPath,19,10,50%,Fastazi-P,13,0.7444444444444445,12,0.26666666666666666
JxPath,19,10,50%,Random,13,0.7444444444444445,12,0.26666666666666666
JxPath,19,10,60%,Ekstazi,16,0.0,NA,NA
JxPath,19,10,60%,FAST,16,0.7,14,0.3111111111111111
JxPath,19,10,60%,Ekstazi+dpt,16,0.0,NA,NA
JxPath,19,10,60%,DPT,16,0.0,NA,NA
JxPath,19,10,60%,STARTS,16,0.7888888888888889,10,0.2222222222222222
JxPath,19,10,60%,STARTS+FAST-S,16,0.0,NA,NA
JxPath,19,10,60%,STARTS+FAST-P,16,0.0,NA,NA
JxPath,19,10,60%,STARTS+DPT,16,0.0,NA,NA
JxPath,19,10,60%,Fastazi-S,16,0.7888888888888889,10,0.2222222222222222
JxPath,19,10,60%,Fastazi-P,16,0.7444444444444445,12,0.26666666666666666
JxPath,19,10,60%,Random,16,0.7444444444444445,12,0.26666666666666666
JxPath,19,10,70%,Ekstazi,18,0.0,NA,NA
JxPath,19,10,70%,FAST,18,0.7,14,0.3111111111111111
JxPath,19,10,70%,Ekstazi+dpt,18,0.0,NA,NA
JxPath,19,10,70%,DPT,18,0.0,NA,NA
JxPath,19,10,70%,STARTS,18,0.7888888888888889,10,0.2222222222222222
JxPath,19,10,70%,STARTS+FAST-S,18,0.611111111111111,18,0.4
JxPath,19,10,70%,STARTS+FAST-P,18,0.611111111111111,18,0.4
JxPath,19,10,70%,STARTS+DPT,18,0.0,NA,NA
JxPath,19,10,70%,Fastazi-S,18,0.7888888888888889,10,0.2222222222222222
JxPath,19,10,70%,Fastazi-P,18,0.7444444444444445,12,0.26666666666666666
JxPath,19,10,70%,Random,18,0.7444444444444445,12,0.26666666666666666
JxPath,19,10,75%,Ekstazi,20,0.5888888888888888,19,0.4222222222222222
JxPath,19,10,75%,FAST,20,0.7,14,0.3111111111111111
JxPath,19,10,75%,Ekstazi+dpt,20,0.0,NA,NA
JxPath,19,10,75%,DPT,20,0.0,NA,NA
JxPath,19,10,75%,STARTS,20,0.7888888888888889,10,0.2222222222222222
JxPath,19,10,75%,STARTS+FAST-S,20,0.611111111111111,18,0.4
JxPath,19,10,75%,STARTS+FAST-P,20,0.611111111111111,18,0.4
JxPath,19,10,75%,STARTS+DPT,20,0.0,NA,NA
JxPath,19,10,75%,Fastazi-S,20,0.7888888888888889,10,0.2222222222222222
JxPath,19,10,75%,Fastazi-P,20,0.7444444444444445,12,0.26666666666666666
JxPath,19,10,75%,Random,20,0.7444444444444445,12,0.26666666666666666
JxPath,19,10,80%,Ekstazi,21,0.5888888888888888,19,0.4222222222222222
JxPath,19,10,80%,FAST,21,0.7,14,0.3111111111111111
JxPath,19,10,80%,Ekstazi+dpt,21,0.0,NA,NA
JxPath,19,10,80%,DPT,21,0.0,NA,NA
JxPath,19,10,80%,STARTS,21,0.7888888888888889,10,0.2222222222222222
JxPath,19,10,80%,STARTS+FAST-S,21,0.611111111111111,18,0.4
JxPath,19,10,80%,STARTS+FAST-P,21,0.611111111111111,18,0.4
JxPath,19,10,80%,STARTS+DPT,21,0.0,NA,NA
JxPath,19,10,80%,Fastazi-S,21,0.7888888888888889,10,0.2222222222222222
JxPath,19,10,80%,Fastazi-P,21,0.7444444444444445,12,0.26666666666666666
JxPath,19,10,80%,Random,21,0.7444444444444445,12,0.26666666666666666
JxPath,19,10,90%,Ekstazi,24,0.5888888888888888,19,0.4222222222222222
JxPath,19,10,90%,FAST,24,0.7,14,0.3111111111111111
JxPath,19,10,90%,Ekstazi+dpt,24,0.5222222222222221,22,0.4888888888888889
JxPath,19,10,90%,DPT,24,0.5,23,0.5111111111111111
JxPath,19,10,90%,STARTS,24,0.7888888888888889,10,0.2222222222222222
JxPath,19,10,90%,STARTS+FAST-S,24,0.611111111111111,18,0.4
JxPath,19,10,90%,STARTS+FAST-P,24,0.611111111111111,18,0.4
JxPath,19,10,90%,STARTS+DPT,24,0.5,23,0.5111111111111111
JxPath,19,10,90%,Fastazi-S,24,0.7888888888888889,10,0.2222222222222222
JxPath,19,10,90%,Fastazi-P,24,0.7444444444444445,12,0.26666666666666666
JxPath,19,10,90%,Random,24,0.7444444444444445,12,0.26666666666666666
JxPath,19,10,100%,Ekstazi,27,0.5888888888888888,19,0.4222222222222222
JxPath,19,10,100%,FAST,27,0.7,14,0.3111111111111111
JxPath,19,10,100%,Ekstazi+dpt,27,0.5222222222222221,22,0.4888888888888889
JxPath,19,10,100%,DPT,27,0.5,23,0.5111111111111111
JxPath,19,10,100%,STARTS,27,0.7888888888888889,10,0.2222222222222222
JxPath,19,10,100%,STARTS+FAST-S,27,0.611111111111111,18,0.4
JxPath,19,10,100%,STARTS+FAST-P,27,0.611111111111111,18,0.4
JxPath,19,10,100%,STARTS+DPT,27,0.5,23,0.5111111111111111
JxPath,19,10,100%,Fastazi-S,27,0.7888888888888889,10,0.2222222222222222
JxPath,19,10,100%,Fastazi-P,27,0.7444444444444445,12,0.26666666666666666
JxPath,19,10,100%,Random,27,0.7444444444444445,12,0.26666666666666666
JxPath,19,11,10%,Ekstazi,2,0.0,NA,NA
JxPath,19,11,10%,FAST,2,0.0,NA,NA
JxPath,19,11,10%,Ekstazi+dpt,2,0.0,NA,NA
JxPath,19,11,10%,DPT,2,0.0,NA,NA
JxPath,19,11,10%,STARTS,2,0.0,NA,NA
JxPath,19,11,10%,STARTS+FAST-S,2,0.0,NA,NA
JxPath,19,11,10%,STARTS+FAST-P,2,0.0,NA,NA
JxPath,19,11,10%,STARTS+DPT,2,0.0,NA,NA
JxPath,19,11,10%,Fastazi-S,2,0.0,NA,NA
JxPath,19,11,10%,Fastazi-P,2,0.0,NA,NA
JxPath,19,11,10%,Random,2,0.0,NA,NA
JxPath,19,11,20%,Ekstazi,5,0.0,NA,NA
JxPath,19,11,20%,FAST,5,0.0,NA,NA
JxPath,19,11,20%,Ekstazi+dpt,5,0.0,NA,NA
JxPath,19,11,20%,DPT,5,0.0,NA,NA
JxPath,19,11,20%,STARTS,5,0.0,NA,NA
JxPath,19,11,20%,STARTS+FAST-S,5,0.0,NA,NA
JxPath,19,11,20%,STARTS+FAST-P,5,0.0,NA,NA
JxPath,19,11,20%,STARTS+DPT,5,0.0,NA,NA
JxPath,19,11,20%,Fastazi-S,5,0.0,NA,NA
JxPath,19,11,20%,Fastazi-P,5,0.0,NA,NA
JxPath,19,11,20%,Random,5,0.0,NA,NA
JxPath,19,11,25%,Ekstazi,6,0.8777777777777778,6,0.13333333333333333
JxPath,19,11,25%,FAST,6,0.0,NA,NA
JxPath,19,11,25%,Ekstazi+dpt,6,0.0,NA,NA
JxPath,19,11,25%,DPT,6,0.0,NA,NA
JxPath,19,11,25%,STARTS,6,0.0,NA,NA
JxPath,19,11,25%,STARTS+FAST-S,6,0.0,NA,NA
JxPath,19,11,25%,STARTS+FAST-P,6,0.0,NA,NA
JxPath,19,11,25%,STARTS+DPT,6,0.0,NA,NA
JxPath,19,11,25%,Fastazi-S,6,0.0,NA,NA
JxPath,19,11,25%,Fastazi-P,6,0.0,NA,NA
JxPath,19,11,25%,Random,6,0.0,NA,NA
JxPath,19,11,30%,Ekstazi,8,0.8777777777777778,6,0.13333333333333333
JxPath,19,11,30%,FAST,8,0.0,NA,NA
JxPath,19,11,30%,Ekstazi+dpt,8,0.0,NA,NA
JxPath,19,11,30%,DPT,8,0.0,NA,NA
JxPath,19,11,30%,STARTS,8,0.0,NA,NA
JxPath,19,11,30%,STARTS+FAST-S,8,0.0,NA,NA
JxPath,19,11,30%,STARTS+FAST-P,8,0.0,NA,NA
JxPath,19,11,30%,STARTS+DPT,8,0.0,NA,NA
JxPath,19,11,30%,Fastazi-S,8,0.0,NA,NA
JxPath,19,11,30%,Fastazi-P,8,0.0,NA,NA
JxPath,19,11,30%,Random,8,0.0,NA,NA
JxPath,19,11,40%,Ekstazi,10,0.8777777777777778,6,0.13333333333333333
JxPath,19,11,40%,FAST,10,0.0,NA,NA
JxPath,19,11,40%,Ekstazi+dpt,10,0.0,NA,NA
JxPath,19,11,40%,DPT,10,0.0,NA,NA
JxPath,19,11,40%,STARTS,10,0.0,NA,NA
JxPath,19,11,40%,STARTS+FAST-S,10,0.0,NA,NA
JxPath,19,11,40%,STARTS+FAST-P,10,0.0,NA,NA
JxPath,19,11,40%,STARTS+DPT,10,0.0,NA,NA
JxPath,19,11,40%,Fastazi-S,10,0.0,NA,NA
JxPath,19,11,40%,Fastazi-P,10,0.8111111111111111,9,0.2
JxPath,19,11,40%,Random,10,0.0,NA,NA
JxPath,19,11,50%,Ekstazi,13,0.8777777777777778,6,0.13333333333333333
JxPath,19,11,50%,FAST,13,0.7444444444444445,12,0.26666666666666666
JxPath,19,11,50%,Ekstazi+dpt,13,0.0,NA,NA
JxPath,19,11,50%,DPT,13,0.0,NA,NA
JxPath,19,11,50%,STARTS,13,0.0,NA,NA
JxPath,19,11,50%,STARTS+FAST-S,13,0.0,NA,NA
JxPath,19,11,50%,STARTS+FAST-P,13,0.0,NA,NA
JxPath,19,11,50%,STARTS+DPT,13,0.0,NA,NA
JxPath,19,11,50%,Fastazi-S,13,0.7222222222222222,13,0.28888888888888886
JxPath,19,11,50%,Fastazi-P,13,0.8111111111111111,9,0.2
JxPath,19,11,50%,Random,13,0.0,NA,NA
JxPath,19,11,60%,Ekstazi,16,0.8777777777777778,6,0.13333333333333333
JxPath,19,11,60%,FAST,16,0.7444444444444445,12,0.26666666666666666
JxPath,19,11,60%,Ekstazi+dpt,16,0.0,NA,NA
JxPath,19,11,60%,DPT,16,0.0,NA,NA
JxPath,19,11,60%,STARTS,16,0.6777777777777778,15,0.3333333333333333
JxPath,19,11,60%,STARTS+FAST-S,16,0.0,NA,NA
JxPath,19,11,60%,STARTS+FAST-P,16,0.0,NA,NA
JxPath,19,11,60%,STARTS+DPT,16,0.0,NA,NA
JxPath,19,11,60%,Fastazi-S,16,0.7222222222222222,13,0.28888888888888886
JxPath,19,11,60%,Fastazi-P,16,0.8111111111111111,9,0.2
JxPath,19,11,60%,Random,16,0.0,NA,NA
JxPath,19,11,70%,Ekstazi,18,0.8777777777777778,6,0.13333333333333333
JxPath,19,11,70%,FAST,18,0.7444444444444445,12,0.26666666666666666
JxPath,19,11,70%,Ekstazi+dpt,18,0.0,NA,NA
JxPath,19,11,70%,DPT,18,0.0,NA,NA
JxPath,19,11,70%,STARTS,18,0.6777777777777778,15,0.3333333333333333
JxPath,19,11,70%,STARTS+FAST-S,18,0.0,NA,NA
JxPath,19,11,70%,STARTS+FAST-P,18,0.611111111111111,18,0.4
JxPath,19,11,70%,STARTS+DPT,18,0.0,NA,NA
JxPath,19,11,70%,Fastazi-S,18,0.7222222222222222,13,0.28888888888888886
JxPath,19,11,70%,Fastazi-P,18,0.8111111111111111,9,0.2
JxPath,19,11,70%,Random,18,0.0,NA,NA
JxPath,19,11,75%,Ekstazi,20,0.8777777777777778,6,0.13333333333333333
JxPath,19,11,75%,FAST,20,0.7444444444444445,12,0.26666666666666666
JxPath,19,11,75%,Ekstazi+dpt,20,0.0,NA,NA
JxPath,19,11,75%,DPT,20,0.0,NA,NA
JxPath,19,11,75%,STARTS,20,0.6777777777777778,15,0.3333333333333333
JxPath,19,11,75%,STARTS+FAST-S,20,0.5666666666666667,20,0.4444444444444444
JxPath,19,11,75%,STARTS+FAST-P,20,0.611111111111111,18,0.4
JxPath,19,11,75%,STARTS+DPT,20,0.0,NA,NA
JxPath,19,11,75%,Fastazi-S,20,0.7222222222222222,13,0.28888888888888886
JxPath,19,11,75%,Fastazi-P,20,0.8111111111111111,9,0.2
JxPath,19,11,75%,Random,20,0.0,NA,NA
JxPath,19,11,80%,Ekstazi,21,0.8777777777777778,6,0.13333333333333333
JxPath,19,11,80%,FAST,21,0.7444444444444445,12,0.26666666666666666
JxPath,19,11,80%,Ekstazi+dpt,21,0.0,NA,NA
JxPath,19,11,80%,DPT,21,0.0,NA,NA
JxPath,19,11,80%,STARTS,21,0.6777777777777778,15,0.3333333333333333
JxPath,19,11,80%,STARTS+FAST-S,21,0.5666666666666667,20,0.4444444444444444
JxPath,19,11,80%,STARTS+FAST-P,21,0.611111111111111,18,0.4
JxPath,19,11,80%,STARTS+DPT,21,0.0,NA,NA
JxPath,19,11,80%,Fastazi-S,21,0.7222222222222222,13,0.28888888888888886
JxPath,19,11,80%,Fastazi-P,21,0.8111111111111111,9,0.2
JxPath,19,11,80%,Random,21,0.0,NA,NA
JxPath,19,11,90%,Ekstazi,24,0.8777777777777778,6,0.13333333333333333
JxPath,19,11,90%,FAST,24,0.7444444444444445,12,0.26666666666666666
JxPath,19,11,90%,Ekstazi+dpt,24,0.5,23,0.5111111111111111
JxPath,19,11,90%,DPT,24,0.5222222222222221,22,0.4888888888888889
JxPath,19,11,90%,STARTS,24,0.6777777777777778,15,0.3333333333333333
JxPath,19,11,90%,STARTS+FAST-S,24,0.5666666666666667,20,0.4444444444444444
JxPath,19,11,90%,STARTS+FAST-P,24,0.611111111111111,18,0.4
JxPath,19,11,90%,STARTS+DPT,24,0.5,23,0.5111111111111111
JxPath,19,11,90%,Fastazi-S,24,0.7222222222222222,13,0.28888888888888886
JxPath,19,11,90%,Fastazi-P,24,0.8111111111111111,9,0.2
JxPath,19,11,90%,Random,24,0.5,23,0.5111111111111111
JxPath,19,11,100%,Ekstazi,27,0.8777777777777778,6,0.13333333333333333
JxPath,19,11,100%,FAST,27,0.7444444444444445,12,0.26666666666666666
JxPath,19,11,100%,Ekstazi+dpt,27,0.5,23,0.5111111111111111
JxPath,19,11,100%,DPT,27,0.5222222222222221,22,0.4888888888888889
JxPath,19,11,100%,STARTS,27,0.6777777777777778,15,0.3333333333333333
JxPath,19,11,100%,STARTS+FAST-S,27,0.5666666666666667,20,0.4444444444444444
JxPath,19,11,100%,STARTS+FAST-P,27,0.611111111111111,18,0.4
JxPath,19,11,100%,STARTS+DPT,27,0.5,23,0.5111111111111111
JxPath,19,11,100%,Fastazi-S,27,0.7222222222222222,13,0.28888888888888886
JxPath,19,11,100%,Fastazi-P,27,0.8111111111111111,9,0.2
JxPath,19,11,100%,Random,27,0.5,23,0.5111111111111111
JxPath,19,12,10%,Ekstazi,2,0.0,NA,NA
JxPath,19,12,10%,FAST,2,0.0,NA,NA
JxPath,19,12,10%,Ekstazi+dpt,2,0.0,NA,NA
JxPath,19,12,10%,DPT,2,0.0,NA,NA
JxPath,19,12,10%,STARTS,2,0.0,NA,NA
JxPath,19,12,10%,STARTS+FAST-S,2,0.0,NA,NA
JxPath,19,12,10%,STARTS+FAST-P,2,0.0,NA,NA
JxPath,19,12,10%,STARTS+DPT,2,0.0,NA,NA
JxPath,19,12,10%,Fastazi-S,2,0.0,NA,NA
JxPath,19,12,10%,Fastazi-P,2,0.0,NA,NA
JxPath,19,12,10%,Random,2,0.0,NA,NA
JxPath,19,12,20%,Ekstazi,5,0.0,NA,NA
JxPath,19,12,20%,FAST,5,0.0,NA,NA
JxPath,19,12,20%,Ekstazi+dpt,5,0.0,NA,NA
JxPath,19,12,20%,DPT,5,0.0,NA,NA
JxPath,19,12,20%,STARTS,5,0.0,NA,NA
JxPath,19,12,20%,STARTS+FAST-S,5,0.0,NA,NA
JxPath,19,12,20%,STARTS+FAST-P,5,0.0,NA,NA
JxPath,19,12,20%,STARTS+DPT,5,0.0,NA,NA
JxPath,19,12,20%,Fastazi-S,5,0.0,NA,NA
JxPath,19,12,20%,Fastazi-P,5,0.0,NA,NA
JxPath,19,12,20%,Random,5,0.0,NA,NA
JxPath,19,12,25%,Ekstazi,6,0.0,NA,NA
JxPath,19,12,25%,FAST,6,0.0,NA,NA
JxPath,19,12,25%,Ekstazi+dpt,6,0.0,NA,NA
JxPath,19,12,25%,DPT,6,0.0,NA,NA
JxPath,19,12,25%,STARTS,6,0.0,NA,NA
JxPath,19,12,25%,STARTS+FAST-S,6,0.0,NA,NA
JxPath,19,12,25%,STARTS+FAST-P,6,0.0,NA,NA
JxPath,19,12,25%,STARTS+DPT,6,0.0,NA,NA
JxPath,19,12,25%,Fastazi-S,6,0.0,NA,NA
JxPath,19,12,25%,Fastazi-P,6,0.0,NA,NA
JxPath,19,12,25%,Random,6,0.0,NA,NA
JxPath,19,12,30%,Ekstazi,8,0.0,NA,NA
JxPath,19,12,30%,FAST,8,0.0,NA,NA
JxPath,19,12,30%,Ekstazi+dpt,8,0.0,NA,NA
JxPath,19,12,30%,DPT,8,0.0,NA,NA
JxPath,19,12,30%,STARTS,8,0.0,NA,NA
JxPath,19,12,30%,STARTS+FAST-S,8,0.0,NA,NA
JxPath,19,12,30%,STARTS+FAST-P,8,0.0,NA,NA
JxPath,19,12,30%,STARTS+DPT,8,0.0,NA,NA
JxPath,19,12,30%,Fastazi-S,8,0.0,NA,NA
JxPath,19,12,30%,Fastazi-P,8,0.0,NA,NA
JxPath,19,12,30%,Random,8,0.0,NA,NA
JxPath,19,12,40%,Ekstazi,10,0.0,NA,NA
JxPath,19,12,40%,FAST,10,0.0,NA,NA
JxPath,19,12,40%,Ekstazi+dpt,10,0.0,NA,NA
JxPath,19,12,40%,DPT,10,0.0,NA,NA
JxPath,19,12,40%,STARTS,10,0.8111111111111111,9,0.2
JxPath,19,12,40%,STARTS+FAST-S,10,0.0,NA,NA
JxPath,19,12,40%,STARTS+FAST-P,10,0.0,NA,NA
JxPath,19,12,40%,STARTS+DPT,10,0.0,NA,NA
JxPath,19,12,40%,Fastazi-S,10,0.0,NA,NA
JxPath,19,12,40%,Fastazi-P,10,0.8111111111111111,9,0.2
JxPath,19,12,40%,Random,10,0.0,NA,NA
JxPath,19,12,50%,Ekstazi,13,0.0,NA,NA
JxPath,19,12,50%,FAST,13,0.7444444444444445,12,0.26666666666666666
JxPath,19,12,50%,Ekstazi+dpt,13,0.0,NA,NA
JxPath,19,12,50%,DPT,13,0.0,NA,NA
JxPath,19,12,50%,STARTS,13,0.8111111111111111,9,0.2
JxPath,19,12,50%,STARTS+FAST-S,13,0.0,NA,NA
JxPath,19,12,50%,STARTS+FAST-P,13,0.0,NA,NA
JxPath,19,12,50%,STARTS+DPT,13,0.0,NA,NA
JxPath,19,12,50%,Fastazi-S,13,0.7222222222222222,13,0.28888888888888886
JxPath,19,12,50%,Fastazi-P,13,0.8111111111111111,9,0.2
JxPath,19,12,50%,Random,13,0.0,NA,NA
JxPath,19,12,60%,Ekstazi,16,0.0,NA,NA
JxPath,19,12,60%,FAST,16,0.7444444444444445,12,0.26666666666666666
JxPath,19,12,60%,Ekstazi+dpt,16,0.0,NA,NA
JxPath,19,12,60%,DPT,16,0.0,NA,NA
JxPath,19,12,60%,STARTS,16,0.8111111111111111,9,0.2
JxPath,19,12,60%,STARTS+FAST-S,16,0.0,NA,NA
JxPath,19,12,60%,STARTS+FAST-P,16,0.0,NA,NA
JxPath,19,12,60%,STARTS+DPT,16,0.0,NA,NA
JxPath,19,12,60%,Fastazi-S,16,0.7222222222222222,13,0.28888888888888886
JxPath,19,12,60%,Fastazi-P,16,0.8111111111111111,9,0.2
JxPath,19,12,60%,Random,16,0.0,NA,NA
JxPath,19,12,70%,Ekstazi,18,0.0,NA,NA
JxPath,19,12,70%,FAST,18,0.7444444444444445,12,0.26666666666666666
JxPath,19,12,70%,Ekstazi+dpt,18,0.0,NA,NA
JxPath,19,12,70%,DPT,18,0.0,NA,NA
JxPath,19,12,70%,STARTS,18,0.8111111111111111,9,0.2
JxPath,19,12,70%,STARTS+FAST-S,18,0.611111111111111,18,0.4
JxPath,19,12,70%,STARTS+FAST-P,18,0.611111111111111,18,0.4
JxPath,19,12,70%,STARTS+DPT,18,0.0,NA,NA
JxPath,19,12,70%,Fastazi-S,18,0.7222222222222222,13,0.28888888888888886
JxPath,19,12,70%,Fastazi-P,18,0.8111111111111111,9,0.2
JxPath,19,12,70%,Random,18,0.0,NA,NA
JxPath,19,12,75%,Ekstazi,20,0.5888888888888888,19,0.4222222222222222
JxPath,19,12,75%,FAST,20,0.7444444444444445,12,0.26666666666666666
JxPath,19,12,75%,Ekstazi+dpt,20,0.0,NA,NA
JxPath,19,12,75%,DPT,20,0.0,NA,NA
JxPath,19,12,75%,STARTS,20,0.8111111111111111,9,0.2
JxPath,19,12,75%,STARTS+FAST-S,20,0.611111111111111,18,0.4
JxPath,19,12,75%,STARTS+FAST-P,20,0.611111111111111,18,0.4
JxPath,19,12,75%,STARTS+DPT,20,0.0,NA,NA
JxPath,19,12,75%,Fastazi-S,20,0.7222222222222222,13,0.28888888888888886
JxPath,19,12,75%,Fastazi-P,20,0.8111111111111111,9,0.2
JxPath,19,12,75%,Random,20,0.0,NA,NA
JxPath,19,12,80%,Ekstazi,21,0.5888888888888888,19,0.4222222222222222
JxPath,19,12,80%,FAST,21,0.7444444444444445,12,0.26666666666666666
JxPath,19,12,80%,Ekstazi+dpt,21,0.0,NA,NA
JxPath,19,12,80%,DPT,21,0.0,NA,NA
JxPath,19,12,80%,STARTS,21,0.8111111111111111,9,0.2
JxPath,19,12,80%,STARTS+FAST-S,21,0.611111111111111,18,0.4
JxPath,19,12,80%,STARTS+FAST-P,21,0.611111111111111,18,0.4
JxPath,19,12,80%,STARTS+DPT,21,0.0,NA,NA
JxPath,19,12,80%,Fastazi-S,21,0.7222222222222222,13,0.28888888888888886
JxPath,19,12,80%,Fastazi-P,21,0.8111111111111111,9,0.2
JxPath,19,12,80%,Random,21,0.0,NA,NA
JxPath,19,12,90%,Ekstazi,24,0.5888888888888888,19,0.4222222222222222
JxPath,19,12,90%,FAST,24,0.7444444444444445,12,0.26666666666666666
JxPath,19,12,90%,Ekstazi+dpt,24,0.5222222222222221,22,0.4888888888888889
JxPath,19,12,90%,DPT,24,0.5222222222222221,22,0.4888888888888889
JxPath,19,12,90%,STARTS,24,0.8111111111111111,9,0.2
JxPath,19,12,90%,STARTS+FAST-S,24,0.611111111111111,18,0.4
JxPath,19,12,90%,STARTS+FAST-P,24,0.611111111111111,18,0.4
JxPath,19,12,90%,STARTS+DPT,24,0.5,23,0.5111111111111111
JxPath,19,12,90%,Fastazi-S,24,0.7222222222222222,13,0.28888888888888886
JxPath,19,12,90%,Fastazi-P,24,0.8111111111111111,9,0.2
JxPath,19,12,90%,Random,24,0.0,NA,NA
JxPath,19,12,100%,Ekstazi,27,0.5888888888888888,19,0.4222222222222222
JxPath,19,12,100%,FAST,27,0.7444444444444445,12,0.26666666666666666
JxPath,19,12,100%,Ekstazi+dpt,27,0.5222222222222221,22,0.4888888888888889
JxPath,19,12,100%,DPT,27,0.5222222222222221,22,0.4888888888888889
JxPath,19,12,100%,STARTS,27,0.8111111111111111,9,0.2
JxPath,19,12,100%,STARTS+FAST-S,27,0.611111111111111,18,0.4
JxPath,19,12,100%,STARTS+FAST-P,27,0.611111111111111,18,0.4
JxPath,19,12,100%,STARTS+DPT,27,0.5,23,0.5111111111111111
JxPath,19,12,100%,Fastazi-S,27,0.7222222222222222,13,0.28888888888888886
JxPath,19,12,100%,Fastazi-P,27,0.8111111111111111,9,0.2
JxPath,19,12,100%,Random,27,0.0,NA,NA
JxPath,19,13,10%,Ekstazi,2,0.0,NA,NA
JxPath,19,13,10%,FAST,2,0.0,NA,NA
JxPath,19,13,10%,Ekstazi+dpt,2,0.0,NA,NA
JxPath,19,13,10%,DPT,2,0.0,NA,NA
JxPath,19,13,10%,STARTS,2,0.0,NA,NA
JxPath,19,13,10%,STARTS+FAST-S,2,0.0,NA,NA
JxPath,19,13,10%,STARTS+FAST-P,2,0.0,NA,NA
JxPath,19,13,10%,STARTS+DPT,2,0.0,NA,NA
JxPath,19,13,10%,Fastazi-S,2,0.0,NA,NA
JxPath,19,13,10%,Fastazi-P,2,0.0,NA,NA
JxPath,19,13,10%,Random,2,0.0,NA,NA
JxPath,19,13,20%,Ekstazi,5,0.0,NA,NA
JxPath,19,13,20%,FAST,5,0.0,NA,NA
JxPath,19,13,20%,Ekstazi+dpt,5,0.0,NA,NA
JxPath,19,13,20%,DPT,5,0.0,NA,NA
JxPath,19,13,20%,STARTS,5,0.0,NA,NA
JxPath,19,13,20%,STARTS+FAST-S,5,0.0,NA,NA
JxPath,19,13,20%,STARTS+FAST-P,5,0.0,NA,NA
JxPath,19,13,20%,STARTS+DPT,5,0.0,NA,NA
JxPath,19,13,20%,Fastazi-S,5,0.0,NA,NA
JxPath,19,13,20%,Fastazi-P,5,0.0,NA,NA
JxPath,19,13,20%,Random,5,0.0,NA,NA
JxPath,19,13,25%,Ekstazi,6,0.0,NA,NA
JxPath,19,13,25%,FAST,6,0.0,NA,NA
JxPath,19,13,25%,Ekstazi+dpt,6,0.0,NA,NA
JxPath,19,13,25%,DPT,6,0.0,NA,NA
JxPath,19,13,25%,STARTS,6,0.0,NA,NA
JxPath,19,13,25%,STARTS+FAST-S,6,0.0,NA,NA
JxPath,19,13,25%,STARTS+FAST-P,6,0.0,NA,NA
JxPath,19,13,25%,STARTS+DPT,6,0.0,NA,NA
JxPath,19,13,25%,Fastazi-S,6,0.0,NA,NA
JxPath,19,13,25%,Fastazi-P,6,0.0,NA,NA
JxPath,19,13,25%,Random,6,0.0,NA,NA
JxPath,19,13,30%,Ekstazi,8,0.0,NA,NA
JxPath,19,13,30%,FAST,8,0.0,NA,NA
JxPath,19,13,30%,Ekstazi+dpt,8,0.0,NA,NA
JxPath,19,13,30%,DPT,8,0.0,NA,NA
JxPath,19,13,30%,STARTS,8,0.0,NA,NA
JxPath,19,13,30%,STARTS+FAST-S,8,0.0,NA,NA
JxPath,19,13,30%,STARTS+FAST-P,8,0.0,NA,NA
JxPath,19,13,30%,STARTS+DPT,8,0.0,NA,NA
JxPath,19,13,30%,Fastazi-S,8,0.0,NA,NA
JxPath,19,13,30%,Fastazi-P,8,0.0,NA,NA
JxPath,19,13,30%,Random,8,0.0,NA,NA
JxPath,19,13,40%,Ekstazi,10,0.0,NA,NA
JxPath,19,13,40%,FAST,10,0.0,NA,NA
JxPath,19,13,40%,Ekstazi+dpt,10,0.0,NA,NA
JxPath,19,13,40%,DPT,10,0.0,NA,NA
JxPath,19,13,40%,STARTS,10,0.0,NA,NA
JxPath,19,13,40%,STARTS+FAST-S,10,0.0,NA,NA
JxPath,19,13,40%,STARTS+FAST-P,10,0.0,NA,NA
JxPath,19,13,40%,STARTS+DPT,10,0.0,NA,NA
JxPath,19,13,40%,Fastazi-S,10,0.0,NA,NA
JxPath,19,13,40%,Fastazi-P,10,0.0,NA,NA
JxPath,19,13,40%,Random,10,0.0,NA,NA
JxPath,19,13,50%,Ekstazi,13,0.0,NA,NA
JxPath,19,13,50%,FAST,13,0.7222222222222222,13,0.28888888888888886
JxPath,19,13,50%,Ekstazi+dpt,13,0.0,NA,NA
JxPath,19,13,50%,DPT,13,0.0,NA,NA
JxPath,19,13,50%,STARTS,13,0.0,NA,NA
JxPath,19,13,50%,STARTS+FAST-S,13,0.0,NA,NA
JxPath,19,13,50%,STARTS+FAST-P,13,0.0,NA,NA
JxPath,19,13,50%,STARTS+DPT,13,0.0,NA,NA
JxPath,19,13,50%,Fastazi-S,13,0.7444444444444445,12,0.26666666666666666
JxPath,19,13,50%,Fastazi-P,13,0.7666666666666666,11,0.24444444444444444
JxPath,19,13,50%,Random,13,0.0,NA,NA
JxPath,19,13,60%,Ekstazi,16,0.6777777777777778,15,0.3333333333333333
JxPath,19,13,60%,FAST,16,0.7222222222222222,13,0.28888888888888886
JxPath,19,13,60%,Ekstazi+dpt,16,0.0,NA,NA
JxPath,19,13,60%,DPT,16,0.0,NA,NA
JxPath,19,13,60%,STARTS,16,0.7,14,0.3111111111111111
JxPath,19,13,60%,STARTS+FAST-S,16,0.0,NA,NA
JxPath,19,13,60%,STARTS+FAST-P,16,0.0,NA,NA
JxPath,19,13,60%,STARTS+DPT,16,0.0,NA,NA
JxPath,19,13,60%,Fastazi-S,16,0.7444444444444445,12,0.26666666666666666
JxPath,19,13,60%,Fastazi-P,16,0.7666666666666666,11,0.24444444444444444
JxPath,19,13,60%,Random,16,0.0,NA,NA
JxPath,19,13,70%,Ekstazi,18,0.6777777777777778,15,0.3333333333333333
JxPath,19,13,70%,FAST,18,0.7222222222222222,13,0.28888888888888886
JxPath,19,13,70%,Ekstazi+dpt,18,0.0,NA,NA
JxPath,19,13,70%,DPT,18,0.0,NA,NA
JxPath,19,13,70%,STARTS,18,0.7,14,0.3111111111111111
JxPath,19,13,70%,STARTS+FAST-S,18,0.0,NA,NA
JxPath,19,13,70%,STARTS+FAST-P,18,0.0,NA,NA
JxPath,19,13,70%,STARTS+DPT,18,0.0,NA,NA
JxPath,19,13,70%,Fastazi-S,18,0.7444444444444445,12,0.26666666666666666
JxPath,19,13,70%,Fastazi-P,18,0.7666666666666666,11,0.24444444444444444
JxPath,19,13,70%,Random,18,0.0,NA,NA
JxPath,19,13,75%,Ekstazi,20,0.6777777777777778,15,0.3333333333333333
JxPath,19,13,75%,FAST,20,0.7222222222222222,13,0.28888888888888886
JxPath,19,13,75%,Ekstazi+dpt,20,0.0,NA,NA
JxPath,19,13,75%,DPT,20,0.0,NA,NA
JxPath,19,13,75%,STARTS,20,0.7,14,0.3111111111111111
JxPath,19,13,75%,STARTS+FAST-S,20,0.5666666666666667,20,0.4444444444444444
JxPath,19,13,75%,STARTS+FAST-P,20,0.5888888888888888,19,0.4222222222222222
JxPath,19,13,75%,STARTS+DPT,20,0.0,NA,NA
JxPath,19,13,75%,Fastazi-S,20,0.7444444444444445,12,0.26666666666666666
JxPath,19,13,75%,Fastazi-P,20,0.7666666666666666,11,0.24444444444444444
JxPath,19,13,75%,Random,20,0.0,NA,NA
JxPath,19,13,80%,Ekstazi,21,0.6777777777777778,15,0.3333333333333333
JxPath,19,13,80%,FAST,21,0.7222222222222222,13,0.28888888888888886
JxPath,19,13,80%,Ekstazi+dpt,21,0.0,NA,NA
JxPath,19,13,80%,DPT,21,0.0,NA,NA
JxPath,19,13,80%,STARTS,21,0.7,14,0.3111111111111111
JxPath,19,13,80%,STARTS+FAST-S,21,0.5666666666666667,20,0.4444444444444444
JxPath,19,13,80%,STARTS+FAST-P,21,0.5888888888888888,19,0.4222222222222222
JxPath,19,13,80%,STARTS+DPT,21,0.0,NA,NA
JxPath,19,13,80%,Fastazi-S,21,0.7444444444444445,12,0.26666666666666666
JxPath,19,13,80%,Fastazi-P,21,0.7666666666666666,11,0.24444444444444444
JxPath,19,13,80%,Random,21,0.0,NA,NA
JxPath,19,13,90%,Ekstazi,24,0.6777777777777778,15,0.3333333333333333
JxPath,19,13,90%,FAST,24,0.7222222222222222,13,0.28888888888888886
JxPath,19,13,90%,Ekstazi+dpt,24,0.5,23,0.5111111111111111
JxPath,19,13,90%,DPT,24,0.5,23,0.5111111111111111
JxPath,19,13,90%,STARTS,24,0.7,14,0.3111111111111111
JxPath,19,13,90%,STARTS+FAST-S,24,0.5666666666666667,20,0.4444444444444444
JxPath,19,13,90%,STARTS+FAST-P,24,0.5888888888888888,19,0.4222222222222222
JxPath,19,13,90%,STARTS+DPT,24,0.5,23,0.5111111111111111
JxPath,19,13,90%,Fastazi-S,24,0.7444444444444445,12,0.26666666666666666
JxPath,19,13,90%,Fastazi-P,24,0.7666666666666666,11,0.24444444444444444
JxPath,19,13,90%,Random,24,0.0,NA,NA
JxPath,19,13,100%,Ekstazi,27,0.6777777777777778,15,0.3333333333333333
JxPath,19,13,100%,FAST,27,0.7222222222222222,13,0.28888888888888886
JxPath,19,13,100%,Ekstazi+dpt,27,0.5,23,0.5111111111111111
JxPath,19,13,100%,DPT,27,0.5,23,0.5111111111111111
JxPath,19,13,100%,STARTS,27,0.7,14,0.3111111111111111
JxPath,19,13,100%,STARTS+FAST-S,27,0.5666666666666667,20,0.4444444444444444
JxPath,19,13,100%,STARTS+FAST-P,27,0.5888888888888888,19,0.4222222222222222
JxPath,19,13,100%,STARTS+DPT,27,0.5,23,0.5111111111111111
JxPath,19,13,100%,Fastazi-S,27,0.7444444444444445,12,0.26666666666666666
JxPath,19,13,100%,Fastazi-P,27,0.7666666666666666,11,0.24444444444444444
JxPath,19,13,100%,Random,27,0.0,NA,NA
JxPath,19,14,10%,Ekstazi,2,0.0,NA,NA
JxPath,19,14,10%,FAST,2,0.0,NA,NA
JxPath,19,14,10%,Ekstazi+dpt,2,0.0,NA,NA
JxPath,19,14,10%,DPT,2,0.0,NA,NA
JxPath,19,14,10%,STARTS,2,0.0,NA,NA
JxPath,19,14,10%,STARTS+FAST-S,2,0.0,NA,NA
JxPath,19,14,10%,STARTS+FAST-P,2,0.0,NA,NA
JxPath,19,14,10%,STARTS+DPT,2,0.0,NA,NA
JxPath,19,14,10%,Fastazi-S,2,0.0,NA,NA
JxPath,19,14,10%,Fastazi-P,2,0.0,NA,NA
JxPath,19,14,10%,Random,2,0.0,NA,NA
JxPath,19,14,20%,Ekstazi,5,0.9222222222222222,4,0.08888888888888889
JxPath,19,14,20%,FAST,5,0.0,NA,NA
JxPath,19,14,20%,Ekstazi+dpt,5,0.0,NA,NA
JxPath,19,14,20%,DPT,5,0.0,NA,NA
JxPath,19,14,20%,STARTS,5,0.0,NA,NA
JxPath,19,14,20%,STARTS+FAST-S,5,0.0,NA,NA
JxPath,19,14,20%,STARTS+FAST-P,5,0.0,NA,NA
JxPath,19,14,20%,STARTS+DPT,5,0.0,NA,NA
JxPath,19,14,20%,Fastazi-S,5,0.0,NA,NA
JxPath,19,14,20%,Fastazi-P,5,0.0,NA,NA
JxPath,19,14,20%,Random,5,0.0,NA,NA
JxPath,19,14,25%,Ekstazi,6,0.9222222222222222,4,0.08888888888888889
JxPath,19,14,25%,FAST,6,0.0,NA,NA
JxPath,19,14,25%,Ekstazi+dpt,6,0.0,NA,NA
JxPath,19,14,25%,DPT,6,0.0,NA,NA
JxPath,19,14,25%,STARTS,6,0.0,NA,NA
JxPath,19,14,25%,STARTS+FAST-S,6,0.0,NA,NA
JxPath,19,14,25%,STARTS+FAST-P,6,0.0,NA,NA
JxPath,19,14,25%,STARTS+DPT,6,0.0,NA,NA
JxPath,19,14,25%,Fastazi-S,6,0.0,NA,NA
JxPath,19,14,25%,Fastazi-P,6,0.0,NA,NA
JxPath,19,14,25%,Random,6,0.0,NA,NA
JxPath,19,14,30%,Ekstazi,8,0.9222222222222222,4,0.08888888888888889
JxPath,19,14,30%,FAST,8,0.0,NA,NA
JxPath,19,14,30%,Ekstazi+dpt,8,0.0,NA,NA
JxPath,19,14,30%,DPT,8,0.0,NA,NA
JxPath,19,14,30%,STARTS,8,0.0,NA,NA
JxPath,19,14,30%,STARTS+FAST-S,8,0.0,NA,NA
JxPath,19,14,30%,STARTS+FAST-P,8,0.0,NA,NA
JxPath,19,14,30%,STARTS+DPT,8,0.0,NA,NA
JxPath,19,14,30%,Fastazi-S,8,0.0,NA,NA
JxPath,19,14,30%,Fastazi-P,8,0.0,NA,NA
JxPath,19,14,30%,Random,8,0.0,NA,NA
JxPath,19,14,40%,Ekstazi,10,0.9222222222222222,4,0.08888888888888889
JxPath,19,14,40%,FAST,10,0.0,NA,NA
JxPath,19,14,40%,Ekstazi+dpt,10,0.0,NA,NA
JxPath,19,14,40%,DPT,10,0.0,NA,NA
JxPath,19,14,40%,STARTS,10,0.0,NA,NA
JxPath,19,14,40%,STARTS+FAST-S,10,0.0,NA,NA
JxPath,19,14,40%,STARTS+FAST-P,10,0.0,NA,NA
JxPath,19,14,40%,STARTS+DPT,10,0.0,NA,NA
JxPath,19,14,40%,Fastazi-S,10,0.0,NA,NA
JxPath,19,14,40%,Fastazi-P,10,0.7888888888888889,10,0.2222222222222222
JxPath,19,14,40%,Random,10,0.0,NA,NA
JxPath,19,14,50%,Ekstazi,13,0.9222222222222222,4,0.08888888888888889
JxPath,19,14,50%,FAST,13,0.7222222222222222,13,0.28888888888888886
JxPath,19,14,50%,Ekstazi+dpt,13,0.0,NA,NA
JxPath,19,14,50%,DPT,13,0.0,NA,NA
JxPath,19,14,50%,STARTS,13,0.7222222222222222,13,0.28888888888888886
JxPath,19,14,50%,STARTS+FAST-S,13,0.0,NA,NA
JxPath,19,14,50%,STARTS+FAST-P,13,0.0,NA,NA
JxPath,19,14,50%,STARTS+DPT,13,0.0,NA,NA
JxPath,19,14,50%,Fastazi-S,13,0.7666666666666666,11,0.24444444444444444
JxPath,19,14,50%,Fastazi-P,13,0.7888888888888889,10,0.2222222222222222
JxPath,19,14,50%,Random,13,0.0,NA,NA
JxPath,19,14,60%,Ekstazi,16,0.9222222222222222,4,0.08888888888888889
JxPath,19,14,60%,FAST,16,0.7222222222222222,13,0.28888888888888886
JxPath,19,14,60%,Ekstazi+dpt,16,0.0,NA,NA
JxPath,19,14,60%,DPT,16,0.0,NA,NA
JxPath,19,14,60%,STARTS,16,0.7222222222222222,13,0.28888888888888886
JxPath,19,14,60%,STARTS+FAST-S,16,0.0,NA,NA
JxPath,19,14,60%,STARTS+FAST-P,16,0.0,NA,NA
JxPath,19,14,60%,STARTS+DPT,16,0.0,NA,NA
JxPath,19,14,60%,Fastazi-S,16,0.7666666666666666,11,0.24444444444444444
JxPath,19,14,60%,Fastazi-P,16,0.7888888888888889,10,0.2222222222222222
JxPath,19,14,60%,Random,16,0.0,NA,NA
JxPath,19,14,70%,Ekstazi,18,0.9222222222222222,4,0.08888888888888889
JxPath,19,14,70%,FAST,18,0.7222222222222222,13,0.28888888888888886
JxPath,19,14,70%,Ekstazi+dpt,18,0.0,NA,NA
JxPath,19,14,70%,DPT,18,0.0,NA,NA
JxPath,19,14,70%,STARTS,18,0.7222222222222222,13,0.28888888888888886
JxPath,19,14,70%,STARTS+FAST-S,18,0.0,NA,NA
JxPath,19,14,70%,STARTS+FAST-P,18,0.0,NA,NA
JxPath,19,14,70%,STARTS+DPT,18,0.0,NA,NA
JxPath,19,14,70%,Fastazi-S,18,0.7666666666666666,11,0.24444444444444444
JxPath,19,14,70%,Fastazi-P,18,0.7888888888888889,10,0.2222222222222222
JxPath,19,14,70%,Random,18,0.0,NA,NA
JxPath,19,14,75%,Ekstazi,20,0.9222222222222222,4,0.08888888888888889
JxPath,19,14,75%,FAST,20,0.7222222222222222,13,0.28888888888888886
JxPath,19,14,75%,Ekstazi+dpt,20,0.0,NA,NA
JxPath,19,14,75%,DPT,20,0.0,NA,NA
JxPath,19,14,75%,STARTS,20,0.7222222222222222,13,0.28888888888888886
JxPath,19,14,75%,STARTS+FAST-S,20,0.5666666666666667,20,0.4444444444444444
JxPath,19,14,75%,STARTS+FAST-P,20,0.5888888888888888,19,0.4222222222222222
JxPath,19,14,75%,STARTS+DPT,20,0.0,NA,NA
JxPath,19,14,75%,Fastazi-S,20,0.7666666666666666,11,0.24444444444444444
JxPath,19,14,75%,Fastazi-P,20,0.7888888888888889,10,0.2222222222222222
JxPath,19,14,75%,Random,20,0.0,NA,NA
JxPath,19,14,80%,Ekstazi,21,0.9222222222222222,4,0.08888888888888889
JxPath,19,14,80%,FAST,21,0.7222222222222222,13,0.28888888888888886
JxPath,19,14,80%,Ekstazi+dpt,21,0.0,NA,NA
JxPath,19,14,80%,DPT,21,0.0,NA,NA
JxPath,19,14,80%,STARTS,21,0.7222222222222222,13,0.28888888888888886
JxPath,19,14,80%,STARTS+FAST-S,21,0.5666666666666667,20,0.4444444444444444
JxPath,19,14,80%,STARTS+FAST-P,21,0.5888888888888888,19,0.4222222222222222
JxPath,19,14,80%,STARTS+DPT,21,0.0,NA,NA
JxPath,19,14,80%,Fastazi-S,21,0.7666666666666666,11,0.24444444444444444
JxPath,19,14,80%,Fastazi-P,21,0.7888888888888889,10,0.2222222222222222
JxPath,19,14,80%,Random,21,0.0,NA,NA
JxPath,19,14,90%,Ekstazi,24,0.9222222222222222,4,0.08888888888888889
JxPath,19,14,90%,FAST,24,0.7222222222222222,13,0.28888888888888886
JxPath,19,14,90%,Ekstazi+dpt,24,0.5222222222222221,22,0.4888888888888889
JxPath,19,14,90%,DPT,24,0.5222222222222221,22,0.4888888888888889
JxPath,19,14,90%,STARTS,24,0.7222222222222222,13,0.28888888888888886
JxPath,19,14,90%,STARTS+FAST-S,24,0.5666666666666667,20,0.4444444444444444
JxPath,19,14,90%,STARTS+FAST-P,24,0.5888888888888888,19,0.4222222222222222
JxPath,19,14,90%,STARTS+DPT,24,0.5,23,0.5111111111111111
JxPath,19,14,90%,Fastazi-S,24,0.7666666666666666,11,0.24444444444444444
JxPath,19,14,90%,Fastazi-P,24,0.7888888888888889,10,0.2222222222222222
JxPath,19,14,90%,Random,24,0.0,NA,NA
JxPath,19,14,100%,Ekstazi,27,0.9222222222222222,4,0.08888888888888889
JxPath,19,14,100%,FAST,27,0.7222222222222222,13,0.28888888888888886
JxPath,19,14,100%,Ekstazi+dpt,27,0.5222222222222221,22,0.4888888888888889
JxPath,19,14,100%,DPT,27,0.5222222222222221,22,0.4888888888888889
JxPath,19,14,100%,STARTS,27,0.7222222222222222,13,0.28888888888888886
JxPath,19,14,100%,STARTS+FAST-S,27,0.5666666666666667,20,0.4444444444444444
JxPath,19,14,100%,STARTS+FAST-P,27,0.5888888888888888,19,0.4222222222222222
JxPath,19,14,100%,STARTS+DPT,27,0.5,23,0.5111111111111111
JxPath,19,14,100%,Fastazi-S,27,0.7666666666666666,11,0.24444444444444444
JxPath,19,14,100%,Fastazi-P,27,0.7888888888888889,10,0.2222222222222222
JxPath,19,14,100%,Random,27,0.0,NA,NA
JxPath,19,15,10%,Ekstazi,2,0.0,NA,NA
JxPath,19,15,10%,FAST,2,0.0,NA,NA
JxPath,19,15,10%,Ekstazi+dpt,2,0.0,NA,NA
JxPath,19,15,10%,DPT,2,0.0,NA,NA
JxPath,19,15,10%,STARTS,2,0.0,NA,NA
JxPath,19,15,10%,STARTS+FAST-S,2,0.0,NA,NA
JxPath,19,15,10%,STARTS+FAST-P,2,0.0,NA,NA
JxPath,19,15,10%,STARTS+DPT,2,0.0,NA,NA
JxPath,19,15,10%,Fastazi-S,2,0.0,NA,NA
JxPath,19,15,10%,Fastazi-P,2,0.0,NA,NA
JxPath,19,15,10%,Random,2,0.0,NA,NA
JxPath,19,15,20%,Ekstazi,5,0.0,NA,NA
JxPath,19,15,20%,FAST,5,0.0,NA,NA
JxPath,19,15,20%,Ekstazi+dpt,5,0.0,NA,NA
JxPath,19,15,20%,DPT,5,0.0,NA,NA
JxPath,19,15,20%,STARTS,5,0.9444444444444444,3,0.06666666666666667
JxPath,19,15,20%,STARTS+FAST-S,5,0.0,NA,NA
JxPath,19,15,20%,STARTS+FAST-P,5,0.0,NA,NA
JxPath,19,15,20%,STARTS+DPT,5,0.0,NA,NA
JxPath,19,15,20%,Fastazi-S,5,0.0,NA,NA
JxPath,19,15,20%,Fastazi-P,5,0.0,NA,NA
JxPath,19,15,20%,Random,5,0.0,NA,NA
JxPath,19,15,25%,Ekstazi,6,0.0,NA,NA
JxPath,19,15,25%,FAST,6,0.0,NA,NA
JxPath,19,15,25%,Ekstazi+dpt,6,0.0,NA,NA
JxPath,19,15,25%,DPT,6,0.0,NA,NA
JxPath,19,15,25%,STARTS,6,0.9444444444444444,3,0.06666666666666667
JxPath,19,15,25%,STARTS+FAST-S,6,0.0,NA,NA
JxPath,19,15,25%,STARTS+FAST-P,6,0.0,NA,NA
JxPath,19,15,25%,STARTS+DPT,6,0.0,NA,NA
JxPath,19,15,25%,Fastazi-S,6,0.0,NA,NA
JxPath,19,15,25%,Fastazi-P,6,0.0,NA,NA
JxPath,19,15,25%,Random,6,0.0,NA,NA
JxPath,19,15,30%,Ekstazi,8,0.0,NA,NA
JxPath,19,15,30%,FAST,8,0.0,NA,NA
JxPath,19,15,30%,Ekstazi+dpt,8,0.0,NA,NA
JxPath,19,15,30%,DPT,8,0.0,NA,NA
JxPath,19,15,30%,STARTS,8,0.9444444444444444,3,0.06666666666666667
JxPath,19,15,30%,STARTS+FAST-S,8,0.0,NA,NA
JxPath,19,15,30%,STARTS+FAST-P,8,0.0,NA,NA
JxPath,19,15,30%,STARTS+DPT,8,0.0,NA,NA
JxPath,19,15,30%,Fastazi-S,8,0.0,NA,NA
JxPath,19,15,30%,Fastazi-P,8,0.0,NA,NA
JxPath,19,15,30%,Random,8,0.0,NA,NA
JxPath,19,15,40%,Ekstazi,10,0.0,NA,NA
JxPath,19,15,40%,FAST,10,0.0,NA,NA
JxPath,19,15,40%,Ekstazi+dpt,10,0.0,NA,NA
JxPath,19,15,40%,DPT,10,0.0,NA,NA
JxPath,19,15,40%,STARTS,10,0.9444444444444444,3,0.06666666666666667
JxPath,19,15,40%,STARTS+FAST-S,10,0.0,NA,NA
JxPath,19,15,40%,STARTS+FAST-P,10,0.0,NA,NA
JxPath,19,15,40%,STARTS+DPT,10,0.0,NA,NA
JxPath,19,15,40%,Fastazi-S,10,0.7888888888888889,10,0.2222222222222222
JxPath,19,15,40%,Fastazi-P,10,0.7888888888888889,10,0.2222222222222222
JxPath,19,15,40%,Random,10,0.0,NA,NA
JxPath,19,15,50%,Ekstazi,13,0.0,NA,NA
JxPath,19,15,50%,FAST,13,0.7444444444444445,12,0.26666666666666666
JxPath,19,15,50%,Ekstazi+dpt,13,0.0,NA,NA
JxPath,19,15,50%,DPT,13,0.0,NA,NA
JxPath,19,15,50%,STARTS,13,0.9444444444444444,3,0.06666666666666667
JxPath,19,15,50%,STARTS+FAST-S,13,0.0,NA,NA
JxPath,19,15,50%,STARTS+FAST-P,13,0.0,NA,NA
JxPath,19,15,50%,STARTS+DPT,13,0.0,NA,NA
JxPath,19,15,50%,Fastazi-S,13,0.7888888888888889,10,0.2222222222222222
JxPath,19,15,50%,Fastazi-P,13,0.7888888888888889,10,0.2222222222222222
JxPath,19,15,50%,Random,13,0.0,NA,NA
JxPath,19,15,60%,Ekstazi,16,0.0,NA,NA
JxPath,19,15,60%,FAST,16,0.7444444444444445,12,0.26666666666666666
JxPath,19,15,60%,Ekstazi+dpt,16,0.0,NA,NA
JxPath,19,15,60%,DPT,16,0.0,NA,NA
JxPath,19,15,60%,STARTS,16,0.9444444444444444,3,0.06666666666666667
JxPath,19,15,60%,STARTS+FAST-S,16,0.0,NA,NA
JxPath,19,15,60%,STARTS+FAST-P,16,0.0,NA,NA
JxPath,19,15,60%,STARTS+DPT,16,0.0,NA,NA
JxPath,19,15,60%,Fastazi-S,16,0.7888888888888889,10,0.2222222222222222
JxPath,19,15,60%,Fastazi-P,16,0.7888888888888889,10,0.2222222222222222
JxPath,19,15,60%,Random,16,0.0,NA,NA
JxPath,19,15,70%,Ekstazi,18,0.0,NA,NA
JxPath,19,15,70%,FAST,18,0.7444444444444445,12,0.26666666666666666
JxPath,19,15,70%,Ekstazi+dpt,18,0.0,NA,NA
JxPath,19,15,70%,DPT,18,0.0,NA,NA
JxPath,19,15,70%,STARTS,18,0.9444444444444444,3,0.06666666666666667
JxPath,19,15,70%,STARTS+FAST-S,18,0.0,NA,NA
JxPath,19,15,70%,STARTS+FAST-P,18,0.0,NA,NA
JxPath,19,15,70%,STARTS+DPT,18,0.0,NA,NA
JxPath,19,15,70%,Fastazi-S,18,0.7888888888888889,10,0.2222222222222222
JxPath,19,15,70%,Fastazi-P,18,0.7888888888888889,10,0.2222222222222222
JxPath,19,15,70%,Random,18,0.0,NA,NA
JxPath,19,15,75%,Ekstazi,20,0.0,NA,NA
JxPath,19,15,75%,FAST,20,0.7444444444444445,12,0.26666666666666666
JxPath,19,15,75%,Ekstazi+dpt,20,0.0,NA,NA
JxPath,19,15,75%,DPT,20,0.0,NA,NA
JxPath,19,15,75%,STARTS,20,0.9444444444444444,3,0.06666666666666667
JxPath,19,15,75%,STARTS+FAST-S,20,0.5666666666666667,20,0.4444444444444444
JxPath,19,15,75%,STARTS+FAST-P,20,0.5888888888888888,19,0.4222222222222222
JxPath,19,15,75%,STARTS+DPT,20,0.0,NA,NA
JxPath,19,15,75%,Fastazi-S,20,0.7888888888888889,10,0.2222222222222222
JxPath,19,15,75%,Fastazi-P,20,0.7888888888888889,10,0.2222222222222222
JxPath,19,15,75%,Random,20,0.5888888888888888,19,0.4222222222222222
JxPath,19,15,80%,Ekstazi,21,0.0,NA,NA
JxPath,19,15,80%,FAST,21,0.7444444444444445,12,0.26666666666666666
JxPath,19,15,80%,Ekstazi+dpt,21,0.0,NA,NA
JxPath,19,15,80%,DPT,21,0.0,NA,NA
JxPath,19,15,80%,STARTS,21,0.9444444444444444,3,0.06666666666666667
JxPath,19,15,80%,STARTS+FAST-S,21,0.5666666666666667,20,0.4444444444444444
JxPath,19,15,80%,STARTS+FAST-P,21,0.5888888888888888,19,0.4222222222222222
JxPath,19,15,80%,STARTS+DPT,21,0.0,NA,NA
JxPath,19,15,80%,Fastazi-S,21,0.7888888888888889,10,0.2222222222222222
JxPath,19,15,80%,Fastazi-P,21,0.7888888888888889,10,0.2222222222222222
JxPath,19,15,80%,Random,21,0.5888888888888888,19,0.4222222222222222
JxPath,19,15,90%,Ekstazi,24,0.0,NA,NA
JxPath,19,15,90%,FAST,24,0.7444444444444445,12,0.26666666666666666
JxPath,19,15,90%,Ekstazi+dpt,24,0.5,23,0.5111111111111111
JxPath,19,15,90%,DPT,24,0.5222222222222221,22,0.4888888888888889
JxPath,19,15,90%,STARTS,24,0.9444444444444444,3,0.06666666666666667
JxPath,19,15,90%,STARTS+FAST-S,24,0.5666666666666667,20,0.4444444444444444
JxPath,19,15,90%,STARTS+FAST-P,24,0.5888888888888888,19,0.4222222222222222
JxPath,19,15,90%,STARTS+DPT,24,0.5,23,0.5111111111111111
JxPath,19,15,90%,Fastazi-S,24,0.7888888888888889,10,0.2222222222222222
JxPath,19,15,90%,Fastazi-P,24,0.7888888888888889,10,0.2222222222222222
JxPath,19,15,90%,Random,24,0.5888888888888888,19,0.4222222222222222
JxPath,19,15,100%,Ekstazi,27,0.41111111111111115,27,0.6
JxPath,19,15,100%,FAST,27,0.7444444444444445,12,0.26666666666666666
JxPath,19,15,100%,Ekstazi+dpt,27,0.5,23,0.5111111111111111
JxPath,19,15,100%,DPT,27,0.5222222222222221,22,0.4888888888888889
JxPath,19,15,100%,STARTS,27,0.9444444444444444,3,0.06666666666666667
JxPath,19,15,100%,STARTS+FAST-S,27,0.5666666666666667,20,0.4444444444444444
JxPath,19,15,100%,STARTS+FAST-P,27,0.5888888888888888,19,0.4222222222222222
JxPath,19,15,100%,STARTS+DPT,27,0.5,23,0.5111111111111111
JxPath,19,15,100%,Fastazi-S,27,0.7888888888888889,10,0.2222222222222222
JxPath,19,15,100%,Fastazi-P,27,0.7888888888888889,10,0.2222222222222222
JxPath,19,15,100%,Random,27,0.5888888888888888,19,0.4222222222222222
JxPath,19,16,10%,Ekstazi,2,0.0,NA,NA
JxPath,19,16,10%,FAST,2,0.0,NA,NA
JxPath,19,16,10%,Ekstazi+dpt,2,0.0,NA,NA
JxPath,19,16,10%,DPT,2,0.0,NA,NA
JxPath,19,16,10%,STARTS,2,0.0,NA,NA
JxPath,19,16,10%,STARTS+FAST-S,2,0.0,NA,NA
JxPath,19,16,10%,STARTS+FAST-P,2,0.0,NA,NA
JxPath,19,16,10%,STARTS+DPT,2,0.0,NA,NA
JxPath,19,16,10%,Fastazi-S,2,0.0,NA,NA
JxPath,19,16,10%,Fastazi-P,2,0.0,NA,NA
JxPath,19,16,10%,Random,2,0.0,NA,NA
JxPath,19,16,20%,Ekstazi,5,0.0,NA,NA
JxPath,19,16,20%,FAST,5,0.0,NA,NA
JxPath,19,16,20%,Ekstazi+dpt,5,0.0,NA,NA
JxPath,19,16,20%,DPT,5,0.0,NA,NA
JxPath,19,16,20%,STARTS,5,0.0,NA,NA
JxPath,19,16,20%,STARTS+FAST-S,5,0.0,NA,NA
JxPath,19,16,20%,STARTS+FAST-P,5,0.0,NA,NA
JxPath,19,16,20%,STARTS+DPT,5,0.0,NA,NA
JxPath,19,16,20%,Fastazi-S,5,0.0,NA,NA
JxPath,19,16,20%,Fastazi-P,5,0.0,NA,NA
JxPath,19,16,20%,Random,5,0.0,NA,NA
JxPath,19,16,25%,Ekstazi,6,0.0,NA,NA
JxPath,19,16,25%,FAST,6,0.0,NA,NA
JxPath,19,16,25%,Ekstazi+dpt,6,0.0,NA,NA
JxPath,19,16,25%,DPT,6,0.0,NA,NA
JxPath,19,16,25%,STARTS,6,0.0,NA,NA
JxPath,19,16,25%,STARTS+FAST-S,6,0.0,NA,NA
JxPath,19,16,25%,STARTS+FAST-P,6,0.0,NA,NA
JxPath,19,16,25%,STARTS+DPT,6,0.0,NA,NA
JxPath,19,16,25%,Fastazi-S,6,0.0,NA,NA
JxPath,19,16,25%,Fastazi-P,6,0.0,NA,NA
JxPath,19,16,25%,Random,6,0.0,NA,NA
JxPath,19,16,30%,Ekstazi,8,0.0,NA,NA
JxPath,19,16,30%,FAST,8,0.0,NA,NA
JxPath,19,16,30%,Ekstazi+dpt,8,0.0,NA,NA
JxPath,19,16,30%,DPT,8,0.0,NA,NA
JxPath,19,16,30%,STARTS,8,0.0,NA,NA
JxPath,19,16,30%,STARTS+FAST-S,8,0.0,NA,NA
JxPath,19,16,30%,STARTS+FAST-P,8,0.0,NA,NA
JxPath,19,16,30%,STARTS+DPT,8,0.0,NA,NA
JxPath,19,16,30%,Fastazi-S,8,0.0,NA,NA
JxPath,19,16,30%,Fastazi-P,8,0.0,NA,NA
JxPath,19,16,30%,Random,8,0.0,NA,NA
JxPath,19,16,40%,Ekstazi,10,0.0,NA,NA
JxPath,19,16,40%,FAST,10,0.0,NA,NA
JxPath,19,16,40%,Ekstazi+dpt,10,0.0,NA,NA
JxPath,19,16,40%,DPT,10,0.0,NA,NA
JxPath,19,16,40%,STARTS,10,0.0,NA,NA
JxPath,19,16,40%,STARTS+FAST-S,10,0.0,NA,NA
JxPath,19,16,40%,STARTS+FAST-P,10,0.0,NA,NA
JxPath,19,16,40%,STARTS+DPT,10,0.0,NA,NA
JxPath,19,16,40%,Fastazi-S,10,0.8111111111111111,9,0.2
JxPath,19,16,40%,Fastazi-P,10,0.7888888888888889,10,0.2222222222222222
JxPath,19,16,40%,Random,10,0.0,NA,NA
JxPath,19,16,50%,Ekstazi,13,0.0,NA,NA
JxPath,19,16,50%,FAST,13,0.7444444444444445,12,0.26666666666666666
JxPath,19,16,50%,Ekstazi+dpt,13,0.0,NA,NA
JxPath,19,16,50%,DPT,13,0.0,NA,NA
JxPath,19,16,50%,STARTS,13,0.0,NA,NA
JxPath,19,16,50%,STARTS+FAST-S,13,0.0,NA,NA
JxPath,19,16,50%,STARTS+FAST-P,13,0.0,NA,NA
JxPath,19,16,50%,STARTS+DPT,13,0.0,NA,NA
JxPath,19,16,50%,Fastazi-S,13,0.8111111111111111,9,0.2
JxPath,19,16,50%,Fastazi-P,13,0.7888888888888889,10,0.2222222222222222
JxPath,19,16,50%,Random,13,0.0,NA,NA
JxPath,19,16,60%,Ekstazi,16,0.0,NA,NA
JxPath,19,16,60%,FAST,16,0.7444444444444445,12,0.26666666666666666
JxPath,19,16,60%,Ekstazi+dpt,16,0.0,NA,NA
JxPath,19,16,60%,DPT,16,0.0,NA,NA
JxPath,19,16,60%,STARTS,16,0.0,NA,NA
JxPath,19,16,60%,STARTS+FAST-S,16,0.0,NA,NA
JxPath,19,16,60%,STARTS+FAST-P,16,0.0,NA,NA
JxPath,19,16,60%,STARTS+DPT,16,0.0,NA,NA
JxPath,19,16,60%,Fastazi-S,16,0.8111111111111111,9,0.2
JxPath,19,16,60%,Fastazi-P,16,0.7888888888888889,10,0.2222222222222222
JxPath,19,16,60%,Random,16,0.0,NA,NA
JxPath,19,16,70%,Ekstazi,18,0.0,NA,NA
JxPath,19,16,70%,FAST,18,0.7444444444444445,12,0.26666666666666666
JxPath,19,16,70%,Ekstazi+dpt,18,0.0,NA,NA
JxPath,19,16,70%,DPT,18,0.0,NA,NA
JxPath,19,16,70%,STARTS,18,0.0,NA,NA
JxPath,19,16,70%,STARTS+FAST-S,18,0.0,NA,NA
JxPath,19,16,70%,STARTS+FAST-P,18,0.0,NA,NA
JxPath,19,16,70%,STARTS+DPT,18,0.0,NA,NA
JxPath,19,16,70%,Fastazi-S,18,0.8111111111111111,9,0.2
JxPath,19,16,70%,Fastazi-P,18,0.7888888888888889,10,0.2222222222222222
JxPath,19,16,70%,Random,18,0.0,NA,NA
JxPath,19,16,75%,Ekstazi,20,0.5888888888888888,19,0.4222222222222222
JxPath,19,16,75%,FAST,20,0.7444444444444445,12,0.26666666666666666
JxPath,19,16,75%,Ekstazi+dpt,20,0.0,NA,NA
JxPath,19,16,75%,DPT,20,0.0,NA,NA
JxPath,19,16,75%,STARTS,20,0.0,NA,NA
JxPath,19,16,75%,STARTS+FAST-S,20,0.5666666666666667,20,0.4444444444444444
JxPath,19,16,75%,STARTS+FAST-P,20,0.5888888888888888,19,0.4222222222222222
JxPath,19,16,75%,STARTS+DPT,20,0.0,NA,NA
JxPath,19,16,75%,Fastazi-S,20,0.8111111111111111,9,0.2
JxPath,19,16,75%,Fastazi-P,20,0.7888888888888889,10,0.2222222222222222
JxPath,19,16,75%,Random,20,0.0,NA,NA
JxPath,19,16,80%,Ekstazi,21,0.5888888888888888,19,0.4222222222222222
JxPath,19,16,80%,FAST,21,0.7444444444444445,12,0.26666666666666666
JxPath,19,16,80%,Ekstazi+dpt,21,0.0,NA,NA
JxPath,19,16,80%,DPT,21,0.0,NA,NA
JxPath,19,16,80%,STARTS,21,0.0,NA,NA
JxPath,19,16,80%,STARTS+FAST-S,21,0.5666666666666667,20,0.4444444444444444
JxPath,19,16,80%,STARTS+FAST-P,21,0.5888888888888888,19,0.4222222222222222
JxPath,19,16,80%,STARTS+DPT,21,0.0,NA,NA
JxPath,19,16,80%,Fastazi-S,21,0.8111111111111111,9,0.2
JxPath,19,16,80%,Fastazi-P,21,0.7888888888888889,10,0.2222222222222222
JxPath,19,16,80%,Random,21,0.0,NA,NA
JxPath,19,16,90%,Ekstazi,24,0.5888888888888888,19,0.4222222222222222
JxPath,19,16,90%,FAST,24,0.7444444444444445,12,0.26666666666666666
JxPath,19,16,90%,Ekstazi+dpt,24,0.5222222222222221,22,0.4888888888888889
JxPath,19,16,90%,DPT,24,0.5222222222222221,22,0.4888888888888889
JxPath,19,16,90%,STARTS,24,0.0,NA,NA
JxPath,19,16,90%,STARTS+FAST-S,24,0.5666666666666667,20,0.4444444444444444
JxPath,19,16,90%,STARTS+FAST-P,24,0.5888888888888888,19,0.4222222222222222
JxPath,19,16,90%,STARTS+DPT,24,0.5222222222222221,22,0.4888888888888889
JxPath,19,16,90%,Fastazi-S,24,0.8111111111111111,9,0.2
JxPath,19,16,90%,Fastazi-P,24,0.7888888888888889,10,0.2222222222222222
JxPath,19,16,90%,Random,24,0.4777777777777778,24,0.5333333333333333
JxPath,19,16,100%,Ekstazi,27,0.5888888888888888,19,0.4222222222222222
JxPath,19,16,100%,FAST,27,0.7444444444444445,12,0.26666666666666666
JxPath,19,16,100%,Ekstazi+dpt,27,0.5222222222222221,22,0.4888888888888889
JxPath,19,16,100%,DPT,27,0.5222222222222221,22,0.4888888888888889
JxPath,19,16,100%,STARTS,27,0.41111111111111115,27,0.6
JxPath,19,16,100%,STARTS+FAST-S,27,0.5666666666666667,20,0.4444444444444444
JxPath,19,16,100%,STARTS+FAST-P,27,0.5888888888888888,19,0.4222222222222222
JxPath,19,16,100%,STARTS+DPT,27,0.5222222222222221,22,0.4888888888888889
JxPath,19,16,100%,Fastazi-S,27,0.8111111111111111,9,0.2
JxPath,19,16,100%,Fastazi-P,27,0.7888888888888889,10,0.2222222222222222
JxPath,19,16,100%,Random,27,0.4777777777777778,24,0.5333333333333333
JxPath,19,17,10%,Ekstazi,2,0.0,NA,NA
JxPath,19,17,10%,FAST,2,0.0,NA,NA
JxPath,19,17,10%,Ekstazi+dpt,2,0.0,NA,NA
JxPath,19,17,10%,DPT,2,0.0,NA,NA
JxPath,19,17,10%,STARTS,2,0.0,NA,NA
JxPath,19,17,10%,STARTS+FAST-S,2,0.0,NA,NA
JxPath,19,17,10%,STARTS+FAST-P,2,0.0,NA,NA
JxPath,19,17,10%,STARTS+DPT,2,0.0,NA,NA
JxPath,19,17,10%,Fastazi-S,2,0.0,NA,NA
JxPath,19,17,10%,Fastazi-P,2,0.0,NA,NA
JxPath,19,17,10%,Random,2,0.0,NA,NA
JxPath,19,17,20%,Ekstazi,5,0.0,NA,NA
JxPath,19,17,20%,FAST,5,0.0,NA,NA
JxPath,19,17,20%,Ekstazi+dpt,5,0.0,NA,NA
JxPath,19,17,20%,DPT,5,0.0,NA,NA
JxPath,19,17,20%,STARTS,5,0.0,NA,NA
JxPath,19,17,20%,STARTS+FAST-S,5,0.0,NA,NA
JxPath,19,17,20%,STARTS+FAST-P,5,0.0,NA,NA
JxPath,19,17,20%,STARTS+DPT,5,0.0,NA,NA
JxPath,19,17,20%,Fastazi-S,5,0.0,NA,NA
JxPath,19,17,20%,Fastazi-P,5,0.0,NA,NA
JxPath,19,17,20%,Random,5,0.0,NA,NA
JxPath,19,17,25%,Ekstazi,6,0.0,NA,NA
JxPath,19,17,25%,FAST,6,0.0,NA,NA
JxPath,19,17,25%,Ekstazi+dpt,6,0.0,NA,NA
JxPath,19,17,25%,DPT,6,0.0,NA,NA
JxPath,19,17,25%,STARTS,6,0.0,NA,NA
JxPath,19,17,25%,STARTS+FAST-S,6,0.0,NA,NA
JxPath,19,17,25%,STARTS+FAST-P,6,0.0,NA,NA
JxPath,19,17,25%,STARTS+DPT,6,0.0,NA,NA
JxPath,19,17,25%,Fastazi-S,6,0.0,NA,NA
JxPath,19,17,25%,Fastazi-P,6,0.0,NA,NA
JxPath,19,17,25%,Random,6,0.0,NA,NA
JxPath,19,17,30%,Ekstazi,8,0.0,NA,NA
JxPath,19,17,30%,FAST,8,0.0,NA,NA
JxPath,19,17,30%,Ekstazi+dpt,8,0.0,NA,NA
JxPath,19,17,30%,DPT,8,0.0,NA,NA
JxPath,19,17,30%,STARTS,8,0.0,NA,NA
JxPath,19,17,30%,STARTS+FAST-S,8,0.0,NA,NA
JxPath,19,17,30%,STARTS+FAST-P,8,0.0,NA,NA
JxPath,19,17,30%,STARTS+DPT,8,0.0,NA,NA
JxPath,19,17,30%,Fastazi-S,8,0.0,NA,NA
JxPath,19,17,30%,Fastazi-P,8,0.0,NA,NA
JxPath,19,17,30%,Random,8,0.0,NA,NA
JxPath,19,17,40%,Ekstazi,10,0.0,NA,NA
JxPath,19,17,40%,FAST,10,0.0,NA,NA
JxPath,19,17,40%,Ekstazi+dpt,10,0.0,NA,NA
JxPath,19,17,40%,DPT,10,0.0,NA,NA
JxPath,19,17,40%,STARTS,10,0.0,NA,NA
JxPath,19,17,40%,STARTS+FAST-S,10,0.0,NA,NA
JxPath,19,17,40%,STARTS+FAST-P,10,0.0,NA,NA
JxPath,19,17,40%,STARTS+DPT,10,0.0,NA,NA
JxPath,19,17,40%,Fastazi-S,10,0.7888888888888889,10,0.2222222222222222
JxPath,19,17,40%,Fastazi-P,10,0.7888888888888889,10,0.2222222222222222
JxPath,19,17,40%,Random,10,0.0,NA,NA
JxPath,19,17,50%,Ekstazi,13,0.0,NA,NA
JxPath,19,17,50%,FAST,13,0.7222222222222222,13,0.28888888888888886
JxPath,19,17,50%,Ekstazi+dpt,13,0.0,NA,NA
JxPath,19,17,50%,DPT,13,0.0,NA,NA
JxPath,19,17,50%,STARTS,13,0.7222222222222222,13,0.28888888888888886
JxPath,19,17,50%,STARTS+FAST-S,13,0.0,NA,NA
JxPath,19,17,50%,STARTS+FAST-P,13,0.0,NA,NA
JxPath,19,17,50%,STARTS+DPT,13,0.0,NA,NA
JxPath,19,17,50%,Fastazi-S,13,0.7888888888888889,10,0.2222222222222222
JxPath,19,17,50%,Fastazi-P,13,0.7888888888888889,10,0.2222222222222222
JxPath,19,17,50%,Random,13,0.0,NA,NA
JxPath,19,17,60%,Ekstazi,16,0.0,NA,NA
JxPath,19,17,60%,FAST,16,0.7222222222222222,13,0.28888888888888886
JxPath,19,17,60%,Ekstazi+dpt,16,0.0,NA,NA
JxPath,19,17,60%,DPT,16,0.0,NA,NA
JxPath,19,17,60%,STARTS,16,0.7222222222222222,13,0.28888888888888886
JxPath,19,17,60%,STARTS+FAST-S,16,0.0,NA,NA
JxPath,19,17,60%,STARTS+FAST-P,16,0.0,NA,NA
JxPath,19,17,60%,STARTS+DPT,16,0.0,NA,NA
JxPath,19,17,60%,Fastazi-S,16,0.7888888888888889,10,0.2222222222222222
JxPath,19,17,60%,Fastazi-P,16,0.7888888888888889,10,0.2222222222222222
JxPath,19,17,60%,Random,16,0.0,NA,NA
JxPath,19,17,70%,Ekstazi,18,0.0,NA,NA
JxPath,19,17,70%,FAST,18,0.7222222222222222,13,0.28888888888888886
JxPath,19,17,70%,Ekstazi+dpt,18,0.0,NA,NA
JxPath,19,17,70%,DPT,18,0.0,NA,NA
JxPath,19,17,70%,STARTS,18,0.7222222222222222,13,0.28888888888888886
JxPath,19,17,70%,STARTS+FAST-S,18,0.0,NA,NA
JxPath,19,17,70%,STARTS+FAST-P,18,0.611111111111111,18,0.4
JxPath,19,17,70%,STARTS+DPT,18,0.0,NA,NA
JxPath,19,17,70%,Fastazi-S,18,0.7888888888888889,10,0.2222222222222222
JxPath,19,17,70%,Fastazi-P,18,0.7888888888888889,10,0.2222222222222222
JxPath,19,17,70%,Random,18,0.0,NA,NA
JxPath,19,17,75%,Ekstazi,20,0.0,NA,NA
JxPath,19,17,75%,FAST,20,0.7222222222222222,13,0.28888888888888886
JxPath,19,17,75%,Ekstazi+dpt,20,0.0,NA,NA
JxPath,19,17,75%,DPT,20,0.0,NA,NA
JxPath,19,17,75%,STARTS,20,0.7222222222222222,13,0.28888888888888886
JxPath,19,17,75%,STARTS+FAST-S,20,0.5666666666666667,20,0.4444444444444444
JxPath,19,17,75%,STARTS+FAST-P,20,0.611111111111111,18,0.4
JxPath,19,17,75%,STARTS+DPT,20,0.0,NA,NA
JxPath,19,17,75%,Fastazi-S,20,0.7888888888888889,10,0.2222222222222222
JxPath,19,17,75%,Fastazi-P,20,0.7888888888888889,10,0.2222222222222222
JxPath,19,17,75%,Random,20,0.0,NA,NA
JxPath,19,17,80%,Ekstazi,21,0.0,NA,NA
JxPath,19,17,80%,FAST,21,0.7222222222222222,13,0.28888888888888886
JxPath,19,17,80%,Ekstazi+dpt,21,0.0,NA,NA
JxPath,19,17,80%,DPT,21,0.0,NA,NA
JxPath,19,17,80%,STARTS,21,0.7222222222222222,13,0.28888888888888886
JxPath,19,17,80%,STARTS+FAST-S,21,0.5666666666666667,20,0.4444444444444444
JxPath,19,17,80%,STARTS+FAST-P,21,0.611111111111111,18,0.4
JxPath,19,17,80%,STARTS+DPT,21,0.0,NA,NA
JxPath,19,17,80%,Fastazi-S,21,0.7888888888888889,10,0.2222222222222222
JxPath,19,17,80%,Fastazi-P,21,0.7888888888888889,10,0.2222222222222222
JxPath,19,17,80%,Random,21,0.5444444444444444,21,0.4666666666666667
JxPath,19,17,90%,Ekstazi,24,0.5,23,0.5111111111111111
JxPath,19,17,90%,FAST,24,0.7222222222222222,13,0.28888888888888886
JxPath,19,17,90%,Ekstazi+dpt,24,0.5,23,0.5111111111111111
JxPath,19,17,90%,DPT,24,0.5,23,0.5111111111111111
JxPath,19,17,90%,STARTS,24,0.7222222222222222,13,0.28888888888888886
JxPath,19,17,90%,STARTS+FAST-S,24,0.5666666666666667,20,0.4444444444444444
JxPath,19,17,90%,STARTS+FAST-P,24,0.611111111111111,18,0.4
JxPath,19,17,90%,STARTS+DPT,24,0.5,23,0.5111111111111111
JxPath,19,17,90%,Fastazi-S,24,0.7888888888888889,10,0.2222222222222222
JxPath,19,17,90%,Fastazi-P,24,0.7888888888888889,10,0.2222222222222222
JxPath,19,17,90%,Random,24,0.5444444444444444,21,0.4666666666666667
JxPath,19,17,100%,Ekstazi,27,0.5,23,0.5111111111111111
JxPath,19,17,100%,FAST,27,0.7222222222222222,13,0.28888888888888886
JxPath,19,17,100%,Ekstazi+dpt,27,0.5,23,0.5111111111111111
JxPath,19,17,100%,DPT,27,0.5,23,0.5111111111111111
JxPath,19,17,100%,STARTS,27,0.7222222222222222,13,0.28888888888888886
JxPath,19,17,100%,STARTS+FAST-S,27,0.5666666666666667,20,0.4444444444444444
JxPath,19,17,100%,STARTS+FAST-P,27,0.611111111111111,18,0.4
JxPath,19,17,100%,STARTS+DPT,27,0.5,23,0.5111111111111111
JxPath,19,17,100%,Fastazi-S,27,0.7888888888888889,10,0.2222222222222222
JxPath,19,17,100%,Fastazi-P,27,0.7888888888888889,10,0.2222222222222222
JxPath,19,17,100%,Random,27,0.5444444444444444,21,0.4666666666666667
JxPath,19,18,10%,Ekstazi,2,0.0,NA,NA
JxPath,19,18,10%,FAST,2,0.0,NA,NA
JxPath,19,18,10%,Ekstazi+dpt,2,0.0,NA,NA
JxPath,19,18,10%,DPT,2,0.0,NA,NA
JxPath,19,18,10%,STARTS,2,0.0,NA,NA
JxPath,19,18,10%,STARTS+FAST-S,2,0.0,NA,NA
JxPath,19,18,10%,STARTS+FAST-P,2,0.0,NA,NA
JxPath,19,18,10%,STARTS+DPT,2,0.0,NA,NA
JxPath,19,18,10%,Fastazi-S,2,0.0,NA,NA
JxPath,19,18,10%,Fastazi-P,2,0.0,NA,NA
JxPath,19,18,10%,Random,2,0.0,NA,NA
JxPath,19,18,20%,Ekstazi,5,0.8999999999999999,5,0.1111111111111111
JxPath,19,18,20%,FAST,5,0.0,NA,NA
JxPath,19,18,20%,Ekstazi+dpt,5,0.0,NA,NA
JxPath,19,18,20%,DPT,5,0.0,NA,NA
JxPath,19,18,20%,STARTS,5,0.0,NA,NA
JxPath,19,18,20%,STARTS+FAST-S,5,0.0,NA,NA
JxPath,19,18,20%,STARTS+FAST-P,5,0.0,NA,NA
JxPath,19,18,20%,STARTS+DPT,5,0.0,NA,NA
JxPath,19,18,20%,Fastazi-S,5,0.0,NA,NA
JxPath,19,18,20%,Fastazi-P,5,0.0,NA,NA
JxPath,19,18,20%,Random,5,0.0,NA,NA
JxPath,19,18,25%,Ekstazi,6,0.8999999999999999,5,0.1111111111111111
JxPath,19,18,25%,FAST,6,0.0,NA,NA
JxPath,19,18,25%,Ekstazi+dpt,6,0.0,NA,NA
JxPath,19,18,25%,DPT,6,0.0,NA,NA
JxPath,19,18,25%,STARTS,6,0.0,NA,NA
JxPath,19,18,25%,STARTS+FAST-S,6,0.0,NA,NA
JxPath,19,18,25%,STARTS+FAST-P,6,0.0,NA,NA
JxPath,19,18,25%,STARTS+DPT,6,0.0,NA,NA
JxPath,19,18,25%,Fastazi-S,6,0.0,NA,NA
JxPath,19,18,25%,Fastazi-P,6,0.0,NA,NA
JxPath,19,18,25%,Random,6,0.0,NA,NA
JxPath,19,18,30%,Ekstazi,8,0.8999999999999999,5,0.1111111111111111
JxPath,19,18,30%,FAST,8,0.0,NA,NA
JxPath,19,18,30%,Ekstazi+dpt,8,0.0,NA,NA
JxPath,19,18,30%,DPT,8,0.0,NA,NA
JxPath,19,18,30%,STARTS,8,0.0,NA,NA
JxPath,19,18,30%,STARTS+FAST-S,8,0.0,NA,NA
JxPath,19,18,30%,STARTS+FAST-P,8,0.0,NA,NA
JxPath,19,18,30%,STARTS+DPT,8,0.0,NA,NA
JxPath,19,18,30%,Fastazi-S,8,0.0,NA,NA
JxPath,19,18,30%,Fastazi-P,8,0.0,NA,NA
JxPath,19,18,30%,Random,8,0.0,NA,NA
JxPath,19,18,40%,Ekstazi,10,0.8999999999999999,5,0.1111111111111111
JxPath,19,18,40%,FAST,10,0.0,NA,NA
JxPath,19,18,40%,Ekstazi+dpt,10,0.0,NA,NA
JxPath,19,18,40%,DPT,10,0.0,NA,NA
JxPath,19,18,40%,STARTS,10,0.0,NA,NA
JxPath,19,18,40%,STARTS+FAST-S,10,0.0,NA,NA
JxPath,19,18,40%,STARTS+FAST-P,10,0.0,NA,NA
JxPath,19,18,40%,STARTS+DPT,10,0.0,NA,NA
JxPath,19,18,40%,Fastazi-S,10,0.0,NA,NA
JxPath,19,18,40%,Fastazi-P,10,0.8111111111111111,9,0.2
JxPath,19,18,40%,Random,10,0.0,NA,NA
JxPath,19,18,50%,Ekstazi,13,0.8999999999999999,5,0.1111111111111111
JxPath,19,18,50%,FAST,13,0.7666666666666666,11,0.24444444444444444
JxPath,19,18,50%,Ekstazi+dpt,13,0.0,NA,NA
JxPath,19,18,50%,DPT,13,0.0,NA,NA
JxPath,19,18,50%,STARTS,13,0.0,NA,NA
JxPath,19,18,50%,STARTS+FAST-S,13,0.0,NA,NA
JxPath,19,18,50%,STARTS+FAST-P,13,0.0,NA,NA
JxPath,19,18,50%,STARTS+DPT,13,0.0,NA,NA
JxPath,19,18,50%,Fastazi-S,13,0.7444444444444445,12,0.26666666666666666
JxPath,19,18,50%,Fastazi-P,13,0.8111111111111111,9,0.2
JxPath,19,18,50%,Random,13,0.0,NA,NA
JxPath,19,18,60%,Ekstazi,16,0.8999999999999999,5,0.1111111111111111
JxPath,19,18,60%,FAST,16,0.7666666666666666,11,0.24444444444444444
JxPath,19,18,60%,Ekstazi+dpt,16,0.0,NA,NA
JxPath,19,18,60%,DPT,16,0.0,NA,NA
JxPath,19,18,60%,STARTS,16,0.0,NA,NA
JxPath,19,18,60%,STARTS+FAST-S,16,0.0,NA,NA
JxPath,19,18,60%,STARTS+FAST-P,16,0.0,NA,NA
JxPath,19,18,60%,STARTS+DPT,16,0.0,NA,NA
JxPath,19,18,60%,Fastazi-S,16,0.7444444444444445,12,0.26666666666666666
JxPath,19,18,60%,Fastazi-P,16,0.8111111111111111,9,0.2
JxPath,19,18,60%,Random,16,0.0,NA,NA
JxPath,19,18,70%,Ekstazi,18,0.8999999999999999,5,0.1111111111111111
JxPath,19,18,70%,FAST,18,0.7666666666666666,11,0.24444444444444444
JxPath,19,18,70%,Ekstazi+dpt,18,0.0,NA,NA
JxPath,19,18,70%,DPT,18,0.0,NA,NA
JxPath,19,18,70%,STARTS,18,0.0,NA,NA
JxPath,19,18,70%,STARTS+FAST-S,18,0.0,NA,NA
JxPath,19,18,70%,STARTS+FAST-P,18,0.611111111111111,18,0.4
JxPath,19,18,70%,STARTS+DPT,18,0.0,NA,NA
JxPath,19,18,70%,Fastazi-S,18,0.7444444444444445,12,0.26666666666666666
JxPath,19,18,70%,Fastazi-P,18,0.8111111111111111,9,0.2
JxPath,19,18,70%,Random,18,0.0,NA,NA
JxPath,19,18,75%,Ekstazi,20,0.8999999999999999,5,0.1111111111111111
JxPath,19,18,75%,FAST,20,0.7666666666666666,11,0.24444444444444444
JxPath,19,18,75%,Ekstazi+dpt,20,0.0,NA,NA
JxPath,19,18,75%,DPT,20,0.0,NA,NA
JxPath,19,18,75%,STARTS,20,0.0,NA,NA
JxPath,19,18,75%,STARTS+FAST-S,20,0.5666666666666667,20,0.4444444444444444
JxPath,19,18,75%,STARTS+FAST-P,20,0.611111111111111,18,0.4
JxPath,19,18,75%,STARTS+DPT,20,0.0,NA,NA
JxPath,19,18,75%,Fastazi-S,20,0.7444444444444445,12,0.26666666666666666
JxPath,19,18,75%,Fastazi-P,20,0.8111111111111111,9,0.2
JxPath,19,18,75%,Random,20,0.0,NA,NA
JxPath,19,18,80%,Ekstazi,21,0.8999999999999999,5,0.1111111111111111
JxPath,19,18,80%,FAST,21,0.7666666666666666,11,0.24444444444444444
JxPath,19,18,80%,Ekstazi+dpt,21,0.0,NA,NA
JxPath,19,18,80%,DPT,21,0.0,NA,NA
JxPath,19,18,80%,STARTS,21,0.0,NA,NA
JxPath,19,18,80%,STARTS+FAST-S,21,0.5666666666666667,20,0.4444444444444444
JxPath,19,18,80%,STARTS+FAST-P,21,0.611111111111111,18,0.4
JxPath,19,18,80%,STARTS+DPT,21,0.0,NA,NA
JxPath,19,18,80%,Fastazi-S,21,0.7444444444444445,12,0.26666666666666666
JxPath,19,18,80%,Fastazi-P,21,0.8111111111111111,9,0.2
JxPath,19,18,80%,Random,21,0.0,NA,NA
JxPath,19,18,90%,Ekstazi,24,0.8999999999999999,5,0.1111111111111111
JxPath,19,18,90%,FAST,24,0.7666666666666666,11,0.24444444444444444
JxPath,19,18,90%,Ekstazi+dpt,24,0.5222222222222221,22,0.4888888888888889
JxPath,19,18,90%,DPT,24,0.5,23,0.5111111111111111
JxPath,19,18,90%,STARTS,24,0.5222222222222221,22,0.4888888888888889
JxPath,19,18,90%,STARTS+FAST-S,24,0.5666666666666667,20,0.4444444444444444
JxPath,19,18,90%,STARTS+FAST-P,24,0.611111111111111,18,0.4
JxPath,19,18,90%,STARTS+DPT,24,0.5222222222222221,22,0.4888888888888889
JxPath,19,18,90%,Fastazi-S,24,0.7444444444444445,12,0.26666666666666666
JxPath,19,18,90%,Fastazi-P,24,0.8111111111111111,9,0.2
JxPath,19,18,90%,Random,24,0.4777777777777778,24,0.5333333333333333
JxPath,19,18,100%,Ekstazi,27,0.8999999999999999,5,0.1111111111111111
JxPath,19,18,100%,FAST,27,0.7666666666666666,11,0.24444444444444444
JxPath,19,18,100%,Ekstazi+dpt,27,0.5222222222222221,22,0.4888888888888889
JxPath,19,18,100%,DPT,27,0.5,23,0.5111111111111111
JxPath,19,18,100%,STARTS,27,0.5222222222222221,22,0.4888888888888889
JxPath,19,18,100%,STARTS+FAST-S,27,0.5666666666666667,20,0.4444444444444444
JxPath,19,18,100%,STARTS+FAST-P,27,0.611111111111111,18,0.4
JxPath,19,18,100%,STARTS+DPT,27,0.5222222222222221,22,0.4888888888888889
JxPath,19,18,100%,Fastazi-S,27,0.7444444444444445,12,0.26666666666666666
JxPath,19,18,100%,Fastazi-P,27,0.8111111111111111,9,0.2
JxPath,19,18,100%,Random,27,0.4777777777777778,24,0.5333333333333333
JxPath,19,19,10%,Ekstazi,2,0.0,NA,NA
JxPath,19,19,10%,FAST,2,0.9888888888888888,1,0.022222222222222223
JxPath,19,19,10%,Ekstazi+dpt,2,0.0,NA,NA
JxPath,19,19,10%,DPT,2,0.0,NA,NA
JxPath,19,19,10%,STARTS,2,0.0,NA,NA
JxPath,19,19,10%,STARTS+FAST-S,2,0.0,NA,NA
JxPath,19,19,10%,STARTS+FAST-P,2,0.0,NA,NA
JxPath,19,19,10%,STARTS+DPT,2,0.0,NA,NA
JxPath,19,19,10%,Fastazi-S,2,0.0,NA,NA
JxPath,19,19,10%,Fastazi-P,2,0.9888888888888888,1,0.022222222222222223
JxPath,19,19,10%,Random,2,0.0,NA,NA
JxPath,19,19,20%,Ekstazi,5,0.0,NA,NA
JxPath,19,19,20%,FAST,5,0.9888888888888888,1,0.022222222222222223
JxPath,19,19,20%,Ekstazi+dpt,5,0.0,NA,NA
JxPath,19,19,20%,DPT,5,0.0,NA,NA
JxPath,19,19,20%,STARTS,5,0.0,NA,NA
JxPath,19,19,20%,STARTS+FAST-S,5,0.0,NA,NA
JxPath,19,19,20%,STARTS+FAST-P,5,0.0,NA,NA
JxPath,19,19,20%,STARTS+DPT,5,0.0,NA,NA
JxPath,19,19,20%,Fastazi-S,5,0.0,NA,NA
JxPath,19,19,20%,Fastazi-P,5,0.9888888888888888,1,0.022222222222222223
JxPath,19,19,20%,Random,5,0.0,NA,NA
JxPath,19,19,25%,Ekstazi,6,0.0,NA,NA
JxPath,19,19,25%,FAST,6,0.9888888888888888,1,0.022222222222222223
JxPath,19,19,25%,Ekstazi+dpt,6,0.0,NA,NA
JxPath,19,19,25%,DPT,6,0.0,NA,NA
JxPath,19,19,25%,STARTS,6,0.0,NA,NA
JxPath,19,19,25%,STARTS+FAST-S,6,0.0,NA,NA
JxPath,19,19,25%,STARTS+FAST-P,6,0.0,NA,NA
JxPath,19,19,25%,STARTS+DPT,6,0.0,NA,NA
JxPath,19,19,25%,Fastazi-S,6,0.0,NA,NA
JxPath,19,19,25%,Fastazi-P,6,0.9888888888888888,1,0.022222222222222223
JxPath,19,19,25%,Random,6,0.0,NA,NA
JxPath,19,19,30%,Ekstazi,8,0.0,NA,NA
JxPath,19,19,30%,FAST,8,0.9888888888888888,1,0.022222222222222223
JxPath,19,19,30%,Ekstazi+dpt,8,0.0,NA,NA
JxPath,19,19,30%,DPT,8,0.0,NA,NA
JxPath,19,19,30%,STARTS,8,0.0,NA,NA
JxPath,19,19,30%,STARTS+FAST-S,8,0.8555555555555555,7,0.15555555555555556
JxPath,19,19,30%,STARTS+FAST-P,8,0.0,NA,NA
JxPath,19,19,30%,STARTS+DPT,8,0.0,NA,NA
JxPath,19,19,30%,Fastazi-S,8,0.0,NA,NA
JxPath,19,19,30%,Fastazi-P,8,0.9888888888888888,1,0.022222222222222223
JxPath,19,19,30%,Random,8,0.0,NA,NA
JxPath,19,19,40%,Ekstazi,10,0.0,NA,NA
JxPath,19,19,40%,FAST,10,0.9888888888888888,1,0.022222222222222223
JxPath,19,19,40%,Ekstazi+dpt,10,0.0,NA,NA
JxPath,19,19,40%,DPT,10,0.0,NA,NA
JxPath,19,19,40%,STARTS,10,0.0,NA,NA
JxPath,19,19,40%,STARTS+FAST-S,10,0.8555555555555555,7,0.15555555555555556
JxPath,19,19,40%,STARTS+FAST-P,10,0.0,NA,NA
JxPath,19,19,40%,STARTS+DPT,10,0.0,NA,NA
JxPath,19,19,40%,Fastazi-S,10,0.0,NA,NA
JxPath,19,19,40%,Fastazi-P,10,0.9888888888888888,1,0.022222222222222223
JxPath,19,19,40%,Random,10,0.7888888888888889,10,0.2222222222222222
JxPath,19,19,50%,Ekstazi,13,0.0,NA,NA
JxPath,19,19,50%,FAST,13,0.9888888888888888,1,0.022222222222222223
JxPath,19,19,50%,Ekstazi+dpt,13,0.0,NA,NA
JxPath,19,19,50%,DPT,13,0.0,NA,NA
JxPath,19,19,50%,STARTS,13,0.0,NA,NA
JxPath,19,19,50%,STARTS+FAST-S,13,0.8555555555555555,7,0.15555555555555556
JxPath,19,19,50%,STARTS+FAST-P,13,0.0,NA,NA
JxPath,19,19,50%,STARTS+DPT,13,0.0,NA,NA
JxPath,19,19,50%,Fastazi-S,13,0.7222222222222222,13,0.28888888888888886
JxPath,19,19,50%,Fastazi-P,13,0.9888888888888888,1,0.022222222222222223
JxPath,19,19,50%,Random,13,0.7888888888888889,10,0.2222222222222222
JxPath,19,19,60%,Ekstazi,16,0.0,NA,NA
JxPath,19,19,60%,FAST,16,0.9888888888888888,1,0.022222222222222223
JxPath,19,19,60%,Ekstazi+dpt,16,0.0,NA,NA
JxPath,19,19,60%,DPT,16,0.0,NA,NA
JxPath,19,19,60%,STARTS,16,0.7,14,0.3111111111111111
JxPath,19,19,60%,STARTS+FAST-S,16,0.8555555555555555,7,0.15555555555555556
JxPath,19,19,60%,STARTS+FAST-P,16,0.0,NA,NA
JxPath,19,19,60%,STARTS+DPT,16,0.0,NA,NA
JxPath,19,19,60%,Fastazi-S,16,0.7222222222222222,13,0.28888888888888886
JxPath,19,19,60%,Fastazi-P,16,0.9888888888888888,1,0.022222222222222223
JxPath,19,19,60%,Random,16,0.7888888888888889,10,0.2222222222222222
JxPath,19,19,70%,Ekstazi,18,0.0,NA,NA
JxPath,19,19,70%,FAST,18,0.9888888888888888,1,0.022222222222222223
JxPath,19,19,70%,Ekstazi+dpt,18,0.0,NA,NA
JxPath,19,19,70%,DPT,18,0.0,NA,NA
JxPath,19,19,70%,STARTS,18,0.7,14,0.3111111111111111
JxPath,19,19,70%,STARTS+FAST-S,18,0.8555555555555555,7,0.15555555555555556
JxPath,19,19,70%,STARTS+FAST-P,18,0.611111111111111,18,0.4
JxPath,19,19,70%,STARTS+DPT,18,0.0,NA,NA
JxPath,19,19,70%,Fastazi-S,18,0.7222222222222222,13,0.28888888888888886
JxPath,19,19,70%,Fastazi-P,18,0.9888888888888888,1,0.022222222222222223
JxPath,19,19,70%,Random,18,0.7888888888888889,10,0.2222222222222222
JxPath,19,19,75%,Ekstazi,20,0.0,NA,NA
JxPath,19,19,75%,FAST,20,0.9888888888888888,1,0.022222222222222223
JxPath,19,19,75%,Ekstazi+dpt,20,0.0,NA,NA
JxPath,19,19,75%,DPT,20,0.0,NA,NA
JxPath,19,19,75%,STARTS,20,0.7,14,0.3111111111111111
JxPath,19,19,75%,STARTS+FAST-S,20,0.8555555555555555,7,0.15555555555555556
JxPath,19,19,75%,STARTS+FAST-P,20,0.611111111111111,18,0.4
JxPath,19,19,75%,STARTS+DPT,20,0.0,NA,NA
JxPath,19,19,75%,Fastazi-S,20,0.7222222222222222,13,0.28888888888888886
JxPath,19,19,75%,Fastazi-P,20,0.9888888888888888,1,0.022222222222222223
JxPath,19,19,75%,Random,20,0.7888888888888889,10,0.2222222222222222
JxPath,19,19,80%,Ekstazi,21,0.0,NA,NA
JxPath,19,19,80%,FAST,21,0.9888888888888888,1,0.022222222222222223
JxPath,19,19,80%,Ekstazi+dpt,21,0.0,NA,NA
JxPath,19,19,80%,DPT,21,0.0,NA,NA
JxPath,19,19,80%,STARTS,21,0.7,14,0.3111111111111111
JxPath,19,19,80%,STARTS+FAST-S,21,0.8555555555555555,7,0.15555555555555556
JxPath,19,19,80%,STARTS+FAST-P,21,0.611111111111111,18,0.4
JxPath,19,19,80%,STARTS+DPT,21,0.0,NA,NA
JxPath,19,19,80%,Fastazi-S,21,0.7222222222222222,13,0.28888888888888886
JxPath,19,19,80%,Fastazi-P,21,0.9888888888888888,1,0.022222222222222223
JxPath,19,19,80%,Random,21,0.7888888888888889,10,0.2222222222222222
JxPath,19,19,90%,Ekstazi,24,0.0,NA,NA
JxPath,19,19,90%,FAST,24,0.9888888888888888,1,0.022222222222222223
JxPath,19,19,90%,Ekstazi+dpt,24,0.5222222222222221,22,0.4888888888888889
JxPath,19,19,90%,DPT,24,0.5,23,0.5111111111111111
JxPath,19,19,90%,STARTS,24,0.7,14,0.3111111111111111
JxPath,19,19,90%,STARTS+FAST-S,24,0.8555555555555555,7,0.15555555555555556
JxPath,19,19,90%,STARTS+FAST-P,24,0.611111111111111,18,0.4
JxPath,19,19,90%,STARTS+DPT,24,0.5,23,0.5111111111111111
JxPath,19,19,90%,Fastazi-S,24,0.7222222222222222,13,0.28888888888888886
JxPath,19,19,90%,Fastazi-P,24,0.9888888888888888,1,0.022222222222222223
JxPath,19,19,90%,Random,24,0.7888888888888889,10,0.2222222222222222
JxPath,19,19,100%,Ekstazi,27,0.4333333333333334,26,0.5777777777777777
JxPath,19,19,100%,FAST,27,0.9888888888888888,1,0.022222222222222223
JxPath,19,19,100%,Ekstazi+dpt,27,0.5222222222222221,22,0.4888888888888889
JxPath,19,19,100%,DPT,27,0.5,23,0.5111111111111111
JxPath,19,19,100%,STARTS,27,0.7,14,0.3111111111111111
JxPath,19,19,100%,STARTS+FAST-S,27,0.8555555555555555,7,0.15555555555555556
JxPath,19,19,100%,STARTS+FAST-P,27,0.611111111111111,18,0.4
JxPath,19,19,100%,STARTS+DPT,27,0.5,23,0.5111111111111111
JxPath,19,19,100%,Fastazi-S,27,0.7222222222222222,13,0.28888888888888886
JxPath,19,19,100%,Fastazi-P,27,0.9888888888888888,1,0.022222222222222223
JxPath,19,19,100%,Random,27,0.7888888888888889,10,0.2222222222222222
JxPath,19,20,10%,Ekstazi,2,0.0,NA,NA
JxPath,19,20,10%,FAST,2,0.0,NA,NA
JxPath,19,20,10%,Ekstazi+dpt,2,0.0,NA,NA
JxPath,19,20,10%,DPT,2,0.0,NA,NA
JxPath,19,20,10%,STARTS,2,0.0,NA,NA
JxPath,19,20,10%,STARTS+FAST-S,2,0.0,NA,NA
JxPath,19,20,10%,STARTS+FAST-P,2,0.0,NA,NA
JxPath,19,20,10%,STARTS+DPT,2,0.0,NA,NA
JxPath,19,20,10%,Fastazi-S,2,0.0,NA,NA
JxPath,19,20,10%,Fastazi-P,2,0.0,NA,NA
JxPath,19,20,10%,Random,2,0.0,NA,NA
JxPath,19,20,20%,Ekstazi,5,0.0,NA,NA
JxPath,19,20,20%,FAST,5,0.0,NA,NA
JxPath,19,20,20%,Ekstazi+dpt,5,0.0,NA,NA
JxPath,19,20,20%,DPT,5,0.0,NA,NA
JxPath,19,20,20%,STARTS,5,0.0,NA,NA
JxPath,19,20,20%,STARTS+FAST-S,5,0.0,NA,NA
JxPath,19,20,20%,STARTS+FAST-P,5,0.0,NA,NA
JxPath,19,20,20%,STARTS+DPT,5,0.0,NA,NA
JxPath,19,20,20%,Fastazi-S,5,0.0,NA,NA
JxPath,19,20,20%,Fastazi-P,5,0.0,NA,NA
JxPath,19,20,20%,Random,5,0.0,NA,NA
JxPath,19,20,25%,Ekstazi,6,0.0,NA,NA
JxPath,19,20,25%,FAST,6,0.0,NA,NA
JxPath,19,20,25%,Ekstazi+dpt,6,0.0,NA,NA
JxPath,19,20,25%,DPT,6,0.0,NA,NA
JxPath,19,20,25%,STARTS,6,0.0,NA,NA
JxPath,19,20,25%,STARTS+FAST-S,6,0.0,NA,NA
JxPath,19,20,25%,STARTS+FAST-P,6,0.0,NA,NA
JxPath,19,20,25%,STARTS+DPT,6,0.0,NA,NA
JxPath,19,20,25%,Fastazi-S,6,0.0,NA,NA
JxPath,19,20,25%,Fastazi-P,6,0.0,NA,NA
JxPath,19,20,25%,Random,6,0.0,NA,NA
JxPath,19,20,30%,Ekstazi,8,0.0,NA,NA
JxPath,19,20,30%,FAST,8,0.0,NA,NA
JxPath,19,20,30%,Ekstazi+dpt,8,0.0,NA,NA
JxPath,19,20,30%,DPT,8,0.0,NA,NA
JxPath,19,20,30%,STARTS,8,0.0,NA,NA
JxPath,19,20,30%,STARTS+FAST-S,8,0.0,NA,NA
JxPath,19,20,30%,STARTS+FAST-P,8,0.0,NA,NA
JxPath,19,20,30%,STARTS+DPT,8,0.0,NA,NA
JxPath,19,20,30%,Fastazi-S,8,0.0,NA,NA
JxPath,19,20,30%,Fastazi-P,8,0.0,NA,NA
JxPath,19,20,30%,Random,8,0.0,NA,NA
JxPath,19,20,40%,Ekstazi,10,0.0,NA,NA
JxPath,19,20,40%,FAST,10,0.0,NA,NA
JxPath,19,20,40%,Ekstazi+dpt,10,0.0,NA,NA
JxPath,19,20,40%,DPT,10,0.0,NA,NA
JxPath,19,20,40%,STARTS,10,0.0,NA,NA
JxPath,19,20,40%,STARTS+FAST-S,10,0.0,NA,NA
JxPath,19,20,40%,STARTS+FAST-P,10,0.0,NA,NA
JxPath,19,20,40%,STARTS+DPT,10,0.0,NA,NA
JxPath,19,20,40%,Fastazi-S,10,0.0,NA,NA
JxPath,19,20,40%,Fastazi-P,10,0.0,NA,NA
JxPath,19,20,40%,Random,10,0.0,NA,NA
JxPath,19,20,50%,Ekstazi,13,0.0,NA,NA
JxPath,19,20,50%,FAST,13,0.0,NA,NA
JxPath,19,20,50%,Ekstazi+dpt,13,0.0,NA,NA
JxPath,19,20,50%,DPT,13,0.0,NA,NA
JxPath,19,20,50%,STARTS,13,0.0,NA,NA
JxPath,19,20,50%,STARTS+FAST-S,13,0.0,NA,NA
JxPath,19,20,50%,STARTS+FAST-P,13,0.0,NA,NA
JxPath,19,20,50%,STARTS+DPT,13,0.0,NA,NA
JxPath,19,20,50%,Fastazi-S,13,0.7222222222222222,13,0.28888888888888886
JxPath,19,20,50%,Fastazi-P,13,0.7666666666666666,11,0.24444444444444444
JxPath,19,20,50%,Random,13,0.0,NA,NA
JxPath,19,20,60%,Ekstazi,16,0.0,NA,NA
JxPath,19,20,60%,FAST,16,0.7,14,0.3111111111111111
JxPath,19,20,60%,Ekstazi+dpt,16,0.0,NA,NA
JxPath,19,20,60%,DPT,16,0.0,NA,NA
JxPath,19,20,60%,STARTS,16,0.7,14,0.3111111111111111
JxPath,19,20,60%,STARTS+FAST-S,16,0.0,NA,NA
JxPath,19,20,60%,STARTS+FAST-P,16,0.0,NA,NA
JxPath,19,20,60%,STARTS+DPT,16,0.0,NA,NA
JxPath,19,20,60%,Fastazi-S,16,0.7222222222222222,13,0.28888888888888886
JxPath,19,20,60%,Fastazi-P,16,0.7666666666666666,11,0.24444444444444444
JxPath,19,20,60%,Random,16,0.0,NA,NA
JxPath,19,20,70%,Ekstazi,18,0.0,NA,NA
JxPath,19,20,70%,FAST,18,0.7,14,0.3111111111111111
JxPath,19,20,70%,Ekstazi+dpt,18,0.0,NA,NA
JxPath,19,20,70%,DPT,18,0.0,NA,NA
JxPath,19,20,70%,STARTS,18,0.7,14,0.3111111111111111
JxPath,19,20,70%,STARTS+FAST-S,18,0.611111111111111,18,0.4
JxPath,19,20,70%,STARTS+FAST-P,18,0.611111111111111,18,0.4
JxPath,19,20,70%,STARTS+DPT,18,0.0,NA,NA
JxPath,19,20,70%,Fastazi-S,18,0.7222222222222222,13,0.28888888888888886
JxPath,19,20,70%,Fastazi-P,18,0.7666666666666666,11,0.24444444444444444
JxPath,19,20,70%,Random,18,0.6333333333333333,17,0.37777777777777777
JxPath,19,20,75%,Ekstazi,20,0.0,NA,NA
JxPath,19,20,75%,FAST,20,0.7,14,0.3111111111111111
JxPath,19,20,75%,Ekstazi+dpt,20,0.0,NA,NA
JxPath,19,20,75%,DPT,20,0.0,NA,NA
JxPath,19,20,75%,STARTS,20,0.7,14,0.3111111111111111
JxPath,19,20,75%,STARTS+FAST-S,20,0.611111111111111,18,0.4
JxPath,19,20,75%,STARTS+FAST-P,20,0.611111111111111,18,0.4
JxPath,19,20,75%,STARTS+DPT,20,0.0,NA,NA
JxPath,19,20,75%,Fastazi-S,20,0.7222222222222222,13,0.28888888888888886
JxPath,19,20,75%,Fastazi-P,20,0.7666666666666666,11,0.24444444444444444
JxPath,19,20,75%,Random,20,0.6333333333333333,17,0.37777777777777777
JxPath,19,20,80%,Ekstazi,21,0.0,NA,NA
JxPath,19,20,80%,FAST,21,0.7,14,0.3111111111111111
JxPath,19,20,80%,Ekstazi+dpt,21,0.0,NA,NA
JxPath,19,20,80%,DPT,21,0.0,NA,NA
JxPath,19,20,80%,STARTS,21,0.7,14,0.3111111111111111
JxPath,19,20,80%,STARTS+FAST-S,21,0.611111111111111,18,0.4
JxPath,19,20,80%,STARTS+FAST-P,21,0.611111111111111,18,0.4
JxPath,19,20,80%,STARTS+DPT,21,0.0,NA,NA
JxPath,19,20,80%,Fastazi-S,21,0.7222222222222222,13,0.28888888888888886
JxPath,19,20,80%,Fastazi-P,21,0.7666666666666666,11,0.24444444444444444
JxPath,19,20,80%,Random,21,0.6333333333333333,17,0.37777777777777777
JxPath,19,20,90%,Ekstazi,24,0.0,NA,NA
JxPath,19,20,90%,FAST,24,0.7,14,0.3111111111111111
JxPath,19,20,90%,Ekstazi+dpt,24,0.5222222222222221,22,0.4888888888888889
JxPath,19,20,90%,DPT,24,0.5222222222222221,22,0.4888888888888889
JxPath,19,20,90%,STARTS,24,0.7,14,0.3111111111111111
JxPath,19,20,90%,STARTS+FAST-S,24,0.611111111111111,18,0.4
JxPath,19,20,90%,STARTS+FAST-P,24,0.611111111111111,18,0.4
JxPath,19,20,90%,STARTS+DPT,24,0.5222222222222221,22,0.4888888888888889
JxPath,19,20,90%,Fastazi-S,24,0.7222222222222222,13,0.28888888888888886
JxPath,19,20,90%,Fastazi-P,24,0.7666666666666666,11,0.24444444444444444
JxPath,19,20,90%,Random,24,0.6333333333333333,17,0.37777777777777777
JxPath,19,20,100%,Ekstazi,27,0.4333333333333334,26,0.5777777777777777
JxPath,19,20,100%,FAST,27,0.7,14,0.3111111111111111
JxPath,19,20,100%,Ekstazi+dpt,27,0.5222222222222221,22,0.4888888888888889
JxPath,19,20,100%,DPT,27,0.5222222222222221,22,0.4888888888888889
JxPath,19,20,100%,STARTS,27,0.7,14,0.3111111111111111
JxPath,19,20,100%,STARTS+FAST-S,27,0.611111111111111,18,0.4
JxPath,19,20,100%,STARTS+FAST-P,27,0.611111111111111,18,0.4
JxPath,19,20,100%,STARTS+DPT,27,0.5222222222222221,22,0.4888888888888889
JxPath,19,20,100%,Fastazi-S,27,0.7222222222222222,13,0.28888888888888886
JxPath,19,20,100%,Fastazi-P,27,0.7666666666666666,11,0.24444444444444444
JxPath,19,20,100%,Random,27,0.6333333333333333,17,0.37777777777777777
JxPath,19,21,10%,Ekstazi,2,0.0,NA,NA
JxPath,19,21,10%,FAST,2,0.0,NA,NA
JxPath,19,21,10%,Ekstazi+dpt,2,0.0,NA,NA
JxPath,19,21,10%,DPT,2,0.0,NA,NA
JxPath,19,21,10%,STARTS,2,0.0,NA,NA
JxPath,19,21,10%,STARTS+FAST-S,2,0.0,NA,NA
JxPath,19,21,10%,STARTS+FAST-P,2,0.0,NA,NA
JxPath,19,21,10%,STARTS+DPT,2,0.0,NA,NA
JxPath,19,21,10%,Fastazi-S,2,0.0,NA,NA
JxPath,19,21,10%,Fastazi-P,2,0.0,NA,NA
JxPath,19,21,10%,Random,2,0.0,NA,NA
JxPath,19,21,20%,Ekstazi,5,0.0,NA,NA
JxPath,19,21,20%,FAST,5,0.0,NA,NA
JxPath,19,21,20%,Ekstazi+dpt,5,0.0,NA,NA
JxPath,19,21,20%,DPT,5,0.0,NA,NA
JxPath,19,21,20%,STARTS,5,0.0,NA,NA
JxPath,19,21,20%,STARTS+FAST-S,5,0.0,NA,NA
JxPath,19,21,20%,STARTS+FAST-P,5,0.0,NA,NA
JxPath,19,21,20%,STARTS+DPT,5,0.0,NA,NA
JxPath,19,21,20%,Fastazi-S,5,0.0,NA,NA
JxPath,19,21,20%,Fastazi-P,5,0.0,NA,NA
JxPath,19,21,20%,Random,5,0.0,NA,NA
JxPath,19,21,25%,Ekstazi,6,0.0,NA,NA
JxPath,19,21,25%,FAST,6,0.0,NA,NA
JxPath,19,21,25%,Ekstazi+dpt,6,0.0,NA,NA
JxPath,19,21,25%,DPT,6,0.0,NA,NA
JxPath,19,21,25%,STARTS,6,0.0,NA,NA
JxPath,19,21,25%,STARTS+FAST-S,6,0.0,NA,NA
JxPath,19,21,25%,STARTS+FAST-P,6,0.0,NA,NA
JxPath,19,21,25%,STARTS+DPT,6,0.0,NA,NA
JxPath,19,21,25%,Fastazi-S,6,0.0,NA,NA
JxPath,19,21,25%,Fastazi-P,6,0.0,NA,NA
JxPath,19,21,25%,Random,6,0.0,NA,NA
JxPath,19,21,30%,Ekstazi,8,0.0,NA,NA
JxPath,19,21,30%,FAST,8,0.0,NA,NA
JxPath,19,21,30%,Ekstazi+dpt,8,0.0,NA,NA
JxPath,19,21,30%,DPT,8,0.0,NA,NA
JxPath,19,21,30%,STARTS,8,0.0,NA,NA
JxPath,19,21,30%,STARTS+FAST-S,8,0.0,NA,NA
JxPath,19,21,30%,STARTS+FAST-P,8,0.0,NA,NA
JxPath,19,21,30%,STARTS+DPT,8,0.0,NA,NA
JxPath,19,21,30%,Fastazi-S,8,0.0,NA,NA
JxPath,19,21,30%,Fastazi-P,8,0.0,NA,NA
JxPath,19,21,30%,Random,8,0.0,NA,NA
JxPath,19,21,40%,Ekstazi,10,0.0,NA,NA
JxPath,19,21,40%,FAST,10,0.0,NA,NA
JxPath,19,21,40%,Ekstazi+dpt,10,0.0,NA,NA
JxPath,19,21,40%,DPT,10,0.0,NA,NA
JxPath,19,21,40%,STARTS,10,0.0,NA,NA
JxPath,19,21,40%,STARTS+FAST-S,10,0.0,NA,NA
JxPath,19,21,40%,STARTS+FAST-P,10,0.0,NA,NA
JxPath,19,21,40%,STARTS+DPT,10,0.0,NA,NA
JxPath,19,21,40%,Fastazi-S,10,0.7888888888888889,10,0.2222222222222222
JxPath,19,21,40%,Fastazi-P,10,0.8111111111111111,9,0.2
JxPath,19,21,40%,Random,10,0.0,NA,NA
JxPath,19,21,50%,Ekstazi,13,0.0,NA,NA
JxPath,19,21,50%,FAST,13,0.7444444444444445,12,0.26666666666666666
JxPath,19,21,50%,Ekstazi+dpt,13,0.0,NA,NA
JxPath,19,21,50%,DPT,13,0.0,NA,NA
JxPath,19,21,50%,STARTS,13,0.0,NA,NA
JxPath,19,21,50%,STARTS+FAST-S,13,0.0,NA,NA
JxPath,19,21,50%,STARTS+FAST-P,13,0.0,NA,NA
JxPath,19,21,50%,STARTS+DPT,13,0.0,NA,NA
JxPath,19,21,50%,Fastazi-S,13,0.7888888888888889,10,0.2222222222222222
JxPath,19,21,50%,Fastazi-P,13,0.8111111111111111,9,0.2
JxPath,19,21,50%,Random,13,0.0,NA,NA
JxPath,19,21,60%,Ekstazi,16,0.6555555555555554,16,0.35555555555555557
JxPath,19,21,60%,FAST,16,0.7444444444444445,12,0.26666666666666666
JxPath,19,21,60%,Ekstazi+dpt,16,0.0,NA,NA
JxPath,19,21,60%,DPT,16,0.0,NA,NA
JxPath,19,21,60%,STARTS,16,0.0,NA,NA
JxPath,19,21,60%,STARTS+FAST-S,16,0.0,NA,NA
JxPath,19,21,60%,STARTS+FAST-P,16,0.0,NA,NA
JxPath,19,21,60%,STARTS+DPT,16,0.0,NA,NA
JxPath,19,21,60%,Fastazi-S,16,0.7888888888888889,10,0.2222222222222222
JxPath,19,21,60%,Fastazi-P,16,0.8111111111111111,9,0.2
JxPath,19,21,60%,Random,16,0.0,NA,NA
JxPath,19,21,70%,Ekstazi,18,0.6555555555555554,16,0.35555555555555557
JxPath,19,21,70%,FAST,18,0.7444444444444445,12,0.26666666666666666
JxPath,19,21,70%,Ekstazi+dpt,18,0.0,NA,NA
JxPath,19,21,70%,DPT,18,0.0,NA,NA
JxPath,19,21,70%,STARTS,18,0.0,NA,NA
JxPath,19,21,70%,STARTS+FAST-S,18,0.611111111111111,18,0.4
JxPath,19,21,70%,STARTS+FAST-P,18,0.0,NA,NA
JxPath,19,21,70%,STARTS+DPT,18,0.0,NA,NA
JxPath,19,21,70%,Fastazi-S,18,0.7888888888888889,10,0.2222222222222222
JxPath,19,21,70%,Fastazi-P,18,0.8111111111111111,9,0.2
JxPath,19,21,70%,Random,18,0.0,NA,NA
JxPath,19,21,75%,Ekstazi,20,0.6555555555555554,16,0.35555555555555557
JxPath,19,21,75%,FAST,20,0.7444444444444445,12,0.26666666666666666
JxPath,19,21,75%,Ekstazi+dpt,20,0.0,NA,NA
JxPath,19,21,75%,DPT,20,0.0,NA,NA
JxPath,19,21,75%,STARTS,20,0.0,NA,NA
JxPath,19,21,75%,STARTS+FAST-S,20,0.611111111111111,18,0.4
JxPath,19,21,75%,STARTS+FAST-P,20,0.5888888888888888,19,0.4222222222222222
JxPath,19,21,75%,STARTS+DPT,20,0.0,NA,NA
JxPath,19,21,75%,Fastazi-S,20,0.7888888888888889,10,0.2222222222222222
JxPath,19,21,75%,Fastazi-P,20,0.8111111111111111,9,0.2
JxPath,19,21,75%,Random,20,0.0,NA,NA
JxPath,19,21,80%,Ekstazi,21,0.6555555555555554,16,0.35555555555555557
JxPath,19,21,80%,FAST,21,0.7444444444444445,12,0.26666666666666666
JxPath,19,21,80%,Ekstazi+dpt,21,0.0,NA,NA
JxPath,19,21,80%,DPT,21,0.0,NA,NA
JxPath,19,21,80%,STARTS,21,0.5444444444444444,21,0.4666666666666667
JxPath,19,21,80%,STARTS+FAST-S,21,0.611111111111111,18,0.4
JxPath,19,21,80%,STARTS+FAST-P,21,0.5888888888888888,19,0.4222222222222222
JxPath,19,21,80%,STARTS+DPT,21,0.0,NA,NA
JxPath,19,21,80%,Fastazi-S,21,0.7888888888888889,10,0.2222222222222222
JxPath,19,21,80%,Fastazi-P,21,0.8111111111111111,9,0.2
JxPath,19,21,80%,Random,21,0.0,NA,NA
JxPath,19,21,90%,Ekstazi,24,0.6555555555555554,16,0.35555555555555557
JxPath,19,21,90%,FAST,24,0.7444444444444445,12,0.26666666666666666
JxPath,19,21,90%,Ekstazi+dpt,24,0.5,23,0.5111111111111111
JxPath,19,21,90%,DPT,24,0.5,23,0.5111111111111111
JxPath,19,21,90%,STARTS,24,0.5444444444444444,21,0.4666666666666667
JxPath,19,21,90%,STARTS+FAST-S,24,0.611111111111111,18,0.4
JxPath,19,21,90%,STARTS+FAST-P,24,0.5888888888888888,19,0.4222222222222222
JxPath,19,21,90%,STARTS+DPT,24,0.5222222222222221,22,0.4888888888888889
JxPath,19,21,90%,Fastazi-S,24,0.7888888888888889,10,0.2222222222222222
JxPath,19,21,90%,Fastazi-P,24,0.8111111111111111,9,0.2
JxPath,19,21,90%,Random,24,0.4777777777777778,24,0.5333333333333333
JxPath,19,21,100%,Ekstazi,27,0.6555555555555554,16,0.35555555555555557
JxPath,19,21,100%,FAST,27,0.7444444444444445,12,0.26666666666666666
JxPath,19,21,100%,Ekstazi+dpt,27,0.5,23,0.5111111111111111
JxPath,19,21,100%,DPT,27,0.5,23,0.5111111111111111
JxPath,19,21,100%,STARTS,27,0.5444444444444444,21,0.4666666666666667
JxPath,19,21,100%,STARTS+FAST-S,27,0.611111111111111,18,0.4
JxPath,19,21,100%,STARTS+FAST-P,27,0.5888888888888888,19,0.4222222222222222
JxPath,19,21,100%,STARTS+DPT,27,0.5222222222222221,22,0.4888888888888889
JxPath,19,21,100%,Fastazi-S,27,0.7888888888888889,10,0.2222222222222222
JxPath,19,21,100%,Fastazi-P,27,0.8111111111111111,9,0.2
JxPath,19,21,100%,Random,27,0.4777777777777778,24,0.5333333333333333
JxPath,19,22,10%,Ekstazi,2,0.0,NA,NA
JxPath,19,22,10%,FAST,2,0.0,NA,NA
JxPath,19,22,10%,Ekstazi+dpt,2,0.0,NA,NA
JxPath,19,22,10%,DPT,2,0.0,NA,NA
JxPath,19,22,10%,STARTS,2,0.0,NA,NA
JxPath,19,22,10%,STARTS+FAST-S,2,0.0,NA,NA
JxPath,19,22,10%,STARTS+FAST-P,2,0.0,NA,NA
JxPath,19,22,10%,STARTS+DPT,2,0.0,NA,NA
JxPath,19,22,10%,Fastazi-S,2,0.9888888888888888,1,0.022222222222222223
JxPath,19,22,10%,Fastazi-P,2,0.0,NA,NA
JxPath,19,22,10%,Random,2,0.0,NA,NA
JxPath,19,22,20%,Ekstazi,5,0.9444444444444444,3,0.06666666666666667
JxPath,19,22,20%,FAST,5,0.0,NA,NA
JxPath,19,22,20%,Ekstazi+dpt,5,0.0,NA,NA
JxPath,19,22,20%,DPT,5,0.0,NA,NA
JxPath,19,22,20%,STARTS,5,0.0,NA,NA
JxPath,19,22,20%,STARTS+FAST-S,5,0.0,NA,NA
JxPath,19,22,20%,STARTS+FAST-P,5,0.0,NA,NA
JxPath,19,22,20%,STARTS+DPT,5,0.0,NA,NA
JxPath,19,22,20%,Fastazi-S,5,0.9888888888888888,1,0.022222222222222223
JxPath,19,22,20%,Fastazi-P,5,0.0,NA,NA
JxPath,19,22,20%,Random,5,0.0,NA,NA
JxPath,19,22,25%,Ekstazi,6,0.9444444444444444,3,0.06666666666666667
JxPath,19,22,25%,FAST,6,0.0,NA,NA
JxPath,19,22,25%,Ekstazi+dpt,6,0.0,NA,NA
JxPath,19,22,25%,DPT,6,0.0,NA,NA
JxPath,19,22,25%,STARTS,6,0.8777777777777778,6,0.13333333333333333
JxPath,19,22,25%,STARTS+FAST-S,6,0.0,NA,NA
JxPath,19,22,25%,STARTS+FAST-P,6,0.0,NA,NA
JxPath,19,22,25%,STARTS+DPT,6,0.0,NA,NA
JxPath,19,22,25%,Fastazi-S,6,0.9888888888888888,1,0.022222222222222223
JxPath,19,22,25%,Fastazi-P,6,0.0,NA,NA
JxPath,19,22,25%,Random,6,0.0,NA,NA
JxPath,19,22,30%,Ekstazi,8,0.9444444444444444,3,0.06666666666666667
JxPath,19,22,30%,FAST,8,0.0,NA,NA
JxPath,19,22,30%,Ekstazi+dpt,8,0.0,NA,NA
JxPath,19,22,30%,DPT,8,0.0,NA,NA
JxPath,19,22,30%,STARTS,8,0.8777777777777778,6,0.13333333333333333
JxPath,19,22,30%,STARTS+FAST-S,8,0.0,NA,NA
JxPath,19,22,30%,STARTS+FAST-P,8,0.0,NA,NA
JxPath,19,22,30%,STARTS+DPT,8,0.0,NA,NA
JxPath,19,22,30%,Fastazi-S,8,0.9888888888888888,1,0.022222222222222223
JxPath,19,22,30%,Fastazi-P,8,0.0,NA,NA
JxPath,19,22,30%,Random,8,0.0,NA,NA
JxPath,19,22,40%,Ekstazi,10,0.9444444444444444,3,0.06666666666666667
JxPath,19,22,40%,FAST,10,0.0,NA,NA
JxPath,19,22,40%,Ekstazi+dpt,10,0.0,NA,NA
JxPath,19,22,40%,DPT,10,0.0,NA,NA
JxPath,19,22,40%,STARTS,10,0.8777777777777778,6,0.13333333333333333
JxPath,19,22,40%,STARTS+FAST-S,10,0.0,NA,NA
JxPath,19,22,40%,STARTS+FAST-P,10,0.0,NA,NA
JxPath,19,22,40%,STARTS+DPT,10,0.0,NA,NA
JxPath,19,22,40%,Fastazi-S,10,0.9888888888888888,1,0.022222222222222223
JxPath,19,22,40%,Fastazi-P,10,0.0,NA,NA
JxPath,19,22,40%,Random,10,0.0,NA,NA
JxPath,19,22,50%,Ekstazi,13,0.9444444444444444,3,0.06666666666666667
JxPath,19,22,50%,FAST,13,0.7222222222222222,13,0.28888888888888886
JxPath,19,22,50%,Ekstazi+dpt,13,0.0,NA,NA
JxPath,19,22,50%,DPT,13,0.0,NA,NA
JxPath,19,22,50%,STARTS,13,0.8777777777777778,6,0.13333333333333333
JxPath,19,22,50%,STARTS+FAST-S,13,0.0,NA,NA
JxPath,19,22,50%,STARTS+FAST-P,13,0.0,NA,NA
JxPath,19,22,50%,STARTS+DPT,13,0.0,NA,NA
JxPath,19,22,50%,Fastazi-S,13,0.9888888888888888,1,0.022222222222222223
JxPath,19,22,50%,Fastazi-P,13,0.7666666666666666,11,0.24444444444444444
JxPath,19,22,50%,Random,13,0.0,NA,NA
JxPath,19,22,60%,Ekstazi,16,0.9444444444444444,3,0.06666666666666667
JxPath,19,22,60%,FAST,16,0.7222222222222222,13,0.28888888888888886
JxPath,19,22,60%,Ekstazi+dpt,16,0.0,NA,NA
JxPath,19,22,60%,DPT,16,0.0,NA,NA
JxPath,19,22,60%,STARTS,16,0.8777777777777778,6,0.13333333333333333
JxPath,19,22,60%,STARTS+FAST-S,16,0.0,NA,NA
JxPath,19,22,60%,STARTS+FAST-P,16,0.0,NA,NA
JxPath,19,22,60%,STARTS+DPT,16,0.0,NA,NA
JxPath,19,22,60%,Fastazi-S,16,0.9888888888888888,1,0.022222222222222223
JxPath,19,22,60%,Fastazi-P,16,0.7666666666666666,11,0.24444444444444444
JxPath,19,22,60%,Random,16,0.0,NA,NA
JxPath,19,22,70%,Ekstazi,18,0.9444444444444444,3,0.06666666666666667
JxPath,19,22,70%,FAST,18,0.7222222222222222,13,0.28888888888888886
JxPath,19,22,70%,Ekstazi+dpt,18,0.0,NA,NA
JxPath,19,22,70%,DPT,18,0.0,NA,NA
JxPath,19,22,70%,STARTS,18,0.8777777777777778,6,0.13333333333333333
JxPath,19,22,70%,STARTS+FAST-S,18,0.0,NA,NA
JxPath,19,22,70%,STARTS+FAST-P,18,0.611111111111111,18,0.4
JxPath,19,22,70%,STARTS+DPT,18,0.0,NA,NA
JxPath,19,22,70%,Fastazi-S,18,0.9888888888888888,1,0.022222222222222223
JxPath,19,22,70%,Fastazi-P,18,0.7666666666666666,11,0.24444444444444444
JxPath,19,22,70%,Random,18,0.0,NA,NA
JxPath,19,22,75%,Ekstazi,20,0.9444444444444444,3,0.06666666666666667
JxPath,19,22,75%,FAST,20,0.7222222222222222,13,0.28888888888888886
JxPath,19,22,75%,Ekstazi+dpt,20,0.0,NA,NA
JxPath,19,22,75%,DPT,20,0.0,NA,NA
JxPath,19,22,75%,STARTS,20,0.8777777777777778,6,0.13333333333333333
JxPath,19,22,75%,STARTS+FAST-S,20,0.5666666666666667,20,0.4444444444444444
JxPath,19,22,75%,STARTS+FAST-P,20,0.611111111111111,18,0.4
JxPath,19,22,75%,STARTS+DPT,20,0.0,NA,NA
JxPath,19,22,75%,Fastazi-S,20,0.9888888888888888,1,0.022222222222222223
JxPath,19,22,75%,Fastazi-P,20,0.7666666666666666,11,0.24444444444444444
JxPath,19,22,75%,Random,20,0.0,NA,NA
JxPath,19,22,80%,Ekstazi,21,0.9444444444444444,3,0.06666666666666667
JxPath,19,22,80%,FAST,21,0.7222222222222222,13,0.28888888888888886
JxPath,19,22,80%,Ekstazi+dpt,21,0.0,NA,NA
JxPath,19,22,80%,DPT,21,0.0,NA,NA
JxPath,19,22,80%,STARTS,21,0.8777777777777778,6,0.13333333333333333
JxPath,19,22,80%,STARTS+FAST-S,21,0.5666666666666667,20,0.4444444444444444
JxPath,19,22,80%,STARTS+FAST-P,21,0.611111111111111,18,0.4
JxPath,19,22,80%,STARTS+DPT,21,0.0,NA,NA
JxPath,19,22,80%,Fastazi-S,21,0.9888888888888888,1,0.022222222222222223
JxPath,19,22,80%,Fastazi-P,21,0.7666666666666666,11,0.24444444444444444
JxPath,19,22,80%,Random,21,0.5444444444444444,21,0.4666666666666667
JxPath,19,22,90%,Ekstazi,24,0.9444444444444444,3,0.06666666666666667
JxPath,19,22,90%,FAST,24,0.7222222222222222,13,0.28888888888888886
JxPath,19,22,90%,Ekstazi+dpt,24,0.5222222222222221,22,0.4888888888888889
JxPath,19,22,90%,DPT,24,0.5222222222222221,22,0.4888888888888889
JxPath,19,22,90%,STARTS,24,0.8777777777777778,6,0.13333333333333333
JxPath,19,22,90%,STARTS+FAST-S,24,0.5666666666666667,20,0.4444444444444444
JxPath,19,22,90%,STARTS+FAST-P,24,0.611111111111111,18,0.4
JxPath,19,22,90%,STARTS+DPT,24,0.5,23,0.5111111111111111
JxPath,19,22,90%,Fastazi-S,24,0.9888888888888888,1,0.022222222222222223
JxPath,19,22,90%,Fastazi-P,24,0.7666666666666666,11,0.24444444444444444
JxPath,19,22,90%,Random,24,0.5444444444444444,21,0.4666666666666667
JxPath,19,22,100%,Ekstazi,27,0.9444444444444444,3,0.06666666666666667
JxPath,19,22,100%,FAST,27,0.7222222222222222,13,0.28888888888888886
JxPath,19,22,100%,Ekstazi+dpt,27,0.5222222222222221,22,0.4888888888888889
JxPath,19,22,100%,DPT,27,0.5222222222222221,22,0.4888888888888889
JxPath,19,22,100%,STARTS,27,0.8777777777777778,6,0.13333333333333333
JxPath,19,22,100%,STARTS+FAST-S,27,0.5666666666666667,20,0.4444444444444444
JxPath,19,22,100%,STARTS+FAST-P,27,0.611111111111111,18,0.4
JxPath,19,22,100%,STARTS+DPT,27,0.5,23,0.5111111111111111
JxPath,19,22,100%,Fastazi-S,27,0.9888888888888888,1,0.022222222222222223
JxPath,19,22,100%,Fastazi-P,27,0.7666666666666666,11,0.24444444444444444
JxPath,19,22,100%,Random,27,0.5444444444444444,21,0.4666666666666667
JxPath,19,23,10%,Ekstazi,2,0.0,NA,NA
JxPath,19,23,10%,FAST,2,0.0,NA,NA
JxPath,19,23,10%,Ekstazi+dpt,2,0.0,NA,NA
JxPath,19,23,10%,DPT,2,0.0,NA,NA
JxPath,19,23,10%,STARTS,2,0.0,NA,NA
JxPath,19,23,10%,STARTS+FAST-S,2,0.0,NA,NA
JxPath,19,23,10%,STARTS+FAST-P,2,0.0,NA,NA
JxPath,19,23,10%,STARTS+DPT,2,0.0,NA,NA
JxPath,19,23,10%,Fastazi-S,2,0.0,NA,NA
JxPath,19,23,10%,Fastazi-P,2,0.0,NA,NA
JxPath,19,23,10%,Random,2,0.0,NA,NA
JxPath,19,23,20%,Ekstazi,5,0.0,NA,NA
JxPath,19,23,20%,FAST,5,0.0,NA,NA
JxPath,19,23,20%,Ekstazi+dpt,5,0.0,NA,NA
JxPath,19,23,20%,DPT,5,0.0,NA,NA
JxPath,19,23,20%,STARTS,5,0.0,NA,NA
JxPath,19,23,20%,STARTS+FAST-S,5,0.0,NA,NA
JxPath,19,23,20%,STARTS+FAST-P,5,0.0,NA,NA
JxPath,19,23,20%,STARTS+DPT,5,0.0,NA,NA
JxPath,19,23,20%,Fastazi-S,5,0.0,NA,NA
JxPath,19,23,20%,Fastazi-P,5,0.0,NA,NA
JxPath,19,23,20%,Random,5,0.0,NA,NA
JxPath,19,23,25%,Ekstazi,6,0.0,NA,NA
JxPath,19,23,25%,FAST,6,0.0,NA,NA
JxPath,19,23,25%,Ekstazi+dpt,6,0.0,NA,NA
JxPath,19,23,25%,DPT,6,0.0,NA,NA
JxPath,19,23,25%,STARTS,6,0.0,NA,NA
JxPath,19,23,25%,STARTS+FAST-S,6,0.0,NA,NA
JxPath,19,23,25%,STARTS+FAST-P,6,0.0,NA,NA
JxPath,19,23,25%,STARTS+DPT,6,0.0,NA,NA
JxPath,19,23,25%,Fastazi-S,6,0.0,NA,NA
JxPath,19,23,25%,Fastazi-P,6,0.0,NA,NA
JxPath,19,23,25%,Random,6,0.0,NA,NA
JxPath,19,23,30%,Ekstazi,8,0.0,NA,NA
JxPath,19,23,30%,FAST,8,0.0,NA,NA
JxPath,19,23,30%,Ekstazi+dpt,8,0.0,NA,NA
JxPath,19,23,30%,DPT,8,0.0,NA,NA
JxPath,19,23,30%,STARTS,8,0.8555555555555555,7,0.15555555555555556
JxPath,19,23,30%,STARTS+FAST-S,8,0.0,NA,NA
JxPath,19,23,30%,STARTS+FAST-P,8,0.0,NA,NA
JxPath,19,23,30%,STARTS+DPT,8,0.0,NA,NA
JxPath,19,23,30%,Fastazi-S,8,0.0,NA,NA
JxPath,19,23,30%,Fastazi-P,8,0.0,NA,NA
JxPath,19,23,30%,Random,8,0.0,NA,NA
JxPath,19,23,40%,Ekstazi,10,0.0,NA,NA
JxPath,19,23,40%,FAST,10,0.0,NA,NA
JxPath,19,23,40%,Ekstazi+dpt,10,0.0,NA,NA
JxPath,19,23,40%,DPT,10,0.0,NA,NA
JxPath,19,23,40%,STARTS,10,0.8555555555555555,7,0.15555555555555556
JxPath,19,23,40%,STARTS+FAST-S,10,0.0,NA,NA
JxPath,19,23,40%,STARTS+FAST-P,10,0.0,NA,NA
JxPath,19,23,40%,STARTS+DPT,10,0.0,NA,NA
JxPath,19,23,40%,Fastazi-S,10,0.0,NA,NA
JxPath,19,23,40%,Fastazi-P,10,0.7888888888888889,10,0.2222222222222222
JxPath,19,23,40%,Random,10,0.0,NA,NA
JxPath,19,23,50%,Ekstazi,13,0.7222222222222222,13,0.28888888888888886
JxPath,19,23,50%,FAST,13,0.7222222222222222,13,0.28888888888888886
JxPath,19,23,50%,Ekstazi+dpt,13,0.0,NA,NA
JxPath,19,23,50%,DPT,13,0.0,NA,NA
JxPath,19,23,50%,STARTS,13,0.8555555555555555,7,0.15555555555555556
JxPath,19,23,50%,STARTS+FAST-S,13,0.0,NA,NA
JxPath,19,23,50%,STARTS+FAST-P,13,0.0,NA,NA
JxPath,19,23,50%,STARTS+DPT,13,0.0,NA,NA
JxPath,19,23,50%,Fastazi-S,13,0.7222222222222222,13,0.28888888888888886
JxPath,19,23,50%,Fastazi-P,13,0.7888888888888889,10,0.2222222222222222
JxPath,19,23,50%,Random,13,0.0,NA,NA
JxPath,19,23,60%,Ekstazi,16,0.7222222222222222,13,0.28888888888888886
JxPath,19,23,60%,FAST,16,0.7222222222222222,13,0.28888888888888886
JxPath,19,23,60%,Ekstazi+dpt,16,0.0,NA,NA
JxPath,19,23,60%,DPT,16,0.0,NA,NA
JxPath,19,23,60%,STARTS,16,0.8555555555555555,7,0.15555555555555556
JxPath,19,23,60%,STARTS+FAST-S,16,0.0,NA,NA
JxPath,19,23,60%,STARTS+FAST-P,16,0.0,NA,NA
JxPath,19,23,60%,STARTS+DPT,16,0.0,NA,NA
JxPath,19,23,60%,Fastazi-S,16,0.7222222222222222,13,0.28888888888888886
JxPath,19,23,60%,Fastazi-P,16,0.7888888888888889,10,0.2222222222222222
JxPath,19,23,60%,Random,16,0.0,NA,NA
JxPath,19,23,70%,Ekstazi,18,0.7222222222222222,13,0.28888888888888886
JxPath,19,23,70%,FAST,18,0.7222222222222222,13,0.28888888888888886
JxPath,19,23,70%,Ekstazi+dpt,18,0.0,NA,NA
JxPath,19,23,70%,DPT,18,0.0,NA,NA
JxPath,19,23,70%,STARTS,18,0.8555555555555555,7,0.15555555555555556
JxPath,19,23,70%,STARTS+FAST-S,18,0.0,NA,NA
JxPath,19,23,70%,STARTS+FAST-P,18,0.611111111111111,18,0.4
JxPath,19,23,70%,STARTS+DPT,18,0.0,NA,NA
JxPath,19,23,70%,Fastazi-S,18,0.7222222222222222,13,0.28888888888888886
JxPath,19,23,70%,Fastazi-P,18,0.7888888888888889,10,0.2222222222222222
JxPath,19,23,70%,Random,18,0.0,NA,NA
JxPath,19,23,75%,Ekstazi,20,0.7222222222222222,13,0.28888888888888886
JxPath,19,23,75%,FAST,20,0.7222222222222222,13,0.28888888888888886
JxPath,19,23,75%,Ekstazi+dpt,20,0.0,NA,NA
JxPath,19,23,75%,DPT,20,0.0,NA,NA
JxPath,19,23,75%,STARTS,20,0.8555555555555555,7,0.15555555555555556
JxPath,19,23,75%,STARTS+FAST-S,20,0.5666666666666667,20,0.4444444444444444
JxPath,19,23,75%,STARTS+FAST-P,20,0.611111111111111,18,0.4
JxPath,19,23,75%,STARTS+DPT,20,0.0,NA,NA
JxPath,19,23,75%,Fastazi-S,20,0.7222222222222222,13,0.28888888888888886
JxPath,19,23,75%,Fastazi-P,20,0.7888888888888889,10,0.2222222222222222
JxPath,19,23,75%,Random,20,0.0,NA,NA
JxPath,19,23,80%,Ekstazi,21,0.7222222222222222,13,0.28888888888888886
JxPath,19,23,80%,FAST,21,0.7222222222222222,13,0.28888888888888886
JxPath,19,23,80%,Ekstazi+dpt,21,0.0,NA,NA
JxPath,19,23,80%,DPT,21,0.0,NA,NA
JxPath,19,23,80%,STARTS,21,0.8555555555555555,7,0.15555555555555556
JxPath,19,23,80%,STARTS+FAST-S,21,0.5666666666666667,20,0.4444444444444444
JxPath,19,23,80%,STARTS+FAST-P,21,0.611111111111111,18,0.4
JxPath,19,23,80%,STARTS+DPT,21,0.0,NA,NA
JxPath,19,23,80%,Fastazi-S,21,0.7222222222222222,13,0.28888888888888886
JxPath,19,23,80%,Fastazi-P,21,0.7888888888888889,10,0.2222222222222222
JxPath,19,23,80%,Random,21,0.0,NA,NA
JxPath,19,23,90%,Ekstazi,24,0.7222222222222222,13,0.28888888888888886
JxPath,19,23,90%,FAST,24,0.7222222222222222,13,0.28888888888888886
JxPath,19,23,90%,Ekstazi+dpt,24,0.5,23,0.5111111111111111
JxPath,19,23,90%,DPT,24,0.5222222222222221,22,0.4888888888888889
JxPath,19,23,90%,STARTS,24,0.8555555555555555,7,0.15555555555555556
JxPath,19,23,90%,STARTS+FAST-S,24,0.5666666666666667,20,0.4444444444444444
JxPath,19,23,90%,STARTS+FAST-P,24,0.611111111111111,18,0.4
JxPath,19,23,90%,STARTS+DPT,24,0.5222222222222221,22,0.4888888888888889
JxPath,19,23,90%,Fastazi-S,24,0.7222222222222222,13,0.28888888888888886
JxPath,19,23,90%,Fastazi-P,24,0.7888888888888889,10,0.2222222222222222
JxPath,19,23,90%,Random,24,0.0,NA,NA
JxPath,19,23,100%,Ekstazi,27,0.7222222222222222,13,0.28888888888888886
JxPath,19,23,100%,FAST,27,0.7222222222222222,13,0.28888888888888886
JxPath,19,23,100%,Ekstazi+dpt,27,0.5,23,0.5111111111111111
JxPath,19,23,100%,DPT,27,0.5222222222222221,22,0.4888888888888889
JxPath,19,23,100%,STARTS,27,0.8555555555555555,7,0.15555555555555556
JxPath,19,23,100%,STARTS+FAST-S,27,0.5666666666666667,20,0.4444444444444444
JxPath,19,23,100%,STARTS+FAST-P,27,0.611111111111111,18,0.4
JxPath,19,23,100%,STARTS+DPT,27,0.5222222222222221,22,0.4888888888888889
JxPath,19,23,100%,Fastazi-S,27,0.7222222222222222,13,0.28888888888888886
JxPath,19,23,100%,Fastazi-P,27,0.7888888888888889,10,0.2222222222222222
JxPath,19,23,100%,Random,27,0.0,NA,NA
JxPath,19,24,10%,Ekstazi,2,0.0,NA,NA
JxPath,19,24,10%,FAST,2,0.0,NA,NA
JxPath,19,24,10%,Ekstazi+dpt,2,0.0,NA,NA
JxPath,19,24,10%,DPT,2,0.0,NA,NA
JxPath,19,24,10%,STARTS,2,0.0,NA,NA
JxPath,19,24,10%,STARTS+FAST-S,2,0.0,NA,NA
JxPath,19,24,10%,STARTS+FAST-P,2,0.0,NA,NA
JxPath,19,24,10%,STARTS+DPT,2,0.0,NA,NA
JxPath,19,24,10%,Fastazi-S,2,0.0,NA,NA
JxPath,19,24,10%,Fastazi-P,2,0.0,NA,NA
JxPath,19,24,10%,Random,2,0.0,NA,NA
JxPath,19,24,20%,Ekstazi,5,0.0,NA,NA
JxPath,19,24,20%,FAST,5,0.0,NA,NA
JxPath,19,24,20%,Ekstazi+dpt,5,0.0,NA,NA
JxPath,19,24,20%,DPT,5,0.0,NA,NA
JxPath,19,24,20%,STARTS,5,0.0,NA,NA
JxPath,19,24,20%,STARTS+FAST-S,5,0.0,NA,NA
JxPath,19,24,20%,STARTS+FAST-P,5,0.0,NA,NA
JxPath,19,24,20%,STARTS+DPT,5,0.0,NA,NA
JxPath,19,24,20%,Fastazi-S,5,0.0,NA,NA
JxPath,19,24,20%,Fastazi-P,5,0.0,NA,NA
JxPath,19,24,20%,Random,5,0.0,NA,NA
JxPath,19,24,25%,Ekstazi,6,0.0,NA,NA
JxPath,19,24,25%,FAST,6,0.0,NA,NA
JxPath,19,24,25%,Ekstazi+dpt,6,0.0,NA,NA
JxPath,19,24,25%,DPT,6,0.0,NA,NA
JxPath,19,24,25%,STARTS,6,0.0,NA,NA
JxPath,19,24,25%,STARTS+FAST-S,6,0.0,NA,NA
JxPath,19,24,25%,STARTS+FAST-P,6,0.0,NA,NA
JxPath,19,24,25%,STARTS+DPT,6,0.0,NA,NA
JxPath,19,24,25%,Fastazi-S,6,0.0,NA,NA
JxPath,19,24,25%,Fastazi-P,6,0.0,NA,NA
JxPath,19,24,25%,Random,6,0.0,NA,NA
JxPath,19,24,30%,Ekstazi,8,0.0,NA,NA
JxPath,19,24,30%,FAST,8,0.0,NA,NA
JxPath,19,24,30%,Ekstazi+dpt,8,0.0,NA,NA
JxPath,19,24,30%,DPT,8,0.0,NA,NA
JxPath,19,24,30%,STARTS,8,0.0,NA,NA
JxPath,19,24,30%,STARTS+FAST-S,8,0.0,NA,NA
JxPath,19,24,30%,STARTS+FAST-P,8,0.0,NA,NA
JxPath,19,24,30%,STARTS+DPT,8,0.0,NA,NA
JxPath,19,24,30%,Fastazi-S,8,0.0,NA,NA
JxPath,19,24,30%,Fastazi-P,8,0.0,NA,NA
JxPath,19,24,30%,Random,8,0.0,NA,NA
JxPath,19,24,40%,Ekstazi,10,0.0,NA,NA
JxPath,19,24,40%,FAST,10,0.0,NA,NA
JxPath,19,24,40%,Ekstazi+dpt,10,0.0,NA,NA
JxPath,19,24,40%,DPT,10,0.0,NA,NA
JxPath,19,24,40%,STARTS,10,0.0,NA,NA
JxPath,19,24,40%,STARTS+FAST-S,10,0.0,NA,NA
JxPath,19,24,40%,STARTS+FAST-P,10,0.0,NA,NA
JxPath,19,24,40%,STARTS+DPT,10,0.0,NA,NA
JxPath,19,24,40%,Fastazi-S,10,0.0,NA,NA
JxPath,19,24,40%,Fastazi-P,10,0.8111111111111111,9,0.2
JxPath,19,24,40%,Random,10,0.0,NA,NA
JxPath,19,24,50%,Ekstazi,13,0.7666666666666666,11,0.24444444444444444
JxPath,19,24,50%,FAST,13,0.7666666666666666,11,0.24444444444444444
JxPath,19,24,50%,Ekstazi+dpt,13,0.0,NA,NA
JxPath,19,24,50%,DPT,13,0.0,NA,NA
JxPath,19,24,50%,STARTS,13,0.7444444444444445,12,0.26666666666666666
JxPath,19,24,50%,STARTS+FAST-S,13,0.0,NA,NA
JxPath,19,24,50%,STARTS+FAST-P,13,0.0,NA,NA
JxPath,19,24,50%,STARTS+DPT,13,0.0,NA,NA
JxPath,19,24,50%,Fastazi-S,13,0.7444444444444445,12,0.26666666666666666
JxPath,19,24,50%,Fastazi-P,13,0.8111111111111111,9,0.2
JxPath,19,24,50%,Random,13,0.0,NA,NA
JxPath,19,24,60%,Ekstazi,16,0.7666666666666666,11,0.24444444444444444
JxPath,19,24,60%,FAST,16,0.7666666666666666,11,0.24444444444444444
JxPath,19,24,60%,Ekstazi+dpt,16,0.0,NA,NA
JxPath,19,24,60%,DPT,16,0.0,NA,NA
JxPath,19,24,60%,STARTS,16,0.7444444444444445,12,0.26666666666666666
JxPath,19,24,60%,STARTS+FAST-S,16,0.6555555555555554,16,0.35555555555555557
JxPath,19,24,60%,STARTS+FAST-P,16,0.0,NA,NA
JxPath,19,24,60%,STARTS+DPT,16,0.0,NA,NA
JxPath,19,24,60%,Fastazi-S,16,0.7444444444444445,12,0.26666666666666666
JxPath,19,24,60%,Fastazi-P,16,0.8111111111111111,9,0.2
JxPath,19,24,60%,Random,16,0.0,NA,NA
JxPath,19,24,70%,Ekstazi,18,0.7666666666666666,11,0.24444444444444444
JxPath,19,24,70%,FAST,18,0.7666666666666666,11,0.24444444444444444
JxPath,19,24,70%,Ekstazi+dpt,18,0.0,NA,NA
JxPath,19,24,70%,DPT,18,0.0,NA,NA
JxPath,19,24,70%,STARTS,18,0.7444444444444445,12,0.26666666666666666
JxPath,19,24,70%,STARTS+FAST-S,18,0.6555555555555554,16,0.35555555555555557
JxPath,19,24,70%,STARTS+FAST-P,18,0.611111111111111,18,0.4
JxPath,19,24,70%,STARTS+DPT,18,0.0,NA,NA
JxPath,19,24,70%,Fastazi-S,18,0.7444444444444445,12,0.26666666666666666
JxPath,19,24,70%,Fastazi-P,18,0.8111111111111111,9,0.2
JxPath,19,24,70%,Random,18,0.0,NA,NA
JxPath,19,24,75%,Ekstazi,20,0.7666666666666666,11,0.24444444444444444
JxPath,19,24,75%,FAST,20,0.7666666666666666,11,0.24444444444444444
JxPath,19,24,75%,Ekstazi+dpt,20,0.0,NA,NA
JxPath,19,24,75%,DPT,20,0.0,NA,NA
JxPath,19,24,75%,STARTS,20,0.7444444444444445,12,0.26666666666666666
JxPath,19,24,75%,STARTS+FAST-S,20,0.6555555555555554,16,0.35555555555555557
JxPath,19,24,75%,STARTS+FAST-P,20,0.611111111111111,18,0.4
JxPath,19,24,75%,STARTS+DPT,20,0.0,NA,NA
JxPath,19,24,75%,Fastazi-S,20,0.7444444444444445,12,0.26666666666666666
JxPath,19,24,75%,Fastazi-P,20,0.8111111111111111,9,0.2
JxPath,19,24,75%,Random,20,0.0,NA,NA
JxPath,19,24,80%,Ekstazi,21,0.7666666666666666,11,0.24444444444444444
JxPath,19,24,80%,FAST,21,0.7666666666666666,11,0.24444444444444444
JxPath,19,24,80%,Ekstazi+dpt,21,0.0,NA,NA
JxPath,19,24,80%,DPT,21,0.0,NA,NA
JxPath,19,24,80%,STARTS,21,0.7444444444444445,12,0.26666666666666666
JxPath,19,24,80%,STARTS+FAST-S,21,0.6555555555555554,16,0.35555555555555557
JxPath,19,24,80%,STARTS+FAST-P,21,0.611111111111111,18,0.4
JxPath,19,24,80%,STARTS+DPT,21,0.0,NA,NA
JxPath,19,24,80%,Fastazi-S,21,0.7444444444444445,12,0.26666666666666666
JxPath,19,24,80%,Fastazi-P,21,0.8111111111111111,9,0.2
JxPath,19,24,80%,Random,21,0.0,NA,NA
JxPath,19,24,90%,Ekstazi,24,0.7666666666666666,11,0.24444444444444444
JxPath,19,24,90%,FAST,24,0.7666666666666666,11,0.24444444444444444
JxPath,19,24,90%,Ekstazi+dpt,24,0.5222222222222221,22,0.4888888888888889
JxPath,19,24,90%,DPT,24,0.5222222222222221,22,0.4888888888888889
JxPath,19,24,90%,STARTS,24,0.7444444444444445,12,0.26666666666666666
JxPath,19,24,90%,STARTS+FAST-S,24,0.6555555555555554,16,0.35555555555555557
JxPath,19,24,90%,STARTS+FAST-P,24,0.611111111111111,18,0.4
JxPath,19,24,90%,STARTS+DPT,24,0.5222222222222221,22,0.4888888888888889
JxPath,19,24,90%,Fastazi-S,24,0.7444444444444445,12,0.26666666666666666
JxPath,19,24,90%,Fastazi-P,24,0.8111111111111111,9,0.2
JxPath,19,24,90%,Random,24,0.0,NA,NA
JxPath,19,24,100%,Ekstazi,27,0.7666666666666666,11,0.24444444444444444
JxPath,19,24,100%,FAST,27,0.7666666666666666,11,0.24444444444444444
JxPath,19,24,100%,Ekstazi+dpt,27,0.5222222222222221,22,0.4888888888888889
JxPath,19,24,100%,DPT,27,0.5222222222222221,22,0.4888888888888889
JxPath,19,24,100%,STARTS,27,0.7444444444444445,12,0.26666666666666666
JxPath,19,24,100%,STARTS+FAST-S,27,0.6555555555555554,16,0.35555555555555557
JxPath,19,24,100%,STARTS+FAST-P,27,0.611111111111111,18,0.4
JxPath,19,24,100%,STARTS+DPT,27,0.5222222222222221,22,0.4888888888888889
JxPath,19,24,100%,Fastazi-S,27,0.7444444444444445,12,0.26666666666666666
JxPath,19,24,100%,Fastazi-P,27,0.8111111111111111,9,0.2
JxPath,19,24,100%,Random,27,0.0,NA,NA
JxPath,19,25,10%,Ekstazi,2,0.0,NA,NA
JxPath,19,25,10%,FAST,2,0.0,NA,NA
JxPath,19,25,10%,Ekstazi+dpt,2,0.0,NA,NA
JxPath,19,25,10%,DPT,2,0.0,NA,NA
JxPath,19,25,10%,STARTS,2,0.0,NA,NA
JxPath,19,25,10%,STARTS+FAST-S,2,0.0,NA,NA
JxPath,19,25,10%,STARTS+FAST-P,2,0.0,NA,NA
JxPath,19,25,10%,STARTS+DPT,2,0.0,NA,NA
JxPath,19,25,10%,Fastazi-S,2,0.0,NA,NA
JxPath,19,25,10%,Fastazi-P,2,0.0,NA,NA
JxPath,19,25,10%,Random,2,0.0,NA,NA
JxPath,19,25,20%,Ekstazi,5,0.0,NA,NA
JxPath,19,25,20%,FAST,5,0.0,NA,NA
JxPath,19,25,20%,Ekstazi+dpt,5,0.0,NA,NA
JxPath,19,25,20%,DPT,5,0.0,NA,NA
JxPath,19,25,20%,STARTS,5,0.0,NA,NA
JxPath,19,25,20%,STARTS+FAST-S,5,0.0,NA,NA
JxPath,19,25,20%,STARTS+FAST-P,5,0.0,NA,NA
JxPath,19,25,20%,STARTS+DPT,5,0.0,NA,NA
JxPath,19,25,20%,Fastazi-S,5,0.0,NA,NA
JxPath,19,25,20%,Fastazi-P,5,0.0,NA,NA
JxPath,19,25,20%,Random,5,0.0,NA,NA
JxPath,19,25,25%,Ekstazi,6,0.0,NA,NA
JxPath,19,25,25%,FAST,6,0.0,NA,NA
JxPath,19,25,25%,Ekstazi+dpt,6,0.0,NA,NA
JxPath,19,25,25%,DPT,6,0.0,NA,NA
JxPath,19,25,25%,STARTS,6,0.8777777777777778,6,0.13333333333333333
JxPath,19,25,25%,STARTS+FAST-S,6,0.0,NA,NA
JxPath,19,25,25%,STARTS+FAST-P,6,0.0,NA,NA
JxPath,19,25,25%,STARTS+DPT,6,0.0,NA,NA
JxPath,19,25,25%,Fastazi-S,6,0.0,NA,NA
JxPath,19,25,25%,Fastazi-P,6,0.0,NA,NA
JxPath,19,25,25%,Random,6,0.0,NA,NA
JxPath,19,25,30%,Ekstazi,8,0.0,NA,NA
JxPath,19,25,30%,FAST,8,0.0,NA,NA
JxPath,19,25,30%,Ekstazi+dpt,8,0.0,NA,NA
JxPath,19,25,30%,DPT,8,0.0,NA,NA
JxPath,19,25,30%,STARTS,8,0.8777777777777778,6,0.13333333333333333
JxPath,19,25,30%,STARTS+FAST-S,8,0.0,NA,NA
JxPath,19,25,30%,STARTS+FAST-P,8,0.0,NA,NA
JxPath,19,25,30%,STARTS+DPT,8,0.0,NA,NA
JxPath,19,25,30%,Fastazi-S,8,0.0,NA,NA
JxPath,19,25,30%,Fastazi-P,8,0.0,NA,NA
JxPath,19,25,30%,Random,8,0.0,NA,NA
JxPath,19,25,40%,Ekstazi,10,0.0,NA,NA
JxPath,19,25,40%,FAST,10,0.0,NA,NA
JxPath,19,25,40%,Ekstazi+dpt,10,0.0,NA,NA
JxPath,19,25,40%,DPT,10,0.0,NA,NA
JxPath,19,25,40%,STARTS,10,0.8777777777777778,6,0.13333333333333333
JxPath,19,25,40%,STARTS+FAST-S,10,0.0,NA,NA
JxPath,19,25,40%,STARTS+FAST-P,10,0.0,NA,NA
JxPath,19,25,40%,STARTS+DPT,10,0.0,NA,NA
JxPath,19,25,40%,Fastazi-S,10,0.8111111111111111,9,0.2
JxPath,19,25,40%,Fastazi-P,10,0.7888888888888889,10,0.2222222222222222
JxPath,19,25,40%,Random,10,0.0,NA,NA
JxPath,19,25,50%,Ekstazi,13,0.0,NA,NA
JxPath,19,25,50%,FAST,13,0.7444444444444445,12,0.26666666666666666
JxPath,19,25,50%,Ekstazi+dpt,13,0.0,NA,NA
JxPath,19,25,50%,DPT,13,0.0,NA,NA
JxPath,19,25,50%,STARTS,13,0.8777777777777778,6,0.13333333333333333
JxPath,19,25,50%,STARTS+FAST-S,13,0.0,NA,NA
JxPath,19,25,50%,STARTS+FAST-P,13,0.0,NA,NA
JxPath,19,25,50%,STARTS+DPT,13,0.0,NA,NA
JxPath,19,25,50%,Fastazi-S,13,0.8111111111111111,9,0.2
JxPath,19,25,50%,Fastazi-P,13,0.7888888888888889,10,0.2222222222222222
JxPath,19,25,50%,Random,13,0.0,NA,NA
JxPath,19,25,60%,Ekstazi,16,0.7,14,0.3111111111111111
JxPath,19,25,60%,FAST,16,0.7444444444444445,12,0.26666666666666666
JxPath,19,25,60%,Ekstazi+dpt,16,0.0,NA,NA
JxPath,19,25,60%,DPT,16,0.0,NA,NA
JxPath,19,25,60%,STARTS,16,0.8777777777777778,6,0.13333333333333333
JxPath,19,25,60%,STARTS+FAST-S,16,0.0,NA,NA
JxPath,19,25,60%,STARTS+FAST-P,16,0.0,NA,NA
JxPath,19,25,60%,STARTS+DPT,16,0.0,NA,NA
JxPath,19,25,60%,Fastazi-S,16,0.8111111111111111,9,0.2
JxPath,19,25,60%,Fastazi-P,16,0.7888888888888889,10,0.2222222222222222
JxPath,19,25,60%,Random,16,0.0,NA,NA
JxPath,19,25,70%,Ekstazi,18,0.7,14,0.3111111111111111
JxPath,19,25,70%,FAST,18,0.7444444444444445,12,0.26666666666666666
JxPath,19,25,70%,Ekstazi+dpt,18,0.0,NA,NA
JxPath,19,25,70%,DPT,18,0.0,NA,NA
JxPath,19,25,70%,STARTS,18,0.8777777777777778,6,0.13333333333333333
JxPath,19,25,70%,STARTS+FAST-S,18,0.0,NA,NA
JxPath,19,25,70%,STARTS+FAST-P,18,0.611111111111111,18,0.4
JxPath,19,25,70%,STARTS+DPT,18,0.0,NA,NA
JxPath,19,25,70%,Fastazi-S,18,0.8111111111111111,9,0.2
JxPath,19,25,70%,Fastazi-P,18,0.7888888888888889,10,0.2222222222222222
JxPath,19,25,70%,Random,18,0.0,NA,NA
JxPath,19,25,75%,Ekstazi,20,0.7,14,0.3111111111111111
JxPath,19,25,75%,FAST,20,0.7444444444444445,12,0.26666666666666666
JxPath,19,25,75%,Ekstazi+dpt,20,0.0,NA,NA
JxPath,19,25,75%,DPT,20,0.0,NA,NA
JxPath,19,25,75%,STARTS,20,0.8777777777777778,6,0.13333333333333333
JxPath,19,25,75%,STARTS+FAST-S,20,0.5888888888888888,19,0.4222222222222222
JxPath,19,25,75%,STARTS+FAST-P,20,0.611111111111111,18,0.4
JxPath,19,25,75%,STARTS+DPT,20,0.0,NA,NA
JxPath,19,25,75%,Fastazi-S,20,0.8111111111111111,9,0.2
JxPath,19,25,75%,Fastazi-P,20,0.7888888888888889,10,0.2222222222222222
JxPath,19,25,75%,Random,20,0.0,NA,NA
JxPath,19,25,80%,Ekstazi,21,0.7,14,0.3111111111111111
JxPath,19,25,80%,FAST,21,0.7444444444444445,12,0.26666666666666666
JxPath,19,25,80%,Ekstazi+dpt,21,0.0,NA,NA
JxPath,19,25,80%,DPT,21,0.0,NA,NA
JxPath,19,25,80%,STARTS,21,0.8777777777777778,6,0.13333333333333333
JxPath,19,25,80%,STARTS+FAST-S,21,0.5888888888888888,19,0.4222222222222222
JxPath,19,25,80%,STARTS+FAST-P,21,0.611111111111111,18,0.4
JxPath,19,25,80%,STARTS+DPT,21,0.0,NA,NA
JxPath,19,25,80%,Fastazi-S,21,0.8111111111111111,9,0.2
JxPath,19,25,80%,Fastazi-P,21,0.7888888888888889,10,0.2222222222222222
JxPath,19,25,80%,Random,21,0.0,NA,NA
JxPath,19,25,90%,Ekstazi,24,0.7,14,0.3111111111111111
JxPath,19,25,90%,FAST,24,0.7444444444444445,12,0.26666666666666666
JxPath,19,25,90%,Ekstazi+dpt,24,0.5,23,0.5111111111111111
JxPath,19,25,90%,DPT,24,0.5,23,0.5111111111111111
JxPath,19,25,90%,STARTS,24,0.8777777777777778,6,0.13333333333333333
JxPath,19,25,90%,STARTS+FAST-S,24,0.5888888888888888,19,0.4222222222222222
JxPath,19,25,90%,STARTS+FAST-P,24,0.611111111111111,18,0.4
JxPath,19,25,90%,STARTS+DPT,24,0.5,23,0.5111111111111111
JxPath,19,25,90%,Fastazi-S,24,0.8111111111111111,9,0.2
JxPath,19,25,90%,Fastazi-P,24,0.7888888888888889,10,0.2222222222222222
JxPath,19,25,90%,Random,24,0.0,NA,NA
JxPath,19,25,100%,Ekstazi,27,0.7,14,0.3111111111111111
JxPath,19,25,100%,FAST,27,0.7444444444444445,12,0.26666666666666666
JxPath,19,25,100%,Ekstazi+dpt,27,0.5,23,0.5111111111111111
JxPath,19,25,100%,DPT,27,0.5,23,0.5111111111111111
JxPath,19,25,100%,STARTS,27,0.8777777777777778,6,0.13333333333333333
JxPath,19,25,100%,STARTS+FAST-S,27,0.5888888888888888,19,0.4222222222222222
JxPath,19,25,100%,STARTS+FAST-P,27,0.611111111111111,18,0.4
JxPath,19,25,100%,STARTS+DPT,27,0.5,23,0.5111111111111111
JxPath,19,25,100%,Fastazi-S,27,0.8111111111111111,9,0.2
JxPath,19,25,100%,Fastazi-P,27,0.7888888888888889,10,0.2222222222222222
JxPath,19,25,100%,Random,27,0.0,NA,NA
JxPath,19,26,10%,Ekstazi,2,0.0,NA,NA
JxPath,19,26,10%,FAST,2,0.0,NA,NA
JxPath,19,26,10%,Ekstazi+dpt,2,0.0,NA,NA
JxPath,19,26,10%,DPT,2,0.0,NA,NA
JxPath,19,26,10%,STARTS,2,0.0,NA,NA
JxPath,19,26,10%,STARTS+FAST-S,2,0.0,NA,NA
JxPath,19,26,10%,STARTS+FAST-P,2,0.0,NA,NA
JxPath,19,26,10%,STARTS+DPT,2,0.0,NA,NA
JxPath,19,26,10%,Fastazi-S,2,0.9888888888888888,1,0.022222222222222223
JxPath,19,26,10%,Fastazi-P,2,0.0,NA,NA
JxPath,19,26,10%,Random,2,0.0,NA,NA
JxPath,19,26,20%,Ekstazi,5,0.0,NA,NA
JxPath,19,26,20%,FAST,5,0.0,NA,NA
JxPath,19,26,20%,Ekstazi+dpt,5,0.0,NA,NA
JxPath,19,26,20%,DPT,5,0.0,NA,NA
JxPath,19,26,20%,STARTS,5,0.0,NA,NA
JxPath,19,26,20%,STARTS+FAST-S,5,0.0,NA,NA
JxPath,19,26,20%,STARTS+FAST-P,5,0.0,NA,NA
JxPath,19,26,20%,STARTS+DPT,5,0.0,NA,NA
JxPath,19,26,20%,Fastazi-S,5,0.9888888888888888,1,0.022222222222222223
JxPath,19,26,20%,Fastazi-P,5,0.0,NA,NA
JxPath,19,26,20%,Random,5,0.0,NA,NA
JxPath,19,26,25%,Ekstazi,6,0.0,NA,NA
JxPath,19,26,25%,FAST,6,0.0,NA,NA
JxPath,19,26,25%,Ekstazi+dpt,6,0.0,NA,NA
JxPath,19,26,25%,DPT,6,0.0,NA,NA
JxPath,19,26,25%,STARTS,6,0.0,NA,NA
JxPath,19,26,25%,STARTS+FAST-S,6,0.0,NA,NA
JxPath,19,26,25%,STARTS+FAST-P,6,0.0,NA,NA
JxPath,19,26,25%,STARTS+DPT,6,0.0,NA,NA
JxPath,19,26,25%,Fastazi-S,6,0.9888888888888888,1,0.022222222222222223
JxPath,19,26,25%,Fastazi-P,6,0.0,NA,NA
JxPath,19,26,25%,Random,6,0.0,NA,NA
JxPath,19,26,30%,Ekstazi,8,0.8333333333333333,8,0.17777777777777778
JxPath,19,26,30%,FAST,8,0.0,NA,NA
JxPath,19,26,30%,Ekstazi+dpt,8,0.0,NA,NA
JxPath,19,26,30%,DPT,8,0.0,NA,NA
JxPath,19,26,30%,STARTS,8,0.0,NA,NA
JxPath,19,26,30%,STARTS+FAST-S,8,0.0,NA,NA
JxPath,19,26,30%,STARTS+FAST-P,8,0.0,NA,NA
JxPath,19,26,30%,STARTS+DPT,8,0.0,NA,NA
JxPath,19,26,30%,Fastazi-S,8,0.9888888888888888,1,0.022222222222222223
JxPath,19,26,30%,Fastazi-P,8,0.0,NA,NA
JxPath,19,26,30%,Random,8,0.0,NA,NA
JxPath,19,26,40%,Ekstazi,10,0.8333333333333333,8,0.17777777777777778
JxPath,19,26,40%,FAST,10,0.0,NA,NA
JxPath,19,26,40%,Ekstazi+dpt,10,0.0,NA,NA
JxPath,19,26,40%,DPT,10,0.0,NA,NA
JxPath,19,26,40%,STARTS,10,0.7888888888888889,10,0.2222222222222222
JxPath,19,26,40%,STARTS+FAST-S,10,0.0,NA,NA
JxPath,19,26,40%,STARTS+FAST-P,10,0.0,NA,NA
JxPath,19,26,40%,STARTS+DPT,10,0.0,NA,NA
JxPath,19,26,40%,Fastazi-S,10,0.9888888888888888,1,0.022222222222222223
JxPath,19,26,40%,Fastazi-P,10,0.7888888888888889,10,0.2222222222222222
JxPath,19,26,40%,Random,10,0.0,NA,NA
JxPath,19,26,50%,Ekstazi,13,0.8333333333333333,8,0.17777777777777778
JxPath,19,26,50%,FAST,13,0.7444444444444445,12,0.26666666666666666
JxPath,19,26,50%,Ekstazi+dpt,13,0.0,NA,NA
JxPath,19,26,50%,DPT,13,0.0,NA,NA
JxPath,19,26,50%,STARTS,13,0.7888888888888889,10,0.2222222222222222
JxPath,19,26,50%,STARTS+FAST-S,13,0.0,NA,NA
JxPath,19,26,50%,STARTS+FAST-P,13,0.0,NA,NA
JxPath,19,26,50%,STARTS+DPT,13,0.0,NA,NA
JxPath,19,26,50%,Fastazi-S,13,0.9888888888888888,1,0.022222222222222223
JxPath,19,26,50%,Fastazi-P,13,0.7888888888888889,10,0.2222222222222222
JxPath,19,26,50%,Random,13,0.0,NA,NA
JxPath,19,26,60%,Ekstazi,16,0.8333333333333333,8,0.17777777777777778
JxPath,19,26,60%,FAST,16,0.7444444444444445,12,0.26666666666666666
JxPath,19,26,60%,Ekstazi+dpt,16,0.0,NA,NA
JxPath,19,26,60%,DPT,16,0.0,NA,NA
JxPath,19,26,60%,STARTS,16,0.7888888888888889,10,0.2222222222222222
JxPath,19,26,60%,STARTS+FAST-S,16,0.0,NA,NA
JxPath,19,26,60%,STARTS+FAST-P,16,0.0,NA,NA
JxPath,19,26,60%,STARTS+DPT,16,0.0,NA,NA
JxPath,19,26,60%,Fastazi-S,16,0.9888888888888888,1,0.022222222222222223
JxPath,19,26,60%,Fastazi-P,16,0.7888888888888889,10,0.2222222222222222
JxPath,19,26,60%,Random,16,0.0,NA,NA
JxPath,19,26,70%,Ekstazi,18,0.8333333333333333,8,0.17777777777777778
JxPath,19,26,70%,FAST,18,0.7444444444444445,12,0.26666666666666666
JxPath,19,26,70%,Ekstazi+dpt,18,0.0,NA,NA
JxPath,19,26,70%,DPT,18,0.0,NA,NA
JxPath,19,26,70%,STARTS,18,0.7888888888888889,10,0.2222222222222222
JxPath,19,26,70%,STARTS+FAST-S,18,0.0,NA,NA
JxPath,19,26,70%,STARTS+FAST-P,18,0.611111111111111,18,0.4
JxPath,19,26,70%,STARTS+DPT,18,0.0,NA,NA
JxPath,19,26,70%,Fastazi-S,18,0.9888888888888888,1,0.022222222222222223
JxPath,19,26,70%,Fastazi-P,18,0.7888888888888889,10,0.2222222222222222
JxPath,19,26,70%,Random,18,0.0,NA,NA
JxPath,19,26,75%,Ekstazi,20,0.8333333333333333,8,0.17777777777777778
JxPath,19,26,75%,FAST,20,0.7444444444444445,12,0.26666666666666666
JxPath,19,26,75%,Ekstazi+dpt,20,0.0,NA,NA
JxPath,19,26,75%,DPT,20,0.0,NA,NA
JxPath,19,26,75%,STARTS,20,0.7888888888888889,10,0.2222222222222222
JxPath,19,26,75%,STARTS+FAST-S,20,0.5888888888888888,19,0.4222222222222222
JxPath,19,26,75%,STARTS+FAST-P,20,0.611111111111111,18,0.4
JxPath,19,26,75%,STARTS+DPT,20,0.0,NA,NA
JxPath,19,26,75%,Fastazi-S,20,0.9888888888888888,1,0.022222222222222223
JxPath,19,26,75%,Fastazi-P,20,0.7888888888888889,10,0.2222222222222222
JxPath,19,26,75%,Random,20,0.0,NA,NA
JxPath,19,26,80%,Ekstazi,21,0.8333333333333333,8,0.17777777777777778
JxPath,19,26,80%,FAST,21,0.7444444444444445,12,0.26666666666666666
JxPath,19,26,80%,Ekstazi+dpt,21,0.0,NA,NA
JxPath,19,26,80%,DPT,21,0.0,NA,NA
JxPath,19,26,80%,STARTS,21,0.7888888888888889,10,0.2222222222222222
JxPath,19,26,80%,STARTS+FAST-S,21,0.5888888888888888,19,0.4222222222222222
JxPath,19,26,80%,STARTS+FAST-P,21,0.611111111111111,18,0.4
JxPath,19,26,80%,STARTS+DPT,21,0.0,NA,NA
JxPath,19,26,80%,Fastazi-S,21,0.9888888888888888,1,0.022222222222222223
JxPath,19,26,80%,Fastazi-P,21,0.7888888888888889,10,0.2222222222222222
JxPath,19,26,80%,Random,21,0.0,NA,NA
JxPath,19,26,90%,Ekstazi,24,0.8333333333333333,8,0.17777777777777778
JxPath,19,26,90%,FAST,24,0.7444444444444445,12,0.26666666666666666
JxPath,19,26,90%,Ekstazi+dpt,24,0.5,23,0.5111111111111111
JxPath,19,26,90%,DPT,24,0.5,23,0.5111111111111111
JxPath,19,26,90%,STARTS,24,0.7888888888888889,10,0.2222222222222222
JxPath,19,26,90%,STARTS+FAST-S,24,0.5888888888888888,19,0.4222222222222222
JxPath,19,26,90%,STARTS+FAST-P,24,0.611111111111111,18,0.4
JxPath,19,26,90%,STARTS+DPT,24,0.5,23,0.5111111111111111
JxPath,19,26,90%,Fastazi-S,24,0.9888888888888888,1,0.022222222222222223
JxPath,19,26,90%,Fastazi-P,24,0.7888888888888889,10,0.2222222222222222
JxPath,19,26,90%,Random,24,0.0,NA,NA
JxPath,19,26,100%,Ekstazi,27,0.8333333333333333,8,0.17777777777777778
JxPath,19,26,100%,FAST,27,0.7444444444444445,12,0.26666666666666666
JxPath,19,26,100%,Ekstazi+dpt,27,0.5,23,0.5111111111111111
JxPath,19,26,100%,DPT,27,0.5,23,0.5111111111111111
JxPath,19,26,100%,STARTS,27,0.7888888888888889,10,0.2222222222222222
JxPath,19,26,100%,STARTS+FAST-S,27,0.5888888888888888,19,0.4222222222222222
JxPath,19,26,100%,STARTS+FAST-P,27,0.611111111111111,18,0.4
JxPath,19,26,100%,STARTS+DPT,27,0.5,23,0.5111111111111111
JxPath,19,26,100%,Fastazi-S,27,0.9888888888888888,1,0.022222222222222223
JxPath,19,26,100%,Fastazi-P,27,0.7888888888888889,10,0.2222222222222222
JxPath,19,26,100%,Random,27,0.0,NA,NA
JxPath,19,27,10%,Ekstazi,2,0.0,NA,NA
JxPath,19,27,10%,FAST,2,0.0,NA,NA
JxPath,19,27,10%,Ekstazi+dpt,2,0.0,NA,NA
JxPath,19,27,10%,DPT,2,0.0,NA,NA
JxPath,19,27,10%,STARTS,2,0.0,NA,NA
JxPath,19,27,10%,STARTS+FAST-S,2,0.0,NA,NA
JxPath,19,27,10%,STARTS+FAST-P,2,0.0,NA,NA
JxPath,19,27,10%,STARTS+DPT,2,0.0,NA,NA
JxPath,19,27,10%,Fastazi-S,2,0.0,NA,NA
JxPath,19,27,10%,Fastazi-P,2,0.0,NA,NA
JxPath,19,27,10%,Random,2,0.0,NA,NA
JxPath,19,27,20%,Ekstazi,5,0.0,NA,NA
JxPath,19,27,20%,FAST,5,0.0,NA,NA
JxPath,19,27,20%,Ekstazi+dpt,5,0.0,NA,NA
JxPath,19,27,20%,DPT,5,0.0,NA,NA
JxPath,19,27,20%,STARTS,5,0.0,NA,NA
JxPath,19,27,20%,STARTS+FAST-S,5,0.0,NA,NA
JxPath,19,27,20%,STARTS+FAST-P,5,0.0,NA,NA
JxPath,19,27,20%,STARTS+DPT,5,0.0,NA,NA
JxPath,19,27,20%,Fastazi-S,5,0.0,NA,NA
JxPath,19,27,20%,Fastazi-P,5,0.0,NA,NA
JxPath,19,27,20%,Random,5,0.0,NA,NA
JxPath,19,27,25%,Ekstazi,6,0.0,NA,NA
JxPath,19,27,25%,FAST,6,0.0,NA,NA
JxPath,19,27,25%,Ekstazi+dpt,6,0.0,NA,NA
JxPath,19,27,25%,DPT,6,0.0,NA,NA
JxPath,19,27,25%,STARTS,6,0.0,NA,NA
JxPath,19,27,25%,STARTS+FAST-S,6,0.0,NA,NA
JxPath,19,27,25%,STARTS+FAST-P,6,0.0,NA,NA
JxPath,19,27,25%,STARTS+DPT,6,0.0,NA,NA
JxPath,19,27,25%,Fastazi-S,6,0.0,NA,NA
JxPath,19,27,25%,Fastazi-P,6,0.0,NA,NA
JxPath,19,27,25%,Random,6,0.0,NA,NA
JxPath,19,27,30%,Ekstazi,8,0.0,NA,NA
JxPath,19,27,30%,FAST,8,0.0,NA,NA
JxPath,19,27,30%,Ekstazi+dpt,8,0.0,NA,NA
JxPath,19,27,30%,DPT,8,0.0,NA,NA
JxPath,19,27,30%,STARTS,8,0.0,NA,NA
JxPath,19,27,30%,STARTS+FAST-S,8,0.0,NA,NA
JxPath,19,27,30%,STARTS+FAST-P,8,0.0,NA,NA
JxPath,19,27,30%,STARTS+DPT,8,0.0,NA,NA
JxPath,19,27,30%,Fastazi-S,8,0.0,NA,NA
JxPath,19,27,30%,Fastazi-P,8,0.0,NA,NA
JxPath,19,27,30%,Random,8,0.0,NA,NA
JxPath,19,27,40%,Ekstazi,10,0.7888888888888889,10,0.2222222222222222
JxPath,19,27,40%,FAST,10,0.0,NA,NA
JxPath,19,27,40%,Ekstazi+dpt,10,0.0,NA,NA
JxPath,19,27,40%,DPT,10,0.0,NA,NA
JxPath,19,27,40%,STARTS,10,0.0,NA,NA
JxPath,19,27,40%,STARTS+FAST-S,10,0.0,NA,NA
JxPath,19,27,40%,STARTS+FAST-P,10,0.0,NA,NA
JxPath,19,27,40%,STARTS+DPT,10,0.0,NA,NA
JxPath,19,27,40%,Fastazi-S,10,0.7888888888888889,10,0.2222222222222222
JxPath,19,27,40%,Fastazi-P,10,0.8111111111111111,9,0.2
JxPath,19,27,40%,Random,10,0.0,NA,NA
JxPath,19,27,50%,Ekstazi,13,0.7888888888888889,10,0.2222222222222222
JxPath,19,27,50%,FAST,13,0.7222222222222222,13,0.28888888888888886
JxPath,19,27,50%,Ekstazi+dpt,13,0.0,NA,NA
JxPath,19,27,50%,DPT,13,0.0,NA,NA
JxPath,19,27,50%,STARTS,13,0.7666666666666666,11,0.24444444444444444
JxPath,19,27,50%,STARTS+FAST-S,13,0.0,NA,NA
JxPath,19,27,50%,STARTS+FAST-P,13,0.0,NA,NA
JxPath,19,27,50%,STARTS+DPT,13,0.0,NA,NA
JxPath,19,27,50%,Fastazi-S,13,0.7888888888888889,10,0.2222222222222222
JxPath,19,27,50%,Fastazi-P,13,0.8111111111111111,9,0.2
JxPath,19,27,50%,Random,13,0.0,NA,NA
JxPath,19,27,60%,Ekstazi,16,0.7888888888888889,10,0.2222222222222222
JxPath,19,27,60%,FAST,16,0.7222222222222222,13,0.28888888888888886
JxPath,19,27,60%,Ekstazi+dpt,16,0.0,NA,NA
JxPath,19,27,60%,DPT,16,0.0,NA,NA
JxPath,19,27,60%,STARTS,16,0.7666666666666666,11,0.24444444444444444
JxPath,19,27,60%,STARTS+FAST-S,16,0.0,NA,NA
JxPath,19,27,60%,STARTS+FAST-P,16,0.0,NA,NA
JxPath,19,27,60%,STARTS+DPT,16,0.0,NA,NA
JxPath,19,27,60%,Fastazi-S,16,0.7888888888888889,10,0.2222222222222222
JxPath,19,27,60%,Fastazi-P,16,0.8111111111111111,9,0.2
JxPath,19,27,60%,Random,16,0.0,NA,NA
JxPath,19,27,70%,Ekstazi,18,0.7888888888888889,10,0.2222222222222222
JxPath,19,27,70%,FAST,18,0.7222222222222222,13,0.28888888888888886
JxPath,19,27,70%,Ekstazi+dpt,18,0.0,NA,NA
JxPath,19,27,70%,DPT,18,0.0,NA,NA
JxPath,19,27,70%,STARTS,18,0.7666666666666666,11,0.24444444444444444
JxPath,19,27,70%,STARTS+FAST-S,18,0.0,NA,NA
JxPath,19,27,70%,STARTS+FAST-P,18,0.611111111111111,18,0.4
JxPath,19,27,70%,STARTS+DPT,18,0.0,NA,NA
JxPath,19,27,70%,Fastazi-S,18,0.7888888888888889,10,0.2222222222222222
JxPath,19,27,70%,Fastazi-P,18,0.8111111111111111,9,0.2
JxPath,19,27,70%,Random,18,0.0,NA,NA
JxPath,19,27,75%,Ekstazi,20,0.7888888888888889,10,0.2222222222222222
JxPath,19,27,75%,FAST,20,0.7222222222222222,13,0.28888888888888886
JxPath,19,27,75%,Ekstazi+dpt,20,0.0,NA,NA
JxPath,19,27,75%,DPT,20,0.0,NA,NA
JxPath,19,27,75%,STARTS,20,0.7666666666666666,11,0.24444444444444444
JxPath,19,27,75%,STARTS+FAST-S,20,0.5666666666666667,20,0.4444444444444444
JxPath,19,27,75%,STARTS+FAST-P,20,0.611111111111111,18,0.4
JxPath,19,27,75%,STARTS+DPT,20,0.0,NA,NA
JxPath,19,27,75%,Fastazi-S,20,0.7888888888888889,10,0.2222222222222222
JxPath,19,27,75%,Fastazi-P,20,0.8111111111111111,9,0.2
JxPath,19,27,75%,Random,20,0.0,NA,NA
JxPath,19,27,80%,Ekstazi,21,0.7888888888888889,10,0.2222222222222222
JxPath,19,27,80%,FAST,21,0.7222222222222222,13,0.28888888888888886
JxPath,19,27,80%,Ekstazi+dpt,21,0.0,NA,NA
JxPath,19,27,80%,DPT,21,0.0,NA,NA
JxPath,19,27,80%,STARTS,21,0.7666666666666666,11,0.24444444444444444
JxPath,19,27,80%,STARTS+FAST-S,21,0.5666666666666667,20,0.4444444444444444
JxPath,19,27,80%,STARTS+FAST-P,21,0.611111111111111,18,0.4
JxPath,19,27,80%,STARTS+DPT,21,0.0,NA,NA
JxPath,19,27,80%,Fastazi-S,21,0.7888888888888889,10,0.2222222222222222
JxPath,19,27,80%,Fastazi-P,21,0.8111111111111111,9,0.2
JxPath,19,27,80%,Random,21,0.0,NA,NA
JxPath,19,27,90%,Ekstazi,24,0.7888888888888889,10,0.2222222222222222
JxPath,19,27,90%,FAST,24,0.7222222222222222,13,0.28888888888888886
JxPath,19,27,90%,Ekstazi+dpt,24,0.5222222222222221,22,0.4888888888888889
JxPath,19,27,90%,DPT,24,0.5222222222222221,22,0.4888888888888889
JxPath,19,27,90%,STARTS,24,0.7666666666666666,11,0.24444444444444444
JxPath,19,27,90%,STARTS+FAST-S,24,0.5666666666666667,20,0.4444444444444444
JxPath,19,27,90%,STARTS+FAST-P,24,0.611111111111111,18,0.4
JxPath,19,27,90%,STARTS+DPT,24,0.5222222222222221,22,0.4888888888888889
JxPath,19,27,90%,Fastazi-S,24,0.7888888888888889,10,0.2222222222222222
JxPath,19,27,90%,Fastazi-P,24,0.8111111111111111,9,0.2
JxPath,19,27,90%,Random,24,0.0,NA,NA
JxPath,19,27,100%,Ekstazi,27,0.7888888888888889,10,0.2222222222222222
JxPath,19,27,100%,FAST,27,0.7222222222222222,13,0.28888888888888886
JxPath,19,27,100%,Ekstazi+dpt,27,0.5222222222222221,22,0.4888888888888889
JxPath,19,27,100%,DPT,27,0.5222222222222221,22,0.4888888888888889
JxPath,19,27,100%,STARTS,27,0.7666666666666666,11,0.24444444444444444
JxPath,19,27,100%,STARTS+FAST-S,27,0.5666666666666667,20,0.4444444444444444
JxPath,19,27,100%,STARTS+FAST-P,27,0.611111111111111,18,0.4
JxPath,19,27,100%,STARTS+DPT,27,0.5222222222222221,22,0.4888888888888889
JxPath,19,27,100%,Fastazi-S,27,0.7888888888888889,10,0.2222222222222222
JxPath,19,27,100%,Fastazi-P,27,0.8111111111111111,9,0.2
JxPath,19,27,100%,Random,27,0.0,NA,NA
JxPath,19,28,10%,Ekstazi,2,0.0,NA,NA
JxPath,19,28,10%,FAST,2,0.0,NA,NA
JxPath,19,28,10%,Ekstazi+dpt,2,0.0,NA,NA
JxPath,19,28,10%,DPT,2,0.0,NA,NA
JxPath,19,28,10%,STARTS,2,0.0,NA,NA
JxPath,19,28,10%,STARTS+FAST-S,2,0.0,NA,NA
JxPath,19,28,10%,STARTS+FAST-P,2,0.0,NA,NA
JxPath,19,28,10%,STARTS+DPT,2,0.0,NA,NA
JxPath,19,28,10%,Fastazi-S,2,0.0,NA,NA
JxPath,19,28,10%,Fastazi-P,2,0.0,NA,NA
JxPath,19,28,10%,Random,2,0.0,NA,NA
JxPath,19,28,20%,Ekstazi,5,0.0,NA,NA
JxPath,19,28,20%,FAST,5,0.0,NA,NA
JxPath,19,28,20%,Ekstazi+dpt,5,0.0,NA,NA
JxPath,19,28,20%,DPT,5,0.0,NA,NA
JxPath,19,28,20%,STARTS,5,0.0,NA,NA
JxPath,19,28,20%,STARTS+FAST-S,5,0.0,NA,NA
JxPath,19,28,20%,STARTS+FAST-P,5,0.0,NA,NA
JxPath,19,28,20%,STARTS+DPT,5,0.0,NA,NA
JxPath,19,28,20%,Fastazi-S,5,0.0,NA,NA
JxPath,19,28,20%,Fastazi-P,5,0.0,NA,NA
JxPath,19,28,20%,Random,5,0.0,NA,NA
JxPath,19,28,25%,Ekstazi,6,0.0,NA,NA
JxPath,19,28,25%,FAST,6,0.0,NA,NA
JxPath,19,28,25%,Ekstazi+dpt,6,0.0,NA,NA
JxPath,19,28,25%,DPT,6,0.0,NA,NA
JxPath,19,28,25%,STARTS,6,0.0,NA,NA
JxPath,19,28,25%,STARTS+FAST-S,6,0.0,NA,NA
JxPath,19,28,25%,STARTS+FAST-P,6,0.0,NA,NA
JxPath,19,28,25%,STARTS+DPT,6,0.0,NA,NA
JxPath,19,28,25%,Fastazi-S,6,0.0,NA,NA
JxPath,19,28,25%,Fastazi-P,6,0.0,NA,NA
JxPath,19,28,25%,Random,6,0.0,NA,NA
JxPath,19,28,30%,Ekstazi,8,0.0,NA,NA
JxPath,19,28,30%,FAST,8,0.0,NA,NA
JxPath,19,28,30%,Ekstazi+dpt,8,0.0,NA,NA
JxPath,19,28,30%,DPT,8,0.0,NA,NA
JxPath,19,28,30%,STARTS,8,0.0,NA,NA
JxPath,19,28,30%,STARTS+FAST-S,8,0.0,NA,NA
JxPath,19,28,30%,STARTS+FAST-P,8,0.0,NA,NA
JxPath,19,28,30%,STARTS+DPT,8,0.0,NA,NA
JxPath,19,28,30%,Fastazi-S,8,0.0,NA,NA
JxPath,19,28,30%,Fastazi-P,8,0.0,NA,NA
JxPath,19,28,30%,Random,8,0.0,NA,NA
JxPath,19,28,40%,Ekstazi,10,0.0,NA,NA
JxPath,19,28,40%,FAST,10,0.0,NA,NA
JxPath,19,28,40%,Ekstazi+dpt,10,0.0,NA,NA
JxPath,19,28,40%,DPT,10,0.0,NA,NA
JxPath,19,28,40%,STARTS,10,0.0,NA,NA
JxPath,19,28,40%,STARTS+FAST-S,10,0.0,NA,NA
JxPath,19,28,40%,STARTS+FAST-P,10,0.0,NA,NA
JxPath,19,28,40%,STARTS+DPT,10,0.0,NA,NA
JxPath,19,28,40%,Fastazi-S,10,0.0,NA,NA
JxPath,19,28,40%,Fastazi-P,10,0.8111111111111111,9,0.2
JxPath,19,28,40%,Random,10,0.0,NA,NA
JxPath,19,28,50%,Ekstazi,13,0.0,NA,NA
JxPath,19,28,50%,FAST,13,0.7222222222222222,13,0.28888888888888886
JxPath,19,28,50%,Ekstazi+dpt,13,0.0,NA,NA
JxPath,19,28,50%,DPT,13,0.0,NA,NA
JxPath,19,28,50%,STARTS,13,0.0,NA,NA
JxPath,19,28,50%,STARTS+FAST-S,13,0.0,NA,NA
JxPath,19,28,50%,STARTS+FAST-P,13,0.0,NA,NA
JxPath,19,28,50%,STARTS+DPT,13,0.0,NA,NA
JxPath,19,28,50%,Fastazi-S,13,0.7222222222222222,13,0.28888888888888886
JxPath,19,28,50%,Fastazi-P,13,0.8111111111111111,9,0.2
JxPath,19,28,50%,Random,13,0.0,NA,NA
JxPath,19,28,60%,Ekstazi,16,0.0,NA,NA
JxPath,19,28,60%,FAST,16,0.7222222222222222,13,0.28888888888888886
JxPath,19,28,60%,Ekstazi+dpt,16,0.0,NA,NA
JxPath,19,28,60%,DPT,16,0.0,NA,NA
JxPath,19,28,60%,STARTS,16,0.0,NA,NA
JxPath,19,28,60%,STARTS+FAST-S,16,0.0,NA,NA
JxPath,19,28,60%,STARTS+FAST-P,16,0.0,NA,NA
JxPath,19,28,60%,STARTS+DPT,16,0.0,NA,NA
JxPath,19,28,60%,Fastazi-S,16,0.7222222222222222,13,0.28888888888888886
JxPath,19,28,60%,Fastazi-P,16,0.8111111111111111,9,0.2
JxPath,19,28,60%,Random,16,0.0,NA,NA
JxPath,19,28,70%,Ekstazi,18,0.611111111111111,18,0.4
JxPath,19,28,70%,FAST,18,0.7222222222222222,13,0.28888888888888886
JxPath,19,28,70%,Ekstazi+dpt,18,0.0,NA,NA
JxPath,19,28,70%,DPT,18,0.0,NA,NA
JxPath,19,28,70%,STARTS,18,0.0,NA,NA
JxPath,19,28,70%,STARTS+FAST-S,18,0.611111111111111,18,0.4
JxPath,19,28,70%,STARTS+FAST-P,18,0.611111111111111,18,0.4
JxPath,19,28,70%,STARTS+DPT,18,0.0,NA,NA
JxPath,19,28,70%,Fastazi-S,18,0.7222222222222222,13,0.28888888888888886
JxPath,19,28,70%,Fastazi-P,18,0.8111111111111111,9,0.2
JxPath,19,28,70%,Random,18,0.0,NA,NA
JxPath,19,28,75%,Ekstazi,20,0.611111111111111,18,0.4
JxPath,19,28,75%,FAST,20,0.7222222222222222,13,0.28888888888888886
JxPath,19,28,75%,Ekstazi+dpt,20,0.0,NA,NA
JxPath,19,28,75%,DPT,20,0.0,NA,NA
JxPath,19,28,75%,STARTS,20,0.0,NA,NA
JxPath,19,28,75%,STARTS+FAST-S,20,0.611111111111111,18,0.4
JxPath,19,28,75%,STARTS+FAST-P,20,0.611111111111111,18,0.4
JxPath,19,28,75%,STARTS+DPT,20,0.0,NA,NA
JxPath,19,28,75%,Fastazi-S,20,0.7222222222222222,13,0.28888888888888886
JxPath,19,28,75%,Fastazi-P,20,0.8111111111111111,9,0.2
JxPath,19,28,75%,Random,20,0.0,NA,NA
JxPath,19,28,80%,Ekstazi,21,0.611111111111111,18,0.4
JxPath,19,28,80%,FAST,21,0.7222222222222222,13,0.28888888888888886
JxPath,19,28,80%,Ekstazi+dpt,21,0.0,NA,NA
JxPath,19,28,80%,DPT,21,0.0,NA,NA
JxPath,19,28,80%,STARTS,21,0.0,NA,NA
JxPath,19,28,80%,STARTS+FAST-S,21,0.611111111111111,18,0.4
JxPath,19,28,80%,STARTS+FAST-P,21,0.611111111111111,18,0.4
JxPath,19,28,80%,STARTS+DPT,21,0.0,NA,NA
JxPath,19,28,80%,Fastazi-S,21,0.7222222222222222,13,0.28888888888888886
JxPath,19,28,80%,Fastazi-P,21,0.8111111111111111,9,0.2
JxPath,19,28,80%,Random,21,0.0,NA,NA
JxPath,19,28,90%,Ekstazi,24,0.611111111111111,18,0.4
JxPath,19,28,90%,FAST,24,0.7222222222222222,13,0.28888888888888886
JxPath,19,28,90%,Ekstazi+dpt,24,0.5,23,0.5111111111111111
JxPath,19,28,90%,DPT,24,0.5,23,0.5111111111111111
JxPath,19,28,90%,STARTS,24,0.0,NA,NA
JxPath,19,28,90%,STARTS+FAST-S,24,0.611111111111111,18,0.4
JxPath,19,28,90%,STARTS+FAST-P,24,0.611111111111111,18,0.4
JxPath,19,28,90%,STARTS+DPT,24,0.5,23,0.5111111111111111
JxPath,19,28,90%,Fastazi-S,24,0.7222222222222222,13,0.28888888888888886
JxPath,19,28,90%,Fastazi-P,24,0.8111111111111111,9,0.2
JxPath,19,28,90%,Random,24,0.0,NA,NA
JxPath,19,28,100%,Ekstazi,27,0.611111111111111,18,0.4
JxPath,19,28,100%,FAST,27,0.7222222222222222,13,0.28888888888888886
JxPath,19,28,100%,Ekstazi+dpt,27,0.5,23,0.5111111111111111
JxPath,19,28,100%,DPT,27,0.5,23,0.5111111111111111
JxPath,19,28,100%,STARTS,27,0.4333333333333334,26,0.5777777777777777
JxPath,19,28,100%,STARTS+FAST-S,27,0.611111111111111,18,0.4
JxPath,19,28,100%,STARTS+FAST-P,27,0.611111111111111,18,0.4
JxPath,19,28,100%,STARTS+DPT,27,0.5,23,0.5111111111111111
JxPath,19,28,100%,Fastazi-S,27,0.7222222222222222,13,0.28888888888888886
JxPath,19,28,100%,Fastazi-P,27,0.8111111111111111,9,0.2
JxPath,19,28,100%,Random,27,0.0,NA,NA
JxPath,19,29,10%,Ekstazi,2,0.9888888888888888,1,0.022222222222222223
JxPath,19,29,10%,FAST,2,0.0,NA,NA
JxPath,19,29,10%,Ekstazi+dpt,2,0.0,NA,NA
JxPath,19,29,10%,DPT,2,0.0,NA,NA
JxPath,19,29,10%,STARTS,2,0.0,NA,NA
JxPath,19,29,10%,STARTS+FAST-S,2,0.0,NA,NA
JxPath,19,29,10%,STARTS+FAST-P,2,0.0,NA,NA
JxPath,19,29,10%,STARTS+DPT,2,0.0,NA,NA
JxPath,19,29,10%,Fastazi-S,2,0.0,NA,NA
JxPath,19,29,10%,Fastazi-P,2,0.0,NA,NA
JxPath,19,29,10%,Random,2,0.0,NA,NA
JxPath,19,29,20%,Ekstazi,5,0.9888888888888888,1,0.022222222222222223
JxPath,19,29,20%,FAST,5,0.0,NA,NA
JxPath,19,29,20%,Ekstazi+dpt,5,0.0,NA,NA
JxPath,19,29,20%,DPT,5,0.0,NA,NA
JxPath,19,29,20%,STARTS,5,0.8999999999999999,5,0.1111111111111111
JxPath,19,29,20%,STARTS+FAST-S,5,0.0,NA,NA
JxPath,19,29,20%,STARTS+FAST-P,5,0.0,NA,NA
JxPath,19,29,20%,STARTS+DPT,5,0.0,NA,NA
JxPath,19,29,20%,Fastazi-S,5,0.0,NA,NA
JxPath,19,29,20%,Fastazi-P,5,0.0,NA,NA
JxPath,19,29,20%,Random,5,0.0,NA,NA
JxPath,19,29,25%,Ekstazi,6,0.9888888888888888,1,0.022222222222222223
JxPath,19,29,25%,FAST,6,0.0,NA,NA
JxPath,19,29,25%,Ekstazi+dpt,6,0.0,NA,NA
JxPath,19,29,25%,DPT,6,0.0,NA,NA
JxPath,19,29,25%,STARTS,6,0.8999999999999999,5,0.1111111111111111
JxPath,19,29,25%,STARTS+FAST-S,6,0.0,NA,NA
JxPath,19,29,25%,STARTS+FAST-P,6,0.0,NA,NA
JxPath,19,29,25%,STARTS+DPT,6,0.0,NA,NA
JxPath,19,29,25%,Fastazi-S,6,0.0,NA,NA
JxPath,19,29,25%,Fastazi-P,6,0.0,NA,NA
JxPath,19,29,25%,Random,6,0.0,NA,NA
JxPath,19,29,30%,Ekstazi,8,0.9888888888888888,1,0.022222222222222223
JxPath,19,29,30%,FAST,8,0.0,NA,NA
JxPath,19,29,30%,Ekstazi+dpt,8,0.0,NA,NA
JxPath,19,29,30%,DPT,8,0.0,NA,NA
JxPath,19,29,30%,STARTS,8,0.8999999999999999,5,0.1111111111111111
JxPath,19,29,30%,STARTS+FAST-S,8,0.0,NA,NA
JxPath,19,29,30%,STARTS+FAST-P,8,0.0,NA,NA
JxPath,19,29,30%,STARTS+DPT,8,0.0,NA,NA
JxPath,19,29,30%,Fastazi-S,8,0.0,NA,NA
JxPath,19,29,30%,Fastazi-P,8,0.0,NA,NA
JxPath,19,29,30%,Random,8,0.0,NA,NA
JxPath,19,29,40%,Ekstazi,10,0.9888888888888888,1,0.022222222222222223
JxPath,19,29,40%,FAST,10,0.0,NA,NA
JxPath,19,29,40%,Ekstazi+dpt,10,0.0,NA,NA
JxPath,19,29,40%,DPT,10,0.0,NA,NA
JxPath,19,29,40%,STARTS,10,0.8999999999999999,5,0.1111111111111111
JxPath,19,29,40%,STARTS+FAST-S,10,0.0,NA,NA
JxPath,19,29,40%,STARTS+FAST-P,10,0.0,NA,NA
JxPath,19,29,40%,STARTS+DPT,10,0.0,NA,NA
JxPath,19,29,40%,Fastazi-S,10,0.0,NA,NA
JxPath,19,29,40%,Fastazi-P,10,0.8111111111111111,9,0.2
JxPath,19,29,40%,Random,10,0.0,NA,NA
JxPath,19,29,50%,Ekstazi,13,0.9888888888888888,1,0.022222222222222223
JxPath,19,29,50%,FAST,13,0.7444444444444445,12,0.26666666666666666
JxPath,19,29,50%,Ekstazi+dpt,13,0.0,NA,NA
JxPath,19,29,50%,DPT,13,0.0,NA,NA
JxPath,19,29,50%,STARTS,13,0.8999999999999999,5,0.1111111111111111
JxPath,19,29,50%,STARTS+FAST-S,13,0.0,NA,NA
JxPath,19,29,50%,STARTS+FAST-P,13,0.0,NA,NA
JxPath,19,29,50%,STARTS+DPT,13,0.0,NA,NA
JxPath,19,29,50%,Fastazi-S,13,0.7444444444444445,12,0.26666666666666666
JxPath,19,29,50%,Fastazi-P,13,0.8111111111111111,9,0.2
JxPath,19,29,50%,Random,13,0.7666666666666666,11,0.24444444444444444
JxPath,19,29,60%,Ekstazi,16,0.9888888888888888,1,0.022222222222222223
JxPath,19,29,60%,FAST,16,0.7444444444444445,12,0.26666666666666666
JxPath,19,29,60%,Ekstazi+dpt,16,0.0,NA,NA
JxPath,19,29,60%,DPT,16,0.0,NA,NA
JxPath,19,29,60%,STARTS,16,0.8999999999999999,5,0.1111111111111111
JxPath,19,29,60%,STARTS+FAST-S,16,0.0,NA,NA
JxPath,19,29,60%,STARTS+FAST-P,16,0.0,NA,NA
JxPath,19,29,60%,STARTS+DPT,16,0.0,NA,NA
JxPath,19,29,60%,Fastazi-S,16,0.7444444444444445,12,0.26666666666666666
JxPath,19,29,60%,Fastazi-P,16,0.8111111111111111,9,0.2
JxPath,19,29,60%,Random,16,0.7666666666666666,11,0.24444444444444444
JxPath,19,29,70%,Ekstazi,18,0.9888888888888888,1,0.022222222222222223
JxPath,19,29,70%,FAST,18,0.7444444444444445,12,0.26666666666666666
JxPath,19,29,70%,Ekstazi+dpt,18,0.0,NA,NA
JxPath,19,29,70%,DPT,18,0.0,NA,NA
JxPath,19,29,70%,STARTS,18,0.8999999999999999,5,0.1111111111111111
JxPath,19,29,70%,STARTS+FAST-S,18,0.0,NA,NA
JxPath,19,29,70%,STARTS+FAST-P,18,0.611111111111111,18,0.4
JxPath,19,29,70%,STARTS+DPT,18,0.0,NA,NA
JxPath,19,29,70%,Fastazi-S,18,0.7444444444444445,12,0.26666666666666666
JxPath,19,29,70%,Fastazi-P,18,0.8111111111111111,9,0.2
JxPath,19,29,70%,Random,18,0.7666666666666666,11,0.24444444444444444
JxPath,19,29,75%,Ekstazi,20,0.9888888888888888,1,0.022222222222222223
JxPath,19,29,75%,FAST,20,0.7444444444444445,12,0.26666666666666666
JxPath,19,29,75%,Ekstazi+dpt,20,0.0,NA,NA
JxPath,19,29,75%,DPT,20,0.0,NA,NA
JxPath,19,29,75%,STARTS,20,0.8999999999999999,5,0.1111111111111111
JxPath,19,29,75%,STARTS+FAST-S,20,0.5666666666666667,20,0.4444444444444444
JxPath,19,29,75%,STARTS+FAST-P,20,0.611111111111111,18,0.4
JxPath,19,29,75%,STARTS+DPT,20,0.0,NA,NA
JxPath,19,29,75%,Fastazi-S,20,0.7444444444444445,12,0.26666666666666666
JxPath,19,29,75%,Fastazi-P,20,0.8111111111111111,9,0.2
JxPath,19,29,75%,Random,20,0.7666666666666666,11,0.24444444444444444
JxPath,19,29,80%,Ekstazi,21,0.9888888888888888,1,0.022222222222222223
JxPath,19,29,80%,FAST,21,0.7444444444444445,12,0.26666666666666666
JxPath,19,29,80%,Ekstazi+dpt,21,0.0,NA,NA
JxPath,19,29,80%,DPT,21,0.0,NA,NA
JxPath,19,29,80%,STARTS,21,0.8999999999999999,5,0.1111111111111111
JxPath,19,29,80%,STARTS+FAST-S,21,0.5666666666666667,20,0.4444444444444444
JxPath,19,29,80%,STARTS+FAST-P,21,0.611111111111111,18,0.4
JxPath,19,29,80%,STARTS+DPT,21,0.0,NA,NA
JxPath,19,29,80%,Fastazi-S,21,0.7444444444444445,12,0.26666666666666666
JxPath,19,29,80%,Fastazi-P,21,0.8111111111111111,9,0.2
JxPath,19,29,80%,Random,21,0.7666666666666666,11,0.24444444444444444
JxPath,19,29,90%,Ekstazi,24,0.9888888888888888,1,0.022222222222222223
JxPath,19,29,90%,FAST,24,0.7444444444444445,12,0.26666666666666666
JxPath,19,29,90%,Ekstazi+dpt,24,0.5222222222222221,22,0.4888888888888889
JxPath,19,29,90%,DPT,24,0.5222222222222221,22,0.4888888888888889
JxPath,19,29,90%,STARTS,24,0.8999999999999999,5,0.1111111111111111
JxPath,19,29,90%,STARTS+FAST-S,24,0.5666666666666667,20,0.4444444444444444
JxPath,19,29,90%,STARTS+FAST-P,24,0.611111111111111,18,0.4
JxPath,19,29,90%,STARTS+DPT,24,0.5222222222222221,22,0.4888888888888889
JxPath,19,29,90%,Fastazi-S,24,0.7444444444444445,12,0.26666666666666666
JxPath,19,29,90%,Fastazi-P,24,0.8111111111111111,9,0.2
JxPath,19,29,90%,Random,24,0.7666666666666666,11,0.24444444444444444
JxPath,19,29,100%,Ekstazi,27,0.9888888888888888,1,0.022222222222222223
JxPath,19,29,100%,FAST,27,0.7444444444444445,12,0.26666666666666666
JxPath,19,29,100%,Ekstazi+dpt,27,0.5222222222222221,22,0.4888888888888889
JxPath,19,29,100%,DPT,27,0.5222222222222221,22,0.4888888888888889
JxPath,19,29,100%,STARTS,27,0.8999999999999999,5,0.1111111111111111
JxPath,19,29,100%,STARTS+FAST-S,27,0.5666666666666667,20,0.4444444444444444
JxPath,19,29,100%,STARTS+FAST-P,27,0.611111111111111,18,0.4
JxPath,19,29,100%,STARTS+DPT,27,0.5222222222222221,22,0.4888888888888889
JxPath,19,29,100%,Fastazi-S,27,0.7444444444444445,12,0.26666666666666666
JxPath,19,29,100%,Fastazi-P,27,0.8111111111111111,9,0.2
JxPath,19,29,100%,Random,27,0.7666666666666666,11,0.24444444444444444
JxPath,19,30,10%,Ekstazi,2,0.0,NA,NA
JxPath,19,30,10%,FAST,2,0.0,NA,NA
JxPath,19,30,10%,Ekstazi+dpt,2,0.0,NA,NA
JxPath,19,30,10%,DPT,2,0.0,NA,NA
JxPath,19,30,10%,STARTS,2,0.0,NA,NA
JxPath,19,30,10%,STARTS+FAST-S,2,0.0,NA,NA
JxPath,19,30,10%,STARTS+FAST-P,2,0.0,NA,NA
JxPath,19,30,10%,STARTS+DPT,2,0.0,NA,NA
JxPath,19,30,10%,Fastazi-S,2,0.9888888888888888,1,0.022222222222222223
JxPath,19,30,10%,Fastazi-P,2,0.0,NA,NA
JxPath,19,30,10%,Random,2,0.0,NA,NA
JxPath,19,30,20%,Ekstazi,5,0.0,NA,NA
JxPath,19,30,20%,FAST,5,0.0,NA,NA
JxPath,19,30,20%,Ekstazi+dpt,5,0.0,NA,NA
JxPath,19,30,20%,DPT,5,0.0,NA,NA
JxPath,19,30,20%,STARTS,5,0.0,NA,NA
JxPath,19,30,20%,STARTS+FAST-S,5,0.0,NA,NA
JxPath,19,30,20%,STARTS+FAST-P,5,0.0,NA,NA
JxPath,19,30,20%,STARTS+DPT,5,0.0,NA,NA
JxPath,19,30,20%,Fastazi-S,5,0.9888888888888888,1,0.022222222222222223
JxPath,19,30,20%,Fastazi-P,5,0.0,NA,NA
JxPath,19,30,20%,Random,5,0.0,NA,NA
JxPath,19,30,25%,Ekstazi,6,0.0,NA,NA
JxPath,19,30,25%,FAST,6,0.0,NA,NA
JxPath,19,30,25%,Ekstazi+dpt,6,0.0,NA,NA
JxPath,19,30,25%,DPT,6,0.0,NA,NA
JxPath,19,30,25%,STARTS,6,0.0,NA,NA
JxPath,19,30,25%,STARTS+FAST-S,6,0.0,NA,NA
JxPath,19,30,25%,STARTS+FAST-P,6,0.0,NA,NA
JxPath,19,30,25%,STARTS+DPT,6,0.0,NA,NA
JxPath,19,30,25%,Fastazi-S,6,0.9888888888888888,1,0.022222222222222223
JxPath,19,30,25%,Fastazi-P,6,0.0,NA,NA
JxPath,19,30,25%,Random,6,0.0,NA,NA
JxPath,19,30,30%,Ekstazi,8,0.0,NA,NA
JxPath,19,30,30%,FAST,8,0.0,NA,NA
JxPath,19,30,30%,Ekstazi+dpt,8,0.0,NA,NA
JxPath,19,30,30%,DPT,8,0.0,NA,NA
JxPath,19,30,30%,STARTS,8,0.0,NA,NA
JxPath,19,30,30%,STARTS+FAST-S,8,0.8555555555555555,7,0.15555555555555556
JxPath,19,30,30%,STARTS+FAST-P,8,0.0,NA,NA
JxPath,19,30,30%,STARTS+DPT,8,0.0,NA,NA
JxPath,19,30,30%,Fastazi-S,8,0.9888888888888888,1,0.022222222222222223
JxPath,19,30,30%,Fastazi-P,8,0.0,NA,NA
JxPath,19,30,30%,Random,8,0.0,NA,NA
JxPath,19,30,40%,Ekstazi,10,0.0,NA,NA
JxPath,19,30,40%,FAST,10,0.0,NA,NA
JxPath,19,30,40%,Ekstazi+dpt,10,0.0,NA,NA
JxPath,19,30,40%,DPT,10,0.0,NA,NA
JxPath,19,30,40%,STARTS,10,0.0,NA,NA
JxPath,19,30,40%,STARTS+FAST-S,10,0.8555555555555555,7,0.15555555555555556
JxPath,19,30,40%,STARTS+FAST-P,10,0.0,NA,NA
JxPath,19,30,40%,STARTS+DPT,10,0.0,NA,NA
JxPath,19,30,40%,Fastazi-S,10,0.9888888888888888,1,0.022222222222222223
JxPath,19,30,40%,Fastazi-P,10,0.0,NA,NA
JxPath,19,30,40%,Random,10,0.0,NA,NA
JxPath,19,30,50%,Ekstazi,13,0.0,NA,NA
JxPath,19,30,50%,FAST,13,0.7222222222222222,13,0.28888888888888886
JxPath,19,30,50%,Ekstazi+dpt,13,0.0,NA,NA
JxPath,19,30,50%,DPT,13,0.0,NA,NA
JxPath,19,30,50%,STARTS,13,0.0,NA,NA
JxPath,19,30,50%,STARTS+FAST-S,13,0.8555555555555555,7,0.15555555555555556
JxPath,19,30,50%,STARTS+FAST-P,13,0.0,NA,NA
JxPath,19,30,50%,STARTS+DPT,13,0.0,NA,NA
JxPath,19,30,50%,Fastazi-S,13,0.9888888888888888,1,0.022222222222222223
JxPath,19,30,50%,Fastazi-P,13,0.7666666666666666,11,0.24444444444444444
JxPath,19,30,50%,Random,13,0.0,NA,NA
JxPath,19,30,60%,Ekstazi,16,0.0,NA,NA
JxPath,19,30,60%,FAST,16,0.7222222222222222,13,0.28888888888888886
JxPath,19,30,60%,Ekstazi+dpt,16,0.0,NA,NA
JxPath,19,30,60%,DPT,16,0.0,NA,NA
JxPath,19,30,60%,STARTS,16,0.0,NA,NA
JxPath,19,30,60%,STARTS+FAST-S,16,0.8555555555555555,7,0.15555555555555556
JxPath,19,30,60%,STARTS+FAST-P,16,0.0,NA,NA
JxPath,19,30,60%,STARTS+DPT,16,0.0,NA,NA
JxPath,19,30,60%,Fastazi-S,16,0.9888888888888888,1,0.022222222222222223
JxPath,19,30,60%,Fastazi-P,16,0.7666666666666666,11,0.24444444444444444
JxPath,19,30,60%,Random,16,0.0,NA,NA
JxPath,19,30,70%,Ekstazi,18,0.0,NA,NA
JxPath,19,30,70%,FAST,18,0.7222222222222222,13,0.28888888888888886
JxPath,19,30,70%,Ekstazi+dpt,18,0.0,NA,NA
JxPath,19,30,70%,DPT,18,0.0,NA,NA
JxPath,19,30,70%,STARTS,18,0.0,NA,NA
JxPath,19,30,70%,STARTS+FAST-S,18,0.8555555555555555,7,0.15555555555555556
JxPath,19,30,70%,STARTS+FAST-P,18,0.611111111111111,18,0.4
JxPath,19,30,70%,STARTS+DPT,18,0.0,NA,NA
JxPath,19,30,70%,Fastazi-S,18,0.9888888888888888,1,0.022222222222222223
JxPath,19,30,70%,Fastazi-P,18,0.7666666666666666,11,0.24444444444444444
JxPath,19,30,70%,Random,18,0.0,NA,NA
JxPath,19,30,75%,Ekstazi,20,0.0,NA,NA
JxPath,19,30,75%,FAST,20,0.7222222222222222,13,0.28888888888888886
JxPath,19,30,75%,Ekstazi+dpt,20,0.0,NA,NA
JxPath,19,30,75%,DPT,20,0.0,NA,NA
JxPath,19,30,75%,STARTS,20,0.0,NA,NA
JxPath,19,30,75%,STARTS+FAST-S,20,0.8555555555555555,7,0.15555555555555556
JxPath,19,30,75%,STARTS+FAST-P,20,0.611111111111111,18,0.4
JxPath,19,30,75%,STARTS+DPT,20,0.0,NA,NA
JxPath,19,30,75%,Fastazi-S,20,0.9888888888888888,1,0.022222222222222223
JxPath,19,30,75%,Fastazi-P,20,0.7666666666666666,11,0.24444444444444444
JxPath,19,30,75%,Random,20,0.0,NA,NA
JxPath,19,30,80%,Ekstazi,21,0.0,NA,NA
JxPath,19,30,80%,FAST,21,0.7222222222222222,13,0.28888888888888886
JxPath,19,30,80%,Ekstazi+dpt,21,0.0,NA,NA
JxPath,19,30,80%,DPT,21,0.0,NA,NA
JxPath,19,30,80%,STARTS,21,0.5444444444444444,21,0.4666666666666667
JxPath,19,30,80%,STARTS+FAST-S,21,0.8555555555555555,7,0.15555555555555556
JxPath,19,30,80%,STARTS+FAST-P,21,0.611111111111111,18,0.4
JxPath,19,30,80%,STARTS+DPT,21,0.0,NA,NA
JxPath,19,30,80%,Fastazi-S,21,0.9888888888888888,1,0.022222222222222223
JxPath,19,30,80%,Fastazi-P,21,0.7666666666666666,11,0.24444444444444444
JxPath,19,30,80%,Random,21,0.0,NA,NA
JxPath,19,30,90%,Ekstazi,24,0.0,NA,NA
JxPath,19,30,90%,FAST,24,0.7222222222222222,13,0.28888888888888886
JxPath,19,30,90%,Ekstazi+dpt,24,0.5222222222222221,22,0.4888888888888889
JxPath,19,30,90%,DPT,24,0.5,23,0.5111111111111111
JxPath,19,30,90%,STARTS,24,0.5444444444444444,21,0.4666666666666667
JxPath,19,30,90%,STARTS+FAST-S,24,0.8555555555555555,7,0.15555555555555556
JxPath,19,30,90%,STARTS+FAST-P,24,0.611111111111111,18,0.4
JxPath,19,30,90%,STARTS+DPT,24,0.5,23,0.5111111111111111
JxPath,19,30,90%,Fastazi-S,24,0.9888888888888888,1,0.022222222222222223
JxPath,19,30,90%,Fastazi-P,24,0.7666666666666666,11,0.24444444444444444
JxPath,19,30,90%,Random,24,0.0,NA,NA
JxPath,19,30,100%,Ekstazi,27,0.4333333333333334,26,0.5777777777777777
JxPath,19,30,100%,FAST,27,0.7222222222222222,13,0.28888888888888886
JxPath,19,30,100%,Ekstazi+dpt,27,0.5222222222222221,22,0.4888888888888889
JxPath,19,30,100%,DPT,27,0.5,23,0.5111111111111111
JxPath,19,30,100%,STARTS,27,0.5444444444444444,21,0.4666666666666667
JxPath,19,30,100%,STARTS+FAST-S,27,0.8555555555555555,7,0.15555555555555556
JxPath,19,30,100%,STARTS+FAST-P,27,0.611111111111111,18,0.4
JxPath,19,30,100%,STARTS+DPT,27,0.5,23,0.5111111111111111
JxPath,19,30,100%,Fastazi-S,27,0.9888888888888888,1,0.022222222222222223
JxPath,19,30,100%,Fastazi-P,27,0.7666666666666666,11,0.24444444444444444
JxPath,19,30,100%,Random,27,0.0,NA,NA
JxPath,20,1,10%,Ekstazi,2,0.0,NA,NA
JxPath,20,1,10%,FAST,2,0.0,NA,NA
JxPath,20,1,10%,Ekstazi+dpt,2,0.0,NA,NA
JxPath,20,1,10%,DPT,2,0.0,NA,NA
JxPath,20,1,10%,STARTS,2,0.0,NA,NA
JxPath,20,1,10%,STARTS+FAST-S,2,0.9693877551020408,2,0.04081632653061224
JxPath,20,1,10%,STARTS+FAST-P,2,0.9897959183673469,1,0.02040816326530612
JxPath,20,1,10%,STARTS+DPT,2,0.0,NA,NA
JxPath,20,1,10%,Fastazi-S,2,0.9693877551020408,2,0.04081632653061224
JxPath,20,1,10%,Fastazi-P,2,0.0,NA,NA
JxPath,20,1,10%,Random,2,0.0,NA,NA
JxPath,20,1,20%,Ekstazi,5,0.0,NA,NA
JxPath,20,1,20%,FAST,5,0.9285714285714286,4,0.08163265306122448
JxPath,20,1,20%,Ekstazi+dpt,5,0.0,NA,NA
JxPath,20,1,20%,DPT,5,0.0,NA,NA
JxPath,20,1,20%,STARTS,5,0.0,NA,NA
JxPath,20,1,20%,STARTS+FAST-S,5,0.9693877551020408,2,0.04081632653061224
JxPath,20,1,20%,STARTS+FAST-P,5,0.9897959183673469,1,0.02040816326530612
JxPath,20,1,20%,STARTS+DPT,5,0.0,NA,NA
JxPath,20,1,20%,Fastazi-S,5,0.9693877551020408,2,0.04081632653061224
JxPath,20,1,20%,Fastazi-P,5,0.9285714285714286,4,0.08163265306122448
JxPath,20,1,20%,Random,5,0.0,NA,NA
JxPath,20,1,25%,Ekstazi,7,0.0,NA,NA
JxPath,20,1,25%,FAST,7,0.9285714285714286,4,0.08163265306122448
JxPath,20,1,25%,Ekstazi+dpt,7,0.0,NA,NA
JxPath,20,1,25%,DPT,7,0.0,NA,NA
JxPath,20,1,25%,STARTS,7,0.0,NA,NA
JxPath,20,1,25%,STARTS+FAST-S,7,0.9693877551020408,2,0.04081632653061224
JxPath,20,1,25%,STARTS+FAST-P,7,0.9897959183673469,1,0.02040816326530612
JxPath,20,1,25%,STARTS+DPT,7,0.0,NA,NA
JxPath,20,1,25%,Fastazi-S,7,0.9693877551020408,2,0.04081632653061224
JxPath,20,1,25%,Fastazi-P,7,0.9285714285714286,4,0.08163265306122448
JxPath,20,1,25%,Random,7,0.0,NA,NA
JxPath,20,1,30%,Ekstazi,8,0.0,NA,NA
JxPath,20,1,30%,FAST,8,0.9285714285714286,4,0.08163265306122448
JxPath,20,1,30%,Ekstazi+dpt,8,0.0,NA,NA
JxPath,20,1,30%,DPT,8,0.0,NA,NA
JxPath,20,1,30%,STARTS,8,0.0,NA,NA
JxPath,20,1,30%,STARTS+FAST-S,8,0.9693877551020408,2,0.04081632653061224
JxPath,20,1,30%,STARTS+FAST-P,8,0.9897959183673469,1,0.02040816326530612
JxPath,20,1,30%,STARTS+DPT,8,0.0,NA,NA
JxPath,20,1,30%,Fastazi-S,8,0.9693877551020408,2,0.04081632653061224
JxPath,20,1,30%,Fastazi-P,8,0.9285714285714286,4,0.08163265306122448
JxPath,20,1,30%,Random,8,0.0,NA,NA
JxPath,20,1,40%,Ekstazi,11,0.0,NA,NA
JxPath,20,1,40%,FAST,11,0.9285714285714286,4,0.08163265306122448
JxPath,20,1,40%,Ekstazi+dpt,11,0.0,NA,NA
JxPath,20,1,40%,DPT,11,0.0,NA,NA
JxPath,20,1,40%,STARTS,11,0.0,NA,NA
JxPath,20,1,40%,STARTS+FAST-S,11,0.9693877551020408,2,0.04081632653061224
JxPath,20,1,40%,STARTS+FAST-P,11,0.9897959183673469,1,0.02040816326530612
JxPath,20,1,40%,STARTS+DPT,11,0.0,NA,NA
JxPath,20,1,40%,Fastazi-S,11,0.9693877551020408,2,0.04081632653061224
JxPath,20,1,40%,Fastazi-P,11,0.9285714285714286,4,0.08163265306122448
JxPath,20,1,40%,Random,11,0.0,NA,NA
JxPath,20,1,50%,Ekstazi,14,0.0,NA,NA
JxPath,20,1,50%,FAST,14,0.9285714285714286,4,0.08163265306122448
JxPath,20,1,50%,Ekstazi+dpt,14,0.0,NA,NA
JxPath,20,1,50%,DPT,14,0.0,NA,NA
JxPath,20,1,50%,STARTS,14,0.0,NA,NA
JxPath,20,1,50%,STARTS+FAST-S,14,0.9693877551020408,2,0.04081632653061224
JxPath,20,1,50%,STARTS+FAST-P,14,0.9897959183673469,1,0.02040816326530612
JxPath,20,1,50%,STARTS+DPT,14,0.0,NA,NA
JxPath,20,1,50%,Fastazi-S,14,0.9693877551020408,2,0.04081632653061224
JxPath,20,1,50%,Fastazi-P,14,0.9285714285714286,4,0.08163265306122448
JxPath,20,1,50%,Random,14,0.0,NA,NA
JxPath,20,1,60%,Ekstazi,17,0.0,NA,NA
JxPath,20,1,60%,FAST,17,0.9285714285714286,4,0.08163265306122448
JxPath,20,1,60%,Ekstazi+dpt,17,0.0,NA,NA
JxPath,20,1,60%,DPT,17,0.0,NA,NA
JxPath,20,1,60%,STARTS,17,0.0,NA,NA
JxPath,20,1,60%,STARTS+FAST-S,17,0.9693877551020408,2,0.04081632653061224
JxPath,20,1,60%,STARTS+FAST-P,17,0.9897959183673469,1,0.02040816326530612
JxPath,20,1,60%,STARTS+DPT,17,0.0,NA,NA
JxPath,20,1,60%,Fastazi-S,17,0.9693877551020408,2,0.04081632653061224
JxPath,20,1,60%,Fastazi-P,17,0.9285714285714286,4,0.08163265306122448
JxPath,20,1,60%,Random,17,0.0,NA,NA
JxPath,20,1,70%,Ekstazi,20,0.0,NA,NA
JxPath,20,1,70%,FAST,20,0.9285714285714286,4,0.08163265306122448
JxPath,20,1,70%,Ekstazi+dpt,20,0.0,NA,NA
JxPath,20,1,70%,DPT,20,0.0,NA,NA
JxPath,20,1,70%,STARTS,20,0.0,NA,NA
JxPath,20,1,70%,STARTS+FAST-S,20,0.9693877551020408,2,0.04081632653061224
JxPath,20,1,70%,STARTS+FAST-P,20,0.9897959183673469,1,0.02040816326530612
JxPath,20,1,70%,STARTS+DPT,20,0.0,NA,NA
JxPath,20,1,70%,Fastazi-S,20,0.9693877551020408,2,0.04081632653061224
JxPath,20,1,70%,Fastazi-P,20,0.9285714285714286,4,0.08163265306122448
JxPath,20,1,70%,Random,20,0.0,NA,NA
JxPath,20,1,75%,Ekstazi,21,0.0,NA,NA
JxPath,20,1,75%,FAST,21,0.9285714285714286,4,0.08163265306122448
JxPath,20,1,75%,Ekstazi+dpt,21,0.0,NA,NA
JxPath,20,1,75%,DPT,21,0.0,NA,NA
JxPath,20,1,75%,STARTS,21,0.0,NA,NA
JxPath,20,1,75%,STARTS+FAST-S,21,0.9693877551020408,2,0.04081632653061224
JxPath,20,1,75%,STARTS+FAST-P,21,0.9897959183673469,1,0.02040816326530612
JxPath,20,1,75%,STARTS+DPT,21,0.0,NA,NA
JxPath,20,1,75%,Fastazi-S,21,0.9693877551020408,2,0.04081632653061224
JxPath,20,1,75%,Fastazi-P,21,0.9285714285714286,4,0.08163265306122448
JxPath,20,1,75%,Random,21,0.0,NA,NA
JxPath,20,1,80%,Ekstazi,23,0.0,NA,NA
JxPath,20,1,80%,FAST,23,0.9285714285714286,4,0.08163265306122448
JxPath,20,1,80%,Ekstazi+dpt,23,0.0,NA,NA
JxPath,20,1,80%,DPT,23,0.0,NA,NA
JxPath,20,1,80%,STARTS,23,0.0,NA,NA
JxPath,20,1,80%,STARTS+FAST-S,23,0.9693877551020408,2,0.04081632653061224
JxPath,20,1,80%,STARTS+FAST-P,23,0.9897959183673469,1,0.02040816326530612
JxPath,20,1,80%,STARTS+DPT,23,0.0,NA,NA
JxPath,20,1,80%,Fastazi-S,23,0.9693877551020408,2,0.04081632653061224
JxPath,20,1,80%,Fastazi-P,23,0.9285714285714286,4,0.08163265306122448
JxPath,20,1,80%,Random,23,0.0,NA,NA
JxPath,20,1,90%,Ekstazi,26,0.5204081632653061,24,0.4897959183673469
JxPath,20,1,90%,FAST,26,0.9285714285714286,4,0.08163265306122448
JxPath,20,1,90%,Ekstazi+dpt,26,0.5,25,0.5102040816326531
JxPath,20,1,90%,DPT,26,0.47959183673469385,26,0.5306122448979592
JxPath,20,1,90%,STARTS,26,0.0,NA,NA
JxPath,20,1,90%,STARTS+FAST-S,26,0.9693877551020408,2,0.04081632653061224
JxPath,20,1,90%,STARTS+FAST-P,26,0.9897959183673469,1,0.02040816326530612
JxPath,20,1,90%,STARTS+DPT,26,0.5,25,0.5102040816326531
JxPath,20,1,90%,Fastazi-S,26,0.9693877551020408,2,0.04081632653061224
JxPath,20,1,90%,Fastazi-P,26,0.9285714285714286,4,0.08163265306122448
JxPath,20,1,90%,Random,26,0.0,NA,NA
JxPath,20,1,100%,Ekstazi,29,0.5204081632653061,24,0.4897959183673469
JxPath,20,1,100%,FAST,29,0.9285714285714286,4,0.08163265306122448
JxPath,20,1,100%,Ekstazi+dpt,29,0.5,25,0.5102040816326531
JxPath,20,1,100%,DPT,29,0.47959183673469385,26,0.5306122448979592
JxPath,20,1,100%,STARTS,29,0.0,NA,NA
JxPath,20,1,100%,STARTS+FAST-S,29,0.9693877551020408,2,0.04081632653061224
JxPath,20,1,100%,STARTS+FAST-P,29,0.9897959183673469,1,0.02040816326530612
JxPath,20,1,100%,STARTS+DPT,29,0.5,25,0.5102040816326531
JxPath,20,1,100%,Fastazi-S,29,0.9693877551020408,2,0.04081632653061224
JxPath,20,1,100%,Fastazi-P,29,0.9285714285714286,4,0.08163265306122448
JxPath,20,1,100%,Random,29,0.0,NA,NA
JxPath,20,2,10%,Ekstazi,2,0.0,NA,NA
JxPath,20,2,10%,FAST,2,0.9693877551020408,2,0.04081632653061224
JxPath,20,2,10%,Ekstazi+dpt,2,0.0,NA,NA
JxPath,20,2,10%,DPT,2,0.0,NA,NA
JxPath,20,2,10%,STARTS,2,0.0,NA,NA
JxPath,20,2,10%,STARTS+FAST-S,2,0.9693877551020408,2,0.04081632653061224
JxPath,20,2,10%,STARTS+FAST-P,2,0.9693877551020408,2,0.04081632653061224
JxPath,20,2,10%,STARTS+DPT,2,0.0,NA,NA
JxPath,20,2,10%,Fastazi-S,2,0.0,NA,NA
JxPath,20,2,10%,Fastazi-P,2,0.9693877551020408,2,0.04081632653061224
JxPath,20,2,10%,Random,2,0.0,NA,NA
JxPath,20,2,20%,Ekstazi,5,0.0,NA,NA
JxPath,20,2,20%,FAST,5,0.9693877551020408,2,0.04081632653061224
JxPath,20,2,20%,Ekstazi+dpt,5,0.0,NA,NA
JxPath,20,2,20%,DPT,5,0.0,NA,NA
JxPath,20,2,20%,STARTS,5,0.0,NA,NA
JxPath,20,2,20%,STARTS+FAST-S,5,0.9693877551020408,2,0.04081632653061224
JxPath,20,2,20%,STARTS+FAST-P,5,0.9693877551020408,2,0.04081632653061224
JxPath,20,2,20%,STARTS+DPT,5,0.0,NA,NA
JxPath,20,2,20%,Fastazi-S,5,0.9081632653061225,5,0.10204081632653061
JxPath,20,2,20%,Fastazi-P,5,0.9693877551020408,2,0.04081632653061224
JxPath,20,2,20%,Random,5,0.0,NA,NA
JxPath,20,2,25%,Ekstazi,7,0.0,NA,NA
JxPath,20,2,25%,FAST,7,0.9693877551020408,2,0.04081632653061224
JxPath,20,2,25%,Ekstazi+dpt,7,0.0,NA,NA
JxPath,20,2,25%,DPT,7,0.0,NA,NA
JxPath,20,2,25%,STARTS,7,0.0,NA,NA
JxPath,20,2,25%,STARTS+FAST-S,7,0.9693877551020408,2,0.04081632653061224
JxPath,20,2,25%,STARTS+FAST-P,7,0.9693877551020408,2,0.04081632653061224
JxPath,20,2,25%,STARTS+DPT,7,0.0,NA,NA
JxPath,20,2,25%,Fastazi-S,7,0.9081632653061225,5,0.10204081632653061
JxPath,20,2,25%,Fastazi-P,7,0.9693877551020408,2,0.04081632653061224
JxPath,20,2,25%,Random,7,0.0,NA,NA
JxPath,20,2,30%,Ekstazi,8,0.0,NA,NA
JxPath,20,2,30%,FAST,8,0.9693877551020408,2,0.04081632653061224
JxPath,20,2,30%,Ekstazi+dpt,8,0.0,NA,NA
JxPath,20,2,30%,DPT,8,0.0,NA,NA
JxPath,20,2,30%,STARTS,8,0.0,NA,NA
JxPath,20,2,30%,STARTS+FAST-S,8,0.9693877551020408,2,0.04081632653061224
JxPath,20,2,30%,STARTS+FAST-P,8,0.9693877551020408,2,0.04081632653061224
JxPath,20,2,30%,STARTS+DPT,8,0.0,NA,NA
JxPath,20,2,30%,Fastazi-S,8,0.9081632653061225,5,0.10204081632653061
JxPath,20,2,30%,Fastazi-P,8,0.9693877551020408,2,0.04081632653061224
JxPath,20,2,30%,Random,8,0.0,NA,NA
JxPath,20,2,40%,Ekstazi,11,0.0,NA,NA
JxPath,20,2,40%,FAST,11,0.9693877551020408,2,0.04081632653061224
JxPath,20,2,40%,Ekstazi+dpt,11,0.0,NA,NA
JxPath,20,2,40%,DPT,11,0.0,NA,NA
JxPath,20,2,40%,STARTS,11,0.0,NA,NA
JxPath,20,2,40%,STARTS+FAST-S,11,0.9693877551020408,2,0.04081632653061224
JxPath,20,2,40%,STARTS+FAST-P,11,0.9693877551020408,2,0.04081632653061224
JxPath,20,2,40%,STARTS+DPT,11,0.0,NA,NA
JxPath,20,2,40%,Fastazi-S,11,0.9081632653061225,5,0.10204081632653061
JxPath,20,2,40%,Fastazi-P,11,0.9693877551020408,2,0.04081632653061224
JxPath,20,2,40%,Random,11,0.0,NA,NA
JxPath,20,2,50%,Ekstazi,14,0.0,NA,NA
JxPath,20,2,50%,FAST,14,0.9693877551020408,2,0.04081632653061224
JxPath,20,2,50%,Ekstazi+dpt,14,0.0,NA,NA
JxPath,20,2,50%,DPT,14,0.0,NA,NA
JxPath,20,2,50%,STARTS,14,0.0,NA,NA
JxPath,20,2,50%,STARTS+FAST-S,14,0.9693877551020408,2,0.04081632653061224
JxPath,20,2,50%,STARTS+FAST-P,14,0.9693877551020408,2,0.04081632653061224
JxPath,20,2,50%,STARTS+DPT,14,0.0,NA,NA
JxPath,20,2,50%,Fastazi-S,14,0.9081632653061225,5,0.10204081632653061
JxPath,20,2,50%,Fastazi-P,14,0.9693877551020408,2,0.04081632653061224
JxPath,20,2,50%,Random,14,0.0,NA,NA
JxPath,20,2,60%,Ekstazi,17,0.0,NA,NA
JxPath,20,2,60%,FAST,17,0.9693877551020408,2,0.04081632653061224
JxPath,20,2,60%,Ekstazi+dpt,17,0.0,NA,NA
JxPath,20,2,60%,DPT,17,0.0,NA,NA
JxPath,20,2,60%,STARTS,17,0.0,NA,NA
JxPath,20,2,60%,STARTS+FAST-S,17,0.9693877551020408,2,0.04081632653061224
JxPath,20,2,60%,STARTS+FAST-P,17,0.9693877551020408,2,0.04081632653061224
JxPath,20,2,60%,STARTS+DPT,17,0.0,NA,NA
JxPath,20,2,60%,Fastazi-S,17,0.9081632653061225,5,0.10204081632653061
JxPath,20,2,60%,Fastazi-P,17,0.9693877551020408,2,0.04081632653061224
JxPath,20,2,60%,Random,17,0.0,NA,NA
JxPath,20,2,70%,Ekstazi,20,0.6224489795918368,19,0.3877551020408163
JxPath,20,2,70%,FAST,20,0.9693877551020408,2,0.04081632653061224
JxPath,20,2,70%,Ekstazi+dpt,20,0.0,NA,NA
JxPath,20,2,70%,DPT,20,0.0,NA,NA
JxPath,20,2,70%,STARTS,20,0.0,NA,NA
JxPath,20,2,70%,STARTS+FAST-S,20,0.9693877551020408,2,0.04081632653061224
JxPath,20,2,70%,STARTS+FAST-P,20,0.9693877551020408,2,0.04081632653061224
JxPath,20,2,70%,STARTS+DPT,20,0.0,NA,NA
JxPath,20,2,70%,Fastazi-S,20,0.9081632653061225,5,0.10204081632653061
JxPath,20,2,70%,Fastazi-P,20,0.9693877551020408,2,0.04081632653061224
JxPath,20,2,70%,Random,20,0.0,NA,NA
JxPath,20,2,75%,Ekstazi,21,0.6224489795918368,19,0.3877551020408163
JxPath,20,2,75%,FAST,21,0.9693877551020408,2,0.04081632653061224
JxPath,20,2,75%,Ekstazi+dpt,21,0.0,NA,NA
JxPath,20,2,75%,DPT,21,0.0,NA,NA
JxPath,20,2,75%,STARTS,21,0.0,NA,NA
JxPath,20,2,75%,STARTS+FAST-S,21,0.9693877551020408,2,0.04081632653061224
JxPath,20,2,75%,STARTS+FAST-P,21,0.9693877551020408,2,0.04081632653061224
JxPath,20,2,75%,STARTS+DPT,21,0.0,NA,NA
JxPath,20,2,75%,Fastazi-S,21,0.9081632653061225,5,0.10204081632653061
JxPath,20,2,75%,Fastazi-P,21,0.9693877551020408,2,0.04081632653061224
JxPath,20,2,75%,Random,21,0.0,NA,NA
JxPath,20,2,80%,Ekstazi,23,0.6224489795918368,19,0.3877551020408163
JxPath,20,2,80%,FAST,23,0.9693877551020408,2,0.04081632653061224
JxPath,20,2,80%,Ekstazi+dpt,23,0.0,NA,NA
JxPath,20,2,80%,DPT,23,0.0,NA,NA
JxPath,20,2,80%,STARTS,23,0.0,NA,NA
JxPath,20,2,80%,STARTS+FAST-S,23,0.9693877551020408,2,0.04081632653061224
JxPath,20,2,80%,STARTS+FAST-P,23,0.9693877551020408,2,0.04081632653061224
JxPath,20,2,80%,STARTS+DPT,23,0.0,NA,NA
JxPath,20,2,80%,Fastazi-S,23,0.9081632653061225,5,0.10204081632653061
JxPath,20,2,80%,Fastazi-P,23,0.9693877551020408,2,0.04081632653061224
JxPath,20,2,80%,Random,23,0.0,NA,NA
JxPath,20,2,90%,Ekstazi,26,0.6224489795918368,19,0.3877551020408163
JxPath,20,2,90%,FAST,26,0.9693877551020408,2,0.04081632653061224
JxPath,20,2,90%,Ekstazi+dpt,26,0.5,25,0.5102040816326531
JxPath,20,2,90%,DPT,26,0.47959183673469385,26,0.5306122448979592
JxPath,20,2,90%,STARTS,26,0.0,NA,NA
JxPath,20,2,90%,STARTS+FAST-S,26,0.9693877551020408,2,0.04081632653061224
JxPath,20,2,90%,STARTS+FAST-P,26,0.9693877551020408,2,0.04081632653061224
JxPath,20,2,90%,STARTS+DPT,26,0.5,25,0.5102040816326531
JxPath,20,2,90%,Fastazi-S,26,0.9081632653061225,5,0.10204081632653061
JxPath,20,2,90%,Fastazi-P,26,0.9693877551020408,2,0.04081632653061224
JxPath,20,2,90%,Random,26,0.5,25,0.5102040816326531
JxPath,20,2,100%,Ekstazi,29,0.6224489795918368,19,0.3877551020408163
JxPath,20,2,100%,FAST,29,0.9693877551020408,2,0.04081632653061224
JxPath,20,2,100%,Ekstazi+dpt,29,0.5,25,0.5102040816326531
JxPath,20,2,100%,DPT,29,0.47959183673469385,26,0.5306122448979592
JxPath,20,2,100%,STARTS,29,0.41836734693877553,29,0.5918367346938775
JxPath,20,2,100%,STARTS+FAST-S,29,0.9693877551020408,2,0.04081632653061224
JxPath,20,2,100%,STARTS+FAST-P,29,0.9693877551020408,2,0.04081632653061224
JxPath,20,2,100%,STARTS+DPT,29,0.5,25,0.5102040816326531
JxPath,20,2,100%,Fastazi-S,29,0.9081632653061225,5,0.10204081632653061
JxPath,20,2,100%,Fastazi-P,29,0.9693877551020408,2,0.04081632653061224
JxPath,20,2,100%,Random,29,0.5,25,0.5102040816326531
JxPath,20,3,10%,Ekstazi,2,0.0,NA,NA
JxPath,20,3,10%,FAST,2,0.0,NA,NA
JxPath,20,3,10%,Ekstazi+dpt,2,0.0,NA,NA
JxPath,20,3,10%,DPT,2,0.0,NA,NA
JxPath,20,3,10%,STARTS,2,0.0,NA,NA
JxPath,20,3,10%,STARTS+FAST-S,2,0.0,NA,NA
JxPath,20,3,10%,STARTS+FAST-P,2,0.9897959183673469,1,0.02040816326530612
JxPath,20,3,10%,STARTS+DPT,2,0.0,NA,NA
JxPath,20,3,10%,Fastazi-S,2,0.9693877551020408,2,0.04081632653061224
JxPath,20,3,10%,Fastazi-P,2,0.0,NA,NA
JxPath,20,3,10%,Random,2,0.0,NA,NA
JxPath,20,3,20%,Ekstazi,5,0.0,NA,NA
JxPath,20,3,20%,FAST,5,0.0,NA,NA
JxPath,20,3,20%,Ekstazi+dpt,5,0.0,NA,NA
JxPath,20,3,20%,DPT,5,0.0,NA,NA
JxPath,20,3,20%,STARTS,5,0.0,NA,NA
JxPath,20,3,20%,STARTS+FAST-S,5,0.0,NA,NA
JxPath,20,3,20%,STARTS+FAST-P,5,0.9897959183673469,1,0.02040816326530612
JxPath,20,3,20%,STARTS+DPT,5,0.0,NA,NA
JxPath,20,3,20%,Fastazi-S,5,0.9693877551020408,2,0.04081632653061224
JxPath,20,3,20%,Fastazi-P,5,0.9081632653061225,5,0.10204081632653061
JxPath,20,3,20%,Random,5,0.0,NA,NA
JxPath,20,3,25%,Ekstazi,7,0.0,NA,NA
JxPath,20,3,25%,FAST,7,0.8877551020408163,6,0.12244897959183673
JxPath,20,3,25%,Ekstazi+dpt,7,0.0,NA,NA
JxPath,20,3,25%,DPT,7,0.0,NA,NA
JxPath,20,3,25%,STARTS,7,0.8673469387755103,7,0.14285714285714285
JxPath,20,3,25%,STARTS+FAST-S,7,0.0,NA,NA
JxPath,20,3,25%,STARTS+FAST-P,7,0.9897959183673469,1,0.02040816326530612
JxPath,20,3,25%,STARTS+DPT,7,0.0,NA,NA
JxPath,20,3,25%,Fastazi-S,7,0.9693877551020408,2,0.04081632653061224
JxPath,20,3,25%,Fastazi-P,7,0.9081632653061225,5,0.10204081632653061
JxPath,20,3,25%,Random,7,0.0,NA,NA
JxPath,20,3,30%,Ekstazi,8,0.8469387755102041,8,0.16326530612244897
JxPath,20,3,30%,FAST,8,0.8877551020408163,6,0.12244897959183673
JxPath,20,3,30%,Ekstazi+dpt,8,0.0,NA,NA
JxPath,20,3,30%,DPT,8,0.0,NA,NA
JxPath,20,3,30%,STARTS,8,0.8673469387755103,7,0.14285714285714285
JxPath,20,3,30%,STARTS+FAST-S,8,0.0,NA,NA
JxPath,20,3,30%,STARTS+FAST-P,8,0.9897959183673469,1,0.02040816326530612
JxPath,20,3,30%,STARTS+DPT,8,0.0,NA,NA
JxPath,20,3,30%,Fastazi-S,8,0.9693877551020408,2,0.04081632653061224
JxPath,20,3,30%,Fastazi-P,8,0.9081632653061225,5,0.10204081632653061
JxPath,20,3,30%,Random,8,0.0,NA,NA
JxPath,20,3,40%,Ekstazi,11,0.8469387755102041,8,0.16326530612244897
JxPath,20,3,40%,FAST,11,0.8877551020408163,6,0.12244897959183673
JxPath,20,3,40%,Ekstazi+dpt,11,0.0,NA,NA
JxPath,20,3,40%,DPT,11,0.0,NA,NA
JxPath,20,3,40%,STARTS,11,0.8673469387755103,7,0.14285714285714285
JxPath,20,3,40%,STARTS+FAST-S,11,0.8061224489795918,10,0.20408163265306123
JxPath,20,3,40%,STARTS+FAST-P,11,0.9897959183673469,1,0.02040816326530612
JxPath,20,3,40%,STARTS+DPT,11,0.0,NA,NA
JxPath,20,3,40%,Fastazi-S,11,0.9693877551020408,2,0.04081632653061224
JxPath,20,3,40%,Fastazi-P,11,0.9081632653061225,5,0.10204081632653061
JxPath,20,3,40%,Random,11,0.0,NA,NA
JxPath,20,3,50%,Ekstazi,14,0.8469387755102041,8,0.16326530612244897
JxPath,20,3,50%,FAST,14,0.8877551020408163,6,0.12244897959183673
JxPath,20,3,50%,Ekstazi+dpt,14,0.0,NA,NA
JxPath,20,3,50%,DPT,14,0.0,NA,NA
JxPath,20,3,50%,STARTS,14,0.8673469387755103,7,0.14285714285714285
JxPath,20,3,50%,STARTS+FAST-S,14,0.8061224489795918,10,0.20408163265306123
JxPath,20,3,50%,STARTS+FAST-P,14,0.9897959183673469,1,0.02040816326530612
JxPath,20,3,50%,STARTS+DPT,14,0.0,NA,NA
JxPath,20,3,50%,Fastazi-S,14,0.9693877551020408,2,0.04081632653061224
JxPath,20,3,50%,Fastazi-P,14,0.9081632653061225,5,0.10204081632653061
JxPath,20,3,50%,Random,14,0.0,NA,NA
JxPath,20,3,60%,Ekstazi,17,0.8469387755102041,8,0.16326530612244897
JxPath,20,3,60%,FAST,17,0.8877551020408163,6,0.12244897959183673
JxPath,20,3,60%,Ekstazi+dpt,17,0.0,NA,NA
JxPath,20,3,60%,DPT,17,0.0,NA,NA
JxPath,20,3,60%,STARTS,17,0.8673469387755103,7,0.14285714285714285
JxPath,20,3,60%,STARTS+FAST-S,17,0.8061224489795918,10,0.20408163265306123
JxPath,20,3,60%,STARTS+FAST-P,17,0.9897959183673469,1,0.02040816326530612
JxPath,20,3,60%,STARTS+DPT,17,0.0,NA,NA
JxPath,20,3,60%,Fastazi-S,17,0.9693877551020408,2,0.04081632653061224
JxPath,20,3,60%,Fastazi-P,17,0.9081632653061225,5,0.10204081632653061
JxPath,20,3,60%,Random,17,0.6836734693877552,16,0.32653061224489793
JxPath,20,3,70%,Ekstazi,20,0.8469387755102041,8,0.16326530612244897
JxPath,20,3,70%,FAST,20,0.8877551020408163,6,0.12244897959183673
JxPath,20,3,70%,Ekstazi+dpt,20,0.0,NA,NA
JxPath,20,3,70%,DPT,20,0.0,NA,NA
JxPath,20,3,70%,STARTS,20,0.8673469387755103,7,0.14285714285714285
JxPath,20,3,70%,STARTS+FAST-S,20,0.8061224489795918,10,0.20408163265306123
JxPath,20,3,70%,STARTS+FAST-P,20,0.9897959183673469,1,0.02040816326530612
JxPath,20,3,70%,STARTS+DPT,20,0.0,NA,NA
JxPath,20,3,70%,Fastazi-S,20,0.9693877551020408,2,0.04081632653061224
JxPath,20,3,70%,Fastazi-P,20,0.9081632653061225,5,0.10204081632653061
JxPath,20,3,70%,Random,20,0.6836734693877552,16,0.32653061224489793
JxPath,20,3,75%,Ekstazi,21,0.8469387755102041,8,0.16326530612244897
JxPath,20,3,75%,FAST,21,0.8877551020408163,6,0.12244897959183673
JxPath,20,3,75%,Ekstazi+dpt,21,0.0,NA,NA
JxPath,20,3,75%,DPT,21,0.0,NA,NA
JxPath,20,3,75%,STARTS,21,0.8673469387755103,7,0.14285714285714285
JxPath,20,3,75%,STARTS+FAST-S,21,0.8061224489795918,10,0.20408163265306123
JxPath,20,3,75%,STARTS+FAST-P,21,0.9897959183673469,1,0.02040816326530612
JxPath,20,3,75%,STARTS+DPT,21,0.0,NA,NA
JxPath,20,3,75%,Fastazi-S,21,0.9693877551020408,2,0.04081632653061224
JxPath,20,3,75%,Fastazi-P,21,0.9081632653061225,5,0.10204081632653061
JxPath,20,3,75%,Random,21,0.6836734693877552,16,0.32653061224489793
JxPath,20,3,80%,Ekstazi,23,0.8469387755102041,8,0.16326530612244897
JxPath,20,3,80%,FAST,23,0.8877551020408163,6,0.12244897959183673
JxPath,20,3,80%,Ekstazi+dpt,23,0.0,NA,NA
JxPath,20,3,80%,DPT,23,0.0,NA,NA
JxPath,20,3,80%,STARTS,23,0.8673469387755103,7,0.14285714285714285
JxPath,20,3,80%,STARTS+FAST-S,23,0.8061224489795918,10,0.20408163265306123
JxPath,20,3,80%,STARTS+FAST-P,23,0.9897959183673469,1,0.02040816326530612
JxPath,20,3,80%,STARTS+DPT,23,0.0,NA,NA
JxPath,20,3,80%,Fastazi-S,23,0.9693877551020408,2,0.04081632653061224
JxPath,20,3,80%,Fastazi-P,23,0.9081632653061225,5,0.10204081632653061
JxPath,20,3,80%,Random,23,0.6836734693877552,16,0.32653061224489793
JxPath,20,3,90%,Ekstazi,26,0.8469387755102041,8,0.16326530612244897
JxPath,20,3,90%,FAST,26,0.8877551020408163,6,0.12244897959183673
JxPath,20,3,90%,Ekstazi+dpt,26,0.5,25,0.5102040816326531
JxPath,20,3,90%,DPT,26,0.47959183673469385,26,0.5306122448979592
JxPath,20,3,90%,STARTS,26,0.8673469387755103,7,0.14285714285714285
JxPath,20,3,90%,STARTS+FAST-S,26,0.8061224489795918,10,0.20408163265306123
JxPath,20,3,90%,STARTS+FAST-P,26,0.9897959183673469,1,0.02040816326530612
JxPath,20,3,90%,STARTS+DPT,26,0.5,25,0.5102040816326531
JxPath,20,3,90%,Fastazi-S,26,0.9693877551020408,2,0.04081632653061224
JxPath,20,3,90%,Fastazi-P,26,0.9081632653061225,5,0.10204081632653061
JxPath,20,3,90%,Random,26,0.6836734693877552,16,0.32653061224489793
JxPath,20,3,100%,Ekstazi,29,0.8469387755102041,8,0.16326530612244897
JxPath,20,3,100%,FAST,29,0.8877551020408163,6,0.12244897959183673
JxPath,20,3,100%,Ekstazi+dpt,29,0.5,25,0.5102040816326531
JxPath,20,3,100%,DPT,29,0.47959183673469385,26,0.5306122448979592
JxPath,20,3,100%,STARTS,29,0.8673469387755103,7,0.14285714285714285
JxPath,20,3,100%,STARTS+FAST-S,29,0.8061224489795918,10,0.20408163265306123
JxPath,20,3,100%,STARTS+FAST-P,29,0.9897959183673469,1,0.02040816326530612
JxPath,20,3,100%,STARTS+DPT,29,0.5,25,0.5102040816326531
JxPath,20,3,100%,Fastazi-S,29,0.9693877551020408,2,0.04081632653061224
JxPath,20,3,100%,Fastazi-P,29,0.9081632653061225,5,0.10204081632653061
JxPath,20,3,100%,Random,29,0.6836734693877552,16,0.32653061224489793
JxPath,20,4,10%,Ekstazi,2,0.0,NA,NA
JxPath,20,4,10%,FAST,2,0.0,NA,NA
JxPath,20,4,10%,Ekstazi+dpt,2,0.0,NA,NA
JxPath,20,4,10%,DPT,2,0.0,NA,NA
JxPath,20,4,10%,STARTS,2,0.0,NA,NA
JxPath,20,4,10%,STARTS+FAST-S,2,0.9693877551020408,2,0.04081632653061224
JxPath,20,4,10%,STARTS+FAST-P,2,0.0,NA,NA
JxPath,20,4,10%,STARTS+DPT,2,0.0,NA,NA
JxPath,20,4,10%,Fastazi-S,2,0.0,NA,NA
JxPath,20,4,10%,Fastazi-P,2,0.0,NA,NA
JxPath,20,4,10%,Random,2,0.0,NA,NA
JxPath,20,4,20%,Ekstazi,5,0.0,NA,NA
JxPath,20,4,20%,FAST,5,0.9081632653061225,5,0.10204081632653061
JxPath,20,4,20%,Ekstazi+dpt,5,0.0,NA,NA
JxPath,20,4,20%,DPT,5,0.0,NA,NA
JxPath,20,4,20%,STARTS,5,0.0,NA,NA
JxPath,20,4,20%,STARTS+FAST-S,5,0.9693877551020408,2,0.04081632653061224
JxPath,20,4,20%,STARTS+FAST-P,5,0.9489795918367347,3,0.061224489795918366
JxPath,20,4,20%,STARTS+DPT,5,0.0,NA,NA
JxPath,20,4,20%,Fastazi-S,5,0.9081632653061225,5,0.10204081632653061
JxPath,20,4,20%,Fastazi-P,5,0.9489795918367347,3,0.061224489795918366
JxPath,20,4,20%,Random,5,0.0,NA,NA
JxPath,20,4,25%,Ekstazi,7,0.0,NA,NA
JxPath,20,4,25%,FAST,7,0.9081632653061225,5,0.10204081632653061
JxPath,20,4,25%,Ekstazi+dpt,7,0.0,NA,NA
JxPath,20,4,25%,DPT,7,0.0,NA,NA
JxPath,20,4,25%,STARTS,7,0.0,NA,NA
JxPath,20,4,25%,STARTS+FAST-S,7,0.9693877551020408,2,0.04081632653061224
JxPath,20,4,25%,STARTS+FAST-P,7,0.9489795918367347,3,0.061224489795918366
JxPath,20,4,25%,STARTS+DPT,7,0.0,NA,NA
JxPath,20,4,25%,Fastazi-S,7,0.9081632653061225,5,0.10204081632653061
JxPath,20,4,25%,Fastazi-P,7,0.9489795918367347,3,0.061224489795918366
JxPath,20,4,25%,Random,7,0.0,NA,NA
JxPath,20,4,30%,Ekstazi,8,0.0,NA,NA
JxPath,20,4,30%,FAST,8,0.9081632653061225,5,0.10204081632653061
JxPath,20,4,30%,Ekstazi+dpt,8,0.0,NA,NA
JxPath,20,4,30%,DPT,8,0.0,NA,NA
JxPath,20,4,30%,STARTS,8,0.0,NA,NA
JxPath,20,4,30%,STARTS+FAST-S,8,0.9693877551020408,2,0.04081632653061224
JxPath,20,4,30%,STARTS+FAST-P,8,0.9489795918367347,3,0.061224489795918366
JxPath,20,4,30%,STARTS+DPT,8,0.0,NA,NA
JxPath,20,4,30%,Fastazi-S,8,0.9081632653061225,5,0.10204081632653061
JxPath,20,4,30%,Fastazi-P,8,0.9489795918367347,3,0.061224489795918366
JxPath,20,4,30%,Random,8,0.0,NA,NA
JxPath,20,4,40%,Ekstazi,11,0.0,NA,NA
JxPath,20,4,40%,FAST,11,0.9081632653061225,5,0.10204081632653061
JxPath,20,4,40%,Ekstazi+dpt,11,0.0,NA,NA
JxPath,20,4,40%,DPT,11,0.0,NA,NA
JxPath,20,4,40%,STARTS,11,0.0,NA,NA
JxPath,20,4,40%,STARTS+FAST-S,11,0.9693877551020408,2,0.04081632653061224
JxPath,20,4,40%,STARTS+FAST-P,11,0.9489795918367347,3,0.061224489795918366
JxPath,20,4,40%,STARTS+DPT,11,0.0,NA,NA
JxPath,20,4,40%,Fastazi-S,11,0.9081632653061225,5,0.10204081632653061
JxPath,20,4,40%,Fastazi-P,11,0.9489795918367347,3,0.061224489795918366
JxPath,20,4,40%,Random,11,0.0,NA,NA
JxPath,20,4,50%,Ekstazi,14,0.0,NA,NA
JxPath,20,4,50%,FAST,14,0.9081632653061225,5,0.10204081632653061
JxPath,20,4,50%,Ekstazi+dpt,14,0.0,NA,NA
JxPath,20,4,50%,DPT,14,0.0,NA,NA
JxPath,20,4,50%,STARTS,14,0.0,NA,NA
JxPath,20,4,50%,STARTS+FAST-S,14,0.9693877551020408,2,0.04081632653061224
JxPath,20,4,50%,STARTS+FAST-P,14,0.9489795918367347,3,0.061224489795918366
JxPath,20,4,50%,STARTS+DPT,14,0.0,NA,NA
JxPath,20,4,50%,Fastazi-S,14,0.9081632653061225,5,0.10204081632653061
JxPath,20,4,50%,Fastazi-P,14,0.9489795918367347,3,0.061224489795918366
JxPath,20,4,50%,Random,14,0.0,NA,NA
JxPath,20,4,60%,Ekstazi,17,0.0,NA,NA
JxPath,20,4,60%,FAST,17,0.9081632653061225,5,0.10204081632653061
JxPath,20,4,60%,Ekstazi+dpt,17,0.0,NA,NA
JxPath,20,4,60%,DPT,17,0.0,NA,NA
JxPath,20,4,60%,STARTS,17,0.0,NA,NA
JxPath,20,4,60%,STARTS+FAST-S,17,0.9693877551020408,2,0.04081632653061224
JxPath,20,4,60%,STARTS+FAST-P,17,0.9489795918367347,3,0.061224489795918366
JxPath,20,4,60%,STARTS+DPT,17,0.0,NA,NA
JxPath,20,4,60%,Fastazi-S,17,0.9081632653061225,5,0.10204081632653061
JxPath,20,4,60%,Fastazi-P,17,0.9489795918367347,3,0.061224489795918366
JxPath,20,4,60%,Random,17,0.7040816326530612,15,0.30612244897959184
JxPath,20,4,70%,Ekstazi,20,0.0,NA,NA
JxPath,20,4,70%,FAST,20,0.9081632653061225,5,0.10204081632653061
JxPath,20,4,70%,Ekstazi+dpt,20,0.0,NA,NA
JxPath,20,4,70%,DPT,20,0.0,NA,NA
JxPath,20,4,70%,STARTS,20,0.6020408163265306,20,0.40816326530612246
JxPath,20,4,70%,STARTS+FAST-S,20,0.9693877551020408,2,0.04081632653061224
JxPath,20,4,70%,STARTS+FAST-P,20,0.9489795918367347,3,0.061224489795918366
JxPath,20,4,70%,STARTS+DPT,20,0.0,NA,NA
JxPath,20,4,70%,Fastazi-S,20,0.9081632653061225,5,0.10204081632653061
JxPath,20,4,70%,Fastazi-P,20,0.9489795918367347,3,0.061224489795918366
JxPath,20,4,70%,Random,20,0.7040816326530612,15,0.30612244897959184
JxPath,20,4,75%,Ekstazi,21,0.5816326530612245,21,0.42857142857142855
JxPath,20,4,75%,FAST,21,0.9081632653061225,5,0.10204081632653061
JxPath,20,4,75%,Ekstazi+dpt,21,0.0,NA,NA
JxPath,20,4,75%,DPT,21,0.0,NA,NA
JxPath,20,4,75%,STARTS,21,0.6020408163265306,20,0.40816326530612246
JxPath,20,4,75%,STARTS+FAST-S,21,0.9693877551020408,2,0.04081632653061224
JxPath,20,4,75%,STARTS+FAST-P,21,0.9489795918367347,3,0.061224489795918366
JxPath,20,4,75%,STARTS+DPT,21,0.0,NA,NA
JxPath,20,4,75%,Fastazi-S,21,0.9081632653061225,5,0.10204081632653061
JxPath,20,4,75%,Fastazi-P,21,0.9489795918367347,3,0.061224489795918366
JxPath,20,4,75%,Random,21,0.7040816326530612,15,0.30612244897959184
JxPath,20,4,80%,Ekstazi,23,0.5816326530612245,21,0.42857142857142855
JxPath,20,4,80%,FAST,23,0.9081632653061225,5,0.10204081632653061
JxPath,20,4,80%,Ekstazi+dpt,23,0.0,NA,NA
JxPath,20,4,80%,DPT,23,0.0,NA,NA
JxPath,20,4,80%,STARTS,23,0.6020408163265306,20,0.40816326530612246
JxPath,20,4,80%,STARTS+FAST-S,23,0.9693877551020408,2,0.04081632653061224
JxPath,20,4,80%,STARTS+FAST-P,23,0.9489795918367347,3,0.061224489795918366
JxPath,20,4,80%,STARTS+DPT,23,0.0,NA,NA
JxPath,20,4,80%,Fastazi-S,23,0.9081632653061225,5,0.10204081632653061
JxPath,20,4,80%,Fastazi-P,23,0.9489795918367347,3,0.061224489795918366
JxPath,20,4,80%,Random,23,0.7040816326530612,15,0.30612244897959184
JxPath,20,4,90%,Ekstazi,26,0.5816326530612245,21,0.42857142857142855
JxPath,20,4,90%,FAST,26,0.9081632653061225,5,0.10204081632653061
JxPath,20,4,90%,Ekstazi+dpt,26,0.5,25,0.5102040816326531
JxPath,20,4,90%,DPT,26,0.47959183673469385,26,0.5306122448979592
JxPath,20,4,90%,STARTS,26,0.6020408163265306,20,0.40816326530612246
JxPath,20,4,90%,STARTS+FAST-S,26,0.9693877551020408,2,0.04081632653061224
JxPath,20,4,90%,STARTS+FAST-P,26,0.9489795918367347,3,0.061224489795918366
JxPath,20,4,90%,STARTS+DPT,26,0.5,25,0.5102040816326531
JxPath,20,4,90%,Fastazi-S,26,0.9081632653061225,5,0.10204081632653061
JxPath,20,4,90%,Fastazi-P,26,0.9489795918367347,3,0.061224489795918366
JxPath,20,4,90%,Random,26,0.7040816326530612,15,0.30612244897959184
JxPath,20,4,100%,Ekstazi,29,0.5816326530612245,21,0.42857142857142855
JxPath,20,4,100%,FAST,29,0.9081632653061225,5,0.10204081632653061
JxPath,20,4,100%,Ekstazi+dpt,29,0.5,25,0.5102040816326531
JxPath,20,4,100%,DPT,29,0.47959183673469385,26,0.5306122448979592
JxPath,20,4,100%,STARTS,29,0.6020408163265306,20,0.40816326530612246
JxPath,20,4,100%,STARTS+FAST-S,29,0.9693877551020408,2,0.04081632653061224
JxPath,20,4,100%,STARTS+FAST-P,29,0.9489795918367347,3,0.061224489795918366
JxPath,20,4,100%,STARTS+DPT,29,0.5,25,0.5102040816326531
JxPath,20,4,100%,Fastazi-S,29,0.9081632653061225,5,0.10204081632653061
JxPath,20,4,100%,Fastazi-P,29,0.9489795918367347,3,0.061224489795918366
JxPath,20,4,100%,Random,29,0.7040816326530612,15,0.30612244897959184
JxPath,20,5,10%,Ekstazi,2,0.0,NA,NA
JxPath,20,5,10%,FAST,2,0.9693877551020408,2,0.04081632653061224
JxPath,20,5,10%,Ekstazi+dpt,2,0.0,NA,NA
JxPath,20,5,10%,DPT,2,0.0,NA,NA
JxPath,20,5,10%,STARTS,2,0.0,NA,NA
JxPath,20,5,10%,STARTS+FAST-S,2,0.9897959183673469,1,0.02040816326530612
JxPath,20,5,10%,STARTS+FAST-P,2,0.9693877551020408,2,0.04081632653061224
JxPath,20,5,10%,STARTS+DPT,2,0.0,NA,NA
JxPath,20,5,10%,Fastazi-S,2,0.0,NA,NA
JxPath,20,5,10%,Fastazi-P,2,0.9693877551020408,2,0.04081632653061224
JxPath,20,5,10%,Random,2,0.0,NA,NA
JxPath,20,5,20%,Ekstazi,5,0.0,NA,NA
JxPath,20,5,20%,FAST,5,0.9693877551020408,2,0.04081632653061224
JxPath,20,5,20%,Ekstazi+dpt,5,0.0,NA,NA
JxPath,20,5,20%,DPT,5,0.0,NA,NA
JxPath,20,5,20%,STARTS,5,0.0,NA,NA
JxPath,20,5,20%,STARTS+FAST-S,5,0.9897959183673469,1,0.02040816326530612
JxPath,20,5,20%,STARTS+FAST-P,5,0.9693877551020408,2,0.04081632653061224
JxPath,20,5,20%,STARTS+DPT,5,0.0,NA,NA
JxPath,20,5,20%,Fastazi-S,5,0.9081632653061225,5,0.10204081632653061
JxPath,20,5,20%,Fastazi-P,5,0.9693877551020408,2,0.04081632653061224
JxPath,20,5,20%,Random,5,0.9285714285714286,4,0.08163265306122448
JxPath,20,5,25%,Ekstazi,7,0.8877551020408163,6,0.12244897959183673
JxPath,20,5,25%,FAST,7,0.9693877551020408,2,0.04081632653061224
JxPath,20,5,25%,Ekstazi+dpt,7,0.0,NA,NA
JxPath,20,5,25%,DPT,7,0.0,NA,NA
JxPath,20,5,25%,STARTS,7,0.0,NA,NA
JxPath,20,5,25%,STARTS+FAST-S,7,0.9897959183673469,1,0.02040816326530612
JxPath,20,5,25%,STARTS+FAST-P,7,0.9693877551020408,2,0.04081632653061224
JxPath,20,5,25%,STARTS+DPT,7,0.0,NA,NA
JxPath,20,5,25%,Fastazi-S,7,0.9081632653061225,5,0.10204081632653061
JxPath,20,5,25%,Fastazi-P,7,0.9693877551020408,2,0.04081632653061224
JxPath,20,5,25%,Random,7,0.9285714285714286,4,0.08163265306122448
JxPath,20,5,30%,Ekstazi,8,0.8877551020408163,6,0.12244897959183673
JxPath,20,5,30%,FAST,8,0.9693877551020408,2,0.04081632653061224
JxPath,20,5,30%,Ekstazi+dpt,8,0.0,NA,NA
JxPath,20,5,30%,DPT,8,0.0,NA,NA
JxPath,20,5,30%,STARTS,8,0.0,NA,NA
JxPath,20,5,30%,STARTS+FAST-S,8,0.9897959183673469,1,0.02040816326530612
JxPath,20,5,30%,STARTS+FAST-P,8,0.9693877551020408,2,0.04081632653061224
JxPath,20,5,30%,STARTS+DPT,8,0.0,NA,NA
JxPath,20,5,30%,Fastazi-S,8,0.9081632653061225,5,0.10204081632653061
JxPath,20,5,30%,Fastazi-P,8,0.9693877551020408,2,0.04081632653061224
JxPath,20,5,30%,Random,8,0.9285714285714286,4,0.08163265306122448
JxPath,20,5,40%,Ekstazi,11,0.8877551020408163,6,0.12244897959183673
JxPath,20,5,40%,FAST,11,0.9693877551020408,2,0.04081632653061224
JxPath,20,5,40%,Ekstazi+dpt,11,0.0,NA,NA
JxPath,20,5,40%,DPT,11,0.0,NA,NA
JxPath,20,5,40%,STARTS,11,0.7857142857142857,11,0.22448979591836735
JxPath,20,5,40%,STARTS+FAST-S,11,0.9897959183673469,1,0.02040816326530612
JxPath,20,5,40%,STARTS+FAST-P,11,0.9693877551020408,2,0.04081632653061224
JxPath,20,5,40%,STARTS+DPT,11,0.0,NA,NA
JxPath,20,5,40%,Fastazi-S,11,0.9081632653061225,5,0.10204081632653061
JxPath,20,5,40%,Fastazi-P,11,0.9693877551020408,2,0.04081632653061224
JxPath,20,5,40%,Random,11,0.9285714285714286,4,0.08163265306122448
JxPath,20,5,50%,Ekstazi,14,0.8877551020408163,6,0.12244897959183673
JxPath,20,5,50%,FAST,14,0.9693877551020408,2,0.04081632653061224
JxPath,20,5,50%,Ekstazi+dpt,14,0.0,NA,NA
JxPath,20,5,50%,DPT,14,0.0,NA,NA
JxPath,20,5,50%,STARTS,14,0.7857142857142857,11,0.22448979591836735
JxPath,20,5,50%,STARTS+FAST-S,14,0.9897959183673469,1,0.02040816326530612
JxPath,20,5,50%,STARTS+FAST-P,14,0.9693877551020408,2,0.04081632653061224
JxPath,20,5,50%,STARTS+DPT,14,0.0,NA,NA
JxPath,20,5,50%,Fastazi-S,14,0.9081632653061225,5,0.10204081632653061
JxPath,20,5,50%,Fastazi-P,14,0.9693877551020408,2,0.04081632653061224
JxPath,20,5,50%,Random,14,0.9285714285714286,4,0.08163265306122448
JxPath,20,5,60%,Ekstazi,17,0.8877551020408163,6,0.12244897959183673
JxPath,20,5,60%,FAST,17,0.9693877551020408,2,0.04081632653061224
JxPath,20,5,60%,Ekstazi+dpt,17,0.0,NA,NA
JxPath,20,5,60%,DPT,17,0.0,NA,NA
JxPath,20,5,60%,STARTS,17,0.7857142857142857,11,0.22448979591836735
JxPath,20,5,60%,STARTS+FAST-S,17,0.9897959183673469,1,0.02040816326530612
JxPath,20,5,60%,STARTS+FAST-P,17,0.9693877551020408,2,0.04081632653061224
JxPath,20,5,60%,STARTS+DPT,17,0.0,NA,NA
JxPath,20,5,60%,Fastazi-S,17,0.9081632653061225,5,0.10204081632653061
JxPath,20,5,60%,Fastazi-P,17,0.9693877551020408,2,0.04081632653061224
JxPath,20,5,60%,Random,17,0.9285714285714286,4,0.08163265306122448
JxPath,20,5,70%,Ekstazi,20,0.8877551020408163,6,0.12244897959183673
JxPath,20,5,70%,FAST,20,0.9693877551020408,2,0.04081632653061224
JxPath,20,5,70%,Ekstazi+dpt,20,0.0,NA,NA
JxPath,20,5,70%,DPT,20,0.0,NA,NA
JxPath,20,5,70%,STARTS,20,0.7857142857142857,11,0.22448979591836735
JxPath,20,5,70%,STARTS+FAST-S,20,0.9897959183673469,1,0.02040816326530612
JxPath,20,5,70%,STARTS+FAST-P,20,0.9693877551020408,2,0.04081632653061224
JxPath,20,5,70%,STARTS+DPT,20,0.0,NA,NA
JxPath,20,5,70%,Fastazi-S,20,0.9081632653061225,5,0.10204081632653061
JxPath,20,5,70%,Fastazi-P,20,0.9693877551020408,2,0.04081632653061224
JxPath,20,5,70%,Random,20,0.9285714285714286,4,0.08163265306122448
JxPath,20,5,75%,Ekstazi,21,0.8877551020408163,6,0.12244897959183673
JxPath,20,5,75%,FAST,21,0.9693877551020408,2,0.04081632653061224
JxPath,20,5,75%,Ekstazi+dpt,21,0.0,NA,NA
JxPath,20,5,75%,DPT,21,0.0,NA,NA
JxPath,20,5,75%,STARTS,21,0.7857142857142857,11,0.22448979591836735
JxPath,20,5,75%,STARTS+FAST-S,21,0.9897959183673469,1,0.02040816326530612
JxPath,20,5,75%,STARTS+FAST-P,21,0.9693877551020408,2,0.04081632653061224
JxPath,20,5,75%,STARTS+DPT,21,0.0,NA,NA
JxPath,20,5,75%,Fastazi-S,21,0.9081632653061225,5,0.10204081632653061
JxPath,20,5,75%,Fastazi-P,21,0.9693877551020408,2,0.04081632653061224
JxPath,20,5,75%,Random,21,0.9285714285714286,4,0.08163265306122448
JxPath,20,5,80%,Ekstazi,23,0.8877551020408163,6,0.12244897959183673
JxPath,20,5,80%,FAST,23,0.9693877551020408,2,0.04081632653061224
JxPath,20,5,80%,Ekstazi+dpt,23,0.0,NA,NA
JxPath,20,5,80%,DPT,23,0.0,NA,NA
JxPath,20,5,80%,STARTS,23,0.7857142857142857,11,0.22448979591836735
JxPath,20,5,80%,STARTS+FAST-S,23,0.9897959183673469,1,0.02040816326530612
JxPath,20,5,80%,STARTS+FAST-P,23,0.9693877551020408,2,0.04081632653061224
JxPath,20,5,80%,STARTS+DPT,23,0.0,NA,NA
JxPath,20,5,80%,Fastazi-S,23,0.9081632653061225,5,0.10204081632653061
JxPath,20,5,80%,Fastazi-P,23,0.9693877551020408,2,0.04081632653061224
JxPath,20,5,80%,Random,23,0.9285714285714286,4,0.08163265306122448
JxPath,20,5,90%,Ekstazi,26,0.8877551020408163,6,0.12244897959183673
JxPath,20,5,90%,FAST,26,0.9693877551020408,2,0.04081632653061224
JxPath,20,5,90%,Ekstazi+dpt,26,0.5,25,0.5102040816326531
JxPath,20,5,90%,DPT,26,0.47959183673469385,26,0.5306122448979592
JxPath,20,5,90%,STARTS,26,0.7857142857142857,11,0.22448979591836735
JxPath,20,5,90%,STARTS+FAST-S,26,0.9897959183673469,1,0.02040816326530612
JxPath,20,5,90%,STARTS+FAST-P,26,0.9693877551020408,2,0.04081632653061224
JxPath,20,5,90%,STARTS+DPT,26,0.5,25,0.5102040816326531
JxPath,20,5,90%,Fastazi-S,26,0.9081632653061225,5,0.10204081632653061
JxPath,20,5,90%,Fastazi-P,26,0.9693877551020408,2,0.04081632653061224
JxPath,20,5,90%,Random,26,0.9285714285714286,4,0.08163265306122448
JxPath,20,5,100%,Ekstazi,29,0.8877551020408163,6,0.12244897959183673
JxPath,20,5,100%,FAST,29,0.9693877551020408,2,0.04081632653061224
JxPath,20,5,100%,Ekstazi+dpt,29,0.5,25,0.5102040816326531
JxPath,20,5,100%,DPT,29,0.47959183673469385,26,0.5306122448979592
JxPath,20,5,100%,STARTS,29,0.7857142857142857,11,0.22448979591836735
JxPath,20,5,100%,STARTS+FAST-S,29,0.9897959183673469,1,0.02040816326530612
JxPath,20,5,100%,STARTS+FAST-P,29,0.9693877551020408,2,0.04081632653061224
JxPath,20,5,100%,STARTS+DPT,29,0.5,25,0.5102040816326531
JxPath,20,5,100%,Fastazi-S,29,0.9081632653061225,5,0.10204081632653061
JxPath,20,5,100%,Fastazi-P,29,0.9693877551020408,2,0.04081632653061224
JxPath,20,5,100%,Random,29,0.9285714285714286,4,0.08163265306122448
JxPath,20,6,10%,Ekstazi,2,0.0,NA,NA
JxPath,20,6,10%,FAST,2,0.0,NA,NA
JxPath,20,6,10%,Ekstazi+dpt,2,0.0,NA,NA
JxPath,20,6,10%,DPT,2,0.0,NA,NA
JxPath,20,6,10%,STARTS,2,0.0,NA,NA
JxPath,20,6,10%,STARTS+FAST-S,2,0.9693877551020408,2,0.04081632653061224
JxPath,20,6,10%,STARTS+FAST-P,2,0.0,NA,NA
JxPath,20,6,10%,STARTS+DPT,2,0.0,NA,NA
JxPath,20,6,10%,Fastazi-S,2,0.0,NA,NA
JxPath,20,6,10%,Fastazi-P,2,0.0,NA,NA
JxPath,20,6,10%,Random,2,0.0,NA,NA
JxPath,20,6,20%,Ekstazi,5,0.0,NA,NA
JxPath,20,6,20%,FAST,5,0.0,NA,NA
JxPath,20,6,20%,Ekstazi+dpt,5,0.0,NA,NA
JxPath,20,6,20%,DPT,5,0.0,NA,NA
JxPath,20,6,20%,STARTS,5,0.0,NA,NA
JxPath,20,6,20%,STARTS+FAST-S,5,0.9693877551020408,2,0.04081632653061224
JxPath,20,6,20%,STARTS+FAST-P,5,0.9489795918367347,3,0.061224489795918366
JxPath,20,6,20%,STARTS+DPT,5,0.0,NA,NA
JxPath,20,6,20%,Fastazi-S,5,0.9081632653061225,5,0.10204081632653061
JxPath,20,6,20%,Fastazi-P,5,0.9285714285714286,4,0.08163265306122448
JxPath,20,6,20%,Random,5,0.0,NA,NA
JxPath,20,6,25%,Ekstazi,7,0.8673469387755103,7,0.14285714285714285
JxPath,20,6,25%,FAST,7,0.8877551020408163,6,0.12244897959183673
JxPath,20,6,25%,Ekstazi+dpt,7,0.0,NA,NA
JxPath,20,6,25%,DPT,7,0.0,NA,NA
JxPath,20,6,25%,STARTS,7,0.0,NA,NA
JxPath,20,6,25%,STARTS+FAST-S,7,0.9693877551020408,2,0.04081632653061224
JxPath,20,6,25%,STARTS+FAST-P,7,0.9489795918367347,3,0.061224489795918366
JxPath,20,6,25%,STARTS+DPT,7,0.0,NA,NA
JxPath,20,6,25%,Fastazi-S,7,0.9081632653061225,5,0.10204081632653061
JxPath,20,6,25%,Fastazi-P,7,0.9285714285714286,4,0.08163265306122448
JxPath,20,6,25%,Random,7,0.0,NA,NA
JxPath,20,6,30%,Ekstazi,8,0.8673469387755103,7,0.14285714285714285
JxPath,20,6,30%,FAST,8,0.8877551020408163,6,0.12244897959183673
JxPath,20,6,30%,Ekstazi+dpt,8,0.0,NA,NA
JxPath,20,6,30%,DPT,8,0.0,NA,NA
JxPath,20,6,30%,STARTS,8,0.0,NA,NA
JxPath,20,6,30%,STARTS+FAST-S,8,0.9693877551020408,2,0.04081632653061224
JxPath,20,6,30%,STARTS+FAST-P,8,0.9489795918367347,3,0.061224489795918366
JxPath,20,6,30%,STARTS+DPT,8,0.0,NA,NA
JxPath,20,6,30%,Fastazi-S,8,0.9081632653061225,5,0.10204081632653061
JxPath,20,6,30%,Fastazi-P,8,0.9285714285714286,4,0.08163265306122448
JxPath,20,6,30%,Random,8,0.0,NA,NA
JxPath,20,6,40%,Ekstazi,11,0.8673469387755103,7,0.14285714285714285
JxPath,20,6,40%,FAST,11,0.8877551020408163,6,0.12244897959183673
JxPath,20,6,40%,Ekstazi+dpt,11,0.0,NA,NA
JxPath,20,6,40%,DPT,11,0.0,NA,NA
JxPath,20,6,40%,STARTS,11,0.0,NA,NA
JxPath,20,6,40%,STARTS+FAST-S,11,0.9693877551020408,2,0.04081632653061224
JxPath,20,6,40%,STARTS+FAST-P,11,0.9489795918367347,3,0.061224489795918366
JxPath,20,6,40%,STARTS+DPT,11,0.0,NA,NA
JxPath,20,6,40%,Fastazi-S,11,0.9081632653061225,5,0.10204081632653061
JxPath,20,6,40%,Fastazi-P,11,0.9285714285714286,4,0.08163265306122448
JxPath,20,6,40%,Random,11,0.0,NA,NA
JxPath,20,6,50%,Ekstazi,14,0.8673469387755103,7,0.14285714285714285
JxPath,20,6,50%,FAST,14,0.8877551020408163,6,0.12244897959183673
JxPath,20,6,50%,Ekstazi+dpt,14,0.0,NA,NA
JxPath,20,6,50%,DPT,14,0.0,NA,NA
JxPath,20,6,50%,STARTS,14,0.0,NA,NA
JxPath,20,6,50%,STARTS+FAST-S,14,0.9693877551020408,2,0.04081632653061224
JxPath,20,6,50%,STARTS+FAST-P,14,0.9489795918367347,3,0.061224489795918366
JxPath,20,6,50%,STARTS+DPT,14,0.0,NA,NA
JxPath,20,6,50%,Fastazi-S,14,0.9081632653061225,5,0.10204081632653061
JxPath,20,6,50%,Fastazi-P,14,0.9285714285714286,4,0.08163265306122448
JxPath,20,6,50%,Random,14,0.0,NA,NA
JxPath,20,6,60%,Ekstazi,17,0.8673469387755103,7,0.14285714285714285
JxPath,20,6,60%,FAST,17,0.8877551020408163,6,0.12244897959183673
JxPath,20,6,60%,Ekstazi+dpt,17,0.0,NA,NA
JxPath,20,6,60%,DPT,17,0.0,NA,NA
JxPath,20,6,60%,STARTS,17,0.6836734693877552,16,0.32653061224489793
JxPath,20,6,60%,STARTS+FAST-S,17,0.9693877551020408,2,0.04081632653061224
JxPath,20,6,60%,STARTS+FAST-P,17,0.9489795918367347,3,0.061224489795918366
JxPath,20,6,60%,STARTS+DPT,17,0.0,NA,NA
JxPath,20,6,60%,Fastazi-S,17,0.9081632653061225,5,0.10204081632653061
JxPath,20,6,60%,Fastazi-P,17,0.9285714285714286,4,0.08163265306122448
JxPath,20,6,60%,Random,17,0.0,NA,NA
JxPath,20,6,70%,Ekstazi,20,0.8673469387755103,7,0.14285714285714285
JxPath,20,6,70%,FAST,20,0.8877551020408163,6,0.12244897959183673
JxPath,20,6,70%,Ekstazi+dpt,20,0.0,NA,NA
JxPath,20,6,70%,DPT,20,0.0,NA,NA
JxPath,20,6,70%,STARTS,20,0.6836734693877552,16,0.32653061224489793
JxPath,20,6,70%,STARTS+FAST-S,20,0.9693877551020408,2,0.04081632653061224
JxPath,20,6,70%,STARTS+FAST-P,20,0.9489795918367347,3,0.061224489795918366
JxPath,20,6,70%,STARTS+DPT,20,0.0,NA,NA
JxPath,20,6,70%,Fastazi-S,20,0.9081632653061225,5,0.10204081632653061
JxPath,20,6,70%,Fastazi-P,20,0.9285714285714286,4,0.08163265306122448
JxPath,20,6,70%,Random,20,0.0,NA,NA
JxPath,20,6,75%,Ekstazi,21,0.8673469387755103,7,0.14285714285714285
JxPath,20,6,75%,FAST,21,0.8877551020408163,6,0.12244897959183673
JxPath,20,6,75%,Ekstazi+dpt,21,0.0,NA,NA
JxPath,20,6,75%,DPT,21,0.0,NA,NA
JxPath,20,6,75%,STARTS,21,0.6836734693877552,16,0.32653061224489793
JxPath,20,6,75%,STARTS+FAST-S,21,0.9693877551020408,2,0.04081632653061224
JxPath,20,6,75%,STARTS+FAST-P,21,0.9489795918367347,3,0.061224489795918366
JxPath,20,6,75%,STARTS+DPT,21,0.0,NA,NA
JxPath,20,6,75%,Fastazi-S,21,0.9081632653061225,5,0.10204081632653061
JxPath,20,6,75%,Fastazi-P,21,0.9285714285714286,4,0.08163265306122448
JxPath,20,6,75%,Random,21,0.0,NA,NA
JxPath,20,6,80%,Ekstazi,23,0.8673469387755103,7,0.14285714285714285
JxPath,20,6,80%,FAST,23,0.8877551020408163,6,0.12244897959183673
JxPath,20,6,80%,Ekstazi+dpt,23,0.0,NA,NA
JxPath,20,6,80%,DPT,23,0.0,NA,NA
JxPath,20,6,80%,STARTS,23,0.6836734693877552,16,0.32653061224489793
JxPath,20,6,80%,STARTS+FAST-S,23,0.9693877551020408,2,0.04081632653061224
JxPath,20,6,80%,STARTS+FAST-P,23,0.9489795918367347,3,0.061224489795918366
JxPath,20,6,80%,STARTS+DPT,23,0.0,NA,NA
JxPath,20,6,80%,Fastazi-S,23,0.9081632653061225,5,0.10204081632653061
JxPath,20,6,80%,Fastazi-P,23,0.9285714285714286,4,0.08163265306122448
JxPath,20,6,80%,Random,23,0.0,NA,NA
JxPath,20,6,90%,Ekstazi,26,0.8673469387755103,7,0.14285714285714285
JxPath,20,6,90%,FAST,26,0.8877551020408163,6,0.12244897959183673
JxPath,20,6,90%,Ekstazi+dpt,26,0.5,25,0.5102040816326531
JxPath,20,6,90%,DPT,26,0.47959183673469385,26,0.5306122448979592
JxPath,20,6,90%,STARTS,26,0.6836734693877552,16,0.32653061224489793
JxPath,20,6,90%,STARTS+FAST-S,26,0.9693877551020408,2,0.04081632653061224
JxPath,20,6,90%,STARTS+FAST-P,26,0.9489795918367347,3,0.061224489795918366
JxPath,20,6,90%,STARTS+DPT,26,0.5,25,0.5102040816326531
JxPath,20,6,90%,Fastazi-S,26,0.9081632653061225,5,0.10204081632653061
JxPath,20,6,90%,Fastazi-P,26,0.9285714285714286,4,0.08163265306122448
JxPath,20,6,90%,Random,26,0.0,NA,NA
JxPath,20,6,100%,Ekstazi,29,0.8673469387755103,7,0.14285714285714285
JxPath,20,6,100%,FAST,29,0.8877551020408163,6,0.12244897959183673
JxPath,20,6,100%,Ekstazi+dpt,29,0.5,25,0.5102040816326531
JxPath,20,6,100%,DPT,29,0.47959183673469385,26,0.5306122448979592
JxPath,20,6,100%,STARTS,29,0.6836734693877552,16,0.32653061224489793
JxPath,20,6,100%,STARTS+FAST-S,29,0.9693877551020408,2,0.04081632653061224
JxPath,20,6,100%,STARTS+FAST-P,29,0.9489795918367347,3,0.061224489795918366
JxPath,20,6,100%,STARTS+DPT,29,0.5,25,0.5102040816326531
JxPath,20,6,100%,Fastazi-S,29,0.9081632653061225,5,0.10204081632653061
JxPath,20,6,100%,Fastazi-P,29,0.9285714285714286,4,0.08163265306122448
JxPath,20,6,100%,Random,29,0.0,NA,NA
JxPath,20,7,10%,Ekstazi,2,0.0,NA,NA
JxPath,20,7,10%,FAST,2,0.9693877551020408,2,0.04081632653061224
JxPath,20,7,10%,Ekstazi+dpt,2,0.0,NA,NA
JxPath,20,7,10%,DPT,2,0.0,NA,NA
JxPath,20,7,10%,STARTS,2,0.0,NA,NA
JxPath,20,7,10%,STARTS+FAST-S,2,0.9693877551020408,2,0.04081632653061224
JxPath,20,7,10%,STARTS+FAST-P,2,0.9693877551020408,2,0.04081632653061224
JxPath,20,7,10%,STARTS+DPT,2,0.0,NA,NA
JxPath,20,7,10%,Fastazi-S,2,0.9693877551020408,2,0.04081632653061224
JxPath,20,7,10%,Fastazi-P,2,0.9693877551020408,2,0.04081632653061224
JxPath,20,7,10%,Random,2,0.0,NA,NA
JxPath,20,7,20%,Ekstazi,5,0.0,NA,NA
JxPath,20,7,20%,FAST,5,0.9693877551020408,2,0.04081632653061224
JxPath,20,7,20%,Ekstazi+dpt,5,0.0,NA,NA
JxPath,20,7,20%,DPT,5,0.0,NA,NA
JxPath,20,7,20%,STARTS,5,0.0,NA,NA
JxPath,20,7,20%,STARTS+FAST-S,5,0.9693877551020408,2,0.04081632653061224
JxPath,20,7,20%,STARTS+FAST-P,5,0.9693877551020408,2,0.04081632653061224
JxPath,20,7,20%,STARTS+DPT,5,0.0,NA,NA
JxPath,20,7,20%,Fastazi-S,5,0.9693877551020408,2,0.04081632653061224
JxPath,20,7,20%,Fastazi-P,5,0.9693877551020408,2,0.04081632653061224
JxPath,20,7,20%,Random,5,0.0,NA,NA
JxPath,20,7,25%,Ekstazi,7,0.0,NA,NA
JxPath,20,7,25%,FAST,7,0.9693877551020408,2,0.04081632653061224
JxPath,20,7,25%,Ekstazi+dpt,7,0.0,NA,NA
JxPath,20,7,25%,DPT,7,0.0,NA,NA
JxPath,20,7,25%,STARTS,7,0.0,NA,NA
JxPath,20,7,25%,STARTS+FAST-S,7,0.9693877551020408,2,0.04081632653061224
JxPath,20,7,25%,STARTS+FAST-P,7,0.9693877551020408,2,0.04081632653061224
JxPath,20,7,25%,STARTS+DPT,7,0.0,NA,NA
JxPath,20,7,25%,Fastazi-S,7,0.9693877551020408,2,0.04081632653061224
JxPath,20,7,25%,Fastazi-P,7,0.9693877551020408,2,0.04081632653061224
JxPath,20,7,25%,Random,7,0.0,NA,NA
JxPath,20,7,30%,Ekstazi,8,0.0,NA,NA
JxPath,20,7,30%,FAST,8,0.9693877551020408,2,0.04081632653061224
JxPath,20,7,30%,Ekstazi+dpt,8,0.0,NA,NA
JxPath,20,7,30%,DPT,8,0.0,NA,NA
JxPath,20,7,30%,STARTS,8,0.0,NA,NA
JxPath,20,7,30%,STARTS+FAST-S,8,0.9693877551020408,2,0.04081632653061224
JxPath,20,7,30%,STARTS+FAST-P,8,0.9693877551020408,2,0.04081632653061224
JxPath,20,7,30%,STARTS+DPT,8,0.0,NA,NA
JxPath,20,7,30%,Fastazi-S,8,0.9693877551020408,2,0.04081632653061224
JxPath,20,7,30%,Fastazi-P,8,0.9693877551020408,2,0.04081632653061224
JxPath,20,7,30%,Random,8,0.0,NA,NA
JxPath,20,7,40%,Ekstazi,11,0.8061224489795918,10,0.20408163265306123
JxPath,20,7,40%,FAST,11,0.9693877551020408,2,0.04081632653061224
JxPath,20,7,40%,Ekstazi+dpt,11,0.0,NA,NA
JxPath,20,7,40%,DPT,11,0.0,NA,NA
JxPath,20,7,40%,STARTS,11,0.0,NA,NA
JxPath,20,7,40%,STARTS+FAST-S,11,0.9693877551020408,2,0.04081632653061224
JxPath,20,7,40%,STARTS+FAST-P,11,0.9693877551020408,2,0.04081632653061224
JxPath,20,7,40%,STARTS+DPT,11,0.0,NA,NA
JxPath,20,7,40%,Fastazi-S,11,0.9693877551020408,2,0.04081632653061224
JxPath,20,7,40%,Fastazi-P,11,0.9693877551020408,2,0.04081632653061224
JxPath,20,7,40%,Random,11,0.0,NA,NA
JxPath,20,7,50%,Ekstazi,14,0.8061224489795918,10,0.20408163265306123
JxPath,20,7,50%,FAST,14,0.9693877551020408,2,0.04081632653061224
JxPath,20,7,50%,Ekstazi+dpt,14,0.0,NA,NA
JxPath,20,7,50%,DPT,14,0.0,NA,NA
JxPath,20,7,50%,STARTS,14,0.0,NA,NA
JxPath,20,7,50%,STARTS+FAST-S,14,0.9693877551020408,2,0.04081632653061224
JxPath,20,7,50%,STARTS+FAST-P,14,0.9693877551020408,2,0.04081632653061224
JxPath,20,7,50%,STARTS+DPT,14,0.0,NA,NA
JxPath,20,7,50%,Fastazi-S,14,0.9693877551020408,2,0.04081632653061224
JxPath,20,7,50%,Fastazi-P,14,0.9693877551020408,2,0.04081632653061224
JxPath,20,7,50%,Random,14,0.0,NA,NA
JxPath,20,7,60%,Ekstazi,17,0.8061224489795918,10,0.20408163265306123
JxPath,20,7,60%,FAST,17,0.9693877551020408,2,0.04081632653061224
JxPath,20,7,60%,Ekstazi+dpt,17,0.0,NA,NA
JxPath,20,7,60%,DPT,17,0.0,NA,NA
JxPath,20,7,60%,STARTS,17,0.0,NA,NA
JxPath,20,7,60%,STARTS+FAST-S,17,0.9693877551020408,2,0.04081632653061224
JxPath,20,7,60%,STARTS+FAST-P,17,0.9693877551020408,2,0.04081632653061224
JxPath,20,7,60%,STARTS+DPT,17,0.0,NA,NA
JxPath,20,7,60%,Fastazi-S,17,0.9693877551020408,2,0.04081632653061224
JxPath,20,7,60%,Fastazi-P,17,0.9693877551020408,2,0.04081632653061224
JxPath,20,7,60%,Random,17,0.0,NA,NA
JxPath,20,7,70%,Ekstazi,20,0.8061224489795918,10,0.20408163265306123
JxPath,20,7,70%,FAST,20,0.9693877551020408,2,0.04081632653061224
JxPath,20,7,70%,Ekstazi+dpt,20,0.0,NA,NA
JxPath,20,7,70%,DPT,20,0.0,NA,NA
JxPath,20,7,70%,STARTS,20,0.6428571428571429,18,0.3673469387755102
JxPath,20,7,70%,STARTS+FAST-S,20,0.9693877551020408,2,0.04081632653061224
JxPath,20,7,70%,STARTS+FAST-P,20,0.9693877551020408,2,0.04081632653061224
JxPath,20,7,70%,STARTS+DPT,20,0.0,NA,NA
JxPath,20,7,70%,Fastazi-S,20,0.9693877551020408,2,0.04081632653061224
JxPath,20,7,70%,Fastazi-P,20,0.9693877551020408,2,0.04081632653061224
JxPath,20,7,70%,Random,20,0.0,NA,NA
JxPath,20,7,75%,Ekstazi,21,0.8061224489795918,10,0.20408163265306123
JxPath,20,7,75%,FAST,21,0.9693877551020408,2,0.04081632653061224
JxPath,20,7,75%,Ekstazi+dpt,21,0.0,NA,NA
JxPath,20,7,75%,DPT,21,0.0,NA,NA
JxPath,20,7,75%,STARTS,21,0.6428571428571429,18,0.3673469387755102
JxPath,20,7,75%,STARTS+FAST-S,21,0.9693877551020408,2,0.04081632653061224
JxPath,20,7,75%,STARTS+FAST-P,21,0.9693877551020408,2,0.04081632653061224
JxPath,20,7,75%,STARTS+DPT,21,0.0,NA,NA
JxPath,20,7,75%,Fastazi-S,21,0.9693877551020408,2,0.04081632653061224
JxPath,20,7,75%,Fastazi-P,21,0.9693877551020408,2,0.04081632653061224
JxPath,20,7,75%,Random,21,0.0,NA,NA
JxPath,20,7,80%,Ekstazi,23,0.8061224489795918,10,0.20408163265306123
JxPath,20,7,80%,FAST,23,0.9693877551020408,2,0.04081632653061224
JxPath,20,7,80%,Ekstazi+dpt,23,0.0,NA,NA
JxPath,20,7,80%,DPT,23,0.0,NA,NA
JxPath,20,7,80%,STARTS,23,0.6428571428571429,18,0.3673469387755102
JxPath,20,7,80%,STARTS+FAST-S,23,0.9693877551020408,2,0.04081632653061224
JxPath,20,7,80%,STARTS+FAST-P,23,0.9693877551020408,2,0.04081632653061224
JxPath,20,7,80%,STARTS+DPT,23,0.0,NA,NA
JxPath,20,7,80%,Fastazi-S,23,0.9693877551020408,2,0.04081632653061224
JxPath,20,7,80%,Fastazi-P,23,0.9693877551020408,2,0.04081632653061224
JxPath,20,7,80%,Random,23,0.5408163265306122,23,0.46938775510204084
JxPath,20,7,90%,Ekstazi,26,0.8061224489795918,10,0.20408163265306123
JxPath,20,7,90%,FAST,26,0.9693877551020408,2,0.04081632653061224
JxPath,20,7,90%,Ekstazi+dpt,26,0.5,25,0.5102040816326531
JxPath,20,7,90%,DPT,26,0.47959183673469385,26,0.5306122448979592
JxPath,20,7,90%,STARTS,26,0.6428571428571429,18,0.3673469387755102
JxPath,20,7,90%,STARTS+FAST-S,26,0.9693877551020408,2,0.04081632653061224
JxPath,20,7,90%,STARTS+FAST-P,26,0.9693877551020408,2,0.04081632653061224
JxPath,20,7,90%,STARTS+DPT,26,0.5,25,0.5102040816326531
JxPath,20,7,90%,Fastazi-S,26,0.9693877551020408,2,0.04081632653061224
JxPath,20,7,90%,Fastazi-P,26,0.9693877551020408,2,0.04081632653061224
JxPath,20,7,90%,Random,26,0.5408163265306122,23,0.46938775510204084
JxPath,20,7,100%,Ekstazi,29,0.8061224489795918,10,0.20408163265306123
JxPath,20,7,100%,FAST,29,0.9693877551020408,2,0.04081632653061224
JxPath,20,7,100%,Ekstazi+dpt,29,0.5,25,0.5102040816326531
JxPath,20,7,100%,DPT,29,0.47959183673469385,26,0.5306122448979592
JxPath,20,7,100%,STARTS,29,0.6428571428571429,18,0.3673469387755102
JxPath,20,7,100%,STARTS+FAST-S,29,0.9693877551020408,2,0.04081632653061224
JxPath,20,7,100%,STARTS+FAST-P,29,0.9693877551020408,2,0.04081632653061224
JxPath,20,7,100%,STARTS+DPT,29,0.5,25,0.5102040816326531
JxPath,20,7,100%,Fastazi-S,29,0.9693877551020408,2,0.04081632653061224
JxPath,20,7,100%,Fastazi-P,29,0.9693877551020408,2,0.04081632653061224
JxPath,20,7,100%,Random,29,0.5408163265306122,23,0.46938775510204084
JxPath,20,8,10%,Ekstazi,2,0.0,NA,NA
JxPath,20,8,10%,FAST,2,0.0,NA,NA
JxPath,20,8,10%,Ekstazi+dpt,2,0.0,NA,NA
JxPath,20,8,10%,DPT,2,0.0,NA,NA
JxPath,20,8,10%,STARTS,2,0.0,NA,NA
JxPath,20,8,10%,STARTS+FAST-S,2,0.9693877551020408,2,0.04081632653061224
JxPath,20,8,10%,STARTS+FAST-P,2,0.9693877551020408,2,0.04081632653061224
JxPath,20,8,10%,STARTS+DPT,2,0.0,NA,NA
JxPath,20,8,10%,Fastazi-S,2,0.0,NA,NA
JxPath,20,8,10%,Fastazi-P,2,0.0,NA,NA
JxPath,20,8,10%,Random,2,0.0,NA,NA
JxPath,20,8,20%,Ekstazi,5,0.9285714285714286,4,0.08163265306122448
JxPath,20,8,20%,FAST,5,0.9081632653061225,5,0.10204081632653061
JxPath,20,8,20%,Ekstazi+dpt,5,0.0,NA,NA
JxPath,20,8,20%,DPT,5,0.0,NA,NA
JxPath,20,8,20%,STARTS,5,0.0,NA,NA
JxPath,20,8,20%,STARTS+FAST-S,5,0.9693877551020408,2,0.04081632653061224
JxPath,20,8,20%,STARTS+FAST-P,5,0.9693877551020408,2,0.04081632653061224
JxPath,20,8,20%,STARTS+DPT,5,0.0,NA,NA
JxPath,20,8,20%,Fastazi-S,5,0.9081632653061225,5,0.10204081632653061
JxPath,20,8,20%,Fastazi-P,5,0.9489795918367347,3,0.061224489795918366
JxPath,20,8,20%,Random,5,0.0,NA,NA
JxPath,20,8,25%,Ekstazi,7,0.9285714285714286,4,0.08163265306122448
JxPath,20,8,25%,FAST,7,0.9081632653061225,5,0.10204081632653061
JxPath,20,8,25%,Ekstazi+dpt,7,0.0,NA,NA
JxPath,20,8,25%,DPT,7,0.0,NA,NA
JxPath,20,8,25%,STARTS,7,0.0,NA,NA
JxPath,20,8,25%,STARTS+FAST-S,7,0.9693877551020408,2,0.04081632653061224
JxPath,20,8,25%,STARTS+FAST-P,7,0.9693877551020408,2,0.04081632653061224
JxPath,20,8,25%,STARTS+DPT,7,0.0,NA,NA
JxPath,20,8,25%,Fastazi-S,7,0.9081632653061225,5,0.10204081632653061
JxPath,20,8,25%,Fastazi-P,7,0.9489795918367347,3,0.061224489795918366
JxPath,20,8,25%,Random,7,0.0,NA,NA
JxPath,20,8,30%,Ekstazi,8,0.9285714285714286,4,0.08163265306122448
JxPath,20,8,30%,FAST,8,0.9081632653061225,5,0.10204081632653061
JxPath,20,8,30%,Ekstazi+dpt,8,0.0,NA,NA
JxPath,20,8,30%,DPT,8,0.0,NA,NA
JxPath,20,8,30%,STARTS,8,0.0,NA,NA
JxPath,20,8,30%,STARTS+FAST-S,8,0.9693877551020408,2,0.04081632653061224
JxPath,20,8,30%,STARTS+FAST-P,8,0.9693877551020408,2,0.04081632653061224
JxPath,20,8,30%,STARTS+DPT,8,0.0,NA,NA
JxPath,20,8,30%,Fastazi-S,8,0.9081632653061225,5,0.10204081632653061
JxPath,20,8,30%,Fastazi-P,8,0.9489795918367347,3,0.061224489795918366
JxPath,20,8,30%,Random,8,0.0,NA,NA
JxPath,20,8,40%,Ekstazi,11,0.9285714285714286,4,0.08163265306122448
JxPath,20,8,40%,FAST,11,0.9081632653061225,5,0.10204081632653061
JxPath,20,8,40%,Ekstazi+dpt,11,0.0,NA,NA
JxPath,20,8,40%,DPT,11,0.0,NA,NA
JxPath,20,8,40%,STARTS,11,0.0,NA,NA
JxPath,20,8,40%,STARTS+FAST-S,11,0.9693877551020408,2,0.04081632653061224
JxPath,20,8,40%,STARTS+FAST-P,11,0.9693877551020408,2,0.04081632653061224
JxPath,20,8,40%,STARTS+DPT,11,0.0,NA,NA
JxPath,20,8,40%,Fastazi-S,11,0.9081632653061225,5,0.10204081632653061
JxPath,20,8,40%,Fastazi-P,11,0.9489795918367347,3,0.061224489795918366
JxPath,20,8,40%,Random,11,0.0,NA,NA
JxPath,20,8,50%,Ekstazi,14,0.9285714285714286,4,0.08163265306122448
JxPath,20,8,50%,FAST,14,0.9081632653061225,5,0.10204081632653061
JxPath,20,8,50%,Ekstazi+dpt,14,0.0,NA,NA
JxPath,20,8,50%,DPT,14,0.0,NA,NA
JxPath,20,8,50%,STARTS,14,0.0,NA,NA
JxPath,20,8,50%,STARTS+FAST-S,14,0.9693877551020408,2,0.04081632653061224
JxPath,20,8,50%,STARTS+FAST-P,14,0.9693877551020408,2,0.04081632653061224
JxPath,20,8,50%,STARTS+DPT,14,0.0,NA,NA
JxPath,20,8,50%,Fastazi-S,14,0.9081632653061225,5,0.10204081632653061
JxPath,20,8,50%,Fastazi-P,14,0.9489795918367347,3,0.061224489795918366
JxPath,20,8,50%,Random,14,0.0,NA,NA
JxPath,20,8,60%,Ekstazi,17,0.9285714285714286,4,0.08163265306122448
JxPath,20,8,60%,FAST,17,0.9081632653061225,5,0.10204081632653061
JxPath,20,8,60%,Ekstazi+dpt,17,0.0,NA,NA
JxPath,20,8,60%,DPT,17,0.0,NA,NA
JxPath,20,8,60%,STARTS,17,0.0,NA,NA
JxPath,20,8,60%,STARTS+FAST-S,17,0.9693877551020408,2,0.04081632653061224
JxPath,20,8,60%,STARTS+FAST-P,17,0.9693877551020408,2,0.04081632653061224
JxPath,20,8,60%,STARTS+DPT,17,0.0,NA,NA
JxPath,20,8,60%,Fastazi-S,17,0.9081632653061225,5,0.10204081632653061
JxPath,20,8,60%,Fastazi-P,17,0.9489795918367347,3,0.061224489795918366
JxPath,20,8,60%,Random,17,0.0,NA,NA
JxPath,20,8,70%,Ekstazi,20,0.9285714285714286,4,0.08163265306122448
JxPath,20,8,70%,FAST,20,0.9081632653061225,5,0.10204081632653061
JxPath,20,8,70%,Ekstazi+dpt,20,0.0,NA,NA
JxPath,20,8,70%,DPT,20,0.0,NA,NA
JxPath,20,8,70%,STARTS,20,0.0,NA,NA
JxPath,20,8,70%,STARTS+FAST-S,20,0.9693877551020408,2,0.04081632653061224
JxPath,20,8,70%,STARTS+FAST-P,20,0.9693877551020408,2,0.04081632653061224
JxPath,20,8,70%,STARTS+DPT,20,0.0,NA,NA
JxPath,20,8,70%,Fastazi-S,20,0.9081632653061225,5,0.10204081632653061
JxPath,20,8,70%,Fastazi-P,20,0.9489795918367347,3,0.061224489795918366
JxPath,20,8,70%,Random,20,0.0,NA,NA
JxPath,20,8,75%,Ekstazi,21,0.9285714285714286,4,0.08163265306122448
JxPath,20,8,75%,FAST,21,0.9081632653061225,5,0.10204081632653061
JxPath,20,8,75%,Ekstazi+dpt,21,0.0,NA,NA
JxPath,20,8,75%,DPT,21,0.0,NA,NA
JxPath,20,8,75%,STARTS,21,0.0,NA,NA
JxPath,20,8,75%,STARTS+FAST-S,21,0.9693877551020408,2,0.04081632653061224
JxPath,20,8,75%,STARTS+FAST-P,21,0.9693877551020408,2,0.04081632653061224
JxPath,20,8,75%,STARTS+DPT,21,0.0,NA,NA
JxPath,20,8,75%,Fastazi-S,21,0.9081632653061225,5,0.10204081632653061
JxPath,20,8,75%,Fastazi-P,21,0.9489795918367347,3,0.061224489795918366
JxPath,20,8,75%,Random,21,0.0,NA,NA
JxPath,20,8,80%,Ekstazi,23,0.9285714285714286,4,0.08163265306122448
JxPath,20,8,80%,FAST,23,0.9081632653061225,5,0.10204081632653061
JxPath,20,8,80%,Ekstazi+dpt,23,0.0,NA,NA
JxPath,20,8,80%,DPT,23,0.0,NA,NA
JxPath,20,8,80%,STARTS,23,0.0,NA,NA
JxPath,20,8,80%,STARTS+FAST-S,23,0.9693877551020408,2,0.04081632653061224
JxPath,20,8,80%,STARTS+FAST-P,23,0.9693877551020408,2,0.04081632653061224
JxPath,20,8,80%,STARTS+DPT,23,0.0,NA,NA
JxPath,20,8,80%,Fastazi-S,23,0.9081632653061225,5,0.10204081632653061
JxPath,20,8,80%,Fastazi-P,23,0.9489795918367347,3,0.061224489795918366
JxPath,20,8,80%,Random,23,0.0,NA,NA
JxPath,20,8,90%,Ekstazi,26,0.9285714285714286,4,0.08163265306122448
JxPath,20,8,90%,FAST,26,0.9081632653061225,5,0.10204081632653061
JxPath,20,8,90%,Ekstazi+dpt,26,0.5,25,0.5102040816326531
JxPath,20,8,90%,DPT,26,0.47959183673469385,26,0.5306122448979592
JxPath,20,8,90%,STARTS,26,0.0,NA,NA
JxPath,20,8,90%,STARTS+FAST-S,26,0.9693877551020408,2,0.04081632653061224
JxPath,20,8,90%,STARTS+FAST-P,26,0.9693877551020408,2,0.04081632653061224
JxPath,20,8,90%,STARTS+DPT,26,0.5,25,0.5102040816326531
JxPath,20,8,90%,Fastazi-S,26,0.9081632653061225,5,0.10204081632653061
JxPath,20,8,90%,Fastazi-P,26,0.9489795918367347,3,0.061224489795918366
JxPath,20,8,90%,Random,26,0.0,NA,NA
JxPath,20,8,100%,Ekstazi,29,0.9285714285714286,4,0.08163265306122448
JxPath,20,8,100%,FAST,29,0.9081632653061225,5,0.10204081632653061
JxPath,20,8,100%,Ekstazi+dpt,29,0.5,25,0.5102040816326531
JxPath,20,8,100%,DPT,29,0.47959183673469385,26,0.5306122448979592
JxPath,20,8,100%,STARTS,29,0.0,NA,NA
JxPath,20,8,100%,STARTS+FAST-S,29,0.9693877551020408,2,0.04081632653061224
JxPath,20,8,100%,STARTS+FAST-P,29,0.9693877551020408,2,0.04081632653061224
JxPath,20,8,100%,STARTS+DPT,29,0.5,25,0.5102040816326531
JxPath,20,8,100%,Fastazi-S,29,0.9081632653061225,5,0.10204081632653061
JxPath,20,8,100%,Fastazi-P,29,0.9489795918367347,3,0.061224489795918366
JxPath,20,8,100%,Random,29,0.41836734693877553,29,0.5918367346938775
JxPath,20,9,10%,Ekstazi,2,0.0,NA,NA
JxPath,20,9,10%,FAST,2,0.0,NA,NA
JxPath,20,9,10%,Ekstazi+dpt,2,0.0,NA,NA
JxPath,20,9,10%,DPT,2,0.0,NA,NA
JxPath,20,9,10%,STARTS,2,0.0,NA,NA
JxPath,20,9,10%,STARTS+FAST-S,2,0.0,NA,NA
JxPath,20,9,10%,STARTS+FAST-P,2,0.9693877551020408,2,0.04081632653061224
JxPath,20,9,10%,STARTS+DPT,2,0.0,NA,NA
JxPath,20,9,10%,Fastazi-S,2,0.0,NA,NA
JxPath,20,9,10%,Fastazi-P,2,0.0,NA,NA
JxPath,20,9,10%,Random,2,0.0,NA,NA
JxPath,20,9,20%,Ekstazi,5,0.0,NA,NA
JxPath,20,9,20%,FAST,5,0.0,NA,NA
JxPath,20,9,20%,Ekstazi+dpt,5,0.0,NA,NA
JxPath,20,9,20%,DPT,5,0.0,NA,NA
JxPath,20,9,20%,STARTS,5,0.0,NA,NA
JxPath,20,9,20%,STARTS+FAST-S,5,0.0,NA,NA
JxPath,20,9,20%,STARTS+FAST-P,5,0.9693877551020408,2,0.04081632653061224
JxPath,20,9,20%,STARTS+DPT,5,0.0,NA,NA
JxPath,20,9,20%,Fastazi-S,5,0.9081632653061225,5,0.10204081632653061
JxPath,20,9,20%,Fastazi-P,5,0.9489795918367347,3,0.061224489795918366
JxPath,20,9,20%,Random,5,0.0,NA,NA
JxPath,20,9,25%,Ekstazi,7,0.0,NA,NA
JxPath,20,9,25%,FAST,7,0.8877551020408163,6,0.12244897959183673
JxPath,20,9,25%,Ekstazi+dpt,7,0.0,NA,NA
JxPath,20,9,25%,DPT,7,0.0,NA,NA
JxPath,20,9,25%,STARTS,7,0.0,NA,NA
JxPath,20,9,25%,STARTS+FAST-S,7,0.0,NA,NA
JxPath,20,9,25%,STARTS+FAST-P,7,0.9693877551020408,2,0.04081632653061224
JxPath,20,9,25%,STARTS+DPT,7,0.0,NA,NA
JxPath,20,9,25%,Fastazi-S,7,0.9081632653061225,5,0.10204081632653061
JxPath,20,9,25%,Fastazi-P,7,0.9489795918367347,3,0.061224489795918366
JxPath,20,9,25%,Random,7,0.0,NA,NA
JxPath,20,9,30%,Ekstazi,8,0.0,NA,NA
JxPath,20,9,30%,FAST,8,0.8877551020408163,6,0.12244897959183673
JxPath,20,9,30%,Ekstazi+dpt,8,0.0,NA,NA
JxPath,20,9,30%,DPT,8,0.0,NA,NA
JxPath,20,9,30%,STARTS,8,0.0,NA,NA
JxPath,20,9,30%,STARTS+FAST-S,8,0.0,NA,NA
JxPath,20,9,30%,STARTS+FAST-P,8,0.9693877551020408,2,0.04081632653061224
JxPath,20,9,30%,STARTS+DPT,8,0.0,NA,NA
JxPath,20,9,30%,Fastazi-S,8,0.9081632653061225,5,0.10204081632653061
JxPath,20,9,30%,Fastazi-P,8,0.9489795918367347,3,0.061224489795918366
JxPath,20,9,30%,Random,8,0.0,NA,NA
JxPath,20,9,40%,Ekstazi,11,0.7857142857142857,11,0.22448979591836735
JxPath,20,9,40%,FAST,11,0.8877551020408163,6,0.12244897959183673
JxPath,20,9,40%,Ekstazi+dpt,11,0.0,NA,NA
JxPath,20,9,40%,DPT,11,0.0,NA,NA
JxPath,20,9,40%,STARTS,11,0.0,NA,NA
JxPath,20,9,40%,STARTS+FAST-S,11,0.7857142857142857,11,0.22448979591836735
JxPath,20,9,40%,STARTS+FAST-P,11,0.9693877551020408,2,0.04081632653061224
JxPath,20,9,40%,STARTS+DPT,11,0.0,NA,NA
JxPath,20,9,40%,Fastazi-S,11,0.9081632653061225,5,0.10204081632653061
JxPath,20,9,40%,Fastazi-P,11,0.9489795918367347,3,0.061224489795918366
JxPath,20,9,40%,Random,11,0.0,NA,NA
JxPath,20,9,50%,Ekstazi,14,0.7857142857142857,11,0.22448979591836735
JxPath,20,9,50%,FAST,14,0.8877551020408163,6,0.12244897959183673
JxPath,20,9,50%,Ekstazi+dpt,14,0.0,NA,NA
JxPath,20,9,50%,DPT,14,0.0,NA,NA
JxPath,20,9,50%,STARTS,14,0.0,NA,NA
JxPath,20,9,50%,STARTS+FAST-S,14,0.7857142857142857,11,0.22448979591836735
JxPath,20,9,50%,STARTS+FAST-P,14,0.9693877551020408,2,0.04081632653061224
JxPath,20,9,50%,STARTS+DPT,14,0.0,NA,NA
JxPath,20,9,50%,Fastazi-S,14,0.9081632653061225,5,0.10204081632653061
JxPath,20,9,50%,Fastazi-P,14,0.9489795918367347,3,0.061224489795918366
JxPath,20,9,50%,Random,14,0.0,NA,NA
JxPath,20,9,60%,Ekstazi,17,0.7857142857142857,11,0.22448979591836735
JxPath,20,9,60%,FAST,17,0.8877551020408163,6,0.12244897959183673
JxPath,20,9,60%,Ekstazi+dpt,17,0.0,NA,NA
JxPath,20,9,60%,DPT,17,0.0,NA,NA
JxPath,20,9,60%,STARTS,17,0.0,NA,NA
JxPath,20,9,60%,STARTS+FAST-S,17,0.7857142857142857,11,0.22448979591836735
JxPath,20,9,60%,STARTS+FAST-P,17,0.9693877551020408,2,0.04081632653061224
JxPath,20,9,60%,STARTS+DPT,17,0.0,NA,NA
JxPath,20,9,60%,Fastazi-S,17,0.9081632653061225,5,0.10204081632653061
JxPath,20,9,60%,Fastazi-P,17,0.9489795918367347,3,0.061224489795918366
JxPath,20,9,60%,Random,17,0.0,NA,NA
JxPath,20,9,70%,Ekstazi,20,0.7857142857142857,11,0.22448979591836735
JxPath,20,9,70%,FAST,20,0.8877551020408163,6,0.12244897959183673
JxPath,20,9,70%,Ekstazi+dpt,20,0.0,NA,NA
JxPath,20,9,70%,DPT,20,0.0,NA,NA
JxPath,20,9,70%,STARTS,20,0.6428571428571429,18,0.3673469387755102
JxPath,20,9,70%,STARTS+FAST-S,20,0.7857142857142857,11,0.22448979591836735
JxPath,20,9,70%,STARTS+FAST-P,20,0.9693877551020408,2,0.04081632653061224
JxPath,20,9,70%,STARTS+DPT,20,0.0,NA,NA
JxPath,20,9,70%,Fastazi-S,20,0.9081632653061225,5,0.10204081632653061
JxPath,20,9,70%,Fastazi-P,20,0.9489795918367347,3,0.061224489795918366
JxPath,20,9,70%,Random,20,0.0,NA,NA
JxPath,20,9,75%,Ekstazi,21,0.7857142857142857,11,0.22448979591836735
JxPath,20,9,75%,FAST,21,0.8877551020408163,6,0.12244897959183673
JxPath,20,9,75%,Ekstazi+dpt,21,0.0,NA,NA
JxPath,20,9,75%,DPT,21,0.0,NA,NA
JxPath,20,9,75%,STARTS,21,0.6428571428571429,18,0.3673469387755102
JxPath,20,9,75%,STARTS+FAST-S,21,0.7857142857142857,11,0.22448979591836735
JxPath,20,9,75%,STARTS+FAST-P,21,0.9693877551020408,2,0.04081632653061224
JxPath,20,9,75%,STARTS+DPT,21,0.0,NA,NA
JxPath,20,9,75%,Fastazi-S,21,0.9081632653061225,5,0.10204081632653061
JxPath,20,9,75%,Fastazi-P,21,0.9489795918367347,3,0.061224489795918366
JxPath,20,9,75%,Random,21,0.0,NA,NA
JxPath,20,9,80%,Ekstazi,23,0.7857142857142857,11,0.22448979591836735
JxPath,20,9,80%,FAST,23,0.8877551020408163,6,0.12244897959183673
JxPath,20,9,80%,Ekstazi+dpt,23,0.0,NA,NA
JxPath,20,9,80%,DPT,23,0.0,NA,NA
JxPath,20,9,80%,STARTS,23,0.6428571428571429,18,0.3673469387755102
JxPath,20,9,80%,STARTS+FAST-S,23,0.7857142857142857,11,0.22448979591836735
JxPath,20,9,80%,STARTS+FAST-P,23,0.9693877551020408,2,0.04081632653061224
JxPath,20,9,80%,STARTS+DPT,23,0.0,NA,NA
JxPath,20,9,80%,Fastazi-S,23,0.9081632653061225,5,0.10204081632653061
JxPath,20,9,80%,Fastazi-P,23,0.9489795918367347,3,0.061224489795918366
JxPath,20,9,80%,Random,23,0.0,NA,NA
JxPath,20,9,90%,Ekstazi,26,0.7857142857142857,11,0.22448979591836735
JxPath,20,9,90%,FAST,26,0.8877551020408163,6,0.12244897959183673
JxPath,20,9,90%,Ekstazi+dpt,26,0.5,25,0.5102040816326531
JxPath,20,9,90%,DPT,26,0.47959183673469385,26,0.5306122448979592
JxPath,20,9,90%,STARTS,26,0.6428571428571429,18,0.3673469387755102
JxPath,20,9,90%,STARTS+FAST-S,26,0.7857142857142857,11,0.22448979591836735
JxPath,20,9,90%,STARTS+FAST-P,26,0.9693877551020408,2,0.04081632653061224
JxPath,20,9,90%,STARTS+DPT,26,0.5,25,0.5102040816326531
JxPath,20,9,90%,Fastazi-S,26,0.9081632653061225,5,0.10204081632653061
JxPath,20,9,90%,Fastazi-P,26,0.9489795918367347,3,0.061224489795918366
JxPath,20,9,90%,Random,26,0.0,NA,NA
JxPath,20,9,100%,Ekstazi,29,0.7857142857142857,11,0.22448979591836735
JxPath,20,9,100%,FAST,29,0.8877551020408163,6,0.12244897959183673
JxPath,20,9,100%,Ekstazi+dpt,29,0.5,25,0.5102040816326531
JxPath,20,9,100%,DPT,29,0.47959183673469385,26,0.5306122448979592
JxPath,20,9,100%,STARTS,29,0.6428571428571429,18,0.3673469387755102
JxPath,20,9,100%,STARTS+FAST-S,29,0.7857142857142857,11,0.22448979591836735
JxPath,20,9,100%,STARTS+FAST-P,29,0.9693877551020408,2,0.04081632653061224
JxPath,20,9,100%,STARTS+DPT,29,0.5,25,0.5102040816326531
JxPath,20,9,100%,Fastazi-S,29,0.9081632653061225,5,0.10204081632653061
JxPath,20,9,100%,Fastazi-P,29,0.9489795918367347,3,0.061224489795918366
JxPath,20,9,100%,Random,29,0.0,NA,NA
JxPath,20,10,10%,Ekstazi,2,0.0,NA,NA
JxPath,20,10,10%,FAST,2,0.0,NA,NA
JxPath,20,10,10%,Ekstazi+dpt,2,0.0,NA,NA
JxPath,20,10,10%,DPT,2,0.0,NA,NA
JxPath,20,10,10%,STARTS,2,0.0,NA,NA
JxPath,20,10,10%,STARTS+FAST-S,2,0.9693877551020408,2,0.04081632653061224
JxPath,20,10,10%,STARTS+FAST-P,2,0.9897959183673469,1,0.02040816326530612
JxPath,20,10,10%,STARTS+DPT,2,0.0,NA,NA
JxPath,20,10,10%,Fastazi-S,2,0.0,NA,NA
JxPath,20,10,10%,Fastazi-P,2,0.0,NA,NA
JxPath,20,10,10%,Random,2,0.0,NA,NA
JxPath,20,10,20%,Ekstazi,5,0.0,NA,NA
JxPath,20,10,20%,FAST,5,0.0,NA,NA
JxPath,20,10,20%,Ekstazi+dpt,5,0.0,NA,NA
JxPath,20,10,20%,DPT,5,0.0,NA,NA
JxPath,20,10,20%,STARTS,5,0.0,NA,NA
JxPath,20,10,20%,STARTS+FAST-S,5,0.9693877551020408,2,0.04081632653061224
JxPath,20,10,20%,STARTS+FAST-P,5,0.9897959183673469,1,0.02040816326530612
JxPath,20,10,20%,STARTS+DPT,5,0.0,NA,NA
JxPath,20,10,20%,Fastazi-S,5,0.9081632653061225,5,0.10204081632653061
JxPath,20,10,20%,Fastazi-P,5,0.9081632653061225,5,0.10204081632653061
JxPath,20,10,20%,Random,5,0.0,NA,NA
JxPath,20,10,25%,Ekstazi,7,0.0,NA,NA
JxPath,20,10,25%,FAST,7,0.8877551020408163,6,0.12244897959183673
JxPath,20,10,25%,Ekstazi+dpt,7,0.0,NA,NA
JxPath,20,10,25%,DPT,7,0.0,NA,NA
JxPath,20,10,25%,STARTS,7,0.0,NA,NA
JxPath,20,10,25%,STARTS+FAST-S,7,0.9693877551020408,2,0.04081632653061224
JxPath,20,10,25%,STARTS+FAST-P,7,0.9897959183673469,1,0.02040816326530612
JxPath,20,10,25%,STARTS+DPT,7,0.0,NA,NA
JxPath,20,10,25%,Fastazi-S,7,0.9081632653061225,5,0.10204081632653061
JxPath,20,10,25%,Fastazi-P,7,0.9081632653061225,5,0.10204081632653061
JxPath,20,10,25%,Random,7,0.0,NA,NA
JxPath,20,10,30%,Ekstazi,8,0.0,NA,NA
JxPath,20,10,30%,FAST,8,0.8877551020408163,6,0.12244897959183673
JxPath,20,10,30%,Ekstazi+dpt,8,0.0,NA,NA
JxPath,20,10,30%,DPT,8,0.0,NA,NA
JxPath,20,10,30%,STARTS,8,0.0,NA,NA
JxPath,20,10,30%,STARTS+FAST-S,8,0.9693877551020408,2,0.04081632653061224
JxPath,20,10,30%,STARTS+FAST-P,8,0.9897959183673469,1,0.02040816326530612
JxPath,20,10,30%,STARTS+DPT,8,0.0,NA,NA
JxPath,20,10,30%,Fastazi-S,8,0.9081632653061225,5,0.10204081632653061
JxPath,20,10,30%,Fastazi-P,8,0.9081632653061225,5,0.10204081632653061
JxPath,20,10,30%,Random,8,0.0,NA,NA
JxPath,20,10,40%,Ekstazi,11,0.0,NA,NA
JxPath,20,10,40%,FAST,11,0.8877551020408163,6,0.12244897959183673
JxPath,20,10,40%,Ekstazi+dpt,11,0.0,NA,NA
JxPath,20,10,40%,DPT,11,0.0,NA,NA
JxPath,20,10,40%,STARTS,11,0.826530612244898,9,0.1836734693877551
JxPath,20,10,40%,STARTS+FAST-S,11,0.9693877551020408,2,0.04081632653061224
JxPath,20,10,40%,STARTS+FAST-P,11,0.9897959183673469,1,0.02040816326530612
JxPath,20,10,40%,STARTS+DPT,11,0.0,NA,NA
JxPath,20,10,40%,Fastazi-S,11,0.9081632653061225,5,0.10204081632653061
JxPath,20,10,40%,Fastazi-P,11,0.9081632653061225,5,0.10204081632653061
JxPath,20,10,40%,Random,11,0.0,NA,NA
JxPath,20,10,50%,Ekstazi,14,0.7244897959183674,14,0.2857142857142857
JxPath,20,10,50%,FAST,14,0.8877551020408163,6,0.12244897959183673
JxPath,20,10,50%,Ekstazi+dpt,14,0.0,NA,NA
JxPath,20,10,50%,DPT,14,0.0,NA,NA
JxPath,20,10,50%,STARTS,14,0.826530612244898,9,0.1836734693877551
JxPath,20,10,50%,STARTS+FAST-S,14,0.9693877551020408,2,0.04081632653061224
JxPath,20,10,50%,STARTS+FAST-P,14,0.9897959183673469,1,0.02040816326530612
JxPath,20,10,50%,STARTS+DPT,14,0.0,NA,NA
JxPath,20,10,50%,Fastazi-S,14,0.9081632653061225,5,0.10204081632653061
JxPath,20,10,50%,Fastazi-P,14,0.9081632653061225,5,0.10204081632653061
JxPath,20,10,50%,Random,14,0.0,NA,NA
JxPath,20,10,60%,Ekstazi,17,0.7244897959183674,14,0.2857142857142857
JxPath,20,10,60%,FAST,17,0.8877551020408163,6,0.12244897959183673
JxPath,20,10,60%,Ekstazi+dpt,17,0.0,NA,NA
JxPath,20,10,60%,DPT,17,0.0,NA,NA
JxPath,20,10,60%,STARTS,17,0.826530612244898,9,0.1836734693877551
JxPath,20,10,60%,STARTS+FAST-S,17,0.9693877551020408,2,0.04081632653061224
JxPath,20,10,60%,STARTS+FAST-P,17,0.9897959183673469,1,0.02040816326530612
JxPath,20,10,60%,STARTS+DPT,17,0.0,NA,NA
JxPath,20,10,60%,Fastazi-S,17,0.9081632653061225,5,0.10204081632653061
JxPath,20,10,60%,Fastazi-P,17,0.9081632653061225,5,0.10204081632653061
JxPath,20,10,60%,Random,17,0.0,NA,NA
JxPath,20,10,70%,Ekstazi,20,0.7244897959183674,14,0.2857142857142857
JxPath,20,10,70%,FAST,20,0.8877551020408163,6,0.12244897959183673
JxPath,20,10,70%,Ekstazi+dpt,20,0.0,NA,NA
JxPath,20,10,70%,DPT,20,0.0,NA,NA
JxPath,20,10,70%,STARTS,20,0.826530612244898,9,0.1836734693877551
JxPath,20,10,70%,STARTS+FAST-S,20,0.9693877551020408,2,0.04081632653061224
JxPath,20,10,70%,STARTS+FAST-P,20,0.9897959183673469,1,0.02040816326530612
JxPath,20,10,70%,STARTS+DPT,20,0.0,NA,NA
JxPath,20,10,70%,Fastazi-S,20,0.9081632653061225,5,0.10204081632653061
JxPath,20,10,70%,Fastazi-P,20,0.9081632653061225,5,0.10204081632653061
JxPath,20,10,70%,Random,20,0.0,NA,NA
JxPath,20,10,75%,Ekstazi,21,0.7244897959183674,14,0.2857142857142857
JxPath,20,10,75%,FAST,21,0.8877551020408163,6,0.12244897959183673
JxPath,20,10,75%,Ekstazi+dpt,21,0.0,NA,NA
JxPath,20,10,75%,DPT,21,0.0,NA,NA
JxPath,20,10,75%,STARTS,21,0.826530612244898,9,0.1836734693877551
JxPath,20,10,75%,STARTS+FAST-S,21,0.9693877551020408,2,0.04081632653061224
JxPath,20,10,75%,STARTS+FAST-P,21,0.9897959183673469,1,0.02040816326530612
JxPath,20,10,75%,STARTS+DPT,21,0.0,NA,NA
JxPath,20,10,75%,Fastazi-S,21,0.9081632653061225,5,0.10204081632653061
JxPath,20,10,75%,Fastazi-P,21,0.9081632653061225,5,0.10204081632653061
JxPath,20,10,75%,Random,21,0.0,NA,NA
JxPath,20,10,80%,Ekstazi,23,0.7244897959183674,14,0.2857142857142857
JxPath,20,10,80%,FAST,23,0.8877551020408163,6,0.12244897959183673
JxPath,20,10,80%,Ekstazi+dpt,23,0.0,NA,NA
JxPath,20,10,80%,DPT,23,0.0,NA,NA
JxPath,20,10,80%,STARTS,23,0.826530612244898,9,0.1836734693877551
JxPath,20,10,80%,STARTS+FAST-S,23,0.9693877551020408,2,0.04081632653061224
JxPath,20,10,80%,STARTS+FAST-P,23,0.9897959183673469,1,0.02040816326530612
JxPath,20,10,80%,STARTS+DPT,23,0.0,NA,NA
JxPath,20,10,80%,Fastazi-S,23,0.9081632653061225,5,0.10204081632653061
JxPath,20,10,80%,Fastazi-P,23,0.9081632653061225,5,0.10204081632653061
JxPath,20,10,80%,Random,23,0.0,NA,NA
JxPath,20,10,90%,Ekstazi,26,0.7244897959183674,14,0.2857142857142857
JxPath,20,10,90%,FAST,26,0.8877551020408163,6,0.12244897959183673
JxPath,20,10,90%,Ekstazi+dpt,26,0.5,25,0.5102040816326531
JxPath,20,10,90%,DPT,26,0.47959183673469385,26,0.5306122448979592
JxPath,20,10,90%,STARTS,26,0.826530612244898,9,0.1836734693877551
JxPath,20,10,90%,STARTS+FAST-S,26,0.9693877551020408,2,0.04081632653061224
JxPath,20,10,90%,STARTS+FAST-P,26,0.9897959183673469,1,0.02040816326530612
JxPath,20,10,90%,STARTS+DPT,26,0.5,25,0.5102040816326531
JxPath,20,10,90%,Fastazi-S,26,0.9081632653061225,5,0.10204081632653061
JxPath,20,10,90%,Fastazi-P,26,0.9081632653061225,5,0.10204081632653061
JxPath,20,10,90%,Random,26,0.47959183673469385,26,0.5306122448979592
JxPath,20,10,100%,Ekstazi,29,0.7244897959183674,14,0.2857142857142857
JxPath,20,10,100%,FAST,29,0.8877551020408163,6,0.12244897959183673
JxPath,20,10,100%,Ekstazi+dpt,29,0.5,25,0.5102040816326531
JxPath,20,10,100%,DPT,29,0.47959183673469385,26,0.5306122448979592
JxPath,20,10,100%,STARTS,29,0.826530612244898,9,0.1836734693877551
JxPath,20,10,100%,STARTS+FAST-S,29,0.9693877551020408,2,0.04081632653061224
JxPath,20,10,100%,STARTS+FAST-P,29,0.9897959183673469,1,0.02040816326530612
JxPath,20,10,100%,STARTS+DPT,29,0.5,25,0.5102040816326531
JxPath,20,10,100%,Fastazi-S,29,0.9081632653061225,5,0.10204081632653061
JxPath,20,10,100%,Fastazi-P,29,0.9081632653061225,5,0.10204081632653061
JxPath,20,10,100%,Random,29,0.47959183673469385,26,0.5306122448979592
JxPath,20,11,10%,Ekstazi,2,0.0,NA,NA
JxPath,20,11,10%,FAST,2,0.9693877551020408,2,0.04081632653061224
JxPath,20,11,10%,Ekstazi+dpt,2,0.0,NA,NA
JxPath,20,11,10%,DPT,2,0.0,NA,NA
JxPath,20,11,10%,STARTS,2,0.0,NA,NA
JxPath,20,11,10%,STARTS+FAST-S,2,0.0,NA,NA
JxPath,20,11,10%,STARTS+FAST-P,2,0.9693877551020408,2,0.04081632653061224
JxPath,20,11,10%,STARTS+DPT,2,0.0,NA,NA
JxPath,20,11,10%,Fastazi-S,2,0.0,NA,NA
JxPath,20,11,10%,Fastazi-P,2,0.9897959183673469,1,0.02040816326530612
JxPath,20,11,10%,Random,2,0.0,NA,NA
JxPath,20,11,20%,Ekstazi,5,0.0,NA,NA
JxPath,20,11,20%,FAST,5,0.9693877551020408,2,0.04081632653061224
JxPath,20,11,20%,Ekstazi+dpt,5,0.0,NA,NA
JxPath,20,11,20%,DPT,5,0.0,NA,NA
JxPath,20,11,20%,STARTS,5,0.0,NA,NA
JxPath,20,11,20%,STARTS+FAST-S,5,0.0,NA,NA
JxPath,20,11,20%,STARTS+FAST-P,5,0.9693877551020408,2,0.04081632653061224
JxPath,20,11,20%,STARTS+DPT,5,0.0,NA,NA
JxPath,20,11,20%,Fastazi-S,5,0.9081632653061225,5,0.10204081632653061
JxPath,20,11,20%,Fastazi-P,5,0.9897959183673469,1,0.02040816326530612
JxPath,20,11,20%,Random,5,0.0,NA,NA
JxPath,20,11,25%,Ekstazi,7,0.0,NA,NA
JxPath,20,11,25%,FAST,7,0.9693877551020408,2,0.04081632653061224
JxPath,20,11,25%,Ekstazi+dpt,7,0.0,NA,NA
JxPath,20,11,25%,DPT,7,0.0,NA,NA
JxPath,20,11,25%,STARTS,7,0.0,NA,NA
JxPath,20,11,25%,STARTS+FAST-S,7,0.0,NA,NA
JxPath,20,11,25%,STARTS+FAST-P,7,0.9693877551020408,2,0.04081632653061224
JxPath,20,11,25%,STARTS+DPT,7,0.0,NA,NA
JxPath,20,11,25%,Fastazi-S,7,0.9081632653061225,5,0.10204081632653061
JxPath,20,11,25%,Fastazi-P,7,0.9897959183673469,1,0.02040816326530612
JxPath,20,11,25%,Random,7,0.0,NA,NA
JxPath,20,11,30%,Ekstazi,8,0.0,NA,NA
JxPath,20,11,30%,FAST,8,0.9693877551020408,2,0.04081632653061224
JxPath,20,11,30%,Ekstazi+dpt,8,0.0,NA,NA
JxPath,20,11,30%,DPT,8,0.0,NA,NA
JxPath,20,11,30%,STARTS,8,0.0,NA,NA
JxPath,20,11,30%,STARTS+FAST-S,8,0.0,NA,NA
JxPath,20,11,30%,STARTS+FAST-P,8,0.9693877551020408,2,0.04081632653061224
JxPath,20,11,30%,STARTS+DPT,8,0.0,NA,NA
JxPath,20,11,30%,Fastazi-S,8,0.9081632653061225,5,0.10204081632653061
JxPath,20,11,30%,Fastazi-P,8,0.9897959183673469,1,0.02040816326530612
JxPath,20,11,30%,Random,8,0.0,NA,NA
JxPath,20,11,40%,Ekstazi,11,0.0,NA,NA
JxPath,20,11,40%,FAST,11,0.9693877551020408,2,0.04081632653061224
JxPath,20,11,40%,Ekstazi+dpt,11,0.0,NA,NA
JxPath,20,11,40%,DPT,11,0.0,NA,NA
JxPath,20,11,40%,STARTS,11,0.0,NA,NA
JxPath,20,11,40%,STARTS+FAST-S,11,0.8061224489795918,10,0.20408163265306123
JxPath,20,11,40%,STARTS+FAST-P,11,0.9693877551020408,2,0.04081632653061224
JxPath,20,11,40%,STARTS+DPT,11,0.0,NA,NA
JxPath,20,11,40%,Fastazi-S,11,0.9081632653061225,5,0.10204081632653061
JxPath,20,11,40%,Fastazi-P,11,0.9897959183673469,1,0.02040816326530612
JxPath,20,11,40%,Random,11,0.0,NA,NA
JxPath,20,11,50%,Ekstazi,14,0.0,NA,NA
JxPath,20,11,50%,FAST,14,0.9693877551020408,2,0.04081632653061224
JxPath,20,11,50%,Ekstazi+dpt,14,0.0,NA,NA
JxPath,20,11,50%,DPT,14,0.0,NA,NA
JxPath,20,11,50%,STARTS,14,0.0,NA,NA
JxPath,20,11,50%,STARTS+FAST-S,14,0.8061224489795918,10,0.20408163265306123
JxPath,20,11,50%,STARTS+FAST-P,14,0.9693877551020408,2,0.04081632653061224
JxPath,20,11,50%,STARTS+DPT,14,0.0,NA,NA
JxPath,20,11,50%,Fastazi-S,14,0.9081632653061225,5,0.10204081632653061
JxPath,20,11,50%,Fastazi-P,14,0.9897959183673469,1,0.02040816326530612
JxPath,20,11,50%,Random,14,0.0,NA,NA
JxPath,20,11,60%,Ekstazi,17,0.0,NA,NA
JxPath,20,11,60%,FAST,17,0.9693877551020408,2,0.04081632653061224
JxPath,20,11,60%,Ekstazi+dpt,17,0.0,NA,NA
JxPath,20,11,60%,DPT,17,0.0,NA,NA
JxPath,20,11,60%,STARTS,17,0.0,NA,NA
JxPath,20,11,60%,STARTS+FAST-S,17,0.8061224489795918,10,0.20408163265306123
JxPath,20,11,60%,STARTS+FAST-P,17,0.9693877551020408,2,0.04081632653061224
JxPath,20,11,60%,STARTS+DPT,17,0.0,NA,NA
JxPath,20,11,60%,Fastazi-S,17,0.9081632653061225,5,0.10204081632653061
JxPath,20,11,60%,Fastazi-P,17,0.9897959183673469,1,0.02040816326530612
JxPath,20,11,60%,Random,17,0.0,NA,NA
JxPath,20,11,70%,Ekstazi,20,0.0,NA,NA
JxPath,20,11,70%,FAST,20,0.9693877551020408,2,0.04081632653061224
JxPath,20,11,70%,Ekstazi+dpt,20,0.0,NA,NA
JxPath,20,11,70%,DPT,20,0.0,NA,NA
JxPath,20,11,70%,STARTS,20,0.6224489795918368,19,0.3877551020408163
JxPath,20,11,70%,STARTS+FAST-S,20,0.8061224489795918,10,0.20408163265306123
JxPath,20,11,70%,STARTS+FAST-P,20,0.9693877551020408,2,0.04081632653061224
JxPath,20,11,70%,STARTS+DPT,20,0.0,NA,NA
JxPath,20,11,70%,Fastazi-S,20,0.9081632653061225,5,0.10204081632653061
JxPath,20,11,70%,Fastazi-P,20,0.9897959183673469,1,0.02040816326530612
JxPath,20,11,70%,Random,20,0.0,NA,NA
JxPath,20,11,75%,Ekstazi,21,0.0,NA,NA
JxPath,20,11,75%,FAST,21,0.9693877551020408,2,0.04081632653061224
JxPath,20,11,75%,Ekstazi+dpt,21,0.0,NA,NA
JxPath,20,11,75%,DPT,21,0.0,NA,NA
JxPath,20,11,75%,STARTS,21,0.6224489795918368,19,0.3877551020408163
JxPath,20,11,75%,STARTS+FAST-S,21,0.8061224489795918,10,0.20408163265306123
JxPath,20,11,75%,STARTS+FAST-P,21,0.9693877551020408,2,0.04081632653061224
JxPath,20,11,75%,STARTS+DPT,21,0.0,NA,NA
JxPath,20,11,75%,Fastazi-S,21,0.9081632653061225,5,0.10204081632653061
JxPath,20,11,75%,Fastazi-P,21,0.9897959183673469,1,0.02040816326530612
JxPath,20,11,75%,Random,21,0.0,NA,NA
JxPath,20,11,80%,Ekstazi,23,0.0,NA,NA
JxPath,20,11,80%,FAST,23,0.9693877551020408,2,0.04081632653061224
JxPath,20,11,80%,Ekstazi+dpt,23,0.0,NA,NA
JxPath,20,11,80%,DPT,23,0.0,NA,NA
JxPath,20,11,80%,STARTS,23,0.6224489795918368,19,0.3877551020408163
JxPath,20,11,80%,STARTS+FAST-S,23,0.8061224489795918,10,0.20408163265306123
JxPath,20,11,80%,STARTS+FAST-P,23,0.9693877551020408,2,0.04081632653061224
JxPath,20,11,80%,STARTS+DPT,23,0.0,NA,NA
JxPath,20,11,80%,Fastazi-S,23,0.9081632653061225,5,0.10204081632653061
JxPath,20,11,80%,Fastazi-P,23,0.9897959183673469,1,0.02040816326530612
JxPath,20,11,80%,Random,23,0.0,NA,NA
JxPath,20,11,90%,Ekstazi,26,0.0,NA,NA
JxPath,20,11,90%,FAST,26,0.9693877551020408,2,0.04081632653061224
JxPath,20,11,90%,Ekstazi+dpt,26,0.5,25,0.5102040816326531
JxPath,20,11,90%,DPT,26,0.47959183673469385,26,0.5306122448979592
JxPath,20,11,90%,STARTS,26,0.6224489795918368,19,0.3877551020408163
JxPath,20,11,90%,STARTS+FAST-S,26,0.8061224489795918,10,0.20408163265306123
JxPath,20,11,90%,STARTS+FAST-P,26,0.9693877551020408,2,0.04081632653061224
JxPath,20,11,90%,STARTS+DPT,26,0.5,25,0.5102040816326531
JxPath,20,11,90%,Fastazi-S,26,0.9081632653061225,5,0.10204081632653061
JxPath,20,11,90%,Fastazi-P,26,0.9897959183673469,1,0.02040816326530612
JxPath,20,11,90%,Random,26,0.0,NA,NA
JxPath,20,11,100%,Ekstazi,29,0.41836734693877553,29,0.5918367346938775
JxPath,20,11,100%,FAST,29,0.9693877551020408,2,0.04081632653061224
JxPath,20,11,100%,Ekstazi+dpt,29,0.5,25,0.5102040816326531
JxPath,20,11,100%,DPT,29,0.47959183673469385,26,0.5306122448979592
JxPath,20,11,100%,STARTS,29,0.6224489795918368,19,0.3877551020408163
JxPath,20,11,100%,STARTS+FAST-S,29,0.8061224489795918,10,0.20408163265306123
JxPath,20,11,100%,STARTS+FAST-P,29,0.9693877551020408,2,0.04081632653061224
JxPath,20,11,100%,STARTS+DPT,29,0.5,25,0.5102040816326531
JxPath,20,11,100%,Fastazi-S,29,0.9081632653061225,5,0.10204081632653061
JxPath,20,11,100%,Fastazi-P,29,0.9897959183673469,1,0.02040816326530612
JxPath,20,11,100%,Random,29,0.0,NA,NA
JxPath,20,12,10%,Ekstazi,2,0.0,NA,NA
JxPath,20,12,10%,FAST,2,0.9897959183673469,1,0.02040816326530612
JxPath,20,12,10%,Ekstazi+dpt,2,0.0,NA,NA
JxPath,20,12,10%,DPT,2,0.0,NA,NA
JxPath,20,12,10%,STARTS,2,0.0,NA,NA
JxPath,20,12,10%,STARTS+FAST-S,2,0.9693877551020408,2,0.04081632653061224
JxPath,20,12,10%,STARTS+FAST-P,2,0.0,NA,NA
JxPath,20,12,10%,STARTS+DPT,2,0.0,NA,NA
JxPath,20,12,10%,Fastazi-S,2,0.0,NA,NA
JxPath,20,12,10%,Fastazi-P,2,0.9897959183673469,1,0.02040816326530612
JxPath,20,12,10%,Random,2,0.0,NA,NA
JxPath,20,12,20%,Ekstazi,5,0.9081632653061225,5,0.10204081632653061
JxPath,20,12,20%,FAST,5,0.9897959183673469,1,0.02040816326530612
JxPath,20,12,20%,Ekstazi+dpt,5,0.0,NA,NA
JxPath,20,12,20%,DPT,5,0.0,NA,NA
JxPath,20,12,20%,STARTS,5,0.0,NA,NA
JxPath,20,12,20%,STARTS+FAST-S,5,0.9693877551020408,2,0.04081632653061224
JxPath,20,12,20%,STARTS+FAST-P,5,0.9489795918367347,3,0.061224489795918366
JxPath,20,12,20%,STARTS+DPT,5,0.0,NA,NA
JxPath,20,12,20%,Fastazi-S,5,0.9081632653061225,5,0.10204081632653061
JxPath,20,12,20%,Fastazi-P,5,0.9897959183673469,1,0.02040816326530612
JxPath,20,12,20%,Random,5,0.0,NA,NA
JxPath,20,12,25%,Ekstazi,7,0.9081632653061225,5,0.10204081632653061
JxPath,20,12,25%,FAST,7,0.9897959183673469,1,0.02040816326530612
JxPath,20,12,25%,Ekstazi+dpt,7,0.0,NA,NA
JxPath,20,12,25%,DPT,7,0.0,NA,NA
JxPath,20,12,25%,STARTS,7,0.0,NA,NA
JxPath,20,12,25%,STARTS+FAST-S,7,0.9693877551020408,2,0.04081632653061224
JxPath,20,12,25%,STARTS+FAST-P,7,0.9489795918367347,3,0.061224489795918366
JxPath,20,12,25%,STARTS+DPT,7,0.0,NA,NA
JxPath,20,12,25%,Fastazi-S,7,0.9081632653061225,5,0.10204081632653061
JxPath,20,12,25%,Fastazi-P,7,0.9897959183673469,1,0.02040816326530612
JxPath,20,12,25%,Random,7,0.8877551020408163,6,0.12244897959183673
JxPath,20,12,30%,Ekstazi,8,0.9081632653061225,5,0.10204081632653061
JxPath,20,12,30%,FAST,8,0.9897959183673469,1,0.02040816326530612
JxPath,20,12,30%,Ekstazi+dpt,8,0.0,NA,NA
JxPath,20,12,30%,DPT,8,0.0,NA,NA
JxPath,20,12,30%,STARTS,8,0.0,NA,NA
JxPath,20,12,30%,STARTS+FAST-S,8,0.9693877551020408,2,0.04081632653061224
JxPath,20,12,30%,STARTS+FAST-P,8,0.9489795918367347,3,0.061224489795918366
JxPath,20,12,30%,STARTS+DPT,8,0.0,NA,NA
JxPath,20,12,30%,Fastazi-S,8,0.9081632653061225,5,0.10204081632653061
JxPath,20,12,30%,Fastazi-P,8,0.9897959183673469,1,0.02040816326530612
JxPath,20,12,30%,Random,8,0.8877551020408163,6,0.12244897959183673
JxPath,20,12,40%,Ekstazi,11,0.9081632653061225,5,0.10204081632653061
JxPath,20,12,40%,FAST,11,0.9897959183673469,1,0.02040816326530612
JxPath,20,12,40%,Ekstazi+dpt,11,0.0,NA,NA
JxPath,20,12,40%,DPT,11,0.0,NA,NA
JxPath,20,12,40%,STARTS,11,0.0,NA,NA
JxPath,20,12,40%,STARTS+FAST-S,11,0.9693877551020408,2,0.04081632653061224
JxPath,20,12,40%,STARTS+FAST-P,11,0.9489795918367347,3,0.061224489795918366
JxPath,20,12,40%,STARTS+DPT,11,0.0,NA,NA
JxPath,20,12,40%,Fastazi-S,11,0.9081632653061225,5,0.10204081632653061
JxPath,20,12,40%,Fastazi-P,11,0.9897959183673469,1,0.02040816326530612
JxPath,20,12,40%,Random,11,0.8877551020408163,6,0.12244897959183673
JxPath,20,12,50%,Ekstazi,14,0.9081632653061225,5,0.10204081632653061
JxPath,20,12,50%,FAST,14,0.9897959183673469,1,0.02040816326530612
JxPath,20,12,50%,Ekstazi+dpt,14,0.0,NA,NA
JxPath,20,12,50%,DPT,14,0.0,NA,NA
JxPath,20,12,50%,STARTS,14,0.0,NA,NA
JxPath,20,12,50%,STARTS+FAST-S,14,0.9693877551020408,2,0.04081632653061224
JxPath,20,12,50%,STARTS+FAST-P,14,0.9489795918367347,3,0.061224489795918366
JxPath,20,12,50%,STARTS+DPT,14,0.0,NA,NA
JxPath,20,12,50%,Fastazi-S,14,0.9081632653061225,5,0.10204081632653061
JxPath,20,12,50%,Fastazi-P,14,0.9897959183673469,1,0.02040816326530612
JxPath,20,12,50%,Random,14,0.8877551020408163,6,0.12244897959183673
JxPath,20,12,60%,Ekstazi,17,0.9081632653061225,5,0.10204081632653061
JxPath,20,12,60%,FAST,17,0.9897959183673469,1,0.02040816326530612
JxPath,20,12,60%,Ekstazi+dpt,17,0.0,NA,NA
JxPath,20,12,60%,DPT,17,0.0,NA,NA
JxPath,20,12,60%,STARTS,17,0.0,NA,NA
JxPath,20,12,60%,STARTS+FAST-S,17,0.9693877551020408,2,0.04081632653061224
JxPath,20,12,60%,STARTS+FAST-P,17,0.9489795918367347,3,0.061224489795918366
JxPath,20,12,60%,STARTS+DPT,17,0.0,NA,NA
JxPath,20,12,60%,Fastazi-S,17,0.9081632653061225,5,0.10204081632653061
JxPath,20,12,60%,Fastazi-P,17,0.9897959183673469,1,0.02040816326530612
JxPath,20,12,60%,Random,17,0.8877551020408163,6,0.12244897959183673
JxPath,20,12,70%,Ekstazi,20,0.9081632653061225,5,0.10204081632653061
JxPath,20,12,70%,FAST,20,0.9897959183673469,1,0.02040816326530612
JxPath,20,12,70%,Ekstazi+dpt,20,0.0,NA,NA
JxPath,20,12,70%,DPT,20,0.0,NA,NA
JxPath,20,12,70%,STARTS,20,0.0,NA,NA
JxPath,20,12,70%,STARTS+FAST-S,20,0.9693877551020408,2,0.04081632653061224
JxPath,20,12,70%,STARTS+FAST-P,20,0.9489795918367347,3,0.061224489795918366
JxPath,20,12,70%,STARTS+DPT,20,0.0,NA,NA
JxPath,20,12,70%,Fastazi-S,20,0.9081632653061225,5,0.10204081632653061
JxPath,20,12,70%,Fastazi-P,20,0.9897959183673469,1,0.02040816326530612
JxPath,20,12,70%,Random,20,0.8877551020408163,6,0.12244897959183673
JxPath,20,12,75%,Ekstazi,21,0.9081632653061225,5,0.10204081632653061
JxPath,20,12,75%,FAST,21,0.9897959183673469,1,0.02040816326530612
JxPath,20,12,75%,Ekstazi+dpt,21,0.0,NA,NA
JxPath,20,12,75%,DPT,21,0.0,NA,NA
JxPath,20,12,75%,STARTS,21,0.0,NA,NA
JxPath,20,12,75%,STARTS+FAST-S,21,0.9693877551020408,2,0.04081632653061224
JxPath,20,12,75%,STARTS+FAST-P,21,0.9489795918367347,3,0.061224489795918366
JxPath,20,12,75%,STARTS+DPT,21,0.0,NA,NA
JxPath,20,12,75%,Fastazi-S,21,0.9081632653061225,5,0.10204081632653061
JxPath,20,12,75%,Fastazi-P,21,0.9897959183673469,1,0.02040816326530612
JxPath,20,12,75%,Random,21,0.8877551020408163,6,0.12244897959183673
JxPath,20,12,80%,Ekstazi,23,0.9081632653061225,5,0.10204081632653061
JxPath,20,12,80%,FAST,23,0.9897959183673469,1,0.02040816326530612
JxPath,20,12,80%,Ekstazi+dpt,23,0.0,NA,NA
JxPath,20,12,80%,DPT,23,0.0,NA,NA
JxPath,20,12,80%,STARTS,23,0.5408163265306122,23,0.46938775510204084
JxPath,20,12,80%,STARTS+FAST-S,23,0.9693877551020408,2,0.04081632653061224
JxPath,20,12,80%,STARTS+FAST-P,23,0.9489795918367347,3,0.061224489795918366
JxPath,20,12,80%,STARTS+DPT,23,0.0,NA,NA
JxPath,20,12,80%,Fastazi-S,23,0.9081632653061225,5,0.10204081632653061
JxPath,20,12,80%,Fastazi-P,23,0.9897959183673469,1,0.02040816326530612
JxPath,20,12,80%,Random,23,0.8877551020408163,6,0.12244897959183673
JxPath,20,12,90%,Ekstazi,26,0.9081632653061225,5,0.10204081632653061
JxPath,20,12,90%,FAST,26,0.9897959183673469,1,0.02040816326530612
JxPath,20,12,90%,Ekstazi+dpt,26,0.5,25,0.5102040816326531
JxPath,20,12,90%,DPT,26,0.47959183673469385,26,0.5306122448979592
JxPath,20,12,90%,STARTS,26,0.5408163265306122,23,0.46938775510204084
JxPath,20,12,90%,STARTS+FAST-S,26,0.9693877551020408,2,0.04081632653061224
JxPath,20,12,90%,STARTS+FAST-P,26,0.9489795918367347,3,0.061224489795918366
JxPath,20,12,90%,STARTS+DPT,26,0.5,25,0.5102040816326531
JxPath,20,12,90%,Fastazi-S,26,0.9081632653061225,5,0.10204081632653061
JxPath,20,12,90%,Fastazi-P,26,0.9897959183673469,1,0.02040816326530612
JxPath,20,12,90%,Random,26,0.8877551020408163,6,0.12244897959183673
JxPath,20,12,100%,Ekstazi,29,0.9081632653061225,5,0.10204081632653061
JxPath,20,12,100%,FAST,29,0.9897959183673469,1,0.02040816326530612
JxPath,20,12,100%,Ekstazi+dpt,29,0.5,25,0.5102040816326531
JxPath,20,12,100%,DPT,29,0.47959183673469385,26,0.5306122448979592
JxPath,20,12,100%,STARTS,29,0.5408163265306122,23,0.46938775510204084
JxPath,20,12,100%,STARTS+FAST-S,29,0.9693877551020408,2,0.04081632653061224
JxPath,20,12,100%,STARTS+FAST-P,29,0.9489795918367347,3,0.061224489795918366
JxPath,20,12,100%,STARTS+DPT,29,0.5,25,0.5102040816326531
JxPath,20,12,100%,Fastazi-S,29,0.9081632653061225,5,0.10204081632653061
JxPath,20,12,100%,Fastazi-P,29,0.9897959183673469,1,0.02040816326530612
JxPath,20,12,100%,Random,29,0.8877551020408163,6,0.12244897959183673
JxPath,20,13,10%,Ekstazi,2,0.0,NA,NA
JxPath,20,13,10%,FAST,2,0.0,NA,NA
JxPath,20,13,10%,Ekstazi+dpt,2,0.0,NA,NA
JxPath,20,13,10%,DPT,2,0.0,NA,NA
JxPath,20,13,10%,STARTS,2,0.0,NA,NA
JxPath,20,13,10%,STARTS+FAST-S,2,0.9693877551020408,2,0.04081632653061224
JxPath,20,13,10%,STARTS+FAST-P,2,0.0,NA,NA
JxPath,20,13,10%,STARTS+DPT,2,0.0,NA,NA
JxPath,20,13,10%,Fastazi-S,2,0.0,NA,NA
JxPath,20,13,10%,Fastazi-P,2,0.0,NA,NA
JxPath,20,13,10%,Random,2,0.9693877551020408,2,0.04081632653061224
JxPath,20,13,20%,Ekstazi,5,0.0,NA,NA
JxPath,20,13,20%,FAST,5,0.0,NA,NA
JxPath,20,13,20%,Ekstazi+dpt,5,0.0,NA,NA
JxPath,20,13,20%,DPT,5,0.0,NA,NA
JxPath,20,13,20%,STARTS,5,0.0,NA,NA
JxPath,20,13,20%,STARTS+FAST-S,5,0.9693877551020408,2,0.04081632653061224
JxPath,20,13,20%,STARTS+FAST-P,5,0.9285714285714286,4,0.08163265306122448
JxPath,20,13,20%,STARTS+DPT,5,0.0,NA,NA
JxPath,20,13,20%,Fastazi-S,5,0.9285714285714286,4,0.08163265306122448
JxPath,20,13,20%,Fastazi-P,5,0.9285714285714286,4,0.08163265306122448
JxPath,20,13,20%,Random,5,0.9693877551020408,2,0.04081632653061224
JxPath,20,13,25%,Ekstazi,7,0.0,NA,NA
JxPath,20,13,25%,FAST,7,0.8877551020408163,6,0.12244897959183673
JxPath,20,13,25%,Ekstazi+dpt,7,0.0,NA,NA
JxPath,20,13,25%,DPT,7,0.0,NA,NA
JxPath,20,13,25%,STARTS,7,0.0,NA,NA
JxPath,20,13,25%,STARTS+FAST-S,7,0.9693877551020408,2,0.04081632653061224
JxPath,20,13,25%,STARTS+FAST-P,7,0.9285714285714286,4,0.08163265306122448
JxPath,20,13,25%,STARTS+DPT,7,0.0,NA,NA
JxPath,20,13,25%,Fastazi-S,7,0.9285714285714286,4,0.08163265306122448
JxPath,20,13,25%,Fastazi-P,7,0.9285714285714286,4,0.08163265306122448
JxPath,20,13,25%,Random,7,0.9693877551020408,2,0.04081632653061224
JxPath,20,13,30%,Ekstazi,8,0.0,NA,NA
JxPath,20,13,30%,FAST,8,0.8877551020408163,6,0.12244897959183673
JxPath,20,13,30%,Ekstazi+dpt,8,0.0,NA,NA
JxPath,20,13,30%,DPT,8,0.0,NA,NA
JxPath,20,13,30%,STARTS,8,0.0,NA,NA
JxPath,20,13,30%,STARTS+FAST-S,8,0.9693877551020408,2,0.04081632653061224
JxPath,20,13,30%,STARTS+FAST-P,8,0.9285714285714286,4,0.08163265306122448
JxPath,20,13,30%,STARTS+DPT,8,0.0,NA,NA
JxPath,20,13,30%,Fastazi-S,8,0.9285714285714286,4,0.08163265306122448
JxPath,20,13,30%,Fastazi-P,8,0.9285714285714286,4,0.08163265306122448
JxPath,20,13,30%,Random,8,0.9693877551020408,2,0.04081632653061224
JxPath,20,13,40%,Ekstazi,11,0.0,NA,NA
JxPath,20,13,40%,FAST,11,0.8877551020408163,6,0.12244897959183673
JxPath,20,13,40%,Ekstazi+dpt,11,0.0,NA,NA
JxPath,20,13,40%,DPT,11,0.0,NA,NA
JxPath,20,13,40%,STARTS,11,0.0,NA,NA
JxPath,20,13,40%,STARTS+FAST-S,11,0.9693877551020408,2,0.04081632653061224
JxPath,20,13,40%,STARTS+FAST-P,11,0.9285714285714286,4,0.08163265306122448
JxPath,20,13,40%,STARTS+DPT,11,0.0,NA,NA
JxPath,20,13,40%,Fastazi-S,11,0.9285714285714286,4,0.08163265306122448
JxPath,20,13,40%,Fastazi-P,11,0.9285714285714286,4,0.08163265306122448
JxPath,20,13,40%,Random,11,0.9693877551020408,2,0.04081632653061224
JxPath,20,13,50%,Ekstazi,14,0.0,NA,NA
JxPath,20,13,50%,FAST,14,0.8877551020408163,6,0.12244897959183673
JxPath,20,13,50%,Ekstazi+dpt,14,0.0,NA,NA
JxPath,20,13,50%,DPT,14,0.0,NA,NA
JxPath,20,13,50%,STARTS,14,0.0,NA,NA
JxPath,20,13,50%,STARTS+FAST-S,14,0.9693877551020408,2,0.04081632653061224
JxPath,20,13,50%,STARTS+FAST-P,14,0.9285714285714286,4,0.08163265306122448
JxPath,20,13,50%,STARTS+DPT,14,0.0,NA,NA
JxPath,20,13,50%,Fastazi-S,14,0.9285714285714286,4,0.08163265306122448
JxPath,20,13,50%,Fastazi-P,14,0.9285714285714286,4,0.08163265306122448
JxPath,20,13,50%,Random,14,0.9693877551020408,2,0.04081632653061224
JxPath,20,13,60%,Ekstazi,17,0.0,NA,NA
JxPath,20,13,60%,FAST,17,0.8877551020408163,6,0.12244897959183673
JxPath,20,13,60%,Ekstazi+dpt,17,0.0,NA,NA
JxPath,20,13,60%,DPT,17,0.0,NA,NA
JxPath,20,13,60%,STARTS,17,0.0,NA,NA
JxPath,20,13,60%,STARTS+FAST-S,17,0.9693877551020408,2,0.04081632653061224
JxPath,20,13,60%,STARTS+FAST-P,17,0.9285714285714286,4,0.08163265306122448
JxPath,20,13,60%,STARTS+DPT,17,0.0,NA,NA
JxPath,20,13,60%,Fastazi-S,17,0.9285714285714286,4,0.08163265306122448
JxPath,20,13,60%,Fastazi-P,17,0.9285714285714286,4,0.08163265306122448
JxPath,20,13,60%,Random,17,0.9693877551020408,2,0.04081632653061224
JxPath,20,13,70%,Ekstazi,20,0.0,NA,NA
JxPath,20,13,70%,FAST,20,0.8877551020408163,6,0.12244897959183673
JxPath,20,13,70%,Ekstazi+dpt,20,0.0,NA,NA
JxPath,20,13,70%,DPT,20,0.0,NA,NA
JxPath,20,13,70%,STARTS,20,0.0,NA,NA
JxPath,20,13,70%,STARTS+FAST-S,20,0.9693877551020408,2,0.04081632653061224
JxPath,20,13,70%,STARTS+FAST-P,20,0.9285714285714286,4,0.08163265306122448
JxPath,20,13,70%,STARTS+DPT,20,0.0,NA,NA
JxPath,20,13,70%,Fastazi-S,20,0.9285714285714286,4,0.08163265306122448
JxPath,20,13,70%,Fastazi-P,20,0.9285714285714286,4,0.08163265306122448
JxPath,20,13,70%,Random,20,0.9693877551020408,2,0.04081632653061224
JxPath,20,13,75%,Ekstazi,21,0.0,NA,NA
JxPath,20,13,75%,FAST,21,0.8877551020408163,6,0.12244897959183673
JxPath,20,13,75%,Ekstazi+dpt,21,0.0,NA,NA
JxPath,20,13,75%,DPT,21,0.0,NA,NA
JxPath,20,13,75%,STARTS,21,0.0,NA,NA
JxPath,20,13,75%,STARTS+FAST-S,21,0.9693877551020408,2,0.04081632653061224
JxPath,20,13,75%,STARTS+FAST-P,21,0.9285714285714286,4,0.08163265306122448
JxPath,20,13,75%,STARTS+DPT,21,0.0,NA,NA
JxPath,20,13,75%,Fastazi-S,21,0.9285714285714286,4,0.08163265306122448
JxPath,20,13,75%,Fastazi-P,21,0.9285714285714286,4,0.08163265306122448
JxPath,20,13,75%,Random,21,0.9693877551020408,2,0.04081632653061224
JxPath,20,13,80%,Ekstazi,23,0.0,NA,NA
JxPath,20,13,80%,FAST,23,0.8877551020408163,6,0.12244897959183673
JxPath,20,13,80%,Ekstazi+dpt,23,0.0,NA,NA
JxPath,20,13,80%,DPT,23,0.0,NA,NA
JxPath,20,13,80%,STARTS,23,0.0,NA,NA
JxPath,20,13,80%,STARTS+FAST-S,23,0.9693877551020408,2,0.04081632653061224
JxPath,20,13,80%,STARTS+FAST-P,23,0.9285714285714286,4,0.08163265306122448
JxPath,20,13,80%,STARTS+DPT,23,0.0,NA,NA
JxPath,20,13,80%,Fastazi-S,23,0.9285714285714286,4,0.08163265306122448
JxPath,20,13,80%,Fastazi-P,23,0.9285714285714286,4,0.08163265306122448
JxPath,20,13,80%,Random,23,0.9693877551020408,2,0.04081632653061224
JxPath,20,13,90%,Ekstazi,26,0.47959183673469385,26,0.5306122448979592
JxPath,20,13,90%,FAST,26,0.8877551020408163,6,0.12244897959183673
JxPath,20,13,90%,Ekstazi+dpt,26,0.5,25,0.5102040816326531
JxPath,20,13,90%,DPT,26,0.47959183673469385,26,0.5306122448979592
JxPath,20,13,90%,STARTS,26,0.0,NA,NA
JxPath,20,13,90%,STARTS+FAST-S,26,0.9693877551020408,2,0.04081632653061224
JxPath,20,13,90%,STARTS+FAST-P,26,0.9285714285714286,4,0.08163265306122448
JxPath,20,13,90%,STARTS+DPT,26,0.5,25,0.5102040816326531
JxPath,20,13,90%,Fastazi-S,26,0.9285714285714286,4,0.08163265306122448
JxPath,20,13,90%,Fastazi-P,26,0.9285714285714286,4,0.08163265306122448
JxPath,20,13,90%,Random,26,0.9693877551020408,2,0.04081632653061224
JxPath,20,13,100%,Ekstazi,29,0.47959183673469385,26,0.5306122448979592
JxPath,20,13,100%,FAST,29,0.8877551020408163,6,0.12244897959183673
JxPath,20,13,100%,Ekstazi+dpt,29,0.5,25,0.5102040816326531
JxPath,20,13,100%,DPT,29,0.47959183673469385,26,0.5306122448979592
JxPath,20,13,100%,STARTS,29,0.0,NA,NA
JxPath,20,13,100%,STARTS+FAST-S,29,0.9693877551020408,2,0.04081632653061224
JxPath,20,13,100%,STARTS+FAST-P,29,0.9285714285714286,4,0.08163265306122448
JxPath,20,13,100%,STARTS+DPT,29,0.5,25,0.5102040816326531
JxPath,20,13,100%,Fastazi-S,29,0.9285714285714286,4,0.08163265306122448
JxPath,20,13,100%,Fastazi-P,29,0.9285714285714286,4,0.08163265306122448
JxPath,20,13,100%,Random,29,0.9693877551020408,2,0.04081632653061224
JxPath,20,14,10%,Ekstazi,2,0.0,NA,NA
JxPath,20,14,10%,FAST,2,0.0,NA,NA
JxPath,20,14,10%,Ekstazi+dpt,2,0.0,NA,NA
JxPath,20,14,10%,DPT,2,0.0,NA,NA
JxPath,20,14,10%,STARTS,2,0.0,NA,NA
JxPath,20,14,10%,STARTS+FAST-S,2,0.9693877551020408,2,0.04081632653061224
JxPath,20,14,10%,STARTS+FAST-P,2,0.0,NA,NA
JxPath,20,14,10%,STARTS+DPT,2,0.0,NA,NA
JxPath,20,14,10%,Fastazi-S,2,0.0,NA,NA
JxPath,20,14,10%,Fastazi-P,2,0.0,NA,NA
JxPath,20,14,10%,Random,2,0.0,NA,NA
JxPath,20,14,20%,Ekstazi,5,0.0,NA,NA
JxPath,20,14,20%,FAST,5,0.9081632653061225,5,0.10204081632653061
JxPath,20,14,20%,Ekstazi+dpt,5,0.0,NA,NA
JxPath,20,14,20%,DPT,5,0.0,NA,NA
JxPath,20,14,20%,STARTS,5,0.0,NA,NA
JxPath,20,14,20%,STARTS+FAST-S,5,0.9693877551020408,2,0.04081632653061224
JxPath,20,14,20%,STARTS+FAST-P,5,0.9489795918367347,3,0.061224489795918366
JxPath,20,14,20%,STARTS+DPT,5,0.0,NA,NA
JxPath,20,14,20%,Fastazi-S,5,0.9081632653061225,5,0.10204081632653061
JxPath,20,14,20%,Fastazi-P,5,0.9081632653061225,5,0.10204081632653061
JxPath,20,14,20%,Random,5,0.0,NA,NA
JxPath,20,14,25%,Ekstazi,7,0.0,NA,NA
JxPath,20,14,25%,FAST,7,0.9081632653061225,5,0.10204081632653061
JxPath,20,14,25%,Ekstazi+dpt,7,0.0,NA,NA
JxPath,20,14,25%,DPT,7,0.0,NA,NA
JxPath,20,14,25%,STARTS,7,0.8673469387755103,7,0.14285714285714285
JxPath,20,14,25%,STARTS+FAST-S,7,0.9693877551020408,2,0.04081632653061224
JxPath,20,14,25%,STARTS+FAST-P,7,0.9489795918367347,3,0.061224489795918366
JxPath,20,14,25%,STARTS+DPT,7,0.0,NA,NA
JxPath,20,14,25%,Fastazi-S,7,0.9081632653061225,5,0.10204081632653061
JxPath,20,14,25%,Fastazi-P,7,0.9081632653061225,5,0.10204081632653061
JxPath,20,14,25%,Random,7,0.0,NA,NA
JxPath,20,14,30%,Ekstazi,8,0.0,NA,NA
JxPath,20,14,30%,FAST,8,0.9081632653061225,5,0.10204081632653061
JxPath,20,14,30%,Ekstazi+dpt,8,0.0,NA,NA
JxPath,20,14,30%,DPT,8,0.0,NA,NA
JxPath,20,14,30%,STARTS,8,0.8673469387755103,7,0.14285714285714285
JxPath,20,14,30%,STARTS+FAST-S,8,0.9693877551020408,2,0.04081632653061224
JxPath,20,14,30%,STARTS+FAST-P,8,0.9489795918367347,3,0.061224489795918366
JxPath,20,14,30%,STARTS+DPT,8,0.0,NA,NA
JxPath,20,14,30%,Fastazi-S,8,0.9081632653061225,5,0.10204081632653061
JxPath,20,14,30%,Fastazi-P,8,0.9081632653061225,5,0.10204081632653061
JxPath,20,14,30%,Random,8,0.0,NA,NA
JxPath,20,14,40%,Ekstazi,11,0.0,NA,NA
JxPath,20,14,40%,FAST,11,0.9081632653061225,5,0.10204081632653061
JxPath,20,14,40%,Ekstazi+dpt,11,0.0,NA,NA
JxPath,20,14,40%,DPT,11,0.0,NA,NA
JxPath,20,14,40%,STARTS,11,0.8673469387755103,7,0.14285714285714285
JxPath,20,14,40%,STARTS+FAST-S,11,0.9693877551020408,2,0.04081632653061224
JxPath,20,14,40%,STARTS+FAST-P,11,0.9489795918367347,3,0.061224489795918366
JxPath,20,14,40%,STARTS+DPT,11,0.0,NA,NA
JxPath,20,14,40%,Fastazi-S,11,0.9081632653061225,5,0.10204081632653061
JxPath,20,14,40%,Fastazi-P,11,0.9081632653061225,5,0.10204081632653061
JxPath,20,14,40%,Random,11,0.0,NA,NA
JxPath,20,14,50%,Ekstazi,14,0.0,NA,NA
JxPath,20,14,50%,FAST,14,0.9081632653061225,5,0.10204081632653061
JxPath,20,14,50%,Ekstazi+dpt,14,0.0,NA,NA
JxPath,20,14,50%,DPT,14,0.0,NA,NA
JxPath,20,14,50%,STARTS,14,0.8673469387755103,7,0.14285714285714285
JxPath,20,14,50%,STARTS+FAST-S,14,0.9693877551020408,2,0.04081632653061224
JxPath,20,14,50%,STARTS+FAST-P,14,0.9489795918367347,3,0.061224489795918366
JxPath,20,14,50%,STARTS+DPT,14,0.0,NA,NA
JxPath,20,14,50%,Fastazi-S,14,0.9081632653061225,5,0.10204081632653061
JxPath,20,14,50%,Fastazi-P,14,0.9081632653061225,5,0.10204081632653061
JxPath,20,14,50%,Random,14,0.0,NA,NA
JxPath,20,14,60%,Ekstazi,17,0.0,NA,NA
JxPath,20,14,60%,FAST,17,0.9081632653061225,5,0.10204081632653061
JxPath,20,14,60%,Ekstazi+dpt,17,0.0,NA,NA
JxPath,20,14,60%,DPT,17,0.0,NA,NA
JxPath,20,14,60%,STARTS,17,0.8673469387755103,7,0.14285714285714285
JxPath,20,14,60%,STARTS+FAST-S,17,0.9693877551020408,2,0.04081632653061224
JxPath,20,14,60%,STARTS+FAST-P,17,0.9489795918367347,3,0.061224489795918366
JxPath,20,14,60%,STARTS+DPT,17,0.0,NA,NA
JxPath,20,14,60%,Fastazi-S,17,0.9081632653061225,5,0.10204081632653061
JxPath,20,14,60%,Fastazi-P,17,0.9081632653061225,5,0.10204081632653061
JxPath,20,14,60%,Random,17,0.0,NA,NA
JxPath,20,14,70%,Ekstazi,20,0.0,NA,NA
JxPath,20,14,70%,FAST,20,0.9081632653061225,5,0.10204081632653061
JxPath,20,14,70%,Ekstazi+dpt,20,0.0,NA,NA
JxPath,20,14,70%,DPT,20,0.0,NA,NA
JxPath,20,14,70%,STARTS,20,0.8673469387755103,7,0.14285714285714285
JxPath,20,14,70%,STARTS+FAST-S,20,0.9693877551020408,2,0.04081632653061224
JxPath,20,14,70%,STARTS+FAST-P,20,0.9489795918367347,3,0.061224489795918366
JxPath,20,14,70%,STARTS+DPT,20,0.0,NA,NA
JxPath,20,14,70%,Fastazi-S,20,0.9081632653061225,5,0.10204081632653061
JxPath,20,14,70%,Fastazi-P,20,0.9081632653061225,5,0.10204081632653061
JxPath,20,14,70%,Random,20,0.0,NA,NA
JxPath,20,14,75%,Ekstazi,21,0.0,NA,NA
JxPath,20,14,75%,FAST,21,0.9081632653061225,5,0.10204081632653061
JxPath,20,14,75%,Ekstazi+dpt,21,0.0,NA,NA
JxPath,20,14,75%,DPT,21,0.0,NA,NA
JxPath,20,14,75%,STARTS,21,0.8673469387755103,7,0.14285714285714285
JxPath,20,14,75%,STARTS+FAST-S,21,0.9693877551020408,2,0.04081632653061224
JxPath,20,14,75%,STARTS+FAST-P,21,0.9489795918367347,3,0.061224489795918366
JxPath,20,14,75%,STARTS+DPT,21,0.0,NA,NA
JxPath,20,14,75%,Fastazi-S,21,0.9081632653061225,5,0.10204081632653061
JxPath,20,14,75%,Fastazi-P,21,0.9081632653061225,5,0.10204081632653061
JxPath,20,14,75%,Random,21,0.0,NA,NA
JxPath,20,14,80%,Ekstazi,23,0.0,NA,NA
JxPath,20,14,80%,FAST,23,0.9081632653061225,5,0.10204081632653061
JxPath,20,14,80%,Ekstazi+dpt,23,0.0,NA,NA
JxPath,20,14,80%,DPT,23,0.0,NA,NA
JxPath,20,14,80%,STARTS,23,0.8673469387755103,7,0.14285714285714285
JxPath,20,14,80%,STARTS+FAST-S,23,0.9693877551020408,2,0.04081632653061224
JxPath,20,14,80%,STARTS+FAST-P,23,0.9489795918367347,3,0.061224489795918366
JxPath,20,14,80%,STARTS+DPT,23,0.0,NA,NA
JxPath,20,14,80%,Fastazi-S,23,0.9081632653061225,5,0.10204081632653061
JxPath,20,14,80%,Fastazi-P,23,0.9081632653061225,5,0.10204081632653061
JxPath,20,14,80%,Random,23,0.0,NA,NA
JxPath,20,14,90%,Ekstazi,26,0.47959183673469385,26,0.5306122448979592
JxPath,20,14,90%,FAST,26,0.9081632653061225,5,0.10204081632653061
JxPath,20,14,90%,Ekstazi+dpt,26,0.5,25,0.5102040816326531
JxPath,20,14,90%,DPT,26,0.47959183673469385,26,0.5306122448979592
JxPath,20,14,90%,STARTS,26,0.8673469387755103,7,0.14285714285714285
JxPath,20,14,90%,STARTS+FAST-S,26,0.9693877551020408,2,0.04081632653061224
JxPath,20,14,90%,STARTS+FAST-P,26,0.9489795918367347,3,0.061224489795918366
JxPath,20,14,90%,STARTS+DPT,26,0.5,25,0.5102040816326531
JxPath,20,14,90%,Fastazi-S,26,0.9081632653061225,5,0.10204081632653061
JxPath,20,14,90%,Fastazi-P,26,0.9081632653061225,5,0.10204081632653061
JxPath,20,14,90%,Random,26,0.0,NA,NA
JxPath,20,14,100%,Ekstazi,29,0.47959183673469385,26,0.5306122448979592
JxPath,20,14,100%,FAST,29,0.9081632653061225,5,0.10204081632653061
JxPath,20,14,100%,Ekstazi+dpt,29,0.5,25,0.5102040816326531
JxPath,20,14,100%,DPT,29,0.47959183673469385,26,0.5306122448979592
JxPath,20,14,100%,STARTS,29,0.8673469387755103,7,0.14285714285714285
JxPath,20,14,100%,STARTS+FAST-S,29,0.9693877551020408,2,0.04081632653061224
JxPath,20,14,100%,STARTS+FAST-P,29,0.9489795918367347,3,0.061224489795918366
JxPath,20,14,100%,STARTS+DPT,29,0.5,25,0.5102040816326531
JxPath,20,14,100%,Fastazi-S,29,0.9081632653061225,5,0.10204081632653061
JxPath,20,14,100%,Fastazi-P,29,0.9081632653061225,5,0.10204081632653061
JxPath,20,14,100%,Random,29,0.0,NA,NA
JxPath,20,15,10%,Ekstazi,2,0.0,NA,NA
JxPath,20,15,10%,FAST,2,0.9693877551020408,2,0.04081632653061224
JxPath,20,15,10%,Ekstazi+dpt,2,0.0,NA,NA
JxPath,20,15,10%,DPT,2,0.0,NA,NA
JxPath,20,15,10%,STARTS,2,0.0,NA,NA
JxPath,20,15,10%,STARTS+FAST-S,2,0.0,NA,NA
JxPath,20,15,10%,STARTS+FAST-P,2,0.9693877551020408,2,0.04081632653061224
JxPath,20,15,10%,STARTS+DPT,2,0.0,NA,NA
JxPath,20,15,10%,Fastazi-S,2,0.0,NA,NA
JxPath,20,15,10%,Fastazi-P,2,0.9897959183673469,1,0.02040816326530612
JxPath,20,15,10%,Random,2,0.0,NA,NA
JxPath,20,15,20%,Ekstazi,5,0.9081632653061225,5,0.10204081632653061
JxPath,20,15,20%,FAST,5,0.9693877551020408,2,0.04081632653061224
JxPath,20,15,20%,Ekstazi+dpt,5,0.0,NA,NA
JxPath,20,15,20%,DPT,5,0.0,NA,NA
JxPath,20,15,20%,STARTS,5,0.0,NA,NA
JxPath,20,15,20%,STARTS+FAST-S,5,0.9285714285714286,4,0.08163265306122448
JxPath,20,15,20%,STARTS+FAST-P,5,0.9693877551020408,2,0.04081632653061224
JxPath,20,15,20%,STARTS+DPT,5,0.0,NA,NA
JxPath,20,15,20%,Fastazi-S,5,0.9081632653061225,5,0.10204081632653061
JxPath,20,15,20%,Fastazi-P,5,0.9897959183673469,1,0.02040816326530612
JxPath,20,15,20%,Random,5,0.0,NA,NA
JxPath,20,15,25%,Ekstazi,7,0.9081632653061225,5,0.10204081632653061
JxPath,20,15,25%,FAST,7,0.9693877551020408,2,0.04081632653061224
JxPath,20,15,25%,Ekstazi+dpt,7,0.0,NA,NA
JxPath,20,15,25%,DPT,7,0.0,NA,NA
JxPath,20,15,25%,STARTS,7,0.0,NA,NA
JxPath,20,15,25%,STARTS+FAST-S,7,0.9285714285714286,4,0.08163265306122448
JxPath,20,15,25%,STARTS+FAST-P,7,0.9693877551020408,2,0.04081632653061224
JxPath,20,15,25%,STARTS+DPT,7,0.0,NA,NA
JxPath,20,15,25%,Fastazi-S,7,0.9081632653061225,5,0.10204081632653061
JxPath,20,15,25%,Fastazi-P,7,0.9897959183673469,1,0.02040816326530612
JxPath,20,15,25%,Random,7,0.0,NA,NA
JxPath,20,15,30%,Ekstazi,8,0.9081632653061225,5,0.10204081632653061
JxPath,20,15,30%,FAST,8,0.9693877551020408,2,0.04081632653061224
JxPath,20,15,30%,Ekstazi+dpt,8,0.0,NA,NA
JxPath,20,15,30%,DPT,8,0.0,NA,NA
JxPath,20,15,30%,STARTS,8,0.0,NA,NA
JxPath,20,15,30%,STARTS+FAST-S,8,0.9285714285714286,4,0.08163265306122448
JxPath,20,15,30%,STARTS+FAST-P,8,0.9693877551020408,2,0.04081632653061224
JxPath,20,15,30%,STARTS+DPT,8,0.0,NA,NA
JxPath,20,15,30%,Fastazi-S,8,0.9081632653061225,5,0.10204081632653061
JxPath,20,15,30%,Fastazi-P,8,0.9897959183673469,1,0.02040816326530612
JxPath,20,15,30%,Random,8,0.0,NA,NA
JxPath,20,15,40%,Ekstazi,11,0.9081632653061225,5,0.10204081632653061
JxPath,20,15,40%,FAST,11,0.9693877551020408,2,0.04081632653061224
JxPath,20,15,40%,Ekstazi+dpt,11,0.0,NA,NA
JxPath,20,15,40%,DPT,11,0.0,NA,NA
JxPath,20,15,40%,STARTS,11,0.0,NA,NA
JxPath,20,15,40%,STARTS+FAST-S,11,0.9285714285714286,4,0.08163265306122448
JxPath,20,15,40%,STARTS+FAST-P,11,0.9693877551020408,2,0.04081632653061224
JxPath,20,15,40%,STARTS+DPT,11,0.0,NA,NA
JxPath,20,15,40%,Fastazi-S,11,0.9081632653061225,5,0.10204081632653061
JxPath,20,15,40%,Fastazi-P,11,0.9897959183673469,1,0.02040816326530612
JxPath,20,15,40%,Random,11,0.0,NA,NA
JxPath,20,15,50%,Ekstazi,14,0.9081632653061225,5,0.10204081632653061
JxPath,20,15,50%,FAST,14,0.9693877551020408,2,0.04081632653061224
JxPath,20,15,50%,Ekstazi+dpt,14,0.0,NA,NA
JxPath,20,15,50%,DPT,14,0.0,NA,NA
JxPath,20,15,50%,STARTS,14,0.0,NA,NA
JxPath,20,15,50%,STARTS+FAST-S,14,0.9285714285714286,4,0.08163265306122448
JxPath,20,15,50%,STARTS+FAST-P,14,0.9693877551020408,2,0.04081632653061224
JxPath,20,15,50%,STARTS+DPT,14,0.0,NA,NA
JxPath,20,15,50%,Fastazi-S,14,0.9081632653061225,5,0.10204081632653061
JxPath,20,15,50%,Fastazi-P,14,0.9897959183673469,1,0.02040816326530612
JxPath,20,15,50%,Random,14,0.0,NA,NA
JxPath,20,15,60%,Ekstazi,17,0.9081632653061225,5,0.10204081632653061
JxPath,20,15,60%,FAST,17,0.9693877551020408,2,0.04081632653061224
JxPath,20,15,60%,Ekstazi+dpt,17,0.0,NA,NA
JxPath,20,15,60%,DPT,17,0.0,NA,NA
JxPath,20,15,60%,STARTS,17,0.0,NA,NA
JxPath,20,15,60%,STARTS+FAST-S,17,0.9285714285714286,4,0.08163265306122448
JxPath,20,15,60%,STARTS+FAST-P,17,0.9693877551020408,2,0.04081632653061224
JxPath,20,15,60%,STARTS+DPT,17,0.0,NA,NA
JxPath,20,15,60%,Fastazi-S,17,0.9081632653061225,5,0.10204081632653061
JxPath,20,15,60%,Fastazi-P,17,0.9897959183673469,1,0.02040816326530612
JxPath,20,15,60%,Random,17,0.0,NA,NA
JxPath,20,15,70%,Ekstazi,20,0.9081632653061225,5,0.10204081632653061
JxPath,20,15,70%,FAST,20,0.9693877551020408,2,0.04081632653061224
JxPath,20,15,70%,Ekstazi+dpt,20,0.0,NA,NA
JxPath,20,15,70%,DPT,20,0.0,NA,NA
JxPath,20,15,70%,STARTS,20,0.0,NA,NA
JxPath,20,15,70%,STARTS+FAST-S,20,0.9285714285714286,4,0.08163265306122448
JxPath,20,15,70%,STARTS+FAST-P,20,0.9693877551020408,2,0.04081632653061224
JxPath,20,15,70%,STARTS+DPT,20,0.0,NA,NA
JxPath,20,15,70%,Fastazi-S,20,0.9081632653061225,5,0.10204081632653061
JxPath,20,15,70%,Fastazi-P,20,0.9897959183673469,1,0.02040816326530612
JxPath,20,15,70%,Random,20,0.0,NA,NA
JxPath,20,15,75%,Ekstazi,21,0.9081632653061225,5,0.10204081632653061
JxPath,20,15,75%,FAST,21,0.9693877551020408,2,0.04081632653061224
JxPath,20,15,75%,Ekstazi+dpt,21,0.0,NA,NA
JxPath,20,15,75%,DPT,21,0.0,NA,NA
JxPath,20,15,75%,STARTS,21,0.0,NA,NA
JxPath,20,15,75%,STARTS+FAST-S,21,0.9285714285714286,4,0.08163265306122448
JxPath,20,15,75%,STARTS+FAST-P,21,0.9693877551020408,2,0.04081632653061224
JxPath,20,15,75%,STARTS+DPT,21,0.0,NA,NA
JxPath,20,15,75%,Fastazi-S,21,0.9081632653061225,5,0.10204081632653061
JxPath,20,15,75%,Fastazi-P,21,0.9897959183673469,1,0.02040816326530612
JxPath,20,15,75%,Random,21,0.0,NA,NA
JxPath,20,15,80%,Ekstazi,23,0.9081632653061225,5,0.10204081632653061
JxPath,20,15,80%,FAST,23,0.9693877551020408,2,0.04081632653061224
JxPath,20,15,80%,Ekstazi+dpt,23,0.0,NA,NA
JxPath,20,15,80%,DPT,23,0.0,NA,NA
JxPath,20,15,80%,STARTS,23,0.0,NA,NA
JxPath,20,15,80%,STARTS+FAST-S,23,0.9285714285714286,4,0.08163265306122448
JxPath,20,15,80%,STARTS+FAST-P,23,0.9693877551020408,2,0.04081632653061224
JxPath,20,15,80%,STARTS+DPT,23,0.0,NA,NA
JxPath,20,15,80%,Fastazi-S,23,0.9081632653061225,5,0.10204081632653061
JxPath,20,15,80%,Fastazi-P,23,0.9897959183673469,1,0.02040816326530612
JxPath,20,15,80%,Random,23,0.0,NA,NA
JxPath,20,15,90%,Ekstazi,26,0.9081632653061225,5,0.10204081632653061
JxPath,20,15,90%,FAST,26,0.9693877551020408,2,0.04081632653061224
JxPath,20,15,90%,Ekstazi+dpt,26,0.5,25,0.5102040816326531
JxPath,20,15,90%,DPT,26,0.47959183673469385,26,0.5306122448979592
JxPath,20,15,90%,STARTS,26,0.0,NA,NA
JxPath,20,15,90%,STARTS+FAST-S,26,0.9285714285714286,4,0.08163265306122448
JxPath,20,15,90%,STARTS+FAST-P,26,0.9693877551020408,2,0.04081632653061224
JxPath,20,15,90%,STARTS+DPT,26,0.5,25,0.5102040816326531
JxPath,20,15,90%,Fastazi-S,26,0.9081632653061225,5,0.10204081632653061
JxPath,20,15,90%,Fastazi-P,26,0.9897959183673469,1,0.02040816326530612
JxPath,20,15,90%,Random,26,0.0,NA,NA
JxPath,20,15,100%,Ekstazi,29,0.9081632653061225,5,0.10204081632653061
JxPath,20,15,100%,FAST,29,0.9693877551020408,2,0.04081632653061224
JxPath,20,15,100%,Ekstazi+dpt,29,0.5,25,0.5102040816326531
JxPath,20,15,100%,DPT,29,0.47959183673469385,26,0.5306122448979592
JxPath,20,15,100%,STARTS,29,0.0,NA,NA
JxPath,20,15,100%,STARTS+FAST-S,29,0.9285714285714286,4,0.08163265306122448
JxPath,20,15,100%,STARTS+FAST-P,29,0.9693877551020408,2,0.04081632653061224
JxPath,20,15,100%,STARTS+DPT,29,0.5,25,0.5102040816326531
JxPath,20,15,100%,Fastazi-S,29,0.9081632653061225,5,0.10204081632653061
JxPath,20,15,100%,Fastazi-P,29,0.9897959183673469,1,0.02040816326530612
JxPath,20,15,100%,Random,29,0.0,NA,NA
JxPath,20,16,10%,Ekstazi,2,0.0,NA,NA
JxPath,20,16,10%,FAST,2,0.9693877551020408,2,0.04081632653061224
JxPath,20,16,10%,Ekstazi+dpt,2,0.0,NA,NA
JxPath,20,16,10%,DPT,2,0.0,NA,NA
JxPath,20,16,10%,STARTS,2,0.0,NA,NA
JxPath,20,16,10%,STARTS+FAST-S,2,0.9693877551020408,2,0.04081632653061224
JxPath,20,16,10%,STARTS+FAST-P,2,0.0,NA,NA
JxPath,20,16,10%,STARTS+DPT,2,0.0,NA,NA
JxPath,20,16,10%,Fastazi-S,2,0.0,NA,NA
JxPath,20,16,10%,Fastazi-P,2,0.9897959183673469,1,0.02040816326530612
JxPath,20,16,10%,Random,2,0.0,NA,NA
JxPath,20,16,20%,Ekstazi,5,0.0,NA,NA
JxPath,20,16,20%,FAST,5,0.9693877551020408,2,0.04081632653061224
JxPath,20,16,20%,Ekstazi+dpt,5,0.0,NA,NA
JxPath,20,16,20%,DPT,5,0.0,NA,NA
JxPath,20,16,20%,STARTS,5,0.0,NA,NA
JxPath,20,16,20%,STARTS+FAST-S,5,0.9693877551020408,2,0.04081632653061224
JxPath,20,16,20%,STARTS+FAST-P,5,0.9081632653061225,5,0.10204081632653061
JxPath,20,16,20%,STARTS+DPT,5,0.0,NA,NA
JxPath,20,16,20%,Fastazi-S,5,0.9285714285714286,4,0.08163265306122448
JxPath,20,16,20%,Fastazi-P,5,0.9897959183673469,1,0.02040816326530612
JxPath,20,16,20%,Random,5,0.9081632653061225,5,0.10204081632653061
JxPath,20,16,25%,Ekstazi,7,0.8673469387755103,7,0.14285714285714285
JxPath,20,16,25%,FAST,7,0.9693877551020408,2,0.04081632653061224
JxPath,20,16,25%,Ekstazi+dpt,7,0.0,NA,NA
JxPath,20,16,25%,DPT,7,0.0,NA,NA
JxPath,20,16,25%,STARTS,7,0.0,NA,NA
JxPath,20,16,25%,STARTS+FAST-S,7,0.9693877551020408,2,0.04081632653061224
JxPath,20,16,25%,STARTS+FAST-P,7,0.9081632653061225,5,0.10204081632653061
JxPath,20,16,25%,STARTS+DPT,7,0.0,NA,NA
JxPath,20,16,25%,Fastazi-S,7,0.9285714285714286,4,0.08163265306122448
JxPath,20,16,25%,Fastazi-P,7,0.9897959183673469,1,0.02040816326530612
JxPath,20,16,25%,Random,7,0.9081632653061225,5,0.10204081632653061
JxPath,20,16,30%,Ekstazi,8,0.8673469387755103,7,0.14285714285714285
JxPath,20,16,30%,FAST,8,0.9693877551020408,2,0.04081632653061224
JxPath,20,16,30%,Ekstazi+dpt,8,0.0,NA,NA
JxPath,20,16,30%,DPT,8,0.0,NA,NA
JxPath,20,16,30%,STARTS,8,0.0,NA,NA
JxPath,20,16,30%,STARTS+FAST-S,8,0.9693877551020408,2,0.04081632653061224
JxPath,20,16,30%,STARTS+FAST-P,8,0.9081632653061225,5,0.10204081632653061
JxPath,20,16,30%,STARTS+DPT,8,0.0,NA,NA
JxPath,20,16,30%,Fastazi-S,8,0.9285714285714286,4,0.08163265306122448
JxPath,20,16,30%,Fastazi-P,8,0.9897959183673469,1,0.02040816326530612
JxPath,20,16,30%,Random,8,0.9081632653061225,5,0.10204081632653061
JxPath,20,16,40%,Ekstazi,11,0.8673469387755103,7,0.14285714285714285
JxPath,20,16,40%,FAST,11,0.9693877551020408,2,0.04081632653061224
JxPath,20,16,40%,Ekstazi+dpt,11,0.0,NA,NA
JxPath,20,16,40%,DPT,11,0.0,NA,NA
JxPath,20,16,40%,STARTS,11,0.0,NA,NA
JxPath,20,16,40%,STARTS+FAST-S,11,0.9693877551020408,2,0.04081632653061224
JxPath,20,16,40%,STARTS+FAST-P,11,0.9081632653061225,5,0.10204081632653061
JxPath,20,16,40%,STARTS+DPT,11,0.0,NA,NA
JxPath,20,16,40%,Fastazi-S,11,0.9285714285714286,4,0.08163265306122448
JxPath,20,16,40%,Fastazi-P,11,0.9897959183673469,1,0.02040816326530612
JxPath,20,16,40%,Random,11,0.9081632653061225,5,0.10204081632653061
JxPath,20,16,50%,Ekstazi,14,0.8673469387755103,7,0.14285714285714285
JxPath,20,16,50%,FAST,14,0.9693877551020408,2,0.04081632653061224
JxPath,20,16,50%,Ekstazi+dpt,14,0.0,NA,NA
JxPath,20,16,50%,DPT,14,0.0,NA,NA
JxPath,20,16,50%,STARTS,14,0.0,NA,NA
JxPath,20,16,50%,STARTS+FAST-S,14,0.9693877551020408,2,0.04081632653061224
JxPath,20,16,50%,STARTS+FAST-P,14,0.9081632653061225,5,0.10204081632653061
JxPath,20,16,50%,STARTS+DPT,14,0.0,NA,NA
JxPath,20,16,50%,Fastazi-S,14,0.9285714285714286,4,0.08163265306122448
JxPath,20,16,50%,Fastazi-P,14,0.9897959183673469,1,0.02040816326530612
JxPath,20,16,50%,Random,14,0.9081632653061225,5,0.10204081632653061
JxPath,20,16,60%,Ekstazi,17,0.8673469387755103,7,0.14285714285714285
JxPath,20,16,60%,FAST,17,0.9693877551020408,2,0.04081632653061224
JxPath,20,16,60%,Ekstazi+dpt,17,0.0,NA,NA
JxPath,20,16,60%,DPT,17,0.0,NA,NA
JxPath,20,16,60%,STARTS,17,0.0,NA,NA
JxPath,20,16,60%,STARTS+FAST-S,17,0.9693877551020408,2,0.04081632653061224
JxPath,20,16,60%,STARTS+FAST-P,17,0.9081632653061225,5,0.10204081632653061
JxPath,20,16,60%,STARTS+DPT,17,0.0,NA,NA
JxPath,20,16,60%,Fastazi-S,17,0.9285714285714286,4,0.08163265306122448
JxPath,20,16,60%,Fastazi-P,17,0.9897959183673469,1,0.02040816326530612
JxPath,20,16,60%,Random,17,0.9081632653061225,5,0.10204081632653061
JxPath,20,16,70%,Ekstazi,20,0.8673469387755103,7,0.14285714285714285
JxPath,20,16,70%,FAST,20,0.9693877551020408,2,0.04081632653061224
JxPath,20,16,70%,Ekstazi+dpt,20,0.0,NA,NA
JxPath,20,16,70%,DPT,20,0.0,NA,NA
JxPath,20,16,70%,STARTS,20,0.6428571428571429,18,0.3673469387755102
JxPath,20,16,70%,STARTS+FAST-S,20,0.9693877551020408,2,0.04081632653061224
JxPath,20,16,70%,STARTS+FAST-P,20,0.9081632653061225,5,0.10204081632653061
JxPath,20,16,70%,STARTS+DPT,20,0.0,NA,NA
JxPath,20,16,70%,Fastazi-S,20,0.9285714285714286,4,0.08163265306122448
JxPath,20,16,70%,Fastazi-P,20,0.9897959183673469,1,0.02040816326530612
JxPath,20,16,70%,Random,20,0.9081632653061225,5,0.10204081632653061
JxPath,20,16,75%,Ekstazi,21,0.8673469387755103,7,0.14285714285714285
JxPath,20,16,75%,FAST,21,0.9693877551020408,2,0.04081632653061224
JxPath,20,16,75%,Ekstazi+dpt,21,0.0,NA,NA
JxPath,20,16,75%,DPT,21,0.0,NA,NA
JxPath,20,16,75%,STARTS,21,0.6428571428571429,18,0.3673469387755102
JxPath,20,16,75%,STARTS+FAST-S,21,0.9693877551020408,2,0.04081632653061224
JxPath,20,16,75%,STARTS+FAST-P,21,0.9081632653061225,5,0.10204081632653061
JxPath,20,16,75%,STARTS+DPT,21,0.0,NA,NA
JxPath,20,16,75%,Fastazi-S,21,0.9285714285714286,4,0.08163265306122448
JxPath,20,16,75%,Fastazi-P,21,0.9897959183673469,1,0.02040816326530612
JxPath,20,16,75%,Random,21,0.9081632653061225,5,0.10204081632653061
JxPath,20,16,80%,Ekstazi,23,0.8673469387755103,7,0.14285714285714285
JxPath,20,16,80%,FAST,23,0.9693877551020408,2,0.04081632653061224
JxPath,20,16,80%,Ekstazi+dpt,23,0.0,NA,NA
JxPath,20,16,80%,DPT,23,0.0,NA,NA
JxPath,20,16,80%,STARTS,23,0.6428571428571429,18,0.3673469387755102
JxPath,20,16,80%,STARTS+FAST-S,23,0.9693877551020408,2,0.04081632653061224
JxPath,20,16,80%,STARTS+FAST-P,23,0.9081632653061225,5,0.10204081632653061
JxPath,20,16,80%,STARTS+DPT,23,0.0,NA,NA
JxPath,20,16,80%,Fastazi-S,23,0.9285714285714286,4,0.08163265306122448
JxPath,20,16,80%,Fastazi-P,23,0.9897959183673469,1,0.02040816326530612
JxPath,20,16,80%,Random,23,0.9081632653061225,5,0.10204081632653061
JxPath,20,16,90%,Ekstazi,26,0.8673469387755103,7,0.14285714285714285
JxPath,20,16,90%,FAST,26,0.9693877551020408,2,0.04081632653061224
JxPath,20,16,90%,Ekstazi+dpt,26,0.5,25,0.5102040816326531
JxPath,20,16,90%,DPT,26,0.47959183673469385,26,0.5306122448979592
JxPath,20,16,90%,STARTS,26,0.6428571428571429,18,0.3673469387755102
JxPath,20,16,90%,STARTS+FAST-S,26,0.9693877551020408,2,0.04081632653061224
JxPath,20,16,90%,STARTS+FAST-P,26,0.9081632653061225,5,0.10204081632653061
JxPath,20,16,90%,STARTS+DPT,26,0.5,25,0.5102040816326531
JxPath,20,16,90%,Fastazi-S,26,0.9285714285714286,4,0.08163265306122448
JxPath,20,16,90%,Fastazi-P,26,0.9897959183673469,1,0.02040816326530612
JxPath,20,16,90%,Random,26,0.9081632653061225,5,0.10204081632653061
JxPath,20,16,100%,Ekstazi,29,0.8673469387755103,7,0.14285714285714285
JxPath,20,16,100%,FAST,29,0.9693877551020408,2,0.04081632653061224
JxPath,20,16,100%,Ekstazi+dpt,29,0.5,25,0.5102040816326531
JxPath,20,16,100%,DPT,29,0.47959183673469385,26,0.5306122448979592
JxPath,20,16,100%,STARTS,29,0.6428571428571429,18,0.3673469387755102
JxPath,20,16,100%,STARTS+FAST-S,29,0.9693877551020408,2,0.04081632653061224
JxPath,20,16,100%,STARTS+FAST-P,29,0.9081632653061225,5,0.10204081632653061
JxPath,20,16,100%,STARTS+DPT,29,0.5,25,0.5102040816326531
JxPath,20,16,100%,Fastazi-S,29,0.9285714285714286,4,0.08163265306122448
JxPath,20,16,100%,Fastazi-P,29,0.9897959183673469,1,0.02040816326530612
JxPath,20,16,100%,Random,29,0.9081632653061225,5,0.10204081632653061
JxPath,20,17,10%,Ekstazi,2,0.0,NA,NA
JxPath,20,17,10%,FAST,2,0.9693877551020408,2,0.04081632653061224
JxPath,20,17,10%,Ekstazi+dpt,2,0.0,NA,NA
JxPath,20,17,10%,DPT,2,0.0,NA,NA
JxPath,20,17,10%,STARTS,2,0.9693877551020408,2,0.04081632653061224
JxPath,20,17,10%,STARTS+FAST-S,2,0.0,NA,NA
JxPath,20,17,10%,STARTS+FAST-P,2,0.9693877551020408,2,0.04081632653061224
JxPath,20,17,10%,STARTS+DPT,2,0.0,NA,NA
JxPath,20,17,10%,Fastazi-S,2,0.0,NA,NA
JxPath,20,17,10%,Fastazi-P,2,0.9693877551020408,2,0.04081632653061224
JxPath,20,17,10%,Random,2,0.0,NA,NA
JxPath,20,17,20%,Ekstazi,5,0.0,NA,NA
JxPath,20,17,20%,FAST,5,0.9693877551020408,2,0.04081632653061224
JxPath,20,17,20%,Ekstazi+dpt,5,0.0,NA,NA
JxPath,20,17,20%,DPT,5,0.0,NA,NA
JxPath,20,17,20%,STARTS,5,0.9693877551020408,2,0.04081632653061224
JxPath,20,17,20%,STARTS+FAST-S,5,0.9081632653061225,5,0.10204081632653061
JxPath,20,17,20%,STARTS+FAST-P,5,0.9693877551020408,2,0.04081632653061224
JxPath,20,17,20%,STARTS+DPT,5,0.0,NA,NA
JxPath,20,17,20%,Fastazi-S,5,0.9081632653061225,5,0.10204081632653061
JxPath,20,17,20%,Fastazi-P,5,0.9693877551020408,2,0.04081632653061224
JxPath,20,17,20%,Random,5,0.0,NA,NA
JxPath,20,17,25%,Ekstazi,7,0.0,NA,NA
JxPath,20,17,25%,FAST,7,0.9693877551020408,2,0.04081632653061224
JxPath,20,17,25%,Ekstazi+dpt,7,0.0,NA,NA
JxPath,20,17,25%,DPT,7,0.0,NA,NA
JxPath,20,17,25%,STARTS,7,0.9693877551020408,2,0.04081632653061224
JxPath,20,17,25%,STARTS+FAST-S,7,0.9081632653061225,5,0.10204081632653061
JxPath,20,17,25%,STARTS+FAST-P,7,0.9693877551020408,2,0.04081632653061224
JxPath,20,17,25%,STARTS+DPT,7,0.0,NA,NA
JxPath,20,17,25%,Fastazi-S,7,0.9081632653061225,5,0.10204081632653061
JxPath,20,17,25%,Fastazi-P,7,0.9693877551020408,2,0.04081632653061224
JxPath,20,17,25%,Random,7,0.0,NA,NA
JxPath,20,17,30%,Ekstazi,8,0.0,NA,NA
JxPath,20,17,30%,FAST,8,0.9693877551020408,2,0.04081632653061224
JxPath,20,17,30%,Ekstazi+dpt,8,0.0,NA,NA
JxPath,20,17,30%,DPT,8,0.0,NA,NA
JxPath,20,17,30%,STARTS,8,0.9693877551020408,2,0.04081632653061224
JxPath,20,17,30%,STARTS+FAST-S,8,0.9081632653061225,5,0.10204081632653061
JxPath,20,17,30%,STARTS+FAST-P,8,0.9693877551020408,2,0.04081632653061224
JxPath,20,17,30%,STARTS+DPT,8,0.0,NA,NA
JxPath,20,17,30%,Fastazi-S,8,0.9081632653061225,5,0.10204081632653061
JxPath,20,17,30%,Fastazi-P,8,0.9693877551020408,2,0.04081632653061224
JxPath,20,17,30%,Random,8,0.0,NA,NA
JxPath,20,17,40%,Ekstazi,11,0.0,NA,NA
JxPath,20,17,40%,FAST,11,0.9693877551020408,2,0.04081632653061224
JxPath,20,17,40%,Ekstazi+dpt,11,0.0,NA,NA
JxPath,20,17,40%,DPT,11,0.0,NA,NA
JxPath,20,17,40%,STARTS,11,0.9693877551020408,2,0.04081632653061224
JxPath,20,17,40%,STARTS+FAST-S,11,0.9081632653061225,5,0.10204081632653061
JxPath,20,17,40%,STARTS+FAST-P,11,0.9693877551020408,2,0.04081632653061224
JxPath,20,17,40%,STARTS+DPT,11,0.0,NA,NA
JxPath,20,17,40%,Fastazi-S,11,0.9081632653061225,5,0.10204081632653061
JxPath,20,17,40%,Fastazi-P,11,0.9693877551020408,2,0.04081632653061224
JxPath,20,17,40%,Random,11,0.0,NA,NA
JxPath,20,17,50%,Ekstazi,14,0.0,NA,NA
JxPath,20,17,50%,FAST,14,0.9693877551020408,2,0.04081632653061224
JxPath,20,17,50%,Ekstazi+dpt,14,0.0,NA,NA
JxPath,20,17,50%,DPT,14,0.0,NA,NA
JxPath,20,17,50%,STARTS,14,0.9693877551020408,2,0.04081632653061224
JxPath,20,17,50%,STARTS+FAST-S,14,0.9081632653061225,5,0.10204081632653061
JxPath,20,17,50%,STARTS+FAST-P,14,0.9693877551020408,2,0.04081632653061224
JxPath,20,17,50%,STARTS+DPT,14,0.0,NA,NA
JxPath,20,17,50%,Fastazi-S,14,0.9081632653061225,5,0.10204081632653061
JxPath,20,17,50%,Fastazi-P,14,0.9693877551020408,2,0.04081632653061224
JxPath,20,17,50%,Random,14,0.0,NA,NA
JxPath,20,17,60%,Ekstazi,17,0.7040816326530612,15,0.30612244897959184
JxPath,20,17,60%,FAST,17,0.9693877551020408,2,0.04081632653061224
JxPath,20,17,60%,Ekstazi+dpt,17,0.0,NA,NA
JxPath,20,17,60%,DPT,17,0.0,NA,NA
JxPath,20,17,60%,STARTS,17,0.9693877551020408,2,0.04081632653061224
JxPath,20,17,60%,STARTS+FAST-S,17,0.9081632653061225,5,0.10204081632653061
JxPath,20,17,60%,STARTS+FAST-P,17,0.9693877551020408,2,0.04081632653061224
JxPath,20,17,60%,STARTS+DPT,17,0.0,NA,NA
JxPath,20,17,60%,Fastazi-S,17,0.9081632653061225,5,0.10204081632653061
JxPath,20,17,60%,Fastazi-P,17,0.9693877551020408,2,0.04081632653061224
JxPath,20,17,60%,Random,17,0.0,NA,NA
JxPath,20,17,70%,Ekstazi,20,0.7040816326530612,15,0.30612244897959184
JxPath,20,17,70%,FAST,20,0.9693877551020408,2,0.04081632653061224
JxPath,20,17,70%,Ekstazi+dpt,20,0.0,NA,NA
JxPath,20,17,70%,DPT,20,0.0,NA,NA
JxPath,20,17,70%,STARTS,20,0.9693877551020408,2,0.04081632653061224
JxPath,20,17,70%,STARTS+FAST-S,20,0.9081632653061225,5,0.10204081632653061
JxPath,20,17,70%,STARTS+FAST-P,20,0.9693877551020408,2,0.04081632653061224
JxPath,20,17,70%,STARTS+DPT,20,0.0,NA,NA
JxPath,20,17,70%,Fastazi-S,20,0.9081632653061225,5,0.10204081632653061
JxPath,20,17,70%,Fastazi-P,20,0.9693877551020408,2,0.04081632653061224
JxPath,20,17,70%,Random,20,0.0,NA,NA
JxPath,20,17,75%,Ekstazi,21,0.7040816326530612,15,0.30612244897959184
JxPath,20,17,75%,FAST,21,0.9693877551020408,2,0.04081632653061224
JxPath,20,17,75%,Ekstazi+dpt,21,0.0,NA,NA
JxPath,20,17,75%,DPT,21,0.0,NA,NA
JxPath,20,17,75%,STARTS,21,0.9693877551020408,2,0.04081632653061224
JxPath,20,17,75%,STARTS+FAST-S,21,0.9081632653061225,5,0.10204081632653061
JxPath,20,17,75%,STARTS+FAST-P,21,0.9693877551020408,2,0.04081632653061224
JxPath,20,17,75%,STARTS+DPT,21,0.0,NA,NA
JxPath,20,17,75%,Fastazi-S,21,0.9081632653061225,5,0.10204081632653061
JxPath,20,17,75%,Fastazi-P,21,0.9693877551020408,2,0.04081632653061224
JxPath,20,17,75%,Random,21,0.0,NA,NA
JxPath,20,17,80%,Ekstazi,23,0.7040816326530612,15,0.30612244897959184
JxPath,20,17,80%,FAST,23,0.9693877551020408,2,0.04081632653061224
JxPath,20,17,80%,Ekstazi+dpt,23,0.0,NA,NA
JxPath,20,17,80%,DPT,23,0.0,NA,NA
JxPath,20,17,80%,STARTS,23,0.9693877551020408,2,0.04081632653061224
JxPath,20,17,80%,STARTS+FAST-S,23,0.9081632653061225,5,0.10204081632653061
JxPath,20,17,80%,STARTS+FAST-P,23,0.9693877551020408,2,0.04081632653061224
JxPath,20,17,80%,STARTS+DPT,23,0.0,NA,NA
JxPath,20,17,80%,Fastazi-S,23,0.9081632653061225,5,0.10204081632653061
JxPath,20,17,80%,Fastazi-P,23,0.9693877551020408,2,0.04081632653061224
JxPath,20,17,80%,Random,23,0.0,NA,NA
JxPath,20,17,90%,Ekstazi,26,0.7040816326530612,15,0.30612244897959184
JxPath,20,17,90%,FAST,26,0.9693877551020408,2,0.04081632653061224
JxPath,20,17,90%,Ekstazi+dpt,26,0.5,25,0.5102040816326531
JxPath,20,17,90%,DPT,26,0.47959183673469385,26,0.5306122448979592
JxPath,20,17,90%,STARTS,26,0.9693877551020408,2,0.04081632653061224
JxPath,20,17,90%,STARTS+FAST-S,26,0.9081632653061225,5,0.10204081632653061
JxPath,20,17,90%,STARTS+FAST-P,26,0.9693877551020408,2,0.04081632653061224
JxPath,20,17,90%,STARTS+DPT,26,0.5,25,0.5102040816326531
JxPath,20,17,90%,Fastazi-S,26,0.9081632653061225,5,0.10204081632653061
JxPath,20,17,90%,Fastazi-P,26,0.9693877551020408,2,0.04081632653061224
JxPath,20,17,90%,Random,26,0.0,NA,NA
JxPath,20,17,100%,Ekstazi,29,0.7040816326530612,15,0.30612244897959184
JxPath,20,17,100%,FAST,29,0.9693877551020408,2,0.04081632653061224
JxPath,20,17,100%,Ekstazi+dpt,29,0.5,25,0.5102040816326531
JxPath,20,17,100%,DPT,29,0.47959183673469385,26,0.5306122448979592
JxPath,20,17,100%,STARTS,29,0.9693877551020408,2,0.04081632653061224
JxPath,20,17,100%,STARTS+FAST-S,29,0.9081632653061225,5,0.10204081632653061
JxPath,20,17,100%,STARTS+FAST-P,29,0.9693877551020408,2,0.04081632653061224
JxPath,20,17,100%,STARTS+DPT,29,0.5,25,0.5102040816326531
JxPath,20,17,100%,Fastazi-S,29,0.9081632653061225,5,0.10204081632653061
JxPath,20,17,100%,Fastazi-P,29,0.9693877551020408,2,0.04081632653061224
JxPath,20,17,100%,Random,29,0.0,NA,NA
JxPath,20,18,10%,Ekstazi,2,0.0,NA,NA
JxPath,20,18,10%,FAST,2,0.9693877551020408,2,0.04081632653061224
JxPath,20,18,10%,Ekstazi+dpt,2,0.0,NA,NA
JxPath,20,18,10%,DPT,2,0.0,NA,NA
JxPath,20,18,10%,STARTS,2,0.0,NA,NA
JxPath,20,18,10%,STARTS+FAST-S,2,0.9693877551020408,2,0.04081632653061224
JxPath,20,18,10%,STARTS+FAST-P,2,0.9897959183673469,1,0.02040816326530612
JxPath,20,18,10%,STARTS+DPT,2,0.0,NA,NA
JxPath,20,18,10%,Fastazi-S,2,0.9693877551020408,2,0.04081632653061224
JxPath,20,18,10%,Fastazi-P,2,0.9693877551020408,2,0.04081632653061224
JxPath,20,18,10%,Random,2,0.0,NA,NA
JxPath,20,18,20%,Ekstazi,5,0.0,NA,NA
JxPath,20,18,20%,FAST,5,0.9693877551020408,2,0.04081632653061224
JxPath,20,18,20%,Ekstazi+dpt,5,0.0,NA,NA
JxPath,20,18,20%,DPT,5,0.0,NA,NA
JxPath,20,18,20%,STARTS,5,0.0,NA,NA
JxPath,20,18,20%,STARTS+FAST-S,5,0.9693877551020408,2,0.04081632653061224
JxPath,20,18,20%,STARTS+FAST-P,5,0.9897959183673469,1,0.02040816326530612
JxPath,20,18,20%,STARTS+DPT,5,0.0,NA,NA
JxPath,20,18,20%,Fastazi-S,5,0.9693877551020408,2,0.04081632653061224
JxPath,20,18,20%,Fastazi-P,5,0.9693877551020408,2,0.04081632653061224
JxPath,20,18,20%,Random,5,0.0,NA,NA
JxPath,20,18,25%,Ekstazi,7,0.0,NA,NA
JxPath,20,18,25%,FAST,7,0.9693877551020408,2,0.04081632653061224
JxPath,20,18,25%,Ekstazi+dpt,7,0.0,NA,NA
JxPath,20,18,25%,DPT,7,0.0,NA,NA
JxPath,20,18,25%,STARTS,7,0.0,NA,NA
JxPath,20,18,25%,STARTS+FAST-S,7,0.9693877551020408,2,0.04081632653061224
JxPath,20,18,25%,STARTS+FAST-P,7,0.9897959183673469,1,0.02040816326530612
JxPath,20,18,25%,STARTS+DPT,7,0.0,NA,NA
JxPath,20,18,25%,Fastazi-S,7,0.9693877551020408,2,0.04081632653061224
JxPath,20,18,25%,Fastazi-P,7,0.9693877551020408,2,0.04081632653061224
JxPath,20,18,25%,Random,7,0.0,NA,NA
JxPath,20,18,30%,Ekstazi,8,0.0,NA,NA
JxPath,20,18,30%,FAST,8,0.9693877551020408,2,0.04081632653061224
JxPath,20,18,30%,Ekstazi+dpt,8,0.0,NA,NA
JxPath,20,18,30%,DPT,8,0.0,NA,NA
JxPath,20,18,30%,STARTS,8,0.0,NA,NA
JxPath,20,18,30%,STARTS+FAST-S,8,0.9693877551020408,2,0.04081632653061224
JxPath,20,18,30%,STARTS+FAST-P,8,0.9897959183673469,1,0.02040816326530612
JxPath,20,18,30%,STARTS+DPT,8,0.0,NA,NA
JxPath,20,18,30%,Fastazi-S,8,0.9693877551020408,2,0.04081632653061224
JxPath,20,18,30%,Fastazi-P,8,0.9693877551020408,2,0.04081632653061224
JxPath,20,18,30%,Random,8,0.0,NA,NA
JxPath,20,18,40%,Ekstazi,11,0.0,NA,NA
JxPath,20,18,40%,FAST,11,0.9693877551020408,2,0.04081632653061224
JxPath,20,18,40%,Ekstazi+dpt,11,0.0,NA,NA
JxPath,20,18,40%,DPT,11,0.0,NA,NA
JxPath,20,18,40%,STARTS,11,0.0,NA,NA
JxPath,20,18,40%,STARTS+FAST-S,11,0.9693877551020408,2,0.04081632653061224
JxPath,20,18,40%,STARTS+FAST-P,11,0.9897959183673469,1,0.02040816326530612
JxPath,20,18,40%,STARTS+DPT,11,0.0,NA,NA
JxPath,20,18,40%,Fastazi-S,11,0.9693877551020408,2,0.04081632653061224
JxPath,20,18,40%,Fastazi-P,11,0.9693877551020408,2,0.04081632653061224
JxPath,20,18,40%,Random,11,0.7857142857142857,11,0.22448979591836735
JxPath,20,18,50%,Ekstazi,14,0.0,NA,NA
JxPath,20,18,50%,FAST,14,0.9693877551020408,2,0.04081632653061224
JxPath,20,18,50%,Ekstazi+dpt,14,0.0,NA,NA
JxPath,20,18,50%,DPT,14,0.0,NA,NA
JxPath,20,18,50%,STARTS,14,0.7244897959183674,14,0.2857142857142857
JxPath,20,18,50%,STARTS+FAST-S,14,0.9693877551020408,2,0.04081632653061224
JxPath,20,18,50%,STARTS+FAST-P,14,0.9897959183673469,1,0.02040816326530612
JxPath,20,18,50%,STARTS+DPT,14,0.0,NA,NA
JxPath,20,18,50%,Fastazi-S,14,0.9693877551020408,2,0.04081632653061224
JxPath,20,18,50%,Fastazi-P,14,0.9693877551020408,2,0.04081632653061224
JxPath,20,18,50%,Random,14,0.7857142857142857,11,0.22448979591836735
JxPath,20,18,60%,Ekstazi,17,0.0,NA,NA
JxPath,20,18,60%,FAST,17,0.9693877551020408,2,0.04081632653061224
JxPath,20,18,60%,Ekstazi+dpt,17,0.0,NA,NA
JxPath,20,18,60%,DPT,17,0.0,NA,NA
JxPath,20,18,60%,STARTS,17,0.7244897959183674,14,0.2857142857142857
JxPath,20,18,60%,STARTS+FAST-S,17,0.9693877551020408,2,0.04081632653061224
JxPath,20,18,60%,STARTS+FAST-P,17,0.9897959183673469,1,0.02040816326530612
JxPath,20,18,60%,STARTS+DPT,17,0.0,NA,NA
JxPath,20,18,60%,Fastazi-S,17,0.9693877551020408,2,0.04081632653061224
JxPath,20,18,60%,Fastazi-P,17,0.9693877551020408,2,0.04081632653061224
JxPath,20,18,60%,Random,17,0.7857142857142857,11,0.22448979591836735
JxPath,20,18,70%,Ekstazi,20,0.0,NA,NA
JxPath,20,18,70%,FAST,20,0.9693877551020408,2,0.04081632653061224
JxPath,20,18,70%,Ekstazi+dpt,20,0.0,NA,NA
JxPath,20,18,70%,DPT,20,0.0,NA,NA
JxPath,20,18,70%,STARTS,20,0.7244897959183674,14,0.2857142857142857
JxPath,20,18,70%,STARTS+FAST-S,20,0.9693877551020408,2,0.04081632653061224
JxPath,20,18,70%,STARTS+FAST-P,20,0.9897959183673469,1,0.02040816326530612
JxPath,20,18,70%,STARTS+DPT,20,0.0,NA,NA
JxPath,20,18,70%,Fastazi-S,20,0.9693877551020408,2,0.04081632653061224
JxPath,20,18,70%,Fastazi-P,20,0.9693877551020408,2,0.04081632653061224
JxPath,20,18,70%,Random,20,0.7857142857142857,11,0.22448979591836735
JxPath,20,18,75%,Ekstazi,21,0.0,NA,NA
JxPath,20,18,75%,FAST,21,0.9693877551020408,2,0.04081632653061224
JxPath,20,18,75%,Ekstazi+dpt,21,0.0,NA,NA
JxPath,20,18,75%,DPT,21,0.0,NA,NA
JxPath,20,18,75%,STARTS,21,0.7244897959183674,14,0.2857142857142857
JxPath,20,18,75%,STARTS+FAST-S,21,0.9693877551020408,2,0.04081632653061224
JxPath,20,18,75%,STARTS+FAST-P,21,0.9897959183673469,1,0.02040816326530612
JxPath,20,18,75%,STARTS+DPT,21,0.0,NA,NA
JxPath,20,18,75%,Fastazi-S,21,0.9693877551020408,2,0.04081632653061224
JxPath,20,18,75%,Fastazi-P,21,0.9693877551020408,2,0.04081632653061224
JxPath,20,18,75%,Random,21,0.7857142857142857,11,0.22448979591836735
JxPath,20,18,80%,Ekstazi,23,0.0,NA,NA
JxPath,20,18,80%,FAST,23,0.9693877551020408,2,0.04081632653061224
JxPath,20,18,80%,Ekstazi+dpt,23,0.0,NA,NA
JxPath,20,18,80%,DPT,23,0.0,NA,NA
JxPath,20,18,80%,STARTS,23,0.7244897959183674,14,0.2857142857142857
JxPath,20,18,80%,STARTS+FAST-S,23,0.9693877551020408,2,0.04081632653061224
JxPath,20,18,80%,STARTS+FAST-P,23,0.9897959183673469,1,0.02040816326530612
JxPath,20,18,80%,STARTS+DPT,23,0.0,NA,NA
JxPath,20,18,80%,Fastazi-S,23,0.9693877551020408,2,0.04081632653061224
JxPath,20,18,80%,Fastazi-P,23,0.9693877551020408,2,0.04081632653061224
JxPath,20,18,80%,Random,23,0.7857142857142857,11,0.22448979591836735
JxPath,20,18,90%,Ekstazi,26,0.0,NA,NA
JxPath,20,18,90%,FAST,26,0.9693877551020408,2,0.04081632653061224
JxPath,20,18,90%,Ekstazi+dpt,26,0.5,25,0.5102040816326531
JxPath,20,18,90%,DPT,26,0.47959183673469385,26,0.5306122448979592
JxPath,20,18,90%,STARTS,26,0.7244897959183674,14,0.2857142857142857
JxPath,20,18,90%,STARTS+FAST-S,26,0.9693877551020408,2,0.04081632653061224
JxPath,20,18,90%,STARTS+FAST-P,26,0.9897959183673469,1,0.02040816326530612
JxPath,20,18,90%,STARTS+DPT,26,0.5,25,0.5102040816326531
JxPath,20,18,90%,Fastazi-S,26,0.9693877551020408,2,0.04081632653061224
JxPath,20,18,90%,Fastazi-P,26,0.9693877551020408,2,0.04081632653061224
JxPath,20,18,90%,Random,26,0.7857142857142857,11,0.22448979591836735
JxPath,20,18,100%,Ekstazi,29,0.41836734693877553,29,0.5918367346938775
JxPath,20,18,100%,FAST,29,0.9693877551020408,2,0.04081632653061224
JxPath,20,18,100%,Ekstazi+dpt,29,0.5,25,0.5102040816326531
JxPath,20,18,100%,DPT,29,0.47959183673469385,26,0.5306122448979592
JxPath,20,18,100%,STARTS,29,0.7244897959183674,14,0.2857142857142857
JxPath,20,18,100%,STARTS+FAST-S,29,0.9693877551020408,2,0.04081632653061224
JxPath,20,18,100%,STARTS+FAST-P,29,0.9897959183673469,1,0.02040816326530612
JxPath,20,18,100%,STARTS+DPT,29,0.5,25,0.5102040816326531
JxPath,20,18,100%,Fastazi-S,29,0.9693877551020408,2,0.04081632653061224
JxPath,20,18,100%,Fastazi-P,29,0.9693877551020408,2,0.04081632653061224
JxPath,20,18,100%,Random,29,0.7857142857142857,11,0.22448979591836735
JxPath,20,19,10%,Ekstazi,2,0.0,NA,NA
JxPath,20,19,10%,FAST,2,0.0,NA,NA
JxPath,20,19,10%,Ekstazi+dpt,2,0.0,NA,NA
JxPath,20,19,10%,DPT,2,0.0,NA,NA
JxPath,20,19,10%,STARTS,2,0.0,NA,NA
JxPath,20,19,10%,STARTS+FAST-S,2,0.9693877551020408,2,0.04081632653061224
JxPath,20,19,10%,STARTS+FAST-P,2,0.0,NA,NA
JxPath,20,19,10%,STARTS+DPT,2,0.0,NA,NA
JxPath,20,19,10%,Fastazi-S,2,0.9693877551020408,2,0.04081632653061224
JxPath,20,19,10%,Fastazi-P,2,0.0,NA,NA
JxPath,20,19,10%,Random,2,0.0,NA,NA
JxPath,20,19,20%,Ekstazi,5,0.0,NA,NA
JxPath,20,19,20%,FAST,5,0.9285714285714286,4,0.08163265306122448
JxPath,20,19,20%,Ekstazi+dpt,5,0.0,NA,NA
JxPath,20,19,20%,DPT,5,0.0,NA,NA
JxPath,20,19,20%,STARTS,5,0.0,NA,NA
JxPath,20,19,20%,STARTS+FAST-S,5,0.9693877551020408,2,0.04081632653061224
JxPath,20,19,20%,STARTS+FAST-P,5,0.9285714285714286,4,0.08163265306122448
JxPath,20,19,20%,STARTS+DPT,5,0.0,NA,NA
JxPath,20,19,20%,Fastazi-S,5,0.9693877551020408,2,0.04081632653061224
JxPath,20,19,20%,Fastazi-P,5,0.9285714285714286,4,0.08163265306122448
JxPath,20,19,20%,Random,5,0.0,NA,NA
JxPath,20,19,25%,Ekstazi,7,0.0,NA,NA
JxPath,20,19,25%,FAST,7,0.9285714285714286,4,0.08163265306122448
JxPath,20,19,25%,Ekstazi+dpt,7,0.0,NA,NA
JxPath,20,19,25%,DPT,7,0.0,NA,NA
JxPath,20,19,25%,STARTS,7,0.0,NA,NA
JxPath,20,19,25%,STARTS+FAST-S,7,0.9693877551020408,2,0.04081632653061224
JxPath,20,19,25%,STARTS+FAST-P,7,0.9285714285714286,4,0.08163265306122448
JxPath,20,19,25%,STARTS+DPT,7,0.0,NA,NA
JxPath,20,19,25%,Fastazi-S,7,0.9693877551020408,2,0.04081632653061224
JxPath,20,19,25%,Fastazi-P,7,0.9285714285714286,4,0.08163265306122448
JxPath,20,19,25%,Random,7,0.0,NA,NA
JxPath,20,19,30%,Ekstazi,8,0.0,NA,NA
JxPath,20,19,30%,FAST,8,0.9285714285714286,4,0.08163265306122448
JxPath,20,19,30%,Ekstazi+dpt,8,0.0,NA,NA
JxPath,20,19,30%,DPT,8,0.0,NA,NA
JxPath,20,19,30%,STARTS,8,0.0,NA,NA
JxPath,20,19,30%,STARTS+FAST-S,8,0.9693877551020408,2,0.04081632653061224
JxPath,20,19,30%,STARTS+FAST-P,8,0.9285714285714286,4,0.08163265306122448
JxPath,20,19,30%,STARTS+DPT,8,0.0,NA,NA
JxPath,20,19,30%,Fastazi-S,8,0.9693877551020408,2,0.04081632653061224
JxPath,20,19,30%,Fastazi-P,8,0.9285714285714286,4,0.08163265306122448
JxPath,20,19,30%,Random,8,0.0,NA,NA
JxPath,20,19,40%,Ekstazi,11,0.826530612244898,9,0.1836734693877551
JxPath,20,19,40%,FAST,11,0.9285714285714286,4,0.08163265306122448
JxPath,20,19,40%,Ekstazi+dpt,11,0.0,NA,NA
JxPath,20,19,40%,DPT,11,0.0,NA,NA
JxPath,20,19,40%,STARTS,11,0.0,NA,NA
JxPath,20,19,40%,STARTS+FAST-S,11,0.9693877551020408,2,0.04081632653061224
JxPath,20,19,40%,STARTS+FAST-P,11,0.9285714285714286,4,0.08163265306122448
JxPath,20,19,40%,STARTS+DPT,11,0.0,NA,NA
JxPath,20,19,40%,Fastazi-S,11,0.9693877551020408,2,0.04081632653061224
JxPath,20,19,40%,Fastazi-P,11,0.9285714285714286,4,0.08163265306122448
JxPath,20,19,40%,Random,11,0.826530612244898,9,0.1836734693877551
JxPath,20,19,50%,Ekstazi,14,0.826530612244898,9,0.1836734693877551
JxPath,20,19,50%,FAST,14,0.9285714285714286,4,0.08163265306122448
JxPath,20,19,50%,Ekstazi+dpt,14,0.0,NA,NA
JxPath,20,19,50%,DPT,14,0.0,NA,NA
JxPath,20,19,50%,STARTS,14,0.7448979591836734,13,0.2653061224489796
JxPath,20,19,50%,STARTS+FAST-S,14,0.9693877551020408,2,0.04081632653061224
JxPath,20,19,50%,STARTS+FAST-P,14,0.9285714285714286,4,0.08163265306122448
JxPath,20,19,50%,STARTS+DPT,14,0.0,NA,NA
JxPath,20,19,50%,Fastazi-S,14,0.9693877551020408,2,0.04081632653061224
JxPath,20,19,50%,Fastazi-P,14,0.9285714285714286,4,0.08163265306122448
JxPath,20,19,50%,Random,14,0.826530612244898,9,0.1836734693877551
JxPath,20,19,60%,Ekstazi,17,0.826530612244898,9,0.1836734693877551
JxPath,20,19,60%,FAST,17,0.9285714285714286,4,0.08163265306122448
JxPath,20,19,60%,Ekstazi+dpt,17,0.0,NA,NA
JxPath,20,19,60%,DPT,17,0.0,NA,NA
JxPath,20,19,60%,STARTS,17,0.7448979591836734,13,0.2653061224489796
JxPath,20,19,60%,STARTS+FAST-S,17,0.9693877551020408,2,0.04081632653061224
JxPath,20,19,60%,STARTS+FAST-P,17,0.9285714285714286,4,0.08163265306122448
JxPath,20,19,60%,STARTS+DPT,17,0.0,NA,NA
JxPath,20,19,60%,Fastazi-S,17,0.9693877551020408,2,0.04081632653061224
JxPath,20,19,60%,Fastazi-P,17,0.9285714285714286,4,0.08163265306122448
JxPath,20,19,60%,Random,17,0.826530612244898,9,0.1836734693877551
JxPath,20,19,70%,Ekstazi,20,0.826530612244898,9,0.1836734693877551
JxPath,20,19,70%,FAST,20,0.9285714285714286,4,0.08163265306122448
JxPath,20,19,70%,Ekstazi+dpt,20,0.0,NA,NA
JxPath,20,19,70%,DPT,20,0.0,NA,NA
JxPath,20,19,70%,STARTS,20,0.7448979591836734,13,0.2653061224489796
JxPath,20,19,70%,STARTS+FAST-S,20,0.9693877551020408,2,0.04081632653061224
JxPath,20,19,70%,STARTS+FAST-P,20,0.9285714285714286,4,0.08163265306122448
JxPath,20,19,70%,STARTS+DPT,20,0.0,NA,NA
JxPath,20,19,70%,Fastazi-S,20,0.9693877551020408,2,0.04081632653061224
JxPath,20,19,70%,Fastazi-P,20,0.9285714285714286,4,0.08163265306122448
JxPath,20,19,70%,Random,20,0.826530612244898,9,0.1836734693877551
JxPath,20,19,75%,Ekstazi,21,0.826530612244898,9,0.1836734693877551
JxPath,20,19,75%,FAST,21,0.9285714285714286,4,0.08163265306122448
JxPath,20,19,75%,Ekstazi+dpt,21,0.0,NA,NA
JxPath,20,19,75%,DPT,21,0.0,NA,NA
JxPath,20,19,75%,STARTS,21,0.7448979591836734,13,0.2653061224489796
JxPath,20,19,75%,STARTS+FAST-S,21,0.9693877551020408,2,0.04081632653061224
JxPath,20,19,75%,STARTS+FAST-P,21,0.9285714285714286,4,0.08163265306122448
JxPath,20,19,75%,STARTS+DPT,21,0.0,NA,NA
JxPath,20,19,75%,Fastazi-S,21,0.9693877551020408,2,0.04081632653061224
JxPath,20,19,75%,Fastazi-P,21,0.9285714285714286,4,0.08163265306122448
JxPath,20,19,75%,Random,21,0.826530612244898,9,0.1836734693877551
JxPath,20,19,80%,Ekstazi,23,0.826530612244898,9,0.1836734693877551
JxPath,20,19,80%,FAST,23,0.9285714285714286,4,0.08163265306122448
JxPath,20,19,80%,Ekstazi+dpt,23,0.0,NA,NA
JxPath,20,19,80%,DPT,23,0.0,NA,NA
JxPath,20,19,80%,STARTS,23,0.7448979591836734,13,0.2653061224489796
JxPath,20,19,80%,STARTS+FAST-S,23,0.9693877551020408,2,0.04081632653061224
JxPath,20,19,80%,STARTS+FAST-P,23,0.9285714285714286,4,0.08163265306122448
JxPath,20,19,80%,STARTS+DPT,23,0.0,NA,NA
JxPath,20,19,80%,Fastazi-S,23,0.9693877551020408,2,0.04081632653061224
JxPath,20,19,80%,Fastazi-P,23,0.9285714285714286,4,0.08163265306122448
JxPath,20,19,80%,Random,23,0.826530612244898,9,0.1836734693877551
JxPath,20,19,90%,Ekstazi,26,0.826530612244898,9,0.1836734693877551
JxPath,20,19,90%,FAST,26,0.9285714285714286,4,0.08163265306122448
JxPath,20,19,90%,Ekstazi+dpt,26,0.5,25,0.5102040816326531
JxPath,20,19,90%,DPT,26,0.47959183673469385,26,0.5306122448979592
JxPath,20,19,90%,STARTS,26,0.7448979591836734,13,0.2653061224489796
JxPath,20,19,90%,STARTS+FAST-S,26,0.9693877551020408,2,0.04081632653061224
JxPath,20,19,90%,STARTS+FAST-P,26,0.9285714285714286,4,0.08163265306122448
JxPath,20,19,90%,STARTS+DPT,26,0.5,25,0.5102040816326531
JxPath,20,19,90%,Fastazi-S,26,0.9693877551020408,2,0.04081632653061224
JxPath,20,19,90%,Fastazi-P,26,0.9285714285714286,4,0.08163265306122448
JxPath,20,19,90%,Random,26,0.826530612244898,9,0.1836734693877551
JxPath,20,19,100%,Ekstazi,29,0.826530612244898,9,0.1836734693877551
JxPath,20,19,100%,FAST,29,0.9285714285714286,4,0.08163265306122448
JxPath,20,19,100%,Ekstazi+dpt,29,0.5,25,0.5102040816326531
JxPath,20,19,100%,DPT,29,0.47959183673469385,26,0.5306122448979592
JxPath,20,19,100%,STARTS,29,0.7448979591836734,13,0.2653061224489796
JxPath,20,19,100%,STARTS+FAST-S,29,0.9693877551020408,2,0.04081632653061224
JxPath,20,19,100%,STARTS+FAST-P,29,0.9285714285714286,4,0.08163265306122448
JxPath,20,19,100%,STARTS+DPT,29,0.5,25,0.5102040816326531
JxPath,20,19,100%,Fastazi-S,29,0.9693877551020408,2,0.04081632653061224
JxPath,20,19,100%,Fastazi-P,29,0.9285714285714286,4,0.08163265306122448
JxPath,20,19,100%,Random,29,0.826530612244898,9,0.1836734693877551
JxPath,20,20,10%,Ekstazi,2,0.0,NA,NA
JxPath,20,20,10%,FAST,2,0.9693877551020408,2,0.04081632653061224
JxPath,20,20,10%,Ekstazi+dpt,2,0.0,NA,NA
JxPath,20,20,10%,DPT,2,0.0,NA,NA
JxPath,20,20,10%,STARTS,2,0.0,NA,NA
JxPath,20,20,10%,STARTS+FAST-S,2,0.9693877551020408,2,0.04081632653061224
JxPath,20,20,10%,STARTS+FAST-P,2,0.9897959183673469,1,0.02040816326530612
JxPath,20,20,10%,STARTS+DPT,2,0.0,NA,NA
JxPath,20,20,10%,Fastazi-S,2,0.9693877551020408,2,0.04081632653061224
JxPath,20,20,10%,Fastazi-P,2,0.9693877551020408,2,0.04081632653061224
JxPath,20,20,10%,Random,2,0.0,NA,NA
JxPath,20,20,20%,Ekstazi,5,0.9489795918367347,3,0.061224489795918366
JxPath,20,20,20%,FAST,5,0.9693877551020408,2,0.04081632653061224
JxPath,20,20,20%,Ekstazi+dpt,5,0.0,NA,NA
JxPath,20,20,20%,DPT,5,0.0,NA,NA
JxPath,20,20,20%,STARTS,5,0.9489795918367347,3,0.061224489795918366
JxPath,20,20,20%,STARTS+FAST-S,5,0.9693877551020408,2,0.04081632653061224
JxPath,20,20,20%,STARTS+FAST-P,5,0.9897959183673469,1,0.02040816326530612
JxPath,20,20,20%,STARTS+DPT,5,0.0,NA,NA
JxPath,20,20,20%,Fastazi-S,5,0.9693877551020408,2,0.04081632653061224
JxPath,20,20,20%,Fastazi-P,5,0.9693877551020408,2,0.04081632653061224
JxPath,20,20,20%,Random,5,0.0,NA,NA
JxPath,20,20,25%,Ekstazi,7,0.9489795918367347,3,0.061224489795918366
JxPath,20,20,25%,FAST,7,0.9693877551020408,2,0.04081632653061224
JxPath,20,20,25%,Ekstazi+dpt,7,0.0,NA,NA
JxPath,20,20,25%,DPT,7,0.0,NA,NA
JxPath,20,20,25%,STARTS,7,0.9489795918367347,3,0.061224489795918366
JxPath,20,20,25%,STARTS+FAST-S,7,0.9693877551020408,2,0.04081632653061224
JxPath,20,20,25%,STARTS+FAST-P,7,0.9897959183673469,1,0.02040816326530612
JxPath,20,20,25%,STARTS+DPT,7,0.0,NA,NA
JxPath,20,20,25%,Fastazi-S,7,0.9693877551020408,2,0.04081632653061224
JxPath,20,20,25%,Fastazi-P,7,0.9693877551020408,2,0.04081632653061224
JxPath,20,20,25%,Random,7,0.0,NA,NA
JxPath,20,20,30%,Ekstazi,8,0.9489795918367347,3,0.061224489795918366
JxPath,20,20,30%,FAST,8,0.9693877551020408,2,0.04081632653061224
JxPath,20,20,30%,Ekstazi+dpt,8,0.0,NA,NA
JxPath,20,20,30%,DPT,8,0.0,NA,NA
JxPath,20,20,30%,STARTS,8,0.9489795918367347,3,0.061224489795918366
JxPath,20,20,30%,STARTS+FAST-S,8,0.9693877551020408,2,0.04081632653061224
JxPath,20,20,30%,STARTS+FAST-P,8,0.9897959183673469,1,0.02040816326530612
JxPath,20,20,30%,STARTS+DPT,8,0.0,NA,NA
JxPath,20,20,30%,Fastazi-S,8,0.9693877551020408,2,0.04081632653061224
JxPath,20,20,30%,Fastazi-P,8,0.9693877551020408,2,0.04081632653061224
JxPath,20,20,30%,Random,8,0.0,NA,NA
JxPath,20,20,40%,Ekstazi,11,0.9489795918367347,3,0.061224489795918366
JxPath,20,20,40%,FAST,11,0.9693877551020408,2,0.04081632653061224
JxPath,20,20,40%,Ekstazi+dpt,11,0.0,NA,NA
JxPath,20,20,40%,DPT,11,0.0,NA,NA
JxPath,20,20,40%,STARTS,11,0.9489795918367347,3,0.061224489795918366
JxPath,20,20,40%,STARTS+FAST-S,11,0.9693877551020408,2,0.04081632653061224
JxPath,20,20,40%,STARTS+FAST-P,11,0.9897959183673469,1,0.02040816326530612
JxPath,20,20,40%,STARTS+DPT,11,0.0,NA,NA
JxPath,20,20,40%,Fastazi-S,11,0.9693877551020408,2,0.04081632653061224
JxPath,20,20,40%,Fastazi-P,11,0.9693877551020408,2,0.04081632653061224
JxPath,20,20,40%,Random,11,0.0,NA,NA
JxPath,20,20,50%,Ekstazi,14,0.9489795918367347,3,0.061224489795918366
JxPath,20,20,50%,FAST,14,0.9693877551020408,2,0.04081632653061224
JxPath,20,20,50%,Ekstazi+dpt,14,0.0,NA,NA
JxPath,20,20,50%,DPT,14,0.0,NA,NA
JxPath,20,20,50%,STARTS,14,0.9489795918367347,3,0.061224489795918366
JxPath,20,20,50%,STARTS+FAST-S,14,0.9693877551020408,2,0.04081632653061224
JxPath,20,20,50%,STARTS+FAST-P,14,0.9897959183673469,1,0.02040816326530612
JxPath,20,20,50%,STARTS+DPT,14,0.0,NA,NA
JxPath,20,20,50%,Fastazi-S,14,0.9693877551020408,2,0.04081632653061224
JxPath,20,20,50%,Fastazi-P,14,0.9693877551020408,2,0.04081632653061224
JxPath,20,20,50%,Random,14,0.0,NA,NA
JxPath,20,20,60%,Ekstazi,17,0.9489795918367347,3,0.061224489795918366
JxPath,20,20,60%,FAST,17,0.9693877551020408,2,0.04081632653061224
JxPath,20,20,60%,Ekstazi+dpt,17,0.0,NA,NA
JxPath,20,20,60%,DPT,17,0.0,NA,NA
JxPath,20,20,60%,STARTS,17,0.9489795918367347,3,0.061224489795918366
JxPath,20,20,60%,STARTS+FAST-S,17,0.9693877551020408,2,0.04081632653061224
JxPath,20,20,60%,STARTS+FAST-P,17,0.9897959183673469,1,0.02040816326530612
JxPath,20,20,60%,STARTS+DPT,17,0.0,NA,NA
JxPath,20,20,60%,Fastazi-S,17,0.9693877551020408,2,0.04081632653061224
JxPath,20,20,60%,Fastazi-P,17,0.9693877551020408,2,0.04081632653061224
JxPath,20,20,60%,Random,17,0.7040816326530612,15,0.30612244897959184
JxPath,20,20,70%,Ekstazi,20,0.9489795918367347,3,0.061224489795918366
JxPath,20,20,70%,FAST,20,0.9693877551020408,2,0.04081632653061224
JxPath,20,20,70%,Ekstazi+dpt,20,0.0,NA,NA
JxPath,20,20,70%,DPT,20,0.0,NA,NA
JxPath,20,20,70%,STARTS,20,0.9489795918367347,3,0.061224489795918366
JxPath,20,20,70%,STARTS+FAST-S,20,0.9693877551020408,2,0.04081632653061224
JxPath,20,20,70%,STARTS+FAST-P,20,0.9897959183673469,1,0.02040816326530612
JxPath,20,20,70%,STARTS+DPT,20,0.0,NA,NA
JxPath,20,20,70%,Fastazi-S,20,0.9693877551020408,2,0.04081632653061224
JxPath,20,20,70%,Fastazi-P,20,0.9693877551020408,2,0.04081632653061224
JxPath,20,20,70%,Random,20,0.7040816326530612,15,0.30612244897959184
JxPath,20,20,75%,Ekstazi,21,0.9489795918367347,3,0.061224489795918366
JxPath,20,20,75%,FAST,21,0.9693877551020408,2,0.04081632653061224
JxPath,20,20,75%,Ekstazi+dpt,21,0.0,NA,NA
JxPath,20,20,75%,DPT,21,0.0,NA,NA
JxPath,20,20,75%,STARTS,21,0.9489795918367347,3,0.061224489795918366
JxPath,20,20,75%,STARTS+FAST-S,21,0.9693877551020408,2,0.04081632653061224
JxPath,20,20,75%,STARTS+FAST-P,21,0.9897959183673469,1,0.02040816326530612
JxPath,20,20,75%,STARTS+DPT,21,0.0,NA,NA
JxPath,20,20,75%,Fastazi-S,21,0.9693877551020408,2,0.04081632653061224
JxPath,20,20,75%,Fastazi-P,21,0.9693877551020408,2,0.04081632653061224
JxPath,20,20,75%,Random,21,0.7040816326530612,15,0.30612244897959184
JxPath,20,20,80%,Ekstazi,23,0.9489795918367347,3,0.061224489795918366
JxPath,20,20,80%,FAST,23,0.9693877551020408,2,0.04081632653061224
JxPath,20,20,80%,Ekstazi+dpt,23,0.0,NA,NA
JxPath,20,20,80%,DPT,23,0.0,NA,NA
JxPath,20,20,80%,STARTS,23,0.9489795918367347,3,0.061224489795918366
JxPath,20,20,80%,STARTS+FAST-S,23,0.9693877551020408,2,0.04081632653061224
JxPath,20,20,80%,STARTS+FAST-P,23,0.9897959183673469,1,0.02040816326530612
JxPath,20,20,80%,STARTS+DPT,23,0.0,NA,NA
JxPath,20,20,80%,Fastazi-S,23,0.9693877551020408,2,0.04081632653061224
JxPath,20,20,80%,Fastazi-P,23,0.9693877551020408,2,0.04081632653061224
JxPath,20,20,80%,Random,23,0.7040816326530612,15,0.30612244897959184
JxPath,20,20,90%,Ekstazi,26,0.9489795918367347,3,0.061224489795918366
JxPath,20,20,90%,FAST,26,0.9693877551020408,2,0.04081632653061224
JxPath,20,20,90%,Ekstazi+dpt,26,0.5,25,0.5102040816326531
JxPath,20,20,90%,DPT,26,0.47959183673469385,26,0.5306122448979592
JxPath,20,20,90%,STARTS,26,0.9489795918367347,3,0.061224489795918366
JxPath,20,20,90%,STARTS+FAST-S,26,0.9693877551020408,2,0.04081632653061224
JxPath,20,20,90%,STARTS+FAST-P,26,0.9897959183673469,1,0.02040816326530612
JxPath,20,20,90%,STARTS+DPT,26,0.5,25,0.5102040816326531
JxPath,20,20,90%,Fastazi-S,26,0.9693877551020408,2,0.04081632653061224
JxPath,20,20,90%,Fastazi-P,26,0.9693877551020408,2,0.04081632653061224
JxPath,20,20,90%,Random,26,0.7040816326530612,15,0.30612244897959184
JxPath,20,20,100%,Ekstazi,29,0.9489795918367347,3,0.061224489795918366
JxPath,20,20,100%,FAST,29,0.9693877551020408,2,0.04081632653061224
JxPath,20,20,100%,Ekstazi+dpt,29,0.5,25,0.5102040816326531
JxPath,20,20,100%,DPT,29,0.47959183673469385,26,0.5306122448979592
JxPath,20,20,100%,STARTS,29,0.9489795918367347,3,0.061224489795918366
JxPath,20,20,100%,STARTS+FAST-S,29,0.9693877551020408,2,0.04081632653061224
JxPath,20,20,100%,STARTS+FAST-P,29,0.9897959183673469,1,0.02040816326530612
JxPath,20,20,100%,STARTS+DPT,29,0.5,25,0.5102040816326531
JxPath,20,20,100%,Fastazi-S,29,0.9693877551020408,2,0.04081632653061224
JxPath,20,20,100%,Fastazi-P,29,0.9693877551020408,2,0.04081632653061224
JxPath,20,20,100%,Random,29,0.7040816326530612,15,0.30612244897959184
JxPath,20,21,10%,Ekstazi,2,0.9693877551020408,2,0.04081632653061224
JxPath,20,21,10%,FAST,2,0.9693877551020408,2,0.04081632653061224
JxPath,20,21,10%,Ekstazi+dpt,2,0.0,NA,NA
JxPath,20,21,10%,DPT,2,0.0,NA,NA
JxPath,20,21,10%,STARTS,2,0.0,NA,NA
JxPath,20,21,10%,STARTS+FAST-S,2,0.9693877551020408,2,0.04081632653061224
JxPath,20,21,10%,STARTS+FAST-P,2,0.9693877551020408,2,0.04081632653061224
JxPath,20,21,10%,STARTS+DPT,2,0.0,NA,NA
JxPath,20,21,10%,Fastazi-S,2,0.9693877551020408,2,0.04081632653061224
JxPath,20,21,10%,Fastazi-P,2,0.9693877551020408,2,0.04081632653061224
JxPath,20,21,10%,Random,2,0.0,NA,NA
JxPath,20,21,20%,Ekstazi,5,0.9693877551020408,2,0.04081632653061224
JxPath,20,21,20%,FAST,5,0.9693877551020408,2,0.04081632653061224
JxPath,20,21,20%,Ekstazi+dpt,5,0.0,NA,NA
JxPath,20,21,20%,DPT,5,0.0,NA,NA
JxPath,20,21,20%,STARTS,5,0.9285714285714286,4,0.08163265306122448
JxPath,20,21,20%,STARTS+FAST-S,5,0.9693877551020408,2,0.04081632653061224
JxPath,20,21,20%,STARTS+FAST-P,5,0.9693877551020408,2,0.04081632653061224
JxPath,20,21,20%,STARTS+DPT,5,0.0,NA,NA
JxPath,20,21,20%,Fastazi-S,5,0.9693877551020408,2,0.04081632653061224
JxPath,20,21,20%,Fastazi-P,5,0.9693877551020408,2,0.04081632653061224
JxPath,20,21,20%,Random,5,0.0,NA,NA
JxPath,20,21,25%,Ekstazi,7,0.9693877551020408,2,0.04081632653061224
JxPath,20,21,25%,FAST,7,0.9693877551020408,2,0.04081632653061224
JxPath,20,21,25%,Ekstazi+dpt,7,0.0,NA,NA
JxPath,20,21,25%,DPT,7,0.0,NA,NA
JxPath,20,21,25%,STARTS,7,0.9285714285714286,4,0.08163265306122448
JxPath,20,21,25%,STARTS+FAST-S,7,0.9693877551020408,2,0.04081632653061224
JxPath,20,21,25%,STARTS+FAST-P,7,0.9693877551020408,2,0.04081632653061224
JxPath,20,21,25%,STARTS+DPT,7,0.0,NA,NA
JxPath,20,21,25%,Fastazi-S,7,0.9693877551020408,2,0.04081632653061224
JxPath,20,21,25%,Fastazi-P,7,0.9693877551020408,2,0.04081632653061224
JxPath,20,21,25%,Random,7,0.0,NA,NA
JxPath,20,21,30%,Ekstazi,8,0.9693877551020408,2,0.04081632653061224
JxPath,20,21,30%,FAST,8,0.9693877551020408,2,0.04081632653061224
JxPath,20,21,30%,Ekstazi+dpt,8,0.0,NA,NA
JxPath,20,21,30%,DPT,8,0.0,NA,NA
JxPath,20,21,30%,STARTS,8,0.9285714285714286,4,0.08163265306122448
JxPath,20,21,30%,STARTS+FAST-S,8,0.9693877551020408,2,0.04081632653061224
JxPath,20,21,30%,STARTS+FAST-P,8,0.9693877551020408,2,0.04081632653061224
JxPath,20,21,30%,STARTS+DPT,8,0.0,NA,NA
JxPath,20,21,30%,Fastazi-S,8,0.9693877551020408,2,0.04081632653061224
JxPath,20,21,30%,Fastazi-P,8,0.9693877551020408,2,0.04081632653061224
JxPath,20,21,30%,Random,8,0.0,NA,NA
JxPath,20,21,40%,Ekstazi,11,0.9693877551020408,2,0.04081632653061224
JxPath,20,21,40%,FAST,11,0.9693877551020408,2,0.04081632653061224
JxPath,20,21,40%,Ekstazi+dpt,11,0.0,NA,NA
JxPath,20,21,40%,DPT,11,0.0,NA,NA
JxPath,20,21,40%,STARTS,11,0.9285714285714286,4,0.08163265306122448
JxPath,20,21,40%,STARTS+FAST-S,11,0.9693877551020408,2,0.04081632653061224
JxPath,20,21,40%,STARTS+FAST-P,11,0.9693877551020408,2,0.04081632653061224
JxPath,20,21,40%,STARTS+DPT,11,0.0,NA,NA
JxPath,20,21,40%,Fastazi-S,11,0.9693877551020408,2,0.04081632653061224
JxPath,20,21,40%,Fastazi-P,11,0.9693877551020408,2,0.04081632653061224
JxPath,20,21,40%,Random,11,0.0,NA,NA
JxPath,20,21,50%,Ekstazi,14,0.9693877551020408,2,0.04081632653061224
JxPath,20,21,50%,FAST,14,0.9693877551020408,2,0.04081632653061224
JxPath,20,21,50%,Ekstazi+dpt,14,0.0,NA,NA
JxPath,20,21,50%,DPT,14,0.0,NA,NA
JxPath,20,21,50%,STARTS,14,0.9285714285714286,4,0.08163265306122448
JxPath,20,21,50%,STARTS+FAST-S,14,0.9693877551020408,2,0.04081632653061224
JxPath,20,21,50%,STARTS+FAST-P,14,0.9693877551020408,2,0.04081632653061224
JxPath,20,21,50%,STARTS+DPT,14,0.0,NA,NA
JxPath,20,21,50%,Fastazi-S,14,0.9693877551020408,2,0.04081632653061224
JxPath,20,21,50%,Fastazi-P,14,0.9693877551020408,2,0.04081632653061224
JxPath,20,21,50%,Random,14,0.0,NA,NA
JxPath,20,21,60%,Ekstazi,17,0.9693877551020408,2,0.04081632653061224
JxPath,20,21,60%,FAST,17,0.9693877551020408,2,0.04081632653061224
JxPath,20,21,60%,Ekstazi+dpt,17,0.0,NA,NA
JxPath,20,21,60%,DPT,17,0.0,NA,NA
JxPath,20,21,60%,STARTS,17,0.9285714285714286,4,0.08163265306122448
JxPath,20,21,60%,STARTS+FAST-S,17,0.9693877551020408,2,0.04081632653061224
JxPath,20,21,60%,STARTS+FAST-P,17,0.9693877551020408,2,0.04081632653061224
JxPath,20,21,60%,STARTS+DPT,17,0.0,NA,NA
JxPath,20,21,60%,Fastazi-S,17,0.9693877551020408,2,0.04081632653061224
JxPath,20,21,60%,Fastazi-P,17,0.9693877551020408,2,0.04081632653061224
JxPath,20,21,60%,Random,17,0.0,NA,NA
JxPath,20,21,70%,Ekstazi,20,0.9693877551020408,2,0.04081632653061224
JxPath,20,21,70%,FAST,20,0.9693877551020408,2,0.04081632653061224
JxPath,20,21,70%,Ekstazi+dpt,20,0.0,NA,NA
JxPath,20,21,70%,DPT,20,0.0,NA,NA
JxPath,20,21,70%,STARTS,20,0.9285714285714286,4,0.08163265306122448
JxPath,20,21,70%,STARTS+FAST-S,20,0.9693877551020408,2,0.04081632653061224
JxPath,20,21,70%,STARTS+FAST-P,20,0.9693877551020408,2,0.04081632653061224
JxPath,20,21,70%,STARTS+DPT,20,0.0,NA,NA
JxPath,20,21,70%,Fastazi-S,20,0.9693877551020408,2,0.04081632653061224
JxPath,20,21,70%,Fastazi-P,20,0.9693877551020408,2,0.04081632653061224
JxPath,20,21,70%,Random,20,0.6428571428571429,18,0.3673469387755102
JxPath,20,21,75%,Ekstazi,21,0.9693877551020408,2,0.04081632653061224
JxPath,20,21,75%,FAST,21,0.9693877551020408,2,0.04081632653061224
JxPath,20,21,75%,Ekstazi+dpt,21,0.0,NA,NA
JxPath,20,21,75%,DPT,21,0.0,NA,NA
JxPath,20,21,75%,STARTS,21,0.9285714285714286,4,0.08163265306122448
JxPath,20,21,75%,STARTS+FAST-S,21,0.9693877551020408,2,0.04081632653061224
JxPath,20,21,75%,STARTS+FAST-P,21,0.9693877551020408,2,0.04081632653061224
JxPath,20,21,75%,STARTS+DPT,21,0.0,NA,NA
JxPath,20,21,75%,Fastazi-S,21,0.9693877551020408,2,0.04081632653061224
JxPath,20,21,75%,Fastazi-P,21,0.9693877551020408,2,0.04081632653061224
JxPath,20,21,75%,Random,21,0.6428571428571429,18,0.3673469387755102
JxPath,20,21,80%,Ekstazi,23,0.9693877551020408,2,0.04081632653061224
JxPath,20,21,80%,FAST,23,0.9693877551020408,2,0.04081632653061224
JxPath,20,21,80%,Ekstazi+dpt,23,0.0,NA,NA
JxPath,20,21,80%,DPT,23,0.0,NA,NA
JxPath,20,21,80%,STARTS,23,0.9285714285714286,4,0.08163265306122448
JxPath,20,21,80%,STARTS+FAST-S,23,0.9693877551020408,2,0.04081632653061224
JxPath,20,21,80%,STARTS+FAST-P,23,0.9693877551020408,2,0.04081632653061224
JxPath,20,21,80%,STARTS+DPT,23,0.0,NA,NA
JxPath,20,21,80%,Fastazi-S,23,0.9693877551020408,2,0.04081632653061224
JxPath,20,21,80%,Fastazi-P,23,0.9693877551020408,2,0.04081632653061224
JxPath,20,21,80%,Random,23,0.6428571428571429,18,0.3673469387755102
JxPath,20,21,90%,Ekstazi,26,0.9693877551020408,2,0.04081632653061224
JxPath,20,21,90%,FAST,26,0.9693877551020408,2,0.04081632653061224
JxPath,20,21,90%,Ekstazi+dpt,26,0.5,25,0.5102040816326531
JxPath,20,21,90%,DPT,26,0.47959183673469385,26,0.5306122448979592
JxPath,20,21,90%,STARTS,26,0.9285714285714286,4,0.08163265306122448
JxPath,20,21,90%,STARTS+FAST-S,26,0.9693877551020408,2,0.04081632653061224
JxPath,20,21,90%,STARTS+FAST-P,26,0.9693877551020408,2,0.04081632653061224
JxPath,20,21,90%,STARTS+DPT,26,0.5,25,0.5102040816326531
JxPath,20,21,90%,Fastazi-S,26,0.9693877551020408,2,0.04081632653061224
JxPath,20,21,90%,Fastazi-P,26,0.9693877551020408,2,0.04081632653061224
JxPath,20,21,90%,Random,26,0.6428571428571429,18,0.3673469387755102
JxPath,20,21,100%,Ekstazi,29,0.9693877551020408,2,0.04081632653061224
JxPath,20,21,100%,FAST,29,0.9693877551020408,2,0.04081632653061224
JxPath,20,21,100%,Ekstazi+dpt,29,0.5,25,0.5102040816326531
JxPath,20,21,100%,DPT,29,0.47959183673469385,26,0.5306122448979592
JxPath,20,21,100%,STARTS,29,0.9285714285714286,4,0.08163265306122448
JxPath,20,21,100%,STARTS+FAST-S,29,0.9693877551020408,2,0.04081632653061224
JxPath,20,21,100%,STARTS+FAST-P,29,0.9693877551020408,2,0.04081632653061224
JxPath,20,21,100%,STARTS+DPT,29,0.5,25,0.5102040816326531
JxPath,20,21,100%,Fastazi-S,29,0.9693877551020408,2,0.04081632653061224
JxPath,20,21,100%,Fastazi-P,29,0.9693877551020408,2,0.04081632653061224
JxPath,20,21,100%,Random,29,0.6428571428571429,18,0.3673469387755102
JxPath,20,22,10%,Ekstazi,2,0.0,NA,NA
JxPath,20,22,10%,FAST,2,0.9693877551020408,2,0.04081632653061224
JxPath,20,22,10%,Ekstazi+dpt,2,0.0,NA,NA
JxPath,20,22,10%,DPT,2,0.0,NA,NA
JxPath,20,22,10%,STARTS,2,0.0,NA,NA
JxPath,20,22,10%,STARTS+FAST-S,2,0.9693877551020408,2,0.04081632653061224
JxPath,20,22,10%,STARTS+FAST-P,2,0.9897959183673469,1,0.02040816326530612
JxPath,20,22,10%,STARTS+DPT,2,0.0,NA,NA
JxPath,20,22,10%,Fastazi-S,2,0.0,NA,NA
JxPath,20,22,10%,Fastazi-P,2,0.9693877551020408,2,0.04081632653061224
JxPath,20,22,10%,Random,2,0.0,NA,NA
JxPath,20,22,20%,Ekstazi,5,0.0,NA,NA
JxPath,20,22,20%,FAST,5,0.9693877551020408,2,0.04081632653061224
JxPath,20,22,20%,Ekstazi+dpt,5,0.0,NA,NA
JxPath,20,22,20%,DPT,5,0.0,NA,NA
JxPath,20,22,20%,STARTS,5,0.9285714285714286,4,0.08163265306122448
JxPath,20,22,20%,STARTS+FAST-S,5,0.9693877551020408,2,0.04081632653061224
JxPath,20,22,20%,STARTS+FAST-P,5,0.9897959183673469,1,0.02040816326530612
JxPath,20,22,20%,STARTS+DPT,5,0.0,NA,NA
JxPath,20,22,20%,Fastazi-S,5,0.9081632653061225,5,0.10204081632653061
JxPath,20,22,20%,Fastazi-P,5,0.9693877551020408,2,0.04081632653061224
JxPath,20,22,20%,Random,5,0.0,NA,NA
JxPath,20,22,25%,Ekstazi,7,0.0,NA,NA
JxPath,20,22,25%,FAST,7,0.9693877551020408,2,0.04081632653061224
JxPath,20,22,25%,Ekstazi+dpt,7,0.0,NA,NA
JxPath,20,22,25%,DPT,7,0.0,NA,NA
JxPath,20,22,25%,STARTS,7,0.9285714285714286,4,0.08163265306122448
JxPath,20,22,25%,STARTS+FAST-S,7,0.9693877551020408,2,0.04081632653061224
JxPath,20,22,25%,STARTS+FAST-P,7,0.9897959183673469,1,0.02040816326530612
JxPath,20,22,25%,STARTS+DPT,7,0.0,NA,NA
JxPath,20,22,25%,Fastazi-S,7,0.9081632653061225,5,0.10204081632653061
JxPath,20,22,25%,Fastazi-P,7,0.9693877551020408,2,0.04081632653061224
JxPath,20,22,25%,Random,7,0.0,NA,NA
JxPath,20,22,30%,Ekstazi,8,0.0,NA,NA
JxPath,20,22,30%,FAST,8,0.9693877551020408,2,0.04081632653061224
JxPath,20,22,30%,Ekstazi+dpt,8,0.0,NA,NA
JxPath,20,22,30%,DPT,8,0.0,NA,NA
JxPath,20,22,30%,STARTS,8,0.9285714285714286,4,0.08163265306122448
JxPath,20,22,30%,STARTS+FAST-S,8,0.9693877551020408,2,0.04081632653061224
JxPath,20,22,30%,STARTS+FAST-P,8,0.9897959183673469,1,0.02040816326530612
JxPath,20,22,30%,STARTS+DPT,8,0.0,NA,NA
JxPath,20,22,30%,Fastazi-S,8,0.9081632653061225,5,0.10204081632653061
JxPath,20,22,30%,Fastazi-P,8,0.9693877551020408,2,0.04081632653061224
JxPath,20,22,30%,Random,8,0.0,NA,NA
JxPath,20,22,40%,Ekstazi,11,0.0,NA,NA
JxPath,20,22,40%,FAST,11,0.9693877551020408,2,0.04081632653061224
JxPath,20,22,40%,Ekstazi+dpt,11,0.0,NA,NA
JxPath,20,22,40%,DPT,11,0.0,NA,NA
JxPath,20,22,40%,STARTS,11,0.9285714285714286,4,0.08163265306122448
JxPath,20,22,40%,STARTS+FAST-S,11,0.9693877551020408,2,0.04081632653061224
JxPath,20,22,40%,STARTS+FAST-P,11,0.9897959183673469,1,0.02040816326530612
JxPath,20,22,40%,STARTS+DPT,11,0.0,NA,NA
JxPath,20,22,40%,Fastazi-S,11,0.9081632653061225,5,0.10204081632653061
JxPath,20,22,40%,Fastazi-P,11,0.9693877551020408,2,0.04081632653061224
JxPath,20,22,40%,Random,11,0.0,NA,NA
JxPath,20,22,50%,Ekstazi,14,0.0,NA,NA
JxPath,20,22,50%,FAST,14,0.9693877551020408,2,0.04081632653061224
JxPath,20,22,50%,Ekstazi+dpt,14,0.0,NA,NA
JxPath,20,22,50%,DPT,14,0.0,NA,NA
JxPath,20,22,50%,STARTS,14,0.9285714285714286,4,0.08163265306122448
JxPath,20,22,50%,STARTS+FAST-S,14,0.9693877551020408,2,0.04081632653061224
JxPath,20,22,50%,STARTS+FAST-P,14,0.9897959183673469,1,0.02040816326530612
JxPath,20,22,50%,STARTS+DPT,14,0.0,NA,NA
JxPath,20,22,50%,Fastazi-S,14,0.9081632653061225,5,0.10204081632653061
JxPath,20,22,50%,Fastazi-P,14,0.9693877551020408,2,0.04081632653061224
JxPath,20,22,50%,Random,14,0.0,NA,NA
JxPath,20,22,60%,Ekstazi,17,0.0,NA,NA
JxPath,20,22,60%,FAST,17,0.9693877551020408,2,0.04081632653061224
JxPath,20,22,60%,Ekstazi+dpt,17,0.0,NA,NA
JxPath,20,22,60%,DPT,17,0.0,NA,NA
JxPath,20,22,60%,STARTS,17,0.9285714285714286,4,0.08163265306122448
JxPath,20,22,60%,STARTS+FAST-S,17,0.9693877551020408,2,0.04081632653061224
JxPath,20,22,60%,STARTS+FAST-P,17,0.9897959183673469,1,0.02040816326530612
JxPath,20,22,60%,STARTS+DPT,17,0.0,NA,NA
JxPath,20,22,60%,Fastazi-S,17,0.9081632653061225,5,0.10204081632653061
JxPath,20,22,60%,Fastazi-P,17,0.9693877551020408,2,0.04081632653061224
JxPath,20,22,60%,Random,17,0.0,NA,NA
JxPath,20,22,70%,Ekstazi,20,0.6428571428571429,18,0.3673469387755102
JxPath,20,22,70%,FAST,20,0.9693877551020408,2,0.04081632653061224
JxPath,20,22,70%,Ekstazi+dpt,20,0.0,NA,NA
JxPath,20,22,70%,DPT,20,0.0,NA,NA
JxPath,20,22,70%,STARTS,20,0.9285714285714286,4,0.08163265306122448
JxPath,20,22,70%,STARTS+FAST-S,20,0.9693877551020408,2,0.04081632653061224
JxPath,20,22,70%,STARTS+FAST-P,20,0.9897959183673469,1,0.02040816326530612
JxPath,20,22,70%,STARTS+DPT,20,0.0,NA,NA
JxPath,20,22,70%,Fastazi-S,20,0.9081632653061225,5,0.10204081632653061
JxPath,20,22,70%,Fastazi-P,20,0.9693877551020408,2,0.04081632653061224
JxPath,20,22,70%,Random,20,0.0,NA,NA
JxPath,20,22,75%,Ekstazi,21,0.6428571428571429,18,0.3673469387755102
JxPath,20,22,75%,FAST,21,0.9693877551020408,2,0.04081632653061224
JxPath,20,22,75%,Ekstazi+dpt,21,0.0,NA,NA
JxPath,20,22,75%,DPT,21,0.0,NA,NA
JxPath,20,22,75%,STARTS,21,0.9285714285714286,4,0.08163265306122448
JxPath,20,22,75%,STARTS+FAST-S,21,0.9693877551020408,2,0.04081632653061224
JxPath,20,22,75%,STARTS+FAST-P,21,0.9897959183673469,1,0.02040816326530612
JxPath,20,22,75%,STARTS+DPT,21,0.0,NA,NA
JxPath,20,22,75%,Fastazi-S,21,0.9081632653061225,5,0.10204081632653061
JxPath,20,22,75%,Fastazi-P,21,0.9693877551020408,2,0.04081632653061224
JxPath,20,22,75%,Random,21,0.0,NA,NA
JxPath,20,22,80%,Ekstazi,23,0.6428571428571429,18,0.3673469387755102
JxPath,20,22,80%,FAST,23,0.9693877551020408,2,0.04081632653061224
JxPath,20,22,80%,Ekstazi+dpt,23,0.0,NA,NA
JxPath,20,22,80%,DPT,23,0.0,NA,NA
JxPath,20,22,80%,STARTS,23,0.9285714285714286,4,0.08163265306122448
JxPath,20,22,80%,STARTS+FAST-S,23,0.9693877551020408,2,0.04081632653061224
JxPath,20,22,80%,STARTS+FAST-P,23,0.9897959183673469,1,0.02040816326530612
JxPath,20,22,80%,STARTS+DPT,23,0.0,NA,NA
JxPath,20,22,80%,Fastazi-S,23,0.9081632653061225,5,0.10204081632653061
JxPath,20,22,80%,Fastazi-P,23,0.9693877551020408,2,0.04081632653061224
JxPath,20,22,80%,Random,23,0.0,NA,NA
JxPath,20,22,90%,Ekstazi,26,0.6428571428571429,18,0.3673469387755102
JxPath,20,22,90%,FAST,26,0.9693877551020408,2,0.04081632653061224
JxPath,20,22,90%,Ekstazi+dpt,26,0.5,25,0.5102040816326531
JxPath,20,22,90%,DPT,26,0.47959183673469385,26,0.5306122448979592
JxPath,20,22,90%,STARTS,26,0.9285714285714286,4,0.08163265306122448
JxPath,20,22,90%,STARTS+FAST-S,26,0.9693877551020408,2,0.04081632653061224
JxPath,20,22,90%,STARTS+FAST-P,26,0.9897959183673469,1,0.02040816326530612
JxPath,20,22,90%,STARTS+DPT,26,0.5,25,0.5102040816326531
JxPath,20,22,90%,Fastazi-S,26,0.9081632653061225,5,0.10204081632653061
JxPath,20,22,90%,Fastazi-P,26,0.9693877551020408,2,0.04081632653061224
JxPath,20,22,90%,Random,26,0.5204081632653061,24,0.4897959183673469
JxPath,20,22,100%,Ekstazi,29,0.6428571428571429,18,0.3673469387755102
JxPath,20,22,100%,FAST,29,0.9693877551020408,2,0.04081632653061224
JxPath,20,22,100%,Ekstazi+dpt,29,0.5,25,0.5102040816326531
JxPath,20,22,100%,DPT,29,0.47959183673469385,26,0.5306122448979592
JxPath,20,22,100%,STARTS,29,0.9285714285714286,4,0.08163265306122448
JxPath,20,22,100%,STARTS+FAST-S,29,0.9693877551020408,2,0.04081632653061224
JxPath,20,22,100%,STARTS+FAST-P,29,0.9897959183673469,1,0.02040816326530612
JxPath,20,22,100%,STARTS+DPT,29,0.5,25,0.5102040816326531
JxPath,20,22,100%,Fastazi-S,29,0.9081632653061225,5,0.10204081632653061
JxPath,20,22,100%,Fastazi-P,29,0.9693877551020408,2,0.04081632653061224
JxPath,20,22,100%,Random,29,0.5204081632653061,24,0.4897959183673469
JxPath,20,23,10%,Ekstazi,2,0.0,NA,NA
JxPath,20,23,10%,FAST,2,0.9693877551020408,2,0.04081632653061224
JxPath,20,23,10%,Ekstazi+dpt,2,0.0,NA,NA
JxPath,20,23,10%,DPT,2,0.0,NA,NA
JxPath,20,23,10%,STARTS,2,0.0,NA,NA
JxPath,20,23,10%,STARTS+FAST-S,2,0.9693877551020408,2,0.04081632653061224
JxPath,20,23,10%,STARTS+FAST-P,2,0.9897959183673469,1,0.02040816326530612
JxPath,20,23,10%,STARTS+DPT,2,0.0,NA,NA
JxPath,20,23,10%,Fastazi-S,2,0.0,NA,NA
JxPath,20,23,10%,Fastazi-P,2,0.9693877551020408,2,0.04081632653061224
JxPath,20,23,10%,Random,2,0.0,NA,NA
JxPath,20,23,20%,Ekstazi,5,0.0,NA,NA
JxPath,20,23,20%,FAST,5,0.9693877551020408,2,0.04081632653061224
JxPath,20,23,20%,Ekstazi+dpt,5,0.0,NA,NA
JxPath,20,23,20%,DPT,5,0.0,NA,NA
JxPath,20,23,20%,STARTS,5,0.0,NA,NA
JxPath,20,23,20%,STARTS+FAST-S,5,0.9693877551020408,2,0.04081632653061224
JxPath,20,23,20%,STARTS+FAST-P,5,0.9897959183673469,1,0.02040816326530612
JxPath,20,23,20%,STARTS+DPT,5,0.0,NA,NA
JxPath,20,23,20%,Fastazi-S,5,0.9081632653061225,5,0.10204081632653061
JxPath,20,23,20%,Fastazi-P,5,0.9693877551020408,2,0.04081632653061224
JxPath,20,23,20%,Random,5,0.0,NA,NA
JxPath,20,23,25%,Ekstazi,7,0.0,NA,NA
JxPath,20,23,25%,FAST,7,0.9693877551020408,2,0.04081632653061224
JxPath,20,23,25%,Ekstazi+dpt,7,0.0,NA,NA
JxPath,20,23,25%,DPT,7,0.0,NA,NA
JxPath,20,23,25%,STARTS,7,0.0,NA,NA
JxPath,20,23,25%,STARTS+FAST-S,7,0.9693877551020408,2,0.04081632653061224
JxPath,20,23,25%,STARTS+FAST-P,7,0.9897959183673469,1,0.02040816326530612
JxPath,20,23,25%,STARTS+DPT,7,0.0,NA,NA
JxPath,20,23,25%,Fastazi-S,7,0.9081632653061225,5,0.10204081632653061
JxPath,20,23,25%,Fastazi-P,7,0.9693877551020408,2,0.04081632653061224
JxPath,20,23,25%,Random,7,0.0,NA,NA
JxPath,20,23,30%,Ekstazi,8,0.0,NA,NA
JxPath,20,23,30%,FAST,8,0.9693877551020408,2,0.04081632653061224
JxPath,20,23,30%,Ekstazi+dpt,8,0.0,NA,NA
JxPath,20,23,30%,DPT,8,0.0,NA,NA
JxPath,20,23,30%,STARTS,8,0.0,NA,NA
JxPath,20,23,30%,STARTS+FAST-S,8,0.9693877551020408,2,0.04081632653061224
JxPath,20,23,30%,STARTS+FAST-P,8,0.9897959183673469,1,0.02040816326530612
JxPath,20,23,30%,STARTS+DPT,8,0.0,NA,NA
JxPath,20,23,30%,Fastazi-S,8,0.9081632653061225,5,0.10204081632653061
JxPath,20,23,30%,Fastazi-P,8,0.9693877551020408,2,0.04081632653061224
JxPath,20,23,30%,Random,8,0.0,NA,NA
JxPath,20,23,40%,Ekstazi,11,0.0,NA,NA
JxPath,20,23,40%,FAST,11,0.9693877551020408,2,0.04081632653061224
JxPath,20,23,40%,Ekstazi+dpt,11,0.0,NA,NA
JxPath,20,23,40%,DPT,11,0.0,NA,NA
JxPath,20,23,40%,STARTS,11,0.0,NA,NA
JxPath,20,23,40%,STARTS+FAST-S,11,0.9693877551020408,2,0.04081632653061224
JxPath,20,23,40%,STARTS+FAST-P,11,0.9897959183673469,1,0.02040816326530612
JxPath,20,23,40%,STARTS+DPT,11,0.0,NA,NA
JxPath,20,23,40%,Fastazi-S,11,0.9081632653061225,5,0.10204081632653061
JxPath,20,23,40%,Fastazi-P,11,0.9693877551020408,2,0.04081632653061224
JxPath,20,23,40%,Random,11,0.0,NA,NA
JxPath,20,23,50%,Ekstazi,14,0.0,NA,NA
JxPath,20,23,50%,FAST,14,0.9693877551020408,2,0.04081632653061224
JxPath,20,23,50%,Ekstazi+dpt,14,0.0,NA,NA
JxPath,20,23,50%,DPT,14,0.0,NA,NA
JxPath,20,23,50%,STARTS,14,0.7653061224489796,12,0.24489795918367346
JxPath,20,23,50%,STARTS+FAST-S,14,0.9693877551020408,2,0.04081632653061224
JxPath,20,23,50%,STARTS+FAST-P,14,0.9897959183673469,1,0.02040816326530612
JxPath,20,23,50%,STARTS+DPT,14,0.0,NA,NA
JxPath,20,23,50%,Fastazi-S,14,0.9081632653061225,5,0.10204081632653061
JxPath,20,23,50%,Fastazi-P,14,0.9693877551020408,2,0.04081632653061224
JxPath,20,23,50%,Random,14,0.0,NA,NA
JxPath,20,23,60%,Ekstazi,17,0.0,NA,NA
JxPath,20,23,60%,FAST,17,0.9693877551020408,2,0.04081632653061224
JxPath,20,23,60%,Ekstazi+dpt,17,0.0,NA,NA
JxPath,20,23,60%,DPT,17,0.0,NA,NA
JxPath,20,23,60%,STARTS,17,0.7653061224489796,12,0.24489795918367346
JxPath,20,23,60%,STARTS+FAST-S,17,0.9693877551020408,2,0.04081632653061224
JxPath,20,23,60%,STARTS+FAST-P,17,0.9897959183673469,1,0.02040816326530612
JxPath,20,23,60%,STARTS+DPT,17,0.0,NA,NA
JxPath,20,23,60%,Fastazi-S,17,0.9081632653061225,5,0.10204081632653061
JxPath,20,23,60%,Fastazi-P,17,0.9693877551020408,2,0.04081632653061224
JxPath,20,23,60%,Random,17,0.0,NA,NA
JxPath,20,23,70%,Ekstazi,20,0.0,NA,NA
JxPath,20,23,70%,FAST,20,0.9693877551020408,2,0.04081632653061224
JxPath,20,23,70%,Ekstazi+dpt,20,0.0,NA,NA
JxPath,20,23,70%,DPT,20,0.0,NA,NA
JxPath,20,23,70%,STARTS,20,0.7653061224489796,12,0.24489795918367346
JxPath,20,23,70%,STARTS+FAST-S,20,0.9693877551020408,2,0.04081632653061224
JxPath,20,23,70%,STARTS+FAST-P,20,0.9897959183673469,1,0.02040816326530612
JxPath,20,23,70%,STARTS+DPT,20,0.0,NA,NA
JxPath,20,23,70%,Fastazi-S,20,0.9081632653061225,5,0.10204081632653061
JxPath,20,23,70%,Fastazi-P,20,0.9693877551020408,2,0.04081632653061224
JxPath,20,23,70%,Random,20,0.0,NA,NA
JxPath,20,23,75%,Ekstazi,21,0.5816326530612245,21,0.42857142857142855
JxPath,20,23,75%,FAST,21,0.9693877551020408,2,0.04081632653061224
JxPath,20,23,75%,Ekstazi+dpt,21,0.0,NA,NA
JxPath,20,23,75%,DPT,21,0.0,NA,NA
JxPath,20,23,75%,STARTS,21,0.7653061224489796,12,0.24489795918367346
JxPath,20,23,75%,STARTS+FAST-S,21,0.9693877551020408,2,0.04081632653061224
JxPath,20,23,75%,STARTS+FAST-P,21,0.9897959183673469,1,0.02040816326530612
JxPath,20,23,75%,STARTS+DPT,21,0.0,NA,NA
JxPath,20,23,75%,Fastazi-S,21,0.9081632653061225,5,0.10204081632653061
JxPath,20,23,75%,Fastazi-P,21,0.9693877551020408,2,0.04081632653061224
JxPath,20,23,75%,Random,21,0.0,NA,NA
JxPath,20,23,80%,Ekstazi,23,0.5816326530612245,21,0.42857142857142855
JxPath,20,23,80%,FAST,23,0.9693877551020408,2,0.04081632653061224
JxPath,20,23,80%,Ekstazi+dpt,23,0.0,NA,NA
JxPath,20,23,80%,DPT,23,0.0,NA,NA
JxPath,20,23,80%,STARTS,23,0.7653061224489796,12,0.24489795918367346
JxPath,20,23,80%,STARTS+FAST-S,23,0.9693877551020408,2,0.04081632653061224
JxPath,20,23,80%,STARTS+FAST-P,23,0.9897959183673469,1,0.02040816326530612
JxPath,20,23,80%,STARTS+DPT,23,0.0,NA,NA
JxPath,20,23,80%,Fastazi-S,23,0.9081632653061225,5,0.10204081632653061
JxPath,20,23,80%,Fastazi-P,23,0.9693877551020408,2,0.04081632653061224
JxPath,20,23,80%,Random,23,0.0,NA,NA
JxPath,20,23,90%,Ekstazi,26,0.5816326530612245,21,0.42857142857142855
JxPath,20,23,90%,FAST,26,0.9693877551020408,2,0.04081632653061224
JxPath,20,23,90%,Ekstazi+dpt,26,0.5,25,0.5102040816326531
JxPath,20,23,90%,DPT,26,0.47959183673469385,26,0.5306122448979592
JxPath,20,23,90%,STARTS,26,0.7653061224489796,12,0.24489795918367346
JxPath,20,23,90%,STARTS+FAST-S,26,0.9693877551020408,2,0.04081632653061224
JxPath,20,23,90%,STARTS+FAST-P,26,0.9897959183673469,1,0.02040816326530612
JxPath,20,23,90%,STARTS+DPT,26,0.5,25,0.5102040816326531
JxPath,20,23,90%,Fastazi-S,26,0.9081632653061225,5,0.10204081632653061
JxPath,20,23,90%,Fastazi-P,26,0.9693877551020408,2,0.04081632653061224
JxPath,20,23,90%,Random,26,0.0,NA,NA
JxPath,20,23,100%,Ekstazi,29,0.5816326530612245,21,0.42857142857142855
JxPath,20,23,100%,FAST,29,0.9693877551020408,2,0.04081632653061224
JxPath,20,23,100%,Ekstazi+dpt,29,0.5,25,0.5102040816326531
JxPath,20,23,100%,DPT,29,0.47959183673469385,26,0.5306122448979592
JxPath,20,23,100%,STARTS,29,0.7653061224489796,12,0.24489795918367346
JxPath,20,23,100%,STARTS+FAST-S,29,0.9693877551020408,2,0.04081632653061224
JxPath,20,23,100%,STARTS+FAST-P,29,0.9897959183673469,1,0.02040816326530612
JxPath,20,23,100%,STARTS+DPT,29,0.5,25,0.5102040816326531
JxPath,20,23,100%,Fastazi-S,29,0.9081632653061225,5,0.10204081632653061
JxPath,20,23,100%,Fastazi-P,29,0.9693877551020408,2,0.04081632653061224
JxPath,20,23,100%,Random,29,0.0,NA,NA
JxPath,20,24,10%,Ekstazi,2,0.0,NA,NA
JxPath,20,24,10%,FAST,2,0.0,NA,NA
JxPath,20,24,10%,Ekstazi+dpt,2,0.0,NA,NA
JxPath,20,24,10%,DPT,2,0.0,NA,NA
JxPath,20,24,10%,STARTS,2,0.0,NA,NA
JxPath,20,24,10%,STARTS+FAST-S,2,0.9693877551020408,2,0.04081632653061224
JxPath,20,24,10%,STARTS+FAST-P,2,0.9897959183673469,1,0.02040816326530612
JxPath,20,24,10%,STARTS+DPT,2,0.0,NA,NA
JxPath,20,24,10%,Fastazi-S,2,0.9693877551020408,2,0.04081632653061224
JxPath,20,24,10%,Fastazi-P,2,0.0,NA,NA
JxPath,20,24,10%,Random,2,0.0,NA,NA
JxPath,20,24,20%,Ekstazi,5,0.0,NA,NA
JxPath,20,24,20%,FAST,5,0.9081632653061225,5,0.10204081632653061
JxPath,20,24,20%,Ekstazi+dpt,5,0.0,NA,NA
JxPath,20,24,20%,DPT,5,0.0,NA,NA
JxPath,20,24,20%,STARTS,5,0.0,NA,NA
JxPath,20,24,20%,STARTS+FAST-S,5,0.9693877551020408,2,0.04081632653061224
JxPath,20,24,20%,STARTS+FAST-P,5,0.9897959183673469,1,0.02040816326530612
JxPath,20,24,20%,STARTS+DPT,5,0.0,NA,NA
JxPath,20,24,20%,Fastazi-S,5,0.9693877551020408,2,0.04081632653061224
JxPath,20,24,20%,Fastazi-P,5,0.9081632653061225,5,0.10204081632653061
JxPath,20,24,20%,Random,5,0.0,NA,NA
JxPath,20,24,25%,Ekstazi,7,0.0,NA,NA
JxPath,20,24,25%,FAST,7,0.9081632653061225,5,0.10204081632653061
JxPath,20,24,25%,Ekstazi+dpt,7,0.0,NA,NA
JxPath,20,24,25%,DPT,7,0.0,NA,NA
JxPath,20,24,25%,STARTS,7,0.0,NA,NA
JxPath,20,24,25%,STARTS+FAST-S,7,0.9693877551020408,2,0.04081632653061224
JxPath,20,24,25%,STARTS+FAST-P,7,0.9897959183673469,1,0.02040816326530612
JxPath,20,24,25%,STARTS+DPT,7,0.0,NA,NA
JxPath,20,24,25%,Fastazi-S,7,0.9693877551020408,2,0.04081632653061224
JxPath,20,24,25%,Fastazi-P,7,0.9081632653061225,5,0.10204081632653061
JxPath,20,24,25%,Random,7,0.8877551020408163,6,0.12244897959183673
JxPath,20,24,30%,Ekstazi,8,0.0,NA,NA
JxPath,20,24,30%,FAST,8,0.9081632653061225,5,0.10204081632653061
JxPath,20,24,30%,Ekstazi+dpt,8,0.0,NA,NA
JxPath,20,24,30%,DPT,8,0.0,NA,NA
JxPath,20,24,30%,STARTS,8,0.0,NA,NA
JxPath,20,24,30%,STARTS+FAST-S,8,0.9693877551020408,2,0.04081632653061224
JxPath,20,24,30%,STARTS+FAST-P,8,0.9897959183673469,1,0.02040816326530612
JxPath,20,24,30%,STARTS+DPT,8,0.0,NA,NA
JxPath,20,24,30%,Fastazi-S,8,0.9693877551020408,2,0.04081632653061224
JxPath,20,24,30%,Fastazi-P,8,0.9081632653061225,5,0.10204081632653061
JxPath,20,24,30%,Random,8,0.8877551020408163,6,0.12244897959183673
JxPath,20,24,40%,Ekstazi,11,0.0,NA,NA
JxPath,20,24,40%,FAST,11,0.9081632653061225,5,0.10204081632653061
JxPath,20,24,40%,Ekstazi+dpt,11,0.0,NA,NA
JxPath,20,24,40%,DPT,11,0.0,NA,NA
JxPath,20,24,40%,STARTS,11,0.0,NA,NA
JxPath,20,24,40%,STARTS+FAST-S,11,0.9693877551020408,2,0.04081632653061224
JxPath,20,24,40%,STARTS+FAST-P,11,0.9897959183673469,1,0.02040816326530612
JxPath,20,24,40%,STARTS+DPT,11,0.0,NA,NA
JxPath,20,24,40%,Fastazi-S,11,0.9693877551020408,2,0.04081632653061224
JxPath,20,24,40%,Fastazi-P,11,0.9081632653061225,5,0.10204081632653061
JxPath,20,24,40%,Random,11,0.8877551020408163,6,0.12244897959183673
JxPath,20,24,50%,Ekstazi,14,0.0,NA,NA
JxPath,20,24,50%,FAST,14,0.9081632653061225,5,0.10204081632653061
JxPath,20,24,50%,Ekstazi+dpt,14,0.0,NA,NA
JxPath,20,24,50%,DPT,14,0.0,NA,NA
JxPath,20,24,50%,STARTS,14,0.0,NA,NA
JxPath,20,24,50%,STARTS+FAST-S,14,0.9693877551020408,2,0.04081632653061224
JxPath,20,24,50%,STARTS+FAST-P,14,0.9897959183673469,1,0.02040816326530612
JxPath,20,24,50%,STARTS+DPT,14,0.0,NA,NA
JxPath,20,24,50%,Fastazi-S,14,0.9693877551020408,2,0.04081632653061224
JxPath,20,24,50%,Fastazi-P,14,0.9081632653061225,5,0.10204081632653061
JxPath,20,24,50%,Random,14,0.8877551020408163,6,0.12244897959183673
JxPath,20,24,60%,Ekstazi,17,0.0,NA,NA
JxPath,20,24,60%,FAST,17,0.9081632653061225,5,0.10204081632653061
JxPath,20,24,60%,Ekstazi+dpt,17,0.0,NA,NA
JxPath,20,24,60%,DPT,17,0.0,NA,NA
JxPath,20,24,60%,STARTS,17,0.7040816326530612,15,0.30612244897959184
JxPath,20,24,60%,STARTS+FAST-S,17,0.9693877551020408,2,0.04081632653061224
JxPath,20,24,60%,STARTS+FAST-P,17,0.9897959183673469,1,0.02040816326530612
JxPath,20,24,60%,STARTS+DPT,17,0.0,NA,NA
JxPath,20,24,60%,Fastazi-S,17,0.9693877551020408,2,0.04081632653061224
JxPath,20,24,60%,Fastazi-P,17,0.9081632653061225,5,0.10204081632653061
JxPath,20,24,60%,Random,17,0.8877551020408163,6,0.12244897959183673
JxPath,20,24,70%,Ekstazi,20,0.0,NA,NA
JxPath,20,24,70%,FAST,20,0.9081632653061225,5,0.10204081632653061
JxPath,20,24,70%,Ekstazi+dpt,20,0.0,NA,NA
JxPath,20,24,70%,DPT,20,0.0,NA,NA
JxPath,20,24,70%,STARTS,20,0.7040816326530612,15,0.30612244897959184
JxPath,20,24,70%,STARTS+FAST-S,20,0.9693877551020408,2,0.04081632653061224
JxPath,20,24,70%,STARTS+FAST-P,20,0.9897959183673469,1,0.02040816326530612
JxPath,20,24,70%,STARTS+DPT,20,0.0,NA,NA
JxPath,20,24,70%,Fastazi-S,20,0.9693877551020408,2,0.04081632653061224
JxPath,20,24,70%,Fastazi-P,20,0.9081632653061225,5,0.10204081632653061
JxPath,20,24,70%,Random,20,0.8877551020408163,6,0.12244897959183673
JxPath,20,24,75%,Ekstazi,21,0.0,NA,NA
JxPath,20,24,75%,FAST,21,0.9081632653061225,5,0.10204081632653061
JxPath,20,24,75%,Ekstazi+dpt,21,0.0,NA,NA
JxPath,20,24,75%,DPT,21,0.0,NA,NA
JxPath,20,24,75%,STARTS,21,0.7040816326530612,15,0.30612244897959184
JxPath,20,24,75%,STARTS+FAST-S,21,0.9693877551020408,2,0.04081632653061224
JxPath,20,24,75%,STARTS+FAST-P,21,0.9897959183673469,1,0.02040816326530612
JxPath,20,24,75%,STARTS+DPT,21,0.0,NA,NA
JxPath,20,24,75%,Fastazi-S,21,0.9693877551020408,2,0.04081632653061224
JxPath,20,24,75%,Fastazi-P,21,0.9081632653061225,5,0.10204081632653061
JxPath,20,24,75%,Random,21,0.8877551020408163,6,0.12244897959183673
JxPath,20,24,80%,Ekstazi,23,0.5408163265306122,23,0.46938775510204084
JxPath,20,24,80%,FAST,23,0.9081632653061225,5,0.10204081632653061
JxPath,20,24,80%,Ekstazi+dpt,23,0.0,NA,NA
JxPath,20,24,80%,DPT,23,0.0,NA,NA
JxPath,20,24,80%,STARTS,23,0.7040816326530612,15,0.30612244897959184
JxPath,20,24,80%,STARTS+FAST-S,23,0.9693877551020408,2,0.04081632653061224
JxPath,20,24,80%,STARTS+FAST-P,23,0.9897959183673469,1,0.02040816326530612
JxPath,20,24,80%,STARTS+DPT,23,0.0,NA,NA
JxPath,20,24,80%,Fastazi-S,23,0.9693877551020408,2,0.04081632653061224
JxPath,20,24,80%,Fastazi-P,23,0.9081632653061225,5,0.10204081632653061
JxPath,20,24,80%,Random,23,0.8877551020408163,6,0.12244897959183673
JxPath,20,24,90%,Ekstazi,26,0.5408163265306122,23,0.46938775510204084
JxPath,20,24,90%,FAST,26,0.9081632653061225,5,0.10204081632653061
JxPath,20,24,90%,Ekstazi+dpt,26,0.5,25,0.5102040816326531
JxPath,20,24,90%,DPT,26,0.47959183673469385,26,0.5306122448979592
JxPath,20,24,90%,STARTS,26,0.7040816326530612,15,0.30612244897959184
JxPath,20,24,90%,STARTS+FAST-S,26,0.9693877551020408,2,0.04081632653061224
JxPath,20,24,90%,STARTS+FAST-P,26,0.9897959183673469,1,0.02040816326530612
JxPath,20,24,90%,STARTS+DPT,26,0.5,25,0.5102040816326531
JxPath,20,24,90%,Fastazi-S,26,0.9693877551020408,2,0.04081632653061224
JxPath,20,24,90%,Fastazi-P,26,0.9081632653061225,5,0.10204081632653061
JxPath,20,24,90%,Random,26,0.8877551020408163,6,0.12244897959183673
JxPath,20,24,100%,Ekstazi,29,0.5408163265306122,23,0.46938775510204084
JxPath,20,24,100%,FAST,29,0.9081632653061225,5,0.10204081632653061
JxPath,20,24,100%,Ekstazi+dpt,29,0.5,25,0.5102040816326531
JxPath,20,24,100%,DPT,29,0.47959183673469385,26,0.5306122448979592
JxPath,20,24,100%,STARTS,29,0.7040816326530612,15,0.30612244897959184
JxPath,20,24,100%,STARTS+FAST-S,29,0.9693877551020408,2,0.04081632653061224
JxPath,20,24,100%,STARTS+FAST-P,29,0.9897959183673469,1,0.02040816326530612
JxPath,20,24,100%,STARTS+DPT,29,0.5,25,0.5102040816326531
JxPath,20,24,100%,Fastazi-S,29,0.9693877551020408,2,0.04081632653061224
JxPath,20,24,100%,Fastazi-P,29,0.9081632653061225,5,0.10204081632653061
JxPath,20,24,100%,Random,29,0.8877551020408163,6,0.12244897959183673
JxPath,20,25,10%,Ekstazi,2,0.0,NA,NA
JxPath,20,25,10%,FAST,2,0.0,NA,NA
JxPath,20,25,10%,Ekstazi+dpt,2,0.0,NA,NA
JxPath,20,25,10%,DPT,2,0.0,NA,NA
JxPath,20,25,10%,STARTS,2,0.0,NA,NA
JxPath,20,25,10%,STARTS+FAST-S,2,0.9693877551020408,2,0.04081632653061224
JxPath,20,25,10%,STARTS+FAST-P,2,0.0,NA,NA
JxPath,20,25,10%,STARTS+DPT,2,0.0,NA,NA
JxPath,20,25,10%,Fastazi-S,2,0.9693877551020408,2,0.04081632653061224
JxPath,20,25,10%,Fastazi-P,2,0.0,NA,NA
JxPath,20,25,10%,Random,2,0.0,NA,NA
JxPath,20,25,20%,Ekstazi,5,0.0,NA,NA
JxPath,20,25,20%,FAST,5,0.0,NA,NA
JxPath,20,25,20%,Ekstazi+dpt,5,0.0,NA,NA
JxPath,20,25,20%,DPT,5,0.0,NA,NA
JxPath,20,25,20%,STARTS,5,0.0,NA,NA
JxPath,20,25,20%,STARTS+FAST-S,5,0.9693877551020408,2,0.04081632653061224
JxPath,20,25,20%,STARTS+FAST-P,5,0.9285714285714286,4,0.08163265306122448
JxPath,20,25,20%,STARTS+DPT,5,0.0,NA,NA
JxPath,20,25,20%,Fastazi-S,5,0.9693877551020408,2,0.04081632653061224
JxPath,20,25,20%,Fastazi-P,5,0.9081632653061225,5,0.10204081632653061
JxPath,20,25,20%,Random,5,0.0,NA,NA
JxPath,20,25,25%,Ekstazi,7,0.0,NA,NA
JxPath,20,25,25%,FAST,7,0.8877551020408163,6,0.12244897959183673
JxPath,20,25,25%,Ekstazi+dpt,7,0.0,NA,NA
JxPath,20,25,25%,DPT,7,0.0,NA,NA
JxPath,20,25,25%,STARTS,7,0.0,NA,NA
JxPath,20,25,25%,STARTS+FAST-S,7,0.9693877551020408,2,0.04081632653061224
JxPath,20,25,25%,STARTS+FAST-P,7,0.9285714285714286,4,0.08163265306122448
JxPath,20,25,25%,STARTS+DPT,7,0.0,NA,NA
JxPath,20,25,25%,Fastazi-S,7,0.9693877551020408,2,0.04081632653061224
JxPath,20,25,25%,Fastazi-P,7,0.9081632653061225,5,0.10204081632653061
JxPath,20,25,25%,Random,7,0.0,NA,NA
JxPath,20,25,30%,Ekstazi,8,0.0,NA,NA
JxPath,20,25,30%,FAST,8,0.8877551020408163,6,0.12244897959183673
JxPath,20,25,30%,Ekstazi+dpt,8,0.0,NA,NA
JxPath,20,25,30%,DPT,8,0.0,NA,NA
JxPath,20,25,30%,STARTS,8,0.0,NA,NA
JxPath,20,25,30%,STARTS+FAST-S,8,0.9693877551020408,2,0.04081632653061224
JxPath,20,25,30%,STARTS+FAST-P,8,0.9285714285714286,4,0.08163265306122448
JxPath,20,25,30%,STARTS+DPT,8,0.0,NA,NA
JxPath,20,25,30%,Fastazi-S,8,0.9693877551020408,2,0.04081632653061224
JxPath,20,25,30%,Fastazi-P,8,0.9081632653061225,5,0.10204081632653061
JxPath,20,25,30%,Random,8,0.0,NA,NA
JxPath,20,25,40%,Ekstazi,11,0.0,NA,NA
JxPath,20,25,40%,FAST,11,0.8877551020408163,6,0.12244897959183673
JxPath,20,25,40%,Ekstazi+dpt,11,0.0,NA,NA
JxPath,20,25,40%,DPT,11,0.0,NA,NA
JxPath,20,25,40%,STARTS,11,0.0,NA,NA
JxPath,20,25,40%,STARTS+FAST-S,11,0.9693877551020408,2,0.04081632653061224
JxPath,20,25,40%,STARTS+FAST-P,11,0.9285714285714286,4,0.08163265306122448
JxPath,20,25,40%,STARTS+DPT,11,0.0,NA,NA
JxPath,20,25,40%,Fastazi-S,11,0.9693877551020408,2,0.04081632653061224
JxPath,20,25,40%,Fastazi-P,11,0.9081632653061225,5,0.10204081632653061
JxPath,20,25,40%,Random,11,0.0,NA,NA
JxPath,20,25,50%,Ekstazi,14,0.0,NA,NA
JxPath,20,25,50%,FAST,14,0.8877551020408163,6,0.12244897959183673
JxPath,20,25,50%,Ekstazi+dpt,14,0.0,NA,NA
JxPath,20,25,50%,DPT,14,0.0,NA,NA
JxPath,20,25,50%,STARTS,14,0.7244897959183674,14,0.2857142857142857
JxPath,20,25,50%,STARTS+FAST-S,14,0.9693877551020408,2,0.04081632653061224
JxPath,20,25,50%,STARTS+FAST-P,14,0.9285714285714286,4,0.08163265306122448
JxPath,20,25,50%,STARTS+DPT,14,0.0,NA,NA
JxPath,20,25,50%,Fastazi-S,14,0.9693877551020408,2,0.04081632653061224
JxPath,20,25,50%,Fastazi-P,14,0.9081632653061225,5,0.10204081632653061
JxPath,20,25,50%,Random,14,0.0,NA,NA
JxPath,20,25,60%,Ekstazi,17,0.6836734693877552,16,0.32653061224489793
JxPath,20,25,60%,FAST,17,0.8877551020408163,6,0.12244897959183673
JxPath,20,25,60%,Ekstazi+dpt,17,0.0,NA,NA
JxPath,20,25,60%,DPT,17,0.0,NA,NA
JxPath,20,25,60%,STARTS,17,0.7244897959183674,14,0.2857142857142857
JxPath,20,25,60%,STARTS+FAST-S,17,0.9693877551020408,2,0.04081632653061224
JxPath,20,25,60%,STARTS+FAST-P,17,0.9285714285714286,4,0.08163265306122448
JxPath,20,25,60%,STARTS+DPT,17,0.0,NA,NA
JxPath,20,25,60%,Fastazi-S,17,0.9693877551020408,2,0.04081632653061224
JxPath,20,25,60%,Fastazi-P,17,0.9081632653061225,5,0.10204081632653061
JxPath,20,25,60%,Random,17,0.663265306122449,17,0.3469387755102041
JxPath,20,25,70%,Ekstazi,20,0.6836734693877552,16,0.32653061224489793
JxPath,20,25,70%,FAST,20,0.8877551020408163,6,0.12244897959183673
JxPath,20,25,70%,Ekstazi+dpt,20,0.0,NA,NA
JxPath,20,25,70%,DPT,20,0.0,NA,NA
JxPath,20,25,70%,STARTS,20,0.7244897959183674,14,0.2857142857142857
JxPath,20,25,70%,STARTS+FAST-S,20,0.9693877551020408,2,0.04081632653061224
JxPath,20,25,70%,STARTS+FAST-P,20,0.9285714285714286,4,0.08163265306122448
JxPath,20,25,70%,STARTS+DPT,20,0.0,NA,NA
JxPath,20,25,70%,Fastazi-S,20,0.9693877551020408,2,0.04081632653061224
JxPath,20,25,70%,Fastazi-P,20,0.9081632653061225,5,0.10204081632653061
JxPath,20,25,70%,Random,20,0.663265306122449,17,0.3469387755102041
JxPath,20,25,75%,Ekstazi,21,0.6836734693877552,16,0.32653061224489793
JxPath,20,25,75%,FAST,21,0.8877551020408163,6,0.12244897959183673
JxPath,20,25,75%,Ekstazi+dpt,21,0.0,NA,NA
JxPath,20,25,75%,DPT,21,0.0,NA,NA
JxPath,20,25,75%,STARTS,21,0.7244897959183674,14,0.2857142857142857
JxPath,20,25,75%,STARTS+FAST-S,21,0.9693877551020408,2,0.04081632653061224
JxPath,20,25,75%,STARTS+FAST-P,21,0.9285714285714286,4,0.08163265306122448
JxPath,20,25,75%,STARTS+DPT,21,0.0,NA,NA
JxPath,20,25,75%,Fastazi-S,21,0.9693877551020408,2,0.04081632653061224
JxPath,20,25,75%,Fastazi-P,21,0.9081632653061225,5,0.10204081632653061
JxPath,20,25,75%,Random,21,0.663265306122449,17,0.3469387755102041
JxPath,20,25,80%,Ekstazi,23,0.6836734693877552,16,0.32653061224489793
JxPath,20,25,80%,FAST,23,0.8877551020408163,6,0.12244897959183673
JxPath,20,25,80%,Ekstazi+dpt,23,0.0,NA,NA
JxPath,20,25,80%,DPT,23,0.0,NA,NA
JxPath,20,25,80%,STARTS,23,0.7244897959183674,14,0.2857142857142857
JxPath,20,25,80%,STARTS+FAST-S,23,0.9693877551020408,2,0.04081632653061224
JxPath,20,25,80%,STARTS+FAST-P,23,0.9285714285714286,4,0.08163265306122448
JxPath,20,25,80%,STARTS+DPT,23,0.0,NA,NA
JxPath,20,25,80%,Fastazi-S,23,0.9693877551020408,2,0.04081632653061224
JxPath,20,25,80%,Fastazi-P,23,0.9081632653061225,5,0.10204081632653061
JxPath,20,25,80%,Random,23,0.663265306122449,17,0.3469387755102041
JxPath,20,25,90%,Ekstazi,26,0.6836734693877552,16,0.32653061224489793
JxPath,20,25,90%,FAST,26,0.8877551020408163,6,0.12244897959183673
JxPath,20,25,90%,Ekstazi+dpt,26,0.5,25,0.5102040816326531
JxPath,20,25,90%,DPT,26,0.47959183673469385,26,0.5306122448979592
JxPath,20,25,90%,STARTS,26,0.7244897959183674,14,0.2857142857142857
JxPath,20,25,90%,STARTS+FAST-S,26,0.9693877551020408,2,0.04081632653061224
JxPath,20,25,90%,STARTS+FAST-P,26,0.9285714285714286,4,0.08163265306122448
JxPath,20,25,90%,STARTS+DPT,26,0.5,25,0.5102040816326531
JxPath,20,25,90%,Fastazi-S,26,0.9693877551020408,2,0.04081632653061224
JxPath,20,25,90%,Fastazi-P,26,0.9081632653061225,5,0.10204081632653061
JxPath,20,25,90%,Random,26,0.663265306122449,17,0.3469387755102041
JxPath,20,25,100%,Ekstazi,29,0.6836734693877552,16,0.32653061224489793
JxPath,20,25,100%,FAST,29,0.8877551020408163,6,0.12244897959183673
JxPath,20,25,100%,Ekstazi+dpt,29,0.5,25,0.5102040816326531
JxPath,20,25,100%,DPT,29,0.47959183673469385,26,0.5306122448979592
JxPath,20,25,100%,STARTS,29,0.7244897959183674,14,0.2857142857142857
JxPath,20,25,100%,STARTS+FAST-S,29,0.9693877551020408,2,0.04081632653061224
JxPath,20,25,100%,STARTS+FAST-P,29,0.9285714285714286,4,0.08163265306122448
JxPath,20,25,100%,STARTS+DPT,29,0.5,25,0.5102040816326531
JxPath,20,25,100%,Fastazi-S,29,0.9693877551020408,2,0.04081632653061224
JxPath,20,25,100%,Fastazi-P,29,0.9081632653061225,5,0.10204081632653061
JxPath,20,25,100%,Random,29,0.663265306122449,17,0.3469387755102041
JxPath,20,26,10%,Ekstazi,2,0.0,NA,NA
JxPath,20,26,10%,FAST,2,0.9693877551020408,2,0.04081632653061224
JxPath,20,26,10%,Ekstazi+dpt,2,0.0,NA,NA
JxPath,20,26,10%,DPT,2,0.0,NA,NA
JxPath,20,26,10%,STARTS,2,0.0,NA,NA
JxPath,20,26,10%,STARTS+FAST-S,2,0.9693877551020408,2,0.04081632653061224
JxPath,20,26,10%,STARTS+FAST-P,2,0.0,NA,NA
JxPath,20,26,10%,STARTS+DPT,2,0.0,NA,NA
JxPath,20,26,10%,Fastazi-S,2,0.9693877551020408,2,0.04081632653061224
JxPath,20,26,10%,Fastazi-P,2,0.9897959183673469,1,0.02040816326530612
JxPath,20,26,10%,Random,2,0.0,NA,NA
JxPath,20,26,20%,Ekstazi,5,0.0,NA,NA
JxPath,20,26,20%,FAST,5,0.9693877551020408,2,0.04081632653061224
JxPath,20,26,20%,Ekstazi+dpt,5,0.0,NA,NA
JxPath,20,26,20%,DPT,5,0.0,NA,NA
JxPath,20,26,20%,STARTS,5,0.0,NA,NA
JxPath,20,26,20%,STARTS+FAST-S,5,0.9693877551020408,2,0.04081632653061224
JxPath,20,26,20%,STARTS+FAST-P,5,0.9489795918367347,3,0.061224489795918366
JxPath,20,26,20%,STARTS+DPT,5,0.0,NA,NA
JxPath,20,26,20%,Fastazi-S,5,0.9693877551020408,2,0.04081632653061224
JxPath,20,26,20%,Fastazi-P,5,0.9897959183673469,1,0.02040816326530612
JxPath,20,26,20%,Random,5,0.0,NA,NA
JxPath,20,26,25%,Ekstazi,7,0.8877551020408163,6,0.12244897959183673
JxPath,20,26,25%,FAST,7,0.9693877551020408,2,0.04081632653061224
JxPath,20,26,25%,Ekstazi+dpt,7,0.0,NA,NA
JxPath,20,26,25%,DPT,7,0.0,NA,NA
JxPath,20,26,25%,STARTS,7,0.0,NA,NA
JxPath,20,26,25%,STARTS+FAST-S,7,0.9693877551020408,2,0.04081632653061224
JxPath,20,26,25%,STARTS+FAST-P,7,0.9489795918367347,3,0.061224489795918366
JxPath,20,26,25%,STARTS+DPT,7,0.0,NA,NA
JxPath,20,26,25%,Fastazi-S,7,0.9693877551020408,2,0.04081632653061224
JxPath,20,26,25%,Fastazi-P,7,0.9897959183673469,1,0.02040816326530612
JxPath,20,26,25%,Random,7,0.0,NA,NA
JxPath,20,26,30%,Ekstazi,8,0.8877551020408163,6,0.12244897959183673
JxPath,20,26,30%,FAST,8,0.9693877551020408,2,0.04081632653061224
JxPath,20,26,30%,Ekstazi+dpt,8,0.0,NA,NA
JxPath,20,26,30%,DPT,8,0.0,NA,NA
JxPath,20,26,30%,STARTS,8,0.0,NA,NA
JxPath,20,26,30%,STARTS+FAST-S,8,0.9693877551020408,2,0.04081632653061224
JxPath,20,26,30%,STARTS+FAST-P,8,0.9489795918367347,3,0.061224489795918366
JxPath,20,26,30%,STARTS+DPT,8,0.0,NA,NA
JxPath,20,26,30%,Fastazi-S,8,0.9693877551020408,2,0.04081632653061224
JxPath,20,26,30%,Fastazi-P,8,0.9897959183673469,1,0.02040816326530612
JxPath,20,26,30%,Random,8,0.0,NA,NA
JxPath,20,26,40%,Ekstazi,11,0.8877551020408163,6,0.12244897959183673
JxPath,20,26,40%,FAST,11,0.9693877551020408,2,0.04081632653061224
JxPath,20,26,40%,Ekstazi+dpt,11,0.0,NA,NA
JxPath,20,26,40%,DPT,11,0.0,NA,NA
JxPath,20,26,40%,STARTS,11,0.0,NA,NA
JxPath,20,26,40%,STARTS+FAST-S,11,0.9693877551020408,2,0.04081632653061224
JxPath,20,26,40%,STARTS+FAST-P,11,0.9489795918367347,3,0.061224489795918366
JxPath,20,26,40%,STARTS+DPT,11,0.0,NA,NA
JxPath,20,26,40%,Fastazi-S,11,0.9693877551020408,2,0.04081632653061224
JxPath,20,26,40%,Fastazi-P,11,0.9897959183673469,1,0.02040816326530612
JxPath,20,26,40%,Random,11,0.7857142857142857,11,0.22448979591836735
JxPath,20,26,50%,Ekstazi,14,0.8877551020408163,6,0.12244897959183673
JxPath,20,26,50%,FAST,14,0.9693877551020408,2,0.04081632653061224
JxPath,20,26,50%,Ekstazi+dpt,14,0.0,NA,NA
JxPath,20,26,50%,DPT,14,0.0,NA,NA
JxPath,20,26,50%,STARTS,14,0.0,NA,NA
JxPath,20,26,50%,STARTS+FAST-S,14,0.9693877551020408,2,0.04081632653061224
JxPath,20,26,50%,STARTS+FAST-P,14,0.9489795918367347,3,0.061224489795918366
JxPath,20,26,50%,STARTS+DPT,14,0.0,NA,NA
JxPath,20,26,50%,Fastazi-S,14,0.9693877551020408,2,0.04081632653061224
JxPath,20,26,50%,Fastazi-P,14,0.9897959183673469,1,0.02040816326530612
JxPath,20,26,50%,Random,14,0.7857142857142857,11,0.22448979591836735
JxPath,20,26,60%,Ekstazi,17,0.8877551020408163,6,0.12244897959183673
JxPath,20,26,60%,FAST,17,0.9693877551020408,2,0.04081632653061224
JxPath,20,26,60%,Ekstazi+dpt,17,0.0,NA,NA
JxPath,20,26,60%,DPT,17,0.0,NA,NA
JxPath,20,26,60%,STARTS,17,0.0,NA,NA
JxPath,20,26,60%,STARTS+FAST-S,17,0.9693877551020408,2,0.04081632653061224
JxPath,20,26,60%,STARTS+FAST-P,17,0.9489795918367347,3,0.061224489795918366
JxPath,20,26,60%,STARTS+DPT,17,0.0,NA,NA
JxPath,20,26,60%,Fastazi-S,17,0.9693877551020408,2,0.04081632653061224
JxPath,20,26,60%,Fastazi-P,17,0.9897959183673469,1,0.02040816326530612
JxPath,20,26,60%,Random,17,0.7857142857142857,11,0.22448979591836735
JxPath,20,26,70%,Ekstazi,20,0.8877551020408163,6,0.12244897959183673
JxPath,20,26,70%,FAST,20,0.9693877551020408,2,0.04081632653061224
JxPath,20,26,70%,Ekstazi+dpt,20,0.0,NA,NA
JxPath,20,26,70%,DPT,20,0.0,NA,NA
JxPath,20,26,70%,STARTS,20,0.0,NA,NA
JxPath,20,26,70%,STARTS+FAST-S,20,0.9693877551020408,2,0.04081632653061224
JxPath,20,26,70%,STARTS+FAST-P,20,0.9489795918367347,3,0.061224489795918366
JxPath,20,26,70%,STARTS+DPT,20,0.0,NA,NA
JxPath,20,26,70%,Fastazi-S,20,0.9693877551020408,2,0.04081632653061224
JxPath,20,26,70%,Fastazi-P,20,0.9897959183673469,1,0.02040816326530612
JxPath,20,26,70%,Random,20,0.7857142857142857,11,0.22448979591836735
JxPath,20,26,75%,Ekstazi,21,0.8877551020408163,6,0.12244897959183673
JxPath,20,26,75%,FAST,21,0.9693877551020408,2,0.04081632653061224
JxPath,20,26,75%,Ekstazi+dpt,21,0.0,NA,NA
JxPath,20,26,75%,DPT,21,0.0,NA,NA
JxPath,20,26,75%,STARTS,21,0.0,NA,NA
JxPath,20,26,75%,STARTS+FAST-S,21,0.9693877551020408,2,0.04081632653061224
JxPath,20,26,75%,STARTS+FAST-P,21,0.9489795918367347,3,0.061224489795918366
JxPath,20,26,75%,STARTS+DPT,21,0.0,NA,NA
JxPath,20,26,75%,Fastazi-S,21,0.9693877551020408,2,0.04081632653061224
JxPath,20,26,75%,Fastazi-P,21,0.9897959183673469,1,0.02040816326530612
JxPath,20,26,75%,Random,21,0.7857142857142857,11,0.22448979591836735
JxPath,20,26,80%,Ekstazi,23,0.8877551020408163,6,0.12244897959183673
JxPath,20,26,80%,FAST,23,0.9693877551020408,2,0.04081632653061224
JxPath,20,26,80%,Ekstazi+dpt,23,0.0,NA,NA
JxPath,20,26,80%,DPT,23,0.0,NA,NA
JxPath,20,26,80%,STARTS,23,0.5408163265306122,23,0.46938775510204084
JxPath,20,26,80%,STARTS+FAST-S,23,0.9693877551020408,2,0.04081632653061224
JxPath,20,26,80%,STARTS+FAST-P,23,0.9489795918367347,3,0.061224489795918366
JxPath,20,26,80%,STARTS+DPT,23,0.0,NA,NA
JxPath,20,26,80%,Fastazi-S,23,0.9693877551020408,2,0.04081632653061224
JxPath,20,26,80%,Fastazi-P,23,0.9897959183673469,1,0.02040816326530612
JxPath,20,26,80%,Random,23,0.7857142857142857,11,0.22448979591836735
JxPath,20,26,90%,Ekstazi,26,0.8877551020408163,6,0.12244897959183673
JxPath,20,26,90%,FAST,26,0.9693877551020408,2,0.04081632653061224
JxPath,20,26,90%,Ekstazi+dpt,26,0.5,25,0.5102040816326531
JxPath,20,26,90%,DPT,26,0.47959183673469385,26,0.5306122448979592
JxPath,20,26,90%,STARTS,26,0.5408163265306122,23,0.46938775510204084
JxPath,20,26,90%,STARTS+FAST-S,26,0.9693877551020408,2,0.04081632653061224
JxPath,20,26,90%,STARTS+FAST-P,26,0.9489795918367347,3,0.061224489795918366
JxPath,20,26,90%,STARTS+DPT,26,0.5,25,0.5102040816326531
JxPath,20,26,90%,Fastazi-S,26,0.9693877551020408,2,0.04081632653061224
JxPath,20,26,90%,Fastazi-P,26,0.9897959183673469,1,0.02040816326530612
JxPath,20,26,90%,Random,26,0.7857142857142857,11,0.22448979591836735
JxPath,20,26,100%,Ekstazi,29,0.8877551020408163,6,0.12244897959183673
JxPath,20,26,100%,FAST,29,0.9693877551020408,2,0.04081632653061224
JxPath,20,26,100%,Ekstazi+dpt,29,0.5,25,0.5102040816326531
JxPath,20,26,100%,DPT,29,0.47959183673469385,26,0.5306122448979592
JxPath,20,26,100%,STARTS,29,0.5408163265306122,23,0.46938775510204084
JxPath,20,26,100%,STARTS+FAST-S,29,0.9693877551020408,2,0.04081632653061224
JxPath,20,26,100%,STARTS+FAST-P,29,0.9489795918367347,3,0.061224489795918366
JxPath,20,26,100%,STARTS+DPT,29,0.5,25,0.5102040816326531
JxPath,20,26,100%,Fastazi-S,29,0.9693877551020408,2,0.04081632653061224
JxPath,20,26,100%,Fastazi-P,29,0.9897959183673469,1,0.02040816326530612
JxPath,20,26,100%,Random,29,0.7857142857142857,11,0.22448979591836735
JxPath,20,27,10%,Ekstazi,2,0.0,NA,NA
JxPath,20,27,10%,FAST,2,0.9693877551020408,2,0.04081632653061224
JxPath,20,27,10%,Ekstazi+dpt,2,0.0,NA,NA
JxPath,20,27,10%,DPT,2,0.0,NA,NA
JxPath,20,27,10%,STARTS,2,0.0,NA,NA
JxPath,20,27,10%,STARTS+FAST-S,2,0.9693877551020408,2,0.04081632653061224
JxPath,20,27,10%,STARTS+FAST-P,2,0.0,NA,NA
JxPath,20,27,10%,STARTS+DPT,2,0.0,NA,NA
JxPath,20,27,10%,Fastazi-S,2,0.9693877551020408,2,0.04081632653061224
JxPath,20,27,10%,Fastazi-P,2,0.9897959183673469,1,0.02040816326530612
JxPath,20,27,10%,Random,2,0.0,NA,NA
JxPath,20,27,20%,Ekstazi,5,0.9285714285714286,4,0.08163265306122448
JxPath,20,27,20%,FAST,5,0.9693877551020408,2,0.04081632653061224
JxPath,20,27,20%,Ekstazi+dpt,5,0.0,NA,NA
JxPath,20,27,20%,DPT,5,0.0,NA,NA
JxPath,20,27,20%,STARTS,5,0.0,NA,NA
JxPath,20,27,20%,STARTS+FAST-S,5,0.9693877551020408,2,0.04081632653061224
JxPath,20,27,20%,STARTS+FAST-P,5,0.9285714285714286,4,0.08163265306122448
JxPath,20,27,20%,STARTS+DPT,5,0.0,NA,NA
JxPath,20,27,20%,Fastazi-S,5,0.9693877551020408,2,0.04081632653061224
JxPath,20,27,20%,Fastazi-P,5,0.9897959183673469,1,0.02040816326530612
JxPath,20,27,20%,Random,5,0.0,NA,NA
JxPath,20,27,25%,Ekstazi,7,0.9285714285714286,4,0.08163265306122448
JxPath,20,27,25%,FAST,7,0.9693877551020408,2,0.04081632653061224
JxPath,20,27,25%,Ekstazi+dpt,7,0.0,NA,NA
JxPath,20,27,25%,DPT,7,0.0,NA,NA
JxPath,20,27,25%,STARTS,7,0.8877551020408163,6,0.12244897959183673
JxPath,20,27,25%,STARTS+FAST-S,7,0.9693877551020408,2,0.04081632653061224
JxPath,20,27,25%,STARTS+FAST-P,7,0.9285714285714286,4,0.08163265306122448
JxPath,20,27,25%,STARTS+DPT,7,0.0,NA,NA
JxPath,20,27,25%,Fastazi-S,7,0.9693877551020408,2,0.04081632653061224
JxPath,20,27,25%,Fastazi-P,7,0.9897959183673469,1,0.02040816326530612
JxPath,20,27,25%,Random,7,0.0,NA,NA
JxPath,20,27,30%,Ekstazi,8,0.9285714285714286,4,0.08163265306122448
JxPath,20,27,30%,FAST,8,0.9693877551020408,2,0.04081632653061224
JxPath,20,27,30%,Ekstazi+dpt,8,0.0,NA,NA
JxPath,20,27,30%,DPT,8,0.0,NA,NA
JxPath,20,27,30%,STARTS,8,0.8877551020408163,6,0.12244897959183673
JxPath,20,27,30%,STARTS+FAST-S,8,0.9693877551020408,2,0.04081632653061224
JxPath,20,27,30%,STARTS+FAST-P,8,0.9285714285714286,4,0.08163265306122448
JxPath,20,27,30%,STARTS+DPT,8,0.0,NA,NA
JxPath,20,27,30%,Fastazi-S,8,0.9693877551020408,2,0.04081632653061224
JxPath,20,27,30%,Fastazi-P,8,0.9897959183673469,1,0.02040816326530612
JxPath,20,27,30%,Random,8,0.0,NA,NA
JxPath,20,27,40%,Ekstazi,11,0.9285714285714286,4,0.08163265306122448
JxPath,20,27,40%,FAST,11,0.9693877551020408,2,0.04081632653061224
JxPath,20,27,40%,Ekstazi+dpt,11,0.0,NA,NA
JxPath,20,27,40%,DPT,11,0.0,NA,NA
JxPath,20,27,40%,STARTS,11,0.8877551020408163,6,0.12244897959183673
JxPath,20,27,40%,STARTS+FAST-S,11,0.9693877551020408,2,0.04081632653061224
JxPath,20,27,40%,STARTS+FAST-P,11,0.9285714285714286,4,0.08163265306122448
JxPath,20,27,40%,STARTS+DPT,11,0.0,NA,NA
JxPath,20,27,40%,Fastazi-S,11,0.9693877551020408,2,0.04081632653061224
JxPath,20,27,40%,Fastazi-P,11,0.9897959183673469,1,0.02040816326530612
JxPath,20,27,40%,Random,11,0.0,NA,NA
JxPath,20,27,50%,Ekstazi,14,0.9285714285714286,4,0.08163265306122448
JxPath,20,27,50%,FAST,14,0.9693877551020408,2,0.04081632653061224
JxPath,20,27,50%,Ekstazi+dpt,14,0.0,NA,NA
JxPath,20,27,50%,DPT,14,0.0,NA,NA
JxPath,20,27,50%,STARTS,14,0.8877551020408163,6,0.12244897959183673
JxPath,20,27,50%,STARTS+FAST-S,14,0.9693877551020408,2,0.04081632653061224
JxPath,20,27,50%,STARTS+FAST-P,14,0.9285714285714286,4,0.08163265306122448
JxPath,20,27,50%,STARTS+DPT,14,0.0,NA,NA
JxPath,20,27,50%,Fastazi-S,14,0.9693877551020408,2,0.04081632653061224
JxPath,20,27,50%,Fastazi-P,14,0.9897959183673469,1,0.02040816326530612
JxPath,20,27,50%,Random,14,0.7244897959183674,14,0.2857142857142857
JxPath,20,27,60%,Ekstazi,17,0.9285714285714286,4,0.08163265306122448
JxPath,20,27,60%,FAST,17,0.9693877551020408,2,0.04081632653061224
JxPath,20,27,60%,Ekstazi+dpt,17,0.0,NA,NA
JxPath,20,27,60%,DPT,17,0.0,NA,NA
JxPath,20,27,60%,STARTS,17,0.8877551020408163,6,0.12244897959183673
JxPath,20,27,60%,STARTS+FAST-S,17,0.9693877551020408,2,0.04081632653061224
JxPath,20,27,60%,STARTS+FAST-P,17,0.9285714285714286,4,0.08163265306122448
JxPath,20,27,60%,STARTS+DPT,17,0.0,NA,NA
JxPath,20,27,60%,Fastazi-S,17,0.9693877551020408,2,0.04081632653061224
JxPath,20,27,60%,Fastazi-P,17,0.9897959183673469,1,0.02040816326530612
JxPath,20,27,60%,Random,17,0.7244897959183674,14,0.2857142857142857
JxPath,20,27,70%,Ekstazi,20,0.9285714285714286,4,0.08163265306122448
JxPath,20,27,70%,FAST,20,0.9693877551020408,2,0.04081632653061224
JxPath,20,27,70%,Ekstazi+dpt,20,0.0,NA,NA
JxPath,20,27,70%,DPT,20,0.0,NA,NA
JxPath,20,27,70%,STARTS,20,0.8877551020408163,6,0.12244897959183673
JxPath,20,27,70%,STARTS+FAST-S,20,0.9693877551020408,2,0.04081632653061224
JxPath,20,27,70%,STARTS+FAST-P,20,0.9285714285714286,4,0.08163265306122448
JxPath,20,27,70%,STARTS+DPT,20,0.0,NA,NA
JxPath,20,27,70%,Fastazi-S,20,0.9693877551020408,2,0.04081632653061224
JxPath,20,27,70%,Fastazi-P,20,0.9897959183673469,1,0.02040816326530612
JxPath,20,27,70%,Random,20,0.7244897959183674,14,0.2857142857142857
JxPath,20,27,75%,Ekstazi,21,0.9285714285714286,4,0.08163265306122448
JxPath,20,27,75%,FAST,21,0.9693877551020408,2,0.04081632653061224
JxPath,20,27,75%,Ekstazi+dpt,21,0.0,NA,NA
JxPath,20,27,75%,DPT,21,0.0,NA,NA
JxPath,20,27,75%,STARTS,21,0.8877551020408163,6,0.12244897959183673
JxPath,20,27,75%,STARTS+FAST-S,21,0.9693877551020408,2,0.04081632653061224
JxPath,20,27,75%,STARTS+FAST-P,21,0.9285714285714286,4,0.08163265306122448
JxPath,20,27,75%,STARTS+DPT,21,0.0,NA,NA
JxPath,20,27,75%,Fastazi-S,21,0.9693877551020408,2,0.04081632653061224
JxPath,20,27,75%,Fastazi-P,21,0.9897959183673469,1,0.02040816326530612
JxPath,20,27,75%,Random,21,0.7244897959183674,14,0.2857142857142857
JxPath,20,27,80%,Ekstazi,23,0.9285714285714286,4,0.08163265306122448
JxPath,20,27,80%,FAST,23,0.9693877551020408,2,0.04081632653061224
JxPath,20,27,80%,Ekstazi+dpt,23,0.0,NA,NA
JxPath,20,27,80%,DPT,23,0.0,NA,NA
JxPath,20,27,80%,STARTS,23,0.8877551020408163,6,0.12244897959183673
JxPath,20,27,80%,STARTS+FAST-S,23,0.9693877551020408,2,0.04081632653061224
JxPath,20,27,80%,STARTS+FAST-P,23,0.9285714285714286,4,0.08163265306122448
JxPath,20,27,80%,STARTS+DPT,23,0.0,NA,NA
JxPath,20,27,80%,Fastazi-S,23,0.9693877551020408,2,0.04081632653061224
JxPath,20,27,80%,Fastazi-P,23,0.9897959183673469,1,0.02040816326530612
JxPath,20,27,80%,Random,23,0.7244897959183674,14,0.2857142857142857
JxPath,20,27,90%,Ekstazi,26,0.9285714285714286,4,0.08163265306122448
JxPath,20,27,90%,FAST,26,0.9693877551020408,2,0.04081632653061224
JxPath,20,27,90%,Ekstazi+dpt,26,0.5,25,0.5102040816326531
JxPath,20,27,90%,DPT,26,0.47959183673469385,26,0.5306122448979592
JxPath,20,27,90%,STARTS,26,0.8877551020408163,6,0.12244897959183673
JxPath,20,27,90%,STARTS+FAST-S,26,0.9693877551020408,2,0.04081632653061224
JxPath,20,27,90%,STARTS+FAST-P,26,0.9285714285714286,4,0.08163265306122448
JxPath,20,27,90%,STARTS+DPT,26,0.5,25,0.5102040816326531
JxPath,20,27,90%,Fastazi-S,26,0.9693877551020408,2,0.04081632653061224
JxPath,20,27,90%,Fastazi-P,26,0.9897959183673469,1,0.02040816326530612
JxPath,20,27,90%,Random,26,0.7244897959183674,14,0.2857142857142857
JxPath,20,27,100%,Ekstazi,29,0.9285714285714286,4,0.08163265306122448
JxPath,20,27,100%,FAST,29,0.9693877551020408,2,0.04081632653061224
JxPath,20,27,100%,Ekstazi+dpt,29,0.5,25,0.5102040816326531
JxPath,20,27,100%,DPT,29,0.47959183673469385,26,0.5306122448979592
JxPath,20,27,100%,STARTS,29,0.8877551020408163,6,0.12244897959183673
JxPath,20,27,100%,STARTS+FAST-S,29,0.9693877551020408,2,0.04081632653061224
JxPath,20,27,100%,STARTS+FAST-P,29,0.9285714285714286,4,0.08163265306122448
JxPath,20,27,100%,STARTS+DPT,29,0.5,25,0.5102040816326531
JxPath,20,27,100%,Fastazi-S,29,0.9693877551020408,2,0.04081632653061224
JxPath,20,27,100%,Fastazi-P,29,0.9897959183673469,1,0.02040816326530612
JxPath,20,27,100%,Random,29,0.7244897959183674,14,0.2857142857142857
JxPath,20,28,10%,Ekstazi,2,0.0,NA,NA
JxPath,20,28,10%,FAST,2,0.0,NA,NA
JxPath,20,28,10%,Ekstazi+dpt,2,0.0,NA,NA
JxPath,20,28,10%,DPT,2,0.0,NA,NA
JxPath,20,28,10%,STARTS,2,0.0,NA,NA
JxPath,20,28,10%,STARTS+FAST-S,2,0.9693877551020408,2,0.04081632653061224
JxPath,20,28,10%,STARTS+FAST-P,2,0.9693877551020408,2,0.04081632653061224
JxPath,20,28,10%,STARTS+DPT,2,0.0,NA,NA
JxPath,20,28,10%,Fastazi-S,2,0.9693877551020408,2,0.04081632653061224
JxPath,20,28,10%,Fastazi-P,2,0.0,NA,NA
JxPath,20,28,10%,Random,2,0.0,NA,NA
JxPath,20,28,20%,Ekstazi,5,0.0,NA,NA
JxPath,20,28,20%,FAST,5,0.0,NA,NA
JxPath,20,28,20%,Ekstazi+dpt,5,0.0,NA,NA
JxPath,20,28,20%,DPT,5,0.0,NA,NA
JxPath,20,28,20%,STARTS,5,0.0,NA,NA
JxPath,20,28,20%,STARTS+FAST-S,5,0.9693877551020408,2,0.04081632653061224
JxPath,20,28,20%,STARTS+FAST-P,5,0.9693877551020408,2,0.04081632653061224
JxPath,20,28,20%,STARTS+DPT,5,0.0,NA,NA
JxPath,20,28,20%,Fastazi-S,5,0.9693877551020408,2,0.04081632653061224
JxPath,20,28,20%,Fastazi-P,5,0.9081632653061225,5,0.10204081632653061
JxPath,20,28,20%,Random,5,0.0,NA,NA
JxPath,20,28,25%,Ekstazi,7,0.0,NA,NA
JxPath,20,28,25%,FAST,7,0.8877551020408163,6,0.12244897959183673
JxPath,20,28,25%,Ekstazi+dpt,7,0.0,NA,NA
JxPath,20,28,25%,DPT,7,0.0,NA,NA
JxPath,20,28,25%,STARTS,7,0.0,NA,NA
JxPath,20,28,25%,STARTS+FAST-S,7,0.9693877551020408,2,0.04081632653061224
JxPath,20,28,25%,STARTS+FAST-P,7,0.9693877551020408,2,0.04081632653061224
JxPath,20,28,25%,STARTS+DPT,7,0.0,NA,NA
JxPath,20,28,25%,Fastazi-S,7,0.9693877551020408,2,0.04081632653061224
JxPath,20,28,25%,Fastazi-P,7,0.9081632653061225,5,0.10204081632653061
JxPath,20,28,25%,Random,7,0.0,NA,NA
JxPath,20,28,30%,Ekstazi,8,0.0,NA,NA
JxPath,20,28,30%,FAST,8,0.8877551020408163,6,0.12244897959183673
JxPath,20,28,30%,Ekstazi+dpt,8,0.0,NA,NA
JxPath,20,28,30%,DPT,8,0.0,NA,NA
JxPath,20,28,30%,STARTS,8,0.8469387755102041,8,0.16326530612244897
JxPath,20,28,30%,STARTS+FAST-S,8,0.9693877551020408,2,0.04081632653061224
JxPath,20,28,30%,STARTS+FAST-P,8,0.9693877551020408,2,0.04081632653061224
JxPath,20,28,30%,STARTS+DPT,8,0.0,NA,NA
JxPath,20,28,30%,Fastazi-S,8,0.9693877551020408,2,0.04081632653061224
JxPath,20,28,30%,Fastazi-P,8,0.9081632653061225,5,0.10204081632653061
JxPath,20,28,30%,Random,8,0.0,NA,NA
JxPath,20,28,40%,Ekstazi,11,0.8061224489795918,10,0.20408163265306123
JxPath,20,28,40%,FAST,11,0.8877551020408163,6,0.12244897959183673
JxPath,20,28,40%,Ekstazi+dpt,11,0.0,NA,NA
JxPath,20,28,40%,DPT,11,0.0,NA,NA
JxPath,20,28,40%,STARTS,11,0.8469387755102041,8,0.16326530612244897
JxPath,20,28,40%,STARTS+FAST-S,11,0.9693877551020408,2,0.04081632653061224
JxPath,20,28,40%,STARTS+FAST-P,11,0.9693877551020408,2,0.04081632653061224
JxPath,20,28,40%,STARTS+DPT,11,0.0,NA,NA
JxPath,20,28,40%,Fastazi-S,11,0.9693877551020408,2,0.04081632653061224
JxPath,20,28,40%,Fastazi-P,11,0.9081632653061225,5,0.10204081632653061
JxPath,20,28,40%,Random,11,0.0,NA,NA
JxPath,20,28,50%,Ekstazi,14,0.8061224489795918,10,0.20408163265306123
JxPath,20,28,50%,FAST,14,0.8877551020408163,6,0.12244897959183673
JxPath,20,28,50%,Ekstazi+dpt,14,0.0,NA,NA
JxPath,20,28,50%,DPT,14,0.0,NA,NA
JxPath,20,28,50%,STARTS,14,0.8469387755102041,8,0.16326530612244897
JxPath,20,28,50%,STARTS+FAST-S,14,0.9693877551020408,2,0.04081632653061224
JxPath,20,28,50%,STARTS+FAST-P,14,0.9693877551020408,2,0.04081632653061224
JxPath,20,28,50%,STARTS+DPT,14,0.0,NA,NA
JxPath,20,28,50%,Fastazi-S,14,0.9693877551020408,2,0.04081632653061224
JxPath,20,28,50%,Fastazi-P,14,0.9081632653061225,5,0.10204081632653061
JxPath,20,28,50%,Random,14,0.0,NA,NA
JxPath,20,28,60%,Ekstazi,17,0.8061224489795918,10,0.20408163265306123
JxPath,20,28,60%,FAST,17,0.8877551020408163,6,0.12244897959183673
JxPath,20,28,60%,Ekstazi+dpt,17,0.0,NA,NA
JxPath,20,28,60%,DPT,17,0.0,NA,NA
JxPath,20,28,60%,STARTS,17,0.8469387755102041,8,0.16326530612244897
JxPath,20,28,60%,STARTS+FAST-S,17,0.9693877551020408,2,0.04081632653061224
JxPath,20,28,60%,STARTS+FAST-P,17,0.9693877551020408,2,0.04081632653061224
JxPath,20,28,60%,STARTS+DPT,17,0.0,NA,NA
JxPath,20,28,60%,Fastazi-S,17,0.9693877551020408,2,0.04081632653061224
JxPath,20,28,60%,Fastazi-P,17,0.9081632653061225,5,0.10204081632653061
JxPath,20,28,60%,Random,17,0.0,NA,NA
JxPath,20,28,70%,Ekstazi,20,0.8061224489795918,10,0.20408163265306123
JxPath,20,28,70%,FAST,20,0.8877551020408163,6,0.12244897959183673
JxPath,20,28,70%,Ekstazi+dpt,20,0.0,NA,NA
JxPath,20,28,70%,DPT,20,0.0,NA,NA
JxPath,20,28,70%,STARTS,20,0.8469387755102041,8,0.16326530612244897
JxPath,20,28,70%,STARTS+FAST-S,20,0.9693877551020408,2,0.04081632653061224
JxPath,20,28,70%,STARTS+FAST-P,20,0.9693877551020408,2,0.04081632653061224
JxPath,20,28,70%,STARTS+DPT,20,0.0,NA,NA
JxPath,20,28,70%,Fastazi-S,20,0.9693877551020408,2,0.04081632653061224
JxPath,20,28,70%,Fastazi-P,20,0.9081632653061225,5,0.10204081632653061
JxPath,20,28,70%,Random,20,0.0,NA,NA
JxPath,20,28,75%,Ekstazi,21,0.8061224489795918,10,0.20408163265306123
JxPath,20,28,75%,FAST,21,0.8877551020408163,6,0.12244897959183673
JxPath,20,28,75%,Ekstazi+dpt,21,0.0,NA,NA
JxPath,20,28,75%,DPT,21,0.0,NA,NA
JxPath,20,28,75%,STARTS,21,0.8469387755102041,8,0.16326530612244897
JxPath,20,28,75%,STARTS+FAST-S,21,0.9693877551020408,2,0.04081632653061224
JxPath,20,28,75%,STARTS+FAST-P,21,0.9693877551020408,2,0.04081632653061224
JxPath,20,28,75%,STARTS+DPT,21,0.0,NA,NA
JxPath,20,28,75%,Fastazi-S,21,0.9693877551020408,2,0.04081632653061224
JxPath,20,28,75%,Fastazi-P,21,0.9081632653061225,5,0.10204081632653061
JxPath,20,28,75%,Random,21,0.5816326530612245,21,0.42857142857142855
JxPath,20,28,80%,Ekstazi,23,0.8061224489795918,10,0.20408163265306123
JxPath,20,28,80%,FAST,23,0.8877551020408163,6,0.12244897959183673
JxPath,20,28,80%,Ekstazi+dpt,23,0.0,NA,NA
JxPath,20,28,80%,DPT,23,0.0,NA,NA
JxPath,20,28,80%,STARTS,23,0.8469387755102041,8,0.16326530612244897
JxPath,20,28,80%,STARTS+FAST-S,23,0.9693877551020408,2,0.04081632653061224
JxPath,20,28,80%,STARTS+FAST-P,23,0.9693877551020408,2,0.04081632653061224
JxPath,20,28,80%,STARTS+DPT,23,0.0,NA,NA
JxPath,20,28,80%,Fastazi-S,23,0.9693877551020408,2,0.04081632653061224
JxPath,20,28,80%,Fastazi-P,23,0.9081632653061225,5,0.10204081632653061
JxPath,20,28,80%,Random,23,0.5816326530612245,21,0.42857142857142855
JxPath,20,28,90%,Ekstazi,26,0.8061224489795918,10,0.20408163265306123
JxPath,20,28,90%,FAST,26,0.8877551020408163,6,0.12244897959183673
JxPath,20,28,90%,Ekstazi+dpt,26,0.5,25,0.5102040816326531
JxPath,20,28,90%,DPT,26,0.47959183673469385,26,0.5306122448979592
JxPath,20,28,90%,STARTS,26,0.8469387755102041,8,0.16326530612244897
JxPath,20,28,90%,STARTS+FAST-S,26,0.9693877551020408,2,0.04081632653061224
JxPath,20,28,90%,STARTS+FAST-P,26,0.9693877551020408,2,0.04081632653061224
JxPath,20,28,90%,STARTS+DPT,26,0.5,25,0.5102040816326531
JxPath,20,28,90%,Fastazi-S,26,0.9693877551020408,2,0.04081632653061224
JxPath,20,28,90%,Fastazi-P,26,0.9081632653061225,5,0.10204081632653061
JxPath,20,28,90%,Random,26,0.5816326530612245,21,0.42857142857142855
JxPath,20,28,100%,Ekstazi,29,0.8061224489795918,10,0.20408163265306123
JxPath,20,28,100%,FAST,29,0.8877551020408163,6,0.12244897959183673
JxPath,20,28,100%,Ekstazi+dpt,29,0.5,25,0.5102040816326531
JxPath,20,28,100%,DPT,29,0.47959183673469385,26,0.5306122448979592
JxPath,20,28,100%,STARTS,29,0.8469387755102041,8,0.16326530612244897
JxPath,20,28,100%,STARTS+FAST-S,29,0.9693877551020408,2,0.04081632653061224
JxPath,20,28,100%,STARTS+FAST-P,29,0.9693877551020408,2,0.04081632653061224
JxPath,20,28,100%,STARTS+DPT,29,0.5,25,0.5102040816326531
JxPath,20,28,100%,Fastazi-S,29,0.9693877551020408,2,0.04081632653061224
JxPath,20,28,100%,Fastazi-P,29,0.9081632653061225,5,0.10204081632653061
JxPath,20,28,100%,Random,29,0.5816326530612245,21,0.42857142857142855
JxPath,20,29,10%,Ekstazi,2,0.0,NA,NA
JxPath,20,29,10%,FAST,2,0.0,NA,NA
JxPath,20,29,10%,Ekstazi+dpt,2,0.0,NA,NA
JxPath,20,29,10%,DPT,2,0.0,NA,NA
JxPath,20,29,10%,STARTS,2,0.0,NA,NA
JxPath,20,29,10%,STARTS+FAST-S,2,0.9693877551020408,2,0.04081632653061224
JxPath,20,29,10%,STARTS+FAST-P,2,0.0,NA,NA
JxPath,20,29,10%,STARTS+DPT,2,0.0,NA,NA
JxPath,20,29,10%,Fastazi-S,2,0.0,NA,NA
JxPath,20,29,10%,Fastazi-P,2,0.0,NA,NA
JxPath,20,29,10%,Random,2,0.0,NA,NA
JxPath,20,29,20%,Ekstazi,5,0.0,NA,NA
JxPath,20,29,20%,FAST,5,0.9081632653061225,5,0.10204081632653061
JxPath,20,29,20%,Ekstazi+dpt,5,0.0,NA,NA
JxPath,20,29,20%,DPT,5,0.0,NA,NA
JxPath,20,29,20%,STARTS,5,0.0,NA,NA
JxPath,20,29,20%,STARTS+FAST-S,5,0.9693877551020408,2,0.04081632653061224
JxPath,20,29,20%,STARTS+FAST-P,5,0.9285714285714286,4,0.08163265306122448
JxPath,20,29,20%,STARTS+DPT,5,0.0,NA,NA
JxPath,20,29,20%,Fastazi-S,5,0.9081632653061225,5,0.10204081632653061
JxPath,20,29,20%,Fastazi-P,5,0.9081632653061225,5,0.10204081632653061
JxPath,20,29,20%,Random,5,0.0,NA,NA
JxPath,20,29,25%,Ekstazi,7,0.0,NA,NA
JxPath,20,29,25%,FAST,7,0.9081632653061225,5,0.10204081632653061
JxPath,20,29,25%,Ekstazi+dpt,7,0.0,NA,NA
JxPath,20,29,25%,DPT,7,0.0,NA,NA
JxPath,20,29,25%,STARTS,7,0.0,NA,NA
JxPath,20,29,25%,STARTS+FAST-S,7,0.9693877551020408,2,0.04081632653061224
JxPath,20,29,25%,STARTS+FAST-P,7,0.9285714285714286,4,0.08163265306122448
JxPath,20,29,25%,STARTS+DPT,7,0.0,NA,NA
JxPath,20,29,25%,Fastazi-S,7,0.9081632653061225,5,0.10204081632653061
JxPath,20,29,25%,Fastazi-P,7,0.9081632653061225,5,0.10204081632653061
JxPath,20,29,25%,Random,7,0.8673469387755103,7,0.14285714285714285
JxPath,20,29,30%,Ekstazi,8,0.0,NA,NA
JxPath,20,29,30%,FAST,8,0.9081632653061225,5,0.10204081632653061
JxPath,20,29,30%,Ekstazi+dpt,8,0.0,NA,NA
JxPath,20,29,30%,DPT,8,0.0,NA,NA
JxPath,20,29,30%,STARTS,8,0.8469387755102041,8,0.16326530612244897
JxPath,20,29,30%,STARTS+FAST-S,8,0.9693877551020408,2,0.04081632653061224
JxPath,20,29,30%,STARTS+FAST-P,8,0.9285714285714286,4,0.08163265306122448
JxPath,20,29,30%,STARTS+DPT,8,0.0,NA,NA
JxPath,20,29,30%,Fastazi-S,8,0.9081632653061225,5,0.10204081632653061
JxPath,20,29,30%,Fastazi-P,8,0.9081632653061225,5,0.10204081632653061
JxPath,20,29,30%,Random,8,0.8673469387755103,7,0.14285714285714285
JxPath,20,29,40%,Ekstazi,11,0.0,NA,NA
JxPath,20,29,40%,FAST,11,0.9081632653061225,5,0.10204081632653061
JxPath,20,29,40%,Ekstazi+dpt,11,0.0,NA,NA
JxPath,20,29,40%,DPT,11,0.0,NA,NA
JxPath,20,29,40%,STARTS,11,0.8469387755102041,8,0.16326530612244897
JxPath,20,29,40%,STARTS+FAST-S,11,0.9693877551020408,2,0.04081632653061224
JxPath,20,29,40%,STARTS+FAST-P,11,0.9285714285714286,4,0.08163265306122448
JxPath,20,29,40%,STARTS+DPT,11,0.0,NA,NA
JxPath,20,29,40%,Fastazi-S,11,0.9081632653061225,5,0.10204081632653061
JxPath,20,29,40%,Fastazi-P,11,0.9081632653061225,5,0.10204081632653061
JxPath,20,29,40%,Random,11,0.8673469387755103,7,0.14285714285714285
JxPath,20,29,50%,Ekstazi,14,0.0,NA,NA
JxPath,20,29,50%,FAST,14,0.9081632653061225,5,0.10204081632653061
JxPath,20,29,50%,Ekstazi+dpt,14,0.0,NA,NA
JxPath,20,29,50%,DPT,14,0.0,NA,NA
JxPath,20,29,50%,STARTS,14,0.8469387755102041,8,0.16326530612244897
JxPath,20,29,50%,STARTS+FAST-S,14,0.9693877551020408,2,0.04081632653061224
JxPath,20,29,50%,STARTS+FAST-P,14,0.9285714285714286,4,0.08163265306122448
JxPath,20,29,50%,STARTS+DPT,14,0.0,NA,NA
JxPath,20,29,50%,Fastazi-S,14,0.9081632653061225,5,0.10204081632653061
JxPath,20,29,50%,Fastazi-P,14,0.9081632653061225,5,0.10204081632653061
JxPath,20,29,50%,Random,14,0.8673469387755103,7,0.14285714285714285
JxPath,20,29,60%,Ekstazi,17,0.0,NA,NA
JxPath,20,29,60%,FAST,17,0.9081632653061225,5,0.10204081632653061
JxPath,20,29,60%,Ekstazi+dpt,17,0.0,NA,NA
JxPath,20,29,60%,DPT,17,0.0,NA,NA
JxPath,20,29,60%,STARTS,17,0.8469387755102041,8,0.16326530612244897
JxPath,20,29,60%,STARTS+FAST-S,17,0.9693877551020408,2,0.04081632653061224
JxPath,20,29,60%,STARTS+FAST-P,17,0.9285714285714286,4,0.08163265306122448
JxPath,20,29,60%,STARTS+DPT,17,0.0,NA,NA
JxPath,20,29,60%,Fastazi-S,17,0.9081632653061225,5,0.10204081632653061
JxPath,20,29,60%,Fastazi-P,17,0.9081632653061225,5,0.10204081632653061
JxPath,20,29,60%,Random,17,0.8673469387755103,7,0.14285714285714285
JxPath,20,29,70%,Ekstazi,20,0.0,NA,NA
JxPath,20,29,70%,FAST,20,0.9081632653061225,5,0.10204081632653061
JxPath,20,29,70%,Ekstazi+dpt,20,0.0,NA,NA
JxPath,20,29,70%,DPT,20,0.0,NA,NA
JxPath,20,29,70%,STARTS,20,0.8469387755102041,8,0.16326530612244897
JxPath,20,29,70%,STARTS+FAST-S,20,0.9693877551020408,2,0.04081632653061224
JxPath,20,29,70%,STARTS+FAST-P,20,0.9285714285714286,4,0.08163265306122448
JxPath,20,29,70%,STARTS+DPT,20,0.0,NA,NA
JxPath,20,29,70%,Fastazi-S,20,0.9081632653061225,5,0.10204081632653061
JxPath,20,29,70%,Fastazi-P,20,0.9081632653061225,5,0.10204081632653061
JxPath,20,29,70%,Random,20,0.8673469387755103,7,0.14285714285714285
JxPath,20,29,75%,Ekstazi,21,0.0,NA,NA
JxPath,20,29,75%,FAST,21,0.9081632653061225,5,0.10204081632653061
JxPath,20,29,75%,Ekstazi+dpt,21,0.0,NA,NA
JxPath,20,29,75%,DPT,21,0.0,NA,NA
JxPath,20,29,75%,STARTS,21,0.8469387755102041,8,0.16326530612244897
JxPath,20,29,75%,STARTS+FAST-S,21,0.9693877551020408,2,0.04081632653061224
JxPath,20,29,75%,STARTS+FAST-P,21,0.9285714285714286,4,0.08163265306122448
JxPath,20,29,75%,STARTS+DPT,21,0.0,NA,NA
JxPath,20,29,75%,Fastazi-S,21,0.9081632653061225,5,0.10204081632653061
JxPath,20,29,75%,Fastazi-P,21,0.9081632653061225,5,0.10204081632653061
JxPath,20,29,75%,Random,21,0.8673469387755103,7,0.14285714285714285
JxPath,20,29,80%,Ekstazi,23,0.0,NA,NA
JxPath,20,29,80%,FAST,23,0.9081632653061225,5,0.10204081632653061
JxPath,20,29,80%,Ekstazi+dpt,23,0.0,NA,NA
JxPath,20,29,80%,DPT,23,0.0,NA,NA
JxPath,20,29,80%,STARTS,23,0.8469387755102041,8,0.16326530612244897
JxPath,20,29,80%,STARTS+FAST-S,23,0.9693877551020408,2,0.04081632653061224
JxPath,20,29,80%,STARTS+FAST-P,23,0.9285714285714286,4,0.08163265306122448
JxPath,20,29,80%,STARTS+DPT,23,0.0,NA,NA
JxPath,20,29,80%,Fastazi-S,23,0.9081632653061225,5,0.10204081632653061
JxPath,20,29,80%,Fastazi-P,23,0.9081632653061225,5,0.10204081632653061
JxPath,20,29,80%,Random,23,0.8673469387755103,7,0.14285714285714285
JxPath,20,29,90%,Ekstazi,26,0.0,NA,NA
JxPath,20,29,90%,FAST,26,0.9081632653061225,5,0.10204081632653061
JxPath,20,29,90%,Ekstazi+dpt,26,0.5,25,0.5102040816326531
JxPath,20,29,90%,DPT,26,0.47959183673469385,26,0.5306122448979592
JxPath,20,29,90%,STARTS,26,0.8469387755102041,8,0.16326530612244897
JxPath,20,29,90%,STARTS+FAST-S,26,0.9693877551020408,2,0.04081632653061224
JxPath,20,29,90%,STARTS+FAST-P,26,0.9285714285714286,4,0.08163265306122448
JxPath,20,29,90%,STARTS+DPT,26,0.5,25,0.5102040816326531
JxPath,20,29,90%,Fastazi-S,26,0.9081632653061225,5,0.10204081632653061
JxPath,20,29,90%,Fastazi-P,26,0.9081632653061225,5,0.10204081632653061
JxPath,20,29,90%,Random,26,0.8673469387755103,7,0.14285714285714285
JxPath,20,29,100%,Ekstazi,29,0.4387755102040817,28,0.5714285714285714
JxPath,20,29,100%,FAST,29,0.9081632653061225,5,0.10204081632653061
JxPath,20,29,100%,Ekstazi+dpt,29,0.5,25,0.5102040816326531
JxPath,20,29,100%,DPT,29,0.47959183673469385,26,0.5306122448979592
JxPath,20,29,100%,STARTS,29,0.8469387755102041,8,0.16326530612244897
JxPath,20,29,100%,STARTS+FAST-S,29,0.9693877551020408,2,0.04081632653061224
JxPath,20,29,100%,STARTS+FAST-P,29,0.9285714285714286,4,0.08163265306122448
JxPath,20,29,100%,STARTS+DPT,29,0.5,25,0.5102040816326531
JxPath,20,29,100%,Fastazi-S,29,0.9081632653061225,5,0.10204081632653061
JxPath,20,29,100%,Fastazi-P,29,0.9081632653061225,5,0.10204081632653061
JxPath,20,29,100%,Random,29,0.8673469387755103,7,0.14285714285714285
JxPath,20,30,10%,Ekstazi,2,0.0,NA,NA
JxPath,20,30,10%,FAST,2,0.0,NA,NA
JxPath,20,30,10%,Ekstazi+dpt,2,0.0,NA,NA
JxPath,20,30,10%,DPT,2,0.0,NA,NA
JxPath,20,30,10%,STARTS,2,0.0,NA,NA
JxPath,20,30,10%,STARTS+FAST-S,2,0.9693877551020408,2,0.04081632653061224
JxPath,20,30,10%,STARTS+FAST-P,2,0.0,NA,NA
JxPath,20,30,10%,STARTS+DPT,2,0.0,NA,NA
JxPath,20,30,10%,Fastazi-S,2,0.9693877551020408,2,0.04081632653061224
JxPath,20,30,10%,Fastazi-P,2,0.0,NA,NA
JxPath,20,30,10%,Random,2,0.0,NA,NA
JxPath,20,30,20%,Ekstazi,5,0.0,NA,NA
JxPath,20,30,20%,FAST,5,0.9285714285714286,4,0.08163265306122448
JxPath,20,30,20%,Ekstazi+dpt,5,0.0,NA,NA
JxPath,20,30,20%,DPT,5,0.0,NA,NA
JxPath,20,30,20%,STARTS,5,0.0,NA,NA
JxPath,20,30,20%,STARTS+FAST-S,5,0.9693877551020408,2,0.04081632653061224
JxPath,20,30,20%,STARTS+FAST-P,5,0.9489795918367347,3,0.061224489795918366
JxPath,20,30,20%,STARTS+DPT,5,0.0,NA,NA
JxPath,20,30,20%,Fastazi-S,5,0.9693877551020408,2,0.04081632653061224
JxPath,20,30,20%,Fastazi-P,5,0.9285714285714286,4,0.08163265306122448
JxPath,20,30,20%,Random,5,0.0,NA,NA
JxPath,20,30,25%,Ekstazi,7,0.0,NA,NA
JxPath,20,30,25%,FAST,7,0.9285714285714286,4,0.08163265306122448
JxPath,20,30,25%,Ekstazi+dpt,7,0.0,NA,NA
JxPath,20,30,25%,DPT,7,0.0,NA,NA
JxPath,20,30,25%,STARTS,7,0.0,NA,NA
JxPath,20,30,25%,STARTS+FAST-S,7,0.9693877551020408,2,0.04081632653061224
JxPath,20,30,25%,STARTS+FAST-P,7,0.9489795918367347,3,0.061224489795918366
JxPath,20,30,25%,STARTS+DPT,7,0.0,NA,NA
JxPath,20,30,25%,Fastazi-S,7,0.9693877551020408,2,0.04081632653061224
JxPath,20,30,25%,Fastazi-P,7,0.9285714285714286,4,0.08163265306122448
JxPath,20,30,25%,Random,7,0.0,NA,NA
JxPath,20,30,30%,Ekstazi,8,0.0,NA,NA
JxPath,20,30,30%,FAST,8,0.9285714285714286,4,0.08163265306122448
JxPath,20,30,30%,Ekstazi+dpt,8,0.0,NA,NA
JxPath,20,30,30%,DPT,8,0.0,NA,NA
JxPath,20,30,30%,STARTS,8,0.0,NA,NA
JxPath,20,30,30%,STARTS+FAST-S,8,0.9693877551020408,2,0.04081632653061224
JxPath,20,30,30%,STARTS+FAST-P,8,0.9489795918367347,3,0.061224489795918366
JxPath,20,30,30%,STARTS+DPT,8,0.0,NA,NA
JxPath,20,30,30%,Fastazi-S,8,0.9693877551020408,2,0.04081632653061224
JxPath,20,30,30%,Fastazi-P,8,0.9285714285714286,4,0.08163265306122448
JxPath,20,30,30%,Random,8,0.0,NA,NA
JxPath,20,30,40%,Ekstazi,11,0.7857142857142857,11,0.22448979591836735
JxPath,20,30,40%,FAST,11,0.9285714285714286,4,0.08163265306122448
JxPath,20,30,40%,Ekstazi+dpt,11,0.0,NA,NA
JxPath,20,30,40%,DPT,11,0.0,NA,NA
JxPath,20,30,40%,STARTS,11,0.0,NA,NA
JxPath,20,30,40%,STARTS+FAST-S,11,0.9693877551020408,2,0.04081632653061224
JxPath,20,30,40%,STARTS+FAST-P,11,0.9489795918367347,3,0.061224489795918366
JxPath,20,30,40%,STARTS+DPT,11,0.0,NA,NA
JxPath,20,30,40%,Fastazi-S,11,0.9693877551020408,2,0.04081632653061224
JxPath,20,30,40%,Fastazi-P,11,0.9285714285714286,4,0.08163265306122448
JxPath,20,30,40%,Random,11,0.0,NA,NA
JxPath,20,30,50%,Ekstazi,14,0.7857142857142857,11,0.22448979591836735
JxPath,20,30,50%,FAST,14,0.9285714285714286,4,0.08163265306122448
JxPath,20,30,50%,Ekstazi+dpt,14,0.0,NA,NA
JxPath,20,30,50%,DPT,14,0.0,NA,NA
JxPath,20,30,50%,STARTS,14,0.0,NA,NA
JxPath,20,30,50%,STARTS+FAST-S,14,0.9693877551020408,2,0.04081632653061224
JxPath,20,30,50%,STARTS+FAST-P,14,0.9489795918367347,3,0.061224489795918366
JxPath,20,30,50%,STARTS+DPT,14,0.0,NA,NA
JxPath,20,30,50%,Fastazi-S,14,0.9693877551020408,2,0.04081632653061224
JxPath,20,30,50%,Fastazi-P,14,0.9285714285714286,4,0.08163265306122448
JxPath,20,30,50%,Random,14,0.0,NA,NA
JxPath,20,30,60%,Ekstazi,17,0.7857142857142857,11,0.22448979591836735
JxPath,20,30,60%,FAST,17,0.9285714285714286,4,0.08163265306122448
JxPath,20,30,60%,Ekstazi+dpt,17,0.0,NA,NA
JxPath,20,30,60%,DPT,17,0.0,NA,NA
JxPath,20,30,60%,STARTS,17,0.0,NA,NA
JxPath,20,30,60%,STARTS+FAST-S,17,0.9693877551020408,2,0.04081632653061224
JxPath,20,30,60%,STARTS+FAST-P,17,0.9489795918367347,3,0.061224489795918366
JxPath,20,30,60%,STARTS+DPT,17,0.0,NA,NA
JxPath,20,30,60%,Fastazi-S,17,0.9693877551020408,2,0.04081632653061224
JxPath,20,30,60%,Fastazi-P,17,0.9285714285714286,4,0.08163265306122448
JxPath,20,30,60%,Random,17,0.0,NA,NA
JxPath,20,30,70%,Ekstazi,20,0.7857142857142857,11,0.22448979591836735
JxPath,20,30,70%,FAST,20,0.9285714285714286,4,0.08163265306122448
JxPath,20,30,70%,Ekstazi+dpt,20,0.0,NA,NA
JxPath,20,30,70%,DPT,20,0.0,NA,NA
JxPath,20,30,70%,STARTS,20,0.0,NA,NA
JxPath,20,30,70%,STARTS+FAST-S,20,0.9693877551020408,2,0.04081632653061224
JxPath,20,30,70%,STARTS+FAST-P,20,0.9489795918367347,3,0.061224489795918366
JxPath,20,30,70%,STARTS+DPT,20,0.0,NA,NA
JxPath,20,30,70%,Fastazi-S,20,0.9693877551020408,2,0.04081632653061224
JxPath,20,30,70%,Fastazi-P,20,0.9285714285714286,4,0.08163265306122448
JxPath,20,30,70%,Random,20,0.6224489795918368,19,0.3877551020408163
JxPath,20,30,75%,Ekstazi,21,0.7857142857142857,11,0.22448979591836735
JxPath,20,30,75%,FAST,21,0.9285714285714286,4,0.08163265306122448
JxPath,20,30,75%,Ekstazi+dpt,21,0.0,NA,NA
JxPath,20,30,75%,DPT,21,0.0,NA,NA
JxPath,20,30,75%,STARTS,21,0.0,NA,NA
JxPath,20,30,75%,STARTS+FAST-S,21,0.9693877551020408,2,0.04081632653061224
JxPath,20,30,75%,STARTS+FAST-P,21,0.9489795918367347,3,0.061224489795918366
JxPath,20,30,75%,STARTS+DPT,21,0.0,NA,NA
JxPath,20,30,75%,Fastazi-S,21,0.9693877551020408,2,0.04081632653061224
JxPath,20,30,75%,Fastazi-P,21,0.9285714285714286,4,0.08163265306122448
JxPath,20,30,75%,Random,21,0.6224489795918368,19,0.3877551020408163
JxPath,20,30,80%,Ekstazi,23,0.7857142857142857,11,0.22448979591836735
JxPath,20,30,80%,FAST,23,0.9285714285714286,4,0.08163265306122448
JxPath,20,30,80%,Ekstazi+dpt,23,0.0,NA,NA
JxPath,20,30,80%,DPT,23,0.0,NA,NA
JxPath,20,30,80%,STARTS,23,0.0,NA,NA
JxPath,20,30,80%,STARTS+FAST-S,23,0.9693877551020408,2,0.04081632653061224
JxPath,20,30,80%,STARTS+FAST-P,23,0.9489795918367347,3,0.061224489795918366
JxPath,20,30,80%,STARTS+DPT,23,0.0,NA,NA
JxPath,20,30,80%,Fastazi-S,23,0.9693877551020408,2,0.04081632653061224
JxPath,20,30,80%,Fastazi-P,23,0.9285714285714286,4,0.08163265306122448
JxPath,20,30,80%,Random,23,0.6224489795918368,19,0.3877551020408163
JxPath,20,30,90%,Ekstazi,26,0.7857142857142857,11,0.22448979591836735
JxPath,20,30,90%,FAST,26,0.9285714285714286,4,0.08163265306122448
JxPath,20,30,90%,Ekstazi+dpt,26,0.5,25,0.5102040816326531
JxPath,20,30,90%,DPT,26,0.47959183673469385,26,0.5306122448979592
JxPath,20,30,90%,STARTS,26,0.0,NA,NA
JxPath,20,30,90%,STARTS+FAST-S,26,0.9693877551020408,2,0.04081632653061224
JxPath,20,30,90%,STARTS+FAST-P,26,0.9489795918367347,3,0.061224489795918366
JxPath,20,30,90%,STARTS+DPT,26,0.5,25,0.5102040816326531
JxPath,20,30,90%,Fastazi-S,26,0.9693877551020408,2,0.04081632653061224
JxPath,20,30,90%,Fastazi-P,26,0.9285714285714286,4,0.08163265306122448
JxPath,20,30,90%,Random,26,0.6224489795918368,19,0.3877551020408163
JxPath,20,30,100%,Ekstazi,29,0.7857142857142857,11,0.22448979591836735
JxPath,20,30,100%,FAST,29,0.9285714285714286,4,0.08163265306122448
JxPath,20,30,100%,Ekstazi+dpt,29,0.5,25,0.5102040816326531
JxPath,20,30,100%,DPT,29,0.47959183673469385,26,0.5306122448979592
JxPath,20,30,100%,STARTS,29,0.4591836734693878,27,0.5510204081632653
JxPath,20,30,100%,STARTS+FAST-S,29,0.9693877551020408,2,0.04081632653061224
JxPath,20,30,100%,STARTS+FAST-P,29,0.9489795918367347,3,0.061224489795918366
JxPath,20,30,100%,STARTS+DPT,29,0.5,25,0.5102040816326531
JxPath,20,30,100%,Fastazi-S,29,0.9693877551020408,2,0.04081632653061224
JxPath,20,30,100%,Fastazi-P,29,0.9285714285714286,4,0.08163265306122448
JxPath,20,30,100%,Random,29,0.6224489795918368,19,0.3877551020408163
JxPath,21,1,10%,Ekstazi,2,0.0,NA,NA
JxPath,21,1,10%,FAST,2,0.0,NA,NA
JxPath,21,1,10%,Ekstazi+dpt,2,0.97,2,0.04
JxPath,21,1,10%,DPT,2,0.97,2,0.04
JxPath,21,1,10%,STARTS,2,0.0,NA,NA
JxPath,21,1,10%,STARTS+FAST-S,2,0.0,NA,NA
JxPath,21,1,10%,STARTS+FAST-P,2,0.0,NA,NA
JxPath,21,1,10%,STARTS+DPT,2,0.97,2,0.04
JxPath,21,1,10%,Fastazi-S,2,0.99,1,0.02
JxPath,21,1,10%,Fastazi-P,2,0.0,NA,NA
JxPath,21,1,10%,Random,2,0.97,2,0.04
JxPath,21,1,20%,Ekstazi,4,0.0,NA,NA
JxPath,21,1,20%,FAST,4,0.0,NA,NA
JxPath,21,1,20%,Ekstazi+dpt,4,0.97,2,0.04
JxPath,21,1,20%,DPT,4,0.97,2,0.04
JxPath,21,1,20%,STARTS,4,0.0,NA,NA
JxPath,21,1,20%,STARTS+FAST-S,4,0.0,NA,NA
JxPath,21,1,20%,STARTS+FAST-P,4,0.0,NA,NA
JxPath,21,1,20%,STARTS+DPT,4,0.97,2,0.04
JxPath,21,1,20%,Fastazi-S,4,0.99,1,0.02
JxPath,21,1,20%,Fastazi-P,4,0.0,NA,NA
JxPath,21,1,20%,Random,4,0.97,2,0.04
JxPath,21,1,25%,Ekstazi,5,0.0,NA,NA
JxPath,21,1,25%,FAST,5,0.0,NA,NA
JxPath,21,1,25%,Ekstazi+dpt,5,0.97,2,0.04
JxPath,21,1,25%,DPT,5,0.97,2,0.04
JxPath,21,1,25%,STARTS,5,0.0,NA,NA
JxPath,21,1,25%,STARTS+FAST-S,5,0.0,NA,NA
JxPath,21,1,25%,STARTS+FAST-P,5,0.0,NA,NA
JxPath,21,1,25%,STARTS+DPT,5,0.97,2,0.04
JxPath,21,1,25%,Fastazi-S,5,0.99,1,0.02
JxPath,21,1,25%,Fastazi-P,5,0.0,NA,NA
JxPath,21,1,25%,Random,5,0.97,2,0.04
JxPath,21,1,30%,Ekstazi,6,0.0,NA,NA
JxPath,21,1,30%,FAST,6,0.0,NA,NA
JxPath,21,1,30%,Ekstazi+dpt,6,0.97,2,0.04
JxPath,21,1,30%,DPT,6,0.97,2,0.04
JxPath,21,1,30%,STARTS,6,0.0,NA,NA
JxPath,21,1,30%,STARTS+FAST-S,6,0.0,NA,NA
JxPath,21,1,30%,STARTS+FAST-P,6,0.0,NA,NA
JxPath,21,1,30%,STARTS+DPT,6,0.97,2,0.04
JxPath,21,1,30%,Fastazi-S,6,0.99,1,0.02
JxPath,21,1,30%,Fastazi-P,6,0.0,NA,NA
JxPath,21,1,30%,Random,6,0.97,2,0.04
JxPath,21,1,40%,Ekstazi,8,0.0,NA,NA
JxPath,21,1,40%,FAST,8,0.0,NA,NA
JxPath,21,1,40%,Ekstazi+dpt,8,0.97,2,0.04
JxPath,21,1,40%,DPT,8,0.97,2,0.04
JxPath,21,1,40%,STARTS,8,0.87,7,0.14
JxPath,21,1,40%,STARTS+FAST-S,8,0.0,NA,NA
JxPath,21,1,40%,STARTS+FAST-P,8,0.87,7,0.14
JxPath,21,1,40%,STARTS+DPT,8,0.97,2,0.04
JxPath,21,1,40%,Fastazi-S,8,0.99,1,0.02
JxPath,21,1,40%,Fastazi-P,8,0.0,NA,NA
JxPath,21,1,40%,Random,8,0.97,2,0.04
JxPath,21,1,50%,Ekstazi,10,0.0,NA,NA
JxPath,21,1,50%,FAST,10,0.0,NA,NA
JxPath,21,1,50%,Ekstazi+dpt,10,0.97,2,0.04
JxPath,21,1,50%,DPT,10,0.97,2,0.04
JxPath,21,1,50%,STARTS,10,0.87,7,0.14
JxPath,21,1,50%,STARTS+FAST-S,10,0.81,10,0.2
JxPath,21,1,50%,STARTS+FAST-P,10,0.87,7,0.14
JxPath,21,1,50%,STARTS+DPT,10,0.97,2,0.04
JxPath,21,1,50%,Fastazi-S,10,0.99,1,0.02
JxPath,21,1,50%,Fastazi-P,10,0.0,NA,NA
JxPath,21,1,50%,Random,10,0.97,2,0.04
JxPath,21,1,60%,Ekstazi,12,0.0,NA,NA
JxPath,21,1,60%,FAST,12,0.0,NA,NA
JxPath,21,1,60%,Ekstazi+dpt,12,0.97,2,0.04
JxPath,21,1,60%,DPT,12,0.97,2,0.04
JxPath,21,1,60%,STARTS,12,0.87,7,0.14
JxPath,21,1,60%,STARTS+FAST-S,12,0.81,10,0.2
JxPath,21,1,60%,STARTS+FAST-P,12,0.87,7,0.14
JxPath,21,1,60%,STARTS+DPT,12,0.97,2,0.04
JxPath,21,1,60%,Fastazi-S,12,0.99,1,0.02
JxPath,21,1,60%,Fastazi-P,12,0.79,11,0.22
JxPath,21,1,60%,Random,12,0.97,2,0.04
JxPath,21,1,70%,Ekstazi,14,0.75,13,0.26
JxPath,21,1,70%,FAST,14,0.0,NA,NA
JxPath,21,1,70%,Ekstazi+dpt,14,0.97,2,0.04
JxPath,21,1,70%,DPT,14,0.97,2,0.04
JxPath,21,1,70%,STARTS,14,0.87,7,0.14
JxPath,21,1,70%,STARTS+FAST-S,14,0.81,10,0.2
JxPath,21,1,70%,STARTS+FAST-P,14,0.87,7,0.14
JxPath,21,1,70%,STARTS+DPT,14,0.97,2,0.04
JxPath,21,1,70%,Fastazi-S,14,0.99,1,0.02
JxPath,21,1,70%,Fastazi-P,14,0.79,11,0.22
JxPath,21,1,70%,Random,14,0.97,2,0.04
JxPath,21,1,75%,Ekstazi,15,0.75,13,0.26
JxPath,21,1,75%,FAST,15,0.0,NA,NA
JxPath,21,1,75%,Ekstazi+dpt,15,0.97,2,0.04
JxPath,21,1,75%,DPT,15,0.97,2,0.04
JxPath,21,1,75%,STARTS,15,0.87,7,0.14
JxPath,21,1,75%,STARTS+FAST-S,15,0.81,10,0.2
JxPath,21,1,75%,STARTS+FAST-P,15,0.87,7,0.14
JxPath,21,1,75%,STARTS+DPT,15,0.97,2,0.04
JxPath,21,1,75%,Fastazi-S,15,0.99,1,0.02
JxPath,21,1,75%,Fastazi-P,15,0.79,11,0.22
JxPath,21,1,75%,Random,15,0.97,2,0.04
JxPath,21,1,80%,Ekstazi,16,0.75,13,0.26
JxPath,21,1,80%,FAST,16,0.0,NA,NA
JxPath,21,1,80%,Ekstazi+dpt,16,0.97,2,0.04
JxPath,21,1,80%,DPT,16,0.97,2,0.04
JxPath,21,1,80%,STARTS,16,0.87,7,0.14
JxPath,21,1,80%,STARTS+FAST-S,16,0.81,10,0.2
JxPath,21,1,80%,STARTS+FAST-P,16,0.87,7,0.14
JxPath,21,1,80%,STARTS+DPT,16,0.97,2,0.04
JxPath,21,1,80%,Fastazi-S,16,0.99,1,0.02
JxPath,21,1,80%,Fastazi-P,16,0.79,11,0.22
JxPath,21,1,80%,Random,16,0.97,2,0.04
JxPath,21,1,90%,Ekstazi,18,0.75,13,0.26
JxPath,21,1,90%,FAST,18,0.0,NA,NA
JxPath,21,1,90%,Ekstazi+dpt,18,0.97,2,0.04
JxPath,21,1,90%,DPT,18,0.97,2,0.04
JxPath,21,1,90%,STARTS,18,0.87,7,0.14
JxPath,21,1,90%,STARTS+FAST-S,18,0.81,10,0.2
JxPath,21,1,90%,STARTS+FAST-P,18,0.87,7,0.14
JxPath,21,1,90%,STARTS+DPT,18,0.97,2,0.04
JxPath,21,1,90%,Fastazi-S,18,0.99,1,0.02
JxPath,21,1,90%,Fastazi-P,18,0.79,11,0.22
JxPath,21,1,90%,Random,18,0.97,2,0.04
JxPath,21,1,100%,Ekstazi,20,0.75,13,0.26
JxPath,21,1,100%,FAST,20,0.0,NA,NA
JxPath,21,1,100%,Ekstazi+dpt,20,0.97,2,0.04
JxPath,21,1,100%,DPT,20,0.97,2,0.04
JxPath,21,1,100%,STARTS,20,0.87,7,0.14
JxPath,21,1,100%,STARTS+FAST-S,20,0.81,10,0.2
JxPath,21,1,100%,STARTS+FAST-P,20,0.87,7,0.14
JxPath,21,1,100%,STARTS+DPT,20,0.97,2,0.04
JxPath,21,1,100%,Fastazi-S,20,0.99,1,0.02
JxPath,21,1,100%,Fastazi-P,20,0.79,11,0.22
JxPath,21,1,100%,Random,20,0.97,2,0.04
JxPath,21,2,10%,Ekstazi,2,0.97,2,0.04
JxPath,21,2,10%,FAST,2,0.0,NA,NA
JxPath,21,2,10%,Ekstazi+dpt,2,0.97,2,0.04
JxPath,21,2,10%,DPT,2,0.97,2,0.04
JxPath,21,2,10%,STARTS,2,0.0,NA,NA
JxPath,21,2,10%,STARTS+FAST-S,2,0.0,NA,NA
JxPath,21,2,10%,STARTS+FAST-P,2,0.0,NA,NA
JxPath,21,2,10%,STARTS+DPT,2,0.97,2,0.04
JxPath,21,2,10%,Fastazi-S,2,0.0,NA,NA
JxPath,21,2,10%,Fastazi-P,2,0.0,NA,NA
JxPath,21,2,10%,Random,2,0.0,NA,NA
JxPath,21,2,20%,Ekstazi,4,0.97,2,0.04
JxPath,21,2,20%,FAST,4,0.0,NA,NA
JxPath,21,2,20%,Ekstazi+dpt,4,0.97,2,0.04
JxPath,21,2,20%,DPT,4,0.97,2,0.04
JxPath,21,2,20%,STARTS,4,0.0,NA,NA
JxPath,21,2,20%,STARTS+FAST-S,4,0.95,3,0.06
JxPath,21,2,20%,STARTS+FAST-P,4,0.0,NA,NA
JxPath,21,2,20%,STARTS+DPT,4,0.97,2,0.04
JxPath,21,2,20%,Fastazi-S,4,0.0,NA,NA
JxPath,21,2,20%,Fastazi-P,4,0.0,NA,NA
JxPath,21,2,20%,Random,4,0.0,NA,NA
JxPath,21,2,25%,Ekstazi,5,0.97,2,0.04
JxPath,21,2,25%,FAST,5,0.0,NA,NA
JxPath,21,2,25%,Ekstazi+dpt,5,0.97,2,0.04
JxPath,21,2,25%,DPT,5,0.97,2,0.04
JxPath,21,2,25%,STARTS,5,0.0,NA,NA
JxPath,21,2,25%,STARTS+FAST-S,5,0.95,3,0.06
JxPath,21,2,25%,STARTS+FAST-P,5,0.0,NA,NA
JxPath,21,2,25%,STARTS+DPT,5,0.97,2,0.04
JxPath,21,2,25%,Fastazi-S,5,0.0,NA,NA
JxPath,21,2,25%,Fastazi-P,5,0.0,NA,NA
JxPath,21,2,25%,Random,5,0.91,5,0.1
JxPath,21,2,30%,Ekstazi,6,0.97,2,0.04
JxPath,21,2,30%,FAST,6,0.0,NA,NA
JxPath,21,2,30%,Ekstazi+dpt,6,0.97,2,0.04
JxPath,21,2,30%,DPT,6,0.97,2,0.04
JxPath,21,2,30%,STARTS,6,0.0,NA,NA
JxPath,21,2,30%,STARTS+FAST-S,6,0.95,3,0.06
JxPath,21,2,30%,STARTS+FAST-P,6,0.0,NA,NA
JxPath,21,2,30%,STARTS+DPT,6,0.97,2,0.04
JxPath,21,2,30%,Fastazi-S,6,0.0,NA,NA
JxPath,21,2,30%,Fastazi-P,6,0.0,NA,NA
JxPath,21,2,30%,Random,6,0.91,5,0.1
JxPath,21,2,40%,Ekstazi,8,0.97,2,0.04
JxPath,21,2,40%,FAST,8,0.0,NA,NA
JxPath,21,2,40%,Ekstazi+dpt,8,0.97,2,0.04
JxPath,21,2,40%,DPT,8,0.97,2,0.04
JxPath,21,2,40%,STARTS,8,0.0,NA,NA
JxPath,21,2,40%,STARTS+FAST-S,8,0.95,3,0.06
JxPath,21,2,40%,STARTS+FAST-P,8,0.0,NA,NA
JxPath,21,2,40%,STARTS+DPT,8,0.97,2,0.04
JxPath,21,2,40%,Fastazi-S,8,0.0,NA,NA
JxPath,21,2,40%,Fastazi-P,8,0.0,NA,NA
JxPath,21,2,40%,Random,8,0.91,5,0.1
JxPath,21,2,50%,Ekstazi,10,0.97,2,0.04
JxPath,21,2,50%,FAST,10,0.0,NA,NA
JxPath,21,2,50%,Ekstazi+dpt,10,0.97,2,0.04
JxPath,21,2,50%,DPT,10,0.97,2,0.04
JxPath,21,2,50%,STARTS,10,0.81,10,0.2
JxPath,21,2,50%,STARTS+FAST-S,10,0.95,3,0.06
JxPath,21,2,50%,STARTS+FAST-P,10,0.81,10,0.2
JxPath,21,2,50%,STARTS+DPT,10,0.97,2,0.04
JxPath,21,2,50%,Fastazi-S,10,0.81,10,0.2
JxPath,21,2,50%,Fastazi-P,10,0.81,10,0.2
JxPath,21,2,50%,Random,10,0.91,5,0.1
JxPath,21,2,60%,Ekstazi,12,0.97,2,0.04
JxPath,21,2,60%,FAST,12,0.0,NA,NA
JxPath,21,2,60%,Ekstazi+dpt,12,0.97,2,0.04
JxPath,21,2,60%,DPT,12,0.97,2,0.04
JxPath,21,2,60%,STARTS,12,0.81,10,0.2
JxPath,21,2,60%,STARTS+FAST-S,12,0.95,3,0.06
JxPath,21,2,60%,STARTS+FAST-P,12,0.81,10,0.2
JxPath,21,2,60%,STARTS+DPT,12,0.97,2,0.04
JxPath,21,2,60%,Fastazi-S,12,0.81,10,0.2
JxPath,21,2,60%,Fastazi-P,12,0.81,10,0.2
JxPath,21,2,60%,Random,12,0.91,5,0.1
JxPath,21,2,70%,Ekstazi,14,0.97,2,0.04
JxPath,21,2,70%,FAST,14,0.0,NA,NA
JxPath,21,2,70%,Ekstazi+dpt,14,0.97,2,0.04
JxPath,21,2,70%,DPT,14,0.97,2,0.04
JxPath,21,2,70%,STARTS,14,0.81,10,0.2
JxPath,21,2,70%,STARTS+FAST-S,14,0.95,3,0.06
JxPath,21,2,70%,STARTS+FAST-P,14,0.81,10,0.2
JxPath,21,2,70%,STARTS+DPT,14,0.97,2,0.04
JxPath,21,2,70%,Fastazi-S,14,0.81,10,0.2
JxPath,21,2,70%,Fastazi-P,14,0.81,10,0.2
JxPath,21,2,70%,Random,14,0.91,5,0.1
JxPath,21,2,75%,Ekstazi,15,0.97,2,0.04
JxPath,21,2,75%,FAST,15,0.0,NA,NA
JxPath,21,2,75%,Ekstazi+dpt,15,0.97,2,0.04
JxPath,21,2,75%,DPT,15,0.97,2,0.04
JxPath,21,2,75%,STARTS,15,0.81,10,0.2
JxPath,21,2,75%,STARTS+FAST-S,15,0.95,3,0.06
JxPath,21,2,75%,STARTS+FAST-P,15,0.81,10,0.2
JxPath,21,2,75%,STARTS+DPT,15,0.97,2,0.04
JxPath,21,2,75%,Fastazi-S,15,0.81,10,0.2
JxPath,21,2,75%,Fastazi-P,15,0.81,10,0.2
JxPath,21,2,75%,Random,15,0.91,5,0.1
JxPath,21,2,80%,Ekstazi,16,0.97,2,0.04
JxPath,21,2,80%,FAST,16,0.0,NA,NA
JxPath,21,2,80%,Ekstazi+dpt,16,0.97,2,0.04
JxPath,21,2,80%,DPT,16,0.97,2,0.04
JxPath,21,2,80%,STARTS,16,0.81,10,0.2
JxPath,21,2,80%,STARTS+FAST-S,16,0.95,3,0.06
JxPath,21,2,80%,STARTS+FAST-P,16,0.81,10,0.2
JxPath,21,2,80%,STARTS+DPT,16,0.97,2,0.04
JxPath,21,2,80%,Fastazi-S,16,0.81,10,0.2
JxPath,21,2,80%,Fastazi-P,16,0.81,10,0.2
JxPath,21,2,80%,Random,16,0.91,5,0.1
JxPath,21,2,90%,Ekstazi,18,0.97,2,0.04
JxPath,21,2,90%,FAST,18,0.0,NA,NA
JxPath,21,2,90%,Ekstazi+dpt,18,0.97,2,0.04
JxPath,21,2,90%,DPT,18,0.97,2,0.04
JxPath,21,2,90%,STARTS,18,0.81,10,0.2
JxPath,21,2,90%,STARTS+FAST-S,18,0.95,3,0.06
JxPath,21,2,90%,STARTS+FAST-P,18,0.81,10,0.2
JxPath,21,2,90%,STARTS+DPT,18,0.97,2,0.04
JxPath,21,2,90%,Fastazi-S,18,0.81,10,0.2
JxPath,21,2,90%,Fastazi-P,18,0.81,10,0.2
JxPath,21,2,90%,Random,18,0.91,5,0.1
JxPath,21,2,100%,Ekstazi,20,0.97,2,0.04
JxPath,21,2,100%,FAST,20,0.0,NA,NA
JxPath,21,2,100%,Ekstazi+dpt,20,0.97,2,0.04
JxPath,21,2,100%,DPT,20,0.97,2,0.04
JxPath,21,2,100%,STARTS,20,0.81,10,0.2
JxPath,21,2,100%,STARTS+FAST-S,20,0.95,3,0.06
JxPath,21,2,100%,STARTS+FAST-P,20,0.81,10,0.2
JxPath,21,2,100%,STARTS+DPT,20,0.97,2,0.04
JxPath,21,2,100%,Fastazi-S,20,0.81,10,0.2
JxPath,21,2,100%,Fastazi-P,20,0.81,10,0.2
JxPath,21,2,100%,Random,20,0.91,5,0.1
JxPath,21,3,10%,Ekstazi,2,0.0,NA,NA
JxPath,21,3,10%,FAST,2,0.0,NA,NA
JxPath,21,3,10%,Ekstazi+dpt,2,0.97,2,0.04
JxPath,21,3,10%,DPT,2,0.97,2,0.04
JxPath,21,3,10%,STARTS,2,0.0,NA,NA
JxPath,21,3,10%,STARTS+FAST-S,2,0.0,NA,NA
JxPath,21,3,10%,STARTS+FAST-P,2,0.0,NA,NA
JxPath,21,3,10%,STARTS+DPT,2,0.97,2,0.04
JxPath,21,3,10%,Fastazi-S,2,0.0,NA,NA
JxPath,21,3,10%,Fastazi-P,2,0.0,NA,NA
JxPath,21,3,10%,Random,2,0.0,NA,NA
JxPath,21,3,20%,Ekstazi,4,0.0,NA,NA
JxPath,21,3,20%,FAST,4,0.0,NA,NA
JxPath,21,3,20%,Ekstazi+dpt,4,0.97,2,0.04
JxPath,21,3,20%,DPT,4,0.97,2,0.04
JxPath,21,3,20%,STARTS,4,0.0,NA,NA
JxPath,21,3,20%,STARTS+FAST-S,4,0.0,NA,NA
JxPath,21,3,20%,STARTS+FAST-P,4,0.0,NA,NA
JxPath,21,3,20%,STARTS+DPT,4,0.97,2,0.04
JxPath,21,3,20%,Fastazi-S,4,0.0,NA,NA
JxPath,21,3,20%,Fastazi-P,4,0.0,NA,NA
JxPath,21,3,20%,Random,4,0.0,NA,NA
JxPath,21,3,25%,Ekstazi,5,0.0,NA,NA
JxPath,21,3,25%,FAST,5,0.0,NA,NA
JxPath,21,3,25%,Ekstazi+dpt,5,0.97,2,0.04
JxPath,21,3,25%,DPT,5,0.97,2,0.04
JxPath,21,3,25%,STARTS,5,0.0,NA,NA
JxPath,21,3,25%,STARTS+FAST-S,5,0.0,NA,NA
JxPath,21,3,25%,STARTS+FAST-P,5,0.0,NA,NA
JxPath,21,3,25%,STARTS+DPT,5,0.97,2,0.04
JxPath,21,3,25%,Fastazi-S,5,0.0,NA,NA
JxPath,21,3,25%,Fastazi-P,5,0.0,NA,NA
JxPath,21,3,25%,Random,5,0.0,NA,NA
JxPath,21,3,30%,Ekstazi,6,0.0,NA,NA
JxPath,21,3,30%,FAST,6,0.0,NA,NA
JxPath,21,3,30%,Ekstazi+dpt,6,0.97,2,0.04
JxPath,21,3,30%,DPT,6,0.97,2,0.04
JxPath,21,3,30%,STARTS,6,0.0,NA,NA
JxPath,21,3,30%,STARTS+FAST-S,6,0.0,NA,NA
JxPath,21,3,30%,STARTS+FAST-P,6,0.0,NA,NA
JxPath,21,3,30%,STARTS+DPT,6,0.97,2,0.04
JxPath,21,3,30%,Fastazi-S,6,0.0,NA,NA
JxPath,21,3,30%,Fastazi-P,6,0.0,NA,NA
JxPath,21,3,30%,Random,6,0.0,NA,NA
JxPath,21,3,40%,Ekstazi,8,0.85,8,0.16
JxPath,21,3,40%,FAST,8,0.0,NA,NA
JxPath,21,3,40%,Ekstazi+dpt,8,0.97,2,0.04
JxPath,21,3,40%,DPT,8,0.97,2,0.04
JxPath,21,3,40%,STARTS,8,0.0,NA,NA
JxPath,21,3,40%,STARTS+FAST-S,8,0.0,NA,NA
JxPath,21,3,40%,STARTS+FAST-P,8,0.0,NA,NA
JxPath,21,3,40%,STARTS+DPT,8,0.97,2,0.04
JxPath,21,3,40%,Fastazi-S,8,0.0,NA,NA
JxPath,21,3,40%,Fastazi-P,8,0.0,NA,NA
JxPath,21,3,40%,Random,8,0.0,NA,NA
JxPath,21,3,50%,Ekstazi,10,0.85,8,0.16
JxPath,21,3,50%,FAST,10,0.0,NA,NA
JxPath,21,3,50%,Ekstazi+dpt,10,0.97,2,0.04
JxPath,21,3,50%,DPT,10,0.97,2,0.04
JxPath,21,3,50%,STARTS,10,0.0,NA,NA
JxPath,21,3,50%,STARTS+FAST-S,10,0.81,10,0.2
JxPath,21,3,50%,STARTS+FAST-P,10,0.0,NA,NA
JxPath,21,3,50%,STARTS+DPT,10,0.97,2,0.04
JxPath,21,3,50%,Fastazi-S,10,0.81,10,0.2
JxPath,21,3,50%,Fastazi-P,10,0.81,10,0.2
JxPath,21,3,50%,Random,10,0.0,NA,NA
JxPath,21,3,60%,Ekstazi,12,0.85,8,0.16
JxPath,21,3,60%,FAST,12,0.0,NA,NA
JxPath,21,3,60%,Ekstazi+dpt,12,0.97,2,0.04
JxPath,21,3,60%,DPT,12,0.97,2,0.04
JxPath,21,3,60%,STARTS,12,0.0,NA,NA
JxPath,21,3,60%,STARTS+FAST-S,12,0.81,10,0.2
JxPath,21,3,60%,STARTS+FAST-P,12,0.77,12,0.24
JxPath,21,3,60%,STARTS+DPT,12,0.97,2,0.04
JxPath,21,3,60%,Fastazi-S,12,0.81,10,0.2
JxPath,21,3,60%,Fastazi-P,12,0.81,10,0.2
JxPath,21,3,60%,Random,12,0.0,NA,NA
JxPath,21,3,70%,Ekstazi,14,0.85,8,0.16
JxPath,21,3,70%,FAST,14,0.0,NA,NA
JxPath,21,3,70%,Ekstazi+dpt,14,0.97,2,0.04
JxPath,21,3,70%,DPT,14,0.97,2,0.04
JxPath,21,3,70%,STARTS,14,0.0,NA,NA
JxPath,21,3,70%,STARTS+FAST-S,14,0.81,10,0.2
JxPath,21,3,70%,STARTS+FAST-P,14,0.77,12,0.24
JxPath,21,3,70%,STARTS+DPT,14,0.97,2,0.04
JxPath,21,3,70%,Fastazi-S,14,0.81,10,0.2
JxPath,21,3,70%,Fastazi-P,14,0.81,10,0.2
JxPath,21,3,70%,Random,14,0.0,NA,NA
JxPath,21,3,75%,Ekstazi,15,0.85,8,0.16
JxPath,21,3,75%,FAST,15,0.0,NA,NA
JxPath,21,3,75%,Ekstazi+dpt,15,0.97,2,0.04
JxPath,21,3,75%,DPT,15,0.97,2,0.04
JxPath,21,3,75%,STARTS,15,0.0,NA,NA
JxPath,21,3,75%,STARTS+FAST-S,15,0.81,10,0.2
JxPath,21,3,75%,STARTS+FAST-P,15,0.77,12,0.24
JxPath,21,3,75%,STARTS+DPT,15,0.97,2,0.04
JxPath,21,3,75%,Fastazi-S,15,0.81,10,0.2
JxPath,21,3,75%,Fastazi-P,15,0.81,10,0.2
JxPath,21,3,75%,Random,15,0.0,NA,NA
JxPath,21,3,80%,Ekstazi,16,0.85,8,0.16
JxPath,21,3,80%,FAST,16,0.0,NA,NA
JxPath,21,3,80%,Ekstazi+dpt,16,0.97,2,0.04
JxPath,21,3,80%,DPT,16,0.97,2,0.04
JxPath,21,3,80%,STARTS,16,0.0,NA,NA
JxPath,21,3,80%,STARTS+FAST-S,16,0.81,10,0.2
JxPath,21,3,80%,STARTS+FAST-P,16,0.77,12,0.24
JxPath,21,3,80%,STARTS+DPT,16,0.97,2,0.04
JxPath,21,3,80%,Fastazi-S,16,0.81,10,0.2
JxPath,21,3,80%,Fastazi-P,16,0.81,10,0.2
JxPath,21,3,80%,Random,16,0.0,NA,NA
JxPath,21,3,90%,Ekstazi,18,0.85,8,0.16
JxPath,21,3,90%,FAST,18,0.0,NA,NA
JxPath,21,3,90%,Ekstazi+dpt,18,0.97,2,0.04
JxPath,21,3,90%,DPT,18,0.97,2,0.04
JxPath,21,3,90%,STARTS,18,0.0,NA,NA
JxPath,21,3,90%,STARTS+FAST-S,18,0.81,10,0.2
JxPath,21,3,90%,STARTS+FAST-P,18,0.77,12,0.24
JxPath,21,3,90%,STARTS+DPT,18,0.97,2,0.04
JxPath,21,3,90%,Fastazi-S,18,0.81,10,0.2
JxPath,21,3,90%,Fastazi-P,18,0.81,10,0.2
JxPath,21,3,90%,Random,18,0.0,NA,NA
JxPath,21,3,100%,Ekstazi,20,0.85,8,0.16
JxPath,21,3,100%,FAST,20,0.0,NA,NA
JxPath,21,3,100%,Ekstazi+dpt,20,0.97,2,0.04
JxPath,21,3,100%,DPT,20,0.97,2,0.04
JxPath,21,3,100%,STARTS,20,0.0,NA,NA
JxPath,21,3,100%,STARTS+FAST-S,20,0.81,10,0.2
JxPath,21,3,100%,STARTS+FAST-P,20,0.77,12,0.24
JxPath,21,3,100%,STARTS+DPT,20,0.97,2,0.04
JxPath,21,3,100%,Fastazi-S,20,0.81,10,0.2
JxPath,21,3,100%,Fastazi-P,20,0.81,10,0.2
JxPath,21,3,100%,Random,20,0.0,NA,NA
JxPath,21,4,10%,Ekstazi,2,0.0,NA,NA
JxPath,21,4,10%,FAST,2,0.0,NA,NA
JxPath,21,4,10%,Ekstazi+dpt,2,0.97,2,0.04
JxPath,21,4,10%,DPT,2,0.97,2,0.04
JxPath,21,4,10%,STARTS,2,0.0,NA,NA
JxPath,21,4,10%,STARTS+FAST-S,2,0.0,NA,NA
JxPath,21,4,10%,STARTS+FAST-P,2,0.0,NA,NA
JxPath,21,4,10%,STARTS+DPT,2,0.97,2,0.04
JxPath,21,4,10%,Fastazi-S,2,0.0,NA,NA
JxPath,21,4,10%,Fastazi-P,2,0.0,NA,NA
JxPath,21,4,10%,Random,2,0.99,1,0.02
JxPath,21,4,20%,Ekstazi,4,0.93,4,0.08
JxPath,21,4,20%,FAST,4,0.0,NA,NA
JxPath,21,4,20%,Ekstazi+dpt,4,0.97,2,0.04
JxPath,21,4,20%,DPT,4,0.97,2,0.04
JxPath,21,4,20%,STARTS,4,0.0,NA,NA
JxPath,21,4,20%,STARTS+FAST-S,4,0.0,NA,NA
JxPath,21,4,20%,STARTS+FAST-P,4,0.0,NA,NA
JxPath,21,4,20%,STARTS+DPT,4,0.97,2,0.04
JxPath,21,4,20%,Fastazi-S,4,0.0,NA,NA
JxPath,21,4,20%,Fastazi-P,4,0.0,NA,NA
JxPath,21,4,20%,Random,4,0.99,1,0.02
JxPath,21,4,25%,Ekstazi,5,0.93,4,0.08
JxPath,21,4,25%,FAST,5,0.0,NA,NA
JxPath,21,4,25%,Ekstazi+dpt,5,0.97,2,0.04
JxPath,21,4,25%,DPT,5,0.97,2,0.04
JxPath,21,4,25%,STARTS,5,0.0,NA,NA
JxPath,21,4,25%,STARTS+FAST-S,5,0.0,NA,NA
JxPath,21,4,25%,STARTS+FAST-P,5,0.0,NA,NA
JxPath,21,4,25%,STARTS+DPT,5,0.97,2,0.04
JxPath,21,4,25%,Fastazi-S,5,0.0,NA,NA
JxPath,21,4,25%,Fastazi-P,5,0.0,NA,NA
JxPath,21,4,25%,Random,5,0.99,1,0.02
JxPath,21,4,30%,Ekstazi,6,0.93,4,0.08
JxPath,21,4,30%,FAST,6,0.0,NA,NA
JxPath,21,4,30%,Ekstazi+dpt,6,0.97,2,0.04
JxPath,21,4,30%,DPT,6,0.97,2,0.04
JxPath,21,4,30%,STARTS,6,0.0,NA,NA
JxPath,21,4,30%,STARTS+FAST-S,6,0.0,NA,NA
JxPath,21,4,30%,STARTS+FAST-P,6,0.0,NA,NA
JxPath,21,4,30%,STARTS+DPT,6,0.97,2,0.04
JxPath,21,4,30%,Fastazi-S,6,0.0,NA,NA
JxPath,21,4,30%,Fastazi-P,6,0.0,NA,NA
JxPath,21,4,30%,Random,6,0.99,1,0.02
JxPath,21,4,40%,Ekstazi,8,0.93,4,0.08
JxPath,21,4,40%,FAST,8,0.0,NA,NA
JxPath,21,4,40%,Ekstazi+dpt,8,0.97,2,0.04
JxPath,21,4,40%,DPT,8,0.97,2,0.04
JxPath,21,4,40%,STARTS,8,0.0,NA,NA
JxPath,21,4,40%,STARTS+FAST-S,8,0.0,NA,NA
JxPath,21,4,40%,STARTS+FAST-P,8,0.85,8,0.16
JxPath,21,4,40%,STARTS+DPT,8,0.97,2,0.04
JxPath,21,4,40%,Fastazi-S,8,0.0,NA,NA
JxPath,21,4,40%,Fastazi-P,8,0.0,NA,NA
JxPath,21,4,40%,Random,8,0.99,1,0.02
JxPath,21,4,50%,Ekstazi,10,0.93,4,0.08
JxPath,21,4,50%,FAST,10,0.0,NA,NA
JxPath,21,4,50%,Ekstazi+dpt,10,0.97,2,0.04
JxPath,21,4,50%,DPT,10,0.97,2,0.04
JxPath,21,4,50%,STARTS,10,0.81,10,0.2
JxPath,21,4,50%,STARTS+FAST-S,10,0.0,NA,NA
JxPath,21,4,50%,STARTS+FAST-P,10,0.85,8,0.16
JxPath,21,4,50%,STARTS+DPT,10,0.97,2,0.04
JxPath,21,4,50%,Fastazi-S,10,0.0,NA,NA
JxPath,21,4,50%,Fastazi-P,10,0.81,10,0.2
JxPath,21,4,50%,Random,10,0.99,1,0.02
JxPath,21,4,60%,Ekstazi,12,0.93,4,0.08
JxPath,21,4,60%,FAST,12,0.0,NA,NA
JxPath,21,4,60%,Ekstazi+dpt,12,0.97,2,0.04
JxPath,21,4,60%,DPT,12,0.97,2,0.04
JxPath,21,4,60%,STARTS,12,0.81,10,0.2
JxPath,21,4,60%,STARTS+FAST-S,12,0.0,NA,NA
JxPath,21,4,60%,STARTS+FAST-P,12,0.85,8,0.16
JxPath,21,4,60%,STARTS+DPT,12,0.97,2,0.04
JxPath,21,4,60%,Fastazi-S,12,0.79,11,0.22
JxPath,21,4,60%,Fastazi-P,12,0.81,10,0.2
JxPath,21,4,60%,Random,12,0.99,1,0.02
JxPath,21,4,70%,Ekstazi,14,0.93,4,0.08
JxPath,21,4,70%,FAST,14,0.0,NA,NA
JxPath,21,4,70%,Ekstazi+dpt,14,0.97,2,0.04
JxPath,21,4,70%,DPT,14,0.97,2,0.04
JxPath,21,4,70%,STARTS,14,0.81,10,0.2
JxPath,21,4,70%,STARTS+FAST-S,14,0.73,14,0.28
JxPath,21,4,70%,STARTS+FAST-P,14,0.85,8,0.16
JxPath,21,4,70%,STARTS+DPT,14,0.97,2,0.04
JxPath,21,4,70%,Fastazi-S,14,0.79,11,0.22
JxPath,21,4,70%,Fastazi-P,14,0.81,10,0.2
JxPath,21,4,70%,Random,14,0.99,1,0.02
JxPath,21,4,75%,Ekstazi,15,0.93,4,0.08
JxPath,21,4,75%,FAST,15,0.0,NA,NA
JxPath,21,4,75%,Ekstazi+dpt,15,0.97,2,0.04
JxPath,21,4,75%,DPT,15,0.97,2,0.04
JxPath,21,4,75%,STARTS,15,0.81,10,0.2
JxPath,21,4,75%,STARTS+FAST-S,15,0.73,14,0.28
JxPath,21,4,75%,STARTS+FAST-P,15,0.85,8,0.16
JxPath,21,4,75%,STARTS+DPT,15,0.97,2,0.04
JxPath,21,4,75%,Fastazi-S,15,0.79,11,0.22
JxPath,21,4,75%,Fastazi-P,15,0.81,10,0.2
JxPath,21,4,75%,Random,15,0.99,1,0.02
JxPath,21,4,80%,Ekstazi,16,0.93,4,0.08
JxPath,21,4,80%,FAST,16,0.0,NA,NA
JxPath,21,4,80%,Ekstazi+dpt,16,0.97,2,0.04
JxPath,21,4,80%,DPT,16,0.97,2,0.04
JxPath,21,4,80%,STARTS,16,0.81,10,0.2
JxPath,21,4,80%,STARTS+FAST-S,16,0.73,14,0.28
JxPath,21,4,80%,STARTS+FAST-P,16,0.85,8,0.16
JxPath,21,4,80%,STARTS+DPT,16,0.97,2,0.04
JxPath,21,4,80%,Fastazi-S,16,0.79,11,0.22
JxPath,21,4,80%,Fastazi-P,16,0.81,10,0.2
JxPath,21,4,80%,Random,16,0.99,1,0.02
JxPath,21,4,90%,Ekstazi,18,0.93,4,0.08
JxPath,21,4,90%,FAST,18,0.0,NA,NA
JxPath,21,4,90%,Ekstazi+dpt,18,0.97,2,0.04
JxPath,21,4,90%,DPT,18,0.97,2,0.04
JxPath,21,4,90%,STARTS,18,0.81,10,0.2
JxPath,21,4,90%,STARTS+FAST-S,18,0.73,14,0.28
JxPath,21,4,90%,STARTS+FAST-P,18,0.85,8,0.16
JxPath,21,4,90%,STARTS+DPT,18,0.97,2,0.04
JxPath,21,4,90%,Fastazi-S,18,0.79,11,0.22
JxPath,21,4,90%,Fastazi-P,18,0.81,10,0.2
JxPath,21,4,90%,Random,18,0.99,1,0.02
JxPath,21,4,100%,Ekstazi,20,0.93,4,0.08
JxPath,21,4,100%,FAST,20,0.61,20,0.4
JxPath,21,4,100%,Ekstazi+dpt,20,0.97,2,0.04
JxPath,21,4,100%,DPT,20,0.97,2,0.04
JxPath,21,4,100%,STARTS,20,0.81,10,0.2
JxPath,21,4,100%,STARTS+FAST-S,20,0.73,14,0.28
JxPath,21,4,100%,STARTS+FAST-P,20,0.85,8,0.16
JxPath,21,4,100%,STARTS+DPT,20,0.97,2,0.04
JxPath,21,4,100%,Fastazi-S,20,0.79,11,0.22
JxPath,21,4,100%,Fastazi-P,20,0.81,10,0.2
JxPath,21,4,100%,Random,20,0.99,1,0.02
JxPath,21,5,10%,Ekstazi,2,0.0,NA,NA
JxPath,21,5,10%,FAST,2,0.0,NA,NA
JxPath,21,5,10%,Ekstazi+dpt,2,0.97,2,0.04
JxPath,21,5,10%,DPT,2,0.97,2,0.04
JxPath,21,5,10%,STARTS,2,0.0,NA,NA
JxPath,21,5,10%,STARTS+FAST-S,2,0.0,NA,NA
JxPath,21,5,10%,STARTS+FAST-P,2,0.0,NA,NA
JxPath,21,5,10%,STARTS+DPT,2,0.97,2,0.04
JxPath,21,5,10%,Fastazi-S,2,0.0,NA,NA
JxPath,21,5,10%,Fastazi-P,2,0.0,NA,NA
JxPath,21,5,10%,Random,2,0.0,NA,NA
JxPath,21,5,20%,Ekstazi,4,0.0,NA,NA
JxPath,21,5,20%,FAST,4,0.0,NA,NA
JxPath,21,5,20%,Ekstazi+dpt,4,0.97,2,0.04
JxPath,21,5,20%,DPT,4,0.97,2,0.04
JxPath,21,5,20%,STARTS,4,0.0,NA,NA
JxPath,21,5,20%,STARTS+FAST-S,4,0.0,NA,NA
JxPath,21,5,20%,STARTS+FAST-P,4,0.0,NA,NA
JxPath,21,5,20%,STARTS+DPT,4,0.97,2,0.04
JxPath,21,5,20%,Fastazi-S,4,0.0,NA,NA
JxPath,21,5,20%,Fastazi-P,4,0.0,NA,NA
JxPath,21,5,20%,Random,4,0.0,NA,NA
JxPath,21,5,25%,Ekstazi,5,0.91,5,0.1
JxPath,21,5,25%,FAST,5,0.0,NA,NA
JxPath,21,5,25%,Ekstazi+dpt,5,0.97,2,0.04
JxPath,21,5,25%,DPT,5,0.97,2,0.04
JxPath,21,5,25%,STARTS,5,0.0,NA,NA
JxPath,21,5,25%,STARTS+FAST-S,5,0.0,NA,NA
JxPath,21,5,25%,STARTS+FAST-P,5,0.0,NA,NA
JxPath,21,5,25%,STARTS+DPT,5,0.97,2,0.04
JxPath,21,5,25%,Fastazi-S,5,0.0,NA,NA
JxPath,21,5,25%,Fastazi-P,5,0.0,NA,NA
JxPath,21,5,25%,Random,5,0.0,NA,NA
JxPath,21,5,30%,Ekstazi,6,0.91,5,0.1
JxPath,21,5,30%,FAST,6,0.0,NA,NA
JxPath,21,5,30%,Ekstazi+dpt,6,0.97,2,0.04
JxPath,21,5,30%,DPT,6,0.97,2,0.04
JxPath,21,5,30%,STARTS,6,0.0,NA,NA
JxPath,21,5,30%,STARTS+FAST-S,6,0.0,NA,NA
JxPath,21,5,30%,STARTS+FAST-P,6,0.0,NA,NA
JxPath,21,5,30%,STARTS+DPT,6,0.97,2,0.04
JxPath,21,5,30%,Fastazi-S,6,0.0,NA,NA
JxPath,21,5,30%,Fastazi-P,6,0.0,NA,NA
JxPath,21,5,30%,Random,6,0.0,NA,NA
JxPath,21,5,40%,Ekstazi,8,0.91,5,0.1
JxPath,21,5,40%,FAST,8,0.0,NA,NA
JxPath,21,5,40%,Ekstazi+dpt,8,0.97,2,0.04
JxPath,21,5,40%,DPT,8,0.97,2,0.04
JxPath,21,5,40%,STARTS,8,0.0,NA,NA
JxPath,21,5,40%,STARTS+FAST-S,8,0.0,NA,NA
JxPath,21,5,40%,STARTS+FAST-P,8,0.0,NA,NA
JxPath,21,5,40%,STARTS+DPT,8,0.97,2,0.04
JxPath,21,5,40%,Fastazi-S,8,0.0,NA,NA
JxPath,21,5,40%,Fastazi-P,8,0.0,NA,NA
JxPath,21,5,40%,Random,8,0.0,NA,NA
JxPath,21,5,50%,Ekstazi,10,0.91,5,0.1
JxPath,21,5,50%,FAST,10,0.0,NA,NA
JxPath,21,5,50%,Ekstazi+dpt,10,0.97,2,0.04
JxPath,21,5,50%,DPT,10,0.97,2,0.04
JxPath,21,5,50%,STARTS,10,0.0,NA,NA
JxPath,21,5,50%,STARTS+FAST-S,10,0.0,NA,NA
JxPath,21,5,50%,STARTS+FAST-P,10,0.81,10,0.2
JxPath,21,5,50%,STARTS+DPT,10,0.97,2,0.04
JxPath,21,5,50%,Fastazi-S,10,0.81,10,0.2
JxPath,21,5,50%,Fastazi-P,10,0.81,10,0.2
JxPath,21,5,50%,Random,10,0.0,NA,NA
JxPath,21,5,60%,Ekstazi,12,0.91,5,0.1
JxPath,21,5,60%,FAST,12,0.0,NA,NA
JxPath,21,5,60%,Ekstazi+dpt,12,0.97,2,0.04
JxPath,21,5,60%,DPT,12,0.97,2,0.04
JxPath,21,5,60%,STARTS,12,0.0,NA,NA
JxPath,21,5,60%,STARTS+FAST-S,12,0.79,11,0.22
JxPath,21,5,60%,STARTS+FAST-P,12,0.81,10,0.2
JxPath,21,5,60%,STARTS+DPT,12,0.97,2,0.04
JxPath,21,5,60%,Fastazi-S,12,0.81,10,0.2
JxPath,21,5,60%,Fastazi-P,12,0.81,10,0.2
JxPath,21,5,60%,Random,12,0.77,12,0.24
JxPath,21,5,70%,Ekstazi,14,0.91,5,0.1
JxPath,21,5,70%,FAST,14,0.0,NA,NA
JxPath,21,5,70%,Ekstazi+dpt,14,0.97,2,0.04
JxPath,21,5,70%,DPT,14,0.97,2,0.04
JxPath,21,5,70%,STARTS,14,0.0,NA,NA
JxPath,21,5,70%,STARTS+FAST-S,14,0.79,11,0.22
JxPath,21,5,70%,STARTS+FAST-P,14,0.81,10,0.2
JxPath,21,5,70%,STARTS+DPT,14,0.97,2,0.04
JxPath,21,5,70%,Fastazi-S,14,0.81,10,0.2
JxPath,21,5,70%,Fastazi-P,14,0.81,10,0.2
JxPath,21,5,70%,Random,14,0.77,12,0.24
JxPath,21,5,75%,Ekstazi,15,0.91,5,0.1
JxPath,21,5,75%,FAST,15,0.0,NA,NA
JxPath,21,5,75%,Ekstazi+dpt,15,0.97,2,0.04
JxPath,21,5,75%,DPT,15,0.97,2,0.04
JxPath,21,5,75%,STARTS,15,0.0,NA,NA
JxPath,21,5,75%,STARTS+FAST-S,15,0.79,11,0.22
JxPath,21,5,75%,STARTS+FAST-P,15,0.81,10,0.2
JxPath,21,5,75%,STARTS+DPT,15,0.97,2,0.04
JxPath,21,5,75%,Fastazi-S,15,0.81,10,0.2
JxPath,21,5,75%,Fastazi-P,15,0.81,10,0.2
JxPath,21,5,75%,Random,15,0.77,12,0.24
JxPath,21,5,80%,Ekstazi,16,0.91,5,0.1
JxPath,21,5,80%,FAST,16,0.0,NA,NA
JxPath,21,5,80%,Ekstazi+dpt,16,0.97,2,0.04
JxPath,21,5,80%,DPT,16,0.97,2,0.04
JxPath,21,5,80%,STARTS,16,0.0,NA,NA
JxPath,21,5,80%,STARTS+FAST-S,16,0.79,11,0.22
JxPath,21,5,80%,STARTS+FAST-P,16,0.81,10,0.2
JxPath,21,5,80%,STARTS+DPT,16,0.97,2,0.04
JxPath,21,5,80%,Fastazi-S,16,0.81,10,0.2
JxPath,21,5,80%,Fastazi-P,16,0.81,10,0.2
JxPath,21,5,80%,Random,16,0.77,12,0.24
JxPath,21,5,90%,Ekstazi,18,0.91,5,0.1
JxPath,21,5,90%,FAST,18,0.0,NA,NA
JxPath,21,5,90%,Ekstazi+dpt,18,0.97,2,0.04
JxPath,21,5,90%,DPT,18,0.97,2,0.04
JxPath,21,5,90%,STARTS,18,0.0,NA,NA
JxPath,21,5,90%,STARTS+FAST-S,18,0.79,11,0.22
JxPath,21,5,90%,STARTS+FAST-P,18,0.81,10,0.2
JxPath,21,5,90%,STARTS+DPT,18,0.97,2,0.04
JxPath,21,5,90%,Fastazi-S,18,0.81,10,0.2
JxPath,21,5,90%,Fastazi-P,18,0.81,10,0.2
JxPath,21,5,90%,Random,18,0.77,12,0.24
JxPath,21,5,100%,Ekstazi,20,0.91,5,0.1
JxPath,21,5,100%,FAST,20,0.0,NA,NA
JxPath,21,5,100%,Ekstazi+dpt,20,0.97,2,0.04
JxPath,21,5,100%,DPT,20,0.97,2,0.04
JxPath,21,5,100%,STARTS,20,0.61,20,0.4
JxPath,21,5,100%,STARTS+FAST-S,20,0.79,11,0.22
JxPath,21,5,100%,STARTS+FAST-P,20,0.81,10,0.2
JxPath,21,5,100%,STARTS+DPT,20,0.97,2,0.04
JxPath,21,5,100%,Fastazi-S,20,0.81,10,0.2
JxPath,21,5,100%,Fastazi-P,20,0.81,10,0.2
JxPath,21,5,100%,Random,20,0.77,12,0.24
JxPath,21,6,10%,Ekstazi,2,0.0,NA,NA
JxPath,21,6,10%,FAST,2,0.99,1,0.02
JxPath,21,6,10%,Ekstazi+dpt,2,0.97,2,0.04
JxPath,21,6,10%,DPT,2,0.97,2,0.04
JxPath,21,6,10%,STARTS,2,0.0,NA,NA
JxPath,21,6,10%,STARTS+FAST-S,2,0.0,NA,NA
JxPath,21,6,10%,STARTS+FAST-P,2,0.0,NA,NA
JxPath,21,6,10%,STARTS+DPT,2,0.97,2,0.04
JxPath,21,6,10%,Fastazi-S,2,0.0,NA,NA
JxPath,21,6,10%,Fastazi-P,2,0.99,1,0.02
JxPath,21,6,10%,Random,2,0.0,NA,NA
JxPath,21,6,20%,Ekstazi,4,0.0,NA,NA
JxPath,21,6,20%,FAST,4,0.99,1,0.02
JxPath,21,6,20%,Ekstazi+dpt,4,0.97,2,0.04
JxPath,21,6,20%,DPT,4,0.97,2,0.04
JxPath,21,6,20%,STARTS,4,0.0,NA,NA
JxPath,21,6,20%,STARTS+FAST-S,4,0.0,NA,NA
JxPath,21,6,20%,STARTS+FAST-P,4,0.0,NA,NA
JxPath,21,6,20%,STARTS+DPT,4,0.97,2,0.04
JxPath,21,6,20%,Fastazi-S,4,0.0,NA,NA
JxPath,21,6,20%,Fastazi-P,4,0.99,1,0.02
JxPath,21,6,20%,Random,4,0.0,NA,NA
JxPath,21,6,25%,Ekstazi,5,0.91,5,0.1
JxPath,21,6,25%,FAST,5,0.99,1,0.02
JxPath,21,6,25%,Ekstazi+dpt,5,0.97,2,0.04
JxPath,21,6,25%,DPT,5,0.97,2,0.04
JxPath,21,6,25%,STARTS,5,0.0,NA,NA
JxPath,21,6,25%,STARTS+FAST-S,5,0.0,NA,NA
JxPath,21,6,25%,STARTS+FAST-P,5,0.0,NA,NA
JxPath,21,6,25%,STARTS+DPT,5,0.97,2,0.04
JxPath,21,6,25%,Fastazi-S,5,0.0,NA,NA
JxPath,21,6,25%,Fastazi-P,5,0.99,1,0.02
JxPath,21,6,25%,Random,5,0.0,NA,NA
JxPath,21,6,30%,Ekstazi,6,0.91,5,0.1
JxPath,21,6,30%,FAST,6,0.99,1,0.02
JxPath,21,6,30%,Ekstazi+dpt,6,0.97,2,0.04
JxPath,21,6,30%,DPT,6,0.97,2,0.04
JxPath,21,6,30%,STARTS,6,0.0,NA,NA
JxPath,21,6,30%,STARTS+FAST-S,6,0.0,NA,NA
JxPath,21,6,30%,STARTS+FAST-P,6,0.0,NA,NA
JxPath,21,6,30%,STARTS+DPT,6,0.97,2,0.04
JxPath,21,6,30%,Fastazi-S,6,0.0,NA,NA
JxPath,21,6,30%,Fastazi-P,6,0.99,1,0.02
JxPath,21,6,30%,Random,6,0.0,NA,NA
JxPath,21,6,40%,Ekstazi,8,0.91,5,0.1
JxPath,21,6,40%,FAST,8,0.99,1,0.02
JxPath,21,6,40%,Ekstazi+dpt,8,0.97,2,0.04
JxPath,21,6,40%,DPT,8,0.97,2,0.04
JxPath,21,6,40%,STARTS,8,0.87,7,0.14
JxPath,21,6,40%,STARTS+FAST-S,8,0.0,NA,NA
JxPath,21,6,40%,STARTS+FAST-P,8,0.0,NA,NA
JxPath,21,6,40%,STARTS+DPT,8,0.97,2,0.04
JxPath,21,6,40%,Fastazi-S,8,0.0,NA,NA
JxPath,21,6,40%,Fastazi-P,8,0.99,1,0.02
JxPath,21,6,40%,Random,8,0.0,NA,NA
JxPath,21,6,50%,Ekstazi,10,0.91,5,0.1
JxPath,21,6,50%,FAST,10,0.99,1,0.02
JxPath,21,6,50%,Ekstazi+dpt,10,0.97,2,0.04
JxPath,21,6,50%,DPT,10,0.97,2,0.04
JxPath,21,6,50%,STARTS,10,0.87,7,0.14
JxPath,21,6,50%,STARTS+FAST-S,10,0.0,NA,NA
JxPath,21,6,50%,STARTS+FAST-P,10,0.8300000000000001,9,0.18
JxPath,21,6,50%,STARTS+DPT,10,0.97,2,0.04
JxPath,21,6,50%,Fastazi-S,10,0.81,10,0.2
JxPath,21,6,50%,Fastazi-P,10,0.99,1,0.02
JxPath,21,6,50%,Random,10,0.0,NA,NA
JxPath,21,6,60%,Ekstazi,12,0.91,5,0.1
JxPath,21,6,60%,FAST,12,0.99,1,0.02
JxPath,21,6,60%,Ekstazi+dpt,12,0.97,2,0.04
JxPath,21,6,60%,DPT,12,0.97,2,0.04
JxPath,21,6,60%,STARTS,12,0.87,7,0.14
JxPath,21,6,60%,STARTS+FAST-S,12,0.0,NA,NA
JxPath,21,6,60%,STARTS+FAST-P,12,0.8300000000000001,9,0.18
JxPath,21,6,60%,STARTS+DPT,12,0.97,2,0.04
JxPath,21,6,60%,Fastazi-S,12,0.81,10,0.2
JxPath,21,6,60%,Fastazi-P,12,0.99,1,0.02
JxPath,21,6,60%,Random,12,0.0,NA,NA
JxPath,21,6,70%,Ekstazi,14,0.91,5,0.1
JxPath,21,6,70%,FAST,14,0.99,1,0.02
JxPath,21,6,70%,Ekstazi+dpt,14,0.97,2,0.04
JxPath,21,6,70%,DPT,14,0.97,2,0.04
JxPath,21,6,70%,STARTS,14,0.87,7,0.14
JxPath,21,6,70%,STARTS+FAST-S,14,0.73,14,0.28
JxPath,21,6,70%,STARTS+FAST-P,14,0.8300000000000001,9,0.18
JxPath,21,6,70%,STARTS+DPT,14,0.97,2,0.04
JxPath,21,6,70%,Fastazi-S,14,0.81,10,0.2
JxPath,21,6,70%,Fastazi-P,14,0.99,1,0.02
JxPath,21,6,70%,Random,14,0.0,NA,NA
JxPath,21,6,75%,Ekstazi,15,0.91,5,0.1
JxPath,21,6,75%,FAST,15,0.99,1,0.02
JxPath,21,6,75%,Ekstazi+dpt,15,0.97,2,0.04
JxPath,21,6,75%,DPT,15,0.97,2,0.04
JxPath,21,6,75%,STARTS,15,0.87,7,0.14
JxPath,21,6,75%,STARTS+FAST-S,15,0.73,14,0.28
JxPath,21,6,75%,STARTS+FAST-P,15,0.8300000000000001,9,0.18
JxPath,21,6,75%,STARTS+DPT,15,0.97,2,0.04
JxPath,21,6,75%,Fastazi-S,15,0.81,10,0.2
JxPath,21,6,75%,Fastazi-P,15,0.99,1,0.02
JxPath,21,6,75%,Random,15,0.0,NA,NA
JxPath,21,6,80%,Ekstazi,16,0.91,5,0.1
JxPath,21,6,80%,FAST,16,0.99,1,0.02
JxPath,21,6,80%,Ekstazi+dpt,16,0.97,2,0.04
JxPath,21,6,80%,DPT,16,0.97,2,0.04
JxPath,21,6,80%,STARTS,16,0.87,7,0.14
JxPath,21,6,80%,STARTS+FAST-S,16,0.73,14,0.28
JxPath,21,6,80%,STARTS+FAST-P,16,0.8300000000000001,9,0.18
JxPath,21,6,80%,STARTS+DPT,16,0.97,2,0.04
JxPath,21,6,80%,Fastazi-S,16,0.81,10,0.2
JxPath,21,6,80%,Fastazi-P,16,0.99,1,0.02
JxPath,21,6,80%,Random,16,0.0,NA,NA
JxPath,21,6,90%,Ekstazi,18,0.91,5,0.1
JxPath,21,6,90%,FAST,18,0.99,1,0.02
JxPath,21,6,90%,Ekstazi+dpt,18,0.97,2,0.04
JxPath,21,6,90%,DPT,18,0.97,2,0.04
JxPath,21,6,90%,STARTS,18,0.87,7,0.14
JxPath,21,6,90%,STARTS+FAST-S,18,0.73,14,0.28
JxPath,21,6,90%,STARTS+FAST-P,18,0.8300000000000001,9,0.18
JxPath,21,6,90%,STARTS+DPT,18,0.97,2,0.04
JxPath,21,6,90%,Fastazi-S,18,0.81,10,0.2
JxPath,21,6,90%,Fastazi-P,18,0.99,1,0.02
JxPath,21,6,90%,Random,18,0.0,NA,NA
JxPath,21,6,100%,Ekstazi,20,0.91,5,0.1
JxPath,21,6,100%,FAST,20,0.99,1,0.02
JxPath,21,6,100%,Ekstazi+dpt,20,0.97,2,0.04
JxPath,21,6,100%,DPT,20,0.97,2,0.04
JxPath,21,6,100%,STARTS,20,0.87,7,0.14
JxPath,21,6,100%,STARTS+FAST-S,20,0.73,14,0.28
JxPath,21,6,100%,STARTS+FAST-P,20,0.8300000000000001,9,0.18
JxPath,21,6,100%,STARTS+DPT,20,0.97,2,0.04
JxPath,21,6,100%,Fastazi-S,20,0.81,10,0.2
JxPath,21,6,100%,Fastazi-P,20,0.99,1,0.02
JxPath,21,6,100%,Random,20,0.0,NA,NA
JxPath,21,7,10%,Ekstazi,2,0.99,1,0.02
JxPath,21,7,10%,FAST,2,0.0,NA,NA
JxPath,21,7,10%,Ekstazi+dpt,2,0.97,2,0.04
JxPath,21,7,10%,DPT,2,0.97,2,0.04
JxPath,21,7,10%,STARTS,2,0.0,NA,NA
JxPath,21,7,10%,STARTS+FAST-S,2,0.99,1,0.02
JxPath,21,7,10%,STARTS+FAST-P,2,0.0,NA,NA
JxPath,21,7,10%,STARTS+DPT,2,0.97,2,0.04
JxPath,21,7,10%,Fastazi-S,2,0.0,NA,NA
JxPath,21,7,10%,Fastazi-P,2,0.0,NA,NA
JxPath,21,7,10%,Random,2,0.0,NA,NA
JxPath,21,7,20%,Ekstazi,4,0.99,1,0.02
JxPath,21,7,20%,FAST,4,0.0,NA,NA
JxPath,21,7,20%,Ekstazi+dpt,4,0.97,2,0.04
JxPath,21,7,20%,DPT,4,0.97,2,0.04
JxPath,21,7,20%,STARTS,4,0.93,4,0.08
JxPath,21,7,20%,STARTS+FAST-S,4,0.99,1,0.02
JxPath,21,7,20%,STARTS+FAST-P,4,0.0,NA,NA
JxPath,21,7,20%,STARTS+DPT,4,0.97,2,0.04
JxPath,21,7,20%,Fastazi-S,4,0.0,NA,NA
JxPath,21,7,20%,Fastazi-P,4,0.0,NA,NA
JxPath,21,7,20%,Random,4,0.0,NA,NA
JxPath,21,7,25%,Ekstazi,5,0.99,1,0.02
JxPath,21,7,25%,FAST,5,0.0,NA,NA
JxPath,21,7,25%,Ekstazi+dpt,5,0.97,2,0.04
JxPath,21,7,25%,DPT,5,0.97,2,0.04
JxPath,21,7,25%,STARTS,5,0.93,4,0.08
JxPath,21,7,25%,STARTS+FAST-S,5,0.99,1,0.02
JxPath,21,7,25%,STARTS+FAST-P,5,0.0,NA,NA
JxPath,21,7,25%,STARTS+DPT,5,0.97,2,0.04
JxPath,21,7,25%,Fastazi-S,5,0.0,NA,NA
JxPath,21,7,25%,Fastazi-P,5,0.0,NA,NA
JxPath,21,7,25%,Random,5,0.0,NA,NA
JxPath,21,7,30%,Ekstazi,6,0.99,1,0.02
JxPath,21,7,30%,FAST,6,0.0,NA,NA
JxPath,21,7,30%,Ekstazi+dpt,6,0.97,2,0.04
JxPath,21,7,30%,DPT,6,0.97,2,0.04
JxPath,21,7,30%,STARTS,6,0.93,4,0.08
JxPath,21,7,30%,STARTS+FAST-S,6,0.99,1,0.02
JxPath,21,7,30%,STARTS+FAST-P,6,0.0,NA,NA
JxPath,21,7,30%,STARTS+DPT,6,0.97,2,0.04
JxPath,21,7,30%,Fastazi-S,6,0.0,NA,NA
JxPath,21,7,30%,Fastazi-P,6,0.0,NA,NA
JxPath,21,7,30%,Random,6,0.0,NA,NA
JxPath,21,7,40%,Ekstazi,8,0.99,1,0.02
JxPath,21,7,40%,FAST,8,0.0,NA,NA
JxPath,21,7,40%,Ekstazi+dpt,8,0.97,2,0.04
JxPath,21,7,40%,DPT,8,0.97,2,0.04
JxPath,21,7,40%,STARTS,8,0.93,4,0.08
JxPath,21,7,40%,STARTS+FAST-S,8,0.99,1,0.02
JxPath,21,7,40%,STARTS+FAST-P,8,0.0,NA,NA
JxPath,21,7,40%,STARTS+DPT,8,0.97,2,0.04
JxPath,21,7,40%,Fastazi-S,8,0.0,NA,NA
JxPath,21,7,40%,Fastazi-P,8,0.0,NA,NA
JxPath,21,7,40%,Random,8,0.0,NA,NA
JxPath,21,7,50%,Ekstazi,10,0.99,1,0.02
JxPath,21,7,50%,FAST,10,0.0,NA,NA
JxPath,21,7,50%,Ekstazi+dpt,10,0.97,2,0.04
JxPath,21,7,50%,DPT,10,0.97,2,0.04
JxPath,21,7,50%,STARTS,10,0.93,4,0.08
JxPath,21,7,50%,STARTS+FAST-S,10,0.99,1,0.02
JxPath,21,7,50%,STARTS+FAST-P,10,0.81,10,0.2
JxPath,21,7,50%,STARTS+DPT,10,0.97,2,0.04
JxPath,21,7,50%,Fastazi-S,10,0.81,10,0.2
JxPath,21,7,50%,Fastazi-P,10,0.81,10,0.2
JxPath,21,7,50%,Random,10,0.81,10,0.2
JxPath,21,7,60%,Ekstazi,12,0.99,1,0.02
JxPath,21,7,60%,FAST,12,0.0,NA,NA
JxPath,21,7,60%,Ekstazi+dpt,12,0.97,2,0.04
JxPath,21,7,60%,DPT,12,0.97,2,0.04
JxPath,21,7,60%,STARTS,12,0.93,4,0.08
JxPath,21,7,60%,STARTS+FAST-S,12,0.99,1,0.02
JxPath,21,7,60%,STARTS+FAST-P,12,0.81,10,0.2
JxPath,21,7,60%,STARTS+DPT,12,0.97,2,0.04
JxPath,21,7,60%,Fastazi-S,12,0.81,10,0.2
JxPath,21,7,60%,Fastazi-P,12,0.81,10,0.2
JxPath,21,7,60%,Random,12,0.81,10,0.2
JxPath,21,7,70%,Ekstazi,14,0.99,1,0.02
JxPath,21,7,70%,FAST,14,0.0,NA,NA
JxPath,21,7,70%,Ekstazi+dpt,14,0.97,2,0.04
JxPath,21,7,70%,DPT,14,0.97,2,0.04
JxPath,21,7,70%,STARTS,14,0.93,4,0.08
JxPath,21,7,70%,STARTS+FAST-S,14,0.99,1,0.02
JxPath,21,7,70%,STARTS+FAST-P,14,0.81,10,0.2
JxPath,21,7,70%,STARTS+DPT,14,0.97,2,0.04
JxPath,21,7,70%,Fastazi-S,14,0.81,10,0.2
JxPath,21,7,70%,Fastazi-P,14,0.81,10,0.2
JxPath,21,7,70%,Random,14,0.81,10,0.2
JxPath,21,7,75%,Ekstazi,15,0.99,1,0.02
JxPath,21,7,75%,FAST,15,0.0,NA,NA
JxPath,21,7,75%,Ekstazi+dpt,15,0.97,2,0.04
JxPath,21,7,75%,DPT,15,0.97,2,0.04
JxPath,21,7,75%,STARTS,15,0.93,4,0.08
JxPath,21,7,75%,STARTS+FAST-S,15,0.99,1,0.02
JxPath,21,7,75%,STARTS+FAST-P,15,0.81,10,0.2
JxPath,21,7,75%,STARTS+DPT,15,0.97,2,0.04
JxPath,21,7,75%,Fastazi-S,15,0.81,10,0.2
JxPath,21,7,75%,Fastazi-P,15,0.81,10,0.2
JxPath,21,7,75%,Random,15,0.81,10,0.2
JxPath,21,7,80%,Ekstazi,16,0.99,1,0.02
JxPath,21,7,80%,FAST,16,0.0,NA,NA
JxPath,21,7,80%,Ekstazi+dpt,16,0.97,2,0.04
JxPath,21,7,80%,DPT,16,0.97,2,0.04
JxPath,21,7,80%,STARTS,16,0.93,4,0.08
JxPath,21,7,80%,STARTS+FAST-S,16,0.99,1,0.02
JxPath,21,7,80%,STARTS+FAST-P,16,0.81,10,0.2
JxPath,21,7,80%,STARTS+DPT,16,0.97,2,0.04
JxPath,21,7,80%,Fastazi-S,16,0.81,10,0.2
JxPath,21,7,80%,Fastazi-P,16,0.81,10,0.2
JxPath,21,7,80%,Random,16,0.81,10,0.2
JxPath,21,7,90%,Ekstazi,18,0.99,1,0.02
JxPath,21,7,90%,FAST,18,0.0,NA,NA
JxPath,21,7,90%,Ekstazi+dpt,18,0.97,2,0.04
JxPath,21,7,90%,DPT,18,0.97,2,0.04
JxPath,21,7,90%,STARTS,18,0.93,4,0.08
JxPath,21,7,90%,STARTS+FAST-S,18,0.99,1,0.02
JxPath,21,7,90%,STARTS+FAST-P,18,0.81,10,0.2
JxPath,21,7,90%,STARTS+DPT,18,0.97,2,0.04
JxPath,21,7,90%,Fastazi-S,18,0.81,10,0.2
JxPath,21,7,90%,Fastazi-P,18,0.81,10,0.2
JxPath,21,7,90%,Random,18,0.81,10,0.2
JxPath,21,7,100%,Ekstazi,20,0.99,1,0.02
JxPath,21,7,100%,FAST,20,0.0,NA,NA
JxPath,21,7,100%,Ekstazi+dpt,20,0.97,2,0.04
JxPath,21,7,100%,DPT,20,0.97,2,0.04
JxPath,21,7,100%,STARTS,20,0.93,4,0.08
JxPath,21,7,100%,STARTS+FAST-S,20,0.99,1,0.02
JxPath,21,7,100%,STARTS+FAST-P,20,0.81,10,0.2
JxPath,21,7,100%,STARTS+DPT,20,0.97,2,0.04
JxPath,21,7,100%,Fastazi-S,20,0.81,10,0.2
JxPath,21,7,100%,Fastazi-P,20,0.81,10,0.2
JxPath,21,7,100%,Random,20,0.81,10,0.2
JxPath,21,8,10%,Ekstazi,2,0.0,NA,NA
JxPath,21,8,10%,FAST,2,0.0,NA,NA
JxPath,21,8,10%,Ekstazi+dpt,2,0.97,2,0.04
JxPath,21,8,10%,DPT,2,0.97,2,0.04
JxPath,21,8,10%,STARTS,2,0.0,NA,NA
JxPath,21,8,10%,STARTS+FAST-S,2,0.0,NA,NA
JxPath,21,8,10%,STARTS+FAST-P,2,0.0,NA,NA
JxPath,21,8,10%,STARTS+DPT,2,0.97,2,0.04
JxPath,21,8,10%,Fastazi-S,2,0.0,NA,NA
JxPath,21,8,10%,Fastazi-P,2,0.0,NA,NA
JxPath,21,8,10%,Random,2,0.0,NA,NA
JxPath,21,8,20%,Ekstazi,4,0.0,NA,NA
JxPath,21,8,20%,FAST,4,0.0,NA,NA
JxPath,21,8,20%,Ekstazi+dpt,4,0.97,2,0.04
JxPath,21,8,20%,DPT,4,0.97,2,0.04
JxPath,21,8,20%,STARTS,4,0.0,NA,NA
JxPath,21,8,20%,STARTS+FAST-S,4,0.0,NA,NA
JxPath,21,8,20%,STARTS+FAST-P,4,0.0,NA,NA
JxPath,21,8,20%,STARTS+DPT,4,0.97,2,0.04
JxPath,21,8,20%,Fastazi-S,4,0.0,NA,NA
JxPath,21,8,20%,Fastazi-P,4,0.0,NA,NA
JxPath,21,8,20%,Random,4,0.0,NA,NA
JxPath,21,8,25%,Ekstazi,5,0.0,NA,NA
JxPath,21,8,25%,FAST,5,0.0,NA,NA
JxPath,21,8,25%,Ekstazi+dpt,5,0.97,2,0.04
JxPath,21,8,25%,DPT,5,0.97,2,0.04
JxPath,21,8,25%,STARTS,5,0.0,NA,NA
JxPath,21,8,25%,STARTS+FAST-S,5,0.0,NA,NA
JxPath,21,8,25%,STARTS+FAST-P,5,0.0,NA,NA
JxPath,21,8,25%,STARTS+DPT,5,0.97,2,0.04
JxPath,21,8,25%,Fastazi-S,5,0.0,NA,NA
JxPath,21,8,25%,Fastazi-P,5,0.0,NA,NA
JxPath,21,8,25%,Random,5,0.0,NA,NA
JxPath,21,8,30%,Ekstazi,6,0.0,NA,NA
JxPath,21,8,30%,FAST,6,0.0,NA,NA
JxPath,21,8,30%,Ekstazi+dpt,6,0.97,2,0.04
JxPath,21,8,30%,DPT,6,0.97,2,0.04
JxPath,21,8,30%,STARTS,6,0.0,NA,NA
JxPath,21,8,30%,STARTS+FAST-S,6,0.0,NA,NA
JxPath,21,8,30%,STARTS+FAST-P,6,0.0,NA,NA
JxPath,21,8,30%,STARTS+DPT,6,0.97,2,0.04
JxPath,21,8,30%,Fastazi-S,6,0.0,NA,NA
JxPath,21,8,30%,Fastazi-P,6,0.0,NA,NA
JxPath,21,8,30%,Random,6,0.0,NA,NA
JxPath,21,8,40%,Ekstazi,8,0.0,NA,NA
JxPath,21,8,40%,FAST,8,0.0,NA,NA
JxPath,21,8,40%,Ekstazi+dpt,8,0.97,2,0.04
JxPath,21,8,40%,DPT,8,0.97,2,0.04
JxPath,21,8,40%,STARTS,8,0.0,NA,NA
JxPath,21,8,40%,STARTS+FAST-S,8,0.0,NA,NA
JxPath,21,8,40%,STARTS+FAST-P,8,0.85,8,0.16
JxPath,21,8,40%,STARTS+DPT,8,0.97,2,0.04
JxPath,21,8,40%,Fastazi-S,8,0.0,NA,NA
JxPath,21,8,40%,Fastazi-P,8,0.0,NA,NA
JxPath,21,8,40%,Random,8,0.85,8,0.16
JxPath,21,8,50%,Ekstazi,10,0.0,NA,NA
JxPath,21,8,50%,FAST,10,0.0,NA,NA
JxPath,21,8,50%,Ekstazi+dpt,10,0.97,2,0.04
JxPath,21,8,50%,DPT,10,0.97,2,0.04
JxPath,21,8,50%,STARTS,10,0.8300000000000001,9,0.18
JxPath,21,8,50%,STARTS+FAST-S,10,0.0,NA,NA
JxPath,21,8,50%,STARTS+FAST-P,10,0.85,8,0.16
JxPath,21,8,50%,STARTS+DPT,10,0.97,2,0.04
JxPath,21,8,50%,Fastazi-S,10,0.0,NA,NA
JxPath,21,8,50%,Fastazi-P,10,0.81,10,0.2
JxPath,21,8,50%,Random,10,0.85,8,0.16
JxPath,21,8,60%,Ekstazi,12,0.79,11,0.22
JxPath,21,8,60%,FAST,12,0.0,NA,NA
JxPath,21,8,60%,Ekstazi+dpt,12,0.97,2,0.04
JxPath,21,8,60%,DPT,12,0.97,2,0.04
JxPath,21,8,60%,STARTS,12,0.8300000000000001,9,0.18
JxPath,21,8,60%,STARTS+FAST-S,12,0.0,NA,NA
JxPath,21,8,60%,STARTS+FAST-P,12,0.85,8,0.16
JxPath,21,8,60%,STARTS+DPT,12,0.97,2,0.04
JxPath,21,8,60%,Fastazi-S,12,0.79,11,0.22
JxPath,21,8,60%,Fastazi-P,12,0.81,10,0.2
JxPath,21,8,60%,Random,12,0.85,8,0.16
JxPath,21,8,70%,Ekstazi,14,0.79,11,0.22
JxPath,21,8,70%,FAST,14,0.0,NA,NA
JxPath,21,8,70%,Ekstazi+dpt,14,0.97,2,0.04
JxPath,21,8,70%,DPT,14,0.97,2,0.04
JxPath,21,8,70%,STARTS,14,0.8300000000000001,9,0.18
JxPath,21,8,70%,STARTS+FAST-S,14,0.73,14,0.28
JxPath,21,8,70%,STARTS+FAST-P,14,0.85,8,0.16
JxPath,21,8,70%,STARTS+DPT,14,0.97,2,0.04
JxPath,21,8,70%,Fastazi-S,14,0.79,11,0.22
JxPath,21,8,70%,Fastazi-P,14,0.81,10,0.2
JxPath,21,8,70%,Random,14,0.85,8,0.16
JxPath,21,8,75%,Ekstazi,15,0.79,11,0.22
JxPath,21,8,75%,FAST,15,0.0,NA,NA
JxPath,21,8,75%,Ekstazi+dpt,15,0.97,2,0.04
JxPath,21,8,75%,DPT,15,0.97,2,0.04
JxPath,21,8,75%,STARTS,15,0.8300000000000001,9,0.18
JxPath,21,8,75%,STARTS+FAST-S,15,0.73,14,0.28
JxPath,21,8,75%,STARTS+FAST-P,15,0.85,8,0.16
JxPath,21,8,75%,STARTS+DPT,15,0.97,2,0.04
JxPath,21,8,75%,Fastazi-S,15,0.79,11,0.22
JxPath,21,8,75%,Fastazi-P,15,0.81,10,0.2
JxPath,21,8,75%,Random,15,0.85,8,0.16
JxPath,21,8,80%,Ekstazi,16,0.79,11,0.22
JxPath,21,8,80%,FAST,16,0.0,NA,NA
JxPath,21,8,80%,Ekstazi+dpt,16,0.97,2,0.04
JxPath,21,8,80%,DPT,16,0.97,2,0.04
JxPath,21,8,80%,STARTS,16,0.8300000000000001,9,0.18
JxPath,21,8,80%,STARTS+FAST-S,16,0.73,14,0.28
JxPath,21,8,80%,STARTS+FAST-P,16,0.85,8,0.16
JxPath,21,8,80%,STARTS+DPT,16,0.97,2,0.04
JxPath,21,8,80%,Fastazi-S,16,0.79,11,0.22
JxPath,21,8,80%,Fastazi-P,16,0.81,10,0.2
JxPath,21,8,80%,Random,16,0.85,8,0.16
JxPath,21,8,90%,Ekstazi,18,0.79,11,0.22
JxPath,21,8,90%,FAST,18,0.0,NA,NA
JxPath,21,8,90%,Ekstazi+dpt,18,0.97,2,0.04
JxPath,21,8,90%,DPT,18,0.97,2,0.04
JxPath,21,8,90%,STARTS,18,0.8300000000000001,9,0.18
JxPath,21,8,90%,STARTS+FAST-S,18,0.73,14,0.28
JxPath,21,8,90%,STARTS+FAST-P,18,0.85,8,0.16
JxPath,21,8,90%,STARTS+DPT,18,0.97,2,0.04
JxPath,21,8,90%,Fastazi-S,18,0.79,11,0.22
JxPath,21,8,90%,Fastazi-P,18,0.81,10,0.2
JxPath,21,8,90%,Random,18,0.85,8,0.16
JxPath,21,8,100%,Ekstazi,20,0.79,11,0.22
JxPath,21,8,100%,FAST,20,0.0,NA,NA
JxPath,21,8,100%,Ekstazi+dpt,20,0.97,2,0.04
JxPath,21,8,100%,DPT,20,0.97,2,0.04
JxPath,21,8,100%,STARTS,20,0.8300000000000001,9,0.18
JxPath,21,8,100%,STARTS+FAST-S,20,0.73,14,0.28
JxPath,21,8,100%,STARTS+FAST-P,20,0.85,8,0.16
JxPath,21,8,100%,STARTS+DPT,20,0.97,2,0.04
JxPath,21,8,100%,Fastazi-S,20,0.79,11,0.22
JxPath,21,8,100%,Fastazi-P,20,0.81,10,0.2
JxPath,21,8,100%,Random,20,0.85,8,0.16
JxPath,21,9,10%,Ekstazi,2,0.0,NA,NA
JxPath,21,9,10%,FAST,2,0.0,NA,NA
JxPath,21,9,10%,Ekstazi+dpt,2,0.97,2,0.04
JxPath,21,9,10%,DPT,2,0.97,2,0.04
JxPath,21,9,10%,STARTS,2,0.0,NA,NA
JxPath,21,9,10%,STARTS+FAST-S,2,0.0,NA,NA
JxPath,21,9,10%,STARTS+FAST-P,2,0.0,NA,NA
JxPath,21,9,10%,STARTS+DPT,2,0.97,2,0.04
JxPath,21,9,10%,Fastazi-S,2,0.0,NA,NA
JxPath,21,9,10%,Fastazi-P,2,0.0,NA,NA
JxPath,21,9,10%,Random,2,0.0,NA,NA
JxPath,21,9,20%,Ekstazi,4,0.0,NA,NA
JxPath,21,9,20%,FAST,4,0.0,NA,NA
JxPath,21,9,20%,Ekstazi+dpt,4,0.97,2,0.04
JxPath,21,9,20%,DPT,4,0.97,2,0.04
JxPath,21,9,20%,STARTS,4,0.0,NA,NA
JxPath,21,9,20%,STARTS+FAST-S,4,0.0,NA,NA
JxPath,21,9,20%,STARTS+FAST-P,4,0.0,NA,NA
JxPath,21,9,20%,STARTS+DPT,4,0.97,2,0.04
JxPath,21,9,20%,Fastazi-S,4,0.0,NA,NA
JxPath,21,9,20%,Fastazi-P,4,0.0,NA,NA
JxPath,21,9,20%,Random,4,0.0,NA,NA
JxPath,21,9,25%,Ekstazi,5,0.0,NA,NA
JxPath,21,9,25%,FAST,5,0.0,NA,NA
JxPath,21,9,25%,Ekstazi+dpt,5,0.97,2,0.04
JxPath,21,9,25%,DPT,5,0.97,2,0.04
JxPath,21,9,25%,STARTS,5,0.0,NA,NA
JxPath,21,9,25%,STARTS+FAST-S,5,0.0,NA,NA
JxPath,21,9,25%,STARTS+FAST-P,5,0.0,NA,NA
JxPath,21,9,25%,STARTS+DPT,5,0.97,2,0.04
JxPath,21,9,25%,Fastazi-S,5,0.0,NA,NA
JxPath,21,9,25%,Fastazi-P,5,0.0,NA,NA
JxPath,21,9,25%,Random,5,0.0,NA,NA
JxPath,21,9,30%,Ekstazi,6,0.0,NA,NA
JxPath,21,9,30%,FAST,6,0.0,NA,NA
JxPath,21,9,30%,Ekstazi+dpt,6,0.97,2,0.04
JxPath,21,9,30%,DPT,6,0.97,2,0.04
JxPath,21,9,30%,STARTS,6,0.0,NA,NA
JxPath,21,9,30%,STARTS+FAST-S,6,0.0,NA,NA
JxPath,21,9,30%,STARTS+FAST-P,6,0.0,NA,NA
JxPath,21,9,30%,STARTS+DPT,6,0.97,2,0.04
JxPath,21,9,30%,Fastazi-S,6,0.0,NA,NA
JxPath,21,9,30%,Fastazi-P,6,0.0,NA,NA
JxPath,21,9,30%,Random,6,0.0,NA,NA
JxPath,21,9,40%,Ekstazi,8,0.0,NA,NA
JxPath,21,9,40%,FAST,8,0.0,NA,NA
JxPath,21,9,40%,Ekstazi+dpt,8,0.97,2,0.04
JxPath,21,9,40%,DPT,8,0.97,2,0.04
JxPath,21,9,40%,STARTS,8,0.0,NA,NA
JxPath,21,9,40%,STARTS+FAST-S,8,0.85,8,0.16
JxPath,21,9,40%,STARTS+FAST-P,8,0.0,NA,NA
JxPath,21,9,40%,STARTS+DPT,8,0.97,2,0.04
JxPath,21,9,40%,Fastazi-S,8,0.0,NA,NA
JxPath,21,9,40%,Fastazi-P,8,0.0,NA,NA
JxPath,21,9,40%,Random,8,0.0,NA,NA
JxPath,21,9,50%,Ekstazi,10,0.0,NA,NA
JxPath,21,9,50%,FAST,10,0.0,NA,NA
JxPath,21,9,50%,Ekstazi+dpt,10,0.97,2,0.04
JxPath,21,9,50%,DPT,10,0.97,2,0.04
JxPath,21,9,50%,STARTS,10,0.0,NA,NA
JxPath,21,9,50%,STARTS+FAST-S,10,0.85,8,0.16
JxPath,21,9,50%,STARTS+FAST-P,10,0.81,10,0.2
JxPath,21,9,50%,STARTS+DPT,10,0.97,2,0.04
JxPath,21,9,50%,Fastazi-S,10,0.0,NA,NA
JxPath,21,9,50%,Fastazi-P,10,0.81,10,0.2
JxPath,21,9,50%,Random,10,0.0,NA,NA
JxPath,21,9,60%,Ekstazi,12,0.0,NA,NA
JxPath,21,9,60%,FAST,12,0.0,NA,NA
JxPath,21,9,60%,Ekstazi+dpt,12,0.97,2,0.04
JxPath,21,9,60%,DPT,12,0.97,2,0.04
JxPath,21,9,60%,STARTS,12,0.0,NA,NA
JxPath,21,9,60%,STARTS+FAST-S,12,0.85,8,0.16
JxPath,21,9,60%,STARTS+FAST-P,12,0.81,10,0.2
JxPath,21,9,60%,STARTS+DPT,12,0.97,2,0.04
JxPath,21,9,60%,Fastazi-S,12,0.77,12,0.24
JxPath,21,9,60%,Fastazi-P,12,0.81,10,0.2
JxPath,21,9,60%,Random,12,0.0,NA,NA
JxPath,21,9,70%,Ekstazi,14,0.0,NA,NA
JxPath,21,9,70%,FAST,14,0.0,NA,NA
JxPath,21,9,70%,Ekstazi+dpt,14,0.97,2,0.04
JxPath,21,9,70%,DPT,14,0.97,2,0.04
JxPath,21,9,70%,STARTS,14,0.0,NA,NA
JxPath,21,9,70%,STARTS+FAST-S,14,0.85,8,0.16
JxPath,21,9,70%,STARTS+FAST-P,14,0.81,10,0.2
JxPath,21,9,70%,STARTS+DPT,14,0.97,2,0.04
JxPath,21,9,70%,Fastazi-S,14,0.77,12,0.24
JxPath,21,9,70%,Fastazi-P,14,0.81,10,0.2
JxPath,21,9,70%,Random,14,0.0,NA,NA
JxPath,21,9,75%,Ekstazi,15,0.0,NA,NA
JxPath,21,9,75%,FAST,15,0.0,NA,NA
JxPath,21,9,75%,Ekstazi+dpt,15,0.97,2,0.04
JxPath,21,9,75%,DPT,15,0.97,2,0.04
JxPath,21,9,75%,STARTS,15,0.0,NA,NA
JxPath,21,9,75%,STARTS+FAST-S,15,0.85,8,0.16
JxPath,21,9,75%,STARTS+FAST-P,15,0.81,10,0.2
JxPath,21,9,75%,STARTS+DPT,15,0.97,2,0.04
JxPath,21,9,75%,Fastazi-S,15,0.77,12,0.24
JxPath,21,9,75%,Fastazi-P,15,0.81,10,0.2
JxPath,21,9,75%,Random,15,0.0,NA,NA
JxPath,21,9,80%,Ekstazi,16,0.0,NA,NA
JxPath,21,9,80%,FAST,16,0.0,NA,NA
JxPath,21,9,80%,Ekstazi+dpt,16,0.97,2,0.04
JxPath,21,9,80%,DPT,16,0.97,2,0.04
JxPath,21,9,80%,STARTS,16,0.0,NA,NA
JxPath,21,9,80%,STARTS+FAST-S,16,0.85,8,0.16
JxPath,21,9,80%,STARTS+FAST-P,16,0.81,10,0.2
JxPath,21,9,80%,STARTS+DPT,16,0.97,2,0.04
JxPath,21,9,80%,Fastazi-S,16,0.77,12,0.24
JxPath,21,9,80%,Fastazi-P,16,0.81,10,0.2
JxPath,21,9,80%,Random,16,0.0,NA,NA
JxPath,21,9,90%,Ekstazi,18,0.6699999999999999,17,0.34
JxPath,21,9,90%,FAST,18,0.0,NA,NA
JxPath,21,9,90%,Ekstazi+dpt,18,0.97,2,0.04
JxPath,21,9,90%,DPT,18,0.97,2,0.04
JxPath,21,9,90%,STARTS,18,0.0,NA,NA
JxPath,21,9,90%,STARTS+FAST-S,18,0.85,8,0.16
JxPath,21,9,90%,STARTS+FAST-P,18,0.81,10,0.2
JxPath,21,9,90%,STARTS+DPT,18,0.97,2,0.04
JxPath,21,9,90%,Fastazi-S,18,0.77,12,0.24
JxPath,21,9,90%,Fastazi-P,18,0.81,10,0.2
JxPath,21,9,90%,Random,18,0.0,NA,NA
JxPath,21,9,100%,Ekstazi,20,0.6699999999999999,17,0.34
JxPath,21,9,100%,FAST,20,0.0,NA,NA
JxPath,21,9,100%,Ekstazi+dpt,20,0.97,2,0.04
JxPath,21,9,100%,DPT,20,0.97,2,0.04
JxPath,21,9,100%,STARTS,20,0.0,NA,NA
JxPath,21,9,100%,STARTS+FAST-S,20,0.85,8,0.16
JxPath,21,9,100%,STARTS+FAST-P,20,0.81,10,0.2
JxPath,21,9,100%,STARTS+DPT,20,0.97,2,0.04
JxPath,21,9,100%,Fastazi-S,20,0.77,12,0.24
JxPath,21,9,100%,Fastazi-P,20,0.81,10,0.2
JxPath,21,9,100%,Random,20,0.0,NA,NA
JxPath,21,10,10%,Ekstazi,2,0.99,1,0.02
JxPath,21,10,10%,FAST,2,0.0,NA,NA
JxPath,21,10,10%,Ekstazi+dpt,2,0.97,2,0.04
JxPath,21,10,10%,DPT,2,0.97,2,0.04
JxPath,21,10,10%,STARTS,2,0.0,NA,NA
JxPath,21,10,10%,STARTS+FAST-S,2,0.0,NA,NA
JxPath,21,10,10%,STARTS+FAST-P,2,0.0,NA,NA
JxPath,21,10,10%,STARTS+DPT,2,0.97,2,0.04
JxPath,21,10,10%,Fastazi-S,2,0.0,NA,NA
JxPath,21,10,10%,Fastazi-P,2,0.0,NA,NA
JxPath,21,10,10%,Random,2,0.97,2,0.04
JxPath,21,10,20%,Ekstazi,4,0.99,1,0.02
JxPath,21,10,20%,FAST,4,0.0,NA,NA
JxPath,21,10,20%,Ekstazi+dpt,4,0.97,2,0.04
JxPath,21,10,20%,DPT,4,0.97,2,0.04
JxPath,21,10,20%,STARTS,4,0.0,NA,NA
JxPath,21,10,20%,STARTS+FAST-S,4,0.0,NA,NA
JxPath,21,10,20%,STARTS+FAST-P,4,0.0,NA,NA
JxPath,21,10,20%,STARTS+DPT,4,0.97,2,0.04
JxPath,21,10,20%,Fastazi-S,4,0.0,NA,NA
JxPath,21,10,20%,Fastazi-P,4,0.0,NA,NA
JxPath,21,10,20%,Random,4,0.97,2,0.04
JxPath,21,10,25%,Ekstazi,5,0.99,1,0.02
JxPath,21,10,25%,FAST,5,0.0,NA,NA
JxPath,21,10,25%,Ekstazi+dpt,5,0.97,2,0.04
JxPath,21,10,25%,DPT,5,0.97,2,0.04
JxPath,21,10,25%,STARTS,5,0.91,5,0.1
JxPath,21,10,25%,STARTS+FAST-S,5,0.0,NA,NA
JxPath,21,10,25%,STARTS+FAST-P,5,0.0,NA,NA
JxPath,21,10,25%,STARTS+DPT,5,0.97,2,0.04
JxPath,21,10,25%,Fastazi-S,5,0.0,NA,NA
JxPath,21,10,25%,Fastazi-P,5,0.0,NA,NA
JxPath,21,10,25%,Random,5,0.97,2,0.04
JxPath,21,10,30%,Ekstazi,6,0.99,1,0.02
JxPath,21,10,30%,FAST,6,0.0,NA,NA
JxPath,21,10,30%,Ekstazi+dpt,6,0.97,2,0.04
JxPath,21,10,30%,DPT,6,0.97,2,0.04
JxPath,21,10,30%,STARTS,6,0.91,5,0.1
JxPath,21,10,30%,STARTS+FAST-S,6,0.0,NA,NA
JxPath,21,10,30%,STARTS+FAST-P,6,0.0,NA,NA
JxPath,21,10,30%,STARTS+DPT,6,0.97,2,0.04
JxPath,21,10,30%,Fastazi-S,6,0.0,NA,NA
JxPath,21,10,30%,Fastazi-P,6,0.0,NA,NA
JxPath,21,10,30%,Random,6,0.97,2,0.04
JxPath,21,10,40%,Ekstazi,8,0.99,1,0.02
JxPath,21,10,40%,FAST,8,0.0,NA,NA
JxPath,21,10,40%,Ekstazi+dpt,8,0.97,2,0.04
JxPath,21,10,40%,DPT,8,0.97,2,0.04
JxPath,21,10,40%,STARTS,8,0.91,5,0.1
JxPath,21,10,40%,STARTS+FAST-S,8,0.85,8,0.16
JxPath,21,10,40%,STARTS+FAST-P,8,0.0,NA,NA
JxPath,21,10,40%,STARTS+DPT,8,0.97,2,0.04
JxPath,21,10,40%,Fastazi-S,8,0.0,NA,NA
JxPath,21,10,40%,Fastazi-P,8,0.0,NA,NA
JxPath,21,10,40%,Random,8,0.97,2,0.04
JxPath,21,10,50%,Ekstazi,10,0.99,1,0.02
JxPath,21,10,50%,FAST,10,0.0,NA,NA
JxPath,21,10,50%,Ekstazi+dpt,10,0.97,2,0.04
JxPath,21,10,50%,DPT,10,0.97,2,0.04
JxPath,21,10,50%,STARTS,10,0.91,5,0.1
JxPath,21,10,50%,STARTS+FAST-S,10,0.85,8,0.16
JxPath,21,10,50%,STARTS+FAST-P,10,0.8300000000000001,9,0.18
JxPath,21,10,50%,STARTS+DPT,10,0.97,2,0.04
JxPath,21,10,50%,Fastazi-S,10,0.0,NA,NA
JxPath,21,10,50%,Fastazi-P,10,0.81,10,0.2
JxPath,21,10,50%,Random,10,0.97,2,0.04
JxPath,21,10,60%,Ekstazi,12,0.99,1,0.02
JxPath,21,10,60%,FAST,12,0.0,NA,NA
JxPath,21,10,60%,Ekstazi+dpt,12,0.97,2,0.04
JxPath,21,10,60%,DPT,12,0.97,2,0.04
JxPath,21,10,60%,STARTS,12,0.91,5,0.1
JxPath,21,10,60%,STARTS+FAST-S,12,0.85,8,0.16
JxPath,21,10,60%,STARTS+FAST-P,12,0.8300000000000001,9,0.18
JxPath,21,10,60%,STARTS+DPT,12,0.97,2,0.04
JxPath,21,10,60%,Fastazi-S,12,0.79,11,0.22
JxPath,21,10,60%,Fastazi-P,12,0.81,10,0.2
JxPath,21,10,60%,Random,12,0.97,2,0.04
JxPath,21,10,70%,Ekstazi,14,0.99,1,0.02
JxPath,21,10,70%,FAST,14,0.0,NA,NA
JxPath,21,10,70%,Ekstazi+dpt,14,0.97,2,0.04
JxPath,21,10,70%,DPT,14,0.97,2,0.04
JxPath,21,10,70%,STARTS,14,0.91,5,0.1
JxPath,21,10,70%,STARTS+FAST-S,14,0.85,8,0.16
JxPath,21,10,70%,STARTS+FAST-P,14,0.8300000000000001,9,0.18
JxPath,21,10,70%,STARTS+DPT,14,0.97,2,0.04
JxPath,21,10,70%,Fastazi-S,14,0.79,11,0.22
JxPath,21,10,70%,Fastazi-P,14,0.81,10,0.2
JxPath,21,10,70%,Random,14,0.97,2,0.04
JxPath,21,10,75%,Ekstazi,15,0.99,1,0.02
JxPath,21,10,75%,FAST,15,0.0,NA,NA
JxPath,21,10,75%,Ekstazi+dpt,15,0.97,2,0.04
JxPath,21,10,75%,DPT,15,0.97,2,0.04
JxPath,21,10,75%,STARTS,15,0.91,5,0.1
JxPath,21,10,75%,STARTS+FAST-S,15,0.85,8,0.16
JxPath,21,10,75%,STARTS+FAST-P,15,0.8300000000000001,9,0.18
JxPath,21,10,75%,STARTS+DPT,15,0.97,2,0.04
JxPath,21,10,75%,Fastazi-S,15,0.79,11,0.22
JxPath,21,10,75%,Fastazi-P,15,0.81,10,0.2
JxPath,21,10,75%,Random,15,0.97,2,0.04
JxPath,21,10,80%,Ekstazi,16,0.99,1,0.02
JxPath,21,10,80%,FAST,16,0.0,NA,NA
JxPath,21,10,80%,Ekstazi+dpt,16,0.97,2,0.04
JxPath,21,10,80%,DPT,16,0.97,2,0.04
JxPath,21,10,80%,STARTS,16,0.91,5,0.1
JxPath,21,10,80%,STARTS+FAST-S,16,0.85,8,0.16
JxPath,21,10,80%,STARTS+FAST-P,16,0.8300000000000001,9,0.18
JxPath,21,10,80%,STARTS+DPT,16,0.97,2,0.04
JxPath,21,10,80%,Fastazi-S,16,0.79,11,0.22
JxPath,21,10,80%,Fastazi-P,16,0.81,10,0.2
JxPath,21,10,80%,Random,16,0.97,2,0.04
JxPath,21,10,90%,Ekstazi,18,0.99,1,0.02
JxPath,21,10,90%,FAST,18,0.0,NA,NA
JxPath,21,10,90%,Ekstazi+dpt,18,0.97,2,0.04
JxPath,21,10,90%,DPT,18,0.97,2,0.04
JxPath,21,10,90%,STARTS,18,0.91,5,0.1
JxPath,21,10,90%,STARTS+FAST-S,18,0.85,8,0.16
JxPath,21,10,90%,STARTS+FAST-P,18,0.8300000000000001,9,0.18
JxPath,21,10,90%,STARTS+DPT,18,0.97,2,0.04
JxPath,21,10,90%,Fastazi-S,18,0.79,11,0.22
JxPath,21,10,90%,Fastazi-P,18,0.81,10,0.2
JxPath,21,10,90%,Random,18,0.97,2,0.04
JxPath,21,10,100%,Ekstazi,20,0.99,1,0.02
JxPath,21,10,100%,FAST,20,0.0,NA,NA
JxPath,21,10,100%,Ekstazi+dpt,20,0.97,2,0.04
JxPath,21,10,100%,DPT,20,0.97,2,0.04
JxPath,21,10,100%,STARTS,20,0.91,5,0.1
JxPath,21,10,100%,STARTS+FAST-S,20,0.85,8,0.16
JxPath,21,10,100%,STARTS+FAST-P,20,0.8300000000000001,9,0.18
JxPath,21,10,100%,STARTS+DPT,20,0.97,2,0.04
JxPath,21,10,100%,Fastazi-S,20,0.79,11,0.22
JxPath,21,10,100%,Fastazi-P,20,0.81,10,0.2
JxPath,21,10,100%,Random,20,0.97,2,0.04
JxPath,21,11,10%,Ekstazi,2,0.99,1,0.02
JxPath,21,11,10%,FAST,2,0.0,NA,NA
JxPath,21,11,10%,Ekstazi+dpt,2,0.97,2,0.04
JxPath,21,11,10%,DPT,2,0.97,2,0.04
JxPath,21,11,10%,STARTS,2,0.0,NA,NA
JxPath,21,11,10%,STARTS+FAST-S,2,0.0,NA,NA
JxPath,21,11,10%,STARTS+FAST-P,2,0.0,NA,NA
JxPath,21,11,10%,STARTS+DPT,2,0.97,2,0.04
JxPath,21,11,10%,Fastazi-S,2,0.0,NA,NA
JxPath,21,11,10%,Fastazi-P,2,0.0,NA,NA
JxPath,21,11,10%,Random,2,0.0,NA,NA
JxPath,21,11,20%,Ekstazi,4,0.99,1,0.02
JxPath,21,11,20%,FAST,4,0.0,NA,NA
JxPath,21,11,20%,Ekstazi+dpt,4,0.97,2,0.04
JxPath,21,11,20%,DPT,4,0.97,2,0.04
JxPath,21,11,20%,STARTS,4,0.0,NA,NA
JxPath,21,11,20%,STARTS+FAST-S,4,0.95,3,0.06
JxPath,21,11,20%,STARTS+FAST-P,4,0.0,NA,NA
JxPath,21,11,20%,STARTS+DPT,4,0.97,2,0.04
JxPath,21,11,20%,Fastazi-S,4,0.0,NA,NA
JxPath,21,11,20%,Fastazi-P,4,0.0,NA,NA
JxPath,21,11,20%,Random,4,0.0,NA,NA
JxPath,21,11,25%,Ekstazi,5,0.99,1,0.02
JxPath,21,11,25%,FAST,5,0.0,NA,NA
JxPath,21,11,25%,Ekstazi+dpt,5,0.97,2,0.04
JxPath,21,11,25%,DPT,5,0.97,2,0.04
JxPath,21,11,25%,STARTS,5,0.0,NA,NA
JxPath,21,11,25%,STARTS+FAST-S,5,0.95,3,0.06
JxPath,21,11,25%,STARTS+FAST-P,5,0.0,NA,NA
JxPath,21,11,25%,STARTS+DPT,5,0.97,2,0.04
JxPath,21,11,25%,Fastazi-S,5,0.0,NA,NA
JxPath,21,11,25%,Fastazi-P,5,0.0,NA,NA
JxPath,21,11,25%,Random,5,0.0,NA,NA
JxPath,21,11,30%,Ekstazi,6,0.99,1,0.02
JxPath,21,11,30%,FAST,6,0.0,NA,NA
JxPath,21,11,30%,Ekstazi+dpt,6,0.97,2,0.04
JxPath,21,11,30%,DPT,6,0.97,2,0.04
JxPath,21,11,30%,STARTS,6,0.0,NA,NA
JxPath,21,11,30%,STARTS+FAST-S,6,0.95,3,0.06
JxPath,21,11,30%,STARTS+FAST-P,6,0.0,NA,NA
JxPath,21,11,30%,STARTS+DPT,6,0.97,2,0.04
JxPath,21,11,30%,Fastazi-S,6,0.0,NA,NA
JxPath,21,11,30%,Fastazi-P,6,0.0,NA,NA
JxPath,21,11,30%,Random,6,0.0,NA,NA
JxPath,21,11,40%,Ekstazi,8,0.99,1,0.02
JxPath,21,11,40%,FAST,8,0.0,NA,NA
JxPath,21,11,40%,Ekstazi+dpt,8,0.97,2,0.04
JxPath,21,11,40%,DPT,8,0.97,2,0.04
JxPath,21,11,40%,STARTS,8,0.0,NA,NA
JxPath,21,11,40%,STARTS+FAST-S,8,0.95,3,0.06
JxPath,21,11,40%,STARTS+FAST-P,8,0.0,NA,NA
JxPath,21,11,40%,STARTS+DPT,8,0.97,2,0.04
JxPath,21,11,40%,Fastazi-S,8,0.0,NA,NA
JxPath,21,11,40%,Fastazi-P,8,0.0,NA,NA
JxPath,21,11,40%,Random,8,0.0,NA,NA
JxPath,21,11,50%,Ekstazi,10,0.99,1,0.02
JxPath,21,11,50%,FAST,10,0.0,NA,NA
JxPath,21,11,50%,Ekstazi+dpt,10,0.97,2,0.04
JxPath,21,11,50%,DPT,10,0.97,2,0.04
JxPath,21,11,50%,STARTS,10,0.0,NA,NA
JxPath,21,11,50%,STARTS+FAST-S,10,0.95,3,0.06
JxPath,21,11,50%,STARTS+FAST-P,10,0.81,10,0.2
JxPath,21,11,50%,STARTS+DPT,10,0.97,2,0.04
JxPath,21,11,50%,Fastazi-S,10,0.0,NA,NA
JxPath,21,11,50%,Fastazi-P,10,0.81,10,0.2
JxPath,21,11,50%,Random,10,0.0,NA,NA
JxPath,21,11,60%,Ekstazi,12,0.99,1,0.02
JxPath,21,11,60%,FAST,12,0.0,NA,NA
JxPath,21,11,60%,Ekstazi+dpt,12,0.97,2,0.04
JxPath,21,11,60%,DPT,12,0.97,2,0.04
JxPath,21,11,60%,STARTS,12,0.0,NA,NA
JxPath,21,11,60%,STARTS+FAST-S,12,0.95,3,0.06
JxPath,21,11,60%,STARTS+FAST-P,12,0.81,10,0.2
JxPath,21,11,60%,STARTS+DPT,12,0.97,2,0.04
JxPath,21,11,60%,Fastazi-S,12,0.77,12,0.24
JxPath,21,11,60%,Fastazi-P,12,0.81,10,0.2
JxPath,21,11,60%,Random,12,0.0,NA,NA
JxPath,21,11,70%,Ekstazi,14,0.99,1,0.02
JxPath,21,11,70%,FAST,14,0.0,NA,NA
JxPath,21,11,70%,Ekstazi+dpt,14,0.97,2,0.04
JxPath,21,11,70%,DPT,14,0.97,2,0.04
JxPath,21,11,70%,STARTS,14,0.0,NA,NA
JxPath,21,11,70%,STARTS+FAST-S,14,0.95,3,0.06
JxPath,21,11,70%,STARTS+FAST-P,14,0.81,10,0.2
JxPath,21,11,70%,STARTS+DPT,14,0.97,2,0.04
JxPath,21,11,70%,Fastazi-S,14,0.77,12,0.24
JxPath,21,11,70%,Fastazi-P,14,0.81,10,0.2
JxPath,21,11,70%,Random,14,0.75,13,0.26
JxPath,21,11,75%,Ekstazi,15,0.99,1,0.02
JxPath,21,11,75%,FAST,15,0.0,NA,NA
JxPath,21,11,75%,Ekstazi+dpt,15,0.97,2,0.04
JxPath,21,11,75%,DPT,15,0.97,2,0.04
JxPath,21,11,75%,STARTS,15,0.0,NA,NA
JxPath,21,11,75%,STARTS+FAST-S,15,0.95,3,0.06
JxPath,21,11,75%,STARTS+FAST-P,15,0.81,10,0.2
JxPath,21,11,75%,STARTS+DPT,15,0.97,2,0.04
JxPath,21,11,75%,Fastazi-S,15,0.77,12,0.24
JxPath,21,11,75%,Fastazi-P,15,0.81,10,0.2
JxPath,21,11,75%,Random,15,0.75,13,0.26
JxPath,21,11,80%,Ekstazi,16,0.99,1,0.02
JxPath,21,11,80%,FAST,16,0.0,NA,NA
JxPath,21,11,80%,Ekstazi+dpt,16,0.97,2,0.04
JxPath,21,11,80%,DPT,16,0.97,2,0.04
JxPath,21,11,80%,STARTS,16,0.69,16,0.32
JxPath,21,11,80%,STARTS+FAST-S,16,0.95,3,0.06
JxPath,21,11,80%,STARTS+FAST-P,16,0.81,10,0.2
JxPath,21,11,80%,STARTS+DPT,16,0.97,2,0.04
JxPath,21,11,80%,Fastazi-S,16,0.77,12,0.24
JxPath,21,11,80%,Fastazi-P,16,0.81,10,0.2
JxPath,21,11,80%,Random,16,0.75,13,0.26
JxPath,21,11,90%,Ekstazi,18,0.99,1,0.02
JxPath,21,11,90%,FAST,18,0.0,NA,NA
JxPath,21,11,90%,Ekstazi+dpt,18,0.97,2,0.04
JxPath,21,11,90%,DPT,18,0.97,2,0.04
JxPath,21,11,90%,STARTS,18,0.69,16,0.32
JxPath,21,11,90%,STARTS+FAST-S,18,0.95,3,0.06
JxPath,21,11,90%,STARTS+FAST-P,18,0.81,10,0.2
JxPath,21,11,90%,STARTS+DPT,18,0.97,2,0.04
JxPath,21,11,90%,Fastazi-S,18,0.77,12,0.24
JxPath,21,11,90%,Fastazi-P,18,0.81,10,0.2
JxPath,21,11,90%,Random,18,0.75,13,0.26
JxPath,21,11,100%,Ekstazi,20,0.99,1,0.02
JxPath,21,11,100%,FAST,20,0.0,NA,NA
JxPath,21,11,100%,Ekstazi+dpt,20,0.97,2,0.04
JxPath,21,11,100%,DPT,20,0.97,2,0.04
JxPath,21,11,100%,STARTS,20,0.69,16,0.32
JxPath,21,11,100%,STARTS+FAST-S,20,0.95,3,0.06
JxPath,21,11,100%,STARTS+FAST-P,20,0.81,10,0.2
JxPath,21,11,100%,STARTS+DPT,20,0.97,2,0.04
JxPath,21,11,100%,Fastazi-S,20,0.77,12,0.24
JxPath,21,11,100%,Fastazi-P,20,0.81,10,0.2
JxPath,21,11,100%,Random,20,0.75,13,0.26
JxPath,21,12,10%,Ekstazi,2,0.0,NA,NA
JxPath,21,12,10%,FAST,2,0.0,NA,NA
JxPath,21,12,10%,Ekstazi+dpt,2,0.97,2,0.04
JxPath,21,12,10%,DPT,2,0.97,2,0.04
JxPath,21,12,10%,STARTS,2,0.0,NA,NA
JxPath,21,12,10%,STARTS+FAST-S,2,0.0,NA,NA
JxPath,21,12,10%,STARTS+FAST-P,2,0.0,NA,NA
JxPath,21,12,10%,STARTS+DPT,2,0.97,2,0.04
JxPath,21,12,10%,Fastazi-S,2,0.0,NA,NA
JxPath,21,12,10%,Fastazi-P,2,0.0,NA,NA
JxPath,21,12,10%,Random,2,0.0,NA,NA
JxPath,21,12,20%,Ekstazi,4,0.0,NA,NA
JxPath,21,12,20%,FAST,4,0.0,NA,NA
JxPath,21,12,20%,Ekstazi+dpt,4,0.97,2,0.04
JxPath,21,12,20%,DPT,4,0.97,2,0.04
JxPath,21,12,20%,STARTS,4,0.0,NA,NA
JxPath,21,12,20%,STARTS+FAST-S,4,0.0,NA,NA
JxPath,21,12,20%,STARTS+FAST-P,4,0.0,NA,NA
JxPath,21,12,20%,STARTS+DPT,4,0.97,2,0.04
JxPath,21,12,20%,Fastazi-S,4,0.0,NA,NA
JxPath,21,12,20%,Fastazi-P,4,0.0,NA,NA
JxPath,21,12,20%,Random,4,0.0,NA,NA
JxPath,21,12,25%,Ekstazi,5,0.0,NA,NA
JxPath,21,12,25%,FAST,5,0.0,NA,NA
JxPath,21,12,25%,Ekstazi+dpt,5,0.97,2,0.04
JxPath,21,12,25%,DPT,5,0.97,2,0.04
JxPath,21,12,25%,STARTS,5,0.0,NA,NA
JxPath,21,12,25%,STARTS+FAST-S,5,0.0,NA,NA
JxPath,21,12,25%,STARTS+FAST-P,5,0.0,NA,NA
JxPath,21,12,25%,STARTS+DPT,5,0.97,2,0.04
JxPath,21,12,25%,Fastazi-S,5,0.0,NA,NA
JxPath,21,12,25%,Fastazi-P,5,0.0,NA,NA
JxPath,21,12,25%,Random,5,0.0,NA,NA
JxPath,21,12,30%,Ekstazi,6,0.89,6,0.12
JxPath,21,12,30%,FAST,6,0.0,NA,NA
JxPath,21,12,30%,Ekstazi+dpt,6,0.97,2,0.04
JxPath,21,12,30%,DPT,6,0.97,2,0.04
JxPath,21,12,30%,STARTS,6,0.89,6,0.12
JxPath,21,12,30%,STARTS+FAST-S,6,0.0,NA,NA
JxPath,21,12,30%,STARTS+FAST-P,6,0.0,NA,NA
JxPath,21,12,30%,STARTS+DPT,6,0.97,2,0.04
JxPath,21,12,30%,Fastazi-S,6,0.0,NA,NA
JxPath,21,12,30%,Fastazi-P,6,0.0,NA,NA
JxPath,21,12,30%,Random,6,0.0,NA,NA
JxPath,21,12,40%,Ekstazi,8,0.89,6,0.12
JxPath,21,12,40%,FAST,8,0.0,NA,NA
JxPath,21,12,40%,Ekstazi+dpt,8,0.97,2,0.04
JxPath,21,12,40%,DPT,8,0.97,2,0.04
JxPath,21,12,40%,STARTS,8,0.89,6,0.12
JxPath,21,12,40%,STARTS+FAST-S,8,0.0,NA,NA
JxPath,21,12,40%,STARTS+FAST-P,8,0.0,NA,NA
JxPath,21,12,40%,STARTS+DPT,8,0.97,2,0.04
JxPath,21,12,40%,Fastazi-S,8,0.0,NA,NA
JxPath,21,12,40%,Fastazi-P,8,0.0,NA,NA
JxPath,21,12,40%,Random,8,0.0,NA,NA
JxPath,21,12,50%,Ekstazi,10,0.89,6,0.12
JxPath,21,12,50%,FAST,10,0.0,NA,NA
JxPath,21,12,50%,Ekstazi+dpt,10,0.97,2,0.04
JxPath,21,12,50%,DPT,10,0.97,2,0.04
JxPath,21,12,50%,STARTS,10,0.89,6,0.12
JxPath,21,12,50%,STARTS+FAST-S,10,0.0,NA,NA
JxPath,21,12,50%,STARTS+FAST-P,10,0.0,NA,NA
JxPath,21,12,50%,STARTS+DPT,10,0.97,2,0.04
JxPath,21,12,50%,Fastazi-S,10,0.81,10,0.2
JxPath,21,12,50%,Fastazi-P,10,0.81,10,0.2
JxPath,21,12,50%,Random,10,0.0,NA,NA
JxPath,21,12,60%,Ekstazi,12,0.89,6,0.12
JxPath,21,12,60%,FAST,12,0.0,NA,NA
JxPath,21,12,60%,Ekstazi+dpt,12,0.97,2,0.04
JxPath,21,12,60%,DPT,12,0.97,2,0.04
JxPath,21,12,60%,STARTS,12,0.89,6,0.12
JxPath,21,12,60%,STARTS+FAST-S,12,0.0,NA,NA
JxPath,21,12,60%,STARTS+FAST-P,12,0.79,11,0.22
JxPath,21,12,60%,STARTS+DPT,12,0.97,2,0.04
JxPath,21,12,60%,Fastazi-S,12,0.81,10,0.2
JxPath,21,12,60%,Fastazi-P,12,0.81,10,0.2
JxPath,21,12,60%,Random,12,0.0,NA,NA
JxPath,21,12,70%,Ekstazi,14,0.89,6,0.12
JxPath,21,12,70%,FAST,14,0.0,NA,NA
JxPath,21,12,70%,Ekstazi+dpt,14,0.97,2,0.04
JxPath,21,12,70%,DPT,14,0.97,2,0.04
JxPath,21,12,70%,STARTS,14,0.89,6,0.12
JxPath,21,12,70%,STARTS+FAST-S,14,0.73,14,0.28
JxPath,21,12,70%,STARTS+FAST-P,14,0.79,11,0.22
JxPath,21,12,70%,STARTS+DPT,14,0.97,2,0.04
JxPath,21,12,70%,Fastazi-S,14,0.81,10,0.2
JxPath,21,12,70%,Fastazi-P,14,0.81,10,0.2
JxPath,21,12,70%,Random,14,0.0,NA,NA
JxPath,21,12,75%,Ekstazi,15,0.89,6,0.12
JxPath,21,12,75%,FAST,15,0.0,NA,NA
JxPath,21,12,75%,Ekstazi+dpt,15,0.97,2,0.04
JxPath,21,12,75%,DPT,15,0.97,2,0.04
JxPath,21,12,75%,STARTS,15,0.89,6,0.12
JxPath,21,12,75%,STARTS+FAST-S,15,0.73,14,0.28
JxPath,21,12,75%,STARTS+FAST-P,15,0.79,11,0.22
JxPath,21,12,75%,STARTS+DPT,15,0.97,2,0.04
JxPath,21,12,75%,Fastazi-S,15,0.81,10,0.2
JxPath,21,12,75%,Fastazi-P,15,0.81,10,0.2
JxPath,21,12,75%,Random,15,0.0,NA,NA
JxPath,21,12,80%,Ekstazi,16,0.89,6,0.12
JxPath,21,12,80%,FAST,16,0.0,NA,NA
JxPath,21,12,80%,Ekstazi+dpt,16,0.97,2,0.04
JxPath,21,12,80%,DPT,16,0.97,2,0.04
JxPath,21,12,80%,STARTS,16,0.89,6,0.12
JxPath,21,12,80%,STARTS+FAST-S,16,0.73,14,0.28
JxPath,21,12,80%,STARTS+FAST-P,16,0.79,11,0.22
JxPath,21,12,80%,STARTS+DPT,16,0.97,2,0.04
JxPath,21,12,80%,Fastazi-S,16,0.81,10,0.2
JxPath,21,12,80%,Fastazi-P,16,0.81,10,0.2
JxPath,21,12,80%,Random,16,0.0,NA,NA
JxPath,21,12,90%,Ekstazi,18,0.89,6,0.12
JxPath,21,12,90%,FAST,18,0.0,NA,NA
JxPath,21,12,90%,Ekstazi+dpt,18,0.97,2,0.04
JxPath,21,12,90%,DPT,18,0.97,2,0.04
JxPath,21,12,90%,STARTS,18,0.89,6,0.12
JxPath,21,12,90%,STARTS+FAST-S,18,0.73,14,0.28
JxPath,21,12,90%,STARTS+FAST-P,18,0.79,11,0.22
JxPath,21,12,90%,STARTS+DPT,18,0.97,2,0.04
JxPath,21,12,90%,Fastazi-S,18,0.81,10,0.2
JxPath,21,12,90%,Fastazi-P,18,0.81,10,0.2
JxPath,21,12,90%,Random,18,0.0,NA,NA
JxPath,21,12,100%,Ekstazi,20,0.89,6,0.12
JxPath,21,12,100%,FAST,20,0.0,NA,NA
JxPath,21,12,100%,Ekstazi+dpt,20,0.97,2,0.04
JxPath,21,12,100%,DPT,20,0.97,2,0.04
JxPath,21,12,100%,STARTS,20,0.89,6,0.12
JxPath,21,12,100%,STARTS+FAST-S,20,0.73,14,0.28
JxPath,21,12,100%,STARTS+FAST-P,20,0.79,11,0.22
JxPath,21,12,100%,STARTS+DPT,20,0.97,2,0.04
JxPath,21,12,100%,Fastazi-S,20,0.81,10,0.2
JxPath,21,12,100%,Fastazi-P,20,0.81,10,0.2
JxPath,21,12,100%,Random,20,0.0,NA,NA
JxPath,21,13,10%,Ekstazi,2,0.0,NA,NA
JxPath,21,13,10%,FAST,2,0.0,NA,NA
JxPath,21,13,10%,Ekstazi+dpt,2,0.97,2,0.04
JxPath,21,13,10%,DPT,2,0.97,2,0.04
JxPath,21,13,10%,STARTS,2,0.0,NA,NA
JxPath,21,13,10%,STARTS+FAST-S,2,0.0,NA,NA
JxPath,21,13,10%,STARTS+FAST-P,2,0.0,NA,NA
JxPath,21,13,10%,STARTS+DPT,2,0.97,2,0.04
JxPath,21,13,10%,Fastazi-S,2,0.99,1,0.02
JxPath,21,13,10%,Fastazi-P,2,0.0,NA,NA
JxPath,21,13,10%,Random,2,0.99,1,0.02
JxPath,21,13,20%,Ekstazi,4,0.95,3,0.06
JxPath,21,13,20%,FAST,4,0.0,NA,NA
JxPath,21,13,20%,Ekstazi+dpt,4,0.97,2,0.04
JxPath,21,13,20%,DPT,4,0.97,2,0.04
JxPath,21,13,20%,STARTS,4,0.0,NA,NA
JxPath,21,13,20%,STARTS+FAST-S,4,0.0,NA,NA
JxPath,21,13,20%,STARTS+FAST-P,4,0.0,NA,NA
JxPath,21,13,20%,STARTS+DPT,4,0.97,2,0.04
JxPath,21,13,20%,Fastazi-S,4,0.99,1,0.02
JxPath,21,13,20%,Fastazi-P,4,0.0,NA,NA
JxPath,21,13,20%,Random,4,0.99,1,0.02
JxPath,21,13,25%,Ekstazi,5,0.95,3,0.06
JxPath,21,13,25%,FAST,5,0.0,NA,NA
JxPath,21,13,25%,Ekstazi+dpt,5,0.97,2,0.04
JxPath,21,13,25%,DPT,5,0.97,2,0.04
JxPath,21,13,25%,STARTS,5,0.0,NA,NA
JxPath,21,13,25%,STARTS+FAST-S,5,0.0,NA,NA
JxPath,21,13,25%,STARTS+FAST-P,5,0.0,NA,NA
JxPath,21,13,25%,STARTS+DPT,5,0.97,2,0.04
JxPath,21,13,25%,Fastazi-S,5,0.99,1,0.02
JxPath,21,13,25%,Fastazi-P,5,0.0,NA,NA
JxPath,21,13,25%,Random,5,0.99,1,0.02
JxPath,21,13,30%,Ekstazi,6,0.95,3,0.06
JxPath,21,13,30%,FAST,6,0.0,NA,NA
JxPath,21,13,30%,Ekstazi+dpt,6,0.97,2,0.04
JxPath,21,13,30%,DPT,6,0.97,2,0.04
JxPath,21,13,30%,STARTS,6,0.0,NA,NA
JxPath,21,13,30%,STARTS+FAST-S,6,0.0,NA,NA
JxPath,21,13,30%,STARTS+FAST-P,6,0.0,NA,NA
JxPath,21,13,30%,STARTS+DPT,6,0.97,2,0.04
JxPath,21,13,30%,Fastazi-S,6,0.99,1,0.02
JxPath,21,13,30%,Fastazi-P,6,0.0,NA,NA
JxPath,21,13,30%,Random,6,0.99,1,0.02
JxPath,21,13,40%,Ekstazi,8,0.95,3,0.06
JxPath,21,13,40%,FAST,8,0.0,NA,NA
JxPath,21,13,40%,Ekstazi+dpt,8,0.97,2,0.04
JxPath,21,13,40%,DPT,8,0.97,2,0.04
JxPath,21,13,40%,STARTS,8,0.0,NA,NA
JxPath,21,13,40%,STARTS+FAST-S,8,0.0,NA,NA
JxPath,21,13,40%,STARTS+FAST-P,8,0.0,NA,NA
JxPath,21,13,40%,STARTS+DPT,8,0.97,2,0.04
JxPath,21,13,40%,Fastazi-S,8,0.99,1,0.02
JxPath,21,13,40%,Fastazi-P,8,0.0,NA,NA
JxPath,21,13,40%,Random,8,0.99,1,0.02
JxPath,21,13,50%,Ekstazi,10,0.95,3,0.06
JxPath,21,13,50%,FAST,10,0.0,NA,NA
JxPath,21,13,50%,Ekstazi+dpt,10,0.97,2,0.04
JxPath,21,13,50%,DPT,10,0.97,2,0.04
JxPath,21,13,50%,STARTS,10,0.0,NA,NA
JxPath,21,13,50%,STARTS+FAST-S,10,0.0,NA,NA
JxPath,21,13,50%,STARTS+FAST-P,10,0.81,10,0.2
JxPath,21,13,50%,STARTS+DPT,10,0.97,2,0.04
JxPath,21,13,50%,Fastazi-S,10,0.99,1,0.02
JxPath,21,13,50%,Fastazi-P,10,0.81,10,0.2
JxPath,21,13,50%,Random,10,0.99,1,0.02
JxPath,21,13,60%,Ekstazi,12,0.95,3,0.06
JxPath,21,13,60%,FAST,12,0.0,NA,NA
JxPath,21,13,60%,Ekstazi+dpt,12,0.97,2,0.04
JxPath,21,13,60%,DPT,12,0.97,2,0.04
JxPath,21,13,60%,STARTS,12,0.0,NA,NA
JxPath,21,13,60%,STARTS+FAST-S,12,0.0,NA,NA
JxPath,21,13,60%,STARTS+FAST-P,12,0.81,10,0.2
JxPath,21,13,60%,STARTS+DPT,12,0.97,2,0.04
JxPath,21,13,60%,Fastazi-S,12,0.99,1,0.02
JxPath,21,13,60%,Fastazi-P,12,0.81,10,0.2
JxPath,21,13,60%,Random,12,0.99,1,0.02
JxPath,21,13,70%,Ekstazi,14,0.95,3,0.06
JxPath,21,13,70%,FAST,14,0.0,NA,NA
JxPath,21,13,70%,Ekstazi+dpt,14,0.97,2,0.04
JxPath,21,13,70%,DPT,14,0.97,2,0.04
JxPath,21,13,70%,STARTS,14,0.0,NA,NA
JxPath,21,13,70%,STARTS+FAST-S,14,0.73,14,0.28
JxPath,21,13,70%,STARTS+FAST-P,14,0.81,10,0.2
JxPath,21,13,70%,STARTS+DPT,14,0.97,2,0.04
JxPath,21,13,70%,Fastazi-S,14,0.99,1,0.02
JxPath,21,13,70%,Fastazi-P,14,0.81,10,0.2
JxPath,21,13,70%,Random,14,0.99,1,0.02
JxPath,21,13,75%,Ekstazi,15,0.95,3,0.06
JxPath,21,13,75%,FAST,15,0.0,NA,NA
JxPath,21,13,75%,Ekstazi+dpt,15,0.97,2,0.04
JxPath,21,13,75%,DPT,15,0.97,2,0.04
JxPath,21,13,75%,STARTS,15,0.0,NA,NA
JxPath,21,13,75%,STARTS+FAST-S,15,0.73,14,0.28
JxPath,21,13,75%,STARTS+FAST-P,15,0.81,10,0.2
JxPath,21,13,75%,STARTS+DPT,15,0.97,2,0.04
JxPath,21,13,75%,Fastazi-S,15,0.99,1,0.02
JxPath,21,13,75%,Fastazi-P,15,0.81,10,0.2
JxPath,21,13,75%,Random,15,0.99,1,0.02
JxPath,21,13,80%,Ekstazi,16,0.95,3,0.06
JxPath,21,13,80%,FAST,16,0.0,NA,NA
JxPath,21,13,80%,Ekstazi+dpt,16,0.97,2,0.04
JxPath,21,13,80%,DPT,16,0.97,2,0.04
JxPath,21,13,80%,STARTS,16,0.0,NA,NA
JxPath,21,13,80%,STARTS+FAST-S,16,0.73,14,0.28
JxPath,21,13,80%,STARTS+FAST-P,16,0.81,10,0.2
JxPath,21,13,80%,STARTS+DPT,16,0.97,2,0.04
JxPath,21,13,80%,Fastazi-S,16,0.99,1,0.02
JxPath,21,13,80%,Fastazi-P,16,0.81,10,0.2
JxPath,21,13,80%,Random,16,0.99,1,0.02
JxPath,21,13,90%,Ekstazi,18,0.95,3,0.06
JxPath,21,13,90%,FAST,18,0.0,NA,NA
JxPath,21,13,90%,Ekstazi+dpt,18,0.97,2,0.04
JxPath,21,13,90%,DPT,18,0.97,2,0.04
JxPath,21,13,90%,STARTS,18,0.0,NA,NA
JxPath,21,13,90%,STARTS+FAST-S,18,0.73,14,0.28
JxPath,21,13,90%,STARTS+FAST-P,18,0.81,10,0.2
JxPath,21,13,90%,STARTS+DPT,18,0.97,2,0.04
JxPath,21,13,90%,Fastazi-S,18,0.99,1,0.02
JxPath,21,13,90%,Fastazi-P,18,0.81,10,0.2
JxPath,21,13,90%,Random,18,0.99,1,0.02
JxPath,21,13,100%,Ekstazi,20,0.95,3,0.06
JxPath,21,13,100%,FAST,20,0.0,NA,NA
JxPath,21,13,100%,Ekstazi+dpt,20,0.97,2,0.04
JxPath,21,13,100%,DPT,20,0.97,2,0.04
JxPath,21,13,100%,STARTS,20,0.61,20,0.4
JxPath,21,13,100%,STARTS+FAST-S,20,0.73,14,0.28
JxPath,21,13,100%,STARTS+FAST-P,20,0.81,10,0.2
JxPath,21,13,100%,STARTS+DPT,20,0.97,2,0.04
JxPath,21,13,100%,Fastazi-S,20,0.99,1,0.02
JxPath,21,13,100%,Fastazi-P,20,0.81,10,0.2
JxPath,21,13,100%,Random,20,0.99,1,0.02
JxPath,21,14,10%,Ekstazi,2,0.0,NA,NA
JxPath,21,14,10%,FAST,2,0.0,NA,NA
JxPath,21,14,10%,Ekstazi+dpt,2,0.97,2,0.04
JxPath,21,14,10%,DPT,2,0.97,2,0.04
JxPath,21,14,10%,STARTS,2,0.0,NA,NA
JxPath,21,14,10%,STARTS+FAST-S,2,0.0,NA,NA
JxPath,21,14,10%,STARTS+FAST-P,2,0.0,NA,NA
JxPath,21,14,10%,STARTS+DPT,2,0.97,2,0.04
JxPath,21,14,10%,Fastazi-S,2,0.0,NA,NA
JxPath,21,14,10%,Fastazi-P,2,0.0,NA,NA
JxPath,21,14,10%,Random,2,0.0,NA,NA
JxPath,21,14,20%,Ekstazi,4,0.0,NA,NA
JxPath,21,14,20%,FAST,4,0.0,NA,NA
JxPath,21,14,20%,Ekstazi+dpt,4,0.97,2,0.04
JxPath,21,14,20%,DPT,4,0.97,2,0.04
JxPath,21,14,20%,STARTS,4,0.0,NA,NA
JxPath,21,14,20%,STARTS+FAST-S,4,0.0,NA,NA
JxPath,21,14,20%,STARTS+FAST-P,4,0.0,NA,NA
JxPath,21,14,20%,STARTS+DPT,4,0.97,2,0.04
JxPath,21,14,20%,Fastazi-S,4,0.0,NA,NA
JxPath,21,14,20%,Fastazi-P,4,0.0,NA,NA
JxPath,21,14,20%,Random,4,0.0,NA,NA
JxPath,21,14,25%,Ekstazi,5,0.0,NA,NA
JxPath,21,14,25%,FAST,5,0.0,NA,NA
JxPath,21,14,25%,Ekstazi+dpt,5,0.97,2,0.04
JxPath,21,14,25%,DPT,5,0.97,2,0.04
JxPath,21,14,25%,STARTS,5,0.0,NA,NA
JxPath,21,14,25%,STARTS+FAST-S,5,0.0,NA,NA
JxPath,21,14,25%,STARTS+FAST-P,5,0.0,NA,NA
JxPath,21,14,25%,STARTS+DPT,5,0.97,2,0.04
JxPath,21,14,25%,Fastazi-S,5,0.0,NA,NA
JxPath,21,14,25%,Fastazi-P,5,0.0,NA,NA
JxPath,21,14,25%,Random,5,0.0,NA,NA
JxPath,21,14,30%,Ekstazi,6,0.0,NA,NA
JxPath,21,14,30%,FAST,6,0.0,NA,NA
JxPath,21,14,30%,Ekstazi+dpt,6,0.97,2,0.04
JxPath,21,14,30%,DPT,6,0.97,2,0.04
JxPath,21,14,30%,STARTS,6,0.0,NA,NA
JxPath,21,14,30%,STARTS+FAST-S,6,0.0,NA,NA
JxPath,21,14,30%,STARTS+FAST-P,6,0.0,NA,NA
JxPath,21,14,30%,STARTS+DPT,6,0.97,2,0.04
JxPath,21,14,30%,Fastazi-S,6,0.0,NA,NA
JxPath,21,14,30%,Fastazi-P,6,0.0,NA,NA
JxPath,21,14,30%,Random,6,0.0,NA,NA
JxPath,21,14,40%,Ekstazi,8,0.0,NA,NA
JxPath,21,14,40%,FAST,8,0.0,NA,NA
JxPath,21,14,40%,Ekstazi+dpt,8,0.97,2,0.04
JxPath,21,14,40%,DPT,8,0.97,2,0.04
JxPath,21,14,40%,STARTS,8,0.0,NA,NA
JxPath,21,14,40%,STARTS+FAST-S,8,0.85,8,0.16
JxPath,21,14,40%,STARTS+FAST-P,8,0.0,NA,NA
JxPath,21,14,40%,STARTS+DPT,8,0.97,2,0.04
JxPath,21,14,40%,Fastazi-S,8,0.0,NA,NA
JxPath,21,14,40%,Fastazi-P,8,0.0,NA,NA
JxPath,21,14,40%,Random,8,0.0,NA,NA
JxPath,21,14,50%,Ekstazi,10,0.0,NA,NA
JxPath,21,14,50%,FAST,10,0.0,NA,NA
JxPath,21,14,50%,Ekstazi+dpt,10,0.97,2,0.04
JxPath,21,14,50%,DPT,10,0.97,2,0.04
JxPath,21,14,50%,STARTS,10,0.0,NA,NA
JxPath,21,14,50%,STARTS+FAST-S,10,0.85,8,0.16
JxPath,21,14,50%,STARTS+FAST-P,10,0.0,NA,NA
JxPath,21,14,50%,STARTS+DPT,10,0.97,2,0.04
JxPath,21,14,50%,Fastazi-S,10,0.81,10,0.2
JxPath,21,14,50%,Fastazi-P,10,0.81,10,0.2
JxPath,21,14,50%,Random,10,0.0,NA,NA
JxPath,21,14,60%,Ekstazi,12,0.77,12,0.24
JxPath,21,14,60%,FAST,12,0.0,NA,NA
JxPath,21,14,60%,Ekstazi+dpt,12,0.97,2,0.04
JxPath,21,14,60%,DPT,12,0.97,2,0.04
JxPath,21,14,60%,STARTS,12,0.79,11,0.22
JxPath,21,14,60%,STARTS+FAST-S,12,0.85,8,0.16
JxPath,21,14,60%,STARTS+FAST-P,12,0.0,NA,NA
JxPath,21,14,60%,STARTS+DPT,12,0.97,2,0.04
JxPath,21,14,60%,Fastazi-S,12,0.81,10,0.2
JxPath,21,14,60%,Fastazi-P,12,0.81,10,0.2
JxPath,21,14,60%,Random,12,0.0,NA,NA
JxPath,21,14,70%,Ekstazi,14,0.77,12,0.24
JxPath,21,14,70%,FAST,14,0.0,NA,NA
JxPath,21,14,70%,Ekstazi+dpt,14,0.97,2,0.04
JxPath,21,14,70%,DPT,14,0.97,2,0.04
JxPath,21,14,70%,STARTS,14,0.79,11,0.22
JxPath,21,14,70%,STARTS+FAST-S,14,0.85,8,0.16
JxPath,21,14,70%,STARTS+FAST-P,14,0.0,NA,NA
JxPath,21,14,70%,STARTS+DPT,14,0.97,2,0.04
JxPath,21,14,70%,Fastazi-S,14,0.81,10,0.2
JxPath,21,14,70%,Fastazi-P,14,0.81,10,0.2
JxPath,21,14,70%,Random,14,0.73,14,0.28
JxPath,21,14,75%,Ekstazi,15,0.77,12,0.24
JxPath,21,14,75%,FAST,15,0.0,NA,NA
JxPath,21,14,75%,Ekstazi+dpt,15,0.97,2,0.04
JxPath,21,14,75%,DPT,15,0.97,2,0.04
JxPath,21,14,75%,STARTS,15,0.79,11,0.22
JxPath,21,14,75%,STARTS+FAST-S,15,0.85,8,0.16
JxPath,21,14,75%,STARTS+FAST-P,15,0.0,NA,NA
JxPath,21,14,75%,STARTS+DPT,15,0.97,2,0.04
JxPath,21,14,75%,Fastazi-S,15,0.81,10,0.2
JxPath,21,14,75%,Fastazi-P,15,0.81,10,0.2
JxPath,21,14,75%,Random,15,0.73,14,0.28
JxPath,21,14,80%,Ekstazi,16,0.77,12,0.24
JxPath,21,14,80%,FAST,16,0.0,NA,NA
JxPath,21,14,80%,Ekstazi+dpt,16,0.97,2,0.04
JxPath,21,14,80%,DPT,16,0.97,2,0.04
JxPath,21,14,80%,STARTS,16,0.79,11,0.22
JxPath,21,14,80%,STARTS+FAST-S,16,0.85,8,0.16
JxPath,21,14,80%,STARTS+FAST-P,16,0.69,16,0.32
JxPath,21,14,80%,STARTS+DPT,16,0.97,2,0.04
JxPath,21,14,80%,Fastazi-S,16,0.81,10,0.2
JxPath,21,14,80%,Fastazi-P,16,0.81,10,0.2
JxPath,21,14,80%,Random,16,0.73,14,0.28
JxPath,21,14,90%,Ekstazi,18,0.77,12,0.24
JxPath,21,14,90%,FAST,18,0.0,NA,NA
JxPath,21,14,90%,Ekstazi+dpt,18,0.97,2,0.04
JxPath,21,14,90%,DPT,18,0.97,2,0.04
JxPath,21,14,90%,STARTS,18,0.79,11,0.22
JxPath,21,14,90%,STARTS+FAST-S,18,0.85,8,0.16
JxPath,21,14,90%,STARTS+FAST-P,18,0.69,16,0.32
JxPath,21,14,90%,STARTS+DPT,18,0.97,2,0.04
JxPath,21,14,90%,Fastazi-S,18,0.81,10,0.2
JxPath,21,14,90%,Fastazi-P,18,0.81,10,0.2
JxPath,21,14,90%,Random,18,0.73,14,0.28
JxPath,21,14,100%,Ekstazi,20,0.77,12,0.24
JxPath,21,14,100%,FAST,20,0.0,NA,NA
JxPath,21,14,100%,Ekstazi+dpt,20,0.97,2,0.04
JxPath,21,14,100%,DPT,20,0.97,2,0.04
JxPath,21,14,100%,STARTS,20,0.79,11,0.22
JxPath,21,14,100%,STARTS+FAST-S,20,0.85,8,0.16
JxPath,21,14,100%,STARTS+FAST-P,20,0.69,16,0.32
JxPath,21,14,100%,STARTS+DPT,20,0.97,2,0.04
JxPath,21,14,100%,Fastazi-S,20,0.81,10,0.2
JxPath,21,14,100%,Fastazi-P,20,0.81,10,0.2
JxPath,21,14,100%,Random,20,0.73,14,0.28
JxPath,21,15,10%,Ekstazi,2,0.97,2,0.04
JxPath,21,15,10%,FAST,2,0.0,NA,NA
JxPath,21,15,10%,Ekstazi+dpt,2,0.97,2,0.04
JxPath,21,15,10%,DPT,2,0.97,2,0.04
JxPath,21,15,10%,STARTS,2,0.0,NA,NA
JxPath,21,15,10%,STARTS+FAST-S,2,0.99,1,0.02
JxPath,21,15,10%,STARTS+FAST-P,2,0.0,NA,NA
JxPath,21,15,10%,STARTS+DPT,2,0.97,2,0.04
JxPath,21,15,10%,Fastazi-S,2,0.0,NA,NA
JxPath,21,15,10%,Fastazi-P,2,0.0,NA,NA
JxPath,21,15,10%,Random,2,0.0,NA,NA
JxPath,21,15,20%,Ekstazi,4,0.97,2,0.04
JxPath,21,15,20%,FAST,4,0.0,NA,NA
JxPath,21,15,20%,Ekstazi+dpt,4,0.97,2,0.04
JxPath,21,15,20%,DPT,4,0.97,2,0.04
JxPath,21,15,20%,STARTS,4,0.0,NA,NA
JxPath,21,15,20%,STARTS+FAST-S,4,0.99,1,0.02
JxPath,21,15,20%,STARTS+FAST-P,4,0.0,NA,NA
JxPath,21,15,20%,STARTS+DPT,4,0.97,2,0.04
JxPath,21,15,20%,Fastazi-S,4,0.0,NA,NA
JxPath,21,15,20%,Fastazi-P,4,0.0,NA,NA
JxPath,21,15,20%,Random,4,0.0,NA,NA
JxPath,21,15,25%,Ekstazi,5,0.97,2,0.04
JxPath,21,15,25%,FAST,5,0.0,NA,NA
JxPath,21,15,25%,Ekstazi+dpt,5,0.97,2,0.04
JxPath,21,15,25%,DPT,5,0.97,2,0.04
JxPath,21,15,25%,STARTS,5,0.0,NA,NA
JxPath,21,15,25%,STARTS+FAST-S,5,0.99,1,0.02
JxPath,21,15,25%,STARTS+FAST-P,5,0.0,NA,NA
JxPath,21,15,25%,STARTS+DPT,5,0.97,2,0.04
JxPath,21,15,25%,Fastazi-S,5,0.0,NA,NA
JxPath,21,15,25%,Fastazi-P,5,0.0,NA,NA
JxPath,21,15,25%,Random,5,0.0,NA,NA
JxPath,21,15,30%,Ekstazi,6,0.97,2,0.04
JxPath,21,15,30%,FAST,6,0.0,NA,NA
JxPath,21,15,30%,Ekstazi+dpt,6,0.97,2,0.04
JxPath,21,15,30%,DPT,6,0.97,2,0.04
JxPath,21,15,30%,STARTS,6,0.89,6,0.12
JxPath,21,15,30%,STARTS+FAST-S,6,0.99,1,0.02
JxPath,21,15,30%,STARTS+FAST-P,6,0.0,NA,NA
JxPath,21,15,30%,STARTS+DPT,6,0.97,2,0.04
JxPath,21,15,30%,Fastazi-S,6,0.0,NA,NA
JxPath,21,15,30%,Fastazi-P,6,0.0,NA,NA
JxPath,21,15,30%,Random,6,0.0,NA,NA
JxPath,21,15,40%,Ekstazi,8,0.97,2,0.04
JxPath,21,15,40%,FAST,8,0.0,NA,NA
JxPath,21,15,40%,Ekstazi+dpt,8,0.97,2,0.04
JxPath,21,15,40%,DPT,8,0.97,2,0.04
JxPath,21,15,40%,STARTS,8,0.89,6,0.12
JxPath,21,15,40%,STARTS+FAST-S,8,0.99,1,0.02
JxPath,21,15,40%,STARTS+FAST-P,8,0.0,NA,NA
JxPath,21,15,40%,STARTS+DPT,8,0.97,2,0.04
JxPath,21,15,40%,Fastazi-S,8,0.0,NA,NA
JxPath,21,15,40%,Fastazi-P,8,0.0,NA,NA
JxPath,21,15,40%,Random,8,0.85,8,0.16
JxPath,21,15,50%,Ekstazi,10,0.97,2,0.04
JxPath,21,15,50%,FAST,10,0.0,NA,NA
JxPath,21,15,50%,Ekstazi+dpt,10,0.97,2,0.04
JxPath,21,15,50%,DPT,10,0.97,2,0.04
JxPath,21,15,50%,STARTS,10,0.89,6,0.12
JxPath,21,15,50%,STARTS+FAST-S,10,0.99,1,0.02
JxPath,21,15,50%,STARTS+FAST-P,10,0.81,10,0.2
JxPath,21,15,50%,STARTS+DPT,10,0.97,2,0.04
JxPath,21,15,50%,Fastazi-S,10,0.81,10,0.2
JxPath,21,15,50%,Fastazi-P,10,0.0,NA,NA
JxPath,21,15,50%,Random,10,0.85,8,0.16
JxPath,21,15,60%,Ekstazi,12,0.97,2,0.04
JxPath,21,15,60%,FAST,12,0.0,NA,NA
JxPath,21,15,60%,Ekstazi+dpt,12,0.97,2,0.04
JxPath,21,15,60%,DPT,12,0.97,2,0.04
JxPath,21,15,60%,STARTS,12,0.89,6,0.12
JxPath,21,15,60%,STARTS+FAST-S,12,0.99,1,0.02
JxPath,21,15,60%,STARTS+FAST-P,12,0.81,10,0.2
JxPath,21,15,60%,STARTS+DPT,12,0.97,2,0.04
JxPath,21,15,60%,Fastazi-S,12,0.81,10,0.2
JxPath,21,15,60%,Fastazi-P,12,0.77,12,0.24
JxPath,21,15,60%,Random,12,0.85,8,0.16
JxPath,21,15,70%,Ekstazi,14,0.97,2,0.04
JxPath,21,15,70%,FAST,14,0.0,NA,NA
JxPath,21,15,70%,Ekstazi+dpt,14,0.97,2,0.04
JxPath,21,15,70%,DPT,14,0.97,2,0.04
JxPath,21,15,70%,STARTS,14,0.89,6,0.12
JxPath,21,15,70%,STARTS+FAST-S,14,0.99,1,0.02
JxPath,21,15,70%,STARTS+FAST-P,14,0.81,10,0.2
JxPath,21,15,70%,STARTS+DPT,14,0.97,2,0.04
JxPath,21,15,70%,Fastazi-S,14,0.81,10,0.2
JxPath,21,15,70%,Fastazi-P,14,0.77,12,0.24
JxPath,21,15,70%,Random,14,0.85,8,0.16
JxPath,21,15,75%,Ekstazi,15,0.97,2,0.04
JxPath,21,15,75%,FAST,15,0.0,NA,NA
JxPath,21,15,75%,Ekstazi+dpt,15,0.97,2,0.04
JxPath,21,15,75%,DPT,15,0.97,2,0.04
JxPath,21,15,75%,STARTS,15,0.89,6,0.12
JxPath,21,15,75%,STARTS+FAST-S,15,0.99,1,0.02
JxPath,21,15,75%,STARTS+FAST-P,15,0.81,10,0.2
JxPath,21,15,75%,STARTS+DPT,15,0.97,2,0.04
JxPath,21,15,75%,Fastazi-S,15,0.81,10,0.2
JxPath,21,15,75%,Fastazi-P,15,0.77,12,0.24
JxPath,21,15,75%,Random,15,0.85,8,0.16
JxPath,21,15,80%,Ekstazi,16,0.97,2,0.04
JxPath,21,15,80%,FAST,16,0.0,NA,NA
JxPath,21,15,80%,Ekstazi+dpt,16,0.97,2,0.04
JxPath,21,15,80%,DPT,16,0.97,2,0.04
JxPath,21,15,80%,STARTS,16,0.89,6,0.12
JxPath,21,15,80%,STARTS+FAST-S,16,0.99,1,0.02
JxPath,21,15,80%,STARTS+FAST-P,16,0.81,10,0.2
JxPath,21,15,80%,STARTS+DPT,16,0.97,2,0.04
JxPath,21,15,80%,Fastazi-S,16,0.81,10,0.2
JxPath,21,15,80%,Fastazi-P,16,0.77,12,0.24
JxPath,21,15,80%,Random,16,0.85,8,0.16
JxPath,21,15,90%,Ekstazi,18,0.97,2,0.04
JxPath,21,15,90%,FAST,18,0.0,NA,NA
JxPath,21,15,90%,Ekstazi+dpt,18,0.97,2,0.04
JxPath,21,15,90%,DPT,18,0.97,2,0.04
JxPath,21,15,90%,STARTS,18,0.89,6,0.12
JxPath,21,15,90%,STARTS+FAST-S,18,0.99,1,0.02
JxPath,21,15,90%,STARTS+FAST-P,18,0.81,10,0.2
JxPath,21,15,90%,STARTS+DPT,18,0.97,2,0.04
JxPath,21,15,90%,Fastazi-S,18,0.81,10,0.2
JxPath,21,15,90%,Fastazi-P,18,0.77,12,0.24
JxPath,21,15,90%,Random,18,0.85,8,0.16
JxPath,21,15,100%,Ekstazi,20,0.97,2,0.04
JxPath,21,15,100%,FAST,20,0.0,NA,NA
JxPath,21,15,100%,Ekstazi+dpt,20,0.97,2,0.04
JxPath,21,15,100%,DPT,20,0.97,2,0.04
JxPath,21,15,100%,STARTS,20,0.89,6,0.12
JxPath,21,15,100%,STARTS+FAST-S,20,0.99,1,0.02
JxPath,21,15,100%,STARTS+FAST-P,20,0.81,10,0.2
JxPath,21,15,100%,STARTS+DPT,20,0.97,2,0.04
JxPath,21,15,100%,Fastazi-S,20,0.81,10,0.2
JxPath,21,15,100%,Fastazi-P,20,0.77,12,0.24
JxPath,21,15,100%,Random,20,0.85,8,0.16
JxPath,21,16,10%,Ekstazi,2,0.0,NA,NA
JxPath,21,16,10%,FAST,2,0.0,NA,NA
JxPath,21,16,10%,Ekstazi+dpt,2,0.97,2,0.04
JxPath,21,16,10%,DPT,2,0.97,2,0.04
JxPath,21,16,10%,STARTS,2,0.0,NA,NA
JxPath,21,16,10%,STARTS+FAST-S,2,0.0,NA,NA
JxPath,21,16,10%,STARTS+FAST-P,2,0.0,NA,NA
JxPath,21,16,10%,STARTS+DPT,2,0.97,2,0.04
JxPath,21,16,10%,Fastazi-S,2,0.0,NA,NA
JxPath,21,16,10%,Fastazi-P,2,0.0,NA,NA
JxPath,21,16,10%,Random,2,0.0,NA,NA
JxPath,21,16,20%,Ekstazi,4,0.0,NA,NA
JxPath,21,16,20%,FAST,4,0.0,NA,NA
JxPath,21,16,20%,Ekstazi+dpt,4,0.97,2,0.04
JxPath,21,16,20%,DPT,4,0.97,2,0.04
JxPath,21,16,20%,STARTS,4,0.0,NA,NA
JxPath,21,16,20%,STARTS+FAST-S,4,0.0,NA,NA
JxPath,21,16,20%,STARTS+FAST-P,4,0.0,NA,NA
JxPath,21,16,20%,STARTS+DPT,4,0.97,2,0.04
JxPath,21,16,20%,Fastazi-S,4,0.0,NA,NA
JxPath,21,16,20%,Fastazi-P,4,0.0,NA,NA
JxPath,21,16,20%,Random,4,0.0,NA,NA
JxPath,21,16,25%,Ekstazi,5,0.0,NA,NA
JxPath,21,16,25%,FAST,5,0.0,NA,NA
JxPath,21,16,25%,Ekstazi+dpt,5,0.97,2,0.04
JxPath,21,16,25%,DPT,5,0.97,2,0.04
JxPath,21,16,25%,STARTS,5,0.0,NA,NA
JxPath,21,16,25%,STARTS+FAST-S,5,0.0,NA,NA
JxPath,21,16,25%,STARTS+FAST-P,5,0.0,NA,NA
JxPath,21,16,25%,STARTS+DPT,5,0.97,2,0.04
JxPath,21,16,25%,Fastazi-S,5,0.0,NA,NA
JxPath,21,16,25%,Fastazi-P,5,0.0,NA,NA
JxPath,21,16,25%,Random,5,0.0,NA,NA
JxPath,21,16,30%,Ekstazi,6,0.89,6,0.12
JxPath,21,16,30%,FAST,6,0.0,NA,NA
JxPath,21,16,30%,Ekstazi+dpt,6,0.97,2,0.04
JxPath,21,16,30%,DPT,6,0.97,2,0.04
JxPath,21,16,30%,STARTS,6,0.0,NA,NA
JxPath,21,16,30%,STARTS+FAST-S,6,0.0,NA,NA
JxPath,21,16,30%,STARTS+FAST-P,6,0.0,NA,NA
JxPath,21,16,30%,STARTS+DPT,6,0.97,2,0.04
JxPath,21,16,30%,Fastazi-S,6,0.0,NA,NA
JxPath,21,16,30%,Fastazi-P,6,0.0,NA,NA
JxPath,21,16,30%,Random,6,0.0,NA,NA
JxPath,21,16,40%,Ekstazi,8,0.89,6,0.12
JxPath,21,16,40%,FAST,8,0.0,NA,NA
JxPath,21,16,40%,Ekstazi+dpt,8,0.97,2,0.04
JxPath,21,16,40%,DPT,8,0.97,2,0.04
JxPath,21,16,40%,STARTS,8,0.0,NA,NA
JxPath,21,16,40%,STARTS+FAST-S,8,0.0,NA,NA
JxPath,21,16,40%,STARTS+FAST-P,8,0.0,NA,NA
JxPath,21,16,40%,STARTS+DPT,8,0.97,2,0.04
JxPath,21,16,40%,Fastazi-S,8,0.0,NA,NA
JxPath,21,16,40%,Fastazi-P,8,0.0,NA,NA
JxPath,21,16,40%,Random,8,0.0,NA,NA
JxPath,21,16,50%,Ekstazi,10,0.89,6,0.12
JxPath,21,16,50%,FAST,10,0.0,NA,NA
JxPath,21,16,50%,Ekstazi+dpt,10,0.97,2,0.04
JxPath,21,16,50%,DPT,10,0.97,2,0.04
JxPath,21,16,50%,STARTS,10,0.0,NA,NA
JxPath,21,16,50%,STARTS+FAST-S,10,0.0,NA,NA
JxPath,21,16,50%,STARTS+FAST-P,10,0.81,10,0.2
JxPath,21,16,50%,STARTS+DPT,10,0.97,2,0.04
JxPath,21,16,50%,Fastazi-S,10,0.81,10,0.2
JxPath,21,16,50%,Fastazi-P,10,0.81,10,0.2
JxPath,21,16,50%,Random,10,0.0,NA,NA
JxPath,21,16,60%,Ekstazi,12,0.89,6,0.12
JxPath,21,16,60%,FAST,12,0.0,NA,NA
JxPath,21,16,60%,Ekstazi+dpt,12,0.97,2,0.04
JxPath,21,16,60%,DPT,12,0.97,2,0.04
JxPath,21,16,60%,STARTS,12,0.0,NA,NA
JxPath,21,16,60%,STARTS+FAST-S,12,0.0,NA,NA
JxPath,21,16,60%,STARTS+FAST-P,12,0.81,10,0.2
JxPath,21,16,60%,STARTS+DPT,12,0.97,2,0.04
JxPath,21,16,60%,Fastazi-S,12,0.81,10,0.2
JxPath,21,16,60%,Fastazi-P,12,0.81,10,0.2
JxPath,21,16,60%,Random,12,0.0,NA,NA
JxPath,21,16,70%,Ekstazi,14,0.89,6,0.12
JxPath,21,16,70%,FAST,14,0.0,NA,NA
JxPath,21,16,70%,Ekstazi+dpt,14,0.97,2,0.04
JxPath,21,16,70%,DPT,14,0.97,2,0.04
JxPath,21,16,70%,STARTS,14,0.75,13,0.26
JxPath,21,16,70%,STARTS+FAST-S,14,0.73,14,0.28
JxPath,21,16,70%,STARTS+FAST-P,14,0.81,10,0.2
JxPath,21,16,70%,STARTS+DPT,14,0.97,2,0.04
JxPath,21,16,70%,Fastazi-S,14,0.81,10,0.2
JxPath,21,16,70%,Fastazi-P,14,0.81,10,0.2
JxPath,21,16,70%,Random,14,0.0,NA,NA
JxPath,21,16,75%,Ekstazi,15,0.89,6,0.12
JxPath,21,16,75%,FAST,15,0.0,NA,NA
JxPath,21,16,75%,Ekstazi+dpt,15,0.97,2,0.04
JxPath,21,16,75%,DPT,15,0.97,2,0.04
JxPath,21,16,75%,STARTS,15,0.75,13,0.26
JxPath,21,16,75%,STARTS+FAST-S,15,0.73,14,0.28
JxPath,21,16,75%,STARTS+FAST-P,15,0.81,10,0.2
JxPath,21,16,75%,STARTS+DPT,15,0.97,2,0.04
JxPath,21,16,75%,Fastazi-S,15,0.81,10,0.2
JxPath,21,16,75%,Fastazi-P,15,0.81,10,0.2
JxPath,21,16,75%,Random,15,0.0,NA,NA
JxPath,21,16,80%,Ekstazi,16,0.89,6,0.12
JxPath,21,16,80%,FAST,16,0.0,NA,NA
JxPath,21,16,80%,Ekstazi+dpt,16,0.97,2,0.04
JxPath,21,16,80%,DPT,16,0.97,2,0.04
JxPath,21,16,80%,STARTS,16,0.75,13,0.26
JxPath,21,16,80%,STARTS+FAST-S,16,0.73,14,0.28
JxPath,21,16,80%,STARTS+FAST-P,16,0.81,10,0.2
JxPath,21,16,80%,STARTS+DPT,16,0.97,2,0.04
JxPath,21,16,80%,Fastazi-S,16,0.81,10,0.2
JxPath,21,16,80%,Fastazi-P,16,0.81,10,0.2
JxPath,21,16,80%,Random,16,0.0,NA,NA
JxPath,21,16,90%,Ekstazi,18,0.89,6,0.12
JxPath,21,16,90%,FAST,18,0.0,NA,NA
JxPath,21,16,90%,Ekstazi+dpt,18,0.97,2,0.04
JxPath,21,16,90%,DPT,18,0.97,2,0.04
JxPath,21,16,90%,STARTS,18,0.75,13,0.26
JxPath,21,16,90%,STARTS+FAST-S,18,0.73,14,0.28
JxPath,21,16,90%,STARTS+FAST-P,18,0.81,10,0.2
JxPath,21,16,90%,STARTS+DPT,18,0.97,2,0.04
JxPath,21,16,90%,Fastazi-S,18,0.81,10,0.2
JxPath,21,16,90%,Fastazi-P,18,0.81,10,0.2
JxPath,21,16,90%,Random,18,0.0,NA,NA
JxPath,21,16,100%,Ekstazi,20,0.89,6,0.12
JxPath,21,16,100%,FAST,20,0.0,NA,NA
JxPath,21,16,100%,Ekstazi+dpt,20,0.97,2,0.04
JxPath,21,16,100%,DPT,20,0.97,2,0.04
JxPath,21,16,100%,STARTS,20,0.75,13,0.26
JxPath,21,16,100%,STARTS+FAST-S,20,0.73,14,0.28
JxPath,21,16,100%,STARTS+FAST-P,20,0.81,10,0.2
JxPath,21,16,100%,STARTS+DPT,20,0.97,2,0.04
JxPath,21,16,100%,Fastazi-S,20,0.81,10,0.2
JxPath,21,16,100%,Fastazi-P,20,0.81,10,0.2
JxPath,21,16,100%,Random,20,0.0,NA,NA
JxPath,21,17,10%,Ekstazi,2,0.97,2,0.04
JxPath,21,17,10%,FAST,2,0.0,NA,NA
JxPath,21,17,10%,Ekstazi+dpt,2,0.97,2,0.04
JxPath,21,17,10%,DPT,2,0.97,2,0.04
JxPath,21,17,10%,STARTS,2,0.0,NA,NA
JxPath,21,17,10%,STARTS+FAST-S,2,0.0,NA,NA
JxPath,21,17,10%,STARTS+FAST-P,2,0.0,NA,NA
JxPath,21,17,10%,STARTS+DPT,2,0.97,2,0.04
JxPath,21,17,10%,Fastazi-S,2,0.0,NA,NA
JxPath,21,17,10%,Fastazi-P,2,0.0,NA,NA
JxPath,21,17,10%,Random,2,0.0,NA,NA
JxPath,21,17,20%,Ekstazi,4,0.97,2,0.04
JxPath,21,17,20%,FAST,4,0.0,NA,NA
JxPath,21,17,20%,Ekstazi+dpt,4,0.97,2,0.04
JxPath,21,17,20%,DPT,4,0.97,2,0.04
JxPath,21,17,20%,STARTS,4,0.95,3,0.06
JxPath,21,17,20%,STARTS+FAST-S,4,0.0,NA,NA
JxPath,21,17,20%,STARTS+FAST-P,4,0.0,NA,NA
JxPath,21,17,20%,STARTS+DPT,4,0.97,2,0.04
JxPath,21,17,20%,Fastazi-S,4,0.0,NA,NA
JxPath,21,17,20%,Fastazi-P,4,0.0,NA,NA
JxPath,21,17,20%,Random,4,0.0,NA,NA
JxPath,21,17,25%,Ekstazi,5,0.97,2,0.04
JxPath,21,17,25%,FAST,5,0.0,NA,NA
JxPath,21,17,25%,Ekstazi+dpt,5,0.97,2,0.04
JxPath,21,17,25%,DPT,5,0.97,2,0.04
JxPath,21,17,25%,STARTS,5,0.95,3,0.06
JxPath,21,17,25%,STARTS+FAST-S,5,0.0,NA,NA
JxPath,21,17,25%,STARTS+FAST-P,5,0.0,NA,NA
JxPath,21,17,25%,STARTS+DPT,5,0.97,2,0.04
JxPath,21,17,25%,Fastazi-S,5,0.0,NA,NA
JxPath,21,17,25%,Fastazi-P,5,0.0,NA,NA
JxPath,21,17,25%,Random,5,0.0,NA,NA
JxPath,21,17,30%,Ekstazi,6,0.97,2,0.04
JxPath,21,17,30%,FAST,6,0.0,NA,NA
JxPath,21,17,30%,Ekstazi+dpt,6,0.97,2,0.04
JxPath,21,17,30%,DPT,6,0.97,2,0.04
JxPath,21,17,30%,STARTS,6,0.95,3,0.06
JxPath,21,17,30%,STARTS+FAST-S,6,0.0,NA,NA
JxPath,21,17,30%,STARTS+FAST-P,6,0.0,NA,NA
JxPath,21,17,30%,STARTS+DPT,6,0.97,2,0.04
JxPath,21,17,30%,Fastazi-S,6,0.0,NA,NA
JxPath,21,17,30%,Fastazi-P,6,0.0,NA,NA
JxPath,21,17,30%,Random,6,0.0,NA,NA
JxPath,21,17,40%,Ekstazi,8,0.97,2,0.04
JxPath,21,17,40%,FAST,8,0.0,NA,NA
JxPath,21,17,40%,Ekstazi+dpt,8,0.97,2,0.04
JxPath,21,17,40%,DPT,8,0.97,2,0.04
JxPath,21,17,40%,STARTS,8,0.95,3,0.06
JxPath,21,17,40%,STARTS+FAST-S,8,0.0,NA,NA
JxPath,21,17,40%,STARTS+FAST-P,8,0.0,NA,NA
JxPath,21,17,40%,STARTS+DPT,8,0.97,2,0.04
JxPath,21,17,40%,Fastazi-S,8,0.0,NA,NA
JxPath,21,17,40%,Fastazi-P,8,0.0,NA,NA
JxPath,21,17,40%,Random,8,0.0,NA,NA
JxPath,21,17,50%,Ekstazi,10,0.97,2,0.04
JxPath,21,17,50%,FAST,10,0.0,NA,NA
JxPath,21,17,50%,Ekstazi+dpt,10,0.97,2,0.04
JxPath,21,17,50%,DPT,10,0.97,2,0.04
JxPath,21,17,50%,STARTS,10,0.95,3,0.06
JxPath,21,17,50%,STARTS+FAST-S,10,0.81,10,0.2
JxPath,21,17,50%,STARTS+FAST-P,10,0.8300000000000001,9,0.18
JxPath,21,17,50%,STARTS+DPT,10,0.97,2,0.04
JxPath,21,17,50%,Fastazi-S,10,0.0,NA,NA
JxPath,21,17,50%,Fastazi-P,10,0.81,10,0.2
JxPath,21,17,50%,Random,10,0.0,NA,NA
JxPath,21,17,60%,Ekstazi,12,0.97,2,0.04
JxPath,21,17,60%,FAST,12,0.0,NA,NA
JxPath,21,17,60%,Ekstazi+dpt,12,0.97,2,0.04
JxPath,21,17,60%,DPT,12,0.97,2,0.04
JxPath,21,17,60%,STARTS,12,0.95,3,0.06
JxPath,21,17,60%,STARTS+FAST-S,12,0.81,10,0.2
JxPath,21,17,60%,STARTS+FAST-P,12,0.8300000000000001,9,0.18
JxPath,21,17,60%,STARTS+DPT,12,0.97,2,0.04
JxPath,21,17,60%,Fastazi-S,12,0.77,12,0.24
JxPath,21,17,60%,Fastazi-P,12,0.81,10,0.2
JxPath,21,17,60%,Random,12,0.0,NA,NA
JxPath,21,17,70%,Ekstazi,14,0.97,2,0.04
JxPath,21,17,70%,FAST,14,0.0,NA,NA
JxPath,21,17,70%,Ekstazi+dpt,14,0.97,2,0.04
JxPath,21,17,70%,DPT,14,0.97,2,0.04
JxPath,21,17,70%,STARTS,14,0.95,3,0.06
JxPath,21,17,70%,STARTS+FAST-S,14,0.81,10,0.2
JxPath,21,17,70%,STARTS+FAST-P,14,0.8300000000000001,9,0.18
JxPath,21,17,70%,STARTS+DPT,14,0.97,2,0.04
JxPath,21,17,70%,Fastazi-S,14,0.77,12,0.24
JxPath,21,17,70%,Fastazi-P,14,0.81,10,0.2
JxPath,21,17,70%,Random,14,0.0,NA,NA
JxPath,21,17,75%,Ekstazi,15,0.97,2,0.04
JxPath,21,17,75%,FAST,15,0.0,NA,NA
JxPath,21,17,75%,Ekstazi+dpt,15,0.97,2,0.04
JxPath,21,17,75%,DPT,15,0.97,2,0.04
JxPath,21,17,75%,STARTS,15,0.95,3,0.06
JxPath,21,17,75%,STARTS+FAST-S,15,0.81,10,0.2
JxPath,21,17,75%,STARTS+FAST-P,15,0.8300000000000001,9,0.18
JxPath,21,17,75%,STARTS+DPT,15,0.97,2,0.04
JxPath,21,17,75%,Fastazi-S,15,0.77,12,0.24
JxPath,21,17,75%,Fastazi-P,15,0.81,10,0.2
JxPath,21,17,75%,Random,15,0.0,NA,NA
JxPath,21,17,80%,Ekstazi,16,0.97,2,0.04
JxPath,21,17,80%,FAST,16,0.0,NA,NA
JxPath,21,17,80%,Ekstazi+dpt,16,0.97,2,0.04
JxPath,21,17,80%,DPT,16,0.97,2,0.04
JxPath,21,17,80%,STARTS,16,0.95,3,0.06
JxPath,21,17,80%,STARTS+FAST-S,16,0.81,10,0.2
JxPath,21,17,80%,STARTS+FAST-P,16,0.8300000000000001,9,0.18
JxPath,21,17,80%,STARTS+DPT,16,0.97,2,0.04
JxPath,21,17,80%,Fastazi-S,16,0.77,12,0.24
JxPath,21,17,80%,Fastazi-P,16,0.81,10,0.2
JxPath,21,17,80%,Random,16,0.0,NA,NA
JxPath,21,17,90%,Ekstazi,18,0.97,2,0.04
JxPath,21,17,90%,FAST,18,0.0,NA,NA
JxPath,21,17,90%,Ekstazi+dpt,18,0.97,2,0.04
JxPath,21,17,90%,DPT,18,0.97,2,0.04
JxPath,21,17,90%,STARTS,18,0.95,3,0.06
JxPath,21,17,90%,STARTS+FAST-S,18,0.81,10,0.2
JxPath,21,17,90%,STARTS+FAST-P,18,0.8300000000000001,9,0.18
JxPath,21,17,90%,STARTS+DPT,18,0.97,2,0.04
JxPath,21,17,90%,Fastazi-S,18,0.77,12,0.24
JxPath,21,17,90%,Fastazi-P,18,0.81,10,0.2
JxPath,21,17,90%,Random,18,0.0,NA,NA
JxPath,21,17,100%,Ekstazi,20,0.97,2,0.04
JxPath,21,17,100%,FAST,20,0.0,NA,NA
JxPath,21,17,100%,Ekstazi+dpt,20,0.97,2,0.04
JxPath,21,17,100%,DPT,20,0.97,2,0.04
JxPath,21,17,100%,STARTS,20,0.95,3,0.06
JxPath,21,17,100%,STARTS+FAST-S,20,0.81,10,0.2
JxPath,21,17,100%,STARTS+FAST-P,20,0.8300000000000001,9,0.18
JxPath,21,17,100%,STARTS+DPT,20,0.97,2,0.04
JxPath,21,17,100%,Fastazi-S,20,0.77,12,0.24
JxPath,21,17,100%,Fastazi-P,20,0.81,10,0.2
JxPath,21,17,100%,Random,20,0.0,NA,NA
JxPath,21,18,10%,Ekstazi,2,0.0,NA,NA
JxPath,21,18,10%,FAST,2,0.0,NA,NA
JxPath,21,18,10%,Ekstazi+dpt,2,0.97,2,0.04
JxPath,21,18,10%,DPT,2,0.97,2,0.04
JxPath,21,18,10%,STARTS,2,0.0,NA,NA
JxPath,21,18,10%,STARTS+FAST-S,2,0.0,NA,NA
JxPath,21,18,10%,STARTS+FAST-P,2,0.0,NA,NA
JxPath,21,18,10%,STARTS+DPT,2,0.97,2,0.04
JxPath,21,18,10%,Fastazi-S,2,0.0,NA,NA
JxPath,21,18,10%,Fastazi-P,2,0.0,NA,NA
JxPath,21,18,10%,Random,2,0.0,NA,NA
JxPath,21,18,20%,Ekstazi,4,0.0,NA,NA
JxPath,21,18,20%,FAST,4,0.0,NA,NA
JxPath,21,18,20%,Ekstazi+dpt,4,0.97,2,0.04
JxPath,21,18,20%,DPT,4,0.97,2,0.04
JxPath,21,18,20%,STARTS,4,0.0,NA,NA
JxPath,21,18,20%,STARTS+FAST-S,4,0.0,NA,NA
JxPath,21,18,20%,STARTS+FAST-P,4,0.0,NA,NA
JxPath,21,18,20%,STARTS+DPT,4,0.97,2,0.04
JxPath,21,18,20%,Fastazi-S,4,0.0,NA,NA
JxPath,21,18,20%,Fastazi-P,4,0.0,NA,NA
JxPath,21,18,20%,Random,4,0.95,3,0.06
JxPath,21,18,25%,Ekstazi,5,0.91,5,0.1
JxPath,21,18,25%,FAST,5,0.0,NA,NA
JxPath,21,18,25%,Ekstazi+dpt,5,0.97,2,0.04
JxPath,21,18,25%,DPT,5,0.97,2,0.04
JxPath,21,18,25%,STARTS,5,0.0,NA,NA
JxPath,21,18,25%,STARTS+FAST-S,5,0.0,NA,NA
JxPath,21,18,25%,STARTS+FAST-P,5,0.0,NA,NA
JxPath,21,18,25%,STARTS+DPT,5,0.97,2,0.04
JxPath,21,18,25%,Fastazi-S,5,0.0,NA,NA
JxPath,21,18,25%,Fastazi-P,5,0.0,NA,NA
JxPath,21,18,25%,Random,5,0.95,3,0.06
JxPath,21,18,30%,Ekstazi,6,0.91,5,0.1
JxPath,21,18,30%,FAST,6,0.0,NA,NA
JxPath,21,18,30%,Ekstazi+dpt,6,0.97,2,0.04
JxPath,21,18,30%,DPT,6,0.97,2,0.04
JxPath,21,18,30%,STARTS,6,0.0,NA,NA
JxPath,21,18,30%,STARTS+FAST-S,6,0.0,NA,NA
JxPath,21,18,30%,STARTS+FAST-P,6,0.0,NA,NA
JxPath,21,18,30%,STARTS+DPT,6,0.97,2,0.04
JxPath,21,18,30%,Fastazi-S,6,0.0,NA,NA
JxPath,21,18,30%,Fastazi-P,6,0.0,NA,NA
JxPath,21,18,30%,Random,6,0.95,3,0.06
JxPath,21,18,40%,Ekstazi,8,0.91,5,0.1
JxPath,21,18,40%,FAST,8,0.0,NA,NA
JxPath,21,18,40%,Ekstazi+dpt,8,0.97,2,0.04
JxPath,21,18,40%,DPT,8,0.97,2,0.04
JxPath,21,18,40%,STARTS,8,0.0,NA,NA
JxPath,21,18,40%,STARTS+FAST-S,8,0.0,NA,NA
JxPath,21,18,40%,STARTS+FAST-P,8,0.0,NA,NA
JxPath,21,18,40%,STARTS+DPT,8,0.97,2,0.04
JxPath,21,18,40%,Fastazi-S,8,0.0,NA,NA
JxPath,21,18,40%,Fastazi-P,8,0.0,NA,NA
JxPath,21,18,40%,Random,8,0.95,3,0.06
JxPath,21,18,50%,Ekstazi,10,0.91,5,0.1
JxPath,21,18,50%,FAST,10,0.0,NA,NA
JxPath,21,18,50%,Ekstazi+dpt,10,0.97,2,0.04
JxPath,21,18,50%,DPT,10,0.97,2,0.04
JxPath,21,18,50%,STARTS,10,0.0,NA,NA
JxPath,21,18,50%,STARTS+FAST-S,10,0.0,NA,NA
JxPath,21,18,50%,STARTS+FAST-P,10,0.0,NA,NA
JxPath,21,18,50%,STARTS+DPT,10,0.97,2,0.04
JxPath,21,18,50%,Fastazi-S,10,0.81,10,0.2
JxPath,21,18,50%,Fastazi-P,10,0.81,10,0.2
JxPath,21,18,50%,Random,10,0.95,3,0.06
JxPath,21,18,60%,Ekstazi,12,0.91,5,0.1
JxPath,21,18,60%,FAST,12,0.0,NA,NA
JxPath,21,18,60%,Ekstazi+dpt,12,0.97,2,0.04
JxPath,21,18,60%,DPT,12,0.97,2,0.04
JxPath,21,18,60%,STARTS,12,0.0,NA,NA
JxPath,21,18,60%,STARTS+FAST-S,12,0.0,NA,NA
JxPath,21,18,60%,STARTS+FAST-P,12,0.77,12,0.24
JxPath,21,18,60%,STARTS+DPT,12,0.97,2,0.04
JxPath,21,18,60%,Fastazi-S,12,0.81,10,0.2
JxPath,21,18,60%,Fastazi-P,12,0.81,10,0.2
JxPath,21,18,60%,Random,12,0.95,3,0.06
JxPath,21,18,70%,Ekstazi,14,0.91,5,0.1
JxPath,21,18,70%,FAST,14,0.0,NA,NA
JxPath,21,18,70%,Ekstazi+dpt,14,0.97,2,0.04
JxPath,21,18,70%,DPT,14,0.97,2,0.04
JxPath,21,18,70%,STARTS,14,0.0,NA,NA
JxPath,21,18,70%,STARTS+FAST-S,14,0.73,14,0.28
JxPath,21,18,70%,STARTS+FAST-P,14,0.77,12,0.24
JxPath,21,18,70%,STARTS+DPT,14,0.97,2,0.04
JxPath,21,18,70%,Fastazi-S,14,0.81,10,0.2
JxPath,21,18,70%,Fastazi-P,14,0.81,10,0.2
JxPath,21,18,70%,Random,14,0.95,3,0.06
JxPath,21,18,75%,Ekstazi,15,0.91,5,0.1
JxPath,21,18,75%,FAST,15,0.0,NA,NA
JxPath,21,18,75%,Ekstazi+dpt,15,0.97,2,0.04
JxPath,21,18,75%,DPT,15,0.97,2,0.04
JxPath,21,18,75%,STARTS,15,0.0,NA,NA
JxPath,21,18,75%,STARTS+FAST-S,15,0.73,14,0.28
JxPath,21,18,75%,STARTS+FAST-P,15,0.77,12,0.24
JxPath,21,18,75%,STARTS+DPT,15,0.97,2,0.04
JxPath,21,18,75%,Fastazi-S,15,0.81,10,0.2
JxPath,21,18,75%,Fastazi-P,15,0.81,10,0.2
JxPath,21,18,75%,Random,15,0.95,3,0.06
JxPath,21,18,80%,Ekstazi,16,0.91,5,0.1
JxPath,21,18,80%,FAST,16,0.0,NA,NA
JxPath,21,18,80%,Ekstazi+dpt,16,0.97,2,0.04
JxPath,21,18,80%,DPT,16,0.97,2,0.04
JxPath,21,18,80%,STARTS,16,0.0,NA,NA
JxPath,21,18,80%,STARTS+FAST-S,16,0.73,14,0.28
JxPath,21,18,80%,STARTS+FAST-P,16,0.77,12,0.24
JxPath,21,18,80%,STARTS+DPT,16,0.97,2,0.04
JxPath,21,18,80%,Fastazi-S,16,0.81,10,0.2
JxPath,21,18,80%,Fastazi-P,16,0.81,10,0.2
JxPath,21,18,80%,Random,16,0.95,3,0.06
JxPath,21,18,90%,Ekstazi,18,0.91,5,0.1
JxPath,21,18,90%,FAST,18,0.0,NA,NA
JxPath,21,18,90%,Ekstazi+dpt,18,0.97,2,0.04
JxPath,21,18,90%,DPT,18,0.97,2,0.04
JxPath,21,18,90%,STARTS,18,0.0,NA,NA
JxPath,21,18,90%,STARTS+FAST-S,18,0.73,14,0.28
JxPath,21,18,90%,STARTS+FAST-P,18,0.77,12,0.24
JxPath,21,18,90%,STARTS+DPT,18,0.97,2,0.04
JxPath,21,18,90%,Fastazi-S,18,0.81,10,0.2
JxPath,21,18,90%,Fastazi-P,18,0.81,10,0.2
JxPath,21,18,90%,Random,18,0.95,3,0.06
JxPath,21,18,100%,Ekstazi,20,0.91,5,0.1
JxPath,21,18,100%,FAST,20,0.0,NA,NA
JxPath,21,18,100%,Ekstazi+dpt,20,0.97,2,0.04
JxPath,21,18,100%,DPT,20,0.97,2,0.04
JxPath,21,18,100%,STARTS,20,0.61,20,0.4
JxPath,21,18,100%,STARTS+FAST-S,20,0.73,14,0.28
JxPath,21,18,100%,STARTS+FAST-P,20,0.77,12,0.24
JxPath,21,18,100%,STARTS+DPT,20,0.97,2,0.04
JxPath,21,18,100%,Fastazi-S,20,0.81,10,0.2
JxPath,21,18,100%,Fastazi-P,20,0.81,10,0.2
JxPath,21,18,100%,Random,20,0.95,3,0.06
JxPath,21,19,10%,Ekstazi,2,0.0,NA,NA
JxPath,21,19,10%,FAST,2,0.0,NA,NA
JxPath,21,19,10%,Ekstazi+dpt,2,0.97,2,0.04
JxPath,21,19,10%,DPT,2,0.97,2,0.04
JxPath,21,19,10%,STARTS,2,0.0,NA,NA
JxPath,21,19,10%,STARTS+FAST-S,2,0.0,NA,NA
JxPath,21,19,10%,STARTS+FAST-P,2,0.99,1,0.02
JxPath,21,19,10%,STARTS+DPT,2,0.97,2,0.04
JxPath,21,19,10%,Fastazi-S,2,0.0,NA,NA
JxPath,21,19,10%,Fastazi-P,2,0.0,NA,NA
JxPath,21,19,10%,Random,2,0.0,NA,NA
JxPath,21,19,20%,Ekstazi,4,0.93,4,0.08
JxPath,21,19,20%,FAST,4,0.0,NA,NA
JxPath,21,19,20%,Ekstazi+dpt,4,0.97,2,0.04
JxPath,21,19,20%,DPT,4,0.97,2,0.04
JxPath,21,19,20%,STARTS,4,0.0,NA,NA
JxPath,21,19,20%,STARTS+FAST-S,4,0.0,NA,NA
JxPath,21,19,20%,STARTS+FAST-P,4,0.99,1,0.02
JxPath,21,19,20%,STARTS+DPT,4,0.97,2,0.04
JxPath,21,19,20%,Fastazi-S,4,0.0,NA,NA
JxPath,21,19,20%,Fastazi-P,4,0.0,NA,NA
JxPath,21,19,20%,Random,4,0.0,NA,NA
JxPath,21,19,25%,Ekstazi,5,0.93,4,0.08
JxPath,21,19,25%,FAST,5,0.0,NA,NA
JxPath,21,19,25%,Ekstazi+dpt,5,0.97,2,0.04
JxPath,21,19,25%,DPT,5,0.97,2,0.04
JxPath,21,19,25%,STARTS,5,0.0,NA,NA
JxPath,21,19,25%,STARTS+FAST-S,5,0.0,NA,NA
JxPath,21,19,25%,STARTS+FAST-P,5,0.99,1,0.02
JxPath,21,19,25%,STARTS+DPT,5,0.97,2,0.04
JxPath,21,19,25%,Fastazi-S,5,0.0,NA,NA
JxPath,21,19,25%,Fastazi-P,5,0.0,NA,NA
JxPath,21,19,25%,Random,5,0.0,NA,NA
JxPath,21,19,30%,Ekstazi,6,0.93,4,0.08
JxPath,21,19,30%,FAST,6,0.0,NA,NA
JxPath,21,19,30%,Ekstazi+dpt,6,0.97,2,0.04
JxPath,21,19,30%,DPT,6,0.97,2,0.04
JxPath,21,19,30%,STARTS,6,0.0,NA,NA
JxPath,21,19,30%,STARTS+FAST-S,6,0.0,NA,NA
JxPath,21,19,30%,STARTS+FAST-P,6,0.99,1,0.02
JxPath,21,19,30%,STARTS+DPT,6,0.97,2,0.04
JxPath,21,19,30%,Fastazi-S,6,0.0,NA,NA
JxPath,21,19,30%,Fastazi-P,6,0.0,NA,NA
JxPath,21,19,30%,Random,6,0.0,NA,NA
JxPath,21,19,40%,Ekstazi,8,0.93,4,0.08
JxPath,21,19,40%,FAST,8,0.0,NA,NA
JxPath,21,19,40%,Ekstazi+dpt,8,0.97,2,0.04
JxPath,21,19,40%,DPT,8,0.97,2,0.04
JxPath,21,19,40%,STARTS,8,0.0,NA,NA
JxPath,21,19,40%,STARTS+FAST-S,8,0.0,NA,NA
JxPath,21,19,40%,STARTS+FAST-P,8,0.99,1,0.02
JxPath,21,19,40%,STARTS+DPT,8,0.97,2,0.04
JxPath,21,19,40%,Fastazi-S,8,0.0,NA,NA
JxPath,21,19,40%,Fastazi-P,8,0.0,NA,NA
JxPath,21,19,40%,Random,8,0.0,NA,NA
JxPath,21,19,50%,Ekstazi,10,0.93,4,0.08
JxPath,21,19,50%,FAST,10,0.0,NA,NA
JxPath,21,19,50%,Ekstazi+dpt,10,0.97,2,0.04
JxPath,21,19,50%,DPT,10,0.97,2,0.04
JxPath,21,19,50%,STARTS,10,0.0,NA,NA
JxPath,21,19,50%,STARTS+FAST-S,10,0.8300000000000001,9,0.18
JxPath,21,19,50%,STARTS+FAST-P,10,0.99,1,0.02
JxPath,21,19,50%,STARTS+DPT,10,0.97,2,0.04
JxPath,21,19,50%,Fastazi-S,10,0.81,10,0.2
JxPath,21,19,50%,Fastazi-P,10,0.0,NA,NA
JxPath,21,19,50%,Random,10,0.0,NA,NA
JxPath,21,19,60%,Ekstazi,12,0.93,4,0.08
JxPath,21,19,60%,FAST,12,0.0,NA,NA
JxPath,21,19,60%,Ekstazi+dpt,12,0.97,2,0.04
JxPath,21,19,60%,DPT,12,0.97,2,0.04
JxPath,21,19,60%,STARTS,12,0.0,NA,NA
JxPath,21,19,60%,STARTS+FAST-S,12,0.8300000000000001,9,0.18
JxPath,21,19,60%,STARTS+FAST-P,12,0.99,1,0.02
JxPath,21,19,60%,STARTS+DPT,12,0.97,2,0.04
JxPath,21,19,60%,Fastazi-S,12,0.81,10,0.2
JxPath,21,19,60%,Fastazi-P,12,0.77,12,0.24
JxPath,21,19,60%,Random,12,0.0,NA,NA
JxPath,21,19,70%,Ekstazi,14,0.93,4,0.08
JxPath,21,19,70%,FAST,14,0.0,NA,NA
JxPath,21,19,70%,Ekstazi+dpt,14,0.97,2,0.04
JxPath,21,19,70%,DPT,14,0.97,2,0.04
JxPath,21,19,70%,STARTS,14,0.0,NA,NA
JxPath,21,19,70%,STARTS+FAST-S,14,0.8300000000000001,9,0.18
JxPath,21,19,70%,STARTS+FAST-P,14,0.99,1,0.02
JxPath,21,19,70%,STARTS+DPT,14,0.97,2,0.04
JxPath,21,19,70%,Fastazi-S,14,0.81,10,0.2
JxPath,21,19,70%,Fastazi-P,14,0.77,12,0.24
JxPath,21,19,70%,Random,14,0.0,NA,NA
JxPath,21,19,75%,Ekstazi,15,0.93,4,0.08
JxPath,21,19,75%,FAST,15,0.0,NA,NA
JxPath,21,19,75%,Ekstazi+dpt,15,0.97,2,0.04
JxPath,21,19,75%,DPT,15,0.97,2,0.04
JxPath,21,19,75%,STARTS,15,0.0,NA,NA
JxPath,21,19,75%,STARTS+FAST-S,15,0.8300000000000001,9,0.18
JxPath,21,19,75%,STARTS+FAST-P,15,0.99,1,0.02
JxPath,21,19,75%,STARTS+DPT,15,0.97,2,0.04
JxPath,21,19,75%,Fastazi-S,15,0.81,10,0.2
JxPath,21,19,75%,Fastazi-P,15,0.77,12,0.24
JxPath,21,19,75%,Random,15,0.0,NA,NA
JxPath,21,19,80%,Ekstazi,16,0.93,4,0.08
JxPath,21,19,80%,FAST,16,0.0,NA,NA
JxPath,21,19,80%,Ekstazi+dpt,16,0.97,2,0.04
JxPath,21,19,80%,DPT,16,0.97,2,0.04
JxPath,21,19,80%,STARTS,16,0.0,NA,NA
JxPath,21,19,80%,STARTS+FAST-S,16,0.8300000000000001,9,0.18
JxPath,21,19,80%,STARTS+FAST-P,16,0.99,1,0.02
JxPath,21,19,80%,STARTS+DPT,16,0.97,2,0.04
JxPath,21,19,80%,Fastazi-S,16,0.81,10,0.2
JxPath,21,19,80%,Fastazi-P,16,0.77,12,0.24
JxPath,21,19,80%,Random,16,0.0,NA,NA
JxPath,21,19,90%,Ekstazi,18,0.93,4,0.08
JxPath,21,19,90%,FAST,18,0.0,NA,NA
JxPath,21,19,90%,Ekstazi+dpt,18,0.97,2,0.04
JxPath,21,19,90%,DPT,18,0.97,2,0.04
JxPath,21,19,90%,STARTS,18,0.0,NA,NA
JxPath,21,19,90%,STARTS+FAST-S,18,0.8300000000000001,9,0.18
JxPath,21,19,90%,STARTS+FAST-P,18,0.99,1,0.02
JxPath,21,19,90%,STARTS+DPT,18,0.97,2,0.04
JxPath,21,19,90%,Fastazi-S,18,0.81,10,0.2
JxPath,21,19,90%,Fastazi-P,18,0.77,12,0.24
JxPath,21,19,90%,Random,18,0.0,NA,NA
JxPath,21,19,100%,Ekstazi,20,0.93,4,0.08
JxPath,21,19,100%,FAST,20,0.0,NA,NA
JxPath,21,19,100%,Ekstazi+dpt,20,0.97,2,0.04
JxPath,21,19,100%,DPT,20,0.97,2,0.04
JxPath,21,19,100%,STARTS,20,0.0,NA,NA
JxPath,21,19,100%,STARTS+FAST-S,20,0.8300000000000001,9,0.18
JxPath,21,19,100%,STARTS+FAST-P,20,0.99,1,0.02
JxPath,21,19,100%,STARTS+DPT,20,0.97,2,0.04
JxPath,21,19,100%,Fastazi-S,20,0.81,10,0.2
JxPath,21,19,100%,Fastazi-P,20,0.77,12,0.24
JxPath,21,19,100%,Random,20,0.0,NA,NA
JxPath,21,20,10%,Ekstazi,2,0.97,2,0.04
JxPath,21,20,10%,FAST,2,0.0,NA,NA
JxPath,21,20,10%,Ekstazi+dpt,2,0.97,2,0.04
JxPath,21,20,10%,DPT,2,0.97,2,0.04
JxPath,21,20,10%,STARTS,2,0.97,2,0.04
JxPath,21,20,10%,STARTS+FAST-S,2,0.0,NA,NA
JxPath,21,20,10%,STARTS+FAST-P,2,0.0,NA,NA
JxPath,21,20,10%,STARTS+DPT,2,0.97,2,0.04
JxPath,21,20,10%,Fastazi-S,2,0.0,NA,NA
JxPath,21,20,10%,Fastazi-P,2,0.0,NA,NA
JxPath,21,20,10%,Random,2,0.0,NA,NA
JxPath,21,20,20%,Ekstazi,4,0.97,2,0.04
JxPath,21,20,20%,FAST,4,0.0,NA,NA
JxPath,21,20,20%,Ekstazi+dpt,4,0.97,2,0.04
JxPath,21,20,20%,DPT,4,0.97,2,0.04
JxPath,21,20,20%,STARTS,4,0.97,2,0.04
JxPath,21,20,20%,STARTS+FAST-S,4,0.0,NA,NA
JxPath,21,20,20%,STARTS+FAST-P,4,0.0,NA,NA
JxPath,21,20,20%,STARTS+DPT,4,0.97,2,0.04
JxPath,21,20,20%,Fastazi-S,4,0.0,NA,NA
JxPath,21,20,20%,Fastazi-P,4,0.0,NA,NA
JxPath,21,20,20%,Random,4,0.0,NA,NA
JxPath,21,20,25%,Ekstazi,5,0.97,2,0.04
JxPath,21,20,25%,FAST,5,0.0,NA,NA
JxPath,21,20,25%,Ekstazi+dpt,5,0.97,2,0.04
JxPath,21,20,25%,DPT,5,0.97,2,0.04
JxPath,21,20,25%,STARTS,5,0.97,2,0.04
JxPath,21,20,25%,STARTS+FAST-S,5,0.0,NA,NA
JxPath,21,20,25%,STARTS+FAST-P,5,0.0,NA,NA
JxPath,21,20,25%,STARTS+DPT,5,0.97,2,0.04
JxPath,21,20,25%,Fastazi-S,5,0.0,NA,NA
JxPath,21,20,25%,Fastazi-P,5,0.0,NA,NA
JxPath,21,20,25%,Random,5,0.0,NA,NA
JxPath,21,20,30%,Ekstazi,6,0.97,2,0.04
JxPath,21,20,30%,FAST,6,0.0,NA,NA
JxPath,21,20,30%,Ekstazi+dpt,6,0.97,2,0.04
JxPath,21,20,30%,DPT,6,0.97,2,0.04
JxPath,21,20,30%,STARTS,6,0.97,2,0.04
JxPath,21,20,30%,STARTS+FAST-S,6,0.0,NA,NA
JxPath,21,20,30%,STARTS+FAST-P,6,0.0,NA,NA
JxPath,21,20,30%,STARTS+DPT,6,0.97,2,0.04
JxPath,21,20,30%,Fastazi-S,6,0.0,NA,NA
JxPath,21,20,30%,Fastazi-P,6,0.0,NA,NA
JxPath,21,20,30%,Random,6,0.0,NA,NA
JxPath,21,20,40%,Ekstazi,8,0.97,2,0.04
JxPath,21,20,40%,FAST,8,0.0,NA,NA
JxPath,21,20,40%,Ekstazi+dpt,8,0.97,2,0.04
JxPath,21,20,40%,DPT,8,0.97,2,0.04
JxPath,21,20,40%,STARTS,8,0.97,2,0.04
JxPath,21,20,40%,STARTS+FAST-S,8,0.85,8,0.16
JxPath,21,20,40%,STARTS+FAST-P,8,0.0,NA,NA
JxPath,21,20,40%,STARTS+DPT,8,0.97,2,0.04
JxPath,21,20,40%,Fastazi-S,8,0.0,NA,NA
JxPath,21,20,40%,Fastazi-P,8,0.0,NA,NA
JxPath,21,20,40%,Random,8,0.85,8,0.16
JxPath,21,20,50%,Ekstazi,10,0.97,2,0.04
JxPath,21,20,50%,FAST,10,0.0,NA,NA
JxPath,21,20,50%,Ekstazi+dpt,10,0.97,2,0.04
JxPath,21,20,50%,DPT,10,0.97,2,0.04
JxPath,21,20,50%,STARTS,10,0.97,2,0.04
JxPath,21,20,50%,STARTS+FAST-S,10,0.85,8,0.16
JxPath,21,20,50%,STARTS+FAST-P,10,0.81,10,0.2
JxPath,21,20,50%,STARTS+DPT,10,0.97,2,0.04
JxPath,21,20,50%,Fastazi-S,10,0.81,10,0.2
JxPath,21,20,50%,Fastazi-P,10,0.81,10,0.2
JxPath,21,20,50%,Random,10,0.85,8,0.16
JxPath,21,20,60%,Ekstazi,12,0.97,2,0.04
JxPath,21,20,60%,FAST,12,0.0,NA,NA
JxPath,21,20,60%,Ekstazi+dpt,12,0.97,2,0.04
JxPath,21,20,60%,DPT,12,0.97,2,0.04
JxPath,21,20,60%,STARTS,12,0.97,2,0.04
JxPath,21,20,60%,STARTS+FAST-S,12,0.85,8,0.16
JxPath,21,20,60%,STARTS+FAST-P,12,0.81,10,0.2
JxPath,21,20,60%,STARTS+DPT,12,0.97,2,0.04
JxPath,21,20,60%,Fastazi-S,12,0.81,10,0.2
JxPath,21,20,60%,Fastazi-P,12,0.81,10,0.2
JxPath,21,20,60%,Random,12,0.85,8,0.16
JxPath,21,20,70%,Ekstazi,14,0.97,2,0.04
JxPath,21,20,70%,FAST,14,0.0,NA,NA
JxPath,21,20,70%,Ekstazi+dpt,14,0.97,2,0.04
JxPath,21,20,70%,DPT,14,0.97,2,0.04
JxPath,21,20,70%,STARTS,14,0.97,2,0.04
JxPath,21,20,70%,STARTS+FAST-S,14,0.85,8,0.16
JxPath,21,20,70%,STARTS+FAST-P,14,0.81,10,0.2
JxPath,21,20,70%,STARTS+DPT,14,0.97,2,0.04
JxPath,21,20,70%,Fastazi-S,14,0.81,10,0.2
JxPath,21,20,70%,Fastazi-P,14,0.81,10,0.2
JxPath,21,20,70%,Random,14,0.85,8,0.16
JxPath,21,20,75%,Ekstazi,15,0.97,2,0.04
JxPath,21,20,75%,FAST,15,0.0,NA,NA
JxPath,21,20,75%,Ekstazi+dpt,15,0.97,2,0.04
JxPath,21,20,75%,DPT,15,0.97,2,0.04
JxPath,21,20,75%,STARTS,15,0.97,2,0.04
JxPath,21,20,75%,STARTS+FAST-S,15,0.85,8,0.16
JxPath,21,20,75%,STARTS+FAST-P,15,0.81,10,0.2
JxPath,21,20,75%,STARTS+DPT,15,0.97,2,0.04
JxPath,21,20,75%,Fastazi-S,15,0.81,10,0.2
JxPath,21,20,75%,Fastazi-P,15,0.81,10,0.2
JxPath,21,20,75%,Random,15,0.85,8,0.16
JxPath,21,20,80%,Ekstazi,16,0.97,2,0.04
JxPath,21,20,80%,FAST,16,0.0,NA,NA
JxPath,21,20,80%,Ekstazi+dpt,16,0.97,2,0.04
JxPath,21,20,80%,DPT,16,0.97,2,0.04
JxPath,21,20,80%,STARTS,16,0.97,2,0.04
JxPath,21,20,80%,STARTS+FAST-S,16,0.85,8,0.16
JxPath,21,20,80%,STARTS+FAST-P,16,0.81,10,0.2
JxPath,21,20,80%,STARTS+DPT,16,0.97,2,0.04
JxPath,21,20,80%,Fastazi-S,16,0.81,10,0.2
JxPath,21,20,80%,Fastazi-P,16,0.81,10,0.2
JxPath,21,20,80%,Random,16,0.85,8,0.16
JxPath,21,20,90%,Ekstazi,18,0.97,2,0.04
JxPath,21,20,90%,FAST,18,0.0,NA,NA
JxPath,21,20,90%,Ekstazi+dpt,18,0.97,2,0.04
JxPath,21,20,90%,DPT,18,0.97,2,0.04
JxPath,21,20,90%,STARTS,18,0.97,2,0.04
JxPath,21,20,90%,STARTS+FAST-S,18,0.85,8,0.16
JxPath,21,20,90%,STARTS+FAST-P,18,0.81,10,0.2
JxPath,21,20,90%,STARTS+DPT,18,0.97,2,0.04
JxPath,21,20,90%,Fastazi-S,18,0.81,10,0.2
JxPath,21,20,90%,Fastazi-P,18,0.81,10,0.2
JxPath,21,20,90%,Random,18,0.85,8,0.16
JxPath,21,20,100%,Ekstazi,20,0.97,2,0.04
JxPath,21,20,100%,FAST,20,0.0,NA,NA
JxPath,21,20,100%,Ekstazi+dpt,20,0.97,2,0.04
JxPath,21,20,100%,DPT,20,0.97,2,0.04
JxPath,21,20,100%,STARTS,20,0.97,2,0.04
JxPath,21,20,100%,STARTS+FAST-S,20,0.85,8,0.16
JxPath,21,20,100%,STARTS+FAST-P,20,0.81,10,0.2
JxPath,21,20,100%,STARTS+DPT,20,0.97,2,0.04
JxPath,21,20,100%,Fastazi-S,20,0.81,10,0.2
JxPath,21,20,100%,Fastazi-P,20,0.81,10,0.2
JxPath,21,20,100%,Random,20,0.85,8,0.16
JxPath,21,21,10%,Ekstazi,2,0.0,NA,NA
JxPath,21,21,10%,FAST,2,0.0,NA,NA
JxPath,21,21,10%,Ekstazi+dpt,2,0.97,2,0.04
JxPath,21,21,10%,DPT,2,0.97,2,0.04
JxPath,21,21,10%,STARTS,2,0.0,NA,NA
JxPath,21,21,10%,STARTS+FAST-S,2,0.0,NA,NA
JxPath,21,21,10%,STARTS+FAST-P,2,0.0,NA,NA
JxPath,21,21,10%,STARTS+DPT,2,0.97,2,0.04
JxPath,21,21,10%,Fastazi-S,2,0.0,NA,NA
JxPath,21,21,10%,Fastazi-P,2,0.0,NA,NA
JxPath,21,21,10%,Random,2,0.0,NA,NA
JxPath,21,21,20%,Ekstazi,4,0.0,NA,NA
JxPath,21,21,20%,FAST,4,0.0,NA,NA
JxPath,21,21,20%,Ekstazi+dpt,4,0.97,2,0.04
JxPath,21,21,20%,DPT,4,0.97,2,0.04
JxPath,21,21,20%,STARTS,4,0.0,NA,NA
JxPath,21,21,20%,STARTS+FAST-S,4,0.0,NA,NA
JxPath,21,21,20%,STARTS+FAST-P,4,0.0,NA,NA
JxPath,21,21,20%,STARTS+DPT,4,0.97,2,0.04
JxPath,21,21,20%,Fastazi-S,4,0.0,NA,NA
JxPath,21,21,20%,Fastazi-P,4,0.0,NA,NA
JxPath,21,21,20%,Random,4,0.0,NA,NA
JxPath,21,21,25%,Ekstazi,5,0.0,NA,NA
JxPath,21,21,25%,FAST,5,0.0,NA,NA
JxPath,21,21,25%,Ekstazi+dpt,5,0.97,2,0.04
JxPath,21,21,25%,DPT,5,0.97,2,0.04
JxPath,21,21,25%,STARTS,5,0.0,NA,NA
JxPath,21,21,25%,STARTS+FAST-S,5,0.0,NA,NA
JxPath,21,21,25%,STARTS+FAST-P,5,0.0,NA,NA
JxPath,21,21,25%,STARTS+DPT,5,0.97,2,0.04
JxPath,21,21,25%,Fastazi-S,5,0.0,NA,NA
JxPath,21,21,25%,Fastazi-P,5,0.0,NA,NA
JxPath,21,21,25%,Random,5,0.0,NA,NA
JxPath,21,21,30%,Ekstazi,6,0.0,NA,NA
JxPath,21,21,30%,FAST,6,0.0,NA,NA
JxPath,21,21,30%,Ekstazi+dpt,6,0.97,2,0.04
JxPath,21,21,30%,DPT,6,0.97,2,0.04
JxPath,21,21,30%,STARTS,6,0.0,NA,NA
JxPath,21,21,30%,STARTS+FAST-S,6,0.0,NA,NA
JxPath,21,21,30%,STARTS+FAST-P,6,0.0,NA,NA
JxPath,21,21,30%,STARTS+DPT,6,0.97,2,0.04
JxPath,21,21,30%,Fastazi-S,6,0.0,NA,NA
JxPath,21,21,30%,Fastazi-P,6,0.0,NA,NA
JxPath,21,21,30%,Random,6,0.0,NA,NA
JxPath,21,21,40%,Ekstazi,8,0.0,NA,NA
JxPath,21,21,40%,FAST,8,0.0,NA,NA
JxPath,21,21,40%,Ekstazi+dpt,8,0.97,2,0.04
JxPath,21,21,40%,DPT,8,0.97,2,0.04
JxPath,21,21,40%,STARTS,8,0.0,NA,NA
JxPath,21,21,40%,STARTS+FAST-S,8,0.85,8,0.16
JxPath,21,21,40%,STARTS+FAST-P,8,0.85,8,0.16
JxPath,21,21,40%,STARTS+DPT,8,0.97,2,0.04
JxPath,21,21,40%,Fastazi-S,8,0.0,NA,NA
JxPath,21,21,40%,Fastazi-P,8,0.0,NA,NA
JxPath,21,21,40%,Random,8,0.0,NA,NA
JxPath,21,21,50%,Ekstazi,10,0.0,NA,NA
JxPath,21,21,50%,FAST,10,0.0,NA,NA
JxPath,21,21,50%,Ekstazi+dpt,10,0.97,2,0.04
JxPath,21,21,50%,DPT,10,0.97,2,0.04
JxPath,21,21,50%,STARTS,10,0.0,NA,NA
JxPath,21,21,50%,STARTS+FAST-S,10,0.85,8,0.16
JxPath,21,21,50%,STARTS+FAST-P,10,0.85,8,0.16
JxPath,21,21,50%,STARTS+DPT,10,0.97,2,0.04
JxPath,21,21,50%,Fastazi-S,10,0.0,NA,NA
JxPath,21,21,50%,Fastazi-P,10,0.0,NA,NA
JxPath,21,21,50%,Random,10,0.0,NA,NA
JxPath,21,21,60%,Ekstazi,12,0.0,NA,NA
JxPath,21,21,60%,FAST,12,0.0,NA,NA
JxPath,21,21,60%,Ekstazi+dpt,12,0.97,2,0.04
JxPath,21,21,60%,DPT,12,0.97,2,0.04
JxPath,21,21,60%,STARTS,12,0.0,NA,NA
JxPath,21,21,60%,STARTS+FAST-S,12,0.85,8,0.16
JxPath,21,21,60%,STARTS+FAST-P,12,0.85,8,0.16
JxPath,21,21,60%,STARTS+DPT,12,0.97,2,0.04
JxPath,21,21,60%,Fastazi-S,12,0.77,12,0.24
JxPath,21,21,60%,Fastazi-P,12,0.79,11,0.22
JxPath,21,21,60%,Random,12,0.0,NA,NA
JxPath,21,21,70%,Ekstazi,14,0.73,14,0.28
JxPath,21,21,70%,FAST,14,0.0,NA,NA
JxPath,21,21,70%,Ekstazi+dpt,14,0.97,2,0.04
JxPath,21,21,70%,DPT,14,0.97,2,0.04
JxPath,21,21,70%,STARTS,14,0.0,NA,NA
JxPath,21,21,70%,STARTS+FAST-S,14,0.85,8,0.16
JxPath,21,21,70%,STARTS+FAST-P,14,0.85,8,0.16
JxPath,21,21,70%,STARTS+DPT,14,0.97,2,0.04
JxPath,21,21,70%,Fastazi-S,14,0.77,12,0.24
JxPath,21,21,70%,Fastazi-P,14,0.79,11,0.22
JxPath,21,21,70%,Random,14,0.0,NA,NA
JxPath,21,21,75%,Ekstazi,15,0.73,14,0.28
JxPath,21,21,75%,FAST,15,0.0,NA,NA
JxPath,21,21,75%,Ekstazi+dpt,15,0.97,2,0.04
JxPath,21,21,75%,DPT,15,0.97,2,0.04
JxPath,21,21,75%,STARTS,15,0.0,NA,NA
JxPath,21,21,75%,STARTS+FAST-S,15,0.85,8,0.16
JxPath,21,21,75%,STARTS+FAST-P,15,0.85,8,0.16
JxPath,21,21,75%,STARTS+DPT,15,0.97,2,0.04
JxPath,21,21,75%,Fastazi-S,15,0.77,12,0.24
JxPath,21,21,75%,Fastazi-P,15,0.79,11,0.22
JxPath,21,21,75%,Random,15,0.0,NA,NA
JxPath,21,21,80%,Ekstazi,16,0.73,14,0.28
JxPath,21,21,80%,FAST,16,0.0,NA,NA
JxPath,21,21,80%,Ekstazi+dpt,16,0.97,2,0.04
JxPath,21,21,80%,DPT,16,0.97,2,0.04
JxPath,21,21,80%,STARTS,16,0.0,NA,NA
JxPath,21,21,80%,STARTS+FAST-S,16,0.85,8,0.16
JxPath,21,21,80%,STARTS+FAST-P,16,0.85,8,0.16
JxPath,21,21,80%,STARTS+DPT,16,0.97,2,0.04
JxPath,21,21,80%,Fastazi-S,16,0.77,12,0.24
JxPath,21,21,80%,Fastazi-P,16,0.79,11,0.22
JxPath,21,21,80%,Random,16,0.0,NA,NA
JxPath,21,21,90%,Ekstazi,18,0.73,14,0.28
JxPath,21,21,90%,FAST,18,0.0,NA,NA
JxPath,21,21,90%,Ekstazi+dpt,18,0.97,2,0.04
JxPath,21,21,90%,DPT,18,0.97,2,0.04
JxPath,21,21,90%,STARTS,18,0.6699999999999999,17,0.34
JxPath,21,21,90%,STARTS+FAST-S,18,0.85,8,0.16
JxPath,21,21,90%,STARTS+FAST-P,18,0.85,8,0.16
JxPath,21,21,90%,STARTS+DPT,18,0.97,2,0.04
JxPath,21,21,90%,Fastazi-S,18,0.77,12,0.24
JxPath,21,21,90%,Fastazi-P,18,0.79,11,0.22
JxPath,21,21,90%,Random,18,0.0,NA,NA
JxPath,21,21,100%,Ekstazi,20,0.73,14,0.28
JxPath,21,21,100%,FAST,20,0.0,NA,NA
JxPath,21,21,100%,Ekstazi+dpt,20,0.97,2,0.04
JxPath,21,21,100%,DPT,20,0.97,2,0.04
JxPath,21,21,100%,STARTS,20,0.6699999999999999,17,0.34
JxPath,21,21,100%,STARTS+FAST-S,20,0.85,8,0.16
JxPath,21,21,100%,STARTS+FAST-P,20,0.85,8,0.16
JxPath,21,21,100%,STARTS+DPT,20,0.97,2,0.04
JxPath,21,21,100%,Fastazi-S,20,0.77,12,0.24
JxPath,21,21,100%,Fastazi-P,20,0.79,11,0.22
JxPath,21,21,100%,Random,20,0.0,NA,NA
JxPath,21,22,10%,Ekstazi,2,0.0,NA,NA
JxPath,21,22,10%,FAST,2,0.0,NA,NA
JxPath,21,22,10%,Ekstazi+dpt,2,0.97,2,0.04
JxPath,21,22,10%,DPT,2,0.97,2,0.04
JxPath,21,22,10%,STARTS,2,0.0,NA,NA
JxPath,21,22,10%,STARTS+FAST-S,2,0.0,NA,NA
JxPath,21,22,10%,STARTS+FAST-P,2,0.0,NA,NA
JxPath,21,22,10%,STARTS+DPT,2,0.97,2,0.04
JxPath,21,22,10%,Fastazi-S,2,0.0,NA,NA
JxPath,21,22,10%,Fastazi-P,2,0.0,NA,NA
JxPath,21,22,10%,Random,2,0.0,NA,NA
JxPath,21,22,20%,Ekstazi,4,0.95,3,0.06
JxPath,21,22,20%,FAST,4,0.0,NA,NA
JxPath,21,22,20%,Ekstazi+dpt,4,0.97,2,0.04
JxPath,21,22,20%,DPT,4,0.97,2,0.04
JxPath,21,22,20%,STARTS,4,0.0,NA,NA
JxPath,21,22,20%,STARTS+FAST-S,4,0.0,NA,NA
JxPath,21,22,20%,STARTS+FAST-P,4,0.0,NA,NA
JxPath,21,22,20%,STARTS+DPT,4,0.97,2,0.04
JxPath,21,22,20%,Fastazi-S,4,0.0,NA,NA
JxPath,21,22,20%,Fastazi-P,4,0.0,NA,NA
JxPath,21,22,20%,Random,4,0.0,NA,NA
JxPath,21,22,25%,Ekstazi,5,0.95,3,0.06
JxPath,21,22,25%,FAST,5,0.0,NA,NA
JxPath,21,22,25%,Ekstazi+dpt,5,0.97,2,0.04
JxPath,21,22,25%,DPT,5,0.97,2,0.04
JxPath,21,22,25%,STARTS,5,0.0,NA,NA
JxPath,21,22,25%,STARTS+FAST-S,5,0.0,NA,NA
JxPath,21,22,25%,STARTS+FAST-P,5,0.0,NA,NA
JxPath,21,22,25%,STARTS+DPT,5,0.97,2,0.04
JxPath,21,22,25%,Fastazi-S,5,0.0,NA,NA
JxPath,21,22,25%,Fastazi-P,5,0.0,NA,NA
JxPath,21,22,25%,Random,5,0.0,NA,NA
JxPath,21,22,30%,Ekstazi,6,0.95,3,0.06
JxPath,21,22,30%,FAST,6,0.0,NA,NA
JxPath,21,22,30%,Ekstazi+dpt,6,0.97,2,0.04
JxPath,21,22,30%,DPT,6,0.97,2,0.04
JxPath,21,22,30%,STARTS,6,0.89,6,0.12
JxPath,21,22,30%,STARTS+FAST-S,6,0.0,NA,NA
JxPath,21,22,30%,STARTS+FAST-P,6,0.0,NA,NA
JxPath,21,22,30%,STARTS+DPT,6,0.97,2,0.04
JxPath,21,22,30%,Fastazi-S,6,0.0,NA,NA
JxPath,21,22,30%,Fastazi-P,6,0.0,NA,NA
JxPath,21,22,30%,Random,6,0.0,NA,NA
JxPath,21,22,40%,Ekstazi,8,0.95,3,0.06
JxPath,21,22,40%,FAST,8,0.0,NA,NA
JxPath,21,22,40%,Ekstazi+dpt,8,0.97,2,0.04
JxPath,21,22,40%,DPT,8,0.97,2,0.04
JxPath,21,22,40%,STARTS,8,0.89,6,0.12
JxPath,21,22,40%,STARTS+FAST-S,8,0.0,NA,NA
JxPath,21,22,40%,STARTS+FAST-P,8,0.0,NA,NA
JxPath,21,22,40%,STARTS+DPT,8,0.97,2,0.04
JxPath,21,22,40%,Fastazi-S,8,0.0,NA,NA
JxPath,21,22,40%,Fastazi-P,8,0.0,NA,NA
JxPath,21,22,40%,Random,8,0.0,NA,NA
JxPath,21,22,50%,Ekstazi,10,0.95,3,0.06
JxPath,21,22,50%,FAST,10,0.0,NA,NA
JxPath,21,22,50%,Ekstazi+dpt,10,0.97,2,0.04
JxPath,21,22,50%,DPT,10,0.97,2,0.04
JxPath,21,22,50%,STARTS,10,0.89,6,0.12
JxPath,21,22,50%,STARTS+FAST-S,10,0.81,10,0.2
JxPath,21,22,50%,STARTS+FAST-P,10,0.81,10,0.2
JxPath,21,22,50%,STARTS+DPT,10,0.97,2,0.04
JxPath,21,22,50%,Fastazi-S,10,0.81,10,0.2
JxPath,21,22,50%,Fastazi-P,10,0.0,NA,NA
JxPath,21,22,50%,Random,10,0.0,NA,NA
JxPath,21,22,60%,Ekstazi,12,0.95,3,0.06
JxPath,21,22,60%,FAST,12,0.0,NA,NA
JxPath,21,22,60%,Ekstazi+dpt,12,0.97,2,0.04
JxPath,21,22,60%,DPT,12,0.97,2,0.04
JxPath,21,22,60%,STARTS,12,0.89,6,0.12
JxPath,21,22,60%,STARTS+FAST-S,12,0.81,10,0.2
JxPath,21,22,60%,STARTS+FAST-P,12,0.81,10,0.2
JxPath,21,22,60%,STARTS+DPT,12,0.97,2,0.04
JxPath,21,22,60%,Fastazi-S,12,0.81,10,0.2
JxPath,21,22,60%,Fastazi-P,12,0.77,12,0.24
JxPath,21,22,60%,Random,12,0.0,NA,NA
JxPath,21,22,70%,Ekstazi,14,0.95,3,0.06
JxPath,21,22,70%,FAST,14,0.0,NA,NA
JxPath,21,22,70%,Ekstazi+dpt,14,0.97,2,0.04
JxPath,21,22,70%,DPT,14,0.97,2,0.04
JxPath,21,22,70%,STARTS,14,0.89,6,0.12
JxPath,21,22,70%,STARTS+FAST-S,14,0.81,10,0.2
JxPath,21,22,70%,STARTS+FAST-P,14,0.81,10,0.2
JxPath,21,22,70%,STARTS+DPT,14,0.97,2,0.04
JxPath,21,22,70%,Fastazi-S,14,0.81,10,0.2
JxPath,21,22,70%,Fastazi-P,14,0.77,12,0.24
JxPath,21,22,70%,Random,14,0.73,14,0.28
JxPath,21,22,75%,Ekstazi,15,0.95,3,0.06
JxPath,21,22,75%,FAST,15,0.0,NA,NA
JxPath,21,22,75%,Ekstazi+dpt,15,0.97,2,0.04
JxPath,21,22,75%,DPT,15,0.97,2,0.04
JxPath,21,22,75%,STARTS,15,0.89,6,0.12
JxPath,21,22,75%,STARTS+FAST-S,15,0.81,10,0.2
JxPath,21,22,75%,STARTS+FAST-P,15,0.81,10,0.2
JxPath,21,22,75%,STARTS+DPT,15,0.97,2,0.04
JxPath,21,22,75%,Fastazi-S,15,0.81,10,0.2
JxPath,21,22,75%,Fastazi-P,15,0.77,12,0.24
JxPath,21,22,75%,Random,15,0.73,14,0.28
JxPath,21,22,80%,Ekstazi,16,0.95,3,0.06
JxPath,21,22,80%,FAST,16,0.0,NA,NA
JxPath,21,22,80%,Ekstazi+dpt,16,0.97,2,0.04
JxPath,21,22,80%,DPT,16,0.97,2,0.04
JxPath,21,22,80%,STARTS,16,0.89,6,0.12
JxPath,21,22,80%,STARTS+FAST-S,16,0.81,10,0.2
JxPath,21,22,80%,STARTS+FAST-P,16,0.81,10,0.2
JxPath,21,22,80%,STARTS+DPT,16,0.97,2,0.04
JxPath,21,22,80%,Fastazi-S,16,0.81,10,0.2
JxPath,21,22,80%,Fastazi-P,16,0.77,12,0.24
JxPath,21,22,80%,Random,16,0.73,14,0.28
JxPath,21,22,90%,Ekstazi,18,0.95,3,0.06
JxPath,21,22,90%,FAST,18,0.0,NA,NA
JxPath,21,22,90%,Ekstazi+dpt,18,0.97,2,0.04
JxPath,21,22,90%,DPT,18,0.97,2,0.04
JxPath,21,22,90%,STARTS,18,0.89,6,0.12
JxPath,21,22,90%,STARTS+FAST-S,18,0.81,10,0.2
JxPath,21,22,90%,STARTS+FAST-P,18,0.81,10,0.2
JxPath,21,22,90%,STARTS+DPT,18,0.97,2,0.04
JxPath,21,22,90%,Fastazi-S,18,0.81,10,0.2
JxPath,21,22,90%,Fastazi-P,18,0.77,12,0.24
JxPath,21,22,90%,Random,18,0.73,14,0.28
JxPath,21,22,100%,Ekstazi,20,0.95,3,0.06
JxPath,21,22,100%,FAST,20,0.0,NA,NA
JxPath,21,22,100%,Ekstazi+dpt,20,0.97,2,0.04
JxPath,21,22,100%,DPT,20,0.97,2,0.04
JxPath,21,22,100%,STARTS,20,0.89,6,0.12
JxPath,21,22,100%,STARTS+FAST-S,20,0.81,10,0.2
JxPath,21,22,100%,STARTS+FAST-P,20,0.81,10,0.2
JxPath,21,22,100%,STARTS+DPT,20,0.97,2,0.04
JxPath,21,22,100%,Fastazi-S,20,0.81,10,0.2
JxPath,21,22,100%,Fastazi-P,20,0.77,12,0.24
JxPath,21,22,100%,Random,20,0.73,14,0.28
JxPath,21,23,10%,Ekstazi,2,0.97,2,0.04
JxPath,21,23,10%,FAST,2,0.0,NA,NA
JxPath,21,23,10%,Ekstazi+dpt,2,0.97,2,0.04
JxPath,21,23,10%,DPT,2,0.97,2,0.04
JxPath,21,23,10%,STARTS,2,0.0,NA,NA
JxPath,21,23,10%,STARTS+FAST-S,2,0.0,NA,NA
JxPath,21,23,10%,STARTS+FAST-P,2,0.0,NA,NA
JxPath,21,23,10%,STARTS+DPT,2,0.97,2,0.04
JxPath,21,23,10%,Fastazi-S,2,0.0,NA,NA
JxPath,21,23,10%,Fastazi-P,2,0.0,NA,NA
JxPath,21,23,10%,Random,2,0.0,NA,NA
JxPath,21,23,20%,Ekstazi,4,0.97,2,0.04
JxPath,21,23,20%,FAST,4,0.0,NA,NA
JxPath,21,23,20%,Ekstazi+dpt,4,0.97,2,0.04
JxPath,21,23,20%,DPT,4,0.97,2,0.04
JxPath,21,23,20%,STARTS,4,0.0,NA,NA
JxPath,21,23,20%,STARTS+FAST-S,4,0.0,NA,NA
JxPath,21,23,20%,STARTS+FAST-P,4,0.0,NA,NA
JxPath,21,23,20%,STARTS+DPT,4,0.97,2,0.04
JxPath,21,23,20%,Fastazi-S,4,0.0,NA,NA
JxPath,21,23,20%,Fastazi-P,4,0.0,NA,NA
JxPath,21,23,20%,Random,4,0.0,NA,NA
JxPath,21,23,25%,Ekstazi,5,0.97,2,0.04
JxPath,21,23,25%,FAST,5,0.0,NA,NA
JxPath,21,23,25%,Ekstazi+dpt,5,0.97,2,0.04
JxPath,21,23,25%,DPT,5,0.97,2,0.04
JxPath,21,23,25%,STARTS,5,0.0,NA,NA
JxPath,21,23,25%,STARTS+FAST-S,5,0.0,NA,NA
JxPath,21,23,25%,STARTS+FAST-P,5,0.0,NA,NA
JxPath,21,23,25%,STARTS+DPT,5,0.97,2,0.04
JxPath,21,23,25%,Fastazi-S,5,0.0,NA,NA
JxPath,21,23,25%,Fastazi-P,5,0.0,NA,NA
JxPath,21,23,25%,Random,5,0.0,NA,NA
JxPath,21,23,30%,Ekstazi,6,0.97,2,0.04
JxPath,21,23,30%,FAST,6,0.0,NA,NA
JxPath,21,23,30%,Ekstazi+dpt,6,0.97,2,0.04
JxPath,21,23,30%,DPT,6,0.97,2,0.04
JxPath,21,23,30%,STARTS,6,0.0,NA,NA
JxPath,21,23,30%,STARTS+FAST-S,6,0.0,NA,NA
JxPath,21,23,30%,STARTS+FAST-P,6,0.0,NA,NA
JxPath,21,23,30%,STARTS+DPT,6,0.97,2,0.04
JxPath,21,23,30%,Fastazi-S,6,0.0,NA,NA
JxPath,21,23,30%,Fastazi-P,6,0.0,NA,NA
JxPath,21,23,30%,Random,6,0.0,NA,NA
JxPath,21,23,40%,Ekstazi,8,0.97,2,0.04
JxPath,21,23,40%,FAST,8,0.0,NA,NA
JxPath,21,23,40%,Ekstazi+dpt,8,0.97,2,0.04
JxPath,21,23,40%,DPT,8,0.97,2,0.04
JxPath,21,23,40%,STARTS,8,0.0,NA,NA
JxPath,21,23,40%,STARTS+FAST-S,8,0.0,NA,NA
JxPath,21,23,40%,STARTS+FAST-P,8,0.0,NA,NA
JxPath,21,23,40%,STARTS+DPT,8,0.97,2,0.04
JxPath,21,23,40%,Fastazi-S,8,0.0,NA,NA
JxPath,21,23,40%,Fastazi-P,8,0.0,NA,NA
JxPath,21,23,40%,Random,8,0.0,NA,NA
JxPath,21,23,50%,Ekstazi,10,0.97,2,0.04
JxPath,21,23,50%,FAST,10,0.0,NA,NA
JxPath,21,23,50%,Ekstazi+dpt,10,0.97,2,0.04
JxPath,21,23,50%,DPT,10,0.97,2,0.04
JxPath,21,23,50%,STARTS,10,0.0,NA,NA
JxPath,21,23,50%,STARTS+FAST-S,10,0.0,NA,NA
JxPath,21,23,50%,STARTS+FAST-P,10,0.0,NA,NA
JxPath,21,23,50%,STARTS+DPT,10,0.97,2,0.04
JxPath,21,23,50%,Fastazi-S,10,0.81,10,0.2
JxPath,21,23,50%,Fastazi-P,10,0.81,10,0.2
JxPath,21,23,50%,Random,10,0.0,NA,NA
JxPath,21,23,60%,Ekstazi,12,0.97,2,0.04
JxPath,21,23,60%,FAST,12,0.0,NA,NA
JxPath,21,23,60%,Ekstazi+dpt,12,0.97,2,0.04
JxPath,21,23,60%,DPT,12,0.97,2,0.04
JxPath,21,23,60%,STARTS,12,0.0,NA,NA
JxPath,21,23,60%,STARTS+FAST-S,12,0.0,NA,NA
JxPath,21,23,60%,STARTS+FAST-P,12,0.77,12,0.24
JxPath,21,23,60%,STARTS+DPT,12,0.97,2,0.04
JxPath,21,23,60%,Fastazi-S,12,0.81,10,0.2
JxPath,21,23,60%,Fastazi-P,12,0.81,10,0.2
JxPath,21,23,60%,Random,12,0.0,NA,NA
JxPath,21,23,70%,Ekstazi,14,0.97,2,0.04
JxPath,21,23,70%,FAST,14,0.0,NA,NA
JxPath,21,23,70%,Ekstazi+dpt,14,0.97,2,0.04
JxPath,21,23,70%,DPT,14,0.97,2,0.04
JxPath,21,23,70%,STARTS,14,0.0,NA,NA
JxPath,21,23,70%,STARTS+FAST-S,14,0.73,14,0.28
JxPath,21,23,70%,STARTS+FAST-P,14,0.77,12,0.24
JxPath,21,23,70%,STARTS+DPT,14,0.97,2,0.04
JxPath,21,23,70%,Fastazi-S,14,0.81,10,0.2
JxPath,21,23,70%,Fastazi-P,14,0.81,10,0.2
JxPath,21,23,70%,Random,14,0.0,NA,NA
JxPath,21,23,75%,Ekstazi,15,0.97,2,0.04
JxPath,21,23,75%,FAST,15,0.0,NA,NA
JxPath,21,23,75%,Ekstazi+dpt,15,0.97,2,0.04
JxPath,21,23,75%,DPT,15,0.97,2,0.04
JxPath,21,23,75%,STARTS,15,0.0,NA,NA
JxPath,21,23,75%,STARTS+FAST-S,15,0.73,14,0.28
JxPath,21,23,75%,STARTS+FAST-P,15,0.77,12,0.24
JxPath,21,23,75%,STARTS+DPT,15,0.97,2,0.04
JxPath,21,23,75%,Fastazi-S,15,0.81,10,0.2
JxPath,21,23,75%,Fastazi-P,15,0.81,10,0.2
JxPath,21,23,75%,Random,15,0.0,NA,NA
JxPath,21,23,80%,Ekstazi,16,0.97,2,0.04
JxPath,21,23,80%,FAST,16,0.0,NA,NA
JxPath,21,23,80%,Ekstazi+dpt,16,0.97,2,0.04
JxPath,21,23,80%,DPT,16,0.97,2,0.04
JxPath,21,23,80%,STARTS,16,0.69,16,0.32
JxPath,21,23,80%,STARTS+FAST-S,16,0.73,14,0.28
JxPath,21,23,80%,STARTS+FAST-P,16,0.77,12,0.24
JxPath,21,23,80%,STARTS+DPT,16,0.97,2,0.04
JxPath,21,23,80%,Fastazi-S,16,0.81,10,0.2
JxPath,21,23,80%,Fastazi-P,16,0.81,10,0.2
JxPath,21,23,80%,Random,16,0.0,NA,NA
JxPath,21,23,90%,Ekstazi,18,0.97,2,0.04
JxPath,21,23,90%,FAST,18,0.0,NA,NA
JxPath,21,23,90%,Ekstazi+dpt,18,0.97,2,0.04
JxPath,21,23,90%,DPT,18,0.97,2,0.04
JxPath,21,23,90%,STARTS,18,0.69,16,0.32
JxPath,21,23,90%,STARTS+FAST-S,18,0.73,14,0.28
JxPath,21,23,90%,STARTS+FAST-P,18,0.77,12,0.24
JxPath,21,23,90%,STARTS+DPT,18,0.97,2,0.04
JxPath,21,23,90%,Fastazi-S,18,0.81,10,0.2
JxPath,21,23,90%,Fastazi-P,18,0.81,10,0.2
JxPath,21,23,90%,Random,18,0.0,NA,NA
JxPath,21,23,100%,Ekstazi,20,0.97,2,0.04
JxPath,21,23,100%,FAST,20,0.61,20,0.4
JxPath,21,23,100%,Ekstazi+dpt,20,0.97,2,0.04
JxPath,21,23,100%,DPT,20,0.97,2,0.04
JxPath,21,23,100%,STARTS,20,0.69,16,0.32
JxPath,21,23,100%,STARTS+FAST-S,20,0.73,14,0.28
JxPath,21,23,100%,STARTS+FAST-P,20,0.77,12,0.24
JxPath,21,23,100%,STARTS+DPT,20,0.97,2,0.04
JxPath,21,23,100%,Fastazi-S,20,0.81,10,0.2
JxPath,21,23,100%,Fastazi-P,20,0.81,10,0.2
JxPath,21,23,100%,Random,20,0.0,NA,NA
JxPath,21,24,10%,Ekstazi,2,0.0,NA,NA
JxPath,21,24,10%,FAST,2,0.0,NA,NA
JxPath,21,24,10%,Ekstazi+dpt,2,0.97,2,0.04
JxPath,21,24,10%,DPT,2,0.97,2,0.04
JxPath,21,24,10%,STARTS,2,0.0,NA,NA
JxPath,21,24,10%,STARTS+FAST-S,2,0.0,NA,NA
JxPath,21,24,10%,STARTS+FAST-P,2,0.0,NA,NA
JxPath,21,24,10%,STARTS+DPT,2,0.97,2,0.04
JxPath,21,24,10%,Fastazi-S,2,0.0,NA,NA
JxPath,21,24,10%,Fastazi-P,2,0.0,NA,NA
JxPath,21,24,10%,Random,2,0.0,NA,NA
JxPath,21,24,20%,Ekstazi,4,0.0,NA,NA
JxPath,21,24,20%,FAST,4,0.0,NA,NA
JxPath,21,24,20%,Ekstazi+dpt,4,0.97,2,0.04
JxPath,21,24,20%,DPT,4,0.97,2,0.04
JxPath,21,24,20%,STARTS,4,0.0,NA,NA
JxPath,21,24,20%,STARTS+FAST-S,4,0.0,NA,NA
JxPath,21,24,20%,STARTS+FAST-P,4,0.0,NA,NA
JxPath,21,24,20%,STARTS+DPT,4,0.97,2,0.04
JxPath,21,24,20%,Fastazi-S,4,0.0,NA,NA
JxPath,21,24,20%,Fastazi-P,4,0.0,NA,NA
JxPath,21,24,20%,Random,4,0.0,NA,NA
JxPath,21,24,25%,Ekstazi,5,0.0,NA,NA
JxPath,21,24,25%,FAST,5,0.0,NA,NA
JxPath,21,24,25%,Ekstazi+dpt,5,0.97,2,0.04
JxPath,21,24,25%,DPT,5,0.97,2,0.04
JxPath,21,24,25%,STARTS,5,0.0,NA,NA
JxPath,21,24,25%,STARTS+FAST-S,5,0.0,NA,NA
JxPath,21,24,25%,STARTS+FAST-P,5,0.0,NA,NA
JxPath,21,24,25%,STARTS+DPT,5,0.97,2,0.04
JxPath,21,24,25%,Fastazi-S,5,0.0,NA,NA
JxPath,21,24,25%,Fastazi-P,5,0.0,NA,NA
JxPath,21,24,25%,Random,5,0.0,NA,NA
JxPath,21,24,30%,Ekstazi,6,0.0,NA,NA
JxPath,21,24,30%,FAST,6,0.0,NA,NA
JxPath,21,24,30%,Ekstazi+dpt,6,0.97,2,0.04
JxPath,21,24,30%,DPT,6,0.97,2,0.04
JxPath,21,24,30%,STARTS,6,0.0,NA,NA
JxPath,21,24,30%,STARTS+FAST-S,6,0.0,NA,NA
JxPath,21,24,30%,STARTS+FAST-P,6,0.0,NA,NA
JxPath,21,24,30%,STARTS+DPT,6,0.97,2,0.04
JxPath,21,24,30%,Fastazi-S,6,0.0,NA,NA
JxPath,21,24,30%,Fastazi-P,6,0.0,NA,NA
JxPath,21,24,30%,Random,6,0.0,NA,NA
JxPath,21,24,40%,Ekstazi,8,0.0,NA,NA
JxPath,21,24,40%,FAST,8,0.0,NA,NA
JxPath,21,24,40%,Ekstazi+dpt,8,0.97,2,0.04
JxPath,21,24,40%,DPT,8,0.97,2,0.04
JxPath,21,24,40%,STARTS,8,0.0,NA,NA
JxPath,21,24,40%,STARTS+FAST-S,8,0.0,NA,NA
JxPath,21,24,40%,STARTS+FAST-P,8,0.0,NA,NA
JxPath,21,24,40%,STARTS+DPT,8,0.97,2,0.04
JxPath,21,24,40%,Fastazi-S,8,0.0,NA,NA
JxPath,21,24,40%,Fastazi-P,8,0.0,NA,NA
JxPath,21,24,40%,Random,8,0.0,NA,NA
JxPath,21,24,50%,Ekstazi,10,0.0,NA,NA
JxPath,21,24,50%,FAST,10,0.0,NA,NA
JxPath,21,24,50%,Ekstazi+dpt,10,0.97,2,0.04
JxPath,21,24,50%,DPT,10,0.97,2,0.04
JxPath,21,24,50%,STARTS,10,0.0,NA,NA
JxPath,21,24,50%,STARTS+FAST-S,10,0.81,10,0.2
JxPath,21,24,50%,STARTS+FAST-P,10,0.81,10,0.2
JxPath,21,24,50%,STARTS+DPT,10,0.97,2,0.04
JxPath,21,24,50%,Fastazi-S,10,0.0,NA,NA
JxPath,21,24,50%,Fastazi-P,10,0.81,10,0.2
JxPath,21,24,50%,Random,10,0.0,NA,NA
JxPath,21,24,60%,Ekstazi,12,0.79,11,0.22
JxPath,21,24,60%,FAST,12,0.0,NA,NA
JxPath,21,24,60%,Ekstazi+dpt,12,0.97,2,0.04
JxPath,21,24,60%,DPT,12,0.97,2,0.04
JxPath,21,24,60%,STARTS,12,0.0,NA,NA
JxPath,21,24,60%,STARTS+FAST-S,12,0.81,10,0.2
JxPath,21,24,60%,STARTS+FAST-P,12,0.81,10,0.2
JxPath,21,24,60%,STARTS+DPT,12,0.97,2,0.04
JxPath,21,24,60%,Fastazi-S,12,0.79,11,0.22
JxPath,21,24,60%,Fastazi-P,12,0.81,10,0.2
JxPath,21,24,60%,Random,12,0.0,NA,NA
JxPath,21,24,70%,Ekstazi,14,0.79,11,0.22
JxPath,21,24,70%,FAST,14,0.0,NA,NA
JxPath,21,24,70%,Ekstazi+dpt,14,0.97,2,0.04
JxPath,21,24,70%,DPT,14,0.97,2,0.04
JxPath,21,24,70%,STARTS,14,0.75,13,0.26
JxPath,21,24,70%,STARTS+FAST-S,14,0.81,10,0.2
JxPath,21,24,70%,STARTS+FAST-P,14,0.81,10,0.2
JxPath,21,24,70%,STARTS+DPT,14,0.97,2,0.04
JxPath,21,24,70%,Fastazi-S,14,0.79,11,0.22
JxPath,21,24,70%,Fastazi-P,14,0.81,10,0.2
JxPath,21,24,70%,Random,14,0.0,NA,NA
JxPath,21,24,75%,Ekstazi,15,0.79,11,0.22
JxPath,21,24,75%,FAST,15,0.0,NA,NA
JxPath,21,24,75%,Ekstazi+dpt,15,0.97,2,0.04
JxPath,21,24,75%,DPT,15,0.97,2,0.04
JxPath,21,24,75%,STARTS,15,0.75,13,0.26
JxPath,21,24,75%,STARTS+FAST-S,15,0.81,10,0.2
JxPath,21,24,75%,STARTS+FAST-P,15,0.81,10,0.2
JxPath,21,24,75%,STARTS+DPT,15,0.97,2,0.04
JxPath,21,24,75%,Fastazi-S,15,0.79,11,0.22
JxPath,21,24,75%,Fastazi-P,15,0.81,10,0.2
JxPath,21,24,75%,Random,15,0.0,NA,NA
JxPath,21,24,80%,Ekstazi,16,0.79,11,0.22
JxPath,21,24,80%,FAST,16,0.0,NA,NA
JxPath,21,24,80%,Ekstazi+dpt,16,0.97,2,0.04
JxPath,21,24,80%,DPT,16,0.97,2,0.04
JxPath,21,24,80%,STARTS,16,0.75,13,0.26
JxPath,21,24,80%,STARTS+FAST-S,16,0.81,10,0.2
JxPath,21,24,80%,STARTS+FAST-P,16,0.81,10,0.2
JxPath,21,24,80%,STARTS+DPT,16,0.97,2,0.04
JxPath,21,24,80%,Fastazi-S,16,0.79,11,0.22
JxPath,21,24,80%,Fastazi-P,16,0.81,10,0.2
JxPath,21,24,80%,Random,16,0.0,NA,NA
JxPath,21,24,90%,Ekstazi,18,0.79,11,0.22
JxPath,21,24,90%,FAST,18,0.0,NA,NA
JxPath,21,24,90%,Ekstazi+dpt,18,0.97,2,0.04
JxPath,21,24,90%,DPT,18,0.97,2,0.04
JxPath,21,24,90%,STARTS,18,0.75,13,0.26
JxPath,21,24,90%,STARTS+FAST-S,18,0.81,10,0.2
JxPath,21,24,90%,STARTS+FAST-P,18,0.81,10,0.2
JxPath,21,24,90%,STARTS+DPT,18,0.97,2,0.04
JxPath,21,24,90%,Fastazi-S,18,0.79,11,0.22
JxPath,21,24,90%,Fastazi-P,18,0.81,10,0.2
JxPath,21,24,90%,Random,18,0.0,NA,NA
JxPath,21,24,100%,Ekstazi,20,0.79,11,0.22
JxPath,21,24,100%,FAST,20,0.61,20,0.4
JxPath,21,24,100%,Ekstazi+dpt,20,0.97,2,0.04
JxPath,21,24,100%,DPT,20,0.97,2,0.04
JxPath,21,24,100%,STARTS,20,0.75,13,0.26
JxPath,21,24,100%,STARTS+FAST-S,20,0.81,10,0.2
JxPath,21,24,100%,STARTS+FAST-P,20,0.81,10,0.2
JxPath,21,24,100%,STARTS+DPT,20,0.97,2,0.04
JxPath,21,24,100%,Fastazi-S,20,0.79,11,0.22
JxPath,21,24,100%,Fastazi-P,20,0.81,10,0.2
JxPath,21,24,100%,Random,20,0.0,NA,NA
JxPath,21,25,10%,Ekstazi,2,0.0,NA,NA
JxPath,21,25,10%,FAST,2,0.0,NA,NA
JxPath,21,25,10%,Ekstazi+dpt,2,0.97,2,0.04
JxPath,21,25,10%,DPT,2,0.97,2,0.04
JxPath,21,25,10%,STARTS,2,0.0,NA,NA
JxPath,21,25,10%,STARTS+FAST-S,2,0.0,NA,NA
JxPath,21,25,10%,STARTS+FAST-P,2,0.0,NA,NA
JxPath,21,25,10%,STARTS+DPT,2,0.97,2,0.04
JxPath,21,25,10%,Fastazi-S,2,0.0,NA,NA
JxPath,21,25,10%,Fastazi-P,2,0.0,NA,NA
JxPath,21,25,10%,Random,2,0.0,NA,NA
JxPath,21,25,20%,Ekstazi,4,0.93,4,0.08
JxPath,21,25,20%,FAST,4,0.0,NA,NA
JxPath,21,25,20%,Ekstazi+dpt,4,0.97,2,0.04
JxPath,21,25,20%,DPT,4,0.97,2,0.04
JxPath,21,25,20%,STARTS,4,0.0,NA,NA
JxPath,21,25,20%,STARTS+FAST-S,4,0.95,3,0.06
JxPath,21,25,20%,STARTS+FAST-P,4,0.0,NA,NA
JxPath,21,25,20%,STARTS+DPT,4,0.97,2,0.04
JxPath,21,25,20%,Fastazi-S,4,0.0,NA,NA
JxPath,21,25,20%,Fastazi-P,4,0.0,NA,NA
JxPath,21,25,20%,Random,4,0.0,NA,NA
JxPath,21,25,25%,Ekstazi,5,0.93,4,0.08
JxPath,21,25,25%,FAST,5,0.0,NA,NA
JxPath,21,25,25%,Ekstazi+dpt,5,0.97,2,0.04
JxPath,21,25,25%,DPT,5,0.97,2,0.04
JxPath,21,25,25%,STARTS,5,0.0,NA,NA
JxPath,21,25,25%,STARTS+FAST-S,5,0.95,3,0.06
JxPath,21,25,25%,STARTS+FAST-P,5,0.0,NA,NA
JxPath,21,25,25%,STARTS+DPT,5,0.97,2,0.04
JxPath,21,25,25%,Fastazi-S,5,0.0,NA,NA
JxPath,21,25,25%,Fastazi-P,5,0.0,NA,NA
JxPath,21,25,25%,Random,5,0.0,NA,NA
JxPath,21,25,30%,Ekstazi,6,0.93,4,0.08
JxPath,21,25,30%,FAST,6,0.0,NA,NA
JxPath,21,25,30%,Ekstazi+dpt,6,0.97,2,0.04
JxPath,21,25,30%,DPT,6,0.97,2,0.04
JxPath,21,25,30%,STARTS,6,0.0,NA,NA
JxPath,21,25,30%,STARTS+FAST-S,6,0.95,3,0.06
JxPath,21,25,30%,STARTS+FAST-P,6,0.0,NA,NA
JxPath,21,25,30%,STARTS+DPT,6,0.97,2,0.04
JxPath,21,25,30%,Fastazi-S,6,0.0,NA,NA
JxPath,21,25,30%,Fastazi-P,6,0.0,NA,NA
JxPath,21,25,30%,Random,6,0.0,NA,NA
JxPath,21,25,40%,Ekstazi,8,0.93,4,0.08
JxPath,21,25,40%,FAST,8,0.0,NA,NA
JxPath,21,25,40%,Ekstazi+dpt,8,0.97,2,0.04
JxPath,21,25,40%,DPT,8,0.97,2,0.04
JxPath,21,25,40%,STARTS,8,0.0,NA,NA
JxPath,21,25,40%,STARTS+FAST-S,8,0.95,3,0.06
JxPath,21,25,40%,STARTS+FAST-P,8,0.85,8,0.16
JxPath,21,25,40%,STARTS+DPT,8,0.97,2,0.04
JxPath,21,25,40%,Fastazi-S,8,0.0,NA,NA
JxPath,21,25,40%,Fastazi-P,8,0.0,NA,NA
JxPath,21,25,40%,Random,8,0.0,NA,NA
JxPath,21,25,50%,Ekstazi,10,0.93,4,0.08
JxPath,21,25,50%,FAST,10,0.0,NA,NA
JxPath,21,25,50%,Ekstazi+dpt,10,0.97,2,0.04
JxPath,21,25,50%,DPT,10,0.97,2,0.04
JxPath,21,25,50%,STARTS,10,0.0,NA,NA
JxPath,21,25,50%,STARTS+FAST-S,10,0.95,3,0.06
JxPath,21,25,50%,STARTS+FAST-P,10,0.85,8,0.16
JxPath,21,25,50%,STARTS+DPT,10,0.97,2,0.04
JxPath,21,25,50%,Fastazi-S,10,0.81,10,0.2
JxPath,21,25,50%,Fastazi-P,10,0.0,NA,NA
JxPath,21,25,50%,Random,10,0.0,NA,NA
JxPath,21,25,60%,Ekstazi,12,0.93,4,0.08
JxPath,21,25,60%,FAST,12,0.0,NA,NA
JxPath,21,25,60%,Ekstazi+dpt,12,0.97,2,0.04
JxPath,21,25,60%,DPT,12,0.97,2,0.04
JxPath,21,25,60%,STARTS,12,0.0,NA,NA
JxPath,21,25,60%,STARTS+FAST-S,12,0.95,3,0.06
JxPath,21,25,60%,STARTS+FAST-P,12,0.85,8,0.16
JxPath,21,25,60%,STARTS+DPT,12,0.97,2,0.04
JxPath,21,25,60%,Fastazi-S,12,0.81,10,0.2
JxPath,21,25,60%,Fastazi-P,12,0.79,11,0.22
JxPath,21,25,60%,Random,12,0.0,NA,NA
JxPath,21,25,70%,Ekstazi,14,0.93,4,0.08
JxPath,21,25,70%,FAST,14,0.0,NA,NA
JxPath,21,25,70%,Ekstazi+dpt,14,0.97,2,0.04
JxPath,21,25,70%,DPT,14,0.97,2,0.04
JxPath,21,25,70%,STARTS,14,0.0,NA,NA
JxPath,21,25,70%,STARTS+FAST-S,14,0.95,3,0.06
JxPath,21,25,70%,STARTS+FAST-P,14,0.85,8,0.16
JxPath,21,25,70%,STARTS+DPT,14,0.97,2,0.04
JxPath,21,25,70%,Fastazi-S,14,0.81,10,0.2
JxPath,21,25,70%,Fastazi-P,14,0.79,11,0.22
JxPath,21,25,70%,Random,14,0.0,NA,NA
JxPath,21,25,75%,Ekstazi,15,0.93,4,0.08
JxPath,21,25,75%,FAST,15,0.0,NA,NA
JxPath,21,25,75%,Ekstazi+dpt,15,0.97,2,0.04
JxPath,21,25,75%,DPT,15,0.97,2,0.04
JxPath,21,25,75%,STARTS,15,0.0,NA,NA
JxPath,21,25,75%,STARTS+FAST-S,15,0.95,3,0.06
JxPath,21,25,75%,STARTS+FAST-P,15,0.85,8,0.16
JxPath,21,25,75%,STARTS+DPT,15,0.97,2,0.04
JxPath,21,25,75%,Fastazi-S,15,0.81,10,0.2
JxPath,21,25,75%,Fastazi-P,15,0.79,11,0.22
JxPath,21,25,75%,Random,15,0.0,NA,NA
JxPath,21,25,80%,Ekstazi,16,0.93,4,0.08
JxPath,21,25,80%,FAST,16,0.0,NA,NA
JxPath,21,25,80%,Ekstazi+dpt,16,0.97,2,0.04
JxPath,21,25,80%,DPT,16,0.97,2,0.04
JxPath,21,25,80%,STARTS,16,0.69,16,0.32
JxPath,21,25,80%,STARTS+FAST-S,16,0.95,3,0.06
JxPath,21,25,80%,STARTS+FAST-P,16,0.85,8,0.16
JxPath,21,25,80%,STARTS+DPT,16,0.97,2,0.04
JxPath,21,25,80%,Fastazi-S,16,0.81,10,0.2
JxPath,21,25,80%,Fastazi-P,16,0.79,11,0.22
JxPath,21,25,80%,Random,16,0.0,NA,NA
JxPath,21,25,90%,Ekstazi,18,0.93,4,0.08
JxPath,21,25,90%,FAST,18,0.0,NA,NA
JxPath,21,25,90%,Ekstazi+dpt,18,0.97,2,0.04
JxPath,21,25,90%,DPT,18,0.97,2,0.04
JxPath,21,25,90%,STARTS,18,0.69,16,0.32
JxPath,21,25,90%,STARTS+FAST-S,18,0.95,3,0.06
JxPath,21,25,90%,STARTS+FAST-P,18,0.85,8,0.16
JxPath,21,25,90%,STARTS+DPT,18,0.97,2,0.04
JxPath,21,25,90%,Fastazi-S,18,0.81,10,0.2
JxPath,21,25,90%,Fastazi-P,18,0.79,11,0.22
JxPath,21,25,90%,Random,18,0.65,18,0.36
JxPath,21,25,100%,Ekstazi,20,0.93,4,0.08
JxPath,21,25,100%,FAST,20,0.0,NA,NA
JxPath,21,25,100%,Ekstazi+dpt,20,0.97,2,0.04
JxPath,21,25,100%,DPT,20,0.97,2,0.04
JxPath,21,25,100%,STARTS,20,0.69,16,0.32
JxPath,21,25,100%,STARTS+FAST-S,20,0.95,3,0.06
JxPath,21,25,100%,STARTS+FAST-P,20,0.85,8,0.16
JxPath,21,25,100%,STARTS+DPT,20,0.97,2,0.04
JxPath,21,25,100%,Fastazi-S,20,0.81,10,0.2
JxPath,21,25,100%,Fastazi-P,20,0.79,11,0.22
JxPath,21,25,100%,Random,20,0.65,18,0.36
JxPath,21,26,10%,Ekstazi,2,0.0,NA,NA
JxPath,21,26,10%,FAST,2,0.0,NA,NA
JxPath,21,26,10%,Ekstazi+dpt,2,0.97,2,0.04
JxPath,21,26,10%,DPT,2,0.97,2,0.04
JxPath,21,26,10%,STARTS,2,0.99,1,0.02
JxPath,21,26,10%,STARTS+FAST-S,2,0.0,NA,NA
JxPath,21,26,10%,STARTS+FAST-P,2,0.0,NA,NA
JxPath,21,26,10%,STARTS+DPT,2,0.97,2,0.04
JxPath,21,26,10%,Fastazi-S,2,0.0,NA,NA
JxPath,21,26,10%,Fastazi-P,2,0.0,NA,NA
JxPath,21,26,10%,Random,2,0.0,NA,NA
JxPath,21,26,20%,Ekstazi,4,0.0,NA,NA
JxPath,21,26,20%,FAST,4,0.0,NA,NA
JxPath,21,26,20%,Ekstazi+dpt,4,0.97,2,0.04
JxPath,21,26,20%,DPT,4,0.97,2,0.04
JxPath,21,26,20%,STARTS,4,0.99,1,0.02
JxPath,21,26,20%,STARTS+FAST-S,4,0.0,NA,NA
JxPath,21,26,20%,STARTS+FAST-P,4,0.0,NA,NA
JxPath,21,26,20%,STARTS+DPT,4,0.97,2,0.04
JxPath,21,26,20%,Fastazi-S,4,0.0,NA,NA
JxPath,21,26,20%,Fastazi-P,4,0.0,NA,NA
JxPath,21,26,20%,Random,4,0.0,NA,NA
JxPath,21,26,25%,Ekstazi,5,0.91,5,0.1
JxPath,21,26,25%,FAST,5,0.0,NA,NA
JxPath,21,26,25%,Ekstazi+dpt,5,0.97,2,0.04
JxPath,21,26,25%,DPT,5,0.97,2,0.04
JxPath,21,26,25%,STARTS,5,0.99,1,0.02
JxPath,21,26,25%,STARTS+FAST-S,5,0.0,NA,NA
JxPath,21,26,25%,STARTS+FAST-P,5,0.0,NA,NA
JxPath,21,26,25%,STARTS+DPT,5,0.97,2,0.04
JxPath,21,26,25%,Fastazi-S,5,0.0,NA,NA
JxPath,21,26,25%,Fastazi-P,5,0.0,NA,NA
JxPath,21,26,25%,Random,5,0.0,NA,NA
JxPath,21,26,30%,Ekstazi,6,0.91,5,0.1
JxPath,21,26,30%,FAST,6,0.0,NA,NA
JxPath,21,26,30%,Ekstazi+dpt,6,0.97,2,0.04
JxPath,21,26,30%,DPT,6,0.97,2,0.04
JxPath,21,26,30%,STARTS,6,0.99,1,0.02
JxPath,21,26,30%,STARTS+FAST-S,6,0.0,NA,NA
JxPath,21,26,30%,STARTS+FAST-P,6,0.0,NA,NA
JxPath,21,26,30%,STARTS+DPT,6,0.97,2,0.04
JxPath,21,26,30%,Fastazi-S,6,0.0,NA,NA
JxPath,21,26,30%,Fastazi-P,6,0.0,NA,NA
JxPath,21,26,30%,Random,6,0.0,NA,NA
JxPath,21,26,40%,Ekstazi,8,0.91,5,0.1
JxPath,21,26,40%,FAST,8,0.0,NA,NA
JxPath,21,26,40%,Ekstazi+dpt,8,0.97,2,0.04
JxPath,21,26,40%,DPT,8,0.97,2,0.04
JxPath,21,26,40%,STARTS,8,0.99,1,0.02
JxPath,21,26,40%,STARTS+FAST-S,8,0.0,NA,NA
JxPath,21,26,40%,STARTS+FAST-P,8,0.0,NA,NA
JxPath,21,26,40%,STARTS+DPT,8,0.97,2,0.04
JxPath,21,26,40%,Fastazi-S,8,0.0,NA,NA
JxPath,21,26,40%,Fastazi-P,8,0.0,NA,NA
JxPath,21,26,40%,Random,8,0.0,NA,NA
JxPath,21,26,50%,Ekstazi,10,0.91,5,0.1
JxPath,21,26,50%,FAST,10,0.0,NA,NA
JxPath,21,26,50%,Ekstazi+dpt,10,0.97,2,0.04
JxPath,21,26,50%,DPT,10,0.97,2,0.04
JxPath,21,26,50%,STARTS,10,0.99,1,0.02
JxPath,21,26,50%,STARTS+FAST-S,10,0.8300000000000001,9,0.18
JxPath,21,26,50%,STARTS+FAST-P,10,0.8300000000000001,9,0.18
JxPath,21,26,50%,STARTS+DPT,10,0.97,2,0.04
JxPath,21,26,50%,Fastazi-S,10,0.0,NA,NA
JxPath,21,26,50%,Fastazi-P,10,0.81,10,0.2
JxPath,21,26,50%,Random,10,0.0,NA,NA
JxPath,21,26,60%,Ekstazi,12,0.91,5,0.1
JxPath,21,26,60%,FAST,12,0.0,NA,NA
JxPath,21,26,60%,Ekstazi+dpt,12,0.97,2,0.04
JxPath,21,26,60%,DPT,12,0.97,2,0.04
JxPath,21,26,60%,STARTS,12,0.99,1,0.02
JxPath,21,26,60%,STARTS+FAST-S,12,0.8300000000000001,9,0.18
JxPath,21,26,60%,STARTS+FAST-P,12,0.8300000000000001,9,0.18
JxPath,21,26,60%,STARTS+DPT,12,0.97,2,0.04
JxPath,21,26,60%,Fastazi-S,12,0.77,12,0.24
JxPath,21,26,60%,Fastazi-P,12,0.81,10,0.2
JxPath,21,26,60%,Random,12,0.0,NA,NA
JxPath,21,26,70%,Ekstazi,14,0.91,5,0.1
JxPath,21,26,70%,FAST,14,0.0,NA,NA
JxPath,21,26,70%,Ekstazi+dpt,14,0.97,2,0.04
JxPath,21,26,70%,DPT,14,0.97,2,0.04
JxPath,21,26,70%,STARTS,14,0.99,1,0.02
JxPath,21,26,70%,STARTS+FAST-S,14,0.8300000000000001,9,0.18
JxPath,21,26,70%,STARTS+FAST-P,14,0.8300000000000001,9,0.18
JxPath,21,26,70%,STARTS+DPT,14,0.97,2,0.04
JxPath,21,26,70%,Fastazi-S,14,0.77,12,0.24
JxPath,21,26,70%,Fastazi-P,14,0.81,10,0.2
JxPath,21,26,70%,Random,14,0.0,NA,NA
JxPath,21,26,75%,Ekstazi,15,0.91,5,0.1
JxPath,21,26,75%,FAST,15,0.0,NA,NA
JxPath,21,26,75%,Ekstazi+dpt,15,0.97,2,0.04
JxPath,21,26,75%,DPT,15,0.97,2,0.04
JxPath,21,26,75%,STARTS,15,0.99,1,0.02
JxPath,21,26,75%,STARTS+FAST-S,15,0.8300000000000001,9,0.18
JxPath,21,26,75%,STARTS+FAST-P,15,0.8300000000000001,9,0.18
JxPath,21,26,75%,STARTS+DPT,15,0.97,2,0.04
JxPath,21,26,75%,Fastazi-S,15,0.77,12,0.24
JxPath,21,26,75%,Fastazi-P,15,0.81,10,0.2
JxPath,21,26,75%,Random,15,0.0,NA,NA
JxPath,21,26,80%,Ekstazi,16,0.91,5,0.1
JxPath,21,26,80%,FAST,16,0.0,NA,NA
JxPath,21,26,80%,Ekstazi+dpt,16,0.97,2,0.04
JxPath,21,26,80%,DPT,16,0.97,2,0.04
JxPath,21,26,80%,STARTS,16,0.99,1,0.02
JxPath,21,26,80%,STARTS+FAST-S,16,0.8300000000000001,9,0.18
JxPath,21,26,80%,STARTS+FAST-P,16,0.8300000000000001,9,0.18
JxPath,21,26,80%,STARTS+DPT,16,0.97,2,0.04
JxPath,21,26,80%,Fastazi-S,16,0.77,12,0.24
JxPath,21,26,80%,Fastazi-P,16,0.81,10,0.2
JxPath,21,26,80%,Random,16,0.0,NA,NA
JxPath,21,26,90%,Ekstazi,18,0.91,5,0.1
JxPath,21,26,90%,FAST,18,0.0,NA,NA
JxPath,21,26,90%,Ekstazi+dpt,18,0.97,2,0.04
JxPath,21,26,90%,DPT,18,0.97,2,0.04
JxPath,21,26,90%,STARTS,18,0.99,1,0.02
JxPath,21,26,90%,STARTS+FAST-S,18,0.8300000000000001,9,0.18
JxPath,21,26,90%,STARTS+FAST-P,18,0.8300000000000001,9,0.18
JxPath,21,26,90%,STARTS+DPT,18,0.97,2,0.04
JxPath,21,26,90%,Fastazi-S,18,0.77,12,0.24
JxPath,21,26,90%,Fastazi-P,18,0.81,10,0.2
JxPath,21,26,90%,Random,18,0.0,NA,NA
JxPath,21,26,100%,Ekstazi,20,0.91,5,0.1
JxPath,21,26,100%,FAST,20,0.61,20,0.4
JxPath,21,26,100%,Ekstazi+dpt,20,0.97,2,0.04
JxPath,21,26,100%,DPT,20,0.97,2,0.04
JxPath,21,26,100%,STARTS,20,0.99,1,0.02
JxPath,21,26,100%,STARTS+FAST-S,20,0.8300000000000001,9,0.18
JxPath,21,26,100%,STARTS+FAST-P,20,0.8300000000000001,9,0.18
JxPath,21,26,100%,STARTS+DPT,20,0.97,2,0.04
JxPath,21,26,100%,Fastazi-S,20,0.77,12,0.24
JxPath,21,26,100%,Fastazi-P,20,0.81,10,0.2
JxPath,21,26,100%,Random,20,0.0,NA,NA
JxPath,21,27,10%,Ekstazi,2,0.0,NA,NA
JxPath,21,27,10%,FAST,2,0.0,NA,NA
JxPath,21,27,10%,Ekstazi+dpt,2,0.97,2,0.04
JxPath,21,27,10%,DPT,2,0.97,2,0.04
JxPath,21,27,10%,STARTS,2,0.0,NA,NA
JxPath,21,27,10%,STARTS+FAST-S,2,0.0,NA,NA
JxPath,21,27,10%,STARTS+FAST-P,2,0.99,1,0.02
JxPath,21,27,10%,STARTS+DPT,2,0.97,2,0.04
JxPath,21,27,10%,Fastazi-S,2,0.0,NA,NA
JxPath,21,27,10%,Fastazi-P,2,0.0,NA,NA
JxPath,21,27,10%,Random,2,0.0,NA,NA
JxPath,21,27,20%,Ekstazi,4,0.0,NA,NA
JxPath,21,27,20%,FAST,4,0.0,NA,NA
JxPath,21,27,20%,Ekstazi+dpt,4,0.97,2,0.04
JxPath,21,27,20%,DPT,4,0.97,2,0.04
JxPath,21,27,20%,STARTS,4,0.95,3,0.06
JxPath,21,27,20%,STARTS+FAST-S,4,0.0,NA,NA
JxPath,21,27,20%,STARTS+FAST-P,4,0.99,1,0.02
JxPath,21,27,20%,STARTS+DPT,4,0.97,2,0.04
JxPath,21,27,20%,Fastazi-S,4,0.0,NA,NA
JxPath,21,27,20%,Fastazi-P,4,0.0,NA,NA
JxPath,21,27,20%,Random,4,0.0,NA,NA
JxPath,21,27,25%,Ekstazi,5,0.0,NA,NA
JxPath,21,27,25%,FAST,5,0.0,NA,NA
JxPath,21,27,25%,Ekstazi+dpt,5,0.97,2,0.04
JxPath,21,27,25%,DPT,5,0.97,2,0.04
JxPath,21,27,25%,STARTS,5,0.95,3,0.06
JxPath,21,27,25%,STARTS+FAST-S,5,0.0,NA,NA
JxPath,21,27,25%,STARTS+FAST-P,5,0.99,1,0.02
JxPath,21,27,25%,STARTS+DPT,5,0.97,2,0.04
JxPath,21,27,25%,Fastazi-S,5,0.0,NA,NA
JxPath,21,27,25%,Fastazi-P,5,0.0,NA,NA
JxPath,21,27,25%,Random,5,0.0,NA,NA
JxPath,21,27,30%,Ekstazi,6,0.0,NA,NA
JxPath,21,27,30%,FAST,6,0.0,NA,NA
JxPath,21,27,30%,Ekstazi+dpt,6,0.97,2,0.04
JxPath,21,27,30%,DPT,6,0.97,2,0.04
JxPath,21,27,30%,STARTS,6,0.95,3,0.06
JxPath,21,27,30%,STARTS+FAST-S,6,0.0,NA,NA
JxPath,21,27,30%,STARTS+FAST-P,6,0.99,1,0.02
JxPath,21,27,30%,STARTS+DPT,6,0.97,2,0.04
JxPath,21,27,30%,Fastazi-S,6,0.0,NA,NA
JxPath,21,27,30%,Fastazi-P,6,0.0,NA,NA
JxPath,21,27,30%,Random,6,0.0,NA,NA
JxPath,21,27,40%,Ekstazi,8,0.0,NA,NA
JxPath,21,27,40%,FAST,8,0.0,NA,NA
JxPath,21,27,40%,Ekstazi+dpt,8,0.97,2,0.04
JxPath,21,27,40%,DPT,8,0.97,2,0.04
JxPath,21,27,40%,STARTS,8,0.95,3,0.06
JxPath,21,27,40%,STARTS+FAST-S,8,0.85,8,0.16
JxPath,21,27,40%,STARTS+FAST-P,8,0.99,1,0.02
JxPath,21,27,40%,STARTS+DPT,8,0.97,2,0.04
JxPath,21,27,40%,Fastazi-S,8,0.0,NA,NA
JxPath,21,27,40%,Fastazi-P,8,0.0,NA,NA
JxPath,21,27,40%,Random,8,0.0,NA,NA
JxPath,21,27,50%,Ekstazi,10,0.0,NA,NA
JxPath,21,27,50%,FAST,10,0.0,NA,NA
JxPath,21,27,50%,Ekstazi+dpt,10,0.97,2,0.04
JxPath,21,27,50%,DPT,10,0.97,2,0.04
JxPath,21,27,50%,STARTS,10,0.95,3,0.06
JxPath,21,27,50%,STARTS+FAST-S,10,0.85,8,0.16
JxPath,21,27,50%,STARTS+FAST-P,10,0.99,1,0.02
JxPath,21,27,50%,STARTS+DPT,10,0.97,2,0.04
JxPath,21,27,50%,Fastazi-S,10,0.0,NA,NA
JxPath,21,27,50%,Fastazi-P,10,0.81,10,0.2
JxPath,21,27,50%,Random,10,0.0,NA,NA
JxPath,21,27,60%,Ekstazi,12,0.77,12,0.24
JxPath,21,27,60%,FAST,12,0.0,NA,NA
JxPath,21,27,60%,Ekstazi+dpt,12,0.97,2,0.04
JxPath,21,27,60%,DPT,12,0.97,2,0.04
JxPath,21,27,60%,STARTS,12,0.95,3,0.06
JxPath,21,27,60%,STARTS+FAST-S,12,0.85,8,0.16
JxPath,21,27,60%,STARTS+FAST-P,12,0.99,1,0.02
JxPath,21,27,60%,STARTS+DPT,12,0.97,2,0.04
JxPath,21,27,60%,Fastazi-S,12,0.77,12,0.24
JxPath,21,27,60%,Fastazi-P,12,0.81,10,0.2
JxPath,21,27,60%,Random,12,0.0,NA,NA
JxPath,21,27,70%,Ekstazi,14,0.77,12,0.24
JxPath,21,27,70%,FAST,14,0.0,NA,NA
JxPath,21,27,70%,Ekstazi+dpt,14,0.97,2,0.04
JxPath,21,27,70%,DPT,14,0.97,2,0.04
JxPath,21,27,70%,STARTS,14,0.95,3,0.06
JxPath,21,27,70%,STARTS+FAST-S,14,0.85,8,0.16
JxPath,21,27,70%,STARTS+FAST-P,14,0.99,1,0.02
JxPath,21,27,70%,STARTS+DPT,14,0.97,2,0.04
JxPath,21,27,70%,Fastazi-S,14,0.77,12,0.24
JxPath,21,27,70%,Fastazi-P,14,0.81,10,0.2
JxPath,21,27,70%,Random,14,0.0,NA,NA
JxPath,21,27,75%,Ekstazi,15,0.77,12,0.24
JxPath,21,27,75%,FAST,15,0.0,NA,NA
JxPath,21,27,75%,Ekstazi+dpt,15,0.97,2,0.04
JxPath,21,27,75%,DPT,15,0.97,2,0.04
JxPath,21,27,75%,STARTS,15,0.95,3,0.06
JxPath,21,27,75%,STARTS+FAST-S,15,0.85,8,0.16
JxPath,21,27,75%,STARTS+FAST-P,15,0.99,1,0.02
JxPath,21,27,75%,STARTS+DPT,15,0.97,2,0.04
JxPath,21,27,75%,Fastazi-S,15,0.77,12,0.24
JxPath,21,27,75%,Fastazi-P,15,0.81,10,0.2
JxPath,21,27,75%,Random,15,0.0,NA,NA
JxPath,21,27,80%,Ekstazi,16,0.77,12,0.24
JxPath,21,27,80%,FAST,16,0.0,NA,NA
JxPath,21,27,80%,Ekstazi+dpt,16,0.97,2,0.04
JxPath,21,27,80%,DPT,16,0.97,2,0.04
JxPath,21,27,80%,STARTS,16,0.95,3,0.06
JxPath,21,27,80%,STARTS+FAST-S,16,0.85,8,0.16
JxPath,21,27,80%,STARTS+FAST-P,16,0.99,1,0.02
JxPath,21,27,80%,STARTS+DPT,16,0.97,2,0.04
JxPath,21,27,80%,Fastazi-S,16,0.77,12,0.24
JxPath,21,27,80%,Fastazi-P,16,0.81,10,0.2
JxPath,21,27,80%,Random,16,0.0,NA,NA
JxPath,21,27,90%,Ekstazi,18,0.77,12,0.24
JxPath,21,27,90%,FAST,18,0.0,NA,NA
JxPath,21,27,90%,Ekstazi+dpt,18,0.97,2,0.04
JxPath,21,27,90%,DPT,18,0.97,2,0.04
JxPath,21,27,90%,STARTS,18,0.95,3,0.06
JxPath,21,27,90%,STARTS+FAST-S,18,0.85,8,0.16
JxPath,21,27,90%,STARTS+FAST-P,18,0.99,1,0.02
JxPath,21,27,90%,STARTS+DPT,18,0.97,2,0.04
JxPath,21,27,90%,Fastazi-S,18,0.77,12,0.24
JxPath,21,27,90%,Fastazi-P,18,0.81,10,0.2
JxPath,21,27,90%,Random,18,0.0,NA,NA
JxPath,21,27,100%,Ekstazi,20,0.77,12,0.24
JxPath,21,27,100%,FAST,20,0.0,NA,NA
JxPath,21,27,100%,Ekstazi+dpt,20,0.97,2,0.04
JxPath,21,27,100%,DPT,20,0.97,2,0.04
JxPath,21,27,100%,STARTS,20,0.95,3,0.06
JxPath,21,27,100%,STARTS+FAST-S,20,0.85,8,0.16
JxPath,21,27,100%,STARTS+FAST-P,20,0.99,1,0.02
JxPath,21,27,100%,STARTS+DPT,20,0.97,2,0.04
JxPath,21,27,100%,Fastazi-S,20,0.77,12,0.24
JxPath,21,27,100%,Fastazi-P,20,0.81,10,0.2
JxPath,21,27,100%,Random,20,0.0,NA,NA
JxPath,21,28,10%,Ekstazi,2,0.0,NA,NA
JxPath,21,28,10%,FAST,2,0.0,NA,NA
JxPath,21,28,10%,Ekstazi+dpt,2,0.97,2,0.04
JxPath,21,28,10%,DPT,2,0.97,2,0.04
JxPath,21,28,10%,STARTS,2,0.97,2,0.04
JxPath,21,28,10%,STARTS+FAST-S,2,0.0,NA,NA
JxPath,21,28,10%,STARTS+FAST-P,2,0.0,NA,NA
JxPath,21,28,10%,STARTS+DPT,2,0.97,2,0.04
JxPath,21,28,10%,Fastazi-S,2,0.0,NA,NA
JxPath,21,28,10%,Fastazi-P,2,0.0,NA,NA
JxPath,21,28,10%,Random,2,0.0,NA,NA
JxPath,21,28,20%,Ekstazi,4,0.95,3,0.06
JxPath,21,28,20%,FAST,4,0.0,NA,NA
JxPath,21,28,20%,Ekstazi+dpt,4,0.97,2,0.04
JxPath,21,28,20%,DPT,4,0.97,2,0.04
JxPath,21,28,20%,STARTS,4,0.97,2,0.04
JxPath,21,28,20%,STARTS+FAST-S,4,0.0,NA,NA
JxPath,21,28,20%,STARTS+FAST-P,4,0.0,NA,NA
JxPath,21,28,20%,STARTS+DPT,4,0.97,2,0.04
JxPath,21,28,20%,Fastazi-S,4,0.0,NA,NA
JxPath,21,28,20%,Fastazi-P,4,0.0,NA,NA
JxPath,21,28,20%,Random,4,0.0,NA,NA
JxPath,21,28,25%,Ekstazi,5,0.95,3,0.06
JxPath,21,28,25%,FAST,5,0.0,NA,NA
JxPath,21,28,25%,Ekstazi+dpt,5,0.97,2,0.04
JxPath,21,28,25%,DPT,5,0.97,2,0.04
JxPath,21,28,25%,STARTS,5,0.97,2,0.04
JxPath,21,28,25%,STARTS+FAST-S,5,0.0,NA,NA
JxPath,21,28,25%,STARTS+FAST-P,5,0.0,NA,NA
JxPath,21,28,25%,STARTS+DPT,5,0.97,2,0.04
JxPath,21,28,25%,Fastazi-S,5,0.0,NA,NA
JxPath,21,28,25%,Fastazi-P,5,0.0,NA,NA
JxPath,21,28,25%,Random,5,0.0,NA,NA
JxPath,21,28,30%,Ekstazi,6,0.95,3,0.06
JxPath,21,28,30%,FAST,6,0.0,NA,NA
JxPath,21,28,30%,Ekstazi+dpt,6,0.97,2,0.04
JxPath,21,28,30%,DPT,6,0.97,2,0.04
JxPath,21,28,30%,STARTS,6,0.97,2,0.04
JxPath,21,28,30%,STARTS+FAST-S,6,0.0,NA,NA
JxPath,21,28,30%,STARTS+FAST-P,6,0.0,NA,NA
JxPath,21,28,30%,STARTS+DPT,6,0.97,2,0.04
JxPath,21,28,30%,Fastazi-S,6,0.0,NA,NA
JxPath,21,28,30%,Fastazi-P,6,0.0,NA,NA
JxPath,21,28,30%,Random,6,0.0,NA,NA
JxPath,21,28,40%,Ekstazi,8,0.95,3,0.06
JxPath,21,28,40%,FAST,8,0.0,NA,NA
JxPath,21,28,40%,Ekstazi+dpt,8,0.97,2,0.04
JxPath,21,28,40%,DPT,8,0.97,2,0.04
JxPath,21,28,40%,STARTS,8,0.97,2,0.04
JxPath,21,28,40%,STARTS+FAST-S,8,0.0,NA,NA
JxPath,21,28,40%,STARTS+FAST-P,8,0.0,NA,NA
JxPath,21,28,40%,STARTS+DPT,8,0.97,2,0.04
JxPath,21,28,40%,Fastazi-S,8,0.0,NA,NA
JxPath,21,28,40%,Fastazi-P,8,0.0,NA,NA
JxPath,21,28,40%,Random,8,0.0,NA,NA
JxPath,21,28,50%,Ekstazi,10,0.95,3,0.06
JxPath,21,28,50%,FAST,10,0.0,NA,NA
JxPath,21,28,50%,Ekstazi+dpt,10,0.97,2,0.04
JxPath,21,28,50%,DPT,10,0.97,2,0.04
JxPath,21,28,50%,STARTS,10,0.97,2,0.04
JxPath,21,28,50%,STARTS+FAST-S,10,0.0,NA,NA
JxPath,21,28,50%,STARTS+FAST-P,10,0.8300000000000001,9,0.18
JxPath,21,28,50%,STARTS+DPT,10,0.97,2,0.04
JxPath,21,28,50%,Fastazi-S,10,0.81,10,0.2
JxPath,21,28,50%,Fastazi-P,10,0.81,10,0.2
JxPath,21,28,50%,Random,10,0.0,NA,NA
JxPath,21,28,60%,Ekstazi,12,0.95,3,0.06
JxPath,21,28,60%,FAST,12,0.0,NA,NA
JxPath,21,28,60%,Ekstazi+dpt,12,0.97,2,0.04
JxPath,21,28,60%,DPT,12,0.97,2,0.04
JxPath,21,28,60%,STARTS,12,0.97,2,0.04
JxPath,21,28,60%,STARTS+FAST-S,12,0.0,NA,NA
JxPath,21,28,60%,STARTS+FAST-P,12,0.8300000000000001,9,0.18
JxPath,21,28,60%,STARTS+DPT,12,0.97,2,0.04
JxPath,21,28,60%,Fastazi-S,12,0.81,10,0.2
JxPath,21,28,60%,Fastazi-P,12,0.81,10,0.2
JxPath,21,28,60%,Random,12,0.0,NA,NA
JxPath,21,28,70%,Ekstazi,14,0.95,3,0.06
JxPath,21,28,70%,FAST,14,0.0,NA,NA
JxPath,21,28,70%,Ekstazi+dpt,14,0.97,2,0.04
JxPath,21,28,70%,DPT,14,0.97,2,0.04
JxPath,21,28,70%,STARTS,14,0.97,2,0.04
JxPath,21,28,70%,STARTS+FAST-S,14,0.73,14,0.28
JxPath,21,28,70%,STARTS+FAST-P,14,0.8300000000000001,9,0.18
JxPath,21,28,70%,STARTS+DPT,14,0.97,2,0.04
JxPath,21,28,70%,Fastazi-S,14,0.81,10,0.2
JxPath,21,28,70%,Fastazi-P,14,0.81,10,0.2
JxPath,21,28,70%,Random,14,0.0,NA,NA
JxPath,21,28,75%,Ekstazi,15,0.95,3,0.06
JxPath,21,28,75%,FAST,15,0.0,NA,NA
JxPath,21,28,75%,Ekstazi+dpt,15,0.97,2,0.04
JxPath,21,28,75%,DPT,15,0.97,2,0.04
JxPath,21,28,75%,STARTS,15,0.97,2,0.04
JxPath,21,28,75%,STARTS+FAST-S,15,0.73,14,0.28
JxPath,21,28,75%,STARTS+FAST-P,15,0.8300000000000001,9,0.18
JxPath,21,28,75%,STARTS+DPT,15,0.97,2,0.04
JxPath,21,28,75%,Fastazi-S,15,0.81,10,0.2
JxPath,21,28,75%,Fastazi-P,15,0.81,10,0.2
JxPath,21,28,75%,Random,15,0.0,NA,NA
JxPath,21,28,80%,Ekstazi,16,0.95,3,0.06
JxPath,21,28,80%,FAST,16,0.0,NA,NA
JxPath,21,28,80%,Ekstazi+dpt,16,0.97,2,0.04
JxPath,21,28,80%,DPT,16,0.97,2,0.04
JxPath,21,28,80%,STARTS,16,0.97,2,0.04
JxPath,21,28,80%,STARTS+FAST-S,16,0.73,14,0.28
JxPath,21,28,80%,STARTS+FAST-P,16,0.8300000000000001,9,0.18
JxPath,21,28,80%,STARTS+DPT,16,0.97,2,0.04
JxPath,21,28,80%,Fastazi-S,16,0.81,10,0.2
JxPath,21,28,80%,Fastazi-P,16,0.81,10,0.2
JxPath,21,28,80%,Random,16,0.0,NA,NA
JxPath,21,28,90%,Ekstazi,18,0.95,3,0.06
JxPath,21,28,90%,FAST,18,0.0,NA,NA
JxPath,21,28,90%,Ekstazi+dpt,18,0.97,2,0.04
JxPath,21,28,90%,DPT,18,0.97,2,0.04
JxPath,21,28,90%,STARTS,18,0.97,2,0.04
JxPath,21,28,90%,STARTS+FAST-S,18,0.73,14,0.28
JxPath,21,28,90%,STARTS+FAST-P,18,0.8300000000000001,9,0.18
JxPath,21,28,90%,STARTS+DPT,18,0.97,2,0.04
JxPath,21,28,90%,Fastazi-S,18,0.81,10,0.2
JxPath,21,28,90%,Fastazi-P,18,0.81,10,0.2
JxPath,21,28,90%,Random,18,0.6699999999999999,17,0.34
JxPath,21,28,100%,Ekstazi,20,0.95,3,0.06
JxPath,21,28,100%,FAST,20,0.0,NA,NA
JxPath,21,28,100%,Ekstazi+dpt,20,0.97,2,0.04
JxPath,21,28,100%,DPT,20,0.97,2,0.04
JxPath,21,28,100%,STARTS,20,0.97,2,0.04
JxPath,21,28,100%,STARTS+FAST-S,20,0.73,14,0.28
JxPath,21,28,100%,STARTS+FAST-P,20,0.8300000000000001,9,0.18
JxPath,21,28,100%,STARTS+DPT,20,0.97,2,0.04
JxPath,21,28,100%,Fastazi-S,20,0.81,10,0.2
JxPath,21,28,100%,Fastazi-P,20,0.81,10,0.2
JxPath,21,28,100%,Random,20,0.6699999999999999,17,0.34
JxPath,21,29,10%,Ekstazi,2,0.0,NA,NA
JxPath,21,29,10%,FAST,2,0.99,1,0.02
JxPath,21,29,10%,Ekstazi+dpt,2,0.97,2,0.04
JxPath,21,29,10%,DPT,2,0.97,2,0.04
JxPath,21,29,10%,STARTS,2,0.0,NA,NA
JxPath,21,29,10%,STARTS+FAST-S,2,0.0,NA,NA
JxPath,21,29,10%,STARTS+FAST-P,2,0.0,NA,NA
JxPath,21,29,10%,STARTS+DPT,2,0.97,2,0.04
JxPath,21,29,10%,Fastazi-S,2,0.0,NA,NA
JxPath,21,29,10%,Fastazi-P,2,0.99,1,0.02
JxPath,21,29,10%,Random,2,0.0,NA,NA
JxPath,21,29,20%,Ekstazi,4,0.93,4,0.08
JxPath,21,29,20%,FAST,4,0.99,1,0.02
JxPath,21,29,20%,Ekstazi+dpt,4,0.97,2,0.04
JxPath,21,29,20%,DPT,4,0.97,2,0.04
JxPath,21,29,20%,STARTS,4,0.0,NA,NA
JxPath,21,29,20%,STARTS+FAST-S,4,0.95,3,0.06
JxPath,21,29,20%,STARTS+FAST-P,4,0.0,NA,NA
JxPath,21,29,20%,STARTS+DPT,4,0.97,2,0.04
JxPath,21,29,20%,Fastazi-S,4,0.0,NA,NA
JxPath,21,29,20%,Fastazi-P,4,0.99,1,0.02
JxPath,21,29,20%,Random,4,0.0,NA,NA
JxPath,21,29,25%,Ekstazi,5,0.93,4,0.08
JxPath,21,29,25%,FAST,5,0.99,1,0.02
JxPath,21,29,25%,Ekstazi+dpt,5,0.97,2,0.04
JxPath,21,29,25%,DPT,5,0.97,2,0.04
JxPath,21,29,25%,STARTS,5,0.0,NA,NA
JxPath,21,29,25%,STARTS+FAST-S,5,0.95,3,0.06
JxPath,21,29,25%,STARTS+FAST-P,5,0.0,NA,NA
JxPath,21,29,25%,STARTS+DPT,5,0.97,2,0.04
JxPath,21,29,25%,Fastazi-S,5,0.0,NA,NA
JxPath,21,29,25%,Fastazi-P,5,0.99,1,0.02
JxPath,21,29,25%,Random,5,0.0,NA,NA
JxPath,21,29,30%,Ekstazi,6,0.93,4,0.08
JxPath,21,29,30%,FAST,6,0.99,1,0.02
JxPath,21,29,30%,Ekstazi+dpt,6,0.97,2,0.04
JxPath,21,29,30%,DPT,6,0.97,2,0.04
JxPath,21,29,30%,STARTS,6,0.0,NA,NA
JxPath,21,29,30%,STARTS+FAST-S,6,0.95,3,0.06
JxPath,21,29,30%,STARTS+FAST-P,6,0.0,NA,NA
JxPath,21,29,30%,STARTS+DPT,6,0.97,2,0.04
JxPath,21,29,30%,Fastazi-S,6,0.0,NA,NA
JxPath,21,29,30%,Fastazi-P,6,0.99,1,0.02
JxPath,21,29,30%,Random,6,0.0,NA,NA
JxPath,21,29,40%,Ekstazi,8,0.93,4,0.08
JxPath,21,29,40%,FAST,8,0.99,1,0.02
JxPath,21,29,40%,Ekstazi+dpt,8,0.97,2,0.04
JxPath,21,29,40%,DPT,8,0.97,2,0.04
JxPath,21,29,40%,STARTS,8,0.0,NA,NA
JxPath,21,29,40%,STARTS+FAST-S,8,0.95,3,0.06
JxPath,21,29,40%,STARTS+FAST-P,8,0.0,NA,NA
JxPath,21,29,40%,STARTS+DPT,8,0.97,2,0.04
JxPath,21,29,40%,Fastazi-S,8,0.0,NA,NA
JxPath,21,29,40%,Fastazi-P,8,0.99,1,0.02
JxPath,21,29,40%,Random,8,0.0,NA,NA
JxPath,21,29,50%,Ekstazi,10,0.93,4,0.08
JxPath,21,29,50%,FAST,10,0.99,1,0.02
JxPath,21,29,50%,Ekstazi+dpt,10,0.97,2,0.04
JxPath,21,29,50%,DPT,10,0.97,2,0.04
JxPath,21,29,50%,STARTS,10,0.0,NA,NA
JxPath,21,29,50%,STARTS+FAST-S,10,0.95,3,0.06
JxPath,21,29,50%,STARTS+FAST-P,10,0.81,10,0.2
JxPath,21,29,50%,STARTS+DPT,10,0.97,2,0.04
JxPath,21,29,50%,Fastazi-S,10,0.81,10,0.2
JxPath,21,29,50%,Fastazi-P,10,0.99,1,0.02
JxPath,21,29,50%,Random,10,0.0,NA,NA
JxPath,21,29,60%,Ekstazi,12,0.93,4,0.08
JxPath,21,29,60%,FAST,12,0.99,1,0.02
JxPath,21,29,60%,Ekstazi+dpt,12,0.97,2,0.04
JxPath,21,29,60%,DPT,12,0.97,2,0.04
JxPath,21,29,60%,STARTS,12,0.0,NA,NA
JxPath,21,29,60%,STARTS+FAST-S,12,0.95,3,0.06
JxPath,21,29,60%,STARTS+FAST-P,12,0.81,10,0.2
JxPath,21,29,60%,STARTS+DPT,12,0.97,2,0.04
JxPath,21,29,60%,Fastazi-S,12,0.81,10,0.2
JxPath,21,29,60%,Fastazi-P,12,0.99,1,0.02
JxPath,21,29,60%,Random,12,0.0,NA,NA
JxPath,21,29,70%,Ekstazi,14,0.93,4,0.08
JxPath,21,29,70%,FAST,14,0.99,1,0.02
JxPath,21,29,70%,Ekstazi+dpt,14,0.97,2,0.04
JxPath,21,29,70%,DPT,14,0.97,2,0.04
JxPath,21,29,70%,STARTS,14,0.0,NA,NA
JxPath,21,29,70%,STARTS+FAST-S,14,0.95,3,0.06
JxPath,21,29,70%,STARTS+FAST-P,14,0.81,10,0.2
JxPath,21,29,70%,STARTS+DPT,14,0.97,2,0.04
JxPath,21,29,70%,Fastazi-S,14,0.81,10,0.2
JxPath,21,29,70%,Fastazi-P,14,0.99,1,0.02
JxPath,21,29,70%,Random,14,0.0,NA,NA
JxPath,21,29,75%,Ekstazi,15,0.93,4,0.08
JxPath,21,29,75%,FAST,15,0.99,1,0.02
JxPath,21,29,75%,Ekstazi+dpt,15,0.97,2,0.04
JxPath,21,29,75%,DPT,15,0.97,2,0.04
JxPath,21,29,75%,STARTS,15,0.0,NA,NA
JxPath,21,29,75%,STARTS+FAST-S,15,0.95,3,0.06
JxPath,21,29,75%,STARTS+FAST-P,15,0.81,10,0.2
JxPath,21,29,75%,STARTS+DPT,15,0.97,2,0.04
JxPath,21,29,75%,Fastazi-S,15,0.81,10,0.2
JxPath,21,29,75%,Fastazi-P,15,0.99,1,0.02
JxPath,21,29,75%,Random,15,0.0,NA,NA
JxPath,21,29,80%,Ekstazi,16,0.93,4,0.08
JxPath,21,29,80%,FAST,16,0.99,1,0.02
JxPath,21,29,80%,Ekstazi+dpt,16,0.97,2,0.04
JxPath,21,29,80%,DPT,16,0.97,2,0.04
JxPath,21,29,80%,STARTS,16,0.0,NA,NA
JxPath,21,29,80%,STARTS+FAST-S,16,0.95,3,0.06
JxPath,21,29,80%,STARTS+FAST-P,16,0.81,10,0.2
JxPath,21,29,80%,STARTS+DPT,16,0.97,2,0.04
JxPath,21,29,80%,Fastazi-S,16,0.81,10,0.2
JxPath,21,29,80%,Fastazi-P,16,0.99,1,0.02
JxPath,21,29,80%,Random,16,0.0,NA,NA
JxPath,21,29,90%,Ekstazi,18,0.93,4,0.08
JxPath,21,29,90%,FAST,18,0.99,1,0.02
JxPath,21,29,90%,Ekstazi+dpt,18,0.97,2,0.04
JxPath,21,29,90%,DPT,18,0.97,2,0.04
JxPath,21,29,90%,STARTS,18,0.0,NA,NA
JxPath,21,29,90%,STARTS+FAST-S,18,0.95,3,0.06
JxPath,21,29,90%,STARTS+FAST-P,18,0.81,10,0.2
JxPath,21,29,90%,STARTS+DPT,18,0.97,2,0.04
JxPath,21,29,90%,Fastazi-S,18,0.81,10,0.2
JxPath,21,29,90%,Fastazi-P,18,0.99,1,0.02
JxPath,21,29,90%,Random,18,0.0,NA,NA
JxPath,21,29,100%,Ekstazi,20,0.93,4,0.08
JxPath,21,29,100%,FAST,20,0.99,1,0.02
JxPath,21,29,100%,Ekstazi+dpt,20,0.97,2,0.04
JxPath,21,29,100%,DPT,20,0.97,2,0.04
JxPath,21,29,100%,STARTS,20,0.0,NA,NA
JxPath,21,29,100%,STARTS+FAST-S,20,0.95,3,0.06
JxPath,21,29,100%,STARTS+FAST-P,20,0.81,10,0.2
JxPath,21,29,100%,STARTS+DPT,20,0.97,2,0.04
JxPath,21,29,100%,Fastazi-S,20,0.81,10,0.2
JxPath,21,29,100%,Fastazi-P,20,0.99,1,0.02
JxPath,21,29,100%,Random,20,0.0,NA,NA
JxPath,21,30,10%,Ekstazi,2,0.0,NA,NA
JxPath,21,30,10%,FAST,2,0.0,NA,NA
JxPath,21,30,10%,Ekstazi+dpt,2,0.97,2,0.04
JxPath,21,30,10%,DPT,2,0.97,2,0.04
JxPath,21,30,10%,STARTS,2,0.0,NA,NA
JxPath,21,30,10%,STARTS+FAST-S,2,0.0,NA,NA
JxPath,21,30,10%,STARTS+FAST-P,2,0.99,1,0.02
JxPath,21,30,10%,STARTS+DPT,2,0.97,2,0.04
JxPath,21,30,10%,Fastazi-S,2,0.0,NA,NA
JxPath,21,30,10%,Fastazi-P,2,0.0,NA,NA
JxPath,21,30,10%,Random,2,0.0,NA,NA
JxPath,21,30,20%,Ekstazi,4,0.0,NA,NA
JxPath,21,30,20%,FAST,4,0.0,NA,NA
JxPath,21,30,20%,Ekstazi+dpt,4,0.97,2,0.04
JxPath,21,30,20%,DPT,4,0.97,2,0.04
JxPath,21,30,20%,STARTS,4,0.0,NA,NA
JxPath,21,30,20%,STARTS+FAST-S,4,0.95,3,0.06
JxPath,21,30,20%,STARTS+FAST-P,4,0.99,1,0.02
JxPath,21,30,20%,STARTS+DPT,4,0.97,2,0.04
JxPath,21,30,20%,Fastazi-S,4,0.0,NA,NA
JxPath,21,30,20%,Fastazi-P,4,0.0,NA,NA
JxPath,21,30,20%,Random,4,0.93,4,0.08
JxPath,21,30,25%,Ekstazi,5,0.0,NA,NA
JxPath,21,30,25%,FAST,5,0.0,NA,NA
JxPath,21,30,25%,Ekstazi+dpt,5,0.97,2,0.04
JxPath,21,30,25%,DPT,5,0.97,2,0.04
JxPath,21,30,25%,STARTS,5,0.0,NA,NA
JxPath,21,30,25%,STARTS+FAST-S,5,0.95,3,0.06
JxPath,21,30,25%,STARTS+FAST-P,5,0.99,1,0.02
JxPath,21,30,25%,STARTS+DPT,5,0.97,2,0.04
JxPath,21,30,25%,Fastazi-S,5,0.0,NA,NA
JxPath,21,30,25%,Fastazi-P,5,0.0,NA,NA
JxPath,21,30,25%,Random,5,0.93,4,0.08
JxPath,21,30,30%,Ekstazi,6,0.0,NA,NA
JxPath,21,30,30%,FAST,6,0.0,NA,NA
JxPath,21,30,30%,Ekstazi+dpt,6,0.97,2,0.04
JxPath,21,30,30%,DPT,6,0.97,2,0.04
JxPath,21,30,30%,STARTS,6,0.0,NA,NA
JxPath,21,30,30%,STARTS+FAST-S,6,0.95,3,0.06
JxPath,21,30,30%,STARTS+FAST-P,6,0.99,1,0.02
JxPath,21,30,30%,STARTS+DPT,6,0.97,2,0.04
JxPath,21,30,30%,Fastazi-S,6,0.0,NA,NA
JxPath,21,30,30%,Fastazi-P,6,0.0,NA,NA
JxPath,21,30,30%,Random,6,0.93,4,0.08
JxPath,21,30,40%,Ekstazi,8,0.0,NA,NA
JxPath,21,30,40%,FAST,8,0.0,NA,NA
JxPath,21,30,40%,Ekstazi+dpt,8,0.97,2,0.04
JxPath,21,30,40%,DPT,8,0.97,2,0.04
JxPath,21,30,40%,STARTS,8,0.0,NA,NA
JxPath,21,30,40%,STARTS+FAST-S,8,0.95,3,0.06
JxPath,21,30,40%,STARTS+FAST-P,8,0.99,1,0.02
JxPath,21,30,40%,STARTS+DPT,8,0.97,2,0.04
JxPath,21,30,40%,Fastazi-S,8,0.0,NA,NA
JxPath,21,30,40%,Fastazi-P,8,0.0,NA,NA
JxPath,21,30,40%,Random,8,0.93,4,0.08
JxPath,21,30,50%,Ekstazi,10,0.0,NA,NA
JxPath,21,30,50%,FAST,10,0.0,NA,NA
JxPath,21,30,50%,Ekstazi+dpt,10,0.97,2,0.04
JxPath,21,30,50%,DPT,10,0.97,2,0.04
JxPath,21,30,50%,STARTS,10,0.81,10,0.2
JxPath,21,30,50%,STARTS+FAST-S,10,0.95,3,0.06
JxPath,21,30,50%,STARTS+FAST-P,10,0.99,1,0.02
JxPath,21,30,50%,STARTS+DPT,10,0.97,2,0.04
JxPath,21,30,50%,Fastazi-S,10,0.81,10,0.2
JxPath,21,30,50%,Fastazi-P,10,0.0,NA,NA
JxPath,21,30,50%,Random,10,0.93,4,0.08
JxPath,21,30,60%,Ekstazi,12,0.0,NA,NA
JxPath,21,30,60%,FAST,12,0.0,NA,NA
JxPath,21,30,60%,Ekstazi+dpt,12,0.97,2,0.04
JxPath,21,30,60%,DPT,12,0.97,2,0.04
JxPath,21,30,60%,STARTS,12,0.81,10,0.2
JxPath,21,30,60%,STARTS+FAST-S,12,0.95,3,0.06
JxPath,21,30,60%,STARTS+FAST-P,12,0.99,1,0.02
JxPath,21,30,60%,STARTS+DPT,12,0.97,2,0.04
JxPath,21,30,60%,Fastazi-S,12,0.81,10,0.2
JxPath,21,30,60%,Fastazi-P,12,0.79,11,0.22
JxPath,21,30,60%,Random,12,0.93,4,0.08
JxPath,21,30,70%,Ekstazi,14,0.0,NA,NA
JxPath,21,30,70%,FAST,14,0.0,NA,NA
JxPath,21,30,70%,Ekstazi+dpt,14,0.97,2,0.04
JxPath,21,30,70%,DPT,14,0.97,2,0.04
JxPath,21,30,70%,STARTS,14,0.81,10,0.2
JxPath,21,30,70%,STARTS+FAST-S,14,0.95,3,0.06
JxPath,21,30,70%,STARTS+FAST-P,14,0.99,1,0.02
JxPath,21,30,70%,STARTS+DPT,14,0.97,2,0.04
JxPath,21,30,70%,Fastazi-S,14,0.81,10,0.2
JxPath,21,30,70%,Fastazi-P,14,0.79,11,0.22
JxPath,21,30,70%,Random,14,0.93,4,0.08
JxPath,21,30,75%,Ekstazi,15,0.71,15,0.3
JxPath,21,30,75%,FAST,15,0.0,NA,NA
JxPath,21,30,75%,Ekstazi+dpt,15,0.97,2,0.04
JxPath,21,30,75%,DPT,15,0.97,2,0.04
JxPath,21,30,75%,STARTS,15,0.81,10,0.2
JxPath,21,30,75%,STARTS+FAST-S,15,0.95,3,0.06
JxPath,21,30,75%,STARTS+FAST-P,15,0.99,1,0.02
JxPath,21,30,75%,STARTS+DPT,15,0.97,2,0.04
JxPath,21,30,75%,Fastazi-S,15,0.81,10,0.2
JxPath,21,30,75%,Fastazi-P,15,0.79,11,0.22
JxPath,21,30,75%,Random,15,0.93,4,0.08
JxPath,21,30,80%,Ekstazi,16,0.71,15,0.3
JxPath,21,30,80%,FAST,16,0.0,NA,NA
JxPath,21,30,80%,Ekstazi+dpt,16,0.97,2,0.04
JxPath,21,30,80%,DPT,16,0.97,2,0.04
JxPath,21,30,80%,STARTS,16,0.81,10,0.2
JxPath,21,30,80%,STARTS+FAST-S,16,0.95,3,0.06
JxPath,21,30,80%,STARTS+FAST-P,16,0.99,1,0.02
JxPath,21,30,80%,STARTS+DPT,16,0.97,2,0.04
JxPath,21,30,80%,Fastazi-S,16,0.81,10,0.2
JxPath,21,30,80%,Fastazi-P,16,0.79,11,0.22
JxPath,21,30,80%,Random,16,0.93,4,0.08
JxPath,21,30,90%,Ekstazi,18,0.71,15,0.3
JxPath,21,30,90%,FAST,18,0.0,NA,NA
JxPath,21,30,90%,Ekstazi+dpt,18,0.97,2,0.04
JxPath,21,30,90%,DPT,18,0.97,2,0.04
JxPath,21,30,90%,STARTS,18,0.81,10,0.2
JxPath,21,30,90%,STARTS+FAST-S,18,0.95,3,0.06
JxPath,21,30,90%,STARTS+FAST-P,18,0.99,1,0.02
JxPath,21,30,90%,STARTS+DPT,18,0.97,2,0.04
JxPath,21,30,90%,Fastazi-S,18,0.81,10,0.2
JxPath,21,30,90%,Fastazi-P,18,0.79,11,0.22
JxPath,21,30,90%,Random,18,0.93,4,0.08
JxPath,21,30,100%,Ekstazi,20,0.71,15,0.3
JxPath,21,30,100%,FAST,20,0.0,NA,NA
JxPath,21,30,100%,Ekstazi+dpt,20,0.97,2,0.04
JxPath,21,30,100%,DPT,20,0.97,2,0.04
JxPath,21,30,100%,STARTS,20,0.81,10,0.2
JxPath,21,30,100%,STARTS+FAST-S,20,0.95,3,0.06
JxPath,21,30,100%,STARTS+FAST-P,20,0.99,1,0.02
JxPath,21,30,100%,STARTS+DPT,20,0.97,2,0.04
JxPath,21,30,100%,Fastazi-S,20,0.81,10,0.2
JxPath,21,30,100%,Fastazi-P,20,0.79,11,0.22
JxPath,21,30,100%,Random,20,0.93,4,0.08
JxPath,22,1,10%,Ekstazi,3,0.0,NA,NA
JxPath,22,1,10%,FAST,3,0.0,NA,NA
JxPath,22,1,10%,Ekstazi+dpt,3,0.0,NA,NA
JxPath,22,1,10%,DPT,3,0.0,NA,NA
JxPath,22,1,10%,STARTS,3,0.0,NA,NA
JxPath,22,1,10%,STARTS+FAST-S,3,0.0,NA,NA
JxPath,22,1,10%,STARTS+FAST-P,3,0.0,NA,NA
JxPath,22,1,10%,STARTS+DPT,3,0.0,NA,NA
JxPath,22,1,10%,Fastazi-S,3,0.0,NA,NA
JxPath,22,1,10%,Fastazi-P,3,0.0,NA,NA
JxPath,22,1,10%,Random,3,0.0,NA,NA
JxPath,22,1,20%,Ekstazi,6,0.892156862745098,6,0.11764705882352941
JxPath,22,1,20%,FAST,6,0.0,NA,NA
JxPath,22,1,20%,Ekstazi+dpt,6,0.0,NA,NA
JxPath,22,1,20%,DPT,6,0.0,NA,NA
JxPath,22,1,20%,STARTS,6,0.0,NA,NA
JxPath,22,1,20%,STARTS+FAST-S,6,0.0,NA,NA
JxPath,22,1,20%,STARTS+FAST-P,6,0.0,NA,NA
JxPath,22,1,20%,STARTS+DPT,6,0.0,NA,NA
JxPath,22,1,20%,Fastazi-S,6,0.0,NA,NA
JxPath,22,1,20%,Fastazi-P,6,0.0,NA,NA
JxPath,22,1,20%,Random,6,0.0,NA,NA
JxPath,22,1,25%,Ekstazi,7,0.892156862745098,6,0.11764705882352941
JxPath,22,1,25%,FAST,7,0.0,NA,NA
JxPath,22,1,25%,Ekstazi+dpt,7,0.0,NA,NA
JxPath,22,1,25%,DPT,7,0.0,NA,NA
JxPath,22,1,25%,STARTS,7,0.0,NA,NA
JxPath,22,1,25%,STARTS+FAST-S,7,0.8725490196078431,7,0.13725490196078433
JxPath,22,1,25%,STARTS+FAST-P,7,0.0,NA,NA
JxPath,22,1,25%,STARTS+DPT,7,0.0,NA,NA
JxPath,22,1,25%,Fastazi-S,7,0.8725490196078431,7,0.13725490196078433
JxPath,22,1,25%,Fastazi-P,7,0.0,NA,NA
JxPath,22,1,25%,Random,7,0.0,NA,NA
JxPath,22,1,30%,Ekstazi,9,0.892156862745098,6,0.11764705882352941
JxPath,22,1,30%,FAST,9,0.0,NA,NA
JxPath,22,1,30%,Ekstazi+dpt,9,0.0,NA,NA
JxPath,22,1,30%,DPT,9,0.0,NA,NA
JxPath,22,1,30%,STARTS,9,0.8529411764705882,8,0.1568627450980392
JxPath,22,1,30%,STARTS+FAST-S,9,0.8725490196078431,7,0.13725490196078433
JxPath,22,1,30%,STARTS+FAST-P,9,0.8529411764705882,8,0.1568627450980392
JxPath,22,1,30%,STARTS+DPT,9,0.0,NA,NA
JxPath,22,1,30%,Fastazi-S,9,0.8725490196078431,7,0.13725490196078433
JxPath,22,1,30%,Fastazi-P,9,0.8529411764705882,8,0.1568627450980392
JxPath,22,1,30%,Random,9,0.0,NA,NA
JxPath,22,1,40%,Ekstazi,12,0.892156862745098,6,0.11764705882352941
JxPath,22,1,40%,FAST,12,0.0,NA,NA
JxPath,22,1,40%,Ekstazi+dpt,12,0.0,NA,NA
JxPath,22,1,40%,DPT,12,0.0,NA,NA
JxPath,22,1,40%,STARTS,12,0.8529411764705882,8,0.1568627450980392
JxPath,22,1,40%,STARTS+FAST-S,12,0.8725490196078431,7,0.13725490196078433
JxPath,22,1,40%,STARTS+FAST-P,12,0.8529411764705882,8,0.1568627450980392
JxPath,22,1,40%,STARTS+DPT,12,0.0,NA,NA
JxPath,22,1,40%,Fastazi-S,12,0.8725490196078431,7,0.13725490196078433
JxPath,22,1,40%,Fastazi-P,12,0.8529411764705882,8,0.1568627450980392
JxPath,22,1,40%,Random,12,0.0,NA,NA
JxPath,22,1,50%,Ekstazi,15,0.892156862745098,6,0.11764705882352941
JxPath,22,1,50%,FAST,15,0.7549019607843137,13,0.2549019607843137
JxPath,22,1,50%,Ekstazi+dpt,15,0.0,NA,NA
JxPath,22,1,50%,DPT,15,0.0,NA,NA
JxPath,22,1,50%,STARTS,15,0.8529411764705882,8,0.1568627450980392
JxPath,22,1,50%,STARTS+FAST-S,15,0.8725490196078431,7,0.13725490196078433
JxPath,22,1,50%,STARTS+FAST-P,15,0.8529411764705882,8,0.1568627450980392
JxPath,22,1,50%,STARTS+DPT,15,0.0,NA,NA
JxPath,22,1,50%,Fastazi-S,15,0.8725490196078431,7,0.13725490196078433
JxPath,22,1,50%,Fastazi-P,15,0.8529411764705882,8,0.1568627450980392
JxPath,22,1,50%,Random,15,0.7352941176470588,14,0.27450980392156865
JxPath,22,1,60%,Ekstazi,18,0.892156862745098,6,0.11764705882352941
JxPath,22,1,60%,FAST,18,0.7549019607843137,13,0.2549019607843137
JxPath,22,1,60%,Ekstazi+dpt,18,0.0,NA,NA
JxPath,22,1,60%,DPT,18,0.0,NA,NA
JxPath,22,1,60%,STARTS,18,0.8529411764705882,8,0.1568627450980392
JxPath,22,1,60%,STARTS+FAST-S,18,0.8725490196078431,7,0.13725490196078433
JxPath,22,1,60%,STARTS+FAST-P,18,0.8529411764705882,8,0.1568627450980392
JxPath,22,1,60%,STARTS+DPT,18,0.0,NA,NA
JxPath,22,1,60%,Fastazi-S,18,0.8725490196078431,7,0.13725490196078433
JxPath,22,1,60%,Fastazi-P,18,0.8529411764705882,8,0.1568627450980392
JxPath,22,1,60%,Random,18,0.7352941176470588,14,0.27450980392156865
JxPath,22,1,70%,Ekstazi,21,0.892156862745098,6,0.11764705882352941
JxPath,22,1,70%,FAST,21,0.7549019607843137,13,0.2549019607843137
JxPath,22,1,70%,Ekstazi+dpt,21,0.0,NA,NA
JxPath,22,1,70%,DPT,21,0.0,NA,NA
JxPath,22,1,70%,STARTS,21,0.8529411764705882,8,0.1568627450980392
JxPath,22,1,70%,STARTS+FAST-S,21,0.8725490196078431,7,0.13725490196078433
JxPath,22,1,70%,STARTS+FAST-P,21,0.8529411764705882,8,0.1568627450980392
JxPath,22,1,70%,STARTS+DPT,21,0.0,NA,NA
JxPath,22,1,70%,Fastazi-S,21,0.8725490196078431,7,0.13725490196078433
JxPath,22,1,70%,Fastazi-P,21,0.8529411764705882,8,0.1568627450980392
JxPath,22,1,70%,Random,21,0.7352941176470588,14,0.27450980392156865
JxPath,22,1,75%,Ekstazi,22,0.892156862745098,6,0.11764705882352941
JxPath,22,1,75%,FAST,22,0.7549019607843137,13,0.2549019607843137
JxPath,22,1,75%,Ekstazi+dpt,22,0.5784313725490196,22,0.43137254901960786
JxPath,22,1,75%,DPT,22,0.0,NA,NA
JxPath,22,1,75%,STARTS,22,0.8529411764705882,8,0.1568627450980392
JxPath,22,1,75%,STARTS+FAST-S,22,0.8725490196078431,7,0.13725490196078433
JxPath,22,1,75%,STARTS+FAST-P,22,0.8529411764705882,8,0.1568627450980392
JxPath,22,1,75%,STARTS+DPT,22,0.5784313725490196,22,0.43137254901960786
JxPath,22,1,75%,Fastazi-S,22,0.8725490196078431,7,0.13725490196078433
JxPath,22,1,75%,Fastazi-P,22,0.8529411764705882,8,0.1568627450980392
JxPath,22,1,75%,Random,22,0.7352941176470588,14,0.27450980392156865
JxPath,22,1,80%,Ekstazi,24,0.892156862745098,6,0.11764705882352941
JxPath,22,1,80%,FAST,24,0.7549019607843137,13,0.2549019607843137
JxPath,22,1,80%,Ekstazi+dpt,24,0.5784313725490196,22,0.43137254901960786
JxPath,22,1,80%,DPT,24,0.5588235294117647,23,0.45098039215686275
JxPath,22,1,80%,STARTS,24,0.8529411764705882,8,0.1568627450980392
JxPath,22,1,80%,STARTS+FAST-S,24,0.8725490196078431,7,0.13725490196078433
JxPath,22,1,80%,STARTS+FAST-P,24,0.8529411764705882,8,0.1568627450980392
JxPath,22,1,80%,STARTS+DPT,24,0.5784313725490196,22,0.43137254901960786
JxPath,22,1,80%,Fastazi-S,24,0.8725490196078431,7,0.13725490196078433
JxPath,22,1,80%,Fastazi-P,24,0.8529411764705882,8,0.1568627450980392
JxPath,22,1,80%,Random,24,0.7352941176470588,14,0.27450980392156865
JxPath,22,1,90%,Ekstazi,27,0.892156862745098,6,0.11764705882352941
JxPath,22,1,90%,FAST,27,0.7549019607843137,13,0.2549019607843137
JxPath,22,1,90%,Ekstazi+dpt,27,0.5784313725490196,22,0.43137254901960786
JxPath,22,1,90%,DPT,27,0.5588235294117647,23,0.45098039215686275
JxPath,22,1,90%,STARTS,27,0.8529411764705882,8,0.1568627450980392
JxPath,22,1,90%,STARTS+FAST-S,27,0.8725490196078431,7,0.13725490196078433
JxPath,22,1,90%,STARTS+FAST-P,27,0.8529411764705882,8,0.1568627450980392
JxPath,22,1,90%,STARTS+DPT,27,0.5784313725490196,22,0.43137254901960786
JxPath,22,1,90%,Fastazi-S,27,0.8725490196078431,7,0.13725490196078433
JxPath,22,1,90%,Fastazi-P,27,0.8529411764705882,8,0.1568627450980392
JxPath,22,1,90%,Random,27,0.7352941176470588,14,0.27450980392156865
JxPath,22,1,100%,Ekstazi,30,0.892156862745098,6,0.11764705882352941
JxPath,22,1,100%,FAST,30,0.7549019607843137,13,0.2549019607843137
JxPath,22,1,100%,Ekstazi+dpt,30,0.5784313725490196,22,0.43137254901960786
JxPath,22,1,100%,DPT,30,0.5588235294117647,23,0.45098039215686275
JxPath,22,1,100%,STARTS,30,0.8529411764705882,8,0.1568627450980392
JxPath,22,1,100%,STARTS+FAST-S,30,0.8725490196078431,7,0.13725490196078433
JxPath,22,1,100%,STARTS+FAST-P,30,0.8529411764705882,8,0.1568627450980392
JxPath,22,1,100%,STARTS+DPT,30,0.5784313725490196,22,0.43137254901960786
JxPath,22,1,100%,Fastazi-S,30,0.8725490196078431,7,0.13725490196078433
JxPath,22,1,100%,Fastazi-P,30,0.8529411764705882,8,0.1568627450980392
JxPath,22,1,100%,Random,30,0.7352941176470588,14,0.27450980392156865
JxPath,22,2,10%,Ekstazi,3,0.0,NA,NA
JxPath,22,2,10%,FAST,3,0.0,NA,NA
JxPath,22,2,10%,Ekstazi+dpt,3,0.0,NA,NA
JxPath,22,2,10%,DPT,3,0.0,NA,NA
JxPath,22,2,10%,STARTS,3,0.0,NA,NA
JxPath,22,2,10%,STARTS+FAST-S,3,0.0,NA,NA
JxPath,22,2,10%,STARTS+FAST-P,3,0.0,NA,NA
JxPath,22,2,10%,STARTS+DPT,3,0.0,NA,NA
JxPath,22,2,10%,Fastazi-S,3,0.0,NA,NA
JxPath,22,2,10%,Fastazi-P,3,0.0,NA,NA
JxPath,22,2,10%,Random,3,0.0,NA,NA
JxPath,22,2,20%,Ekstazi,6,0.0,NA,NA
JxPath,22,2,20%,FAST,6,0.0,NA,NA
JxPath,22,2,20%,Ekstazi+dpt,6,0.0,NA,NA
JxPath,22,2,20%,DPT,6,0.0,NA,NA
JxPath,22,2,20%,STARTS,6,0.0,NA,NA
JxPath,22,2,20%,STARTS+FAST-S,6,0.0,NA,NA
JxPath,22,2,20%,STARTS+FAST-P,6,0.892156862745098,6,0.11764705882352941
JxPath,22,2,20%,STARTS+DPT,6,0.0,NA,NA
JxPath,22,2,20%,Fastazi-S,6,0.0,NA,NA
JxPath,22,2,20%,Fastazi-P,6,0.0,NA,NA
JxPath,22,2,20%,Random,6,0.0,NA,NA
JxPath,22,2,25%,Ekstazi,7,0.0,NA,NA
JxPath,22,2,25%,FAST,7,0.0,NA,NA
JxPath,22,2,25%,Ekstazi+dpt,7,0.0,NA,NA
JxPath,22,2,25%,DPT,7,0.0,NA,NA
JxPath,22,2,25%,STARTS,7,0.0,NA,NA
JxPath,22,2,25%,STARTS+FAST-S,7,0.0,NA,NA
JxPath,22,2,25%,STARTS+FAST-P,7,0.892156862745098,6,0.11764705882352941
JxPath,22,2,25%,STARTS+DPT,7,0.0,NA,NA
JxPath,22,2,25%,Fastazi-S,7,0.0,NA,NA
JxPath,22,2,25%,Fastazi-P,7,0.8725490196078431,7,0.13725490196078433
JxPath,22,2,25%,Random,7,0.0,NA,NA
JxPath,22,2,30%,Ekstazi,9,0.0,NA,NA
JxPath,22,2,30%,FAST,9,0.0,NA,NA
JxPath,22,2,30%,Ekstazi+dpt,9,0.0,NA,NA
JxPath,22,2,30%,DPT,9,0.0,NA,NA
JxPath,22,2,30%,STARTS,9,0.0,NA,NA
JxPath,22,2,30%,STARTS+FAST-S,9,0.8529411764705882,8,0.1568627450980392
JxPath,22,2,30%,STARTS+FAST-P,9,0.892156862745098,6,0.11764705882352941
JxPath,22,2,30%,STARTS+DPT,9,0.0,NA,NA
JxPath,22,2,30%,Fastazi-S,9,0.8333333333333333,9,0.17647058823529413
JxPath,22,2,30%,Fastazi-P,9,0.8725490196078431,7,0.13725490196078433
JxPath,22,2,30%,Random,9,0.0,NA,NA
JxPath,22,2,40%,Ekstazi,12,0.7745098039215685,12,0.23529411764705882
JxPath,22,2,40%,FAST,12,0.7941176470588235,11,0.21568627450980393
JxPath,22,2,40%,Ekstazi+dpt,12,0.0,NA,NA
JxPath,22,2,40%,DPT,12,0.0,NA,NA
JxPath,22,2,40%,STARTS,12,0.0,NA,NA
JxPath,22,2,40%,STARTS+FAST-S,12,0.8529411764705882,8,0.1568627450980392
JxPath,22,2,40%,STARTS+FAST-P,12,0.892156862745098,6,0.11764705882352941
JxPath,22,2,40%,STARTS+DPT,12,0.0,NA,NA
JxPath,22,2,40%,Fastazi-S,12,0.8333333333333333,9,0.17647058823529413
JxPath,22,2,40%,Fastazi-P,12,0.8725490196078431,7,0.13725490196078433
JxPath,22,2,40%,Random,12,0.0,NA,NA
JxPath,22,2,50%,Ekstazi,15,0.7745098039215685,12,0.23529411764705882
JxPath,22,2,50%,FAST,15,0.7941176470588235,11,0.21568627450980393
JxPath,22,2,50%,Ekstazi+dpt,15,0.0,NA,NA
JxPath,22,2,50%,DPT,15,0.0,NA,NA
JxPath,22,2,50%,STARTS,15,0.0,NA,NA
JxPath,22,2,50%,STARTS+FAST-S,15,0.8529411764705882,8,0.1568627450980392
JxPath,22,2,50%,STARTS+FAST-P,15,0.892156862745098,6,0.11764705882352941
JxPath,22,2,50%,STARTS+DPT,15,0.0,NA,NA
JxPath,22,2,50%,Fastazi-S,15,0.8333333333333333,9,0.17647058823529413
JxPath,22,2,50%,Fastazi-P,15,0.8725490196078431,7,0.13725490196078433
JxPath,22,2,50%,Random,15,0.0,NA,NA
JxPath,22,2,60%,Ekstazi,18,0.7745098039215685,12,0.23529411764705882
JxPath,22,2,60%,FAST,18,0.7941176470588235,11,0.21568627450980393
JxPath,22,2,60%,Ekstazi+dpt,18,0.0,NA,NA
JxPath,22,2,60%,DPT,18,0.0,NA,NA
JxPath,22,2,60%,STARTS,18,0.6568627450980391,18,0.35294117647058826
JxPath,22,2,60%,STARTS+FAST-S,18,0.8529411764705882,8,0.1568627450980392
JxPath,22,2,60%,STARTS+FAST-P,18,0.892156862745098,6,0.11764705882352941
JxPath,22,2,60%,STARTS+DPT,18,0.0,NA,NA
JxPath,22,2,60%,Fastazi-S,18,0.8333333333333333,9,0.17647058823529413
JxPath,22,2,60%,Fastazi-P,18,0.8725490196078431,7,0.13725490196078433
JxPath,22,2,60%,Random,18,0.0,NA,NA
JxPath,22,2,70%,Ekstazi,21,0.7745098039215685,12,0.23529411764705882
JxPath,22,2,70%,FAST,21,0.7941176470588235,11,0.21568627450980393
JxPath,22,2,70%,Ekstazi+dpt,21,0.0,NA,NA
JxPath,22,2,70%,DPT,21,0.0,NA,NA
JxPath,22,2,70%,STARTS,21,0.6568627450980391,18,0.35294117647058826
JxPath,22,2,70%,STARTS+FAST-S,21,0.8529411764705882,8,0.1568627450980392
JxPath,22,2,70%,STARTS+FAST-P,21,0.892156862745098,6,0.11764705882352941
JxPath,22,2,70%,STARTS+DPT,21,0.0,NA,NA
JxPath,22,2,70%,Fastazi-S,21,0.8333333333333333,9,0.17647058823529413
JxPath,22,2,70%,Fastazi-P,21,0.8725490196078431,7,0.13725490196078433
JxPath,22,2,70%,Random,21,0.0,NA,NA
JxPath,22,2,75%,Ekstazi,22,0.7745098039215685,12,0.23529411764705882
JxPath,22,2,75%,FAST,22,0.7941176470588235,11,0.21568627450980393
JxPath,22,2,75%,Ekstazi+dpt,22,0.5784313725490196,22,0.43137254901960786
JxPath,22,2,75%,DPT,22,0.0,NA,NA
JxPath,22,2,75%,STARTS,22,0.6568627450980391,18,0.35294117647058826
JxPath,22,2,75%,STARTS+FAST-S,22,0.8529411764705882,8,0.1568627450980392
JxPath,22,2,75%,STARTS+FAST-P,22,0.892156862745098,6,0.11764705882352941
JxPath,22,2,75%,STARTS+DPT,22,0.5784313725490196,22,0.43137254901960786
JxPath,22,2,75%,Fastazi-S,22,0.8333333333333333,9,0.17647058823529413
JxPath,22,2,75%,Fastazi-P,22,0.8725490196078431,7,0.13725490196078433
JxPath,22,2,75%,Random,22,0.0,NA,NA
JxPath,22,2,80%,Ekstazi,24,0.7745098039215685,12,0.23529411764705882
JxPath,22,2,80%,FAST,24,0.7941176470588235,11,0.21568627450980393
JxPath,22,2,80%,Ekstazi+dpt,24,0.5784313725490196,22,0.43137254901960786
JxPath,22,2,80%,DPT,24,0.5588235294117647,23,0.45098039215686275
JxPath,22,2,80%,STARTS,24,0.6568627450980391,18,0.35294117647058826
JxPath,22,2,80%,STARTS+FAST-S,24,0.8529411764705882,8,0.1568627450980392
JxPath,22,2,80%,STARTS+FAST-P,24,0.892156862745098,6,0.11764705882352941
JxPath,22,2,80%,STARTS+DPT,24,0.5784313725490196,22,0.43137254901960786
JxPath,22,2,80%,Fastazi-S,24,0.8333333333333333,9,0.17647058823529413
JxPath,22,2,80%,Fastazi-P,24,0.8725490196078431,7,0.13725490196078433
JxPath,22,2,80%,Random,24,0.0,NA,NA
JxPath,22,2,90%,Ekstazi,27,0.7745098039215685,12,0.23529411764705882
JxPath,22,2,90%,FAST,27,0.7941176470588235,11,0.21568627450980393
JxPath,22,2,90%,Ekstazi+dpt,27,0.5784313725490196,22,0.43137254901960786
JxPath,22,2,90%,DPT,27,0.5588235294117647,23,0.45098039215686275
JxPath,22,2,90%,STARTS,27,0.6568627450980391,18,0.35294117647058826
JxPath,22,2,90%,STARTS+FAST-S,27,0.8529411764705882,8,0.1568627450980392
JxPath,22,2,90%,STARTS+FAST-P,27,0.892156862745098,6,0.11764705882352941
JxPath,22,2,90%,STARTS+DPT,27,0.5784313725490196,22,0.43137254901960786
JxPath,22,2,90%,Fastazi-S,27,0.8333333333333333,9,0.17647058823529413
JxPath,22,2,90%,Fastazi-P,27,0.8725490196078431,7,0.13725490196078433
JxPath,22,2,90%,Random,27,0.0,NA,NA
JxPath,22,2,100%,Ekstazi,30,0.7745098039215685,12,0.23529411764705882
JxPath,22,2,100%,FAST,30,0.7941176470588235,11,0.21568627450980393
JxPath,22,2,100%,Ekstazi+dpt,30,0.5784313725490196,22,0.43137254901960786
JxPath,22,2,100%,DPT,30,0.5588235294117647,23,0.45098039215686275
JxPath,22,2,100%,STARTS,30,0.6568627450980391,18,0.35294117647058826
JxPath,22,2,100%,STARTS+FAST-S,30,0.8529411764705882,8,0.1568627450980392
JxPath,22,2,100%,STARTS+FAST-P,30,0.892156862745098,6,0.11764705882352941
JxPath,22,2,100%,STARTS+DPT,30,0.5784313725490196,22,0.43137254901960786
JxPath,22,2,100%,Fastazi-S,30,0.8333333333333333,9,0.17647058823529413
JxPath,22,2,100%,Fastazi-P,30,0.8725490196078431,7,0.13725490196078433
JxPath,22,2,100%,Random,30,0.44117647058823534,29,0.5686274509803921
JxPath,22,3,10%,Ekstazi,3,0.0,NA,NA
JxPath,22,3,10%,FAST,3,0.0,NA,NA
JxPath,22,3,10%,Ekstazi+dpt,3,0.0,NA,NA
JxPath,22,3,10%,DPT,3,0.0,NA,NA
JxPath,22,3,10%,STARTS,3,0.0,NA,NA
JxPath,22,3,10%,STARTS+FAST-S,3,0.0,NA,NA
JxPath,22,3,10%,STARTS+FAST-P,3,0.0,NA,NA
JxPath,22,3,10%,STARTS+DPT,3,0.0,NA,NA
JxPath,22,3,10%,Fastazi-S,3,0.0,NA,NA
JxPath,22,3,10%,Fastazi-P,3,0.0,NA,NA
JxPath,22,3,10%,Random,3,0.0,NA,NA
JxPath,22,3,20%,Ekstazi,6,0.0,NA,NA
JxPath,22,3,20%,FAST,6,0.0,NA,NA
JxPath,22,3,20%,Ekstazi+dpt,6,0.0,NA,NA
JxPath,22,3,20%,DPT,6,0.0,NA,NA
JxPath,22,3,20%,STARTS,6,0.0,NA,NA
JxPath,22,3,20%,STARTS+FAST-S,6,0.0,NA,NA
JxPath,22,3,20%,STARTS+FAST-P,6,0.0,NA,NA
JxPath,22,3,20%,STARTS+DPT,6,0.0,NA,NA
JxPath,22,3,20%,Fastazi-S,6,0.0,NA,NA
JxPath,22,3,20%,Fastazi-P,6,0.0,NA,NA
JxPath,22,3,20%,Random,6,0.0,NA,NA
JxPath,22,3,25%,Ekstazi,7,0.0,NA,NA
JxPath,22,3,25%,FAST,7,0.0,NA,NA
JxPath,22,3,25%,Ekstazi+dpt,7,0.0,NA,NA
JxPath,22,3,25%,DPT,7,0.0,NA,NA
JxPath,22,3,25%,STARTS,7,0.0,NA,NA
JxPath,22,3,25%,STARTS+FAST-S,7,0.0,NA,NA
JxPath,22,3,25%,STARTS+FAST-P,7,0.8725490196078431,7,0.13725490196078433
JxPath,22,3,25%,STARTS+DPT,7,0.0,NA,NA
JxPath,22,3,25%,Fastazi-S,7,0.8725490196078431,7,0.13725490196078433
JxPath,22,3,25%,Fastazi-P,7,0.0,NA,NA
JxPath,22,3,25%,Random,7,0.0,NA,NA
JxPath,22,3,30%,Ekstazi,9,0.0,NA,NA
JxPath,22,3,30%,FAST,9,0.0,NA,NA
JxPath,22,3,30%,Ekstazi+dpt,9,0.0,NA,NA
JxPath,22,3,30%,DPT,9,0.0,NA,NA
JxPath,22,3,30%,STARTS,9,0.0,NA,NA
JxPath,22,3,30%,STARTS+FAST-S,9,0.8333333333333333,9,0.17647058823529413
JxPath,22,3,30%,STARTS+FAST-P,9,0.8725490196078431,7,0.13725490196078433
JxPath,22,3,30%,STARTS+DPT,9,0.0,NA,NA
JxPath,22,3,30%,Fastazi-S,9,0.8725490196078431,7,0.13725490196078433
JxPath,22,3,30%,Fastazi-P,9,0.8333333333333333,9,0.17647058823529413
JxPath,22,3,30%,Random,9,0.0,NA,NA
JxPath,22,3,40%,Ekstazi,12,0.7941176470588235,11,0.21568627450980393
JxPath,22,3,40%,FAST,12,0.0,NA,NA
JxPath,22,3,40%,Ekstazi+dpt,12,0.0,NA,NA
JxPath,22,3,40%,DPT,12,0.0,NA,NA
JxPath,22,3,40%,STARTS,12,0.0,NA,NA
JxPath,22,3,40%,STARTS+FAST-S,12,0.8333333333333333,9,0.17647058823529413
JxPath,22,3,40%,STARTS+FAST-P,12,0.8725490196078431,7,0.13725490196078433
JxPath,22,3,40%,STARTS+DPT,12,0.0,NA,NA
JxPath,22,3,40%,Fastazi-S,12,0.8725490196078431,7,0.13725490196078433
JxPath,22,3,40%,Fastazi-P,12,0.8333333333333333,9,0.17647058823529413
JxPath,22,3,40%,Random,12,0.0,NA,NA
JxPath,22,3,50%,Ekstazi,15,0.7941176470588235,11,0.21568627450980393
JxPath,22,3,50%,FAST,15,0.7352941176470588,14,0.27450980392156865
JxPath,22,3,50%,Ekstazi+dpt,15,0.0,NA,NA
JxPath,22,3,50%,DPT,15,0.0,NA,NA
JxPath,22,3,50%,STARTS,15,0.0,NA,NA
JxPath,22,3,50%,STARTS+FAST-S,15,0.8333333333333333,9,0.17647058823529413
JxPath,22,3,50%,STARTS+FAST-P,15,0.8725490196078431,7,0.13725490196078433
JxPath,22,3,50%,STARTS+DPT,15,0.0,NA,NA
JxPath,22,3,50%,Fastazi-S,15,0.8725490196078431,7,0.13725490196078433
JxPath,22,3,50%,Fastazi-P,15,0.8333333333333333,9,0.17647058823529413
JxPath,22,3,50%,Random,15,0.0,NA,NA
JxPath,22,3,60%,Ekstazi,18,0.7941176470588235,11,0.21568627450980393
JxPath,22,3,60%,FAST,18,0.7352941176470588,14,0.27450980392156865
JxPath,22,3,60%,Ekstazi+dpt,18,0.0,NA,NA
JxPath,22,3,60%,DPT,18,0.0,NA,NA
JxPath,22,3,60%,STARTS,18,0.0,NA,NA
JxPath,22,3,60%,STARTS+FAST-S,18,0.8333333333333333,9,0.17647058823529413
JxPath,22,3,60%,STARTS+FAST-P,18,0.8725490196078431,7,0.13725490196078433
JxPath,22,3,60%,STARTS+DPT,18,0.0,NA,NA
JxPath,22,3,60%,Fastazi-S,18,0.8725490196078431,7,0.13725490196078433
JxPath,22,3,60%,Fastazi-P,18,0.8333333333333333,9,0.17647058823529413
JxPath,22,3,60%,Random,18,0.0,NA,NA
JxPath,22,3,70%,Ekstazi,21,0.7941176470588235,11,0.21568627450980393
JxPath,22,3,70%,FAST,21,0.7352941176470588,14,0.27450980392156865
JxPath,22,3,70%,Ekstazi+dpt,21,0.0,NA,NA
JxPath,22,3,70%,DPT,21,0.0,NA,NA
JxPath,22,3,70%,STARTS,21,0.0,NA,NA
JxPath,22,3,70%,STARTS+FAST-S,21,0.8333333333333333,9,0.17647058823529413
JxPath,22,3,70%,STARTS+FAST-P,21,0.8725490196078431,7,0.13725490196078433
JxPath,22,3,70%,STARTS+DPT,21,0.0,NA,NA
JxPath,22,3,70%,Fastazi-S,21,0.8725490196078431,7,0.13725490196078433
JxPath,22,3,70%,Fastazi-P,21,0.8333333333333333,9,0.17647058823529413
JxPath,22,3,70%,Random,21,0.0,NA,NA
JxPath,22,3,75%,Ekstazi,22,0.7941176470588235,11,0.21568627450980393
JxPath,22,3,75%,FAST,22,0.7352941176470588,14,0.27450980392156865
JxPath,22,3,75%,Ekstazi+dpt,22,0.5784313725490196,22,0.43137254901960786
JxPath,22,3,75%,DPT,22,0.0,NA,NA
JxPath,22,3,75%,STARTS,22,0.0,NA,NA
JxPath,22,3,75%,STARTS+FAST-S,22,0.8333333333333333,9,0.17647058823529413
JxPath,22,3,75%,STARTS+FAST-P,22,0.8725490196078431,7,0.13725490196078433
JxPath,22,3,75%,STARTS+DPT,22,0.5784313725490196,22,0.43137254901960786
JxPath,22,3,75%,Fastazi-S,22,0.8725490196078431,7,0.13725490196078433
JxPath,22,3,75%,Fastazi-P,22,0.8333333333333333,9,0.17647058823529413
JxPath,22,3,75%,Random,22,0.0,NA,NA
JxPath,22,3,80%,Ekstazi,24,0.7941176470588235,11,0.21568627450980393
JxPath,22,3,80%,FAST,24,0.7352941176470588,14,0.27450980392156865
JxPath,22,3,80%,Ekstazi+dpt,24,0.5784313725490196,22,0.43137254901960786
JxPath,22,3,80%,DPT,24,0.5588235294117647,23,0.45098039215686275
JxPath,22,3,80%,STARTS,24,0.0,NA,NA
JxPath,22,3,80%,STARTS+FAST-S,24,0.8333333333333333,9,0.17647058823529413
JxPath,22,3,80%,STARTS+FAST-P,24,0.8725490196078431,7,0.13725490196078433
JxPath,22,3,80%,STARTS+DPT,24,0.5784313725490196,22,0.43137254901960786
JxPath,22,3,80%,Fastazi-S,24,0.8725490196078431,7,0.13725490196078433
JxPath,22,3,80%,Fastazi-P,24,0.8333333333333333,9,0.17647058823529413
JxPath,22,3,80%,Random,24,0.0,NA,NA
JxPath,22,3,90%,Ekstazi,27,0.7941176470588235,11,0.21568627450980393
JxPath,22,3,90%,FAST,27,0.7352941176470588,14,0.27450980392156865
JxPath,22,3,90%,Ekstazi+dpt,27,0.5784313725490196,22,0.43137254901960786
JxPath,22,3,90%,DPT,27,0.5588235294117647,23,0.45098039215686275
JxPath,22,3,90%,STARTS,27,0.0,NA,NA
JxPath,22,3,90%,STARTS+FAST-S,27,0.8333333333333333,9,0.17647058823529413
JxPath,22,3,90%,STARTS+FAST-P,27,0.8725490196078431,7,0.13725490196078433
JxPath,22,3,90%,STARTS+DPT,27,0.5784313725490196,22,0.43137254901960786
JxPath,22,3,90%,Fastazi-S,27,0.8725490196078431,7,0.13725490196078433
JxPath,22,3,90%,Fastazi-P,27,0.8333333333333333,9,0.17647058823529413
JxPath,22,3,90%,Random,27,0.5,26,0.5098039215686274
JxPath,22,3,100%,Ekstazi,30,0.7941176470588235,11,0.21568627450980393
JxPath,22,3,100%,FAST,30,0.7352941176470588,14,0.27450980392156865
JxPath,22,3,100%,Ekstazi+dpt,30,0.5784313725490196,22,0.43137254901960786
JxPath,22,3,100%,DPT,30,0.5588235294117647,23,0.45098039215686275
JxPath,22,3,100%,STARTS,30,0.0,NA,NA
JxPath,22,3,100%,STARTS+FAST-S,30,0.8333333333333333,9,0.17647058823529413
JxPath,22,3,100%,STARTS+FAST-P,30,0.8725490196078431,7,0.13725490196078433
JxPath,22,3,100%,STARTS+DPT,30,0.5784313725490196,22,0.43137254901960786
JxPath,22,3,100%,Fastazi-S,30,0.8725490196078431,7,0.13725490196078433
JxPath,22,3,100%,Fastazi-P,30,0.8333333333333333,9,0.17647058823529413
JxPath,22,3,100%,Random,30,0.5,26,0.5098039215686274
JxPath,22,4,10%,Ekstazi,3,0.9509803921568627,3,0.058823529411764705
JxPath,22,4,10%,FAST,3,0.0,NA,NA
JxPath,22,4,10%,Ekstazi+dpt,3,0.0,NA,NA
JxPath,22,4,10%,DPT,3,0.0,NA,NA
JxPath,22,4,10%,STARTS,3,0.0,NA,NA
JxPath,22,4,10%,STARTS+FAST-S,3,0.0,NA,NA
JxPath,22,4,10%,STARTS+FAST-P,3,0.0,NA,NA
JxPath,22,4,10%,STARTS+DPT,3,0.0,NA,NA
JxPath,22,4,10%,Fastazi-S,3,0.0,NA,NA
JxPath,22,4,10%,Fastazi-P,3,0.0,NA,NA
JxPath,22,4,10%,Random,3,0.0,NA,NA
JxPath,22,4,20%,Ekstazi,6,0.9509803921568627,3,0.058823529411764705
JxPath,22,4,20%,FAST,6,0.0,NA,NA
JxPath,22,4,20%,Ekstazi+dpt,6,0.0,NA,NA
JxPath,22,4,20%,DPT,6,0.0,NA,NA
JxPath,22,4,20%,STARTS,6,0.0,NA,NA
JxPath,22,4,20%,STARTS+FAST-S,6,0.0,NA,NA
JxPath,22,4,20%,STARTS+FAST-P,6,0.0,NA,NA
JxPath,22,4,20%,STARTS+DPT,6,0.0,NA,NA
JxPath,22,4,20%,Fastazi-S,6,0.0,NA,NA
JxPath,22,4,20%,Fastazi-P,6,0.0,NA,NA
JxPath,22,4,20%,Random,6,0.0,NA,NA
JxPath,22,4,25%,Ekstazi,7,0.9509803921568627,3,0.058823529411764705
JxPath,22,4,25%,FAST,7,0.0,NA,NA
JxPath,22,4,25%,Ekstazi+dpt,7,0.0,NA,NA
JxPath,22,4,25%,DPT,7,0.0,NA,NA
JxPath,22,4,25%,STARTS,7,0.0,NA,NA
JxPath,22,4,25%,STARTS+FAST-S,7,0.0,NA,NA
JxPath,22,4,25%,STARTS+FAST-P,7,0.8725490196078431,7,0.13725490196078433
JxPath,22,4,25%,STARTS+DPT,7,0.0,NA,NA
JxPath,22,4,25%,Fastazi-S,7,0.8725490196078431,7,0.13725490196078433
JxPath,22,4,25%,Fastazi-P,7,0.0,NA,NA
JxPath,22,4,25%,Random,7,0.0,NA,NA
JxPath,22,4,30%,Ekstazi,9,0.9509803921568627,3,0.058823529411764705
JxPath,22,4,30%,FAST,9,0.0,NA,NA
JxPath,22,4,30%,Ekstazi+dpt,9,0.0,NA,NA
JxPath,22,4,30%,DPT,9,0.0,NA,NA
JxPath,22,4,30%,STARTS,9,0.0,NA,NA
JxPath,22,4,30%,STARTS+FAST-S,9,0.8529411764705882,8,0.1568627450980392
JxPath,22,4,30%,STARTS+FAST-P,9,0.8725490196078431,7,0.13725490196078433
JxPath,22,4,30%,STARTS+DPT,9,0.0,NA,NA
JxPath,22,4,30%,Fastazi-S,9,0.8725490196078431,7,0.13725490196078433
JxPath,22,4,30%,Fastazi-P,9,0.8333333333333333,9,0.17647058823529413
JxPath,22,4,30%,Random,9,0.0,NA,NA
JxPath,22,4,40%,Ekstazi,12,0.9509803921568627,3,0.058823529411764705
JxPath,22,4,40%,FAST,12,0.0,NA,NA
JxPath,22,4,40%,Ekstazi+dpt,12,0.0,NA,NA
JxPath,22,4,40%,DPT,12,0.0,NA,NA
JxPath,22,4,40%,STARTS,12,0.7941176470588235,11,0.21568627450980393
JxPath,22,4,40%,STARTS+FAST-S,12,0.8529411764705882,8,0.1568627450980392
JxPath,22,4,40%,STARTS+FAST-P,12,0.8725490196078431,7,0.13725490196078433
JxPath,22,4,40%,STARTS+DPT,12,0.0,NA,NA
JxPath,22,4,40%,Fastazi-S,12,0.8725490196078431,7,0.13725490196078433
JxPath,22,4,40%,Fastazi-P,12,0.8333333333333333,9,0.17647058823529413
JxPath,22,4,40%,Random,12,0.0,NA,NA
JxPath,22,4,50%,Ekstazi,15,0.9509803921568627,3,0.058823529411764705
JxPath,22,4,50%,FAST,15,0.7352941176470588,14,0.27450980392156865
JxPath,22,4,50%,Ekstazi+dpt,15,0.0,NA,NA
JxPath,22,4,50%,DPT,15,0.0,NA,NA
JxPath,22,4,50%,STARTS,15,0.7941176470588235,11,0.21568627450980393
JxPath,22,4,50%,STARTS+FAST-S,15,0.8529411764705882,8,0.1568627450980392
JxPath,22,4,50%,STARTS+FAST-P,15,0.8725490196078431,7,0.13725490196078433
JxPath,22,4,50%,STARTS+DPT,15,0.0,NA,NA
JxPath,22,4,50%,Fastazi-S,15,0.8725490196078431,7,0.13725490196078433
JxPath,22,4,50%,Fastazi-P,15,0.8333333333333333,9,0.17647058823529413
JxPath,22,4,50%,Random,15,0.0,NA,NA
JxPath,22,4,60%,Ekstazi,18,0.9509803921568627,3,0.058823529411764705
JxPath,22,4,60%,FAST,18,0.7352941176470588,14,0.27450980392156865
JxPath,22,4,60%,Ekstazi+dpt,18,0.0,NA,NA
JxPath,22,4,60%,DPT,18,0.0,NA,NA
JxPath,22,4,60%,STARTS,18,0.7941176470588235,11,0.21568627450980393
JxPath,22,4,60%,STARTS+FAST-S,18,0.8529411764705882,8,0.1568627450980392
JxPath,22,4,60%,STARTS+FAST-P,18,0.8725490196078431,7,0.13725490196078433
JxPath,22,4,60%,STARTS+DPT,18,0.0,NA,NA
JxPath,22,4,60%,Fastazi-S,18,0.8725490196078431,7,0.13725490196078433
JxPath,22,4,60%,Fastazi-P,18,0.8333333333333333,9,0.17647058823529413
JxPath,22,4,60%,Random,18,0.0,NA,NA
JxPath,22,4,70%,Ekstazi,21,0.9509803921568627,3,0.058823529411764705
JxPath,22,4,70%,FAST,21,0.7352941176470588,14,0.27450980392156865
JxPath,22,4,70%,Ekstazi+dpt,21,0.0,NA,NA
JxPath,22,4,70%,DPT,21,0.0,NA,NA
JxPath,22,4,70%,STARTS,21,0.7941176470588235,11,0.21568627450980393
JxPath,22,4,70%,STARTS+FAST-S,21,0.8529411764705882,8,0.1568627450980392
JxPath,22,4,70%,STARTS+FAST-P,21,0.8725490196078431,7,0.13725490196078433
JxPath,22,4,70%,STARTS+DPT,21,0.0,NA,NA
JxPath,22,4,70%,Fastazi-S,21,0.8725490196078431,7,0.13725490196078433
JxPath,22,4,70%,Fastazi-P,21,0.8333333333333333,9,0.17647058823529413
JxPath,22,4,70%,Random,21,0.0,NA,NA
JxPath,22,4,75%,Ekstazi,22,0.9509803921568627,3,0.058823529411764705
JxPath,22,4,75%,FAST,22,0.7352941176470588,14,0.27450980392156865
JxPath,22,4,75%,Ekstazi+dpt,22,0.5784313725490196,22,0.43137254901960786
JxPath,22,4,75%,DPT,22,0.0,NA,NA
JxPath,22,4,75%,STARTS,22,0.7941176470588235,11,0.21568627450980393
JxPath,22,4,75%,STARTS+FAST-S,22,0.8529411764705882,8,0.1568627450980392
JxPath,22,4,75%,STARTS+FAST-P,22,0.8725490196078431,7,0.13725490196078433
JxPath,22,4,75%,STARTS+DPT,22,0.5784313725490196,22,0.43137254901960786
JxPath,22,4,75%,Fastazi-S,22,0.8725490196078431,7,0.13725490196078433
JxPath,22,4,75%,Fastazi-P,22,0.8333333333333333,9,0.17647058823529413
JxPath,22,4,75%,Random,22,0.0,NA,NA
JxPath,22,4,80%,Ekstazi,24,0.9509803921568627,3,0.058823529411764705
JxPath,22,4,80%,FAST,24,0.7352941176470588,14,0.27450980392156865
JxPath,22,4,80%,Ekstazi+dpt,24,0.5784313725490196,22,0.43137254901960786
JxPath,22,4,80%,DPT,24,0.5588235294117647,23,0.45098039215686275
JxPath,22,4,80%,STARTS,24,0.7941176470588235,11,0.21568627450980393
JxPath,22,4,80%,STARTS+FAST-S,24,0.8529411764705882,8,0.1568627450980392
JxPath,22,4,80%,STARTS+FAST-P,24,0.8725490196078431,7,0.13725490196078433
JxPath,22,4,80%,STARTS+DPT,24,0.5784313725490196,22,0.43137254901960786
JxPath,22,4,80%,Fastazi-S,24,0.8725490196078431,7,0.13725490196078433
JxPath,22,4,80%,Fastazi-P,24,0.8333333333333333,9,0.17647058823529413
JxPath,22,4,80%,Random,24,0.0,NA,NA
JxPath,22,4,90%,Ekstazi,27,0.9509803921568627,3,0.058823529411764705
JxPath,22,4,90%,FAST,27,0.7352941176470588,14,0.27450980392156865
JxPath,22,4,90%,Ekstazi+dpt,27,0.5784313725490196,22,0.43137254901960786
JxPath,22,4,90%,DPT,27,0.5588235294117647,23,0.45098039215686275
JxPath,22,4,90%,STARTS,27,0.7941176470588235,11,0.21568627450980393
JxPath,22,4,90%,STARTS+FAST-S,27,0.8529411764705882,8,0.1568627450980392
JxPath,22,4,90%,STARTS+FAST-P,27,0.8725490196078431,7,0.13725490196078433
JxPath,22,4,90%,STARTS+DPT,27,0.5784313725490196,22,0.43137254901960786
JxPath,22,4,90%,Fastazi-S,27,0.8725490196078431,7,0.13725490196078433
JxPath,22,4,90%,Fastazi-P,27,0.8333333333333333,9,0.17647058823529413
JxPath,22,4,90%,Random,27,0.0,NA,NA
JxPath,22,4,100%,Ekstazi,30,0.9509803921568627,3,0.058823529411764705
JxPath,22,4,100%,FAST,30,0.7352941176470588,14,0.27450980392156865
JxPath,22,4,100%,Ekstazi+dpt,30,0.5784313725490196,22,0.43137254901960786
JxPath,22,4,100%,DPT,30,0.5588235294117647,23,0.45098039215686275
JxPath,22,4,100%,STARTS,30,0.7941176470588235,11,0.21568627450980393
JxPath,22,4,100%,STARTS+FAST-S,30,0.8529411764705882,8,0.1568627450980392
JxPath,22,4,100%,STARTS+FAST-P,30,0.8725490196078431,7,0.13725490196078433
JxPath,22,4,100%,STARTS+DPT,30,0.5784313725490196,22,0.43137254901960786
JxPath,22,4,100%,Fastazi-S,30,0.8725490196078431,7,0.13725490196078433
JxPath,22,4,100%,Fastazi-P,30,0.8333333333333333,9,0.17647058823529413
JxPath,22,4,100%,Random,30,0.0,NA,NA
JxPath,22,5,10%,Ekstazi,3,0.0,NA,NA
JxPath,22,5,10%,FAST,3,0.0,NA,NA
JxPath,22,5,10%,Ekstazi+dpt,3,0.0,NA,NA
JxPath,22,5,10%,DPT,3,0.0,NA,NA
JxPath,22,5,10%,STARTS,3,0.0,NA,NA
JxPath,22,5,10%,STARTS+FAST-S,3,0.0,NA,NA
JxPath,22,5,10%,STARTS+FAST-P,3,0.0,NA,NA
JxPath,22,5,10%,STARTS+DPT,3,0.0,NA,NA
JxPath,22,5,10%,Fastazi-S,3,0.9509803921568627,3,0.058823529411764705
JxPath,22,5,10%,Fastazi-P,3,0.0,NA,NA
JxPath,22,5,10%,Random,3,0.0,NA,NA
JxPath,22,5,20%,Ekstazi,6,0.0,NA,NA
JxPath,22,5,20%,FAST,6,0.0,NA,NA
JxPath,22,5,20%,Ekstazi+dpt,6,0.0,NA,NA
JxPath,22,5,20%,DPT,6,0.0,NA,NA
JxPath,22,5,20%,STARTS,6,0.9313725490196079,4,0.0784313725490196
JxPath,22,5,20%,STARTS+FAST-S,6,0.0,NA,NA
JxPath,22,5,20%,STARTS+FAST-P,6,0.892156862745098,6,0.11764705882352941
JxPath,22,5,20%,STARTS+DPT,6,0.0,NA,NA
JxPath,22,5,20%,Fastazi-S,6,0.9509803921568627,3,0.058823529411764705
JxPath,22,5,20%,Fastazi-P,6,0.0,NA,NA
JxPath,22,5,20%,Random,6,0.0,NA,NA
JxPath,22,5,25%,Ekstazi,7,0.0,NA,NA
JxPath,22,5,25%,FAST,7,0.0,NA,NA
JxPath,22,5,25%,Ekstazi+dpt,7,0.0,NA,NA
JxPath,22,5,25%,DPT,7,0.0,NA,NA
JxPath,22,5,25%,STARTS,7,0.9313725490196079,4,0.0784313725490196
JxPath,22,5,25%,STARTS+FAST-S,7,0.0,NA,NA
JxPath,22,5,25%,STARTS+FAST-P,7,0.892156862745098,6,0.11764705882352941
JxPath,22,5,25%,STARTS+DPT,7,0.0,NA,NA
JxPath,22,5,25%,Fastazi-S,7,0.9509803921568627,3,0.058823529411764705
JxPath,22,5,25%,Fastazi-P,7,0.0,NA,NA
JxPath,22,5,25%,Random,7,0.0,NA,NA
JxPath,22,5,30%,Ekstazi,9,0.0,NA,NA
JxPath,22,5,30%,FAST,9,0.0,NA,NA
JxPath,22,5,30%,Ekstazi+dpt,9,0.0,NA,NA
JxPath,22,5,30%,DPT,9,0.0,NA,NA
JxPath,22,5,30%,STARTS,9,0.9313725490196079,4,0.0784313725490196
JxPath,22,5,30%,STARTS+FAST-S,9,0.8529411764705882,8,0.1568627450980392
JxPath,22,5,30%,STARTS+FAST-P,9,0.892156862745098,6,0.11764705882352941
JxPath,22,5,30%,STARTS+DPT,9,0.0,NA,NA
JxPath,22,5,30%,Fastazi-S,9,0.9509803921568627,3,0.058823529411764705
JxPath,22,5,30%,Fastazi-P,9,0.0,NA,NA
JxPath,22,5,30%,Random,9,0.0,NA,NA
JxPath,22,5,40%,Ekstazi,12,0.7745098039215685,12,0.23529411764705882
JxPath,22,5,40%,FAST,12,0.0,NA,NA
JxPath,22,5,40%,Ekstazi+dpt,12,0.0,NA,NA
JxPath,22,5,40%,DPT,12,0.0,NA,NA
JxPath,22,5,40%,STARTS,12,0.9313725490196079,4,0.0784313725490196
JxPath,22,5,40%,STARTS+FAST-S,12,0.8529411764705882,8,0.1568627450980392
JxPath,22,5,40%,STARTS+FAST-P,12,0.892156862745098,6,0.11764705882352941
JxPath,22,5,40%,STARTS+DPT,12,0.0,NA,NA
JxPath,22,5,40%,Fastazi-S,12,0.9509803921568627,3,0.058823529411764705
JxPath,22,5,40%,Fastazi-P,12,0.8137254901960784,10,0.19607843137254902
JxPath,22,5,40%,Random,12,0.0,NA,NA
JxPath,22,5,50%,Ekstazi,15,0.7745098039215685,12,0.23529411764705882
JxPath,22,5,50%,FAST,15,0.7352941176470588,14,0.27450980392156865
JxPath,22,5,50%,Ekstazi+dpt,15,0.0,NA,NA
JxPath,22,5,50%,DPT,15,0.0,NA,NA
JxPath,22,5,50%,STARTS,15,0.9313725490196079,4,0.0784313725490196
JxPath,22,5,50%,STARTS+FAST-S,15,0.8529411764705882,8,0.1568627450980392
JxPath,22,5,50%,STARTS+FAST-P,15,0.892156862745098,6,0.11764705882352941
JxPath,22,5,50%,STARTS+DPT,15,0.0,NA,NA
JxPath,22,5,50%,Fastazi-S,15,0.9509803921568627,3,0.058823529411764705
JxPath,22,5,50%,Fastazi-P,15,0.8137254901960784,10,0.19607843137254902
JxPath,22,5,50%,Random,15,0.0,NA,NA
JxPath,22,5,60%,Ekstazi,18,0.7745098039215685,12,0.23529411764705882
JxPath,22,5,60%,FAST,18,0.7352941176470588,14,0.27450980392156865
JxPath,22,5,60%,Ekstazi+dpt,18,0.0,NA,NA
JxPath,22,5,60%,DPT,18,0.0,NA,NA
JxPath,22,5,60%,STARTS,18,0.9313725490196079,4,0.0784313725490196
JxPath,22,5,60%,STARTS+FAST-S,18,0.8529411764705882,8,0.1568627450980392
JxPath,22,5,60%,STARTS+FAST-P,18,0.892156862745098,6,0.11764705882352941
JxPath,22,5,60%,STARTS+DPT,18,0.0,NA,NA
JxPath,22,5,60%,Fastazi-S,18,0.9509803921568627,3,0.058823529411764705
JxPath,22,5,60%,Fastazi-P,18,0.8137254901960784,10,0.19607843137254902
JxPath,22,5,60%,Random,18,0.0,NA,NA
JxPath,22,5,70%,Ekstazi,21,0.7745098039215685,12,0.23529411764705882
JxPath,22,5,70%,FAST,21,0.7352941176470588,14,0.27450980392156865
JxPath,22,5,70%,Ekstazi+dpt,21,0.0,NA,NA
JxPath,22,5,70%,DPT,21,0.0,NA,NA
JxPath,22,5,70%,STARTS,21,0.9313725490196079,4,0.0784313725490196
JxPath,22,5,70%,STARTS+FAST-S,21,0.8529411764705882,8,0.1568627450980392
JxPath,22,5,70%,STARTS+FAST-P,21,0.892156862745098,6,0.11764705882352941
JxPath,22,5,70%,STARTS+DPT,21,0.0,NA,NA
JxPath,22,5,70%,Fastazi-S,21,0.9509803921568627,3,0.058823529411764705
JxPath,22,5,70%,Fastazi-P,21,0.8137254901960784,10,0.19607843137254902
JxPath,22,5,70%,Random,21,0.0,NA,NA
JxPath,22,5,75%,Ekstazi,22,0.7745098039215685,12,0.23529411764705882
JxPath,22,5,75%,FAST,22,0.7352941176470588,14,0.27450980392156865
JxPath,22,5,75%,Ekstazi+dpt,22,0.5784313725490196,22,0.43137254901960786
JxPath,22,5,75%,DPT,22,0.0,NA,NA
JxPath,22,5,75%,STARTS,22,0.9313725490196079,4,0.0784313725490196
JxPath,22,5,75%,STARTS+FAST-S,22,0.8529411764705882,8,0.1568627450980392
JxPath,22,5,75%,STARTS+FAST-P,22,0.892156862745098,6,0.11764705882352941
JxPath,22,5,75%,STARTS+DPT,22,0.5784313725490196,22,0.43137254901960786
JxPath,22,5,75%,Fastazi-S,22,0.9509803921568627,3,0.058823529411764705
JxPath,22,5,75%,Fastazi-P,22,0.8137254901960784,10,0.19607843137254902
JxPath,22,5,75%,Random,22,0.0,NA,NA
JxPath,22,5,80%,Ekstazi,24,0.7745098039215685,12,0.23529411764705882
JxPath,22,5,80%,FAST,24,0.7352941176470588,14,0.27450980392156865
JxPath,22,5,80%,Ekstazi+dpt,24,0.5784313725490196,22,0.43137254901960786
JxPath,22,5,80%,DPT,24,0.5588235294117647,23,0.45098039215686275
JxPath,22,5,80%,STARTS,24,0.9313725490196079,4,0.0784313725490196
JxPath,22,5,80%,STARTS+FAST-S,24,0.8529411764705882,8,0.1568627450980392
JxPath,22,5,80%,STARTS+FAST-P,24,0.892156862745098,6,0.11764705882352941
JxPath,22,5,80%,STARTS+DPT,24,0.5784313725490196,22,0.43137254901960786
JxPath,22,5,80%,Fastazi-S,24,0.9509803921568627,3,0.058823529411764705
JxPath,22,5,80%,Fastazi-P,24,0.8137254901960784,10,0.19607843137254902
JxPath,22,5,80%,Random,24,0.0,NA,NA
JxPath,22,5,90%,Ekstazi,27,0.7745098039215685,12,0.23529411764705882
JxPath,22,5,90%,FAST,27,0.7352941176470588,14,0.27450980392156865
JxPath,22,5,90%,Ekstazi+dpt,27,0.5784313725490196,22,0.43137254901960786
JxPath,22,5,90%,DPT,27,0.5588235294117647,23,0.45098039215686275
JxPath,22,5,90%,STARTS,27,0.9313725490196079,4,0.0784313725490196
JxPath,22,5,90%,STARTS+FAST-S,27,0.8529411764705882,8,0.1568627450980392
JxPath,22,5,90%,STARTS+FAST-P,27,0.892156862745098,6,0.11764705882352941
JxPath,22,5,90%,STARTS+DPT,27,0.5784313725490196,22,0.43137254901960786
JxPath,22,5,90%,Fastazi-S,27,0.9509803921568627,3,0.058823529411764705
JxPath,22,5,90%,Fastazi-P,27,0.8137254901960784,10,0.19607843137254902
JxPath,22,5,90%,Random,27,0.0,NA,NA
JxPath,22,5,100%,Ekstazi,30,0.7745098039215685,12,0.23529411764705882
JxPath,22,5,100%,FAST,30,0.7352941176470588,14,0.27450980392156865
JxPath,22,5,100%,Ekstazi+dpt,30,0.5784313725490196,22,0.43137254901960786
JxPath,22,5,100%,DPT,30,0.5588235294117647,23,0.45098039215686275
JxPath,22,5,100%,STARTS,30,0.9313725490196079,4,0.0784313725490196
JxPath,22,5,100%,STARTS+FAST-S,30,0.8529411764705882,8,0.1568627450980392
JxPath,22,5,100%,STARTS+FAST-P,30,0.892156862745098,6,0.11764705882352941
JxPath,22,5,100%,STARTS+DPT,30,0.5784313725490196,22,0.43137254901960786
JxPath,22,5,100%,Fastazi-S,30,0.9509803921568627,3,0.058823529411764705
JxPath,22,5,100%,Fastazi-P,30,0.8137254901960784,10,0.19607843137254902
JxPath,22,5,100%,Random,30,0.0,NA,NA
JxPath,22,6,10%,Ekstazi,3,0.0,NA,NA
JxPath,22,6,10%,FAST,3,0.0,NA,NA
JxPath,22,6,10%,Ekstazi+dpt,3,0.0,NA,NA
JxPath,22,6,10%,DPT,3,0.0,NA,NA
JxPath,22,6,10%,STARTS,3,0.0,NA,NA
JxPath,22,6,10%,STARTS+FAST-S,3,0.9509803921568627,3,0.058823529411764705
JxPath,22,6,10%,STARTS+FAST-P,3,0.0,NA,NA
JxPath,22,6,10%,STARTS+DPT,3,0.0,NA,NA
JxPath,22,6,10%,Fastazi-S,3,0.0,NA,NA
JxPath,22,6,10%,Fastazi-P,3,0.0,NA,NA
JxPath,22,6,10%,Random,3,0.0,NA,NA
JxPath,22,6,20%,Ekstazi,6,0.0,NA,NA
JxPath,22,6,20%,FAST,6,0.0,NA,NA
JxPath,22,6,20%,Ekstazi+dpt,6,0.0,NA,NA
JxPath,22,6,20%,DPT,6,0.0,NA,NA
JxPath,22,6,20%,STARTS,6,0.0,NA,NA
JxPath,22,6,20%,STARTS+FAST-S,6,0.9509803921568627,3,0.058823529411764705
JxPath,22,6,20%,STARTS+FAST-P,6,0.0,NA,NA
JxPath,22,6,20%,STARTS+DPT,6,0.0,NA,NA
JxPath,22,6,20%,Fastazi-S,6,0.0,NA,NA
JxPath,22,6,20%,Fastazi-P,6,0.0,NA,NA
JxPath,22,6,20%,Random,6,0.0,NA,NA
JxPath,22,6,25%,Ekstazi,7,0.0,NA,NA
JxPath,22,6,25%,FAST,7,0.0,NA,NA
JxPath,22,6,25%,Ekstazi+dpt,7,0.0,NA,NA
JxPath,22,6,25%,DPT,7,0.0,NA,NA
JxPath,22,6,25%,STARTS,7,0.0,NA,NA
JxPath,22,6,25%,STARTS+FAST-S,7,0.9509803921568627,3,0.058823529411764705
JxPath,22,6,25%,STARTS+FAST-P,7,0.0,NA,NA
JxPath,22,6,25%,STARTS+DPT,7,0.0,NA,NA
JxPath,22,6,25%,Fastazi-S,7,0.0,NA,NA
JxPath,22,6,25%,Fastazi-P,7,0.8725490196078431,7,0.13725490196078433
JxPath,22,6,25%,Random,7,0.0,NA,NA
JxPath,22,6,30%,Ekstazi,9,0.8529411764705882,8,0.1568627450980392
JxPath,22,6,30%,FAST,9,0.0,NA,NA
JxPath,22,6,30%,Ekstazi+dpt,9,0.0,NA,NA
JxPath,22,6,30%,DPT,9,0.0,NA,NA
JxPath,22,6,30%,STARTS,9,0.0,NA,NA
JxPath,22,6,30%,STARTS+FAST-S,9,0.9509803921568627,3,0.058823529411764705
JxPath,22,6,30%,STARTS+FAST-P,9,0.8529411764705882,8,0.1568627450980392
JxPath,22,6,30%,STARTS+DPT,9,0.0,NA,NA
JxPath,22,6,30%,Fastazi-S,9,0.8529411764705882,8,0.1568627450980392
JxPath,22,6,30%,Fastazi-P,9,0.8725490196078431,7,0.13725490196078433
JxPath,22,6,30%,Random,9,0.0,NA,NA
JxPath,22,6,40%,Ekstazi,12,0.8529411764705882,8,0.1568627450980392
JxPath,22,6,40%,FAST,12,0.7745098039215685,12,0.23529411764705882
JxPath,22,6,40%,Ekstazi+dpt,12,0.0,NA,NA
JxPath,22,6,40%,DPT,12,0.0,NA,NA
JxPath,22,6,40%,STARTS,12,0.0,NA,NA
JxPath,22,6,40%,STARTS+FAST-S,12,0.9509803921568627,3,0.058823529411764705
JxPath,22,6,40%,STARTS+FAST-P,12,0.8529411764705882,8,0.1568627450980392
JxPath,22,6,40%,STARTS+DPT,12,0.0,NA,NA
JxPath,22,6,40%,Fastazi-S,12,0.8529411764705882,8,0.1568627450980392
JxPath,22,6,40%,Fastazi-P,12,0.8725490196078431,7,0.13725490196078433
JxPath,22,6,40%,Random,12,0.0,NA,NA
JxPath,22,6,50%,Ekstazi,15,0.8529411764705882,8,0.1568627450980392
JxPath,22,6,50%,FAST,15,0.7745098039215685,12,0.23529411764705882
JxPath,22,6,50%,Ekstazi+dpt,15,0.0,NA,NA
JxPath,22,6,50%,DPT,15,0.0,NA,NA
JxPath,22,6,50%,STARTS,15,0.0,NA,NA
JxPath,22,6,50%,STARTS+FAST-S,15,0.9509803921568627,3,0.058823529411764705
JxPath,22,6,50%,STARTS+FAST-P,15,0.8529411764705882,8,0.1568627450980392
JxPath,22,6,50%,STARTS+DPT,15,0.0,NA,NA
JxPath,22,6,50%,Fastazi-S,15,0.8529411764705882,8,0.1568627450980392
JxPath,22,6,50%,Fastazi-P,15,0.8725490196078431,7,0.13725490196078433
JxPath,22,6,50%,Random,15,0.0,NA,NA
JxPath,22,6,60%,Ekstazi,18,0.8529411764705882,8,0.1568627450980392
JxPath,22,6,60%,FAST,18,0.7745098039215685,12,0.23529411764705882
JxPath,22,6,60%,Ekstazi+dpt,18,0.0,NA,NA
JxPath,22,6,60%,DPT,18,0.0,NA,NA
JxPath,22,6,60%,STARTS,18,0.0,NA,NA
JxPath,22,6,60%,STARTS+FAST-S,18,0.9509803921568627,3,0.058823529411764705
JxPath,22,6,60%,STARTS+FAST-P,18,0.8529411764705882,8,0.1568627450980392
JxPath,22,6,60%,STARTS+DPT,18,0.0,NA,NA
JxPath,22,6,60%,Fastazi-S,18,0.8529411764705882,8,0.1568627450980392
JxPath,22,6,60%,Fastazi-P,18,0.8725490196078431,7,0.13725490196078433
JxPath,22,6,60%,Random,18,0.6764705882352942,17,0.3333333333333333
JxPath,22,6,70%,Ekstazi,21,0.8529411764705882,8,0.1568627450980392
JxPath,22,6,70%,FAST,21,0.7745098039215685,12,0.23529411764705882
JxPath,22,6,70%,Ekstazi+dpt,21,0.0,NA,NA
JxPath,22,6,70%,DPT,21,0.0,NA,NA
JxPath,22,6,70%,STARTS,21,0.0,NA,NA
JxPath,22,6,70%,STARTS+FAST-S,21,0.9509803921568627,3,0.058823529411764705
JxPath,22,6,70%,STARTS+FAST-P,21,0.8529411764705882,8,0.1568627450980392
JxPath,22,6,70%,STARTS+DPT,21,0.0,NA,NA
JxPath,22,6,70%,Fastazi-S,21,0.8529411764705882,8,0.1568627450980392
JxPath,22,6,70%,Fastazi-P,21,0.8725490196078431,7,0.13725490196078433
JxPath,22,6,70%,Random,21,0.6764705882352942,17,0.3333333333333333
JxPath,22,6,75%,Ekstazi,22,0.8529411764705882,8,0.1568627450980392
JxPath,22,6,75%,FAST,22,0.7745098039215685,12,0.23529411764705882
JxPath,22,6,75%,Ekstazi+dpt,22,0.5784313725490196,22,0.43137254901960786
JxPath,22,6,75%,DPT,22,0.0,NA,NA
JxPath,22,6,75%,STARTS,22,0.0,NA,NA
JxPath,22,6,75%,STARTS+FAST-S,22,0.9509803921568627,3,0.058823529411764705
JxPath,22,6,75%,STARTS+FAST-P,22,0.8529411764705882,8,0.1568627450980392
JxPath,22,6,75%,STARTS+DPT,22,0.5784313725490196,22,0.43137254901960786
JxPath,22,6,75%,Fastazi-S,22,0.8529411764705882,8,0.1568627450980392
JxPath,22,6,75%,Fastazi-P,22,0.8725490196078431,7,0.13725490196078433
JxPath,22,6,75%,Random,22,0.6764705882352942,17,0.3333333333333333
JxPath,22,6,80%,Ekstazi,24,0.8529411764705882,8,0.1568627450980392
JxPath,22,6,80%,FAST,24,0.7745098039215685,12,0.23529411764705882
JxPath,22,6,80%,Ekstazi+dpt,24,0.5784313725490196,22,0.43137254901960786
JxPath,22,6,80%,DPT,24,0.5588235294117647,23,0.45098039215686275
JxPath,22,6,80%,STARTS,24,0.5392156862745098,24,0.47058823529411764
JxPath,22,6,80%,STARTS+FAST-S,24,0.9509803921568627,3,0.058823529411764705
JxPath,22,6,80%,STARTS+FAST-P,24,0.8529411764705882,8,0.1568627450980392
JxPath,22,6,80%,STARTS+DPT,24,0.5784313725490196,22,0.43137254901960786
JxPath,22,6,80%,Fastazi-S,24,0.8529411764705882,8,0.1568627450980392
JxPath,22,6,80%,Fastazi-P,24,0.8725490196078431,7,0.13725490196078433
JxPath,22,6,80%,Random,24,0.6764705882352942,17,0.3333333333333333
JxPath,22,6,90%,Ekstazi,27,0.8529411764705882,8,0.1568627450980392
JxPath,22,6,90%,FAST,27,0.7745098039215685,12,0.23529411764705882
JxPath,22,6,90%,Ekstazi+dpt,27,0.5784313725490196,22,0.43137254901960786
JxPath,22,6,90%,DPT,27,0.5588235294117647,23,0.45098039215686275
JxPath,22,6,90%,STARTS,27,0.5392156862745098,24,0.47058823529411764
JxPath,22,6,90%,STARTS+FAST-S,27,0.9509803921568627,3,0.058823529411764705
JxPath,22,6,90%,STARTS+FAST-P,27,0.8529411764705882,8,0.1568627450980392
JxPath,22,6,90%,STARTS+DPT,27,0.5784313725490196,22,0.43137254901960786
JxPath,22,6,90%,Fastazi-S,27,0.8529411764705882,8,0.1568627450980392
JxPath,22,6,90%,Fastazi-P,27,0.8725490196078431,7,0.13725490196078433
JxPath,22,6,90%,Random,27,0.6764705882352942,17,0.3333333333333333
JxPath,22,6,100%,Ekstazi,30,0.8529411764705882,8,0.1568627450980392
JxPath,22,6,100%,FAST,30,0.7745098039215685,12,0.23529411764705882
JxPath,22,6,100%,Ekstazi+dpt,30,0.5784313725490196,22,0.43137254901960786
JxPath,22,6,100%,DPT,30,0.5588235294117647,23,0.45098039215686275
JxPath,22,6,100%,STARTS,30,0.5392156862745098,24,0.47058823529411764
JxPath,22,6,100%,STARTS+FAST-S,30,0.9509803921568627,3,0.058823529411764705
JxPath,22,6,100%,STARTS+FAST-P,30,0.8529411764705882,8,0.1568627450980392
JxPath,22,6,100%,STARTS+DPT,30,0.5784313725490196,22,0.43137254901960786
JxPath,22,6,100%,Fastazi-S,30,0.8529411764705882,8,0.1568627450980392
JxPath,22,6,100%,Fastazi-P,30,0.8725490196078431,7,0.13725490196078433
JxPath,22,6,100%,Random,30,0.6764705882352942,17,0.3333333333333333
JxPath,22,7,10%,Ekstazi,3,0.0,NA,NA
JxPath,22,7,10%,FAST,3,0.0,NA,NA
JxPath,22,7,10%,Ekstazi+dpt,3,0.0,NA,NA
JxPath,22,7,10%,DPT,3,0.0,NA,NA
JxPath,22,7,10%,STARTS,3,0.0,NA,NA
JxPath,22,7,10%,STARTS+FAST-S,3,0.0,NA,NA
JxPath,22,7,10%,STARTS+FAST-P,3,0.0,NA,NA
JxPath,22,7,10%,STARTS+DPT,3,0.0,NA,NA
JxPath,22,7,10%,Fastazi-S,3,0.0,NA,NA
JxPath,22,7,10%,Fastazi-P,3,0.0,NA,NA
JxPath,22,7,10%,Random,3,0.0,NA,NA
JxPath,22,7,20%,Ekstazi,6,0.0,NA,NA
JxPath,22,7,20%,FAST,6,0.0,NA,NA
JxPath,22,7,20%,Ekstazi+dpt,6,0.0,NA,NA
JxPath,22,7,20%,DPT,6,0.0,NA,NA
JxPath,22,7,20%,STARTS,6,0.0,NA,NA
JxPath,22,7,20%,STARTS+FAST-S,6,0.0,NA,NA
JxPath,22,7,20%,STARTS+FAST-P,6,0.0,NA,NA
JxPath,22,7,20%,STARTS+DPT,6,0.0,NA,NA
JxPath,22,7,20%,Fastazi-S,6,0.0,NA,NA
JxPath,22,7,20%,Fastazi-P,6,0.0,NA,NA
JxPath,22,7,20%,Random,6,0.0,NA,NA
JxPath,22,7,25%,Ekstazi,7,0.0,NA,NA
JxPath,22,7,25%,FAST,7,0.0,NA,NA
JxPath,22,7,25%,Ekstazi+dpt,7,0.0,NA,NA
JxPath,22,7,25%,DPT,7,0.0,NA,NA
JxPath,22,7,25%,STARTS,7,0.0,NA,NA
JxPath,22,7,25%,STARTS+FAST-S,7,0.0,NA,NA
JxPath,22,7,25%,STARTS+FAST-P,7,0.8725490196078431,7,0.13725490196078433
JxPath,22,7,25%,STARTS+DPT,7,0.0,NA,NA
JxPath,22,7,25%,Fastazi-S,7,0.0,NA,NA
JxPath,22,7,25%,Fastazi-P,7,0.0,NA,NA
JxPath,22,7,25%,Random,7,0.8725490196078431,7,0.13725490196078433
JxPath,22,7,30%,Ekstazi,9,0.0,NA,NA
JxPath,22,7,30%,FAST,9,0.0,NA,NA
JxPath,22,7,30%,Ekstazi+dpt,9,0.0,NA,NA
JxPath,22,7,30%,DPT,9,0.0,NA,NA
JxPath,22,7,30%,STARTS,9,0.0,NA,NA
JxPath,22,7,30%,STARTS+FAST-S,9,0.8529411764705882,8,0.1568627450980392
JxPath,22,7,30%,STARTS+FAST-P,9,0.8725490196078431,7,0.13725490196078433
JxPath,22,7,30%,STARTS+DPT,9,0.0,NA,NA
JxPath,22,7,30%,Fastazi-S,9,0.8333333333333333,9,0.17647058823529413
JxPath,22,7,30%,Fastazi-P,9,0.0,NA,NA
JxPath,22,7,30%,Random,9,0.8725490196078431,7,0.13725490196078433
JxPath,22,7,40%,Ekstazi,12,0.0,NA,NA
JxPath,22,7,40%,FAST,12,0.0,NA,NA
JxPath,22,7,40%,Ekstazi+dpt,12,0.0,NA,NA
JxPath,22,7,40%,DPT,12,0.0,NA,NA
JxPath,22,7,40%,STARTS,12,0.0,NA,NA
JxPath,22,7,40%,STARTS+FAST-S,12,0.8529411764705882,8,0.1568627450980392
JxPath,22,7,40%,STARTS+FAST-P,12,0.8725490196078431,7,0.13725490196078433
JxPath,22,7,40%,STARTS+DPT,12,0.0,NA,NA
JxPath,22,7,40%,Fastazi-S,12,0.8333333333333333,9,0.17647058823529413
JxPath,22,7,40%,Fastazi-P,12,0.8137254901960784,10,0.19607843137254902
JxPath,22,7,40%,Random,12,0.8725490196078431,7,0.13725490196078433
JxPath,22,7,50%,Ekstazi,15,0.0,NA,NA
JxPath,22,7,50%,FAST,15,0.7352941176470588,14,0.27450980392156865
JxPath,22,7,50%,Ekstazi+dpt,15,0.0,NA,NA
JxPath,22,7,50%,DPT,15,0.0,NA,NA
JxPath,22,7,50%,STARTS,15,0.0,NA,NA
JxPath,22,7,50%,STARTS+FAST-S,15,0.8529411764705882,8,0.1568627450980392
JxPath,22,7,50%,STARTS+FAST-P,15,0.8725490196078431,7,0.13725490196078433
JxPath,22,7,50%,STARTS+DPT,15,0.0,NA,NA
JxPath,22,7,50%,Fastazi-S,15,0.8333333333333333,9,0.17647058823529413
JxPath,22,7,50%,Fastazi-P,15,0.8137254901960784,10,0.19607843137254902
JxPath,22,7,50%,Random,15,0.8725490196078431,7,0.13725490196078433
JxPath,22,7,60%,Ekstazi,18,0.0,NA,NA
JxPath,22,7,60%,FAST,18,0.7352941176470588,14,0.27450980392156865
JxPath,22,7,60%,Ekstazi+dpt,18,0.0,NA,NA
JxPath,22,7,60%,DPT,18,0.0,NA,NA
JxPath,22,7,60%,STARTS,18,0.6568627450980391,18,0.35294117647058826
JxPath,22,7,60%,STARTS+FAST-S,18,0.8529411764705882,8,0.1568627450980392
JxPath,22,7,60%,STARTS+FAST-P,18,0.8725490196078431,7,0.13725490196078433
JxPath,22,7,60%,STARTS+DPT,18,0.0,NA,NA
JxPath,22,7,60%,Fastazi-S,18,0.8333333333333333,9,0.17647058823529413
JxPath,22,7,60%,Fastazi-P,18,0.8137254901960784,10,0.19607843137254902
JxPath,22,7,60%,Random,18,0.8725490196078431,7,0.13725490196078433
JxPath,22,7,70%,Ekstazi,21,0.0,NA,NA
JxPath,22,7,70%,FAST,21,0.7352941176470588,14,0.27450980392156865
JxPath,22,7,70%,Ekstazi+dpt,21,0.0,NA,NA
JxPath,22,7,70%,DPT,21,0.0,NA,NA
JxPath,22,7,70%,STARTS,21,0.6568627450980391,18,0.35294117647058826
JxPath,22,7,70%,STARTS+FAST-S,21,0.8529411764705882,8,0.1568627450980392
JxPath,22,7,70%,STARTS+FAST-P,21,0.8725490196078431,7,0.13725490196078433
JxPath,22,7,70%,STARTS+DPT,21,0.0,NA,NA
JxPath,22,7,70%,Fastazi-S,21,0.8333333333333333,9,0.17647058823529413
JxPath,22,7,70%,Fastazi-P,21,0.8137254901960784,10,0.19607843137254902
JxPath,22,7,70%,Random,21,0.8725490196078431,7,0.13725490196078433
JxPath,22,7,75%,Ekstazi,22,0.0,NA,NA
JxPath,22,7,75%,FAST,22,0.7352941176470588,14,0.27450980392156865
JxPath,22,7,75%,Ekstazi+dpt,22,0.5784313725490196,22,0.43137254901960786
JxPath,22,7,75%,DPT,22,0.0,NA,NA
JxPath,22,7,75%,STARTS,22,0.6568627450980391,18,0.35294117647058826
JxPath,22,7,75%,STARTS+FAST-S,22,0.8529411764705882,8,0.1568627450980392
JxPath,22,7,75%,STARTS+FAST-P,22,0.8725490196078431,7,0.13725490196078433
JxPath,22,7,75%,STARTS+DPT,22,0.5784313725490196,22,0.43137254901960786
JxPath,22,7,75%,Fastazi-S,22,0.8333333333333333,9,0.17647058823529413
JxPath,22,7,75%,Fastazi-P,22,0.8137254901960784,10,0.19607843137254902
JxPath,22,7,75%,Random,22,0.8725490196078431,7,0.13725490196078433
JxPath,22,7,80%,Ekstazi,24,0.0,NA,NA
JxPath,22,7,80%,FAST,24,0.7352941176470588,14,0.27450980392156865
JxPath,22,7,80%,Ekstazi+dpt,24,0.5784313725490196,22,0.43137254901960786
JxPath,22,7,80%,DPT,24,0.5588235294117647,23,0.45098039215686275
JxPath,22,7,80%,STARTS,24,0.6568627450980391,18,0.35294117647058826
JxPath,22,7,80%,STARTS+FAST-S,24,0.8529411764705882,8,0.1568627450980392
JxPath,22,7,80%,STARTS+FAST-P,24,0.8725490196078431,7,0.13725490196078433
JxPath,22,7,80%,STARTS+DPT,24,0.5784313725490196,22,0.43137254901960786
JxPath,22,7,80%,Fastazi-S,24,0.8333333333333333,9,0.17647058823529413
JxPath,22,7,80%,Fastazi-P,24,0.8137254901960784,10,0.19607843137254902
JxPath,22,7,80%,Random,24,0.8725490196078431,7,0.13725490196078433
JxPath,22,7,90%,Ekstazi,27,0.0,NA,NA
JxPath,22,7,90%,FAST,27,0.7352941176470588,14,0.27450980392156865
JxPath,22,7,90%,Ekstazi+dpt,27,0.5784313725490196,22,0.43137254901960786
JxPath,22,7,90%,DPT,27,0.5588235294117647,23,0.45098039215686275
JxPath,22,7,90%,STARTS,27,0.6568627450980391,18,0.35294117647058826
JxPath,22,7,90%,STARTS+FAST-S,27,0.8529411764705882,8,0.1568627450980392
JxPath,22,7,90%,STARTS+FAST-P,27,0.8725490196078431,7,0.13725490196078433
JxPath,22,7,90%,STARTS+DPT,27,0.5784313725490196,22,0.43137254901960786
JxPath,22,7,90%,Fastazi-S,27,0.8333333333333333,9,0.17647058823529413
JxPath,22,7,90%,Fastazi-P,27,0.8137254901960784,10,0.19607843137254902
JxPath,22,7,90%,Random,27,0.8725490196078431,7,0.13725490196078433
JxPath,22,7,100%,Ekstazi,30,0.46078431372549017,28,0.5490196078431373
JxPath,22,7,100%,FAST,30,0.7352941176470588,14,0.27450980392156865
JxPath,22,7,100%,Ekstazi+dpt,30,0.5784313725490196,22,0.43137254901960786
JxPath,22,7,100%,DPT,30,0.5588235294117647,23,0.45098039215686275
JxPath,22,7,100%,STARTS,30,0.6568627450980391,18,0.35294117647058826
JxPath,22,7,100%,STARTS+FAST-S,30,0.8529411764705882,8,0.1568627450980392
JxPath,22,7,100%,STARTS+FAST-P,30,0.8725490196078431,7,0.13725490196078433
JxPath,22,7,100%,STARTS+DPT,30,0.5784313725490196,22,0.43137254901960786
JxPath,22,7,100%,Fastazi-S,30,0.8333333333333333,9,0.17647058823529413
JxPath,22,7,100%,Fastazi-P,30,0.8137254901960784,10,0.19607843137254902
JxPath,22,7,100%,Random,30,0.8725490196078431,7,0.13725490196078433
JxPath,22,8,10%,Ekstazi,3,0.9901960784313725,1,0.0196078431372549
JxPath,22,8,10%,FAST,3,0.0,NA,NA
JxPath,22,8,10%,Ekstazi+dpt,3,0.0,NA,NA
JxPath,22,8,10%,DPT,3,0.0,NA,NA
JxPath,22,8,10%,STARTS,3,0.0,NA,NA
JxPath,22,8,10%,STARTS+FAST-S,3,0.0,NA,NA
JxPath,22,8,10%,STARTS+FAST-P,3,0.0,NA,NA
JxPath,22,8,10%,STARTS+DPT,3,0.0,NA,NA
JxPath,22,8,10%,Fastazi-S,3,0.0,NA,NA
JxPath,22,8,10%,Fastazi-P,3,0.0,NA,NA
JxPath,22,8,10%,Random,3,0.0,NA,NA
JxPath,22,8,20%,Ekstazi,6,0.9901960784313725,1,0.0196078431372549
JxPath,22,8,20%,FAST,6,0.0,NA,NA
JxPath,22,8,20%,Ekstazi+dpt,6,0.0,NA,NA
JxPath,22,8,20%,DPT,6,0.0,NA,NA
JxPath,22,8,20%,STARTS,6,0.0,NA,NA
JxPath,22,8,20%,STARTS+FAST-S,6,0.0,NA,NA
JxPath,22,8,20%,STARTS+FAST-P,6,0.0,NA,NA
JxPath,22,8,20%,STARTS+DPT,6,0.0,NA,NA
JxPath,22,8,20%,Fastazi-S,6,0.0,NA,NA
JxPath,22,8,20%,Fastazi-P,6,0.0,NA,NA
JxPath,22,8,20%,Random,6,0.0,NA,NA
JxPath,22,8,25%,Ekstazi,7,0.9901960784313725,1,0.0196078431372549
JxPath,22,8,25%,FAST,7,0.0,NA,NA
JxPath,22,8,25%,Ekstazi+dpt,7,0.0,NA,NA
JxPath,22,8,25%,DPT,7,0.0,NA,NA
JxPath,22,8,25%,STARTS,7,0.0,NA,NA
JxPath,22,8,25%,STARTS+FAST-S,7,0.8725490196078431,7,0.13725490196078433
JxPath,22,8,25%,STARTS+FAST-P,7,0.0,NA,NA
JxPath,22,8,25%,STARTS+DPT,7,0.0,NA,NA
JxPath,22,8,25%,Fastazi-S,7,0.8725490196078431,7,0.13725490196078433
JxPath,22,8,25%,Fastazi-P,7,0.0,NA,NA
JxPath,22,8,25%,Random,7,0.0,NA,NA
JxPath,22,8,30%,Ekstazi,9,0.9901960784313725,1,0.0196078431372549
JxPath,22,8,30%,FAST,9,0.0,NA,NA
JxPath,22,8,30%,Ekstazi+dpt,9,0.0,NA,NA
JxPath,22,8,30%,DPT,9,0.0,NA,NA
JxPath,22,8,30%,STARTS,9,0.0,NA,NA
JxPath,22,8,30%,STARTS+FAST-S,9,0.8725490196078431,7,0.13725490196078433
JxPath,22,8,30%,STARTS+FAST-P,9,0.8529411764705882,8,0.1568627450980392
JxPath,22,8,30%,STARTS+DPT,9,0.0,NA,NA
JxPath,22,8,30%,Fastazi-S,9,0.8725490196078431,7,0.13725490196078433
JxPath,22,8,30%,Fastazi-P,9,0.8529411764705882,8,0.1568627450980392
JxPath,22,8,30%,Random,9,0.0,NA,NA
JxPath,22,8,40%,Ekstazi,12,0.9901960784313725,1,0.0196078431372549
JxPath,22,8,40%,FAST,12,0.0,NA,NA
JxPath,22,8,40%,Ekstazi+dpt,12,0.0,NA,NA
JxPath,22,8,40%,DPT,12,0.0,NA,NA
JxPath,22,8,40%,STARTS,12,0.0,NA,NA
JxPath,22,8,40%,STARTS+FAST-S,12,0.8725490196078431,7,0.13725490196078433
JxPath,22,8,40%,STARTS+FAST-P,12,0.8529411764705882,8,0.1568627450980392
JxPath,22,8,40%,STARTS+DPT,12,0.0,NA,NA
JxPath,22,8,40%,Fastazi-S,12,0.8725490196078431,7,0.13725490196078433
JxPath,22,8,40%,Fastazi-P,12,0.8529411764705882,8,0.1568627450980392
JxPath,22,8,40%,Random,12,0.0,NA,NA
JxPath,22,8,50%,Ekstazi,15,0.9901960784313725,1,0.0196078431372549
JxPath,22,8,50%,FAST,15,0.7549019607843137,13,0.2549019607843137
JxPath,22,8,50%,Ekstazi+dpt,15,0.0,NA,NA
JxPath,22,8,50%,DPT,15,0.0,NA,NA
JxPath,22,8,50%,STARTS,15,0.0,NA,NA
JxPath,22,8,50%,STARTS+FAST-S,15,0.8725490196078431,7,0.13725490196078433
JxPath,22,8,50%,STARTS+FAST-P,15,0.8529411764705882,8,0.1568627450980392
JxPath,22,8,50%,STARTS+DPT,15,0.0,NA,NA
JxPath,22,8,50%,Fastazi-S,15,0.8725490196078431,7,0.13725490196078433
JxPath,22,8,50%,Fastazi-P,15,0.8529411764705882,8,0.1568627450980392
JxPath,22,8,50%,Random,15,0.0,NA,NA
JxPath,22,8,60%,Ekstazi,18,0.9901960784313725,1,0.0196078431372549
JxPath,22,8,60%,FAST,18,0.7549019607843137,13,0.2549019607843137
JxPath,22,8,60%,Ekstazi+dpt,18,0.0,NA,NA
JxPath,22,8,60%,DPT,18,0.0,NA,NA
JxPath,22,8,60%,STARTS,18,0.0,NA,NA
JxPath,22,8,60%,STARTS+FAST-S,18,0.8725490196078431,7,0.13725490196078433
JxPath,22,8,60%,STARTS+FAST-P,18,0.8529411764705882,8,0.1568627450980392
JxPath,22,8,60%,STARTS+DPT,18,0.0,NA,NA
JxPath,22,8,60%,Fastazi-S,18,0.8725490196078431,7,0.13725490196078433
JxPath,22,8,60%,Fastazi-P,18,0.8529411764705882,8,0.1568627450980392
JxPath,22,8,60%,Random,18,0.0,NA,NA
JxPath,22,8,70%,Ekstazi,21,0.9901960784313725,1,0.0196078431372549
JxPath,22,8,70%,FAST,21,0.7549019607843137,13,0.2549019607843137
JxPath,22,8,70%,Ekstazi+dpt,21,0.0,NA,NA
JxPath,22,8,70%,DPT,21,0.0,NA,NA
JxPath,22,8,70%,STARTS,21,0.5980392156862745,21,0.4117647058823529
JxPath,22,8,70%,STARTS+FAST-S,21,0.8725490196078431,7,0.13725490196078433
JxPath,22,8,70%,STARTS+FAST-P,21,0.8529411764705882,8,0.1568627450980392
JxPath,22,8,70%,STARTS+DPT,21,0.0,NA,NA
JxPath,22,8,70%,Fastazi-S,21,0.8725490196078431,7,0.13725490196078433
JxPath,22,8,70%,Fastazi-P,21,0.8529411764705882,8,0.1568627450980392
JxPath,22,8,70%,Random,21,0.0,NA,NA
JxPath,22,8,75%,Ekstazi,22,0.9901960784313725,1,0.0196078431372549
JxPath,22,8,75%,FAST,22,0.7549019607843137,13,0.2549019607843137
JxPath,22,8,75%,Ekstazi+dpt,22,0.5784313725490196,22,0.43137254901960786
JxPath,22,8,75%,DPT,22,0.0,NA,NA
JxPath,22,8,75%,STARTS,22,0.5980392156862745,21,0.4117647058823529
JxPath,22,8,75%,STARTS+FAST-S,22,0.8725490196078431,7,0.13725490196078433
JxPath,22,8,75%,STARTS+FAST-P,22,0.8529411764705882,8,0.1568627450980392
JxPath,22,8,75%,STARTS+DPT,22,0.5784313725490196,22,0.43137254901960786
JxPath,22,8,75%,Fastazi-S,22,0.8725490196078431,7,0.13725490196078433
JxPath,22,8,75%,Fastazi-P,22,0.8529411764705882,8,0.1568627450980392
JxPath,22,8,75%,Random,22,0.0,NA,NA
JxPath,22,8,80%,Ekstazi,24,0.9901960784313725,1,0.0196078431372549
JxPath,22,8,80%,FAST,24,0.7549019607843137,13,0.2549019607843137
JxPath,22,8,80%,Ekstazi+dpt,24,0.5784313725490196,22,0.43137254901960786
JxPath,22,8,80%,DPT,24,0.5588235294117647,23,0.45098039215686275
JxPath,22,8,80%,STARTS,24,0.5980392156862745,21,0.4117647058823529
JxPath,22,8,80%,STARTS+FAST-S,24,0.8725490196078431,7,0.13725490196078433
JxPath,22,8,80%,STARTS+FAST-P,24,0.8529411764705882,8,0.1568627450980392
JxPath,22,8,80%,STARTS+DPT,24,0.5784313725490196,22,0.43137254901960786
JxPath,22,8,80%,Fastazi-S,24,0.8725490196078431,7,0.13725490196078433
JxPath,22,8,80%,Fastazi-P,24,0.8529411764705882,8,0.1568627450980392
JxPath,22,8,80%,Random,24,0.5588235294117647,23,0.45098039215686275
JxPath,22,8,90%,Ekstazi,27,0.9901960784313725,1,0.0196078431372549
JxPath,22,8,90%,FAST,27,0.7549019607843137,13,0.2549019607843137
JxPath,22,8,90%,Ekstazi+dpt,27,0.5784313725490196,22,0.43137254901960786
JxPath,22,8,90%,DPT,27,0.5588235294117647,23,0.45098039215686275
JxPath,22,8,90%,STARTS,27,0.5980392156862745,21,0.4117647058823529
JxPath,22,8,90%,STARTS+FAST-S,27,0.8725490196078431,7,0.13725490196078433
JxPath,22,8,90%,STARTS+FAST-P,27,0.8529411764705882,8,0.1568627450980392
JxPath,22,8,90%,STARTS+DPT,27,0.5784313725490196,22,0.43137254901960786
JxPath,22,8,90%,Fastazi-S,27,0.8725490196078431,7,0.13725490196078433
JxPath,22,8,90%,Fastazi-P,27,0.8529411764705882,8,0.1568627450980392
JxPath,22,8,90%,Random,27,0.5588235294117647,23,0.45098039215686275
JxPath,22,8,100%,Ekstazi,30,0.9901960784313725,1,0.0196078431372549
JxPath,22,8,100%,FAST,30,0.7549019607843137,13,0.2549019607843137
JxPath,22,8,100%,Ekstazi+dpt,30,0.5784313725490196,22,0.43137254901960786
JxPath,22,8,100%,DPT,30,0.5588235294117647,23,0.45098039215686275
JxPath,22,8,100%,STARTS,30,0.5980392156862745,21,0.4117647058823529
JxPath,22,8,100%,STARTS+FAST-S,30,0.8725490196078431,7,0.13725490196078433
JxPath,22,8,100%,STARTS+FAST-P,30,0.8529411764705882,8,0.1568627450980392
JxPath,22,8,100%,STARTS+DPT,30,0.5784313725490196,22,0.43137254901960786
JxPath,22,8,100%,Fastazi-S,30,0.8725490196078431,7,0.13725490196078433
JxPath,22,8,100%,Fastazi-P,30,0.8529411764705882,8,0.1568627450980392
JxPath,22,8,100%,Random,30,0.5588235294117647,23,0.45098039215686275
JxPath,22,9,10%,Ekstazi,3,0.0,NA,NA
JxPath,22,9,10%,FAST,3,0.0,NA,NA
JxPath,22,9,10%,Ekstazi+dpt,3,0.0,NA,NA
JxPath,22,9,10%,DPT,3,0.0,NA,NA
JxPath,22,9,10%,STARTS,3,0.0,NA,NA
JxPath,22,9,10%,STARTS+FAST-S,3,0.0,NA,NA
JxPath,22,9,10%,STARTS+FAST-P,3,0.0,NA,NA
JxPath,22,9,10%,STARTS+DPT,3,0.0,NA,NA
JxPath,22,9,10%,Fastazi-S,3,0.0,NA,NA
JxPath,22,9,10%,Fastazi-P,3,0.0,NA,NA
JxPath,22,9,10%,Random,3,0.0,NA,NA
JxPath,22,9,20%,Ekstazi,6,0.0,NA,NA
JxPath,22,9,20%,FAST,6,0.0,NA,NA
JxPath,22,9,20%,Ekstazi+dpt,6,0.0,NA,NA
JxPath,22,9,20%,DPT,6,0.0,NA,NA
JxPath,22,9,20%,STARTS,6,0.0,NA,NA
JxPath,22,9,20%,STARTS+FAST-S,6,0.0,NA,NA
JxPath,22,9,20%,STARTS+FAST-P,6,0.0,NA,NA
JxPath,22,9,20%,STARTS+DPT,6,0.0,NA,NA
JxPath,22,9,20%,Fastazi-S,6,0.0,NA,NA
JxPath,22,9,20%,Fastazi-P,6,0.0,NA,NA
JxPath,22,9,20%,Random,6,0.0,NA,NA
JxPath,22,9,25%,Ekstazi,7,0.0,NA,NA
JxPath,22,9,25%,FAST,7,0.0,NA,NA
JxPath,22,9,25%,Ekstazi+dpt,7,0.0,NA,NA
JxPath,22,9,25%,DPT,7,0.0,NA,NA
JxPath,22,9,25%,STARTS,7,0.0,NA,NA
JxPath,22,9,25%,STARTS+FAST-S,7,0.8725490196078431,7,0.13725490196078433
JxPath,22,9,25%,STARTS+FAST-P,7,0.8725490196078431,7,0.13725490196078433
JxPath,22,9,25%,STARTS+DPT,7,0.0,NA,NA
JxPath,22,9,25%,Fastazi-S,7,0.0,NA,NA
JxPath,22,9,25%,Fastazi-P,7,0.8725490196078431,7,0.13725490196078433
JxPath,22,9,25%,Random,7,0.0,NA,NA
JxPath,22,9,30%,Ekstazi,9,0.0,NA,NA
JxPath,22,9,30%,FAST,9,0.0,NA,NA
JxPath,22,9,30%,Ekstazi+dpt,9,0.0,NA,NA
JxPath,22,9,30%,DPT,9,0.0,NA,NA
JxPath,22,9,30%,STARTS,9,0.8529411764705882,8,0.1568627450980392
JxPath,22,9,30%,STARTS+FAST-S,9,0.8725490196078431,7,0.13725490196078433
JxPath,22,9,30%,STARTS+FAST-P,9,0.8725490196078431,7,0.13725490196078433
JxPath,22,9,30%,STARTS+DPT,9,0.0,NA,NA
JxPath,22,9,30%,Fastazi-S,9,0.0,NA,NA
JxPath,22,9,30%,Fastazi-P,9,0.8725490196078431,7,0.13725490196078433
JxPath,22,9,30%,Random,9,0.0,NA,NA
JxPath,22,9,40%,Ekstazi,12,0.0,NA,NA
JxPath,22,9,40%,FAST,12,0.7941176470588235,11,0.21568627450980393
JxPath,22,9,40%,Ekstazi+dpt,12,0.0,NA,NA
JxPath,22,9,40%,DPT,12,0.0,NA,NA
JxPath,22,9,40%,STARTS,12,0.8529411764705882,8,0.1568627450980392
JxPath,22,9,40%,STARTS+FAST-S,12,0.8725490196078431,7,0.13725490196078433
JxPath,22,9,40%,STARTS+FAST-P,12,0.8725490196078431,7,0.13725490196078433
JxPath,22,9,40%,STARTS+DPT,12,0.0,NA,NA
JxPath,22,9,40%,Fastazi-S,12,0.8137254901960784,10,0.19607843137254902
JxPath,22,9,40%,Fastazi-P,12,0.8725490196078431,7,0.13725490196078433
JxPath,22,9,40%,Random,12,0.0,NA,NA
JxPath,22,9,50%,Ekstazi,15,0.0,NA,NA
JxPath,22,9,50%,FAST,15,0.7941176470588235,11,0.21568627450980393
JxPath,22,9,50%,Ekstazi+dpt,15,0.0,NA,NA
JxPath,22,9,50%,DPT,15,0.0,NA,NA
JxPath,22,9,50%,STARTS,15,0.8529411764705882,8,0.1568627450980392
JxPath,22,9,50%,STARTS+FAST-S,15,0.8725490196078431,7,0.13725490196078433
JxPath,22,9,50%,STARTS+FAST-P,15,0.8725490196078431,7,0.13725490196078433
JxPath,22,9,50%,STARTS+DPT,15,0.0,NA,NA
JxPath,22,9,50%,Fastazi-S,15,0.8137254901960784,10,0.19607843137254902
JxPath,22,9,50%,Fastazi-P,15,0.8725490196078431,7,0.13725490196078433
JxPath,22,9,50%,Random,15,0.0,NA,NA
JxPath,22,9,60%,Ekstazi,18,0.0,NA,NA
JxPath,22,9,60%,FAST,18,0.7941176470588235,11,0.21568627450980393
JxPath,22,9,60%,Ekstazi+dpt,18,0.0,NA,NA
JxPath,22,9,60%,DPT,18,0.0,NA,NA
JxPath,22,9,60%,STARTS,18,0.8529411764705882,8,0.1568627450980392
JxPath,22,9,60%,STARTS+FAST-S,18,0.8725490196078431,7,0.13725490196078433
JxPath,22,9,60%,STARTS+FAST-P,18,0.8725490196078431,7,0.13725490196078433
JxPath,22,9,60%,STARTS+DPT,18,0.0,NA,NA
JxPath,22,9,60%,Fastazi-S,18,0.8137254901960784,10,0.19607843137254902
JxPath,22,9,60%,Fastazi-P,18,0.8725490196078431,7,0.13725490196078433
JxPath,22,9,60%,Random,18,0.0,NA,NA
JxPath,22,9,70%,Ekstazi,21,0.0,NA,NA
JxPath,22,9,70%,FAST,21,0.7941176470588235,11,0.21568627450980393
JxPath,22,9,70%,Ekstazi+dpt,21,0.0,NA,NA
JxPath,22,9,70%,DPT,21,0.0,NA,NA
JxPath,22,9,70%,STARTS,21,0.8529411764705882,8,0.1568627450980392
JxPath,22,9,70%,STARTS+FAST-S,21,0.8725490196078431,7,0.13725490196078433
JxPath,22,9,70%,STARTS+FAST-P,21,0.8725490196078431,7,0.13725490196078433
JxPath,22,9,70%,STARTS+DPT,21,0.0,NA,NA
JxPath,22,9,70%,Fastazi-S,21,0.8137254901960784,10,0.19607843137254902
JxPath,22,9,70%,Fastazi-P,21,0.8725490196078431,7,0.13725490196078433
JxPath,22,9,70%,Random,21,0.5980392156862745,21,0.4117647058823529
JxPath,22,9,75%,Ekstazi,22,0.0,NA,NA
JxPath,22,9,75%,FAST,22,0.7941176470588235,11,0.21568627450980393
JxPath,22,9,75%,Ekstazi+dpt,22,0.5784313725490196,22,0.43137254901960786
JxPath,22,9,75%,DPT,22,0.0,NA,NA
JxPath,22,9,75%,STARTS,22,0.8529411764705882,8,0.1568627450980392
JxPath,22,9,75%,STARTS+FAST-S,22,0.8725490196078431,7,0.13725490196078433
JxPath,22,9,75%,STARTS+FAST-P,22,0.8725490196078431,7,0.13725490196078433
JxPath,22,9,75%,STARTS+DPT,22,0.5784313725490196,22,0.43137254901960786
JxPath,22,9,75%,Fastazi-S,22,0.8137254901960784,10,0.19607843137254902
JxPath,22,9,75%,Fastazi-P,22,0.8725490196078431,7,0.13725490196078433
JxPath,22,9,75%,Random,22,0.5980392156862745,21,0.4117647058823529
JxPath,22,9,80%,Ekstazi,24,0.5392156862745098,24,0.47058823529411764
JxPath,22,9,80%,FAST,24,0.7941176470588235,11,0.21568627450980393
JxPath,22,9,80%,Ekstazi+dpt,24,0.5784313725490196,22,0.43137254901960786
JxPath,22,9,80%,DPT,24,0.5588235294117647,23,0.45098039215686275
JxPath,22,9,80%,STARTS,24,0.8529411764705882,8,0.1568627450980392
JxPath,22,9,80%,STARTS+FAST-S,24,0.8725490196078431,7,0.13725490196078433
JxPath,22,9,80%,STARTS+FAST-P,24,0.8725490196078431,7,0.13725490196078433
JxPath,22,9,80%,STARTS+DPT,24,0.5784313725490196,22,0.43137254901960786
JxPath,22,9,80%,Fastazi-S,24,0.8137254901960784,10,0.19607843137254902
JxPath,22,9,80%,Fastazi-P,24,0.8725490196078431,7,0.13725490196078433
JxPath,22,9,80%,Random,24,0.5980392156862745,21,0.4117647058823529
JxPath,22,9,90%,Ekstazi,27,0.5392156862745098,24,0.47058823529411764
JxPath,22,9,90%,FAST,27,0.7941176470588235,11,0.21568627450980393
JxPath,22,9,90%,Ekstazi+dpt,27,0.5784313725490196,22,0.43137254901960786
JxPath,22,9,90%,DPT,27,0.5588235294117647,23,0.45098039215686275
JxPath,22,9,90%,STARTS,27,0.8529411764705882,8,0.1568627450980392
JxPath,22,9,90%,STARTS+FAST-S,27,0.8725490196078431,7,0.13725490196078433
JxPath,22,9,90%,STARTS+FAST-P,27,0.8725490196078431,7,0.13725490196078433
JxPath,22,9,90%,STARTS+DPT,27,0.5784313725490196,22,0.43137254901960786
JxPath,22,9,90%,Fastazi-S,27,0.8137254901960784,10,0.19607843137254902
JxPath,22,9,90%,Fastazi-P,27,0.8725490196078431,7,0.13725490196078433
JxPath,22,9,90%,Random,27,0.5980392156862745,21,0.4117647058823529
JxPath,22,9,100%,Ekstazi,30,0.5392156862745098,24,0.47058823529411764
JxPath,22,9,100%,FAST,30,0.7941176470588235,11,0.21568627450980393
JxPath,22,9,100%,Ekstazi+dpt,30,0.5784313725490196,22,0.43137254901960786
JxPath,22,9,100%,DPT,30,0.5588235294117647,23,0.45098039215686275
JxPath,22,9,100%,STARTS,30,0.8529411764705882,8,0.1568627450980392
JxPath,22,9,100%,STARTS+FAST-S,30,0.8725490196078431,7,0.13725490196078433
JxPath,22,9,100%,STARTS+FAST-P,30,0.8725490196078431,7,0.13725490196078433
JxPath,22,9,100%,STARTS+DPT,30,0.5784313725490196,22,0.43137254901960786
JxPath,22,9,100%,Fastazi-S,30,0.8137254901960784,10,0.19607843137254902
JxPath,22,9,100%,Fastazi-P,30,0.8725490196078431,7,0.13725490196078433
JxPath,22,9,100%,Random,30,0.5980392156862745,21,0.4117647058823529
JxPath,22,10,10%,Ekstazi,3,0.0,NA,NA
JxPath,22,10,10%,FAST,3,0.0,NA,NA
JxPath,22,10,10%,Ekstazi+dpt,3,0.0,NA,NA
JxPath,22,10,10%,DPT,3,0.0,NA,NA
JxPath,22,10,10%,STARTS,3,0.0,NA,NA
JxPath,22,10,10%,STARTS+FAST-S,3,0.0,NA,NA
JxPath,22,10,10%,STARTS+FAST-P,3,0.0,NA,NA
JxPath,22,10,10%,STARTS+DPT,3,0.0,NA,NA
JxPath,22,10,10%,Fastazi-S,3,0.0,NA,NA
JxPath,22,10,10%,Fastazi-P,3,0.0,NA,NA
JxPath,22,10,10%,Random,3,0.0,NA,NA
JxPath,22,10,20%,Ekstazi,6,0.0,NA,NA
JxPath,22,10,20%,FAST,6,0.0,NA,NA
JxPath,22,10,20%,Ekstazi+dpt,6,0.0,NA,NA
JxPath,22,10,20%,DPT,6,0.0,NA,NA
JxPath,22,10,20%,STARTS,6,0.0,NA,NA
JxPath,22,10,20%,STARTS+FAST-S,6,0.0,NA,NA
JxPath,22,10,20%,STARTS+FAST-P,6,0.0,NA,NA
JxPath,22,10,20%,STARTS+DPT,6,0.0,NA,NA
JxPath,22,10,20%,Fastazi-S,6,0.0,NA,NA
JxPath,22,10,20%,Fastazi-P,6,0.0,NA,NA
JxPath,22,10,20%,Random,6,0.0,NA,NA
JxPath,22,10,25%,Ekstazi,7,0.0,NA,NA
JxPath,22,10,25%,FAST,7,0.0,NA,NA
JxPath,22,10,25%,Ekstazi+dpt,7,0.0,NA,NA
JxPath,22,10,25%,DPT,7,0.0,NA,NA
JxPath,22,10,25%,STARTS,7,0.0,NA,NA
JxPath,22,10,25%,STARTS+FAST-S,7,0.0,NA,NA
JxPath,22,10,25%,STARTS+FAST-P,7,0.0,NA,NA
JxPath,22,10,25%,STARTS+DPT,7,0.0,NA,NA
JxPath,22,10,25%,Fastazi-S,7,0.0,NA,NA
JxPath,22,10,25%,Fastazi-P,7,0.0,NA,NA
JxPath,22,10,25%,Random,7,0.0,NA,NA
JxPath,22,10,30%,Ekstazi,9,0.0,NA,NA
JxPath,22,10,30%,FAST,9,0.0,NA,NA
JxPath,22,10,30%,Ekstazi+dpt,9,0.0,NA,NA
JxPath,22,10,30%,DPT,9,0.0,NA,NA
JxPath,22,10,30%,STARTS,9,0.8529411764705882,8,0.1568627450980392
JxPath,22,10,30%,STARTS+FAST-S,9,0.8333333333333333,9,0.17647058823529413
JxPath,22,10,30%,STARTS+FAST-P,9,0.8333333333333333,9,0.17647058823529413
JxPath,22,10,30%,STARTS+DPT,9,0.0,NA,NA
JxPath,22,10,30%,Fastazi-S,9,0.8333333333333333,9,0.17647058823529413
JxPath,22,10,30%,Fastazi-P,9,0.8529411764705882,8,0.1568627450980392
JxPath,22,10,30%,Random,9,0.0,NA,NA
JxPath,22,10,40%,Ekstazi,12,0.0,NA,NA
JxPath,22,10,40%,FAST,12,0.7745098039215685,12,0.23529411764705882
JxPath,22,10,40%,Ekstazi+dpt,12,0.0,NA,NA
JxPath,22,10,40%,DPT,12,0.0,NA,NA
JxPath,22,10,40%,STARTS,12,0.8529411764705882,8,0.1568627450980392
JxPath,22,10,40%,STARTS+FAST-S,12,0.8333333333333333,9,0.17647058823529413
JxPath,22,10,40%,STARTS+FAST-P,12,0.8333333333333333,9,0.17647058823529413
JxPath,22,10,40%,STARTS+DPT,12,0.0,NA,NA
JxPath,22,10,40%,Fastazi-S,12,0.8333333333333333,9,0.17647058823529413
JxPath,22,10,40%,Fastazi-P,12,0.8529411764705882,8,0.1568627450980392
JxPath,22,10,40%,Random,12,0.7941176470588235,11,0.21568627450980393
JxPath,22,10,50%,Ekstazi,15,0.0,NA,NA
JxPath,22,10,50%,FAST,15,0.7745098039215685,12,0.23529411764705882
JxPath,22,10,50%,Ekstazi+dpt,15,0.0,NA,NA
JxPath,22,10,50%,DPT,15,0.0,NA,NA
JxPath,22,10,50%,STARTS,15,0.8529411764705882,8,0.1568627450980392
JxPath,22,10,50%,STARTS+FAST-S,15,0.8333333333333333,9,0.17647058823529413
JxPath,22,10,50%,STARTS+FAST-P,15,0.8333333333333333,9,0.17647058823529413
JxPath,22,10,50%,STARTS+DPT,15,0.0,NA,NA
JxPath,22,10,50%,Fastazi-S,15,0.8333333333333333,9,0.17647058823529413
JxPath,22,10,50%,Fastazi-P,15,0.8529411764705882,8,0.1568627450980392
JxPath,22,10,50%,Random,15,0.7941176470588235,11,0.21568627450980393
JxPath,22,10,60%,Ekstazi,18,0.6764705882352942,17,0.3333333333333333
JxPath,22,10,60%,FAST,18,0.7745098039215685,12,0.23529411764705882
JxPath,22,10,60%,Ekstazi+dpt,18,0.0,NA,NA
JxPath,22,10,60%,DPT,18,0.0,NA,NA
JxPath,22,10,60%,STARTS,18,0.8529411764705882,8,0.1568627450980392
JxPath,22,10,60%,STARTS+FAST-S,18,0.8333333333333333,9,0.17647058823529413
JxPath,22,10,60%,STARTS+FAST-P,18,0.8333333333333333,9,0.17647058823529413
JxPath,22,10,60%,STARTS+DPT,18,0.0,NA,NA
JxPath,22,10,60%,Fastazi-S,18,0.8333333333333333,9,0.17647058823529413
JxPath,22,10,60%,Fastazi-P,18,0.8529411764705882,8,0.1568627450980392
JxPath,22,10,60%,Random,18,0.7941176470588235,11,0.21568627450980393
JxPath,22,10,70%,Ekstazi,21,0.6764705882352942,17,0.3333333333333333
JxPath,22,10,70%,FAST,21,0.7745098039215685,12,0.23529411764705882
JxPath,22,10,70%,Ekstazi+dpt,21,0.0,NA,NA
JxPath,22,10,70%,DPT,21,0.0,NA,NA
JxPath,22,10,70%,STARTS,21,0.8529411764705882,8,0.1568627450980392
JxPath,22,10,70%,STARTS+FAST-S,21,0.8333333333333333,9,0.17647058823529413
JxPath,22,10,70%,STARTS+FAST-P,21,0.8333333333333333,9,0.17647058823529413
JxPath,22,10,70%,STARTS+DPT,21,0.0,NA,NA
JxPath,22,10,70%,Fastazi-S,21,0.8333333333333333,9,0.17647058823529413
JxPath,22,10,70%,Fastazi-P,21,0.8529411764705882,8,0.1568627450980392
JxPath,22,10,70%,Random,21,0.7941176470588235,11,0.21568627450980393
JxPath,22,10,75%,Ekstazi,22,0.6764705882352942,17,0.3333333333333333
JxPath,22,10,75%,FAST,22,0.7745098039215685,12,0.23529411764705882
JxPath,22,10,75%,Ekstazi+dpt,22,0.5784313725490196,22,0.43137254901960786
JxPath,22,10,75%,DPT,22,0.0,NA,NA
JxPath,22,10,75%,STARTS,22,0.8529411764705882,8,0.1568627450980392
JxPath,22,10,75%,STARTS+FAST-S,22,0.8333333333333333,9,0.17647058823529413
JxPath,22,10,75%,STARTS+FAST-P,22,0.8333333333333333,9,0.17647058823529413
JxPath,22,10,75%,STARTS+DPT,22,0.5784313725490196,22,0.43137254901960786
JxPath,22,10,75%,Fastazi-S,22,0.8333333333333333,9,0.17647058823529413
JxPath,22,10,75%,Fastazi-P,22,0.8529411764705882,8,0.1568627450980392
JxPath,22,10,75%,Random,22,0.7941176470588235,11,0.21568627450980393
JxPath,22,10,80%,Ekstazi,24,0.6764705882352942,17,0.3333333333333333
JxPath,22,10,80%,FAST,24,0.7745098039215685,12,0.23529411764705882
JxPath,22,10,80%,Ekstazi+dpt,24,0.5784313725490196,22,0.43137254901960786
JxPath,22,10,80%,DPT,24,0.5588235294117647,23,0.45098039215686275
JxPath,22,10,80%,STARTS,24,0.8529411764705882,8,0.1568627450980392
JxPath,22,10,80%,STARTS+FAST-S,24,0.8333333333333333,9,0.17647058823529413
JxPath,22,10,80%,STARTS+FAST-P,24,0.8333333333333333,9,0.17647058823529413
JxPath,22,10,80%,STARTS+DPT,24,0.5784313725490196,22,0.43137254901960786
JxPath,22,10,80%,Fastazi-S,24,0.8333333333333333,9,0.17647058823529413
JxPath,22,10,80%,Fastazi-P,24,0.8529411764705882,8,0.1568627450980392
JxPath,22,10,80%,Random,24,0.7941176470588235,11,0.21568627450980393
JxPath,22,10,90%,Ekstazi,27,0.6764705882352942,17,0.3333333333333333
JxPath,22,10,90%,FAST,27,0.7745098039215685,12,0.23529411764705882
JxPath,22,10,90%,Ekstazi+dpt,27,0.5784313725490196,22,0.43137254901960786
JxPath,22,10,90%,DPT,27,0.5588235294117647,23,0.45098039215686275
JxPath,22,10,90%,STARTS,27,0.8529411764705882,8,0.1568627450980392
JxPath,22,10,90%,STARTS+FAST-S,27,0.8333333333333333,9,0.17647058823529413
JxPath,22,10,90%,STARTS+FAST-P,27,0.8333333333333333,9,0.17647058823529413
JxPath,22,10,90%,STARTS+DPT,27,0.5784313725490196,22,0.43137254901960786
JxPath,22,10,90%,Fastazi-S,27,0.8333333333333333,9,0.17647058823529413
JxPath,22,10,90%,Fastazi-P,27,0.8529411764705882,8,0.1568627450980392
JxPath,22,10,90%,Random,27,0.7941176470588235,11,0.21568627450980393
JxPath,22,10,100%,Ekstazi,30,0.6764705882352942,17,0.3333333333333333
JxPath,22,10,100%,FAST,30,0.7745098039215685,12,0.23529411764705882
JxPath,22,10,100%,Ekstazi+dpt,30,0.5784313725490196,22,0.43137254901960786
JxPath,22,10,100%,DPT,30,0.5588235294117647,23,0.45098039215686275
JxPath,22,10,100%,STARTS,30,0.8529411764705882,8,0.1568627450980392
JxPath,22,10,100%,STARTS+FAST-S,30,0.8333333333333333,9,0.17647058823529413
JxPath,22,10,100%,STARTS+FAST-P,30,0.8333333333333333,9,0.17647058823529413
JxPath,22,10,100%,STARTS+DPT,30,0.5784313725490196,22,0.43137254901960786
JxPath,22,10,100%,Fastazi-S,30,0.8333333333333333,9,0.17647058823529413
JxPath,22,10,100%,Fastazi-P,30,0.8529411764705882,8,0.1568627450980392
JxPath,22,10,100%,Random,30,0.7941176470588235,11,0.21568627450980393
JxPath,22,11,10%,Ekstazi,3,0.0,NA,NA
JxPath,22,11,10%,FAST,3,0.0,NA,NA
JxPath,22,11,10%,Ekstazi+dpt,3,0.0,NA,NA
JxPath,22,11,10%,DPT,3,0.0,NA,NA
JxPath,22,11,10%,STARTS,3,0.0,NA,NA
JxPath,22,11,10%,STARTS+FAST-S,3,0.0,NA,NA
JxPath,22,11,10%,STARTS+FAST-P,3,0.9705882352941176,2,0.0392156862745098
JxPath,22,11,10%,STARTS+DPT,3,0.0,NA,NA
JxPath,22,11,10%,Fastazi-S,3,0.0,NA,NA
JxPath,22,11,10%,Fastazi-P,3,0.0,NA,NA
JxPath,22,11,10%,Random,3,0.0,NA,NA
JxPath,22,11,20%,Ekstazi,6,0.0,NA,NA
JxPath,22,11,20%,FAST,6,0.0,NA,NA
JxPath,22,11,20%,Ekstazi+dpt,6,0.0,NA,NA
JxPath,22,11,20%,DPT,6,0.0,NA,NA
JxPath,22,11,20%,STARTS,6,0.0,NA,NA
JxPath,22,11,20%,STARTS+FAST-S,6,0.0,NA,NA
JxPath,22,11,20%,STARTS+FAST-P,6,0.9705882352941176,2,0.0392156862745098
JxPath,22,11,20%,STARTS+DPT,6,0.0,NA,NA
JxPath,22,11,20%,Fastazi-S,6,0.0,NA,NA
JxPath,22,11,20%,Fastazi-P,6,0.0,NA,NA
JxPath,22,11,20%,Random,6,0.0,NA,NA
JxPath,22,11,25%,Ekstazi,7,0.0,NA,NA
JxPath,22,11,25%,FAST,7,0.0,NA,NA
JxPath,22,11,25%,Ekstazi+dpt,7,0.0,NA,NA
JxPath,22,11,25%,DPT,7,0.0,NA,NA
JxPath,22,11,25%,STARTS,7,0.0,NA,NA
JxPath,22,11,25%,STARTS+FAST-S,7,0.8725490196078431,7,0.13725490196078433
JxPath,22,11,25%,STARTS+FAST-P,7,0.9705882352941176,2,0.0392156862745098
JxPath,22,11,25%,STARTS+DPT,7,0.0,NA,NA
JxPath,22,11,25%,Fastazi-S,7,0.0,NA,NA
JxPath,22,11,25%,Fastazi-P,7,0.8725490196078431,7,0.13725490196078433
JxPath,22,11,25%,Random,7,0.0,NA,NA
JxPath,22,11,30%,Ekstazi,9,0.0,NA,NA
JxPath,22,11,30%,FAST,9,0.0,NA,NA
JxPath,22,11,30%,Ekstazi+dpt,9,0.0,NA,NA
JxPath,22,11,30%,DPT,9,0.0,NA,NA
JxPath,22,11,30%,STARTS,9,0.0,NA,NA
JxPath,22,11,30%,STARTS+FAST-S,9,0.8725490196078431,7,0.13725490196078433
JxPath,22,11,30%,STARTS+FAST-P,9,0.9705882352941176,2,0.0392156862745098
JxPath,22,11,30%,STARTS+DPT,9,0.0,NA,NA
JxPath,22,11,30%,Fastazi-S,9,0.8333333333333333,9,0.17647058823529413
JxPath,22,11,30%,Fastazi-P,9,0.8725490196078431,7,0.13725490196078433
JxPath,22,11,30%,Random,9,0.0,NA,NA
JxPath,22,11,40%,Ekstazi,12,0.0,NA,NA
JxPath,22,11,40%,FAST,12,0.7745098039215685,12,0.23529411764705882
JxPath,22,11,40%,Ekstazi+dpt,12,0.0,NA,NA
JxPath,22,11,40%,DPT,12,0.0,NA,NA
JxPath,22,11,40%,STARTS,12,0.7745098039215685,12,0.23529411764705882
JxPath,22,11,40%,STARTS+FAST-S,12,0.8725490196078431,7,0.13725490196078433
JxPath,22,11,40%,STARTS+FAST-P,12,0.9705882352941176,2,0.0392156862745098
JxPath,22,11,40%,STARTS+DPT,12,0.0,NA,NA
JxPath,22,11,40%,Fastazi-S,12,0.8333333333333333,9,0.17647058823529413
JxPath,22,11,40%,Fastazi-P,12,0.8725490196078431,7,0.13725490196078433
JxPath,22,11,40%,Random,12,0.0,NA,NA
JxPath,22,11,50%,Ekstazi,15,0.0,NA,NA
JxPath,22,11,50%,FAST,15,0.7745098039215685,12,0.23529411764705882
JxPath,22,11,50%,Ekstazi+dpt,15,0.0,NA,NA
JxPath,22,11,50%,DPT,15,0.0,NA,NA
JxPath,22,11,50%,STARTS,15,0.7745098039215685,12,0.23529411764705882
JxPath,22,11,50%,STARTS+FAST-S,15,0.8725490196078431,7,0.13725490196078433
JxPath,22,11,50%,STARTS+FAST-P,15,0.9705882352941176,2,0.0392156862745098
JxPath,22,11,50%,STARTS+DPT,15,0.0,NA,NA
JxPath,22,11,50%,Fastazi-S,15,0.8333333333333333,9,0.17647058823529413
JxPath,22,11,50%,Fastazi-P,15,0.8725490196078431,7,0.13725490196078433
JxPath,22,11,50%,Random,15,0.0,NA,NA
JxPath,22,11,60%,Ekstazi,18,0.696078431372549,16,0.3137254901960784
JxPath,22,11,60%,FAST,18,0.7745098039215685,12,0.23529411764705882
JxPath,22,11,60%,Ekstazi+dpt,18,0.0,NA,NA
JxPath,22,11,60%,DPT,18,0.0,NA,NA
JxPath,22,11,60%,STARTS,18,0.7745098039215685,12,0.23529411764705882
JxPath,22,11,60%,STARTS+FAST-S,18,0.8725490196078431,7,0.13725490196078433
JxPath,22,11,60%,STARTS+FAST-P,18,0.9705882352941176,2,0.0392156862745098
JxPath,22,11,60%,STARTS+DPT,18,0.0,NA,NA
JxPath,22,11,60%,Fastazi-S,18,0.8333333333333333,9,0.17647058823529413
JxPath,22,11,60%,Fastazi-P,18,0.8725490196078431,7,0.13725490196078433
JxPath,22,11,60%,Random,18,0.0,NA,NA
JxPath,22,11,70%,Ekstazi,21,0.696078431372549,16,0.3137254901960784
JxPath,22,11,70%,FAST,21,0.7745098039215685,12,0.23529411764705882
JxPath,22,11,70%,Ekstazi+dpt,21,0.0,NA,NA
JxPath,22,11,70%,DPT,21,0.0,NA,NA
JxPath,22,11,70%,STARTS,21,0.7745098039215685,12,0.23529411764705882
JxPath,22,11,70%,STARTS+FAST-S,21,0.8725490196078431,7,0.13725490196078433
JxPath,22,11,70%,STARTS+FAST-P,21,0.9705882352941176,2,0.0392156862745098
JxPath,22,11,70%,STARTS+DPT,21,0.0,NA,NA
JxPath,22,11,70%,Fastazi-S,21,0.8333333333333333,9,0.17647058823529413
JxPath,22,11,70%,Fastazi-P,21,0.8725490196078431,7,0.13725490196078433
JxPath,22,11,70%,Random,21,0.0,NA,NA
JxPath,22,11,75%,Ekstazi,22,0.696078431372549,16,0.3137254901960784
JxPath,22,11,75%,FAST,22,0.7745098039215685,12,0.23529411764705882
JxPath,22,11,75%,Ekstazi+dpt,22,0.5784313725490196,22,0.43137254901960786
JxPath,22,11,75%,DPT,22,0.0,NA,NA
JxPath,22,11,75%,STARTS,22,0.7745098039215685,12,0.23529411764705882
JxPath,22,11,75%,STARTS+FAST-S,22,0.8725490196078431,7,0.13725490196078433
JxPath,22,11,75%,STARTS+FAST-P,22,0.9705882352941176,2,0.0392156862745098
JxPath,22,11,75%,STARTS+DPT,22,0.5784313725490196,22,0.43137254901960786
JxPath,22,11,75%,Fastazi-S,22,0.8333333333333333,9,0.17647058823529413
JxPath,22,11,75%,Fastazi-P,22,0.8725490196078431,7,0.13725490196078433
JxPath,22,11,75%,Random,22,0.0,NA,NA
JxPath,22,11,80%,Ekstazi,24,0.696078431372549,16,0.3137254901960784
JxPath,22,11,80%,FAST,24,0.7745098039215685,12,0.23529411764705882
JxPath,22,11,80%,Ekstazi+dpt,24,0.5784313725490196,22,0.43137254901960786
JxPath,22,11,80%,DPT,24,0.5588235294117647,23,0.45098039215686275
JxPath,22,11,80%,STARTS,24,0.7745098039215685,12,0.23529411764705882
JxPath,22,11,80%,STARTS+FAST-S,24,0.8725490196078431,7,0.13725490196078433
JxPath,22,11,80%,STARTS+FAST-P,24,0.9705882352941176,2,0.0392156862745098
JxPath,22,11,80%,STARTS+DPT,24,0.5784313725490196,22,0.43137254901960786
JxPath,22,11,80%,Fastazi-S,24,0.8333333333333333,9,0.17647058823529413
JxPath,22,11,80%,Fastazi-P,24,0.8725490196078431,7,0.13725490196078433
JxPath,22,11,80%,Random,24,0.0,NA,NA
JxPath,22,11,90%,Ekstazi,27,0.696078431372549,16,0.3137254901960784
JxPath,22,11,90%,FAST,27,0.7745098039215685,12,0.23529411764705882
JxPath,22,11,90%,Ekstazi+dpt,27,0.5784313725490196,22,0.43137254901960786
JxPath,22,11,90%,DPT,27,0.5588235294117647,23,0.45098039215686275
JxPath,22,11,90%,STARTS,27,0.7745098039215685,12,0.23529411764705882
JxPath,22,11,90%,STARTS+FAST-S,27,0.8725490196078431,7,0.13725490196078433
JxPath,22,11,90%,STARTS+FAST-P,27,0.9705882352941176,2,0.0392156862745098
JxPath,22,11,90%,STARTS+DPT,27,0.5784313725490196,22,0.43137254901960786
JxPath,22,11,90%,Fastazi-S,27,0.8333333333333333,9,0.17647058823529413
JxPath,22,11,90%,Fastazi-P,27,0.8725490196078431,7,0.13725490196078433
JxPath,22,11,90%,Random,27,0.0,NA,NA
JxPath,22,11,100%,Ekstazi,30,0.696078431372549,16,0.3137254901960784
JxPath,22,11,100%,FAST,30,0.7745098039215685,12,0.23529411764705882
JxPath,22,11,100%,Ekstazi+dpt,30,0.5784313725490196,22,0.43137254901960786
JxPath,22,11,100%,DPT,30,0.5588235294117647,23,0.45098039215686275
JxPath,22,11,100%,STARTS,30,0.7745098039215685,12,0.23529411764705882
JxPath,22,11,100%,STARTS+FAST-S,30,0.8725490196078431,7,0.13725490196078433
JxPath,22,11,100%,STARTS+FAST-P,30,0.9705882352941176,2,0.0392156862745098
JxPath,22,11,100%,STARTS+DPT,30,0.5784313725490196,22,0.43137254901960786
JxPath,22,11,100%,Fastazi-S,30,0.8333333333333333,9,0.17647058823529413
JxPath,22,11,100%,Fastazi-P,30,0.8725490196078431,7,0.13725490196078433
JxPath,22,11,100%,Random,30,0.0,NA,NA
JxPath,22,12,10%,Ekstazi,3,0.0,NA,NA
JxPath,22,12,10%,FAST,3,0.0,NA,NA
JxPath,22,12,10%,Ekstazi+dpt,3,0.0,NA,NA
JxPath,22,12,10%,DPT,3,0.0,NA,NA
JxPath,22,12,10%,STARTS,3,0.0,NA,NA
JxPath,22,12,10%,STARTS+FAST-S,3,0.0,NA,NA
JxPath,22,12,10%,STARTS+FAST-P,3,0.0,NA,NA
JxPath,22,12,10%,STARTS+DPT,3,0.0,NA,NA
JxPath,22,12,10%,Fastazi-S,3,0.0,NA,NA
JxPath,22,12,10%,Fastazi-P,3,0.0,NA,NA
JxPath,22,12,10%,Random,3,0.0,NA,NA
JxPath,22,12,20%,Ekstazi,6,0.0,NA,NA
JxPath,22,12,20%,FAST,6,0.0,NA,NA
JxPath,22,12,20%,Ekstazi+dpt,6,0.0,NA,NA
JxPath,22,12,20%,DPT,6,0.0,NA,NA
JxPath,22,12,20%,STARTS,6,0.0,NA,NA
JxPath,22,12,20%,STARTS+FAST-S,6,0.0,NA,NA
JxPath,22,12,20%,STARTS+FAST-P,6,0.0,NA,NA
JxPath,22,12,20%,STARTS+DPT,6,0.0,NA,NA
JxPath,22,12,20%,Fastazi-S,6,0.0,NA,NA
JxPath,22,12,20%,Fastazi-P,6,0.0,NA,NA
JxPath,22,12,20%,Random,6,0.0,NA,NA
JxPath,22,12,25%,Ekstazi,7,0.0,NA,NA
JxPath,22,12,25%,FAST,7,0.0,NA,NA
JxPath,22,12,25%,Ekstazi+dpt,7,0.0,NA,NA
JxPath,22,12,25%,DPT,7,0.0,NA,NA
JxPath,22,12,25%,STARTS,7,0.0,NA,NA
JxPath,22,12,25%,STARTS+FAST-S,7,0.0,NA,NA
JxPath,22,12,25%,STARTS+FAST-P,7,0.0,NA,NA
JxPath,22,12,25%,STARTS+DPT,7,0.0,NA,NA
JxPath,22,12,25%,Fastazi-S,7,0.8725490196078431,7,0.13725490196078433
JxPath,22,12,25%,Fastazi-P,7,0.0,NA,NA
JxPath,22,12,25%,Random,7,0.0,NA,NA
JxPath,22,12,30%,Ekstazi,9,0.0,NA,NA
JxPath,22,12,30%,FAST,9,0.0,NA,NA
JxPath,22,12,30%,Ekstazi+dpt,9,0.0,NA,NA
JxPath,22,12,30%,DPT,9,0.0,NA,NA
JxPath,22,12,30%,STARTS,9,0.0,NA,NA
JxPath,22,12,30%,STARTS+FAST-S,9,0.8529411764705882,8,0.1568627450980392
JxPath,22,12,30%,STARTS+FAST-P,9,0.8333333333333333,9,0.17647058823529413
JxPath,22,12,30%,STARTS+DPT,9,0.0,NA,NA
JxPath,22,12,30%,Fastazi-S,9,0.8725490196078431,7,0.13725490196078433
JxPath,22,12,30%,Fastazi-P,9,0.8529411764705882,8,0.1568627450980392
JxPath,22,12,30%,Random,9,0.0,NA,NA
JxPath,22,12,40%,Ekstazi,12,0.0,NA,NA
JxPath,22,12,40%,FAST,12,0.0,NA,NA
JxPath,22,12,40%,Ekstazi+dpt,12,0.0,NA,NA
JxPath,22,12,40%,DPT,12,0.0,NA,NA
JxPath,22,12,40%,STARTS,12,0.0,NA,NA
JxPath,22,12,40%,STARTS+FAST-S,12,0.8529411764705882,8,0.1568627450980392
JxPath,22,12,40%,STARTS+FAST-P,12,0.8333333333333333,9,0.17647058823529413
JxPath,22,12,40%,STARTS+DPT,12,0.0,NA,NA
JxPath,22,12,40%,Fastazi-S,12,0.8725490196078431,7,0.13725490196078433
JxPath,22,12,40%,Fastazi-P,12,0.8529411764705882,8,0.1568627450980392
JxPath,22,12,40%,Random,12,0.0,NA,NA
JxPath,22,12,50%,Ekstazi,15,0.0,NA,NA
JxPath,22,12,50%,FAST,15,0.7549019607843137,13,0.2549019607843137
JxPath,22,12,50%,Ekstazi+dpt,15,0.0,NA,NA
JxPath,22,12,50%,DPT,15,0.0,NA,NA
JxPath,22,12,50%,STARTS,15,0.0,NA,NA
JxPath,22,12,50%,STARTS+FAST-S,15,0.8529411764705882,8,0.1568627450980392
JxPath,22,12,50%,STARTS+FAST-P,15,0.8333333333333333,9,0.17647058823529413
JxPath,22,12,50%,STARTS+DPT,15,0.0,NA,NA
JxPath,22,12,50%,Fastazi-S,15,0.8725490196078431,7,0.13725490196078433
JxPath,22,12,50%,Fastazi-P,15,0.8529411764705882,8,0.1568627450980392
JxPath,22,12,50%,Random,15,0.0,NA,NA
JxPath,22,12,60%,Ekstazi,18,0.0,NA,NA
JxPath,22,12,60%,FAST,18,0.7549019607843137,13,0.2549019607843137
JxPath,22,12,60%,Ekstazi+dpt,18,0.0,NA,NA
JxPath,22,12,60%,DPT,18,0.0,NA,NA
JxPath,22,12,60%,STARTS,18,0.0,NA,NA
JxPath,22,12,60%,STARTS+FAST-S,18,0.8529411764705882,8,0.1568627450980392
JxPath,22,12,60%,STARTS+FAST-P,18,0.8333333333333333,9,0.17647058823529413
JxPath,22,12,60%,STARTS+DPT,18,0.0,NA,NA
JxPath,22,12,60%,Fastazi-S,18,0.8725490196078431,7,0.13725490196078433
JxPath,22,12,60%,Fastazi-P,18,0.8529411764705882,8,0.1568627450980392
JxPath,22,12,60%,Random,18,0.0,NA,NA
JxPath,22,12,70%,Ekstazi,21,0.0,NA,NA
JxPath,22,12,70%,FAST,21,0.7549019607843137,13,0.2549019607843137
JxPath,22,12,70%,Ekstazi+dpt,21,0.0,NA,NA
JxPath,22,12,70%,DPT,21,0.0,NA,NA
JxPath,22,12,70%,STARTS,21,0.0,NA,NA
JxPath,22,12,70%,STARTS+FAST-S,21,0.8529411764705882,8,0.1568627450980392
JxPath,22,12,70%,STARTS+FAST-P,21,0.8333333333333333,9,0.17647058823529413
JxPath,22,12,70%,STARTS+DPT,21,0.0,NA,NA
JxPath,22,12,70%,Fastazi-S,21,0.8725490196078431,7,0.13725490196078433
JxPath,22,12,70%,Fastazi-P,21,0.8529411764705882,8,0.1568627450980392
JxPath,22,12,70%,Random,21,0.0,NA,NA
JxPath,22,12,75%,Ekstazi,22,0.0,NA,NA
JxPath,22,12,75%,FAST,22,0.7549019607843137,13,0.2549019607843137
JxPath,22,12,75%,Ekstazi+dpt,22,0.5784313725490196,22,0.43137254901960786
JxPath,22,12,75%,DPT,22,0.0,NA,NA
JxPath,22,12,75%,STARTS,22,0.0,NA,NA
JxPath,22,12,75%,STARTS+FAST-S,22,0.8529411764705882,8,0.1568627450980392
JxPath,22,12,75%,STARTS+FAST-P,22,0.8333333333333333,9,0.17647058823529413
JxPath,22,12,75%,STARTS+DPT,22,0.5784313725490196,22,0.43137254901960786
JxPath,22,12,75%,Fastazi-S,22,0.8725490196078431,7,0.13725490196078433
JxPath,22,12,75%,Fastazi-P,22,0.8529411764705882,8,0.1568627450980392
JxPath,22,12,75%,Random,22,0.0,NA,NA
JxPath,22,12,80%,Ekstazi,24,0.0,NA,NA
JxPath,22,12,80%,FAST,24,0.7549019607843137,13,0.2549019607843137
JxPath,22,12,80%,Ekstazi+dpt,24,0.5784313725490196,22,0.43137254901960786
JxPath,22,12,80%,DPT,24,0.5588235294117647,23,0.45098039215686275
JxPath,22,12,80%,STARTS,24,0.0,NA,NA
JxPath,22,12,80%,STARTS+FAST-S,24,0.8529411764705882,8,0.1568627450980392
JxPath,22,12,80%,STARTS+FAST-P,24,0.8333333333333333,9,0.17647058823529413
JxPath,22,12,80%,STARTS+DPT,24,0.5784313725490196,22,0.43137254901960786
JxPath,22,12,80%,Fastazi-S,24,0.8725490196078431,7,0.13725490196078433
JxPath,22,12,80%,Fastazi-P,24,0.8529411764705882,8,0.1568627450980392
JxPath,22,12,80%,Random,24,0.0,NA,NA
JxPath,22,12,90%,Ekstazi,27,0.0,NA,NA
JxPath,22,12,90%,FAST,27,0.7549019607843137,13,0.2549019607843137
JxPath,22,12,90%,Ekstazi+dpt,27,0.5784313725490196,22,0.43137254901960786
JxPath,22,12,90%,DPT,27,0.5588235294117647,23,0.45098039215686275
JxPath,22,12,90%,STARTS,27,0.5,26,0.5098039215686274
JxPath,22,12,90%,STARTS+FAST-S,27,0.8529411764705882,8,0.1568627450980392
JxPath,22,12,90%,STARTS+FAST-P,27,0.8333333333333333,9,0.17647058823529413
JxPath,22,12,90%,STARTS+DPT,27,0.5784313725490196,22,0.43137254901960786
JxPath,22,12,90%,Fastazi-S,27,0.8725490196078431,7,0.13725490196078433
JxPath,22,12,90%,Fastazi-P,27,0.8529411764705882,8,0.1568627450980392
JxPath,22,12,90%,Random,27,0.0,NA,NA
JxPath,22,12,100%,Ekstazi,30,0.4215686274509804,30,0.5882352941176471
JxPath,22,12,100%,FAST,30,0.7549019607843137,13,0.2549019607843137
JxPath,22,12,100%,Ekstazi+dpt,30,0.5784313725490196,22,0.43137254901960786
JxPath,22,12,100%,DPT,30,0.5588235294117647,23,0.45098039215686275
JxPath,22,12,100%,STARTS,30,0.5,26,0.5098039215686274
JxPath,22,12,100%,STARTS+FAST-S,30,0.8529411764705882,8,0.1568627450980392
JxPath,22,12,100%,STARTS+FAST-P,30,0.8333333333333333,9,0.17647058823529413
JxPath,22,12,100%,STARTS+DPT,30,0.5784313725490196,22,0.43137254901960786
JxPath,22,12,100%,Fastazi-S,30,0.8725490196078431,7,0.13725490196078433
JxPath,22,12,100%,Fastazi-P,30,0.8529411764705882,8,0.1568627450980392
JxPath,22,12,100%,Random,30,0.0,NA,NA
JxPath,22,13,10%,Ekstazi,3,0.9705882352941176,2,0.0392156862745098
JxPath,22,13,10%,FAST,3,0.0,NA,NA
JxPath,22,13,10%,Ekstazi+dpt,3,0.0,NA,NA
JxPath,22,13,10%,DPT,3,0.0,NA,NA
JxPath,22,13,10%,STARTS,3,0.0,NA,NA
JxPath,22,13,10%,STARTS+FAST-S,3,0.0,NA,NA
JxPath,22,13,10%,STARTS+FAST-P,3,0.0,NA,NA
JxPath,22,13,10%,STARTS+DPT,3,0.0,NA,NA
JxPath,22,13,10%,Fastazi-S,3,0.0,NA,NA
JxPath,22,13,10%,Fastazi-P,3,0.0,NA,NA
JxPath,22,13,10%,Random,3,0.0,NA,NA
JxPath,22,13,20%,Ekstazi,6,0.9705882352941176,2,0.0392156862745098
JxPath,22,13,20%,FAST,6,0.0,NA,NA
JxPath,22,13,20%,Ekstazi+dpt,6,0.0,NA,NA
JxPath,22,13,20%,DPT,6,0.0,NA,NA
JxPath,22,13,20%,STARTS,6,0.0,NA,NA
JxPath,22,13,20%,STARTS+FAST-S,6,0.0,NA,NA
JxPath,22,13,20%,STARTS+FAST-P,6,0.0,NA,NA
JxPath,22,13,20%,STARTS+DPT,6,0.0,NA,NA
JxPath,22,13,20%,Fastazi-S,6,0.0,NA,NA
JxPath,22,13,20%,Fastazi-P,6,0.0,NA,NA
JxPath,22,13,20%,Random,6,0.0,NA,NA
JxPath,22,13,25%,Ekstazi,7,0.9705882352941176,2,0.0392156862745098
JxPath,22,13,25%,FAST,7,0.0,NA,NA
JxPath,22,13,25%,Ekstazi+dpt,7,0.0,NA,NA
JxPath,22,13,25%,DPT,7,0.0,NA,NA
JxPath,22,13,25%,STARTS,7,0.0,NA,NA
JxPath,22,13,25%,STARTS+FAST-S,7,0.8725490196078431,7,0.13725490196078433
JxPath,22,13,25%,STARTS+FAST-P,7,0.0,NA,NA
JxPath,22,13,25%,STARTS+DPT,7,0.0,NA,NA
JxPath,22,13,25%,Fastazi-S,7,0.8725490196078431,7,0.13725490196078433
JxPath,22,13,25%,Fastazi-P,7,0.8725490196078431,7,0.13725490196078433
JxPath,22,13,25%,Random,7,0.0,NA,NA
JxPath,22,13,30%,Ekstazi,9,0.9705882352941176,2,0.0392156862745098
JxPath,22,13,30%,FAST,9,0.0,NA,NA
JxPath,22,13,30%,Ekstazi+dpt,9,0.0,NA,NA
JxPath,22,13,30%,DPT,9,0.0,NA,NA
JxPath,22,13,30%,STARTS,9,0.0,NA,NA
JxPath,22,13,30%,STARTS+FAST-S,9,0.8725490196078431,7,0.13725490196078433
JxPath,22,13,30%,STARTS+FAST-P,9,0.8333333333333333,9,0.17647058823529413
JxPath,22,13,30%,STARTS+DPT,9,0.0,NA,NA
JxPath,22,13,30%,Fastazi-S,9,0.8725490196078431,7,0.13725490196078433
JxPath,22,13,30%,Fastazi-P,9,0.8725490196078431,7,0.13725490196078433
JxPath,22,13,30%,Random,9,0.0,NA,NA
JxPath,22,13,40%,Ekstazi,12,0.9705882352941176,2,0.0392156862745098
JxPath,22,13,40%,FAST,12,0.7941176470588235,11,0.21568627450980393
JxPath,22,13,40%,Ekstazi+dpt,12,0.0,NA,NA
JxPath,22,13,40%,DPT,12,0.0,NA,NA
JxPath,22,13,40%,STARTS,12,0.0,NA,NA
JxPath,22,13,40%,STARTS+FAST-S,12,0.8725490196078431,7,0.13725490196078433
JxPath,22,13,40%,STARTS+FAST-P,12,0.8333333333333333,9,0.17647058823529413
JxPath,22,13,40%,STARTS+DPT,12,0.0,NA,NA
JxPath,22,13,40%,Fastazi-S,12,0.8725490196078431,7,0.13725490196078433
JxPath,22,13,40%,Fastazi-P,12,0.8725490196078431,7,0.13725490196078433
JxPath,22,13,40%,Random,12,0.0,NA,NA
JxPath,22,13,50%,Ekstazi,15,0.9705882352941176,2,0.0392156862745098
JxPath,22,13,50%,FAST,15,0.7941176470588235,11,0.21568627450980393
JxPath,22,13,50%,Ekstazi+dpt,15,0.0,NA,NA
JxPath,22,13,50%,DPT,15,0.0,NA,NA
JxPath,22,13,50%,STARTS,15,0.0,NA,NA
JxPath,22,13,50%,STARTS+FAST-S,15,0.8725490196078431,7,0.13725490196078433
JxPath,22,13,50%,STARTS+FAST-P,15,0.8333333333333333,9,0.17647058823529413
JxPath,22,13,50%,STARTS+DPT,15,0.0,NA,NA
JxPath,22,13,50%,Fastazi-S,15,0.8725490196078431,7,0.13725490196078433
JxPath,22,13,50%,Fastazi-P,15,0.8725490196078431,7,0.13725490196078433
JxPath,22,13,50%,Random,15,0.0,NA,NA
JxPath,22,13,60%,Ekstazi,18,0.9705882352941176,2,0.0392156862745098
JxPath,22,13,60%,FAST,18,0.7941176470588235,11,0.21568627450980393
JxPath,22,13,60%,Ekstazi+dpt,18,0.0,NA,NA
JxPath,22,13,60%,DPT,18,0.0,NA,NA
JxPath,22,13,60%,STARTS,18,0.0,NA,NA
JxPath,22,13,60%,STARTS+FAST-S,18,0.8725490196078431,7,0.13725490196078433
JxPath,22,13,60%,STARTS+FAST-P,18,0.8333333333333333,9,0.17647058823529413
JxPath,22,13,60%,STARTS+DPT,18,0.0,NA,NA
JxPath,22,13,60%,Fastazi-S,18,0.8725490196078431,7,0.13725490196078433
JxPath,22,13,60%,Fastazi-P,18,0.8725490196078431,7,0.13725490196078433
JxPath,22,13,60%,Random,18,0.0,NA,NA
JxPath,22,13,70%,Ekstazi,21,0.9705882352941176,2,0.0392156862745098
JxPath,22,13,70%,FAST,21,0.7941176470588235,11,0.21568627450980393
JxPath,22,13,70%,Ekstazi+dpt,21,0.0,NA,NA
JxPath,22,13,70%,DPT,21,0.0,NA,NA
JxPath,22,13,70%,STARTS,21,0.0,NA,NA
JxPath,22,13,70%,STARTS+FAST-S,21,0.8725490196078431,7,0.13725490196078433
JxPath,22,13,70%,STARTS+FAST-P,21,0.8333333333333333,9,0.17647058823529413
JxPath,22,13,70%,STARTS+DPT,21,0.0,NA,NA
JxPath,22,13,70%,Fastazi-S,21,0.8725490196078431,7,0.13725490196078433
JxPath,22,13,70%,Fastazi-P,21,0.8725490196078431,7,0.13725490196078433
JxPath,22,13,70%,Random,21,0.0,NA,NA
JxPath,22,13,75%,Ekstazi,22,0.9705882352941176,2,0.0392156862745098
JxPath,22,13,75%,FAST,22,0.7941176470588235,11,0.21568627450980393
JxPath,22,13,75%,Ekstazi+dpt,22,0.5784313725490196,22,0.43137254901960786
JxPath,22,13,75%,DPT,22,0.0,NA,NA
JxPath,22,13,75%,STARTS,22,0.0,NA,NA
JxPath,22,13,75%,STARTS+FAST-S,22,0.8725490196078431,7,0.13725490196078433
JxPath,22,13,75%,STARTS+FAST-P,22,0.8333333333333333,9,0.17647058823529413
JxPath,22,13,75%,STARTS+DPT,22,0.5784313725490196,22,0.43137254901960786
JxPath,22,13,75%,Fastazi-S,22,0.8725490196078431,7,0.13725490196078433
JxPath,22,13,75%,Fastazi-P,22,0.8725490196078431,7,0.13725490196078433
JxPath,22,13,75%,Random,22,0.0,NA,NA
JxPath,22,13,80%,Ekstazi,24,0.9705882352941176,2,0.0392156862745098
JxPath,22,13,80%,FAST,24,0.7941176470588235,11,0.21568627450980393
JxPath,22,13,80%,Ekstazi+dpt,24,0.5784313725490196,22,0.43137254901960786
JxPath,22,13,80%,DPT,24,0.5588235294117647,23,0.45098039215686275
JxPath,22,13,80%,STARTS,24,0.0,NA,NA
JxPath,22,13,80%,STARTS+FAST-S,24,0.8725490196078431,7,0.13725490196078433
JxPath,22,13,80%,STARTS+FAST-P,24,0.8333333333333333,9,0.17647058823529413
JxPath,22,13,80%,STARTS+DPT,24,0.5784313725490196,22,0.43137254901960786
JxPath,22,13,80%,Fastazi-S,24,0.8725490196078431,7,0.13725490196078433
JxPath,22,13,80%,Fastazi-P,24,0.8725490196078431,7,0.13725490196078433
JxPath,22,13,80%,Random,24,0.0,NA,NA
JxPath,22,13,90%,Ekstazi,27,0.9705882352941176,2,0.0392156862745098
JxPath,22,13,90%,FAST,27,0.7941176470588235,11,0.21568627450980393
JxPath,22,13,90%,Ekstazi+dpt,27,0.5784313725490196,22,0.43137254901960786
JxPath,22,13,90%,DPT,27,0.5588235294117647,23,0.45098039215686275
JxPath,22,13,90%,STARTS,27,0.0,NA,NA
JxPath,22,13,90%,STARTS+FAST-S,27,0.8725490196078431,7,0.13725490196078433
JxPath,22,13,90%,STARTS+FAST-P,27,0.8333333333333333,9,0.17647058823529413
JxPath,22,13,90%,STARTS+DPT,27,0.5784313725490196,22,0.43137254901960786
JxPath,22,13,90%,Fastazi-S,27,0.8725490196078431,7,0.13725490196078433
JxPath,22,13,90%,Fastazi-P,27,0.8725490196078431,7,0.13725490196078433
JxPath,22,13,90%,Random,27,0.0,NA,NA
JxPath,22,13,100%,Ekstazi,30,0.9705882352941176,2,0.0392156862745098
JxPath,22,13,100%,FAST,30,0.7941176470588235,11,0.21568627450980393
JxPath,22,13,100%,Ekstazi+dpt,30,0.5784313725490196,22,0.43137254901960786
JxPath,22,13,100%,DPT,30,0.5588235294117647,23,0.45098039215686275
JxPath,22,13,100%,STARTS,30,0.0,NA,NA
JxPath,22,13,100%,STARTS+FAST-S,30,0.8725490196078431,7,0.13725490196078433
JxPath,22,13,100%,STARTS+FAST-P,30,0.8333333333333333,9,0.17647058823529413
JxPath,22,13,100%,STARTS+DPT,30,0.5784313725490196,22,0.43137254901960786
JxPath,22,13,100%,Fastazi-S,30,0.8725490196078431,7,0.13725490196078433
JxPath,22,13,100%,Fastazi-P,30,0.8725490196078431,7,0.13725490196078433
JxPath,22,13,100%,Random,30,0.0,NA,NA
JxPath,22,14,10%,Ekstazi,3,0.0,NA,NA
JxPath,22,14,10%,FAST,3,0.0,NA,NA
JxPath,22,14,10%,Ekstazi+dpt,3,0.0,NA,NA
JxPath,22,14,10%,DPT,3,0.0,NA,NA
JxPath,22,14,10%,STARTS,3,0.0,NA,NA
JxPath,22,14,10%,STARTS+FAST-S,3,0.0,NA,NA
JxPath,22,14,10%,STARTS+FAST-P,3,0.0,NA,NA
JxPath,22,14,10%,STARTS+DPT,3,0.0,NA,NA
JxPath,22,14,10%,Fastazi-S,3,0.0,NA,NA
JxPath,22,14,10%,Fastazi-P,3,0.0,NA,NA
JxPath,22,14,10%,Random,3,0.0,NA,NA
JxPath,22,14,20%,Ekstazi,6,0.0,NA,NA
JxPath,22,14,20%,FAST,6,0.0,NA,NA
JxPath,22,14,20%,Ekstazi+dpt,6,0.0,NA,NA
JxPath,22,14,20%,DPT,6,0.0,NA,NA
JxPath,22,14,20%,STARTS,6,0.0,NA,NA
JxPath,22,14,20%,STARTS+FAST-S,6,0.0,NA,NA
JxPath,22,14,20%,STARTS+FAST-P,6,0.0,NA,NA
JxPath,22,14,20%,STARTS+DPT,6,0.0,NA,NA
JxPath,22,14,20%,Fastazi-S,6,0.0,NA,NA
JxPath,22,14,20%,Fastazi-P,6,0.0,NA,NA
JxPath,22,14,20%,Random,6,0.0,NA,NA
JxPath,22,14,25%,Ekstazi,7,0.8725490196078431,7,0.13725490196078433
JxPath,22,14,25%,FAST,7,0.0,NA,NA
JxPath,22,14,25%,Ekstazi+dpt,7,0.0,NA,NA
JxPath,22,14,25%,DPT,7,0.0,NA,NA
JxPath,22,14,25%,STARTS,7,0.0,NA,NA
JxPath,22,14,25%,STARTS+FAST-S,7,0.0,NA,NA
JxPath,22,14,25%,STARTS+FAST-P,7,0.0,NA,NA
JxPath,22,14,25%,STARTS+DPT,7,0.0,NA,NA
JxPath,22,14,25%,Fastazi-S,7,0.8725490196078431,7,0.13725490196078433
JxPath,22,14,25%,Fastazi-P,7,0.8725490196078431,7,0.13725490196078433
JxPath,22,14,25%,Random,7,0.0,NA,NA
JxPath,22,14,30%,Ekstazi,9,0.8725490196078431,7,0.13725490196078433
JxPath,22,14,30%,FAST,9,0.0,NA,NA
JxPath,22,14,30%,Ekstazi+dpt,9,0.0,NA,NA
JxPath,22,14,30%,DPT,9,0.0,NA,NA
JxPath,22,14,30%,STARTS,9,0.0,NA,NA
JxPath,22,14,30%,STARTS+FAST-S,9,0.8529411764705882,8,0.1568627450980392
JxPath,22,14,30%,STARTS+FAST-P,9,0.8529411764705882,8,0.1568627450980392
JxPath,22,14,30%,STARTS+DPT,9,0.0,NA,NA
JxPath,22,14,30%,Fastazi-S,9,0.8725490196078431,7,0.13725490196078433
JxPath,22,14,30%,Fastazi-P,9,0.8725490196078431,7,0.13725490196078433
JxPath,22,14,30%,Random,9,0.8333333333333333,9,0.17647058823529413
JxPath,22,14,40%,Ekstazi,12,0.8725490196078431,7,0.13725490196078433
JxPath,22,14,40%,FAST,12,0.7941176470588235,11,0.21568627450980393
JxPath,22,14,40%,Ekstazi+dpt,12,0.0,NA,NA
JxPath,22,14,40%,DPT,12,0.0,NA,NA
JxPath,22,14,40%,STARTS,12,0.0,NA,NA
JxPath,22,14,40%,STARTS+FAST-S,12,0.8529411764705882,8,0.1568627450980392
JxPath,22,14,40%,STARTS+FAST-P,12,0.8529411764705882,8,0.1568627450980392
JxPath,22,14,40%,STARTS+DPT,12,0.0,NA,NA
JxPath,22,14,40%,Fastazi-S,12,0.8725490196078431,7,0.13725490196078433
JxPath,22,14,40%,Fastazi-P,12,0.8725490196078431,7,0.13725490196078433
JxPath,22,14,40%,Random,12,0.8333333333333333,9,0.17647058823529413
JxPath,22,14,50%,Ekstazi,15,0.8725490196078431,7,0.13725490196078433
JxPath,22,14,50%,FAST,15,0.7941176470588235,11,0.21568627450980393
JxPath,22,14,50%,Ekstazi+dpt,15,0.0,NA,NA
JxPath,22,14,50%,DPT,15,0.0,NA,NA
JxPath,22,14,50%,STARTS,15,0.0,NA,NA
JxPath,22,14,50%,STARTS+FAST-S,15,0.8529411764705882,8,0.1568627450980392
JxPath,22,14,50%,STARTS+FAST-P,15,0.8529411764705882,8,0.1568627450980392
JxPath,22,14,50%,STARTS+DPT,15,0.0,NA,NA
JxPath,22,14,50%,Fastazi-S,15,0.8725490196078431,7,0.13725490196078433
JxPath,22,14,50%,Fastazi-P,15,0.8725490196078431,7,0.13725490196078433
JxPath,22,14,50%,Random,15,0.8333333333333333,9,0.17647058823529413
JxPath,22,14,60%,Ekstazi,18,0.8725490196078431,7,0.13725490196078433
JxPath,22,14,60%,FAST,18,0.7941176470588235,11,0.21568627450980393
JxPath,22,14,60%,Ekstazi+dpt,18,0.0,NA,NA
JxPath,22,14,60%,DPT,18,0.0,NA,NA
JxPath,22,14,60%,STARTS,18,0.0,NA,NA
JxPath,22,14,60%,STARTS+FAST-S,18,0.8529411764705882,8,0.1568627450980392
JxPath,22,14,60%,STARTS+FAST-P,18,0.8529411764705882,8,0.1568627450980392
JxPath,22,14,60%,STARTS+DPT,18,0.0,NA,NA
JxPath,22,14,60%,Fastazi-S,18,0.8725490196078431,7,0.13725490196078433
JxPath,22,14,60%,Fastazi-P,18,0.8725490196078431,7,0.13725490196078433
JxPath,22,14,60%,Random,18,0.8333333333333333,9,0.17647058823529413
JxPath,22,14,70%,Ekstazi,21,0.8725490196078431,7,0.13725490196078433
JxPath,22,14,70%,FAST,21,0.7941176470588235,11,0.21568627450980393
JxPath,22,14,70%,Ekstazi+dpt,21,0.0,NA,NA
JxPath,22,14,70%,DPT,21,0.0,NA,NA
JxPath,22,14,70%,STARTS,21,0.0,NA,NA
JxPath,22,14,70%,STARTS+FAST-S,21,0.8529411764705882,8,0.1568627450980392
JxPath,22,14,70%,STARTS+FAST-P,21,0.8529411764705882,8,0.1568627450980392
JxPath,22,14,70%,STARTS+DPT,21,0.0,NA,NA
JxPath,22,14,70%,Fastazi-S,21,0.8725490196078431,7,0.13725490196078433
JxPath,22,14,70%,Fastazi-P,21,0.8725490196078431,7,0.13725490196078433
JxPath,22,14,70%,Random,21,0.8333333333333333,9,0.17647058823529413
JxPath,22,14,75%,Ekstazi,22,0.8725490196078431,7,0.13725490196078433
JxPath,22,14,75%,FAST,22,0.7941176470588235,11,0.21568627450980393
JxPath,22,14,75%,Ekstazi+dpt,22,0.5784313725490196,22,0.43137254901960786
JxPath,22,14,75%,DPT,22,0.0,NA,NA
JxPath,22,14,75%,STARTS,22,0.0,NA,NA
JxPath,22,14,75%,STARTS+FAST-S,22,0.8529411764705882,8,0.1568627450980392
JxPath,22,14,75%,STARTS+FAST-P,22,0.8529411764705882,8,0.1568627450980392
JxPath,22,14,75%,STARTS+DPT,22,0.5784313725490196,22,0.43137254901960786
JxPath,22,14,75%,Fastazi-S,22,0.8725490196078431,7,0.13725490196078433
JxPath,22,14,75%,Fastazi-P,22,0.8725490196078431,7,0.13725490196078433
JxPath,22,14,75%,Random,22,0.8333333333333333,9,0.17647058823529413
JxPath,22,14,80%,Ekstazi,24,0.8725490196078431,7,0.13725490196078433
JxPath,22,14,80%,FAST,24,0.7941176470588235,11,0.21568627450980393
JxPath,22,14,80%,Ekstazi+dpt,24,0.5784313725490196,22,0.43137254901960786
JxPath,22,14,80%,DPT,24,0.5588235294117647,23,0.45098039215686275
JxPath,22,14,80%,STARTS,24,0.0,NA,NA
JxPath,22,14,80%,STARTS+FAST-S,24,0.8529411764705882,8,0.1568627450980392
JxPath,22,14,80%,STARTS+FAST-P,24,0.8529411764705882,8,0.1568627450980392
JxPath,22,14,80%,STARTS+DPT,24,0.5784313725490196,22,0.43137254901960786
JxPath,22,14,80%,Fastazi-S,24,0.8725490196078431,7,0.13725490196078433
JxPath,22,14,80%,Fastazi-P,24,0.8725490196078431,7,0.13725490196078433
JxPath,22,14,80%,Random,24,0.8333333333333333,9,0.17647058823529413
JxPath,22,14,90%,Ekstazi,27,0.8725490196078431,7,0.13725490196078433
JxPath,22,14,90%,FAST,27,0.7941176470588235,11,0.21568627450980393
JxPath,22,14,90%,Ekstazi+dpt,27,0.5784313725490196,22,0.43137254901960786
JxPath,22,14,90%,DPT,27,0.5588235294117647,23,0.45098039215686275
JxPath,22,14,90%,STARTS,27,0.0,NA,NA
JxPath,22,14,90%,STARTS+FAST-S,27,0.8529411764705882,8,0.1568627450980392
JxPath,22,14,90%,STARTS+FAST-P,27,0.8529411764705882,8,0.1568627450980392
JxPath,22,14,90%,STARTS+DPT,27,0.5784313725490196,22,0.43137254901960786
JxPath,22,14,90%,Fastazi-S,27,0.8725490196078431,7,0.13725490196078433
JxPath,22,14,90%,Fastazi-P,27,0.8725490196078431,7,0.13725490196078433
JxPath,22,14,90%,Random,27,0.8333333333333333,9,0.17647058823529413
JxPath,22,14,100%,Ekstazi,30,0.8725490196078431,7,0.13725490196078433
JxPath,22,14,100%,FAST,30,0.7941176470588235,11,0.21568627450980393
JxPath,22,14,100%,Ekstazi+dpt,30,0.5784313725490196,22,0.43137254901960786
JxPath,22,14,100%,DPT,30,0.5588235294117647,23,0.45098039215686275
JxPath,22,14,100%,STARTS,30,0.44117647058823534,29,0.5686274509803921
JxPath,22,14,100%,STARTS+FAST-S,30,0.8529411764705882,8,0.1568627450980392
JxPath,22,14,100%,STARTS+FAST-P,30,0.8529411764705882,8,0.1568627450980392
JxPath,22,14,100%,STARTS+DPT,30,0.5784313725490196,22,0.43137254901960786
JxPath,22,14,100%,Fastazi-S,30,0.8725490196078431,7,0.13725490196078433
JxPath,22,14,100%,Fastazi-P,30,0.8725490196078431,7,0.13725490196078433
JxPath,22,14,100%,Random,30,0.8333333333333333,9,0.17647058823529413
JxPath,22,15,10%,Ekstazi,3,0.0,NA,NA
JxPath,22,15,10%,FAST,3,0.0,NA,NA
JxPath,22,15,10%,Ekstazi+dpt,3,0.0,NA,NA
JxPath,22,15,10%,DPT,3,0.0,NA,NA
JxPath,22,15,10%,STARTS,3,0.0,NA,NA
JxPath,22,15,10%,STARTS+FAST-S,3,0.0,NA,NA
JxPath,22,15,10%,STARTS+FAST-P,3,0.9901960784313725,1,0.0196078431372549
JxPath,22,15,10%,STARTS+DPT,3,0.0,NA,NA
JxPath,22,15,10%,Fastazi-S,3,0.0,NA,NA
JxPath,22,15,10%,Fastazi-P,3,0.0,NA,NA
JxPath,22,15,10%,Random,3,0.0,NA,NA
JxPath,22,15,20%,Ekstazi,6,0.0,NA,NA
JxPath,22,15,20%,FAST,6,0.0,NA,NA
JxPath,22,15,20%,Ekstazi+dpt,6,0.0,NA,NA
JxPath,22,15,20%,DPT,6,0.0,NA,NA
JxPath,22,15,20%,STARTS,6,0.0,NA,NA
JxPath,22,15,20%,STARTS+FAST-S,6,0.0,NA,NA
JxPath,22,15,20%,STARTS+FAST-P,6,0.9901960784313725,1,0.0196078431372549
JxPath,22,15,20%,STARTS+DPT,6,0.0,NA,NA
JxPath,22,15,20%,Fastazi-S,6,0.0,NA,NA
JxPath,22,15,20%,Fastazi-P,6,0.0,NA,NA
JxPath,22,15,20%,Random,6,0.0,NA,NA
JxPath,22,15,25%,Ekstazi,7,0.0,NA,NA
JxPath,22,15,25%,FAST,7,0.0,NA,NA
JxPath,22,15,25%,Ekstazi+dpt,7,0.0,NA,NA
JxPath,22,15,25%,DPT,7,0.0,NA,NA
JxPath,22,15,25%,STARTS,7,0.0,NA,NA
JxPath,22,15,25%,STARTS+FAST-S,7,0.8725490196078431,7,0.13725490196078433
JxPath,22,15,25%,STARTS+FAST-P,7,0.9901960784313725,1,0.0196078431372549
JxPath,22,15,25%,STARTS+DPT,7,0.0,NA,NA
JxPath,22,15,25%,Fastazi-S,7,0.0,NA,NA
JxPath,22,15,25%,Fastazi-P,7,0.0,NA,NA
JxPath,22,15,25%,Random,7,0.0,NA,NA
JxPath,22,15,30%,Ekstazi,9,0.0,NA,NA
JxPath,22,15,30%,FAST,9,0.0,NA,NA
JxPath,22,15,30%,Ekstazi+dpt,9,0.0,NA,NA
JxPath,22,15,30%,DPT,9,0.0,NA,NA
JxPath,22,15,30%,STARTS,9,0.0,NA,NA
JxPath,22,15,30%,STARTS+FAST-S,9,0.8725490196078431,7,0.13725490196078433
JxPath,22,15,30%,STARTS+FAST-P,9,0.9901960784313725,1,0.0196078431372549
JxPath,22,15,30%,STARTS+DPT,9,0.0,NA,NA
JxPath,22,15,30%,Fastazi-S,9,0.0,NA,NA
JxPath,22,15,30%,Fastazi-P,9,0.8529411764705882,8,0.1568627450980392
JxPath,22,15,30%,Random,9,0.0,NA,NA
JxPath,22,15,40%,Ekstazi,12,0.0,NA,NA
JxPath,22,15,40%,FAST,12,0.0,NA,NA
JxPath,22,15,40%,Ekstazi+dpt,12,0.0,NA,NA
JxPath,22,15,40%,DPT,12,0.0,NA,NA
JxPath,22,15,40%,STARTS,12,0.0,NA,NA
JxPath,22,15,40%,STARTS+FAST-S,12,0.8725490196078431,7,0.13725490196078433
JxPath,22,15,40%,STARTS+FAST-P,12,0.9901960784313725,1,0.0196078431372549
JxPath,22,15,40%,STARTS+DPT,12,0.0,NA,NA
JxPath,22,15,40%,Fastazi-S,12,0.8137254901960784,10,0.19607843137254902
JxPath,22,15,40%,Fastazi-P,12,0.8529411764705882,8,0.1568627450980392
JxPath,22,15,40%,Random,12,0.0,NA,NA
JxPath,22,15,50%,Ekstazi,15,0.7352941176470588,14,0.27450980392156865
JxPath,22,15,50%,FAST,15,0.7549019607843137,13,0.2549019607843137
JxPath,22,15,50%,Ekstazi+dpt,15,0.0,NA,NA
JxPath,22,15,50%,DPT,15,0.0,NA,NA
JxPath,22,15,50%,STARTS,15,0.0,NA,NA
JxPath,22,15,50%,STARTS+FAST-S,15,0.8725490196078431,7,0.13725490196078433
JxPath,22,15,50%,STARTS+FAST-P,15,0.9901960784313725,1,0.0196078431372549
JxPath,22,15,50%,STARTS+DPT,15,0.0,NA,NA
JxPath,22,15,50%,Fastazi-S,15,0.8137254901960784,10,0.19607843137254902
JxPath,22,15,50%,Fastazi-P,15,0.8529411764705882,8,0.1568627450980392
JxPath,22,15,50%,Random,15,0.0,NA,NA
JxPath,22,15,60%,Ekstazi,18,0.7352941176470588,14,0.27450980392156865
JxPath,22,15,60%,FAST,18,0.7549019607843137,13,0.2549019607843137
JxPath,22,15,60%,Ekstazi+dpt,18,0.0,NA,NA
JxPath,22,15,60%,DPT,18,0.0,NA,NA
JxPath,22,15,60%,STARTS,18,0.0,NA,NA
JxPath,22,15,60%,STARTS+FAST-S,18,0.8725490196078431,7,0.13725490196078433
JxPath,22,15,60%,STARTS+FAST-P,18,0.9901960784313725,1,0.0196078431372549
JxPath,22,15,60%,STARTS+DPT,18,0.0,NA,NA
JxPath,22,15,60%,Fastazi-S,18,0.8137254901960784,10,0.19607843137254902
JxPath,22,15,60%,Fastazi-P,18,0.8529411764705882,8,0.1568627450980392
JxPath,22,15,60%,Random,18,0.6568627450980391,18,0.35294117647058826
JxPath,22,15,70%,Ekstazi,21,0.7352941176470588,14,0.27450980392156865
JxPath,22,15,70%,FAST,21,0.7549019607843137,13,0.2549019607843137
JxPath,22,15,70%,Ekstazi+dpt,21,0.0,NA,NA
JxPath,22,15,70%,DPT,21,0.0,NA,NA
JxPath,22,15,70%,STARTS,21,0.0,NA,NA
JxPath,22,15,70%,STARTS+FAST-S,21,0.8725490196078431,7,0.13725490196078433
JxPath,22,15,70%,STARTS+FAST-P,21,0.9901960784313725,1,0.0196078431372549
JxPath,22,15,70%,STARTS+DPT,21,0.0,NA,NA
JxPath,22,15,70%,Fastazi-S,21,0.8137254901960784,10,0.19607843137254902
JxPath,22,15,70%,Fastazi-P,21,0.8529411764705882,8,0.1568627450980392
JxPath,22,15,70%,Random,21,0.6568627450980391,18,0.35294117647058826
JxPath,22,15,75%,Ekstazi,22,0.7352941176470588,14,0.27450980392156865
JxPath,22,15,75%,FAST,22,0.7549019607843137,13,0.2549019607843137
JxPath,22,15,75%,Ekstazi+dpt,22,0.5784313725490196,22,0.43137254901960786
JxPath,22,15,75%,DPT,22,0.0,NA,NA
JxPath,22,15,75%,STARTS,22,0.0,NA,NA
JxPath,22,15,75%,STARTS+FAST-S,22,0.8725490196078431,7,0.13725490196078433
JxPath,22,15,75%,STARTS+FAST-P,22,0.9901960784313725,1,0.0196078431372549
JxPath,22,15,75%,STARTS+DPT,22,0.5784313725490196,22,0.43137254901960786
JxPath,22,15,75%,Fastazi-S,22,0.8137254901960784,10,0.19607843137254902
JxPath,22,15,75%,Fastazi-P,22,0.8529411764705882,8,0.1568627450980392
JxPath,22,15,75%,Random,22,0.6568627450980391,18,0.35294117647058826
JxPath,22,15,80%,Ekstazi,24,0.7352941176470588,14,0.27450980392156865
JxPath,22,15,80%,FAST,24,0.7549019607843137,13,0.2549019607843137
JxPath,22,15,80%,Ekstazi+dpt,24,0.5784313725490196,22,0.43137254901960786
JxPath,22,15,80%,DPT,24,0.5588235294117647,23,0.45098039215686275
JxPath,22,15,80%,STARTS,24,0.0,NA,NA
JxPath,22,15,80%,STARTS+FAST-S,24,0.8725490196078431,7,0.13725490196078433
JxPath,22,15,80%,STARTS+FAST-P,24,0.9901960784313725,1,0.0196078431372549
JxPath,22,15,80%,STARTS+DPT,24,0.5784313725490196,22,0.43137254901960786
JxPath,22,15,80%,Fastazi-S,24,0.8137254901960784,10,0.19607843137254902
JxPath,22,15,80%,Fastazi-P,24,0.8529411764705882,8,0.1568627450980392
JxPath,22,15,80%,Random,24,0.6568627450980391,18,0.35294117647058826
JxPath,22,15,90%,Ekstazi,27,0.7352941176470588,14,0.27450980392156865
JxPath,22,15,90%,FAST,27,0.7549019607843137,13,0.2549019607843137
JxPath,22,15,90%,Ekstazi+dpt,27,0.5784313725490196,22,0.43137254901960786
JxPath,22,15,90%,DPT,27,0.5588235294117647,23,0.45098039215686275
JxPath,22,15,90%,STARTS,27,0.0,NA,NA
JxPath,22,15,90%,STARTS+FAST-S,27,0.8725490196078431,7,0.13725490196078433
JxPath,22,15,90%,STARTS+FAST-P,27,0.9901960784313725,1,0.0196078431372549
JxPath,22,15,90%,STARTS+DPT,27,0.5784313725490196,22,0.43137254901960786
JxPath,22,15,90%,Fastazi-S,27,0.8137254901960784,10,0.19607843137254902
JxPath,22,15,90%,Fastazi-P,27,0.8529411764705882,8,0.1568627450980392
JxPath,22,15,90%,Random,27,0.6568627450980391,18,0.35294117647058826
JxPath,22,15,100%,Ekstazi,30,0.7352941176470588,14,0.27450980392156865
JxPath,22,15,100%,FAST,30,0.7549019607843137,13,0.2549019607843137
JxPath,22,15,100%,Ekstazi+dpt,30,0.5784313725490196,22,0.43137254901960786
JxPath,22,15,100%,DPT,30,0.5588235294117647,23,0.45098039215686275
JxPath,22,15,100%,STARTS,30,0.4215686274509804,30,0.5882352941176471
JxPath,22,15,100%,STARTS+FAST-S,30,0.8725490196078431,7,0.13725490196078433
JxPath,22,15,100%,STARTS+FAST-P,30,0.9901960784313725,1,0.0196078431372549
JxPath,22,15,100%,STARTS+DPT,30,0.5784313725490196,22,0.43137254901960786
JxPath,22,15,100%,Fastazi-S,30,0.8137254901960784,10,0.19607843137254902
JxPath,22,15,100%,Fastazi-P,30,0.8529411764705882,8,0.1568627450980392
JxPath,22,15,100%,Random,30,0.6568627450980391,18,0.35294117647058826
JxPath,22,16,10%,Ekstazi,3,0.0,NA,NA
JxPath,22,16,10%,FAST,3,0.0,NA,NA
JxPath,22,16,10%,Ekstazi+dpt,3,0.0,NA,NA
JxPath,22,16,10%,DPT,3,0.0,NA,NA
JxPath,22,16,10%,STARTS,3,0.0,NA,NA
JxPath,22,16,10%,STARTS+FAST-S,3,0.0,NA,NA
JxPath,22,16,10%,STARTS+FAST-P,3,0.0,NA,NA
JxPath,22,16,10%,STARTS+DPT,3,0.0,NA,NA
JxPath,22,16,10%,Fastazi-S,3,0.0,NA,NA
JxPath,22,16,10%,Fastazi-P,3,0.0,NA,NA
JxPath,22,16,10%,Random,3,0.0,NA,NA
JxPath,22,16,20%,Ekstazi,6,0.0,NA,NA
JxPath,22,16,20%,FAST,6,0.0,NA,NA
JxPath,22,16,20%,Ekstazi+dpt,6,0.0,NA,NA
JxPath,22,16,20%,DPT,6,0.0,NA,NA
JxPath,22,16,20%,STARTS,6,0.0,NA,NA
JxPath,22,16,20%,STARTS+FAST-S,6,0.0,NA,NA
JxPath,22,16,20%,STARTS+FAST-P,6,0.0,NA,NA
JxPath,22,16,20%,STARTS+DPT,6,0.0,NA,NA
JxPath,22,16,20%,Fastazi-S,6,0.0,NA,NA
JxPath,22,16,20%,Fastazi-P,6,0.0,NA,NA
JxPath,22,16,20%,Random,6,0.0,NA,NA
JxPath,22,16,25%,Ekstazi,7,0.0,NA,NA
JxPath,22,16,25%,FAST,7,0.0,NA,NA
JxPath,22,16,25%,Ekstazi+dpt,7,0.0,NA,NA
JxPath,22,16,25%,DPT,7,0.0,NA,NA
JxPath,22,16,25%,STARTS,7,0.0,NA,NA
JxPath,22,16,25%,STARTS+FAST-S,7,0.8725490196078431,7,0.13725490196078433
JxPath,22,16,25%,STARTS+FAST-P,7,0.0,NA,NA
JxPath,22,16,25%,STARTS+DPT,7,0.0,NA,NA
JxPath,22,16,25%,Fastazi-S,7,0.0,NA,NA
JxPath,22,16,25%,Fastazi-P,7,0.0,NA,NA
JxPath,22,16,25%,Random,7,0.0,NA,NA
JxPath,22,16,30%,Ekstazi,9,0.8333333333333333,9,0.17647058823529413
JxPath,22,16,30%,FAST,9,0.0,NA,NA
JxPath,22,16,30%,Ekstazi+dpt,9,0.0,NA,NA
JxPath,22,16,30%,DPT,9,0.0,NA,NA
JxPath,22,16,30%,STARTS,9,0.0,NA,NA
JxPath,22,16,30%,STARTS+FAST-S,9,0.8725490196078431,7,0.13725490196078433
JxPath,22,16,30%,STARTS+FAST-P,9,0.8529411764705882,8,0.1568627450980392
JxPath,22,16,30%,STARTS+DPT,9,0.0,NA,NA
JxPath,22,16,30%,Fastazi-S,9,0.8529411764705882,8,0.1568627450980392
JxPath,22,16,30%,Fastazi-P,9,0.8529411764705882,8,0.1568627450980392
JxPath,22,16,30%,Random,9,0.0,NA,NA
JxPath,22,16,40%,Ekstazi,12,0.8333333333333333,9,0.17647058823529413
JxPath,22,16,40%,FAST,12,0.7745098039215685,12,0.23529411764705882
JxPath,22,16,40%,Ekstazi+dpt,12,0.0,NA,NA
JxPath,22,16,40%,DPT,12,0.0,NA,NA
JxPath,22,16,40%,STARTS,12,0.0,NA,NA
JxPath,22,16,40%,STARTS+FAST-S,12,0.8725490196078431,7,0.13725490196078433
JxPath,22,16,40%,STARTS+FAST-P,12,0.8529411764705882,8,0.1568627450980392
JxPath,22,16,40%,STARTS+DPT,12,0.0,NA,NA
JxPath,22,16,40%,Fastazi-S,12,0.8529411764705882,8,0.1568627450980392
JxPath,22,16,40%,Fastazi-P,12,0.8529411764705882,8,0.1568627450980392
JxPath,22,16,40%,Random,12,0.0,NA,NA
JxPath,22,16,50%,Ekstazi,15,0.8333333333333333,9,0.17647058823529413
JxPath,22,16,50%,FAST,15,0.7745098039215685,12,0.23529411764705882
JxPath,22,16,50%,Ekstazi+dpt,15,0.0,NA,NA
JxPath,22,16,50%,DPT,15,0.0,NA,NA
JxPath,22,16,50%,STARTS,15,0.0,NA,NA
JxPath,22,16,50%,STARTS+FAST-S,15,0.8725490196078431,7,0.13725490196078433
JxPath,22,16,50%,STARTS+FAST-P,15,0.8529411764705882,8,0.1568627450980392
JxPath,22,16,50%,STARTS+DPT,15,0.0,NA,NA
JxPath,22,16,50%,Fastazi-S,15,0.8529411764705882,8,0.1568627450980392
JxPath,22,16,50%,Fastazi-P,15,0.8529411764705882,8,0.1568627450980392
JxPath,22,16,50%,Random,15,0.0,NA,NA
JxPath,22,16,60%,Ekstazi,18,0.8333333333333333,9,0.17647058823529413
JxPath,22,16,60%,FAST,18,0.7745098039215685,12,0.23529411764705882
JxPath,22,16,60%,Ekstazi+dpt,18,0.0,NA,NA
JxPath,22,16,60%,DPT,18,0.0,NA,NA
JxPath,22,16,60%,STARTS,18,0.0,NA,NA
JxPath,22,16,60%,STARTS+FAST-S,18,0.8725490196078431,7,0.13725490196078433
JxPath,22,16,60%,STARTS+FAST-P,18,0.8529411764705882,8,0.1568627450980392
JxPath,22,16,60%,STARTS+DPT,18,0.0,NA,NA
JxPath,22,16,60%,Fastazi-S,18,0.8529411764705882,8,0.1568627450980392
JxPath,22,16,60%,Fastazi-P,18,0.8529411764705882,8,0.1568627450980392
JxPath,22,16,60%,Random,18,0.0,NA,NA
JxPath,22,16,70%,Ekstazi,21,0.8333333333333333,9,0.17647058823529413
JxPath,22,16,70%,FAST,21,0.7745098039215685,12,0.23529411764705882
JxPath,22,16,70%,Ekstazi+dpt,21,0.0,NA,NA
JxPath,22,16,70%,DPT,21,0.0,NA,NA
JxPath,22,16,70%,STARTS,21,0.0,NA,NA
JxPath,22,16,70%,STARTS+FAST-S,21,0.8725490196078431,7,0.13725490196078433
JxPath,22,16,70%,STARTS+FAST-P,21,0.8529411764705882,8,0.1568627450980392
JxPath,22,16,70%,STARTS+DPT,21,0.0,NA,NA
JxPath,22,16,70%,Fastazi-S,21,0.8529411764705882,8,0.1568627450980392
JxPath,22,16,70%,Fastazi-P,21,0.8529411764705882,8,0.1568627450980392
JxPath,22,16,70%,Random,21,0.0,NA,NA
JxPath,22,16,75%,Ekstazi,22,0.8333333333333333,9,0.17647058823529413
JxPath,22,16,75%,FAST,22,0.7745098039215685,12,0.23529411764705882
JxPath,22,16,75%,Ekstazi+dpt,22,0.5784313725490196,22,0.43137254901960786
JxPath,22,16,75%,DPT,22,0.0,NA,NA
JxPath,22,16,75%,STARTS,22,0.0,NA,NA
JxPath,22,16,75%,STARTS+FAST-S,22,0.8725490196078431,7,0.13725490196078433
JxPath,22,16,75%,STARTS+FAST-P,22,0.8529411764705882,8,0.1568627450980392
JxPath,22,16,75%,STARTS+DPT,22,0.5784313725490196,22,0.43137254901960786
JxPath,22,16,75%,Fastazi-S,22,0.8529411764705882,8,0.1568627450980392
JxPath,22,16,75%,Fastazi-P,22,0.8529411764705882,8,0.1568627450980392
JxPath,22,16,75%,Random,22,0.0,NA,NA
JxPath,22,16,80%,Ekstazi,24,0.8333333333333333,9,0.17647058823529413
JxPath,22,16,80%,FAST,24,0.7745098039215685,12,0.23529411764705882
JxPath,22,16,80%,Ekstazi+dpt,24,0.5784313725490196,22,0.43137254901960786
JxPath,22,16,80%,DPT,24,0.5588235294117647,23,0.45098039215686275
JxPath,22,16,80%,STARTS,24,0.0,NA,NA
JxPath,22,16,80%,STARTS+FAST-S,24,0.8725490196078431,7,0.13725490196078433
JxPath,22,16,80%,STARTS+FAST-P,24,0.8529411764705882,8,0.1568627450980392
JxPath,22,16,80%,STARTS+DPT,24,0.5784313725490196,22,0.43137254901960786
JxPath,22,16,80%,Fastazi-S,24,0.8529411764705882,8,0.1568627450980392
JxPath,22,16,80%,Fastazi-P,24,0.8529411764705882,8,0.1568627450980392
JxPath,22,16,80%,Random,24,0.0,NA,NA
JxPath,22,16,90%,Ekstazi,27,0.8333333333333333,9,0.17647058823529413
JxPath,22,16,90%,FAST,27,0.7745098039215685,12,0.23529411764705882
JxPath,22,16,90%,Ekstazi+dpt,27,0.5784313725490196,22,0.43137254901960786
JxPath,22,16,90%,DPT,27,0.5588235294117647,23,0.45098039215686275
JxPath,22,16,90%,STARTS,27,0.5,26,0.5098039215686274
JxPath,22,16,90%,STARTS+FAST-S,27,0.8725490196078431,7,0.13725490196078433
JxPath,22,16,90%,STARTS+FAST-P,27,0.8529411764705882,8,0.1568627450980392
JxPath,22,16,90%,STARTS+DPT,27,0.5784313725490196,22,0.43137254901960786
JxPath,22,16,90%,Fastazi-S,27,0.8529411764705882,8,0.1568627450980392
JxPath,22,16,90%,Fastazi-P,27,0.8529411764705882,8,0.1568627450980392
JxPath,22,16,90%,Random,27,0.0,NA,NA
JxPath,22,16,100%,Ekstazi,30,0.8333333333333333,9,0.17647058823529413
JxPath,22,16,100%,FAST,30,0.7745098039215685,12,0.23529411764705882
JxPath,22,16,100%,Ekstazi+dpt,30,0.5784313725490196,22,0.43137254901960786
JxPath,22,16,100%,DPT,30,0.5588235294117647,23,0.45098039215686275
JxPath,22,16,100%,STARTS,30,0.5,26,0.5098039215686274
JxPath,22,16,100%,STARTS+FAST-S,30,0.8725490196078431,7,0.13725490196078433
JxPath,22,16,100%,STARTS+FAST-P,30,0.8529411764705882,8,0.1568627450980392
JxPath,22,16,100%,STARTS+DPT,30,0.5784313725490196,22,0.43137254901960786
JxPath,22,16,100%,Fastazi-S,30,0.8529411764705882,8,0.1568627450980392
JxPath,22,16,100%,Fastazi-P,30,0.8529411764705882,8,0.1568627450980392
JxPath,22,16,100%,Random,30,0.0,NA,NA
JxPath,22,17,10%,Ekstazi,3,0.0,NA,NA
JxPath,22,17,10%,FAST,3,0.0,NA,NA
JxPath,22,17,10%,Ekstazi+dpt,3,0.0,NA,NA
JxPath,22,17,10%,DPT,3,0.0,NA,NA
JxPath,22,17,10%,STARTS,3,0.0,NA,NA
JxPath,22,17,10%,STARTS+FAST-S,3,0.0,NA,NA
JxPath,22,17,10%,STARTS+FAST-P,3,0.9705882352941176,2,0.0392156862745098
JxPath,22,17,10%,STARTS+DPT,3,0.0,NA,NA
JxPath,22,17,10%,Fastazi-S,3,0.0,NA,NA
JxPath,22,17,10%,Fastazi-P,3,0.0,NA,NA
JxPath,22,17,10%,Random,3,0.0,NA,NA
JxPath,22,17,20%,Ekstazi,6,0.892156862745098,6,0.11764705882352941
JxPath,22,17,20%,FAST,6,0.0,NA,NA
JxPath,22,17,20%,Ekstazi+dpt,6,0.0,NA,NA
JxPath,22,17,20%,DPT,6,0.0,NA,NA
JxPath,22,17,20%,STARTS,6,0.0,NA,NA
JxPath,22,17,20%,STARTS+FAST-S,6,0.0,NA,NA
JxPath,22,17,20%,STARTS+FAST-P,6,0.9705882352941176,2,0.0392156862745098
JxPath,22,17,20%,STARTS+DPT,6,0.0,NA,NA
JxPath,22,17,20%,Fastazi-S,6,0.0,NA,NA
JxPath,22,17,20%,Fastazi-P,6,0.0,NA,NA
JxPath,22,17,20%,Random,6,0.0,NA,NA
JxPath,22,17,25%,Ekstazi,7,0.892156862745098,6,0.11764705882352941
JxPath,22,17,25%,FAST,7,0.0,NA,NA
JxPath,22,17,25%,Ekstazi+dpt,7,0.0,NA,NA
JxPath,22,17,25%,DPT,7,0.0,NA,NA
JxPath,22,17,25%,STARTS,7,0.0,NA,NA
JxPath,22,17,25%,STARTS+FAST-S,7,0.8725490196078431,7,0.13725490196078433
JxPath,22,17,25%,STARTS+FAST-P,7,0.9705882352941176,2,0.0392156862745098
JxPath,22,17,25%,STARTS+DPT,7,0.0,NA,NA
JxPath,22,17,25%,Fastazi-S,7,0.0,NA,NA
JxPath,22,17,25%,Fastazi-P,7,0.0,NA,NA
JxPath,22,17,25%,Random,7,0.0,NA,NA
JxPath,22,17,30%,Ekstazi,9,0.892156862745098,6,0.11764705882352941
JxPath,22,17,30%,FAST,9,0.0,NA,NA
JxPath,22,17,30%,Ekstazi+dpt,9,0.0,NA,NA
JxPath,22,17,30%,DPT,9,0.0,NA,NA
JxPath,22,17,30%,STARTS,9,0.0,NA,NA
JxPath,22,17,30%,STARTS+FAST-S,9,0.8725490196078431,7,0.13725490196078433
JxPath,22,17,30%,STARTS+FAST-P,9,0.9705882352941176,2,0.0392156862745098
JxPath,22,17,30%,STARTS+DPT,9,0.0,NA,NA
JxPath,22,17,30%,Fastazi-S,9,0.0,NA,NA
JxPath,22,17,30%,Fastazi-P,9,0.8529411764705882,8,0.1568627450980392
JxPath,22,17,30%,Random,9,0.0,NA,NA
JxPath,22,17,40%,Ekstazi,12,0.892156862745098,6,0.11764705882352941
JxPath,22,17,40%,FAST,12,0.7745098039215685,12,0.23529411764705882
JxPath,22,17,40%,Ekstazi+dpt,12,0.0,NA,NA
JxPath,22,17,40%,DPT,12,0.0,NA,NA
JxPath,22,17,40%,STARTS,12,0.0,NA,NA
JxPath,22,17,40%,STARTS+FAST-S,12,0.8725490196078431,7,0.13725490196078433
JxPath,22,17,40%,STARTS+FAST-P,12,0.9705882352941176,2,0.0392156862745098
JxPath,22,17,40%,STARTS+DPT,12,0.0,NA,NA
JxPath,22,17,40%,Fastazi-S,12,0.8137254901960784,10,0.19607843137254902
JxPath,22,17,40%,Fastazi-P,12,0.8529411764705882,8,0.1568627450980392
JxPath,22,17,40%,Random,12,0.0,NA,NA
JxPath,22,17,50%,Ekstazi,15,0.892156862745098,6,0.11764705882352941
JxPath,22,17,50%,FAST,15,0.7745098039215685,12,0.23529411764705882
JxPath,22,17,50%,Ekstazi+dpt,15,0.0,NA,NA
JxPath,22,17,50%,DPT,15,0.0,NA,NA
JxPath,22,17,50%,STARTS,15,0.0,NA,NA
JxPath,22,17,50%,STARTS+FAST-S,15,0.8725490196078431,7,0.13725490196078433
JxPath,22,17,50%,STARTS+FAST-P,15,0.9705882352941176,2,0.0392156862745098
JxPath,22,17,50%,STARTS+DPT,15,0.0,NA,NA
JxPath,22,17,50%,Fastazi-S,15,0.8137254901960784,10,0.19607843137254902
JxPath,22,17,50%,Fastazi-P,15,0.8529411764705882,8,0.1568627450980392
JxPath,22,17,50%,Random,15,0.0,NA,NA
JxPath,22,17,60%,Ekstazi,18,0.892156862745098,6,0.11764705882352941
JxPath,22,17,60%,FAST,18,0.7745098039215685,12,0.23529411764705882
JxPath,22,17,60%,Ekstazi+dpt,18,0.0,NA,NA
JxPath,22,17,60%,DPT,18,0.0,NA,NA
JxPath,22,17,60%,STARTS,18,0.0,NA,NA
JxPath,22,17,60%,STARTS+FAST-S,18,0.8725490196078431,7,0.13725490196078433
JxPath,22,17,60%,STARTS+FAST-P,18,0.9705882352941176,2,0.0392156862745098
JxPath,22,17,60%,STARTS+DPT,18,0.0,NA,NA
JxPath,22,17,60%,Fastazi-S,18,0.8137254901960784,10,0.19607843137254902
JxPath,22,17,60%,Fastazi-P,18,0.8529411764705882,8,0.1568627450980392
JxPath,22,17,60%,Random,18,0.0,NA,NA
JxPath,22,17,70%,Ekstazi,21,0.892156862745098,6,0.11764705882352941
JxPath,22,17,70%,FAST,21,0.7745098039215685,12,0.23529411764705882
JxPath,22,17,70%,Ekstazi+dpt,21,0.0,NA,NA
JxPath,22,17,70%,DPT,21,0.0,NA,NA
JxPath,22,17,70%,STARTS,21,0.6176470588235294,20,0.39215686274509803
JxPath,22,17,70%,STARTS+FAST-S,21,0.8725490196078431,7,0.13725490196078433
JxPath,22,17,70%,STARTS+FAST-P,21,0.9705882352941176,2,0.0392156862745098
JxPath,22,17,70%,STARTS+DPT,21,0.0,NA,NA
JxPath,22,17,70%,Fastazi-S,21,0.8137254901960784,10,0.19607843137254902
JxPath,22,17,70%,Fastazi-P,21,0.8529411764705882,8,0.1568627450980392
JxPath,22,17,70%,Random,21,0.0,NA,NA
JxPath,22,17,75%,Ekstazi,22,0.892156862745098,6,0.11764705882352941
JxPath,22,17,75%,FAST,22,0.7745098039215685,12,0.23529411764705882
JxPath,22,17,75%,Ekstazi+dpt,22,0.5784313725490196,22,0.43137254901960786
JxPath,22,17,75%,DPT,22,0.0,NA,NA
JxPath,22,17,75%,STARTS,22,0.6176470588235294,20,0.39215686274509803
JxPath,22,17,75%,STARTS+FAST-S,22,0.8725490196078431,7,0.13725490196078433
JxPath,22,17,75%,STARTS+FAST-P,22,0.9705882352941176,2,0.0392156862745098
JxPath,22,17,75%,STARTS+DPT,22,0.5784313725490196,22,0.43137254901960786
JxPath,22,17,75%,Fastazi-S,22,0.8137254901960784,10,0.19607843137254902
JxPath,22,17,75%,Fastazi-P,22,0.8529411764705882,8,0.1568627450980392
JxPath,22,17,75%,Random,22,0.0,NA,NA
JxPath,22,17,80%,Ekstazi,24,0.892156862745098,6,0.11764705882352941
JxPath,22,17,80%,FAST,24,0.7745098039215685,12,0.23529411764705882
JxPath,22,17,80%,Ekstazi+dpt,24,0.5784313725490196,22,0.43137254901960786
JxPath,22,17,80%,DPT,24,0.5588235294117647,23,0.45098039215686275
JxPath,22,17,80%,STARTS,24,0.6176470588235294,20,0.39215686274509803
JxPath,22,17,80%,STARTS+FAST-S,24,0.8725490196078431,7,0.13725490196078433
JxPath,22,17,80%,STARTS+FAST-P,24,0.9705882352941176,2,0.0392156862745098
JxPath,22,17,80%,STARTS+DPT,24,0.5784313725490196,22,0.43137254901960786
JxPath,22,17,80%,Fastazi-S,24,0.8137254901960784,10,0.19607843137254902
JxPath,22,17,80%,Fastazi-P,24,0.8529411764705882,8,0.1568627450980392
JxPath,22,17,80%,Random,24,0.0,NA,NA
JxPath,22,17,90%,Ekstazi,27,0.892156862745098,6,0.11764705882352941
JxPath,22,17,90%,FAST,27,0.7745098039215685,12,0.23529411764705882
JxPath,22,17,90%,Ekstazi+dpt,27,0.5784313725490196,22,0.43137254901960786
JxPath,22,17,90%,DPT,27,0.5588235294117647,23,0.45098039215686275
JxPath,22,17,90%,STARTS,27,0.6176470588235294,20,0.39215686274509803
JxPath,22,17,90%,STARTS+FAST-S,27,0.8725490196078431,7,0.13725490196078433
JxPath,22,17,90%,STARTS+FAST-P,27,0.9705882352941176,2,0.0392156862745098
JxPath,22,17,90%,STARTS+DPT,27,0.5784313725490196,22,0.43137254901960786
JxPath,22,17,90%,Fastazi-S,27,0.8137254901960784,10,0.19607843137254902
JxPath,22,17,90%,Fastazi-P,27,0.8529411764705882,8,0.1568627450980392
JxPath,22,17,90%,Random,27,0.4803921568627451,27,0.5294117647058824
JxPath,22,17,100%,Ekstazi,30,0.892156862745098,6,0.11764705882352941
JxPath,22,17,100%,FAST,30,0.7745098039215685,12,0.23529411764705882
JxPath,22,17,100%,Ekstazi+dpt,30,0.5784313725490196,22,0.43137254901960786
JxPath,22,17,100%,DPT,30,0.5588235294117647,23,0.45098039215686275
JxPath,22,17,100%,STARTS,30,0.6176470588235294,20,0.39215686274509803
JxPath,22,17,100%,STARTS+FAST-S,30,0.8725490196078431,7,0.13725490196078433
JxPath,22,17,100%,STARTS+FAST-P,30,0.9705882352941176,2,0.0392156862745098
JxPath,22,17,100%,STARTS+DPT,30,0.5784313725490196,22,0.43137254901960786
JxPath,22,17,100%,Fastazi-S,30,0.8137254901960784,10,0.19607843137254902
JxPath,22,17,100%,Fastazi-P,30,0.8529411764705882,8,0.1568627450980392
JxPath,22,17,100%,Random,30,0.4803921568627451,27,0.5294117647058824
JxPath,22,18,10%,Ekstazi,3,0.0,NA,NA
JxPath,22,18,10%,FAST,3,0.0,NA,NA
JxPath,22,18,10%,Ekstazi+dpt,3,0.0,NA,NA
JxPath,22,18,10%,DPT,3,0.0,NA,NA
JxPath,22,18,10%,STARTS,3,0.0,NA,NA
JxPath,22,18,10%,STARTS+FAST-S,3,0.0,NA,NA
JxPath,22,18,10%,STARTS+FAST-P,3,0.9509803921568627,3,0.058823529411764705
JxPath,22,18,10%,STARTS+DPT,3,0.0,NA,NA
JxPath,22,18,10%,Fastazi-S,3,0.0,NA,NA
JxPath,22,18,10%,Fastazi-P,3,0.0,NA,NA
JxPath,22,18,10%,Random,3,0.0,NA,NA
JxPath,22,18,20%,Ekstazi,6,0.0,NA,NA
JxPath,22,18,20%,FAST,6,0.0,NA,NA
JxPath,22,18,20%,Ekstazi+dpt,6,0.0,NA,NA
JxPath,22,18,20%,DPT,6,0.0,NA,NA
JxPath,22,18,20%,STARTS,6,0.0,NA,NA
JxPath,22,18,20%,STARTS+FAST-S,6,0.0,NA,NA
JxPath,22,18,20%,STARTS+FAST-P,6,0.9509803921568627,3,0.058823529411764705
JxPath,22,18,20%,STARTS+DPT,6,0.0,NA,NA
JxPath,22,18,20%,Fastazi-S,6,0.0,NA,NA
JxPath,22,18,20%,Fastazi-P,6,0.0,NA,NA
JxPath,22,18,20%,Random,6,0.0,NA,NA
JxPath,22,18,25%,Ekstazi,7,0.0,NA,NA
JxPath,22,18,25%,FAST,7,0.0,NA,NA
JxPath,22,18,25%,Ekstazi+dpt,7,0.0,NA,NA
JxPath,22,18,25%,DPT,7,0.0,NA,NA
JxPath,22,18,25%,STARTS,7,0.0,NA,NA
JxPath,22,18,25%,STARTS+FAST-S,7,0.8725490196078431,7,0.13725490196078433
JxPath,22,18,25%,STARTS+FAST-P,7,0.9509803921568627,3,0.058823529411764705
JxPath,22,18,25%,STARTS+DPT,7,0.0,NA,NA
JxPath,22,18,25%,Fastazi-S,7,0.8725490196078431,7,0.13725490196078433
JxPath,22,18,25%,Fastazi-P,7,0.8725490196078431,7,0.13725490196078433
JxPath,22,18,25%,Random,7,0.0,NA,NA
JxPath,22,18,30%,Ekstazi,9,0.0,NA,NA
JxPath,22,18,30%,FAST,9,0.0,NA,NA
JxPath,22,18,30%,Ekstazi+dpt,9,0.0,NA,NA
JxPath,22,18,30%,DPT,9,0.0,NA,NA
JxPath,22,18,30%,STARTS,9,0.0,NA,NA
JxPath,22,18,30%,STARTS+FAST-S,9,0.8725490196078431,7,0.13725490196078433
JxPath,22,18,30%,STARTS+FAST-P,9,0.9509803921568627,3,0.058823529411764705
JxPath,22,18,30%,STARTS+DPT,9,0.0,NA,NA
JxPath,22,18,30%,Fastazi-S,9,0.8725490196078431,7,0.13725490196078433
JxPath,22,18,30%,Fastazi-P,9,0.8725490196078431,7,0.13725490196078433
JxPath,22,18,30%,Random,9,0.0,NA,NA
JxPath,22,18,40%,Ekstazi,12,0.7941176470588235,11,0.21568627450980393
JxPath,22,18,40%,FAST,12,0.7941176470588235,11,0.21568627450980393
JxPath,22,18,40%,Ekstazi+dpt,12,0.0,NA,NA
JxPath,22,18,40%,DPT,12,0.0,NA,NA
JxPath,22,18,40%,STARTS,12,0.0,NA,NA
JxPath,22,18,40%,STARTS+FAST-S,12,0.8725490196078431,7,0.13725490196078433
JxPath,22,18,40%,STARTS+FAST-P,12,0.9509803921568627,3,0.058823529411764705
JxPath,22,18,40%,STARTS+DPT,12,0.0,NA,NA
JxPath,22,18,40%,Fastazi-S,12,0.8725490196078431,7,0.13725490196078433
JxPath,22,18,40%,Fastazi-P,12,0.8725490196078431,7,0.13725490196078433
JxPath,22,18,40%,Random,12,0.8137254901960784,10,0.19607843137254902
JxPath,22,18,50%,Ekstazi,15,0.7941176470588235,11,0.21568627450980393
JxPath,22,18,50%,FAST,15,0.7941176470588235,11,0.21568627450980393
JxPath,22,18,50%,Ekstazi+dpt,15,0.0,NA,NA
JxPath,22,18,50%,DPT,15,0.0,NA,NA
JxPath,22,18,50%,STARTS,15,0.0,NA,NA
JxPath,22,18,50%,STARTS+FAST-S,15,0.8725490196078431,7,0.13725490196078433
JxPath,22,18,50%,STARTS+FAST-P,15,0.9509803921568627,3,0.058823529411764705
JxPath,22,18,50%,STARTS+DPT,15,0.0,NA,NA
JxPath,22,18,50%,Fastazi-S,15,0.8725490196078431,7,0.13725490196078433
JxPath,22,18,50%,Fastazi-P,15,0.8725490196078431,7,0.13725490196078433
JxPath,22,18,50%,Random,15,0.8137254901960784,10,0.19607843137254902
JxPath,22,18,60%,Ekstazi,18,0.7941176470588235,11,0.21568627450980393
JxPath,22,18,60%,FAST,18,0.7941176470588235,11,0.21568627450980393
JxPath,22,18,60%,Ekstazi+dpt,18,0.0,NA,NA
JxPath,22,18,60%,DPT,18,0.0,NA,NA
JxPath,22,18,60%,STARTS,18,0.6764705882352942,17,0.3333333333333333
JxPath,22,18,60%,STARTS+FAST-S,18,0.8725490196078431,7,0.13725490196078433
JxPath,22,18,60%,STARTS+FAST-P,18,0.9509803921568627,3,0.058823529411764705
JxPath,22,18,60%,STARTS+DPT,18,0.0,NA,NA
JxPath,22,18,60%,Fastazi-S,18,0.8725490196078431,7,0.13725490196078433
JxPath,22,18,60%,Fastazi-P,18,0.8725490196078431,7,0.13725490196078433
JxPath,22,18,60%,Random,18,0.8137254901960784,10,0.19607843137254902
JxPath,22,18,70%,Ekstazi,21,0.7941176470588235,11,0.21568627450980393
JxPath,22,18,70%,FAST,21,0.7941176470588235,11,0.21568627450980393
JxPath,22,18,70%,Ekstazi+dpt,21,0.0,NA,NA
JxPath,22,18,70%,DPT,21,0.0,NA,NA
JxPath,22,18,70%,STARTS,21,0.6764705882352942,17,0.3333333333333333
JxPath,22,18,70%,STARTS+FAST-S,21,0.8725490196078431,7,0.13725490196078433
JxPath,22,18,70%,STARTS+FAST-P,21,0.9509803921568627,3,0.058823529411764705
JxPath,22,18,70%,STARTS+DPT,21,0.0,NA,NA
JxPath,22,18,70%,Fastazi-S,21,0.8725490196078431,7,0.13725490196078433
JxPath,22,18,70%,Fastazi-P,21,0.8725490196078431,7,0.13725490196078433
JxPath,22,18,70%,Random,21,0.8137254901960784,10,0.19607843137254902
JxPath,22,18,75%,Ekstazi,22,0.7941176470588235,11,0.21568627450980393
JxPath,22,18,75%,FAST,22,0.7941176470588235,11,0.21568627450980393
JxPath,22,18,75%,Ekstazi+dpt,22,0.5784313725490196,22,0.43137254901960786
JxPath,22,18,75%,DPT,22,0.0,NA,NA
JxPath,22,18,75%,STARTS,22,0.6764705882352942,17,0.3333333333333333
JxPath,22,18,75%,STARTS+FAST-S,22,0.8725490196078431,7,0.13725490196078433
JxPath,22,18,75%,STARTS+FAST-P,22,0.9509803921568627,3,0.058823529411764705
JxPath,22,18,75%,STARTS+DPT,22,0.5784313725490196,22,0.43137254901960786
JxPath,22,18,75%,Fastazi-S,22,0.8725490196078431,7,0.13725490196078433
JxPath,22,18,75%,Fastazi-P,22,0.8725490196078431,7,0.13725490196078433
JxPath,22,18,75%,Random,22,0.8137254901960784,10,0.19607843137254902
JxPath,22,18,80%,Ekstazi,24,0.7941176470588235,11,0.21568627450980393
JxPath,22,18,80%,FAST,24,0.7941176470588235,11,0.21568627450980393
JxPath,22,18,80%,Ekstazi+dpt,24,0.5784313725490196,22,0.43137254901960786
JxPath,22,18,80%,DPT,24,0.5588235294117647,23,0.45098039215686275
JxPath,22,18,80%,STARTS,24,0.6764705882352942,17,0.3333333333333333
JxPath,22,18,80%,STARTS+FAST-S,24,0.8725490196078431,7,0.13725490196078433
JxPath,22,18,80%,STARTS+FAST-P,24,0.9509803921568627,3,0.058823529411764705
JxPath,22,18,80%,STARTS+DPT,24,0.5784313725490196,22,0.43137254901960786
JxPath,22,18,80%,Fastazi-S,24,0.8725490196078431,7,0.13725490196078433
JxPath,22,18,80%,Fastazi-P,24,0.8725490196078431,7,0.13725490196078433
JxPath,22,18,80%,Random,24,0.8137254901960784,10,0.19607843137254902
JxPath,22,18,90%,Ekstazi,27,0.7941176470588235,11,0.21568627450980393
JxPath,22,18,90%,FAST,27,0.7941176470588235,11,0.21568627450980393
JxPath,22,18,90%,Ekstazi+dpt,27,0.5784313725490196,22,0.43137254901960786
JxPath,22,18,90%,DPT,27,0.5588235294117647,23,0.45098039215686275
JxPath,22,18,90%,STARTS,27,0.6764705882352942,17,0.3333333333333333
JxPath,22,18,90%,STARTS+FAST-S,27,0.8725490196078431,7,0.13725490196078433
JxPath,22,18,90%,STARTS+FAST-P,27,0.9509803921568627,3,0.058823529411764705
JxPath,22,18,90%,STARTS+DPT,27,0.5784313725490196,22,0.43137254901960786
JxPath,22,18,90%,Fastazi-S,27,0.8725490196078431,7,0.13725490196078433
JxPath,22,18,90%,Fastazi-P,27,0.8725490196078431,7,0.13725490196078433
JxPath,22,18,90%,Random,27,0.8137254901960784,10,0.19607843137254902
JxPath,22,18,100%,Ekstazi,30,0.7941176470588235,11,0.21568627450980393
JxPath,22,18,100%,FAST,30,0.7941176470588235,11,0.21568627450980393
JxPath,22,18,100%,Ekstazi+dpt,30,0.5784313725490196,22,0.43137254901960786
JxPath,22,18,100%,DPT,30,0.5588235294117647,23,0.45098039215686275
JxPath,22,18,100%,STARTS,30,0.6764705882352942,17,0.3333333333333333
JxPath,22,18,100%,STARTS+FAST-S,30,0.8725490196078431,7,0.13725490196078433
JxPath,22,18,100%,STARTS+FAST-P,30,0.9509803921568627,3,0.058823529411764705
JxPath,22,18,100%,STARTS+DPT,30,0.5784313725490196,22,0.43137254901960786
JxPath,22,18,100%,Fastazi-S,30,0.8725490196078431,7,0.13725490196078433
JxPath,22,18,100%,Fastazi-P,30,0.8725490196078431,7,0.13725490196078433
JxPath,22,18,100%,Random,30,0.8137254901960784,10,0.19607843137254902
JxPath,22,19,10%,Ekstazi,3,0.0,NA,NA
JxPath,22,19,10%,FAST,3,0.0,NA,NA
JxPath,22,19,10%,Ekstazi+dpt,3,0.0,NA,NA
JxPath,22,19,10%,DPT,3,0.0,NA,NA
JxPath,22,19,10%,STARTS,3,0.0,NA,NA
JxPath,22,19,10%,STARTS+FAST-S,3,0.0,NA,NA
JxPath,22,19,10%,STARTS+FAST-P,3,0.0,NA,NA
JxPath,22,19,10%,STARTS+DPT,3,0.0,NA,NA
JxPath,22,19,10%,Fastazi-S,3,0.0,NA,NA
JxPath,22,19,10%,Fastazi-P,3,0.0,NA,NA
JxPath,22,19,10%,Random,3,0.0,NA,NA
JxPath,22,19,20%,Ekstazi,6,0.0,NA,NA
JxPath,22,19,20%,FAST,6,0.0,NA,NA
JxPath,22,19,20%,Ekstazi+dpt,6,0.0,NA,NA
JxPath,22,19,20%,DPT,6,0.0,NA,NA
JxPath,22,19,20%,STARTS,6,0.9117647058823529,5,0.09803921568627451
JxPath,22,19,20%,STARTS+FAST-S,6,0.0,NA,NA
JxPath,22,19,20%,STARTS+FAST-P,6,0.0,NA,NA
JxPath,22,19,20%,STARTS+DPT,6,0.0,NA,NA
JxPath,22,19,20%,Fastazi-S,6,0.0,NA,NA
JxPath,22,19,20%,Fastazi-P,6,0.0,NA,NA
JxPath,22,19,20%,Random,6,0.0,NA,NA
JxPath,22,19,25%,Ekstazi,7,0.0,NA,NA
JxPath,22,19,25%,FAST,7,0.0,NA,NA
JxPath,22,19,25%,Ekstazi+dpt,7,0.0,NA,NA
JxPath,22,19,25%,DPT,7,0.0,NA,NA
JxPath,22,19,25%,STARTS,7,0.9117647058823529,5,0.09803921568627451
JxPath,22,19,25%,STARTS+FAST-S,7,0.8725490196078431,7,0.13725490196078433
JxPath,22,19,25%,STARTS+FAST-P,7,0.8725490196078431,7,0.13725490196078433
JxPath,22,19,25%,STARTS+DPT,7,0.0,NA,NA
JxPath,22,19,25%,Fastazi-S,7,0.0,NA,NA
JxPath,22,19,25%,Fastazi-P,7,0.8725490196078431,7,0.13725490196078433
JxPath,22,19,25%,Random,7,0.0,NA,NA
JxPath,22,19,30%,Ekstazi,9,0.0,NA,NA
JxPath,22,19,30%,FAST,9,0.0,NA,NA
JxPath,22,19,30%,Ekstazi+dpt,9,0.0,NA,NA
JxPath,22,19,30%,DPT,9,0.0,NA,NA
JxPath,22,19,30%,STARTS,9,0.9117647058823529,5,0.09803921568627451
JxPath,22,19,30%,STARTS+FAST-S,9,0.8725490196078431,7,0.13725490196078433
JxPath,22,19,30%,STARTS+FAST-P,9,0.8725490196078431,7,0.13725490196078433
JxPath,22,19,30%,STARTS+DPT,9,0.0,NA,NA
JxPath,22,19,30%,Fastazi-S,9,0.8529411764705882,8,0.1568627450980392
JxPath,22,19,30%,Fastazi-P,9,0.8725490196078431,7,0.13725490196078433
JxPath,22,19,30%,Random,9,0.0,NA,NA
JxPath,22,19,40%,Ekstazi,12,0.8137254901960784,10,0.19607843137254902
JxPath,22,19,40%,FAST,12,0.7941176470588235,11,0.21568627450980393
JxPath,22,19,40%,Ekstazi+dpt,12,0.0,NA,NA
JxPath,22,19,40%,DPT,12,0.0,NA,NA
JxPath,22,19,40%,STARTS,12,0.9117647058823529,5,0.09803921568627451
JxPath,22,19,40%,STARTS+FAST-S,12,0.8725490196078431,7,0.13725490196078433
JxPath,22,19,40%,STARTS+FAST-P,12,0.8725490196078431,7,0.13725490196078433
JxPath,22,19,40%,STARTS+DPT,12,0.0,NA,NA
JxPath,22,19,40%,Fastazi-S,12,0.8529411764705882,8,0.1568627450980392
JxPath,22,19,40%,Fastazi-P,12,0.8725490196078431,7,0.13725490196078433
JxPath,22,19,40%,Random,12,0.0,NA,NA
JxPath,22,19,50%,Ekstazi,15,0.8137254901960784,10,0.19607843137254902
JxPath,22,19,50%,FAST,15,0.7941176470588235,11,0.21568627450980393
JxPath,22,19,50%,Ekstazi+dpt,15,0.0,NA,NA
JxPath,22,19,50%,DPT,15,0.0,NA,NA
JxPath,22,19,50%,STARTS,15,0.9117647058823529,5,0.09803921568627451
JxPath,22,19,50%,STARTS+FAST-S,15,0.8725490196078431,7,0.13725490196078433
JxPath,22,19,50%,STARTS+FAST-P,15,0.8725490196078431,7,0.13725490196078433
JxPath,22,19,50%,STARTS+DPT,15,0.0,NA,NA
JxPath,22,19,50%,Fastazi-S,15,0.8529411764705882,8,0.1568627450980392
JxPath,22,19,50%,Fastazi-P,15,0.8725490196078431,7,0.13725490196078433
JxPath,22,19,50%,Random,15,0.0,NA,NA
JxPath,22,19,60%,Ekstazi,18,0.8137254901960784,10,0.19607843137254902
JxPath,22,19,60%,FAST,18,0.7941176470588235,11,0.21568627450980393
JxPath,22,19,60%,Ekstazi+dpt,18,0.0,NA,NA
JxPath,22,19,60%,DPT,18,0.0,NA,NA
JxPath,22,19,60%,STARTS,18,0.9117647058823529,5,0.09803921568627451
JxPath,22,19,60%,STARTS+FAST-S,18,0.8725490196078431,7,0.13725490196078433
JxPath,22,19,60%,STARTS+FAST-P,18,0.8725490196078431,7,0.13725490196078433
JxPath,22,19,60%,STARTS+DPT,18,0.0,NA,NA
JxPath,22,19,60%,Fastazi-S,18,0.8529411764705882,8,0.1568627450980392
JxPath,22,19,60%,Fastazi-P,18,0.8725490196078431,7,0.13725490196078433
JxPath,22,19,60%,Random,18,0.0,NA,NA
JxPath,22,19,70%,Ekstazi,21,0.8137254901960784,10,0.19607843137254902
JxPath,22,19,70%,FAST,21,0.7941176470588235,11,0.21568627450980393
JxPath,22,19,70%,Ekstazi+dpt,21,0.0,NA,NA
JxPath,22,19,70%,DPT,21,0.0,NA,NA
JxPath,22,19,70%,STARTS,21,0.9117647058823529,5,0.09803921568627451
JxPath,22,19,70%,STARTS+FAST-S,21,0.8725490196078431,7,0.13725490196078433
JxPath,22,19,70%,STARTS+FAST-P,21,0.8725490196078431,7,0.13725490196078433
JxPath,22,19,70%,STARTS+DPT,21,0.0,NA,NA
JxPath,22,19,70%,Fastazi-S,21,0.8529411764705882,8,0.1568627450980392
JxPath,22,19,70%,Fastazi-P,21,0.8725490196078431,7,0.13725490196078433
JxPath,22,19,70%,Random,21,0.0,NA,NA
JxPath,22,19,75%,Ekstazi,22,0.8137254901960784,10,0.19607843137254902
JxPath,22,19,75%,FAST,22,0.7941176470588235,11,0.21568627450980393
JxPath,22,19,75%,Ekstazi+dpt,22,0.5784313725490196,22,0.43137254901960786
JxPath,22,19,75%,DPT,22,0.0,NA,NA
JxPath,22,19,75%,STARTS,22,0.9117647058823529,5,0.09803921568627451
JxPath,22,19,75%,STARTS+FAST-S,22,0.8725490196078431,7,0.13725490196078433
JxPath,22,19,75%,STARTS+FAST-P,22,0.8725490196078431,7,0.13725490196078433
JxPath,22,19,75%,STARTS+DPT,22,0.5784313725490196,22,0.43137254901960786
JxPath,22,19,75%,Fastazi-S,22,0.8529411764705882,8,0.1568627450980392
JxPath,22,19,75%,Fastazi-P,22,0.8725490196078431,7,0.13725490196078433
JxPath,22,19,75%,Random,22,0.0,NA,NA
JxPath,22,19,80%,Ekstazi,24,0.8137254901960784,10,0.19607843137254902
JxPath,22,19,80%,FAST,24,0.7941176470588235,11,0.21568627450980393
JxPath,22,19,80%,Ekstazi+dpt,24,0.5784313725490196,22,0.43137254901960786
JxPath,22,19,80%,DPT,24,0.5588235294117647,23,0.45098039215686275
JxPath,22,19,80%,STARTS,24,0.9117647058823529,5,0.09803921568627451
JxPath,22,19,80%,STARTS+FAST-S,24,0.8725490196078431,7,0.13725490196078433
JxPath,22,19,80%,STARTS+FAST-P,24,0.8725490196078431,7,0.13725490196078433
JxPath,22,19,80%,STARTS+DPT,24,0.5784313725490196,22,0.43137254901960786
JxPath,22,19,80%,Fastazi-S,24,0.8529411764705882,8,0.1568627450980392
JxPath,22,19,80%,Fastazi-P,24,0.8725490196078431,7,0.13725490196078433
JxPath,22,19,80%,Random,24,0.0,NA,NA
JxPath,22,19,90%,Ekstazi,27,0.8137254901960784,10,0.19607843137254902
JxPath,22,19,90%,FAST,27,0.7941176470588235,11,0.21568627450980393
JxPath,22,19,90%,Ekstazi+dpt,27,0.5784313725490196,22,0.43137254901960786
JxPath,22,19,90%,DPT,27,0.5588235294117647,23,0.45098039215686275
JxPath,22,19,90%,STARTS,27,0.9117647058823529,5,0.09803921568627451
JxPath,22,19,90%,STARTS+FAST-S,27,0.8725490196078431,7,0.13725490196078433
JxPath,22,19,90%,STARTS+FAST-P,27,0.8725490196078431,7,0.13725490196078433
JxPath,22,19,90%,STARTS+DPT,27,0.5784313725490196,22,0.43137254901960786
JxPath,22,19,90%,Fastazi-S,27,0.8529411764705882,8,0.1568627450980392
JxPath,22,19,90%,Fastazi-P,27,0.8725490196078431,7,0.13725490196078433
JxPath,22,19,90%,Random,27,0.0,NA,NA
JxPath,22,19,100%,Ekstazi,30,0.8137254901960784,10,0.19607843137254902
JxPath,22,19,100%,FAST,30,0.7941176470588235,11,0.21568627450980393
JxPath,22,19,100%,Ekstazi+dpt,30,0.5784313725490196,22,0.43137254901960786
JxPath,22,19,100%,DPT,30,0.5588235294117647,23,0.45098039215686275
JxPath,22,19,100%,STARTS,30,0.9117647058823529,5,0.09803921568627451
JxPath,22,19,100%,STARTS+FAST-S,30,0.8725490196078431,7,0.13725490196078433
JxPath,22,19,100%,STARTS+FAST-P,30,0.8725490196078431,7,0.13725490196078433
JxPath,22,19,100%,STARTS+DPT,30,0.5784313725490196,22,0.43137254901960786
JxPath,22,19,100%,Fastazi-S,30,0.8529411764705882,8,0.1568627450980392
JxPath,22,19,100%,Fastazi-P,30,0.8725490196078431,7,0.13725490196078433
JxPath,22,19,100%,Random,30,0.0,NA,NA
JxPath,22,20,10%,Ekstazi,3,0.0,NA,NA
JxPath,22,20,10%,FAST,3,0.0,NA,NA
JxPath,22,20,10%,Ekstazi+dpt,3,0.0,NA,NA
JxPath,22,20,10%,DPT,3,0.0,NA,NA
JxPath,22,20,10%,STARTS,3,0.0,NA,NA
JxPath,22,20,10%,STARTS+FAST-S,3,0.9509803921568627,3,0.058823529411764705
JxPath,22,20,10%,STARTS+FAST-P,3,0.0,NA,NA
JxPath,22,20,10%,STARTS+DPT,3,0.0,NA,NA
JxPath,22,20,10%,Fastazi-S,3,0.0,NA,NA
JxPath,22,20,10%,Fastazi-P,3,0.0,NA,NA
JxPath,22,20,10%,Random,3,0.0,NA,NA
JxPath,22,20,20%,Ekstazi,6,0.892156862745098,6,0.11764705882352941
JxPath,22,20,20%,FAST,6,0.0,NA,NA
JxPath,22,20,20%,Ekstazi+dpt,6,0.0,NA,NA
JxPath,22,20,20%,DPT,6,0.0,NA,NA
JxPath,22,20,20%,STARTS,6,0.892156862745098,6,0.11764705882352941
JxPath,22,20,20%,STARTS+FAST-S,6,0.9509803921568627,3,0.058823529411764705
JxPath,22,20,20%,STARTS+FAST-P,6,0.0,NA,NA
JxPath,22,20,20%,STARTS+DPT,6,0.0,NA,NA
JxPath,22,20,20%,Fastazi-S,6,0.0,NA,NA
JxPath,22,20,20%,Fastazi-P,6,0.0,NA,NA
JxPath,22,20,20%,Random,6,0.0,NA,NA
JxPath,22,20,25%,Ekstazi,7,0.892156862745098,6,0.11764705882352941
JxPath,22,20,25%,FAST,7,0.0,NA,NA
JxPath,22,20,25%,Ekstazi+dpt,7,0.0,NA,NA
JxPath,22,20,25%,DPT,7,0.0,NA,NA
JxPath,22,20,25%,STARTS,7,0.892156862745098,6,0.11764705882352941
JxPath,22,20,25%,STARTS+FAST-S,7,0.9509803921568627,3,0.058823529411764705
JxPath,22,20,25%,STARTS+FAST-P,7,0.0,NA,NA
JxPath,22,20,25%,STARTS+DPT,7,0.0,NA,NA
JxPath,22,20,25%,Fastazi-S,7,0.0,NA,NA
JxPath,22,20,25%,Fastazi-P,7,0.8725490196078431,7,0.13725490196078433
JxPath,22,20,25%,Random,7,0.0,NA,NA
JxPath,22,20,30%,Ekstazi,9,0.892156862745098,6,0.11764705882352941
JxPath,22,20,30%,FAST,9,0.0,NA,NA
JxPath,22,20,30%,Ekstazi+dpt,9,0.0,NA,NA
JxPath,22,20,30%,DPT,9,0.0,NA,NA
JxPath,22,20,30%,STARTS,9,0.892156862745098,6,0.11764705882352941
JxPath,22,20,30%,STARTS+FAST-S,9,0.9509803921568627,3,0.058823529411764705
JxPath,22,20,30%,STARTS+FAST-P,9,0.8529411764705882,8,0.1568627450980392
JxPath,22,20,30%,STARTS+DPT,9,0.0,NA,NA
JxPath,22,20,30%,Fastazi-S,9,0.8529411764705882,8,0.1568627450980392
JxPath,22,20,30%,Fastazi-P,9,0.8725490196078431,7,0.13725490196078433
JxPath,22,20,30%,Random,9,0.0,NA,NA
JxPath,22,20,40%,Ekstazi,12,0.892156862745098,6,0.11764705882352941
JxPath,22,20,40%,FAST,12,0.7941176470588235,11,0.21568627450980393
JxPath,22,20,40%,Ekstazi+dpt,12,0.0,NA,NA
JxPath,22,20,40%,DPT,12,0.0,NA,NA
JxPath,22,20,40%,STARTS,12,0.892156862745098,6,0.11764705882352941
JxPath,22,20,40%,STARTS+FAST-S,12,0.9509803921568627,3,0.058823529411764705
JxPath,22,20,40%,STARTS+FAST-P,12,0.8529411764705882,8,0.1568627450980392
JxPath,22,20,40%,STARTS+DPT,12,0.0,NA,NA
JxPath,22,20,40%,Fastazi-S,12,0.8529411764705882,8,0.1568627450980392
JxPath,22,20,40%,Fastazi-P,12,0.8725490196078431,7,0.13725490196078433
JxPath,22,20,40%,Random,12,0.0,NA,NA
JxPath,22,20,50%,Ekstazi,15,0.892156862745098,6,0.11764705882352941
JxPath,22,20,50%,FAST,15,0.7941176470588235,11,0.21568627450980393
JxPath,22,20,50%,Ekstazi+dpt,15,0.0,NA,NA
JxPath,22,20,50%,DPT,15,0.0,NA,NA
JxPath,22,20,50%,STARTS,15,0.892156862745098,6,0.11764705882352941
JxPath,22,20,50%,STARTS+FAST-S,15,0.9509803921568627,3,0.058823529411764705
JxPath,22,20,50%,STARTS+FAST-P,15,0.8529411764705882,8,0.1568627450980392
JxPath,22,20,50%,STARTS+DPT,15,0.0,NA,NA
JxPath,22,20,50%,Fastazi-S,15,0.8529411764705882,8,0.1568627450980392
JxPath,22,20,50%,Fastazi-P,15,0.8725490196078431,7,0.13725490196078433
JxPath,22,20,50%,Random,15,0.0,NA,NA
JxPath,22,20,60%,Ekstazi,18,0.892156862745098,6,0.11764705882352941
JxPath,22,20,60%,FAST,18,0.7941176470588235,11,0.21568627450980393
JxPath,22,20,60%,Ekstazi+dpt,18,0.0,NA,NA
JxPath,22,20,60%,DPT,18,0.0,NA,NA
JxPath,22,20,60%,STARTS,18,0.892156862745098,6,0.11764705882352941
JxPath,22,20,60%,STARTS+FAST-S,18,0.9509803921568627,3,0.058823529411764705
JxPath,22,20,60%,STARTS+FAST-P,18,0.8529411764705882,8,0.1568627450980392
JxPath,22,20,60%,STARTS+DPT,18,0.0,NA,NA
JxPath,22,20,60%,Fastazi-S,18,0.8529411764705882,8,0.1568627450980392
JxPath,22,20,60%,Fastazi-P,18,0.8725490196078431,7,0.13725490196078433
JxPath,22,20,60%,Random,18,0.0,NA,NA
JxPath,22,20,70%,Ekstazi,21,0.892156862745098,6,0.11764705882352941
JxPath,22,20,70%,FAST,21,0.7941176470588235,11,0.21568627450980393
JxPath,22,20,70%,Ekstazi+dpt,21,0.0,NA,NA
JxPath,22,20,70%,DPT,21,0.0,NA,NA
JxPath,22,20,70%,STARTS,21,0.892156862745098,6,0.11764705882352941
JxPath,22,20,70%,STARTS+FAST-S,21,0.9509803921568627,3,0.058823529411764705
JxPath,22,20,70%,STARTS+FAST-P,21,0.8529411764705882,8,0.1568627450980392
JxPath,22,20,70%,STARTS+DPT,21,0.0,NA,NA
JxPath,22,20,70%,Fastazi-S,21,0.8529411764705882,8,0.1568627450980392
JxPath,22,20,70%,Fastazi-P,21,0.8725490196078431,7,0.13725490196078433
JxPath,22,20,70%,Random,21,0.0,NA,NA
JxPath,22,20,75%,Ekstazi,22,0.892156862745098,6,0.11764705882352941
JxPath,22,20,75%,FAST,22,0.7941176470588235,11,0.21568627450980393
JxPath,22,20,75%,Ekstazi+dpt,22,0.5784313725490196,22,0.43137254901960786
JxPath,22,20,75%,DPT,22,0.0,NA,NA
JxPath,22,20,75%,STARTS,22,0.892156862745098,6,0.11764705882352941
JxPath,22,20,75%,STARTS+FAST-S,22,0.9509803921568627,3,0.058823529411764705
JxPath,22,20,75%,STARTS+FAST-P,22,0.8529411764705882,8,0.1568627450980392
JxPath,22,20,75%,STARTS+DPT,22,0.5784313725490196,22,0.43137254901960786
JxPath,22,20,75%,Fastazi-S,22,0.8529411764705882,8,0.1568627450980392
JxPath,22,20,75%,Fastazi-P,22,0.8725490196078431,7,0.13725490196078433
JxPath,22,20,75%,Random,22,0.0,NA,NA
JxPath,22,20,80%,Ekstazi,24,0.892156862745098,6,0.11764705882352941
JxPath,22,20,80%,FAST,24,0.7941176470588235,11,0.21568627450980393
JxPath,22,20,80%,Ekstazi+dpt,24,0.5784313725490196,22,0.43137254901960786
JxPath,22,20,80%,DPT,24,0.5588235294117647,23,0.45098039215686275
JxPath,22,20,80%,STARTS,24,0.892156862745098,6,0.11764705882352941
JxPath,22,20,80%,STARTS+FAST-S,24,0.9509803921568627,3,0.058823529411764705
JxPath,22,20,80%,STARTS+FAST-P,24,0.8529411764705882,8,0.1568627450980392
JxPath,22,20,80%,STARTS+DPT,24,0.5784313725490196,22,0.43137254901960786
JxPath,22,20,80%,Fastazi-S,24,0.8529411764705882,8,0.1568627450980392
JxPath,22,20,80%,Fastazi-P,24,0.8725490196078431,7,0.13725490196078433
JxPath,22,20,80%,Random,24,0.0,NA,NA
JxPath,22,20,90%,Ekstazi,27,0.892156862745098,6,0.11764705882352941
JxPath,22,20,90%,FAST,27,0.7941176470588235,11,0.21568627450980393
JxPath,22,20,90%,Ekstazi+dpt,27,0.5784313725490196,22,0.43137254901960786
JxPath,22,20,90%,DPT,27,0.5588235294117647,23,0.45098039215686275
JxPath,22,20,90%,STARTS,27,0.892156862745098,6,0.11764705882352941
JxPath,22,20,90%,STARTS+FAST-S,27,0.9509803921568627,3,0.058823529411764705
JxPath,22,20,90%,STARTS+FAST-P,27,0.8529411764705882,8,0.1568627450980392
JxPath,22,20,90%,STARTS+DPT,27,0.5784313725490196,22,0.43137254901960786
JxPath,22,20,90%,Fastazi-S,27,0.8529411764705882,8,0.1568627450980392
JxPath,22,20,90%,Fastazi-P,27,0.8725490196078431,7,0.13725490196078433
JxPath,22,20,90%,Random,27,0.0,NA,NA
JxPath,22,20,100%,Ekstazi,30,0.892156862745098,6,0.11764705882352941
JxPath,22,20,100%,FAST,30,0.7941176470588235,11,0.21568627450980393
JxPath,22,20,100%,Ekstazi+dpt,30,0.5784313725490196,22,0.43137254901960786
JxPath,22,20,100%,DPT,30,0.5588235294117647,23,0.45098039215686275
JxPath,22,20,100%,STARTS,30,0.892156862745098,6,0.11764705882352941
JxPath,22,20,100%,STARTS+FAST-S,30,0.9509803921568627,3,0.058823529411764705
JxPath,22,20,100%,STARTS+FAST-P,30,0.8529411764705882,8,0.1568627450980392
JxPath,22,20,100%,STARTS+DPT,30,0.5784313725490196,22,0.43137254901960786
JxPath,22,20,100%,Fastazi-S,30,0.8529411764705882,8,0.1568627450980392
JxPath,22,20,100%,Fastazi-P,30,0.8725490196078431,7,0.13725490196078433
JxPath,22,20,100%,Random,30,0.0,NA,NA
JxPath,22,21,10%,Ekstazi,3,0.0,NA,NA
JxPath,22,21,10%,FAST,3,0.0,NA,NA
JxPath,22,21,10%,Ekstazi+dpt,3,0.0,NA,NA
JxPath,22,21,10%,DPT,3,0.0,NA,NA
JxPath,22,21,10%,STARTS,3,0.9901960784313725,1,0.0196078431372549
JxPath,22,21,10%,STARTS+FAST-S,3,0.0,NA,NA
JxPath,22,21,10%,STARTS+FAST-P,3,0.0,NA,NA
JxPath,22,21,10%,STARTS+DPT,3,0.0,NA,NA
JxPath,22,21,10%,Fastazi-S,3,0.0,NA,NA
JxPath,22,21,10%,Fastazi-P,3,0.0,NA,NA
JxPath,22,21,10%,Random,3,0.9901960784313725,1,0.0196078431372549
JxPath,22,21,20%,Ekstazi,6,0.0,NA,NA
JxPath,22,21,20%,FAST,6,0.0,NA,NA
JxPath,22,21,20%,Ekstazi+dpt,6,0.0,NA,NA
JxPath,22,21,20%,DPT,6,0.0,NA,NA
JxPath,22,21,20%,STARTS,6,0.9901960784313725,1,0.0196078431372549
JxPath,22,21,20%,STARTS+FAST-S,6,0.0,NA,NA
JxPath,22,21,20%,STARTS+FAST-P,6,0.0,NA,NA
JxPath,22,21,20%,STARTS+DPT,6,0.0,NA,NA
JxPath,22,21,20%,Fastazi-S,6,0.0,NA,NA
JxPath,22,21,20%,Fastazi-P,6,0.0,NA,NA
JxPath,22,21,20%,Random,6,0.9901960784313725,1,0.0196078431372549
JxPath,22,21,25%,Ekstazi,7,0.0,NA,NA
JxPath,22,21,25%,FAST,7,0.0,NA,NA
JxPath,22,21,25%,Ekstazi+dpt,7,0.0,NA,NA
JxPath,22,21,25%,DPT,7,0.0,NA,NA
JxPath,22,21,25%,STARTS,7,0.9901960784313725,1,0.0196078431372549
JxPath,22,21,25%,STARTS+FAST-S,7,0.8725490196078431,7,0.13725490196078433
JxPath,22,21,25%,STARTS+FAST-P,7,0.0,NA,NA
JxPath,22,21,25%,STARTS+DPT,7,0.0,NA,NA
JxPath,22,21,25%,Fastazi-S,7,0.8725490196078431,7,0.13725490196078433
JxPath,22,21,25%,Fastazi-P,7,0.0,NA,NA
JxPath,22,21,25%,Random,7,0.9901960784313725,1,0.0196078431372549
JxPath,22,21,30%,Ekstazi,9,0.0,NA,NA
JxPath,22,21,30%,FAST,9,0.0,NA,NA
JxPath,22,21,30%,Ekstazi+dpt,9,0.0,NA,NA
JxPath,22,21,30%,DPT,9,0.0,NA,NA
JxPath,22,21,30%,STARTS,9,0.9901960784313725,1,0.0196078431372549
JxPath,22,21,30%,STARTS+FAST-S,9,0.8725490196078431,7,0.13725490196078433
JxPath,22,21,30%,STARTS+FAST-P,9,0.8333333333333333,9,0.17647058823529413
JxPath,22,21,30%,STARTS+DPT,9,0.0,NA,NA
JxPath,22,21,30%,Fastazi-S,9,0.8725490196078431,7,0.13725490196078433
JxPath,22,21,30%,Fastazi-P,9,0.8529411764705882,8,0.1568627450980392
JxPath,22,21,30%,Random,9,0.9901960784313725,1,0.0196078431372549
JxPath,22,21,40%,Ekstazi,12,0.7745098039215685,12,0.23529411764705882
JxPath,22,21,40%,FAST,12,0.0,NA,NA
JxPath,22,21,40%,Ekstazi+dpt,12,0.0,NA,NA
JxPath,22,21,40%,DPT,12,0.0,NA,NA
JxPath,22,21,40%,STARTS,12,0.9901960784313725,1,0.0196078431372549
JxPath,22,21,40%,STARTS+FAST-S,12,0.8725490196078431,7,0.13725490196078433
JxPath,22,21,40%,STARTS+FAST-P,12,0.8333333333333333,9,0.17647058823529413
JxPath,22,21,40%,STARTS+DPT,12,0.0,NA,NA
JxPath,22,21,40%,Fastazi-S,12,0.8725490196078431,7,0.13725490196078433
JxPath,22,21,40%,Fastazi-P,12,0.8529411764705882,8,0.1568627450980392
JxPath,22,21,40%,Random,12,0.9901960784313725,1,0.0196078431372549
JxPath,22,21,50%,Ekstazi,15,0.7745098039215685,12,0.23529411764705882
JxPath,22,21,50%,FAST,15,0.7549019607843137,13,0.2549019607843137
JxPath,22,21,50%,Ekstazi+dpt,15,0.0,NA,NA
JxPath,22,21,50%,DPT,15,0.0,NA,NA
JxPath,22,21,50%,STARTS,15,0.9901960784313725,1,0.0196078431372549
JxPath,22,21,50%,STARTS+FAST-S,15,0.8725490196078431,7,0.13725490196078433
JxPath,22,21,50%,STARTS+FAST-P,15,0.8333333333333333,9,0.17647058823529413
JxPath,22,21,50%,STARTS+DPT,15,0.0,NA,NA
JxPath,22,21,50%,Fastazi-S,15,0.8725490196078431,7,0.13725490196078433
JxPath,22,21,50%,Fastazi-P,15,0.8529411764705882,8,0.1568627450980392
JxPath,22,21,50%,Random,15,0.9901960784313725,1,0.0196078431372549
JxPath,22,21,60%,Ekstazi,18,0.7745098039215685,12,0.23529411764705882
JxPath,22,21,60%,FAST,18,0.7549019607843137,13,0.2549019607843137
JxPath,22,21,60%,Ekstazi+dpt,18,0.0,NA,NA
JxPath,22,21,60%,DPT,18,0.0,NA,NA
JxPath,22,21,60%,STARTS,18,0.9901960784313725,1,0.0196078431372549
JxPath,22,21,60%,STARTS+FAST-S,18,0.8725490196078431,7,0.13725490196078433
JxPath,22,21,60%,STARTS+FAST-P,18,0.8333333333333333,9,0.17647058823529413
JxPath,22,21,60%,STARTS+DPT,18,0.0,NA,NA
JxPath,22,21,60%,Fastazi-S,18,0.8725490196078431,7,0.13725490196078433
JxPath,22,21,60%,Fastazi-P,18,0.8529411764705882,8,0.1568627450980392
JxPath,22,21,60%,Random,18,0.9901960784313725,1,0.0196078431372549
JxPath,22,21,70%,Ekstazi,21,0.7745098039215685,12,0.23529411764705882
JxPath,22,21,70%,FAST,21,0.7549019607843137,13,0.2549019607843137
JxPath,22,21,70%,Ekstazi+dpt,21,0.0,NA,NA
JxPath,22,21,70%,DPT,21,0.0,NA,NA
JxPath,22,21,70%,STARTS,21,0.9901960784313725,1,0.0196078431372549
JxPath,22,21,70%,STARTS+FAST-S,21,0.8725490196078431,7,0.13725490196078433
JxPath,22,21,70%,STARTS+FAST-P,21,0.8333333333333333,9,0.17647058823529413
JxPath,22,21,70%,STARTS+DPT,21,0.0,NA,NA
JxPath,22,21,70%,Fastazi-S,21,0.8725490196078431,7,0.13725490196078433
JxPath,22,21,70%,Fastazi-P,21,0.8529411764705882,8,0.1568627450980392
JxPath,22,21,70%,Random,21,0.9901960784313725,1,0.0196078431372549
JxPath,22,21,75%,Ekstazi,22,0.7745098039215685,12,0.23529411764705882
JxPath,22,21,75%,FAST,22,0.7549019607843137,13,0.2549019607843137
JxPath,22,21,75%,Ekstazi+dpt,22,0.5784313725490196,22,0.43137254901960786
JxPath,22,21,75%,DPT,22,0.0,NA,NA
JxPath,22,21,75%,STARTS,22,0.9901960784313725,1,0.0196078431372549
JxPath,22,21,75%,STARTS+FAST-S,22,0.8725490196078431,7,0.13725490196078433
JxPath,22,21,75%,STARTS+FAST-P,22,0.8333333333333333,9,0.17647058823529413
JxPath,22,21,75%,STARTS+DPT,22,0.5784313725490196,22,0.43137254901960786
JxPath,22,21,75%,Fastazi-S,22,0.8725490196078431,7,0.13725490196078433
JxPath,22,21,75%,Fastazi-P,22,0.8529411764705882,8,0.1568627450980392
JxPath,22,21,75%,Random,22,0.9901960784313725,1,0.0196078431372549
JxPath,22,21,80%,Ekstazi,24,0.7745098039215685,12,0.23529411764705882
JxPath,22,21,80%,FAST,24,0.7549019607843137,13,0.2549019607843137
JxPath,22,21,80%,Ekstazi+dpt,24,0.5784313725490196,22,0.43137254901960786
JxPath,22,21,80%,DPT,24,0.5588235294117647,23,0.45098039215686275
JxPath,22,21,80%,STARTS,24,0.9901960784313725,1,0.0196078431372549
JxPath,22,21,80%,STARTS+FAST-S,24,0.8725490196078431,7,0.13725490196078433
JxPath,22,21,80%,STARTS+FAST-P,24,0.8333333333333333,9,0.17647058823529413
JxPath,22,21,80%,STARTS+DPT,24,0.5784313725490196,22,0.43137254901960786
JxPath,22,21,80%,Fastazi-S,24,0.8725490196078431,7,0.13725490196078433
JxPath,22,21,80%,Fastazi-P,24,0.8529411764705882,8,0.1568627450980392
JxPath,22,21,80%,Random,24,0.9901960784313725,1,0.0196078431372549
JxPath,22,21,90%,Ekstazi,27,0.7745098039215685,12,0.23529411764705882
JxPath,22,21,90%,FAST,27,0.7549019607843137,13,0.2549019607843137
JxPath,22,21,90%,Ekstazi+dpt,27,0.5784313725490196,22,0.43137254901960786
JxPath,22,21,90%,DPT,27,0.5588235294117647,23,0.45098039215686275
JxPath,22,21,90%,STARTS,27,0.9901960784313725,1,0.0196078431372549
JxPath,22,21,90%,STARTS+FAST-S,27,0.8725490196078431,7,0.13725490196078433
JxPath,22,21,90%,STARTS+FAST-P,27,0.8333333333333333,9,0.17647058823529413
JxPath,22,21,90%,STARTS+DPT,27,0.5784313725490196,22,0.43137254901960786
JxPath,22,21,90%,Fastazi-S,27,0.8725490196078431,7,0.13725490196078433
JxPath,22,21,90%,Fastazi-P,27,0.8529411764705882,8,0.1568627450980392
JxPath,22,21,90%,Random,27,0.9901960784313725,1,0.0196078431372549
JxPath,22,21,100%,Ekstazi,30,0.7745098039215685,12,0.23529411764705882
JxPath,22,21,100%,FAST,30,0.7549019607843137,13,0.2549019607843137
JxPath,22,21,100%,Ekstazi+dpt,30,0.5784313725490196,22,0.43137254901960786
JxPath,22,21,100%,DPT,30,0.5588235294117647,23,0.45098039215686275
JxPath,22,21,100%,STARTS,30,0.9901960784313725,1,0.0196078431372549
JxPath,22,21,100%,STARTS+FAST-S,30,0.8725490196078431,7,0.13725490196078433
JxPath,22,21,100%,STARTS+FAST-P,30,0.8333333333333333,9,0.17647058823529413
JxPath,22,21,100%,STARTS+DPT,30,0.5784313725490196,22,0.43137254901960786
JxPath,22,21,100%,Fastazi-S,30,0.8725490196078431,7,0.13725490196078433
JxPath,22,21,100%,Fastazi-P,30,0.8529411764705882,8,0.1568627450980392
JxPath,22,21,100%,Random,30,0.9901960784313725,1,0.0196078431372549
JxPath,22,22,10%,Ekstazi,3,0.0,NA,NA
JxPath,22,22,10%,FAST,3,0.0,NA,NA
JxPath,22,22,10%,Ekstazi+dpt,3,0.0,NA,NA
JxPath,22,22,10%,DPT,3,0.0,NA,NA
JxPath,22,22,10%,STARTS,3,0.0,NA,NA
JxPath,22,22,10%,STARTS+FAST-S,3,0.0,NA,NA
JxPath,22,22,10%,STARTS+FAST-P,3,0.9901960784313725,1,0.0196078431372549
JxPath,22,22,10%,STARTS+DPT,3,0.0,NA,NA
JxPath,22,22,10%,Fastazi-S,3,0.0,NA,NA
JxPath,22,22,10%,Fastazi-P,3,0.0,NA,NA
JxPath,22,22,10%,Random,3,0.0,NA,NA
JxPath,22,22,20%,Ekstazi,6,0.0,NA,NA
JxPath,22,22,20%,FAST,6,0.0,NA,NA
JxPath,22,22,20%,Ekstazi+dpt,6,0.0,NA,NA
JxPath,22,22,20%,DPT,6,0.0,NA,NA
JxPath,22,22,20%,STARTS,6,0.0,NA,NA
JxPath,22,22,20%,STARTS+FAST-S,6,0.0,NA,NA
JxPath,22,22,20%,STARTS+FAST-P,6,0.9901960784313725,1,0.0196078431372549
JxPath,22,22,20%,STARTS+DPT,6,0.0,NA,NA
JxPath,22,22,20%,Fastazi-S,6,0.0,NA,NA
JxPath,22,22,20%,Fastazi-P,6,0.0,NA,NA
JxPath,22,22,20%,Random,6,0.0,NA,NA
JxPath,22,22,25%,Ekstazi,7,0.0,NA,NA
JxPath,22,22,25%,FAST,7,0.0,NA,NA
JxPath,22,22,25%,Ekstazi+dpt,7,0.0,NA,NA
JxPath,22,22,25%,DPT,7,0.0,NA,NA
JxPath,22,22,25%,STARTS,7,0.0,NA,NA
JxPath,22,22,25%,STARTS+FAST-S,7,0.0,NA,NA
JxPath,22,22,25%,STARTS+FAST-P,7,0.9901960784313725,1,0.0196078431372549
JxPath,22,22,25%,STARTS+DPT,7,0.0,NA,NA
JxPath,22,22,25%,Fastazi-S,7,0.0,NA,NA
JxPath,22,22,25%,Fastazi-P,7,0.0,NA,NA
JxPath,22,22,25%,Random,7,0.0,NA,NA
JxPath,22,22,30%,Ekstazi,9,0.0,NA,NA
JxPath,22,22,30%,FAST,9,0.0,NA,NA
JxPath,22,22,30%,Ekstazi+dpt,9,0.0,NA,NA
JxPath,22,22,30%,DPT,9,0.0,NA,NA
JxPath,22,22,30%,STARTS,9,0.0,NA,NA
JxPath,22,22,30%,STARTS+FAST-S,9,0.8529411764705882,8,0.1568627450980392
JxPath,22,22,30%,STARTS+FAST-P,9,0.9901960784313725,1,0.0196078431372549
JxPath,22,22,30%,STARTS+DPT,9,0.0,NA,NA
JxPath,22,22,30%,Fastazi-S,9,0.8529411764705882,8,0.1568627450980392
JxPath,22,22,30%,Fastazi-P,9,0.8529411764705882,8,0.1568627450980392
JxPath,22,22,30%,Random,9,0.0,NA,NA
JxPath,22,22,40%,Ekstazi,12,0.8137254901960784,10,0.19607843137254902
JxPath,22,22,40%,FAST,12,0.0,NA,NA
JxPath,22,22,40%,Ekstazi+dpt,12,0.0,NA,NA
JxPath,22,22,40%,DPT,12,0.0,NA,NA
JxPath,22,22,40%,STARTS,12,0.0,NA,NA
JxPath,22,22,40%,STARTS+FAST-S,12,0.8529411764705882,8,0.1568627450980392
JxPath,22,22,40%,STARTS+FAST-P,12,0.9901960784313725,1,0.0196078431372549
JxPath,22,22,40%,STARTS+DPT,12,0.0,NA,NA
JxPath,22,22,40%,Fastazi-S,12,0.8529411764705882,8,0.1568627450980392
JxPath,22,22,40%,Fastazi-P,12,0.8529411764705882,8,0.1568627450980392
JxPath,22,22,40%,Random,12,0.0,NA,NA
JxPath,22,22,50%,Ekstazi,15,0.8137254901960784,10,0.19607843137254902
JxPath,22,22,50%,FAST,15,0.7549019607843137,13,0.2549019607843137
JxPath,22,22,50%,Ekstazi+dpt,15,0.0,NA,NA
JxPath,22,22,50%,DPT,15,0.0,NA,NA
JxPath,22,22,50%,STARTS,15,0.0,NA,NA
JxPath,22,22,50%,STARTS+FAST-S,15,0.8529411764705882,8,0.1568627450980392
JxPath,22,22,50%,STARTS+FAST-P,15,0.9901960784313725,1,0.0196078431372549
JxPath,22,22,50%,STARTS+DPT,15,0.0,NA,NA
JxPath,22,22,50%,Fastazi-S,15,0.8529411764705882,8,0.1568627450980392
JxPath,22,22,50%,Fastazi-P,15,0.8529411764705882,8,0.1568627450980392
JxPath,22,22,50%,Random,15,0.7352941176470588,14,0.27450980392156865
JxPath,22,22,60%,Ekstazi,18,0.8137254901960784,10,0.19607843137254902
JxPath,22,22,60%,FAST,18,0.7549019607843137,13,0.2549019607843137
JxPath,22,22,60%,Ekstazi+dpt,18,0.0,NA,NA
JxPath,22,22,60%,DPT,18,0.0,NA,NA
JxPath,22,22,60%,STARTS,18,0.696078431372549,16,0.3137254901960784
JxPath,22,22,60%,STARTS+FAST-S,18,0.8529411764705882,8,0.1568627450980392
JxPath,22,22,60%,STARTS+FAST-P,18,0.9901960784313725,1,0.0196078431372549
JxPath,22,22,60%,STARTS+DPT,18,0.0,NA,NA
JxPath,22,22,60%,Fastazi-S,18,0.8529411764705882,8,0.1568627450980392
JxPath,22,22,60%,Fastazi-P,18,0.8529411764705882,8,0.1568627450980392
JxPath,22,22,60%,Random,18,0.7352941176470588,14,0.27450980392156865
JxPath,22,22,70%,Ekstazi,21,0.8137254901960784,10,0.19607843137254902
JxPath,22,22,70%,FAST,21,0.7549019607843137,13,0.2549019607843137
JxPath,22,22,70%,Ekstazi+dpt,21,0.0,NA,NA
JxPath,22,22,70%,DPT,21,0.0,NA,NA
JxPath,22,22,70%,STARTS,21,0.696078431372549,16,0.3137254901960784
JxPath,22,22,70%,STARTS+FAST-S,21,0.8529411764705882,8,0.1568627450980392
JxPath,22,22,70%,STARTS+FAST-P,21,0.9901960784313725,1,0.0196078431372549
JxPath,22,22,70%,STARTS+DPT,21,0.0,NA,NA
JxPath,22,22,70%,Fastazi-S,21,0.8529411764705882,8,0.1568627450980392
JxPath,22,22,70%,Fastazi-P,21,0.8529411764705882,8,0.1568627450980392
JxPath,22,22,70%,Random,21,0.7352941176470588,14,0.27450980392156865
JxPath,22,22,75%,Ekstazi,22,0.8137254901960784,10,0.19607843137254902
JxPath,22,22,75%,FAST,22,0.7549019607843137,13,0.2549019607843137
JxPath,22,22,75%,Ekstazi+dpt,22,0.5784313725490196,22,0.43137254901960786
JxPath,22,22,75%,DPT,22,0.0,NA,NA
JxPath,22,22,75%,STARTS,22,0.696078431372549,16,0.3137254901960784
JxPath,22,22,75%,STARTS+FAST-S,22,0.8529411764705882,8,0.1568627450980392
JxPath,22,22,75%,STARTS+FAST-P,22,0.9901960784313725,1,0.0196078431372549
JxPath,22,22,75%,STARTS+DPT,22,0.5784313725490196,22,0.43137254901960786
JxPath,22,22,75%,Fastazi-S,22,0.8529411764705882,8,0.1568627450980392
JxPath,22,22,75%,Fastazi-P,22,0.8529411764705882,8,0.1568627450980392
JxPath,22,22,75%,Random,22,0.7352941176470588,14,0.27450980392156865
JxPath,22,22,80%,Ekstazi,24,0.8137254901960784,10,0.19607843137254902
JxPath,22,22,80%,FAST,24,0.7549019607843137,13,0.2549019607843137
JxPath,22,22,80%,Ekstazi+dpt,24,0.5784313725490196,22,0.43137254901960786
JxPath,22,22,80%,DPT,24,0.5588235294117647,23,0.45098039215686275
JxPath,22,22,80%,STARTS,24,0.696078431372549,16,0.3137254901960784
JxPath,22,22,80%,STARTS+FAST-S,24,0.8529411764705882,8,0.1568627450980392
JxPath,22,22,80%,STARTS+FAST-P,24,0.9901960784313725,1,0.0196078431372549
JxPath,22,22,80%,STARTS+DPT,24,0.5784313725490196,22,0.43137254901960786
JxPath,22,22,80%,Fastazi-S,24,0.8529411764705882,8,0.1568627450980392
JxPath,22,22,80%,Fastazi-P,24,0.8529411764705882,8,0.1568627450980392
JxPath,22,22,80%,Random,24,0.7352941176470588,14,0.27450980392156865
JxPath,22,22,90%,Ekstazi,27,0.8137254901960784,10,0.19607843137254902
JxPath,22,22,90%,FAST,27,0.7549019607843137,13,0.2549019607843137
JxPath,22,22,90%,Ekstazi+dpt,27,0.5784313725490196,22,0.43137254901960786
JxPath,22,22,90%,DPT,27,0.5588235294117647,23,0.45098039215686275
JxPath,22,22,90%,STARTS,27,0.696078431372549,16,0.3137254901960784
JxPath,22,22,90%,STARTS+FAST-S,27,0.8529411764705882,8,0.1568627450980392
JxPath,22,22,90%,STARTS+FAST-P,27,0.9901960784313725,1,0.0196078431372549
JxPath,22,22,90%,STARTS+DPT,27,0.5784313725490196,22,0.43137254901960786
JxPath,22,22,90%,Fastazi-S,27,0.8529411764705882,8,0.1568627450980392
JxPath,22,22,90%,Fastazi-P,27,0.8529411764705882,8,0.1568627450980392
JxPath,22,22,90%,Random,27,0.7352941176470588,14,0.27450980392156865
JxPath,22,22,100%,Ekstazi,30,0.8137254901960784,10,0.19607843137254902
JxPath,22,22,100%,FAST,30,0.7549019607843137,13,0.2549019607843137
JxPath,22,22,100%,Ekstazi+dpt,30,0.5784313725490196,22,0.43137254901960786
JxPath,22,22,100%,DPT,30,0.5588235294117647,23,0.45098039215686275
JxPath,22,22,100%,STARTS,30,0.696078431372549,16,0.3137254901960784
JxPath,22,22,100%,STARTS+FAST-S,30,0.8529411764705882,8,0.1568627450980392
JxPath,22,22,100%,STARTS+FAST-P,30,0.9901960784313725,1,0.0196078431372549
JxPath,22,22,100%,STARTS+DPT,30,0.5784313725490196,22,0.43137254901960786
JxPath,22,22,100%,Fastazi-S,30,0.8529411764705882,8,0.1568627450980392
JxPath,22,22,100%,Fastazi-P,30,0.8529411764705882,8,0.1568627450980392
JxPath,22,22,100%,Random,30,0.7352941176470588,14,0.27450980392156865
JxPath,22,23,10%,Ekstazi,3,0.0,NA,NA
JxPath,22,23,10%,FAST,3,0.0,NA,NA
JxPath,22,23,10%,Ekstazi+dpt,3,0.0,NA,NA
JxPath,22,23,10%,DPT,3,0.0,NA,NA
JxPath,22,23,10%,STARTS,3,0.0,NA,NA
JxPath,22,23,10%,STARTS+FAST-S,3,0.9509803921568627,3,0.058823529411764705
JxPath,22,23,10%,STARTS+FAST-P,3,0.9509803921568627,3,0.058823529411764705
JxPath,22,23,10%,STARTS+DPT,3,0.0,NA,NA
JxPath,22,23,10%,Fastazi-S,3,0.0,NA,NA
JxPath,22,23,10%,Fastazi-P,3,0.0,NA,NA
JxPath,22,23,10%,Random,3,0.0,NA,NA
JxPath,22,23,20%,Ekstazi,6,0.0,NA,NA
JxPath,22,23,20%,FAST,6,0.0,NA,NA
JxPath,22,23,20%,Ekstazi+dpt,6,0.0,NA,NA
JxPath,22,23,20%,DPT,6,0.0,NA,NA
JxPath,22,23,20%,STARTS,6,0.0,NA,NA
JxPath,22,23,20%,STARTS+FAST-S,6,0.9509803921568627,3,0.058823529411764705
JxPath,22,23,20%,STARTS+FAST-P,6,0.9509803921568627,3,0.058823529411764705
JxPath,22,23,20%,STARTS+DPT,6,0.0,NA,NA
JxPath,22,23,20%,Fastazi-S,6,0.0,NA,NA
JxPath,22,23,20%,Fastazi-P,6,0.0,NA,NA
JxPath,22,23,20%,Random,6,0.0,NA,NA
JxPath,22,23,25%,Ekstazi,7,0.0,NA,NA
JxPath,22,23,25%,FAST,7,0.0,NA,NA
JxPath,22,23,25%,Ekstazi+dpt,7,0.0,NA,NA
JxPath,22,23,25%,DPT,7,0.0,NA,NA
JxPath,22,23,25%,STARTS,7,0.0,NA,NA
JxPath,22,23,25%,STARTS+FAST-S,7,0.9509803921568627,3,0.058823529411764705
JxPath,22,23,25%,STARTS+FAST-P,7,0.9509803921568627,3,0.058823529411764705
JxPath,22,23,25%,STARTS+DPT,7,0.0,NA,NA
JxPath,22,23,25%,Fastazi-S,7,0.8725490196078431,7,0.13725490196078433
JxPath,22,23,25%,Fastazi-P,7,0.0,NA,NA
JxPath,22,23,25%,Random,7,0.0,NA,NA
JxPath,22,23,30%,Ekstazi,9,0.0,NA,NA
JxPath,22,23,30%,FAST,9,0.0,NA,NA
JxPath,22,23,30%,Ekstazi+dpt,9,0.0,NA,NA
JxPath,22,23,30%,DPT,9,0.0,NA,NA
JxPath,22,23,30%,STARTS,9,0.0,NA,NA
JxPath,22,23,30%,STARTS+FAST-S,9,0.9509803921568627,3,0.058823529411764705
JxPath,22,23,30%,STARTS+FAST-P,9,0.9509803921568627,3,0.058823529411764705
JxPath,22,23,30%,STARTS+DPT,9,0.0,NA,NA
JxPath,22,23,30%,Fastazi-S,9,0.8725490196078431,7,0.13725490196078433
JxPath,22,23,30%,Fastazi-P,9,0.8529411764705882,8,0.1568627450980392
JxPath,22,23,30%,Random,9,0.0,NA,NA
JxPath,22,23,40%,Ekstazi,12,0.0,NA,NA
JxPath,22,23,40%,FAST,12,0.7745098039215685,12,0.23529411764705882
JxPath,22,23,40%,Ekstazi+dpt,12,0.0,NA,NA
JxPath,22,23,40%,DPT,12,0.0,NA,NA
JxPath,22,23,40%,STARTS,12,0.0,NA,NA
JxPath,22,23,40%,STARTS+FAST-S,12,0.9509803921568627,3,0.058823529411764705
JxPath,22,23,40%,STARTS+FAST-P,12,0.9509803921568627,3,0.058823529411764705
JxPath,22,23,40%,STARTS+DPT,12,0.0,NA,NA
JxPath,22,23,40%,Fastazi-S,12,0.8725490196078431,7,0.13725490196078433
JxPath,22,23,40%,Fastazi-P,12,0.8529411764705882,8,0.1568627450980392
JxPath,22,23,40%,Random,12,0.0,NA,NA
JxPath,22,23,50%,Ekstazi,15,0.0,NA,NA
JxPath,22,23,50%,FAST,15,0.7745098039215685,12,0.23529411764705882
JxPath,22,23,50%,Ekstazi+dpt,15,0.0,NA,NA
JxPath,22,23,50%,DPT,15,0.0,NA,NA
JxPath,22,23,50%,STARTS,15,0.0,NA,NA
JxPath,22,23,50%,STARTS+FAST-S,15,0.9509803921568627,3,0.058823529411764705
JxPath,22,23,50%,STARTS+FAST-P,15,0.9509803921568627,3,0.058823529411764705
JxPath,22,23,50%,STARTS+DPT,15,0.0,NA,NA
JxPath,22,23,50%,Fastazi-S,15,0.8725490196078431,7,0.13725490196078433
JxPath,22,23,50%,Fastazi-P,15,0.8529411764705882,8,0.1568627450980392
JxPath,22,23,50%,Random,15,0.0,NA,NA
JxPath,22,23,60%,Ekstazi,18,0.6568627450980391,18,0.35294117647058826
JxPath,22,23,60%,FAST,18,0.7745098039215685,12,0.23529411764705882
JxPath,22,23,60%,Ekstazi+dpt,18,0.0,NA,NA
JxPath,22,23,60%,DPT,18,0.0,NA,NA
JxPath,22,23,60%,STARTS,18,0.0,NA,NA
JxPath,22,23,60%,STARTS+FAST-S,18,0.9509803921568627,3,0.058823529411764705
JxPath,22,23,60%,STARTS+FAST-P,18,0.9509803921568627,3,0.058823529411764705
JxPath,22,23,60%,STARTS+DPT,18,0.0,NA,NA
JxPath,22,23,60%,Fastazi-S,18,0.8725490196078431,7,0.13725490196078433
JxPath,22,23,60%,Fastazi-P,18,0.8529411764705882,8,0.1568627450980392
JxPath,22,23,60%,Random,18,0.0,NA,NA
JxPath,22,23,70%,Ekstazi,21,0.6568627450980391,18,0.35294117647058826
JxPath,22,23,70%,FAST,21,0.7745098039215685,12,0.23529411764705882
JxPath,22,23,70%,Ekstazi+dpt,21,0.0,NA,NA
JxPath,22,23,70%,DPT,21,0.0,NA,NA
JxPath,22,23,70%,STARTS,21,0.5980392156862745,21,0.4117647058823529
JxPath,22,23,70%,STARTS+FAST-S,21,0.9509803921568627,3,0.058823529411764705
JxPath,22,23,70%,STARTS+FAST-P,21,0.9509803921568627,3,0.058823529411764705
JxPath,22,23,70%,STARTS+DPT,21,0.0,NA,NA
JxPath,22,23,70%,Fastazi-S,21,0.8725490196078431,7,0.13725490196078433
JxPath,22,23,70%,Fastazi-P,21,0.8529411764705882,8,0.1568627450980392
JxPath,22,23,70%,Random,21,0.0,NA,NA
JxPath,22,23,75%,Ekstazi,22,0.6568627450980391,18,0.35294117647058826
JxPath,22,23,75%,FAST,22,0.7745098039215685,12,0.23529411764705882
JxPath,22,23,75%,Ekstazi+dpt,22,0.5784313725490196,22,0.43137254901960786
JxPath,22,23,75%,DPT,22,0.0,NA,NA
JxPath,22,23,75%,STARTS,22,0.5980392156862745,21,0.4117647058823529
JxPath,22,23,75%,STARTS+FAST-S,22,0.9509803921568627,3,0.058823529411764705
JxPath,22,23,75%,STARTS+FAST-P,22,0.9509803921568627,3,0.058823529411764705
JxPath,22,23,75%,STARTS+DPT,22,0.5784313725490196,22,0.43137254901960786
JxPath,22,23,75%,Fastazi-S,22,0.8725490196078431,7,0.13725490196078433
JxPath,22,23,75%,Fastazi-P,22,0.8529411764705882,8,0.1568627450980392
JxPath,22,23,75%,Random,22,0.0,NA,NA
JxPath,22,23,80%,Ekstazi,24,0.6568627450980391,18,0.35294117647058826
JxPath,22,23,80%,FAST,24,0.7745098039215685,12,0.23529411764705882
JxPath,22,23,80%,Ekstazi+dpt,24,0.5784313725490196,22,0.43137254901960786
JxPath,22,23,80%,DPT,24,0.5588235294117647,23,0.45098039215686275
JxPath,22,23,80%,STARTS,24,0.5980392156862745,21,0.4117647058823529
JxPath,22,23,80%,STARTS+FAST-S,24,0.9509803921568627,3,0.058823529411764705
JxPath,22,23,80%,STARTS+FAST-P,24,0.9509803921568627,3,0.058823529411764705
JxPath,22,23,80%,STARTS+DPT,24,0.5784313725490196,22,0.43137254901960786
JxPath,22,23,80%,Fastazi-S,24,0.8725490196078431,7,0.13725490196078433
JxPath,22,23,80%,Fastazi-P,24,0.8529411764705882,8,0.1568627450980392
JxPath,22,23,80%,Random,24,0.0,NA,NA
JxPath,22,23,90%,Ekstazi,27,0.6568627450980391,18,0.35294117647058826
JxPath,22,23,90%,FAST,27,0.7745098039215685,12,0.23529411764705882
JxPath,22,23,90%,Ekstazi+dpt,27,0.5784313725490196,22,0.43137254901960786
JxPath,22,23,90%,DPT,27,0.5588235294117647,23,0.45098039215686275
JxPath,22,23,90%,STARTS,27,0.5980392156862745,21,0.4117647058823529
JxPath,22,23,90%,STARTS+FAST-S,27,0.9509803921568627,3,0.058823529411764705
JxPath,22,23,90%,STARTS+FAST-P,27,0.9509803921568627,3,0.058823529411764705
JxPath,22,23,90%,STARTS+DPT,27,0.5784313725490196,22,0.43137254901960786
JxPath,22,23,90%,Fastazi-S,27,0.8725490196078431,7,0.13725490196078433
JxPath,22,23,90%,Fastazi-P,27,0.8529411764705882,8,0.1568627450980392
JxPath,22,23,90%,Random,27,0.0,NA,NA
JxPath,22,23,100%,Ekstazi,30,0.6568627450980391,18,0.35294117647058826
JxPath,22,23,100%,FAST,30,0.7745098039215685,12,0.23529411764705882
JxPath,22,23,100%,Ekstazi+dpt,30,0.5784313725490196,22,0.43137254901960786
JxPath,22,23,100%,DPT,30,0.5588235294117647,23,0.45098039215686275
JxPath,22,23,100%,STARTS,30,0.5980392156862745,21,0.4117647058823529
JxPath,22,23,100%,STARTS+FAST-S,30,0.9509803921568627,3,0.058823529411764705
JxPath,22,23,100%,STARTS+FAST-P,30,0.9509803921568627,3,0.058823529411764705
JxPath,22,23,100%,STARTS+DPT,30,0.5784313725490196,22,0.43137254901960786
JxPath,22,23,100%,Fastazi-S,30,0.8725490196078431,7,0.13725490196078433
JxPath,22,23,100%,Fastazi-P,30,0.8529411764705882,8,0.1568627450980392
JxPath,22,23,100%,Random,30,0.0,NA,NA
JxPath,22,24,10%,Ekstazi,3,0.0,NA,NA
JxPath,22,24,10%,FAST,3,0.0,NA,NA
JxPath,22,24,10%,Ekstazi+dpt,3,0.0,NA,NA
JxPath,22,24,10%,DPT,3,0.0,NA,NA
JxPath,22,24,10%,STARTS,3,0.0,NA,NA
JxPath,22,24,10%,STARTS+FAST-S,3,0.9901960784313725,1,0.0196078431372549
JxPath,22,24,10%,STARTS+FAST-P,3,0.9509803921568627,3,0.058823529411764705
JxPath,22,24,10%,STARTS+DPT,3,0.0,NA,NA
JxPath,22,24,10%,Fastazi-S,3,0.0,NA,NA
JxPath,22,24,10%,Fastazi-P,3,0.0,NA,NA
JxPath,22,24,10%,Random,3,0.0,NA,NA
JxPath,22,24,20%,Ekstazi,6,0.0,NA,NA
JxPath,22,24,20%,FAST,6,0.0,NA,NA
JxPath,22,24,20%,Ekstazi+dpt,6,0.0,NA,NA
JxPath,22,24,20%,DPT,6,0.0,NA,NA
JxPath,22,24,20%,STARTS,6,0.0,NA,NA
JxPath,22,24,20%,STARTS+FAST-S,6,0.9901960784313725,1,0.0196078431372549
JxPath,22,24,20%,STARTS+FAST-P,6,0.9509803921568627,3,0.058823529411764705
JxPath,22,24,20%,STARTS+DPT,6,0.0,NA,NA
JxPath,22,24,20%,Fastazi-S,6,0.0,NA,NA
JxPath,22,24,20%,Fastazi-P,6,0.0,NA,NA
JxPath,22,24,20%,Random,6,0.0,NA,NA
JxPath,22,24,25%,Ekstazi,7,0.0,NA,NA
JxPath,22,24,25%,FAST,7,0.0,NA,NA
JxPath,22,24,25%,Ekstazi+dpt,7,0.0,NA,NA
JxPath,22,24,25%,DPT,7,0.0,NA,NA
JxPath,22,24,25%,STARTS,7,0.0,NA,NA
JxPath,22,24,25%,STARTS+FAST-S,7,0.9901960784313725,1,0.0196078431372549
JxPath,22,24,25%,STARTS+FAST-P,7,0.9509803921568627,3,0.058823529411764705
JxPath,22,24,25%,STARTS+DPT,7,0.0,NA,NA
JxPath,22,24,25%,Fastazi-S,7,0.8725490196078431,7,0.13725490196078433
JxPath,22,24,25%,Fastazi-P,7,0.0,NA,NA
JxPath,22,24,25%,Random,7,0.0,NA,NA
JxPath,22,24,30%,Ekstazi,9,0.0,NA,NA
JxPath,22,24,30%,FAST,9,0.0,NA,NA
JxPath,22,24,30%,Ekstazi+dpt,9,0.0,NA,NA
JxPath,22,24,30%,DPT,9,0.0,NA,NA
JxPath,22,24,30%,STARTS,9,0.0,NA,NA
JxPath,22,24,30%,STARTS+FAST-S,9,0.9901960784313725,1,0.0196078431372549
JxPath,22,24,30%,STARTS+FAST-P,9,0.9509803921568627,3,0.058823529411764705
JxPath,22,24,30%,STARTS+DPT,9,0.0,NA,NA
JxPath,22,24,30%,Fastazi-S,9,0.8725490196078431,7,0.13725490196078433
JxPath,22,24,30%,Fastazi-P,9,0.8529411764705882,8,0.1568627450980392
JxPath,22,24,30%,Random,9,0.0,NA,NA
JxPath,22,24,40%,Ekstazi,12,0.0,NA,NA
JxPath,22,24,40%,FAST,12,0.0,NA,NA
JxPath,22,24,40%,Ekstazi+dpt,12,0.0,NA,NA
JxPath,22,24,40%,DPT,12,0.0,NA,NA
JxPath,22,24,40%,STARTS,12,0.0,NA,NA
JxPath,22,24,40%,STARTS+FAST-S,12,0.9901960784313725,1,0.0196078431372549
JxPath,22,24,40%,STARTS+FAST-P,12,0.9509803921568627,3,0.058823529411764705
JxPath,22,24,40%,STARTS+DPT,12,0.0,NA,NA
JxPath,22,24,40%,Fastazi-S,12,0.8725490196078431,7,0.13725490196078433
JxPath,22,24,40%,Fastazi-P,12,0.8529411764705882,8,0.1568627450980392
JxPath,22,24,40%,Random,12,0.0,NA,NA
JxPath,22,24,50%,Ekstazi,15,0.7352941176470588,14,0.27450980392156865
JxPath,22,24,50%,FAST,15,0.7549019607843137,13,0.2549019607843137
JxPath,22,24,50%,Ekstazi+dpt,15,0.0,NA,NA
JxPath,22,24,50%,DPT,15,0.0,NA,NA
JxPath,22,24,50%,STARTS,15,0.0,NA,NA
JxPath,22,24,50%,STARTS+FAST-S,15,0.9901960784313725,1,0.0196078431372549
JxPath,22,24,50%,STARTS+FAST-P,15,0.9509803921568627,3,0.058823529411764705
JxPath,22,24,50%,STARTS+DPT,15,0.0,NA,NA
JxPath,22,24,50%,Fastazi-S,15,0.8725490196078431,7,0.13725490196078433
JxPath,22,24,50%,Fastazi-P,15,0.8529411764705882,8,0.1568627450980392
JxPath,22,24,50%,Random,15,0.7352941176470588,14,0.27450980392156865
JxPath,22,24,60%,Ekstazi,18,0.7352941176470588,14,0.27450980392156865
JxPath,22,24,60%,FAST,18,0.7549019607843137,13,0.2549019607843137
JxPath,22,24,60%,Ekstazi+dpt,18,0.0,NA,NA
JxPath,22,24,60%,DPT,18,0.0,NA,NA
JxPath,22,24,60%,STARTS,18,0.6764705882352942,17,0.3333333333333333
JxPath,22,24,60%,STARTS+FAST-S,18,0.9901960784313725,1,0.0196078431372549
JxPath,22,24,60%,STARTS+FAST-P,18,0.9509803921568627,3,0.058823529411764705
JxPath,22,24,60%,STARTS+DPT,18,0.0,NA,NA
JxPath,22,24,60%,Fastazi-S,18,0.8725490196078431,7,0.13725490196078433
JxPath,22,24,60%,Fastazi-P,18,0.8529411764705882,8,0.1568627450980392
JxPath,22,24,60%,Random,18,0.7352941176470588,14,0.27450980392156865
JxPath,22,24,70%,Ekstazi,21,0.7352941176470588,14,0.27450980392156865
JxPath,22,24,70%,FAST,21,0.7549019607843137,13,0.2549019607843137
JxPath,22,24,70%,Ekstazi+dpt,21,0.0,NA,NA
JxPath,22,24,70%,DPT,21,0.0,NA,NA
JxPath,22,24,70%,STARTS,21,0.6764705882352942,17,0.3333333333333333
JxPath,22,24,70%,STARTS+FAST-S,21,0.9901960784313725,1,0.0196078431372549
JxPath,22,24,70%,STARTS+FAST-P,21,0.9509803921568627,3,0.058823529411764705
JxPath,22,24,70%,STARTS+DPT,21,0.0,NA,NA
JxPath,22,24,70%,Fastazi-S,21,0.8725490196078431,7,0.13725490196078433
JxPath,22,24,70%,Fastazi-P,21,0.8529411764705882,8,0.1568627450980392
JxPath,22,24,70%,Random,21,0.7352941176470588,14,0.27450980392156865
JxPath,22,24,75%,Ekstazi,22,0.7352941176470588,14,0.27450980392156865
JxPath,22,24,75%,FAST,22,0.7549019607843137,13,0.2549019607843137
JxPath,22,24,75%,Ekstazi+dpt,22,0.5784313725490196,22,0.43137254901960786
JxPath,22,24,75%,DPT,22,0.0,NA,NA
JxPath,22,24,75%,STARTS,22,0.6764705882352942,17,0.3333333333333333
JxPath,22,24,75%,STARTS+FAST-S,22,0.9901960784313725,1,0.0196078431372549
JxPath,22,24,75%,STARTS+FAST-P,22,0.9509803921568627,3,0.058823529411764705
JxPath,22,24,75%,STARTS+DPT,22,0.5784313725490196,22,0.43137254901960786
JxPath,22,24,75%,Fastazi-S,22,0.8725490196078431,7,0.13725490196078433
JxPath,22,24,75%,Fastazi-P,22,0.8529411764705882,8,0.1568627450980392
JxPath,22,24,75%,Random,22,0.7352941176470588,14,0.27450980392156865
JxPath,22,24,80%,Ekstazi,24,0.7352941176470588,14,0.27450980392156865
JxPath,22,24,80%,FAST,24,0.7549019607843137,13,0.2549019607843137
JxPath,22,24,80%,Ekstazi+dpt,24,0.5784313725490196,22,0.43137254901960786
JxPath,22,24,80%,DPT,24,0.5588235294117647,23,0.45098039215686275
JxPath,22,24,80%,STARTS,24,0.6764705882352942,17,0.3333333333333333
JxPath,22,24,80%,STARTS+FAST-S,24,0.9901960784313725,1,0.0196078431372549
JxPath,22,24,80%,STARTS+FAST-P,24,0.9509803921568627,3,0.058823529411764705
JxPath,22,24,80%,STARTS+DPT,24,0.5784313725490196,22,0.43137254901960786
JxPath,22,24,80%,Fastazi-S,24,0.8725490196078431,7,0.13725490196078433
JxPath,22,24,80%,Fastazi-P,24,0.8529411764705882,8,0.1568627450980392
JxPath,22,24,80%,Random,24,0.7352941176470588,14,0.27450980392156865
JxPath,22,24,90%,Ekstazi,27,0.7352941176470588,14,0.27450980392156865
JxPath,22,24,90%,FAST,27,0.7549019607843137,13,0.2549019607843137
JxPath,22,24,90%,Ekstazi+dpt,27,0.5784313725490196,22,0.43137254901960786
JxPath,22,24,90%,DPT,27,0.5588235294117647,23,0.45098039215686275
JxPath,22,24,90%,STARTS,27,0.6764705882352942,17,0.3333333333333333
JxPath,22,24,90%,STARTS+FAST-S,27,0.9901960784313725,1,0.0196078431372549
JxPath,22,24,90%,STARTS+FAST-P,27,0.9509803921568627,3,0.058823529411764705
JxPath,22,24,90%,STARTS+DPT,27,0.5784313725490196,22,0.43137254901960786
JxPath,22,24,90%,Fastazi-S,27,0.8725490196078431,7,0.13725490196078433
JxPath,22,24,90%,Fastazi-P,27,0.8529411764705882,8,0.1568627450980392
JxPath,22,24,90%,Random,27,0.7352941176470588,14,0.27450980392156865
JxPath,22,24,100%,Ekstazi,30,0.7352941176470588,14,0.27450980392156865
JxPath,22,24,100%,FAST,30,0.7549019607843137,13,0.2549019607843137
JxPath,22,24,100%,Ekstazi+dpt,30,0.5784313725490196,22,0.43137254901960786
JxPath,22,24,100%,DPT,30,0.5588235294117647,23,0.45098039215686275
JxPath,22,24,100%,STARTS,30,0.6764705882352942,17,0.3333333333333333
JxPath,22,24,100%,STARTS+FAST-S,30,0.9901960784313725,1,0.0196078431372549
JxPath,22,24,100%,STARTS+FAST-P,30,0.9509803921568627,3,0.058823529411764705
JxPath,22,24,100%,STARTS+DPT,30,0.5784313725490196,22,0.43137254901960786
JxPath,22,24,100%,Fastazi-S,30,0.8725490196078431,7,0.13725490196078433
JxPath,22,24,100%,Fastazi-P,30,0.8529411764705882,8,0.1568627450980392
JxPath,22,24,100%,Random,30,0.7352941176470588,14,0.27450980392156865
JxPath,22,25,10%,Ekstazi,3,0.0,NA,NA
JxPath,22,25,10%,FAST,3,0.0,NA,NA
JxPath,22,25,10%,Ekstazi+dpt,3,0.0,NA,NA
JxPath,22,25,10%,DPT,3,0.0,NA,NA
JxPath,22,25,10%,STARTS,3,0.0,NA,NA
JxPath,22,25,10%,STARTS+FAST-S,3,0.0,NA,NA
JxPath,22,25,10%,STARTS+FAST-P,3,0.0,NA,NA
JxPath,22,25,10%,STARTS+DPT,3,0.0,NA,NA
JxPath,22,25,10%,Fastazi-S,3,0.0,NA,NA
JxPath,22,25,10%,Fastazi-P,3,0.0,NA,NA
JxPath,22,25,10%,Random,3,0.0,NA,NA
JxPath,22,25,20%,Ekstazi,6,0.0,NA,NA
JxPath,22,25,20%,FAST,6,0.0,NA,NA
JxPath,22,25,20%,Ekstazi+dpt,6,0.0,NA,NA
JxPath,22,25,20%,DPT,6,0.0,NA,NA
JxPath,22,25,20%,STARTS,6,0.0,NA,NA
JxPath,22,25,20%,STARTS+FAST-S,6,0.0,NA,NA
JxPath,22,25,20%,STARTS+FAST-P,6,0.0,NA,NA
JxPath,22,25,20%,STARTS+DPT,6,0.0,NA,NA
JxPath,22,25,20%,Fastazi-S,6,0.0,NA,NA
JxPath,22,25,20%,Fastazi-P,6,0.0,NA,NA
JxPath,22,25,20%,Random,6,0.0,NA,NA
JxPath,22,25,25%,Ekstazi,7,0.8725490196078431,7,0.13725490196078433
JxPath,22,25,25%,FAST,7,0.0,NA,NA
JxPath,22,25,25%,Ekstazi+dpt,7,0.0,NA,NA
JxPath,22,25,25%,DPT,7,0.0,NA,NA
JxPath,22,25,25%,STARTS,7,0.0,NA,NA
JxPath,22,25,25%,STARTS+FAST-S,7,0.8725490196078431,7,0.13725490196078433
JxPath,22,25,25%,STARTS+FAST-P,7,0.0,NA,NA
JxPath,22,25,25%,STARTS+DPT,7,0.0,NA,NA
JxPath,22,25,25%,Fastazi-S,7,0.0,NA,NA
JxPath,22,25,25%,Fastazi-P,7,0.0,NA,NA
JxPath,22,25,25%,Random,7,0.0,NA,NA
JxPath,22,25,30%,Ekstazi,9,0.8725490196078431,7,0.13725490196078433
JxPath,22,25,30%,FAST,9,0.0,NA,NA
JxPath,22,25,30%,Ekstazi+dpt,9,0.0,NA,NA
JxPath,22,25,30%,DPT,9,0.0,NA,NA
JxPath,22,25,30%,STARTS,9,0.0,NA,NA
JxPath,22,25,30%,STARTS+FAST-S,9,0.8725490196078431,7,0.13725490196078433
JxPath,22,25,30%,STARTS+FAST-P,9,0.8529411764705882,8,0.1568627450980392
JxPath,22,25,30%,STARTS+DPT,9,0.0,NA,NA
JxPath,22,25,30%,Fastazi-S,9,0.0,NA,NA
JxPath,22,25,30%,Fastazi-P,9,0.8333333333333333,9,0.17647058823529413
JxPath,22,25,30%,Random,9,0.0,NA,NA
JxPath,22,25,40%,Ekstazi,12,0.8725490196078431,7,0.13725490196078433
JxPath,22,25,40%,FAST,12,0.0,NA,NA
JxPath,22,25,40%,Ekstazi+dpt,12,0.0,NA,NA
JxPath,22,25,40%,DPT,12,0.0,NA,NA
JxPath,22,25,40%,STARTS,12,0.0,NA,NA
JxPath,22,25,40%,STARTS+FAST-S,12,0.8725490196078431,7,0.13725490196078433
JxPath,22,25,40%,STARTS+FAST-P,12,0.8529411764705882,8,0.1568627450980392
JxPath,22,25,40%,STARTS+DPT,12,0.0,NA,NA
JxPath,22,25,40%,Fastazi-S,12,0.8137254901960784,10,0.19607843137254902
JxPath,22,25,40%,Fastazi-P,12,0.8333333333333333,9,0.17647058823529413
JxPath,22,25,40%,Random,12,0.0,NA,NA
JxPath,22,25,50%,Ekstazi,15,0.8725490196078431,7,0.13725490196078433
JxPath,22,25,50%,FAST,15,0.7549019607843137,13,0.2549019607843137
JxPath,22,25,50%,Ekstazi+dpt,15,0.0,NA,NA
JxPath,22,25,50%,DPT,15,0.0,NA,NA
JxPath,22,25,50%,STARTS,15,0.7549019607843137,13,0.2549019607843137
JxPath,22,25,50%,STARTS+FAST-S,15,0.8725490196078431,7,0.13725490196078433
JxPath,22,25,50%,STARTS+FAST-P,15,0.8529411764705882,8,0.1568627450980392
JxPath,22,25,50%,STARTS+DPT,15,0.0,NA,NA
JxPath,22,25,50%,Fastazi-S,15,0.8137254901960784,10,0.19607843137254902
JxPath,22,25,50%,Fastazi-P,15,0.8333333333333333,9,0.17647058823529413
JxPath,22,25,50%,Random,15,0.0,NA,NA
JxPath,22,25,60%,Ekstazi,18,0.8725490196078431,7,0.13725490196078433
JxPath,22,25,60%,FAST,18,0.7549019607843137,13,0.2549019607843137
JxPath,22,25,60%,Ekstazi+dpt,18,0.0,NA,NA
JxPath,22,25,60%,DPT,18,0.0,NA,NA
JxPath,22,25,60%,STARTS,18,0.7549019607843137,13,0.2549019607843137
JxPath,22,25,60%,STARTS+FAST-S,18,0.8725490196078431,7,0.13725490196078433
JxPath,22,25,60%,STARTS+FAST-P,18,0.8529411764705882,8,0.1568627450980392
JxPath,22,25,60%,STARTS+DPT,18,0.0,NA,NA
JxPath,22,25,60%,Fastazi-S,18,0.8137254901960784,10,0.19607843137254902
JxPath,22,25,60%,Fastazi-P,18,0.8333333333333333,9,0.17647058823529413
JxPath,22,25,60%,Random,18,0.0,NA,NA
JxPath,22,25,70%,Ekstazi,21,0.8725490196078431,7,0.13725490196078433
JxPath,22,25,70%,FAST,21,0.7549019607843137,13,0.2549019607843137
JxPath,22,25,70%,Ekstazi+dpt,21,0.0,NA,NA
JxPath,22,25,70%,DPT,21,0.0,NA,NA
JxPath,22,25,70%,STARTS,21,0.7549019607843137,13,0.2549019607843137
JxPath,22,25,70%,STARTS+FAST-S,21,0.8725490196078431,7,0.13725490196078433
JxPath,22,25,70%,STARTS+FAST-P,21,0.8529411764705882,8,0.1568627450980392
JxPath,22,25,70%,STARTS+DPT,21,0.0,NA,NA
JxPath,22,25,70%,Fastazi-S,21,0.8137254901960784,10,0.19607843137254902
JxPath,22,25,70%,Fastazi-P,21,0.8333333333333333,9,0.17647058823529413
JxPath,22,25,70%,Random,21,0.0,NA,NA
JxPath,22,25,75%,Ekstazi,22,0.8725490196078431,7,0.13725490196078433
JxPath,22,25,75%,FAST,22,0.7549019607843137,13,0.2549019607843137
JxPath,22,25,75%,Ekstazi+dpt,22,0.5784313725490196,22,0.43137254901960786
JxPath,22,25,75%,DPT,22,0.0,NA,NA
JxPath,22,25,75%,STARTS,22,0.7549019607843137,13,0.2549019607843137
JxPath,22,25,75%,STARTS+FAST-S,22,0.8725490196078431,7,0.13725490196078433
JxPath,22,25,75%,STARTS+FAST-P,22,0.8529411764705882,8,0.1568627450980392
JxPath,22,25,75%,STARTS+DPT,22,0.5784313725490196,22,0.43137254901960786
JxPath,22,25,75%,Fastazi-S,22,0.8137254901960784,10,0.19607843137254902
JxPath,22,25,75%,Fastazi-P,22,0.8333333333333333,9,0.17647058823529413
JxPath,22,25,75%,Random,22,0.0,NA,NA
JxPath,22,25,80%,Ekstazi,24,0.8725490196078431,7,0.13725490196078433
JxPath,22,25,80%,FAST,24,0.7549019607843137,13,0.2549019607843137
JxPath,22,25,80%,Ekstazi+dpt,24,0.5784313725490196,22,0.43137254901960786
JxPath,22,25,80%,DPT,24,0.5588235294117647,23,0.45098039215686275
JxPath,22,25,80%,STARTS,24,0.7549019607843137,13,0.2549019607843137
JxPath,22,25,80%,STARTS+FAST-S,24,0.8725490196078431,7,0.13725490196078433
JxPath,22,25,80%,STARTS+FAST-P,24,0.8529411764705882,8,0.1568627450980392
JxPath,22,25,80%,STARTS+DPT,24,0.5784313725490196,22,0.43137254901960786
JxPath,22,25,80%,Fastazi-S,24,0.8137254901960784,10,0.19607843137254902
JxPath,22,25,80%,Fastazi-P,24,0.8333333333333333,9,0.17647058823529413
JxPath,22,25,80%,Random,24,0.0,NA,NA
JxPath,22,25,90%,Ekstazi,27,0.8725490196078431,7,0.13725490196078433
JxPath,22,25,90%,FAST,27,0.7549019607843137,13,0.2549019607843137
JxPath,22,25,90%,Ekstazi+dpt,27,0.5784313725490196,22,0.43137254901960786
JxPath,22,25,90%,DPT,27,0.5588235294117647,23,0.45098039215686275
JxPath,22,25,90%,STARTS,27,0.7549019607843137,13,0.2549019607843137
JxPath,22,25,90%,STARTS+FAST-S,27,0.8725490196078431,7,0.13725490196078433
JxPath,22,25,90%,STARTS+FAST-P,27,0.8529411764705882,8,0.1568627450980392
JxPath,22,25,90%,STARTS+DPT,27,0.5784313725490196,22,0.43137254901960786
JxPath,22,25,90%,Fastazi-S,27,0.8137254901960784,10,0.19607843137254902
JxPath,22,25,90%,Fastazi-P,27,0.8333333333333333,9,0.17647058823529413
JxPath,22,25,90%,Random,27,0.0,NA,NA
JxPath,22,25,100%,Ekstazi,30,0.8725490196078431,7,0.13725490196078433
JxPath,22,25,100%,FAST,30,0.7549019607843137,13,0.2549019607843137
JxPath,22,25,100%,Ekstazi+dpt,30,0.5784313725490196,22,0.43137254901960786
JxPath,22,25,100%,DPT,30,0.5588235294117647,23,0.45098039215686275
JxPath,22,25,100%,STARTS,30,0.7549019607843137,13,0.2549019607843137
JxPath,22,25,100%,STARTS+FAST-S,30,0.8725490196078431,7,0.13725490196078433
JxPath,22,25,100%,STARTS+FAST-P,30,0.8529411764705882,8,0.1568627450980392
JxPath,22,25,100%,STARTS+DPT,30,0.5784313725490196,22,0.43137254901960786
JxPath,22,25,100%,Fastazi-S,30,0.8137254901960784,10,0.19607843137254902
JxPath,22,25,100%,Fastazi-P,30,0.8333333333333333,9,0.17647058823529413
JxPath,22,25,100%,Random,30,0.0,NA,NA
JxPath,22,26,10%,Ekstazi,3,0.0,NA,NA
JxPath,22,26,10%,FAST,3,0.0,NA,NA
JxPath,22,26,10%,Ekstazi+dpt,3,0.0,NA,NA
JxPath,22,26,10%,DPT,3,0.0,NA,NA
JxPath,22,26,10%,STARTS,3,0.0,NA,NA
JxPath,22,26,10%,STARTS+FAST-S,3,0.0,NA,NA
JxPath,22,26,10%,STARTS+FAST-P,3,0.0,NA,NA
JxPath,22,26,10%,STARTS+DPT,3,0.0,NA,NA
JxPath,22,26,10%,Fastazi-S,3,0.9901960784313725,1,0.0196078431372549
JxPath,22,26,10%,Fastazi-P,3,0.0,NA,NA
JxPath,22,26,10%,Random,3,0.0,NA,NA
JxPath,22,26,20%,Ekstazi,6,0.0,NA,NA
JxPath,22,26,20%,FAST,6,0.0,NA,NA
JxPath,22,26,20%,Ekstazi+dpt,6,0.0,NA,NA
JxPath,22,26,20%,DPT,6,0.0,NA,NA
JxPath,22,26,20%,STARTS,6,0.0,NA,NA
JxPath,22,26,20%,STARTS+FAST-S,6,0.0,NA,NA
JxPath,22,26,20%,STARTS+FAST-P,6,0.0,NA,NA
JxPath,22,26,20%,STARTS+DPT,6,0.0,NA,NA
JxPath,22,26,20%,Fastazi-S,6,0.9901960784313725,1,0.0196078431372549
JxPath,22,26,20%,Fastazi-P,6,0.0,NA,NA
JxPath,22,26,20%,Random,6,0.0,NA,NA
JxPath,22,26,25%,Ekstazi,7,0.0,NA,NA
JxPath,22,26,25%,FAST,7,0.0,NA,NA
JxPath,22,26,25%,Ekstazi+dpt,7,0.0,NA,NA
JxPath,22,26,25%,DPT,7,0.0,NA,NA
JxPath,22,26,25%,STARTS,7,0.0,NA,NA
JxPath,22,26,25%,STARTS+FAST-S,7,0.0,NA,NA
JxPath,22,26,25%,STARTS+FAST-P,7,0.0,NA,NA
JxPath,22,26,25%,STARTS+DPT,7,0.0,NA,NA
JxPath,22,26,25%,Fastazi-S,7,0.9901960784313725,1,0.0196078431372549
JxPath,22,26,25%,Fastazi-P,7,0.8725490196078431,7,0.13725490196078433
JxPath,22,26,25%,Random,7,0.0,NA,NA
JxPath,22,26,30%,Ekstazi,9,0.0,NA,NA
JxPath,22,26,30%,FAST,9,0.0,NA,NA
JxPath,22,26,30%,Ekstazi+dpt,9,0.0,NA,NA
JxPath,22,26,30%,DPT,9,0.0,NA,NA
JxPath,22,26,30%,STARTS,9,0.0,NA,NA
JxPath,22,26,30%,STARTS+FAST-S,9,0.8529411764705882,8,0.1568627450980392
JxPath,22,26,30%,STARTS+FAST-P,9,0.8529411764705882,8,0.1568627450980392
JxPath,22,26,30%,STARTS+DPT,9,0.0,NA,NA
JxPath,22,26,30%,Fastazi-S,9,0.9901960784313725,1,0.0196078431372549
JxPath,22,26,30%,Fastazi-P,9,0.8725490196078431,7,0.13725490196078433
JxPath,22,26,30%,Random,9,0.0,NA,NA
JxPath,22,26,40%,Ekstazi,12,0.0,NA,NA
JxPath,22,26,40%,FAST,12,0.7745098039215685,12,0.23529411764705882
JxPath,22,26,40%,Ekstazi+dpt,12,0.0,NA,NA
JxPath,22,26,40%,DPT,12,0.0,NA,NA
JxPath,22,26,40%,STARTS,12,0.0,NA,NA
JxPath,22,26,40%,STARTS+FAST-S,12,0.8529411764705882,8,0.1568627450980392
JxPath,22,26,40%,STARTS+FAST-P,12,0.8529411764705882,8,0.1568627450980392
JxPath,22,26,40%,STARTS+DPT,12,0.0,NA,NA
JxPath,22,26,40%,Fastazi-S,12,0.9901960784313725,1,0.0196078431372549
JxPath,22,26,40%,Fastazi-P,12,0.8725490196078431,7,0.13725490196078433
JxPath,22,26,40%,Random,12,0.0,NA,NA
JxPath,22,26,50%,Ekstazi,15,0.0,NA,NA
JxPath,22,26,50%,FAST,15,0.7745098039215685,12,0.23529411764705882
JxPath,22,26,50%,Ekstazi+dpt,15,0.0,NA,NA
JxPath,22,26,50%,DPT,15,0.0,NA,NA
JxPath,22,26,50%,STARTS,15,0.0,NA,NA
JxPath,22,26,50%,STARTS+FAST-S,15,0.8529411764705882,8,0.1568627450980392
JxPath,22,26,50%,STARTS+FAST-P,15,0.8529411764705882,8,0.1568627450980392
JxPath,22,26,50%,STARTS+DPT,15,0.0,NA,NA
JxPath,22,26,50%,Fastazi-S,15,0.9901960784313725,1,0.0196078431372549
JxPath,22,26,50%,Fastazi-P,15,0.8725490196078431,7,0.13725490196078433
JxPath,22,26,50%,Random,15,0.0,NA,NA
JxPath,22,26,60%,Ekstazi,18,0.6764705882352942,17,0.3333333333333333
JxPath,22,26,60%,FAST,18,0.7745098039215685,12,0.23529411764705882
JxPath,22,26,60%,Ekstazi+dpt,18,0.0,NA,NA
JxPath,22,26,60%,DPT,18,0.0,NA,NA
JxPath,22,26,60%,STARTS,18,0.0,NA,NA
JxPath,22,26,60%,STARTS+FAST-S,18,0.8529411764705882,8,0.1568627450980392
JxPath,22,26,60%,STARTS+FAST-P,18,0.8529411764705882,8,0.1568627450980392
JxPath,22,26,60%,STARTS+DPT,18,0.0,NA,NA
JxPath,22,26,60%,Fastazi-S,18,0.9901960784313725,1,0.0196078431372549
JxPath,22,26,60%,Fastazi-P,18,0.8725490196078431,7,0.13725490196078433
JxPath,22,26,60%,Random,18,0.0,NA,NA
JxPath,22,26,70%,Ekstazi,21,0.6764705882352942,17,0.3333333333333333
JxPath,22,26,70%,FAST,21,0.7745098039215685,12,0.23529411764705882
JxPath,22,26,70%,Ekstazi+dpt,21,0.0,NA,NA
JxPath,22,26,70%,DPT,21,0.0,NA,NA
JxPath,22,26,70%,STARTS,21,0.0,NA,NA
JxPath,22,26,70%,STARTS+FAST-S,21,0.8529411764705882,8,0.1568627450980392
JxPath,22,26,70%,STARTS+FAST-P,21,0.8529411764705882,8,0.1568627450980392
JxPath,22,26,70%,STARTS+DPT,21,0.0,NA,NA
JxPath,22,26,70%,Fastazi-S,21,0.9901960784313725,1,0.0196078431372549
JxPath,22,26,70%,Fastazi-P,21,0.8725490196078431,7,0.13725490196078433
JxPath,22,26,70%,Random,21,0.0,NA,NA
JxPath,22,26,75%,Ekstazi,22,0.6764705882352942,17,0.3333333333333333
JxPath,22,26,75%,FAST,22,0.7745098039215685,12,0.23529411764705882
JxPath,22,26,75%,Ekstazi+dpt,22,0.5784313725490196,22,0.43137254901960786
JxPath,22,26,75%,DPT,22,0.0,NA,NA
JxPath,22,26,75%,STARTS,22,0.0,NA,NA
JxPath,22,26,75%,STARTS+FAST-S,22,0.8529411764705882,8,0.1568627450980392
JxPath,22,26,75%,STARTS+FAST-P,22,0.8529411764705882,8,0.1568627450980392
JxPath,22,26,75%,STARTS+DPT,22,0.5784313725490196,22,0.43137254901960786
JxPath,22,26,75%,Fastazi-S,22,0.9901960784313725,1,0.0196078431372549
JxPath,22,26,75%,Fastazi-P,22,0.8725490196078431,7,0.13725490196078433
JxPath,22,26,75%,Random,22,0.0,NA,NA
JxPath,22,26,80%,Ekstazi,24,0.6764705882352942,17,0.3333333333333333
JxPath,22,26,80%,FAST,24,0.7745098039215685,12,0.23529411764705882
JxPath,22,26,80%,Ekstazi+dpt,24,0.5784313725490196,22,0.43137254901960786
JxPath,22,26,80%,DPT,24,0.5588235294117647,23,0.45098039215686275
JxPath,22,26,80%,STARTS,24,0.0,NA,NA
JxPath,22,26,80%,STARTS+FAST-S,24,0.8529411764705882,8,0.1568627450980392
JxPath,22,26,80%,STARTS+FAST-P,24,0.8529411764705882,8,0.1568627450980392
JxPath,22,26,80%,STARTS+DPT,24,0.5784313725490196,22,0.43137254901960786
JxPath,22,26,80%,Fastazi-S,24,0.9901960784313725,1,0.0196078431372549
JxPath,22,26,80%,Fastazi-P,24,0.8725490196078431,7,0.13725490196078433
JxPath,22,26,80%,Random,24,0.0,NA,NA
JxPath,22,26,90%,Ekstazi,27,0.6764705882352942,17,0.3333333333333333
JxPath,22,26,90%,FAST,27,0.7745098039215685,12,0.23529411764705882
JxPath,22,26,90%,Ekstazi+dpt,27,0.5784313725490196,22,0.43137254901960786
JxPath,22,26,90%,DPT,27,0.5588235294117647,23,0.45098039215686275
JxPath,22,26,90%,STARTS,27,0.0,NA,NA
JxPath,22,26,90%,STARTS+FAST-S,27,0.8529411764705882,8,0.1568627450980392
JxPath,22,26,90%,STARTS+FAST-P,27,0.8529411764705882,8,0.1568627450980392
JxPath,22,26,90%,STARTS+DPT,27,0.5784313725490196,22,0.43137254901960786
JxPath,22,26,90%,Fastazi-S,27,0.9901960784313725,1,0.0196078431372549
JxPath,22,26,90%,Fastazi-P,27,0.8725490196078431,7,0.13725490196078433
JxPath,22,26,90%,Random,27,0.0,NA,NA
JxPath,22,26,100%,Ekstazi,30,0.6764705882352942,17,0.3333333333333333
JxPath,22,26,100%,FAST,30,0.7745098039215685,12,0.23529411764705882
JxPath,22,26,100%,Ekstazi+dpt,30,0.5784313725490196,22,0.43137254901960786
JxPath,22,26,100%,DPT,30,0.5588235294117647,23,0.45098039215686275
JxPath,22,26,100%,STARTS,30,0.0,NA,NA
JxPath,22,26,100%,STARTS+FAST-S,30,0.8529411764705882,8,0.1568627450980392
JxPath,22,26,100%,STARTS+FAST-P,30,0.8529411764705882,8,0.1568627450980392
JxPath,22,26,100%,STARTS+DPT,30,0.5784313725490196,22,0.43137254901960786
JxPath,22,26,100%,Fastazi-S,30,0.9901960784313725,1,0.0196078431372549
JxPath,22,26,100%,Fastazi-P,30,0.8725490196078431,7,0.13725490196078433
JxPath,22,26,100%,Random,30,0.0,NA,NA
JxPath,22,27,10%,Ekstazi,3,0.0,NA,NA
JxPath,22,27,10%,FAST,3,0.0,NA,NA
JxPath,22,27,10%,Ekstazi+dpt,3,0.0,NA,NA
JxPath,22,27,10%,DPT,3,0.0,NA,NA
JxPath,22,27,10%,STARTS,3,0.0,NA,NA
JxPath,22,27,10%,STARTS+FAST-S,3,0.9901960784313725,1,0.0196078431372549
JxPath,22,27,10%,STARTS+FAST-P,3,0.0,NA,NA
JxPath,22,27,10%,STARTS+DPT,3,0.0,NA,NA
JxPath,22,27,10%,Fastazi-S,3,0.0,NA,NA
JxPath,22,27,10%,Fastazi-P,3,0.0,NA,NA
JxPath,22,27,10%,Random,3,0.9901960784313725,1,0.0196078431372549
JxPath,22,27,20%,Ekstazi,6,0.0,NA,NA
JxPath,22,27,20%,FAST,6,0.0,NA,NA
JxPath,22,27,20%,Ekstazi+dpt,6,0.0,NA,NA
JxPath,22,27,20%,DPT,6,0.0,NA,NA
JxPath,22,27,20%,STARTS,6,0.0,NA,NA
JxPath,22,27,20%,STARTS+FAST-S,6,0.9901960784313725,1,0.0196078431372549
JxPath,22,27,20%,STARTS+FAST-P,6,0.0,NA,NA
JxPath,22,27,20%,STARTS+DPT,6,0.0,NA,NA
JxPath,22,27,20%,Fastazi-S,6,0.0,NA,NA
JxPath,22,27,20%,Fastazi-P,6,0.0,NA,NA
JxPath,22,27,20%,Random,6,0.9901960784313725,1,0.0196078431372549
JxPath,22,27,25%,Ekstazi,7,0.0,NA,NA
JxPath,22,27,25%,FAST,7,0.0,NA,NA
JxPath,22,27,25%,Ekstazi+dpt,7,0.0,NA,NA
JxPath,22,27,25%,DPT,7,0.0,NA,NA
JxPath,22,27,25%,STARTS,7,0.0,NA,NA
JxPath,22,27,25%,STARTS+FAST-S,7,0.9901960784313725,1,0.0196078431372549
JxPath,22,27,25%,STARTS+FAST-P,7,0.0,NA,NA
JxPath,22,27,25%,STARTS+DPT,7,0.0,NA,NA
JxPath,22,27,25%,Fastazi-S,7,0.0,NA,NA
JxPath,22,27,25%,Fastazi-P,7,0.0,NA,NA
JxPath,22,27,25%,Random,7,0.9901960784313725,1,0.0196078431372549
JxPath,22,27,30%,Ekstazi,9,0.0,NA,NA
JxPath,22,27,30%,FAST,9,0.0,NA,NA
JxPath,22,27,30%,Ekstazi+dpt,9,0.0,NA,NA
JxPath,22,27,30%,DPT,9,0.0,NA,NA
JxPath,22,27,30%,STARTS,9,0.0,NA,NA
JxPath,22,27,30%,STARTS+FAST-S,9,0.9901960784313725,1,0.0196078431372549
JxPath,22,27,30%,STARTS+FAST-P,9,0.8529411764705882,8,0.1568627450980392
JxPath,22,27,30%,STARTS+DPT,9,0.0,NA,NA
JxPath,22,27,30%,Fastazi-S,9,0.0,NA,NA
JxPath,22,27,30%,Fastazi-P,9,0.8529411764705882,8,0.1568627450980392
JxPath,22,27,30%,Random,9,0.9901960784313725,1,0.0196078431372549
JxPath,22,27,40%,Ekstazi,12,0.7941176470588235,11,0.21568627450980393
JxPath,22,27,40%,FAST,12,0.7745098039215685,12,0.23529411764705882
JxPath,22,27,40%,Ekstazi+dpt,12,0.0,NA,NA
JxPath,22,27,40%,DPT,12,0.0,NA,NA
JxPath,22,27,40%,STARTS,12,0.8137254901960784,10,0.19607843137254902
JxPath,22,27,40%,STARTS+FAST-S,12,0.9901960784313725,1,0.0196078431372549
JxPath,22,27,40%,STARTS+FAST-P,12,0.8529411764705882,8,0.1568627450980392
JxPath,22,27,40%,STARTS+DPT,12,0.0,NA,NA
JxPath,22,27,40%,Fastazi-S,12,0.8137254901960784,10,0.19607843137254902
JxPath,22,27,40%,Fastazi-P,12,0.8529411764705882,8,0.1568627450980392
JxPath,22,27,40%,Random,12,0.9901960784313725,1,0.0196078431372549
JxPath,22,27,50%,Ekstazi,15,0.7941176470588235,11,0.21568627450980393
JxPath,22,27,50%,FAST,15,0.7745098039215685,12,0.23529411764705882
JxPath,22,27,50%,Ekstazi+dpt,15,0.0,NA,NA
JxPath,22,27,50%,DPT,15,0.0,NA,NA
JxPath,22,27,50%,STARTS,15,0.8137254901960784,10,0.19607843137254902
JxPath,22,27,50%,STARTS+FAST-S,15,0.9901960784313725,1,0.0196078431372549
JxPath,22,27,50%,STARTS+FAST-P,15,0.8529411764705882,8,0.1568627450980392
JxPath,22,27,50%,STARTS+DPT,15,0.0,NA,NA
JxPath,22,27,50%,Fastazi-S,15,0.8137254901960784,10,0.19607843137254902
JxPath,22,27,50%,Fastazi-P,15,0.8529411764705882,8,0.1568627450980392
JxPath,22,27,50%,Random,15,0.9901960784313725,1,0.0196078431372549
JxPath,22,27,60%,Ekstazi,18,0.7941176470588235,11,0.21568627450980393
JxPath,22,27,60%,FAST,18,0.7745098039215685,12,0.23529411764705882
JxPath,22,27,60%,Ekstazi+dpt,18,0.0,NA,NA
JxPath,22,27,60%,DPT,18,0.0,NA,NA
JxPath,22,27,60%,STARTS,18,0.8137254901960784,10,0.19607843137254902
JxPath,22,27,60%,STARTS+FAST-S,18,0.9901960784313725,1,0.0196078431372549
JxPath,22,27,60%,STARTS+FAST-P,18,0.8529411764705882,8,0.1568627450980392
JxPath,22,27,60%,STARTS+DPT,18,0.0,NA,NA
JxPath,22,27,60%,Fastazi-S,18,0.8137254901960784,10,0.19607843137254902
JxPath,22,27,60%,Fastazi-P,18,0.8529411764705882,8,0.1568627450980392
JxPath,22,27,60%,Random,18,0.9901960784313725,1,0.0196078431372549
JxPath,22,27,70%,Ekstazi,21,0.7941176470588235,11,0.21568627450980393
JxPath,22,27,70%,FAST,21,0.7745098039215685,12,0.23529411764705882
JxPath,22,27,70%,Ekstazi+dpt,21,0.0,NA,NA
JxPath,22,27,70%,DPT,21,0.0,NA,NA
JxPath,22,27,70%,STARTS,21,0.8137254901960784,10,0.19607843137254902
JxPath,22,27,70%,STARTS+FAST-S,21,0.9901960784313725,1,0.0196078431372549
JxPath,22,27,70%,STARTS+FAST-P,21,0.8529411764705882,8,0.1568627450980392
JxPath,22,27,70%,STARTS+DPT,21,0.0,NA,NA
JxPath,22,27,70%,Fastazi-S,21,0.8137254901960784,10,0.19607843137254902
JxPath,22,27,70%,Fastazi-P,21,0.8529411764705882,8,0.1568627450980392
JxPath,22,27,70%,Random,21,0.9901960784313725,1,0.0196078431372549
JxPath,22,27,75%,Ekstazi,22,0.7941176470588235,11,0.21568627450980393
JxPath,22,27,75%,FAST,22,0.7745098039215685,12,0.23529411764705882
JxPath,22,27,75%,Ekstazi+dpt,22,0.5784313725490196,22,0.43137254901960786
JxPath,22,27,75%,DPT,22,0.0,NA,NA
JxPath,22,27,75%,STARTS,22,0.8137254901960784,10,0.19607843137254902
JxPath,22,27,75%,STARTS+FAST-S,22,0.9901960784313725,1,0.0196078431372549
JxPath,22,27,75%,STARTS+FAST-P,22,0.8529411764705882,8,0.1568627450980392
JxPath,22,27,75%,STARTS+DPT,22,0.5784313725490196,22,0.43137254901960786
JxPath,22,27,75%,Fastazi-S,22,0.8137254901960784,10,0.19607843137254902
JxPath,22,27,75%,Fastazi-P,22,0.8529411764705882,8,0.1568627450980392
JxPath,22,27,75%,Random,22,0.9901960784313725,1,0.0196078431372549
JxPath,22,27,80%,Ekstazi,24,0.7941176470588235,11,0.21568627450980393
JxPath,22,27,80%,FAST,24,0.7745098039215685,12,0.23529411764705882
JxPath,22,27,80%,Ekstazi+dpt,24,0.5784313725490196,22,0.43137254901960786
JxPath,22,27,80%,DPT,24,0.5588235294117647,23,0.45098039215686275
JxPath,22,27,80%,STARTS,24,0.8137254901960784,10,0.19607843137254902
JxPath,22,27,80%,STARTS+FAST-S,24,0.9901960784313725,1,0.0196078431372549
JxPath,22,27,80%,STARTS+FAST-P,24,0.8529411764705882,8,0.1568627450980392
JxPath,22,27,80%,STARTS+DPT,24,0.5784313725490196,22,0.43137254901960786
JxPath,22,27,80%,Fastazi-S,24,0.8137254901960784,10,0.19607843137254902
JxPath,22,27,80%,Fastazi-P,24,0.8529411764705882,8,0.1568627450980392
JxPath,22,27,80%,Random,24,0.9901960784313725,1,0.0196078431372549
JxPath,22,27,90%,Ekstazi,27,0.7941176470588235,11,0.21568627450980393
JxPath,22,27,90%,FAST,27,0.7745098039215685,12,0.23529411764705882
JxPath,22,27,90%,Ekstazi+dpt,27,0.5784313725490196,22,0.43137254901960786
JxPath,22,27,90%,DPT,27,0.5588235294117647,23,0.45098039215686275
JxPath,22,27,90%,STARTS,27,0.8137254901960784,10,0.19607843137254902
JxPath,22,27,90%,STARTS+FAST-S,27,0.9901960784313725,1,0.0196078431372549
JxPath,22,27,90%,STARTS+FAST-P,27,0.8529411764705882,8,0.1568627450980392
JxPath,22,27,90%,STARTS+DPT,27,0.5784313725490196,22,0.43137254901960786
JxPath,22,27,90%,Fastazi-S,27,0.8137254901960784,10,0.19607843137254902
JxPath,22,27,90%,Fastazi-P,27,0.8529411764705882,8,0.1568627450980392
JxPath,22,27,90%,Random,27,0.9901960784313725,1,0.0196078431372549
JxPath,22,27,100%,Ekstazi,30,0.7941176470588235,11,0.21568627450980393
JxPath,22,27,100%,FAST,30,0.7745098039215685,12,0.23529411764705882
JxPath,22,27,100%,Ekstazi+dpt,30,0.5784313725490196,22,0.43137254901960786
JxPath,22,27,100%,DPT,30,0.5588235294117647,23,0.45098039215686275
JxPath,22,27,100%,STARTS,30,0.8137254901960784,10,0.19607843137254902
JxPath,22,27,100%,STARTS+FAST-S,30,0.9901960784313725,1,0.0196078431372549
JxPath,22,27,100%,STARTS+FAST-P,30,0.8529411764705882,8,0.1568627450980392
JxPath,22,27,100%,STARTS+DPT,30,0.5784313725490196,22,0.43137254901960786
JxPath,22,27,100%,Fastazi-S,30,0.8137254901960784,10,0.19607843137254902
JxPath,22,27,100%,Fastazi-P,30,0.8529411764705882,8,0.1568627450980392
JxPath,22,27,100%,Random,30,0.9901960784313725,1,0.0196078431372549
JxPath,22,28,10%,Ekstazi,3,0.0,NA,NA
JxPath,22,28,10%,FAST,3,0.9509803921568627,3,0.058823529411764705
JxPath,22,28,10%,Ekstazi+dpt,3,0.0,NA,NA
JxPath,22,28,10%,DPT,3,0.0,NA,NA
JxPath,22,28,10%,STARTS,3,0.0,NA,NA
JxPath,22,28,10%,STARTS+FAST-S,3,0.9509803921568627,3,0.058823529411764705
JxPath,22,28,10%,STARTS+FAST-P,3,0.0,NA,NA
JxPath,22,28,10%,STARTS+DPT,3,0.0,NA,NA
JxPath,22,28,10%,Fastazi-S,3,0.0,NA,NA
JxPath,22,28,10%,Fastazi-P,3,0.9705882352941176,2,0.0392156862745098
JxPath,22,28,10%,Random,3,0.0,NA,NA
JxPath,22,28,20%,Ekstazi,6,0.0,NA,NA
JxPath,22,28,20%,FAST,6,0.9509803921568627,3,0.058823529411764705
JxPath,22,28,20%,Ekstazi+dpt,6,0.0,NA,NA
JxPath,22,28,20%,DPT,6,0.0,NA,NA
JxPath,22,28,20%,STARTS,6,0.0,NA,NA
JxPath,22,28,20%,STARTS+FAST-S,6,0.9509803921568627,3,0.058823529411764705
JxPath,22,28,20%,STARTS+FAST-P,6,0.0,NA,NA
JxPath,22,28,20%,STARTS+DPT,6,0.0,NA,NA
JxPath,22,28,20%,Fastazi-S,6,0.0,NA,NA
JxPath,22,28,20%,Fastazi-P,6,0.9705882352941176,2,0.0392156862745098
JxPath,22,28,20%,Random,6,0.0,NA,NA
JxPath,22,28,25%,Ekstazi,7,0.0,NA,NA
JxPath,22,28,25%,FAST,7,0.9509803921568627,3,0.058823529411764705
JxPath,22,28,25%,Ekstazi+dpt,7,0.0,NA,NA
JxPath,22,28,25%,DPT,7,0.0,NA,NA
JxPath,22,28,25%,STARTS,7,0.8725490196078431,7,0.13725490196078433
JxPath,22,28,25%,STARTS+FAST-S,7,0.9509803921568627,3,0.058823529411764705
JxPath,22,28,25%,STARTS+FAST-P,7,0.0,NA,NA
JxPath,22,28,25%,STARTS+DPT,7,0.0,NA,NA
JxPath,22,28,25%,Fastazi-S,7,0.0,NA,NA
JxPath,22,28,25%,Fastazi-P,7,0.9705882352941176,2,0.0392156862745098
JxPath,22,28,25%,Random,7,0.0,NA,NA
JxPath,22,28,30%,Ekstazi,9,0.0,NA,NA
JxPath,22,28,30%,FAST,9,0.9509803921568627,3,0.058823529411764705
JxPath,22,28,30%,Ekstazi+dpt,9,0.0,NA,NA
JxPath,22,28,30%,DPT,9,0.0,NA,NA
JxPath,22,28,30%,STARTS,9,0.8725490196078431,7,0.13725490196078433
JxPath,22,28,30%,STARTS+FAST-S,9,0.9509803921568627,3,0.058823529411764705
JxPath,22,28,30%,STARTS+FAST-P,9,0.8529411764705882,8,0.1568627450980392
JxPath,22,28,30%,STARTS+DPT,9,0.0,NA,NA
JxPath,22,28,30%,Fastazi-S,9,0.8529411764705882,8,0.1568627450980392
JxPath,22,28,30%,Fastazi-P,9,0.9705882352941176,2,0.0392156862745098
JxPath,22,28,30%,Random,9,0.0,NA,NA
JxPath,22,28,40%,Ekstazi,12,0.0,NA,NA
JxPath,22,28,40%,FAST,12,0.9509803921568627,3,0.058823529411764705
JxPath,22,28,40%,Ekstazi+dpt,12,0.0,NA,NA
JxPath,22,28,40%,DPT,12,0.0,NA,NA
JxPath,22,28,40%,STARTS,12,0.8725490196078431,7,0.13725490196078433
JxPath,22,28,40%,STARTS+FAST-S,12,0.9509803921568627,3,0.058823529411764705
JxPath,22,28,40%,STARTS+FAST-P,12,0.8529411764705882,8,0.1568627450980392
JxPath,22,28,40%,STARTS+DPT,12,0.0,NA,NA
JxPath,22,28,40%,Fastazi-S,12,0.8529411764705882,8,0.1568627450980392
JxPath,22,28,40%,Fastazi-P,12,0.9705882352941176,2,0.0392156862745098
JxPath,22,28,40%,Random,12,0.0,NA,NA
JxPath,22,28,50%,Ekstazi,15,0.0,NA,NA
JxPath,22,28,50%,FAST,15,0.9509803921568627,3,0.058823529411764705
JxPath,22,28,50%,Ekstazi+dpt,15,0.0,NA,NA
JxPath,22,28,50%,DPT,15,0.0,NA,NA
JxPath,22,28,50%,STARTS,15,0.8725490196078431,7,0.13725490196078433
JxPath,22,28,50%,STARTS+FAST-S,15,0.9509803921568627,3,0.058823529411764705
JxPath,22,28,50%,STARTS+FAST-P,15,0.8529411764705882,8,0.1568627450980392
JxPath,22,28,50%,STARTS+DPT,15,0.0,NA,NA
JxPath,22,28,50%,Fastazi-S,15,0.8529411764705882,8,0.1568627450980392
JxPath,22,28,50%,Fastazi-P,15,0.9705882352941176,2,0.0392156862745098
JxPath,22,28,50%,Random,15,0.0,NA,NA
JxPath,22,28,60%,Ekstazi,18,0.0,NA,NA
JxPath,22,28,60%,FAST,18,0.9509803921568627,3,0.058823529411764705
JxPath,22,28,60%,Ekstazi+dpt,18,0.0,NA,NA
JxPath,22,28,60%,DPT,18,0.0,NA,NA
JxPath,22,28,60%,STARTS,18,0.8725490196078431,7,0.13725490196078433
JxPath,22,28,60%,STARTS+FAST-S,18,0.9509803921568627,3,0.058823529411764705
JxPath,22,28,60%,STARTS+FAST-P,18,0.8529411764705882,8,0.1568627450980392
JxPath,22,28,60%,STARTS+DPT,18,0.0,NA,NA
JxPath,22,28,60%,Fastazi-S,18,0.8529411764705882,8,0.1568627450980392
JxPath,22,28,60%,Fastazi-P,18,0.9705882352941176,2,0.0392156862745098
JxPath,22,28,60%,Random,18,0.0,NA,NA
JxPath,22,28,70%,Ekstazi,21,0.0,NA,NA
JxPath,22,28,70%,FAST,21,0.9509803921568627,3,0.058823529411764705
JxPath,22,28,70%,Ekstazi+dpt,21,0.0,NA,NA
JxPath,22,28,70%,DPT,21,0.0,NA,NA
JxPath,22,28,70%,STARTS,21,0.8725490196078431,7,0.13725490196078433
JxPath,22,28,70%,STARTS+FAST-S,21,0.9509803921568627,3,0.058823529411764705
JxPath,22,28,70%,STARTS+FAST-P,21,0.8529411764705882,8,0.1568627450980392
JxPath,22,28,70%,STARTS+DPT,21,0.0,NA,NA
JxPath,22,28,70%,Fastazi-S,21,0.8529411764705882,8,0.1568627450980392
JxPath,22,28,70%,Fastazi-P,21,0.9705882352941176,2,0.0392156862745098
JxPath,22,28,70%,Random,21,0.0,NA,NA
JxPath,22,28,75%,Ekstazi,22,0.0,NA,NA
JxPath,22,28,75%,FAST,22,0.9509803921568627,3,0.058823529411764705
JxPath,22,28,75%,Ekstazi+dpt,22,0.5784313725490196,22,0.43137254901960786
JxPath,22,28,75%,DPT,22,0.0,NA,NA
JxPath,22,28,75%,STARTS,22,0.8725490196078431,7,0.13725490196078433
JxPath,22,28,75%,STARTS+FAST-S,22,0.9509803921568627,3,0.058823529411764705
JxPath,22,28,75%,STARTS+FAST-P,22,0.8529411764705882,8,0.1568627450980392
JxPath,22,28,75%,STARTS+DPT,22,0.5784313725490196,22,0.43137254901960786
JxPath,22,28,75%,Fastazi-S,22,0.8529411764705882,8,0.1568627450980392
JxPath,22,28,75%,Fastazi-P,22,0.9705882352941176,2,0.0392156862745098
JxPath,22,28,75%,Random,22,0.0,NA,NA
JxPath,22,28,80%,Ekstazi,24,0.5588235294117647,23,0.45098039215686275
JxPath,22,28,80%,FAST,24,0.9509803921568627,3,0.058823529411764705
JxPath,22,28,80%,Ekstazi+dpt,24,0.5784313725490196,22,0.43137254901960786
JxPath,22,28,80%,DPT,24,0.5588235294117647,23,0.45098039215686275
JxPath,22,28,80%,STARTS,24,0.8725490196078431,7,0.13725490196078433
JxPath,22,28,80%,STARTS+FAST-S,24,0.9509803921568627,3,0.058823529411764705
JxPath,22,28,80%,STARTS+FAST-P,24,0.8529411764705882,8,0.1568627450980392
JxPath,22,28,80%,STARTS+DPT,24,0.5784313725490196,22,0.43137254901960786
JxPath,22,28,80%,Fastazi-S,24,0.8529411764705882,8,0.1568627450980392
JxPath,22,28,80%,Fastazi-P,24,0.9705882352941176,2,0.0392156862745098
JxPath,22,28,80%,Random,24,0.0,NA,NA
JxPath,22,28,90%,Ekstazi,27,0.5588235294117647,23,0.45098039215686275
JxPath,22,28,90%,FAST,27,0.9509803921568627,3,0.058823529411764705
JxPath,22,28,90%,Ekstazi+dpt,27,0.5784313725490196,22,0.43137254901960786
JxPath,22,28,90%,DPT,27,0.5588235294117647,23,0.45098039215686275
JxPath,22,28,90%,STARTS,27,0.8725490196078431,7,0.13725490196078433
JxPath,22,28,90%,STARTS+FAST-S,27,0.9509803921568627,3,0.058823529411764705
JxPath,22,28,90%,STARTS+FAST-P,27,0.8529411764705882,8,0.1568627450980392
JxPath,22,28,90%,STARTS+DPT,27,0.5784313725490196,22,0.43137254901960786
JxPath,22,28,90%,Fastazi-S,27,0.8529411764705882,8,0.1568627450980392
JxPath,22,28,90%,Fastazi-P,27,0.9705882352941176,2,0.0392156862745098
JxPath,22,28,90%,Random,27,0.0,NA,NA
JxPath,22,28,100%,Ekstazi,30,0.5588235294117647,23,0.45098039215686275
JxPath,22,28,100%,FAST,30,0.9509803921568627,3,0.058823529411764705
JxPath,22,28,100%,Ekstazi+dpt,30,0.5784313725490196,22,0.43137254901960786
JxPath,22,28,100%,DPT,30,0.5588235294117647,23,0.45098039215686275
JxPath,22,28,100%,STARTS,30,0.8725490196078431,7,0.13725490196078433
JxPath,22,28,100%,STARTS+FAST-S,30,0.9509803921568627,3,0.058823529411764705
JxPath,22,28,100%,STARTS+FAST-P,30,0.8529411764705882,8,0.1568627450980392
JxPath,22,28,100%,STARTS+DPT,30,0.5784313725490196,22,0.43137254901960786
JxPath,22,28,100%,Fastazi-S,30,0.8529411764705882,8,0.1568627450980392
JxPath,22,28,100%,Fastazi-P,30,0.9705882352941176,2,0.0392156862745098
JxPath,22,28,100%,Random,30,0.0,NA,NA
JxPath,22,29,10%,Ekstazi,3,0.0,NA,NA
JxPath,22,29,10%,FAST,3,0.0,NA,NA
JxPath,22,29,10%,Ekstazi+dpt,3,0.0,NA,NA
JxPath,22,29,10%,DPT,3,0.0,NA,NA
JxPath,22,29,10%,STARTS,3,0.9901960784313725,1,0.0196078431372549
JxPath,22,29,10%,STARTS+FAST-S,3,0.0,NA,NA
JxPath,22,29,10%,STARTS+FAST-P,3,0.9509803921568627,3,0.058823529411764705
JxPath,22,29,10%,STARTS+DPT,3,0.0,NA,NA
JxPath,22,29,10%,Fastazi-S,3,0.9509803921568627,3,0.058823529411764705
JxPath,22,29,10%,Fastazi-P,3,0.0,NA,NA
JxPath,22,29,10%,Random,3,0.0,NA,NA
JxPath,22,29,20%,Ekstazi,6,0.0,NA,NA
JxPath,22,29,20%,FAST,6,0.0,NA,NA
JxPath,22,29,20%,Ekstazi+dpt,6,0.0,NA,NA
JxPath,22,29,20%,DPT,6,0.0,NA,NA
JxPath,22,29,20%,STARTS,6,0.9901960784313725,1,0.0196078431372549
JxPath,22,29,20%,STARTS+FAST-S,6,0.0,NA,NA
JxPath,22,29,20%,STARTS+FAST-P,6,0.9509803921568627,3,0.058823529411764705
JxPath,22,29,20%,STARTS+DPT,6,0.0,NA,NA
JxPath,22,29,20%,Fastazi-S,6,0.9509803921568627,3,0.058823529411764705
JxPath,22,29,20%,Fastazi-P,6,0.0,NA,NA
JxPath,22,29,20%,Random,6,0.0,NA,NA
JxPath,22,29,25%,Ekstazi,7,0.0,NA,NA
JxPath,22,29,25%,FAST,7,0.0,NA,NA
JxPath,22,29,25%,Ekstazi+dpt,7,0.0,NA,NA
JxPath,22,29,25%,DPT,7,0.0,NA,NA
JxPath,22,29,25%,STARTS,7,0.9901960784313725,1,0.0196078431372549
JxPath,22,29,25%,STARTS+FAST-S,7,0.0,NA,NA
JxPath,22,29,25%,STARTS+FAST-P,7,0.9509803921568627,3,0.058823529411764705
JxPath,22,29,25%,STARTS+DPT,7,0.0,NA,NA
JxPath,22,29,25%,Fastazi-S,7,0.9509803921568627,3,0.058823529411764705
JxPath,22,29,25%,Fastazi-P,7,0.0,NA,NA
JxPath,22,29,25%,Random,7,0.0,NA,NA
JxPath,22,29,30%,Ekstazi,9,0.0,NA,NA
JxPath,22,29,30%,FAST,9,0.0,NA,NA
JxPath,22,29,30%,Ekstazi+dpt,9,0.0,NA,NA
JxPath,22,29,30%,DPT,9,0.0,NA,NA
JxPath,22,29,30%,STARTS,9,0.9901960784313725,1,0.0196078431372549
JxPath,22,29,30%,STARTS+FAST-S,9,0.8529411764705882,8,0.1568627450980392
JxPath,22,29,30%,STARTS+FAST-P,9,0.9509803921568627,3,0.058823529411764705
JxPath,22,29,30%,STARTS+DPT,9,0.0,NA,NA
JxPath,22,29,30%,Fastazi-S,9,0.9509803921568627,3,0.058823529411764705
JxPath,22,29,30%,Fastazi-P,9,0.8529411764705882,8,0.1568627450980392
JxPath,22,29,30%,Random,9,0.0,NA,NA
JxPath,22,29,40%,Ekstazi,12,0.0,NA,NA
JxPath,22,29,40%,FAST,12,0.0,NA,NA
JxPath,22,29,40%,Ekstazi+dpt,12,0.0,NA,NA
JxPath,22,29,40%,DPT,12,0.0,NA,NA
JxPath,22,29,40%,STARTS,12,0.9901960784313725,1,0.0196078431372549
JxPath,22,29,40%,STARTS+FAST-S,12,0.8529411764705882,8,0.1568627450980392
JxPath,22,29,40%,STARTS+FAST-P,12,0.9509803921568627,3,0.058823529411764705
JxPath,22,29,40%,STARTS+DPT,12,0.0,NA,NA
JxPath,22,29,40%,Fastazi-S,12,0.9509803921568627,3,0.058823529411764705
JxPath,22,29,40%,Fastazi-P,12,0.8529411764705882,8,0.1568627450980392
JxPath,22,29,40%,Random,12,0.0,NA,NA
JxPath,22,29,50%,Ekstazi,15,0.0,NA,NA
JxPath,22,29,50%,FAST,15,0.7549019607843137,13,0.2549019607843137
JxPath,22,29,50%,Ekstazi+dpt,15,0.0,NA,NA
JxPath,22,29,50%,DPT,15,0.0,NA,NA
JxPath,22,29,50%,STARTS,15,0.9901960784313725,1,0.0196078431372549
JxPath,22,29,50%,STARTS+FAST-S,15,0.8529411764705882,8,0.1568627450980392
JxPath,22,29,50%,STARTS+FAST-P,15,0.9509803921568627,3,0.058823529411764705
JxPath,22,29,50%,STARTS+DPT,15,0.0,NA,NA
JxPath,22,29,50%,Fastazi-S,15,0.9509803921568627,3,0.058823529411764705
JxPath,22,29,50%,Fastazi-P,15,0.8529411764705882,8,0.1568627450980392
JxPath,22,29,50%,Random,15,0.0,NA,NA
JxPath,22,29,60%,Ekstazi,18,0.0,NA,NA
JxPath,22,29,60%,FAST,18,0.7549019607843137,13,0.2549019607843137
JxPath,22,29,60%,Ekstazi+dpt,18,0.0,NA,NA
JxPath,22,29,60%,DPT,18,0.0,NA,NA
JxPath,22,29,60%,STARTS,18,0.9901960784313725,1,0.0196078431372549
JxPath,22,29,60%,STARTS+FAST-S,18,0.8529411764705882,8,0.1568627450980392
JxPath,22,29,60%,STARTS+FAST-P,18,0.9509803921568627,3,0.058823529411764705
JxPath,22,29,60%,STARTS+DPT,18,0.0,NA,NA
JxPath,22,29,60%,Fastazi-S,18,0.9509803921568627,3,0.058823529411764705
JxPath,22,29,60%,Fastazi-P,18,0.8529411764705882,8,0.1568627450980392
JxPath,22,29,60%,Random,18,0.0,NA,NA
JxPath,22,29,70%,Ekstazi,21,0.0,NA,NA
JxPath,22,29,70%,FAST,21,0.7549019607843137,13,0.2549019607843137
JxPath,22,29,70%,Ekstazi+dpt,21,0.0,NA,NA
JxPath,22,29,70%,DPT,21,0.0,NA,NA
JxPath,22,29,70%,STARTS,21,0.9901960784313725,1,0.0196078431372549
JxPath,22,29,70%,STARTS+FAST-S,21,0.8529411764705882,8,0.1568627450980392
JxPath,22,29,70%,STARTS+FAST-P,21,0.9509803921568627,3,0.058823529411764705
JxPath,22,29,70%,STARTS+DPT,21,0.0,NA,NA
JxPath,22,29,70%,Fastazi-S,21,0.9509803921568627,3,0.058823529411764705
JxPath,22,29,70%,Fastazi-P,21,0.8529411764705882,8,0.1568627450980392
JxPath,22,29,70%,Random,21,0.0,NA,NA
JxPath,22,29,75%,Ekstazi,22,0.0,NA,NA
JxPath,22,29,75%,FAST,22,0.7549019607843137,13,0.2549019607843137
JxPath,22,29,75%,Ekstazi+dpt,22,0.5784313725490196,22,0.43137254901960786
JxPath,22,29,75%,DPT,22,0.0,NA,NA
JxPath,22,29,75%,STARTS,22,0.9901960784313725,1,0.0196078431372549
JxPath,22,29,75%,STARTS+FAST-S,22,0.8529411764705882,8,0.1568627450980392
JxPath,22,29,75%,STARTS+FAST-P,22,0.9509803921568627,3,0.058823529411764705
JxPath,22,29,75%,STARTS+DPT,22,0.5784313725490196,22,0.43137254901960786
JxPath,22,29,75%,Fastazi-S,22,0.9509803921568627,3,0.058823529411764705
JxPath,22,29,75%,Fastazi-P,22,0.8529411764705882,8,0.1568627450980392
JxPath,22,29,75%,Random,22,0.0,NA,NA
JxPath,22,29,80%,Ekstazi,24,0.0,NA,NA
JxPath,22,29,80%,FAST,24,0.7549019607843137,13,0.2549019607843137
JxPath,22,29,80%,Ekstazi+dpt,24,0.5784313725490196,22,0.43137254901960786
JxPath,22,29,80%,DPT,24,0.5588235294117647,23,0.45098039215686275
JxPath,22,29,80%,STARTS,24,0.9901960784313725,1,0.0196078431372549
JxPath,22,29,80%,STARTS+FAST-S,24,0.8529411764705882,8,0.1568627450980392
JxPath,22,29,80%,STARTS+FAST-P,24,0.9509803921568627,3,0.058823529411764705
JxPath,22,29,80%,STARTS+DPT,24,0.5784313725490196,22,0.43137254901960786
JxPath,22,29,80%,Fastazi-S,24,0.9509803921568627,3,0.058823529411764705
JxPath,22,29,80%,Fastazi-P,24,0.8529411764705882,8,0.1568627450980392
JxPath,22,29,80%,Random,24,0.0,NA,NA
JxPath,22,29,90%,Ekstazi,27,0.0,NA,NA
JxPath,22,29,90%,FAST,27,0.7549019607843137,13,0.2549019607843137
JxPath,22,29,90%,Ekstazi+dpt,27,0.5784313725490196,22,0.43137254901960786
JxPath,22,29,90%,DPT,27,0.5588235294117647,23,0.45098039215686275
JxPath,22,29,90%,STARTS,27,0.9901960784313725,1,0.0196078431372549
JxPath,22,29,90%,STARTS+FAST-S,27,0.8529411764705882,8,0.1568627450980392
JxPath,22,29,90%,STARTS+FAST-P,27,0.9509803921568627,3,0.058823529411764705
JxPath,22,29,90%,STARTS+DPT,27,0.5784313725490196,22,0.43137254901960786
JxPath,22,29,90%,Fastazi-S,27,0.9509803921568627,3,0.058823529411764705
JxPath,22,29,90%,Fastazi-P,27,0.8529411764705882,8,0.1568627450980392
JxPath,22,29,90%,Random,27,0.0,NA,NA
JxPath,22,29,100%,Ekstazi,30,0.44117647058823534,29,0.5686274509803921
JxPath,22,29,100%,FAST,30,0.7549019607843137,13,0.2549019607843137
JxPath,22,29,100%,Ekstazi+dpt,30,0.5784313725490196,22,0.43137254901960786
JxPath,22,29,100%,DPT,30,0.5588235294117647,23,0.45098039215686275
JxPath,22,29,100%,STARTS,30,0.9901960784313725,1,0.0196078431372549
JxPath,22,29,100%,STARTS+FAST-S,30,0.8529411764705882,8,0.1568627450980392
JxPath,22,29,100%,STARTS+FAST-P,30,0.9509803921568627,3,0.058823529411764705
JxPath,22,29,100%,STARTS+DPT,30,0.5784313725490196,22,0.43137254901960786
JxPath,22,29,100%,Fastazi-S,30,0.9509803921568627,3,0.058823529411764705
JxPath,22,29,100%,Fastazi-P,30,0.8529411764705882,8,0.1568627450980392
JxPath,22,29,100%,Random,30,0.0,NA,NA
JxPath,22,30,10%,Ekstazi,3,0.0,NA,NA
JxPath,22,30,10%,FAST,3,0.0,NA,NA
JxPath,22,30,10%,Ekstazi+dpt,3,0.0,NA,NA
JxPath,22,30,10%,DPT,3,0.0,NA,NA
JxPath,22,30,10%,STARTS,3,0.0,NA,NA
JxPath,22,30,10%,STARTS+FAST-S,3,0.0,NA,NA
JxPath,22,30,10%,STARTS+FAST-P,3,0.0,NA,NA
JxPath,22,30,10%,STARTS+DPT,3,0.0,NA,NA
JxPath,22,30,10%,Fastazi-S,3,0.0,NA,NA
JxPath,22,30,10%,Fastazi-P,3,0.0,NA,NA
JxPath,22,30,10%,Random,3,0.0,NA,NA
JxPath,22,30,20%,Ekstazi,6,0.0,NA,NA
JxPath,22,30,20%,FAST,6,0.0,NA,NA
JxPath,22,30,20%,Ekstazi+dpt,6,0.0,NA,NA
JxPath,22,30,20%,DPT,6,0.0,NA,NA
JxPath,22,30,20%,STARTS,6,0.0,NA,NA
JxPath,22,30,20%,STARTS+FAST-S,6,0.0,NA,NA
JxPath,22,30,20%,STARTS+FAST-P,6,0.0,NA,NA
JxPath,22,30,20%,STARTS+DPT,6,0.0,NA,NA
JxPath,22,30,20%,Fastazi-S,6,0.0,NA,NA
JxPath,22,30,20%,Fastazi-P,6,0.0,NA,NA
JxPath,22,30,20%,Random,6,0.0,NA,NA
JxPath,22,30,25%,Ekstazi,7,0.0,NA,NA
JxPath,22,30,25%,FAST,7,0.0,NA,NA
JxPath,22,30,25%,Ekstazi+dpt,7,0.0,NA,NA
JxPath,22,30,25%,DPT,7,0.0,NA,NA
JxPath,22,30,25%,STARTS,7,0.8725490196078431,7,0.13725490196078433
JxPath,22,30,25%,STARTS+FAST-S,7,0.0,NA,NA
JxPath,22,30,25%,STARTS+FAST-P,7,0.8725490196078431,7,0.13725490196078433
JxPath,22,30,25%,STARTS+DPT,7,0.0,NA,NA
JxPath,22,30,25%,Fastazi-S,7,0.0,NA,NA
JxPath,22,30,25%,Fastazi-P,7,0.0,NA,NA
JxPath,22,30,25%,Random,7,0.0,NA,NA
JxPath,22,30,30%,Ekstazi,9,0.0,NA,NA
JxPath,22,30,30%,FAST,9,0.0,NA,NA
JxPath,22,30,30%,Ekstazi+dpt,9,0.0,NA,NA
JxPath,22,30,30%,DPT,9,0.0,NA,NA
JxPath,22,30,30%,STARTS,9,0.8725490196078431,7,0.13725490196078433
JxPath,22,30,30%,STARTS+FAST-S,9,0.8529411764705882,8,0.1568627450980392
JxPath,22,30,30%,STARTS+FAST-P,9,0.8725490196078431,7,0.13725490196078433
JxPath,22,30,30%,STARTS+DPT,9,0.0,NA,NA
JxPath,22,30,30%,Fastazi-S,9,0.8529411764705882,8,0.1568627450980392
JxPath,22,30,30%,Fastazi-P,9,0.8529411764705882,8,0.1568627450980392
JxPath,22,30,30%,Random,9,0.0,NA,NA
JxPath,22,30,40%,Ekstazi,12,0.0,NA,NA
JxPath,22,30,40%,FAST,12,0.7745098039215685,12,0.23529411764705882
JxPath,22,30,40%,Ekstazi+dpt,12,0.0,NA,NA
JxPath,22,30,40%,DPT,12,0.0,NA,NA
JxPath,22,30,40%,STARTS,12,0.8725490196078431,7,0.13725490196078433
JxPath,22,30,40%,STARTS+FAST-S,12,0.8529411764705882,8,0.1568627450980392
JxPath,22,30,40%,STARTS+FAST-P,12,0.8725490196078431,7,0.13725490196078433
JxPath,22,30,40%,STARTS+DPT,12,0.0,NA,NA
JxPath,22,30,40%,Fastazi-S,12,0.8529411764705882,8,0.1568627450980392
JxPath,22,30,40%,Fastazi-P,12,0.8529411764705882,8,0.1568627450980392
JxPath,22,30,40%,Random,12,0.0,NA,NA
JxPath,22,30,50%,Ekstazi,15,0.0,NA,NA
JxPath,22,30,50%,FAST,15,0.7745098039215685,12,0.23529411764705882
JxPath,22,30,50%,Ekstazi+dpt,15,0.0,NA,NA
JxPath,22,30,50%,DPT,15,0.0,NA,NA
JxPath,22,30,50%,STARTS,15,0.8725490196078431,7,0.13725490196078433
JxPath,22,30,50%,STARTS+FAST-S,15,0.8529411764705882,8,0.1568627450980392
JxPath,22,30,50%,STARTS+FAST-P,15,0.8725490196078431,7,0.13725490196078433
JxPath,22,30,50%,STARTS+DPT,15,0.0,NA,NA
JxPath,22,30,50%,Fastazi-S,15,0.8529411764705882,8,0.1568627450980392
JxPath,22,30,50%,Fastazi-P,15,0.8529411764705882,8,0.1568627450980392
JxPath,22,30,50%,Random,15,0.0,NA,NA
JxPath,22,30,60%,Ekstazi,18,0.0,NA,NA
JxPath,22,30,60%,FAST,18,0.7745098039215685,12,0.23529411764705882
JxPath,22,30,60%,Ekstazi+dpt,18,0.0,NA,NA
JxPath,22,30,60%,DPT,18,0.0,NA,NA
JxPath,22,30,60%,STARTS,18,0.8725490196078431,7,0.13725490196078433
JxPath,22,30,60%,STARTS+FAST-S,18,0.8529411764705882,8,0.1568627450980392
JxPath,22,30,60%,STARTS+FAST-P,18,0.8725490196078431,7,0.13725490196078433
JxPath,22,30,60%,STARTS+DPT,18,0.0,NA,NA
JxPath,22,30,60%,Fastazi-S,18,0.8529411764705882,8,0.1568627450980392
JxPath,22,30,60%,Fastazi-P,18,0.8529411764705882,8,0.1568627450980392
JxPath,22,30,60%,Random,18,0.0,NA,NA
JxPath,22,30,70%,Ekstazi,21,0.0,NA,NA
JxPath,22,30,70%,FAST,21,0.7745098039215685,12,0.23529411764705882
JxPath,22,30,70%,Ekstazi+dpt,21,0.0,NA,NA
JxPath,22,30,70%,DPT,21,0.0,NA,NA
JxPath,22,30,70%,STARTS,21,0.8725490196078431,7,0.13725490196078433
JxPath,22,30,70%,STARTS+FAST-S,21,0.8529411764705882,8,0.1568627450980392
JxPath,22,30,70%,STARTS+FAST-P,21,0.8725490196078431,7,0.13725490196078433
JxPath,22,30,70%,STARTS+DPT,21,0.0,NA,NA
JxPath,22,30,70%,Fastazi-S,21,0.8529411764705882,8,0.1568627450980392
JxPath,22,30,70%,Fastazi-P,21,0.8529411764705882,8,0.1568627450980392
JxPath,22,30,70%,Random,21,0.0,NA,NA
JxPath,22,30,75%,Ekstazi,22,0.0,NA,NA
JxPath,22,30,75%,FAST,22,0.7745098039215685,12,0.23529411764705882
JxPath,22,30,75%,Ekstazi+dpt,22,0.5784313725490196,22,0.43137254901960786
JxPath,22,30,75%,DPT,22,0.0,NA,NA
JxPath,22,30,75%,STARTS,22,0.8725490196078431,7,0.13725490196078433
JxPath,22,30,75%,STARTS+FAST-S,22,0.8529411764705882,8,0.1568627450980392
JxPath,22,30,75%,STARTS+FAST-P,22,0.8725490196078431,7,0.13725490196078433
JxPath,22,30,75%,STARTS+DPT,22,0.5784313725490196,22,0.43137254901960786
JxPath,22,30,75%,Fastazi-S,22,0.8529411764705882,8,0.1568627450980392
JxPath,22,30,75%,Fastazi-P,22,0.8529411764705882,8,0.1568627450980392
JxPath,22,30,75%,Random,22,0.0,NA,NA
JxPath,22,30,80%,Ekstazi,24,0.0,NA,NA
JxPath,22,30,80%,FAST,24,0.7745098039215685,12,0.23529411764705882
JxPath,22,30,80%,Ekstazi+dpt,24,0.5784313725490196,22,0.43137254901960786
JxPath,22,30,80%,DPT,24,0.5588235294117647,23,0.45098039215686275
JxPath,22,30,80%,STARTS,24,0.8725490196078431,7,0.13725490196078433
JxPath,22,30,80%,STARTS+FAST-S,24,0.8529411764705882,8,0.1568627450980392
JxPath,22,30,80%,STARTS+FAST-P,24,0.8725490196078431,7,0.13725490196078433
JxPath,22,30,80%,STARTS+DPT,24,0.5784313725490196,22,0.43137254901960786
JxPath,22,30,80%,Fastazi-S,24,0.8529411764705882,8,0.1568627450980392
JxPath,22,30,80%,Fastazi-P,24,0.8529411764705882,8,0.1568627450980392
JxPath,22,30,80%,Random,24,0.0,NA,NA
JxPath,22,30,90%,Ekstazi,27,0.0,NA,NA
JxPath,22,30,90%,FAST,27,0.7745098039215685,12,0.23529411764705882
JxPath,22,30,90%,Ekstazi+dpt,27,0.5784313725490196,22,0.43137254901960786
JxPath,22,30,90%,DPT,27,0.5588235294117647,23,0.45098039215686275
JxPath,22,30,90%,STARTS,27,0.8725490196078431,7,0.13725490196078433
JxPath,22,30,90%,STARTS+FAST-S,27,0.8529411764705882,8,0.1568627450980392
JxPath,22,30,90%,STARTS+FAST-P,27,0.8725490196078431,7,0.13725490196078433
JxPath,22,30,90%,STARTS+DPT,27,0.5784313725490196,22,0.43137254901960786
JxPath,22,30,90%,Fastazi-S,27,0.8529411764705882,8,0.1568627450980392
JxPath,22,30,90%,Fastazi-P,27,0.8529411764705882,8,0.1568627450980392
JxPath,22,30,90%,Random,27,0.0,NA,NA
JxPath,22,30,100%,Ekstazi,30,0.4215686274509804,30,0.5882352941176471
JxPath,22,30,100%,FAST,30,0.7745098039215685,12,0.23529411764705882
JxPath,22,30,100%,Ekstazi+dpt,30,0.5784313725490196,22,0.43137254901960786
JxPath,22,30,100%,DPT,30,0.5588235294117647,23,0.45098039215686275
JxPath,22,30,100%,STARTS,30,0.8725490196078431,7,0.13725490196078433
JxPath,22,30,100%,STARTS+FAST-S,30,0.8529411764705882,8,0.1568627450980392
JxPath,22,30,100%,STARTS+FAST-P,30,0.8725490196078431,7,0.13725490196078433
JxPath,22,30,100%,STARTS+DPT,30,0.5784313725490196,22,0.43137254901960786
JxPath,22,30,100%,Fastazi-S,30,0.8529411764705882,8,0.1568627450980392
JxPath,22,30,100%,Fastazi-P,30,0.8529411764705882,8,0.1568627450980392
JxPath,22,30,100%,Random,30,0.0,NA,NA
