Project, Version, Budget, Suite, RelBudget, Test count, APFDf, TTFF, pTTFF, Misses, Hit, HitCount
Time,4,10%,Ekstazi,0.08163265306122454,12.0,0.03276643990929705,NA,NA,29,0,1
Time,4,10%,FAST,0.08163265306122454,12.0,0.0,NA,NA,30,0,0
Time,4,10%,Ekstazi+dpt,0.08163265306122454,12.0,0.0,NA,NA,30,0,0
Time,4,10%,DPT,0.08163265306122454,12.0,0.0,NA,NA,30,0,0
Time,4,10%,STARTS,0.006802721088435376,1.0,0.0,NA,NA,30,0,0
Time,4,10%,STARTS+FAST-S,0.006802721088435376,1.0,0.0,NA,NA,30,0,0
Time,4,10%,STARTS+FAST-P,0.006802721088435376,1.0,0.0,NA,NA,30,0,0
Time,4,10%,STARTS+DPT,0.006802721088435376,1.0,0.0,NA,NA,30,0,0
Time,4,10%,Fastazi-S,0.08163265306122454,12.0,0.0,NA,NA,30,0,0
Time,4,10%,Fastazi-P,0.08163265306122454,12.0,0.0,NA,NA,30,0,0
Time,4,10%,Random,0.08163265306122454,12.0,0.06349206349206349,NA,NA,28,0,2
Time,4,20%,Ekstazi,0.16326530612244908,24.0,0.18072562358276645,NA,NA,24,0,6
Time,4,20%,FAST,0.16326530612244908,24.0,0.0,NA,NA,30,0,0
Time,4,20%,Ekstazi+dpt,0.16326530612244908,24.0,0.8809523809523807,18.0,0.12244897959183679,0,1,30
Time,4,20%,DPT,0.16326530612244908,24.0,0.8809523809523807,18.0,0.12244897959183679,0,1,30
Time,4,20%,STARTS,0.006802721088435376,1.0,0.0,NA,NA,30,0,0
Time,4,20%,STARTS+FAST-S,0.006802721088435376,1.0,0.0,NA,NA,30,0,0
Time,4,20%,STARTS+FAST-P,0.006802721088435376,1.0,0.0,NA,NA,30,0,0
Time,4,20%,STARTS+DPT,0.006802721088435376,1.0,0.0,NA,NA,30,0,0
Time,4,20%,Fastazi-S,0.16326530612244908,24.0,0.0,NA,NA,30,0,0
Time,4,20%,Fastazi-P,0.16326530612244908,24.0,0.0,NA,NA,30,0,0
Time,4,20%,Random,0.16326530612244908,24.0,0.18072562358276645,NA,NA,24,0,6
Time,4,25%,Ekstazi,0.2040816326530611,30.0,0.26179138321995465,NA,NA,21,0,9
Time,4,25%,FAST,0.2040816326530611,30.0,0.0,NA,NA,30,0,0
Time,4,25%,Ekstazi+dpt,0.2040816326530611,30.0,0.8809523809523807,18.0,0.12244897959183679,0,1,30
Time,4,25%,DPT,0.2040816326530611,30.0,0.8809523809523807,18.0,0.12244897959183679,0,1,30
Time,4,25%,STARTS,0.006802721088435376,1.0,0.0,NA,NA,30,0,0
Time,4,25%,STARTS+FAST-S,0.006802721088435376,1.0,0.0,NA,NA,30,0,0
Time,4,25%,STARTS+FAST-P,0.006802721088435376,1.0,0.0,NA,NA,30,0,0
Time,4,25%,STARTS+DPT,0.006802721088435376,1.0,0.0,NA,NA,30,0,0
Time,4,25%,Fastazi-S,0.2040816326530611,30.0,0.0,NA,NA,30,0,0
Time,4,25%,Fastazi-P,0.2040816326530611,30.0,0.0,NA,NA,30,0,0
Time,4,25%,Random,0.2040816326530611,30.0,0.18072562358276645,NA,NA,24,0,6
Time,4,30%,Ekstazi,0.24489795918367357,36.0,0.26179138321995465,NA,NA,21,0,9
Time,4,30%,FAST,0.24489795918367357,36.0,0.0,NA,NA,30,0,0
Time,4,30%,Ekstazi+dpt,0.24489795918367357,36.0,0.8809523809523807,18.0,0.12244897959183679,0,1,30
Time,4,30%,DPT,0.24489795918367357,36.0,0.8809523809523807,18.0,0.12244897959183679,0,1,30
Time,4,30%,STARTS,0.006802721088435376,1.0,0.0,NA,NA,30,0,0
Time,4,30%,STARTS+FAST-S,0.006802721088435376,1.0,0.0,NA,NA,30,0,0
Time,4,30%,STARTS+FAST-P,0.006802721088435376,1.0,0.0,NA,NA,30,0,0
Time,4,30%,STARTS+DPT,0.006802721088435376,1.0,0.0,NA,NA,30,0,0
Time,4,30%,Fastazi-S,0.24489795918367357,36.0,0.0,NA,NA,30,0,0
Time,4,30%,Fastazi-P,0.24489795918367357,36.0,0.0,NA,NA,30,0,0
Time,4,30%,Random,0.24489795918367357,36.0,0.18072562358276645,NA,NA,24,0,6
Time,4,40%,Ekstazi,0.32653061224489816,48.0,0.35680272108843536,NA,NA,17,0,13
Time,4,40%,FAST,0.32653061224489816,48.0,0.0,NA,NA,30,0,0
Time,4,40%,Ekstazi+dpt,0.32653061224489816,48.0,0.8809523809523807,18.0,0.12244897959183679,0,1,30
Time,4,40%,DPT,0.32653061224489816,48.0,0.8809523809523807,18.0,0.12244897959183679,0,1,30
Time,4,40%,STARTS,0.006802721088435376,1.0,0.0,NA,NA,30,0,0
Time,4,40%,STARTS+FAST-S,0.006802721088435376,1.0,0.0,NA,NA,30,0,0
Time,4,40%,STARTS+FAST-P,0.006802721088435376,1.0,0.0,NA,NA,30,0,0
Time,4,40%,STARTS+DPT,0.006802721088435376,1.0,0.0,NA,NA,30,0,0
Time,4,40%,Fastazi-S,0.32653061224489816,48.0,0.0,NA,NA,30,0,0
Time,4,40%,Fastazi-P,0.32653061224489816,48.0,0.0,NA,NA,30,0,0
Time,4,40%,Random,0.32653061224489816,48.0,0.22834467120181404,NA,NA,22,0,8
Time,4,50%,Ekstazi,0.4081632653061222,60.0,0.3777777777777778,NA,NA,16,0,14
Time,4,50%,FAST,0.4081632653061222,60.0,0.0,NA,NA,30,0,0
Time,4,50%,Ekstazi+dpt,0.4081632653061222,60.0,0.8809523809523807,18.0,0.12244897959183679,0,1,30
Time,4,50%,DPT,0.4081632653061222,60.0,0.8809523809523807,18.0,0.12244897959183679,0,1,30
Time,4,50%,STARTS,0.006802721088435376,1.0,0.0,NA,NA,30,0,0
Time,4,50%,STARTS+FAST-S,0.006802721088435376,1.0,0.0,NA,NA,30,0,0
Time,4,50%,STARTS+FAST-P,0.006802721088435376,1.0,0.0,NA,NA,30,0,0
Time,4,50%,STARTS+DPT,0.006802721088435376,1.0,0.0,NA,NA,30,0,0
Time,4,50%,Fastazi-S,0.4081632653061222,60.0,0.0,NA,NA,30,0,0
Time,4,50%,Fastazi-P,0.4081632653061222,60.0,0.0,NA,NA,30,0,0
Time,4,50%,Random,0.4081632653061222,60.0,0.35510204081632657,NA,NA,16,0,14
Time,4,60%,Ekstazi,0.48979591836734715,72.0,0.4136054421768708,NA,NA,14,0,16
Time,4,60%,FAST,0.48979591836734715,72.0,0.0,NA,NA,30,0,0
Time,4,60%,Ekstazi+dpt,0.48979591836734715,72.0,0.8809523809523807,18.0,0.12244897959183679,0,1,30
Time,4,60%,DPT,0.48979591836734715,72.0,0.8809523809523807,18.0,0.12244897959183679,0,1,30
Time,4,60%,STARTS,0.006802721088435376,1.0,0.0,NA,NA,30,0,0
Time,4,60%,STARTS+FAST-S,0.006802721088435376,1.0,0.0,NA,NA,30,0,0
Time,4,60%,STARTS+FAST-P,0.006802721088435376,1.0,0.0,NA,NA,30,0,0
Time,4,60%,STARTS+DPT,0.006802721088435376,1.0,0.0,NA,NA,30,0,0
Time,4,60%,Fastazi-S,0.48979591836734715,72.0,0.0,NA,NA,30,0,0
Time,4,60%,Fastazi-P,0.48979591836734715,72.0,0.0,NA,NA,30,0,0
Time,4,60%,Random,0.48979591836734715,72.0,0.37290249433106576,NA,NA,15,0,15
Time,4,70%,Ekstazi,0.5714285714285713,84.0,0.4444444444444445,NA,NA,12,0,18
Time,4,70%,FAST,0.5714285714285713,84.0,0.0,NA,NA,30,0,0
Time,4,70%,Ekstazi+dpt,0.5714285714285713,84.0,0.8809523809523807,18.0,0.12244897959183679,0,1,30
Time,4,70%,DPT,0.5714285714285713,84.0,0.8809523809523807,18.0,0.12244897959183679,0,1,30
Time,4,70%,STARTS,0.006802721088435376,1.0,0.0,NA,NA,30,0,0
Time,4,70%,STARTS+FAST-S,0.006802721088435376,1.0,0.0,NA,NA,30,0,0
Time,4,70%,STARTS+FAST-P,0.006802721088435376,1.0,0.0,NA,NA,30,0,0
Time,4,70%,STARTS+DPT,0.006802721088435376,1.0,0.0,NA,NA,30,0,0
Time,4,70%,Fastazi-S,0.5714285714285713,84.0,0.0,NA,NA,30,0,0
Time,4,70%,Fastazi-P,0.5714285714285713,84.0,0.0,NA,NA,30,0,0
Time,4,70%,Random,0.5714285714285713,84.0,0.43639455782312925,NA,NA,11,0,19
Time,4,75%,Ekstazi,0.6122448979591834,90.0,0.4844671201814059,NA,NA,9,0,21
Time,4,75%,FAST,0.6122448979591834,90.0,0.0,NA,NA,30,0,0
Time,4,75%,Ekstazi+dpt,0.6122448979591834,90.0,0.8809523809523807,18.0,0.12244897959183679,0,1,30
Time,4,75%,DPT,0.6122448979591834,90.0,0.8809523809523807,18.0,0.12244897959183679,0,1,30
Time,4,75%,STARTS,0.006802721088435376,1.0,0.0,NA,NA,30,0,0
Time,4,75%,STARTS+FAST-S,0.006802721088435376,1.0,0.0,NA,NA,30,0,0
Time,4,75%,STARTS+FAST-P,0.006802721088435376,1.0,0.0,NA,NA,30,0,0
Time,4,75%,STARTS+DPT,0.006802721088435376,1.0,0.0,NA,NA,30,0,0
Time,4,75%,Fastazi-S,0.6122448979591834,90.0,0.0,NA,NA,30,0,0
Time,4,75%,Fastazi-P,0.6122448979591834,90.0,0.0,NA,NA,30,0,0
Time,4,75%,Random,0.6122448979591834,90.0,0.4914965986394557,NA,NA,7,0,23
Time,4,80%,Ekstazi,0.6530612244897963,96.0,0.49682539682539684,NA,NA,8,0,22
Time,4,80%,FAST,0.6530612244897963,96.0,0.0,NA,NA,30,0,0
Time,4,80%,Ekstazi+dpt,0.6530612244897963,96.0,0.8809523809523807,18.0,0.12244897959183679,0,1,30
Time,4,80%,DPT,0.6530612244897963,96.0,0.8809523809523807,18.0,0.12244897959183679,0,1,30
Time,4,80%,STARTS,0.006802721088435376,1.0,0.0,NA,NA,30,0,0
Time,4,80%,STARTS+FAST-S,0.006802721088435376,1.0,0.0,NA,NA,30,0,0
Time,4,80%,STARTS+FAST-P,0.006802721088435376,1.0,0.0,NA,NA,30,0,0
Time,4,80%,STARTS+DPT,0.006802721088435376,1.0,0.0,NA,NA,30,0,0
Time,4,80%,Fastazi-S,0.6530612244897963,96.0,0.0,NA,NA,30,0,0
Time,4,80%,Fastazi-P,0.6530612244897963,96.0,0.0,NA,NA,30,0,0
Time,4,80%,Random,0.6530612244897963,96.0,0.4914965986394557,NA,NA,7,0,23
Time,4,90%,Ekstazi,0.7346938775510204,108.0,0.5443310657596372,NA,NA,3,0,27
Time,4,90%,FAST,0.7346938775510204,108.0,0.0,NA,NA,30,0,0
Time,4,90%,Ekstazi+dpt,0.7346938775510204,108.0,0.8809523809523807,18.0,0.12244897959183679,0,1,30
Time,4,90%,DPT,0.7346938775510204,108.0,0.8809523809523807,18.0,0.12244897959183679,0,1,30
Time,4,90%,STARTS,0.006802721088435376,1.0,0.0,NA,NA,30,0,0
Time,4,90%,STARTS+FAST-S,0.006802721088435376,1.0,0.0,NA,NA,30,0,0
Time,4,90%,STARTS+FAST-P,0.006802721088435376,1.0,0.0,NA,NA,30,0,0
Time,4,90%,STARTS+DPT,0.006802721088435376,1.0,0.0,NA,NA,30,0,0
Time,4,90%,Fastazi-S,0.7346938775510204,108.0,0.0,NA,NA,30,0,0
Time,4,90%,Fastazi-P,0.7346938775510204,108.0,0.0,NA,NA,30,0,0
Time,4,90%,Random,0.7346938775510204,108.0,0.5116780045351473,NA,NA,5,0,25
Time,4,100%,Ekstazi,0.8231292517006804,121.0,0.5653061224489797,64.4,0.4380952380952381,0,1,30
Time,4,100%,FAST,0.8231292517006804,121.0,0.0,NA,NA,30,0,0
Time,4,100%,Ekstazi+dpt,0.8231292517006804,121.0,0.8809523809523807,18.0,0.12244897959183679,0,1,30
Time,4,100%,DPT,0.8231292517006804,121.0,0.8809523809523807,18.0,0.12244897959183679,0,1,30
Time,4,100%,STARTS,0.006802721088435376,1.0,0.0,NA,NA,30,0,0
Time,4,100%,STARTS+FAST-S,0.006802721088435376,1.0,0.0,NA,NA,30,0,0
Time,4,100%,STARTS+FAST-P,0.006802721088435376,1.0,0.0,NA,NA,30,0,0
Time,4,100%,STARTS+DPT,0.006802721088435376,1.0,0.0,NA,NA,30,0,0
Time,4,100%,Fastazi-S,0.8231292517006804,121.0,0.25442176870748284,110.1,0.7489795918367349,0,1,30
Time,4,100%,Fastazi-P,0.8231292517006804,121.0,0.23741496598639458,112.6,0.7659863945578231,0,1,30
Time,4,100%,Random,0.8231292517006804,121.0,0.5349206349206349,NA,NA,2,0,28
Time,5,10%,Ekstazi,0.07482993197278913,11.0,0.09807256235827663,NA,NA,27,0,3
Time,5,10%,FAST,0.07482993197278913,11.0,0.0,NA,NA,30,0,0
Time,5,10%,Ekstazi+dpt,0.07482993197278913,11.0,0.0,NA,NA,30,0,0
Time,5,10%,DPT,0.07482993197278913,11.0,0.0,NA,NA,30,0,0
Time,5,10%,STARTS,0.006802721088435376,1.0,0.0,NA,NA,30,0,0
Time,5,10%,STARTS+FAST-S,0.006802721088435376,1.0,0.0,NA,NA,30,0,0
Time,5,10%,STARTS+FAST-P,0.006802721088435376,1.0,0.0,NA,NA,30,0,0
Time,5,10%,STARTS+DPT,0.006802721088435376,1.0,0.0,NA,NA,30,0,0
Time,5,10%,Fastazi-S,0.07482993197278913,11.0,0.0,NA,NA,30,0,0
Time,5,10%,Fastazi-P,0.07482993197278913,11.0,0.0,NA,NA,30,0,0
Time,5,10%,Random,0.07482993197278913,11.0,0.031179138321995467,NA,NA,29,0,1
Time,5,20%,Ekstazi,0.15646258503401358,23.0,0.15793650793650793,NA,NA,25,0,5
Time,5,20%,FAST,0.15646258503401358,23.0,0.0,NA,NA,30,0,0
Time,5,20%,Ekstazi+dpt,0.15646258503401358,23.0,0.8809523809523807,18.0,0.12244897959183679,0,1,30
Time,5,20%,DPT,0.15646258503401358,23.0,0.8809523809523807,18.0,0.12244897959183679,0,1,30
Time,5,20%,STARTS,0.006802721088435376,1.0,0.0,NA,NA,30,0,0
Time,5,20%,STARTS+FAST-S,0.006802721088435376,1.0,0.0,NA,NA,30,0,0
Time,5,20%,STARTS+FAST-P,0.006802721088435376,1.0,0.0,NA,NA,30,0,0
Time,5,20%,STARTS+DPT,0.006802721088435376,1.0,0.0,NA,NA,30,0,0
Time,5,20%,Fastazi-S,0.15646258503401358,23.0,0.0,NA,NA,30,0,0
Time,5,20%,Fastazi-P,0.15646258503401358,23.0,0.0,NA,NA,30,0,0
Time,5,20%,Random,0.15646258503401358,23.0,0.08832199546485262,NA,NA,27,0,3
Time,5,25%,Ekstazi,0.1904761904761906,28.0,0.15793650793650793,NA,NA,25,0,5
Time,5,25%,FAST,0.1904761904761906,28.0,0.0,NA,NA,30,0,0
Time,5,25%,Ekstazi+dpt,0.1904761904761906,28.0,0.8809523809523807,18.0,0.12244897959183679,0,1,30
Time,5,25%,DPT,0.1904761904761906,28.0,0.8809523809523807,18.0,0.12244897959183679,0,1,30
Time,5,25%,STARTS,0.006802721088435376,1.0,0.0,NA,NA,30,0,0
Time,5,25%,STARTS+FAST-S,0.006802721088435376,1.0,0.0,NA,NA,30,0,0
Time,5,25%,STARTS+FAST-P,0.006802721088435376,1.0,0.0,NA,NA,30,0,0
Time,5,25%,STARTS+DPT,0.006802721088435376,1.0,0.0,NA,NA,30,0,0
Time,5,25%,Fastazi-S,0.1904761904761906,28.0,0.0,NA,NA,30,0,0
Time,5,25%,Fastazi-P,0.1904761904761906,28.0,0.0,NA,NA,30,0,0
Time,5,25%,Random,0.1904761904761906,28.0,0.1425170068027211,NA,NA,25,0,5
Time,5,30%,Ekstazi,0.2312925170068026,34.0,0.26405895691609976,NA,NA,21,0,9
Time,5,30%,FAST,0.2312925170068026,34.0,0.0,NA,NA,30,0,0
Time,5,30%,Ekstazi+dpt,0.2312925170068026,34.0,0.8809523809523807,18.0,0.12244897959183679,0,1,30
Time,5,30%,DPT,0.2312925170068026,34.0,0.8809523809523807,18.0,0.12244897959183679,0,1,30
Time,5,30%,STARTS,0.006802721088435376,1.0,0.0,NA,NA,30,0,0
Time,5,30%,STARTS+FAST-S,0.006802721088435376,1.0,0.0,NA,NA,30,0,0
Time,5,30%,STARTS+FAST-P,0.006802721088435376,1.0,0.0,NA,NA,30,0,0
Time,5,30%,STARTS+DPT,0.006802721088435376,1.0,0.0,NA,NA,30,0,0
Time,5,30%,Fastazi-S,0.2312925170068026,34.0,0.0,NA,NA,30,0,0
Time,5,30%,Fastazi-P,0.2312925170068026,34.0,0.0,NA,NA,30,0,0
Time,5,30%,Random,0.2312925170068026,34.0,0.16893424036281182,NA,NA,24,0,6
Time,5,40%,Ekstazi,0.31292517006802717,46.0,0.38616780045351473,NA,NA,16,0,14
Time,5,40%,FAST,0.31292517006802717,46.0,0.0,NA,NA,30,0,0
Time,5,40%,Ekstazi+dpt,0.31292517006802717,46.0,0.8809523809523807,18.0,0.12244897959183679,0,1,30
Time,5,40%,DPT,0.31292517006802717,46.0,0.8809523809523807,18.0,0.12244897959183679,0,1,30
Time,5,40%,STARTS,0.006802721088435376,1.0,0.0,NA,NA,30,0,0
Time,5,40%,STARTS+FAST-S,0.006802721088435376,1.0,0.0,NA,NA,30,0,0
Time,5,40%,STARTS+FAST-P,0.006802721088435376,1.0,0.0,NA,NA,30,0,0
Time,5,40%,STARTS+DPT,0.006802721088435376,1.0,0.0,NA,NA,30,0,0
Time,5,40%,Fastazi-S,0.31292517006802717,46.0,0.7358276643990931,39.333333333333336,0.26757369614512455,0,1,30
Time,5,40%,Fastazi-P,0.31292517006802717,46.0,0.7414965986394558,38.5,0.2619047619047619,0,1,30
Time,5,40%,Random,0.31292517006802717,46.0,0.2678004535147392,NA,NA,20,0,10
Time,5,50%,Ekstazi,0.3877551020408164,57.0,0.4926303854875283,NA,NA,11,0,19
Time,5,50%,FAST,0.3877551020408164,57.0,0.6634920634920634,49.96666666666667,0.3399092970521543,0,1,30
Time,5,50%,Ekstazi+dpt,0.3877551020408164,57.0,0.8809523809523807,18.0,0.12244897959183679,0,1,30
Time,5,50%,DPT,0.3877551020408164,57.0,0.8809523809523807,18.0,0.12244897959183679,0,1,30
Time,5,50%,STARTS,0.006802721088435376,1.0,0.0,NA,NA,30,0,0
Time,5,50%,STARTS+FAST-S,0.006802721088435376,1.0,0.0,NA,NA,30,0,0
Time,5,50%,STARTS+FAST-P,0.006802721088435376,1.0,0.0,NA,NA,30,0,0
Time,5,50%,STARTS+DPT,0.006802721088435376,1.0,0.0,NA,NA,30,0,0
Time,5,50%,Fastazi-S,0.3877551020408164,57.0,0.7358276643990931,39.333333333333336,0.26757369614512455,0,1,30
Time,5,50%,Fastazi-P,0.3877551020408164,57.0,0.7414965986394558,38.5,0.2619047619047619,0,1,30
Time,5,50%,Random,0.3877551020408164,57.0,0.2905895691609977,NA,NA,19,0,11
Time,5,60%,Ekstazi,0.4693877551020407,69.0,0.5683673469387756,NA,NA,7,0,23
Time,5,60%,FAST,0.4693877551020407,69.0,0.6634920634920634,49.96666666666667,0.3399092970521543,0,1,30
Time,5,60%,Ekstazi+dpt,0.4693877551020407,69.0,0.8809523809523807,18.0,0.12244897959183679,0,1,30
Time,5,60%,DPT,0.4693877551020407,69.0,0.8809523809523807,18.0,0.12244897959183679,0,1,30
Time,5,60%,STARTS,0.006802721088435376,1.0,0.0,NA,NA,30,0,0
Time,5,60%,STARTS+FAST-S,0.006802721088435376,1.0,0.0,NA,NA,30,0,0
Time,5,60%,STARTS+FAST-P,0.006802721088435376,1.0,0.0,NA,NA,30,0,0
Time,5,60%,STARTS+DPT,0.006802721088435376,1.0,0.0,NA,NA,30,0,0
Time,5,60%,Fastazi-S,0.4693877551020407,69.0,0.7358276643990931,39.333333333333336,0.26757369614512455,0,1,30
Time,5,60%,Fastazi-P,0.4693877551020407,69.0,0.7414965986394558,38.5,0.2619047619047619,0,1,30
Time,5,60%,Random,0.4693877551020407,69.0,0.31088435374149653,NA,NA,18,0,12
Time,5,70%,Ekstazi,0.5442176870748302,80.0,0.5845804988662132,NA,NA,6,0,24
Time,5,70%,FAST,0.5442176870748302,80.0,0.6634920634920634,49.96666666666667,0.3399092970521543,0,1,30
Time,5,70%,Ekstazi+dpt,0.5442176870748302,80.0,0.8809523809523807,18.0,0.12244897959183679,0,1,30
Time,5,70%,DPT,0.5442176870748302,80.0,0.8809523809523807,18.0,0.12244897959183679,0,1,30
Time,5,70%,STARTS,0.006802721088435376,1.0,0.0,NA,NA,30,0,0
Time,5,70%,STARTS+FAST-S,0.006802721088435376,1.0,0.0,NA,NA,30,0,0
Time,5,70%,STARTS+FAST-P,0.006802721088435376,1.0,0.0,NA,NA,30,0,0
Time,5,70%,STARTS+DPT,0.006802721088435376,1.0,0.0,NA,NA,30,0,0
Time,5,70%,Fastazi-S,0.5442176870748302,80.0,0.7358276643990931,39.333333333333336,0.26757369614512455,0,1,30
Time,5,70%,Fastazi-P,0.5442176870748302,80.0,0.7414965986394558,38.5,0.2619047619047619,0,1,30
Time,5,70%,Random,0.5442176870748302,80.0,0.3268707482993197,NA,NA,17,0,13
Time,5,75%,Ekstazi,0.5850340136054422,86.0,0.6138321995464853,NA,NA,4,0,26
Time,5,75%,FAST,0.5850340136054422,86.0,0.6634920634920634,49.96666666666667,0.3399092970521543,0,1,30
Time,5,75%,Ekstazi+dpt,0.5850340136054422,86.0,0.8809523809523807,18.0,0.12244897959183679,0,1,30
Time,5,75%,DPT,0.5850340136054422,86.0,0.8809523809523807,18.0,0.12244897959183679,0,1,30
Time,5,75%,STARTS,0.006802721088435376,1.0,0.0,NA,NA,30,0,0
Time,5,75%,STARTS+FAST-S,0.006802721088435376,1.0,0.0,NA,NA,30,0,0
Time,5,75%,STARTS+FAST-P,0.006802721088435376,1.0,0.0,NA,NA,30,0,0
Time,5,75%,STARTS+DPT,0.006802721088435376,1.0,0.0,NA,NA,30,0,0
Time,5,75%,Fastazi-S,0.5850340136054422,86.0,0.7358276643990931,39.333333333333336,0.26757369614512455,0,1,30
Time,5,75%,Fastazi-P,0.5850340136054422,86.0,0.7414965986394558,38.5,0.2619047619047619,0,1,30
Time,5,75%,Random,0.5850340136054422,86.0,0.3408163265306123,NA,NA,16,0,14
Time,5,80%,Ekstazi,0.6258503401360543,92.0,0.6138321995464853,NA,NA,4,0,26
Time,5,80%,FAST,0.6258503401360543,92.0,0.6634920634920634,49.96666666666667,0.3399092970521543,0,1,30
Time,5,80%,Ekstazi+dpt,0.6258503401360543,92.0,0.8809523809523807,18.0,0.12244897959183679,0,1,30
Time,5,80%,DPT,0.6258503401360543,92.0,0.8809523809523807,18.0,0.12244897959183679,0,1,30
Time,5,80%,STARTS,0.006802721088435376,1.0,0.0,NA,NA,30,0,0
Time,5,80%,STARTS+FAST-S,0.006802721088435376,1.0,0.0,NA,NA,30,0,0
Time,5,80%,STARTS+FAST-P,0.006802721088435376,1.0,0.0,NA,NA,30,0,0
Time,5,80%,STARTS+DPT,0.006802721088435376,1.0,0.0,NA,NA,30,0,0
Time,5,80%,Fastazi-S,0.6258503401360543,92.0,0.7358276643990931,39.333333333333336,0.26757369614512455,0,1,30
Time,5,80%,Fastazi-P,0.6258503401360543,92.0,0.7414965986394558,38.5,0.2619047619047619,0,1,30
Time,5,80%,Random,0.6258503401360543,92.0,0.3671201814058957,NA,NA,14,0,16
Time,5,90%,Ekstazi,0.7006802721088438,103.0,0.6575963718820861,50.833333333333336,0.3458049886621316,0,1,30
Time,5,90%,FAST,0.7006802721088438,103.0,0.6634920634920634,49.96666666666667,0.3399092970521543,0,1,30
Time,5,90%,Ekstazi+dpt,0.7006802721088438,103.0,0.8809523809523807,18.0,0.12244897959183679,0,1,30
Time,5,90%,DPT,0.7006802721088438,103.0,0.8809523809523807,18.0,0.12244897959183679,0,1,30
Time,5,90%,STARTS,0.006802721088435376,1.0,0.0,NA,NA,30,0,0
Time,5,90%,STARTS+FAST-S,0.006802721088435376,1.0,0.0,NA,NA,30,0,0
Time,5,90%,STARTS+FAST-P,0.006802721088435376,1.0,0.0,NA,NA,30,0,0
Time,5,90%,STARTS+DPT,0.006802721088435376,1.0,0.0,NA,NA,30,0,0
Time,5,90%,Fastazi-S,0.7006802721088438,103.0,0.7358276643990931,39.333333333333336,0.26757369614512455,0,1,30
Time,5,90%,Fastazi-P,0.7006802721088438,103.0,0.7414965986394558,38.5,0.2619047619047619,0,1,30
Time,5,90%,Random,0.7006802721088438,103.0,0.38798185941043084,NA,NA,12,0,18
Time,5,100%,Ekstazi,0.7823129251700679,115.0,0.6575963718820861,50.833333333333336,0.3458049886621316,0,1,30
Time,5,100%,FAST,0.7823129251700679,115.0,0.6634920634920634,49.96666666666667,0.3399092970521543,0,1,30
Time,5,100%,Ekstazi+dpt,0.7823129251700679,115.0,0.8809523809523807,18.0,0.12244897959183679,0,1,30
Time,5,100%,DPT,0.7823129251700679,115.0,0.8809523809523807,18.0,0.12244897959183679,0,1,30
Time,5,100%,STARTS,0.006802721088435376,1.0,0.0,NA,NA,30,0,0
Time,5,100%,STARTS+FAST-S,0.006802721088435376,1.0,0.0,NA,NA,30,0,0
Time,5,100%,STARTS+FAST-P,0.006802721088435376,1.0,0.0,NA,NA,30,0,0
Time,5,100%,STARTS+DPT,0.006802721088435376,1.0,0.0,NA,NA,30,0,0
Time,5,100%,Fastazi-S,0.7823129251700679,115.0,0.7358276643990931,39.333333333333336,0.26757369614512455,0,1,30
Time,5,100%,Fastazi-P,0.7823129251700679,115.0,0.7414965986394558,38.5,0.2619047619047619,0,1,30
Time,5,100%,Random,0.7823129251700679,115.0,0.41190476190476194,NA,NA,9,0,21
Time,6,10%,Ekstazi,0.07482993197278913,11.0,0.09467120181405896,NA,NA,27,0,3
Time,6,10%,FAST,0.07482993197278913,11.0,0.0,NA,NA,30,0,0
Time,6,10%,Ekstazi+dpt,0.07482993197278913,11.0,0.928571428571428,11.0,0.07482993197278913,0,1,30
Time,6,10%,DPT,0.07482993197278913,11.0,0.928571428571428,11.0,0.07482993197278913,0,1,30
Time,6,10%,STARTS,0.006802721088435376,1.0,0.0,NA,NA,30,0,0
Time,6,10%,STARTS+FAST-S,0.006802721088435376,1.0,0.0,NA,NA,30,0,0
Time,6,10%,STARTS+FAST-P,0.006802721088435376,1.0,0.0,NA,NA,30,0,0
Time,6,10%,STARTS+DPT,0.006802721088435376,1.0,0.0,NA,NA,30,0,0
Time,6,10%,Fastazi-S,0.07482993197278913,11.0,0.033219954648526076,NA,NA,29,0,1
Time,6,10%,Fastazi-P,0.07482993197278913,11.0,0.0,NA,NA,30,0,0
Time,6,10%,Random,0.07482993197278913,11.0,0.03231292517006803,NA,NA,29,0,1
Time,6,20%,Ekstazi,0.15646258503401358,23.0,0.15226757369614513,NA,NA,25,0,5
Time,6,20%,FAST,0.15646258503401358,23.0,0.0,NA,NA,30,0,0
Time,6,20%,Ekstazi+dpt,0.15646258503401358,23.0,0.928571428571428,11.0,0.07482993197278913,0,1,30
Time,6,20%,DPT,0.15646258503401358,23.0,0.928571428571428,11.0,0.07482993197278913,0,1,30
Time,6,20%,STARTS,0.006802721088435376,1.0,0.0,NA,NA,30,0,0
Time,6,20%,STARTS+FAST-S,0.006802721088435376,1.0,0.0,NA,NA,30,0,0
Time,6,20%,STARTS+FAST-P,0.006802721088435376,1.0,0.0,NA,NA,30,0,0
Time,6,20%,STARTS+DPT,0.006802721088435376,1.0,0.0,NA,NA,30,0,0
Time,6,20%,Fastazi-S,0.15646258503401358,23.0,0.033219954648526076,NA,NA,29,0,1
Time,6,20%,Fastazi-P,0.15646258503401358,23.0,0.0,NA,NA,30,0,0
Time,6,20%,Random,0.15646258503401358,23.0,0.09081632653061225,NA,NA,27,0,3
Time,6,25%,Ekstazi,0.1972789115646257,29.0,0.15226757369614513,NA,NA,25,0,5
Time,6,25%,FAST,0.1972789115646257,29.0,0.0,NA,NA,30,0,0
Time,6,25%,Ekstazi+dpt,0.1972789115646257,29.0,0.928571428571428,11.0,0.07482993197278913,0,1,30
Time,6,25%,DPT,0.1972789115646257,29.0,0.928571428571428,11.0,0.07482993197278913,0,1,30
Time,6,25%,STARTS,0.006802721088435376,1.0,0.0,NA,NA,30,0,0
Time,6,25%,STARTS+FAST-S,0.006802721088435376,1.0,0.0,NA,NA,30,0,0
Time,6,25%,STARTS+FAST-P,0.006802721088435376,1.0,0.0,NA,NA,30,0,0
Time,6,25%,STARTS+DPT,0.006802721088435376,1.0,0.0,NA,NA,30,0,0
Time,6,25%,Fastazi-S,0.1972789115646257,29.0,0.033219954648526076,NA,NA,29,0,1
Time,6,25%,Fastazi-P,0.1972789115646257,29.0,0.0,NA,NA,30,0,0
Time,6,25%,Random,0.1972789115646257,29.0,0.11882086167800453,NA,NA,26,0,4
Time,6,30%,Ekstazi,0.2312925170068026,34.0,0.17845804988662134,NA,NA,24,0,6
Time,6,30%,FAST,0.2312925170068026,34.0,0.0,NA,NA,30,0,0
Time,6,30%,Ekstazi+dpt,0.2312925170068026,34.0,0.928571428571428,11.0,0.07482993197278913,0,1,30
Time,6,30%,DPT,0.2312925170068026,34.0,0.928571428571428,11.0,0.07482993197278913,0,1,30
Time,6,30%,STARTS,0.006802721088435376,1.0,0.0,NA,NA,30,0,0
Time,6,30%,STARTS+FAST-S,0.006802721088435376,1.0,0.0,NA,NA,30,0,0
Time,6,30%,STARTS+FAST-P,0.006802721088435376,1.0,0.0,NA,NA,30,0,0
Time,6,30%,STARTS+DPT,0.006802721088435376,1.0,0.0,NA,NA,30,0,0
Time,6,30%,Fastazi-S,0.2312925170068026,34.0,0.033219954648526076,NA,NA,29,0,1
Time,6,30%,Fastazi-P,0.2312925170068026,34.0,0.0,NA,NA,30,0,0
Time,6,30%,Random,0.2312925170068026,34.0,0.19693877551020408,NA,NA,23,0,7
Time,6,40%,Ekstazi,0.31292517006802717,46.0,0.2994331065759637,NA,NA,19,0,11
Time,6,40%,FAST,0.31292517006802717,46.0,0.0,NA,NA,30,0,0
Time,6,40%,Ekstazi+dpt,0.31292517006802717,46.0,0.928571428571428,11.0,0.07482993197278913,0,1,30
Time,6,40%,DPT,0.31292517006802717,46.0,0.928571428571428,11.0,0.07482993197278913,0,1,30
Time,6,40%,STARTS,0.006802721088435376,1.0,0.0,NA,NA,30,0,0
Time,6,40%,STARTS+FAST-S,0.006802721088435376,1.0,0.0,NA,NA,30,0,0
Time,6,40%,STARTS+FAST-P,0.006802721088435376,1.0,0.0,NA,NA,30,0,0
Time,6,40%,STARTS+DPT,0.006802721088435376,1.0,0.0,NA,NA,30,0,0
Time,6,40%,Fastazi-S,0.31292517006802717,46.0,0.033219954648526076,NA,NA,29,0,1
Time,6,40%,Fastazi-P,0.31292517006802717,46.0,0.0,NA,NA,30,0,0
Time,6,40%,Random,0.31292517006802717,46.0,0.29285714285714287,NA,NA,19,0,11
Time,6,50%,Ekstazi,0.3945578231292514,58.0,0.3434240362811792,NA,NA,17,0,13
Time,6,50%,FAST,0.3945578231292514,58.0,0.0,NA,NA,30,0,0
Time,6,50%,Ekstazi+dpt,0.3945578231292514,58.0,0.928571428571428,11.0,0.07482993197278913,0,1,30
Time,6,50%,DPT,0.3945578231292514,58.0,0.928571428571428,11.0,0.07482993197278913,0,1,30
Time,6,50%,STARTS,0.006802721088435376,1.0,0.0,NA,NA,30,0,0
Time,6,50%,STARTS+FAST-S,0.006802721088435376,1.0,0.0,NA,NA,30,0,0
Time,6,50%,STARTS+FAST-P,0.006802721088435376,1.0,0.0,NA,NA,30,0,0
Time,6,50%,STARTS+DPT,0.006802721088435376,1.0,0.0,NA,NA,30,0,0
Time,6,50%,Fastazi-S,0.3945578231292514,58.0,0.033219954648526076,NA,NA,29,0,1
Time,6,50%,Fastazi-P,0.3945578231292514,58.0,0.0,NA,NA,30,0,0
Time,6,50%,Random,0.3945578231292514,58.0,0.29285714285714287,NA,NA,19,0,11
Time,6,60%,Ekstazi,0.4693877551020407,69.0,0.3993197278911565,NA,NA,14,0,16
Time,6,60%,FAST,0.4693877551020407,69.0,0.0,NA,NA,30,0,0
Time,6,60%,Ekstazi+dpt,0.4693877551020407,69.0,0.928571428571428,11.0,0.07482993197278913,0,1,30
Time,6,60%,DPT,0.4693877551020407,69.0,0.928571428571428,11.0,0.07482993197278913,0,1,30
Time,6,60%,STARTS,0.006802721088435376,1.0,0.0,NA,NA,30,0,0
Time,6,60%,STARTS+FAST-S,0.006802721088435376,1.0,0.0,NA,NA,30,0,0
Time,6,60%,STARTS+FAST-P,0.006802721088435376,1.0,0.0,NA,NA,30,0,0
Time,6,60%,STARTS+DPT,0.006802721088435376,1.0,0.0,NA,NA,30,0,0
Time,6,60%,Fastazi-S,0.4693877551020407,69.0,0.5859410430839005,61.36666666666667,0.4174603174603176,0,1,30
Time,6,60%,Fastazi-P,0.4693877551020407,69.0,0.5712018140589571,63.53333333333333,0.43219954648526093,0,1,30
Time,6,60%,Random,0.4693877551020407,69.0,0.31201814058956917,NA,NA,18,0,12
Time,6,70%,Ekstazi,0.5510204081632648,81.0,0.4486394557823129,NA,NA,11,0,19
Time,6,70%,FAST,0.5510204081632648,81.0,0.0,NA,NA,30,0,0
Time,6,70%,Ekstazi+dpt,0.5510204081632648,81.0,0.928571428571428,11.0,0.07482993197278913,0,1,30
Time,6,70%,DPT,0.5510204081632648,81.0,0.928571428571428,11.0,0.07482993197278913,0,1,30
Time,6,70%,STARTS,0.006802721088435376,1.0,0.0,NA,NA,30,0,0
Time,6,70%,STARTS+FAST-S,0.006802721088435376,1.0,0.0,NA,NA,30,0,0
Time,6,70%,STARTS+FAST-P,0.006802721088435376,1.0,0.0,NA,NA,30,0,0
Time,6,70%,STARTS+DPT,0.006802721088435376,1.0,0.0,NA,NA,30,0,0
Time,6,70%,Fastazi-S,0.5510204081632648,81.0,0.5859410430839005,61.36666666666667,0.4174603174603176,0,1,30
Time,6,70%,Fastazi-P,0.5510204081632648,81.0,0.5712018140589571,63.53333333333333,0.43219954648526093,0,1,30
Time,6,70%,Random,0.5510204081632648,81.0,0.36269841269841263,NA,NA,15,0,15
Time,6,75%,Ekstazi,0.5918367346938779,87.0,0.4763038548752834,NA,NA,9,0,21
Time,6,75%,FAST,0.5918367346938779,87.0,0.0,NA,NA,30,0,0
Time,6,75%,Ekstazi+dpt,0.5918367346938779,87.0,0.928571428571428,11.0,0.07482993197278913,0,1,30
Time,6,75%,DPT,0.5918367346938779,87.0,0.928571428571428,11.0,0.07482993197278913,0,1,30
Time,6,75%,STARTS,0.006802721088435376,1.0,0.0,NA,NA,30,0,0
Time,6,75%,STARTS+FAST-S,0.006802721088435376,1.0,0.0,NA,NA,30,0,0
Time,6,75%,STARTS+FAST-P,0.006802721088435376,1.0,0.0,NA,NA,30,0,0
Time,6,75%,STARTS+DPT,0.006802721088435376,1.0,0.0,NA,NA,30,0,0
Time,6,75%,Fastazi-S,0.5918367346938779,87.0,0.5859410430839005,61.36666666666667,0.4174603174603176,0,1,30
Time,6,75%,Fastazi-P,0.5918367346938779,87.0,0.5712018140589571,63.53333333333333,0.43219954648526093,0,1,30
Time,6,75%,Random,0.5918367346938779,87.0,0.36269841269841263,NA,NA,15,0,15
Time,6,80%,Ekstazi,0.6258503401360543,92.0,0.48911564625850334,NA,NA,8,0,22
Time,6,80%,FAST,0.6258503401360543,92.0,0.16360544217687073,NA,NA,17,0,13
Time,6,80%,Ekstazi+dpt,0.6258503401360543,92.0,0.928571428571428,11.0,0.07482993197278913,0,1,30
Time,6,80%,DPT,0.6258503401360543,92.0,0.928571428571428,11.0,0.07482993197278913,0,1,30
Time,6,80%,STARTS,0.006802721088435376,1.0,0.0,NA,NA,30,0,0
Time,6,80%,STARTS+FAST-S,0.006802721088435376,1.0,0.0,NA,NA,30,0,0
Time,6,80%,STARTS+FAST-P,0.006802721088435376,1.0,0.0,NA,NA,30,0,0
Time,6,80%,STARTS+DPT,0.006802721088435376,1.0,0.0,NA,NA,30,0,0
Time,6,80%,Fastazi-S,0.6258503401360543,92.0,0.5859410430839005,61.36666666666667,0.4174603174603176,0,1,30
Time,6,80%,Fastazi-P,0.6258503401360543,92.0,0.5712018140589571,63.53333333333333,0.43219954648526093,0,1,30
Time,6,80%,Random,0.6258503401360543,92.0,0.36269841269841263,NA,NA,15,0,15
Time,6,90%,Ekstazi,0.707482993197279,104.0,0.49920634920634915,NA,NA,7,0,23
Time,6,90%,FAST,0.707482993197279,104.0,0.37369614512471644,92.56666666666666,0.629705215419501,0,1,30
Time,6,90%,Ekstazi+dpt,0.707482993197279,104.0,0.928571428571428,11.0,0.07482993197278913,0,1,30
Time,6,90%,DPT,0.707482993197279,104.0,0.928571428571428,11.0,0.07482993197278913,0,1,30
Time,6,90%,STARTS,0.006802721088435376,1.0,0.0,NA,NA,30,0,0
Time,6,90%,STARTS+FAST-S,0.006802721088435376,1.0,0.0,NA,NA,30,0,0
Time,6,90%,STARTS+FAST-P,0.006802721088435376,1.0,0.0,NA,NA,30,0,0
Time,6,90%,STARTS+DPT,0.006802721088435376,1.0,0.0,NA,NA,30,0,0
Time,6,90%,Fastazi-S,0.707482993197279,104.0,0.5859410430839005,61.36666666666667,0.4174603174603176,0,1,30
Time,6,90%,Fastazi-P,0.707482993197279,104.0,0.5712018140589571,63.53333333333333,0.43219954648526093,0,1,30
Time,6,90%,Random,0.707482993197279,104.0,0.39841269841269844,NA,NA,12,0,18
Time,6,100%,Ekstazi,0.7891156462585028,116.0,0.5594104308390022,65.26666666666667,0.4439909297052154,0,1,30
Time,6,100%,FAST,0.7891156462585028,116.0,0.37369614512471644,92.56666666666666,0.629705215419501,0,1,30
Time,6,100%,Ekstazi+dpt,0.7891156462585028,116.0,0.928571428571428,11.0,0.07482993197278913,0,1,30
Time,6,100%,DPT,0.7891156462585028,116.0,0.928571428571428,11.0,0.07482993197278913,0,1,30
Time,6,100%,STARTS,0.006802721088435376,1.0,0.0,NA,NA,30,0,0
Time,6,100%,STARTS+FAST-S,0.006802721088435376,1.0,0.0,NA,NA,30,0,0
Time,6,100%,STARTS+FAST-P,0.006802721088435376,1.0,0.0,NA,NA,30,0,0
Time,6,100%,STARTS+DPT,0.006802721088435376,1.0,0.0,NA,NA,30,0,0
Time,6,100%,Fastazi-S,0.7891156462585028,116.0,0.5859410430839005,61.36666666666667,0.4174603174603176,0,1,30
Time,6,100%,Fastazi-P,0.7891156462585028,116.0,0.5712018140589571,63.53333333333333,0.43219954648526093,0,1,30
Time,6,100%,Random,0.7891156462585028,116.0,0.42142857142857143,NA,NA,9,0,21
Time,7,10%,Ekstazi,0.07482993197278913,11.0,0.032086167800453515,NA,NA,29,0,1
Time,7,10%,FAST,0.07482993197278913,11.0,0.06643990929705215,NA,NA,28,0,2
Time,7,10%,Ekstazi+dpt,0.07482993197278913,11.0,0.0,NA,NA,30,0,0
Time,7,10%,DPT,0.07482993197278913,11.0,0.0,NA,NA,30,0,0
Time,7,10%,STARTS,0.006802721088435376,1.0,0.0,NA,NA,30,0,0
Time,7,10%,STARTS+FAST-S,0.006802721088435376,1.0,0.0,NA,NA,30,0,0
Time,7,10%,STARTS+FAST-P,0.006802721088435376,1.0,0.0,NA,NA,30,0,0
Time,7,10%,STARTS+DPT,0.006802721088435376,1.0,0.0,NA,NA,30,0,0
Time,7,10%,Fastazi-S,0.07482993197278913,11.0,0.033219954648526076,NA,NA,29,0,1
Time,7,10%,Fastazi-P,0.07482993197278913,11.0,0.06643990929705215,NA,NA,28,0,2
Time,7,10%,Random,0.07482993197278913,11.0,0.03140589569160998,NA,NA,29,0,1
Time,7,20%,Ekstazi,0.15646258503401358,23.0,0.1484126984126984,NA,NA,25,0,5
Time,7,20%,FAST,0.15646258503401358,23.0,0.06643990929705215,NA,NA,28,0,2
Time,7,20%,Ekstazi+dpt,0.15646258503401358,23.0,0.8605442176870747,21.0,0.14285714285714282,0,1,30
Time,7,20%,DPT,0.15646258503401358,23.0,0.8605442176870747,21.0,0.14285714285714282,0,1,30
Time,7,20%,STARTS,0.006802721088435376,1.0,0.0,NA,NA,30,0,0
Time,7,20%,STARTS+FAST-S,0.006802721088435376,1.0,0.0,NA,NA,30,0,0
Time,7,20%,STARTS+FAST-P,0.006802721088435376,1.0,0.0,NA,NA,30,0,0
Time,7,20%,STARTS+DPT,0.006802721088435376,1.0,0.0,NA,NA,30,0,0
Time,7,20%,Fastazi-S,0.15646258503401358,23.0,0.033219954648526076,NA,NA,29,0,1
Time,7,20%,Fastazi-P,0.15646258503401358,23.0,0.06643990929705215,NA,NA,28,0,2
Time,7,20%,Random,0.15646258503401358,23.0,0.18027210884353742,NA,NA,24,0,6
Time,7,25%,Ekstazi,0.1972789115646257,29.0,0.2590702947845805,NA,NA,21,0,9
Time,7,25%,FAST,0.1972789115646257,29.0,0.06643990929705215,NA,NA,28,0,2
Time,7,25%,Ekstazi+dpt,0.1972789115646257,29.0,0.8605442176870747,21.0,0.14285714285714282,0,1,30
Time,7,25%,DPT,0.1972789115646257,29.0,0.8605442176870747,21.0,0.14285714285714282,0,1,30
Time,7,25%,STARTS,0.006802721088435376,1.0,0.0,NA,NA,30,0,0
Time,7,25%,STARTS+FAST-S,0.006802721088435376,1.0,0.0,NA,NA,30,0,0
Time,7,25%,STARTS+FAST-P,0.006802721088435376,1.0,0.0,NA,NA,30,0,0
Time,7,25%,STARTS+DPT,0.006802721088435376,1.0,0.0,NA,NA,30,0,0
Time,7,25%,Fastazi-S,0.1972789115646257,29.0,0.033219954648526076,NA,NA,29,0,1
Time,7,25%,Fastazi-P,0.1972789115646257,29.0,0.06643990929705215,NA,NA,28,0,2
Time,7,25%,Random,0.1972789115646257,29.0,0.2344671201814059,NA,NA,22,0,8
Time,7,30%,Ekstazi,0.2312925170068026,34.0,0.28526077097505664,NA,NA,20,0,10
Time,7,30%,FAST,0.2312925170068026,34.0,0.06643990929705215,NA,NA,28,0,2
Time,7,30%,Ekstazi+dpt,0.2312925170068026,34.0,0.8605442176870747,21.0,0.14285714285714282,0,1,30
Time,7,30%,DPT,0.2312925170068026,34.0,0.8605442176870747,21.0,0.14285714285714282,0,1,30
Time,7,30%,STARTS,0.006802721088435376,1.0,0.0,NA,NA,30,0,0
Time,7,30%,STARTS+FAST-S,0.006802721088435376,1.0,0.0,NA,NA,30,0,0
Time,7,30%,STARTS+FAST-P,0.006802721088435376,1.0,0.0,NA,NA,30,0,0
Time,7,30%,STARTS+DPT,0.006802721088435376,1.0,0.0,NA,NA,30,0,0
Time,7,30%,Fastazi-S,0.2312925170068026,34.0,0.033219954648526076,NA,NA,29,0,1
Time,7,30%,Fastazi-P,0.2312925170068026,34.0,0.06643990929705215,NA,NA,28,0,2
Time,7,30%,Random,0.2312925170068026,34.0,0.26043083900226754,NA,NA,21,0,9
Time,7,40%,Ekstazi,0.31292517006802717,46.0,0.38321995464852615,NA,NA,16,0,14
Time,7,40%,FAST,0.31292517006802717,46.0,0.06643990929705215,NA,NA,28,0,2
Time,7,40%,Ekstazi+dpt,0.31292517006802717,46.0,0.8605442176870747,21.0,0.14285714285714282,0,1,30
Time,7,40%,DPT,0.31292517006802717,46.0,0.8605442176870747,21.0,0.14285714285714282,0,1,30
Time,7,40%,STARTS,0.006802721088435376,1.0,0.0,NA,NA,30,0,0
Time,7,40%,STARTS+FAST-S,0.006802721088435376,1.0,0.0,NA,NA,30,0,0
Time,7,40%,STARTS+FAST-P,0.006802721088435376,1.0,0.0,NA,NA,30,0,0
Time,7,40%,STARTS+DPT,0.006802721088435376,1.0,0.0,NA,NA,30,0,0
Time,7,40%,Fastazi-S,0.31292517006802717,46.0,0.033219954648526076,NA,NA,29,0,1
Time,7,40%,Fastazi-P,0.31292517006802717,46.0,0.06643990929705215,NA,NA,28,0,2
Time,7,40%,Random,0.31292517006802717,46.0,0.3565759637188209,NA,NA,17,0,13
Time,7,50%,Ekstazi,0.3945578231292514,58.0,0.49104308390022683,NA,NA,11,0,19
Time,7,50%,FAST,0.3945578231292514,58.0,0.06643990929705215,NA,NA,28,0,2
Time,7,50%,Ekstazi+dpt,0.3945578231292514,58.0,0.8605442176870747,21.0,0.14285714285714282,0,1,30
Time,7,50%,DPT,0.3945578231292514,58.0,0.8605442176870747,21.0,0.14285714285714282,0,1,30
Time,7,50%,STARTS,0.006802721088435376,1.0,0.0,NA,NA,30,0,0
Time,7,50%,STARTS+FAST-S,0.006802721088435376,1.0,0.0,NA,NA,30,0,0
Time,7,50%,STARTS+FAST-P,0.006802721088435376,1.0,0.0,NA,NA,30,0,0
Time,7,50%,STARTS+DPT,0.006802721088435376,1.0,0.0,NA,NA,30,0,0
Time,7,50%,Fastazi-S,0.3945578231292514,58.0,0.6249433106575962,55.63333333333333,0.37845804988662135,0,1,30
Time,7,50%,Fastazi-P,0.3945578231292514,58.0,0.6378684807256236,53.733333333333334,0.3655328798185941,0,1,30
Time,7,50%,Random,0.3945578231292514,58.0,0.3978458049886621,NA,NA,15,0,15
Time,7,60%,Ekstazi,0.4693877551020407,69.0,0.49104308390022683,NA,NA,11,0,19
Time,7,60%,FAST,0.4693877551020407,69.0,0.06643990929705215,NA,NA,28,0,2
Time,7,60%,Ekstazi+dpt,0.4693877551020407,69.0,0.8605442176870747,21.0,0.14285714285714282,0,1,30
Time,7,60%,DPT,0.4693877551020407,69.0,0.8605442176870747,21.0,0.14285714285714282,0,1,30
Time,7,60%,STARTS,0.006802721088435376,1.0,0.0,NA,NA,30,0,0
Time,7,60%,STARTS+FAST-S,0.006802721088435376,1.0,0.0,NA,NA,30,0,0
Time,7,60%,STARTS+FAST-P,0.006802721088435376,1.0,0.0,NA,NA,30,0,0
Time,7,60%,STARTS+DPT,0.006802721088435376,1.0,0.0,NA,NA,30,0,0
Time,7,60%,Fastazi-S,0.4693877551020407,69.0,0.6249433106575962,55.63333333333333,0.37845804988662135,0,1,30
Time,7,60%,Fastazi-P,0.4693877551020407,69.0,0.6378684807256236,53.733333333333334,0.3655328798185941,0,1,30
Time,7,60%,Random,0.4693877551020407,69.0,0.4553287981859411,NA,NA,12,0,18
Time,7,70%,Ekstazi,0.5510204081632648,81.0,0.5554421768707483,NA,NA,7,0,23
Time,7,70%,FAST,0.5510204081632648,81.0,0.06643990929705215,NA,NA,28,0,2
Time,7,70%,Ekstazi+dpt,0.5510204081632648,81.0,0.8605442176870747,21.0,0.14285714285714282,0,1,30
Time,7,70%,DPT,0.5510204081632648,81.0,0.8605442176870747,21.0,0.14285714285714282,0,1,30
Time,7,70%,STARTS,0.006802721088435376,1.0,0.0,NA,NA,30,0,0
Time,7,70%,STARTS+FAST-S,0.006802721088435376,1.0,0.0,NA,NA,30,0,0
Time,7,70%,STARTS+FAST-P,0.006802721088435376,1.0,0.0,NA,NA,30,0,0
Time,7,70%,STARTS+DPT,0.006802721088435376,1.0,0.0,NA,NA,30,0,0
Time,7,70%,Fastazi-S,0.5510204081632648,81.0,0.6249433106575962,55.63333333333333,0.37845804988662135,0,1,30
Time,7,70%,Fastazi-P,0.5510204081632648,81.0,0.6378684807256236,53.733333333333334,0.3655328798185941,0,1,30
Time,7,70%,Random,0.5510204081632648,81.0,0.4724489795918368,NA,NA,11,0,19
Time,7,75%,Ekstazi,0.5918367346938779,87.0,0.6130385487528345,NA,NA,3,0,27
Time,7,75%,FAST,0.5918367346938779,87.0,0.4537414965986396,80.8,0.5496598639455784,0,1,30
Time,7,75%,Ekstazi+dpt,0.5918367346938779,87.0,0.8605442176870747,21.0,0.14285714285714282,0,1,30
Time,7,75%,DPT,0.5918367346938779,87.0,0.8605442176870747,21.0,0.14285714285714282,0,1,30
Time,7,75%,STARTS,0.006802721088435376,1.0,0.0,NA,NA,30,0,0
Time,7,75%,STARTS+FAST-S,0.006802721088435376,1.0,0.0,NA,NA,30,0,0
Time,7,75%,STARTS+FAST-P,0.006802721088435376,1.0,0.0,NA,NA,30,0,0
Time,7,75%,STARTS+DPT,0.006802721088435376,1.0,0.0,NA,NA,30,0,0
Time,7,75%,Fastazi-S,0.5918367346938779,87.0,0.6249433106575962,55.63333333333333,0.37845804988662135,0,1,30
Time,7,75%,Fastazi-P,0.5918367346938779,87.0,0.6378684807256236,53.733333333333334,0.3655328798185941,0,1,30
Time,7,75%,Random,0.5918367346938779,87.0,0.4870748299319727,NA,NA,10,0,20
Time,7,80%,Ekstazi,0.6258503401360543,92.0,0.6263038548752833,NA,NA,2,0,28
Time,7,80%,FAST,0.6258503401360543,92.0,0.4537414965986396,80.8,0.5496598639455784,0,1,30
Time,7,80%,Ekstazi+dpt,0.6258503401360543,92.0,0.8605442176870747,21.0,0.14285714285714282,0,1,30
Time,7,80%,DPT,0.6258503401360543,92.0,0.8605442176870747,21.0,0.14285714285714282,0,1,30
Time,7,80%,STARTS,0.006802721088435376,1.0,0.0,NA,NA,30,0,0
Time,7,80%,STARTS+FAST-S,0.006802721088435376,1.0,0.0,NA,NA,30,0,0
Time,7,80%,STARTS+FAST-P,0.006802721088435376,1.0,0.0,NA,NA,30,0,0
Time,7,80%,STARTS+DPT,0.006802721088435376,1.0,0.0,NA,NA,30,0,0
Time,7,80%,Fastazi-S,0.6258503401360543,92.0,0.6249433106575962,55.63333333333333,0.37845804988662135,0,1,30
Time,7,80%,Fastazi-P,0.6258503401360543,92.0,0.6378684807256236,53.733333333333334,0.3655328798185941,0,1,30
Time,7,80%,Random,0.6258503401360543,92.0,0.4870748299319727,NA,NA,10,0,20
Time,7,90%,Ekstazi,0.707482993197279,104.0,0.6382086167800451,NA,NA,1,0,29
Time,7,90%,FAST,0.707482993197279,104.0,0.4537414965986396,80.8,0.5496598639455784,0,1,30
Time,7,90%,Ekstazi+dpt,0.707482993197279,104.0,0.8605442176870747,21.0,0.14285714285714282,0,1,30
Time,7,90%,DPT,0.707482993197279,104.0,0.8605442176870747,21.0,0.14285714285714282,0,1,30
Time,7,90%,STARTS,0.006802721088435376,1.0,0.0,NA,NA,30,0,0
Time,7,90%,STARTS+FAST-S,0.006802721088435376,1.0,0.0,NA,NA,30,0,0
Time,7,90%,STARTS+FAST-P,0.006802721088435376,1.0,0.0,NA,NA,30,0,0
Time,7,90%,STARTS+DPT,0.006802721088435376,1.0,0.0,NA,NA,30,0,0
Time,7,90%,Fastazi-S,0.707482993197279,104.0,0.6249433106575962,55.63333333333333,0.37845804988662135,0,1,30
Time,7,90%,Fastazi-P,0.707482993197279,104.0,0.6378684807256236,53.733333333333334,0.3655328798185941,0,1,30
Time,7,90%,Random,0.707482993197279,104.0,0.5463718820861678,NA,NA,5,0,25
Time,7,100%,Ekstazi,0.7891156462585028,116.0,0.647392290249433,52.333333333333336,0.3560090702947846,0,1,30
Time,7,100%,FAST,0.7891156462585028,116.0,0.4537414965986396,80.8,0.5496598639455784,0,1,30
Time,7,100%,Ekstazi+dpt,0.7891156462585028,116.0,0.8605442176870747,21.0,0.14285714285714282,0,1,30
Time,7,100%,DPT,0.7891156462585028,116.0,0.8605442176870747,21.0,0.14285714285714282,0,1,30
Time,7,100%,STARTS,0.006802721088435376,1.0,0.0,NA,NA,30,0,0
Time,7,100%,STARTS+FAST-S,0.006802721088435376,1.0,0.0,NA,NA,30,0,0
Time,7,100%,STARTS+FAST-P,0.006802721088435376,1.0,0.0,NA,NA,30,0,0
Time,7,100%,STARTS+DPT,0.006802721088435376,1.0,0.0,NA,NA,30,0,0
Time,7,100%,Fastazi-S,0.7891156462585028,116.0,0.6249433106575962,55.63333333333333,0.37845804988662135,0,1,30
Time,7,100%,Fastazi-P,0.7891156462585028,116.0,0.6378684807256236,53.733333333333334,0.3655328798185941,0,1,30
Time,7,100%,Random,0.7891156462585028,116.0,0.5535147392290248,NA,NA,4,0,26
Time,8,10%,Ekstazi,0.027210884353741503,4.0,0.03253968253968254,NA,NA,29,0,1
Time,8,10%,FAST,0.027210884353741503,4.0,0.033219954648526076,NA,NA,29,0,1
Time,8,10%,Ekstazi+dpt,0.027210884353741503,4.0,0.0,NA,NA,30,0,0
Time,8,10%,DPT,0.027210884353741503,4.0,0.0,NA,NA,30,0,0
Time,8,10%,STARTS,0.006802721088435376,1.0,0.0,NA,NA,30,0,0
Time,8,10%,STARTS+FAST-S,0.006802721088435376,1.0,0.0,NA,NA,30,0,0
Time,8,10%,STARTS+FAST-P,0.006802721088435376,1.0,0.0,NA,NA,30,0,0
Time,8,10%,STARTS+DPT,0.006802721088435376,1.0,0.0,NA,NA,30,0,0
Time,8,10%,Fastazi-S,0.027210884353741503,4.0,0.033219954648526076,NA,NA,29,0,1
Time,8,10%,Fastazi-P,0.027210884353741503,4.0,0.033219954648526076,NA,NA,29,0,1
Time,8,10%,Random,0.027210884353741503,4.0,0.03276643990929705,NA,NA,29,0,1
Time,8,20%,Ekstazi,0.061224489795918394,9.0,0.2874149659863946,NA,NA,21,0,9
Time,8,20%,FAST,0.061224489795918394,9.0,0.033219954648526076,NA,NA,29,0,1
Time,8,20%,Ekstazi+dpt,0.061224489795918394,9.0,0.0,NA,NA,30,0,0
Time,8,20%,DPT,0.061224489795918394,9.0,0.0,NA,NA,30,0,0
Time,8,20%,STARTS,0.006802721088435376,1.0,0.0,NA,NA,30,0,0
Time,8,20%,STARTS+FAST-S,0.006802721088435376,1.0,0.0,NA,NA,30,0,0
Time,8,20%,STARTS+FAST-P,0.006802721088435376,1.0,0.0,NA,NA,30,0,0
Time,8,20%,STARTS+DPT,0.006802721088435376,1.0,0.0,NA,NA,30,0,0
Time,8,20%,Fastazi-S,0.061224489795918394,9.0,0.033219954648526076,NA,NA,29,0,1
Time,8,20%,Fastazi-P,0.061224489795918394,9.0,0.033219954648526076,NA,NA,29,0,1
Time,8,20%,Random,0.061224489795918394,9.0,0.15975056689342404,NA,NA,25,0,5
Time,8,25%,Ekstazi,0.08163265306122454,12.0,0.3798185941043084,NA,NA,18,0,12
Time,8,25%,FAST,0.08163265306122454,12.0,0.033219954648526076,NA,NA,29,0,1
Time,8,25%,Ekstazi+dpt,0.08163265306122454,12.0,0.0,NA,NA,30,0,0
Time,8,25%,DPT,0.08163265306122454,12.0,0.0,NA,NA,30,0,0
Time,8,25%,STARTS,0.006802721088435376,1.0,0.0,NA,NA,30,0,0
Time,8,25%,STARTS+FAST-S,0.006802721088435376,1.0,0.0,NA,NA,30,0,0
Time,8,25%,STARTS+FAST-P,0.006802721088435376,1.0,0.0,NA,NA,30,0,0
Time,8,25%,STARTS+DPT,0.006802721088435376,1.0,0.0,NA,NA,30,0,0
Time,8,25%,Fastazi-S,0.08163265306122454,12.0,0.033219954648526076,NA,NA,29,0,1
Time,8,25%,Fastazi-P,0.08163265306122454,12.0,0.033219954648526076,NA,NA,29,0,1
Time,8,25%,Random,0.08163265306122454,12.0,0.22188208616780042,NA,NA,23,0,7
Time,8,30%,Ekstazi,0.0952380952380953,14.0,0.4403628117913832,NA,NA,16,0,14
Time,8,30%,FAST,0.0952380952380953,14.0,0.033219954648526076,NA,NA,29,0,1
Time,8,30%,Ekstazi+dpt,0.0952380952380953,14.0,0.0,NA,NA,30,0,0
Time,8,30%,DPT,0.0952380952380953,14.0,0.0,NA,NA,30,0,0
Time,8,30%,STARTS,0.006802721088435376,1.0,0.0,NA,NA,30,0,0
Time,8,30%,STARTS+FAST-S,0.006802721088435376,1.0,0.0,NA,NA,30,0,0
Time,8,30%,STARTS+FAST-P,0.006802721088435376,1.0,0.0,NA,NA,30,0,0
Time,8,30%,STARTS+DPT,0.006802721088435376,1.0,0.0,NA,NA,30,0,0
Time,8,30%,Fastazi-S,0.0952380952380953,14.0,0.27630385487528347,NA,NA,21,0,9
Time,8,30%,Fastazi-P,0.0952380952380953,14.0,0.033219954648526076,NA,NA,29,0,1
Time,8,30%,Random,0.0952380952380953,14.0,0.22188208616780042,NA,NA,23,0,7
Time,8,40%,Ekstazi,0.12925170068027206,19.0,0.5291383219954648,NA,NA,13,0,17
Time,8,40%,FAST,0.12925170068027206,19.0,0.033219954648526076,NA,NA,29,0,1
Time,8,40%,Ekstazi+dpt,0.12925170068027206,19.0,0.0,NA,NA,30,0,0
Time,8,40%,DPT,0.12925170068027206,19.0,0.0,NA,NA,30,0,0
Time,8,40%,STARTS,0.006802721088435376,1.0,0.0,NA,NA,30,0,0
Time,8,40%,STARTS+FAST-S,0.006802721088435376,1.0,0.0,NA,NA,30,0,0
Time,8,40%,STARTS+FAST-P,0.006802721088435376,1.0,0.0,NA,NA,30,0,0
Time,8,40%,STARTS+DPT,0.006802721088435376,1.0,0.0,NA,NA,30,0,0
Time,8,40%,Fastazi-S,0.12925170068027206,19.0,0.27630385487528347,NA,NA,21,0,9
Time,8,40%,Fastazi-P,0.12925170068027206,19.0,0.7908163265306123,NA,NA,3,0,27
Time,8,40%,Random,0.12925170068027206,19.0,0.22188208616780042,NA,NA,23,0,7
Time,8,50%,Ekstazi,0.16326530612244908,24.0,0.642063492063492,NA,NA,9,0,21
Time,8,50%,FAST,0.16326530612244908,24.0,0.033219954648526076,NA,NA,29,0,1
Time,8,50%,Ekstazi+dpt,0.16326530612244908,24.0,0.8673469387755107,20.0,0.13605442176870755,0,1,30
Time,8,50%,DPT,0.16326530612244908,24.0,0.0,NA,NA,30,0,0
Time,8,50%,STARTS,0.006802721088435376,1.0,0.0,NA,NA,30,0,0
Time,8,50%,STARTS+FAST-S,0.006802721088435376,1.0,0.0,NA,NA,30,0,0
Time,8,50%,STARTS+FAST-P,0.006802721088435376,1.0,0.0,NA,NA,30,0,0
Time,8,50%,STARTS+DPT,0.006802721088435376,1.0,0.0,NA,NA,30,0,0
Time,8,50%,Fastazi-S,0.16326530612244908,24.0,0.871201814058957,19.433333333333334,0.1321995464852608,0,1,30
Time,8,50%,Fastazi-P,0.16326530612244908,24.0,0.8775510204081634,18.5,0.12585034013605437,0,1,30
Time,8,50%,Random,0.16326530612244908,24.0,0.22188208616780042,NA,NA,23,0,7
Time,8,60%,Ekstazi,0.1904761904761906,28.0,0.6691609977324262,NA,NA,8,0,22
Time,8,60%,FAST,0.1904761904761906,28.0,0.033219954648526076,NA,NA,29,0,1
Time,8,60%,Ekstazi+dpt,0.1904761904761906,28.0,0.8673469387755107,20.0,0.13605442176870755,0,1,30
Time,8,60%,DPT,0.1904761904761906,28.0,0.8235827664399091,26.433333333333334,0.1798185941043084,0,1,30
Time,8,60%,STARTS,0.006802721088435376,1.0,0.0,NA,NA,30,0,0
Time,8,60%,STARTS+FAST-S,0.006802721088435376,1.0,0.0,NA,NA,30,0,0
Time,8,60%,STARTS+FAST-P,0.006802721088435376,1.0,0.0,NA,NA,30,0,0
Time,8,60%,STARTS+DPT,0.006802721088435376,1.0,0.0,NA,NA,30,0,0
Time,8,60%,Fastazi-S,0.1904761904761906,28.0,0.871201814058957,19.433333333333334,0.1321995464852608,0,1,30
Time,8,60%,Fastazi-P,0.1904761904761906,28.0,0.8775510204081634,18.5,0.12585034013605437,0,1,30
Time,8,60%,Random,0.1904761904761906,28.0,0.24897959183673465,NA,NA,22,0,8
Time,8,70%,Ekstazi,0.22448979591836718,33.0,0.7750566893424036,NA,NA,4,0,26
Time,8,70%,FAST,0.22448979591836718,33.0,0.033219954648526076,NA,NA,29,0,1
Time,8,70%,Ekstazi+dpt,0.22448979591836718,33.0,0.8673469387755107,20.0,0.13605442176870755,0,1,30
Time,8,70%,DPT,0.22448979591836718,33.0,0.8235827664399091,26.433333333333334,0.1798185941043084,0,1,30
Time,8,70%,STARTS,0.006802721088435376,1.0,0.0,NA,NA,30,0,0
Time,8,70%,STARTS+FAST-S,0.006802721088435376,1.0,0.0,NA,NA,30,0,0
Time,8,70%,STARTS+FAST-P,0.006802721088435376,1.0,0.0,NA,NA,30,0,0
Time,8,70%,STARTS+DPT,0.006802721088435376,1.0,0.0,NA,NA,30,0,0
Time,8,70%,Fastazi-S,0.22448979591836718,33.0,0.871201814058957,19.433333333333334,0.1321995464852608,0,1,30
Time,8,70%,Fastazi-P,0.22448979591836718,33.0,0.8775510204081634,18.5,0.12585034013605437,0,1,30
Time,8,70%,Random,0.22448979591836718,33.0,0.27494331065759636,NA,NA,21,0,9
Time,8,75%,Ekstazi,0.24489795918367357,36.0,0.826530612244898,NA,NA,2,0,28
Time,8,75%,FAST,0.24489795918367357,36.0,0.033219954648526076,NA,NA,29,0,1
Time,8,75%,Ekstazi+dpt,0.24489795918367357,36.0,0.8673469387755107,20.0,0.13605442176870755,0,1,30
Time,8,75%,DPT,0.24489795918367357,36.0,0.8235827664399091,26.433333333333334,0.1798185941043084,0,1,30
Time,8,75%,STARTS,0.006802721088435376,1.0,0.0,NA,NA,30,0,0
Time,8,75%,STARTS+FAST-S,0.006802721088435376,1.0,0.0,NA,NA,30,0,0
Time,8,75%,STARTS+FAST-P,0.006802721088435376,1.0,0.0,NA,NA,30,0,0
Time,8,75%,STARTS+DPT,0.006802721088435376,1.0,0.0,NA,NA,30,0,0
Time,8,75%,Fastazi-S,0.24489795918367357,36.0,0.871201814058957,19.433333333333334,0.1321995464852608,0,1,30
Time,8,75%,Fastazi-P,0.24489795918367357,36.0,0.8775510204081634,18.5,0.12585034013605437,0,1,30
Time,8,75%,Random,0.24489795918367357,36.0,0.27494331065759636,NA,NA,21,0,9
Time,8,80%,Ekstazi,0.2585034013605441,38.0,0.826530612244898,NA,NA,2,0,28
Time,8,80%,FAST,0.2585034013605441,38.0,0.033219954648526076,NA,NA,29,0,1
Time,8,80%,Ekstazi+dpt,0.2585034013605441,38.0,0.8673469387755107,20.0,0.13605442176870755,0,1,30
Time,8,80%,DPT,0.2585034013605441,38.0,0.8235827664399091,26.433333333333334,0.1798185941043084,0,1,30
Time,8,80%,STARTS,0.006802721088435376,1.0,0.0,NA,NA,30,0,0
Time,8,80%,STARTS+FAST-S,0.006802721088435376,1.0,0.0,NA,NA,30,0,0
Time,8,80%,STARTS+FAST-P,0.006802721088435376,1.0,0.0,NA,NA,30,0,0
Time,8,80%,STARTS+DPT,0.006802721088435376,1.0,0.0,NA,NA,30,0,0
Time,8,80%,Fastazi-S,0.2585034013605441,38.0,0.871201814058957,19.433333333333334,0.1321995464852608,0,1,30
Time,8,80%,Fastazi-P,0.2585034013605441,38.0,0.8775510204081634,18.5,0.12585034013605437,0,1,30
Time,8,80%,Random,0.2585034013605441,38.0,0.3248299319727891,NA,NA,19,0,11
Time,8,90%,Ekstazi,0.2925170068027211,43.0,0.8509070294784581,NA,NA,1,0,29
Time,8,90%,FAST,0.2925170068027211,43.0,0.033219954648526076,NA,NA,29,0,1
Time,8,90%,Ekstazi+dpt,0.2925170068027211,43.0,0.8673469387755107,20.0,0.13605442176870755,0,1,30
Time,8,90%,DPT,0.2925170068027211,43.0,0.8235827664399091,26.433333333333334,0.1798185941043084,0,1,30
Time,8,90%,STARTS,0.006802721088435376,1.0,0.0,NA,NA,30,0,0
Time,8,90%,STARTS+FAST-S,0.006802721088435376,1.0,0.0,NA,NA,30,0,0
Time,8,90%,STARTS+FAST-P,0.006802721088435376,1.0,0.0,NA,NA,30,0,0
Time,8,90%,STARTS+DPT,0.006802721088435376,1.0,0.0,NA,NA,30,0,0
Time,8,90%,Fastazi-S,0.2925170068027211,43.0,0.871201814058957,19.433333333333334,0.1321995464852608,0,1,30
Time,8,90%,Fastazi-P,0.2925170068027211,43.0,0.8775510204081634,18.5,0.12585034013605437,0,1,30
Time,8,90%,Random,0.2925170068027211,43.0,0.3492063492063492,NA,NA,18,0,12
Time,8,100%,Ekstazi,0.32653061224489816,48.0,0.8743764172335601,18.966666666666665,0.12902494331065759,0,1,30
Time,8,100%,FAST,0.32653061224489816,48.0,0.033219954648526076,NA,NA,29,0,1
Time,8,100%,Ekstazi+dpt,0.32653061224489816,48.0,0.8673469387755107,20.0,0.13605442176870755,0,1,30
Time,8,100%,DPT,0.32653061224489816,48.0,0.8235827664399091,26.433333333333334,0.1798185941043084,0,1,30
Time,8,100%,STARTS,0.006802721088435376,1.0,0.0,NA,NA,30,0,0
Time,8,100%,STARTS+FAST-S,0.006802721088435376,1.0,0.0,NA,NA,30,0,0
Time,8,100%,STARTS+FAST-P,0.006802721088435376,1.0,0.0,NA,NA,30,0,0
Time,8,100%,STARTS+DPT,0.006802721088435376,1.0,0.0,NA,NA,30,0,0
Time,8,100%,Fastazi-S,0.32653061224489816,48.0,0.871201814058957,19.433333333333334,0.1321995464852608,0,1,30
Time,8,100%,Fastazi-P,0.32653061224489816,48.0,0.8775510204081634,18.5,0.12585034013605437,0,1,30
Time,8,100%,Random,0.32653061224489816,48.0,0.3947845804988662,NA,NA,16,0,14
Time,9,10%,Ekstazi,0.0753424657534247,11.0,0.09691780821917809,NA,NA,27,0,3
Time,9,10%,FAST,0.0753424657534247,11.0,0.0,NA,NA,30,0,0
Time,9,10%,Ekstazi+dpt,0.0753424657534247,11.0,0.0,NA,NA,30,0,0
Time,9,10%,DPT,0.0753424657534247,11.0,0.0,NA,NA,30,0,0
Time,9,10%,STARTS,0.00684931506849315,1.0,0.0,NA,NA,30,0,0
Time,9,10%,STARTS+FAST-S,0.00684931506849315,1.0,0.0,NA,NA,30,0,0
Time,9,10%,STARTS+FAST-P,0.00684931506849315,1.0,0.0,NA,NA,30,0,0
Time,9,10%,STARTS+DPT,0.00684931506849315,1.0,0.0,NA,NA,30,0,0
Time,9,10%,Fastazi-S,0.0753424657534247,11.0,0.0,NA,NA,30,0,0
Time,9,10%,Fastazi-P,0.0753424657534247,11.0,0.0,NA,NA,30,0,0
Time,9,10%,Random,0.0753424657534247,11.0,0.1599315068493151,NA,NA,25,0,5
Time,9,20%,Ekstazi,0.15753424657534246,23.0,0.12602739726027398,NA,NA,26,0,4
Time,9,20%,FAST,0.15753424657534246,23.0,0.0,NA,NA,30,0,0
Time,9,20%,Ekstazi+dpt,0.15753424657534246,23.0,0.0,NA,NA,30,0,0
Time,9,20%,DPT,0.15753424657534246,23.0,0.0,NA,NA,30,0,0
Time,9,20%,STARTS,0.00684931506849315,1.0,0.0,NA,NA,30,0,0
Time,9,20%,STARTS+FAST-S,0.00684931506849315,1.0,0.0,NA,NA,30,0,0
Time,9,20%,STARTS+FAST-P,0.00684931506849315,1.0,0.0,NA,NA,30,0,0
Time,9,20%,STARTS+DPT,0.00684931506849315,1.0,0.0,NA,NA,30,0,0
Time,9,20%,Fastazi-S,0.15753424657534246,23.0,0.0,NA,NA,30,0,0
Time,9,20%,Fastazi-P,0.15753424657534246,23.0,0.0,NA,NA,30,0,0
Time,9,20%,Random,0.15753424657534246,23.0,0.21906392694063925,NA,NA,23,0,7
Time,9,25%,Ekstazi,0.1986301369863013,29.0,0.15399543378995434,NA,NA,25,0,5
Time,9,25%,FAST,0.1986301369863013,29.0,0.0,NA,NA,30,0,0
Time,9,25%,Ekstazi+dpt,0.1986301369863013,29.0,0.0,NA,NA,30,0,0
Time,9,25%,DPT,0.1986301369863013,29.0,0.0,NA,NA,30,0,0
Time,9,25%,STARTS,0.00684931506849315,1.0,0.0,NA,NA,30,0,0
Time,9,25%,STARTS+FAST-S,0.00684931506849315,1.0,0.0,NA,NA,30,0,0
Time,9,25%,STARTS+FAST-P,0.00684931506849315,1.0,0.0,NA,NA,30,0,0
Time,9,25%,STARTS+DPT,0.00684931506849315,1.0,0.0,NA,NA,30,0,0
Time,9,25%,Fastazi-S,0.1986301369863013,29.0,0.0,NA,NA,30,0,0
Time,9,25%,Fastazi-P,0.1986301369863013,29.0,0.0,NA,NA,30,0,0
Time,9,25%,Random,0.1986301369863013,29.0,0.30045662100456627,NA,NA,20,0,10
Time,9,30%,Ekstazi,0.23287671232876697,34.0,0.17968036529680367,NA,NA,24,0,6
Time,9,30%,FAST,0.23287671232876697,34.0,0.0,NA,NA,30,0,0
Time,9,30%,Ekstazi+dpt,0.23287671232876697,34.0,0.7947488584474883,30.466666666666665,0.2086757990867581,0,1,30
Time,9,30%,DPT,0.23287671232876697,34.0,0.7938356164383559,30.6,0.2095890410958905,0,1,30
Time,9,30%,STARTS,0.00684931506849315,1.0,0.0,NA,NA,30,0,0
Time,9,30%,STARTS+FAST-S,0.00684931506849315,1.0,0.0,NA,NA,30,0,0
Time,9,30%,STARTS+FAST-P,0.00684931506849315,1.0,0.0,NA,NA,30,0,0
Time,9,30%,STARTS+DPT,0.00684931506849315,1.0,0.0,NA,NA,30,0,0
Time,9,30%,Fastazi-S,0.23287671232876697,34.0,0.0,NA,NA,30,0,0
Time,9,30%,Fastazi-P,0.23287671232876697,34.0,0.0,NA,NA,30,0,0
Time,9,30%,Random,0.23287671232876697,34.0,0.30045662100456627,NA,NA,20,0,10
Time,9,40%,Ekstazi,0.3150684931506849,46.0,0.25353881278538815,NA,NA,21,0,9
Time,9,40%,FAST,0.3150684931506849,46.0,0.0,NA,NA,30,0,0
Time,9,40%,Ekstazi+dpt,0.3150684931506849,46.0,0.7947488584474883,30.466666666666665,0.2086757990867581,0,1,30
Time,9,40%,DPT,0.3150684931506849,46.0,0.7938356164383559,30.6,0.2095890410958905,0,1,30
Time,9,40%,STARTS,0.00684931506849315,1.0,0.0,NA,NA,30,0,0
Time,9,40%,STARTS+FAST-S,0.00684931506849315,1.0,0.0,NA,NA,30,0,0
Time,9,40%,STARTS+FAST-P,0.00684931506849315,1.0,0.0,NA,NA,30,0,0
Time,9,40%,STARTS+DPT,0.00684931506849315,1.0,0.0,NA,NA,30,0,0
Time,9,40%,Fastazi-S,0.3150684931506849,46.0,0.0,NA,NA,30,0,0
Time,9,40%,Fastazi-P,0.3150684931506849,46.0,0.0,NA,NA,30,0,0
Time,9,40%,Random,0.3150684931506849,46.0,0.34748858447488584,NA,NA,18,0,12
Time,9,50%,Ekstazi,0.3972602739726026,58.0,0.3187214611872146,NA,NA,18,0,12
Time,9,50%,FAST,0.3972602739726026,58.0,0.0,NA,NA,30,0,0
Time,9,50%,Ekstazi+dpt,0.3972602739726026,58.0,0.7947488584474883,30.466666666666665,0.2086757990867581,0,1,30
Time,9,50%,DPT,0.3972602739726026,58.0,0.7938356164383559,30.6,0.2095890410958905,0,1,30
Time,9,50%,STARTS,0.00684931506849315,1.0,0.0,NA,NA,30,0,0
Time,9,50%,STARTS+FAST-S,0.00684931506849315,1.0,0.0,NA,NA,30,0,0
Time,9,50%,STARTS+FAST-P,0.00684931506849315,1.0,0.0,NA,NA,30,0,0
Time,9,50%,STARTS+DPT,0.00684931506849315,1.0,0.0,NA,NA,30,0,0
Time,9,50%,Fastazi-S,0.3972602739726026,58.0,0.0,NA,NA,30,0,0
Time,9,50%,Fastazi-P,0.3972602739726026,58.0,0.0,NA,NA,30,0,0
Time,9,50%,Random,0.3972602739726026,58.0,0.36815068493150693,NA,NA,17,0,13
Time,9,60%,Ekstazi,0.4726027397260277,69.0,0.3187214611872146,NA,NA,18,0,12
Time,9,60%,FAST,0.4726027397260277,69.0,0.0,NA,NA,30,0,0
Time,9,60%,Ekstazi+dpt,0.4726027397260277,69.0,0.7947488584474883,30.466666666666665,0.2086757990867581,0,1,30
Time,9,60%,DPT,0.4726027397260277,69.0,0.7938356164383559,30.6,0.2095890410958905,0,1,30
Time,9,60%,STARTS,0.00684931506849315,1.0,0.0,NA,NA,30,0,0
Time,9,60%,STARTS+FAST-S,0.00684931506849315,1.0,0.0,NA,NA,30,0,0
Time,9,60%,STARTS+FAST-P,0.00684931506849315,1.0,0.0,NA,NA,30,0,0
Time,9,60%,STARTS+DPT,0.00684931506849315,1.0,0.0,NA,NA,30,0,0
Time,9,60%,Fastazi-S,0.4726027397260277,69.0,0.5413242009132423,67.46666666666667,0.46210045662100435,0,1,30
Time,9,60%,Fastazi-P,0.4726027397260277,69.0,0.5481735159817354,66.46666666666667,0.4552511415525112,0,1,30
Time,9,60%,Random,0.4726027397260277,69.0,0.38767123287671235,NA,NA,16,0,14
Time,9,70%,Ekstazi,0.5547945205479453,81.0,0.35296803652968034,NA,NA,16,0,14
Time,9,70%,FAST,0.5547945205479453,81.0,0.4726027397260277,77.5,0.5308219178082193,0,1,30
Time,9,70%,Ekstazi+dpt,0.5547945205479453,81.0,0.7947488584474883,30.466666666666665,0.2086757990867581,0,1,30
Time,9,70%,DPT,0.5547945205479453,81.0,0.7938356164383559,30.6,0.2095890410958905,0,1,30
Time,9,70%,STARTS,0.00684931506849315,1.0,0.0,NA,NA,30,0,0
Time,9,70%,STARTS+FAST-S,0.00684931506849315,1.0,0.0,NA,NA,30,0,0
Time,9,70%,STARTS+FAST-P,0.00684931506849315,1.0,0.0,NA,NA,30,0,0
Time,9,70%,STARTS+DPT,0.00684931506849315,1.0,0.0,NA,NA,30,0,0
Time,9,70%,Fastazi-S,0.5547945205479453,81.0,0.5413242009132423,67.46666666666667,0.46210045662100435,0,1,30
Time,9,70%,Fastazi-P,0.5547945205479453,81.0,0.5481735159817354,66.46666666666667,0.4552511415525112,0,1,30
Time,9,70%,Random,0.5547945205479453,81.0,0.43801369863013695,NA,NA,13,0,17
Time,9,75%,Ekstazi,0.5958904109589046,87.0,0.39600456621004565,NA,NA,13,0,17
Time,9,75%,FAST,0.5958904109589046,87.0,0.4726027397260277,77.5,0.5308219178082193,0,1,30
Time,9,75%,Ekstazi+dpt,0.5958904109589046,87.0,0.7947488584474883,30.466666666666665,0.2086757990867581,0,1,30
Time,9,75%,DPT,0.5958904109589046,87.0,0.7938356164383559,30.6,0.2095890410958905,0,1,30
Time,9,75%,STARTS,0.00684931506849315,1.0,0.0,NA,NA,30,0,0
Time,9,75%,STARTS+FAST-S,0.00684931506849315,1.0,0.0,NA,NA,30,0,0
Time,9,75%,STARTS+FAST-P,0.00684931506849315,1.0,0.0,NA,NA,30,0,0
Time,9,75%,STARTS+DPT,0.00684931506849315,1.0,0.0,NA,NA,30,0,0
Time,9,75%,Fastazi-S,0.5958904109589046,87.0,0.5413242009132423,67.46666666666667,0.46210045662100435,0,1,30
Time,9,75%,Fastazi-P,0.5958904109589046,87.0,0.5481735159817354,66.46666666666667,0.4552511415525112,0,1,30
Time,9,75%,Random,0.5958904109589046,87.0,0.43801369863013695,NA,NA,13,0,17
Time,9,80%,Ekstazi,0.6301369863013698,92.0,0.4084474885844749,NA,NA,12,0,18
Time,9,80%,FAST,0.6301369863013698,92.0,0.4726027397260277,77.5,0.5308219178082193,0,1,30
Time,9,80%,Ekstazi+dpt,0.6301369863013698,92.0,0.7947488584474883,30.466666666666665,0.2086757990867581,0,1,30
Time,9,80%,DPT,0.6301369863013698,92.0,0.7938356164383559,30.6,0.2095890410958905,0,1,30
Time,9,80%,STARTS,0.00684931506849315,1.0,0.0,NA,NA,30,0,0
Time,9,80%,STARTS+FAST-S,0.00684931506849315,1.0,0.0,NA,NA,30,0,0
Time,9,80%,STARTS+FAST-P,0.00684931506849315,1.0,0.0,NA,NA,30,0,0
Time,9,80%,STARTS+DPT,0.00684931506849315,1.0,0.0,NA,NA,30,0,0
Time,9,80%,Fastazi-S,0.6301369863013698,92.0,0.5413242009132423,67.46666666666667,0.46210045662100435,0,1,30
Time,9,80%,Fastazi-P,0.6301369863013698,92.0,0.5481735159817354,66.46666666666667,0.4552511415525112,0,1,30
Time,9,80%,Random,0.6301369863013698,92.0,0.47716894977168944,NA,NA,10,0,20
Time,9,90%,Ekstazi,0.7123287671232876,104.0,0.44954337899543373,NA,NA,8,0,22
Time,9,90%,FAST,0.7123287671232876,104.0,0.4726027397260277,77.5,0.5308219178082193,0,1,30
Time,9,90%,Ekstazi+dpt,0.7123287671232876,104.0,0.7947488584474883,30.466666666666665,0.2086757990867581,0,1,30
Time,9,90%,DPT,0.7123287671232876,104.0,0.7938356164383559,30.6,0.2095890410958905,0,1,30
Time,9,90%,STARTS,0.00684931506849315,1.0,0.0,NA,NA,30,0,0
Time,9,90%,STARTS+FAST-S,0.00684931506849315,1.0,0.0,NA,NA,30,0,0
Time,9,90%,STARTS+FAST-P,0.00684931506849315,1.0,0.0,NA,NA,30,0,0
Time,9,90%,STARTS+DPT,0.00684931506849315,1.0,0.0,NA,NA,30,0,0
Time,9,90%,Fastazi-S,0.7123287671232876,104.0,0.5413242009132423,67.46666666666667,0.46210045662100435,0,1,30
Time,9,90%,Fastazi-P,0.7123287671232876,104.0,0.5481735159817354,66.46666666666667,0.4552511415525112,0,1,30
Time,9,90%,Random,0.7123287671232876,104.0,0.5110730593607307,NA,NA,7,0,23
Time,9,100%,Ekstazi,0.7945205479452052,116.0,0.5159817351598174,71.16666666666667,0.48744292237442927,0,1,30
Time,9,100%,FAST,0.7945205479452052,116.0,0.4726027397260277,77.5,0.5308219178082193,0,1,30
Time,9,100%,Ekstazi+dpt,0.7945205479452052,116.0,0.7947488584474883,30.466666666666665,0.2086757990867581,0,1,30
Time,9,100%,DPT,0.7945205479452052,116.0,0.7938356164383559,30.6,0.2095890410958905,0,1,30
Time,9,100%,STARTS,0.00684931506849315,1.0,0.0,NA,NA,30,0,0
Time,9,100%,STARTS+FAST-S,0.00684931506849315,1.0,0.0,NA,NA,30,0,0
Time,9,100%,STARTS+FAST-P,0.00684931506849315,1.0,0.0,NA,NA,30,0,0
Time,9,100%,STARTS+DPT,0.00684931506849315,1.0,0.0,NA,NA,30,0,0
Time,9,100%,Fastazi-S,0.7945205479452052,116.0,0.5413242009132423,67.46666666666667,0.46210045662100435,0,1,30
Time,9,100%,Fastazi-P,0.7945205479452052,116.0,0.5481735159817354,66.46666666666667,0.4552511415525112,0,1,30
Time,9,100%,Random,0.7945205479452052,116.0,0.5200913242009133,NA,NA,6,0,24
Time,10,10%,Ekstazi,0.0753424657534247,11.0,0.12808219178082195,NA,NA,26,0,4
Time,10,10%,FAST,0.0753424657534247,11.0,0.03321917808219178,NA,NA,29,0,1
Time,10,10%,Ekstazi+dpt,0.0753424657534247,11.0,0.0,NA,NA,30,0,0
Time,10,10%,DPT,0.0753424657534247,11.0,0.0,NA,NA,30,0,0
Time,10,10%,STARTS,0.00684931506849315,1.0,0.0,NA,NA,30,0,0
Time,10,10%,STARTS+FAST-S,0.00684931506849315,1.0,0.0,NA,NA,30,0,0
Time,10,10%,STARTS+FAST-P,0.00684931506849315,1.0,0.0,NA,NA,30,0,0
Time,10,10%,STARTS+DPT,0.00684931506849315,1.0,0.0,NA,NA,30,0,0
Time,10,10%,Fastazi-S,0.0753424657534247,11.0,0.0,NA,NA,30,0,0
Time,10,10%,Fastazi-P,0.0753424657534247,11.0,0.03321917808219178,NA,NA,29,0,1
Time,10,10%,Random,0.0753424657534247,11.0,0.0641552511415525,NA,NA,28,0,2
Time,10,20%,Ekstazi,0.15753424657534246,23.0,0.18698630136986302,NA,NA,24,0,6
Time,10,20%,FAST,0.15753424657534246,23.0,0.03321917808219178,NA,NA,29,0,1
Time,10,20%,Ekstazi+dpt,0.15753424657534246,23.0,0.9006849315068488,15.0,0.10273972602739731,0,1,30
Time,10,20%,DPT,0.15753424657534246,23.0,0.9006849315068488,15.0,0.10273972602739731,0,1,30
Time,10,20%,STARTS,0.00684931506849315,1.0,0.0,NA,NA,30,0,0
Time,10,20%,STARTS+FAST-S,0.00684931506849315,1.0,0.0,NA,NA,30,0,0
Time,10,20%,STARTS+FAST-P,0.00684931506849315,1.0,0.0,NA,NA,30,0,0
Time,10,20%,STARTS+DPT,0.00684931506849315,1.0,0.0,NA,NA,30,0,0
Time,10,20%,Fastazi-S,0.15753424657534246,23.0,0.0,NA,NA,30,0,0
Time,10,20%,Fastazi-P,0.15753424657534246,23.0,0.03321917808219178,NA,NA,29,0,1
Time,10,20%,Random,0.15753424657534246,23.0,0.12397260273972603,NA,NA,26,0,4
Time,10,25%,Ekstazi,0.19178082191780813,28.0,0.24155251141552514,NA,NA,22,0,8
Time,10,25%,FAST,0.19178082191780813,28.0,0.03321917808219178,NA,NA,29,0,1
Time,10,25%,Ekstazi+dpt,0.19178082191780813,28.0,0.9006849315068488,15.0,0.10273972602739731,0,1,30
Time,10,25%,DPT,0.19178082191780813,28.0,0.9006849315068488,15.0,0.10273972602739731,0,1,30
Time,10,25%,STARTS,0.00684931506849315,1.0,0.0,NA,NA,30,0,0
Time,10,25%,STARTS+FAST-S,0.00684931506849315,1.0,0.0,NA,NA,30,0,0
Time,10,25%,STARTS+FAST-P,0.00684931506849315,1.0,0.0,NA,NA,30,0,0
Time,10,25%,STARTS+DPT,0.00684931506849315,1.0,0.0,NA,NA,30,0,0
Time,10,25%,Fastazi-S,0.19178082191780813,28.0,0.0,NA,NA,30,0,0
Time,10,25%,Fastazi-P,0.19178082191780813,28.0,0.03321917808219178,NA,NA,29,0,1
Time,10,25%,Random,0.19178082191780813,28.0,0.17899543378995433,NA,NA,24,0,6
Time,10,30%,Ekstazi,0.23287671232876697,34.0,0.26815068493150684,NA,NA,21,0,9
Time,10,30%,FAST,0.23287671232876697,34.0,0.03321917808219178,NA,NA,29,0,1
Time,10,30%,Ekstazi+dpt,0.23287671232876697,34.0,0.9006849315068488,15.0,0.10273972602739731,0,1,30
Time,10,30%,DPT,0.23287671232876697,34.0,0.9006849315068488,15.0,0.10273972602739731,0,1,30
Time,10,30%,STARTS,0.00684931506849315,1.0,0.0,NA,NA,30,0,0
Time,10,30%,STARTS+FAST-S,0.00684931506849315,1.0,0.0,NA,NA,30,0,0
Time,10,30%,STARTS+FAST-P,0.00684931506849315,1.0,0.0,NA,NA,30,0,0
Time,10,30%,STARTS+DPT,0.00684931506849315,1.0,0.0,NA,NA,30,0,0
Time,10,30%,Fastazi-S,0.23287671232876697,34.0,0.0,NA,NA,30,0,0
Time,10,30%,Fastazi-P,0.23287671232876697,34.0,0.03321917808219178,NA,NA,29,0,1
Time,10,30%,Random,0.23287671232876697,34.0,0.20559360730593607,NA,NA,23,0,7
Time,10,40%,Ekstazi,0.3150684931506849,46.0,0.38949771689497725,NA,NA,16,0,14
Time,10,40%,FAST,0.3150684931506849,46.0,0.03321917808219178,NA,NA,29,0,1
Time,10,40%,Ekstazi+dpt,0.3150684931506849,46.0,0.9006849315068488,15.0,0.10273972602739731,0,1,30
Time,10,40%,DPT,0.3150684931506849,46.0,0.9006849315068488,15.0,0.10273972602739731,0,1,30
Time,10,40%,STARTS,0.00684931506849315,1.0,0.0,NA,NA,30,0,0
Time,10,40%,STARTS+FAST-S,0.00684931506849315,1.0,0.0,NA,NA,30,0,0
Time,10,40%,STARTS+FAST-P,0.00684931506849315,1.0,0.0,NA,NA,30,0,0
Time,10,40%,STARTS+DPT,0.00684931506849315,1.0,0.0,NA,NA,30,0,0
Time,10,40%,Fastazi-S,0.3150684931506849,46.0,0.0,NA,NA,30,0,0
Time,10,40%,Fastazi-P,0.3150684931506849,46.0,0.03321917808219178,NA,NA,29,0,1
Time,10,40%,Random,0.3150684931506849,46.0,0.23036529680365297,NA,NA,22,0,8
Time,10,50%,Ekstazi,0.3904109589041093,57.0,0.4103881278538813,NA,NA,15,0,15
Time,10,50%,FAST,0.3904109589041093,57.0,0.03321917808219178,NA,NA,29,0,1
Time,10,50%,Ekstazi+dpt,0.3904109589041093,57.0,0.9006849315068488,15.0,0.10273972602739731,0,1,30
Time,10,50%,DPT,0.3904109589041093,57.0,0.9006849315068488,15.0,0.10273972602739731,0,1,30
Time,10,50%,STARTS,0.00684931506849315,1.0,0.0,NA,NA,30,0,0
Time,10,50%,STARTS+FAST-S,0.00684931506849315,1.0,0.0,NA,NA,30,0,0
Time,10,50%,STARTS+FAST-P,0.00684931506849315,1.0,0.0,NA,NA,30,0,0
Time,10,50%,STARTS+DPT,0.00684931506849315,1.0,0.0,NA,NA,30,0,0
Time,10,50%,Fastazi-S,0.3904109589041093,57.0,0.0,NA,NA,30,0,0
Time,10,50%,Fastazi-P,0.3904109589041093,57.0,0.03321917808219178,NA,NA,29,0,1
Time,10,50%,Random,0.3904109589041093,57.0,0.23036529680365297,NA,NA,22,0,8
Time,10,60%,Ekstazi,0.4726027397260277,69.0,0.5245433789954338,NA,NA,9,0,21
Time,10,60%,FAST,0.4726027397260277,69.0,0.03321917808219178,NA,NA,29,0,1
Time,10,60%,Ekstazi+dpt,0.4726027397260277,69.0,0.9006849315068488,15.0,0.10273972602739731,0,1,30
Time,10,60%,DPT,0.4726027397260277,69.0,0.9006849315068488,15.0,0.10273972602739731,0,1,30
Time,10,60%,STARTS,0.00684931506849315,1.0,0.0,NA,NA,30,0,0
Time,10,60%,STARTS+FAST-S,0.00684931506849315,1.0,0.0,NA,NA,30,0,0
Time,10,60%,STARTS+FAST-P,0.00684931506849315,1.0,0.0,NA,NA,30,0,0
Time,10,60%,STARTS+DPT,0.00684931506849315,1.0,0.0,NA,NA,30,0,0
Time,10,60%,Fastazi-S,0.4726027397260277,69.0,0.0,NA,NA,30,0,0
Time,10,60%,Fastazi-P,0.4726027397260277,69.0,0.03321917808219178,NA,NA,29,0,1
Time,10,60%,Random,0.4726027397260277,69.0,0.24874429223744293,NA,NA,21,0,9
Time,10,70%,Ekstazi,0.5479452054794524,80.0,0.5877853881278539,NA,NA,5,0,25
Time,10,70%,FAST,0.5479452054794524,80.0,0.03321917808219178,NA,NA,29,0,1
Time,10,70%,Ekstazi+dpt,0.5479452054794524,80.0,0.9006849315068488,15.0,0.10273972602739731,0,1,30
Time,10,70%,DPT,0.5479452054794524,80.0,0.9006849315068488,15.0,0.10273972602739731,0,1,30
Time,10,70%,STARTS,0.00684931506849315,1.0,0.0,NA,NA,30,0,0
Time,10,70%,STARTS+FAST-S,0.00684931506849315,1.0,0.0,NA,NA,30,0,0
Time,10,70%,STARTS+FAST-P,0.00684931506849315,1.0,0.0,NA,NA,30,0,0
Time,10,70%,STARTS+DPT,0.00684931506849315,1.0,0.0,NA,NA,30,0,0
Time,10,70%,Fastazi-S,0.5479452054794524,80.0,0.3340182648401827,NA,NA,8,0,22
Time,10,70%,Fastazi-P,0.5479452054794524,80.0,0.4638127853881277,NA,NA,1,0,29
Time,10,70%,Random,0.5479452054794524,80.0,0.2988584474885844,NA,NA,18,0,12
Time,10,75%,Ekstazi,0.5890410958904106,86.0,0.6018264840182648,NA,NA,4,0,26
Time,10,75%,FAST,0.5890410958904106,86.0,0.03321917808219178,NA,NA,29,0,1
Time,10,75%,Ekstazi+dpt,0.5890410958904106,86.0,0.9006849315068488,15.0,0.10273972602739731,0,1,30
Time,10,75%,DPT,0.5890410958904106,86.0,0.9006849315068488,15.0,0.10273972602739731,0,1,30
Time,10,75%,STARTS,0.00684931506849315,1.0,0.0,NA,NA,30,0,0
Time,10,75%,STARTS+FAST-S,0.00684931506849315,1.0,0.0,NA,NA,30,0,0
Time,10,75%,STARTS+FAST-P,0.00684931506849315,1.0,0.0,NA,NA,30,0,0
Time,10,75%,STARTS+DPT,0.00684931506849315,1.0,0.0,NA,NA,30,0,0
Time,10,75%,Fastazi-S,0.5890410958904106,86.0,0.4536529680365296,80.26666666666667,0.5497716894977172,0,1,30
Time,10,75%,Fastazi-P,0.5890410958904106,86.0,0.47876712328767107,76.6,0.5246575342465756,0,1,30
Time,10,75%,Random,0.5890410958904106,86.0,0.31289954337899545,NA,NA,17,0,13
Time,10,80%,Ekstazi,0.6301369863013698,92.0,0.6144977168949771,NA,NA,3,0,27
Time,10,80%,FAST,0.6301369863013698,92.0,0.39954337899543374,88.16666666666667,0.6038812785388128,0,1,30
Time,10,80%,Ekstazi+dpt,0.6301369863013698,92.0,0.9006849315068488,15.0,0.10273972602739731,0,1,30
Time,10,80%,DPT,0.6301369863013698,92.0,0.9006849315068488,15.0,0.10273972602739731,0,1,30
Time,10,80%,STARTS,0.00684931506849315,1.0,0.0,NA,NA,30,0,0
Time,10,80%,STARTS+FAST-S,0.00684931506849315,1.0,0.0,NA,NA,30,0,0
Time,10,80%,STARTS+FAST-P,0.00684931506849315,1.0,0.0,NA,NA,30,0,0
Time,10,80%,STARTS+DPT,0.00684931506849315,1.0,0.0,NA,NA,30,0,0
Time,10,80%,Fastazi-S,0.6301369863013698,92.0,0.4536529680365296,80.26666666666667,0.5497716894977172,0,1,30
Time,10,80%,Fastazi-P,0.6301369863013698,92.0,0.47876712328767107,76.6,0.5246575342465756,0,1,30
Time,10,80%,Random,0.6301369863013698,92.0,0.35182648401826483,NA,NA,14,0,16
Time,10,90%,Ekstazi,0.7054794520547947,103.0,0.6144977168949771,NA,NA,3,0,27
Time,10,90%,FAST,0.7054794520547947,103.0,0.39954337899543374,88.16666666666667,0.6038812785388128,0,1,30
Time,10,90%,Ekstazi+dpt,0.7054794520547947,103.0,0.9006849315068488,15.0,0.10273972602739731,0,1,30
Time,10,90%,DPT,0.7054794520547947,103.0,0.9006849315068488,15.0,0.10273972602739731,0,1,30
Time,10,90%,STARTS,0.00684931506849315,1.0,0.0,NA,NA,30,0,0
Time,10,90%,STARTS+FAST-S,0.00684931506849315,1.0,0.0,NA,NA,30,0,0
Time,10,90%,STARTS+FAST-P,0.00684931506849315,1.0,0.0,NA,NA,30,0,0
Time,10,90%,STARTS+DPT,0.00684931506849315,1.0,0.0,NA,NA,30,0,0
Time,10,90%,Fastazi-S,0.7054794520547947,103.0,0.4536529680365296,80.26666666666667,0.5497716894977172,0,1,30
Time,10,90%,Fastazi-P,0.7054794520547947,103.0,0.47876712328767107,76.6,0.5246575342465756,0,1,30
Time,10,90%,Random,0.7054794520547947,103.0,0.3739726027397261,NA,NA,12,0,18
Time,10,100%,Ekstazi,0.7876712328767123,115.0,0.6390410958904109,53.2,0.3643835616438357,0,1,30
Time,10,100%,FAST,0.7876712328767123,115.0,0.39954337899543374,88.16666666666667,0.6038812785388128,0,1,30
Time,10,100%,Ekstazi+dpt,0.7876712328767123,115.0,0.9006849315068488,15.0,0.10273972602739731,0,1,30
Time,10,100%,DPT,0.7876712328767123,115.0,0.9006849315068488,15.0,0.10273972602739731,0,1,30
Time,10,100%,STARTS,0.00684931506849315,1.0,0.0,NA,NA,30,0,0
Time,10,100%,STARTS+FAST-S,0.00684931506849315,1.0,0.0,NA,NA,30,0,0
Time,10,100%,STARTS+FAST-P,0.00684931506849315,1.0,0.0,NA,NA,30,0,0
Time,10,100%,STARTS+DPT,0.00684931506849315,1.0,0.0,NA,NA,30,0,0
Time,10,100%,Fastazi-S,0.7876712328767123,115.0,0.4536529680365296,80.26666666666667,0.5497716894977172,0,1,30
Time,10,100%,Fastazi-P,0.7876712328767123,115.0,0.47876712328767107,76.6,0.5246575342465756,0,1,30
Time,10,100%,Random,0.7876712328767123,115.0,0.4050228310502284,NA,NA,8,0,22
Time,11,10%,Ekstazi,0.0136986301369863,2.0,0.03299086757990868,NA,NA,29,0,1
Time,11,10%,FAST,0.0136986301369863,2.0,0.03321917808219178,NA,NA,29,0,1
Time,11,10%,Ekstazi+dpt,0.0136986301369863,2.0,0.0,NA,NA,30,0,0
Time,11,10%,DPT,0.0136986301369863,2.0,0.0,NA,NA,30,0,0
Time,11,10%,STARTS,0.00684931506849315,1.0,0.0,NA,NA,30,0,0
Time,11,10%,STARTS+FAST-S,0.00684931506849315,1.0,0.0,NA,NA,30,0,0
Time,11,10%,STARTS+FAST-P,0.00684931506849315,1.0,0.0,NA,NA,30,0,0
Time,11,10%,STARTS+DPT,0.00684931506849315,1.0,0.0,NA,NA,30,0,0
Time,11,10%,Fastazi-S,0.0136986301369863,2.0,0.0,NA,NA,30,0,0
Time,11,10%,Fastazi-P,0.0136986301369863,2.0,0.03321917808219178,NA,NA,29,0,1
Time,11,10%,Random,0.0136986301369863,2.0,0.0,NA,NA,30,0,0
Time,11,20%,Ekstazi,0.03424657534246577,5.0,0.06529680365296803,NA,NA,28,0,2
Time,11,20%,FAST,0.03424657534246577,5.0,0.03321917808219178,NA,NA,29,0,1
Time,11,20%,Ekstazi+dpt,0.03424657534246577,5.0,0.0,NA,NA,30,0,0
Time,11,20%,DPT,0.03424657534246577,5.0,0.0,NA,NA,30,0,0
Time,11,20%,STARTS,0.00684931506849315,1.0,0.0,NA,NA,30,0,0
Time,11,20%,STARTS+FAST-S,0.00684931506849315,1.0,0.0,NA,NA,30,0,0
Time,11,20%,STARTS+FAST-P,0.00684931506849315,1.0,0.0,NA,NA,30,0,0
Time,11,20%,STARTS+DPT,0.00684931506849315,1.0,0.0,NA,NA,30,0,0
Time,11,20%,Fastazi-S,0.03424657534246577,5.0,0.0,NA,NA,30,0,0
Time,11,20%,Fastazi-P,0.03424657534246577,5.0,0.03321917808219178,NA,NA,29,0,1
Time,11,20%,Random,0.03424657534246577,5.0,0.0,NA,NA,30,0,0
Time,11,25%,Ekstazi,0.04794520547945203,7.0,0.22500000000000003,NA,NA,23,0,7
Time,11,25%,FAST,0.04794520547945203,7.0,0.03321917808219178,NA,NA,29,0,1
Time,11,25%,Ekstazi+dpt,0.04794520547945203,7.0,0.0,NA,NA,30,0,0
Time,11,25%,DPT,0.04794520547945203,7.0,0.0,NA,NA,30,0,0
Time,11,25%,STARTS,0.00684931506849315,1.0,0.0,NA,NA,30,0,0
Time,11,25%,STARTS+FAST-S,0.00684931506849315,1.0,0.0,NA,NA,30,0,0
Time,11,25%,STARTS+FAST-P,0.00684931506849315,1.0,0.0,NA,NA,30,0,0
Time,11,25%,STARTS+DPT,0.00684931506849315,1.0,0.0,NA,NA,30,0,0
Time,11,25%,Fastazi-S,0.04794520547945203,7.0,0.0,NA,NA,30,0,0
Time,11,25%,Fastazi-P,0.04794520547945203,7.0,0.03321917808219178,NA,NA,29,0,1
Time,11,25%,Random,0.04794520547945203,7.0,0.0,NA,NA,30,0,0
Time,11,30%,Ekstazi,0.0547945205479452,8.0,0.22500000000000003,NA,NA,23,0,7
Time,11,30%,FAST,0.0547945205479452,8.0,0.03321917808219178,NA,NA,29,0,1
Time,11,30%,Ekstazi+dpt,0.0547945205479452,8.0,0.4110730593607305,NA,NA,17,0,13
Time,11,30%,DPT,0.0547945205479452,8.0,0.0,NA,NA,30,0,0
Time,11,30%,STARTS,0.00684931506849315,1.0,0.0,NA,NA,30,0,0
Time,11,30%,STARTS+FAST-S,0.00684931506849315,1.0,0.0,NA,NA,30,0,0
Time,11,30%,STARTS+FAST-P,0.00684931506849315,1.0,0.0,NA,NA,30,0,0
Time,11,30%,STARTS+DPT,0.00684931506849315,1.0,0.0,NA,NA,30,0,0
Time,11,30%,Fastazi-S,0.0547945205479452,8.0,0.0,NA,NA,30,0,0
Time,11,30%,Fastazi-P,0.0547945205479452,8.0,0.03321917808219178,NA,NA,29,0,1
Time,11,30%,Random,0.0547945205479452,8.0,0.0,NA,NA,30,0,0
Time,11,40%,Ekstazi,0.0753424657534247,11.0,0.2559360730593608,NA,NA,22,0,8
Time,11,40%,FAST,0.0753424657534247,11.0,0.03321917808219178,NA,NA,29,0,1
Time,11,40%,Ekstazi+dpt,0.0753424657534247,11.0,0.9447488584474892,8.566666666666666,0.058675799086758,0,1,30
Time,11,40%,DPT,0.0753424657534247,11.0,0.0,NA,NA,30,0,0
Time,11,40%,STARTS,0.00684931506849315,1.0,0.0,NA,NA,30,0,0
Time,11,40%,STARTS+FAST-S,0.00684931506849315,1.0,0.0,NA,NA,30,0,0
Time,11,40%,STARTS+FAST-P,0.00684931506849315,1.0,0.0,NA,NA,30,0,0
Time,11,40%,STARTS+DPT,0.00684931506849315,1.0,0.0,NA,NA,30,0,0
Time,11,40%,Fastazi-S,0.0753424657534247,11.0,0.0,NA,NA,30,0,0
Time,11,40%,Fastazi-P,0.0753424657534247,11.0,0.03321917808219178,NA,NA,29,0,1
Time,11,40%,Random,0.0753424657534247,11.0,0.03139269406392694,NA,NA,29,0,1
Time,11,50%,Ekstazi,0.09589041095890406,14.0,0.3478310502283105,NA,NA,19,0,11
Time,11,50%,FAST,0.09589041095890406,14.0,0.03321917808219178,NA,NA,29,0,1
Time,11,50%,Ekstazi+dpt,0.09589041095890406,14.0,0.9447488584474892,8.566666666666666,0.058675799086758,0,1,30
Time,11,50%,DPT,0.09589041095890406,14.0,0.0,NA,NA,30,0,0
Time,11,50%,STARTS,0.00684931506849315,1.0,0.0,NA,NA,30,0,0
Time,11,50%,STARTS+FAST-S,0.00684931506849315,1.0,0.0,NA,NA,30,0,0
Time,11,50%,STARTS+FAST-P,0.00684931506849315,1.0,0.0,NA,NA,30,0,0
Time,11,50%,STARTS+DPT,0.00684931506849315,1.0,0.0,NA,NA,30,0,0
Time,11,50%,Fastazi-S,0.09589041095890406,14.0,0.7260273972602741,NA,NA,6,0,24
Time,11,50%,Fastazi-P,0.09589041095890406,14.0,0.03321917808219178,NA,NA,29,0,1
Time,11,50%,Random,0.09589041095890406,14.0,0.03139269406392694,NA,NA,29,0,1
Time,11,60%,Ekstazi,0.11643835616438349,17.0,0.43698630136986305,NA,NA,16,0,14
Time,11,60%,FAST,0.11643835616438349,17.0,0.03321917808219178,NA,NA,29,0,1
Time,11,60%,Ekstazi+dpt,0.11643835616438349,17.0,0.9447488584474892,8.566666666666666,0.058675799086758,0,1,30
Time,11,60%,DPT,0.11643835616438349,17.0,0.8908675799086755,16.433333333333334,0.11255707762557074,0,1,30
Time,11,60%,STARTS,0.00684931506849315,1.0,0.0,NA,NA,30,0,0
Time,11,60%,STARTS+FAST-S,0.00684931506849315,1.0,0.0,NA,NA,30,0,0
Time,11,60%,STARTS+FAST-P,0.00684931506849315,1.0,0.0,NA,NA,30,0,0
Time,11,60%,STARTS+DPT,0.00684931506849315,1.0,0.0,NA,NA,30,0,0
Time,11,60%,Fastazi-S,0.11643835616438349,17.0,0.9061643835616435,14.2,0.09726027397260271,0,1,30
Time,11,60%,Fastazi-P,0.11643835616438349,17.0,0.03321917808219178,NA,NA,29,0,1
Time,11,60%,Random,0.11643835616438349,17.0,0.06141552511415525,NA,NA,28,0,2
Time,11,70%,Ekstazi,0.1369863013698631,20.0,0.5534246575342466,NA,NA,12,0,18
Time,11,70%,FAST,0.1369863013698631,20.0,0.03321917808219178,NA,NA,29,0,1
Time,11,70%,Ekstazi+dpt,0.1369863013698631,20.0,0.9447488584474892,8.566666666666666,0.058675799086758,0,1,30
Time,11,70%,DPT,0.1369863013698631,20.0,0.8908675799086755,16.433333333333334,0.11255707762557074,0,1,30
Time,11,70%,STARTS,0.00684931506849315,1.0,0.0,NA,NA,30,0,0
Time,11,70%,STARTS+FAST-S,0.00684931506849315,1.0,0.0,NA,NA,30,0,0
Time,11,70%,STARTS+FAST-P,0.00684931506849315,1.0,0.0,NA,NA,30,0,0
Time,11,70%,STARTS+DPT,0.00684931506849315,1.0,0.0,NA,NA,30,0,0
Time,11,70%,Fastazi-S,0.1369863013698631,20.0,0.9061643835616435,14.2,0.09726027397260271,0,1,30
Time,11,70%,Fastazi-P,0.1369863013698631,20.0,0.8837899543378995,17.466666666666665,0.11963470319634704,0,1,30
Time,11,70%,Random,0.1369863013698631,20.0,0.06141552511415525,NA,NA,28,0,2
Time,11,75%,Ekstazi,0.14383561643835613,21.0,0.5534246575342466,NA,NA,12,0,18
Time,11,75%,FAST,0.14383561643835613,21.0,0.03321917808219178,NA,NA,29,0,1
Time,11,75%,Ekstazi+dpt,0.14383561643835613,21.0,0.9447488584474892,8.566666666666666,0.058675799086758,0,1,30
Time,11,75%,DPT,0.14383561643835613,21.0,0.8908675799086755,16.433333333333334,0.11255707762557074,0,1,30
Time,11,75%,STARTS,0.00684931506849315,1.0,0.0,NA,NA,30,0,0
Time,11,75%,STARTS+FAST-S,0.00684931506849315,1.0,0.0,NA,NA,30,0,0
Time,11,75%,STARTS+FAST-P,0.00684931506849315,1.0,0.0,NA,NA,30,0,0
Time,11,75%,STARTS+DPT,0.00684931506849315,1.0,0.0,NA,NA,30,0,0
Time,11,75%,Fastazi-S,0.14383561643835613,21.0,0.9061643835616435,14.2,0.09726027397260271,0,1,30
Time,11,75%,Fastazi-P,0.14383561643835613,21.0,0.8837899543378995,17.466666666666665,0.11963470319634704,0,1,30
Time,11,75%,Random,0.14383561643835613,21.0,0.06141552511415525,NA,NA,28,0,2
Time,11,80%,Ekstazi,0.15753424657534246,23.0,0.5534246575342466,NA,NA,12,0,18
Time,11,80%,FAST,0.15753424657534246,23.0,0.03321917808219178,NA,NA,29,0,1
Time,11,80%,Ekstazi+dpt,0.15753424657534246,23.0,0.9447488584474892,8.566666666666666,0.058675799086758,0,1,30
Time,11,80%,DPT,0.15753424657534246,23.0,0.8908675799086755,16.433333333333334,0.11255707762557074,0,1,30
Time,11,80%,STARTS,0.00684931506849315,1.0,0.0,NA,NA,30,0,0
Time,11,80%,STARTS+FAST-S,0.00684931506849315,1.0,0.0,NA,NA,30,0,0
Time,11,80%,STARTS+FAST-P,0.00684931506849315,1.0,0.0,NA,NA,30,0,0
Time,11,80%,STARTS+DPT,0.00684931506849315,1.0,0.0,NA,NA,30,0,0
Time,11,80%,Fastazi-S,0.15753424657534246,23.0,0.9061643835616435,14.2,0.09726027397260271,0,1,30
Time,11,80%,Fastazi-P,0.15753424657534246,23.0,0.8837899543378995,17.466666666666665,0.11963470319634704,0,1,30
Time,11,80%,Random,0.15753424657534246,23.0,0.06141552511415525,NA,NA,28,0,2
Time,11,90%,Ekstazi,0.1780821917808219,26.0,0.7200913242009132,NA,NA,6,0,24
Time,11,90%,FAST,0.1780821917808219,26.0,0.03321917808219178,NA,NA,29,0,1
Time,11,90%,Ekstazi+dpt,0.1780821917808219,26.0,0.9447488584474892,8.566666666666666,0.058675799086758,0,1,30
Time,11,90%,DPT,0.1780821917808219,26.0,0.8908675799086755,16.433333333333334,0.11255707762557074,0,1,30
Time,11,90%,STARTS,0.00684931506849315,1.0,0.0,NA,NA,30,0,0
Time,11,90%,STARTS+FAST-S,0.00684931506849315,1.0,0.0,NA,NA,30,0,0
Time,11,90%,STARTS+FAST-P,0.00684931506849315,1.0,0.0,NA,NA,30,0,0
Time,11,90%,STARTS+DPT,0.00684931506849315,1.0,0.0,NA,NA,30,0,0
Time,11,90%,Fastazi-S,0.1780821917808219,26.0,0.9061643835616435,14.2,0.09726027397260271,0,1,30
Time,11,90%,Fastazi-P,0.1780821917808219,26.0,0.8837899543378995,17.466666666666665,0.11963470319634704,0,1,30
Time,11,90%,Random,0.1780821917808219,26.0,0.08892694063926941,NA,NA,27,0,3
Time,11,100%,Ekstazi,0.1986301369863013,29.0,0.8821917808219178,17.7,0.12123287671232875,0,1,30
Time,11,100%,FAST,0.1986301369863013,29.0,0.03321917808219178,NA,NA,29,0,1
Time,11,100%,Ekstazi+dpt,0.1986301369863013,29.0,0.9447488584474892,8.566666666666666,0.058675799086758,0,1,30
Time,11,100%,DPT,0.1986301369863013,29.0,0.8908675799086755,16.433333333333334,0.11255707762557074,0,1,30
Time,11,100%,STARTS,0.00684931506849315,1.0,0.0,NA,NA,30,0,0
Time,11,100%,STARTS+FAST-S,0.00684931506849315,1.0,0.0,NA,NA,30,0,0
Time,11,100%,STARTS+FAST-P,0.00684931506849315,1.0,0.0,NA,NA,30,0,0
Time,11,100%,STARTS+DPT,0.00684931506849315,1.0,0.0,NA,NA,30,0,0
Time,11,100%,Fastazi-S,0.1986301369863013,29.0,0.9061643835616435,14.2,0.09726027397260271,0,1,30
Time,11,100%,Fastazi-P,0.1986301369863013,29.0,0.8837899543378995,17.466666666666665,0.11963470319634704,0,1,30
Time,11,100%,Random,0.1986301369863013,29.0,0.08892694063926941,NA,NA,27,0,3
Time,12,10%,Ekstazi,0.07482993197278913,11.0,0.159297052154195,NA,NA,25,0,5
Time,12,10%,FAST,0.07482993197278913,11.0,0.0,NA,NA,30,0,0
Time,12,10%,Ekstazi+dpt,0.07482993197278913,11.0,0.0,NA,NA,30,0,0
Time,12,10%,DPT,0.07482993197278913,11.0,0.0,NA,NA,30,0,0
Time,12,10%,STARTS,0.006802721088435376,1.0,0.0,NA,NA,30,0,0
Time,12,10%,STARTS+FAST-S,0.006802721088435376,1.0,0.0,NA,NA,30,0,0
Time,12,10%,STARTS+FAST-P,0.006802721088435376,1.0,0.0,NA,NA,30,0,0
Time,12,10%,STARTS+DPT,0.006802721088435376,1.0,0.0,NA,NA,30,0,0
Time,12,10%,Fastazi-S,0.07482993197278913,11.0,0.033219954648526076,NA,NA,29,0,1
Time,12,10%,Fastazi-P,0.07482993197278913,11.0,0.0,NA,NA,30,0,0
Time,12,10%,Random,0.07482993197278913,11.0,0.09580498866213152,NA,NA,27,0,3
Time,12,20%,Ekstazi,0.15646258503401358,23.0,0.21848072562358276,NA,NA,23,0,7
Time,12,20%,FAST,0.15646258503401358,23.0,0.0,NA,NA,30,0,0
Time,12,20%,Ekstazi+dpt,0.15646258503401358,23.0,0.9013605442176874,15.0,0.10204081632653055,0,1,30
Time,12,20%,DPT,0.15646258503401358,23.0,0.9013605442176874,15.0,0.10204081632653055,0,1,30
Time,12,20%,STARTS,0.006802721088435376,1.0,0.0,NA,NA,30,0,0
Time,12,20%,STARTS+FAST-S,0.006802721088435376,1.0,0.0,NA,NA,30,0,0
Time,12,20%,STARTS+FAST-P,0.006802721088435376,1.0,0.0,NA,NA,30,0,0
Time,12,20%,STARTS+DPT,0.006802721088435376,1.0,0.0,NA,NA,30,0,0
Time,12,20%,Fastazi-S,0.15646258503401358,23.0,0.033219954648526076,NA,NA,29,0,1
Time,12,20%,Fastazi-P,0.15646258503401358,23.0,0.0,NA,NA,30,0,0
Time,12,20%,Random,0.15646258503401358,23.0,0.15612244897959185,NA,NA,25,0,5
Time,12,25%,Ekstazi,0.1972789115646257,29.0,0.3011337868480726,NA,NA,20,0,10
Time,12,25%,FAST,0.1972789115646257,29.0,0.0,NA,NA,30,0,0
Time,12,25%,Ekstazi+dpt,0.1972789115646257,29.0,0.9013605442176874,15.0,0.10204081632653055,0,1,30
Time,12,25%,DPT,0.1972789115646257,29.0,0.9013605442176874,15.0,0.10204081632653055,0,1,30
Time,12,25%,STARTS,0.006802721088435376,1.0,0.0,NA,NA,30,0,0
Time,12,25%,STARTS+FAST-S,0.006802721088435376,1.0,0.0,NA,NA,30,0,0
Time,12,25%,STARTS+FAST-P,0.006802721088435376,1.0,0.0,NA,NA,30,0,0
Time,12,25%,STARTS+DPT,0.006802721088435376,1.0,0.0,NA,NA,30,0,0
Time,12,25%,Fastazi-S,0.1972789115646257,29.0,0.033219954648526076,NA,NA,29,0,1
Time,12,25%,Fastazi-P,0.1972789115646257,29.0,0.0,NA,NA,30,0,0
Time,12,25%,Random,0.1972789115646257,29.0,0.21031746031746035,NA,NA,23,0,7
Time,12,30%,Ekstazi,0.2380952380952381,35.0,0.3537414965986395,NA,NA,18,0,12
Time,12,30%,FAST,0.2380952380952381,35.0,0.0,NA,NA,30,0,0
Time,12,30%,Ekstazi+dpt,0.2380952380952381,35.0,0.9013605442176874,15.0,0.10204081632653055,0,1,30
Time,12,30%,DPT,0.2380952380952381,35.0,0.9013605442176874,15.0,0.10204081632653055,0,1,30
Time,12,30%,STARTS,0.006802721088435376,1.0,0.0,NA,NA,30,0,0
Time,12,30%,STARTS+FAST-S,0.006802721088435376,1.0,0.0,NA,NA,30,0,0
Time,12,30%,STARTS+FAST-P,0.006802721088435376,1.0,0.0,NA,NA,30,0,0
Time,12,30%,STARTS+DPT,0.006802721088435376,1.0,0.0,NA,NA,30,0,0
Time,12,30%,Fastazi-S,0.2380952380952381,35.0,0.033219954648526076,NA,NA,29,0,1
Time,12,30%,Fastazi-P,0.2380952380952381,35.0,0.0,NA,NA,30,0,0
Time,12,30%,Random,0.2380952380952381,35.0,0.21031746031746035,NA,NA,23,0,7
Time,12,40%,Ekstazi,0.31972789115646266,47.0,0.3790249433106576,NA,NA,17,0,13
Time,12,40%,FAST,0.31972789115646266,47.0,0.0,NA,NA,30,0,0
Time,12,40%,Ekstazi+dpt,0.31972789115646266,47.0,0.9013605442176874,15.0,0.10204081632653055,0,1,30
Time,12,40%,DPT,0.31972789115646266,47.0,0.9013605442176874,15.0,0.10204081632653055,0,1,30
Time,12,40%,STARTS,0.006802721088435376,1.0,0.0,NA,NA,30,0,0
Time,12,40%,STARTS+FAST-S,0.006802721088435376,1.0,0.0,NA,NA,30,0,0
Time,12,40%,STARTS+FAST-P,0.006802721088435376,1.0,0.0,NA,NA,30,0,0
Time,12,40%,STARTS+DPT,0.006802721088435376,1.0,0.0,NA,NA,30,0,0
Time,12,40%,Fastazi-S,0.31972789115646266,47.0,0.033219954648526076,NA,NA,29,0,1
Time,12,40%,Fastazi-P,0.31972789115646266,47.0,0.0,NA,NA,30,0,0
Time,12,40%,Random,0.31972789115646266,47.0,0.25952380952380955,NA,NA,21,0,9
Time,12,50%,Ekstazi,0.40136054421768697,59.0,0.4196145124716554,NA,NA,15,0,15
Time,12,50%,FAST,0.40136054421768697,59.0,0.0,NA,NA,30,0,0
Time,12,50%,Ekstazi+dpt,0.40136054421768697,59.0,0.9013605442176874,15.0,0.10204081632653055,0,1,30
Time,12,50%,DPT,0.40136054421768697,59.0,0.9013605442176874,15.0,0.10204081632653055,0,1,30
Time,12,50%,STARTS,0.006802721088435376,1.0,0.0,NA,NA,30,0,0
Time,12,50%,STARTS+FAST-S,0.006802721088435376,1.0,0.0,NA,NA,30,0,0
Time,12,50%,STARTS+FAST-P,0.006802721088435376,1.0,0.0,NA,NA,30,0,0
Time,12,50%,STARTS+DPT,0.006802721088435376,1.0,0.0,NA,NA,30,0,0
Time,12,50%,Fastazi-S,0.40136054421768697,59.0,0.033219954648526076,NA,NA,29,0,1
Time,12,50%,Fastazi-P,0.40136054421768697,59.0,0.0,NA,NA,30,0,0
Time,12,50%,Random,0.40136054421768697,59.0,0.34659863945578234,NA,NA,17,0,13
Time,12,60%,Ekstazi,0.4761904761904762,70.0,0.4378684807256237,NA,NA,14,0,16
Time,12,60%,FAST,0.4761904761904762,70.0,0.0,NA,NA,30,0,0
Time,12,60%,Ekstazi+dpt,0.4761904761904762,70.0,0.9013605442176874,15.0,0.10204081632653055,0,1,30
Time,12,60%,DPT,0.4761904761904762,70.0,0.9013605442176874,15.0,0.10204081632653055,0,1,30
Time,12,60%,STARTS,0.006802721088435376,1.0,0.0,NA,NA,30,0,0
Time,12,60%,STARTS+FAST-S,0.006802721088435376,1.0,0.0,NA,NA,30,0,0
Time,12,60%,STARTS+FAST-P,0.006802721088435376,1.0,0.0,NA,NA,30,0,0
Time,12,60%,STARTS+DPT,0.006802721088435376,1.0,0.0,NA,NA,30,0,0
Time,12,60%,Fastazi-S,0.4761904761904762,70.0,0.5873015873015875,61.166666666666664,0.4160997732426305,0,1,30
Time,12,60%,Fastazi-P,0.4761904761904762,70.0,0.5807256235827662,62.13333333333333,0.4226757369614513,0,1,30
Time,12,60%,Random,0.4761904761904762,70.0,0.3842403628117914,NA,NA,15,0,15
Time,12,70%,Ekstazi,0.5578231292517004,82.0,0.46870748299319737,NA,NA,12,0,18
Time,12,70%,FAST,0.5578231292517004,82.0,0.5124716553287985,72.16666666666667,0.4909297052154197,0,1,30
Time,12,70%,Ekstazi+dpt,0.5578231292517004,82.0,0.9013605442176874,15.0,0.10204081632653055,0,1,30
Time,12,70%,DPT,0.5578231292517004,82.0,0.9013605442176874,15.0,0.10204081632653055,0,1,30
Time,12,70%,STARTS,0.006802721088435376,1.0,0.0,NA,NA,30,0,0
Time,12,70%,STARTS+FAST-S,0.006802721088435376,1.0,0.0,NA,NA,30,0,0
Time,12,70%,STARTS+FAST-P,0.006802721088435376,1.0,0.0,NA,NA,30,0,0
Time,12,70%,STARTS+DPT,0.006802721088435376,1.0,0.0,NA,NA,30,0,0
Time,12,70%,Fastazi-S,0.5578231292517004,82.0,0.5873015873015875,61.166666666666664,0.4160997732426305,0,1,30
Time,12,70%,Fastazi-P,0.5578231292517004,82.0,0.5807256235827662,62.13333333333333,0.4226757369614513,0,1,30
Time,12,70%,Random,0.5578231292517004,82.0,0.4331065759637189,NA,NA,12,0,18
Time,12,75%,Ekstazi,0.598639455782313,88.0,0.5105442176870748,NA,NA,9,0,21
Time,12,75%,FAST,0.598639455782313,88.0,0.5124716553287985,72.16666666666667,0.4909297052154197,0,1,30
Time,12,75%,Ekstazi+dpt,0.598639455782313,88.0,0.9013605442176874,15.0,0.10204081632653055,0,1,30
Time,12,75%,DPT,0.598639455782313,88.0,0.9013605442176874,15.0,0.10204081632653055,0,1,30
Time,12,75%,STARTS,0.006802721088435376,1.0,0.0,NA,NA,30,0,0
Time,12,75%,STARTS+FAST-S,0.006802721088435376,1.0,0.0,NA,NA,30,0,0
Time,12,75%,STARTS+FAST-P,0.006802721088435376,1.0,0.0,NA,NA,30,0,0
Time,12,75%,STARTS+DPT,0.006802721088435376,1.0,0.0,NA,NA,30,0,0
Time,12,75%,Fastazi-S,0.598639455782313,88.0,0.5873015873015875,61.166666666666664,0.4160997732426305,0,1,30
Time,12,75%,Fastazi-P,0.598639455782313,88.0,0.5807256235827662,62.13333333333333,0.4226757369614513,0,1,30
Time,12,75%,Random,0.598639455782313,88.0,0.4742630385487529,NA,NA,9,0,21
Time,12,80%,Ekstazi,0.6394557823129253,94.0,0.5229024943310657,NA,NA,8,0,22
Time,12,80%,FAST,0.6394557823129253,94.0,0.5124716553287985,72.16666666666667,0.4909297052154197,0,1,30
Time,12,80%,Ekstazi+dpt,0.6394557823129253,94.0,0.9013605442176874,15.0,0.10204081632653055,0,1,30
Time,12,80%,DPT,0.6394557823129253,94.0,0.9013605442176874,15.0,0.10204081632653055,0,1,30
Time,12,80%,STARTS,0.006802721088435376,1.0,0.0,NA,NA,30,0,0
Time,12,80%,STARTS+FAST-S,0.006802721088435376,1.0,0.0,NA,NA,30,0,0
Time,12,80%,STARTS+FAST-P,0.006802721088435376,1.0,0.0,NA,NA,30,0,0
Time,12,80%,STARTS+DPT,0.006802721088435376,1.0,0.0,NA,NA,30,0,0
Time,12,80%,Fastazi-S,0.6394557823129253,94.0,0.5873015873015875,61.166666666666664,0.4160997732426305,0,1,30
Time,12,80%,Fastazi-P,0.6394557823129253,94.0,0.5807256235827662,62.13333333333333,0.4226757369614513,0,1,30
Time,12,80%,Random,0.6394557823129253,94.0,0.49897959183673474,NA,NA,7,0,23
Time,12,90%,Ekstazi,0.7210884353741495,106.0,0.5545351473922903,NA,NA,5,0,25
Time,12,90%,FAST,0.7210884353741495,106.0,0.5124716553287985,72.16666666666667,0.4909297052154197,0,1,30
Time,12,90%,Ekstazi+dpt,0.7210884353741495,106.0,0.9013605442176874,15.0,0.10204081632653055,0,1,30
Time,12,90%,DPT,0.7210884353741495,106.0,0.9013605442176874,15.0,0.10204081632653055,0,1,30
Time,12,90%,STARTS,0.006802721088435376,1.0,0.0,NA,NA,30,0,0
Time,12,90%,STARTS+FAST-S,0.006802721088435376,1.0,0.0,NA,NA,30,0,0
Time,12,90%,STARTS+FAST-P,0.006802721088435376,1.0,0.0,NA,NA,30,0,0
Time,12,90%,STARTS+DPT,0.006802721088435376,1.0,0.0,NA,NA,30,0,0
Time,12,90%,Fastazi-S,0.7210884353741495,106.0,0.5873015873015875,61.166666666666664,0.4160997732426305,0,1,30
Time,12,90%,Fastazi-P,0.7210884353741495,106.0,0.5807256235827662,62.13333333333333,0.4226757369614513,0,1,30
Time,12,90%,Random,0.7210884353741495,106.0,0.5090702947845805,NA,NA,6,0,24
Time,12,100%,Ekstazi,0.8027210884353739,118.0,0.5941043083900227,60.166666666666664,0.4092970521541951,0,1,30
Time,12,100%,FAST,0.8027210884353739,118.0,0.5124716553287985,72.16666666666667,0.4909297052154197,0,1,30
Time,12,100%,Ekstazi+dpt,0.8027210884353739,118.0,0.9013605442176874,15.0,0.10204081632653055,0,1,30
Time,12,100%,DPT,0.8027210884353739,118.0,0.9013605442176874,15.0,0.10204081632653055,0,1,30
Time,12,100%,STARTS,0.006802721088435376,1.0,0.0,NA,NA,30,0,0
Time,12,100%,STARTS+FAST-S,0.006802721088435376,1.0,0.0,NA,NA,30,0,0
Time,12,100%,STARTS+FAST-P,0.006802721088435376,1.0,0.0,NA,NA,30,0,0
Time,12,100%,STARTS+DPT,0.006802721088435376,1.0,0.0,NA,NA,30,0,0
Time,12,100%,Fastazi-S,0.8027210884353739,118.0,0.5873015873015875,61.166666666666664,0.4160997732426305,0,1,30
Time,12,100%,Fastazi-P,0.8027210884353739,118.0,0.5807256235827662,62.13333333333333,0.4226757369614513,0,1,30
Time,12,100%,Random,0.8027210884353739,118.0,0.5090702947845805,NA,NA,6,0,24
Time,13,10%,Ekstazi,0.07482993197278913,11.0,0.09784580498866213,NA,NA,27,0,3
Time,13,10%,FAST,0.07482993197278913,11.0,0.0,NA,NA,30,0,0
Time,13,10%,Ekstazi+dpt,0.07482993197278913,11.0,0.928571428571428,11.0,0.07482993197278913,0,1,30
Time,13,10%,DPT,0.07482993197278913,11.0,0.928571428571428,11.0,0.07482993197278913,0,1,30
Time,13,10%,STARTS,0.006802721088435376,1.0,0.0,NA,NA,30,0,0
Time,13,10%,STARTS+FAST-S,0.006802721088435376,1.0,0.0,NA,NA,30,0,0
Time,13,10%,STARTS+FAST-P,0.006802721088435376,1.0,0.0,NA,NA,30,0,0
Time,13,10%,STARTS+DPT,0.006802721088435376,1.0,0.0,NA,NA,30,0,0
Time,13,10%,Fastazi-S,0.07482993197278913,11.0,0.033219954648526076,NA,NA,29,0,1
Time,13,10%,Fastazi-P,0.07482993197278913,11.0,0.0,NA,NA,30,0,0
Time,13,10%,Random,0.07482993197278913,11.0,0.09671201814058956,NA,NA,27,0,3
Time,13,20%,Ekstazi,0.15646258503401358,23.0,0.2157596371882086,NA,NA,23,0,7
Time,13,20%,FAST,0.15646258503401358,23.0,0.0,NA,NA,30,0,0
Time,13,20%,Ekstazi+dpt,0.15646258503401358,23.0,0.928571428571428,11.0,0.07482993197278913,0,1,30
Time,13,20%,DPT,0.15646258503401358,23.0,0.928571428571428,11.0,0.07482993197278913,0,1,30
Time,13,20%,STARTS,0.006802721088435376,1.0,0.0,NA,NA,30,0,0
Time,13,20%,STARTS+FAST-S,0.006802721088435376,1.0,0.0,NA,NA,30,0,0
Time,13,20%,STARTS+FAST-P,0.006802721088435376,1.0,0.0,NA,NA,30,0,0
Time,13,20%,STARTS+DPT,0.006802721088435376,1.0,0.0,NA,NA,30,0,0
Time,13,20%,Fastazi-S,0.15646258503401358,23.0,0.033219954648526076,NA,NA,29,0,1
Time,13,20%,Fastazi-P,0.15646258503401358,23.0,0.0,NA,NA,30,0,0
Time,13,20%,Random,0.15646258503401358,23.0,0.1256235827664399,NA,NA,26,0,4
Time,13,25%,Ekstazi,0.1972789115646257,29.0,0.2157596371882086,NA,NA,23,0,7
Time,13,25%,FAST,0.1972789115646257,29.0,0.0,NA,NA,30,0,0
Time,13,25%,Ekstazi+dpt,0.1972789115646257,29.0,0.928571428571428,11.0,0.07482993197278913,0,1,30
Time,13,25%,DPT,0.1972789115646257,29.0,0.928571428571428,11.0,0.07482993197278913,0,1,30
Time,13,25%,STARTS,0.006802721088435376,1.0,0.0,NA,NA,30,0,0
Time,13,25%,STARTS+FAST-S,0.006802721088435376,1.0,0.0,NA,NA,30,0,0
Time,13,25%,STARTS+FAST-P,0.006802721088435376,1.0,0.0,NA,NA,30,0,0
Time,13,25%,STARTS+DPT,0.006802721088435376,1.0,0.0,NA,NA,30,0,0
Time,13,25%,Fastazi-S,0.1972789115646257,29.0,0.033219954648526076,NA,NA,29,0,1
Time,13,25%,Fastazi-P,0.1972789115646257,29.0,0.0,NA,NA,30,0,0
Time,13,25%,Random,0.1972789115646257,29.0,0.15272108843537416,NA,NA,25,0,5
Time,13,30%,Ekstazi,0.2380952380952381,35.0,0.24126984126984125,NA,NA,22,0,8
Time,13,30%,FAST,0.2380952380952381,35.0,0.0,NA,NA,30,0,0
Time,13,30%,Ekstazi+dpt,0.2380952380952381,35.0,0.928571428571428,11.0,0.07482993197278913,0,1,30
Time,13,30%,DPT,0.2380952380952381,35.0,0.928571428571428,11.0,0.07482993197278913,0,1,30
Time,13,30%,STARTS,0.006802721088435376,1.0,0.0,NA,NA,30,0,0
Time,13,30%,STARTS+FAST-S,0.006802721088435376,1.0,0.0,NA,NA,30,0,0
Time,13,30%,STARTS+FAST-P,0.006802721088435376,1.0,0.0,NA,NA,30,0,0
Time,13,30%,STARTS+DPT,0.006802721088435376,1.0,0.0,NA,NA,30,0,0
Time,13,30%,Fastazi-S,0.2380952380952381,35.0,0.033219954648526076,NA,NA,29,0,1
Time,13,30%,Fastazi-P,0.2380952380952381,35.0,0.0,NA,NA,30,0,0
Time,13,30%,Random,0.2380952380952381,35.0,0.1784580498866213,NA,NA,24,0,6
Time,13,40%,Ekstazi,0.31972789115646266,47.0,0.314172335600907,NA,NA,19,0,11
Time,13,40%,FAST,0.31972789115646266,47.0,0.0,NA,NA,30,0,0
Time,13,40%,Ekstazi+dpt,0.31972789115646266,47.0,0.928571428571428,11.0,0.07482993197278913,0,1,30
Time,13,40%,DPT,0.31972789115646266,47.0,0.928571428571428,11.0,0.07482993197278913,0,1,30
Time,13,40%,STARTS,0.006802721088435376,1.0,0.0,NA,NA,30,0,0
Time,13,40%,STARTS+FAST-S,0.006802721088435376,1.0,0.0,NA,NA,30,0,0
Time,13,40%,STARTS+FAST-P,0.006802721088435376,1.0,0.0,NA,NA,30,0,0
Time,13,40%,STARTS+DPT,0.006802721088435376,1.0,0.0,NA,NA,30,0,0
Time,13,40%,Fastazi-S,0.31972789115646266,47.0,0.033219954648526076,NA,NA,29,0,1
Time,13,40%,Fastazi-P,0.31972789115646266,47.0,0.0,NA,NA,30,0,0
Time,13,40%,Random,0.31972789115646266,47.0,0.22675736961451246,NA,NA,22,0,8
Time,13,50%,Ekstazi,0.40136054421768697,59.0,0.37891156462585035,NA,NA,16,0,14
Time,13,50%,FAST,0.40136054421768697,59.0,0.0,NA,NA,30,0,0
Time,13,50%,Ekstazi+dpt,0.40136054421768697,59.0,0.928571428571428,11.0,0.07482993197278913,0,1,30
Time,13,50%,DPT,0.40136054421768697,59.0,0.928571428571428,11.0,0.07482993197278913,0,1,30
Time,13,50%,STARTS,0.006802721088435376,1.0,0.0,NA,NA,30,0,0
Time,13,50%,STARTS+FAST-S,0.006802721088435376,1.0,0.0,NA,NA,30,0,0
Time,13,50%,STARTS+FAST-P,0.006802721088435376,1.0,0.0,NA,NA,30,0,0
Time,13,50%,STARTS+DPT,0.006802721088435376,1.0,0.0,NA,NA,30,0,0
Time,13,50%,Fastazi-S,0.40136054421768697,59.0,0.033219954648526076,NA,NA,29,0,1
Time,13,50%,Fastazi-P,0.40136054421768697,59.0,0.0,NA,NA,30,0,0
Time,13,50%,Random,0.40136054421768697,59.0,0.26825396825396824,NA,NA,20,0,10
Time,13,60%,Ekstazi,0.4761904761904762,70.0,0.43321995464852603,NA,NA,13,0,17
Time,13,60%,FAST,0.4761904761904762,70.0,0.0,NA,NA,30,0,0
Time,13,60%,Ekstazi+dpt,0.4761904761904762,70.0,0.928571428571428,11.0,0.07482993197278913,0,1,30
Time,13,60%,DPT,0.4761904761904762,70.0,0.928571428571428,11.0,0.07482993197278913,0,1,30
Time,13,60%,STARTS,0.006802721088435376,1.0,0.0,NA,NA,30,0,0
Time,13,60%,STARTS+FAST-S,0.006802721088435376,1.0,0.0,NA,NA,30,0,0
Time,13,60%,STARTS+FAST-P,0.006802721088435376,1.0,0.0,NA,NA,30,0,0
Time,13,60%,STARTS+DPT,0.006802721088435376,1.0,0.0,NA,NA,30,0,0
Time,13,60%,Fastazi-S,0.4761904761904762,70.0,0.033219954648526076,NA,NA,29,0,1
Time,13,60%,Fastazi-P,0.4761904761904762,70.0,0.0,NA,NA,30,0,0
Time,13,60%,Random,0.4761904761904762,70.0,0.28764172335600907,NA,NA,19,0,11
Time,13,70%,Ekstazi,0.5578231292517004,82.0,0.48390022675736966,NA,NA,10,0,20
Time,13,70%,FAST,0.5578231292517004,82.0,0.0,NA,NA,30,0,0
Time,13,70%,Ekstazi+dpt,0.5578231292517004,82.0,0.928571428571428,11.0,0.07482993197278913,0,1,30
Time,13,70%,DPT,0.5578231292517004,82.0,0.928571428571428,11.0,0.07482993197278913,0,1,30
Time,13,70%,STARTS,0.006802721088435376,1.0,0.0,NA,NA,30,0,0
Time,13,70%,STARTS+FAST-S,0.006802721088435376,1.0,0.0,NA,NA,30,0,0
Time,13,70%,STARTS+FAST-P,0.006802721088435376,1.0,0.0,NA,NA,30,0,0
Time,13,70%,STARTS+DPT,0.006802721088435376,1.0,0.0,NA,NA,30,0,0
Time,13,70%,Fastazi-S,0.5578231292517004,82.0,0.27086167800453514,NA,NA,13,0,17
Time,13,70%,Fastazi-P,0.5578231292517004,82.0,0.4585034013605444,80.1,0.5448979591836736,0,1,30
Time,13,70%,Random,0.5578231292517004,82.0,0.3810657596371882,NA,NA,13,0,17
Time,13,75%,Ekstazi,0.598639455782313,88.0,0.5266439909297053,NA,NA,7,0,23
Time,13,75%,FAST,0.598639455782313,88.0,0.0,NA,NA,30,0,0
Time,13,75%,Ekstazi+dpt,0.598639455782313,88.0,0.928571428571428,11.0,0.07482993197278913,0,1,30
Time,13,75%,DPT,0.598639455782313,88.0,0.928571428571428,11.0,0.07482993197278913,0,1,30
Time,13,75%,STARTS,0.006802721088435376,1.0,0.0,NA,NA,30,0,0
Time,13,75%,STARTS+FAST-S,0.006802721088435376,1.0,0.0,NA,NA,30,0,0
Time,13,75%,STARTS+FAST-P,0.006802721088435376,1.0,0.0,NA,NA,30,0,0
Time,13,75%,STARTS+DPT,0.006802721088435376,1.0,0.0,NA,NA,30,0,0
Time,13,75%,Fastazi-S,0.598639455782313,88.0,0.4598639455782312,79.9,0.5435374149659862,0,1,30
Time,13,75%,Fastazi-P,0.598639455782313,88.0,0.4585034013605444,80.1,0.5448979591836736,0,1,30
Time,13,75%,Random,0.598639455782313,88.0,0.4235827664399093,NA,NA,10,0,20
Time,13,80%,Ekstazi,0.6394557823129253,94.0,0.5515873015873016,NA,NA,5,0,25
Time,13,80%,FAST,0.6394557823129253,94.0,0.3768707482993196,92.1,0.6265306122448978,0,1,30
Time,13,80%,Ekstazi+dpt,0.6394557823129253,94.0,0.928571428571428,11.0,0.07482993197278913,0,1,30
Time,13,80%,DPT,0.6394557823129253,94.0,0.928571428571428,11.0,0.07482993197278913,0,1,30
Time,13,80%,STARTS,0.006802721088435376,1.0,0.0,NA,NA,30,0,0
Time,13,80%,STARTS+FAST-S,0.006802721088435376,1.0,0.0,NA,NA,30,0,0
Time,13,80%,STARTS+FAST-P,0.006802721088435376,1.0,0.0,NA,NA,30,0,0
Time,13,80%,STARTS+DPT,0.006802721088435376,1.0,0.0,NA,NA,30,0,0
Time,13,80%,Fastazi-S,0.6394557823129253,94.0,0.4598639455782312,79.9,0.5435374149659862,0,1,30
Time,13,80%,Fastazi-P,0.6394557823129253,94.0,0.4585034013605444,80.1,0.5448979591836736,0,1,30
Time,13,80%,Random,0.6394557823129253,94.0,0.4361678004535147,NA,NA,9,0,21
Time,13,90%,Ekstazi,0.7210884353741495,106.0,0.583219954648526,NA,NA,2,0,28
Time,13,90%,FAST,0.7210884353741495,106.0,0.3768707482993196,92.1,0.6265306122448978,0,1,30
Time,13,90%,Ekstazi+dpt,0.7210884353741495,106.0,0.928571428571428,11.0,0.07482993197278913,0,1,30
Time,13,90%,DPT,0.7210884353741495,106.0,0.928571428571428,11.0,0.07482993197278913,0,1,30
Time,13,90%,STARTS,0.006802721088435376,1.0,0.0,NA,NA,30,0,0
Time,13,90%,STARTS+FAST-S,0.006802721088435376,1.0,0.0,NA,NA,30,0,0
Time,13,90%,STARTS+FAST-P,0.006802721088435376,1.0,0.0,NA,NA,30,0,0
Time,13,90%,STARTS+DPT,0.006802721088435376,1.0,0.0,NA,NA,30,0,0
Time,13,90%,Fastazi-S,0.7210884353741495,106.0,0.4598639455782312,79.9,0.5435374149659862,0,1,30
Time,13,90%,Fastazi-P,0.7210884353741495,106.0,0.4585034013605444,80.1,0.5448979591836736,0,1,30
Time,13,90%,Random,0.7210884353741495,106.0,0.4673469387755102,NA,NA,6,0,24
Time,13,100%,Ekstazi,0.8027210884353739,118.0,0.6,59.3,0.40340136054421777,0,1,30
Time,13,100%,FAST,0.8027210884353739,118.0,0.3768707482993196,92.1,0.6265306122448978,0,1,30
Time,13,100%,Ekstazi+dpt,0.8027210884353739,118.0,0.928571428571428,11.0,0.07482993197278913,0,1,30
Time,13,100%,DPT,0.8027210884353739,118.0,0.928571428571428,11.0,0.07482993197278913,0,1,30
Time,13,100%,STARTS,0.006802721088435376,1.0,0.0,NA,NA,30,0,0
Time,13,100%,STARTS+FAST-S,0.006802721088435376,1.0,0.0,NA,NA,30,0,0
Time,13,100%,STARTS+FAST-P,0.006802721088435376,1.0,0.0,NA,NA,30,0,0
Time,13,100%,STARTS+DPT,0.006802721088435376,1.0,0.0,NA,NA,30,0,0
Time,13,100%,Fastazi-S,0.8027210884353739,118.0,0.4598639455782312,79.9,0.5435374149659862,0,1,30
Time,13,100%,Fastazi-P,0.8027210884353739,118.0,0.4585034013605444,80.1,0.5448979591836736,0,1,30
Time,13,100%,Random,0.8027210884353739,118.0,0.4981859410430839,NA,NA,2,0,28
Time,14,10%,Ekstazi,0.061224489795918394,9.0,0.06598639455782312,NA,NA,28,0,2
Time,14,10%,FAST,0.061224489795918394,9.0,0.0,NA,NA,30,0,0
Time,14,10%,Ekstazi+dpt,0.061224489795918394,9.0,0.0,NA,NA,30,0,0
Time,14,10%,DPT,0.061224489795918394,9.0,0.0,NA,NA,30,0,0
Time,14,10%,STARTS,0.006802721088435376,1.0,0.0,NA,NA,30,0,0
Time,14,10%,STARTS+FAST-S,0.006802721088435376,1.0,0.0,NA,NA,30,0,0
Time,14,10%,STARTS+FAST-P,0.006802721088435376,1.0,0.0,NA,NA,30,0,0
Time,14,10%,STARTS+DPT,0.006802721088435376,1.0,0.0,NA,NA,30,0,0
Time,14,10%,Fastazi-S,0.061224489795918394,9.0,0.033219954648526076,NA,NA,29,0,1
Time,14,10%,Fastazi-P,0.061224489795918394,9.0,0.0,NA,NA,30,0,0
Time,14,10%,Random,0.061224489795918394,9.0,0.13015873015873017,NA,NA,26,0,4
Time,14,20%,Ekstazi,0.12925170068027206,19.0,0.18571428571428575,NA,NA,24,0,6
Time,14,20%,FAST,0.12925170068027206,19.0,0.0,NA,NA,30,0,0
Time,14,20%,Ekstazi+dpt,0.12925170068027206,19.0,0.0,NA,NA,30,0,0
Time,14,20%,DPT,0.12925170068027206,19.0,0.0,NA,NA,30,0,0
Time,14,20%,STARTS,0.006802721088435376,1.0,0.0,NA,NA,30,0,0
Time,14,20%,STARTS+FAST-S,0.006802721088435376,1.0,0.0,NA,NA,30,0,0
Time,14,20%,STARTS+FAST-P,0.006802721088435376,1.0,0.0,NA,NA,30,0,0
Time,14,20%,STARTS+DPT,0.006802721088435376,1.0,0.0,NA,NA,30,0,0
Time,14,20%,Fastazi-S,0.12925170068027206,19.0,0.033219954648526076,NA,NA,29,0,1
Time,14,20%,Fastazi-P,0.12925170068027206,19.0,0.0,NA,NA,30,0,0
Time,14,20%,Random,0.12925170068027206,19.0,0.159297052154195,NA,NA,25,0,5
Time,14,25%,Ekstazi,0.16326530612244908,24.0,0.24240362811791386,NA,NA,22,0,8
Time,14,25%,FAST,0.16326530612244908,24.0,0.0,NA,NA,30,0,0
Time,14,25%,Ekstazi+dpt,0.16326530612244908,24.0,0.0,NA,NA,30,0,0
Time,14,25%,DPT,0.16326530612244908,24.0,0.0,NA,NA,30,0,0
Time,14,25%,STARTS,0.006802721088435376,1.0,0.0,NA,NA,30,0,0
Time,14,25%,STARTS+FAST-S,0.006802721088435376,1.0,0.0,NA,NA,30,0,0
Time,14,25%,STARTS+FAST-P,0.006802721088435376,1.0,0.0,NA,NA,30,0,0
Time,14,25%,STARTS+DPT,0.006802721088435376,1.0,0.0,NA,NA,30,0,0
Time,14,25%,Fastazi-S,0.16326530612244908,24.0,0.033219954648526076,NA,NA,29,0,1
Time,14,25%,Fastazi-P,0.16326530612244908,24.0,0.0,NA,NA,30,0,0
Time,14,25%,Random,0.16326530612244908,24.0,0.18820861678004536,NA,NA,24,0,6
Time,14,30%,Ekstazi,0.1972789115646257,29.0,0.2695011337868481,NA,NA,21,0,9
Time,14,30%,FAST,0.1972789115646257,29.0,0.0,NA,NA,30,0,0
Time,14,30%,Ekstazi+dpt,0.1972789115646257,29.0,0.0,NA,NA,30,0,0
Time,14,30%,DPT,0.1972789115646257,29.0,0.0,NA,NA,30,0,0
Time,14,30%,STARTS,0.006802721088435376,1.0,0.0,NA,NA,30,0,0
Time,14,30%,STARTS+FAST-S,0.006802721088435376,1.0,0.0,NA,NA,30,0,0
Time,14,30%,STARTS+FAST-P,0.006802721088435376,1.0,0.0,NA,NA,30,0,0
Time,14,30%,STARTS+DPT,0.006802721088435376,1.0,0.0,NA,NA,30,0,0
Time,14,30%,Fastazi-S,0.1972789115646257,29.0,0.033219954648526076,NA,NA,29,0,1
Time,14,30%,Fastazi-P,0.1972789115646257,29.0,0.05374149659863946,NA,NA,28,0,2
Time,14,30%,Random,0.1972789115646257,29.0,0.18820861678004536,NA,NA,24,0,6
Time,14,40%,Ekstazi,0.2653061224489796,39.0,0.3202947845804988,NA,NA,19,0,11
Time,14,40%,FAST,0.2653061224489796,39.0,0.0,NA,NA,30,0,0
Time,14,40%,Ekstazi+dpt,0.2653061224489796,39.0,0.0,NA,NA,30,0,0
Time,14,40%,DPT,0.2653061224489796,39.0,0.0,NA,NA,30,0,0
Time,14,40%,STARTS,0.006802721088435376,1.0,0.0,NA,NA,30,0,0
Time,14,40%,STARTS+FAST-S,0.006802721088435376,1.0,0.0,NA,NA,30,0,0
Time,14,40%,STARTS+FAST-P,0.006802721088435376,1.0,0.0,NA,NA,30,0,0
Time,14,40%,STARTS+DPT,0.006802721088435376,1.0,0.0,NA,NA,30,0,0
Time,14,40%,Fastazi-S,0.2653061224489796,39.0,0.7952380952380953,30.6,0.20816326530612247,0,1,30
Time,14,40%,Fastazi-P,0.2653061224489796,39.0,0.7979591836734693,30.2,0.20544217687074823,0,1,30
Time,14,40%,Random,0.2653061224489796,39.0,0.23832199546485264,NA,NA,22,0,8
Time,14,50%,Ekstazi,0.3333333333333333,49.0,0.39251700680272106,NA,NA,16,0,14
Time,14,50%,FAST,0.3333333333333333,49.0,0.7147392290249435,42.43333333333333,0.2886621315192744,0,1,30
Time,14,50%,Ekstazi+dpt,0.3333333333333333,49.0,0.0,NA,NA,30,0,0
Time,14,50%,DPT,0.3333333333333333,49.0,0.0,NA,NA,30,0,0
Time,14,50%,STARTS,0.006802721088435376,1.0,0.0,NA,NA,30,0,0
Time,14,50%,STARTS+FAST-S,0.006802721088435376,1.0,0.0,NA,NA,30,0,0
Time,14,50%,STARTS+FAST-P,0.006802721088435376,1.0,0.0,NA,NA,30,0,0
Time,14,50%,STARTS+DPT,0.006802721088435376,1.0,0.0,NA,NA,30,0,0
Time,14,50%,Fastazi-S,0.3333333333333333,49.0,0.7952380952380953,30.6,0.20816326530612247,0,1,30
Time,14,50%,Fastazi-P,0.3333333333333333,49.0,0.7979591836734693,30.2,0.20544217687074823,0,1,30
Time,14,50%,Random,0.3333333333333333,49.0,0.26179138321995465,NA,NA,21,0,9
Time,14,60%,Ekstazi,0.40136054421768697,59.0,0.4561224489795918,NA,NA,13,0,17
Time,14,60%,FAST,0.40136054421768697,59.0,0.7147392290249435,42.43333333333333,0.2886621315192744,0,1,30
Time,14,60%,Ekstazi+dpt,0.40136054421768697,59.0,0.0,NA,NA,30,0,0
Time,14,60%,DPT,0.40136054421768697,59.0,0.0,NA,NA,30,0,0
Time,14,60%,STARTS,0.006802721088435376,1.0,0.0,NA,NA,30,0,0
Time,14,60%,STARTS+FAST-S,0.006802721088435376,1.0,0.0,NA,NA,30,0,0
Time,14,60%,STARTS+FAST-P,0.006802721088435376,1.0,0.0,NA,NA,30,0,0
Time,14,60%,STARTS+DPT,0.006802721088435376,1.0,0.0,NA,NA,30,0,0
Time,14,60%,Fastazi-S,0.40136054421768697,59.0,0.7952380952380953,30.6,0.20816326530612247,0,1,30
Time,14,60%,Fastazi-P,0.40136054421768697,59.0,0.7979591836734693,30.2,0.20544217687074823,0,1,30
Time,14,60%,Random,0.40136054421768697,59.0,0.30532879818594105,NA,NA,19,0,11
Time,14,70%,Ekstazi,0.4693877551020407,69.0,0.5314058956916099,NA,NA,9,0,21
Time,14,70%,FAST,0.4693877551020407,69.0,0.7147392290249435,42.43333333333333,0.2886621315192744,0,1,30
Time,14,70%,Ekstazi+dpt,0.4693877551020407,69.0,0.0,NA,NA,30,0,0
Time,14,70%,DPT,0.4693877551020407,69.0,0.0,NA,NA,30,0,0
Time,14,70%,STARTS,0.006802721088435376,1.0,0.0,NA,NA,30,0,0
Time,14,70%,STARTS+FAST-S,0.006802721088435376,1.0,0.0,NA,NA,30,0,0
Time,14,70%,STARTS+FAST-P,0.006802721088435376,1.0,0.0,NA,NA,30,0,0
Time,14,70%,STARTS+DPT,0.006802721088435376,1.0,0.0,NA,NA,30,0,0
Time,14,70%,Fastazi-S,0.4693877551020407,69.0,0.7952380952380953,30.6,0.20816326530612247,0,1,30
Time,14,70%,Fastazi-P,0.4693877551020407,69.0,0.7979591836734693,30.2,0.20544217687074823,0,1,30
Time,14,70%,Random,0.4693877551020407,69.0,0.34160997732426307,NA,NA,17,0,13
Time,14,75%,Ekstazi,0.5034013605442174,74.0,0.5660997732426303,NA,NA,7,0,23
Time,14,75%,FAST,0.5034013605442174,74.0,0.7147392290249435,42.43333333333333,0.2886621315192744,0,1,30
Time,14,75%,Ekstazi+dpt,0.5034013605442174,74.0,0.0,NA,NA,30,0,0
Time,14,75%,DPT,0.5034013605442174,74.0,0.0,NA,NA,30,0,0
Time,14,75%,STARTS,0.006802721088435376,1.0,0.0,NA,NA,30,0,0
Time,14,75%,STARTS+FAST-S,0.006802721088435376,1.0,0.0,NA,NA,30,0,0
Time,14,75%,STARTS+FAST-P,0.006802721088435376,1.0,0.0,NA,NA,30,0,0
Time,14,75%,STARTS+DPT,0.006802721088435376,1.0,0.0,NA,NA,30,0,0
Time,14,75%,Fastazi-S,0.5034013605442174,74.0,0.7952380952380953,30.6,0.20816326530612247,0,1,30
Time,14,75%,Fastazi-P,0.5034013605442174,74.0,0.7979591836734693,30.2,0.20544217687074823,0,1,30
Time,14,75%,Random,0.5034013605442174,74.0,0.3765306122448979,NA,NA,15,0,15
Time,14,80%,Ekstazi,0.5374149659863948,79.0,0.581859410430839,NA,NA,6,0,24
Time,14,80%,FAST,0.5374149659863948,79.0,0.7147392290249435,42.43333333333333,0.2886621315192744,0,1,30
Time,14,80%,Ekstazi+dpt,0.5374149659863948,79.0,0.0,NA,NA,30,0,0
Time,14,80%,DPT,0.5374149659863948,79.0,0.0,NA,NA,30,0,0
Time,14,80%,STARTS,0.006802721088435376,1.0,0.0,NA,NA,30,0,0
Time,14,80%,STARTS+FAST-S,0.006802721088435376,1.0,0.0,NA,NA,30,0,0
Time,14,80%,STARTS+FAST-P,0.006802721088435376,1.0,0.0,NA,NA,30,0,0
Time,14,80%,STARTS+DPT,0.006802721088435376,1.0,0.0,NA,NA,30,0,0
Time,14,80%,Fastazi-S,0.5374149659863948,79.0,0.7952380952380953,30.6,0.20816326530612247,0,1,30
Time,14,80%,Fastazi-P,0.5374149659863948,79.0,0.7979591836734693,30.2,0.20544217687074823,0,1,30
Time,14,80%,Random,0.5374149659863948,79.0,0.40873015873015867,NA,NA,13,0,17
Time,14,90%,Ekstazi,0.6054421768707487,89.0,0.6547619047619049,NA,NA,1,0,29
Time,14,90%,FAST,0.6054421768707487,89.0,0.7147392290249435,42.43333333333333,0.2886621315192744,0,1,30
Time,14,90%,Ekstazi+dpt,0.6054421768707487,89.0,0.0,NA,NA,30,0,0
Time,14,90%,DPT,0.6054421768707487,89.0,0.0,NA,NA,30,0,0
Time,14,90%,STARTS,0.006802721088435376,1.0,0.0,NA,NA,30,0,0
Time,14,90%,STARTS+FAST-S,0.006802721088435376,1.0,0.0,NA,NA,30,0,0
Time,14,90%,STARTS+FAST-P,0.006802721088435376,1.0,0.0,NA,NA,30,0,0
Time,14,90%,STARTS+DPT,0.006802721088435376,1.0,0.0,NA,NA,30,0,0
Time,14,90%,Fastazi-S,0.6054421768707487,89.0,0.7952380952380953,30.6,0.20816326530612247,0,1,30
Time,14,90%,Fastazi-P,0.6054421768707487,89.0,0.7979591836734693,30.2,0.20544217687074823,0,1,30
Time,14,90%,Random,0.6054421768707487,89.0,0.4359410430839002,NA,NA,11,0,19
Time,14,100%,Ekstazi,0.6734693877551018,99.0,0.6678004535147392,49.333333333333336,0.3356009070294784,0,1,30
Time,14,100%,FAST,0.6734693877551018,99.0,0.7147392290249435,42.43333333333333,0.2886621315192744,0,1,30
Time,14,100%,Ekstazi+dpt,0.6734693877551018,99.0,0.3299319727891154,99.0,0.6734693877551018,0,1,30
Time,14,100%,DPT,0.6734693877551018,99.0,0.0,NA,NA,30,0,0
Time,14,100%,STARTS,0.006802721088435376,1.0,0.0,NA,NA,30,0,0
Time,14,100%,STARTS+FAST-S,0.006802721088435376,1.0,0.0,NA,NA,30,0,0
Time,14,100%,STARTS+FAST-P,0.006802721088435376,1.0,0.0,NA,NA,30,0,0
Time,14,100%,STARTS+DPT,0.006802721088435376,1.0,0.0,NA,NA,30,0,0
Time,14,100%,Fastazi-S,0.6734693877551018,99.0,0.7952380952380953,30.6,0.20816326530612247,0,1,30
Time,14,100%,Fastazi-P,0.6734693877551018,99.0,0.7979591836734693,30.2,0.20544217687074823,0,1,30
Time,14,100%,Random,0.6734693877551018,99.0,0.4480725623582765,NA,NA,10,0,20
Time,15,10%,Ekstazi,0.006802721088435376,1.0,0.06643990929705215,NA,NA,28,0,2
Time,15,10%,FAST,0.006802721088435376,1.0,0.0,NA,NA,30,0,0
Time,15,10%,Ekstazi+dpt,0.006802721088435376,1.0,0.0,NA,NA,30,0,0
Time,15,10%,DPT,0.006802721088435376,1.0,0.0,NA,NA,30,0,0
Time,15,10%,STARTS,0.006802721088435376,1.0,0.0,NA,NA,30,0,0
Time,15,10%,STARTS+FAST-S,0.006802721088435376,1.0,0.0,NA,NA,30,0,0
Time,15,10%,STARTS+FAST-P,0.006802721088435376,1.0,0.0,NA,NA,30,0,0
Time,15,10%,STARTS+DPT,0.006802721088435376,1.0,0.0,NA,NA,30,0,0
Time,15,10%,Fastazi-S,0.006802721088435376,1.0,0.09965986394557823,NA,NA,27,0,3
Time,15,10%,Fastazi-P,0.006802721088435376,1.0,0.0,NA,NA,30,0,0
Time,15,10%,Random,0.006802721088435376,1.0,0.0,NA,NA,30,0,0
Time,15,20%,Ekstazi,0.013605442176870751,2.0,0.16541950113378684,NA,NA,25,0,5
Time,15,20%,FAST,0.013605442176870751,2.0,0.0,NA,NA,30,0,0
Time,15,20%,Ekstazi+dpt,0.013605442176870751,2.0,0.0,NA,NA,30,0,0
Time,15,20%,DPT,0.013605442176870751,2.0,0.0,NA,NA,30,0,0
Time,15,20%,STARTS,0.006802721088435376,1.0,0.0,NA,NA,30,0,0
Time,15,20%,STARTS+FAST-S,0.006802721088435376,1.0,0.0,NA,NA,30,0,0
Time,15,20%,STARTS+FAST-P,0.006802721088435376,1.0,0.0,NA,NA,30,0,0
Time,15,20%,STARTS+DPT,0.006802721088435376,1.0,0.0,NA,NA,30,0,0
Time,15,20%,Fastazi-S,0.013605442176870751,2.0,0.09965986394557823,NA,NA,27,0,3
Time,15,20%,Fastazi-P,0.013605442176870751,2.0,0.8578231292517005,NA,NA,4,0,26
Time,15,20%,Random,0.013605442176870751,2.0,0.03299319727891156,NA,NA,29,0,1
Time,15,25%,Ekstazi,0.013605442176870751,2.0,0.16541950113378684,NA,NA,25,0,5
Time,15,25%,FAST,0.013605442176870751,2.0,0.0,NA,NA,30,0,0
Time,15,25%,Ekstazi+dpt,0.013605442176870751,2.0,0.0,NA,NA,30,0,0
Time,15,25%,DPT,0.013605442176870751,2.0,0.0,NA,NA,30,0,0
Time,15,25%,STARTS,0.006802721088435376,1.0,0.0,NA,NA,30,0,0
Time,15,25%,STARTS+FAST-S,0.006802721088435376,1.0,0.0,NA,NA,30,0,0
Time,15,25%,STARTS+FAST-P,0.006802721088435376,1.0,0.0,NA,NA,30,0,0
Time,15,25%,STARTS+DPT,0.006802721088435376,1.0,0.0,NA,NA,30,0,0
Time,15,25%,Fastazi-S,0.013605442176870751,2.0,0.09965986394557823,NA,NA,27,0,3
Time,15,25%,Fastazi-P,0.013605442176870751,2.0,0.8578231292517005,NA,NA,4,0,26
Time,15,25%,Random,0.013605442176870751,2.0,0.03299319727891156,NA,NA,29,0,1
Time,15,30%,Ekstazi,0.020408163265306135,3.0,0.2964852607709751,NA,NA,21,0,9
Time,15,30%,FAST,0.020408163265306135,3.0,0.0,NA,NA,30,0,0
Time,15,30%,Ekstazi+dpt,0.020408163265306135,3.0,0.0,NA,NA,30,0,0
Time,15,30%,DPT,0.020408163265306135,3.0,0.0,NA,NA,30,0,0
Time,15,30%,STARTS,0.006802721088435376,1.0,0.0,NA,NA,30,0,0
Time,15,30%,STARTS+FAST-S,0.006802721088435376,1.0,0.0,NA,NA,30,0,0
Time,15,30%,STARTS+FAST-P,0.006802721088435376,1.0,0.0,NA,NA,30,0,0
Time,15,30%,STARTS+DPT,0.006802721088435376,1.0,0.0,NA,NA,30,0,0
Time,15,30%,Fastazi-S,0.020408163265306135,3.0,0.3290249433106576,NA,NA,20,0,10
Time,15,30%,Fastazi-P,0.020408163265306135,3.0,0.9888888888888886,2.1333333333333333,0.0145124716553288,0,1,30
Time,15,30%,Random,0.020408163265306135,3.0,0.03299319727891156,NA,NA,29,0,1
Time,15,40%,Ekstazi,0.027210884353741503,4.0,0.36156462585034016,NA,NA,19,0,11
Time,15,40%,FAST,0.027210884353741503,4.0,0.0,NA,NA,30,0,0
Time,15,40%,Ekstazi+dpt,0.027210884353741503,4.0,0.9761904761904755,4.0,0.027210884353741503,0,1,30
Time,15,40%,DPT,0.027210884353741503,4.0,0.0,NA,NA,30,0,0
Time,15,40%,STARTS,0.006802721088435376,1.0,0.0,NA,NA,30,0,0
Time,15,40%,STARTS+FAST-S,0.006802721088435376,1.0,0.0,NA,NA,30,0,0
Time,15,40%,STARTS+FAST-P,0.006802721088435376,1.0,0.0,NA,NA,30,0,0
Time,15,40%,STARTS+DPT,0.006802721088435376,1.0,0.0,NA,NA,30,0,0
Time,15,40%,Fastazi-S,0.027210884353741503,4.0,0.979818594104308,3.466666666666667,0.023582766439909305,0,1,30
Time,15,40%,Fastazi-P,0.027210884353741503,4.0,0.9888888888888886,2.1333333333333333,0.0145124716553288,0,1,30
Time,15,40%,Random,0.027210884353741503,4.0,0.03299319727891156,NA,NA,29,0,1
Time,15,50%,Ekstazi,0.03401360544217689,5.0,0.36156462585034016,NA,NA,19,0,11
Time,15,50%,FAST,0.03401360544217689,5.0,0.0,NA,NA,30,0,0
Time,15,50%,Ekstazi+dpt,0.03401360544217689,5.0,0.9761904761904755,4.0,0.027210884353741503,0,1,30
Time,15,50%,DPT,0.03401360544217689,5.0,0.9693877551020408,5.0,0.03401360544217689,0,1,30
Time,15,50%,STARTS,0.006802721088435376,1.0,0.0,NA,NA,30,0,0
Time,15,50%,STARTS+FAST-S,0.006802721088435376,1.0,0.0,NA,NA,30,0,0
Time,15,50%,STARTS+FAST-P,0.006802721088435376,1.0,0.0,NA,NA,30,0,0
Time,15,50%,STARTS+DPT,0.006802721088435376,1.0,0.0,NA,NA,30,0,0
Time,15,50%,Fastazi-S,0.03401360544217689,5.0,0.979818594104308,3.466666666666667,0.023582766439909305,0,1,30
Time,15,50%,Fastazi-P,0.03401360544217689,5.0,0.9888888888888886,2.1333333333333333,0.0145124716553288,0,1,30
Time,15,50%,Random,0.03401360544217689,5.0,0.03299319727891156,NA,NA,29,0,1
Time,15,60%,Ekstazi,0.04081632653061227,6.0,0.3936507936507937,NA,NA,18,0,12
Time,15,60%,FAST,0.04081632653061227,6.0,0.0,NA,NA,30,0,0
Time,15,60%,Ekstazi+dpt,0.04081632653061227,6.0,0.9761904761904755,4.0,0.027210884353741503,0,1,30
Time,15,60%,DPT,0.04081632653061227,6.0,0.9693877551020408,5.0,0.03401360544217689,0,1,30
Time,15,60%,STARTS,0.006802721088435376,1.0,0.0,NA,NA,30,0,0
Time,15,60%,STARTS+FAST-S,0.006802721088435376,1.0,0.0,NA,NA,30,0,0
Time,15,60%,STARTS+FAST-P,0.006802721088435376,1.0,0.0,NA,NA,30,0,0
Time,15,60%,STARTS+DPT,0.006802721088435376,1.0,0.0,NA,NA,30,0,0
Time,15,60%,Fastazi-S,0.04081632653061227,6.0,0.979818594104308,3.466666666666667,0.023582766439909305,0,1,30
Time,15,60%,Fastazi-P,0.04081632653061227,6.0,0.9888888888888886,2.1333333333333333,0.0145124716553288,0,1,30
Time,15,60%,Random,0.04081632653061227,6.0,0.03299319727891156,NA,NA,29,0,1
Time,15,70%,Ekstazi,0.04761904761904765,7.0,0.5529478458049887,NA,NA,13,0,17
Time,15,70%,FAST,0.04761904761904765,7.0,0.0,NA,NA,30,0,0
Time,15,70%,Ekstazi+dpt,0.04761904761904765,7.0,0.9761904761904755,4.0,0.027210884353741503,0,1,30
Time,15,70%,DPT,0.04761904761904765,7.0,0.9693877551020408,5.0,0.03401360544217689,0,1,30
Time,15,70%,STARTS,0.006802721088435376,1.0,0.0,NA,NA,30,0,0
Time,15,70%,STARTS+FAST-S,0.006802721088435376,1.0,0.0,NA,NA,30,0,0
Time,15,70%,STARTS+FAST-P,0.006802721088435376,1.0,0.0,NA,NA,30,0,0
Time,15,70%,STARTS+DPT,0.006802721088435376,1.0,0.0,NA,NA,30,0,0
Time,15,70%,Fastazi-S,0.04761904761904765,7.0,0.979818594104308,3.466666666666667,0.023582766439909305,0,1,30
Time,15,70%,Fastazi-P,0.04761904761904765,7.0,0.9888888888888886,2.1333333333333333,0.0145124716553288,0,1,30
Time,15,70%,Random,0.04761904761904765,7.0,0.03299319727891156,NA,NA,29,0,1
Time,15,75%,Ekstazi,0.054421768707483005,8.0,0.6478458049886623,NA,NA,10,0,20
Time,15,75%,FAST,0.054421768707483005,8.0,0.0,NA,NA,30,0,0
Time,15,75%,Ekstazi+dpt,0.054421768707483005,8.0,0.9761904761904755,4.0,0.027210884353741503,0,1,30
Time,15,75%,DPT,0.054421768707483005,8.0,0.9693877551020408,5.0,0.03401360544217689,0,1,30
Time,15,75%,STARTS,0.006802721088435376,1.0,0.0,NA,NA,30,0,0
Time,15,75%,STARTS+FAST-S,0.006802721088435376,1.0,0.0,NA,NA,30,0,0
Time,15,75%,STARTS+FAST-P,0.006802721088435376,1.0,0.0,NA,NA,30,0,0
Time,15,75%,STARTS+DPT,0.006802721088435376,1.0,0.0,NA,NA,30,0,0
Time,15,75%,Fastazi-S,0.054421768707483005,8.0,0.979818594104308,3.466666666666667,0.023582766439909305,0,1,30
Time,15,75%,Fastazi-P,0.054421768707483005,8.0,0.9888888888888886,2.1333333333333333,0.0145124716553288,0,1,30
Time,15,75%,Random,0.054421768707483005,8.0,0.06462585034013606,NA,NA,28,0,2
Time,15,80%,Ekstazi,0.054421768707483005,8.0,0.6478458049886623,NA,NA,10,0,20
Time,15,80%,FAST,0.054421768707483005,8.0,0.0,NA,NA,30,0,0
Time,15,80%,Ekstazi+dpt,0.054421768707483005,8.0,0.9761904761904755,4.0,0.027210884353741503,0,1,30
Time,15,80%,DPT,0.054421768707483005,8.0,0.9693877551020408,5.0,0.03401360544217689,0,1,30
Time,15,80%,STARTS,0.006802721088435376,1.0,0.0,NA,NA,30,0,0
Time,15,80%,STARTS+FAST-S,0.006802721088435376,1.0,0.0,NA,NA,30,0,0
Time,15,80%,STARTS+FAST-P,0.006802721088435376,1.0,0.0,NA,NA,30,0,0
Time,15,80%,STARTS+DPT,0.006802721088435376,1.0,0.0,NA,NA,30,0,0
Time,15,80%,Fastazi-S,0.054421768707483005,8.0,0.979818594104308,3.466666666666667,0.023582766439909305,0,1,30
Time,15,80%,Fastazi-P,0.054421768707483005,8.0,0.9888888888888886,2.1333333333333333,0.0145124716553288,0,1,30
Time,15,80%,Random,0.054421768707483005,8.0,0.06462585034013606,NA,NA,28,0,2
Time,15,90%,Ekstazi,0.061224489795918394,9.0,0.7420634920634921,NA,NA,7,0,23
Time,15,90%,FAST,0.061224489795918394,9.0,0.0,NA,NA,30,0,0
Time,15,90%,Ekstazi+dpt,0.061224489795918394,9.0,0.9761904761904755,4.0,0.027210884353741503,0,1,30
Time,15,90%,DPT,0.061224489795918394,9.0,0.9693877551020408,5.0,0.03401360544217689,0,1,30
Time,15,90%,STARTS,0.006802721088435376,1.0,0.0,NA,NA,30,0,0
Time,15,90%,STARTS+FAST-S,0.006802721088435376,1.0,0.0,NA,NA,30,0,0
Time,15,90%,STARTS+FAST-P,0.006802721088435376,1.0,0.0,NA,NA,30,0,0
Time,15,90%,STARTS+DPT,0.006802721088435376,1.0,0.0,NA,NA,30,0,0
Time,15,90%,Fastazi-S,0.061224489795918394,9.0,0.979818594104308,3.466666666666667,0.023582766439909305,0,1,30
Time,15,90%,Fastazi-P,0.061224489795918394,9.0,0.9888888888888886,2.1333333333333333,0.0145124716553288,0,1,30
Time,15,90%,Random,0.061224489795918394,9.0,0.06462585034013606,NA,NA,28,0,2
Time,15,100%,Ekstazi,0.07482993197278913,11.0,0.9596371882086169,6.433333333333334,0.04376417233560091,0,1,30
Time,15,100%,FAST,0.07482993197278913,11.0,0.0,NA,NA,30,0,0
Time,15,100%,Ekstazi+dpt,0.07482993197278913,11.0,0.9761904761904755,4.0,0.027210884353741503,0,1,30
Time,15,100%,DPT,0.07482993197278913,11.0,0.9693877551020408,5.0,0.03401360544217689,0,1,30
Time,15,100%,STARTS,0.006802721088435376,1.0,0.0,NA,NA,30,0,0
Time,15,100%,STARTS+FAST-S,0.006802721088435376,1.0,0.0,NA,NA,30,0,0
Time,15,100%,STARTS+FAST-P,0.006802721088435376,1.0,0.0,NA,NA,30,0,0
Time,15,100%,STARTS+DPT,0.006802721088435376,1.0,0.0,NA,NA,30,0,0
Time,15,100%,Fastazi-S,0.07482993197278913,11.0,0.979818594104308,3.466666666666667,0.023582766439909305,0,1,30
Time,15,100%,Fastazi-P,0.07482993197278913,11.0,0.9888888888888886,2.1333333333333333,0.0145124716553288,0,1,30
Time,15,100%,Random,0.07482993197278913,11.0,0.06462585034013606,NA,NA,28,0,2
Time,16,10%,Ekstazi,0.07482993197278913,11.0,0.06394557823129252,NA,NA,28,0,2
Time,16,10%,FAST,0.07482993197278913,11.0,0.0,NA,NA,30,0,0
Time,16,10%,Ekstazi+dpt,0.07482993197278913,11.0,0.0,NA,NA,30,0,0
Time,16,10%,DPT,0.07482993197278913,11.0,0.0,NA,NA,30,0,0
Time,16,10%,STARTS,0.006802721088435376,1.0,0.0,NA,NA,30,0,0
Time,16,10%,STARTS+FAST-S,0.006802721088435376,1.0,0.0,NA,NA,30,0,0
Time,16,10%,STARTS+FAST-P,0.006802721088435376,1.0,0.0,NA,NA,30,0,0
Time,16,10%,STARTS+DPT,0.006802721088435376,1.0,0.0,NA,NA,30,0,0
Time,16,10%,Fastazi-S,0.07482993197278913,11.0,0.0,NA,NA,30,0,0
Time,16,10%,Fastazi-P,0.07482993197278913,11.0,0.0,NA,NA,30,0,0
Time,16,10%,Random,0.07482993197278913,11.0,0.09285714285714285,NA,NA,27,0,3
Time,16,20%,Ekstazi,0.14965986394557826,22.0,0.15317460317460316,NA,NA,25,0,5
Time,16,20%,FAST,0.14965986394557826,22.0,0.0,NA,NA,30,0,0
Time,16,20%,Ekstazi+dpt,0.14965986394557826,22.0,0.0,NA,NA,30,0,0
Time,16,20%,DPT,0.14965986394557826,22.0,0.0,NA,NA,30,0,0
Time,16,20%,STARTS,0.006802721088435376,1.0,0.0,NA,NA,30,0,0
Time,16,20%,STARTS+FAST-S,0.006802721088435376,1.0,0.0,NA,NA,30,0,0
Time,16,20%,STARTS+FAST-P,0.006802721088435376,1.0,0.0,NA,NA,30,0,0
Time,16,20%,STARTS+DPT,0.006802721088435376,1.0,0.0,NA,NA,30,0,0
Time,16,20%,Fastazi-S,0.14965986394557826,22.0,0.0,NA,NA,30,0,0
Time,16,20%,Fastazi-P,0.14965986394557826,22.0,0.0,NA,NA,30,0,0
Time,16,20%,Random,0.14965986394557826,22.0,0.12312925170068029,NA,NA,26,0,4
Time,16,25%,Ekstazi,0.1904761904761906,28.0,0.15317460317460316,NA,NA,25,0,5
Time,16,25%,FAST,0.1904761904761906,28.0,0.0,NA,NA,30,0,0
Time,16,25%,Ekstazi+dpt,0.1904761904761906,28.0,0.0,NA,NA,30,0,0
Time,16,25%,DPT,0.1904761904761906,28.0,0.0,NA,NA,30,0,0
Time,16,25%,STARTS,0.006802721088435376,1.0,0.0,NA,NA,30,0,0
Time,16,25%,STARTS+FAST-S,0.006802721088435376,1.0,0.0,NA,NA,30,0,0
Time,16,25%,STARTS+FAST-P,0.006802721088435376,1.0,0.0,NA,NA,30,0,0
Time,16,25%,STARTS+DPT,0.006802721088435376,1.0,0.0,NA,NA,30,0,0
Time,16,25%,Fastazi-S,0.1904761904761906,28.0,0.0,NA,NA,30,0,0
Time,16,25%,Fastazi-P,0.1904761904761906,28.0,0.0,NA,NA,30,0,0
Time,16,25%,Random,0.1904761904761906,28.0,0.17891156462585037,NA,NA,24,0,6
Time,16,30%,Ekstazi,0.2312925170068026,34.0,0.23197278911564628,NA,NA,22,0,8
Time,16,30%,FAST,0.2312925170068026,34.0,0.0,NA,NA,30,0,0
Time,16,30%,Ekstazi+dpt,0.2312925170068026,34.0,0.0,NA,NA,30,0,0
Time,16,30%,DPT,0.2312925170068026,34.0,0.0,NA,NA,30,0,0
Time,16,30%,STARTS,0.006802721088435376,1.0,0.0,NA,NA,30,0,0
Time,16,30%,STARTS+FAST-S,0.006802721088435376,1.0,0.0,NA,NA,30,0,0
Time,16,30%,STARTS+FAST-P,0.006802721088435376,1.0,0.0,NA,NA,30,0,0
Time,16,30%,STARTS+DPT,0.006802721088435376,1.0,0.0,NA,NA,30,0,0
Time,16,30%,Fastazi-S,0.2312925170068026,34.0,0.0,NA,NA,30,0,0
Time,16,30%,Fastazi-P,0.2312925170068026,34.0,0.0,NA,NA,30,0,0
Time,16,30%,Random,0.2312925170068026,34.0,0.17891156462585037,NA,NA,24,0,6
Time,16,40%,Ekstazi,0.3061224489795917,45.0,0.3321995464852608,NA,NA,18,0,12
Time,16,40%,FAST,0.3061224489795917,45.0,0.0,NA,NA,30,0,0
Time,16,40%,Ekstazi+dpt,0.3061224489795917,45.0,0.0,NA,NA,30,0,0
Time,16,40%,DPT,0.3061224489795917,45.0,0.0,NA,NA,30,0,0
Time,16,40%,STARTS,0.006802721088435376,1.0,0.0,NA,NA,30,0,0
Time,16,40%,STARTS+FAST-S,0.006802721088435376,1.0,0.0,NA,NA,30,0,0
Time,16,40%,STARTS+FAST-P,0.006802721088435376,1.0,0.0,NA,NA,30,0,0
Time,16,40%,STARTS+DPT,0.006802721088435376,1.0,0.0,NA,NA,30,0,0
Time,16,40%,Fastazi-S,0.3061224489795917,45.0,0.0,NA,NA,30,0,0
Time,16,40%,Fastazi-P,0.3061224489795917,45.0,0.0,NA,NA,30,0,0
Time,16,40%,Random,0.3061224489795917,45.0,0.20215419501133788,NA,NA,23,0,7
Time,16,50%,Ekstazi,0.3877551020408164,57.0,0.3759637188208617,NA,NA,16,0,14
Time,16,50%,FAST,0.3877551020408164,57.0,0.0,NA,NA,30,0,0
Time,16,50%,Ekstazi+dpt,0.3877551020408164,57.0,0.0,NA,NA,30,0,0
Time,16,50%,DPT,0.3877551020408164,57.0,0.0,NA,NA,30,0,0
Time,16,50%,STARTS,0.006802721088435376,1.0,0.0,NA,NA,30,0,0
Time,16,50%,STARTS+FAST-S,0.006802721088435376,1.0,0.0,NA,NA,30,0,0
Time,16,50%,STARTS+FAST-P,0.006802721088435376,1.0,0.0,NA,NA,30,0,0
Time,16,50%,STARTS+DPT,0.006802721088435376,1.0,0.0,NA,NA,30,0,0
Time,16,50%,Fastazi-S,0.3877551020408164,57.0,0.0,NA,NA,30,0,0
Time,16,50%,Fastazi-P,0.3877551020408164,57.0,0.0,NA,NA,30,0,0
Time,16,50%,Random,0.3877551020408164,57.0,0.2680272108843538,NA,NA,20,0,10
Time,16,60%,Ekstazi,0.4625850340136052,68.0,0.45238095238095244,NA,NA,12,0,18
Time,16,60%,FAST,0.4625850340136052,68.0,0.0,NA,NA,30,0,0
Time,16,60%,Ekstazi+dpt,0.4625850340136052,68.0,0.0,NA,NA,30,0,0
Time,16,60%,DPT,0.4625850340136052,68.0,0.0,NA,NA,30,0,0
Time,16,60%,STARTS,0.006802721088435376,1.0,0.0,NA,NA,30,0,0
Time,16,60%,STARTS+FAST-S,0.006802721088435376,1.0,0.0,NA,NA,30,0,0
Time,16,60%,STARTS+FAST-P,0.006802721088435376,1.0,0.0,NA,NA,30,0,0
Time,16,60%,STARTS+DPT,0.006802721088435376,1.0,0.0,NA,NA,30,0,0
Time,16,60%,Fastazi-S,0.4625850340136052,68.0,0.4506802721088433,NA,NA,5,0,25
Time,16,60%,Fastazi-P,0.4625850340136052,68.0,0.5464852607709749,67.16666666666667,0.45691609977324243,0,1,30
Time,16,60%,Random,0.4625850340136052,68.0,0.3077097505668934,NA,NA,18,0,12
Time,16,70%,Ekstazi,0.5374149659863948,79.0,0.5170068027210885,NA,NA,8,0,22
Time,16,70%,FAST,0.5374149659863948,79.0,0.0,NA,NA,30,0,0
Time,16,70%,Ekstazi+dpt,0.5374149659863948,79.0,0.0,NA,NA,30,0,0
Time,16,70%,DPT,0.5374149659863948,79.0,0.0,NA,NA,30,0,0
Time,16,70%,STARTS,0.006802721088435376,1.0,0.0,NA,NA,30,0,0
Time,16,70%,STARTS+FAST-S,0.006802721088435376,1.0,0.0,NA,NA,30,0,0
Time,16,70%,STARTS+FAST-P,0.006802721088435376,1.0,0.0,NA,NA,30,0,0
Time,16,70%,STARTS+DPT,0.006802721088435376,1.0,0.0,NA,NA,30,0,0
Time,16,70%,Fastazi-S,0.5374149659863948,79.0,0.5396825396825394,68.16666666666667,0.46371882086167776,0,1,30
Time,16,70%,Fastazi-P,0.5374149659863948,79.0,0.5464852607709749,67.16666666666667,0.45691609977324243,0,1,30
Time,16,70%,Random,0.5374149659863948,79.0,0.42437641723356,NA,NA,11,0,19
Time,16,75%,Ekstazi,0.5782312925170068,85.0,0.5613378684807256,NA,NA,5,0,25
Time,16,75%,FAST,0.5782312925170068,85.0,0.4444444444444444,82.16666666666667,0.5589569160997729,0,1,30
Time,16,75%,Ekstazi+dpt,0.5782312925170068,85.0,0.15839002267573696,NA,NA,19,0,11
Time,16,75%,DPT,0.5782312925170068,85.0,0.23129251700680273,NA,NA,14,0,16
Time,16,75%,STARTS,0.006802721088435376,1.0,0.0,NA,NA,30,0,0
Time,16,75%,STARTS+FAST-S,0.006802721088435376,1.0,0.0,NA,NA,30,0,0
Time,16,75%,STARTS+FAST-P,0.006802721088435376,1.0,0.0,NA,NA,30,0,0
Time,16,75%,STARTS+DPT,0.006802721088435376,1.0,0.0,NA,NA,30,0,0
Time,16,75%,Fastazi-S,0.5782312925170068,85.0,0.5396825396825394,68.16666666666667,0.46371882086167776,0,1,30
Time,16,75%,Fastazi-P,0.5782312925170068,85.0,0.5464852607709749,67.16666666666667,0.45691609977324243,0,1,30
Time,16,75%,Random,0.5782312925170068,85.0,0.42437641723356,NA,NA,11,0,19
Time,16,80%,Ekstazi,0.619047619047619,91.0,0.6150793650793651,NA,NA,1,0,29
Time,16,80%,FAST,0.619047619047619,91.0,0.4444444444444444,82.16666666666667,0.5589569160997729,0,1,30
Time,16,80%,Ekstazi+dpt,0.619047619047619,91.0,0.42063492063492075,85.66666666666667,0.582766439909297,0,1,30
Time,16,80%,DPT,0.619047619047619,91.0,0.4231292517006804,85.3,0.5802721088435375,0,1,30
Time,16,80%,STARTS,0.006802721088435376,1.0,0.0,NA,NA,30,0,0
Time,16,80%,STARTS+FAST-S,0.006802721088435376,1.0,0.0,NA,NA,30,0,0
Time,16,80%,STARTS+FAST-P,0.006802721088435376,1.0,0.0,NA,NA,30,0,0
Time,16,80%,STARTS+DPT,0.006802721088435376,1.0,0.0,NA,NA,30,0,0
Time,16,80%,Fastazi-S,0.619047619047619,91.0,0.5396825396825394,68.16666666666667,0.46371882086167776,0,1,30
Time,16,80%,Fastazi-P,0.619047619047619,91.0,0.5464852607709749,67.16666666666667,0.45691609977324243,0,1,30
Time,16,80%,Random,0.619047619047619,91.0,0.45204081632653054,NA,NA,9,0,21
Time,16,90%,Ekstazi,0.693877551020408,102.0,0.6150793650793651,NA,NA,1,0,29
Time,16,90%,FAST,0.693877551020408,102.0,0.4444444444444444,82.16666666666667,0.5589569160997729,0,1,30
Time,16,90%,Ekstazi+dpt,0.693877551020408,102.0,0.42063492063492075,85.66666666666667,0.582766439909297,0,1,30
Time,16,90%,DPT,0.693877551020408,102.0,0.4231292517006804,85.3,0.5802721088435375,0,1,30
Time,16,90%,STARTS,0.006802721088435376,1.0,0.0,NA,NA,30,0,0
Time,16,90%,STARTS+FAST-S,0.006802721088435376,1.0,0.0,NA,NA,30,0,0
Time,16,90%,STARTS+FAST-P,0.006802721088435376,1.0,0.0,NA,NA,30,0,0
Time,16,90%,STARTS+DPT,0.006802721088435376,1.0,0.0,NA,NA,30,0,0
Time,16,90%,Fastazi-S,0.693877551020408,102.0,0.5396825396825394,68.16666666666667,0.46371882086167776,0,1,30
Time,16,90%,Fastazi-P,0.693877551020408,102.0,0.5464852607709749,67.16666666666667,0.45691609977324243,0,1,30
Time,16,90%,Random,0.693877551020408,102.0,0.47562358276643985,NA,NA,7,0,23
Time,16,100%,Ekstazi,0.7755102040816328,114.0,0.6238095238095238,55.8,0.3795918367346938,0,1,30
Time,16,100%,FAST,0.7755102040816328,114.0,0.4444444444444444,82.16666666666667,0.5589569160997729,0,1,30
Time,16,100%,Ekstazi+dpt,0.7755102040816328,114.0,0.42063492063492075,85.66666666666667,0.582766439909297,0,1,30
Time,16,100%,DPT,0.7755102040816328,114.0,0.4231292517006804,85.3,0.5802721088435375,0,1,30
Time,16,100%,STARTS,0.006802721088435376,1.0,0.0,NA,NA,30,0,0
Time,16,100%,STARTS+FAST-S,0.006802721088435376,1.0,0.0,NA,NA,30,0,0
Time,16,100%,STARTS+FAST-P,0.006802721088435376,1.0,0.0,NA,NA,30,0,0
Time,16,100%,STARTS+DPT,0.006802721088435376,1.0,0.0,NA,NA,30,0,0
Time,16,100%,Fastazi-S,0.7755102040816328,114.0,0.5396825396825394,68.16666666666667,0.46371882086167776,0,1,30
Time,16,100%,Fastazi-P,0.7755102040816328,114.0,0.5464852607709749,67.16666666666667,0.45691609977324243,0,1,30
Time,16,100%,Random,0.7755102040816328,114.0,0.48503401360544207,NA,NA,6,0,24
Time,17,10%,Ekstazi,0.07482993197278913,11.0,0.16111111111111112,NA,NA,25,0,5
Time,17,10%,FAST,0.07482993197278913,11.0,0.0,NA,NA,30,0,0
Time,17,10%,Ekstazi+dpt,0.07482993197278913,11.0,0.0,NA,NA,30,0,0
Time,17,10%,DPT,0.07482993197278913,11.0,0.0,NA,NA,30,0,0
Time,17,10%,STARTS,0.006802721088435376,1.0,0.0,NA,NA,30,0,0
Time,17,10%,STARTS+FAST-S,0.006802721088435376,1.0,0.0,NA,NA,30,0,0
Time,17,10%,STARTS+FAST-P,0.006802721088435376,1.0,0.0,NA,NA,30,0,0
Time,17,10%,STARTS+DPT,0.006802721088435376,1.0,0.0,NA,NA,30,0,0
Time,17,10%,Fastazi-S,0.07482993197278913,11.0,0.0,NA,NA,30,0,0
Time,17,10%,Fastazi-P,0.07482993197278913,11.0,0.0,NA,NA,30,0,0
Time,17,10%,Random,0.07482993197278913,11.0,0.22619047619047616,NA,NA,23,0,7
Time,17,20%,Ekstazi,0.14965986394557826,22.0,0.27947845804988664,NA,NA,21,0,9
Time,17,20%,FAST,0.14965986394557826,22.0,0.0,NA,NA,30,0,0
Time,17,20%,Ekstazi+dpt,0.14965986394557826,22.0,0.0,NA,NA,30,0,0
Time,17,20%,DPT,0.14965986394557826,22.0,0.0,NA,NA,30,0,0
Time,17,20%,STARTS,0.006802721088435376,1.0,0.0,NA,NA,30,0,0
Time,17,20%,STARTS+FAST-S,0.006802721088435376,1.0,0.0,NA,NA,30,0,0
Time,17,20%,STARTS+FAST-P,0.006802721088435376,1.0,0.0,NA,NA,30,0,0
Time,17,20%,STARTS+DPT,0.006802721088435376,1.0,0.0,NA,NA,30,0,0
Time,17,20%,Fastazi-S,0.14965986394557826,22.0,0.0,NA,NA,30,0,0
Time,17,20%,Fastazi-P,0.14965986394557826,22.0,0.0,NA,NA,30,0,0
Time,17,20%,Random,0.14965986394557826,22.0,0.40532879818594103,NA,NA,17,0,13
Time,17,25%,Ekstazi,0.1904761904761906,28.0,0.3072562358276644,NA,NA,20,0,10
Time,17,25%,FAST,0.1904761904761906,28.0,0.0,NA,NA,30,0,0
Time,17,25%,Ekstazi+dpt,0.1904761904761906,28.0,0.0,NA,NA,30,0,0
Time,17,25%,DPT,0.1904761904761906,28.0,0.0,NA,NA,30,0,0
Time,17,25%,STARTS,0.006802721088435376,1.0,0.0,NA,NA,30,0,0
Time,17,25%,STARTS+FAST-S,0.006802721088435376,1.0,0.0,NA,NA,30,0,0
Time,17,25%,STARTS+FAST-P,0.006802721088435376,1.0,0.0,NA,NA,30,0,0
Time,17,25%,STARTS+DPT,0.006802721088435376,1.0,0.0,NA,NA,30,0,0
Time,17,25%,Fastazi-S,0.1904761904761906,28.0,0.0,NA,NA,30,0,0
Time,17,25%,Fastazi-P,0.1904761904761906,28.0,0.0,NA,NA,30,0,0
Time,17,25%,Random,0.1904761904761906,28.0,0.5159863945578231,NA,NA,13,0,17
Time,17,30%,Ekstazi,0.22448979591836718,33.0,0.33367346938775516,NA,NA,19,0,11
Time,17,30%,FAST,0.22448979591836718,33.0,0.0,NA,NA,30,0,0
Time,17,30%,Ekstazi+dpt,0.22448979591836718,33.0,0.0,NA,NA,30,0,0
Time,17,30%,DPT,0.22448979591836718,33.0,0.0,NA,NA,30,0,0
Time,17,30%,STARTS,0.006802721088435376,1.0,0.0,NA,NA,30,0,0
Time,17,30%,STARTS+FAST-S,0.006802721088435376,1.0,0.0,NA,NA,30,0,0
Time,17,30%,STARTS+FAST-P,0.006802721088435376,1.0,0.0,NA,NA,30,0,0
Time,17,30%,STARTS+DPT,0.006802721088435376,1.0,0.0,NA,NA,30,0,0
Time,17,30%,Fastazi-S,0.22448979591836718,33.0,0.0,NA,NA,30,0,0
Time,17,30%,Fastazi-P,0.22448979591836718,33.0,0.025963718820861677,NA,NA,29,0,1
Time,17,30%,Random,0.22448979591836718,33.0,0.5692743764172336,NA,NA,11,0,19
Time,17,40%,Ekstazi,0.2993197278911565,44.0,0.4817460317460318,NA,NA,13,0,17
Time,17,40%,FAST,0.2993197278911565,44.0,0.4693877551020407,NA,NA,10,0,20
Time,17,40%,Ekstazi+dpt,0.2993197278911565,44.0,0.7721088435374147,34.0,0.2312925170068026,0,1,30
Time,17,40%,DPT,0.2993197278911565,44.0,0.7721088435374147,34.0,0.2312925170068026,0,1,30
Time,17,40%,STARTS,0.006802721088435376,1.0,0.0,NA,NA,30,0,0
Time,17,40%,STARTS+FAST-S,0.006802721088435376,1.0,0.0,NA,NA,30,0,0
Time,17,40%,STARTS+FAST-P,0.006802721088435376,1.0,0.0,NA,NA,30,0,0
Time,17,40%,STARTS+DPT,0.006802721088435376,1.0,0.0,NA,NA,30,0,0
Time,17,40%,Fastazi-S,0.2993197278911565,44.0,0.7621315192743766,35.46666666666667,0.2412698412698413,0,1,30
Time,17,40%,Fastazi-P,0.2993197278911565,44.0,0.7693877551020406,34.4,0.2340136054421768,0,1,30
Time,17,40%,Random,0.2993197278911565,44.0,0.6672335600907028,NA,NA,7,0,23
Time,17,50%,Ekstazi,0.3809523809523812,56.0,0.5469387755102042,NA,NA,10,0,20
Time,17,50%,FAST,0.3809523809523812,56.0,0.7002267573696144,44.56666666666667,0.3031746031746031,0,1,30
Time,17,50%,Ekstazi+dpt,0.3809523809523812,56.0,0.7721088435374147,34.0,0.2312925170068026,0,1,30
Time,17,50%,DPT,0.3809523809523812,56.0,0.7721088435374147,34.0,0.2312925170068026,0,1,30
Time,17,50%,STARTS,0.006802721088435376,1.0,0.0,NA,NA,30,0,0
Time,17,50%,STARTS+FAST-S,0.006802721088435376,1.0,0.0,NA,NA,30,0,0
Time,17,50%,STARTS+FAST-P,0.006802721088435376,1.0,0.0,NA,NA,30,0,0
Time,17,50%,STARTS+DPT,0.006802721088435376,1.0,0.0,NA,NA,30,0,0
Time,17,50%,Fastazi-S,0.3809523809523812,56.0,0.7621315192743766,35.46666666666667,0.2412698412698413,0,1,30
Time,17,50%,Fastazi-P,0.3809523809523812,56.0,0.7693877551020406,34.4,0.2340136054421768,0,1,30
Time,17,50%,Random,0.3809523809523812,56.0,0.7098639455782314,NA,NA,5,0,25
Time,17,60%,Ekstazi,0.45578231292516985,67.0,0.647732426303855,NA,NA,5,0,25
Time,17,60%,FAST,0.45578231292516985,67.0,0.7002267573696144,44.56666666666667,0.3031746031746031,0,1,30
Time,17,60%,Ekstazi+dpt,0.45578231292516985,67.0,0.7721088435374147,34.0,0.2312925170068026,0,1,30
Time,17,60%,DPT,0.45578231292516985,67.0,0.7721088435374147,34.0,0.2312925170068026,0,1,30
Time,17,60%,STARTS,0.006802721088435376,1.0,0.0,NA,NA,30,0,0
Time,17,60%,STARTS+FAST-S,0.006802721088435376,1.0,0.0,NA,NA,30,0,0
Time,17,60%,STARTS+FAST-P,0.006802721088435376,1.0,0.0,NA,NA,30,0,0
Time,17,60%,STARTS+DPT,0.006802721088435376,1.0,0.0,NA,NA,30,0,0
Time,17,60%,Fastazi-S,0.45578231292516985,67.0,0.7621315192743766,35.46666666666667,0.2412698412698413,0,1,30
Time,17,60%,Fastazi-P,0.45578231292516985,67.0,0.7693877551020406,34.4,0.2340136054421768,0,1,30
Time,17,60%,Random,0.45578231292516985,67.0,0.7297052154195013,NA,NA,4,0,26
Time,17,70%,Ekstazi,0.5306122448979592,78.0,0.7011337868480727,NA,NA,2,0,28
Time,17,70%,FAST,0.5306122448979592,78.0,0.7002267573696144,44.56666666666667,0.3031746031746031,0,1,30
Time,17,70%,Ekstazi+dpt,0.5306122448979592,78.0,0.7721088435374147,34.0,0.2312925170068026,0,1,30
Time,17,70%,DPT,0.5306122448979592,78.0,0.7721088435374147,34.0,0.2312925170068026,0,1,30
Time,17,70%,STARTS,0.006802721088435376,1.0,0.0,NA,NA,30,0,0
Time,17,70%,STARTS+FAST-S,0.006802721088435376,1.0,0.0,NA,NA,30,0,0
Time,17,70%,STARTS+FAST-P,0.006802721088435376,1.0,0.0,NA,NA,30,0,0
Time,17,70%,STARTS+DPT,0.006802721088435376,1.0,0.0,NA,NA,30,0,0
Time,17,70%,Fastazi-S,0.5306122448979592,78.0,0.7621315192743766,35.46666666666667,0.2412698412698413,0,1,30
Time,17,70%,Fastazi-P,0.5306122448979592,78.0,0.7693877551020406,34.4,0.2340136054421768,0,1,30
Time,17,70%,Random,0.5306122448979592,78.0,0.7465986394557824,NA,NA,3,0,27
Time,17,75%,Ekstazi,0.5714285714285713,84.0,0.7164399092970523,NA,NA,1,0,29
Time,17,75%,FAST,0.5714285714285713,84.0,0.7002267573696144,44.56666666666667,0.3031746031746031,0,1,30
Time,17,75%,Ekstazi+dpt,0.5714285714285713,84.0,0.7721088435374147,34.0,0.2312925170068026,0,1,30
Time,17,75%,DPT,0.5714285714285713,84.0,0.7721088435374147,34.0,0.2312925170068026,0,1,30
Time,17,75%,STARTS,0.006802721088435376,1.0,0.0,NA,NA,30,0,0
Time,17,75%,STARTS+FAST-S,0.006802721088435376,1.0,0.0,NA,NA,30,0,0
Time,17,75%,STARTS+FAST-P,0.006802721088435376,1.0,0.0,NA,NA,30,0,0
Time,17,75%,STARTS+DPT,0.006802721088435376,1.0,0.0,NA,NA,30,0,0
Time,17,75%,Fastazi-S,0.5714285714285713,84.0,0.7621315192743766,35.46666666666667,0.2412698412698413,0,1,30
Time,17,75%,Fastazi-P,0.5714285714285713,84.0,0.7693877551020406,34.4,0.2340136054421768,0,1,30
Time,17,75%,Random,0.5714285714285713,84.0,0.7465986394557824,NA,NA,3,0,27
Time,17,80%,Ekstazi,0.6054421768707487,89.0,0.7164399092970523,NA,NA,1,0,29
Time,17,80%,FAST,0.6054421768707487,89.0,0.7002267573696144,44.56666666666667,0.3031746031746031,0,1,30
Time,17,80%,Ekstazi+dpt,0.6054421768707487,89.0,0.7721088435374147,34.0,0.2312925170068026,0,1,30
Time,17,80%,DPT,0.6054421768707487,89.0,0.7721088435374147,34.0,0.2312925170068026,0,1,30
Time,17,80%,STARTS,0.006802721088435376,1.0,0.0,NA,NA,30,0,0
Time,17,80%,STARTS+FAST-S,0.006802721088435376,1.0,0.0,NA,NA,30,0,0
Time,17,80%,STARTS+FAST-P,0.006802721088435376,1.0,0.0,NA,NA,30,0,0
Time,17,80%,STARTS+DPT,0.006802721088435376,1.0,0.0,NA,NA,30,0,0
Time,17,80%,Fastazi-S,0.6054421768707487,89.0,0.7621315192743766,35.46666666666667,0.2412698412698413,0,1,30
Time,17,80%,Fastazi-P,0.6054421768707487,89.0,0.7693877551020406,34.4,0.2340136054421768,0,1,30
Time,17,80%,Random,0.6054421768707487,89.0,0.7600907029478459,NA,NA,2,0,28
Time,17,90%,Ekstazi,0.6802721088435377,100.0,0.7290249433106576,40.333333333333336,0.27437641723356004,0,1,30
Time,17,90%,FAST,0.6802721088435377,100.0,0.7002267573696144,44.56666666666667,0.3031746031746031,0,1,30
Time,17,90%,Ekstazi+dpt,0.6802721088435377,100.0,0.7721088435374147,34.0,0.2312925170068026,0,1,30
Time,17,90%,DPT,0.6802721088435377,100.0,0.7721088435374147,34.0,0.2312925170068026,0,1,30
Time,17,90%,STARTS,0.006802721088435376,1.0,0.0,NA,NA,30,0,0
Time,17,90%,STARTS+FAST-S,0.006802721088435376,1.0,0.0,NA,NA,30,0,0
Time,17,90%,STARTS+FAST-P,0.006802721088435376,1.0,0.0,NA,NA,30,0,0
Time,17,90%,STARTS+DPT,0.006802721088435376,1.0,0.0,NA,NA,30,0,0
Time,17,90%,Fastazi-S,0.6802721088435377,100.0,0.7621315192743766,35.46666666666667,0.2412698412698413,0,1,30
Time,17,90%,Fastazi-P,0.6802721088435377,100.0,0.7693877551020406,34.4,0.2340136054421768,0,1,30
Time,17,90%,Random,0.6802721088435377,100.0,0.7600907029478459,NA,NA,2,0,28
Time,17,100%,Ekstazi,0.7619047619047624,112.0,0.7290249433106576,40.333333333333336,0.27437641723356004,0,1,30
Time,17,100%,FAST,0.7619047619047624,112.0,0.7002267573696144,44.56666666666667,0.3031746031746031,0,1,30
Time,17,100%,Ekstazi+dpt,0.7619047619047624,112.0,0.7721088435374147,34.0,0.2312925170068026,0,1,30
Time,17,100%,DPT,0.7619047619047624,112.0,0.7721088435374147,34.0,0.2312925170068026,0,1,30
Time,17,100%,STARTS,0.006802721088435376,1.0,0.0,NA,NA,30,0,0
Time,17,100%,STARTS+FAST-S,0.006802721088435376,1.0,0.0,NA,NA,30,0,0
Time,17,100%,STARTS+FAST-P,0.006802721088435376,1.0,0.0,NA,NA,30,0,0
Time,17,100%,STARTS+DPT,0.006802721088435376,1.0,0.0,NA,NA,30,0,0
Time,17,100%,Fastazi-S,0.7619047619047624,112.0,0.7621315192743766,35.46666666666667,0.2412698412698413,0,1,30
Time,17,100%,Fastazi-P,0.7619047619047624,112.0,0.7693877551020406,34.4,0.2340136054421768,0,1,30
Time,17,100%,Random,0.7619047619047624,112.0,0.7695011337868481,NA,NA,1,0,29
Time,18,10%,Ekstazi,0.07482993197278913,11.0,0.15997732426303854,NA,NA,25,0,5
Time,18,10%,FAST,0.07482993197278913,11.0,0.0,NA,NA,30,0,0
Time,18,10%,Ekstazi+dpt,0.07482993197278913,11.0,0.0,NA,NA,30,0,0
Time,18,10%,DPT,0.07482993197278913,11.0,0.0,NA,NA,30,0,0
Time,18,10%,STARTS,0.006802721088435376,1.0,0.0,NA,NA,30,0,0
Time,18,10%,STARTS+FAST-S,0.006802721088435376,1.0,0.0,NA,NA,30,0,0
Time,18,10%,STARTS+FAST-P,0.006802721088435376,1.0,0.0,NA,NA,30,0,0
Time,18,10%,STARTS+DPT,0.006802721088435376,1.0,0.0,NA,NA,30,0,0
Time,18,10%,Fastazi-S,0.07482993197278913,11.0,0.033219954648526076,NA,NA,29,0,1
Time,18,10%,Fastazi-P,0.07482993197278913,11.0,0.0,NA,NA,30,0,0
Time,18,10%,Random,0.07482993197278913,11.0,0.0,NA,NA,30,0,0
Time,18,20%,Ekstazi,0.15646258503401358,23.0,0.18866213151927436,NA,NA,24,0,6
Time,18,20%,FAST,0.15646258503401358,23.0,0.0,NA,NA,30,0,0
Time,18,20%,Ekstazi+dpt,0.15646258503401358,23.0,0.8784580498866211,18.366666666666667,0.12494331065759638,0,1,30
Time,18,20%,DPT,0.15646258503401358,23.0,0.8775510204081631,18.5,0.1258503401360544,0,1,30
Time,18,20%,STARTS,0.006802721088435376,1.0,0.0,NA,NA,30,0,0
Time,18,20%,STARTS+FAST-S,0.006802721088435376,1.0,0.0,NA,NA,30,0,0
Time,18,20%,STARTS+FAST-P,0.006802721088435376,1.0,0.0,NA,NA,30,0,0
Time,18,20%,STARTS+DPT,0.006802721088435376,1.0,0.0,NA,NA,30,0,0
Time,18,20%,Fastazi-S,0.15646258503401358,23.0,0.033219954648526076,NA,NA,29,0,1
Time,18,20%,Fastazi-P,0.15646258503401358,23.0,0.0,NA,NA,30,0,0
Time,18,20%,Random,0.15646258503401358,23.0,0.08764172335600907,NA,NA,27,0,3
Time,18,25%,Ekstazi,0.1972789115646257,29.0,0.2713151927437642,NA,NA,21,0,9
Time,18,25%,FAST,0.1972789115646257,29.0,0.0,NA,NA,30,0,0
Time,18,25%,Ekstazi+dpt,0.1972789115646257,29.0,0.8784580498866211,18.366666666666667,0.12494331065759638,0,1,30
Time,18,25%,DPT,0.1972789115646257,29.0,0.8775510204081631,18.5,0.1258503401360544,0,1,30
Time,18,25%,STARTS,0.006802721088435376,1.0,0.0,NA,NA,30,0,0
Time,18,25%,STARTS+FAST-S,0.006802721088435376,1.0,0.0,NA,NA,30,0,0
Time,18,25%,STARTS+FAST-P,0.006802721088435376,1.0,0.0,NA,NA,30,0,0
Time,18,25%,STARTS+DPT,0.006802721088435376,1.0,0.0,NA,NA,30,0,0
Time,18,25%,Fastazi-S,0.1972789115646257,29.0,0.033219954648526076,NA,NA,29,0,1
Time,18,25%,Fastazi-P,0.1972789115646257,29.0,0.0,NA,NA,30,0,0
Time,18,25%,Random,0.1972789115646257,29.0,0.16938775510204082,NA,NA,24,0,6
Time,18,30%,Ekstazi,0.2312925170068026,34.0,0.2972789115646258,NA,NA,20,0,10
Time,18,30%,FAST,0.2312925170068026,34.0,0.0,NA,NA,30,0,0
Time,18,30%,Ekstazi+dpt,0.2312925170068026,34.0,0.8784580498866211,18.366666666666667,0.12494331065759638,0,1,30
Time,18,30%,DPT,0.2312925170068026,34.0,0.8775510204081631,18.5,0.1258503401360544,0,1,30
Time,18,30%,STARTS,0.006802721088435376,1.0,0.0,NA,NA,30,0,0
Time,18,30%,STARTS+FAST-S,0.006802721088435376,1.0,0.0,NA,NA,30,0,0
Time,18,30%,STARTS+FAST-P,0.006802721088435376,1.0,0.0,NA,NA,30,0,0
Time,18,30%,STARTS+DPT,0.006802721088435376,1.0,0.0,NA,NA,30,0,0
Time,18,30%,Fastazi-S,0.2312925170068026,34.0,0.033219954648526076,NA,NA,29,0,1
Time,18,30%,Fastazi-P,0.2312925170068026,34.0,0.0,NA,NA,30,0,0
Time,18,30%,Random,0.2312925170068026,34.0,0.19557823129251703,NA,NA,23,0,7
Time,18,40%,Ekstazi,0.31292517006802717,46.0,0.37267573696145123,NA,NA,17,0,13
Time,18,40%,FAST,0.31292517006802717,46.0,0.0,NA,NA,30,0,0
Time,18,40%,Ekstazi+dpt,0.31292517006802717,46.0,0.8784580498866211,18.366666666666667,0.12494331065759638,0,1,30
Time,18,40%,DPT,0.31292517006802717,46.0,0.8775510204081631,18.5,0.1258503401360544,0,1,30
Time,18,40%,STARTS,0.006802721088435376,1.0,0.0,NA,NA,30,0,0
Time,18,40%,STARTS+FAST-S,0.006802721088435376,1.0,0.0,NA,NA,30,0,0
Time,18,40%,STARTS+FAST-P,0.006802721088435376,1.0,0.0,NA,NA,30,0,0
Time,18,40%,STARTS+DPT,0.006802721088435376,1.0,0.0,NA,NA,30,0,0
Time,18,40%,Fastazi-S,0.31292517006802717,46.0,0.7183673469387756,41.9,0.2850340136054422,0,1,30
Time,18,40%,Fastazi-P,0.31292517006802717,46.0,0.714965986394558,42.4,0.2884353741496598,0,1,30
Time,18,40%,Random,0.31292517006802717,46.0,0.24546485260770978,NA,NA,21,0,9
Time,18,50%,Ekstazi,0.3945578231292514,58.0,0.41757369614512474,NA,NA,15,0,15
Time,18,50%,FAST,0.3945578231292514,58.0,0.653968253968254,51.36666666666667,0.34943310657596366,0,1,30
Time,18,50%,Ekstazi+dpt,0.3945578231292514,58.0,0.8784580498866211,18.366666666666667,0.12494331065759638,0,1,30
Time,18,50%,DPT,0.3945578231292514,58.0,0.8775510204081631,18.5,0.1258503401360544,0,1,30
Time,18,50%,STARTS,0.006802721088435376,1.0,0.0,NA,NA,30,0,0
Time,18,50%,STARTS+FAST-S,0.006802721088435376,1.0,0.0,NA,NA,30,0,0
Time,18,50%,STARTS+FAST-P,0.006802721088435376,1.0,0.0,NA,NA,30,0,0
Time,18,50%,STARTS+DPT,0.006802721088435376,1.0,0.0,NA,NA,30,0,0
Time,18,50%,Fastazi-S,0.3945578231292514,58.0,0.7183673469387756,41.9,0.2850340136054422,0,1,30
Time,18,50%,Fastazi-P,0.3945578231292514,58.0,0.714965986394558,42.4,0.2884353741496598,0,1,30
Time,18,50%,Random,0.3945578231292514,58.0,0.24546485260770978,NA,NA,21,0,9
Time,18,60%,Ekstazi,0.4693877551020407,69.0,0.4755102040816327,NA,NA,12,0,18
Time,18,60%,FAST,0.4693877551020407,69.0,0.653968253968254,51.36666666666667,0.34943310657596366,0,1,30
Time,18,60%,Ekstazi+dpt,0.4693877551020407,69.0,0.8784580498866211,18.366666666666667,0.12494331065759638,0,1,30
Time,18,60%,DPT,0.4693877551020407,69.0,0.8775510204081631,18.5,0.1258503401360544,0,1,30
Time,18,60%,STARTS,0.006802721088435376,1.0,0.0,NA,NA,30,0,0
Time,18,60%,STARTS+FAST-S,0.006802721088435376,1.0,0.0,NA,NA,30,0,0
Time,18,60%,STARTS+FAST-P,0.006802721088435376,1.0,0.0,NA,NA,30,0,0
Time,18,60%,STARTS+DPT,0.006802721088435376,1.0,0.0,NA,NA,30,0,0
Time,18,60%,Fastazi-S,0.4693877551020407,69.0,0.7183673469387756,41.9,0.2850340136054422,0,1,30
Time,18,60%,Fastazi-P,0.4693877551020407,69.0,0.714965986394558,42.4,0.2884353741496598,0,1,30
Time,18,60%,Random,0.4693877551020407,69.0,0.3034013605442177,NA,NA,18,0,12
Time,18,70%,Ekstazi,0.5510204081632648,81.0,0.5250566893424037,NA,NA,9,0,21
Time,18,70%,FAST,0.5510204081632648,81.0,0.653968253968254,51.36666666666667,0.34943310657596366,0,1,30
Time,18,70%,Ekstazi+dpt,0.5510204081632648,81.0,0.8784580498866211,18.366666666666667,0.12494331065759638,0,1,30
Time,18,70%,DPT,0.5510204081632648,81.0,0.8775510204081631,18.5,0.1258503401360544,0,1,30
Time,18,70%,STARTS,0.006802721088435376,1.0,0.0,NA,NA,30,0,0
Time,18,70%,STARTS+FAST-S,0.006802721088435376,1.0,0.0,NA,NA,30,0,0
Time,18,70%,STARTS+FAST-P,0.006802721088435376,1.0,0.0,NA,NA,30,0,0
Time,18,70%,STARTS+DPT,0.006802721088435376,1.0,0.0,NA,NA,30,0,0
Time,18,70%,Fastazi-S,0.5510204081632648,81.0,0.7183673469387756,41.9,0.2850340136054422,0,1,30
Time,18,70%,Fastazi-P,0.5510204081632648,81.0,0.714965986394558,42.4,0.2884353741496598,0,1,30
Time,18,70%,Random,0.5510204081632648,81.0,0.37188208616780044,NA,NA,14,0,16
Time,18,75%,Ekstazi,0.5918367346938779,87.0,0.5394557823129252,NA,NA,8,0,22
Time,18,75%,FAST,0.5918367346938779,87.0,0.653968253968254,51.36666666666667,0.34943310657596366,0,1,30
Time,18,75%,Ekstazi+dpt,0.5918367346938779,87.0,0.8784580498866211,18.366666666666667,0.12494331065759638,0,1,30
Time,18,75%,DPT,0.5918367346938779,87.0,0.8775510204081631,18.5,0.1258503401360544,0,1,30
Time,18,75%,STARTS,0.006802721088435376,1.0,0.0,NA,NA,30,0,0
Time,18,75%,STARTS+FAST-S,0.006802721088435376,1.0,0.0,NA,NA,30,0,0
Time,18,75%,STARTS+FAST-P,0.006802721088435376,1.0,0.0,NA,NA,30,0,0
Time,18,75%,STARTS+DPT,0.006802721088435376,1.0,0.0,NA,NA,30,0,0
Time,18,75%,Fastazi-S,0.5918367346938779,87.0,0.7183673469387756,41.9,0.2850340136054422,0,1,30
Time,18,75%,Fastazi-P,0.5918367346938779,87.0,0.714965986394558,42.4,0.2884353741496598,0,1,30
Time,18,75%,Random,0.5918367346938779,87.0,0.41485260770975063,NA,NA,11,0,19
Time,18,80%,Ekstazi,0.6258503401360543,92.0,0.5529478458049887,NA,NA,7,0,23
Time,18,80%,FAST,0.6258503401360543,92.0,0.653968253968254,51.36666666666667,0.34943310657596366,0,1,30
Time,18,80%,Ekstazi+dpt,0.6258503401360543,92.0,0.8784580498866211,18.366666666666667,0.12494331065759638,0,1,30
Time,18,80%,DPT,0.6258503401360543,92.0,0.8775510204081631,18.5,0.1258503401360544,0,1,30
Time,18,80%,STARTS,0.006802721088435376,1.0,0.0,NA,NA,30,0,0
Time,18,80%,STARTS+FAST-S,0.006802721088435376,1.0,0.0,NA,NA,30,0,0
Time,18,80%,STARTS+FAST-P,0.006802721088435376,1.0,0.0,NA,NA,30,0,0
Time,18,80%,STARTS+DPT,0.006802721088435376,1.0,0.0,NA,NA,30,0,0
Time,18,80%,Fastazi-S,0.6258503401360543,92.0,0.7183673469387756,41.9,0.2850340136054422,0,1,30
Time,18,80%,Fastazi-P,0.6258503401360543,92.0,0.714965986394558,42.4,0.2884353741496598,0,1,30
Time,18,80%,Random,0.6258503401360543,92.0,0.41485260770975063,NA,NA,11,0,19
Time,18,90%,Ekstazi,0.707482993197279,104.0,0.6108843537414965,NA,NA,2,0,28
Time,18,90%,FAST,0.707482993197279,104.0,0.653968253968254,51.36666666666667,0.34943310657596366,0,1,30
Time,18,90%,Ekstazi+dpt,0.707482993197279,104.0,0.8784580498866211,18.366666666666667,0.12494331065759638,0,1,30
Time,18,90%,DPT,0.707482993197279,104.0,0.8775510204081631,18.5,0.1258503401360544,0,1,30
Time,18,90%,STARTS,0.006802721088435376,1.0,0.0,NA,NA,30,0,0
Time,18,90%,STARTS+FAST-S,0.006802721088435376,1.0,0.0,NA,NA,30,0,0
Time,18,90%,STARTS+FAST-P,0.006802721088435376,1.0,0.0,NA,NA,30,0,0
Time,18,90%,STARTS+DPT,0.006802721088435376,1.0,0.0,NA,NA,30,0,0
Time,18,90%,Fastazi-S,0.707482993197279,104.0,0.7183673469387756,41.9,0.2850340136054422,0,1,30
Time,18,90%,Fastazi-P,0.707482993197279,104.0,0.714965986394558,42.4,0.2884353741496598,0,1,30
Time,18,90%,Random,0.707482993197279,104.0,0.41485260770975063,NA,NA,11,0,19
Time,18,100%,Ekstazi,0.7891156462585028,116.0,0.6276643990929706,55.233333333333334,0.37573696145124713,0,1,30
Time,18,100%,FAST,0.7891156462585028,116.0,0.653968253968254,51.36666666666667,0.34943310657596366,0,1,30
Time,18,100%,Ekstazi+dpt,0.7891156462585028,116.0,0.8784580498866211,18.366666666666667,0.12494331065759638,0,1,30
Time,18,100%,DPT,0.7891156462585028,116.0,0.8775510204081631,18.5,0.1258503401360544,0,1,30
Time,18,100%,STARTS,0.006802721088435376,1.0,0.0,NA,NA,30,0,0
Time,18,100%,STARTS+FAST-S,0.006802721088435376,1.0,0.0,NA,NA,30,0,0
Time,18,100%,STARTS+FAST-P,0.006802721088435376,1.0,0.0,NA,NA,30,0,0
Time,18,100%,STARTS+DPT,0.006802721088435376,1.0,0.0,NA,NA,30,0,0
Time,18,100%,Fastazi-S,0.7891156462585028,116.0,0.7183673469387756,41.9,0.2850340136054422,0,1,30
Time,18,100%,Fastazi-P,0.7891156462585028,116.0,0.714965986394558,42.4,0.2884353741496598,0,1,30
Time,18,100%,Random,0.7891156462585028,116.0,0.4314058956916099,NA,NA,9,0,21
Time,19,10%,Ekstazi,0.020408163265306135,3.0,0.2650793650793651,NA,NA,22,0,8
Time,19,10%,FAST,0.020408163265306135,3.0,0.033219954648526076,NA,NA,29,0,1
Time,19,10%,Ekstazi+dpt,0.020408163265306135,3.0,0.0,NA,NA,30,0,0
Time,19,10%,DPT,0.020408163265306135,3.0,0.0,NA,NA,30,0,0
Time,19,10%,STARTS,0.006802721088435376,1.0,0.0,NA,NA,30,0,0
Time,19,10%,STARTS+FAST-S,0.006802721088435376,1.0,0.0,NA,NA,30,0,0
Time,19,10%,STARTS+FAST-P,0.006802721088435376,1.0,0.0,NA,NA,30,0,0
Time,19,10%,STARTS+DPT,0.006802721088435376,1.0,0.0,NA,NA,30,0,0
Time,19,10%,Fastazi-S,0.020408163265306135,3.0,0.1328798185941043,NA,NA,26,0,4
Time,19,10%,Fastazi-P,0.020408163265306135,3.0,0.033219954648526076,NA,NA,29,0,1
Time,19,10%,Random,0.020408163265306135,3.0,0.03299319727891156,NA,NA,29,0,1
Time,19,20%,Ekstazi,0.04081632653061227,6.0,0.39455782312925175,NA,NA,18,0,12
Time,19,20%,FAST,0.04081632653061227,6.0,0.033219954648526076,NA,NA,29,0,1
Time,19,20%,Ekstazi+dpt,0.04081632653061227,6.0,0.0,NA,NA,30,0,0
Time,19,20%,DPT,0.04081632653061227,6.0,0.0,NA,NA,30,0,0
Time,19,20%,STARTS,0.006802721088435376,1.0,0.0,NA,NA,30,0,0
Time,19,20%,STARTS+FAST-S,0.006802721088435376,1.0,0.0,NA,NA,30,0,0
Time,19,20%,STARTS+FAST-P,0.006802721088435376,1.0,0.0,NA,NA,30,0,0
Time,19,20%,STARTS+DPT,0.006802721088435376,1.0,0.0,NA,NA,30,0,0
Time,19,20%,Fastazi-S,0.04081632653061227,6.0,0.1328798185941043,NA,NA,26,0,4
Time,19,20%,Fastazi-P,0.04081632653061227,6.0,0.033219954648526076,NA,NA,29,0,1
Time,19,20%,Random,0.04081632653061227,6.0,0.0655328798185941,NA,NA,28,0,2
Time,19,25%,Ekstazi,0.054421768707483005,8.0,0.4261904761904763,NA,NA,17,0,13
Time,19,25%,FAST,0.054421768707483005,8.0,0.033219954648526076,NA,NA,29,0,1
Time,19,25%,Ekstazi+dpt,0.054421768707483005,8.0,0.0,NA,NA,30,0,0
Time,19,25%,DPT,0.054421768707483005,8.0,0.0,NA,NA,30,0,0
Time,19,25%,STARTS,0.006802721088435376,1.0,0.0,NA,NA,30,0,0
Time,19,25%,STARTS+FAST-S,0.006802721088435376,1.0,0.0,NA,NA,30,0,0
Time,19,25%,STARTS+FAST-P,0.006802721088435376,1.0,0.0,NA,NA,30,0,0
Time,19,25%,STARTS+DPT,0.006802721088435376,1.0,0.0,NA,NA,30,0,0
Time,19,25%,Fastazi-S,0.054421768707483005,8.0,0.8934240362811796,NA,NA,2,0,28
Time,19,25%,Fastazi-P,0.054421768707483005,8.0,0.7607709750566899,NA,NA,6,0,24
Time,19,25%,Random,0.054421768707483005,8.0,0.0655328798185941,NA,NA,28,0,2
Time,19,30%,Ekstazi,0.061224489795918394,9.0,0.4890022675736962,NA,NA,15,0,15
Time,19,30%,FAST,0.061224489795918394,9.0,0.033219954648526076,NA,NA,29,0,1
Time,19,30%,Ekstazi+dpt,0.061224489795918394,9.0,0.0,NA,NA,30,0,0
Time,19,30%,DPT,0.061224489795918394,9.0,0.0,NA,NA,30,0,0
Time,19,30%,STARTS,0.006802721088435376,1.0,0.0,NA,NA,30,0,0
Time,19,30%,STARTS+FAST-S,0.006802721088435376,1.0,0.0,NA,NA,30,0,0
Time,19,30%,STARTS+FAST-P,0.006802721088435376,1.0,0.0,NA,NA,30,0,0
Time,19,30%,STARTS+DPT,0.006802721088435376,1.0,0.0,NA,NA,30,0,0
Time,19,30%,Fastazi-S,0.061224489795918394,9.0,0.9248299319727895,NA,NA,1,0,29
Time,19,30%,Fastazi-P,0.061224489795918394,9.0,0.9492063492063496,7.966666666666667,0.05419501133786849,0,1,30
Time,19,30%,Random,0.061224489795918394,9.0,0.0655328798185941,NA,NA,28,0,2
Time,19,40%,Ekstazi,0.08163265306122454,12.0,0.5820861678004535,NA,NA,12,0,18
Time,19,40%,FAST,0.08163265306122454,12.0,0.033219954648526076,NA,NA,29,0,1
Time,19,40%,Ekstazi+dpt,0.08163265306122454,12.0,0.0,NA,NA,30,0,0
Time,19,40%,DPT,0.08163265306122454,12.0,0.0,NA,NA,30,0,0
Time,19,40%,STARTS,0.006802721088435376,1.0,0.0,NA,NA,30,0,0
Time,19,40%,STARTS+FAST-S,0.006802721088435376,1.0,0.0,NA,NA,30,0,0
Time,19,40%,STARTS+FAST-P,0.006802721088435376,1.0,0.0,NA,NA,30,0,0
Time,19,40%,STARTS+DPT,0.006802721088435376,1.0,0.0,NA,NA,30,0,0
Time,19,40%,Fastazi-S,0.08163265306122454,12.0,0.956009070294785,6.966666666666667,0.04739229024943311,0,1,30
Time,19,40%,Fastazi-P,0.08163265306122454,12.0,0.9492063492063496,7.966666666666667,0.05419501133786849,0,1,30
Time,19,40%,Random,0.08163265306122454,12.0,0.1272108843537415,NA,NA,26,0,4
Time,19,50%,Ekstazi,0.10884353741496601,16.0,0.6722222222222223,NA,NA,9,0,21
Time,19,50%,FAST,0.10884353741496601,16.0,0.033219954648526076,NA,NA,29,0,1
Time,19,50%,Ekstazi+dpt,0.10884353741496601,16.0,0.9081632653061221,14.0,0.0952380952380953,0,1,30
Time,19,50%,DPT,0.10884353741496601,16.0,0.0,NA,NA,30,0,0
Time,19,50%,STARTS,0.006802721088435376,1.0,0.0,NA,NA,30,0,0
Time,19,50%,STARTS+FAST-S,0.006802721088435376,1.0,0.0,NA,NA,30,0,0
Time,19,50%,STARTS+FAST-P,0.006802721088435376,1.0,0.0,NA,NA,30,0,0
Time,19,50%,STARTS+DPT,0.006802721088435376,1.0,0.0,NA,NA,30,0,0
Time,19,50%,Fastazi-S,0.10884353741496601,16.0,0.956009070294785,6.966666666666667,0.04739229024943311,0,1,30
Time,19,50%,Fastazi-P,0.10884353741496601,16.0,0.9492063492063496,7.966666666666667,0.05419501133786849,0,1,30
Time,19,50%,Random,0.10884353741496601,16.0,0.1272108843537415,NA,NA,26,0,4
Time,19,60%,Ekstazi,0.12925170068027206,19.0,0.7899092970521543,NA,NA,5,0,25
Time,19,60%,FAST,0.12925170068027206,19.0,0.033219954648526076,NA,NA,29,0,1
Time,19,60%,Ekstazi+dpt,0.12925170068027206,19.0,0.9081632653061221,14.0,0.0952380952380953,0,1,30
Time,19,60%,DPT,0.12925170068027206,19.0,0.0,NA,NA,30,0,0
Time,19,60%,STARTS,0.006802721088435376,1.0,0.0,NA,NA,30,0,0
Time,19,60%,STARTS+FAST-S,0.006802721088435376,1.0,0.0,NA,NA,30,0,0
Time,19,60%,STARTS+FAST-P,0.006802721088435376,1.0,0.0,NA,NA,30,0,0
Time,19,60%,STARTS+DPT,0.006802721088435376,1.0,0.0,NA,NA,30,0,0
Time,19,60%,Fastazi-S,0.12925170068027206,19.0,0.956009070294785,6.966666666666667,0.04739229024943311,0,1,30
Time,19,60%,Fastazi-P,0.12925170068027206,19.0,0.9492063492063496,7.966666666666667,0.05419501133786849,0,1,30
Time,19,60%,Random,0.12925170068027206,19.0,0.15680272108843538,NA,NA,25,0,5
Time,19,70%,Ekstazi,0.14965986394557826,22.0,0.9053287981859411,NA,NA,1,0,29
Time,19,70%,FAST,0.14965986394557826,22.0,0.033219954648526076,NA,NA,29,0,1
Time,19,70%,Ekstazi+dpt,0.14965986394557826,22.0,0.9081632653061221,14.0,0.0952380952380953,0,1,30
Time,19,70%,DPT,0.14965986394557826,22.0,0.0,NA,NA,30,0,0
Time,19,70%,STARTS,0.006802721088435376,1.0,0.0,NA,NA,30,0,0
Time,19,70%,STARTS+FAST-S,0.006802721088435376,1.0,0.0,NA,NA,30,0,0
Time,19,70%,STARTS+FAST-P,0.006802721088435376,1.0,0.0,NA,NA,30,0,0
Time,19,70%,STARTS+DPT,0.006802721088435376,1.0,0.0,NA,NA,30,0,0
Time,19,70%,Fastazi-S,0.14965986394557826,22.0,0.956009070294785,6.966666666666667,0.04739229024943311,0,1,30
Time,19,70%,Fastazi-P,0.14965986394557826,22.0,0.9492063492063496,7.966666666666667,0.05419501133786849,0,1,30
Time,19,70%,Random,0.14965986394557826,22.0,0.1852607709750567,NA,NA,24,0,6
Time,19,75%,Ekstazi,0.16326530612244908,24.0,0.9053287981859411,NA,NA,1,0,29
Time,19,75%,FAST,0.16326530612244908,24.0,0.033219954648526076,NA,NA,29,0,1
Time,19,75%,Ekstazi+dpt,0.16326530612244908,24.0,0.9081632653061221,14.0,0.0952380952380953,0,1,30
Time,19,75%,DPT,0.16326530612244908,24.0,0.0,NA,NA,30,0,0
Time,19,75%,STARTS,0.006802721088435376,1.0,0.0,NA,NA,30,0,0
Time,19,75%,STARTS+FAST-S,0.006802721088435376,1.0,0.0,NA,NA,30,0,0
Time,19,75%,STARTS+FAST-P,0.006802721088435376,1.0,0.0,NA,NA,30,0,0
Time,19,75%,STARTS+DPT,0.006802721088435376,1.0,0.0,NA,NA,30,0,0
Time,19,75%,Fastazi-S,0.16326530612244908,24.0,0.956009070294785,6.966666666666667,0.04739229024943311,0,1,30
Time,19,75%,Fastazi-P,0.16326530612244908,24.0,0.9492063492063496,7.966666666666667,0.05419501133786849,0,1,30
Time,19,75%,Random,0.16326530612244908,24.0,0.2414965986394558,NA,NA,22,0,8
Time,19,80%,Ekstazi,0.17006802721088443,25.0,0.9331065759637187,10.333333333333334,0.07029478458049883,0,1,30
Time,19,80%,FAST,0.17006802721088443,25.0,0.033219954648526076,NA,NA,29,0,1
Time,19,80%,Ekstazi+dpt,0.17006802721088443,25.0,0.9081632653061221,14.0,0.0952380952380953,0,1,30
Time,19,80%,DPT,0.17006802721088443,25.0,0.0,NA,NA,30,0,0
Time,19,80%,STARTS,0.006802721088435376,1.0,0.0,NA,NA,30,0,0
Time,19,80%,STARTS+FAST-S,0.006802721088435376,1.0,0.0,NA,NA,30,0,0
Time,19,80%,STARTS+FAST-P,0.006802721088435376,1.0,0.0,NA,NA,30,0,0
Time,19,80%,STARTS+DPT,0.006802721088435376,1.0,0.0,NA,NA,30,0,0
Time,19,80%,Fastazi-S,0.17006802721088443,25.0,0.956009070294785,6.966666666666667,0.04739229024943311,0,1,30
Time,19,80%,Fastazi-P,0.17006802721088443,25.0,0.9492063492063496,7.966666666666667,0.05419501133786849,0,1,30
Time,19,80%,Random,0.17006802721088443,25.0,0.2414965986394558,NA,NA,22,0,8
Time,19,90%,Ekstazi,0.1904761904761906,28.0,0.9331065759637187,10.333333333333334,0.07029478458049883,0,1,30
Time,19,90%,FAST,0.1904761904761906,28.0,0.033219954648526076,NA,NA,29,0,1
Time,19,90%,Ekstazi+dpt,0.1904761904761906,28.0,0.9081632653061221,14.0,0.0952380952380953,0,1,30
Time,19,90%,DPT,0.1904761904761906,28.0,0.0,NA,NA,30,0,0
Time,19,90%,STARTS,0.006802721088435376,1.0,0.0,NA,NA,30,0,0
Time,19,90%,STARTS+FAST-S,0.006802721088435376,1.0,0.0,NA,NA,30,0,0
Time,19,90%,STARTS+FAST-P,0.006802721088435376,1.0,0.0,NA,NA,30,0,0
Time,19,90%,STARTS+DPT,0.006802721088435376,1.0,0.0,NA,NA,30,0,0
Time,19,90%,Fastazi-S,0.1904761904761906,28.0,0.956009070294785,6.966666666666667,0.04739229024943311,0,1,30
Time,19,90%,Fastazi-P,0.1904761904761906,28.0,0.9492063492063496,7.966666666666667,0.05419501133786849,0,1,30
Time,19,90%,Random,0.1904761904761906,28.0,0.2414965986394558,NA,NA,22,0,8
Time,19,100%,Ekstazi,0.21768707482993202,32.0,0.9331065759637187,10.333333333333334,0.07029478458049883,0,1,30
Time,19,100%,FAST,0.21768707482993202,32.0,0.05963718820861678,NA,NA,28,0,2
Time,19,100%,Ekstazi+dpt,0.21768707482993202,32.0,0.9081632653061221,14.0,0.0952380952380953,0,1,30
Time,19,100%,DPT,0.21768707482993202,32.0,0.7857142857142857,32.0,0.21768707482993202,0,1,30
Time,19,100%,STARTS,0.006802721088435376,1.0,0.0,NA,NA,30,0,0
Time,19,100%,STARTS+FAST-S,0.006802721088435376,1.0,0.0,NA,NA,30,0,0
Time,19,100%,STARTS+FAST-P,0.006802721088435376,1.0,0.0,NA,NA,30,0,0
Time,19,100%,STARTS+DPT,0.006802721088435376,1.0,0.0,NA,NA,30,0,0
Time,19,100%,Fastazi-S,0.21768707482993202,32.0,0.956009070294785,6.966666666666667,0.04739229024943311,0,1,30
Time,19,100%,Fastazi-P,0.21768707482993202,32.0,0.9492063492063496,7.966666666666667,0.05419501133786849,0,1,30
Time,19,100%,Random,0.21768707482993202,32.0,0.2679138321995465,NA,NA,21,0,9
Time,20,10%,Ekstazi,0.07482993197278913,11.0,0.1909297052154195,NA,NA,24,0,6
Time,20,10%,FAST,0.07482993197278913,11.0,0.0,NA,NA,30,0,0
Time,20,10%,Ekstazi+dpt,0.07482993197278913,11.0,0.0,NA,NA,30,0,0
Time,20,10%,DPT,0.07482993197278913,11.0,0.0,NA,NA,30,0,0
Time,20,10%,STARTS,0.006802721088435376,1.0,0.0,NA,NA,30,0,0
Time,20,10%,STARTS+FAST-S,0.006802721088435376,1.0,0.0,NA,NA,30,0,0
Time,20,10%,STARTS+FAST-P,0.006802721088435376,1.0,0.0,NA,NA,30,0,0
Time,20,10%,STARTS+DPT,0.006802721088435376,1.0,0.0,NA,NA,30,0,0
Time,20,10%,Fastazi-S,0.07482993197278913,11.0,0.0,NA,NA,30,0,0
Time,20,10%,Fastazi-P,0.07482993197278913,11.0,0.0,NA,NA,30,0,0
Time,20,10%,Random,0.07482993197278913,11.0,0.03299319727891156,NA,NA,29,0,1
Time,20,20%,Ekstazi,0.15646258503401358,23.0,0.24829931972789115,NA,NA,22,0,8
Time,20,20%,FAST,0.15646258503401358,23.0,0.0,NA,NA,30,0,0
Time,20,20%,Ekstazi+dpt,0.15646258503401358,23.0,0.0,NA,NA,30,0,0
Time,20,20%,DPT,0.15646258503401358,23.0,0.0,NA,NA,30,0,0
Time,20,20%,STARTS,0.006802721088435376,1.0,0.0,NA,NA,30,0,0
Time,20,20%,STARTS+FAST-S,0.006802721088435376,1.0,0.0,NA,NA,30,0,0
Time,20,20%,STARTS+FAST-P,0.006802721088435376,1.0,0.0,NA,NA,30,0,0
Time,20,20%,STARTS+DPT,0.006802721088435376,1.0,0.0,NA,NA,30,0,0
Time,20,20%,Fastazi-S,0.15646258503401358,23.0,0.0,NA,NA,30,0,0
Time,20,20%,Fastazi-P,0.15646258503401358,23.0,0.0,NA,NA,30,0,0
Time,20,20%,Random,0.15646258503401358,23.0,0.09421768707482993,NA,NA,27,0,3
Time,20,25%,Ekstazi,0.1972789115646257,29.0,0.35963718820861673,NA,NA,18,0,12
Time,20,25%,FAST,0.1972789115646257,29.0,0.0,NA,NA,30,0,0
Time,20,25%,Ekstazi+dpt,0.1972789115646257,29.0,0.8333333333333336,25.0,0.1700680272108844,0,1,30
Time,20,25%,DPT,0.1972789115646257,29.0,0.8358276643990931,24.633333333333333,0.16757369614512477,0,1,30
Time,20,25%,STARTS,0.006802721088435376,1.0,0.0,NA,NA,30,0,0
Time,20,25%,STARTS+FAST-S,0.006802721088435376,1.0,0.0,NA,NA,30,0,0
Time,20,25%,STARTS+FAST-P,0.006802721088435376,1.0,0.0,NA,NA,30,0,0
Time,20,25%,STARTS+DPT,0.006802721088435376,1.0,0.0,NA,NA,30,0,0
Time,20,25%,Fastazi-S,0.1972789115646257,29.0,0.027551020408163266,NA,NA,29,0,1
Time,20,25%,Fastazi-P,0.1972789115646257,29.0,0.0,NA,NA,30,0,0
Time,20,25%,Random,0.1972789115646257,29.0,0.14909297052154194,NA,NA,25,0,5
Time,20,30%,Ekstazi,0.2312925170068026,34.0,0.35963718820861673,NA,NA,18,0,12
Time,20,30%,FAST,0.2312925170068026,34.0,0.0,NA,NA,30,0,0
Time,20,30%,Ekstazi+dpt,0.2312925170068026,34.0,0.8333333333333336,25.0,0.1700680272108844,0,1,30
Time,20,30%,DPT,0.2312925170068026,34.0,0.8358276643990931,24.633333333333333,0.16757369614512477,0,1,30
Time,20,30%,STARTS,0.006802721088435376,1.0,0.0,NA,NA,30,0,0
Time,20,30%,STARTS+FAST-S,0.006802721088435376,1.0,0.0,NA,NA,30,0,0
Time,20,30%,STARTS+FAST-P,0.006802721088435376,1.0,0.0,NA,NA,30,0,0
Time,20,30%,STARTS+DPT,0.006802721088435376,1.0,0.0,NA,NA,30,0,0
Time,20,30%,Fastazi-S,0.2312925170068026,34.0,0.027551020408163266,NA,NA,29,0,1
Time,20,30%,Fastazi-P,0.2312925170068026,34.0,0.02619047619047619,NA,NA,29,0,1
Time,20,30%,Random,0.2312925170068026,34.0,0.17482993197278912,NA,NA,24,0,6
Time,20,40%,Ekstazi,0.31292517006802717,46.0,0.4099773242630385,NA,NA,16,0,14
Time,20,40%,FAST,0.31292517006802717,46.0,0.7047619047619047,43.9,0.29863945578231293,0,1,30
Time,20,40%,Ekstazi+dpt,0.31292517006802717,46.0,0.8333333333333336,25.0,0.1700680272108844,0,1,30
Time,20,40%,DPT,0.31292517006802717,46.0,0.8358276643990931,24.633333333333333,0.16757369614512477,0,1,30
Time,20,40%,STARTS,0.006802721088435376,1.0,0.0,NA,NA,30,0,0
Time,20,40%,STARTS+FAST-S,0.006802721088435376,1.0,0.0,NA,NA,30,0,0
Time,20,40%,STARTS+FAST-P,0.006802721088435376,1.0,0.0,NA,NA,30,0,0
Time,20,40%,STARTS+DPT,0.006802721088435376,1.0,0.0,NA,NA,30,0,0
Time,20,40%,Fastazi-S,0.31292517006802717,46.0,0.7444444444444444,38.06666666666667,0.25895691609977317,0,1,30
Time,20,40%,Fastazi-P,0.31292517006802717,46.0,0.7521541950113377,36.93333333333333,0.2512471655328797,0,1,30
Time,20,40%,Random,0.31292517006802717,46.0,0.17482993197278912,NA,NA,24,0,6
Time,20,50%,Ekstazi,0.3945578231292514,58.0,0.43231292517006803,NA,NA,15,0,15
Time,20,50%,FAST,0.3945578231292514,58.0,0.7047619047619047,43.9,0.29863945578231293,0,1,30
Time,20,50%,Ekstazi+dpt,0.3945578231292514,58.0,0.8333333333333336,25.0,0.1700680272108844,0,1,30
Time,20,50%,DPT,0.3945578231292514,58.0,0.8358276643990931,24.633333333333333,0.16757369614512477,0,1,30
Time,20,50%,STARTS,0.006802721088435376,1.0,0.0,NA,NA,30,0,0
Time,20,50%,STARTS+FAST-S,0.006802721088435376,1.0,0.0,NA,NA,30,0,0
Time,20,50%,STARTS+FAST-P,0.006802721088435376,1.0,0.0,NA,NA,30,0,0
Time,20,50%,STARTS+DPT,0.006802721088435376,1.0,0.0,NA,NA,30,0,0
Time,20,50%,Fastazi-S,0.3945578231292514,58.0,0.7444444444444444,38.06666666666667,0.25895691609977317,0,1,30
Time,20,50%,Fastazi-P,0.3945578231292514,58.0,0.7521541950113377,36.93333333333333,0.2512471655328797,0,1,30
Time,20,50%,Random,0.3945578231292514,58.0,0.1953514739229025,NA,NA,23,0,7
Time,20,60%,Ekstazi,0.4693877551020407,69.0,0.4717687074829932,NA,NA,13,0,17
Time,20,60%,FAST,0.4693877551020407,69.0,0.7047619047619047,43.9,0.29863945578231293,0,1,30
Time,20,60%,Ekstazi+dpt,0.4693877551020407,69.0,0.8333333333333336,25.0,0.1700680272108844,0,1,30
Time,20,60%,DPT,0.4693877551020407,69.0,0.8358276643990931,24.633333333333333,0.16757369614512477,0,1,30
Time,20,60%,STARTS,0.006802721088435376,1.0,0.0,NA,NA,30,0,0
Time,20,60%,STARTS+FAST-S,0.006802721088435376,1.0,0.0,NA,NA,30,0,0
Time,20,60%,STARTS+FAST-P,0.006802721088435376,1.0,0.0,NA,NA,30,0,0
Time,20,60%,STARTS+DPT,0.006802721088435376,1.0,0.0,NA,NA,30,0,0
Time,20,60%,Fastazi-S,0.4693877551020407,69.0,0.7444444444444444,38.06666666666667,0.25895691609977317,0,1,30
Time,20,60%,Fastazi-P,0.4693877551020407,69.0,0.7521541950113377,36.93333333333333,0.2512471655328797,0,1,30
Time,20,60%,Random,0.4693877551020407,69.0,0.28911564625850344,NA,NA,18,0,12
Time,20,70%,Ekstazi,0.5510204081632648,81.0,0.5375283446712018,NA,NA,9,0,21
Time,20,70%,FAST,0.5510204081632648,81.0,0.7047619047619047,43.9,0.29863945578231293,0,1,30
Time,20,70%,Ekstazi+dpt,0.5510204081632648,81.0,0.8333333333333336,25.0,0.1700680272108844,0,1,30
Time,20,70%,DPT,0.5510204081632648,81.0,0.8358276643990931,24.633333333333333,0.16757369614512477,0,1,30
Time,20,70%,STARTS,0.006802721088435376,1.0,0.0,NA,NA,30,0,0
Time,20,70%,STARTS+FAST-S,0.006802721088435376,1.0,0.0,NA,NA,30,0,0
Time,20,70%,STARTS+FAST-P,0.006802721088435376,1.0,0.0,NA,NA,30,0,0
Time,20,70%,STARTS+DPT,0.006802721088435376,1.0,0.0,NA,NA,30,0,0
Time,20,70%,Fastazi-S,0.5510204081632648,81.0,0.7444444444444444,38.06666666666667,0.25895691609977317,0,1,30
Time,20,70%,Fastazi-P,0.5510204081632648,81.0,0.7521541950113377,36.93333333333333,0.2512471655328797,0,1,30
Time,20,70%,Random,0.5510204081632648,81.0,0.3386621315192743,NA,NA,15,0,15
Time,20,75%,Ekstazi,0.5918367346938779,87.0,0.5665532879818594,NA,NA,7,0,23
Time,20,75%,FAST,0.5918367346938779,87.0,0.7047619047619047,43.9,0.29863945578231293,0,1,30
Time,20,75%,Ekstazi+dpt,0.5918367346938779,87.0,0.8333333333333336,25.0,0.1700680272108844,0,1,30
Time,20,75%,DPT,0.5918367346938779,87.0,0.8358276643990931,24.633333333333333,0.16757369614512477,0,1,30
Time,20,75%,STARTS,0.006802721088435376,1.0,0.0,NA,NA,30,0,0
Time,20,75%,STARTS+FAST-S,0.006802721088435376,1.0,0.0,NA,NA,30,0,0
Time,20,75%,STARTS+FAST-P,0.006802721088435376,1.0,0.0,NA,NA,30,0,0
Time,20,75%,STARTS+DPT,0.006802721088435376,1.0,0.0,NA,NA,30,0,0
Time,20,75%,Fastazi-S,0.5918367346938779,87.0,0.7444444444444444,38.06666666666667,0.25895691609977317,0,1,30
Time,20,75%,Fastazi-P,0.5918367346938779,87.0,0.7521541950113377,36.93333333333333,0.2512471655328797,0,1,30
Time,20,75%,Random,0.5918367346938779,87.0,0.3526077097505668,NA,NA,14,0,16
Time,20,80%,Ekstazi,0.6258503401360543,92.0,0.5665532879818594,NA,NA,7,0,23
Time,20,80%,FAST,0.6258503401360543,92.0,0.7047619047619047,43.9,0.29863945578231293,0,1,30
Time,20,80%,Ekstazi+dpt,0.6258503401360543,92.0,0.8333333333333336,25.0,0.1700680272108844,0,1,30
Time,20,80%,DPT,0.6258503401360543,92.0,0.8358276643990931,24.633333333333333,0.16757369614512477,0,1,30
Time,20,80%,STARTS,0.006802721088435376,1.0,0.0,NA,NA,30,0,0
Time,20,80%,STARTS+FAST-S,0.006802721088435376,1.0,0.0,NA,NA,30,0,0
Time,20,80%,STARTS+FAST-P,0.006802721088435376,1.0,0.0,NA,NA,30,0,0
Time,20,80%,STARTS+DPT,0.006802721088435376,1.0,0.0,NA,NA,30,0,0
Time,20,80%,Fastazi-S,0.6258503401360543,92.0,0.7444444444444444,38.06666666666667,0.25895691609977317,0,1,30
Time,20,80%,Fastazi-P,0.6258503401360543,92.0,0.7521541950113377,36.93333333333333,0.2512471655328797,0,1,30
Time,20,80%,Random,0.6258503401360543,92.0,0.3656462585034013,NA,NA,13,0,17
Time,20,90%,Ekstazi,0.707482993197279,104.0,0.6002267573696146,NA,NA,4,0,26
Time,20,90%,FAST,0.707482993197279,104.0,0.7047619047619047,43.9,0.29863945578231293,0,1,30
Time,20,90%,Ekstazi+dpt,0.707482993197279,104.0,0.8333333333333336,25.0,0.1700680272108844,0,1,30
Time,20,90%,DPT,0.707482993197279,104.0,0.8358276643990931,24.633333333333333,0.16757369614512477,0,1,30
Time,20,90%,STARTS,0.006802721088435376,1.0,0.0,NA,NA,30,0,0
Time,20,90%,STARTS+FAST-S,0.006802721088435376,1.0,0.0,NA,NA,30,0,0
Time,20,90%,STARTS+FAST-P,0.006802721088435376,1.0,0.0,NA,NA,30,0,0
Time,20,90%,STARTS+DPT,0.006802721088435376,1.0,0.0,NA,NA,30,0,0
Time,20,90%,Fastazi-S,0.707482993197279,104.0,0.7444444444444444,38.06666666666667,0.25895691609977317,0,1,30
Time,20,90%,Fastazi-P,0.707482993197279,104.0,0.7521541950113377,36.93333333333333,0.2512471655328797,0,1,30
Time,20,90%,Random,0.707482993197279,104.0,0.38696145124716547,NA,NA,11,0,19
Time,20,100%,Ekstazi,0.7891156462585028,116.0,0.6301587301587303,54.86666666666667,0.37324263038548755,0,1,30
Time,20,100%,FAST,0.7891156462585028,116.0,0.7047619047619047,43.9,0.29863945578231293,0,1,30
Time,20,100%,Ekstazi+dpt,0.7891156462585028,116.0,0.8333333333333336,25.0,0.1700680272108844,0,1,30
Time,20,100%,DPT,0.7891156462585028,116.0,0.8358276643990931,24.633333333333333,0.16757369614512477,0,1,30
Time,20,100%,STARTS,0.006802721088435376,1.0,0.0,NA,NA,30,0,0
Time,20,100%,STARTS+FAST-S,0.006802721088435376,1.0,0.0,NA,NA,30,0,0
Time,20,100%,STARTS+FAST-P,0.006802721088435376,1.0,0.0,NA,NA,30,0,0
Time,20,100%,STARTS+DPT,0.006802721088435376,1.0,0.0,NA,NA,30,0,0
Time,20,100%,Fastazi-S,0.7891156462585028,116.0,0.7444444444444444,38.06666666666667,0.25895691609977317,0,1,30
Time,20,100%,Fastazi-P,0.7891156462585028,116.0,0.7521541950113377,36.93333333333333,0.2512471655328797,0,1,30
Time,20,100%,Random,0.7891156462585028,116.0,0.41473922902494326,NA,NA,8,0,22
Time,21,10%,Ekstazi,0.07482993197278913,11.0,0.12811791383219953,NA,NA,26,0,4
Time,21,10%,FAST,0.07482993197278913,11.0,0.033219954648526076,NA,NA,29,0,1
Time,21,10%,Ekstazi+dpt,0.07482993197278913,11.0,0.0,NA,NA,30,0,0
Time,21,10%,DPT,0.07482993197278913,11.0,0.0,NA,NA,30,0,0
Time,21,10%,STARTS,0.006802721088435376,1.0,0.0,NA,NA,30,0,0
Time,21,10%,STARTS+FAST-S,0.006802721088435376,1.0,0.0,NA,NA,30,0,0
Time,21,10%,STARTS+FAST-P,0.006802721088435376,1.0,0.0,NA,NA,30,0,0
Time,21,10%,STARTS+DPT,0.006802721088435376,1.0,0.0,NA,NA,30,0,0
Time,21,10%,Fastazi-S,0.07482993197278913,11.0,0.0,NA,NA,30,0,0
Time,21,10%,Fastazi-P,0.07482993197278913,11.0,0.033219954648526076,NA,NA,29,0,1
Time,21,10%,Random,0.07482993197278913,11.0,0.0,NA,NA,30,0,0
Time,21,20%,Ekstazi,0.15646258503401358,23.0,0.1574829931972789,NA,NA,25,0,5
Time,21,20%,FAST,0.15646258503401358,23.0,0.033219954648526076,NA,NA,29,0,1
Time,21,20%,Ekstazi+dpt,0.15646258503401358,23.0,0.0,NA,NA,30,0,0
Time,21,20%,DPT,0.15646258503401358,23.0,0.0,NA,NA,30,0,0
Time,21,20%,STARTS,0.006802721088435376,1.0,0.0,NA,NA,30,0,0
Time,21,20%,STARTS+FAST-S,0.006802721088435376,1.0,0.0,NA,NA,30,0,0
Time,21,20%,STARTS+FAST-P,0.006802721088435376,1.0,0.0,NA,NA,30,0,0
Time,21,20%,STARTS+DPT,0.006802721088435376,1.0,0.0,NA,NA,30,0,0
Time,21,20%,Fastazi-S,0.15646258503401358,23.0,0.0,NA,NA,30,0,0
Time,21,20%,Fastazi-P,0.15646258503401358,23.0,0.033219954648526076,NA,NA,29,0,1
Time,21,20%,Random,0.15646258503401358,23.0,0.11746031746031746,NA,NA,26,0,4
Time,21,25%,Ekstazi,0.1972789115646257,29.0,0.2121315192743764,NA,NA,23,0,7
Time,21,25%,FAST,0.1972789115646257,29.0,0.033219954648526076,NA,NA,29,0,1
Time,21,25%,Ekstazi+dpt,0.1972789115646257,29.0,0.8340136054421771,24.9,0.1693877551020409,0,1,30
Time,21,25%,DPT,0.1972789115646257,29.0,0.8344671201814062,24.833333333333332,0.16893424036281185,0,1,30
Time,21,25%,STARTS,0.006802721088435376,1.0,0.0,NA,NA,30,0,0
Time,21,25%,STARTS+FAST-S,0.006802721088435376,1.0,0.0,NA,NA,30,0,0
Time,21,25%,STARTS+FAST-P,0.006802721088435376,1.0,0.0,NA,NA,30,0,0
Time,21,25%,STARTS+DPT,0.006802721088435376,1.0,0.0,NA,NA,30,0,0
Time,21,25%,Fastazi-S,0.1972789115646257,29.0,0.05487528344671202,NA,NA,28,0,2
Time,21,25%,Fastazi-P,0.1972789115646257,29.0,0.033219954648526076,NA,NA,29,0,1
Time,21,25%,Random,0.1972789115646257,29.0,0.14478458049886622,NA,NA,25,0,5
Time,21,30%,Ekstazi,0.2312925170068026,34.0,0.2649659863945578,NA,NA,21,0,9
Time,21,30%,FAST,0.2312925170068026,34.0,0.033219954648526076,NA,NA,29,0,1
Time,21,30%,Ekstazi+dpt,0.2312925170068026,34.0,0.8340136054421771,24.9,0.1693877551020409,0,1,30
Time,21,30%,DPT,0.2312925170068026,34.0,0.8344671201814062,24.833333333333332,0.16893424036281185,0,1,30
Time,21,30%,STARTS,0.006802721088435376,1.0,0.0,NA,NA,30,0,0
Time,21,30%,STARTS+FAST-S,0.006802721088435376,1.0,0.0,NA,NA,30,0,0
Time,21,30%,STARTS+FAST-P,0.006802721088435376,1.0,0.0,NA,NA,30,0,0
Time,21,30%,STARTS+DPT,0.006802721088435376,1.0,0.0,NA,NA,30,0,0
Time,21,30%,Fastazi-S,0.2312925170068026,34.0,0.05487528344671202,NA,NA,28,0,2
Time,21,30%,Fastazi-P,0.2312925170068026,34.0,0.033219954648526076,NA,NA,29,0,1
Time,21,30%,Random,0.2312925170068026,34.0,0.2233560090702948,NA,NA,22,0,8
Time,21,40%,Ekstazi,0.31292517006802717,46.0,0.3121315192743764,NA,NA,19,0,11
Time,21,40%,FAST,0.31292517006802717,46.0,0.6878684807256235,NA,NA,1,0,29
Time,21,40%,Ekstazi+dpt,0.31292517006802717,46.0,0.8340136054421771,24.9,0.1693877551020409,0,1,30
Time,21,40%,DPT,0.31292517006802717,46.0,0.8344671201814062,24.833333333333332,0.16893424036281185,0,1,30
Time,21,40%,STARTS,0.006802721088435376,1.0,0.0,NA,NA,30,0,0
Time,21,40%,STARTS+FAST-S,0.006802721088435376,1.0,0.0,NA,NA,30,0,0
Time,21,40%,STARTS+FAST-P,0.006802721088435376,1.0,0.0,NA,NA,30,0,0
Time,21,40%,STARTS+DPT,0.006802721088435376,1.0,0.0,NA,NA,30,0,0
Time,21,40%,Fastazi-S,0.31292517006802717,46.0,0.7476190476190474,37.6,0.25578231292517,0,1,30
Time,21,40%,Fastazi-P,0.31292517006802717,46.0,0.756235827664399,36.333333333333336,0.24716553287981846,0,1,30
Time,21,40%,Random,0.31292517006802717,46.0,0.27346938775510204,NA,NA,20,0,10
Time,21,50%,Ekstazi,0.3945578231292514,58.0,0.37596371882086166,NA,NA,16,0,14
Time,21,50%,FAST,0.3945578231292514,58.0,0.7095238095238094,43.2,0.29387755102040813,0,1,30
Time,21,50%,Ekstazi+dpt,0.3945578231292514,58.0,0.8340136054421771,24.9,0.1693877551020409,0,1,30
Time,21,50%,DPT,0.3945578231292514,58.0,0.8344671201814062,24.833333333333332,0.16893424036281185,0,1,30
Time,21,50%,STARTS,0.006802721088435376,1.0,0.0,NA,NA,30,0,0
Time,21,50%,STARTS+FAST-S,0.006802721088435376,1.0,0.0,NA,NA,30,0,0
Time,21,50%,STARTS+FAST-P,0.006802721088435376,1.0,0.0,NA,NA,30,0,0
Time,21,50%,STARTS+DPT,0.006802721088435376,1.0,0.0,NA,NA,30,0,0
Time,21,50%,Fastazi-S,0.3945578231292514,58.0,0.7476190476190474,37.6,0.25578231292517,0,1,30
Time,21,50%,Fastazi-P,0.3945578231292514,58.0,0.756235827664399,36.333333333333336,0.24716553287981846,0,1,30
Time,21,50%,Random,0.3945578231292514,58.0,0.3149659863945578,NA,NA,18,0,12
Time,21,60%,Ekstazi,0.4693877551020407,69.0,0.45034013605442175,NA,NA,12,0,18
Time,21,60%,FAST,0.4693877551020407,69.0,0.7095238095238094,43.2,0.29387755102040813,0,1,30
Time,21,60%,Ekstazi+dpt,0.4693877551020407,69.0,0.8340136054421771,24.9,0.1693877551020409,0,1,30
Time,21,60%,DPT,0.4693877551020407,69.0,0.8344671201814062,24.833333333333332,0.16893424036281185,0,1,30
Time,21,60%,STARTS,0.006802721088435376,1.0,0.0,NA,NA,30,0,0
Time,21,60%,STARTS+FAST-S,0.006802721088435376,1.0,0.0,NA,NA,30,0,0
Time,21,60%,STARTS+FAST-P,0.006802721088435376,1.0,0.0,NA,NA,30,0,0
Time,21,60%,STARTS+DPT,0.006802721088435376,1.0,0.0,NA,NA,30,0,0
Time,21,60%,Fastazi-S,0.4693877551020407,69.0,0.7476190476190474,37.6,0.25578231292517,0,1,30
Time,21,60%,Fastazi-P,0.4693877551020407,69.0,0.756235827664399,36.333333333333336,0.24716553287981846,0,1,30
Time,21,60%,Random,0.4693877551020407,69.0,0.33503401360544216,NA,NA,17,0,13
Time,21,70%,Ekstazi,0.5510204081632648,81.0,0.5154195011337868,NA,NA,8,0,22
Time,21,70%,FAST,0.5510204081632648,81.0,0.7095238095238094,43.2,0.29387755102040813,0,1,30
Time,21,70%,Ekstazi+dpt,0.5510204081632648,81.0,0.8340136054421771,24.9,0.1693877551020409,0,1,30
Time,21,70%,DPT,0.5510204081632648,81.0,0.8344671201814062,24.833333333333332,0.16893424036281185,0,1,30
Time,21,70%,STARTS,0.006802721088435376,1.0,0.0,NA,NA,30,0,0
Time,21,70%,STARTS+FAST-S,0.006802721088435376,1.0,0.0,NA,NA,30,0,0
Time,21,70%,STARTS+FAST-P,0.006802721088435376,1.0,0.0,NA,NA,30,0,0
Time,21,70%,STARTS+DPT,0.006802721088435376,1.0,0.0,NA,NA,30,0,0
Time,21,70%,Fastazi-S,0.5510204081632648,81.0,0.7476190476190474,37.6,0.25578231292517,0,1,30
Time,21,70%,Fastazi-P,0.5510204081632648,81.0,0.756235827664399,36.333333333333336,0.24716553287981846,0,1,30
Time,21,70%,Random,0.5510204081632648,81.0,0.3670068027210885,NA,NA,15,0,15
Time,21,75%,Ekstazi,0.5918367346938779,87.0,0.5154195011337868,NA,NA,8,0,22
Time,21,75%,FAST,0.5918367346938779,87.0,0.7095238095238094,43.2,0.29387755102040813,0,1,30
Time,21,75%,Ekstazi+dpt,0.5918367346938779,87.0,0.8340136054421771,24.9,0.1693877551020409,0,1,30
Time,21,75%,DPT,0.5918367346938779,87.0,0.8344671201814062,24.833333333333332,0.16893424036281185,0,1,30
Time,21,75%,STARTS,0.006802721088435376,1.0,0.0,NA,NA,30,0,0
Time,21,75%,STARTS+FAST-S,0.006802721088435376,1.0,0.0,NA,NA,30,0,0
Time,21,75%,STARTS+FAST-P,0.006802721088435376,1.0,0.0,NA,NA,30,0,0
Time,21,75%,STARTS+DPT,0.006802721088435376,1.0,0.0,NA,NA,30,0,0
Time,21,75%,Fastazi-S,0.5918367346938779,87.0,0.7476190476190474,37.6,0.25578231292517,0,1,30
Time,21,75%,Fastazi-P,0.5918367346938779,87.0,0.756235827664399,36.333333333333336,0.24716553287981846,0,1,30
Time,21,75%,Random,0.5918367346938779,87.0,0.3816326530612245,NA,NA,14,0,16
Time,21,80%,Ekstazi,0.6258503401360543,92.0,0.5154195011337868,NA,NA,8,0,22
Time,21,80%,FAST,0.6258503401360543,92.0,0.7095238095238094,43.2,0.29387755102040813,0,1,30
Time,21,80%,Ekstazi+dpt,0.6258503401360543,92.0,0.8340136054421771,24.9,0.1693877551020409,0,1,30
Time,21,80%,DPT,0.6258503401360543,92.0,0.8344671201814062,24.833333333333332,0.16893424036281185,0,1,30
Time,21,80%,STARTS,0.006802721088435376,1.0,0.0,NA,NA,30,0,0
Time,21,80%,STARTS+FAST-S,0.006802721088435376,1.0,0.0,NA,NA,30,0,0
Time,21,80%,STARTS+FAST-P,0.006802721088435376,1.0,0.0,NA,NA,30,0,0
Time,21,80%,STARTS+DPT,0.006802721088435376,1.0,0.0,NA,NA,30,0,0
Time,21,80%,Fastazi-S,0.6258503401360543,92.0,0.7476190476190474,37.6,0.25578231292517,0,1,30
Time,21,80%,Fastazi-P,0.6258503401360543,92.0,0.756235827664399,36.333333333333336,0.24716553287981846,0,1,30
Time,21,80%,Random,0.6258503401360543,92.0,0.4086167800453515,NA,NA,12,0,18
Time,21,90%,Ekstazi,0.707482993197279,104.0,0.5921768707482994,NA,NA,1,0,29
Time,21,90%,FAST,0.707482993197279,104.0,0.7095238095238094,43.2,0.29387755102040813,0,1,30
Time,21,90%,Ekstazi+dpt,0.707482993197279,104.0,0.8340136054421771,24.9,0.1693877551020409,0,1,30
Time,21,90%,DPT,0.707482993197279,104.0,0.8344671201814062,24.833333333333332,0.16893424036281185,0,1,30
Time,21,90%,STARTS,0.006802721088435376,1.0,0.0,NA,NA,30,0,0
Time,21,90%,STARTS+FAST-S,0.006802721088435376,1.0,0.0,NA,NA,30,0,0
Time,21,90%,STARTS+FAST-P,0.006802721088435376,1.0,0.0,NA,NA,30,0,0
Time,21,90%,STARTS+DPT,0.006802721088435376,1.0,0.0,NA,NA,30,0,0
Time,21,90%,Fastazi-S,0.707482993197279,104.0,0.7476190476190474,37.6,0.25578231292517,0,1,30
Time,21,90%,Fastazi-P,0.707482993197279,104.0,0.756235827664399,36.333333333333336,0.24716553287981846,0,1,30
Time,21,90%,Random,0.707482993197279,104.0,0.44433106575963716,NA,NA,9,0,21
Time,21,100%,Ekstazi,0.7891156462585028,116.0,0.6009070294784582,59.166666666666664,0.4024943310657596,0,1,30
Time,21,100%,FAST,0.7891156462585028,116.0,0.7095238095238094,43.2,0.29387755102040813,0,1,30
Time,21,100%,Ekstazi+dpt,0.7891156462585028,116.0,0.8340136054421771,24.9,0.1693877551020409,0,1,30
Time,21,100%,DPT,0.7891156462585028,116.0,0.8344671201814062,24.833333333333332,0.16893424036281185,0,1,30
Time,21,100%,STARTS,0.006802721088435376,1.0,0.0,NA,NA,30,0,0
Time,21,100%,STARTS+FAST-S,0.006802721088435376,1.0,0.0,NA,NA,30,0,0
Time,21,100%,STARTS+FAST-P,0.006802721088435376,1.0,0.0,NA,NA,30,0,0
Time,21,100%,STARTS+DPT,0.006802721088435376,1.0,0.0,NA,NA,30,0,0
Time,21,100%,Fastazi-S,0.7891156462585028,116.0,0.7476190476190474,37.6,0.25578231292517,0,1,30
Time,21,100%,Fastazi-P,0.7891156462585028,116.0,0.756235827664399,36.333333333333336,0.24716553287981846,0,1,30
Time,21,100%,Random,0.7891156462585028,116.0,0.46224489795918366,NA,NA,7,0,23
Time,22,10%,Ekstazi,0.07482993197278913,11.0,0.12811791383219956,NA,NA,26,0,4
Time,22,10%,FAST,0.07482993197278913,11.0,0.0,NA,NA,30,0,0
Time,22,10%,Ekstazi+dpt,0.07482993197278913,11.0,0.928571428571428,11.0,0.07482993197278913,0,1,30
Time,22,10%,DPT,0.07482993197278913,11.0,0.928571428571428,11.0,0.07482993197278913,0,1,30
Time,22,10%,STARTS,0.006802721088435376,1.0,0.0,NA,NA,30,0,0
Time,22,10%,STARTS+FAST-S,0.006802721088435376,1.0,0.0,NA,NA,30,0,0
Time,22,10%,STARTS+FAST-P,0.006802721088435376,1.0,0.0,NA,NA,30,0,0
Time,22,10%,STARTS+DPT,0.006802721088435376,1.0,0.0,NA,NA,30,0,0
Time,22,10%,Fastazi-S,0.07482993197278913,11.0,0.0,NA,NA,30,0,0
Time,22,10%,Fastazi-P,0.07482993197278913,11.0,0.0,NA,NA,30,0,0
Time,22,10%,Random,0.07482993197278913,11.0,0.03299319727891156,NA,NA,29,0,1
Time,22,20%,Ekstazi,0.15646258503401358,23.0,0.2756235827664399,NA,NA,21,0,9
Time,22,20%,FAST,0.15646258503401358,23.0,0.0,NA,NA,30,0,0
Time,22,20%,Ekstazi+dpt,0.15646258503401358,23.0,0.928571428571428,11.0,0.07482993197278913,0,1,30
Time,22,20%,DPT,0.15646258503401358,23.0,0.928571428571428,11.0,0.07482993197278913,0,1,30
Time,22,20%,STARTS,0.006802721088435376,1.0,0.0,NA,NA,30,0,0
Time,22,20%,STARTS+FAST-S,0.006802721088435376,1.0,0.0,NA,NA,30,0,0
Time,22,20%,STARTS+FAST-P,0.006802721088435376,1.0,0.0,NA,NA,30,0,0
Time,22,20%,STARTS+DPT,0.006802721088435376,1.0,0.0,NA,NA,30,0,0
Time,22,20%,Fastazi-S,0.15646258503401358,23.0,0.0,NA,NA,30,0,0
Time,22,20%,Fastazi-P,0.15646258503401358,23.0,0.0,NA,NA,30,0,0
Time,22,20%,Random,0.15646258503401358,23.0,0.09149659863945578,NA,NA,27,0,3
Time,22,25%,Ekstazi,0.1904761904761906,28.0,0.2756235827664399,NA,NA,21,0,9
Time,22,25%,FAST,0.1904761904761906,28.0,0.0,NA,NA,30,0,0
Time,22,25%,Ekstazi+dpt,0.1904761904761906,28.0,0.928571428571428,11.0,0.07482993197278913,0,1,30
Time,22,25%,DPT,0.1904761904761906,28.0,0.928571428571428,11.0,0.07482993197278913,0,1,30
Time,22,25%,STARTS,0.006802721088435376,1.0,0.0,NA,NA,30,0,0
Time,22,25%,STARTS+FAST-S,0.006802721088435376,1.0,0.0,NA,NA,30,0,0
Time,22,25%,STARTS+FAST-P,0.006802721088435376,1.0,0.0,NA,NA,30,0,0
Time,22,25%,STARTS+DPT,0.006802721088435376,1.0,0.0,NA,NA,30,0,0
Time,22,25%,Fastazi-S,0.1904761904761906,28.0,0.0,NA,NA,30,0,0
Time,22,25%,Fastazi-P,0.1904761904761906,28.0,0.0,NA,NA,30,0,0
Time,22,25%,Random,0.1904761904761906,28.0,0.09149659863945578,NA,NA,27,0,3
Time,22,30%,Ekstazi,0.2312925170068026,34.0,0.3801587301587302,NA,NA,17,0,13
Time,22,30%,FAST,0.2312925170068026,34.0,0.0,NA,NA,30,0,0
Time,22,30%,Ekstazi+dpt,0.2312925170068026,34.0,0.928571428571428,11.0,0.07482993197278913,0,1,30
Time,22,30%,DPT,0.2312925170068026,34.0,0.928571428571428,11.0,0.07482993197278913,0,1,30
Time,22,30%,STARTS,0.006802721088435376,1.0,0.0,NA,NA,30,0,0
Time,22,30%,STARTS+FAST-S,0.006802721088435376,1.0,0.0,NA,NA,30,0,0
Time,22,30%,STARTS+FAST-P,0.006802721088435376,1.0,0.0,NA,NA,30,0,0
Time,22,30%,STARTS+DPT,0.006802721088435376,1.0,0.0,NA,NA,30,0,0
Time,22,30%,Fastazi-S,0.2312925170068026,34.0,0.0,NA,NA,30,0,0
Time,22,30%,Fastazi-P,0.2312925170068026,34.0,0.0,NA,NA,30,0,0
Time,22,30%,Random,0.2312925170068026,34.0,0.11836734693877551,NA,NA,26,0,4
Time,22,40%,Ekstazi,0.31292517006802717,46.0,0.42891156462585034,NA,NA,15,0,15
Time,22,40%,FAST,0.31292517006802717,46.0,0.0,NA,NA,30,0,0
Time,22,40%,Ekstazi+dpt,0.31292517006802717,46.0,0.928571428571428,11.0,0.07482993197278913,0,1,30
Time,22,40%,DPT,0.31292517006802717,46.0,0.928571428571428,11.0,0.07482993197278913,0,1,30
Time,22,40%,STARTS,0.006802721088435376,1.0,0.0,NA,NA,30,0,0
Time,22,40%,STARTS+FAST-S,0.006802721088435376,1.0,0.0,NA,NA,30,0,0
Time,22,40%,STARTS+FAST-P,0.006802721088435376,1.0,0.0,NA,NA,30,0,0
Time,22,40%,STARTS+DPT,0.006802721088435376,1.0,0.0,NA,NA,30,0,0
Time,22,40%,Fastazi-S,0.31292517006802717,46.0,0.0,NA,NA,30,0,0
Time,22,40%,Fastazi-P,0.31292517006802717,46.0,0.0,NA,NA,30,0,0
Time,22,40%,Random,0.31292517006802717,46.0,0.14319727891156464,NA,NA,25,0,5
Time,22,50%,Ekstazi,0.3877551020408164,57.0,0.49319727891156456,NA,NA,12,0,18
Time,22,50%,FAST,0.3877551020408164,57.0,0.0,NA,NA,30,0,0
Time,22,50%,Ekstazi+dpt,0.3877551020408164,57.0,0.928571428571428,11.0,0.07482993197278913,0,1,30
Time,22,50%,DPT,0.3877551020408164,57.0,0.928571428571428,11.0,0.07482993197278913,0,1,30
Time,22,50%,STARTS,0.006802721088435376,1.0,0.0,NA,NA,30,0,0
Time,22,50%,STARTS+FAST-S,0.006802721088435376,1.0,0.0,NA,NA,30,0,0
Time,22,50%,STARTS+FAST-P,0.006802721088435376,1.0,0.0,NA,NA,30,0,0
Time,22,50%,STARTS+DPT,0.006802721088435376,1.0,0.0,NA,NA,30,0,0
Time,22,50%,Fastazi-S,0.3877551020408164,57.0,0.0,NA,NA,30,0,0
Time,22,50%,Fastazi-P,0.3877551020408164,57.0,0.02210884353741497,NA,NA,29,0,1
Time,22,50%,Random,0.3877551020408164,57.0,0.22845804988662133,NA,NA,21,0,9
Time,22,60%,Ekstazi,0.4693877551020407,69.0,0.5306122448979591,NA,NA,10,0,20
Time,22,60%,FAST,0.4693877551020407,69.0,0.01984126984126984,NA,NA,29,0,1
Time,22,60%,Ekstazi+dpt,0.4693877551020407,69.0,0.928571428571428,11.0,0.07482993197278913,0,1,30
Time,22,60%,DPT,0.4693877551020407,69.0,0.928571428571428,11.0,0.07482993197278913,0,1,30
Time,22,60%,STARTS,0.006802721088435376,1.0,0.0,NA,NA,30,0,0
Time,22,60%,STARTS+FAST-S,0.006802721088435376,1.0,0.0,NA,NA,30,0,0
Time,22,60%,STARTS+FAST-P,0.006802721088435376,1.0,0.0,NA,NA,30,0,0
Time,22,60%,STARTS+DPT,0.006802721088435376,1.0,0.0,NA,NA,30,0,0
Time,22,60%,Fastazi-S,0.4693877551020407,69.0,0.0,NA,NA,30,0,0
Time,22,60%,Fastazi-P,0.4693877551020407,69.0,0.02210884353741497,NA,NA,29,0,1
Time,22,60%,Random,0.4693877551020407,69.0,0.2873015873015873,NA,NA,18,0,12
Time,22,70%,Ekstazi,0.5442176870748302,80.0,0.5792517006802721,NA,NA,7,0,23
Time,22,70%,FAST,0.5442176870748302,80.0,0.01984126984126984,NA,NA,29,0,1
Time,22,70%,Ekstazi+dpt,0.5442176870748302,80.0,0.928571428571428,11.0,0.07482993197278913,0,1,30
Time,22,70%,DPT,0.5442176870748302,80.0,0.928571428571428,11.0,0.07482993197278913,0,1,30
Time,22,70%,STARTS,0.006802721088435376,1.0,0.0,NA,NA,30,0,0
Time,22,70%,STARTS+FAST-S,0.006802721088435376,1.0,0.0,NA,NA,30,0,0
Time,22,70%,STARTS+FAST-P,0.006802721088435376,1.0,0.0,NA,NA,30,0,0
Time,22,70%,STARTS+DPT,0.006802721088435376,1.0,0.0,NA,NA,30,0,0
Time,22,70%,Fastazi-S,0.5442176870748302,80.0,0.38265306122449,NA,NA,5,0,25
Time,22,70%,Fastazi-P,0.5442176870748302,80.0,0.02210884353741497,NA,NA,29,0,1
Time,22,70%,Random,0.5442176870748302,80.0,0.3391156462585034,NA,NA,15,0,15
Time,22,75%,Ekstazi,0.5850340136054422,86.0,0.5941043083900226,NA,NA,6,0,24
Time,22,75%,FAST,0.5850340136054422,86.0,0.01984126984126984,NA,NA,29,0,1
Time,22,75%,Ekstazi+dpt,0.5850340136054422,86.0,0.928571428571428,11.0,0.07482993197278913,0,1,30
Time,22,75%,DPT,0.5850340136054422,86.0,0.928571428571428,11.0,0.07482993197278913,0,1,30
Time,22,75%,STARTS,0.006802721088435376,1.0,0.0,NA,NA,30,0,0
Time,22,75%,STARTS+FAST-S,0.006802721088435376,1.0,0.0,NA,NA,30,0,0
Time,22,75%,STARTS+FAST-P,0.006802721088435376,1.0,0.0,NA,NA,30,0,0
Time,22,75%,STARTS+DPT,0.006802721088435376,1.0,0.0,NA,NA,30,0,0
Time,22,75%,Fastazi-S,0.5850340136054422,86.0,0.45804988662131546,80.16666666666667,0.5453514739229026,0,1,30
Time,22,75%,Fastazi-P,0.5850340136054422,86.0,0.43854875283446704,83.03333333333333,0.5648526077097505,0,1,30
Time,22,75%,Random,0.5850340136054422,86.0,0.3391156462585034,NA,NA,15,0,15
Time,22,80%,Ekstazi,0.6258503401360543,92.0,0.6201814058956916,NA,NA,4,0,26
Time,22,80%,FAST,0.6258503401360543,92.0,0.01984126984126984,NA,NA,29,0,1
Time,22,80%,Ekstazi+dpt,0.6258503401360543,92.0,0.928571428571428,11.0,0.07482993197278913,0,1,30
Time,22,80%,DPT,0.6258503401360543,92.0,0.928571428571428,11.0,0.07482993197278913,0,1,30
Time,22,80%,STARTS,0.006802721088435376,1.0,0.0,NA,NA,30,0,0
Time,22,80%,STARTS+FAST-S,0.006802721088435376,1.0,0.0,NA,NA,30,0,0
Time,22,80%,STARTS+FAST-P,0.006802721088435376,1.0,0.0,NA,NA,30,0,0
Time,22,80%,STARTS+DPT,0.006802721088435376,1.0,0.0,NA,NA,30,0,0
Time,22,80%,Fastazi-S,0.6258503401360543,92.0,0.45804988662131546,80.16666666666667,0.5453514739229026,0,1,30
Time,22,80%,Fastazi-P,0.6258503401360543,92.0,0.43854875283446704,83.03333333333333,0.5648526077097505,0,1,30
Time,22,80%,Random,0.6258503401360543,92.0,0.3654195011337869,NA,NA,13,0,17
Time,22,90%,Ekstazi,0.7006802721088438,103.0,0.6426303854875284,NA,NA,2,0,28
Time,22,90%,FAST,0.7006802721088438,103.0,0.3437641723356008,96.96666666666667,0.6596371882086167,0,1,30
Time,22,90%,Ekstazi+dpt,0.7006802721088438,103.0,0.928571428571428,11.0,0.07482993197278913,0,1,30
Time,22,90%,DPT,0.7006802721088438,103.0,0.928571428571428,11.0,0.07482993197278913,0,1,30
Time,22,90%,STARTS,0.006802721088435376,1.0,0.0,NA,NA,30,0,0
Time,22,90%,STARTS+FAST-S,0.006802721088435376,1.0,0.0,NA,NA,30,0,0
Time,22,90%,STARTS+FAST-P,0.006802721088435376,1.0,0.0,NA,NA,30,0,0
Time,22,90%,STARTS+DPT,0.006802721088435376,1.0,0.0,NA,NA,30,0,0
Time,22,90%,Fastazi-S,0.7006802721088438,103.0,0.45804988662131546,80.16666666666667,0.5453514739229026,0,1,30
Time,22,90%,Fastazi-P,0.7006802721088438,103.0,0.43854875283446704,83.03333333333333,0.5648526077097505,0,1,30
Time,22,90%,Random,0.7006802721088438,103.0,0.3883219954648526,NA,NA,11,0,19
Time,22,100%,Ekstazi,0.7823129251700679,115.0,0.6612244897959184,50.3,0.3421768707482992,0,1,30
Time,22,100%,FAST,0.7823129251700679,115.0,0.3437641723356008,96.96666666666667,0.6596371882086167,0,1,30
Time,22,100%,Ekstazi+dpt,0.7823129251700679,115.0,0.928571428571428,11.0,0.07482993197278913,0,1,30
Time,22,100%,DPT,0.7823129251700679,115.0,0.928571428571428,11.0,0.07482993197278913,0,1,30
Time,22,100%,STARTS,0.006802721088435376,1.0,0.0,NA,NA,30,0,0
Time,22,100%,STARTS+FAST-S,0.006802721088435376,1.0,0.0,NA,NA,30,0,0
Time,22,100%,STARTS+FAST-P,0.006802721088435376,1.0,0.0,NA,NA,30,0,0
Time,22,100%,STARTS+DPT,0.006802721088435376,1.0,0.0,NA,NA,30,0,0
Time,22,100%,Fastazi-S,0.7823129251700679,115.0,0.45804988662131546,80.16666666666667,0.5453514739229026,0,1,30
Time,22,100%,Fastazi-P,0.7823129251700679,115.0,0.43854875283446704,83.03333333333333,0.5648526077097505,0,1,30
Time,22,100%,Random,0.7823129251700679,115.0,0.40600907029478456,NA,NA,9,0,21
Time,23,10%,Ekstazi,0.04729729729729731,7.0,0.065990990990991,NA,NA,28,0,2
Time,23,10%,FAST,0.04729729729729731,7.0,0.0,NA,NA,30,0,0
Time,23,10%,Ekstazi+dpt,0.04729729729729731,7.0,0.0,NA,NA,30,0,0
Time,23,10%,DPT,0.04729729729729731,7.0,0.0,NA,NA,30,0,0
Time,23,10%,STARTS,0.006756756756756753,1.0,0.0,NA,NA,30,0,0
Time,23,10%,STARTS+FAST-S,0.006756756756756753,1.0,0.0,NA,NA,30,0,0
Time,23,10%,STARTS+FAST-P,0.006756756756756753,1.0,0.0,NA,NA,30,0,0
Time,23,10%,STARTS+DPT,0.006756756756756753,1.0,0.0,NA,NA,30,0,0
Time,23,10%,Fastazi-S,0.04729729729729731,7.0,0.0,NA,NA,30,0,0
Time,23,10%,Fastazi-P,0.04729729729729731,7.0,0.0,NA,NA,30,0,0
Time,23,10%,Random,0.04729729729729731,7.0,0.03231981981981982,NA,NA,29,0,1
Time,23,20%,Ekstazi,0.09459459459459461,14.0,0.12792792792792793,NA,NA,26,0,4
Time,23,20%,FAST,0.09459459459459461,14.0,0.0,NA,NA,30,0,0
Time,23,20%,Ekstazi+dpt,0.09459459459459461,14.0,0.0,NA,NA,30,0,0
Time,23,20%,DPT,0.09459459459459461,14.0,0.0,NA,NA,30,0,0
Time,23,20%,STARTS,0.006756756756756753,1.0,0.0,NA,NA,30,0,0
Time,23,20%,STARTS+FAST-S,0.006756756756756753,1.0,0.0,NA,NA,30,0,0
Time,23,20%,STARTS+FAST-P,0.006756756756756753,1.0,0.0,NA,NA,30,0,0
Time,23,20%,STARTS+DPT,0.006756756756756753,1.0,0.0,NA,NA,30,0,0
Time,23,20%,Fastazi-S,0.09459459459459461,14.0,0.0,NA,NA,30,0,0
Time,23,20%,Fastazi-P,0.09459459459459461,14.0,0.0,NA,NA,30,0,0
Time,23,20%,Random,0.09459459459459461,14.0,0.0632882882882883,NA,NA,28,0,2
Time,23,25%,Ekstazi,0.12162162162162157,18.0,0.12792792792792793,NA,NA,26,0,4
Time,23,25%,FAST,0.12162162162162157,18.0,0.0,NA,NA,30,0,0
Time,23,25%,Ekstazi+dpt,0.12162162162162157,18.0,0.0,NA,NA,30,0,0
Time,23,25%,DPT,0.12162162162162157,18.0,0.0,NA,NA,30,0,0
Time,23,25%,STARTS,0.006756756756756753,1.0,0.0,NA,NA,30,0,0
Time,23,25%,STARTS+FAST-S,0.006756756756756753,1.0,0.0,NA,NA,30,0,0
Time,23,25%,STARTS+FAST-P,0.006756756756756753,1.0,0.0,NA,NA,30,0,0
Time,23,25%,STARTS+DPT,0.006756756756756753,1.0,0.0,NA,NA,30,0,0
Time,23,25%,Fastazi-S,0.12162162162162157,18.0,0.4707207207207206,NA,NA,14,0,16
Time,23,25%,Fastazi-P,0.12162162162162157,18.0,0.8568693693693691,NA,NA,1,0,29
Time,23,25%,Random,0.12162162162162157,18.0,0.0632882882882883,NA,NA,28,0,2
Time,23,30%,Ekstazi,0.141891891891892,21.0,0.12792792792792793,NA,NA,26,0,4
Time,23,30%,FAST,0.141891891891892,21.0,0.0,NA,NA,30,0,0
Time,23,30%,Ekstazi+dpt,0.141891891891892,21.0,0.0,NA,NA,30,0,0
Time,23,30%,DPT,0.141891891891892,21.0,0.0,NA,NA,30,0,0
Time,23,30%,STARTS,0.006756756756756753,1.0,0.0,NA,NA,30,0,0
Time,23,30%,STARTS+FAST-S,0.006756756756756753,1.0,0.0,NA,NA,30,0,0
Time,23,30%,STARTS+FAST-P,0.006756756756756753,1.0,0.0,NA,NA,30,0,0
Time,23,30%,STARTS+DPT,0.006756756756756753,1.0,0.0,NA,NA,30,0,0
Time,23,30%,Fastazi-S,0.141891891891892,21.0,0.8790540540540542,18.4,0.12432432432432435,0,1,30
Time,23,30%,Fastazi-P,0.141891891891892,21.0,0.8568693693693691,NA,NA,1,0,29
Time,23,30%,Random,0.141891891891892,21.0,0.0632882882882883,NA,NA,28,0,2
Time,23,40%,Ekstazi,0.1959459459459459,29.0,0.26745495495495497,NA,NA,21,0,9
Time,23,40%,FAST,0.1959459459459459,29.0,0.0,NA,NA,30,0,0
Time,23,40%,Ekstazi+dpt,0.1959459459459459,29.0,0.0,NA,NA,30,0,0
Time,23,40%,DPT,0.1959459459459459,29.0,0.0,NA,NA,30,0,0
Time,23,40%,STARTS,0.006756756756756753,1.0,0.0,NA,NA,30,0,0
Time,23,40%,STARTS+FAST-S,0.006756756756756753,1.0,0.0,NA,NA,30,0,0
Time,23,40%,STARTS+FAST-P,0.006756756756756753,1.0,0.0,NA,NA,30,0,0
Time,23,40%,STARTS+DPT,0.006756756756756753,1.0,0.0,NA,NA,30,0,0
Time,23,40%,Fastazi-S,0.1959459459459459,29.0,0.8790540540540542,18.4,0.12432432432432435,0,1,30
Time,23,40%,Fastazi-P,0.1959459459459459,29.0,0.8568693693693691,NA,NA,1,0,29
Time,23,40%,Random,0.1959459459459459,29.0,0.146509009009009,NA,NA,25,0,5
Time,23,50%,Ekstazi,0.24324324324324315,36.0,0.34572072072072074,NA,NA,18,0,12
Time,23,50%,FAST,0.24324324324324315,36.0,0.0,NA,NA,30,0,0
Time,23,50%,Ekstazi+dpt,0.24324324324324315,36.0,0.0,NA,NA,30,0,0
Time,23,50%,DPT,0.24324324324324315,36.0,0.0,NA,NA,30,0,0
Time,23,50%,STARTS,0.006756756756756753,1.0,0.0,NA,NA,30,0,0
Time,23,50%,STARTS+FAST-S,0.006756756756756753,1.0,0.0,NA,NA,30,0,0
Time,23,50%,STARTS+FAST-P,0.006756756756756753,1.0,0.0,NA,NA,30,0,0
Time,23,50%,STARTS+DPT,0.006756756756756753,1.0,0.0,NA,NA,30,0,0
Time,23,50%,Fastazi-S,0.24324324324324315,36.0,0.8790540540540542,18.4,0.12432432432432435,0,1,30
Time,23,50%,Fastazi-P,0.24324324324324315,36.0,0.8568693693693691,NA,NA,1,0,29
Time,23,50%,Random,0.24324324324324315,36.0,0.1731981981981982,NA,NA,24,0,6
Time,23,60%,Ekstazi,0.2905405405405404,43.0,0.46858108108108115,NA,NA,13,0,17
Time,23,60%,FAST,0.2905405405405404,43.0,0.02376126126126126,NA,NA,29,0,1
Time,23,60%,Ekstazi+dpt,0.2905405405405404,43.0,0.0,NA,NA,30,0,0
Time,23,60%,DPT,0.2905405405405404,43.0,0.0,NA,NA,30,0,0
Time,23,60%,STARTS,0.006756756756756753,1.0,0.0,NA,NA,30,0,0
Time,23,60%,STARTS+FAST-S,0.006756756756756753,1.0,0.0,NA,NA,30,0,0
Time,23,60%,STARTS+FAST-P,0.006756756756756753,1.0,0.0,NA,NA,30,0,0
Time,23,60%,STARTS+DPT,0.006756756756756753,1.0,0.0,NA,NA,30,0,0
Time,23,60%,Fastazi-S,0.2905405405405404,43.0,0.8790540540540542,18.4,0.12432432432432435,0,1,30
Time,23,60%,Fastazi-P,0.2905405405405404,43.0,0.8568693693693691,NA,NA,1,0,29
Time,23,60%,Random,0.2905405405405404,43.0,0.1731981981981982,NA,NA,24,0,6
Time,23,70%,Ekstazi,0.3445945945945947,51.0,0.5828828828828828,NA,NA,8,0,22
Time,23,70%,FAST,0.3445945945945947,51.0,0.6796171171171168,NA,NA,1,0,29
Time,23,70%,Ekstazi+dpt,0.3445945945945947,51.0,0.0,NA,NA,30,0,0
Time,23,70%,DPT,0.3445945945945947,51.0,0.0,NA,NA,30,0,0
Time,23,70%,STARTS,0.006756756756756753,1.0,0.0,NA,NA,30,0,0
Time,23,70%,STARTS+FAST-S,0.006756756756756753,1.0,0.0,NA,NA,30,0,0
Time,23,70%,STARTS+FAST-P,0.006756756756756753,1.0,0.0,NA,NA,30,0,0
Time,23,70%,STARTS+DPT,0.006756756756756753,1.0,0.0,NA,NA,30,0,0
Time,23,70%,Fastazi-S,0.3445945945945947,51.0,0.8790540540540542,18.4,0.12432432432432435,0,1,30
Time,23,70%,Fastazi-P,0.3445945945945947,51.0,0.8797297297297295,18.3,0.12364864864864868,0,1,30
Time,23,70%,Random,0.3445945945945947,51.0,0.2648648648648649,NA,NA,20,0,10
Time,23,75%,Ekstazi,0.36486486486486486,54.0,0.5828828828828828,NA,NA,8,0,22
Time,23,75%,FAST,0.36486486486486486,54.0,0.6796171171171168,NA,NA,1,0,29
Time,23,75%,Ekstazi+dpt,0.36486486486486486,54.0,0.0,NA,NA,30,0,0
Time,23,75%,DPT,0.36486486486486486,54.0,0.0,NA,NA,30,0,0
Time,23,75%,STARTS,0.006756756756756753,1.0,0.0,NA,NA,30,0,0
Time,23,75%,STARTS+FAST-S,0.006756756756756753,1.0,0.0,NA,NA,30,0,0
Time,23,75%,STARTS+FAST-P,0.006756756756756753,1.0,0.0,NA,NA,30,0,0
Time,23,75%,STARTS+DPT,0.006756756756756753,1.0,0.0,NA,NA,30,0,0
Time,23,75%,Fastazi-S,0.36486486486486486,54.0,0.8790540540540542,18.4,0.12432432432432435,0,1,30
Time,23,75%,Fastazi-P,0.36486486486486486,54.0,0.8797297297297295,18.3,0.12364864864864868,0,1,30
Time,23,75%,Random,0.36486486486486486,54.0,0.28614864864864864,NA,NA,19,0,11
Time,23,80%,Ekstazi,0.3918918918918918,58.0,0.6034909909909909,NA,NA,7,0,23
Time,23,80%,FAST,0.3918918918918918,58.0,0.6796171171171168,NA,NA,1,0,29
Time,23,80%,Ekstazi+dpt,0.3918918918918918,58.0,0.0,NA,NA,30,0,0
Time,23,80%,DPT,0.3918918918918918,58.0,0.0,NA,NA,30,0,0
Time,23,80%,STARTS,0.006756756756756753,1.0,0.0,NA,NA,30,0,0
Time,23,80%,STARTS+FAST-S,0.006756756756756753,1.0,0.0,NA,NA,30,0,0
Time,23,80%,STARTS+FAST-P,0.006756756756756753,1.0,0.0,NA,NA,30,0,0
Time,23,80%,STARTS+DPT,0.006756756756756753,1.0,0.0,NA,NA,30,0,0
Time,23,80%,Fastazi-S,0.3918918918918918,58.0,0.8790540540540542,18.4,0.12432432432432435,0,1,30
Time,23,80%,Fastazi-P,0.3918918918918918,58.0,0.8797297297297295,18.3,0.12364864864864868,0,1,30
Time,23,80%,Random,0.3918918918918918,58.0,0.32713963963963966,NA,NA,17,0,13
Time,23,90%,Ekstazi,0.43918918918918937,65.0,0.6614864864864864,NA,NA,4,0,26
Time,23,90%,FAST,0.43918918918918937,65.0,0.6796171171171168,NA,NA,1,0,29
Time,23,90%,Ekstazi+dpt,0.43918918918918937,65.0,0.0,NA,NA,30,0,0
Time,23,90%,DPT,0.43918918918918937,65.0,0.0,NA,NA,30,0,0
Time,23,90%,STARTS,0.006756756756756753,1.0,0.0,NA,NA,30,0,0
Time,23,90%,STARTS+FAST-S,0.006756756756756753,1.0,0.0,NA,NA,30,0,0
Time,23,90%,STARTS+FAST-P,0.006756756756756753,1.0,0.0,NA,NA,30,0,0
Time,23,90%,STARTS+DPT,0.006756756756756753,1.0,0.0,NA,NA,30,0,0
Time,23,90%,Fastazi-S,0.43918918918918937,65.0,0.8790540540540542,18.4,0.12432432432432435,0,1,30
Time,23,90%,Fastazi-P,0.43918918918918937,65.0,0.8797297297297295,18.3,0.12364864864864868,0,1,30
Time,23,90%,Random,0.43918918918918937,65.0,0.3860360360360361,NA,NA,14,0,16
Time,23,100%,Ekstazi,0.4932432432432435,73.0,0.7333333333333332,39.96666666666667,0.27004504504504506,0,1,30
Time,23,100%,FAST,0.4932432432432435,73.0,0.6796171171171168,NA,NA,1,0,29
Time,23,100%,Ekstazi+dpt,0.4932432432432435,73.0,0.5344594594594593,69.4,0.46891891891891896,0,1,30
Time,23,100%,DPT,0.4932432432432435,73.0,0.0,NA,NA,30,0,0
Time,23,100%,STARTS,0.006756756756756753,1.0,0.0,NA,NA,30,0,0
Time,23,100%,STARTS+FAST-S,0.006756756756756753,1.0,0.0,NA,NA,30,0,0
Time,23,100%,STARTS+FAST-P,0.006756756756756753,1.0,0.0,NA,NA,30,0,0
Time,23,100%,STARTS+DPT,0.006756756756756753,1.0,0.0,NA,NA,30,0,0
Time,23,100%,Fastazi-S,0.4932432432432435,73.0,0.8790540540540542,18.4,0.12432432432432435,0,1,30
Time,23,100%,Fastazi-P,0.4932432432432435,73.0,0.8797297297297295,18.3,0.12364864864864868,0,1,30
Time,23,100%,Random,0.4932432432432435,73.0,0.3860360360360361,NA,NA,14,0,16
Time,24,10%,Ekstazi,0.07432432432432431,11.0,0.06351351351351352,NA,NA,28,0,2
Time,24,10%,FAST,0.07432432432432431,11.0,0.03322072072072072,NA,NA,29,0,1
Time,24,10%,Ekstazi+dpt,0.07432432432432431,11.0,0.0,NA,NA,30,0,0
Time,24,10%,DPT,0.07432432432432431,11.0,0.0,NA,NA,30,0,0
Time,24,10%,STARTS,0.006756756756756753,1.0,0.0,NA,NA,30,0,0
Time,24,10%,STARTS+FAST-S,0.006756756756756753,1.0,0.0,NA,NA,30,0,0
Time,24,10%,STARTS+FAST-P,0.006756756756756753,1.0,0.0,NA,NA,30,0,0
Time,24,10%,STARTS+DPT,0.006756756756756753,1.0,0.0,NA,NA,30,0,0
Time,24,10%,Fastazi-S,0.07432432432432431,11.0,0.0,NA,NA,30,0,0
Time,24,10%,Fastazi-P,0.07432432432432431,11.0,0.03322072072072072,NA,NA,29,0,1
Time,24,10%,Random,0.07432432432432431,11.0,0.0,NA,NA,30,0,0
Time,24,20%,Ekstazi,0.15540540540540534,23.0,0.09177927927927929,NA,NA,27,0,3
Time,24,20%,FAST,0.15540540540540534,23.0,0.03322072072072072,NA,NA,29,0,1
Time,24,20%,Ekstazi+dpt,0.15540540540540534,23.0,0.0,NA,NA,30,0,0
Time,24,20%,DPT,0.15540540540540534,23.0,0.0,NA,NA,30,0,0
Time,24,20%,STARTS,0.006756756756756753,1.0,0.0,NA,NA,30,0,0
Time,24,20%,STARTS+FAST-S,0.006756756756756753,1.0,0.0,NA,NA,30,0,0
Time,24,20%,STARTS+FAST-P,0.006756756756756753,1.0,0.0,NA,NA,30,0,0
Time,24,20%,STARTS+DPT,0.006756756756756753,1.0,0.0,NA,NA,30,0,0
Time,24,20%,Fastazi-S,0.15540540540540534,23.0,0.0,NA,NA,30,0,0
Time,24,20%,Fastazi-P,0.15540540540540534,23.0,0.03322072072072072,NA,NA,29,0,1
Time,24,20%,Random,0.15540540540540534,23.0,0.08862612612612612,NA,NA,27,0,3
Time,24,25%,Ekstazi,0.1959459459459459,29.0,0.17432432432432432,NA,NA,24,0,6
Time,24,25%,FAST,0.1959459459459459,29.0,0.03322072072072072,NA,NA,29,0,1
Time,24,25%,Ekstazi+dpt,0.1959459459459459,29.0,0.0,NA,NA,30,0,0
Time,24,25%,DPT,0.1959459459459459,29.0,0.0,NA,NA,30,0,0
Time,24,25%,STARTS,0.006756756756756753,1.0,0.0,NA,NA,30,0,0
Time,24,25%,STARTS+FAST-S,0.006756756756756753,1.0,0.0,NA,NA,30,0,0
Time,24,25%,STARTS+FAST-P,0.006756756756756753,1.0,0.0,NA,NA,30,0,0
Time,24,25%,STARTS+DPT,0.006756756756756753,1.0,0.0,NA,NA,30,0,0
Time,24,25%,Fastazi-S,0.1959459459459459,29.0,0.0,NA,NA,30,0,0
Time,24,25%,Fastazi-P,0.1959459459459459,29.0,0.03322072072072072,NA,NA,29,0,1
Time,24,25%,Random,0.1959459459459459,29.0,0.14448198198198198,NA,NA,25,0,5
Time,24,30%,Ekstazi,0.2364864864864866,35.0,0.22657657657657662,NA,NA,22,0,8
Time,24,30%,FAST,0.2364864864864866,35.0,0.03322072072072072,NA,NA,29,0,1
Time,24,30%,Ekstazi+dpt,0.2364864864864866,35.0,0.0,NA,NA,30,0,0
Time,24,30%,DPT,0.2364864864864866,35.0,0.0,NA,NA,30,0,0
Time,24,30%,STARTS,0.006756756756756753,1.0,0.0,NA,NA,30,0,0
Time,24,30%,STARTS+FAST-S,0.006756756756756753,1.0,0.0,NA,NA,30,0,0
Time,24,30%,STARTS+FAST-P,0.006756756756756753,1.0,0.0,NA,NA,30,0,0
Time,24,30%,STARTS+DPT,0.006756756756756753,1.0,0.0,NA,NA,30,0,0
Time,24,30%,Fastazi-S,0.2364864864864866,35.0,0.0,NA,NA,30,0,0
Time,24,30%,Fastazi-P,0.2364864864864866,35.0,0.03322072072072072,NA,NA,29,0,1
Time,24,30%,Random,0.2364864864864866,35.0,0.1971846846846847,NA,NA,23,0,7
Time,24,40%,Ekstazi,0.3175675675675676,47.0,0.2731981981981982,NA,NA,20,0,10
Time,24,40%,FAST,0.3175675675675676,47.0,0.03322072072072072,NA,NA,29,0,1
Time,24,40%,Ekstazi+dpt,0.3175675675675676,47.0,0.7164414414414415,42.46666666666667,0.28693693693693695,0,1,30
Time,24,40%,DPT,0.3175675675675676,47.0,0.7166666666666667,42.43333333333333,0.2867117117117118,0,1,30
Time,24,40%,STARTS,0.006756756756756753,1.0,0.0,NA,NA,30,0,0
Time,24,40%,STARTS+FAST-S,0.006756756756756753,1.0,0.0,NA,NA,30,0,0
Time,24,40%,STARTS+FAST-P,0.006756756756756753,1.0,0.0,NA,NA,30,0,0
Time,24,40%,STARTS+DPT,0.006756756756756753,1.0,0.0,NA,NA,30,0,0
Time,24,40%,Fastazi-S,0.3175675675675676,47.0,0.0,NA,NA,30,0,0
Time,24,40%,Fastazi-P,0.3175675675675676,47.0,0.03322072072072072,NA,NA,29,0,1
Time,24,40%,Random,0.3175675675675676,47.0,0.24515765765765765,NA,NA,21,0,9
Time,24,50%,Ekstazi,0.39864864864864863,59.0,0.2731981981981982,NA,NA,20,0,10
Time,24,50%,FAST,0.39864864864864863,59.0,0.03322072072072072,NA,NA,29,0,1
Time,24,50%,Ekstazi+dpt,0.39864864864864863,59.0,0.7164414414414415,42.46666666666667,0.28693693693693695,0,1,30
Time,24,50%,DPT,0.39864864864864863,59.0,0.7166666666666667,42.43333333333333,0.2867117117117118,0,1,30
Time,24,50%,STARTS,0.006756756756756753,1.0,0.0,NA,NA,30,0,0
Time,24,50%,STARTS+FAST-S,0.006756756756756753,1.0,0.0,NA,NA,30,0,0
Time,24,50%,STARTS+FAST-P,0.006756756756756753,1.0,0.0,NA,NA,30,0,0
Time,24,50%,STARTS+DPT,0.006756756756756753,1.0,0.0,NA,NA,30,0,0
Time,24,50%,Fastazi-S,0.39864864864864863,59.0,0.0,NA,NA,30,0,0
Time,24,50%,Fastazi-P,0.39864864864864863,59.0,0.03322072072072072,NA,NA,29,0,1
Time,24,50%,Random,0.39864864864864863,59.0,0.28817567567567565,NA,NA,19,0,11
Time,24,60%,Ekstazi,0.47972972972972977,71.0,0.2731981981981982,NA,NA,20,0,10
Time,24,60%,FAST,0.47972972972972977,71.0,0.03322072072072072,NA,NA,29,0,1
Time,24,60%,Ekstazi+dpt,0.47972972972972977,71.0,0.7164414414414415,42.46666666666667,0.28693693693693695,0,1,30
Time,24,60%,DPT,0.47972972972972977,71.0,0.7166666666666667,42.43333333333333,0.2867117117117118,0,1,30
Time,24,60%,STARTS,0.006756756756756753,1.0,0.0,NA,NA,30,0,0
Time,24,60%,STARTS+FAST-S,0.006756756756756753,1.0,0.0,NA,NA,30,0,0
Time,24,60%,STARTS+FAST-P,0.006756756756756753,1.0,0.0,NA,NA,30,0,0
Time,24,60%,STARTS+DPT,0.006756756756756753,1.0,0.0,NA,NA,30,0,0
Time,24,60%,Fastazi-S,0.47972972972972977,71.0,0.0,NA,NA,30,0,0
Time,24,60%,Fastazi-P,0.47972972972972977,71.0,0.03322072072072072,NA,NA,29,0,1
Time,24,60%,Random,0.47972972972972977,71.0,0.30788288288288285,NA,NA,18,0,12
Time,24,70%,Ekstazi,0.5608108108108106,83.0,0.39707207207207207,NA,NA,12,0,18
Time,24,70%,FAST,0.5608108108108106,83.0,0.03322072072072072,NA,NA,29,0,1
Time,24,70%,Ekstazi+dpt,0.5608108108108106,83.0,0.7164414414414415,42.46666666666667,0.28693693693693695,0,1,30
Time,24,70%,DPT,0.5608108108108106,83.0,0.7166666666666667,42.43333333333333,0.2867117117117118,0,1,30
Time,24,70%,STARTS,0.006756756756756753,1.0,0.0,NA,NA,30,0,0
Time,24,70%,STARTS+FAST-S,0.006756756756756753,1.0,0.0,NA,NA,30,0,0
Time,24,70%,STARTS+FAST-P,0.006756756756756753,1.0,0.0,NA,NA,30,0,0
Time,24,70%,STARTS+DPT,0.006756756756756753,1.0,0.0,NA,NA,30,0,0
Time,24,70%,Fastazi-S,0.5608108108108106,83.0,0.0,NA,NA,30,0,0
Time,24,70%,Fastazi-P,0.5608108108108106,83.0,0.03322072072072072,NA,NA,29,0,1
Time,24,70%,Random,0.5608108108108106,83.0,0.3407657657657657,NA,NA,16,0,14
Time,24,75%,Ekstazi,0.601351351351351,89.0,0.425,NA,NA,10,0,20
Time,24,75%,FAST,0.601351351351351,89.0,0.03322072072072072,NA,NA,29,0,1
Time,24,75%,Ekstazi+dpt,0.601351351351351,89.0,0.7164414414414415,42.46666666666667,0.28693693693693695,0,1,30
Time,24,75%,DPT,0.601351351351351,89.0,0.7166666666666667,42.43333333333333,0.2867117117117118,0,1,30
Time,24,75%,STARTS,0.006756756756756753,1.0,0.0,NA,NA,30,0,0
Time,24,75%,STARTS+FAST-S,0.006756756756756753,1.0,0.0,NA,NA,30,0,0
Time,24,75%,STARTS+FAST-P,0.006756756756756753,1.0,0.0,NA,NA,30,0,0
Time,24,75%,STARTS+DPT,0.006756756756756753,1.0,0.0,NA,NA,30,0,0
Time,24,75%,Fastazi-S,0.601351351351351,89.0,0.0,NA,NA,30,0,0
Time,24,75%,Fastazi-P,0.601351351351351,89.0,0.03322072072072072,NA,NA,29,0,1
Time,24,75%,Random,0.601351351351351,89.0,0.3834459459459459,NA,NA,13,0,17
Time,24,80%,Ekstazi,0.6418918918918916,95.0,0.45,NA,NA,8,0,22
Time,24,80%,FAST,0.6418918918918916,95.0,0.03322072072072072,NA,NA,29,0,1
Time,24,80%,Ekstazi+dpt,0.6418918918918916,95.0,0.7164414414414415,42.46666666666667,0.28693693693693695,0,1,30
Time,24,80%,DPT,0.6418918918918916,95.0,0.7166666666666667,42.43333333333333,0.2867117117117118,0,1,30
Time,24,80%,STARTS,0.006756756756756753,1.0,0.0,NA,NA,30,0,0
Time,24,80%,STARTS+FAST-S,0.006756756756756753,1.0,0.0,NA,NA,30,0,0
Time,24,80%,STARTS+FAST-P,0.006756756756756753,1.0,0.0,NA,NA,30,0,0
Time,24,80%,STARTS+DPT,0.006756756756756753,1.0,0.0,NA,NA,30,0,0
Time,24,80%,Fastazi-S,0.6418918918918916,95.0,0.0,NA,NA,30,0,0
Time,24,80%,Fastazi-P,0.6418918918918916,95.0,0.03322072072072072,NA,NA,29,0,1
Time,24,80%,Random,0.6418918918918916,95.0,0.3834459459459459,NA,NA,13,0,17
Time,24,90%,Ekstazi,0.722972972972973,107.0,0.4816441441441441,NA,NA,5,0,25
Time,24,90%,FAST,0.722972972972973,107.0,0.03322072072072072,NA,NA,29,0,1
Time,24,90%,Ekstazi+dpt,0.722972972972973,107.0,0.7164414414414415,42.46666666666667,0.28693693693693695,0,1,30
Time,24,90%,DPT,0.722972972972973,107.0,0.7166666666666667,42.43333333333333,0.2867117117117118,0,1,30
Time,24,90%,STARTS,0.006756756756756753,1.0,0.0,NA,NA,30,0,0
Time,24,90%,STARTS+FAST-S,0.006756756756756753,1.0,0.0,NA,NA,30,0,0
Time,24,90%,STARTS+FAST-P,0.006756756756756753,1.0,0.0,NA,NA,30,0,0
Time,24,90%,STARTS+DPT,0.006756756756756753,1.0,0.0,NA,NA,30,0,0
Time,24,90%,Fastazi-S,0.722972972972973,107.0,0.3209459459459458,101.0,0.6824324324324319,0,1,30
Time,24,90%,Fastazi-P,0.722972972972973,107.0,0.03322072072072072,NA,NA,29,0,1
Time,24,90%,Random,0.722972972972973,107.0,0.395045045045045,NA,NA,12,0,18
Time,24,100%,Ekstazi,0.8040540540540537,119.0,0.5213963963963962,71.33333333333333,0.48198198198198194,0,1,30
Time,24,100%,FAST,0.8040540540540537,119.0,0.03322072072072072,NA,NA,29,0,1
Time,24,100%,Ekstazi+dpt,0.8040540540540537,119.0,0.7164414414414415,42.46666666666667,0.28693693693693695,0,1,30
Time,24,100%,DPT,0.8040540540540537,119.0,0.7166666666666667,42.43333333333333,0.2867117117117118,0,1,30
Time,24,100%,STARTS,0.006756756756756753,1.0,0.0,NA,NA,30,0,0
Time,24,100%,STARTS+FAST-S,0.006756756756756753,1.0,0.0,NA,NA,30,0,0
Time,24,100%,STARTS+FAST-P,0.006756756756756753,1.0,0.0,NA,NA,30,0,0
Time,24,100%,STARTS+DPT,0.006756756756756753,1.0,0.0,NA,NA,30,0,0
Time,24,100%,Fastazi-S,0.8040540540540537,119.0,0.3209459459459458,101.0,0.6824324324324319,0,1,30
Time,24,100%,Fastazi-P,0.8040540540540537,119.0,0.29774774774774804,104.43333333333334,0.7056306306306307,0,1,30
Time,24,100%,Random,0.8040540540540537,119.0,0.43412162162162166,NA,NA,7,0,23
Time,25,10%,Ekstazi,0.07432432432432431,11.0,0.06396396396396396,NA,NA,28,0,2
Time,25,10%,FAST,0.07432432432432431,11.0,0.0,NA,NA,30,0,0
Time,25,10%,Ekstazi+dpt,0.07432432432432431,11.0,0.0,NA,NA,30,0,0
Time,25,10%,DPT,0.07432432432432431,11.0,0.0,NA,NA,30,0,0
Time,25,10%,STARTS,0.006756756756756753,1.0,0.0,NA,NA,30,0,0
Time,25,10%,STARTS+FAST-S,0.006756756756756753,1.0,0.0,NA,NA,30,0,0
Time,25,10%,STARTS+FAST-P,0.006756756756756753,1.0,0.0,NA,NA,30,0,0
Time,25,10%,STARTS+DPT,0.006756756756756753,1.0,0.0,NA,NA,30,0,0
Time,25,10%,Fastazi-S,0.07432432432432431,11.0,0.0,NA,NA,30,0,0
Time,25,10%,Fastazi-P,0.07432432432432431,11.0,0.0,NA,NA,30,0,0
Time,25,10%,Random,0.07432432432432431,11.0,0.03277027027027027,NA,NA,29,0,1
Time,25,20%,Ekstazi,0.15540540540540534,23.0,0.18310810810810813,NA,NA,24,0,6
Time,25,20%,FAST,0.15540540540540534,23.0,0.0,NA,NA,30,0,0
Time,25,20%,Ekstazi+dpt,0.15540540540540534,23.0,0.9148648648648648,13.1,0.08851351351351351,0,1,30
Time,25,20%,DPT,0.15540540540540534,23.0,0.9155405405405405,13.0,0.08783783783783784,0,1,30
Time,25,20%,STARTS,0.006756756756756753,1.0,0.0,NA,NA,30,0,0
Time,25,20%,STARTS+FAST-S,0.006756756756756753,1.0,0.0,NA,NA,30,0,0
Time,25,20%,STARTS+FAST-P,0.006756756756756753,1.0,0.0,NA,NA,30,0,0
Time,25,20%,STARTS+DPT,0.006756756756756753,1.0,0.0,NA,NA,30,0,0
Time,25,20%,Fastazi-S,0.15540540540540534,23.0,0.0,NA,NA,30,0,0
Time,25,20%,Fastazi-P,0.15540540540540534,23.0,0.0,NA,NA,30,0,0
Time,25,20%,Random,0.15540540540540534,23.0,0.12117117117117117,NA,NA,26,0,4
Time,25,25%,Ekstazi,0.1959459459459459,29.0,0.18310810810810813,NA,NA,24,0,6
Time,25,25%,FAST,0.1959459459459459,29.0,0.0,NA,NA,30,0,0
Time,25,25%,Ekstazi+dpt,0.1959459459459459,29.0,0.9148648648648648,13.1,0.08851351351351351,0,1,30
Time,25,25%,DPT,0.1959459459459459,29.0,0.9155405405405405,13.0,0.08783783783783784,0,1,30
Time,25,25%,STARTS,0.006756756756756753,1.0,0.0,NA,NA,30,0,0
Time,25,25%,STARTS+FAST-S,0.006756756756756753,1.0,0.0,NA,NA,30,0,0
Time,25,25%,STARTS+FAST-P,0.006756756756756753,1.0,0.0,NA,NA,30,0,0
Time,25,25%,STARTS+DPT,0.006756756756756753,1.0,0.0,NA,NA,30,0,0
Time,25,25%,Fastazi-S,0.1959459459459459,29.0,0.0,NA,NA,30,0,0
Time,25,25%,Fastazi-P,0.1959459459459459,29.0,0.0,NA,NA,30,0,0
Time,25,25%,Random,0.1959459459459459,29.0,0.1768018018018018,NA,NA,24,0,6
Time,25,30%,Ekstazi,0.2364864864864866,35.0,0.20889639639639643,NA,NA,23,0,7
Time,25,30%,FAST,0.2364864864864866,35.0,0.0,NA,NA,30,0,0
Time,25,30%,Ekstazi+dpt,0.2364864864864866,35.0,0.9148648648648648,13.1,0.08851351351351351,0,1,30
Time,25,30%,DPT,0.2364864864864866,35.0,0.9155405405405405,13.0,0.08783783783783784,0,1,30
Time,25,30%,STARTS,0.006756756756756753,1.0,0.0,NA,NA,30,0,0
Time,25,30%,STARTS+FAST-S,0.006756756756756753,1.0,0.0,NA,NA,30,0,0
Time,25,30%,STARTS+FAST-P,0.006756756756756753,1.0,0.0,NA,NA,30,0,0
Time,25,30%,STARTS+DPT,0.006756756756756753,1.0,0.0,NA,NA,30,0,0
Time,25,30%,Fastazi-S,0.2364864864864866,35.0,0.0,NA,NA,30,0,0
Time,25,30%,Fastazi-P,0.2364864864864866,35.0,0.0,NA,NA,30,0,0
Time,25,30%,Random,0.2364864864864866,35.0,0.20259009009009013,NA,NA,23,0,7
Time,25,40%,Ekstazi,0.3108108108108107,46.0,0.28063063063063065,NA,NA,20,0,10
Time,25,40%,FAST,0.3108108108108107,46.0,0.0,NA,NA,30,0,0
Time,25,40%,Ekstazi+dpt,0.3108108108108107,46.0,0.9148648648648648,13.1,0.08851351351351351,0,1,30
Time,25,40%,DPT,0.3108108108108107,46.0,0.9155405405405405,13.0,0.08783783783783784,0,1,30
Time,25,40%,STARTS,0.006756756756756753,1.0,0.0,NA,NA,30,0,0
Time,25,40%,STARTS+FAST-S,0.006756756756756753,1.0,0.0,NA,NA,30,0,0
Time,25,40%,STARTS+FAST-P,0.006756756756756753,1.0,0.0,NA,NA,30,0,0
Time,25,40%,STARTS+DPT,0.006756756756756753,1.0,0.0,NA,NA,30,0,0
Time,25,40%,Fastazi-S,0.3108108108108107,46.0,0.0,NA,NA,30,0,0
Time,25,40%,Fastazi-P,0.3108108108108107,46.0,0.0,NA,NA,30,0,0
Time,25,40%,Random,0.3108108108108107,46.0,0.30011261261261263,NA,NA,19,0,11
Time,25,50%,Ekstazi,0.3918918918918918,58.0,0.30236486486486486,NA,NA,19,0,11
Time,25,50%,FAST,0.3918918918918918,58.0,0.0,NA,NA,30,0,0
Time,25,50%,Ekstazi+dpt,0.3918918918918918,58.0,0.9148648648648648,13.1,0.08851351351351351,0,1,30
Time,25,50%,DPT,0.3918918918918918,58.0,0.9155405405405405,13.0,0.08783783783783784,0,1,30
Time,25,50%,STARTS,0.006756756756756753,1.0,0.0,NA,NA,30,0,0
Time,25,50%,STARTS+FAST-S,0.006756756756756753,1.0,0.0,NA,NA,30,0,0
Time,25,50%,STARTS+FAST-P,0.006756756756756753,1.0,0.0,NA,NA,30,0,0
Time,25,50%,STARTS+DPT,0.006756756756756753,1.0,0.0,NA,NA,30,0,0
Time,25,50%,Fastazi-S,0.3918918918918918,58.0,0.0,NA,NA,30,0,0
Time,25,50%,Fastazi-P,0.3918918918918918,58.0,0.0,NA,NA,30,0,0
Time,25,50%,Random,0.3918918918918918,58.0,0.34313063063063065,NA,NA,17,0,13
Time,25,60%,Ekstazi,0.4729729729729732,70.0,0.37759009009009004,NA,NA,15,0,15
Time,25,60%,FAST,0.4729729729729732,70.0,0.0,NA,NA,30,0,0
Time,25,60%,Ekstazi+dpt,0.4729729729729732,70.0,0.9148648648648648,13.1,0.08851351351351351,0,1,30
Time,25,60%,DPT,0.4729729729729732,70.0,0.9155405405405405,13.0,0.08783783783783784,0,1,30
Time,25,60%,STARTS,0.006756756756756753,1.0,0.0,NA,NA,30,0,0
Time,25,60%,STARTS+FAST-S,0.006756756756756753,1.0,0.0,NA,NA,30,0,0
Time,25,60%,STARTS+FAST-P,0.006756756756756753,1.0,0.0,NA,NA,30,0,0
Time,25,60%,STARTS+DPT,0.006756756756756753,1.0,0.0,NA,NA,30,0,0
Time,25,60%,Fastazi-S,0.4729729729729732,70.0,0.0,NA,NA,30,0,0
Time,25,60%,Fastazi-P,0.4729729729729732,70.0,0.0,NA,NA,30,0,0
Time,25,60%,Random,0.4729729729729732,70.0,0.34313063063063065,NA,NA,17,0,13
Time,25,70%,Ekstazi,0.5472972972972969,81.0,0.4104729729729729,NA,NA,13,0,17
Time,25,70%,FAST,0.5472972972972969,81.0,0.0,NA,NA,30,0,0
Time,25,70%,Ekstazi+dpt,0.5472972972972969,81.0,0.9148648648648648,13.1,0.08851351351351351,0,1,30
Time,25,70%,DPT,0.5472972972972969,81.0,0.9155405405405405,13.0,0.08783783783783784,0,1,30
Time,25,70%,STARTS,0.006756756756756753,1.0,0.0,NA,NA,30,0,0
Time,25,70%,STARTS+FAST-S,0.006756756756756753,1.0,0.0,NA,NA,30,0,0
Time,25,70%,STARTS+FAST-P,0.006756756756756753,1.0,0.0,NA,NA,30,0,0
Time,25,70%,STARTS+DPT,0.006756756756756753,1.0,0.0,NA,NA,30,0,0
Time,25,70%,Fastazi-S,0.5472972972972969,81.0,0.0,NA,NA,30,0,0
Time,25,70%,Fastazi-P,0.5472972972972969,81.0,0.0,NA,NA,30,0,0
Time,25,70%,Random,0.5472972972972969,81.0,0.359009009009009,NA,NA,16,0,14
Time,25,75%,Ekstazi,0.5878378378378383,87.0,0.4104729729729729,NA,NA,13,0,17
Time,25,75%,FAST,0.5878378378378383,87.0,0.0,NA,NA,30,0,0
Time,25,75%,Ekstazi+dpt,0.5878378378378383,87.0,0.9148648648648648,13.1,0.08851351351351351,0,1,30
Time,25,75%,DPT,0.5878378378378383,87.0,0.9155405405405405,13.0,0.08783783783783784,0,1,30
Time,25,75%,STARTS,0.006756756756756753,1.0,0.0,NA,NA,30,0,0
Time,25,75%,STARTS+FAST-S,0.006756756756756753,1.0,0.0,NA,NA,30,0,0
Time,25,75%,STARTS+FAST-P,0.006756756756756753,1.0,0.0,NA,NA,30,0,0
Time,25,75%,STARTS+DPT,0.006756756756756753,1.0,0.0,NA,NA,30,0,0
Time,25,75%,Fastazi-S,0.5878378378378383,87.0,0.0,NA,NA,30,0,0
Time,25,75%,Fastazi-P,0.5878378378378383,87.0,0.0,NA,NA,30,0,0
Time,25,75%,Random,0.5878378378378383,87.0,0.4019144144144144,NA,NA,13,0,17
Time,25,80%,Ekstazi,0.6283783783783786,93.0,0.4506756756756757,NA,NA,10,0,20
Time,25,80%,FAST,0.6283783783783786,93.0,0.0,NA,NA,30,0,0
Time,25,80%,Ekstazi+dpt,0.6283783783783786,93.0,0.9148648648648648,13.1,0.08851351351351351,0,1,30
Time,25,80%,DPT,0.6283783783783786,93.0,0.9155405405405405,13.0,0.08783783783783784,0,1,30
Time,25,80%,STARTS,0.006756756756756753,1.0,0.0,NA,NA,30,0,0
Time,25,80%,STARTS+FAST-S,0.006756756756756753,1.0,0.0,NA,NA,30,0,0
Time,25,80%,STARTS+FAST-P,0.006756756756756753,1.0,0.0,NA,NA,30,0,0
Time,25,80%,STARTS+DPT,0.006756756756756753,1.0,0.0,NA,NA,30,0,0
Time,25,80%,Fastazi-S,0.6283783783783786,93.0,0.3880630630630631,91.06666666666666,0.6153153153153151,0,1,30
Time,25,80%,Fastazi-P,0.6283783783783786,93.0,0.0,NA,NA,30,0,0
Time,25,80%,Random,0.6283783783783786,93.0,0.42781531531531525,NA,NA,11,0,19
Time,25,90%,Ekstazi,0.7094594594594595,105.0,0.5066441441441442,NA,NA,5,0,25
Time,25,90%,FAST,0.7094594594594595,105.0,0.0,NA,NA,30,0,0
Time,25,90%,Ekstazi+dpt,0.7094594594594595,105.0,0.9148648648648648,13.1,0.08851351351351351,0,1,30
Time,25,90%,DPT,0.7094594594594595,105.0,0.9155405405405405,13.0,0.08783783783783784,0,1,30
Time,25,90%,STARTS,0.006756756756756753,1.0,0.0,NA,NA,30,0,0
Time,25,90%,STARTS+FAST-S,0.006756756756756753,1.0,0.0,NA,NA,30,0,0
Time,25,90%,STARTS+FAST-P,0.006756756756756753,1.0,0.0,NA,NA,30,0,0
Time,25,90%,STARTS+DPT,0.006756756756756753,1.0,0.0,NA,NA,30,0,0
Time,25,90%,Fastazi-S,0.7094594594594595,105.0,0.3880630630630631,91.06666666666666,0.6153153153153151,0,1,30
Time,25,90%,Fastazi-P,0.7094594594594595,105.0,0.35450450450450455,96.03333333333333,0.6488738738738742,0,1,30
Time,25,90%,Random,0.7094594594594595,105.0,0.48536036036036034,NA,NA,6,0,24
Time,25,100%,Ekstazi,0.7905405405405405,117.0,0.5481981981981983,67.36666666666666,0.45518018018018025,0,1,30
Time,25,100%,FAST,0.7905405405405405,117.0,0.27342342342342363,108.03333333333333,0.729954954954955,0,1,30
Time,25,100%,Ekstazi+dpt,0.7905405405405405,117.0,0.9148648648648648,13.1,0.08851351351351351,0,1,30
Time,25,100%,DPT,0.7905405405405405,117.0,0.9155405405405405,13.0,0.08783783783783784,0,1,30
Time,25,100%,STARTS,0.006756756756756753,1.0,0.0,NA,NA,30,0,0
Time,25,100%,STARTS+FAST-S,0.006756756756756753,1.0,0.0,NA,NA,30,0,0
Time,25,100%,STARTS+FAST-P,0.006756756756756753,1.0,0.0,NA,NA,30,0,0
Time,25,100%,STARTS+DPT,0.006756756756756753,1.0,0.0,NA,NA,30,0,0
Time,25,100%,Fastazi-S,0.7905405405405405,117.0,0.3880630630630631,91.06666666666666,0.6153153153153151,0,1,30
Time,25,100%,Fastazi-P,0.7905405405405405,117.0,0.35450450450450455,96.03333333333333,0.6488738738738742,0,1,30
Time,25,100%,Random,0.7905405405405405,117.0,0.4931306306306306,NA,NA,5,0,25
Time,26,10%,Ekstazi,0.006756756756756753,1.0,0.06644144144144144,NA,NA,28,0,2
Time,26,10%,FAST,0.006756756756756753,1.0,0.0,NA,NA,30,0,0
Time,26,10%,Ekstazi+dpt,0.006756756756756753,1.0,0.0,NA,NA,30,0,0
Time,26,10%,DPT,0.006756756756756753,1.0,0.0,NA,NA,30,0,0
Time,26,10%,STARTS,0.006756756756756753,1.0,0.0,NA,NA,30,0,0
Time,26,10%,STARTS+FAST-S,0.006756756756756753,1.0,0.0,NA,NA,30,0,0
Time,26,10%,STARTS+FAST-P,0.006756756756756753,1.0,0.0,NA,NA,30,0,0
Time,26,10%,STARTS+DPT,0.006756756756756753,1.0,0.0,NA,NA,30,0,0
Time,26,10%,Fastazi-S,0.006756756756756753,1.0,0.09966216216216216,NA,NA,27,0,3
Time,26,10%,Fastazi-P,0.006756756756756753,1.0,0.0,NA,NA,30,0,0
Time,26,10%,Random,0.006756756756756753,1.0,0.03322072072072072,NA,NA,29,0,1
Time,26,20%,Ekstazi,0.020270270270270282,3.0,0.09943693693693693,NA,NA,27,0,3
Time,26,20%,FAST,0.020270270270270282,3.0,0.0,NA,NA,30,0,0
Time,26,20%,Ekstazi+dpt,0.020270270270270282,3.0,0.0,NA,NA,30,0,0
Time,26,20%,DPT,0.020270270270270282,3.0,0.0,NA,NA,30,0,0
Time,26,20%,STARTS,0.006756756756756753,1.0,0.0,NA,NA,30,0,0
Time,26,20%,STARTS+FAST-S,0.006756756756756753,1.0,0.0,NA,NA,30,0,0
Time,26,20%,STARTS+FAST-P,0.006756756756756753,1.0,0.0,NA,NA,30,0,0
Time,26,20%,STARTS+DPT,0.006756756756756753,1.0,0.0,NA,NA,30,0,0
Time,26,20%,Fastazi-S,0.020270270270270282,3.0,0.39549549549549556,NA,NA,18,0,12
Time,26,20%,Fastazi-P,0.020270270270270282,3.0,0.9503378378378382,NA,NA,1,0,29
Time,26,20%,Random,0.020270270270270282,3.0,0.03322072072072072,NA,NA,29,0,1
Time,26,25%,Ekstazi,0.02702702702702701,4.0,0.164527027027027,NA,NA,25,0,5
Time,26,25%,FAST,0.02702702702702701,4.0,0.0,NA,NA,30,0,0
Time,26,25%,Ekstazi+dpt,0.02702702702702701,4.0,0.0,NA,NA,30,0,0
Time,26,25%,DPT,0.02702702702702701,4.0,0.0,NA,NA,30,0,0
Time,26,25%,STARTS,0.006756756756756753,1.0,0.0,NA,NA,30,0,0
Time,26,25%,STARTS+FAST-S,0.006756756756756753,1.0,0.0,NA,NA,30,0,0
Time,26,25%,STARTS+FAST-P,0.006756756756756753,1.0,0.0,NA,NA,30,0,0
Time,26,25%,STARTS+DPT,0.006756756756756753,1.0,0.0,NA,NA,30,0,0
Time,26,25%,Fastazi-S,0.02702702702702701,4.0,0.883671171171171,NA,NA,3,0,27
Time,26,25%,Fastazi-P,0.02702702702702701,4.0,0.9828828828828833,3.033333333333333,0.020495495495495505,0,1,30
Time,26,25%,Random,0.02702702702702701,4.0,0.03322072072072072,NA,NA,29,0,1
Time,26,30%,Ekstazi,0.02702702702702701,4.0,0.164527027027027,NA,NA,25,0,5
Time,26,30%,FAST,0.02702702702702701,4.0,0.0,NA,NA,30,0,0
Time,26,30%,Ekstazi+dpt,0.02702702702702701,4.0,0.0,NA,NA,30,0,0
Time,26,30%,DPT,0.02702702702702701,4.0,0.0,NA,NA,30,0,0
Time,26,30%,STARTS,0.006756756756756753,1.0,0.0,NA,NA,30,0,0
Time,26,30%,STARTS+FAST-S,0.006756756756756753,1.0,0.0,NA,NA,30,0,0
Time,26,30%,STARTS+FAST-P,0.006756756756756753,1.0,0.0,NA,NA,30,0,0
Time,26,30%,STARTS+DPT,0.006756756756756753,1.0,0.0,NA,NA,30,0,0
Time,26,30%,Fastazi-S,0.02702702702702701,4.0,0.883671171171171,NA,NA,3,0,27
Time,26,30%,Fastazi-P,0.02702702702702701,4.0,0.9828828828828833,3.033333333333333,0.020495495495495505,0,1,30
Time,26,30%,Random,0.02702702702702701,4.0,0.03322072072072072,NA,NA,29,0,1
Time,26,40%,Ekstazi,0.040540540540540564,6.0,0.29313063063063066,NA,NA,21,0,9
Time,26,40%,FAST,0.040540540540540564,6.0,0.0,NA,NA,30,0,0
Time,26,40%,Ekstazi+dpt,0.040540540540540564,6.0,0.0,NA,NA,30,0,0
Time,26,40%,DPT,0.040540540540540564,6.0,0.0,NA,NA,30,0,0
Time,26,40%,STARTS,0.006756756756756753,1.0,0.0,NA,NA,30,0,0
Time,26,40%,STARTS+FAST-S,0.006756756756756753,1.0,0.0,NA,NA,30,0,0
Time,26,40%,STARTS+FAST-P,0.006756756756756753,1.0,0.0,NA,NA,30,0,0
Time,26,40%,STARTS+DPT,0.006756756756756753,1.0,0.0,NA,NA,30,0,0
Time,26,40%,Fastazi-S,0.040540540540540564,6.0,0.9806306306306305,3.3666666666666667,0.02274774774774775,0,1,30
Time,26,40%,Fastazi-P,0.040540540540540564,6.0,0.9828828828828833,3.033333333333333,0.020495495495495505,0,1,30
Time,26,40%,Random,0.040540540540540564,6.0,0.03322072072072072,NA,NA,29,0,1
Time,26,50%,Ekstazi,0.05405405405405402,8.0,0.4203828828828829,NA,NA,17,0,13
Time,26,50%,FAST,0.05405405405405402,8.0,0.0,NA,NA,30,0,0
Time,26,50%,Ekstazi+dpt,0.05405405405405402,8.0,0.0,NA,NA,30,0,0
Time,26,50%,DPT,0.05405405405405402,8.0,0.0,NA,NA,30,0,0
Time,26,50%,STARTS,0.006756756756756753,1.0,0.0,NA,NA,30,0,0
Time,26,50%,STARTS+FAST-S,0.006756756756756753,1.0,0.0,NA,NA,30,0,0
Time,26,50%,STARTS+FAST-P,0.006756756756756753,1.0,0.0,NA,NA,30,0,0
Time,26,50%,STARTS+DPT,0.006756756756756753,1.0,0.0,NA,NA,30,0,0
Time,26,50%,Fastazi-S,0.05405405405405402,8.0,0.9806306306306305,3.3666666666666667,0.02274774774774775,0,1,30
Time,26,50%,Fastazi-P,0.05405405405405402,8.0,0.9828828828828833,3.033333333333333,0.020495495495495505,0,1,30
Time,26,50%,Random,0.05405405405405402,8.0,0.03322072072072072,NA,NA,29,0,1
Time,26,60%,Ekstazi,0.060810810810810786,9.0,0.5460585585585586,NA,NA,13,0,17
Time,26,60%,FAST,0.060810810810810786,9.0,0.0,NA,NA,30,0,0
Time,26,60%,Ekstazi+dpt,0.060810810810810786,9.0,0.0,NA,NA,30,0,0
Time,26,60%,DPT,0.060810810810810786,9.0,0.0,NA,NA,30,0,0
Time,26,60%,STARTS,0.006756756756756753,1.0,0.0,NA,NA,30,0,0
Time,26,60%,STARTS+FAST-S,0.006756756756756753,1.0,0.0,NA,NA,30,0,0
Time,26,60%,STARTS+FAST-P,0.006756756756756753,1.0,0.0,NA,NA,30,0,0
Time,26,60%,STARTS+DPT,0.006756756756756753,1.0,0.0,NA,NA,30,0,0
Time,26,60%,Fastazi-S,0.060810810810810786,9.0,0.9806306306306305,3.3666666666666667,0.02274774774774775,0,1,30
Time,26,60%,Fastazi-P,0.060810810810810786,9.0,0.9828828828828833,3.033333333333333,0.020495495495495505,0,1,30
Time,26,60%,Random,0.060810810810810786,9.0,0.03322072072072072,NA,NA,29,0,1
Time,26,70%,Ekstazi,0.07432432432432431,11.0,0.5772522522522523,NA,NA,12,0,18
Time,26,70%,FAST,0.07432432432432431,11.0,0.0,NA,NA,30,0,0
Time,26,70%,Ekstazi+dpt,0.07432432432432431,11.0,0.0,NA,NA,30,0,0
Time,26,70%,DPT,0.07432432432432431,11.0,0.0,NA,NA,30,0,0
Time,26,70%,STARTS,0.006756756756756753,1.0,0.0,NA,NA,30,0,0
Time,26,70%,STARTS+FAST-S,0.006756756756756753,1.0,0.0,NA,NA,30,0,0
Time,26,70%,STARTS+FAST-P,0.006756756756756753,1.0,0.0,NA,NA,30,0,0
Time,26,70%,STARTS+DPT,0.006756756756756753,1.0,0.0,NA,NA,30,0,0
Time,26,70%,Fastazi-S,0.07432432432432431,11.0,0.9806306306306305,3.3666666666666667,0.02274774774774775,0,1,30
Time,26,70%,Fastazi-P,0.07432432432432431,11.0,0.9828828828828833,3.033333333333333,0.020495495495495505,0,1,30
Time,26,70%,Random,0.07432432432432431,11.0,0.03322072072072072,NA,NA,29,0,1
Time,26,75%,Ekstazi,0.08108108108108113,12.0,0.6387387387387389,NA,NA,10,0,20
Time,26,75%,FAST,0.08108108108108113,12.0,0.0,NA,NA,30,0,0
Time,26,75%,Ekstazi+dpt,0.08108108108108113,12.0,0.9222972972972975,12.0,0.08108108108108113,0,1,30
Time,26,75%,DPT,0.08108108108108113,12.0,0.0,NA,NA,30,0,0
Time,26,75%,STARTS,0.006756756756756753,1.0,0.0,NA,NA,30,0,0
Time,26,75%,STARTS+FAST-S,0.006756756756756753,1.0,0.0,NA,NA,30,0,0
Time,26,75%,STARTS+FAST-P,0.006756756756756753,1.0,0.0,NA,NA,30,0,0
Time,26,75%,STARTS+DPT,0.006756756756756753,1.0,0.0,NA,NA,30,0,0
Time,26,75%,Fastazi-S,0.08108108108108113,12.0,0.9806306306306305,3.3666666666666667,0.02274774774774775,0,1,30
Time,26,75%,Fastazi-P,0.08108108108108113,12.0,0.9828828828828833,3.033333333333333,0.020495495495495505,0,1,30
Time,26,75%,Random,0.08108108108108113,12.0,0.03322072072072072,NA,NA,29,0,1
Time,26,80%,Ekstazi,0.08108108108108113,12.0,0.6387387387387389,NA,NA,10,0,20
Time,26,80%,FAST,0.08108108108108113,12.0,0.0,NA,NA,30,0,0
Time,26,80%,Ekstazi+dpt,0.08108108108108113,12.0,0.9222972972972975,12.0,0.08108108108108113,0,1,30
Time,26,80%,DPT,0.08108108108108113,12.0,0.0,NA,NA,30,0,0
Time,26,80%,STARTS,0.006756756756756753,1.0,0.0,NA,NA,30,0,0
Time,26,80%,STARTS+FAST-S,0.006756756756756753,1.0,0.0,NA,NA,30,0,0
Time,26,80%,STARTS+FAST-P,0.006756756756756753,1.0,0.0,NA,NA,30,0,0
Time,26,80%,STARTS+DPT,0.006756756756756753,1.0,0.0,NA,NA,30,0,0
Time,26,80%,Fastazi-S,0.08108108108108113,12.0,0.9806306306306305,3.3666666666666667,0.02274774774774775,0,1,30
Time,26,80%,Fastazi-P,0.08108108108108113,12.0,0.9828828828828833,3.033333333333333,0.020495495495495505,0,1,30
Time,26,80%,Random,0.08108108108108113,12.0,0.03322072072072072,NA,NA,29,0,1
Time,26,90%,Ekstazi,0.09459459459459461,14.0,0.821171171171171,NA,NA,4,0,26
Time,26,90%,FAST,0.09459459459459461,14.0,0.0,NA,NA,30,0,0
Time,26,90%,Ekstazi+dpt,0.09459459459459461,14.0,0.9222972972972975,12.0,0.08108108108108113,0,1,30
Time,26,90%,DPT,0.09459459459459461,14.0,0.0,NA,NA,30,0,0
Time,26,90%,STARTS,0.006756756756756753,1.0,0.0,NA,NA,30,0,0
Time,26,90%,STARTS+FAST-S,0.006756756756756753,1.0,0.0,NA,NA,30,0,0
Time,26,90%,STARTS+FAST-P,0.006756756756756753,1.0,0.0,NA,NA,30,0,0
Time,26,90%,STARTS+DPT,0.006756756756756753,1.0,0.0,NA,NA,30,0,0
Time,26,90%,Fastazi-S,0.09459459459459461,14.0,0.9806306306306305,3.3666666666666667,0.02274774774774775,0,1,30
Time,26,90%,Fastazi-P,0.09459459459459461,14.0,0.9828828828828833,3.033333333333333,0.020495495495495505,0,1,30
Time,26,90%,Random,0.09459459459459461,14.0,0.03322072072072072,NA,NA,29,0,1
Time,26,100%,Ekstazi,0.10810810810810804,16.0,0.9409909909909909,9.233333333333333,0.06238738738738739,0,1,30
Time,26,100%,FAST,0.10810810810810804,16.0,0.0,NA,NA,30,0,0
Time,26,100%,Ekstazi+dpt,0.10810810810810804,16.0,0.9222972972972975,12.0,0.08108108108108113,0,1,30
Time,26,100%,DPT,0.10810810810810804,16.0,0.0,NA,NA,30,0,0
Time,26,100%,STARTS,0.006756756756756753,1.0,0.0,NA,NA,30,0,0
Time,26,100%,STARTS+FAST-S,0.006756756756756753,1.0,0.0,NA,NA,30,0,0
Time,26,100%,STARTS+FAST-P,0.006756756756756753,1.0,0.0,NA,NA,30,0,0
Time,26,100%,STARTS+DPT,0.006756756756756753,1.0,0.0,NA,NA,30,0,0
Time,26,100%,Fastazi-S,0.10810810810810804,16.0,0.9806306306306305,3.3666666666666667,0.02274774774774775,0,1,30
Time,26,100%,Fastazi-P,0.10810810810810804,16.0,0.9828828828828833,3.033333333333333,0.020495495495495505,0,1,30
Time,26,100%,Random,0.10810810810810804,16.0,0.03322072072072072,NA,NA,29,0,1
