Project, Version, Suite, Test count, APFDf, TTFF, pTTFF, Misses, Hit, HitCount
Cli,35,Random,25.0,0.4288,14.8,0.5920000000000001,0,1,30
Jsoup,39,FAST,25.0,0.5722,11.2,0.44800000000000006,0,1,30
Jsoup,37,STARTS+FAST-P,23.0,0.6244,9.9,0.39599999999999996,0,1,30
Jsoup,93,DPT,36.0,0.6255,14.0,0.3888888888888891,0,1,30
Jsoup,4,STARTS+FAST-S,16.0,0.6255,6.5,0.40625,0,1,30
Jsoup,39,Ekstazi,20.0,0.6488,9.3,0.3722,0,1,30
Cli,11,STARTS+FAST-S,24.0,0.6755,8.3,0.3458333333333334,0,1,30
Jsoup,34,Random,25.0,0.6766,8.6,0.3444,0,1,30
Jsoup,12,STARTS+FAST-S,18.0,0.7355,5.8,0.29000000000000004,0,1,30
Jsoup,93,Ekstazi+dpt,6.0,0.8755,5.0,0.13888888888888887,0,1,30
Cli,35,Fastazi-P,24.0,0.8844,3.4,0.13600000000000007,0,1,30
Codec,18,FAST,58.0,0.00862068965517241,58.0,1.0,0,1,30
Math,9,FAST,166.0,0.021084337349397596,163.0,0.981927710843373,0,1,30
Cli,17,STARTS+FAST-S,23.0,0.021739130434782598,23.0,1.0,0,1,30
Gson,15,DPT,93.0,0.022580645161290307,91.4,0.9827956989247312,0,1,30
Gson,9,DPT,89.0,0.02322097378277159,87.43333333333334,0.9823970037453188,0,1,30
Cli,21,STARTS+FAST-S,58.0,0.02542372881355926,58.0,0.9830508474576265,0,1,30
Cli,21,STARTS+FAST-P,58.0,0.02542372881355926,58.0,0.9830508474576265,0,1,30
Codec,17,FAST,58.0,0.041379310344827565,56.1,0.9672413793103448,0,1,30
Math,76,FAST,341.0,0.04252199413489732,327.0,0.9589442815249275,0,1,30
Codec,11,FAST,38.0,0.04561403508771926,36.766666666666666,0.9675438596491228,0,1,30
Math,50,FAST,279.0,0.0518518518518519,265.03333333333336,0.949940262843489,0,1,30
Math,45,FAST,276.0,0.05229468599033813,262.06666666666666,0.94951690821256,0,1,30
Math,32,FAST,254.0,0.05314960629921258,241.0,0.9488188976377956,0,1,30
Gson,13,DPT,92.0,0.05398550724637682,87.53333333333333,0.9514492753623185,0,1,30
Compress,40,Ekstazi+dpt,92.0,0.05448028673835124,88.43333333333334,0.9508960573476701,0,1,30
Compress,15,FAST,59.0,0.05649717514124288,56.166666666666664,0.951977401129943,0,1,30
Compress,40,FAST,93.0,0.059139784946236514,88.0,0.9462365591397843,0,1,30
Cli,28,STARTS+FAST-S,23.0,0.062499999999999986,23.0,0.9583333333333329,0,1,30
Cli,29,DPT,24.0,0.062499999999999986,23.0,0.9583333333333329,0,1,30
Math,41,FAST,262.0,0.06272264631043255,246.06666666666666,0.9391857506361329,0,1,30
Cli,17,Fastazi-S,22.0,0.06521739130434784,22.0,0.9565217391304344,0,1,30
Compress,40,DPT,93.0,0.06594982078853044,87.36666666666666,0.9394265232974907,0,1,30
Compress,40,STARTS+DPT,93.0,0.06702508960573474,87.26666666666667,0.9383512544802864,0,1,30
Gson,4,DPT,87.0,0.06934865900383144,81.46666666666667,0.9363984674329502,0,1,30
Jsoup,86,STARTS+FAST-S,34.0,0.06944444444444445,34.0,0.9444444444444439,0,1,30
Compress,40,Fastazi-S,92.0,0.06989247311827956,87.0,0.9354838709677412,0,1,30
Compress,40,Fastazi-P,92.0,0.06989247311827956,87.0,0.9354838709677412,0,1,30
Gson,4,STARTS+DPT,86.0,0.07049808429118778,81.36666666666666,0.9352490421455941,0,1,30
Jsoup,81,FAST,35.0,0.07333333333333332,32.93333333333333,0.9409523809523809,0,1,30
Gson,4,Ekstazi+dpt,84.0,0.07547892720306516,80.93333333333334,0.9302681992337164,0,1,30
Jsoup,10,FAST,19.0,0.07719298245614038,18.033333333333335,0.9491228070175433,0,1,30
Compress,40,STARTS+FAST-S,93.0,0.08064516129032255,86.0,0.9247311827956991,0,1,30
Compress,40,STARTS+FAST-P,93.0,0.08064516129032255,86.0,0.9247311827956991,0,1,30
Jsoup,55,FAST,27.0,0.08395061728395067,25.233333333333334,0.9345679012345677,0,1,30
Cli,17,FAST,23.0,0.08550724637681166,21.533333333333335,0.9362318840579711,0,1,30
Compress,44,DPT,119.0,0.08599439775910366,109.26666666666667,0.9182072829131654,0,1,30
Jsoup,21,FAST,22.0,0.08636363636363635,20.6,0.9363636363636364,0,1,30
Gson,13,STARTS+DPT,87.0,0.0891304347826087,84.3,0.916304347826087,0,1,30
Lang,18,DPT,84.0,0.0920634920634921,76.76666666666667,0.9138888888888886,0,1,30
Jsoup,60,STARTS+FAST-S,26.0,0.09259259259259257,25.0,0.9259259259259264,0,1,30
Jsoup,60,STARTS+FAST-P,26.0,0.09259259259259257,25.0,0.9259259259259264,0,1,30
Codec,14,FAST,52.0,0.09294871794871787,47.666666666666664,0.9166666666666662,0,1,30
Lang,20,DPT,85.0,0.09450980392156866,77.46666666666667,0.9113725490196081,0,1,30
Time,4,FAST,147.0,0.09455782312925166,133.6,0.908843537414966,0,1,30
Math,6,FAST,156.0,0.0991452991452992,141.03333333333333,0.9040598290598287,0,1,30
Jsoup,86,STARTS+FAST-P,34.0,0.10000000000000009,32.9,0.9138888888888883,0,1,30
Cli,26,Ekstazi+dpt,23.0,0.10416666666666666,22.0,0.9166666666666671,0,1,30
Cli,26,DPT,24.0,0.10416666666666666,22.0,0.9166666666666671,0,1,30
Cli,26,STARTS+DPT,24.0,0.10416666666666666,22.0,0.9166666666666671,0,1,30
Gson,10,FAST,90.0,0.10481481481481486,81.06666666666666,0.9007407407407404,0,1,30
Gson,17,DPT,93.0,0.10645161290322576,83.6,0.8989247311827951,0,1,30
Gson,15,STARTS+DPT,84.0,0.11290322580645154,83.0,0.8924731182795692,0,1,30
Gson,3,STARTS+FAST-S,84.0,0.11349206349206355,74.96666666666667,0.892460317460317,0,1,30
Gson,13,Ekstazi+dpt,82.0,0.11413043478260877,82.0,0.8913043478260863,0,1,30
Jsoup,60,FAST,27.0,0.11481481481481487,24.4,0.9037037037037038,0,1,30
Gson,5,DPT,87.0,0.1157088122605363,77.43333333333334,0.8900383141762455,0,1,30
Math,92,FAST,372.0,0.11648745519713269,329.1666666666667,0.8848566308243723,0,1,30
Math,49,FAST,276.0,0.11763285024154585,244.03333333333333,0.8841787439613523,0,1,30
Gson,9,STARTS+DPT,80.0,0.11797752808988762,79.0,0.8876404494382018,0,1,30
Codec,11,Fastazi-S,34.0,0.11842105263157889,34.0,0.8947368421052635,0,1,30
Gson,8,DPT,89.0,0.11872659176029962,78.93333333333334,0.8868913857677899,0,1,30
Compress,39,FAST,92.0,0.12173913043478267,81.3,0.8836956521739133,0,1,30
Cli,21,FAST,59.0,0.12316384180790965,52.233333333333334,0.8853107344632765,0,1,30
Cli,28,STARTS+FAST-P,23.0,0.1236111111111111,21.533333333333335,0.8972222222222219,0,1,30
Collections,25,FAST,194.0,0.12491408934707905,170.26666666666668,0.8776632302405502,0,1,30
Cli,17,Fastazi-P,22.0,0.12608695652173904,20.6,0.8956521739130433,0,1,30
Jsoup,60,Fastazi-S,24.0,0.12962962962962973,24.0,0.8888888888888892,0,1,30
Gson,3,STARTS+FAST-P,84.0,0.1384920634920635,72.86666666666666,0.867460317460317,0,1,30
Jsoup,32,FAST,23.0,0.13913043478260873,20.3,0.8826086956521738,0,1,30
Math,24,FAST,238.0,0.14467787114845937,204.06666666666666,0.8574229691876752,0,1,30
Jsoup,75,STARTS+FAST-P,32.0,0.1447619047619048,30.433333333333334,0.8695238095238099,0,1,30
Math,60,FAST,312.0,0.14551282051282058,267.1,0.8560897435897431,0,1,30
Cli,29,STARTS+DPT,22.0,0.14583333333333337,21.0,0.8755,0,1,30
Jsoup,75,STARTS+FAST-S,32.0,0.14666666666666667,30.366666666666667,0.8676190476190478,0,1,30
Gson,11,FAST,91.0,0.14688644688644692,78.13333333333334,0.8586080586080589,0,1,30
Codec,11,Fastazi-P,34.0,0.1473684210526315,32.9,0.8657894736842109,0,1,30
Cli,17,STARTS+FAST-P,23.0,0.1492753623188404,20.066666666666666,0.872463768115942,0,1,30
Cli,40,DPT,29.0,0.15057471264367817,25.133333333333333,0.8666666666666668,0,1,30
Time,22,STARTS+FAST-P,146.0,0.15192743764172334,125.16666666666667,0.851473922902494,0,1,30
Time,22,STARTS+FAST-S,146.0,0.15238095238095234,125.1,0.851020408163265,0,1,30
Math,45,STARTS+FAST-S,245.0,0.153864734299517,234.03333333333333,0.8479468599033821,0,1,30
Math,45,STARTS+FAST-P,245.0,0.1539855072463769,234.0,0.8478260869565222,0,1,30
Lang,19,STARTS+FAST-P,77.0,0.15555555555555553,71.43333333333334,0.8503968253968254,0,1,30
Jsoup,55,Fastazi-P,25.0,0.15555555555555564,23.3,0.8629629629629634,0,1,30
Jsoup,55,Fastazi-S,25.0,0.15679012345679022,23.266666666666666,0.8617283950617287,0,1,30
Time,16,STARTS+FAST-P,146.0,0.15873015873015875,124.16666666666667,0.844671201814059,0,1,30
Time,16,STARTS+FAST-S,146.0,0.15941043083900228,124.06666666666666,0.8439909297052154,0,1,30
Jsoup,41,STARTS+FAST-P,25.0,0.16153846153846158,22.3,0.8576923076923074,0,1,30
Compress,46,FAST,120.0,0.16249999999999998,101.0,0.8416666666666661,0,1,30
Lang,19,STARTS+FAST-S,77.0,0.16388888888888883,70.73333333333333,0.8420634920634918,0,1,30
Math,13,FAST,176.0,0.16590909090909095,147.3,0.8369318181818184,0,1,30
Gson,11,STARTS+FAST-S,85.0,0.17032967032967034,76.0,0.8351648351648355,0,1,30
Gson,11,STARTS+FAST-P,85.0,0.17032967032967034,76.0,0.8351648351648355,0,1,30
Time,25,STARTS+FAST-S,147.0,0.1711711711711712,123.16666666666667,0.832207207207207,0,1,30
Math,45,Fastazi-P,239.0,0.17198067632850242,229.03333333333333,0.829830917874396,0,1,30
Math,49,STARTS+FAST-S,243.0,0.17198067632850242,229.03333333333333,0.8298309178743961,0,1,30
Math,45,Fastazi-S,239.0,0.1721014492753623,229.0,0.8297101449275363,0,1,30
Math,49,STARTS+FAST-P,243.0,0.1721014492753623,229.0,0.8297101449275363,0,1,30
Time,14,DPT,147.0,0.173469387755102,122.0,0.8299319727891153,0,1,30
Gson,17,STARTS+DPT,83.0,0.17741935483870966,77.0,0.8279569892473119,0,1,30
Jsoup,78,FAST,35.0,0.17809523809523808,29.266666666666666,0.8361904761904765,0,1,30
Time,14,STARTS+DPT,146.0,0.1802721088435373,121.0,0.8231292517006804,0,1,30
Jsoup,78,STARTS+FAST-S,34.0,0.18095238095238095,29.166666666666668,0.8333333333333336,0,1,30
Jsoup,91,FAST,36.0,0.1814814814814815,29.966666666666665,0.8324074074074077,0,1,30
Jsoup,49,FAST,26.0,0.18205128205128202,21.766666666666666,0.8371794871794872,0,1,30
Math,100,DPT,420.0,0.18261904761904751,343.8,0.8185714285714287,0,1,30
Jsoup,78,STARTS+FAST-P,34.0,0.18285714285714288,29.1,0.8314285714285716,0,1,30
Lang,14,FAST,88.0,0.1837121212121212,72.33333333333333,0.8219696969696966,0,1,30
Jsoup,81,Fastazi-S,30.0,0.18476190476190477,29.033333333333335,0.8295238095238099,0,1,30
Jsoup,41,STARTS+FAST-S,25.0,0.18846153846153857,21.6,0.8307692307692306,0,1,30
Math,55,DPT,288.0,0.1892361111111111,234.0,0.8125,0,1,30
Gson,5,STARTS+DPT,78.0,0.189655172413793,71.0,0.8160919540229881,0,1,30
Math,20,DPT,207.0,0.19114331723027386,167.93333333333334,0.8112721417069244,0,1,30
Gson,8,STARTS+DPT,80.0,0.19138576779026228,72.46666666666667,0.8142322097378276,0,1,30
Time,5,STARTS+FAST-S,146.0,0.19251700680272113,119.2,0.8108843537414968,0,1,30
Math,19,DPT,207.0,0.19323671497584552,167.5,0.8091787439613528,0,1,30
Time,24,FAST,148.0,0.19324324324324313,119.9,0.8101351351351356,0,1,30
Time,5,STARTS+FAST-P,146.0,0.1934240362811792,119.06666666666666,0.8099773242630389,0,1,30
Lang,14,Fastazi-P,87.0,0.19507575757575765,71.33333333333333,0.8106060606060609,0,1,30
Math,50,Fastazi-S,235.0,0.19510155316606925,225.06666666666666,0.8066905615292708,0,1,30
Math,50,Fastazi-P,235.0,0.19534050179211468,225.0,0.8064516129032253,0,1,30
Lang,14,Fastazi-S,87.0,0.19583333333333341,71.26666666666667,0.8098484848484852,0,1,30
Time,25,STARTS+FAST-P,147.0,0.1988738738738739,119.06666666666666,0.8045045045045043,0,1,30
Math,50,STARTS+FAST-P,247.0,0.19892473118279572,224.0,0.8028673835125452,0,1,30
Math,68,FAST,333.0,0.20230230230230226,266.1333333333333,0.7991991991991994,0,1,30
Math,55,STARTS+DPT,256.0,0.20324074074074075,229.96666666666667,0.7984953703703705,0,1,30
Math,19,STARTS+DPT,180.0,0.2033816425120774,165.4,0.7990338164251208,0,1,30
Math,65,FAST,328.0,0.204979674796748,261.26666666666665,0.7965447154471545,0,1,30
Compress,20,FAST,64.0,0.20520833333333333,51.36666666666667,0.8026041666666667,0,1,30
Compress,22,FAST,75.0,0.20533333333333328,60.1,0.8013333333333335,0,1,30
Gson,9,FAST,89.0,0.20674157303370785,71.1,0.7988764044943825,0,1,30
Jsoup,91,STARTS+FAST-P,35.0,0.20740740740740732,29.033333333333335,0.8064814814814814,0,1,30
Jsoup,49,STARTS+FAST-P,24.0,0.208974358974359,21.066666666666666,0.8102564102564106,0,1,30
Cli,22,FAST,23.0,0.21014492753623182,18.666666666666668,0.8115942028985504,0,1,30
Math,50,STARTS+FAST-S,247.0,0.21075268817204307,220.7,0.7910394265232978,0,1,30
Jsoup,81,Fastazi-P,30.0,0.2114285714285714,28.1,0.8028571428571432,0,1,30
Jsoup,60,Fastazi-P,24.0,0.21481481481481493,21.7,0.803703703703704,0,1,30
Lang,23,FAST,85.0,0.21529411764705889,67.2,0.790588235294118,0,1,30
Lang,21,FAST,85.0,0.2168627450980393,67.06666666666666,0.7890196078431376,0,1,30
Lang,16,STARTS+FAST-P,84.0,0.217063492063492,66.26666666666667,0.788888888888889,0,1,30
Lang,16,STARTS+FAST-S,84.0,0.21785714285714278,66.2,0.7880952380952381,0,1,30
Math,84,STARTS+FAST-S,296.0,0.21813186813186808,285.1,0.7832417582417581,0,1,30
Math,92,DPT,372.0,0.2182795698924732,291.3,0.783064516129032,0,1,30
Math,84,STARTS+FAST-P,296.0,0.21840659340659335,285.0,0.782967032967033,0,1,30
Math,54,DPT,285.0,0.2209356725146199,222.53333333333333,0.7808187134502923,0,1,30
Jsoup,1,Fastazi-S,12.0,0.22222222222222213,9.833333333333334,0.8194444444444443,0,1,30
Jsoup,1,FAST,12.0,0.22222222222222215,9.833333333333334,0.8194444444444442,0,1,30
Jsoup,1,Fastazi-P,12.0,0.22222222222222215,9.833333333333334,0.8194444444444442,0,1,30
Math,24,STARTS+FAST-P,202.0,0.2245098039215687,185.06666666666666,0.7775910364145658,0,1,30
Codec,11,STARTS+FAST-S,34.0,0.22456140350877213,29.966666666666665,0.7885964912280696,0,1,30
Math,24,STARTS+FAST-S,202.0,0.22478991596638662,185.0,0.7773109243697479,0,1,30
Math,21,FAST,218.0,0.22568807339449531,169.3,0.7766055045871558,0,1,30
Math,34,DPT,254.0,0.2261154855643045,197.06666666666666,0.7758530183727033,0,1,30
Math,18,FAST,206.0,0.2268608414239483,159.76666666666668,0.7755663430420712,0,1,30
Gson,12,DPT,92.0,0.2271739130434782,71.6,0.7782608695652173,0,1,30
Jsoup,1,STARTS+FAST-S,12.0,0.22777777777777777,9.766666666666667,0.813888888888889,0,1,30
Cli,29,FAST,24.0,0.22777777777777788,19.033333333333335,0.7930555555555558,0,1,30
Math,102,FAST,426.0,0.22832550860719875,329.23333333333335,0.7728482003129891,0,1,30
Gson,12,STARTS+DPT,82.0,0.228623188405797,71.46666666666667,0.7768115942028986,0,1,30
Gson,12,Ekstazi+dpt,77.0,0.22898550724637676,71.43333333333334,0.776449275362319,0,1,30
Cli,23,Ekstazi+dpt,20.0,0.22916666666666677,19.0,0.7916666666666669,0,1,30
Cli,23,DPT,24.0,0.22916666666666677,19.0,0.7916666666666669,0,1,30
Cli,23,STARTS+DPT,21.0,0.22916666666666677,19.0,0.7916666666666669,0,1,30
Cli,24,DPT,24.0,0.22916666666666677,19.0,0.7916666666666669,0,1,30
Cli,25,DPT,24.0,0.22916666666666677,19.0,0.7916666666666669,0,1,30
Math,30,DPT,249.0,0.2325301204819278,191.6,0.7694779116465864,0,1,30
Gson,15,FAST,93.0,0.23405017921146967,71.73333333333333,0.7713261648745521,0,1,30
Compress,21,FAST,74.0,0.23603603603603618,57.03333333333333,0.7707207207207207,0,1,30
Math,8,DPT,166.0,0.23674698795180715,127.2,0.7662650602409642,0,1,30
Time,4,Fastazi-P,121.0,0.23741496598639458,112.6,0.7659863945578231,0,1,30
Jsoup,32,Fastazi-S,19.0,0.23768115942028967,18.033333333333335,0.7840579710144924,0,1,30
Jsoup,9,DPT,19.0,0.2403508771929824,14.933333333333334,0.7859649122807019,0,1,30
Gson,9,STARTS+FAST-S,80.0,0.24044943820224743,68.1,0.7651685393258423,0,1,30
Jsoup,60,Ekstazi+dpt,24.0,0.24074074074074064,21.0,0.7777777777777782,0,1,30
Jsoup,60,DPT,27.0,0.24074074074074064,21.0,0.7777777777777782,0,1,30
Jsoup,60,STARTS+DPT,26.0,0.24074074074074064,21.0,0.7777777777777782,0,1,30
Time,8,STARTS+FAST-S,146.0,0.24081632653061236,112.1,0.7625850340136059,0,1,30
Gson,9,STARTS+FAST-P,80.0,0.24082397003745334,68.06666666666666,0.7647940074906362,0,1,30
Lang,24,DPT,88.0,0.24128787878787877,67.26666666666667,0.7643939393939394,0,1,30
Math,8,STARTS+DPT,141.0,0.24277108433734934,126.2,0.7602409638554218,0,1,30
Compress,15,STARTS+FAST-S,45.0,0.24576271186440674,45.0,0.7627118644067795,0,1,30
Compress,15,STARTS+FAST-P,45.0,0.24576271186440674,45.0,0.7627118644067795,0,1,30
Lang,25,DPT,88.0,0.24696969696969698,66.76666666666667,0.7587121212121214,0,1,30
Lang,27,DPT,91.0,0.24761904761904763,68.96666666666667,0.7578754578754582,0,1,30
Lang,26,DPT,90.0,0.24851851851851853,68.13333333333334,0.7570370370370371,0,1,30
Time,24,STARTS+FAST-P,147.0,0.252027027027027,111.2,0.7513513513513513,0,1,30
Time,24,STARTS+FAST-S,147.0,0.2533783783783783,111.0,0.75,0,1,30
Math,30,STARTS+DPT,208.0,0.2536813922356091,186.33333333333334,0.748326639892905,0,1,30
Time,4,Fastazi-S,121.0,0.25442176870748284,110.1,0.7489795918367349,0,1,30
Time,8,STARTS+FAST-P,146.0,0.2548752834467122,110.03333333333333,0.7485260770975058,0,1,30
Jsoup,1,STARTS+FAST-P,12.0,0.2555555555555556,9.433333333333334,0.7861111111111112,0,1,30
Math,88,FAST,368.0,0.2563405797101448,274.1666666666667,0.7450181159420292,0,1,30
Jsoup,91,STARTS+FAST-S,35.0,0.2592592592592592,27.166666666666668,0.7546296296296295,0,1,30
Jsoup,88,STARTS+FAST-P,35.0,0.2592592592592594,27.166666666666668,0.7546296296296298,0,1,30
Compress,39,DPT,92.0,0.26014492753623186,68.56666666666666,0.7452898550724637,0,1,30
Jsoup,49,Fastazi-S,23.0,0.26025641025641033,19.733333333333334,0.7589743589743588,0,1,30
Jsoup,55,STARTS+FAST-S,25.0,0.2617283950617284,20.433333333333334,0.7567901234567903,0,1,30
Lang,14,STARTS+FAST-S,88.0,0.2632575757575758,65.33333333333333,0.7424242424242424,0,1,30
Compress,21,STARTS+FAST-P,62.0,0.2635135135135134,55.0,0.7432432432432431,0,1,30
Gson,8,Ekstazi+dpt,66.0,0.26404494382022475,66.0,0.7415730337078655,0,1,30
Math,31,FAST,250.0,0.26586666666666664,184.03333333333333,0.7361333333333334,0,1,30
Cli,36,STARTS+DPT,23.0,0.26666666666666666,19.566666666666666,0.7525641025641026,0,1,30
Math,64,DPT,323.0,0.26687306501547986,237.3,0.7346749226006193,0,1,30
Codec,17,DPT,58.0,0.267241379310345,43.0,0.741379310344828,0,1,30
Cli,36,Ekstazi+dpt,22.0,0.2679487179487179,19.533333333333335,0.7512820512820514,0,1,30
Math,64,STARTS+DPT,289.0,0.26811145510835915,236.9,0.73343653250774,0,1,30
Math,76,Fastazi-S,260.0,0.26842619745845564,249.96666666666667,0.7330400782013686,0,1,30
Gson,11,Fastazi-S,79.0,0.26849816849816843,67.06666666666666,0.7369963369963376,0,1,30
Cli,36,DPT,26.0,0.26923076923076916,19.5,0.75,0,1,30
Math,8,Ekstazi+dpt,134.0,0.270281124497992,121.63333333333334,0.7327309236947789,0,1,30
Cli,29,Ekstazi+dpt,18.0,0.2708333333333332,18.0,0.75,0,1,30
Jsoup,4,DPT,16.0,0.2708333333333333,12.166666666666666,0.7604166666666666,0,1,30
Jsoup,85,Ekstazi+dpt,32.0,0.2714285714285714,26.0,0.7428571428571434,0,1,30
Jsoup,85,DPT,35.0,0.2714285714285714,26.0,0.7428571428571434,0,1,30
Jsoup,85,STARTS+DPT,34.0,0.2714285714285714,26.0,0.7428571428571434,0,1,30
Gson,15,STARTS+FAST-S,84.0,0.2724014336917564,68.16666666666667,0.732974910394265,0,1,30
Math,19,Ekstazi+dpt,161.0,0.27262479871175516,151.06666666666666,0.729790660225443,0,1,30
Time,25,FAST,148.0,0.27342342342342363,108.03333333333333,0.729954954954955,0,1,30
Math,49,Fastazi-P,228.0,0.2735507246376814,201.0,0.7282608695652175,0,1,30
Cli,37,DPT,27.0,0.274074074074074,20.1,0.7444444444444446,0,1,30
Math,76,Fastazi-P,260.0,0.2741935483870969,248.0,0.727272727272727,0,1,30
Cli,37,STARTS+DPT,24.0,0.2765432098765432,20.033333333333335,0.7419753086419755,0,1,30
Gson,3,FAST,84.0,0.27698412698412705,61.233333333333334,0.7289682539682535,0,1,30
Math,49,Fastazi-S,228.0,0.27729468599033835,199.96666666666667,0.7245169082125605,0,1,30
Gson,3,Fastazi-S,83.0,0.2777777777777779,61.166666666666664,0.7281746031746027,0,1,30
Math,64,Ekstazi+dpt,279.0,0.27781217750258,233.76666666666668,0.7237358101135192,0,1,30
Gson,11,Fastazi-P,79.0,0.278021978021978,66.2,0.7274725274725274,0,1,30
Cli,38,DPT,27.0,0.27901234567901234,19.966666666666665,0.7395061728395063,0,1,30
Math,69,FAST,333.0,0.2796796796796796,240.36666666666667,0.7218218218218218,0,1,30
Cli,37,Ekstazi+dpt,23.0,0.2802469135802469,19.933333333333334,0.7382716049382715,0,1,30
Jsoup,49,STARTS+FAST-S,24.0,0.28076923076923077,19.2,0.7384615384615387,0,1,30
Jsoup,88,STARTS+FAST-S,35.0,0.28148148148148155,26.366666666666667,0.7324074074074076,0,1,30
Gson,15,STARTS+FAST-P,84.0,0.2835125448028675,67.13333333333334,0.7218637992831539,0,1,30
Math,89,FAST,370.0,0.2840540540540541,265.4,0.7172972972972975,0,1,30
Math,75,FAST,339.0,0.284070796460177,243.2,0.7174041297935101,0,1,30
Math,91,FAST,370.0,0.28450450450450454,265.23333333333335,0.716846846846847,0,1,30
Math,90,FAST,370.0,0.2845045045045046,265.23333333333335,0.7168468468468471,0,1,30
Gson,15,Ekstazi+dpt,67.0,0.2849462365591399,67.0,0.7204301075268815,0,1,30
Jsoup,55,STARTS+FAST-P,25.0,0.2851851851851851,19.8,0.7333333333333336,0,1,30
Compress,10,STARTS+FAST-P,43.0,0.2858024691358025,39.06666666666667,0.7234567901234564,0,1,30
Jsoup,49,Fastazi-P,23.0,0.28589743589743594,19.066666666666666,0.7333333333333333,0,1,30
Jsoup,29,FAST,23.0,0.2869565217391304,16.9,0.7347826086956526,0,1,30
Jsoup,4,Ekstazi+dpt,16.0,0.2875,11.9,0.74375,0,1,30
Lang,15,DPT,88.0,0.28787878787878796,63.166666666666664,0.7178030303030304,0,1,30
Codec,18,DPT,58.0,0.28850574712643684,41.766666666666666,0.720114942528736,0,1,30
Gson,3,Fastazi-P,83.0,0.288888888888889,60.233333333333334,0.7170634920634921,0,1,30
Collections,25,Fastazi-P,157.0,0.28900343642611676,138.43333333333334,0.7135738831615122,0,1,30
Jsoup,9,STARTS+DPT,16.0,0.28947368421052644,14.0,0.7368421052631576,0,1,30
Cli,28,FAST,24.0,0.2902777777777777,17.533333333333335,0.7305555555555556,0,1,30
Math,13,DPT,176.0,0.2903409090909091,125.4,0.7125000000000002,0,1,30
Math,5,Ekstazi+dpt,137.0,0.2923076923076924,110.9,0.7108974358974357,0,1,30
Math,5,DPT,156.0,0.2925213675213676,110.86666666666666,0.7106837606837606,0,1,30
Cli,26,STARTS+FAST-P,24.0,0.2930555555555555,17.466666666666665,0.7277777777777777,0,1,30
Cli,40,STARTS+DPT,22.0,0.293103448275862,21.0,0.7241379310344829,0,1,30
Cli,22,Fastazi-P,21.0,0.29420289855072457,16.733333333333334,0.727536231884058,0,1,30
Jsoup,21,STARTS+FAST-P,18.0,0.2954545454545455,16.0,0.7272727272727276,0,1,30
Jsoup,4,STARTS+DPT,16.0,0.29583333333333334,11.766666666666667,0.7354166666666667,0,1,30
Math,5,STARTS+DPT,137.0,0.295940170940171,110.33333333333333,0.7072649572649569,0,1,30
Time,24,Fastazi-P,119.0,0.29774774774774804,104.43333333333334,0.7056306306306307,0,1,30
Gson,9,Ekstazi+dpt,63.0,0.2977528089887641,63.0,0.7078651685393258,0,1,30
Jsoup,41,FAST,26.0,0.2987179487179486,18.733333333333334,0.7205128205128205,0,1,30
Lang,27,FAST,91.0,0.29963369963369957,64.23333333333333,0.7058608058608058,0,1,30
Jsoup,32,Fastazi-P,19.0,0.2999999999999998,16.6,0.7217391304347823,0,1,30
Jsoup,26,STARTS+FAST-S,20.0,0.29999999999999993,16.6,0.7217391304347829,0,1,30
Jsoup,13,FAST,19.0,0.30175438596491216,13.766666666666667,0.7245614035087722,0,1,30
Jsoup,13,Fastazi-P,19.0,0.30175438596491216,13.766666666666667,0.7245614035087722,0,1,30
Lang,14,STARTS+FAST-P,88.0,0.3018939393939394,61.93333333333333,0.7037878787878787,0,1,30
Math,65,Fastazi-S,284.0,0.3026422764227643,229.23333333333332,0.6988821138211383,0,1,30
Math,55,FAST,288.0,0.3032407407407408,201.16666666666666,0.6984953703703706,0,1,30
Codec,17,STARTS+FAST-P,41.0,0.30402298850574716,40.86666666666667,0.7045977011494258,0,1,30
Math,72,STARTS+DPT,303.0,0.3051130776794494,236.06666666666666,0.6963618485742381,0,1,30
Math,17,DPT,192.0,0.30520833333333325,133.9,0.6973958333333334,0,1,30
Math,98,FAST,413.0,0.30564971751412423,287.26666666666665,0.6955609362389025,0,1,30
Math,65,Fastazi-P,284.0,0.30569105691056925,228.23333333333332,0.6958333333333334,0,1,30
Compress,45,FAST,119.0,0.30616246498599436,83.06666666666666,0.6980392156862745,0,1,30
Math,44,FAST,275.0,0.3063030303030303,191.26666666666668,0.695515151515152,0,1,30
Math,72,DPT,339.0,0.3065880039331367,235.56666666666666,0.6948869223205507,0,1,30
Compress,10,STARTS+FAST-S,43.0,0.3086419753086419,37.833333333333336,0.700617283950617,0,1,30
Jsoup,13,Fastazi-S,19.0,0.3087719298245613,13.633333333333333,0.7175438596491229,0,1,30
Jsoup,15,STARTS+FAST-P,16.0,0.3087719298245614,13.633333333333333,0.7175438596491226,0,1,30
Math,16,DPT,191.0,0.30942408376963343,132.4,0.6931937172774868,0,1,30
Math,15,DPT,190.0,0.30947368421052635,131.7,0.6931578947368423,0,1,30
Math,12,FAST,165.0,0.31010101010101015,114.33333333333333,0.6929292929292931,0,1,30
Math,50,DPT,279.0,0.3124253285543608,192.33333333333334,0.6893667861409796,0,1,30
Math,15,STARTS+DPT,166.0,0.3126315789473684,131.1,0.69,0,1,30
Math,39,DPT,262.0,0.3133587786259541,180.4,0.6885496183206107,0,1,30
Compress,21,STARTS+FAST-S,62.0,0.31351351351351336,51.3,0.6932432432432434,0,1,30
Jsoup,26,STARTS+FAST-P,20.0,0.31449275362318835,16.266666666666666,0.7072463768115945,0,1,30
Math,50,STARTS+DPT,247.0,0.3148148148148148,191.66666666666666,0.6869772998805258,0,1,30
Jsoup,69,STARTS+FAST-S,33.0,0.3171428571428572,24.4,0.6971428571428572,0,1,30
Jsoup,90,Ekstazi+dpt,27.0,0.3194444444444446,25.0,0.6944444444444442,0,1,30
Jsoup,90,DPT,36.0,0.3194444444444446,25.0,0.6944444444444442,0,1,30
Jsoup,90,STARTS+DPT,34.0,0.3194444444444446,25.0,0.6944444444444442,0,1,30
Compress,27,FAST,78.0,0.3205128205128204,53.5,0.6858974358974356,0,1,30
Time,24,Fastazi-S,119.0,0.3209459459459458,101.0,0.6824324324324319,0,1,30
Compress,19,FAST,62.0,0.3209677419354838,42.6,0.6870967741935486,0,1,30
Jsoup,21,STARTS+FAST-S,18.0,0.3212121212121212,15.433333333333334,0.7015151515151518,0,1,30
Math,16,STARTS+DPT,150.0,0.3230366492146597,129.8,0.6795811518324608,0,1,30
Compress,42,FAST,101.0,0.32409240924092414,68.76666666666667,0.6808580858085811,0,1,30
Jsoup,46,STARTS+FAST-S,23.0,0.32435897435897426,18.066666666666666,0.6948717948717948,0,1,30
Math,50,Ekstazi+dpt,235.0,0.32449223416965356,188.96666666666667,0.6772998805256871,0,1,30
Jsoup,48,Ekstazi+dpt,23.0,0.3269230769230768,18.0,0.6923076923076923,0,1,30
Jsoup,48,DPT,26.0,0.3269230769230768,18.0,0.6923076923076923,0,1,30
Jsoup,48,STARTS+DPT,24.0,0.3269230769230768,18.0,0.6923076923076923,0,1,30
Math,94,DPT,381.0,0.32869641294838137,256.26666666666665,0.6726159230096237,0,1,30
Math,55,Ekstazi+dpt,200.0,0.3287037037037038,193.83333333333334,0.6730324074074076,0,1,30
Time,14,Ekstazi+dpt,99.0,0.3299319727891154,99.0,0.6734693877551018,0,1,30
Compress,15,Fastazi-S,41.0,0.33050847457627147,40.0,0.6779661016949149,0,1,30
Cli,26,STARTS+FAST-S,24.0,0.33055555555555555,16.566666666666666,0.6902777777777778,0,1,30
Cli,28,Fastazi-S,22.0,0.3319444444444445,16.533333333333335,0.6888888888888888,0,1,30
Cli,28,Fastazi-P,22.0,0.33472222222222214,16.466666666666665,0.6861111111111111,0,1,30
Math,93,DPT,381.0,0.3348206474190726,253.93333333333334,0.6664916885389327,0,1,30
Cli,12,FAST,22.0,0.3348484848484849,15.133333333333333,0.687878787878788,0,1,30
Jsoup,93,FAST,36.0,0.3370370370370372,24.366666666666667,0.6768518518518516,0,1,30
Jsoup,7,FAST,19.0,0.33859649122807006,13.066666666666666,0.6877192982456143,0,1,30
Jsoup,91,Fastazi-S,27.0,0.33981481481481496,24.266666666666666,0.6740740740740738,0,1,30
Math,10,DPT,198.0,0.3398989898989899,131.2,0.6626262626262627,0,1,30
Math,74,Ekstazi+dpt,309.0,0.34051130776794486,224.06666666666666,0.6609636184857425,0,1,30
Math,10,Ekstazi+dpt,175.0,0.34074074074074073,131.03333333333333,0.6617845117845119,0,1,30
Jsoup,21,Fastazi-S,15.0,0.34090909090909105,15.0,0.6818181818181821,0,1,30
Lang,20,STARTS+DPT,58.0,0.3411764705882353,56.5,0.6647058823529411,0,1,30
Collections,25,Fastazi-S,157.0,0.34158075601374555,128.23333333333332,0.660996563573883,0,1,30
Jsoup,69,STARTS+FAST-P,33.0,0.34190476190476193,23.533333333333335,0.6723809523809525,0,1,30
Math,62,DPT,317.0,0.34206098843322813,209.06666666666666,0.659516298633018,0,1,30
Math,74,DPT,339.0,0.3420845624385447,223.53333333333333,0.6593903638151425,0,1,30
Jsoup,9,Ekstazi+dpt,13.0,0.3421052631578945,13.0,0.6842105263157898,0,1,30
Jsoup,15,STARTS+FAST-S,16.0,0.34210526315789475,13.0,0.6842105263157894,0,1,30
Jsoup,46,FAST,26.0,0.3423076923076922,17.6,0.6769230769230768,0,1,30
Math,74,STARTS+DPT,309.0,0.3423795476892823,223.43333333333334,0.6590953785644051,0,1,30
Math,10,STARTS+DPT,175.0,0.34242424242424246,130.7,0.6601010101010104,0,1,30
Jsoup,93,STARTS+FAST-P,34.0,0.3425925925925925,24.166666666666668,0.6712962962962963,0,1,30
Cli,13,STARTS+FAST-P,52.0,0.34276729559748415,35.333333333333336,0.6666666666666666,0,1,30
Math,63,DPT,317.0,0.3434279705573081,208.63333333333333,0.6581493165089379,0,1,30
Time,22,FAST,147.0,0.3437641723356008,96.96666666666667,0.6596371882086167,0,1,30
Codec,11,STARTS+FAST-P,34.0,0.3447368421052631,25.4,0.6684210526315792,0,1,30
Math,62,STARTS+DPT,281.0,0.34553101997896957,207.96666666666667,0.6560462670872763,0,1,30
Math,15,Ekstazi+dpt,152.0,0.3463157894736842,124.7,0.6563157894736842,0,1,30
Lang,26,STARTS+DPT,69.0,0.3466666666666665,59.3,0.6588888888888886,0,1,30
Math,93,STARTS+DPT,313.0,0.34689413823272086,249.33333333333334,0.6544181977252844,0,1,30
Codec,17,STARTS+FAST-S,41.0,0.34770114942528724,38.333333333333336,0.6609195402298855,0,1,30
Lang,18,STARTS+DPT,57.0,0.3484126984126984,55.233333333333334,0.6575396825396826,0,1,30
Jsoup,22,STARTS+FAST-P,19.0,0.3492753623188405,15.466666666666667,0.6724637681159422,0,1,30
Cli,29,STARTS+FAST-S,22.0,0.35,16.1,0.6708333333333333,0,1,30
Math,39,STARTS+DPT,213.0,0.3512722646310433,170.46666666666667,0.6506361323155215,0,1,30
Compress,15,Fastazi-P,41.0,0.3514124293785313,38.766666666666666,0.6570621468926551,0,1,30
Cli,12,Fastazi-S,20.0,0.3515151515151516,14.766666666666667,0.6712121212121215,0,1,30
Math,94,STARTS+DPT,313.0,0.35170603674540685,247.5,0.6496062992125983,0,1,30
Gson,12,FAST,92.0,0.35217391304347817,60.1,0.6532608695652172,0,1,30
Cli,21,Fastazi-S,42.0,0.35254237288135626,38.7,0.6559322033898302,0,1,30
Math,93,Ekstazi+dpt,291.0,0.35345581802274734,246.83333333333334,0.6478565179352581,0,1,30
Cli,36,Random,26.0,0.35384615384615387,17.3,0.6653846153846154,0,1,30
Math,104,DPT,428.0,0.35404984423676017,276.96666666666664,0.6471183800623054,0,1,30
Time,25,Fastazi-P,117.0,0.35450450450450455,96.03333333333333,0.6488738738738742,0,1,30
Math,93,FAST,381.0,0.3547681539807525,246.33333333333334,0.6465441819772529,0,1,30
Cli,19,FAST,23.0,0.35507246376811585,15.333333333333334,0.6666666666666665,0,1,30
Compress,26,STARTS+FAST-S,54.0,0.3562770562770563,50.06666666666667,0.6502164502164501,0,1,30
Math,88,STARTS+DPT,329.0,0.35652173913043483,237.3,0.6448369565217391,0,1,30
Math,88,DPT,368.0,0.35697463768115945,237.13333333333333,0.6443840579710145,0,1,30
Lang,27,STARTS+FAST-P,60.0,0.3571428571428571,59.0,0.6483516483516484,0,1,30
Compress,26,STARTS+FAST-P,54.0,0.3571428571428571,50.0,0.6493506493506493,0,1,30
Jsoup,17,FAST,21.0,0.35714285714285743,14.0,0.6666666666666666,0,1,30
Jsoup,46,STARTS+FAST-P,23.0,0.35897435897435886,17.166666666666668,0.6602564102564101,0,1,30
Cli,13,STARTS+FAST-S,52.0,0.35974842767295584,34.43333333333333,0.6496855345911948,0,1,30
Gson,10,Fastazi-S,66.0,0.35999999999999976,58.1,0.6455555555555557,0,1,30
Compress,42,STARTS+FAST-S,73.0,0.36006600660066,65.13333333333334,0.6448844884488447,0,1,30
Gson,10,Fastazi-P,66.0,0.3603703703703702,58.06666666666667,0.6451851851851853,0,1,30
Time,9,STARTS,145.0,0.3607305936073059,93.83333333333333,0.6426940639269407,0,1,30
Compress,34,FAST,90.0,0.3607407407407406,58.03333333333333,0.6448148148148147,0,1,30
Time,23,DPT,148.0,0.3608108108108109,95.1,0.6425675675675677,0,1,30
Jsoup,93,STARTS+FAST-S,34.0,0.361111111111111,23.5,0.6527777777777778,0,1,30
Compress,24,DPT,75.0,0.36133333333333334,48.4,0.6453333333333334,0,1,30
Math,11,STARTS+FAST-S,145.0,0.36262626262626263,105.66666666666667,0.6404040404040402,0,1,30
Jsoup,91,Fastazi-P,27.0,0.3629629629629631,23.433333333333334,0.6509259259259257,0,1,30
Math,104,STARTS+DPT,359.0,0.36308411214953284,273.1,0.6380841121495328,0,1,30
Math,100,STARTS+DPT,287.0,0.36309523809523797,268.0,0.6380952380952379,0,1,30
Math,19,FAST,207.0,0.3631239935587762,132.33333333333334,0.6392914653784217,0,1,30
Math,20,FAST,207.0,0.36344605475040265,132.26666666666668,0.6389694041867953,0,1,30
Math,82,DPT,359.0,0.3636954503249767,228.93333333333334,0.6376973073351903,0,1,30
Math,83,DPT,359.0,0.36378830083565455,228.9,0.6376044568245125,0,1,30
Math,65,STARTS+FAST-P,292.0,0.3641260162601628,209.06666666666666,0.6373983739837396,0,1,30
Time,23,STARTS+DPT,147.0,0.36418918918918913,94.6,0.6391891891891892,0,1,30
Math,54,FAST,285.0,0.3644444444444446,181.63333333333333,0.6373099415204677,0,1,30
Cli,18,FAST,23.0,0.3652173913043476,15.1,0.6565217391304347,0,1,30
Math,21,Random,218.0,0.3674311926605504,138.4,0.6348623853211008,0,1,30
Math,24,Fastazi-P,176.0,0.3675070028011202,151.03333333333333,0.6345938375350137,0,1,30
Lang,15,STARTS+DPT,64.0,0.3678030303030304,56.13333333333333,0.6378787878787876,0,1,30
Math,21,Fastazi-P,186.0,0.36788990825688056,138.3,0.6344036697247708,0,1,30
Lang,27,STARTS+FAST-S,60.0,0.36813186813186843,58.0,0.6373626373626372,0,1,30
Compress,27,DPT,78.0,0.36880341880341855,49.733333333333334,0.6376068376068373,0,1,30
Cli,21,Fastazi-P,42.0,0.3689265536723161,37.733333333333334,0.6395480225988706,0,1,30
Math,56,STARTS+DPT,275.0,0.37006578947368435,192.0,0.631578947368421,0,1,30
Compress,21,Fastazi-S,58.0,0.37072072072072065,47.06666666666667,0.6360360360360363,0,1,30
Cli,23,STARTS+FAST-S,21.0,0.3708333333333333,15.6,0.65,0,1,30
Math,24,Fastazi-S,176.0,0.3710084033613443,150.2,0.6310924369747898,0,1,30
Math,18,STARTS+DPT,181.0,0.3710355987055017,130.06666666666666,0.6313915857605178,0,1,30
Math,18,DPT,206.0,0.37135922330097093,130.0,0.6310679611650486,0,1,30
Jsoup,15,FAST,19.0,0.37192982456140355,12.433333333333334,0.6543859649122807,0,1,30
Compress,21,Fastazi-P,58.0,0.37207207207207205,46.96666666666667,0.6346846846846849,0,1,30
Jsoup,41,Fastazi-P,24.0,0.37307692307692286,16.8,0.6461538461538461,0,1,30
Time,26,Random,148.0,0.37342342342342344,93.23333333333333,0.6299549549549551,0,1,30
Cli,33,DPT,24.0,0.373611111111111,15.533333333333333,0.6472222222222223,0,1,30
Time,6,FAST,147.0,0.37369614512471644,92.56666666666666,0.629705215419501,0,1,30
Math,94,Ekstazi+dpt,281.0,0.37410323709536314,238.96666666666667,0.627209098862642,0,1,30
Math,34,FAST,254.0,0.37427821522309707,159.43333333333334,0.6276902887139106,0,1,30
Math,11,STARTS+DPT,145.0,0.3743434343434345,103.73333333333333,0.6286868686868687,0,1,30
Math,11,Ekstazi+dpt,142.0,0.3747474747474749,103.66666666666667,0.6282828282828281,0,1,30
Jsoup,88,Ekstazi+dpt,29.0,0.37500000000000006,23.0,0.6388888888888892,0,1,30
Jsoup,88,DPT,36.0,0.37500000000000006,23.0,0.6388888888888892,0,1,30
Jsoup,88,STARTS+DPT,35.0,0.37500000000000006,23.0,0.6388888888888892,0,1,30
Jsoup,89,DPT,36.0,0.37500000000000006,23.0,0.6388888888888892,0,1,30
Jsoup,89,STARTS+DPT,34.0,0.37500000000000006,23.0,0.6388888888888892,0,1,30
Time,12,STARTS+FAST-P,146.0,0.375283446712018,92.33333333333333,0.6281179138321994,0,1,30
Math,44,STARTS+FAST-S,244.0,0.3755151515151516,172.23333333333332,0.62630303030303,0,1,30
Math,44,STARTS+FAST-P,244.0,0.37563636363636366,172.2,0.626181818181818,0,1,30
Math,56,DPT,304.0,0.37565789473684214,190.3,0.6259868421052631,0,1,30
Math,11,DPT,165.0,0.3765656565656566,103.36666666666666,0.6264646464646467,0,1,30
Time,13,FAST,147.0,0.3768707482993196,92.1,0.6265306122448978,0,1,30
Gson,16,FAST,93.0,0.37849462365591385,58.3,0.6268817204301076,0,1,30
Math,104,Ekstazi+dpt,331.0,0.38037383177570094,265.7,0.6207943925233643,0,1,30
Math,88,Ekstazi+dpt,294.0,0.38152173913043474,228.1,0.6198369565217392,0,1,30
Math,56,Ekstazi+dpt,262.0,0.3816885964912281,188.46666666666667,0.6199561403508772,0,1,30
Cli,11,STARTS+DPT,24.0,0.3819444444444444,15.333333333333334,0.638888888888889,0,1,30
Jsoup,13,STARTS+FAST-P,19.0,0.382456140350877,12.233333333333333,0.6438596491228072,0,1,30
Math,44,Fastazi-S,239.0,0.3825454545454544,170.3,0.6192727272727268,0,1,30
Math,44,Fastazi-P,239.0,0.38266666666666654,170.26666666666668,0.6191515151515147,0,1,30
Compress,26,DPT,77.0,0.38311688311688324,48.0,0.6233766233766233,0,1,30
Jsoup,21,Fastazi-P,15.0,0.38333333333333347,14.066666666666666,0.6393939393939395,0,1,30
Math,44,Random,275.0,0.38363636363636366,170.0,0.6181818181818183,0,1,30
Jsoup,24,Random,23.0,0.38405797101449274,14.666666666666666,0.6376811594202897,0,1,30
Lang,16,Ekstazi,84.0,0.3841269841269842,52.233333333333334,0.6218253968253967,0,1,30
Math,96,FAST,412.0,0.3843042071197411,254.16666666666666,0.6169093851132689,0,1,30
Time,12,STARTS+FAST-S,146.0,0.38458049886621304,90.96666666666667,0.6188208616780043,0,1,30
Lang,21,Random,85.0,0.3847058823529412,52.8,0.6211764705882354,0,1,30
Cli,11,DPT,24.0,0.38472222222222224,15.266666666666667,0.6361111111111111,0,1,30
Math,11,STARTS+FAST-P,145.0,0.3850505050505049,101.96666666666667,0.6179797979797979,0,1,30
Compress,22,STARTS+DPT,57.0,0.38622222222222224,46.53333333333333,0.6204444444444444,0,1,30
Math,18,Fastazi-S,167.0,0.3864077669902915,126.9,0.6160194174757284,0,1,30
Math,57,STARTS+DPT,279.0,0.3864951768488745,191.3,0.6151125401929262,0,1,30
Math,77,Random,345.0,0.38666666666666666,212.1,0.6147826086956522,0,1,30
Compress,22,DPT,75.0,0.3871111111111111,46.46666666666667,0.6195555555555555,0,1,30
Codec,17,STARTS+DPT,41.0,0.3879310344827585,36.0,0.620689655172414,0,1,30
Time,25,Fastazi-S,117.0,0.3880630630630631,91.06666666666666,0.6153153153153151,0,1,30
Lang,24,STARTS+DPT,61.0,0.38863636363636367,54.3,0.6170454545454545,0,1,30
Cli,31,DPT,24.0,0.3888888888888889,15.166666666666666,0.6319444444444445,0,1,30
Math,21,Fastazi-S,186.0,0.38899082568807336,133.7,0.6133027522935781,0,1,30
Lang,18,Random,84.0,0.38928571428571435,51.8,0.6166666666666667,0,1,30
Compress,20,DPT,64.0,0.38958333333333334,39.56666666666667,0.6182291666666667,0,1,30
Math,57,DPT,311.0,0.3897106109324758,190.3,0.6118971061093247,0,1,30
Jsoup,56,STARTS+FAST-S,26.0,0.39012345679012356,16.966666666666665,0.6283950617283952,0,1,30
Time,4,STARTS+FAST-S,147.0,0.39047619047619037,90.1,0.612925170068027,0,1,30
Math,72,Ekstazi+dpt,245.0,0.39056047197640115,207.1,0.6109144542772863,0,1,30
Compress,14,DPT,57.0,0.39064327485380124,35.233333333333334,0.6181286549707602,0,1,30
Compress,27,Ekstazi+dpt,49.0,0.3910256410256407,48.0,0.6153846153846153,0,1,30
Compress,27,STARTS+DPT,55.0,0.3910256410256407,48.0,0.6153846153846153,0,1,30
Compress,22,Fastazi-S,53.0,0.39155555555555555,46.13333333333333,0.615111111111111,0,1,30
Cli,11,Ekstazi+dpt,24.0,0.3916666666666666,15.1,0.6291666666666667,0,1,30
Math,18,Fastazi-P,167.0,0.39190938511326884,125.76666666666667,0.6105177993527509,0,1,30
Cli,20,FAST,23.0,0.3927536231884056,14.466666666666667,0.6289855072463766,0,1,30
Jsoup,10,Fastazi-P,13.0,0.392982456140351,12.033333333333333,0.6333333333333334,0,1,30
Cli,28,STARTS+DPT,23.0,0.3930555555555556,15.066666666666666,0.6277777777777778,0,1,30
Time,25,STARTS,147.0,0.3948198198198199,90.06666666666666,0.6085585585585586,0,1,30
Jsoup,23,FAST,23.0,0.3956521739130435,14.4,0.626086956521739,0,1,30
Math,33,FAST,254.0,0.39566929133858264,154.0,0.6062992125984252,0,1,30
Cli,32,DPT,24.0,0.3958333333333333,15.0,0.6255,0,1,30
Math,33,Random,254.0,0.39593175853018375,153.93333333333334,0.6060367454068242,0,1,30
Compress,26,STARTS+DPT,54.0,0.39610389610389635,47.0,0.6103896103896104,0,1,30
Compress,39,STARTS+FAST-P,60.0,0.39637681159420296,56.03333333333333,0.6090579710144933,0,1,30
Math,55,STARTS+FAST-S,256.0,0.39675925925925937,174.23333333333332,0.6049768518518518,0,1,30
Math,65,STARTS+FAST-S,292.0,0.3970528455284555,198.26666666666668,0.6044715447154473,0,1,30
Cli,23,STARTS+FAST-P,21.0,0.3972222222222221,14.966666666666667,0.6236111111111111,0,1,30
Cli,28,DPT,24.0,0.39722222222222214,14.966666666666667,0.623611111111111,0,1,30
Math,55,STARTS+FAST-P,256.0,0.39722222222222237,174.1,0.6045138888888888,0,1,30
Compress,39,STARTS+DPT,60.0,0.3981884057971015,55.86666666666667,0.6072463768115944,0,1,30
Jsoup,22,STARTS+FAST-S,19.0,0.3985507246376811,14.333333333333334,0.6231884057971016,0,1,30
Gson,14,FAST,93.0,0.3985663082437274,56.43333333333333,0.6068100358422938,0,1,30
Jsoup,56,STARTS+FAST-P,26.0,0.3987654320987656,16.733333333333334,0.619753086419753,0,1,30
Time,10,FAST,146.0,0.39954337899543374,88.16666666666667,0.6038812785388128,0,1,30
Jsoup,13,STARTS+FAST-S,19.0,0.39999999999999974,11.9,0.6263157894736844,0,1,30
Gson,11,Random,91.0,0.4003663003663004,55.06666666666667,0.6051282051282052,0,1,30
Math,8,FAST,166.0,0.4012048192771083,99.9,0.6018072289156627,0,1,30
Compress,22,Ekstazi+dpt,53.0,0.40133333333333315,45.4,0.6053333333333332,0,1,30
Compress,36,Random,92.0,0.40144927536231884,55.56666666666667,0.6039855072463768,0,1,30
Math,73,DPT,339.0,0.4019665683382497,203.23333333333332,0.5995083579154376,0,1,30
Lang,19,DPT,84.0,0.4023809523809524,50.7,0.6035714285714285,0,1,30
Jsoup,38,Random,25.0,0.4040000000000001,15.4,0.6160000000000001,0,1,30
Cli,31,STARTS+DPT,23.0,0.4041666666666667,14.8,0.6166666666666668,0,1,30
Math,73,STARTS+DPT,281.0,0.4050147492625368,202.2,0.5964601769911505,0,1,30
Lang,24,Random,88.0,0.4053030303030304,52.833333333333336,0.6003787878787877,0,1,30
Cli,31,Ekstazi+dpt,22.0,0.40694444444444444,14.733333333333333,0.6138888888888888,0,1,30
Compress,39,STARTS+FAST-S,60.0,0.4076086956521739,55.0,0.5978260869565217,0,1,30
Codec,17,Fastazi-P,36.0,0.4080459770114941,34.833333333333336,0.6005747126436785,0,1,30
Codec,17,Fastazi-S,36.0,0.40804597701149414,34.833333333333336,0.6005747126436785,0,1,30
Compress,45,DPT,119.0,0.40840336134453803,70.9,0.5957983193277311,0,1,30
Jsoup,26,Random,23.0,0.41014492753623194,14.066666666666666,0.6115942028985508,0,1,30
Cli,12,Fastazi-P,20.0,0.4106060606060607,13.466666666666667,0.6121212121212122,0,1,30
Math,99,Random,415.0,0.41068273092369484,245.06666666666666,0.5905220883534137,0,1,30
Cli,15,FAST,56.0,0.4107142857142857,33.5,0.5982142857142857,0,1,30
Time,4,STARTS+FAST-P,147.0,0.4113378684807255,87.03333333333333,0.5920634920634918,0,1,30
Cli,28,Ekstazi+dpt,22.0,0.41250000000000003,14.6,0.6083333333333332,0,1,30
Time,10,STARTS+FAST-S,145.0,0.4132420091324201,86.16666666666667,0.5901826484018263,0,1,30
Time,10,STARTS+FAST-P,145.0,0.41369863013698643,86.1,0.5897260273972603,0,1,30
Math,73,Ekstazi+dpt,267.0,0.4139626352015732,199.16666666666666,0.5875122910521142,0,1,30
Math,88,Fastazi-P,294.0,0.41403985507246344,216.13333333333333,0.5873188405797103,0,1,30
Jsoup,79,DPT,35.0,0.4142857142857145,21.0,0.6,0,1,30
Jsoup,79,STARTS+DPT,33.0,0.4142857142857145,21.0,0.6,0,1,30
Math,18,Ekstazi+dpt,167.0,0.4163430420711975,120.73333333333333,0.586084142394822,0,1,30
Math,88,Fastazi-S,294.0,0.41666666666666646,215.16666666666666,0.5846920289855074,0,1,30
Math,99,FAST,415.0,0.4170281124497992,242.43333333333334,0.5841767068273093,0,1,30
Jsoup,69,FAST,35.0,0.4171428571428573,20.9,0.5971428571428572,0,1,30
Math,51,FAST,283.0,0.41766784452296807,165.3,0.5840989399293288,0,1,30
Lang,25,STARTS+DPT,57.0,0.41780303030303045,51.733333333333334,0.5878787878787878,0,1,30
Cli,14,FAST,55.0,0.4181818181818182,32.5,0.5909090909090909,0,1,30
Math,57,Random,311.0,0.41854233654876744,181.33333333333334,0.5830653804930334,0,1,30
Compress,10,Random,54.0,0.4197530864197532,31.833333333333332,0.5895061728395063,0,1,30
Compress,24,STARTS+DPT,49.0,0.42,44.0,0.5866666666666663,0,1,30
Time,16,Ekstazi+dpt,114.0,0.42063492063492075,85.66666666666667,0.582766439909297,0,1,30
Compress,20,STARTS+DPT,45.0,0.42083333333333334,37.56666666666667,0.5869791666666667,0,1,30
Gson,2,Random,84.0,0.42103174603174603,49.13333333333333,0.584920634920635,0,1,30
Time,16,STARTS+DPT,146.0,0.42108843537414964,85.6,0.582312925170068,0,1,30
Jsoup,41,Fastazi-S,24.0,0.4217948717948716,15.533333333333333,0.5974358974358973,0,1,30
Math,89,Fastazi-P,302.0,0.4221621621621622,214.3,0.579189189189189,0,1,30
Time,16,DPT,147.0,0.4231292517006804,85.3,0.5802721088435375,0,1,30
Compress,45,Random,119.0,0.42380952380952386,69.06666666666666,0.5803921568627453,0,1,30
Lang,19,STARTS+DPT,77.0,0.4238095238095239,48.9,0.5821428571428571,0,1,30
Lang,27,STARTS+DPT,60.0,0.42417582417582433,52.9,0.5813186813186813,0,1,30
Gson,17,Ekstazi+dpt,54.0,0.42473118279569866,54.0,0.5806451612903225,0,1,30
Math,89,Fastazi-S,302.0,0.42486486486486474,213.3,0.5764864864864865,0,1,30
Gson,1,Ekstazi,77.0,0.4256410256410256,45.3,0.5807692307692309,0,1,30
Jsoup,42,Random,26.0,0.42564102564102574,15.433333333333334,0.5935897435897437,0,1,30
Jsoup,56,Ekstazi+dpt,23.0,0.4259259259259257,16.0,0.5925925925925921,0,1,30
Jsoup,56,DPT,27.0,0.4259259259259257,16.0,0.5925925925925921,0,1,30
Jsoup,56,STARTS+DPT,26.0,0.4259259259259257,16.0,0.5925925925925921,0,1,30
Jsoup,25,Random,23.0,0.42608695652173917,13.7,0.5956521739130435,0,1,30
Lang,25,Random,88.0,0.4268939393939393,50.93333333333333,0.5787878787878787,0,1,30
Cli,29,STARTS+FAST-P,22.0,0.42777777777777787,14.233333333333333,0.5930555555555556,0,1,30
Lang,21,STARTS+FAST-S,59.0,0.42784313725490214,49.13333333333333,0.5780392156862745,0,1,30
Time,10,Random,146.0,0.4292237442922374,83.83333333333333,0.5742009132420092,0,1,30
Time,5,Random,147.0,0.4303854875283447,84.23333333333333,0.573015873015873,0,1,30
Gson,14,STARTS+FAST-P,89.0,0.43118279569892454,53.4,0.5741935483870969,0,1,30
Math,89,Random,370.0,0.43144144144144136,210.86666666666667,0.5699099099099099,0,1,30
Cli,29,Fastazi-S,18.0,0.4319444444444445,14.133333333333333,0.5888888888888888,0,1,30
Gson,10,Random,90.0,0.43222222222222223,51.6,0.5733333333333336,0,1,30
Time,11,STARTS,145.0,0.432420091324201,83.36666666666666,0.5710045662100457,0,1,30
Time,11,Random,146.0,0.4328767123287671,83.3,0.5705479452054796,0,1,30
Jsoup,47,STARTS+FAST-S,24.0,0.43333333333333324,15.233333333333333,0.5858974358974357,0,1,30
Lang,14,STARTS,88.0,0.43333333333333346,50.36666666666667,0.5723484848484849,0,1,30
Jsoup,15,Random,19.0,0.43333333333333346,11.266666666666667,0.5929824561403508,0,1,30
Time,11,STARTS+FAST-P,145.0,0.4337899543378994,83.16666666666667,0.569634703196347,0,1,30
Math,54,Random,285.0,0.4342690058479531,161.73333333333332,0.5674853801169591,0,1,30
Jsoup,37,Fastazi-S,20.0,0.4346666666666667,14.633333333333333,0.5853333333333332,0,1,30
Cli,29,Fastazi-P,18.0,0.4347222222222222,14.066666666666666,0.5861111111111111,0,1,30
Time,22,Random,147.0,0.43492063492063493,83.56666666666666,0.5684807256235829,0,1,30
Compress,26,Ekstazi+dpt,49.0,0.4350649350649349,44.0,0.5714285714285713,0,1,30
Jsoup,7,Fastazi-P,17.0,0.43508771929824575,11.233333333333333,0.5912280701754387,0,1,30
Jsoup,47,STARTS+FAST-P,24.0,0.4358974358974358,15.166666666666666,0.5833333333333333,0,1,30
Cli,11,STARTS,24.0,0.43611111111111106,14.033333333333333,0.5847222222222224,0,1,30
Collections,25,Random,194.0,0.4364261168384881,109.83333333333333,0.566151202749141,0,1,30
Jsoup,63,Ekstazi,27.0,0.43703703703703695,15.7,0.5814814814814814,0,1,30
Jsoup,78,Fastazi-S,24.0,0.43714285714285733,20.2,0.5771428571428571,0,1,30
Math,57,Ekstazi+dpt,243.0,0.43729903536977494,175.5,0.5643086816720257,0,1,30
Compress,22,Fastazi-P,53.0,0.43777777777777777,42.666666666666664,0.5688888888888887,0,1,30
Compress,30,DPT,89.0,0.43782771535580534,50.53333333333333,0.5677902621722848,0,1,30
Gson,5,FAST,87.0,0.4383141762452108,49.36666666666667,0.5674329501915711,0,1,30
Time,20,Random,147.0,0.43832199546485257,83.06666666666666,0.5650793650793652,0,1,30
Lang,21,STARTS+FAST-P,59.0,0.43843137254901976,48.233333333333334,0.5674509803921567,0,1,30
Compress,20,Ekstazi+dpt,40.0,0.43854166666666666,36.43333333333333,0.5692708333333333,0,1,30
Time,22,Fastazi-P,115.0,0.43854875283446704,83.03333333333333,0.5648526077097505,0,1,30
Cli,31,Random,24.0,0.43888888888888883,13.966666666666667,0.5819444444444443,0,1,30
Compress,42,STARTS+FAST-P,73.0,0.4389438943894389,57.166666666666664,0.5660066006600658,0,1,30
Time,4,STARTS,147.0,0.4390022675736961,82.96666666666667,0.5643990929705216,0,1,30
Jsoup,78,Fastazi-P,24.0,0.4390476190476192,20.133333333333333,0.5752380952380952,0,1,30
Math,52,Ekstazi+dpt,234.0,0.4392018779342722,159.76666666666668,0.5625586854460093,0,1,30
Math,26,Random,248.0,0.439516129032258,139.5,0.5625000000000001,0,1,30
Math,53,FAST,285.0,0.43953216374269016,160.23333333333332,0.5622222222222223,0,1,30
Jsoup,54,Random,26.0,0.4397435897435897,15.066666666666666,0.5794871794871795,0,1,30
Math,92,Random,372.0,0.43978494623655917,208.9,0.5615591397849464,0,1,30
Math,52,STARTS+DPT,250.0,0.4399061032863848,159.56666666666666,0.5618544600938967,0,1,30
Math,52,DPT,284.0,0.44025821596244125,159.46666666666667,0.5615023474178403,0,1,30
Gson,17,FAST,93.0,0.44086021505376327,52.5,0.564516129032258,0,1,30
Math,53,DPT,285.0,0.4410526315789475,159.8,0.5607017543859649,0,1,30
Codec,11,STARTS+DPT,34.0,0.4412280701754385,21.733333333333334,0.5719298245614034,0,1,30
Math,62,Random,317.0,0.4413249211356467,177.6,0.5602523659305992,0,1,30
Math,53,STARTS+DPT,251.0,0.4414035087719299,159.7,0.5603508771929824,0,1,30
Gson,16,STARTS+FAST-S,88.0,0.4415770609318996,52.43333333333333,0.5637992831541218,0,1,30
Cli,32,Random,24.0,0.44166666666666654,13.9,0.5791666666666667,0,1,30
Cli,23,FAST,24.0,0.4416666666666666,13.9,0.5791666666666665,0,1,30
Cli,31,Ekstazi,22.0,0.44166666666666665,13.9,0.5791666666666667,0,1,30
Jsoup,47,Ekstazi+dpt,23.0,0.4423076923076922,15.0,0.5769230769230768,0,1,30
Jsoup,47,DPT,26.0,0.4423076923076922,15.0,0.5769230769230768,0,1,30
Jsoup,47,STARTS+DPT,24.0,0.4423076923076922,15.0,0.5769230769230768,0,1,30
Jsoup,47,Random,26.0,0.4423076923076925,15.0,0.5769230769230769,0,1,30
Gson,16,STARTS+FAST-P,88.0,0.4426523297491039,52.333333333333336,0.5627240143369174,0,1,30
Jsoup,79,Ekstazi+dpt,22.0,0.442857142857143,20.0,0.5714285714285713,0,1,30
Compress,30,STARTS+DPT,76.0,0.4434456928838952,50.03333333333333,0.5621722846441947,0,1,30
Cli,22,STARTS+FAST-P,23.0,0.44347826086956516,13.3,0.5782608695652176,0,1,30
Jsoup,47,FAST,26.0,0.4435897435897434,14.966666666666667,0.5756410256410255,0,1,30
Math,53,STARTS,251.0,0.4436257309941521,159.06666666666666,0.5581286549707604,0,1,30
Math,100,Random,420.0,0.44365079365079363,234.16666666666666,0.5575396825396826,0,1,30
Math,64,STARTS+FAST-S,289.0,0.4439628482972136,180.1,0.5575851393188853,0,1,30
Compress,19,Fastazi-S,52.0,0.4440860215053765,34.96666666666667,0.5639784946236558,0,1,30
Math,64,STARTS+FAST-P,289.0,0.4441692466460268,180.03333333333333,0.5573787409700721,0,1,30
Time,16,FAST,147.0,0.4444444444444444,82.16666666666667,0.5589569160997729,0,1,30
Cli,13,STARTS,52.0,0.4446540880503144,29.933333333333334,0.5647798742138366,0,1,30
Math,41,Random,262.0,0.44491094147582694,145.93333333333334,0.556997455470738,0,1,30
Cli,22,Fastazi-S,21.0,0.44492753623188386,13.266666666666667,0.5768115942028983,0,1,30
Time,11,STARTS+FAST-S,145.0,0.44520547945205463,81.5,0.5582191780821918,0,1,30
Gson,16,Random,93.0,0.4455197132616487,52.06666666666667,0.5598566308243726,0,1,30
Lang,26,Random,90.0,0.44555555555555554,50.4,0.5600000000000002,0,1,30
Compress,38,Random,92.0,0.44565217391304357,51.5,0.5597826086956521,0,1,30
Gson,14,Random,93.0,0.4458781362007168,52.03333333333333,0.5594982078853046,0,1,30
JxPath,19,Random,45.0,0.44592592592592584,25.433333333333334,0.5651851851851852,0,1,30
Jsoup,51,Random,26.0,0.44615384615384607,14.9,0.5730769230769232,0,1,30
Compress,20,STARTS+FAST-P,45.0,0.44635416666666666,35.93333333333333,0.5614583333333333,0,1,30
Cli,19,Random,23.0,0.446376811594203,13.233333333333333,0.5753623188405798,0,1,30
Compress,37,STARTS+FAST-S,56.0,0.4467391304347826,51.4,0.5586956521739129,0,1,30
Compress,36,Ekstazi,91.0,0.44710144927536233,51.36666666666667,0.5583333333333332,0,1,30
Lang,15,Ekstazi+dpt,55.0,0.44734848484848483,49.13333333333333,0.5583333333333332,0,1,30
Codec,11,DPT,38.0,0.4473684210526316,21.5,0.5657894736842106,0,1,30
Compress,26,Random,77.0,0.4476190476190476,43.03333333333333,0.5588744588744589,0,1,30
Jsoup,4,STARTS,16.0,0.4479166666666667,9.333333333333334,0.5833333333333334,0,1,30
Gson,14,STARTS+FAST-S,89.0,0.4483870967741934,51.8,0.556989247311828,0,1,30
Compress,23,Random,75.0,0.4484444444444444,41.86666666666667,0.5582222222222222,0,1,30
Compress,36,STARTS,92.0,0.44855072463768114,51.233333333333334,0.5568840579710145,0,1,30
Math,90,Random,370.0,0.4485585585585586,204.53333333333333,0.5527927927927928,0,1,30
Jsoup,82,Random,35.0,0.44857142857142857,19.8,0.5657142857142857,0,1,30
Compress,44,Random,119.0,0.4487394957983194,66.1,0.5554621848739496,0,1,30
Codec,11,Ekstazi+dpt,34.0,0.4491228070175438,21.433333333333334,0.5640350877192984,0,1,30
Jsoup,14,FAST,19.0,0.44912280701754387,10.966666666666667,0.5771929824561404,0,1,30
Math,86,Random,365.0,0.44922374429223755,201.53333333333333,0.5521461187214611,0,1,30
Math,20,Random,207.0,0.4492753623188405,114.5,0.5531400966183576,0,1,30
Jsoup,63,Random,27.0,0.4493827160493827,15.366666666666667,0.5691358024691358,0,1,30
Jsoup,55,Ekstazi,25.0,0.4493827160493828,15.366666666666667,0.5691358024691358,0,1,30
Cli,40,Random,29.0,0.44942528735632176,16.466666666666665,0.5678160919540232,0,1,30
Jsoup,41,STARTS,25.0,0.45000000000000007,14.8,0.5692307692307691,0,1,30
Compress,27,Random,78.0,0.4504273504273504,43.36666666666667,0.5559829059829061,0,1,30
Compress,30,Ekstazi+dpt,73.0,0.4505617977528091,49.4,0.5550561797752809,0,1,30
Cli,26,Fastazi-S,23.0,0.45138888888888873,13.666666666666666,0.5694444444444443,0,1,30
Time,11,FAST,146.0,0.4515981735159818,80.56666666666666,0.5518264840182646,0,1,30
Jsoup,93,Random,36.0,0.4518518518518519,20.233333333333334,0.562037037037037,0,1,30
Math,15,Random,190.0,0.4519298245614035,104.63333333333334,0.5507017543859649,0,1,30
Jsoup,27,FAST,23.0,0.4521739130434782,13.1,0.5695652173913045,0,1,30
Compress,9,FAST,46.0,0.4521739130434785,25.7,0.5586956521739131,0,1,30
Jsoup,73,Random,35.0,0.45238095238095233,19.666666666666668,0.5619047619047619,0,1,30
Jsoup,45,Random,26.0,0.4525641025641027,14.733333333333333,0.5666666666666667,0,1,30
Jsoup,81,Random,35.0,0.45333333333333325,19.633333333333333,0.5609523809523809,0,1,30
Jsoup,12,Random,20.0,0.4533333333333333,11.433333333333334,0.5716666666666667,0,1,30
Math,82,Random,359.0,0.45348189415041773,196.7,0.5479108635097494,0,1,30
Cli,17,STARTS,23.0,0.45362318840579713,13.066666666666666,0.5681159420289856,0,1,30
Time,10,Fastazi-S,115.0,0.4536529680365296,80.26666666666667,0.5497716894977172,0,1,30
Time,7,FAST,147.0,0.4537414965986396,80.8,0.5496598639455784,0,1,30
Compress,19,Fastazi-P,52.0,0.4537634408602152,34.36666666666667,0.5543010752688172,0,1,30
Gson,9,Random,89.0,0.45393258426966293,49.1,0.551685393258427,0,1,30
Lang,26,Ekstazi+dpt,54.0,0.4544444444444442,49.6,0.551111111111111,0,1,30
Cli,12,STARTS+FAST-P,20.0,0.4545454545454544,12.5,0.568181818181818,0,1,30
Gson,9,Fastazi-S,63.0,0.45468164794007515,49.03333333333333,0.5509363295880152,0,1,30
Jsoup,29,Random,23.0,0.45507246376811594,13.033333333333333,0.5666666666666667,0,1,30
Jsoup,16,Random,21.0,0.45555555555555566,11.933333333333334,0.5682539682539682,0,1,30
Compress,39,Random,92.0,0.4557971014492754,50.56666666666667,0.5496376811594204,0,1,30
Jsoup,85,STARTS,34.0,0.4561904761904761,19.533333333333335,0.558095238095238,0,1,30
Jsoup,27,Ekstazi+dpt,18.0,0.456521739130435,13.0,0.5652173913043478,0,1,30
Jsoup,27,DPT,23.0,0.456521739130435,13.0,0.5652173913043478,0,1,30
Jsoup,27,STARTS+DPT,21.0,0.456521739130435,13.0,0.5652173913043478,0,1,30
Compress,30,Random,89.0,0.4565543071161049,48.86666666666667,0.549063670411985,0,1,30
Cli,37,FAST,27.0,0.45679012345679004,15.166666666666666,0.5617283950617281,0,1,30
Codec,17,Ekstazi+dpt,36.0,0.4568965517241383,32.0,0.5517241379310343,0,1,30
Time,6,Random,147.0,0.4569160997732426,80.33333333333333,0.546485260770975,0,1,30
Compress,28,Random,78.0,0.45726495726495725,42.833333333333336,0.5491452991452992,0,1,30
Math,16,Random,191.0,0.4577661431064572,104.06666666666666,0.5448516579406631,0,1,30
Compress,9,Fastazi-S,44.0,0.4579710144927536,25.433333333333334,0.5528985507246376,0,1,30
Time,22,Fastazi-S,115.0,0.45804988662131546,80.16666666666667,0.5453514739229026,0,1,30
Gson,12,STARTS+FAST-P,82.0,0.45833333333333337,50.333333333333336,0.5471014492753622,0,1,30
Lang,20,Random,85.0,0.4584313725490196,46.53333333333333,0.5474509803921568,0,1,30
Time,13,Fastazi-P,118.0,0.4585034013605444,80.1,0.5448979591836736,0,1,30
Jsoup,17,STARTS+FAST-S,17.0,0.4587301587301589,11.866666666666667,0.565079365079365,0,1,30
Cli,12,Random,22.0,0.45909090909090905,12.4,0.5636363636363637,0,1,30
Time,18,Random,147.0,0.45941043083900224,79.96666666666667,0.5439909297052153,0,1,30
Jsoup,29,Fastazi-P,17.0,0.45942028985507244,12.933333333333334,0.5623188405797103,0,1,30
Math,19,STARTS+FAST-S,180.0,0.45974235104669886,112.33333333333333,0.5426731078904993,0,1,30
Time,13,Fastazi-S,118.0,0.4598639455782312,79.9,0.5435374149659862,0,1,30
Time,24,Random,148.0,0.45990990990990993,80.43333333333334,0.5434684684684685,0,1,30
Cli,35,STARTS,25.0,0.46,14.0,0.56,0,1,30
Math,5,Random,156.0,0.4604700854700855,84.66666666666667,0.5427350427350427,0,1,30
Jsoup,56,FAST,27.0,0.4604938271604938,15.066666666666666,0.5580246913580245,0,1,30
Jsoup,57,Random,27.0,0.46049382716049403,15.066666666666666,0.5580246913580247,0,1,30
Jsoup,70,STARTS,32.0,0.46095238095238084,19.366666666666667,0.5533333333333333,0,1,30
Jsoup,70,Random,35.0,0.46095238095238095,19.366666666666667,0.5533333333333332,0,1,30
Compress,16,Random,59.0,0.4610169491525424,32.3,0.5474576271186442,0,1,30
Cli,21,Random,59.0,0.4610169491525425,32.3,0.5474576271186442,0,1,30
Cli,23,Random,24.0,0.4611111111111112,13.433333333333334,0.5597222222222223,0,1,30
Compress,12,Random,56.0,0.4613095238095238,30.666666666666668,0.5476190476190476,0,1,30
Jsoup,81,STARTS+FAST-P,33.0,0.461904761904762,19.333333333333332,0.5523809523809523,0,1,30
Math,35,Random,254.0,0.46194225721784776,137.16666666666666,0.5400262467191601,0,1,30
Jsoup,29,STARTS+FAST-S,20.0,0.46231884057971034,12.866666666666667,0.5594202898550724,0,1,30
Gson,15,Fastazi-S,67.0,0.4623655913978492,50.5,0.5430107526881719,0,1,30
Lang,23,STARTS+FAST-S,55.0,0.46274509803921576,46.166666666666664,0.5431372549019607,0,1,30
Jsoup,50,Random,26.0,0.4628205128205128,14.466666666666667,0.5564102564102565,0,1,30
Time,22,STARTS,146.0,0.46326530612244904,79.4,0.5401360544217687,0,1,30
Math,79,STARTS+DPT,308.0,0.4634099616858239,187.23333333333332,0.5380268199233716,0,1,30
Jsoup,29,STARTS+FAST-P,20.0,0.46376811594202916,12.833333333333334,0.5579710144927535,0,1,30
Jsoup,2,Random,12.0,0.46388888888888885,6.933333333333334,0.5777777777777777,0,1,30
Math,79,DPT,348.0,0.4642720306513411,186.93333333333334,0.5371647509578544,0,1,30
Math,53,Ekstazi+dpt,226.0,0.464327485380117,153.16666666666666,0.5374269005847954,0,1,30
Compress,44,FAST,119.0,0.46470588235294125,64.2,0.5394957983193277,0,1,30
Gson,9,Fastazi-P,63.0,0.4647940074906368,48.13333333333333,0.540823970037453,0,1,30
Gson,17,Random,93.0,0.4652329749103942,50.233333333333334,0.5401433691756271,0,1,30
Time,21,STARTS,146.0,0.4664399092970522,78.93333333333334,0.5369614512471657,0,1,30
Cli,26,FAST,24.0,0.4666666666666666,13.3,0.5541666666666666,0,1,30
Jsoup,15,STARTS,16.0,0.4666666666666666,10.633333333333333,0.5596491228070175,0,1,30
Jsoup,53,Random,26.0,0.4666666666666667,14.366666666666667,0.5525641025641025,0,1,30
Lang,24,Ekstazi+dpt,53.0,0.4670454545454544,47.4,0.5386363636363634,0,1,30
Math,6,Random,156.0,0.4670940170940171,83.63333333333334,0.5361111111111112,0,1,30
Gson,12,STARTS+FAST-S,82.0,0.4677536231884055,49.46666666666667,0.53768115942029,0,1,30
Collections,25,STARTS+FAST-P,157.0,0.4680412371134018,103.7,0.5345360824742268,0,1,30
Math,13,Random,176.0,0.4685606060606061,94.03333333333333,0.534280303030303,0,1,30
JxPath,22,Random,51.0,0.46928104575163393,27.566666666666666,0.5405228758169935,0,1,30
Jsoup,39,Random,25.0,0.4693333333333332,13.766666666666667,0.5506666666666666,0,1,30
Compress,9,STARTS+FAST-P,46.0,0.46956521739130436,24.9,0.5413043478260868,0,1,30
Math,94,FAST,381.0,0.4696412948381452,202.56666666666666,0.53167104111986,0,1,30
Jsoup,14,STARTS+FAST-P,16.0,0.47017543859649125,10.566666666666666,0.556140350877193,0,1,30
Jsoup,7,STARTS+FAST-P,17.0,0.4701754385964914,10.566666666666666,0.5561403508771932,0,1,30
Jsoup,42,STARTS+FAST-S,23.0,0.4705128205128203,14.266666666666667,0.5487179487179485,0,1,30
Time,18,STARTS,146.0,0.47052154195011336,78.33333333333333,0.5328798185941044,0,1,30
Cli,26,Ekstazi,23.0,0.47083333333333327,13.2,0.55,0,1,30
Time,6,STARTS,146.0,0.4714285714285715,78.2,0.5319727891156463,0,1,30
Math,85,STARTS+FAST-P,323.0,0.4716894977168951,193.33333333333334,0.5296803652968037,0,1,30
Compress,9,STARTS+FAST-S,46.0,0.47173913043478255,24.8,0.5391304347826087,0,1,30
Math,85,STARTS+FAST-S,323.0,0.4717808219178084,193.3,0.5295890410958906,0,1,30
Jsoup,8,Random,19.0,0.47192982456140364,10.533333333333333,0.5543859649122808,0,1,30
Math,47,STARTS,258.0,0.4720092915214868,152.03333333333333,0.5297328687572589,0,1,30
Math,16,STARTS+FAST-P,150.0,0.47207678883071563,101.33333333333333,0.5305410122164049,0,1,30
Codec,15,Random,54.0,0.47222222222222227,29.0,0.537037037037037,0,1,30
Time,9,FAST,146.0,0.4726027397260277,77.5,0.5308219178082193,0,1,30
Math,56,Random,304.0,0.4730263157894737,160.7,0.5286184210526316,0,1,30
Jsoup,93,STARTS,34.0,0.4731481481481481,19.466666666666665,0.5407407407407407,0,1,30
Gson,15,Fastazi-P,67.0,0.4734767025089606,49.46666666666667,0.5318996415770612,0,1,30
Math,74,Random,339.0,0.4740412979351033,178.8,0.527433628318584,0,1,30
Math,45,Random,276.0,0.4743961352657005,145.56666666666666,0.5274154589371981,0,1,30
Lang,23,STARTS+FAST-P,55.0,0.47450980392156866,45.166666666666664,0.5313725490196078,0,1,30
Compress,9,Fastazi-P,44.0,0.47463768115942023,24.666666666666668,0.5362318840579708,0,1,30
Gson,16,Fastazi-S,80.0,0.47491039426523296,49.333333333333336,0.5304659498207885,0,1,30
Cli,28,STARTS,23.0,0.47500000000000003,13.1,0.5458333333333333,0,1,30
Compress,15,Random,59.0,0.4751412429378531,31.466666666666665,0.5333333333333334,0,1,30
Jsoup,84,FAST,35.0,0.47523809523809546,18.866666666666667,0.5390476190476188,0,1,30
Gson,16,Fastazi-P,80.0,0.4752688172043011,49.3,0.5301075268817205,0,1,30
Jsoup,14,STARTS+FAST-S,16.0,0.4754385964912282,10.466666666666667,0.5508771929824563,0,1,30
Gson,1,STARTS,78.0,0.4756410256410256,41.4,0.5307692307692308,0,1,30
Math,48,Random,288.0,0.475925925925926,151.43333333333334,0.5258101851851851,0,1,30
Compress,9,DPT,46.0,0.4760869565217393,24.6,0.5347826086956521,0,1,30
Cli,14,STARTS+FAST-S,45.0,0.4763636363636365,29.3,0.5327272727272726,0,1,30
Cli,25,Random,24.0,0.476388888888889,13.066666666666666,0.5444444444444444,0,1,30
Jsoup,86,Random,36.0,0.47685185185185186,19.333333333333332,0.537037037037037,0,1,30
Jsoup,44,Random,26.0,0.476923076923077,14.1,0.5423076923076924,0,1,30
Cli,14,STARTS+FAST-P,45.0,0.4769696969696969,29.266666666666666,0.532121212121212,0,1,30
Jsoup,81,STARTS+FAST-S,33.0,0.47714285714285726,18.8,0.537142857142857,0,1,30
Jsoup,20,Ekstazi+dpt,20.0,0.4772727272727271,12.0,0.5454545454545451,0,1,30
Jsoup,20,DPT,22.0,0.4772727272727271,12.0,0.5454545454545451,0,1,30
Jsoup,20,STARTS+DPT,21.0,0.4772727272727271,12.0,0.5454545454545451,0,1,30
Math,19,STARTS+FAST-P,180.0,0.47729468599033814,108.7,0.52512077294686,0,1,30
Math,50,Ekstazi,235.0,0.4774193548387098,146.3,0.524372759856631,0,1,30
Lang,22,FAST,85.0,0.4776470588235295,44.9,0.5282352941176469,0,1,30
Lang,27,Random,91.0,0.47802197802197793,48.0,0.5274725274725276,0,1,30
Math,59,Random,312.0,0.4780982905982906,163.33333333333334,0.5235042735042735,0,1,30
Jsoup,47,STARTS,24.0,0.4782051282051282,14.066666666666666,0.541025641025641,0,1,30
Math,64,Random,323.0,0.4782249742002066,169.03333333333333,0.5233230134158927,0,1,30
Cli,20,Random,23.0,0.47826086956521735,12.5,0.5434782608695652,0,1,30
Compress,9,STARTS+DPT,46.0,0.4782608695652175,24.5,0.5326086956521737,0,1,30
Math,73,STARTS+FAST-P,281.0,0.4783677482792526,177.33333333333334,0.5231071779744345,0,1,30
Compress,17,Random,59.0,0.47853107344632756,31.266666666666666,0.5299435028248588,0,1,30
Gson,5,STARTS,78.0,0.47854406130268196,45.86666666666667,0.5272030651340996,0,1,30
Math,53,Fastazi-S,226.0,0.4787134502923978,149.06666666666666,0.5230409356725149,0,1,30
Time,10,Fastazi-P,115.0,0.47876712328767107,76.6,0.5246575342465756,0,1,30
Compress,34,Random,90.0,0.47888888888888886,47.4,0.5266666666666666,0,1,30
Time,10,STARTS,145.0,0.4789954337899544,76.56666666666666,0.5244292237442923,0,1,30
Math,73,STARTS+FAST-S,281.0,0.47905604719764017,177.1,0.522418879056047,0,1,30
JxPath,20,DPT,49.0,0.4795918367346937,26.0,0.5306122448979592,0,1,30
Time,7,STARTS,146.0,0.480045351473923,76.93333333333334,0.5233560090702948,0,1,30
Gson,12,Fastazi-S,77.0,0.48007246376811613,48.333333333333336,0.5253623188405798,0,1,30
Compress,21,Random,74.0,0.4801801801801801,38.96666666666667,0.5265765765765765,0,1,30
Time,15,Random,147.0,0.48027210884353744,76.9,0.5231292517006803,0,1,30
Compress,9,Ekstazi+dpt,44.0,0.48043478260869577,24.4,0.5304347826086955,0,1,30
Jsoup,9,FAST,19.0,0.4807017543859651,10.366666666666667,0.5456140350877194,0,1,30
Compress,27,STARTS+FAST-P,55.0,0.48076923076923045,41.0,0.5256410256410257,0,1,30
Time,15,STARTS,146.0,0.48095238095238085,76.8,0.5224489795918367,0,1,30
Jsoup,17,STARTS+FAST-P,17.0,0.4809523809523811,11.4,0.5428571428571427,0,1,30
Codec,16,FAST,54.0,0.4814814814814812,28.5,0.5277777777777777,0,1,30
Math,16,Ekstazi+dpt,111.0,0.4818499127399651,99.46666666666667,0.5207678883071554,0,1,30
Compress,18,Random,59.0,0.48192090395480225,31.066666666666666,0.5265536723163842,0,1,30
Lang,16,FAST,84.0,0.48214285714285715,44.0,0.5238095238095238,0,1,30
Lang,16,Fastazi-P,84.0,0.48214285714285715,44.0,0.5238095238095238,0,1,30
Gson,12,Fastazi-P,77.0,0.4822463768115944,48.13333333333333,0.5231884057971016,0,1,30
Gson,8,Random,89.0,0.48239700374531835,46.56666666666667,0.5232209737827715,0,1,30
Jsoup,29,Fastazi-S,17.0,0.48260869565217407,12.4,0.5391304347826086,0,1,30
Lang,19,STARTS,77.0,0.4829365079365079,43.93333333333333,0.5230158730158732,0,1,30
Lang,19,Random,84.0,0.4829365079365079,43.93333333333333,0.5230158730158732,0,1,30
Lang,16,STARTS,84.0,0.48293650793650794,43.93333333333333,0.5230158730158732,0,1,30
Compress,24,STARTS+FAST-S,49.0,0.48311111111111094,39.266666666666666,0.5235555555555553,0,1,30
Jsoup,43,Ekstazi,24.0,0.48333333333333334,13.933333333333334,0.535897435897436,0,1,30
Time,21,Random,147.0,0.4834467120181406,76.43333333333334,0.5199546485260771,0,1,30
Gson,2,Ekstazi,83.0,0.48373015873015884,43.86666666666667,0.5222222222222224,0,1,30
Lang,22,Random,85.0,0.48392156862745106,44.36666666666667,0.5219607843137255,0,1,30
Jsoup,42,FAST,26.0,0.4846153846153845,13.9,0.5346153846153846,0,1,30
Jsoup,64,STARTS,25.0,0.48518518518518533,14.4,0.5333333333333332,0,1,30
Compress,24,STARTS+FAST-P,49.0,0.4853333333333331,39.1,0.5213333333333331,0,1,30
Math,25,Random,248.0,0.4853494623655914,128.13333333333333,0.5166666666666667,0,1,30
Jsoup,84,Random,35.0,0.4857142857142857,18.5,0.5285714285714286,0,1,30
Cli,21,STARTS,58.0,0.48587570621468923,30.833333333333332,0.5225988700564971,0,1,30
Jsoup,50,FAST,26.0,0.48589743589743556,13.866666666666667,0.5333333333333332,0,1,30
Compress,32,Random,90.0,0.4859259259259259,46.766666666666666,0.5196296296296296,0,1,30
Compress,20,STARTS+FAST-S,45.0,0.4859375,33.4,0.521875,0,1,30
Cli,28,Random,24.0,0.4861111111111111,12.833333333333334,0.5347222222222221,0,1,30
Jsoup,55,Random,27.0,0.4864197530864197,14.366666666666667,0.5320987654320987,0,1,30
Math,93,STARTS,313.0,0.4865266841644794,196.13333333333333,0.5147856517935259,0,1,30
Math,28,Random,249.0,0.4872824631860776,128.16666666666666,0.5147255689424364,0,1,30
Jsoup,5,Random,16.0,0.4875,8.7,0.54375,0,1,30
Jsoup,65,Random,27.0,0.48765432098765427,14.333333333333334,0.5308641975308641,0,1,30
Time,9,STARTS+FAST-P,145.0,0.48767123287671255,75.3,0.515753424657534,0,1,30
Math,95,Random,412.0,0.48778317152103573,211.53333333333333,0.5134304207119741,0,1,30
Jsoup,20,STARTS,21.0,0.48787878787878797,11.766666666666667,0.5348484848484849,0,1,30
Math,47,FAST,287.0,0.4881533101045295,147.4,0.5135888501742158,0,1,30
Math,79,Random,348.0,0.4882183908045975,178.6,0.5132183908045977,0,1,30
Jsoup,88,STARTS,35.0,0.48888888888888893,18.9,0.5255,0,1,30
Jsoup,56,STARTS,26.0,0.488888888888889,14.3,0.5296296296296297,0,1,30
Compress,9,STARTS,46.0,0.48913043478260876,24.0,0.5217391304347826,0,1,30
Compress,29,STARTS+FAST-S,74.0,0.4897727272727271,45.4,0.515909090909091,0,1,30
Jsoup,89,Random,36.0,0.48981481481481487,18.866666666666667,0.5240740740740741,0,1,30
Jsoup,16,FAST,21.0,0.4904761904761906,11.2,0.5333333333333331,0,1,30
Compress,29,STARTS+FAST-P,74.0,0.4905303030303029,45.333333333333336,0.5151515151515154,0,1,30
Jsoup,90,Random,36.0,0.49074074074074064,18.833333333333332,0.5231481481481481,0,1,30
Gson,5,Random,87.0,0.49118773946360156,44.766666666666666,0.51455938697318,0,1,30
Math,102,STARTS+FAST-S,330.0,0.49131455399061047,217.2,0.5098591549295773,0,1,30
Codec,18,STARTS+FAST-S,30.0,0.49137931034482746,30.0,0.5172413793103451,0,1,30
Jsoup,78,Random,35.0,0.49142857142857144,18.3,0.5228571428571429,0,1,30
Math,98,Random,413.0,0.49168684422921716,210.43333333333334,0.5095238095238097,0,1,30
Math,102,STARTS+FAST-P,330.0,0.4917840375586856,217.0,0.5093896713615021,0,1,30
Time,26,STARTS,147.0,0.4918918918918919,75.7,0.5114864864864866,0,1,30
Gson,16,Ekstazi,80.0,0.4921146953405018,47.733333333333334,0.5132616487455197,0,1,30
Math,99,DPT,415.0,0.4926104417670683,211.06666666666666,0.5085943775100402,0,1,30
Jsoup,23,Random,23.0,0.4927536231884057,12.166666666666666,0.5289855072463768,0,1,30
Codec,18,STARTS+FAST-P,30.0,0.4936781609195401,29.866666666666667,0.5149425287356324,0,1,30
Compress,20,Fastazi-P,40.0,0.49375,32.9,0.5140625,0,1,30
Jsoup,5,FAST,16.0,0.49375,8.6,0.5375,0,1,30
Cli,12,STARTS+FAST-S,20.0,0.4939393939393939,11.633333333333333,0.5287878787878786,0,1,30
Math,31,DPT,250.0,0.49399999999999994,127.0,0.5080000000000001,0,1,30
Math,99,STARTS+DPT,374.0,0.4940562248995983,210.46666666666667,0.50714859437751,0,1,30
Math,46,Random,277.0,0.49422382671480136,140.6,0.5075812274368232,0,1,30
Cli,11,Random,24.0,0.49444444444444446,12.633333333333333,0.5263888888888889,0,1,30
Gson,6,Ekstazi+dpt,65.0,0.49469696969696975,44.96666666666667,0.5109848484848486,0,1,30
Math,16,STARTS+FAST-S,150.0,0.49493891797556716,96.96666666666667,0.5076788830715532,0,1,30
Math,80,Random,348.0,0.49501915708812255,176.23333333333332,0.5064176245210729,0,1,30
Lang,14,Ekstazi,87.0,0.4950757575757575,44.93333333333333,0.5106060606060607,0,1,30
Gson,6,STARTS+DPT,79.0,0.49507575757575756,44.93333333333333,0.5106060606060607,0,1,30
Jsoup,69,Random,35.0,0.4952380952380952,18.166666666666668,0.5190476190476191,0,1,30
Lang,17,Random,84.0,0.4952380952380953,42.9,0.5107142857142858,0,1,30
Jsoup,20,FAST,22.0,0.49545454545454526,11.6,0.5272727272727272,0,1,30
Math,62,Ekstazi+dpt,193.0,0.49547844374342787,160.43333333333334,0.5060988433228181,0,1,30
Gson,9,STARTS,80.0,0.4955056179775281,45.4,0.5101123595505617,0,1,30
Math,84,Random,364.0,0.49569597069597066,184.06666666666666,0.5056776556776555,0,1,30
Cli,33,Random,24.0,0.4958333333333334,12.6,0.5250000000000001,0,1,30
Jsoup,35,Random,25.0,0.4960000000000001,13.1,0.5244,0,1,30
Gson,14,Fastazi-S,79.0,0.49605734767025084,47.36666666666667,0.5093189964157706,0,1,30
Math,63,Random,317.0,0.49621451104100955,160.2,0.5053627760252365,0,1,30
Jsoup,7,Fastazi-S,17.0,0.49649122807017554,10.066666666666666,0.529824561403509,0,1,30
Math,17,STARTS+DPT,113.0,0.496875,97.1,0.5057291666666667,0,1,30
Jsoup,87,Random,36.0,0.4972222222222223,18.6,0.5166666666666666,0,1,30
Jsoup,49,STARTS,24.0,0.4974358974358975,13.566666666666666,0.5217948717948719,0,1,30
Jsoup,50,STARTS,23.0,0.4974358974358975,13.566666666666666,0.5217948717948719,0,1,30
Gson,6,DPT,88.0,0.4977272727272727,44.7,0.5079545454545457,0,1,30
Math,88,STARTS+FAST-S,329.0,0.49791666666666673,185.26666666666668,0.5034420289855072,0,1,30
Math,18,Random,206.0,0.4980582524271843,103.9,0.5043689320388349,0,1,30
Math,88,STARTS+FAST-P,329.0,0.4985507246376812,185.03333333333333,0.5028079710144927,0,1,30
Lang,21,Fastazi-S,51.0,0.4988235294117647,43.1,0.5070588235294118,0,1,30
Lang,21,Fastazi-P,51.0,0.4988235294117647,43.1,0.5070588235294118,0,1,30
Compress,40,Random,93.0,0.49892473118279573,47.1,0.5064516129032258,0,1,30
Time,26,STARTS+DPT,147.0,0.4990990990990991,74.63333333333334,0.5042792792792792,0,1,30
Lang,16,Random,84.0,0.4992063492063492,42.56666666666667,0.5067460317460317,0,1,30
Time,26,DPT,148.0,0.4993243243243243,74.6,0.5040540540540539,0,1,30
Compress,17,STARTS+DPT,42.0,0.49943502824858743,30.033333333333335,0.5090395480225988,0,1,30
Gson,6,Random,88.0,0.4996212121212122,44.53333333333333,0.506060606060606,0,1,30
Math,49,Random,276.0,0.4996376811594203,138.6,0.5021739130434782,0,1,30
Jsoup,78,STARTS,34.0,0.49999999999999983,18.0,0.5142857142857143,0,1,30
Cli,29,Random,24.0,0.49999999999999994,12.5,0.5208333333333333,0,1,30
Compress,45,STARTS+DPT,66.0,0.5,60.0,0.5042016806722689,0,1,30
Compress,17,Ekstazi+dpt,40.0,0.5,30.0,0.5084745762711864,0,1,30
JxPath,20,Ekstazi+dpt,29.0,0.5,25.0,0.5102040816326529,0,1,30
JxPath,20,STARTS+DPT,30.0,0.5,25.0,0.5102040816326529,0,1,30
Jsoup,22,FAST,23.0,0.5,12.0,0.5217391304347827,0,1,30
Jsoup,23,Ekstazi+dpt,14.0,0.5,12.0,0.5217391304347828,0,1,30
Jsoup,23,DPT,23.0,0.5,12.0,0.5217391304347828,0,1,30
Jsoup,23,STARTS+DPT,20.0,0.5,12.0,0.5217391304347828,0,1,30
Jsoup,16,Ekstazi+dpt,12.0,0.5,11.0,0.5238095238095238,0,1,30
Jsoup,16,DPT,21.0,0.5,11.0,0.5238095238095238,0,1,30
Jsoup,16,STARTS+DPT,18.0,0.5,11.0,0.5238095238095238,0,1,30
Math,13,STARTS+DPT,99.0,0.5001893939393939,88.46666666666667,0.5026515151515152,0,1,30
Lang,15,STARTS+FAST-S,64.0,0.5003787878787879,44.46666666666667,0.5053030303030304,0,1,30
Math,33,STARTS+FAST-S,204.0,0.5006561679790025,127.33333333333333,0.5013123359580052,0,1,30
Time,13,Random,147.0,0.5006802721088435,73.9,0.5027210884353741,0,1,30
Jsoup,52,FAST,26.0,0.501282051282051,13.466666666666667,0.5179487179487177,0,1,30
Jsoup,51,STARTS,24.0,0.5012820512820513,13.466666666666667,0.517948717948718,0,1,30
Math,55,Random,288.0,0.5015046296296296,144.06666666666666,0.5002314814814814,0,1,30
Compress,17,DPT,59.0,0.5016949152542373,29.9,0.506779661016949,0,1,30
Math,45,STARTS,245.0,0.5020531400966184,137.93333333333334,0.4997584541062802,0,1,30
Cli,13,Ekstazi,45.0,0.5025157232704404,26.866666666666667,0.5069182389937107,0,1,30
Codec,13,STARTS,46.0,0.5025641025641026,26.366666666666667,0.5070512820512821,0,1,30
Math,104,Random,428.0,0.5031152647975078,213.16666666666666,0.49805295950155765,0,1,30
Math,72,Random,339.0,0.503244837758112,168.9,0.4982300884955753,0,1,30
Gson,1,Random,78.0,0.5034188034188033,39.233333333333334,0.5029914529914529,0,1,30
Math,61,Random,317.0,0.5035751840168244,157.86666666666667,0.4980021030494216,0,1,30
Jsoup,56,Random,27.0,0.5037037037037037,13.9,0.5148148148148147,0,1,30
Jsoup,37,Random,25.0,0.5039999999999999,12.9,0.5160000000000001,0,1,30
Compress,11,Random,56.0,0.5041666666666667,28.266666666666666,0.5047619047619049,0,1,30
Jsoup,20,Random,22.0,0.5045454545454545,11.4,0.5181818181818182,0,1,30
Time,9,STARTS+FAST-S,145.0,0.5047945205479454,72.8,0.4986301369863012,0,1,30
Math,55,Fastazi-S,200.0,0.5050925925925928,143.03333333333333,0.49664351851851885,0,1,30
Lang,19,Ekstazi+dpt,68.0,0.5051587301587301,42.06666666666667,0.5007936507936509,0,1,30
Math,51,Random,283.0,0.5058892815076562,140.33333333333334,0.49587750294464067,0,1,30
Cli,12,STARTS,20.0,0.506060606060606,11.366666666666667,0.5166666666666666,0,1,30
Jsoup,42,STARTS+FAST-P,23.0,0.506410256410256,13.333333333333334,0.5128205128205127,0,1,30
Cli,11,Ekstazi,24.0,0.5069444444444443,12.333333333333334,0.5138888888888888,0,1,30
Cli,26,Fastazi-P,23.0,0.5069444444444444,12.333333333333334,0.5138888888888888,0,1,30
Math,93,Fastazi-P,291.0,0.5070866141732284,188.3,0.4942257217847768,0,1,30
Gson,2,STARTS,84.0,0.507142857142857,41.9,0.49880952380952387,0,1,30
Time,16,Random,147.0,0.5074829931972789,72.9,0.4959183673469388,0,1,30
Math,73,FAST,339.0,0.5076696165191743,167.4,0.4938053097345134,0,1,30
Math,55,Fastazi-P,200.0,0.508449074074074,142.06666666666666,0.49328703703703697,0,1,30
Jsoup,85,Random,35.0,0.5085714285714286,17.7,0.5057142857142857,0,1,30
Math,89,STARTS+FAST-S,331.0,0.5087387387387383,182.26666666666668,0.49261261261261285,0,1,30
Math,89,STARTS+FAST-P,331.0,0.5088288288288284,182.23333333333332,0.49252252252252277,0,1,30
Math,74,STARTS,309.0,0.5088495575221238,167.0,0.49262536873156354,0,1,30
JxPath,19,DPT,45.0,0.5088888888888888,22.6,0.5022222222222222,0,1,30
Math,28,STARTS,219.0,0.5093708165997323,122.66666666666667,0.49263721552878187,0,1,30
Time,13,STARTS,146.0,0.5095238095238096,72.6,0.4938775510204082,0,1,30
Compress,45,STARTS+FAST-S,66.0,0.5095238095238096,58.86666666666667,0.49467787114845935,0,1,30
Math,93,Fastazi-S,291.0,0.5095363079615047,187.36666666666667,0.49177602799650055,0,1,30
Compress,40,STARTS,93.0,0.5096774193548387,46.1,0.4956989247311828,0,1,30
Gson,13,Random,92.0,0.5097826086956521,45.6,0.49565217391304345,0,1,30
Compress,10,STARTS,43.0,0.5098765432098766,26.966666666666665,0.49938271604938256,0,1,30
Jsoup,55,STARTS,25.0,0.5098765432098766,13.733333333333333,0.508641975308642,0,1,30
Math,77,FAST,345.0,0.5099516908212562,169.56666666666666,0.49149758454106257,0,1,30
Math,51,STARTS,234.0,0.5101295641931685,139.13333333333333,0.49163722025912837,0,1,30
Compress,37,Random,92.0,0.510144927536232,45.56666666666667,0.49528985507246376,0,1,30
Compress,46,STARTS+FAST-S,78.0,0.5105555555555553,59.233333333333334,0.49361111111111117,0,1,30
Jsoup,67,STARTS,30.0,0.5107526881720431,15.666666666666666,0.5053763440860215,0,1,30
Math,37,DPT,255.0,0.5108496732026143,125.23333333333333,0.49111111111111116,0,1,30
Cli,37,STARTS,24.0,0.5111111111111112,13.7,0.5074074074074074,0,1,30
Math,70,Random,334.0,0.5112774451097805,163.73333333333332,0.4902195608782435,0,1,30
Math,44,Ekstazi,239.0,0.5113939393939393,134.86666666666667,0.49042424242424254,0,1,30
Compress,27,STARTS+FAST-S,55.0,0.5115384615384612,38.6,0.49487179487179483,0,1,30
Jsoup,49,Random,26.0,0.5115384615384616,13.2,0.5076923076923076,0,1,30
Compress,24,FAST,75.0,0.5115555555555555,37.13333333333333,0.49511111111111084,0,1,30
Math,71,Random,334.0,0.5115768463073853,163.63333333333333,0.48992015968063873,0,1,30
Math,36,DPT,255.0,0.5120261437908497,124.93333333333334,0.48993464052287583,0,1,30
Cli,12,Ekstazi,20.0,0.5121212121212121,11.233333333333333,0.5106060606060605,0,1,30
Lang,19,FAST,84.0,0.5123015873015873,41.46666666666667,0.4936507936507935,0,1,30
Math,82,FAST,359.0,0.5123491179201485,175.56666666666666,0.4890436397400185,0,1,30
Math,83,FAST,359.0,0.5123491179201486,175.56666666666666,0.4890436397400186,0,1,30
Math,8,Fastazi-P,134.0,0.5124497991967873,81.43333333333334,0.49056224899598366,0,1,30
Time,14,Random,147.0,0.5124716553287981,72.16666666666667,0.49092970521541957,0,1,30
Time,12,FAST,147.0,0.5124716553287985,72.16666666666667,0.4909297052154197,0,1,30
Cli,15,Random,56.0,0.5125,27.8,0.4964285714285715,0,1,30
Lang,15,STARTS+FAST-P,64.0,0.5125000000000002,43.4,0.4931818181818181,0,1,30
Jsoup,16,STARTS,18.0,0.5126984126984128,10.733333333333333,0.5111111111111111,0,1,30
Math,42,DPT,271.0,0.5130381303813037,132.46666666666667,0.48880688806888073,0,1,30
Jsoup,31,Random,23.0,0.5130434782608696,11.7,0.5086956521739131,0,1,30
Gson,14,Fastazi-P,79.0,0.5132616487455196,45.766666666666666,0.49211469534050184,0,1,30
Time,24,STARTS,147.0,0.5132882882882882,72.53333333333333,0.49009009009009,0,1,30
Jsoup,74,STARTS,33.0,0.5133333333333332,17.533333333333335,0.500952380952381,0,1,30
JxPath,19,Ekstazi+dpt,27.0,0.5133333333333333,22.4,0.49777777777777776,0,1,30
JxPath,19,STARTS+DPT,27.0,0.5133333333333333,22.4,0.49777777777777776,0,1,30
Math,37,Random,255.0,0.5133333333333334,124.6,0.48862745098039206,0,1,30
Jsoup,62,Random,27.0,0.5135802469135803,13.633333333333333,0.5049382716049382,0,1,30
Time,25,Random,148.0,0.5137387387387388,72.46666666666667,0.4896396396396396,0,1,30
Math,91,Random,370.0,0.5137837837837836,180.4,0.48756756756756764,0,1,30
Cli,24,Random,24.0,0.513888888888889,12.166666666666666,0.5069444444444444,0,1,30
Jsoup,16,STARTS+FAST-S,18.0,0.5142857142857143,10.7,0.5095238095238094,0,1,30
Gson,14,Ekstazi+dpt,79.0,0.5146953405017922,45.63333333333333,0.49068100358422934,0,1,30
Time,6,STARTS+FAST-S,146.0,0.514965986394558,71.8,0.48843537414966004,0,1,30
Compress,35,Random,91.0,0.5153846153846154,44.6,0.49010989010989003,0,1,30
Codec,14,Random,52.0,0.5153846153846154,25.7,0.4942307692307693,0,1,30
Time,6,STARTS+FAST-P,146.0,0.515419501133787,71.73333333333333,0.487981859410431,0,1,30
Math,50,STARTS,247.0,0.5157706093189963,135.6,0.4860215053763441,0,1,30
Gson,14,STARTS+DPT,89.0,0.5157706093189964,45.53333333333333,0.4896057347670251,0,1,30
Gson,14,DPT,93.0,0.5157706093189965,45.53333333333333,0.489605734767025,0,1,30
Jsoup,9,STARTS,16.0,0.5157894736842105,9.7,0.5105263157894736,0,1,30
Time,9,Ekstazi,116.0,0.5159817351598174,71.16666666666667,0.48744292237442927,0,1,30
Jsoup,71,STARTS,32.0,0.5161904761904762,17.433333333333334,0.4980952380952381,0,1,30
Jsoup,21,Random,22.0,0.5166666666666665,11.133333333333333,0.5060606060606061,0,1,30
Lang,14,Random,88.0,0.5166666666666666,43.03333333333333,0.4890151515151515,0,1,30
Cli,29,STARTS,22.0,0.5166666666666666,12.1,0.5041666666666667,0,1,30
Math,33,STARTS+FAST-P,204.0,0.5173228346456692,123.1,0.4846456692913385,0,1,30
Jsoup,7,Random,19.0,0.5175438596491228,9.666666666666666,0.5087719298245614,0,1,30
Codec,11,Random,38.0,0.517543859649123,18.833333333333332,0.49561403508771923,0,1,30
Math,42,Random,271.0,0.5175891758917589,131.23333333333332,0.48425584255842563,0,1,30
Math,19,Fastazi-P,161.0,0.5177133655394525,100.33333333333333,0.4847020933977457,0,1,30
Math,102,STARTS,330.0,0.5179186228482003,205.86666666666667,0.4832550860719875,0,1,30
Cli,31,STARTS,23.0,0.5180555555555555,12.066666666666666,0.5027777777777777,0,1,30
Math,74,Ekstazi,309.0,0.5182890855457228,163.8,0.4831858407079645,0,1,30
Math,42,STARTS+DPT,234.0,0.5184501845018451,131.0,0.48339483394833943,0,1,30
Jsoup,57,STARTS,25.0,0.5185185185185186,13.5,0.5000000000000001,0,1,30
Cli,35,Ekstazi,24.0,0.5186666666666666,12.533333333333333,0.5013333333333334,0,1,30
Compress,9,Ekstazi,44.0,0.5188405797101451,22.633333333333333,0.49202898550724644,0,1,30
Math,19,STARTS,180.0,0.5198067632850242,99.9,0.48260869565217396,0,1,30
Codec,13,Random,52.0,0.5198717948717948,25.466666666666665,0.4897435897435897,0,1,30
Compress,19,Random,62.0,0.5198924731182797,30.266666666666666,0.4881720430107527,0,1,30
Lang,15,Random,88.0,0.5200757575757576,42.733333333333334,0.4856060606060606,0,1,30
Math,14,Random,178.0,0.5202247191011236,85.9,0.4825842696629214,0,1,30
Math,51,STARTS+FAST-S,234.0,0.5202591283863369,136.26666666666668,0.48150765606595985,0,1,30
Jsoup,30,Random,23.0,0.5202898550724637,11.533333333333333,0.5014492753623189,0,1,30
Math,51,STARTS+FAST-P,234.0,0.5206124852767963,136.16666666666666,0.4811542991755005,0,1,30
Time,20,STARTS,146.0,0.5206349206349207,70.96666666666667,0.4827664399092971,0,1,30
Compress,25,Random,75.0,0.5208888888888888,36.43333333333333,0.4857777777777777,0,1,30
Jsoup,37,FAST,25.0,0.5213333333333331,12.466666666666667,0.4986666666666667,0,1,30
Time,24,Ekstazi,119.0,0.5213963963963962,71.33333333333333,0.48198198198198194,0,1,30
Math,19,Random,207.0,0.5214170692431561,99.56666666666666,0.48099838969404185,0,1,30
Math,85,STARTS,323.0,0.5217351598173516,175.06666666666666,0.47963470319634705,0,1,30
Gson,14,STARTS,89.0,0.5218637992831541,44.96666666666667,0.4835125448028674,0,1,30
Cli,39,STARTS,24.0,0.5222222222222223,13.4,0.4962962962962961,0,1,30
Math,27,Random,248.0,0.522715053763441,118.86666666666666,0.47930107526881716,0,1,30
Jsoup,71,Random,35.0,0.5228571428571427,17.2,0.4914285714285715,0,1,30
Jsoup,88,Random,36.0,0.523148148148148,17.666666666666668,0.49074074074074064,0,1,30
Jsoup,89,STARTS,34.0,0.5231481481481481,17.666666666666668,0.4907407407407408,0,1,30
Math,21,Ekstazi,186.0,0.5235474006116209,104.36666666666666,0.47874617737003056,0,1,30
Math,8,Fastazi-S,134.0,0.5236947791164661,79.56666666666666,0.4793172690763054,0,1,30
Gson,10,STARTS+FAST-P,80.0,0.5237037037037037,43.36666666666667,0.48185185185185186,0,1,30
Math,5,Ekstazi,137.0,0.5237179487179486,74.8,0.47948717948717945,0,1,30
Time,18,STARTS+FAST-S,146.0,0.5242630385487531,70.43333333333334,0.47913832199546497,0,1,30
Jsoup,1,STARTS,12.0,0.5249999999999999,6.2,0.5166666666666667,0,1,30
Math,49,Ekstazi,228.0,0.52512077294686,131.56666666666666,0.4766908212560386,0,1,30
Math,36,Random,255.0,0.5252287581699348,121.56666666666666,0.47673202614379073,0,1,30
Math,81,Random,359.0,0.5252553389043639,170.93333333333334,0.47613741875580307,0,1,30
Math,93,Random,381.0,0.5252843394575678,181.36666666666667,0.47602799650043753,0,1,30
Jsoup,48,Random,26.0,0.5256410256410258,12.833333333333334,0.4935897435897435,0,1,30
Math,73,STARTS,281.0,0.5260570304818093,161.16666666666666,0.4754178957718781,0,1,30
Gson,15,Random,93.0,0.5261648745519714,44.56666666666667,0.47921146953405025,0,1,30
Math,88,Ekstazi,294.0,0.5263586956521741,174.8,0.4755,0,1,30
Gson,16,STARTS,88.0,0.5265232974910394,44.53333333333333,0.4788530465949821,0,1,30
Jsoup,20,Fastazi-S,20.0,0.5272727272727274,10.9,0.49545454545454537,0,1,30
Math,65,Random,328.0,0.5275406504065041,155.46666666666667,0.47398373983739833,0,1,30
Math,60,Random,312.0,0.5279914529914529,147.76666666666668,0.4736111111111112,0,1,30
Math,9,Random,166.0,0.5281124497991968,78.83333333333333,0.4748995983935742,0,1,30
Lang,23,Random,85.0,0.5282352941176472,40.6,0.4776470588235293,0,1,30
Jsoup,65,Ekstazi,26.0,0.528395061728395,13.233333333333333,0.49012345679012354,0,1,30
Jsoup,63,STARTS,27.0,0.5283950617283951,13.233333333333333,0.4901234567901235,0,1,30
Math,30,Random,249.0,0.5286479250334674,117.86666666666666,0.473360107095047,0,1,30
Compress,14,STARTS+DPT,34.0,0.5286549707602343,27.366666666666667,0.4801169590643273,0,1,30
Time,12,Random,147.0,0.5287981859410431,69.76666666666667,0.4746031746031746,0,1,30
Math,49,STARTS,243.0,0.5291062801932367,130.46666666666667,0.47270531400966187,0,1,30
Jsoup,60,Random,27.0,0.5296296296296296,13.2,0.4888888888888888,0,1,30
Jsoup,60,Ekstazi,24.0,0.5296296296296297,13.2,0.4888888888888889,0,1,30
Jsoup,10,Fastazi-S,13.0,0.5298245614035088,9.433333333333334,0.4964912280701756,0,1,30
Math,42,Ekstazi+dpt,231.0,0.5298892988929891,127.9,0.4719557195571956,0,1,30
Math,53,STARTS+FAST-S,251.0,0.5304093567251463,134.33333333333334,0.4713450292397662,0,1,30
Jsoup,46,Fastazi-S,17.0,0.530769230769231,12.7,0.48846153846153845,0,1,30
Cli,37,Random,27.0,0.5308641975308642,13.166666666666666,0.4876543209876543,0,1,30
Gson,3,Ekstazi,83.0,0.5309523809523808,39.9,0.4749999999999999,0,1,30
Math,53,STARTS+FAST-P,251.0,0.5309941520467839,134.16666666666666,0.4707602339181289,0,1,30
Compress,24,Random,75.0,0.5311111111111111,35.666666666666664,0.4755555555555555,0,1,30
Math,88,Random,368.0,0.5312500000000002,173.0,0.4701086956521739,0,1,30
Jsoup,6,STARTS+FAST-P,18.0,0.531578947368421,9.4,0.49473684210526336,0,1,30
Jsoup,33,Random,25.0,0.5320000000000001,12.2,0.4879999999999998,0,1,30
Jsoup,45,STARTS,23.0,0.5320512820512819,12.666666666666666,0.487179487179487,0,1,30
Jsoup,41,Random,26.0,0.532051282051282,12.666666666666666,0.4871794871794871,0,1,30
Codec,17,Random,58.0,0.532183908045977,27.633333333333333,0.4764367816091954,0,1,30
Math,23,Random,218.0,0.5325688073394496,102.4,0.4697247706422018,0,1,30
Gson,18,Random,93.0,0.5326164874551973,43.96666666666667,0.4727598566308245,0,1,30
Math,47,STARTS+FAST-S,258.0,0.5329849012775842,134.53333333333333,0.4687572590011616,0,1,30
Jsoup,1,Ekstazi,12.0,0.5333333333333333,6.1,0.5083333333333334,0,1,30
Cli,14,Random,55.0,0.5333333333333334,26.166666666666668,0.4757575757575757,0,1,30
Jsoup,20,STARTS+FAST-P,21.0,0.5333333333333334,10.766666666666667,0.48939393939393927,0,1,30
Math,79,Ekstazi+dpt,250.0,0.5336206896551723,162.8,0.4678160919540229,0,1,30
Math,68,Random,333.0,0.5336336336336337,155.8,0.46786786786786777,0,1,30
Math,57,STARTS,279.0,0.5338692390139335,145.46666666666667,0.46773847802786706,0,1,30
Gson,12,Random,92.0,0.5340579710144927,43.36666666666667,0.4713768115942029,0,1,30
Time,23,Ekstazi+dpt,73.0,0.5344594594594593,69.4,0.46891891891891896,0,1,30
Jsoup,56,Fastazi-P,23.0,0.5345679012345678,13.066666666666666,0.48395061728395067,0,1,30
Cli,13,Random,53.0,0.5345911949685536,25.166666666666668,0.47484276729559755,0,1,30
Cli,23,Fastazi-S,20.0,0.534722222222222,11.666666666666666,0.486111111111111,0,1,30
Cli,22,STARTS+FAST-S,23.0,0.5347826086956522,11.2,0.48695652173913045,0,1,30
Math,85,Random,365.0,0.5348858447488585,170.26666666666668,0.46648401826484026,0,1,30
Compress,14,Random,57.0,0.5350877192982455,27.0,0.4736842105263157,0,1,30
Compress,46,STARTS+FAST-P,78.0,0.5355555555555557,56.233333333333334,0.4686111111111108,0,1,30
Math,24,Random,238.0,0.5355742296918767,111.03333333333333,0.4665266106442578,0,1,30
Jsoup,46,Random,26.0,0.5358974358974359,12.566666666666666,0.4833333333333333,0,1,30
Jsoup,82,STARTS,33.0,0.5361904761904763,16.733333333333334,0.478095238095238,0,1,30
Time,9,Random,146.0,0.5363013698630137,68.2,0.4671232876712329,0,1,30
Math,47,STARTS+FAST-P,258.0,0.5368176538908246,133.43333333333334,0.46492450638792104,0,1,30
Gson,3,STARTS,84.0,0.5369047619047619,39.4,0.46904761904761894,0,1,30
Jsoup,55,Ekstazi+dpt,25.0,0.5370370370370368,13.0,0.4814814814814813,0,1,30
Jsoup,55,DPT,27.0,0.5370370370370368,13.0,0.4814814814814813,0,1,30
Jsoup,55,STARTS+DPT,25.0,0.5370370370370368,13.0,0.4814814814814813,0,1,30
Jsoup,75,STARTS,32.0,0.5371428571428571,16.7,0.4771428571428571,0,1,30
Jsoup,75,Random,35.0,0.5371428571428571,16.7,0.4771428571428571,0,1,30
Compress,43,Random,112.0,0.5372023809523809,52.333333333333336,0.4672619047619049,0,1,30
Math,92,STARTS+DPT,188.0,0.5372759856630823,172.63333333333333,0.4640681003584229,0,1,30
Jsoup,68,Random,33.0,0.5373737373737374,15.766666666666667,0.4777777777777779,0,1,30
Compress,33,FAST,90.0,0.537777777777778,42.1,0.46777777777777785,0,1,30
Compress,29,Ekstazi,71.0,0.5378787878787878,41.166666666666664,0.4678030303030303,0,1,30
Jsoup,66,Random,28.0,0.538095238095238,13.433333333333334,0.4797619047619047,0,1,30
Jsoup,60,STARTS,26.0,0.5382716049382716,12.966666666666667,0.4802469135802469,0,1,30
Jsoup,10,STARTS,16.0,0.5385964912280702,9.266666666666667,0.4877192982456141,0,1,30
Math,17,Random,192.0,0.5388888888888889,89.03333333333333,0.4637152777777778,0,1,30
Jsoup,2,STARTS,11.0,0.538888888888889,6.033333333333333,0.5027777777777778,0,1,30
Jsoup,23,STARTS+FAST-S,20.0,0.5391304347826085,11.1,0.48260869565217385,0,1,30
Jsoup,20,Fastazi-P,20.0,0.5393939393939393,10.633333333333333,0.4833333333333332,0,1,30
Math,69,Random,333.0,0.5395395395395395,153.83333333333334,0.461961961961962,0,1,30
Time,16,Fastazi-S,114.0,0.5396825396825394,68.16666666666667,0.46371882086167776,0,1,30
Jsoup,16,STARTS+FAST-P,18.0,0.5396825396825397,10.166666666666666,0.4841269841269841,0,1,30
Cli,36,STARTS,23.0,0.5397435897435898,12.466666666666667,0.4794871794871795,0,1,30
Jsoup,87,STARTS,34.0,0.5398148148148147,17.066666666666666,0.47407407407407415,0,1,30
Math,76,Random,341.0,0.539882697947214,157.4,0.46158357771261,0,1,30
Jsoup,39,Ekstazi+dpt,20.0,0.5399999999999996,12.0,0.4800000000000003,0,1,30
Jsoup,39,DPT,25.0,0.5399999999999996,12.0,0.4800000000000003,0,1,30
Jsoup,39,STARTS+DPT,23.0,0.5399999999999996,12.0,0.4800000000000003,0,1,30
Math,75,Random,339.0,0.5400196656833826,156.43333333333334,0.46145526057030484,0,1,30
Time,18,STARTS+FAST-P,146.0,0.5401360544217689,68.1,0.4632653061224491,0,1,30
Jsoup,86,STARTS,34.0,0.5407407407407406,17.033333333333335,0.47314814814814815,0,1,30
Math,67,Random,333.0,0.5408408408408409,153.4,0.4606606606606606,0,1,30
Jsoup,41,Ekstazi,24.0,0.5410256410256409,12.433333333333334,0.47820512820512817,0,1,30
Jsoup,53,STARTS,24.0,0.5410256410256411,12.433333333333334,0.47820512820512834,0,1,30
Math,53,Fastazi-P,226.0,0.5412865497076024,131.23333333333332,0.4604678362573097,0,1,30
Time,9,Fastazi-S,116.0,0.5413242009132423,67.46666666666667,0.46210045662100435,0,1,30
Jsoup,37,STARTS,23.0,0.5413333333333334,11.966666666666667,0.47866666666666674,0,1,30
Math,31,STARTS+FAST-S,148.0,0.5414666666666667,115.13333333333334,0.4605333333333336,0,1,30
Jsoup,4,Ekstazi,16.0,0.5416666666666666,7.833333333333333,0.4895833333333333,0,1,30
Math,22,Random,218.0,0.541743119266055,100.4,0.46055045871559647,0,1,30
Time,23,STARTS,147.0,0.5418918918918918,68.3,0.46148648648648655,0,1,30
Jsoup,69,STARTS,33.0,0.5419047619047619,16.533333333333335,0.47238095238095223,0,1,30
Jsoup,67,Random,31.0,0.5419354838709676,14.7,0.4741935483870968,0,1,30
Jsoup,65,STARTS,26.0,0.5419753086419753,12.866666666666667,0.47654320987654314,0,1,30
Jsoup,14,Random,19.0,0.5421052631578948,9.2,0.4842105263157895,0,1,30
Gson,10,STARTS+FAST-S,80.0,0.5425925925925925,41.666666666666664,0.46296296296296297,0,1,30
Math,5,STARTS,137.0,0.5429487179487179,71.8,0.4602564102564103,0,1,30
Jsoup,27,STARTS,21.0,0.5434782608695651,11.0,0.4782608695652174,0,1,30
Jsoup,77,Random,35.0,0.5438095238095237,16.466666666666665,0.4704761904761903,0,1,30
Codec,11,Ekstazi,34.0,0.5438596491228069,17.833333333333332,0.4692982456140351,0,1,30
Jsoup,7,STARTS+FAST-S,17.0,0.5438596491228069,9.166666666666666,0.4824561403508774,0,1,30
Gson,3,Random,84.0,0.544047619047619,38.8,0.4619047619047618,0,1,30
Cli,37,Fastazi-P,23.0,0.5444444444444444,12.8,0.47407407407407387,0,1,30
Cli,37,Fastazi-S,23.0,0.5444444444444445,12.8,0.47407407407407404,0,1,30
Time,4,Random,147.0,0.5448979591836735,67.4,0.4585034013605442,0,1,30
Cli,17,Ekstazi,22.0,0.5449275362318841,10.966666666666667,0.47681159420289865,0,1,30
Math,34,Random,254.0,0.5450131233595802,116.06666666666666,0.4569553805774278,0,1,30
Gson,16,DPT,93.0,0.5451612903225805,42.8,0.4602150537634409,0,1,30
Math,31,STARTS+FAST-P,148.0,0.5453333333333331,114.16666666666667,0.4566666666666666,0,1,30
Math,47,Ekstazi+dpt,244.0,0.5454123112659697,130.96666666666667,0.4563298490127758,0,1,30
Jsoup,10,STARTS+FAST-S,16.0,0.5456140350877193,9.133333333333333,0.48070175438596513,0,1,30
Math,52,Random,284.0,0.5457746478873239,129.5,0.4559859154929577,0,1,30
Gson,16,STARTS+DPT,88.0,0.5458781362007168,42.733333333333334,0.4594982078853046,0,1,30
Jsoup,48,STARTS,24.0,0.5461538461538461,12.3,0.473076923076923,0,1,30
Jsoup,46,STARTS,23.0,0.5461538461538461,12.3,0.4730769230769231,0,1,30
Time,23,Random,148.0,0.5461711711711712,67.66666666666667,0.45720720720720726,0,1,30
Jsoup,31,STARTS,20.0,0.5463768115942028,10.933333333333334,0.47536231884057983,0,1,30
Time,16,Fastazi-P,114.0,0.5464852607709749,67.16666666666667,0.45691609977324243,0,1,30
Compress,46,Random,120.0,0.5466666666666667,54.9,0.4575000000000001,0,1,30
Math,47,STARTS+DPT,258.0,0.5471544715447153,130.46666666666667,0.45458768873403005,0,1,30
Jsoup,54,STARTS,24.0,0.5474358974358975,12.266666666666667,0.47179487179487184,0,1,30
Compress,47,Random,132.0,0.5474747474747474,60.233333333333334,0.45631313131313134,0,1,30
Math,47,DPT,287.0,0.5475029036004645,130.36666666666667,0.454239256678281,0,1,30
Compress,34,STARTS+FAST-S,60.0,0.547777777777778,41.2,0.4577777777777779,0,1,30
Jsoup,23,STARTS+FAST-P,20.0,0.5478260869565215,10.9,0.47391304347826074,0,1,30
Math,19,Fastazi-S,161.0,0.5478260869565216,94.1,0.4545893719806763,0,1,30
Jsoup,27,Random,23.0,0.5478260869565218,10.9,0.47391304347826074,0,1,30
Cli,18,Random,23.0,0.5478260869565218,10.9,0.4739130434782609,0,1,30
Math,51,Fastazi-S,212.0,0.5480565371024737,128.4,0.4537102473498231,0,1,30
Compress,34,STARTS+FAST-P,60.0,0.5481481481481485,41.166666666666664,0.4574074074074075,0,1,30
Time,9,Fastazi-P,116.0,0.5481735159817354,66.46666666666667,0.4552511415525112,0,1,30
Time,25,Ekstazi,117.0,0.5481981981981983,67.36666666666666,0.45518018018018025,0,1,30
Gson,16,Ekstazi+dpt,80.0,0.5483870967741935,42.5,0.4569892473118278,0,1,30
Compress,42,Random,101.0,0.5485148514851484,46.1,0.4564356435643563,0,1,30
Jsoup,47,Fastazi-P,23.0,0.548717948717949,12.233333333333333,0.47051282051282056,0,1,30
Collections,28,Random,202.0,0.5490099009900989,91.6,0.4534653465346535,0,1,30
Jsoup,9,Random,19.0,0.5491228070175438,9.066666666666666,0.4771929824561403,0,1,30
Jsoup,10,Random,19.0,0.5491228070175438,9.066666666666666,0.47719298245614034,0,1,30
Cli,15,STARTS,42.0,0.5494047619047621,25.733333333333334,0.45952380952380956,0,1,30
Codec,18,STARTS+DPT,30.0,0.5494252873563219,26.633333333333333,0.4591954022988504,0,1,30
Time,5,STARTS,146.0,0.5501133786848073,66.63333333333334,0.4532879818594105,0,1,30
Math,16,STARTS,150.0,0.55043630017452,86.36666666666666,0.4521815008726004,0,1,30
Jsoup,35,STARTS,22.0,0.5506666666666666,11.733333333333333,0.4693333333333334,0,1,30
Math,42,STARTS,234.0,0.55079950799508,122.23333333333333,0.45104551045510455,0,1,30
Math,47,Fastazi-S,244.0,0.5513356562137052,129.26666666666668,0.4504065040650406,0,1,30
Math,47,Fastazi-P,244.0,0.5515679442508713,129.2,0.4501742160278746,0,1,30
Cli,39,Ekstazi,23.0,0.5518518518518517,12.6,0.46666666666666656,0,1,30
Gson,11,STARTS,85.0,0.552014652014652,41.266666666666666,0.4534798534798535,0,1,30
Math,51,Fastazi-P,212.0,0.5520612485276799,127.26666666666667,0.449705535924617,0,1,30
Math,12,Random,165.0,0.5525252525252525,74.33333333333333,0.45050505050505046,0,1,30
Jsoup,10,STARTS+FAST-P,16.0,0.5526315789473684,9.0,0.4736842105263156,0,1,30
Jsoup,62,STARTS,25.0,0.5530864197530865,12.566666666666666,0.46543209876543207,0,1,30
Jsoup,66,FAST,28.0,0.5535714285714286,13.0,0.46428571428571414,0,1,30
Jsoup,24,STARTS,19.0,0.5536231884057973,10.766666666666667,0.46811594202898554,0,1,30
Codec,16,Random,54.0,0.5537037037037038,24.6,0.45555555555555555,0,1,30
Math,86,STARTS,299.0,0.5538812785388127,163.33333333333334,0.44748858447488593,0,1,30
Cli,14,STARTS,45.0,0.553939393939394,25.033333333333335,0.45515151515151514,0,1,30
Time,14,STARTS,146.0,0.5539682539682539,66.06666666666666,0.44943310657596386,0,1,30
Math,46,Ekstazi+dpt,240.0,0.5540312876052951,124.03333333333333,0.44777376654632944,0,1,30
Math,31,Random,250.0,0.5541333333333334,111.96666666666667,0.4478666666666666,0,1,30
Math,65,Ekstazi,284.0,0.5542682926829268,146.7,0.44725609756097556,0,1,30
Jsoup,56,Ekstazi,23.0,0.554320987654321,12.533333333333333,0.4641975308641975,0,1,30
Math,12,DPT,165.0,0.5543434343434345,74.03333333333333,0.44868686868686875,0,1,30
Math,101,FAST,422.0,0.5544233807266983,188.53333333333333,0.44676145339652457,0,1,30
Math,65,STARTS,292.0,0.5548780487804877,146.5,0.4466463414634146,0,1,30
Math,99,STARTS,374.0,0.5549397590361447,185.2,0.4462650602409638,0,1,30
Math,46,STARTS+DPT,247.0,0.5555956678700364,123.6,0.4462093862815882,0,1,30
Jsoup,14,STARTS,16.0,0.5561403508771928,8.933333333333334,0.4701754385964911,0,1,30
Jsoup,81,STARTS,33.0,0.5561904761904762,16.033333333333335,0.458095238095238,0,1,30
Jsoup,42,STARTS,23.0,0.5564102564102564,12.033333333333333,0.46282051282051284,0,1,30
Math,89,STARTS,331.0,0.5564864864864865,164.6,0.4448648648648648,0,1,30
Math,101,DPT,422.0,0.556556082148499,187.63333333333333,0.44462875197472346,0,1,30
Math,46,DPT,277.0,0.5567990373044528,123.26666666666667,0.4450060168471718,0,1,30
Math,15,STARTS,166.0,0.5570175438596492,84.66666666666667,0.44561403508771924,0,1,30
Compress,33,Random,90.0,0.5570370370370371,40.36666666666667,0.4485185185185185,0,1,30
Jsoup,19,Random,21.0,0.5571428571428572,9.8,0.46666666666666673,0,1,30
Jsoup,19,STARTS,17.0,0.5571428571428573,9.8,0.4666666666666666,0,1,30
Math,81,Ekstazi,310.0,0.5574744661095635,159.36666666666667,0.4439182915506034,0,1,30
Gson,12,STARTS,82.0,0.557608695652174,41.2,0.4478260869565217,0,1,30
Math,76,STARTS,282.0,0.5578690127077224,151.26666666666668,0.44359726295210167,0,1,30
Jsoup,29,STARTS,20.0,0.5579710144927537,10.666666666666666,0.46376811594202905,0,1,30
Lang,20,Ekstazi+dpt,39.0,0.5580392156862745,38.06666666666667,0.4478431372549021,0,1,30
Compress,22,Random,75.0,0.5582222222222223,33.63333333333333,0.4484444444444444,0,1,30
JxPath,22,DPT,51.0,0.5588235294117646,23.0,0.45098039215686286,0,1,30
Math,29,Random,249.0,0.5589022757697457,110.33333333333333,0.44310575635876837,0,1,30
Jsoup,74,Random,35.0,0.5590476190476189,15.933333333333334,0.4552380952380952,0,1,30
Jsoup,56,Fastazi-S,23.0,0.5592592592592591,12.4,0.4592592592592592,0,1,30
Jsoup,58,STARTS,25.0,0.5592592592592592,12.4,0.45925925925925937,0,1,30
Math,52,FAST,284.0,0.5593896713615025,125.63333333333334,0.44237089201877927,0,1,30
Time,6,Ekstazi,116.0,0.5594104308390022,65.26666666666667,0.4439909297052154,0,1,30
Math,99,STARTS+FAST-S,374.0,0.5594377510040162,183.33333333333334,0.4417670682730923,0,1,30
Gson,17,STARTS+FAST-S,83.0,0.5598566308243728,41.43333333333333,0.44551971326164874,0,1,30
Cli,36,Ekstazi,22.0,0.5602564102564102,11.933333333333334,0.45897435897435895,0,1,30
Jsoup,46,Fastazi-P,17.0,0.5602564102564105,11.933333333333334,0.45897435897435906,0,1,30
Math,79,FAST,348.0,0.5604406130268198,153.46666666666667,0.4409961685823755,0,1,30
Cli,39,Random,27.0,0.5604938271604939,12.366666666666667,0.45802469135802465,0,1,30
Math,52,STARTS,250.0,0.560680751173709,125.26666666666667,0.44107981220657283,0,1,30
Codec,18,Random,58.0,0.5614942528735632,25.933333333333334,0.4471264367816092,0,1,30
Math,47,Random,287.0,0.562020905923345,126.2,0.43972125435540066,0,1,30
Jsoup,26,STARTS,20.0,0.5623188405797102,10.566666666666666,0.45942028985507266,0,1,30
Compress,11,DPT,56.0,0.5625,25.0,0.44642857142857134,0,1,30
Math,30,FAST,249.0,0.5626506024096388,109.4,0.4393574297188756,0,1,30
Lang,16,Fastazi-S,84.0,0.5626984126984128,37.233333333333334,0.44325396825396823,0,1,30
Jsoup,43,Random,26.0,0.5628205128205129,11.866666666666667,0.4564102564102564,0,1,30
Gson,18,STARTS,88.0,0.5630824372759856,41.13333333333333,0.44229390681003594,0,1,30
Jsoup,6,Fastazi-S,18.0,0.5631578947368421,8.8,0.46315789473684227,0,1,30
Jsoup,23,STARTS,20.0,0.5637681159420289,10.533333333333333,0.4579710144927537,0,1,30
Jsoup,90,STARTS,34.0,0.5638888888888888,16.2,0.45000000000000007,0,1,30
Compress,29,Random,88.0,0.5640151515151516,38.86666666666667,0.4416666666666667,0,1,30
Math,102,Fastazi-P,247.0,0.5643192488262908,186.1,0.4368544600938969,0,1,30
Math,73,Random,339.0,0.5644051130776795,148.16666666666666,0.43706981317600785,0,1,30
Time,4,Ekstazi,121.0,0.5653061224489797,64.4,0.4380952380952381,0,1,30
Time,13,STARTS+FAST-S,146.0,0.565986394557823,64.3,0.43741496598639446,0,1,30
Compress,19,Ekstazi,52.0,0.5661290322580643,27.4,0.4419354838709678,0,1,30
Math,36,STARTS+DPT,180.0,0.5662745098039215,111.1,0.4356862745098041,0,1,30
Jsoup,42,Ekstazi,20.0,0.5666666666666667,11.766666666666667,0.4525641025641025,0,1,30
Cli,23,STARTS,21.0,0.5666666666666667,10.9,0.45416666666666666,0,1,30
Jsoup,52,Fastazi-P,23.0,0.5666666666666669,11.766666666666667,0.4525641025641025,0,1,30
Jsoup,53,STARTS+FAST-S,24.0,0.5666666666666669,11.766666666666667,0.4525641025641027,0,1,30
Compress,45,STARTS+FAST-P,66.0,0.5669467787114845,52.03333333333333,0.4372549019607845,0,1,30
Math,94,STARTS,313.0,0.5670166229221347,165.46666666666667,0.4342957130358704,0,1,30
Math,23,DPT,218.0,0.5671253822629968,94.86666666666666,0.4351681957186545,0,1,30
Gson,13,STARTS,87.0,0.5673913043478261,40.3,0.43804347826086965,0,1,30
Lang,26,STARTS,69.0,0.5674074074074072,39.43333333333333,0.438148148148148,0,1,30
Jsoup,85,Ekstazi,32.0,0.5676190476190477,15.633333333333333,0.44666666666666655,0,1,30
Time,7,Random,147.0,0.5678004535147392,64.03333333333333,0.4356009070294784,0,1,30
Math,100,Ekstazi+dpt,187.0,0.567857142857143,182.0,0.4333333333333335,0,1,30
Jsoup,25,Ekstazi,19.0,0.5681159420289854,10.433333333333334,0.45362318840579713,0,1,30
Jsoup,20,STARTS+FAST-S,21.0,0.5681818181818181,10.0,0.4545454545454544,0,1,30
Collections,25,Ekstazi,157.0,0.568213058419244,84.26666666666667,0.434364261168385,0,1,30
Math,18,STARTS,181.0,0.5684466019417477,89.4,0.4339805825242718,0,1,30
Compress,27,Fastazi-S,49.0,0.568803418803419,34.13333333333333,0.4376068376068377,0,1,30
Lang,25,FAST,88.0,0.5689393939393941,38.43333333333333,0.4367424242424242,0,1,30
Lang,24,FAST,88.0,0.5689393939393941,38.43333333333333,0.43674242424242427,0,1,30
Jsoup,49,Ekstazi,23.0,0.5692307692307692,11.7,0.45000000000000007,0,1,30
Jsoup,47,Fastazi-S,23.0,0.5692307692307694,11.7,0.45,0,1,30
Collections,25,STARTS+FAST-S,157.0,0.5692439862542957,84.06666666666666,0.43333333333333346,0,1,30
Jsoup,2,FAST,12.0,0.5694444444444444,5.666666666666667,0.4722222222222223,0,1,30
Jsoup,80,Random,35.0,0.5695238095238094,15.566666666666666,0.44476190476190486,0,1,30
Math,50,Random,279.0,0.5698924731182795,120.5,0.4318996415770609,0,1,30
Jsoup,58,Random,27.0,0.5703703703703703,12.1,0.4481481481481481,0,1,30
Math,83,Random,359.0,0.5703806870937792,154.73333333333332,0.4310120705663882,0,1,30
Jsoup,33,Ekstazi,23.0,0.5706666666666667,11.233333333333333,0.4493333333333334,0,1,30
Math,81,STARTS,318.0,0.570844939647168,154.56666666666666,0.43054781801299913,0,1,30
Time,6,Fastazi-P,116.0,0.5712018140589571,63.53333333333333,0.43219954648526093,0,1,30
Math,42,Ekstazi,231.0,0.5712177121771218,116.7,0.4306273062730626,0,1,30
Compress,27,Fastazi-P,49.0,0.5713675213675216,33.93333333333333,0.43504273504273516,0,1,30
Jsoup,17,Random,21.0,0.5714285714285714,9.5,0.45238095238095233,0,1,30
Jsoup,45,Ekstazi,22.0,0.5717948717948718,11.633333333333333,0.4474358974358974,0,1,30
Gson,10,STARTS,80.0,0.5718518518518519,39.03333333333333,0.43370370370370365,0,1,30
Time,16,STARTS,146.0,0.5718820861678006,63.43333333333333,0.43151927437641724,0,1,30
Jsoup,39,STARTS,23.0,0.5720000000000002,11.2,0.44800000000000006,0,1,30
Jsoup,90,Ekstazi,27.0,0.5722222222222221,15.9,0.4416666666666666,0,1,30
Cli,26,STARTS,24.0,0.5722222222222222,10.766666666666667,0.44861111111111107,0,1,30
Jsoup,32,Random,23.0,0.5724637681159419,10.333333333333334,0.44927536231884063,0,1,30
Jsoup,20,Ekstazi,20.0,0.5727272727272726,9.9,0.44999999999999996,0,1,30
Cli,15,STARTS+FAST-P,42.0,0.5732142857142859,24.4,0.43571428571428555,0,1,30
Math,10,STARTS,175.0,0.5732323232323233,85.0,0.4292929292929293,0,1,30
Jsoup,10,STARTS+DPT,16.0,0.5736842105263158,8.6,0.45263157894736816,0,1,30
Math,64,STARTS,289.0,0.5738906088751291,138.13333333333333,0.4276573787409701,0,1,30
Jsoup,86,FAST,36.0,0.5740740740740741,15.833333333333334,0.43981481481481477,0,1,30
Math,99,STARTS+FAST-P,374.0,0.5741365461847391,177.23333333333332,0.42706827309236944,0,1,30
Math,31,STARTS+DPT,148.0,0.5742666666666669,106.93333333333334,0.42773333333333347,0,1,30
Jsoup,70,FAST,35.0,0.5742857142857142,15.4,0.4400000000000001,0,1,30
Math,61,Ekstazi,209.0,0.5747634069400631,135.3,0.426813880126183,0,1,30
Gson,6,STARTS,79.0,0.5750000000000001,37.9,0.43068181818181817,0,1,30
Time,12,STARTS,146.0,0.5750566893424035,62.96666666666667,0.42834467120181396,0,1,30
Jsoup,77,STARTS,33.0,0.5752380952380952,15.366666666666667,0.43904761904761896,0,1,30
Compress,42,Fastazi-P,62.0,0.5759075907590759,43.333333333333336,0.429042904290429,0,1,30
Math,102,Fastazi-S,247.0,0.5759780907668228,181.13333333333333,0.4251956181533645,0,1,30
Math,24,Ekstazi,176.0,0.576190476190476,101.36666666666666,0.4259103641456582,0,1,30
Jsoup,67,Ekstazi,27.0,0.5763440860215053,13.633333333333333,0.43978494623655917,0,1,30
Cli,14,Fastazi-S,38.0,0.5763636363636364,23.8,0.43272727272727274,0,1,30
Math,88,STARTS,329.0,0.5766304347826089,156.3,0.42472826086956517,0,1,30
Math,19,Ekstazi,161.0,0.5768115942028984,88.1,0.4256038647342994,0,1,30
Compress,37,DPT,92.0,0.5768115942028988,39.43333333333333,0.42862318840579733,0,1,30
Math,5,FAST,156.0,0.5771367521367521,66.46666666666667,0.426068376068376,0,1,30
Math,38,FAST,258.0,0.5772609819121448,109.56666666666666,0.4246770025839794,0,1,30
Math,102,Random,426.0,0.5773082942097025,180.56666666666666,0.4238654147104851,0,1,30
Math,62,STARTS,281.0,0.5773922187171399,134.46666666666667,0.42418506834910624,0,1,30
Compress,19,STARTS,54.0,0.5774193548387099,26.7,0.43064516129032254,0,1,30
JxPath,20,Random,49.0,0.5775510204081634,21.2,0.4326530612244898,0,1,30
Cli,23,Ekstazi,20.0,0.5777777777777777,10.633333333333333,0.44305555555555554,0,1,30
Compress,10,FAST,54.0,0.5777777777777778,23.3,0.4314814814814817,0,1,30
Compress,38,DPT,92.0,0.5778985507246378,39.333333333333336,0.4275362318840582,0,1,30
Compress,20,Random,64.0,0.578125,27.5,0.4296875,0,1,30
Compress,32,DPT,90.0,0.5781481481481483,38.46666666666667,0.4274074074074076,0,1,30
Compress,32,STARTS+DPT,63.0,0.5781481481481483,38.46666666666667,0.4274074074074076,0,1,30
Math,89,Ekstazi,302.0,0.5781981981981981,156.56666666666666,0.4231531531531531,0,1,30
Jsoup,50,STARTS+FAST-P,23.0,0.5782051282051284,11.466666666666667,0.4410256410256412,0,1,30
Math,94,Random,381.0,0.5782152230971129,161.2,0.4230971128608924,0,1,30
JxPath,22,Ekstazi+dpt,30.0,0.5784313725490194,22.0,0.43137254901960803,0,1,30
JxPath,22,STARTS+DPT,32.0,0.5784313725490194,22.0,0.43137254901960803,0,1,30
Compress,42,STARTS,73.0,0.5785478547854785,43.06666666666667,0.4264026402640263,0,1,30
Cli,14,Fastazi-P,38.0,0.5787878787878789,23.666666666666668,0.43030303030303035,0,1,30
Jsoup,10,DPT,19.0,0.5789473684210524,8.5,0.44736842105263136,0,1,30
Math,92,STARTS+FAST-S,188.0,0.5790322580645163,157.1,0.4223118279569891,0,1,30
Jsoup,76,Random,35.0,0.579047619047619,15.233333333333333,0.43523809523809504,0,1,30
Compress,28,DPT,78.0,0.5790598290598292,33.333333333333336,0.4273504273504275,0,1,30
Compress,29,STARTS,74.0,0.5791666666666667,37.53333333333333,0.42651515151515157,0,1,30
Cli,26,Random,24.0,0.5791666666666667,10.6,0.4416666666666667,0,1,30
Math,39,Random,262.0,0.5793893129770993,110.7,0.4225190839694657,0,1,30
Jsoup,66,STARTS,26.0,0.5797619047619048,12.266666666666667,0.43809523809523815,0,1,30
Compress,31,FAST,89.0,0.5805243445692885,37.833333333333336,0.42509363295880137,0,1,30
Jsoup,1,Random,12.0,0.5805555555555558,5.533333333333333,0.46111111111111114,0,1,30
Jsoup,9,STARTS+FAST-S,16.0,0.5807017543859648,8.466666666666667,0.4456140350877192,0,1,30
Time,12,Fastazi-P,118.0,0.5807256235827662,62.13333333333333,0.4226757369614513,0,1,30
Cli,17,Random,23.0,0.5811594202898551,10.133333333333333,0.44057971014492747,0,1,30
Math,25,STARTS,193.0,0.5814516129032259,104.3,0.4205645161290322,0,1,30
Jsoup,57,FAST,27.0,0.5814814814814814,11.8,0.437037037037037,0,1,30
Jsoup,68,STARTS,31.0,0.5818181818181819,14.3,0.43333333333333324,0,1,30
Math,92,STARTS+FAST-P,188.0,0.5819892473118279,156.0,0.41935483870967744,0,1,30
Jsoup,44,Ekstazi,18.0,0.5820512820512821,11.366666666666667,0.4371794871794871,0,1,30
Compress,11,Ekstazi+dpt,35.0,0.5821428571428572,23.9,0.4267857142857144,0,1,30
Math,36,STARTS,180.0,0.5822222222222223,107.03333333333333,0.41973856209150334,0,1,30
Jsoup,76,STARTS,32.0,0.5828571428571429,15.1,0.43142857142857144,0,1,30
Compress,43,STARTS,94.0,0.5830357142857143,47.2,0.4214285714285714,0,1,30
Compress,20,Fastazi-S,40.0,0.5833333333333334,27.166666666666668,0.4244791666666667,0,1,30
Math,59,FAST,312.0,0.5834401709401712,130.46666666666667,0.4181623931623932,0,1,30
Math,58,FAST,312.0,0.5834401709401712,130.46666666666667,0.4181623931623933,0,1,30
Gson,17,STARTS+FAST-P,83.0,0.5835125448028673,39.233333333333334,0.42186379928315404,0,1,30
Compress,11,STARTS+DPT,37.0,0.5839285714285715,23.8,0.4250000000000001,0,1,30
Math,99,Ekstazi+dpt,270.0,0.5839357429718876,173.16666666666666,0.41726907630522075,0,1,30
Jsoup,10,Ekstazi+dpt,13.0,0.5842105263157893,8.4,0.4421052631578945,0,1,30
Jsoup,9,STARTS+FAST-P,16.0,0.5842105263157894,8.4,0.44210526315789467,0,1,30
Cli,13,FAST,53.0,0.5842767295597487,22.533333333333335,0.42515723270440264,0,1,30
Lang,19,Ekstazi,68.0,0.5845238095238094,35.4,0.42142857142857143,0,1,30
Time,13,STARTS+FAST-P,146.0,0.5848072562358273,61.53333333333333,0.41859410430838995,0,1,30
Collections,25,STARTS,157.0,0.5852233676975944,80.96666666666667,0.4173539518900344,0,1,30
Codec,13,Ekstazi,46.0,0.5852564102564105,22.066666666666666,0.4243589743589743,0,1,30
Jsoup,33,STARTS,23.0,0.5853333333333333,10.866666666666667,0.43466666666666676,0,1,30
Gson,15,Ekstazi,67.0,0.585663082437276,39.03333333333333,0.41971326164874545,0,1,30
Math,84,STARTS,296.0,0.5857142857142859,151.3,0.41565934065934057,0,1,30
Compress,16,STARTS,40.0,0.5858757062146894,24.933333333333334,0.4225988700564972,0,1,30
Time,6,Fastazi-S,116.0,0.5859410430839005,61.36666666666667,0.4174603174603176,0,1,30
Jsoup,58,Ekstazi,23.0,0.5864197530864197,11.666666666666666,0.4320987654320987,0,1,30
Lang,16,Ekstazi+dpt,84.0,0.5865079365079365,35.233333333333334,0.41944444444444445,0,1,30
Jsoup,75,FAST,35.0,0.5866666666666664,14.966666666666667,0.4276190476190476,0,1,30
Jsoup,73,STARTS,32.0,0.5866666666666667,14.966666666666667,0.4276190476190475,0,1,30
Lang,16,DPT,84.0,0.5869047619047617,35.2,0.419047619047619,0,1,30
Math,30,STARTS,208.0,0.5872824631860776,103.26666666666667,0.41472556894243645,0,1,30
Lang,16,STARTS+DPT,84.0,0.5873015873015872,35.166666666666664,0.41865079365079366,0,1,30
Time,12,Fastazi-S,118.0,0.5873015873015875,61.166666666666664,0.4160997732426305,0,1,30
Jsoup,4,Fastazi-S,16.0,0.5875,7.1,0.44375,0,1,30
Cli,23,Fastazi-P,20.0,0.5875000000000001,10.4,0.43333333333333335,0,1,30
Jsoup,6,STARTS+FAST-S,18.0,0.587719298245614,8.333333333333334,0.4385964912280703,0,1,30
Compress,30,STARTS,76.0,0.5883895131086144,37.13333333333333,0.4172284644194756,0,1,30
Jsoup,52,Fastazi-S,23.0,0.5884615384615388,11.2,0.4307692307692307,0,1,30
Jsoup,3,FAST,12.0,0.5888888888888888,5.433333333333334,0.45277777777777767,0,1,30
Jsoup,3,Fastazi-P,11.0,0.5888888888888888,5.433333333333334,0.45277777777777767,0,1,30
Codec,15,DPT,54.0,0.5895061728395063,22.666666666666668,0.4197530864197531,0,1,30
Jsoup,79,STARTS,33.0,0.5895238095238096,14.866666666666667,0.4247619047619047,0,1,30
Math,61,FAST,317.0,0.5898002103049421,130.53333333333333,0.4117770767613038,0,1,30
Gson,5,STARTS+FAST-S,78.0,0.5904214559386971,36.13333333333333,0.4153256704980841,0,1,30
Jsoup,36,Fastazi-S,23.0,0.5906666666666667,10.733333333333333,0.4293333333333333,0,1,30
Collections,28,FAST,202.0,0.5912541254125412,83.06666666666666,0.41122112211221135,0,1,30
Compress,42,Fastazi-S,62.0,0.5914191419141913,41.766666666666666,0.41353135313531353,0,1,30
Math,64,Ekstazi,279.0,0.5917440660474717,132.36666666666667,0.40980392156862744,0,1,30
Math,58,Random,312.0,0.5917735042735043,127.86666666666666,0.40982905982905987,0,1,30
Math,33,STARTS,204.0,0.5918635170603674,104.16666666666667,0.41010498687664043,0,1,30
Math,21,STARTS,188.0,0.5920489296636084,89.43333333333334,0.4102446483180427,0,1,30
Jsoup,17,STARTS,17.0,0.5920634920634921,9.066666666666666,0.43174603174603177,0,1,30
Jsoup,80,STARTS,33.0,0.5923809523809525,14.766666666666667,0.4219047619047619,0,1,30
JxPath,21,FAST,50.0,0.5926666666666667,20.866666666666667,0.4173333333333334,0,1,30
Math,48,STARTS,253.0,0.5927083333333333,117.8,0.4090277777777777,0,1,30
Jsoup,66,STARTS+FAST-S,26.0,0.5928571428571429,11.9,0.4255,0,1,30
Jsoup,43,STARTS,25.0,0.5935897435897436,11.066666666666666,0.4256410256410257,0,1,30
Math,46,STARTS,247.0,0.5936221419975932,113.06666666666666,0.40818291215403124,0,1,30
Gson,12,Ekstazi,77.0,0.593840579710145,37.86666666666667,0.4115942028985507,0,1,30
Math,104,Ekstazi,331.0,0.5938473520249221,174.33333333333334,0.4073208722741432,0,1,30
Time,12,Ekstazi,118.0,0.5941043083900227,60.166666666666664,0.4092970521541951,0,1,30
Jsoup,2,Ekstazi,10.0,0.5944444444444446,5.366666666666666,0.44722222222222224,0,1,30
Math,101,Random,422.0,0.5947077409162719,171.53333333333333,0.4064770932069511,0,1,30
Jsoup,15,Ekstazi,12.0,0.5947368421052631,8.2,0.43157894736842106,0,1,30
Jsoup,6,FAST,19.0,0.5947368421052631,8.2,0.4315789473684211,0,1,30
Codec,16,DPT,54.0,0.5950617283950617,22.366666666666667,0.4141975308641976,0,1,30
Math,95,STARTS,371.0,0.5951456310679611,167.3,0.40606796116504856,0,1,30
Jsoup,66,STARTS+FAST-P,26.0,0.5952380952380952,11.833333333333334,0.4226190476190476,0,1,30
Jsoup,4,Random,16.0,0.5958333333333333,6.966666666666667,0.4354166666666667,0,1,30
Jsoup,68,Ekstazi,28.0,0.5959595959595958,13.833333333333334,0.41919191919191917,0,1,30
Math,53,Ekstazi,226.0,0.5960233918128657,115.63333333333334,0.4057309941520467,0,1,30
Math,10,Random,198.0,0.5961279461279461,80.46666666666667,0.4063973063973064,0,1,30
Math,57,FAST,311.0,0.5962486602357985,126.06666666666666,0.40535905680600215,0,1,30
Gson,18,Ekstazi,73.0,0.5964157706093189,38.03333333333333,0.4089605734767025,0,1,30
Math,18,Ekstazi,167.0,0.5964401294498385,83.63333333333334,0.4059870550161813,0,1,30
Math,44,STARTS,244.0,0.5964848484848486,111.46666666666667,0.40533333333333327,0,1,30
Compress,31,STARTS+FAST-P,55.0,0.596629213483146,36.4,0.4089887640449438,0,1,30
Compress,37,STARTS+DPT,56.0,0.5967391304347824,37.6,0.40869565217391296,0,1,30
Jsoup,82,Ekstazi,27.0,0.5971428571428569,14.6,0.4171428571428572,0,1,30
Jsoup,89,Ekstazi+dpt,17.0,0.5972222222222218,15.0,0.4166666666666666,0,1,30
Codec,11,STARTS,34.0,0.5973684210526317,15.8,0.41578947368421054,0,1,30
Math,72,STARTS,303.0,0.5977384464110128,136.86666666666667,0.40373647984267447,0,1,30
Math,95,Ekstazi,349.0,0.5982200647249191,166.03333333333333,0.4029935275080907,0,1,30
Math,70,FAST,334.0,0.5984031936127745,134.63333333333333,0.40309381237524927,0,1,30
Jsoup,39,STARTS+FAST-S,23.0,0.5986666666666667,10.533333333333333,0.4213333333333334,0,1,30
Jsoup,48,Ekstazi,23.0,0.5987179487179487,10.933333333333334,0.42051282051282046,0,1,30
Lang,24,STARTS,61.0,0.5992424242424244,35.766666666666666,0.4064393939393939,0,1,30
Compress,31,DPT,89.0,0.599250936329588,36.166666666666664,0.4063670411985019,0,1,30
Math,38,Random,258.0,0.5998708010335918,103.73333333333333,0.40206718346253234,0,1,30
Jsoup,36,FAST,25.0,0.5999999999999999,10.5,0.41999999999999993,0,1,30
Time,13,Ekstazi,118.0,0.6,59.3,0.40340136054421777,0,1,30
Compress,21,STARTS,62.0,0.6004504504504504,30.066666666666666,0.4063063063063063,0,1,30
Math,76,Ekstazi,260.0,0.6004887585532747,136.73333333333332,0.40097751710654944,0,1,30
Time,21,Ekstazi,116.0,0.6009070294784582,59.166666666666664,0.4024943310657596,0,1,30
Cli,15,DPT,56.0,0.6011904761904762,22.833333333333332,0.4077380952380953,0,1,30
Cli,38,Random,27.0,0.6012345679012346,11.266666666666667,0.41728395061728396,0,1,30
Jsoup,47,Ekstazi,23.0,0.6012820512820513,10.866666666666667,0.41794871794871796,0,1,30
Gson,14,Ekstazi,79.0,0.6014336917562723,37.56666666666667,0.40394265232974913,0,1,30
Math,69,STARTS+FAST-P,245.0,0.6017017017017015,133.13333333333333,0.39979979979979985,0,1,30
Math,53,Random,285.0,0.6017543859649123,114.0,0.39999999999999997,0,1,30
Math,73,Fastazi-S,267.0,0.6020648967551623,135.4,0.399410029498525,0,1,30
Math,73,Fastazi-P,267.0,0.6021632251720747,135.36666666666667,0.39931170108161246,0,1,30
Math,56,Ekstazi,262.0,0.6024122807017545,121.36666666666666,0.3992324561403508,0,1,30
Jsoup,74,FAST,35.0,0.6028571428571426,14.4,0.41142857142857164,0,1,30
Compress,28,STARTS+DPT,49.0,0.6034188034188035,31.433333333333334,0.4029914529914532,0,1,30
Jsoup,37,STARTS+FAST-S,23.0,0.6039999999999999,10.4,0.41600000000000015,0,1,30
Jsoup,25,STARTS,21.0,0.6043478260869566,9.6,0.41739130434782623,0,1,30
Jsoup,88,Ekstazi,29.0,0.6046296296296295,14.733333333333333,0.40925925925925927,0,1,30
Cli,15,STARTS+DPT,42.0,0.6047619047619047,22.633333333333333,0.4041666666666667,0,1,30
Compress,21,Ekstazi,58.0,0.6049549549549551,29.733333333333334,0.40180180180180186,0,1,30
Cli,34,Ekstazi,22.0,0.6055555555555555,9.966666666666667,0.41527777777777775,0,1,30
Compress,47,STARTS,97.0,0.6055555555555556,52.56666666666667,0.3982323232323232,0,1,30
Compress,31,STARTS+FAST-S,55.0,0.6056179775280902,35.6,0.40000000000000013,0,1,30
Math,94,Fastazi-P,281.0,0.6064741907261593,150.43333333333334,0.39483814523184596,0,1,30
Jsoup,39,STARTS+FAST-P,23.0,0.6066666666666668,10.333333333333334,0.41333333333333333,0,1,30
Jsoup,11,STARTS,17.0,0.6070175438596492,7.966666666666667,0.41929824561403506,0,1,30
Math,28,Ekstazi+dpt,213.0,0.6072289156626505,98.3,0.39477911646586333,0,1,30
Compress,38,STARTS+DPT,55.0,0.6076086956521739,36.6,0.397826086956522,0,1,30
Jsoup,54,Ekstazi,19.0,0.6076923076923078,10.7,0.4115384615384616,0,1,30
Lang,19,Fastazi-P,68.0,0.6079365079365077,33.43333333333333,0.3980158730158731,0,1,30
Math,28,STARTS+DPT,219.0,0.608032128514056,98.1,0.3939759036144577,0,1,30
Jsoup,5,STARTS,13.0,0.6083333333333333,6.766666666666667,0.42291666666666666,0,1,30
Jsoup,12,FAST,20.0,0.6083333333333335,8.333333333333334,0.4166666666666667,0,1,30
Math,79,STARTS,308.0,0.6084291187739462,136.76666666666668,0.393007662835249,0,1,30
Compress,10,Fastazi-S,33.0,0.6086419753086417,21.633333333333333,0.4006172839506171,0,1,30
Jsoup,50,STARTS+FAST-S,23.0,0.6089743589743591,10.666666666666666,0.41025641025641035,0,1,30
Math,94,Fastazi-S,281.0,0.6090113735783028,149.46666666666667,0.39230096237970247,0,1,30
Math,79,STARTS+FAST-S,308.0,0.6091954022988502,136.5,0.392241379310345,0,1,30
Jsoup,71,FAST,35.0,0.6095238095238092,14.166666666666666,0.40476190476190493,0,1,30
Jsoup,74,STARTS+FAST-P,33.0,0.6095238095238092,14.166666666666666,0.40476190476190493,0,1,30
Math,24,STARTS,202.0,0.6096638655462184,93.4,0.392436974789916,0,1,30
Jsoup,64,Random,27.0,0.6098765432098764,11.033333333333333,0.40864197530864194,0,1,30
Jsoup,57,STARTS+FAST-P,25.0,0.6098765432098764,11.033333333333333,0.408641975308642,0,1,30
Math,94,Ekstazi,281.0,0.6100612423447068,149.06666666666666,0.39125109361329835,0,1,30
Math,29,DPT,249.0,0.6103078982597054,97.53333333333333,0.3917001338688084,0,1,30
Math,69,STARTS+FAST-S,245.0,0.6103103103103101,130.26666666666668,0.39119119119119106,0,1,30
Math,99,Fastazi-P,270.0,0.6103614457831325,162.2,0.39084337349397574,0,1,30
Jsoup,4,STARTS+FAST-P,16.0,0.6104166666666667,6.733333333333333,0.42083333333333334,0,1,30
Math,28,DPT,249.0,0.6108433734939758,97.4,0.39116465863453803,0,1,30
Math,25,STARTS+DPT,193.0,0.6108870967741937,97.0,0.39112903225806434,0,1,30
Compress,32,Ekstazi+dpt,47.0,0.6111111111111112,35.5,0.39444444444444465,0,1,30
Compress,30,Ekstazi,73.0,0.6116104868913859,35.06666666666667,0.39400749063670404,0,1,30
Math,99,Fastazi-S,270.0,0.6119678714859437,161.53333333333333,0.38923694779116463,0,1,30
Time,14,STARTS+FAST-P,146.0,0.6120181405895693,57.53333333333333,0.39138321995464853,0,1,30
Jsoup,7,STARTS,17.0,0.6122807017543859,7.866666666666666,0.41403508771929814,0,1,30
Math,52,STARTS+FAST-P,250.0,0.6125586854460093,110.53333333333333,0.38920187793427236,0,1,30
Math,52,STARTS+FAST-S,250.0,0.612676056338028,110.5,0.38908450704225367,0,1,30
Math,99,Ekstazi,270.0,0.61285140562249,161.16666666666666,0.38835341365461845,0,1,30
Gson,9,Ekstazi,63.0,0.6131086142322096,34.93333333333333,0.39250936329588004,0,1,30
Time,14,STARTS+FAST-S,146.0,0.6131519274376417,57.36666666666667,0.39024943310657606,0,1,30
Math,96,Random,412.0,0.6134304207119741,159.76666666666668,0.3877831715210356,0,1,30
Jsoup,62,Ekstazi,22.0,0.6135802469135802,10.933333333333334,0.4049382716049382,0,1,30
Math,25,DPT,248.0,0.613978494623656,96.23333333333333,0.388037634408602,0,1,30
Jsoup,15,Fastazi-S,12.0,0.6140350877192982,7.833333333333333,0.41228070175438575,0,1,30
Lang,15,STARTS,64.0,0.6147727272727274,34.4,0.3909090909090908,0,1,30
Jsoup,87,Ekstazi,28.0,0.6148148148148146,14.366666666666667,0.39907407407407397,0,1,30
Jsoup,57,STARTS+FAST-S,25.0,0.6148148148148146,10.9,0.40370370370370373,0,1,30
Cli,37,Ekstazi,23.0,0.6148148148148148,10.9,0.4037037037037037,0,1,30
Cli,38,FAST,27.0,0.6160493827160493,10.866666666666667,0.4024691358024689,0,1,30
Jsoup,2,DPT,12.0,0.6166666666666665,5.1,0.4255,0,1,30
Codec,15,STARTS,35.0,0.6166666666666668,21.2,0.3925925925925925,0,1,30
Math,58,Ekstazi,230.0,0.6172008547008545,119.93333333333334,0.38440170940170937,0,1,30
Gson,8,FAST,89.0,0.6176029962546818,34.53333333333333,0.3880149812734082,0,1,30
Math,6,STARTS+FAST-S,83.0,0.6177350427350431,60.13333333333333,0.3854700854700857,0,1,30
Math,31,STARTS,148.0,0.6185333333333334,95.86666666666666,0.38346666666666673,0,1,30
Math,52,Fastazi-S,234.0,0.6186619718309859,108.8,0.38309859154929576,0,1,30
Cli,18,Fastazi-P,15.0,0.618840579710145,9.266666666666667,0.4028985507246377,0,1,30
Compress,9,Random,46.0,0.6188405797101451,18.033333333333335,0.39202898550724635,0,1,30
Jsoup,42,Fastazi-S,20.0,0.6192307692307695,10.4,0.40000000000000013,0,1,30
Math,52,Fastazi-P,234.0,0.6194835680751175,108.56666666666666,0.38227699530516435,0,1,30
Time,17,STARTS+FAST-S,146.0,0.6199546485260773,56.36666666666667,0.38344671201814073,0,1,30
Math,67,STARTS,237.0,0.62002002002002,127.03333333333333,0.3814814814814816,0,1,30
Math,52,Ekstazi,234.0,0.6200704225352113,108.4,0.3816901408450704,0,1,30
Jsoup,43,STARTS+FAST-S,25.0,0.6205128205128205,10.366666666666667,0.3987179487179489,0,1,30
Jsoup,53,STARTS+FAST-P,24.0,0.6205128205128205,10.366666666666667,0.3987179487179489,0,1,30
Compress,27,STARTS,55.0,0.6209401709401711,30.066666666666666,0.3854700854700854,0,1,30
Jsoup,8,STARTS,16.0,0.6210526315789474,7.7,0.4052631578947367,0,1,30
Jsoup,92,Random,36.0,0.6212962962962963,14.133333333333333,0.3925925925925925,0,1,30
Compress,22,STARTS,57.0,0.6213333333333335,28.9,0.3853333333333334,0,1,30
Cli,19,Fastazi-P,15.0,0.6217391304347827,9.2,0.40000000000000013,0,1,30
Jsoup,80,FAST,35.0,0.6219047619047617,13.733333333333333,0.39238095238095255,0,1,30
Jsoup,69,Fastazi-P,23.0,0.6219047619047617,13.733333333333333,0.3923809523809526,0,1,30
Math,79,STARTS+FAST-P,308.0,0.6220306513409958,132.03333333333333,0.3794061302681993,0,1,30
Gson,13,Ekstazi,82.0,0.6221014492753623,35.266666666666666,0.38333333333333336,0,1,30
Cli,39,FAST,27.0,0.6222222222222221,10.7,0.39629629629629615,0,1,30
Jsoup,3,Fastazi-S,11.0,0.6222222222222222,5.033333333333333,0.41944444444444434,0,1,30
Jsoup,2,STARTS+DPT,11.0,0.6222222222222223,5.033333333333333,0.4194444444444444,0,1,30
Math,31,Ekstazi+dpt,124.0,0.6222666666666666,94.93333333333334,0.3797333333333334,0,1,30
Jsoup,21,STARTS,18.0,0.6227272727272727,8.8,0.4000000000000001,0,1,30
Jsoup,74,STARTS+FAST-S,33.0,0.6228571428571426,13.7,0.39142857142857157,0,1,30
Jsoup,27,Fastazi-P,18.0,0.6231884057971012,9.166666666666666,0.3985507246376813,0,1,30
Jsoup,32,STARTS+FAST-S,20.0,0.6231884057971016,9.166666666666666,0.3985507246376812,0,1,30
Math,46,Ekstazi,240.0,0.623465703971119,104.8,0.37833935018050546,0,1,30
Cli,25,FAST,24.0,0.6236111111111112,9.533333333333333,0.39722222222222214,0,1,30
Time,16,Ekstazi,114.0,0.6238095238095238,55.8,0.3795918367346938,0,1,30
Math,55,STARTS,256.0,0.624074074074074,108.76666666666667,0.37766203703703705,0,1,30
Jsoup,50,Ekstazi,20.0,0.6243589743589745,10.266666666666667,0.39487179487179475,0,1,30
Jsoup,27,STARTS+FAST-S,21.0,0.6246376811594202,9.133333333333333,0.3971014492753625,0,1,30
Jsoup,23,Fastazi-S,14.0,0.6246376811594202,9.133333333333333,0.39710144927536256,0,1,30
Time,7,Fastazi-S,116.0,0.6249433106575962,55.63333333333333,0.37845804988662135,0,1,30
Jsoup,1,Ekstazi+dpt,12.0,0.6249999999999999,5.0,0.41666666666666663,0,1,30
Gson,5,STARTS+FAST-P,78.0,0.6252873563218393,33.1,0.3804597701149424,0,1,30
Jsoup,50,Fastazi-S,20.0,0.6256410256410257,10.233333333333333,0.3935897435897438,0,1,30
Compress,20,STARTS,45.0,0.6260416666666667,24.433333333333334,0.38177083333333334,0,1,30
Jsoup,27,STARTS+FAST-P,21.0,0.6260869565217391,9.1,0.3956521739130437,0,1,30
Time,19,Random,147.0,0.6263038548752835,55.43333333333333,0.3770975056689343,0,1,30
Jsoup,9,Ekstazi,13.0,0.6263157894736842,7.6,0.4000000000000001,0,1,30
Math,31,Fastazi-P,124.0,0.6264000000000002,93.9,0.3756,0,1,30
Math,6,STARTS+FAST-P,83.0,0.6267094017094018,58.733333333333334,0.37649572649572655,0,1,30
Jsoup,42,Fastazi-P,20.0,0.6269230769230771,10.2,0.3923076923076925,0,1,30
Gson,15,STARTS,84.0,0.6272401433691756,35.166666666666664,0.3781362007168458,0,1,30
Math,79,Ekstazi,250.0,0.6273946360153257,130.16666666666666,0.37404214559386967,0,1,30
Compress,13,Random,57.0,0.6274853801169591,21.733333333333334,0.38128654970760234,0,1,30
Time,18,Ekstazi,116.0,0.6276643990929706,55.233333333333334,0.37573696145124713,0,1,30
Lang,17,STARTS,55.0,0.628174603174603,31.733333333333334,0.37777777777777766,0,1,30
Math,61,STARTS,258.0,0.6286014721345953,118.23333333333333,0.37297581493165083,0,1,30
Math,5,Fastazi-P,137.0,0.6286324786324784,58.43333333333333,0.3745726495726496,0,1,30
Compress,40,Ekstazi,92.0,0.628673835125448,35.03333333333333,0.3767025089605735,0,1,30
Jsoup,83,STARTS,34.0,0.6295238095238094,13.466666666666667,0.3847619047619047,0,1,30
Time,17,STARTS+FAST-P,146.0,0.6299319727891158,54.9,0.3734693877551021,0,1,30
Math,57,STARTS+FAST-P,279.0,0.630117899249732,115.53333333333333,0.37148981779206874,0,1,30
Time,20,Ekstazi,116.0,0.6301587301587303,54.86666666666667,0.37324263038548755,0,1,30
Jsoup,27,Ekstazi,18.0,0.6304347826086958,9.0,0.39130434782608703,0,1,30
Math,57,STARTS+FAST-S,279.0,0.6304394426580922,115.43333333333334,0.37116827438370853,0,1,30
Jsoup,3,STARTS+FAST-S,12.0,0.6305555555555556,4.933333333333334,0.4111111111111111,0,1,30
Lang,19,Fastazi-S,68.0,0.6305555555555558,31.533333333333335,0.3753968253968255,0,1,30
Math,30,STARTS+FAST-P,208.0,0.6309236947791166,92.4,0.37108433734939744,0,1,30
Compress,12,DPT,56.0,0.630952380952381,21.166666666666668,0.3779761904761905,0,1,30
Math,58,STARTS+FAST-S,277.0,0.6310897435897436,115.6,0.3705128205128207,0,1,30
Math,56,STARTS,275.0,0.631140350877193,112.63333333333334,0.37050438596491225,0,1,30
Math,64,FAST,323.0,0.6312693498452012,119.6,0.3702786377708978,0,1,30
Math,58,STARTS+FAST-P,277.0,0.6314102564102566,115.5,0.37019230769230776,0,1,30
Jsoup,69,Fastazi-S,23.0,0.6314285714285712,13.4,0.38285714285714306,0,1,30
Jsoup,31,STARTS+FAST-P,20.0,0.6318840579710143,8.966666666666667,0.38985507246376827,0,1,30
Jsoup,26,Ekstazi,19.0,0.6318840579710145,8.966666666666667,0.3898550724637681,0,1,30
Math,69,STARTS,245.0,0.6329329329329328,122.73333333333333,0.36856856856856857,0,1,30
Math,97,FAST,412.0,0.6332524271844661,151.6,0.3679611650485438,0,1,30
Jsoup,74,Ekstazi,24.0,0.6333333333333331,13.333333333333334,0.380952380952381,0,1,30
Compress,32,STARTS,63.0,0.6333333333333332,33.5,0.37222222222222207,0,1,30
Jsoup,31,STARTS+FAST-S,20.0,0.6333333333333332,8.933333333333334,0.3884057971014495,0,1,30
Cli,15,Ekstazi+dpt,33.0,0.6333333333333333,21.033333333333335,0.37559523809523815,0,1,30
Jsoup,37,Ekstazi,20.0,0.6333333333333333,9.666666666666666,0.38666666666666666,0,1,30
Compress,43,Ekstazi,88.0,0.6336309523809526,41.53333333333333,0.37083333333333346,0,1,30
Math,86,Ekstazi,261.0,0.6337899543378998,134.16666666666666,0.36757990867579904,0,1,30
Math,47,Ekstazi,244.0,0.6339140534262486,105.56666666666666,0.36782810685249717,0,1,30
Compress,31,STARTS+DPT,55.0,0.6340823970037452,33.06666666666667,0.37153558052434466,0,1,30
Math,100,STARTS,287.0,0.6342857142857141,154.1,0.3669047619047619,0,1,30
Time,17,STARTS,146.0,0.6344671201814058,54.233333333333334,0.36893424036281175,0,1,30
Jsoup,50,Ekstazi+dpt,20.0,0.6346153846153847,10.0,0.38461538461538486,0,1,30
Jsoup,50,DPT,26.0,0.6346153846153847,10.0,0.38461538461538486,0,1,30
Jsoup,50,STARTS+DPT,23.0,0.6346153846153847,10.0,0.38461538461538486,0,1,30
Jsoup,22,Random,23.0,0.6347826086956522,8.9,0.3869565217391305,0,1,30
Jsoup,6,Fastazi-P,18.0,0.6350877192982456,7.433333333333334,0.3912280701754386,0,1,30
Jsoup,61,FAST,27.0,0.6358024691358023,10.333333333333334,0.382716049382716,0,1,30
Lang,27,STARTS,60.0,0.6358974358974359,33.63333333333333,0.3695970695970694,0,1,30
Jsoup,33,STARTS+FAST-S,23.0,0.6359999999999999,9.6,0.38400000000000006,0,1,30
Jsoup,1,STARTS+DPT,12.0,0.6361111111111111,4.866666666666666,0.40555555555555556,0,1,30
Jsoup,66,Ekstazi,25.0,0.636904761904762,10.666666666666666,0.38095238095238104,0,1,30
Jsoup,61,Random,27.0,0.6370370370370371,10.3,0.38148148148148153,0,1,30
Jsoup,77,Ekstazi,23.0,0.6371428571428571,13.2,0.3771428571428571,0,1,30
Jsoup,50,Fastazi-P,20.0,0.6371794871794872,9.933333333333334,0.3820512820512822,0,1,30
Jsoup,43,STARTS+FAST-P,25.0,0.6371794871794874,9.933333333333334,0.38205128205128225,0,1,30
Compress,46,Fastazi-S,49.0,0.6374999999999996,44.0,0.36666666666666664,0,1,30
Cli,29,Ekstazi,18.0,0.6375,9.2,0.38333333333333336,0,1,30
Jsoup,4,FAST,16.0,0.6375,6.3,0.39375,0,1,30
Jsoup,4,Fastazi-P,16.0,0.6375,6.3,0.39375,0,1,30
Time,7,Fastazi-P,116.0,0.6378684807256236,53.733333333333334,0.3655328798185941,0,1,30
Math,45,Ekstazi,239.0,0.6379227053140097,100.43333333333334,0.363888888888889,0,1,30
Jsoup,73,Ekstazi,26.0,0.6380952380952379,13.166666666666666,0.37619047619047613,0,1,30
Jsoup,75,Ekstazi,27.0,0.6380952380952379,13.166666666666666,0.37619047619047624,0,1,30
Jsoup,78,Ekstazi,24.0,0.638095238095238,13.166666666666666,0.3761904761904761,0,1,30
Compress,47,Ekstazi,86.0,0.6386363636363636,48.2,0.36515151515151517,0,1,30
Jsoup,2,Fastazi-S,10.0,0.638888888888889,4.833333333333333,0.40277777777777773,0,1,30
Jsoup,2,Ekstazi+dpt,10.0,0.638888888888889,4.833333333333333,0.4027777777777778,0,1,30
Jsoup,1,DPT,12.0,0.6388888888888892,4.833333333333333,0.40277777777777785,0,1,30
Cli,13,Fastazi-S,45.0,0.6389937106918241,19.633333333333333,0.370440251572327,0,1,30
Lang,24,Ekstazi,53.0,0.6390151515151515,32.266666666666666,0.36666666666666653,0,1,30
Time,10,Ekstazi,115.0,0.6390410958904109,53.2,0.3643835616438357,0,1,30
Jsoup,32,Ekstazi,19.0,0.6391304347826086,8.8,0.38260869565217387,0,1,30
Cli,20,Fastazi-P,15.0,0.6391304347826087,8.8,0.382608695652174,0,1,30
Gson,10,Ekstazi,66.0,0.6392592592592591,32.96666666666667,0.3662962962962963,0,1,30
Math,38,STARTS+FAST-P,214.0,0.6392764857881138,93.56666666666666,0.3626614987080103,0,1,30
Jsoup,57,Ekstazi,21.0,0.6395061728395063,10.233333333333333,0.3790123456790124,0,1,30
Jsoup,5,STARTS+FAST-P,13.0,0.6395833333333333,6.266666666666667,0.39166666666666666,0,1,30
Math,38,STARTS+FAST-S,214.0,0.6397932816537467,93.43333333333334,0.36214470284237715,0,1,30
Jsoup,12,STARTS,18.0,0.6399999999999999,7.7,0.38499999999999995,0,1,30
Math,87,Random,365.0,0.6405479452054794,131.7,0.36082191780821904,0,1,30
Gson,4,STARTS,86.0,0.6406130268199232,31.766666666666666,0.3651340996168583,0,1,30
Jsoup,51,Ekstazi,18.0,0.641025641025641,9.833333333333334,0.37820512820512814,0,1,30
Time,20,STARTS+FAST-S,146.0,0.6414965986394557,53.2,0.36190476190476184,0,1,30
Math,31,Fastazi-S,124.0,0.6416000000000001,90.1,0.3604,0,1,30
Jsoup,29,Ekstazi,17.0,0.6420289855072464,8.733333333333333,0.3797101449275362,0,1,30
Jsoup,11,FAST,19.0,0.6421052631578945,7.3,0.38421052631578934,0,1,30
Jsoup,36,STARTS+FAST-S,23.0,0.6426666666666666,9.433333333333334,0.3773333333333334,0,1,30
Cli,13,Fastazi-P,45.0,0.6427672955974846,19.433333333333334,0.36666666666666675,0,1,30
Jsoup,70,STARTS+FAST-S,32.0,0.6428571428571425,13.0,0.3714285714285716,0,1,30
Jsoup,70,STARTS+FAST-P,32.0,0.6428571428571425,13.0,0.37142857142857166,0,1,30
Math,30,STARTS+FAST-S,208.0,0.642971887550201,89.4,0.3590361445783132,0,1,30
Time,8,Random,147.0,0.6430839002267573,52.96666666666667,0.36031746031746026,0,1,30
Codec,17,STARTS,41.0,0.64367816091954,21.166666666666668,0.3649425287356322,0,1,30
Jsoup,3,Ekstazi,11.0,0.6444444444444444,4.766666666666667,0.39722222222222225,0,1,30
Math,32,Random,254.0,0.6444881889763779,90.8,0.35748031496063,0,1,30
Jsoup,44,STARTS,23.0,0.6448717948717949,9.733333333333333,0.37435897435897414,0,1,30
Time,21,STARTS+FAST-S,146.0,0.6448979591836733,52.7,0.3585034013605441,0,1,30
Jsoup,27,Fastazi-S,18.0,0.6449275362318841,8.666666666666666,0.3768115942028987,0,1,30
Lang,21,STARTS,59.0,0.6454901960784313,30.633333333333333,0.36039215686274517,0,1,30
Time,20,STARTS+FAST-P,146.0,0.6455782312925168,52.6,0.3578231292517006,0,1,30
Jsoup,13,Random,19.0,0.6456140350877192,7.233333333333333,0.3807017543859648,0,1,30
Jsoup,61,STARTS+FAST-S,25.0,0.6456790123456789,10.066666666666666,0.37283950617283934,0,1,30
Math,84,Ekstazi,270.0,0.645970695970696,129.36666666666667,0.3554029304029304,0,1,30
Math,93,Ekstazi,291.0,0.6460192475940507,135.36666666666667,0.3552930883639544,0,1,30
Jsoup,32,STARTS,20.0,0.6463768115942029,8.633333333333333,0.37536231884057963,0,1,30
Cli,20,STARTS+FAST-S,15.0,0.6463768115942029,8.633333333333333,0.3753623188405799,0,1,30
Cli,20,Ekstazi,15.0,0.646376811594203,8.633333333333333,0.3753623188405798,0,1,30
Math,10,Ekstazi,175.0,0.6464646464646465,70.5,0.3560606060606061,0,1,30
Math,15,Ekstazi,152.0,0.6464912280701754,67.66666666666667,0.356140350877193,0,1,30
Jsoup,12,Ekstazi,14.0,0.6466666666666666,7.566666666666666,0.3783333333333332,0,1,30
Jsoup,36,STARTS+FAST-P,23.0,0.6466666666666667,9.333333333333334,0.37333333333333346,0,1,30
Math,17,STARTS,113.0,0.646875,68.3,0.35572916666666665,0,1,30
Time,7,Ekstazi,116.0,0.647392290249433,52.333333333333336,0.3560090702947846,0,1,30
Math,57,Ekstazi,243.0,0.6474812433011788,110.13333333333334,0.35412647374062156,0,1,30
Jsoup,23,Fastazi-P,14.0,0.6478260869565217,8.6,0.3739130434782611,0,1,30
Time,21,STARTS+FAST-P,146.0,0.6478458049886623,52.266666666666666,0.35555555555555557,0,1,30
Codec,12,FAST,39.0,0.6478632478632476,14.233333333333333,0.3649572649572651,0,1,30
Cli,15,Fastazi-P,33.0,0.6482142857142856,20.2,0.36071428571428577,0,1,30
Math,28,Ekstazi,213.0,0.6483266398929051,88.06666666666666,0.353681392235609,0,1,30
Math,91,STARTS+FAST-P,212.0,0.6484684684684684,130.56666666666666,0.3528828828828829,0,1,30
Compress,26,STARTS,54.0,0.6484848484848484,27.566666666666666,0.3580086580086581,0,1,30
Cli,24,FAST,24.0,0.648611111111111,8.933333333333334,0.3722222222222222,0,1,30
Jsoup,32,STARTS+FAST-P,20.0,0.6492753623188406,8.566666666666666,0.372463768115942,0,1,30
Math,39,STARTS,213.0,0.65,92.2,0.35190839694656495,0,1,30
Math,68,DPT,333.0,0.6500500500500498,117.03333333333333,0.3514514514514514,0,1,30
Gson,8,STARTS,80.0,0.650561797752809,31.6,0.35505617977528087,0,1,30
Compress,10,Ekstazi,33.0,0.6512345679012346,19.333333333333332,0.35802469135802467,0,1,30
Math,94,STARTS+FAST-P,313.0,0.651268591426072,133.36666666666667,0.35004374453193354,0,1,30
Jsoup,53,FAST,26.0,0.6512820512820513,9.566666666666666,0.36794871794871814,0,1,30
Math,93,STARTS+FAST-P,313.0,0.6513560804899391,133.33333333333334,0.34995625546806636,0,1,30
Jsoup,5,STARTS+FAST-S,13.0,0.6520833333333333,6.066666666666666,0.37916666666666665,0,1,30
Cli,19,STARTS+FAST-S,15.0,0.6521739130434782,8.5,0.36956521739130455,0,1,30
Compress,18,DPT,59.0,0.6525423728813563,21.0,0.3559322033898305,0,1,30
Compress,18,STARTS+DPT,42.0,0.6525423728813563,21.0,0.3559322033898305,0,1,30
Jsoup,48,FAST,26.0,0.6525641025641027,9.533333333333333,0.36666666666666675,0,1,30
Time,8,FAST,147.0,0.6526077097505668,51.56666666666667,0.3507936507936507,0,1,30
Jsoup,93,STARTS+DPT,34.0,0.6527777777777782,13.0,0.3611111111111109,0,1,30
Jsoup,35,Ekstazi,16.0,0.6533333333333331,9.166666666666666,0.3666666666666668,0,1,30
Math,66,STARTS,296.0,0.6534136546184739,115.56666666666666,0.3480923694779116,0,1,30
Gson,11,Ekstazi,79.0,0.6534798534798534,32.03333333333333,0.35201465201465215,0,1,30
Cli,20,STARTS,15.0,0.653623188405797,8.466666666666667,0.3681159420289856,0,1,30
Cli,18,STARTS+FAST-S,15.0,0.653623188405797,8.466666666666667,0.3681159420289857,0,1,30
Math,94,STARTS+FAST-S,313.0,0.6538057742782155,132.4,0.34750656167979,0,1,30
Time,18,FAST,147.0,0.653968253968254,51.36666666666667,0.34943310657596366,0,1,30
Math,93,STARTS+FAST-S,313.0,0.6539807524059496,132.33333333333334,0.347331583552056,0,1,30
Compress,46,Fastazi-P,49.0,0.6541666666666666,42.0,0.3499999999999998,0,1,30
Jsoup,5,Ekstazi,10.0,0.6541666666666667,6.033333333333333,0.3770833333333333,0,1,30
Jsoup,69,Ekstazi,23.0,0.6542857142857142,12.6,0.35999999999999993,0,1,30
Math,40,Random,262.0,0.6544529262086514,91.03333333333333,0.3474554707379134,0,1,30
Math,8,Random,166.0,0.6548192771084338,57.8,0.3481927710843374,0,1,30
Lang,22,STARTS,55.0,0.6549019607843136,29.833333333333332,0.3509803921568628,0,1,30
Math,72,Ekstazi,245.0,0.6551622418879056,117.4,0.3463126843657817,0,1,30
Jsoup,2,Fastazi-P,10.0,0.6555555555555554,4.633333333333334,0.3861111111111112,0,1,30
Jsoup,5,Ekstazi+dpt,10.0,0.65625,6.0,0.3755,0,1,30
Jsoup,5,DPT,16.0,0.65625,6.0,0.3755,0,1,30
Jsoup,5,STARTS+DPT,13.0,0.65625,6.0,0.3755,0,1,30
Jsoup,52,Random,26.0,0.6564102564102565,9.433333333333334,0.36282051282051275,0,1,30
Compress,11,Ekstazi,35.0,0.6571428571428569,19.7,0.3517857142857142,0,1,30
Jsoup,66,Fastazi-P,25.0,0.6571428571428571,10.1,0.36071428571428565,0,1,30
Jsoup,66,Fastazi-S,25.0,0.6571428571428571,10.1,0.36071428571428577,0,1,30
Lang,22,STARTS+FAST-S,55.0,0.6572549019607841,29.633333333333333,0.34862745098039216,0,1,30
JxPath,21,Random,50.0,0.6573333333333332,17.633333333333333,0.35266666666666663,0,1,30
Time,5,Ekstazi,115.0,0.6575963718820861,50.833333333333336,0.3458049886621316,0,1,30
Jsoup,7,Ekstazi+dpt,17.0,0.6578947368421051,7.0,0.3684210526315788,0,1,30
Jsoup,7,DPT,19.0,0.6578947368421051,7.0,0.3684210526315788,0,1,30
Jsoup,7,STARTS+DPT,17.0,0.6578947368421051,7.0,0.3684210526315788,0,1,30
Jsoup,7,Ekstazi,17.0,0.6578947368421051,7.0,0.36842105263157887,0,1,30
Jsoup,64,Ekstazi,18.0,0.6580246913580244,9.733333333333333,0.3604938271604939,0,1,30
Math,57,Fastazi-S,243.0,0.6593783494105039,106.43333333333334,0.3422293676312969,0,1,30
Math,61,STARTS+FAST-S,258.0,0.659411146161935,108.46666666666667,0.3421661409043112,0,1,30
Math,61,STARTS+FAST-P,258.0,0.659411146161935,108.46666666666667,0.3421661409043112,0,1,30
Compress,41,Random,98.0,0.6595238095238094,33.86666666666667,0.3455782312925171,0,1,30
Math,85,Ekstazi,267.0,0.6595433789954339,124.76666666666667,0.3418264840182649,0,1,30
Jsoup,10,Ekstazi,13.0,0.6596491228070175,6.966666666666667,0.36666666666666653,0,1,30
Jsoup,6,Random,19.0,0.6596491228070175,6.966666666666667,0.36666666666666664,0,1,30
Cli,28,Ekstazi,22.0,0.6597222222222222,8.666666666666666,0.3611111111111111,0,1,30
Math,43,Random,273.0,0.66007326007326,93.3,0.34175824175824165,0,1,30
Math,91,STARTS+FAST-S,212.0,0.6611711711711711,125.86666666666666,0.3401801801801802,0,1,30
Time,22,Ekstazi,115.0,0.6612244897959184,50.3,0.3421768707482992,0,1,30
Jsoup,14,Fastazi-S,12.0,0.6614035087719297,6.933333333333334,0.36491228070175424,0,1,30
Jsoup,79,Random,35.0,0.6619047619047619,12.333333333333334,0.3523809523809523,0,1,30
Cli,40,STARTS,22.0,0.6620689655172413,10.3,0.3551724137931034,0,1,30
Math,8,STARTS+FAST-S,141.0,0.6626506024096387,56.5,0.3403614457831325,0,1,30
Jsoup,38,STARTS,22.0,0.6626666666666667,8.933333333333334,0.3573333333333333,0,1,30
Compress,17,STARTS,42.0,0.6627118644067795,20.4,0.3457627118644068,0,1,30
Cli,21,Ekstazi,42.0,0.6627118644067796,20.4,0.3457627118644067,0,1,30
Jsoup,43,FAST,26.0,0.662820512820513,9.266666666666667,0.35641025641025653,0,1,30
Compress,11,STARTS,37.0,0.6630952380952382,19.366666666666667,0.3458333333333333,0,1,30
Time,5,FAST,147.0,0.6634920634920634,49.96666666666667,0.3399092970521543,0,1,30
Math,82,STARTS+DPT,157.0,0.6635097493036212,121.3,0.33788300835654606,0,1,30
Compress,46,STARTS,78.0,0.6644444444444445,40.766666666666666,0.3397222222222222,0,1,30
Jsoup,71,STARTS+FAST-P,32.0,0.6647619047619044,12.233333333333333,0.3495238095238096,0,1,30
Jsoup,71,STARTS+FAST-S,32.0,0.6647619047619046,12.233333333333333,0.3495238095238097,0,1,30
Math,8,STARTS+FAST-P,141.0,0.6648594377510043,56.13333333333333,0.3381526104417671,0,1,30
Math,83,STARTS+DPT,157.0,0.6655524605385329,120.56666666666666,0.3358402971216342,0,1,30
Collections,28,STARTS,129.0,0.6660066006600659,67.96666666666667,0.3364686468646864,0,1,30
Cli,14,Ekstazi,38.0,0.6666666666666664,18.833333333333332,0.34242424242424246,0,1,30
Jsoup,70,Ekstazi,23.0,0.6666666666666665,12.166666666666666,0.34761904761904755,0,1,30
Jsoup,11,Random,19.0,0.6666666666666665,6.833333333333333,0.3596491228070175,0,1,30
Jsoup,36,Fastazi-P,23.0,0.6666666666666666,8.833333333333334,0.35333333333333333,0,1,30
Jsoup,90,FAST,36.0,0.6666666666666667,12.5,0.34722222222222227,0,1,30
Math,58,Fastazi-S,230.0,0.6668803418803415,104.43333333333334,0.33472222222222225,0,1,30
Math,58,Fastazi-P,230.0,0.6672008547008544,104.33333333333333,0.33440170940170943,0,1,30
Time,14,Ekstazi,99.0,0.6678004535147392,49.333333333333336,0.3356009070294784,0,1,30
Math,87,FAST,365.0,0.6680365296803658,121.66666666666667,0.3333333333333332,0,1,30
Cli,19,Ekstazi,15.0,0.6681159420289855,8.133333333333333,0.3536231884057971,0,1,30
Collections,28,Ekstazi,127.0,0.6681518151815182,67.53333333333333,0.3343234323432343,0,1,30
Math,66,Random,332.0,0.6683734939759035,110.6,0.33313253012048183,0,1,30
Math,104,STARTS,359.0,0.6683800623052959,142.43333333333334,0.33278816199376937,0,1,30
Compress,39,Ekstazi+dpt,31.0,0.6684782608695652,31.0,0.33695652173913065,0,1,30
Compress,39,Fastazi-S,31.0,0.6684782608695652,31.0,0.33695652173913065,0,1,30
Codec,15,STARTS+DPT,35.0,0.6685185185185187,18.4,0.3407407407407408,0,1,30
JxPath,19,Ekstazi,27.0,0.6688888888888886,15.4,0.34222222222222215,0,1,30
Compress,18,Ekstazi+dpt,28.0,0.6694915254237288,20.0,0.33898305084745745,0,1,30
Compress,27,Ekstazi,49.0,0.6696581196581195,26.266666666666666,0.33675213675213667,0,1,30
Gson,17,STARTS,83.0,0.6698924731182796,31.2,0.33548387096774196,0,1,30
Jsoup,6,STARTS,18.0,0.6701754385964911,6.766666666666667,0.3561403508771929,0,1,30
Jsoup,8,FAST,19.0,0.6701754385964912,6.766666666666667,0.3561403508771929,0,1,30
Math,69,Fastazi-P,154.0,0.6703703703703703,110.26666666666667,0.3311311311311311,0,1,30
Compress,18,STARTS,42.0,0.6706214689265535,19.933333333333334,0.3378531073446328,0,1,30
Math,57,Fastazi-P,243.0,0.6710610932475886,102.8,0.3305466237942121,0,1,30
Gson,8,STARTS+FAST-S,80.0,0.6711610486891387,29.766666666666666,0.3344569288389515,0,1,30
Compress,26,Ekstazi,49.0,0.6714285714285715,25.8,0.3350649350649351,0,1,30
Compress,14,STARTS,34.0,0.6719298245614034,19.2,0.3368421052631579,0,1,30
Jsoup,11,Ekstazi,13.0,0.6719298245614034,6.733333333333333,0.35438596491228064,0,1,30
Jsoup,15,Fastazi-P,12.0,0.6719298245614034,6.733333333333333,0.35438596491228064,0,1,30
Jsoup,3,STARTS+FAST-P,12.0,0.6722222222222223,4.433333333333334,0.3694444444444445,0,1,30
Jsoup,83,Random,35.0,0.6723809523809522,11.966666666666667,0.3419047619047619,0,1,30
Lang,20,STARTS,58.0,0.6725490196078431,28.333333333333332,0.3333333333333333,0,1,30
Compress,16,Ekstazi,37.0,0.6728813559322033,19.8,0.33559322033898303,0,1,30
Jsoup,18,Random,21.0,0.673015873015873,7.366666666666666,0.3507936507936507,0,1,30
Jsoup,9,Fastazi-P,13.0,0.6736842105263156,6.7,0.35263157894736824,0,1,30
Compress,12,STARTS,34.0,0.6738095238095239,18.766666666666666,0.33511904761904765,0,1,30
Jsoup,29,Ekstazi+dpt,17.0,0.6739130434782613,8.0,0.34782608695652156,0,1,30
Jsoup,29,DPT,23.0,0.6739130434782613,8.0,0.34782608695652156,0,1,30
Jsoup,29,STARTS+DPT,20.0,0.6739130434782613,8.0,0.34782608695652156,0,1,30
Compress,45,STARTS,66.0,0.6747899159663863,39.2,0.3294117647058823,0,1,30
Jsoup,3,STARTS,12.0,0.6750000000000003,4.4,0.3666666666666666,0,1,30
Compress,35,STARTS,62.0,0.6758241758241758,30.0,0.32967032967032966,0,1,30
Jsoup,92,STARTS,36.0,0.6759259259259259,12.166666666666666,0.3379629629629629,0,1,30
Gson,8,STARTS+FAST-P,80.0,0.6764044943820225,29.3,0.3292134831460674,0,1,30
Math,18,STARTS+FAST-S,181.0,0.6770226537216828,67.03333333333333,0.3254045307443366,0,1,30
Compress,25,STARTS,49.0,0.6773333333333333,24.7,0.3293333333333334,0,1,30
Lang,18,STARTS,57.0,0.6777777777777777,27.566666666666666,0.32817460317460323,0,1,30
Cli,34,Random,24.0,0.6777777777777778,8.233333333333333,0.34305555555555556,0,1,30
Math,64,Fastazi-P,279.0,0.6780185758513931,104.5,0.3235294117647059,0,1,30
Jsoup,72,Random,35.0,0.6780952380952379,11.766666666666667,0.3361904761904762,0,1,30
Compress,34,STARTS+DPT,60.0,0.6781481481481482,29.466666666666665,0.3274074074074074,0,1,30
Gson,8,Ekstazi,66.0,0.6782771535580525,29.133333333333333,0.3273408239700375,0,1,30
Math,64,Fastazi-S,279.0,0.6784313725490196,104.36666666666666,0.32311661506707956,0,1,30
Math,69,Fastazi-S,154.0,0.6784784784784789,107.56666666666666,0.323023023023023,0,1,30
Compress,34,DPT,90.0,0.6788888888888889,29.4,0.3266666666666667,0,1,30
Gson,4,Random,87.0,0.6793103448275862,28.4,0.32643678160919537,0,1,30
Compress,37,Fastazi-S,32.0,0.6793478260869565,30.0,0.3260869565217393,0,1,30
Lang,18,FAST,84.0,0.6793650793650795,27.433333333333334,0.3265873015873015,0,1,30
Jsoup,52,STARTS+FAST-P,24.0,0.6794871794871795,8.833333333333334,0.3397435897435898,0,1,30
Jsoup,61,Ekstazi,21.0,0.6802469135802468,9.133333333333333,0.3382716049382716,0,1,30
Jsoup,61,STARTS+FAST-P,25.0,0.6802469135802469,9.133333333333333,0.3382716049382716,0,1,30
Codec,15,Ekstazi+dpt,28.0,0.6802469135802471,17.766666666666666,0.32901234567901233,0,1,30
Math,13,STARTS,99.0,0.6806818181818179,56.7,0.32215909090909095,0,1,30
Jsoup,13,STARTS,19.0,0.6807017543859648,6.566666666666666,0.3456140350877193,0,1,30
Math,79,Fastazi-S,250.0,0.6810344827586208,111.5,0.32040229885057453,0,1,30
Jsoup,30,STARTS,15.0,0.6811594202898551,7.833333333333333,0.3405797101449276,0,1,30
Math,5,Fastazi-S,137.0,0.6814102564102564,50.2,0.32179487179487176,0,1,30
Math,79,Fastazi-P,250.0,0.6814176245210729,111.36666666666666,0.32001915708812245,0,1,30
Lang,20,FAST,85.0,0.6815686274509801,27.566666666666666,0.3243137254901961,0,1,30
Math,27,DPT,248.0,0.6819892473118281,79.36666666666666,0.32002688172043003,0,1,30
Math,26,DPT,248.0,0.682258064516129,79.3,0.31975806451612887,0,1,30
Jsoup,37,Fastazi-P,20.0,0.6826666666666664,8.433333333333334,0.33733333333333343,0,1,30
Jsoup,21,Ekstazi,15.0,0.6833333333333333,7.466666666666667,0.3393939393939395,0,1,30
Lang,22,STARTS+FAST-P,55.0,0.6839215686274507,27.366666666666667,0.3219607843137255,0,1,30
Compress,28,STARTS,49.0,0.6841880341880343,25.133333333333333,0.3222222222222222,0,1,30
Time,8,STARTS,146.0,0.6843537414965988,46.9,0.3190476190476191,0,1,30
Compress,15,Ekstazi,41.0,0.6847457627118646,19.1,0.323728813559322,0,1,30
Jsoup,81,Ekstazi,30.0,0.6847619047619046,11.533333333333333,0.3295238095238094,0,1,30
Math,18,STARTS+FAST-P,181.0,0.684789644012945,65.43333333333334,0.3176375404530744,0,1,30
Math,17,Ekstazi+dpt,71.0,0.6848958333333333,61.0,0.3177083333333333,0,1,30
Math,81,Fastazi-S,310.0,0.6855153203342621,113.4,0.3158774373259054,0,1,30
Gson,6,Ekstazi,65.0,0.6856060606060608,28.166666666666668,0.3200757575757577,0,1,30
Math,55,Ekstazi,200.0,0.6862268518518516,90.86666666666666,0.31550925925925916,0,1,30
Time,15,STARTS+FAST-S,146.0,0.6866213151927437,46.56666666666667,0.31678004535147397,0,1,30
Math,11,Ekstazi,142.0,0.6866666666666668,52.2,0.3163636363636363,0,1,30
Time,15,STARTS+FAST-P,146.0,0.6873015873015872,46.46666666666667,0.3160997732426304,0,1,30
Jsoup,59,Random,27.0,0.6876543209876543,8.933333333333334,0.3308641975308642,0,1,30
Jsoup,40,STARTS,23.0,0.6880000000000001,8.3,0.3322,0,1,30
Jsoup,36,Ekstazi,23.0,0.6880000000000001,8.3,0.33199999999999996,0,1,30
Gson,17,Fastazi-S,54.0,0.6881720430107529,29.5,0.3172043010752687,0,1,30
Jsoup,22,STARTS,19.0,0.6884057971014493,7.666666666666667,0.33333333333333326,0,1,30
Cli,18,STARTS,15.0,0.6884057971014493,7.666666666666667,0.33333333333333337,0,1,30
Jsoup,43,Fastazi-P,24.0,0.6884615384615383,8.6,0.33076923076923076,0,1,30
Jsoup,48,STARTS+FAST-S,24.0,0.6884615384615386,8.6,0.33076923076923076,0,1,30
Math,62,Ekstazi,193.0,0.6887486855941114,99.16666666666667,0.31282860147213465,0,1,30
Cli,34,STARTS,23.0,0.6888888888888888,7.966666666666667,0.33194444444444454,0,1,30
Compress,17,Ekstazi,40.0,0.689265536723164,18.833333333333332,0.3192090395480226,0,1,30
Jsoup,34,STARTS,23.0,0.6893333333333334,8.266666666666667,0.3306666666666667,0,1,30
Compress,24,STARTS,49.0,0.6893333333333335,23.8,0.3173333333333334,0,1,30
Compress,39,Fastazi-P,31.0,0.6894927536231887,29.066666666666666,0.3159420289855072,0,1,30
Jsoup,90,STARTS+FAST-P,34.0,0.6898148148148151,11.666666666666666,0.3240740740740741,0,1,30
Gson,17,Fastazi-P,54.0,0.6899641577060934,29.333333333333332,0.3154121863799283,0,1,30
Jsoup,19,Ekstazi+dpt,13.0,0.6904761904761901,7.0,0.3333333333333333,0,1,30
Jsoup,19,DPT,21.0,0.6904761904761901,7.0,0.3333333333333333,0,1,30
Jsoup,19,STARTS+DPT,17.0,0.6904761904761901,7.0,0.3333333333333333,0,1,30
Jsoup,80,Ekstazi,25.0,0.6904761904761902,11.333333333333334,0.3238095238095237,0,1,30
Math,58,STARTS,277.0,0.6907051282051282,97.0,0.3108974358974359,0,1,30
Jsoup,53,Ekstazi,17.0,0.691025641025641,8.533333333333333,0.32820512820512815,0,1,30
Cli,19,STARTS,15.0,0.6913043478260869,7.6,0.33043478260869563,0,1,30
Jsoup,80,STARTS+FAST-S,33.0,0.6914285714285711,11.3,0.3228571428571429,0,1,30
Time,23,FAST,148.0,0.6914414414414412,46.166666666666664,0.311936936936937,0,1,30
Compress,12,STARTS+DPT,34.0,0.6916666666666667,17.766666666666666,0.3172619047619048,0,1,30
JxPath,20,STARTS,30.0,0.6918367346938775,15.6,0.31836734693877555,0,1,30
Jsoup,43,Fastazi-S,24.0,0.6923076923076924,8.5,0.3269230769230769,0,1,30
Jsoup,59,STARTS,25.0,0.6925925925925924,8.8,0.32592592592592595,0,1,30
Jsoup,92,Ekstazi,32.0,0.6925925925925926,11.566666666666666,0.3212962962962963,0,1,30
Jsoup,9,Fastazi-S,13.0,0.6929824561403507,6.333333333333333,0.33333333333333326,0,1,30
Time,19,STARTS+FAST-P,146.0,0.6931972789115645,45.6,0.310204081632653,0,1,30
Jsoup,39,Fastazi-P,20.0,0.6933333333333331,8.166666666666666,0.3266666666666667,0,1,30
Math,73,Ekstazi,267.0,0.6934119960668633,104.43333333333334,0.308062930186824,0,1,30
Jsoup,52,STARTS,24.0,0.6935897435897438,8.466666666666667,0.32564102564102565,0,1,30
Time,19,STARTS,146.0,0.6938775510204082,45.5,0.3095238095238095,0,1,30
Lang,15,Ekstazi,55.0,0.6943181818181817,27.4,0.3113636363636364,0,1,30
Compress,47,STARTS+FAST-S,97.0,0.6944444444444444,40.833333333333336,0.3093434343434344,0,1,30
Gson,4,Ekstazi,84.0,0.6946360153256705,27.066666666666666,0.31111111111111117,0,1,30
JxPath,22,STARTS,32.0,0.694771241830065,16.066666666666666,0.315032679738562,0,1,30
Math,36,Ekstazi+dpt,123.0,0.6950326797385618,78.26666666666667,0.3069281045751634,0,1,30
Compress,19,STARTS+FAST-P,54.0,0.695698924731183,19.366666666666667,0.31236559139784953,0,1,30
Compress,20,Ekstazi,40.0,0.6958333333333333,19.966666666666665,0.31197916666666664,0,1,30
Jsoup,48,STARTS+FAST-P,24.0,0.6961538461538462,8.4,0.32307692307692304,0,1,30
Jsoup,57,Fastazi-P,21.0,0.6962962962962965,8.7,0.32222222222222213,0,1,30
Math,21,Ekstazi+dpt,186.0,0.6964831804281348,66.66666666666667,0.30581039755351674,0,1,30
Jsoup,11,Fastazi-S,13.0,0.6964912280701755,6.266666666666667,0.32982456140350885,0,1,30
Compress,34,STARTS,60.0,0.6966666666666667,27.8,0.3088888888888889,0,1,30
Math,84,Fastazi-S,270.0,0.6968864468864472,110.83333333333333,0.3044871794871794,0,1,30
Compress,39,STARTS,60.0,0.6971014492753624,28.366666666666667,0.30833333333333335,0,1,30
Compress,22,Ekstazi,53.0,0.6977777777777779,23.166666666666668,0.3088888888888889,0,1,30
Jsoup,91,Ekstazi,27.0,0.698148148148148,11.366666666666667,0.3157407407407407,0,1,30
Math,21,DPT,218.0,0.6983180428134558,66.26666666666667,0.3039755351681957,0,1,30
Cli,22,STARTS,23.0,0.6985507246376812,7.433333333333334,0.3231884057971015,0,1,30
Math,51,Ekstazi,212.0,0.6987043580683155,85.76666666666667,0.3030624263839812,0,1,30
Math,22,DPT,218.0,0.6989296636085626,66.13333333333334,0.3033639143730887,0,1,30
Jsoup,91,STARTS,35.0,0.699074074074074,11.333333333333334,0.3148148148148148,0,1,30
Jsoup,90,STARTS+FAST-S,34.0,0.6990740740740742,11.333333333333334,0.31481481481481477,0,1,30
Math,21,STARTS+DPT,188.0,0.6990825688073395,66.1,0.30321100917431193,0,1,30
Lang,25,STARTS,57.0,0.6992424242424242,26.966666666666665,0.3064393939393939,0,1,30
Compress,42,Ekstazi,62.0,0.6996699669966995,30.833333333333332,0.3052805280528052,0,1,30
JxPath,19,STARTS+FAST-S,27.0,0.6999999999999996,14.0,0.31111111111111106,0,1,30
Jsoup,75,Fastazi-S,27.0,0.6999999999999996,11.0,0.3142857142857142,0,1,30
Time,17,FAST,147.0,0.7002267573696144,44.56666666666667,0.3031746031746031,0,1,30
Compress,31,Random,89.0,0.700749063670412,27.133333333333333,0.30486891385767795,0,1,30
Cli,39,Fastazi-P,23.0,0.7012345679012346,8.566666666666666,0.3172839506172839,0,1,30
JxPath,19,STARTS+FAST-P,27.0,0.7014814814814812,13.933333333333334,0.30962962962962953,0,1,30
Codec,12,Random,39.0,0.7017094017094015,12.133333333333333,0.31111111111111106,0,1,30
Math,67,DPT,333.0,0.7026026026026025,99.53333333333333,0.29889889889889887,0,1,30
Compress,15,STARTS,45.0,0.7028248587570622,18.033333333333335,0.30564971751412434,0,1,30
Time,19,STARTS+FAST-S,146.0,0.7029478458049886,44.166666666666664,0.300453514739229,0,1,30
Jsoup,19,Ekstazi,13.0,0.703174603174603,6.733333333333333,0.3206349206349206,0,1,30
Math,66,Ekstazi+dpt,286.0,0.7035140562248995,98.93333333333334,0.2979919678714859,0,1,30
Jsoup,52,Ekstazi,23.0,0.7038461538461539,8.2,0.3153846153846153,0,1,30
Jsoup,46,Ekstazi,17.0,0.703846153846154,8.2,0.3153846153846154,0,1,30
Math,66,STARTS+DPT,296.0,0.7041164658634538,98.73333333333333,0.2973895582329318,0,1,30
Cli,34,Ekstazi+dpt,22.0,0.7041666666666668,7.6,0.31666666666666654,0,1,30
Jsoup,91,Random,36.0,0.7046296296296295,11.133333333333333,0.3092592592592593,0,1,30
Time,20,FAST,147.0,0.7047619047619047,43.9,0.29863945578231293,0,1,30
Collections,28,STARTS+FAST-S,129.0,0.7059405940594061,59.9,0.2965346534653465,0,1,30
Math,66,DPT,332.0,0.7060240963855421,98.1,0.2954819277108435,0,1,30
Math,76,DPT,341.0,0.7060606060606062,100.73333333333333,0.2954056695992179,0,1,30
Jsoup,57,Fastazi-S,21.0,0.7061728395061728,8.433333333333334,0.31234567901234556,0,1,30
Jsoup,89,Ekstazi,17.0,0.7064814814814817,11.066666666666666,0.3074074074074074,0,1,30
Jsoup,79,Ekstazi,22.0,0.7066666666666664,10.766666666666667,0.3076190476190476,0,1,30
Jsoup,36,Random,25.0,0.7066666666666668,7.833333333333333,0.31333333333333335,0,1,30
Compress,19,STARTS+FAST-S,54.0,0.7069892473118283,18.666666666666668,0.3010752688172042,0,1,30
Lang,26,Ekstazi,54.0,0.707037037037037,26.866666666666667,0.29851851851851857,0,1,30
Compress,22,STARTS+FAST-S,57.0,0.707111111111111,22.466666666666665,0.29955555555555546,0,1,30
Cli,20,STARTS+FAST-P,15.0,0.7072463768115942,7.233333333333333,0.3144927536231884,0,1,30
Compress,10,Fastazi-P,33.0,0.7074074074074073,16.3,0.30185185185185187,0,1,30
Compress,22,STARTS+FAST-P,57.0,0.7075555555555556,22.433333333333334,0.2991111111111111,0,1,30
Math,8,STARTS,141.0,0.7076305220883535,49.03333333333333,0.29538152610441765,0,1,30
Jsoup,52,STARTS+FAST-S,24.0,0.7076923076923076,8.1,0.31153846153846154,0,1,30
Math,76,Ekstazi+dpt,260.0,0.707820136852395,100.13333333333334,0.29364613880742907,0,1,30
Math,76,STARTS+DPT,282.0,0.708015640273705,100.06666666666666,0.29345063538611915,0,1,30
Lang,23,STARTS,55.0,0.7082352941176471,25.3,0.29764705882352943,0,1,30
Math,35,STARTS,149.0,0.7082677165354331,74.6,0.29370078740157485,0,1,30
Jsoup,86,DPT,36.0,0.7083333333333333,11.0,0.3055555555555554,0,1,30
Jsoup,86,STARTS+DPT,34.0,0.7083333333333333,11.0,0.3055555555555554,0,1,30
Jsoup,2,STARTS+FAST-P,11.0,0.7083333333333334,4.0,0.3333333333333333,0,1,30
Math,91,STARTS,212.0,0.7086486486486485,108.3,0.2927027027027027,0,1,30
Cli,22,Random,23.0,0.7086956521739131,7.2,0.31304347826086953,0,1,30
Collections,28,STARTS+FAST-P,129.0,0.709075907590759,59.266666666666666,0.2933993399339934,0,1,30
Jsoup,85,FAST,35.0,0.7095238095238091,10.666666666666666,0.3047619047619047,0,1,30
Time,21,FAST,147.0,0.7095238095238094,43.2,0.29387755102040813,0,1,30
Gson,17,Ekstazi,54.0,0.7096774193548389,27.5,0.2956989247311828,0,1,30
Cli,34,DPT,24.0,0.7097222222222224,7.466666666666667,0.311111111111111,0,1,30
Math,67,Ekstazi,173.0,0.7104104104104105,96.93333333333334,0.291091091091091,0,1,30
Math,78,Random,346.0,0.7109826589595373,100.5,0.2904624277456647,0,1,30
Gson,7,Random,88.0,0.7109848484848486,25.933333333333334,0.2946969696969697,0,1,30
Jsoup,61,STARTS,25.0,0.7111111111111111,8.3,0.3074074074074073,0,1,30
Cli,34,STARTS+DPT,23.0,0.7111111111111111,7.433333333333334,0.3097222222222221,0,1,30
Math,92,STARTS,188.0,0.7112007168458783,107.93333333333334,0.2901433691756273,0,1,30
Jsoup,76,Ekstazi,22.0,0.7114285714285714,10.6,0.3028571428571428,0,1,30
Math,11,STARTS,145.0,0.7115151515151515,48.1,0.29151515151515145,0,1,30
Jsoup,23,Ekstazi,14.0,0.7115942028985508,7.133333333333334,0.3101449275362319,0,1,30
Compress,18,STARTS+FAST-S,42.0,0.7118644067796613,17.5,0.29661016949152547,0,1,30
Compress,42,Ekstazi+dpt,62.0,0.712211221122112,29.566666666666666,0.29273927392739285,0,1,30
Math,81,STARTS+DPT,318.0,0.7123491179201485,103.76666666666667,0.2890436397400186,0,1,30
Jsoup,22,Fastazi-P,16.0,0.7130434782608694,7.1,0.3086956521739132,0,1,30
Math,66,Ekstazi,286.0,0.7130522088353415,95.76666666666667,0.2884538152610441,0,1,30
Jsoup,36,STARTS,23.0,0.7133333333333333,7.666666666666667,0.30666666666666664,0,1,30
Compress,42,STARTS+DPT,73.0,0.7135313531353131,29.433333333333334,0.29141914191419155,0,1,30
Cli,11,STARTS+FAST-P,24.0,0.7138888888888889,7.366666666666666,0.3069444444444444,0,1,30
Jsoup,13,Ekstazi,19.0,0.7140350877192981,5.933333333333334,0.31228070175438594,0,1,30
JxPath,19,STARTS,27.0,0.7140740740740738,13.366666666666667,0.297037037037037,0,1,30
Math,29,FAST,249.0,0.7141900937081662,71.66666666666667,0.2878179384203481,0,1,30
Compress,42,DPT,101.0,0.7141914191419139,29.366666666666667,0.2907590759075908,0,1,30
Math,81,Ekstazi+dpt,310.0,0.7142989786443827,103.06666666666666,0.28709377901578464,0,1,30
Math,28,FAST,249.0,0.7145917001338689,71.56666666666666,0.2874163319946453,0,1,30
Math,81,DPT,359.0,0.714670380687094,102.93333333333334,0.2867223769730734,0,1,30
Time,14,FAST,147.0,0.7147392290249435,42.43333333333333,0.2886621315192744,0,1,30
Time,18,Fastazi-P,116.0,0.714965986394558,42.4,0.2884353741496598,0,1,30
Math,61,Fastazi-S,209.0,0.7151419558359621,90.8,0.2864353312302839,0,1,30
Jsoup,80,STARTS+FAST-P,33.0,0.7152380952380949,10.466666666666667,0.2990476190476191,0,1,30
Math,15,FAST,190.0,0.7154385964912281,54.56666666666667,0.2871929824561404,0,1,30
Codec,18,Ekstazi+dpt,17.0,0.7155172413793099,17.0,0.293103448275862,0,1,30
Codec,18,Fastazi-P,17.0,0.7155172413793099,17.0,0.293103448275862,0,1,30
Jsoup,8,STARTS+FAST-S,16.0,0.7157894736842104,5.9,0.3105263157894736,0,1,30
Jsoup,16,Fastazi-S,12.0,0.7158730158730156,6.466666666666667,0.3079365079365079,0,1,30
Jsoup,40,Random,25.0,0.7160000000000001,7.6,0.30400000000000005,0,1,30
Cli,39,Fastazi-S,23.0,0.7160493827160496,8.166666666666666,0.3024691358024691,0,1,30
Time,24,STARTS+DPT,147.0,0.7162162162162162,42.5,0.2871621621621622,0,1,30
Time,24,Ekstazi+dpt,119.0,0.7164414414414415,42.46666666666667,0.28693693693693695,0,1,30
Math,61,Fastazi-P,209.0,0.7165089379600419,90.36666666666666,0.28506834910620404,0,1,30
Time,24,DPT,148.0,0.7166666666666667,42.43333333333333,0.2867117117117118,0,1,30
Jsoup,3,Random,12.0,0.7166666666666668,3.9,0.3255,0,1,30
Compress,36,STARTS+FAST-P,92.0,0.7166666666666669,26.566666666666666,0.28876811594202906,0,1,30
Compress,37,STARTS,56.0,0.7170289855072466,26.533333333333335,0.28840579710144937,0,1,30
Math,16,Ekstazi,111.0,0.7171029668411869,54.53333333333333,0.28551483420593365,0,1,30
Cli,18,STARTS+FAST-P,15.0,0.7173913043478258,7.0,0.30434782608695665,0,1,30
Jsoup,8,Ekstazi,12.0,0.7175438596491228,5.866666666666666,0.3087719298245614,0,1,30
Jsoup,89,FAST,36.0,0.7175925925925922,10.666666666666666,0.29629629629629617,0,1,30
Gson,8,Fastazi-S,66.0,0.7179775280898878,25.6,0.2876404494382023,0,1,30
Math,13,Ekstazi+dpt,55.0,0.7179924242424243,50.13333333333333,0.28484848484848485,0,1,30
Jsoup,75,Fastazi-P,27.0,0.7180952380952378,10.366666666666667,0.29619047619047617,0,1,30
Lang,24,Fastazi-P,53.0,0.7181818181818183,25.3,0.28750000000000003,0,1,30
Time,18,Fastazi-S,116.0,0.7183673469387756,41.9,0.2850340136054422,0,1,30
Jsoup,88,FAST,36.0,0.7185185185185184,10.633333333333333,0.2953703703703703,0,1,30
Cli,22,Ekstazi,21.0,0.718840579710145,6.966666666666667,0.30289855072463767,0,1,30
Jsoup,17,Fastazi-S,10.0,0.7190476190476186,6.4,0.30476190476190473,0,1,30
Math,84,FAST,364.0,0.7191391941391941,102.73333333333333,0.2822344322344322,0,1,30
Math,6,STARTS,83.0,0.7192307692307691,44.3,0.28397435897435896,0,1,30
Math,77,STARTS+FAST-P,205.0,0.7196135265700487,97.23333333333333,0.2818357487922705,0,1,30
Gson,8,Fastazi-P,66.0,0.7202247191011237,25.4,0.28539325842696633,0,1,30
Math,24,Ekstazi+dpt,176.0,0.7203081232492995,67.06666666666666,0.2817927170868347,0,1,30
Compress,15,Ekstazi+dpt,41.0,0.7203389830508476,17.0,0.28813559322033905,0,1,30
Compress,15,DPT,59.0,0.7203389830508476,17.0,0.28813559322033905,0,1,30
Compress,15,STARTS+DPT,45.0,0.7203389830508476,17.0,0.28813559322033905,0,1,30
Math,24,STARTS+DPT,202.0,0.7204481792717085,67.03333333333333,0.2816526610644257,0,1,30
Math,24,DPT,238.0,0.7204481792717086,67.03333333333333,0.2816526610644257,0,1,30
Compress,35,Ekstazi,57.0,0.7208791208791206,25.9,0.28461538461538466,0,1,30
Time,23,STARTS+FAST-S,147.0,0.721171171171171,41.766666666666666,0.2822072072072073,0,1,30
Jsoup,38,Ekstazi,16.0,0.7213333333333334,7.466666666666667,0.2986666666666667,0,1,30
Jsoup,71,Ekstazi,19.0,0.7219047619047617,10.233333333333333,0.29238095238095235,0,1,30
Math,67,STARTS+DPT,237.0,0.7222222222222222,93.0,0.27927927927927926,0,1,30
Math,30,Ekstazi+dpt,72.0,0.7223560910307901,69.63333333333334,0.27965194109772423,0,1,30
Compress,30,FAST,89.0,0.7239700374531836,25.066666666666666,0.2816479400749064,0,1,30
Compress,46,DPT,120.0,0.724166666666667,33.6,0.2800000000000001,0,1,30
Time,23,STARTS+FAST-P,147.0,0.7243243243243241,41.3,0.27905405405405415,0,1,30
Jsoup,90,Fastazi-S,27.0,0.7249999999999999,10.4,0.2888888888888888,0,1,30
Compress,34,Fastazi-P,36.0,0.7251851851851853,25.233333333333334,0.2803703703703703,0,1,30
Lang,24,Fastazi-S,53.0,0.725378787878788,24.666666666666668,0.28030303030303044,0,1,30
Jsoup,70,Fastazi-P,23.0,0.7257142857142853,10.1,0.28857142857142853,0,1,30
Math,33,DPT,254.0,0.7257217847769027,70.16666666666667,0.2762467191601051,0,1,30
Compress,36,Fastazi-S,91.0,0.7257246376811596,25.733333333333334,0.27971014492753615,0,1,30
Math,35,Ekstazi,147.0,0.7258530183727033,70.13333333333334,0.2761154855643044,0,1,30
JxPath,20,Ekstazi,29.0,0.726530612244898,13.9,0.2836734693877551,0,1,30
Math,33,STARTS+DPT,204.0,0.7266404199475065,69.93333333333334,0.2753280839895015,0,1,30
Jsoup,70,Fastazi-S,23.0,0.7266666666666662,10.066666666666666,0.28761904761904755,0,1,30
Cli,18,Ekstazi,15.0,0.7275362318840579,6.766666666666667,0.2942028985507247,0,1,30
Compress,36,STARTS+FAST-S,92.0,0.727536231884058,25.566666666666666,0.2778985507246377,0,1,30
Codec,13,STARTS+FAST-P,46.0,0.7275641025641028,14.666666666666666,0.2820512820512821,0,1,30
Jsoup,83,Ekstazi,24.0,0.7276190476190474,10.033333333333333,0.2866666666666667,0,1,30
Compress,34,Ekstazi+dpt,36.0,0.7277777777777777,25.0,0.27777777777777773,0,1,30
Compress,36,FAST,92.0,0.7282608695652178,25.5,0.2771739130434782,0,1,30
Math,77,STARTS+FAST-S,205.0,0.7283091787439614,94.23333333333333,0.2731400966183575,0,1,30
Jsoup,77,DPT,35.0,0.7285714285714281,10.0,0.28571428571428564,0,1,30
Jsoup,77,STARTS+DPT,33.0,0.7285714285714281,10.0,0.28571428571428564,0,1,30
Jsoup,80,Ekstazi+dpt,25.0,0.7285714285714281,10.0,0.28571428571428564,0,1,30
Jsoup,80,DPT,35.0,0.7285714285714281,10.0,0.28571428571428564,0,1,30
Jsoup,80,STARTS+DPT,33.0,0.7285714285714281,10.0,0.28571428571428564,0,1,30
Jsoup,81,Ekstazi+dpt,30.0,0.7285714285714281,10.0,0.28571428571428564,0,1,30
Jsoup,81,DPT,35.0,0.7285714285714281,10.0,0.28571428571428564,0,1,30
Jsoup,81,STARTS+DPT,33.0,0.7285714285714281,10.0,0.28571428571428564,0,1,30
Compress,36,Fastazi-P,91.0,0.7286231884057975,25.466666666666665,0.27681159420289847,0,1,30
Compress,16,DPT,59.0,0.7288135593220342,16.5,0.2796610169491526,0,1,30
Time,17,Ekstazi,112.0,0.7290249433106576,40.333333333333336,0.27437641723356004,0,1,30
Math,58,STARTS+DPT,277.0,0.7292735042735041,84.96666666666667,0.2723290598290599,0,1,30
Math,58,DPT,312.0,0.7295940170940173,84.86666666666666,0.2720085470085471,0,1,30
Math,38,STARTS,214.0,0.7298449612403102,70.2,0.2720930232558141,0,1,30
Lang,24,STARTS+FAST-S,61.0,0.7299242424242427,24.266666666666666,0.27575757575757576,0,1,30
Jsoup,16,Ekstazi,12.0,0.7301587301587299,6.166666666666667,0.2936507936507936,0,1,30
Codec,17,Ekstazi,36.0,0.7304597701149426,16.133333333333333,0.27816091954022987,0,1,30
Compress,16,STARTS+DPT,40.0,0.7305084745762714,16.4,0.27796610169491537,0,1,30
Jsoup,3,DPT,12.0,0.7305555555555556,3.7333333333333334,0.31111111111111106,0,1,30
Jsoup,14,Ekstazi,12.0,0.731578947368421,5.6,0.29473684210526313,0,1,30
Jsoup,12,Fastazi-P,14.0,0.7316666666666666,5.866666666666666,0.29333333333333333,0,1,30
Jsoup,17,Ekstazi,10.0,0.7317460317460315,6.133333333333334,0.2920634920634921,0,1,30
Jsoup,39,Fastazi-S,20.0,0.7319999999999997,7.2,0.2880000000000001,0,1,30
Jsoup,48,Fastazi-S,23.0,0.732051282051282,7.466666666666667,0.28717948717948716,0,1,30
Compress,32,FAST,90.0,0.732222222222222,24.6,0.2733333333333333,0,1,30
Jsoup,22,Fastazi-S,16.0,0.7333333333333331,6.633333333333334,0.28840579710144937,0,1,30
Time,23,Ekstazi,73.0,0.7333333333333332,39.96666666666667,0.27004504504504506,0,1,30
Jsoup,18,STARTS,18.0,0.7333333333333333,6.1,0.2904761904761905,0,1,30
Jsoup,13,STARTS+DPT,19.0,0.7350877192982456,5.533333333333333,0.2912280701754387,0,1,30
Time,15,FAST,147.0,0.7351473922902493,39.43333333333333,0.2682539682539683,0,1,30
Time,5,Fastazi-S,115.0,0.7358276643990931,39.333333333333336,0.26757369614512455,0,1,30
Codec,13,Ekstazi+dpt,46.0,0.7358974358974361,14.233333333333333,0.2737179487179487,0,1,30
Lang,18,Ekstazi+dpt,24.0,0.736111111111111,22.666666666666668,0.2698412698412698,0,1,30
Math,58,Ekstazi+dpt,230.0,0.7363247863247863,82.76666666666667,0.26527777777777783,0,1,30
Lang,25,STARTS+FAST-S,57.0,0.7363636363636366,23.7,0.26931818181818185,0,1,30
Math,14,DPT,178.0,0.7367041198501874,47.36666666666667,0.2661048689138578,0,1,30
Jsoup,61,Fastazi-P,21.0,0.7370370370370369,7.6,0.28148148148148144,0,1,30
Math,102,Ekstazi,247.0,0.73716744913928,112.46666666666667,0.26400625978090764,0,1,30
Gson,1,Ekstazi+dpt,77.0,0.7371794871794876,21.0,0.2692307692307692,0,1,30
Gson,1,DPT,78.0,0.7371794871794876,21.0,0.2692307692307692,0,1,30
Gson,1,STARTS+DPT,78.0,0.7371794871794876,21.0,0.2692307692307692,0,1,30
Compress,16,Ekstazi+dpt,37.0,0.7372881355932205,16.0,0.2711864406779662,0,1,30
Compress,37,FAST,92.0,0.7376811594202903,24.633333333333333,0.26775362318840573,0,1,30
JxPath,19,FAST,45.0,0.7385185185185181,12.266666666666667,0.2725925925925925,0,1,30
Jsoup,13,DPT,19.0,0.7385964912280703,5.466666666666667,0.2877192982456141,0,1,30
Codec,13,STARTS+DPT,46.0,0.7391025641025643,14.066666666666666,0.27051282051282044,0,1,30
Codec,13,DPT,52.0,0.7391025641025644,14.066666666666666,0.2705128205128205,0,1,30
Gson,18,STARTS+FAST-P,88.0,0.7397849462365595,24.7,0.2655913978494622,0,1,30
Jsoup,86,Fastazi-S,14.0,0.7398148148148146,9.866666666666667,0.2740740740740739,0,1,30
Gson,18,STARTS+FAST-S,88.0,0.7401433691756277,24.666666666666668,0.2652329749103941,0,1,30
Math,75,DPT,339.0,0.74070796460177,88.4,0.2607669616519174,0,1,30
Math,104,FAST,428.0,0.7408878504672897,111.4,0.26028037383177577,0,1,30
Jsoup,72,STARTS,33.0,0.7409523809523808,9.566666666666666,0.27333333333333326,0,1,30
Cli,21,Ekstazi+dpt,42.0,0.7412429378531074,15.766666666666667,0.2672316384180792,0,1,30
Time,5,Fastazi-P,115.0,0.7414965986394558,38.5,0.2619047619047619,0,1,30
Gson,11,Ekstazi+dpt,79.0,0.7417582417582412,24.0,0.26373626373626374,0,1,30
Gson,11,DPT,91.0,0.7417582417582412,24.0,0.26373626373626374,0,1,30
Gson,11,STARTS+DPT,85.0,0.7417582417582412,24.0,0.26373626373626374,0,1,30
Cli,21,STARTS+DPT,58.0,0.7418079096045196,15.733333333333333,0.2666666666666667,0,1,30
Cli,21,DPT,59.0,0.7418079096045197,15.733333333333333,0.2666666666666667,0,1,30
Jsoup,85,Fastazi-P,32.0,0.7419047619047614,9.533333333333333,0.27238095238095233,0,1,30
Collections,28,Fastazi-P,127.0,0.7419141914191419,52.63333333333333,0.26056105610561064,0,1,30
Jsoup,61,Fastazi-S,21.0,0.7419753086419753,7.466666666666667,0.27654320987654313,0,1,30
Cli,20,Fastazi-S,15.0,0.7420289855072465,6.433333333333334,0.2797101449275363,0,1,30
Gson,7,STARTS,79.0,0.7420454545454545,23.2,0.26363636363636356,0,1,30
Cli,13,STARTS+DPT,52.0,0.7421383647798743,14.166666666666666,0.2672955974842768,0,1,30
Compress,38,STARTS,55.0,0.7423913043478262,24.2,0.26304347826086955,0,1,30
Cli,13,DPT,53.0,0.7427672955974843,14.133333333333333,0.26666666666666666,0,1,30
Cli,14,Ekstazi+dpt,38.0,0.7436363636363638,14.6,0.2654545454545455,0,1,30
Jsoup,74,Fastazi-S,24.0,0.7438095238095233,9.466666666666667,0.2704761904761905,0,1,30
Jsoup,13,Ekstazi+dpt,19.0,0.7438596491228072,5.366666666666666,0.2824561403508773,0,1,30
Time,20,Fastazi-S,116.0,0.7444444444444444,38.06666666666667,0.25895691609977317,0,1,30
Jsoup,3,Ekstazi+dpt,11.0,0.7444444444444446,3.566666666666667,0.2972222222222222,0,1,30
Lang,24,STARTS+FAST-P,61.0,0.7450757575757574,22.933333333333334,0.2606060606060606,0,1,30
Jsoup,34,Ekstazi,17.0,0.7453333333333331,6.866666666666666,0.2746666666666667,0,1,30
Jsoup,90,Fastazi-P,27.0,0.7453703703703701,9.666666666666666,0.26851851851851843,0,1,30
JxPath,22,Ekstazi,30.0,0.7457516339869279,13.466666666666667,0.26405228758169935,0,1,30
Cli,14,STARTS+DPT,45.0,0.7460606060606061,14.466666666666667,0.26303030303030306,0,1,30
Math,5,STARTS+FAST-S,137.0,0.7465811965811967,40.03333333333333,0.2566239316239316,0,1,30
Cli,13,Ekstazi+dpt,45.0,0.7471698113207547,13.9,0.26226415094339633,0,1,30
Jsoup,6,Ekstazi,18.0,0.7473684210526312,5.3,0.2789473684210526,0,1,30
Jsoup,8,STARTS+FAST-P,16.0,0.7473684210526315,5.3,0.2789473684210527,0,1,30
Time,21,Fastazi-S,116.0,0.7476190476190474,37.6,0.25578231292517,0,1,30
Jsoup,63,Fastazi-S,27.0,0.748148148148148,7.3,0.2703703703703704,0,1,30
Jsoup,74,Fastazi-P,24.0,0.748571428571428,9.3,0.2657142857142857,0,1,30
Time,7,STARTS+FAST-S,146.0,0.7487528344671202,37.43333333333333,0.2546485260770975,0,1,30
Cli,14,DPT,55.0,0.7490909090909091,14.3,0.25999999999999995,0,1,30
Cli,19,STARTS+FAST-P,15.0,0.7492753623188404,6.266666666666667,0.2724637681159422,0,1,30
Compress,37,Ekstazi+dpt,32.0,0.7492753623188406,23.566666666666666,0.2561594202898551,0,1,30
Jsoup,40,Ekstazi,19.0,0.7493333333333331,6.766666666666667,0.2706666666666667,0,1,30
Math,97,Random,412.0,0.7499190938511326,103.53333333333333,0.251294498381877,0,1,30
Jsoup,3,STARTS+DPT,12.0,0.75,3.5,0.29166666666666663,0,1,30
Jsoup,42,Ekstazi+dpt,20.0,0.7500000000000001,7.0,0.2692307692307692,0,1,30
Jsoup,42,DPT,26.0,0.7500000000000001,7.0,0.2692307692307692,0,1,30
Jsoup,42,STARTS+DPT,23.0,0.7500000000000001,7.0,0.2692307692307692,0,1,30
Math,61,DPT,317.0,0.7501577287066244,79.7,0.2514195583596216,0,1,30
Math,69,Ekstazi,154.0,0.7504504504504506,83.6,0.2510510510510511,0,1,30
Cli,15,Ekstazi,33.0,0.7505952380952381,14.466666666666667,0.25833333333333336,0,1,30
Compress,46,STARTS+DPT,78.0,0.7508333333333332,30.4,0.2533333333333334,0,1,30
Jsoup,14,Fastazi-P,12.0,0.7508771929824561,5.233333333333333,0.27543859649122815,0,1,30
Math,61,STARTS+DPT,258.0,0.7512092534174554,79.36666666666666,0.2503680336487909,0,1,30
Jsoup,12,Fastazi-S,14.0,0.7516666666666665,5.466666666666667,0.2733333333333333,0,1,30
Cli,15,STARTS+FAST-S,42.0,0.751785714285714,14.4,0.2571428571428573,0,1,30
Jsoup,5,Fastazi-S,10.0,0.7520833333333333,4.466666666666667,0.2791666666666667,0,1,30
Time,20,Fastazi-P,116.0,0.7521541950113377,36.93333333333333,0.2512471655328797,0,1,30
Time,19,FAST,147.0,0.7521541950113378,36.93333333333333,0.2512471655328798,0,1,30
Lang,25,STARTS+FAST-P,57.0,0.7522727272727271,22.3,0.2534090909090908,0,1,30
Math,11,Random,165.0,0.7523232323232321,41.36666666666667,0.25070707070707066,0,1,30
Jsoup,48,Fastazi-P,23.0,0.7525641025641028,6.933333333333334,0.26666666666666666,0,1,30
Math,9,DPT,166.0,0.752610441767068,41.56666666666667,0.2504016064257028,0,1,30
Math,5,STARTS+FAST-P,137.0,0.7529914529914533,39.03333333333333,0.25021367521367516,0,1,30
Jsoup,85,Fastazi-S,32.0,0.7533333333333329,9.133333333333333,0.2609523809523809,0,1,30
Jsoup,33,STARTS+FAST-P,23.0,0.7533333333333335,6.666666666666667,0.26666666666666666,0,1,30
Compress,24,Ekstazi+dpt,19.0,0.7533333333333336,19.0,0.2533333333333332,0,1,30
Math,63,STARTS+DPT,107.0,0.754048370136698,78.46666666666667,0.24752891692954793,0,1,30
Math,48,Ekstazi,165.0,0.7541666666666669,71.3,0.2475694444444444,0,1,30
Cli,39,STARTS+FAST-P,24.0,0.7543209876543209,7.133333333333334,0.26419753086419745,0,1,30
Math,40,STARTS,189.0,0.7545801526717556,64.8,0.24732824427480918,0,1,30
Compress,38,FAST,92.0,0.755072463768116,23.033333333333335,0.2503623188405798,0,1,30
Cli,19,Fastazi-S,15.0,0.7550724637681161,6.133333333333334,0.2666666666666667,0,1,30
Math,59,DPT,312.0,0.7551282051282053,76.9,0.24647435897435896,0,1,30
Math,84,STARTS+DPT,296.0,0.7554945054945056,89.5,0.2458791208791209,0,1,30
Time,21,Fastazi-P,116.0,0.756235827664399,36.333333333333336,0.24716553287981846,0,1,30
Time,26,FAST,148.0,0.7563063063063067,36.56666666666667,0.24707207207207205,0,1,30
Math,38,Fastazi-P,159.0,0.7565891472868211,63.3,0.2453488372093022,0,1,30
Math,84,DPT,364.0,0.7568681318681317,89.0,0.24450549450549453,0,1,30
Math,61,Ekstazi+dpt,209.0,0.756887486855941,77.56666666666666,0.24468980021030504,0,1,30
Jsoup,69,Ekstazi+dpt,23.0,0.7571428571428566,9.0,0.2571428571428571,0,1,30
Jsoup,69,DPT,35.0,0.7571428571428566,9.0,0.2571428571428571,0,1,30
Jsoup,69,STARTS+DPT,33.0,0.7571428571428566,9.0,0.2571428571428571,0,1,30
Jsoup,77,Ekstazi+dpt,23.0,0.7571428571428566,9.0,0.2571428571428571,0,1,30
Compress,43,Ekstazi+dpt,88.0,0.7580357142857145,27.6,0.2464285714285715,0,1,30
Math,84,Ekstazi+dpt,270.0,0.7580586080586081,88.56666666666666,0.24331501831501834,0,1,30
Compress,43,DPT,112.0,0.7583333333333333,27.566666666666666,0.2461309523809524,0,1,30
Compress,32,Ekstazi,47.0,0.7588888888888887,22.2,0.24666666666666665,0,1,30
Codec,13,STARTS+FAST-S,46.0,0.7589743589743593,13.033333333333333,0.2506410256410257,0,1,30
Math,12,STARTS+DPT,46.0,0.758989898989899,40.266666666666666,0.24404040404040392,0,1,30
Jsoup,80,Fastazi-P,25.0,0.7590476190476185,8.933333333333334,0.2552380952380952,0,1,30
Math,6,Fastazi-P,44.0,0.7591880341880339,38.06666666666667,0.24401709401709404,0,1,30
Cli,38,STARTS+DPT,8.0,0.7592592592592594,7.0,0.25925925925925936,0,1,30
Cli,39,Ekstazi+dpt,23.0,0.7592592592592594,7.0,0.25925925925925936,0,1,30
Cli,39,DPT,27.0,0.7592592592592594,7.0,0.25925925925925936,0,1,30
Cli,39,STARTS+DPT,24.0,0.7592592592592594,7.0,0.25925925925925936,0,1,30
Jsoup,58,Ekstazi+dpt,23.0,0.7592592592592594,7.0,0.25925925925925936,0,1,30
Jsoup,58,DPT,27.0,0.7592592592592594,7.0,0.25925925925925936,0,1,30
Jsoup,58,STARTS+DPT,25.0,0.7592592592592594,7.0,0.25925925925925936,0,1,30
Jsoup,28,Random,23.0,0.7594202898550726,6.033333333333333,0.26231884057971017,0,1,30
Math,38,Fastazi-S,159.0,0.7594315245478035,62.56666666666667,0.24250645994832046,0,1,30
Compress,43,STARTS+DPT,94.0,0.7595238095238097,27.433333333333334,0.24494047619047624,0,1,30
Compress,37,STARTS+FAST-P,56.0,0.7597826086956521,22.6,0.24565217391304353,0,1,30
Lang,21,Ekstazi,51.0,0.7603921568627449,20.866666666666667,0.24549019607843137,0,1,30
Jsoup,31,DPT,23.0,0.7608695652173909,6.0,0.2608695652173914,0,1,30
Jsoup,31,STARTS+DPT,20.0,0.7608695652173909,6.0,0.2608695652173914,0,1,30
Time,7,STARTS+FAST-P,146.0,0.7612244897959183,35.6,0.2421768707482993,0,1,30
Compress,18,STARTS+FAST-P,42.0,0.7615819209039544,14.566666666666666,0.24689265536723165,0,1,30
Time,17,Fastazi-S,112.0,0.7621315192743766,35.46666666666667,0.2412698412698413,0,1,30
Math,28,STARTS+FAST-S,219.0,0.7622489959839359,59.7,0.2397590361445784,0,1,30
Cli,27,Random,23.0,0.7623188405797101,5.966666666666667,0.25942028985507254,0,1,30
Cli,18,Fastazi-S,15.0,0.7623188405797104,5.966666666666667,0.25942028985507254,0,1,30
Math,31,Ekstazi,124.0,0.7624,59.9,0.2396,0,1,30
Math,28,Fastazi-S,213.0,0.7625167336010711,59.63333333333333,0.23949129852744322,0,1,30
Math,28,STARTS+FAST-P,219.0,0.7627844712182061,59.56666666666667,0.239223560910308,0,1,30
Math,28,Fastazi-P,213.0,0.763453815261044,59.4,0.23855421686746997,0,1,30
Jsoup,86,Ekstazi+dpt,14.0,0.7638888888888892,9.0,0.25,0,1,30
Gson,7,Ekstazi,69.0,0.7640151515151514,21.266666666666666,0.24166666666666667,0,1,30
Math,23,FAST,218.0,0.7640672782874623,51.93333333333333,0.23822629969418951,0,1,30
Jsoup,11,Fastazi-P,13.0,0.7649122807017545,4.966666666666667,0.2614035087719299,0,1,30
Math,39,Ekstazi+dpt,68.0,0.7651399491094145,62.03333333333333,0.23676844783715018,0,1,30
Math,25,Ekstazi+dpt,90.0,0.7653225806451617,58.7,0.2366935483870968,0,1,30
Compress,30,STARTS+FAST-P,76.0,0.7655430711610484,21.366666666666667,0.24007490636704118,0,1,30
Math,12,STARTS+FAST-S,46.0,0.7656565656565654,39.166666666666664,0.23737373737373735,0,1,30
Math,70,Ekstazi,157.0,0.7668662674650698,78.36666666666666,0.23463073852295405,0,1,30
Math,15,Fastazi-P,152.0,0.7673684210526318,44.7,0.23526315789473673,0,1,30
Math,67,Ekstazi+dpt,173.0,0.7683683683683682,77.63333333333334,0.23313313313313314,0,1,30
Time,26,STARTS+FAST-P,147.0,0.768918918918919,34.7,0.23445945945945956,0,1,30
Time,17,Fastazi-P,112.0,0.7693877551020406,34.4,0.2340136054421768,0,1,30
Jsoup,80,Fastazi-S,25.0,0.7695238095238089,8.566666666666666,0.24476190476190468,0,1,30
Jsoup,85,STARTS+FAST-S,34.0,0.7695238095238093,8.566666666666666,0.24476190476190476,0,1,30
Compress,13,STARTS,40.0,0.769590643274854,13.633333333333333,0.23918128654970763,0,1,30
Compress,30,Fastazi-P,73.0,0.7700374531835202,20.966666666666665,0.2355805243445693,0,1,30
Jsoup,8,Fastazi-S,12.0,0.7701754385964913,4.866666666666666,0.2561403508771931,0,1,30
Collections,28,Fastazi-S,127.0,0.7704620462046204,46.86666666666667,0.232013201320132,0,1,30
Jsoup,85,STARTS+FAST-P,34.0,0.7704761904761901,8.533333333333333,0.2438095238095238,0,1,30
Cli,27,Ekstazi,19.0,0.7710144927536232,5.766666666666667,0.25072463768115943,0,1,30
Gson,10,DPT,90.0,0.7714814814814817,21.066666666666666,0.2340740740740741,0,1,30
Gson,10,STARTS+DPT,80.0,0.7714814814814817,21.066666666666666,0.2340740740740741,0,1,30
Compress,30,STARTS+FAST-S,76.0,0.7715355805243443,20.833333333333332,0.2340823970037453,0,1,30
Time,26,STARTS+FAST-S,147.0,0.7716216216216217,34.3,0.2317567567567568,0,1,30
Gson,10,Ekstazi+dpt,66.0,0.7718518518518519,21.033333333333335,0.23370370370370372,0,1,30
Time,17,Ekstazi+dpt,112.0,0.7721088435374147,34.0,0.2312925170068026,0,1,30
Time,17,DPT,147.0,0.7721088435374147,34.0,0.2312925170068026,0,1,30
Time,17,STARTS+DPT,146.0,0.7721088435374147,34.0,0.2312925170068026,0,1,30
Jsoup,88,Fastazi-S,29.0,0.7722222222222224,8.7,0.2416666666666667,0,1,30
Math,36,Ekstazi,123.0,0.7728104575163395,58.43333333333333,0.2291503267973856,0,1,30
Codec,15,Ekstazi,28.0,0.7728395061728397,12.766666666666667,0.23641975308641977,0,1,30
Codec,18,STARTS,30.0,0.7735632183908044,13.633333333333333,0.2350574712643678,0,1,30
JxPath,22,FAST,51.0,0.7738562091503265,12.033333333333333,0.23594771241830068,0,1,30
Gson,18,FAST,93.0,0.7741935483870968,21.5,0.23118279569892458,0,1,30
Math,77,STARTS,205.0,0.7744927536231886,78.3,0.22695652173913045,0,1,30
Math,100,Ekstazi,187.0,0.7749206349206349,95.03333333333333,0.22626984126984126,0,1,30
Jsoup,26,Fastazi-S,19.0,0.7753623188405795,5.666666666666667,0.246376811594203,0,1,30
Compress,18,Ekstazi,28.0,0.7757062146892655,13.733333333333333,0.23276836158192088,0,1,30
Cli,40,Ekstazi+dpt,7.0,0.775862068965517,7.0,0.24137931034482746,0,1,30
Time,17,Random,147.0,0.7764172335600908,33.36666666666667,0.22698412698412695,0,1,30
Math,32,STARTS,178.0,0.7766404199475065,57.233333333333334,0.22532808398950133,0,1,30
Jsoup,26,FAST,23.0,0.7768115942028984,5.633333333333334,0.24492753623188415,0,1,30
Jsoup,22,Ekstazi,16.0,0.7768115942028985,5.633333333333334,0.24492753623188404,0,1,30
Cli,27,STARTS,20.0,0.7768115942028987,5.633333333333334,0.24492753623188407,0,1,30
Math,48,FAST,288.0,0.7768518518518521,64.76666666666667,0.22488425925925937,0,1,30
Jsoup,88,Fastazi-P,29.0,0.7768518518518521,8.533333333333333,0.23703703703703705,0,1,30
Math,84,Fastazi-P,270.0,0.7772893772893774,81.56666666666666,0.22408424908424915,0,1,30
Jsoup,89,STARTS+FAST-S,34.0,0.7787037037037039,8.466666666666667,0.23518518518518522,0,1,30
Jsoup,5,Fastazi-P,10.0,0.7791666666666667,4.033333333333333,0.2520833333333333,0,1,30
Compress,26,FAST,77.0,0.7796536796536795,17.466666666666665,0.22683982683982695,0,1,30
Compress,31,STARTS,55.0,0.7797752808988763,20.1,0.2258426966292135,0,1,30
Cli,39,STARTS+FAST-S,24.0,0.7802469135802467,6.433333333333334,0.23827160493827151,0,1,30
Jsoup,17,Fastazi-P,10.0,0.780952380952381,5.1,0.24285714285714285,0,1,30
Math,26,FAST,248.0,0.7810483870967747,54.8,0.2209677419354838,0,1,30
Cli,27,FAST,23.0,0.7811594202898547,5.533333333333333,0.24057971014492763,0,1,30
Jsoup,26,Fastazi-P,19.0,0.7811594202898549,5.533333333333333,0.2405797101449276,0,1,30
Math,27,FAST,248.0,0.7813172043010758,54.733333333333334,0.22069892473118274,0,1,30
Jsoup,63,STARTS+FAST-S,27.0,0.7814814814814814,6.4,0.23703703703703694,0,1,30
Cli,27,STARTS+FAST-P,20.0,0.7826086956521737,5.5,0.23913043478260881,0,1,30
Jsoup,63,STARTS+FAST-P,27.0,0.7827160493827159,6.366666666666666,0.2358024691358024,0,1,30
Jsoup,33,Fastazi-S,23.0,0.7840000000000003,5.9,0.23600000000000004,0,1,30
Jsoup,11,STARTS+FAST-S,17.0,0.7842105263157894,4.6,0.24210526315789468,0,1,30
Math,104,Fastazi-S,331.0,0.7844236760124612,92.76666666666667,0.21674454828660444,0,1,30
Compress,34,Ekstazi,36.0,0.7848148148148147,19.866666666666667,0.22074074074074074,0,1,30
Jsoup,89,STARTS+FAST-P,34.0,0.7851851851851853,8.233333333333333,0.22870370370370371,0,1,30
Math,25,FAST,248.0,0.7856182795698928,53.666666666666664,0.21639784946236562,0,1,30
Time,19,DPT,147.0,0.7857142857142857,32.0,0.21768707482993202,0,1,30
Time,19,STARTS+DPT,146.0,0.7857142857142857,32.0,0.21768707482993202,0,1,30
Jsoup,84,DPT,35.0,0.7857142857142857,8.0,0.22857142857142862,0,1,30
JxPath,19,Fastazi-S,27.0,0.7859259259259255,10.133333333333333,0.22518518518518515,0,1,30
Jsoup,2,STARTS+FAST-S,11.0,0.7861111111111112,3.066666666666667,0.2555555555555556,0,1,30
Math,15,Fastazi-S,152.0,0.7871929824561402,40.93333333333333,0.21543859649122818,0,1,30
Math,104,Fastazi-P,331.0,0.7886292834890966,90.96666666666667,0.2125389408099689,0,1,30
Jsoup,73,Fastazi-S,26.0,0.7895238095238093,7.866666666666666,0.22476190476190483,0,1,30
Codec,13,FAST,52.0,0.7897435897435895,11.433333333333334,0.21987179487179492,0,1,30
Lang,20,Ekstazi,39.0,0.7901960784313722,18.333333333333332,0.21568627450980396,0,1,30
Math,74,STARTS+FAST-P,309.0,0.7903638151425761,71.56666666666666,0.21111111111111117,0,1,30
Math,74,STARTS+FAST-S,309.0,0.7907571288102259,71.43333333333334,0.2107177974434612,0,1,30
Math,82,STARTS+FAST-S,157.0,0.7908077994428967,75.6,0.2105849582172703,0,1,30
Jsoup,30,FAST,23.0,0.7913043478260867,5.3,0.23043478260869574,0,1,30
Math,83,STARTS+FAST-S,157.0,0.7913649025069638,75.4,0.21002785515320346,0,1,30
Math,104,STARTS+FAST-P,359.0,0.7919003115264796,89.56666666666666,0.20926791277258558,0,1,30
Cli,12,Ekstazi+dpt,20.0,0.7924242424242426,5.066666666666666,0.2303030303030303,0,1,30
Math,92,Ekstazi+dpt,80.0,0.7928315412186381,77.56666666666666,0.20851254480286743,0,1,30
Lang,23,DPT,85.0,0.792941176470588,18.1,0.2129411764705883,0,1,30
Math,63,FAST,317.0,0.7935856992639331,65.93333333333334,0.20799158780231322,0,1,30
Jsoup,16,Fastazi-P,12.0,0.7936507936507934,4.833333333333333,0.23015873015873017,0,1,30
Time,9,DPT,146.0,0.7938356164383559,30.6,0.2095890410958905,0,1,30
Cli,12,DPT,22.0,0.7939393939393937,5.033333333333333,0.22878787878787868,0,1,30
JxPath,19,Fastazi-P,27.0,0.7940740740740738,9.766666666666667,0.21703703703703708,0,1,30
Math,62,FAST,317.0,0.7944269190325975,65.66666666666667,0.20715036803364867,0,1,30
Math,82,STARTS+FAST-P,157.0,0.7945218198700097,74.26666666666667,0.20687093779015797,0,1,30
Lang,25,Ekstazi+dpt,21.0,0.7946969696969695,18.566666666666666,0.2109848484848484,0,1,30
Time,9,Ekstazi+dpt,116.0,0.7947488584474883,30.466666666666665,0.2086757990867581,0,1,30
Math,83,STARTS+FAST-P,157.0,0.7949860724233988,74.1,0.20640668523676892,0,1,30
Time,14,Fastazi-S,99.0,0.7952380952380953,30.6,0.20816326530612247,0,1,30
Cli,27,Fastazi-S,19.0,0.7956521739130437,5.2,0.22608695652173919,0,1,30
Time,9,STARTS+DPT,145.0,0.7956621004566208,30.333333333333332,0.20776255707762564,0,1,30
Cli,30,STARTS+FAST-P,23.0,0.7958333333333333,5.4,0.2255,0,1,30
Cli,30,Fastazi-S,22.0,0.7958333333333336,5.4,0.22500000000000006,0,1,30
Lang,27,Ekstazi+dpt,21.0,0.7959706959706959,19.066666666666666,0.2095238095238096,0,1,30
Math,98,DPT,413.0,0.7960451977401132,84.73333333333333,0.20516545601291375,0,1,30
Compress,35,DPT,91.0,0.7967032967032966,19.0,0.20879120879120888,0,1,30
Compress,35,STARTS+DPT,62.0,0.7967032967032966,19.0,0.20879120879120888,0,1,30
Math,70,STARTS,166.0,0.7970059880239522,68.3,0.20449101796407188,0,1,30
Time,14,Fastazi-P,99.0,0.7979591836734693,30.2,0.20544217687074823,0,1,30
Math,104,STARTS+FAST-S,359.0,0.7987538940809968,86.63333333333334,0.20241433021806848,0,1,30
Lang,20,Fastazi-P,39.0,0.7988235294117646,17.6,0.20705882352941182,0,1,30
Math,72,FAST,339.0,0.7993117010816129,68.53333333333333,0.20216322517207472,0,1,30
Math,56,FAST,304.0,0.799342105263158,61.5,0.20230263157894737,0,1,30
Compress,41,STARTS,71.0,0.7996598639455781,20.133333333333333,0.20544217687074834,0,1,30
Math,70,Fastazi-P,157.0,0.7999001996007985,67.33333333333333,0.20159680638722544,0,1,30
Math,10,STARTS+FAST-S,175.0,0.8000000000000004,40.1,0.20252525252525264,0,1,30
Lang,23,STARTS+DPT,55.0,0.8003921568627449,17.466666666666665,0.20549019607843147,0,1,30
Compress,32,Fastazi-S,47.0,0.8011111111111113,18.4,0.2044444444444445,0,1,30
Math,70,Fastazi-S,157.0,0.8018962075848304,66.66666666666667,0.19960079840319353,0,1,30
Lang,20,Fastazi-S,39.0,0.8019607843137254,17.333333333333332,0.2039215686274511,0,1,30
Math,82,STARTS,157.0,0.8021355617455895,71.53333333333333,0.19925719591457758,0,1,30
Compress,46,Ekstazi,49.0,0.8027777777777777,24.166666666666668,0.2013888888888889,0,1,30
Cli,27,STARTS+FAST-S,20.0,0.8028985507246377,5.033333333333333,0.218840579710145,0,1,30
Jsoup,54,FAST,26.0,0.8038461538461541,5.6,0.21538461538461545,0,1,30
Math,46,FAST,277.0,0.8039711191335746,54.8,0.1978339350180506,0,1,30
JxPath,21,STARTS,31.0,0.8039999999999999,10.3,0.2066,0,1,30
Compress,46,Ekstazi+dpt,49.0,0.804166666666667,24.0,0.2000000000000001,0,1,30
Jsoup,26,Ekstazi+dpt,19.0,0.8043478260869569,5.0,0.21739130434782614,0,1,30
Jsoup,26,DPT,23.0,0.8043478260869569,5.0,0.21739130434782614,0,1,30
Jsoup,26,STARTS+DPT,20.0,0.8043478260869569,5.0,0.21739130434782614,0,1,30
Jsoup,30,DPT,23.0,0.8043478260869569,5.0,0.21739130434782614,0,1,30
Jsoup,30,STARTS+DPT,15.0,0.8043478260869569,5.0,0.21739130434782614,0,1,30
Jsoup,31,Ekstazi+dpt,5.0,0.8043478260869569,5.0,0.21739130434782614,0,1,30
Gson,18,Fastazi-S,73.0,0.8046594982078853,18.666666666666668,0.20071684587813607,0,1,30
Compress,29,FAST,88.0,0.8049242424242423,17.666666666666668,0.20075757575757572,0,1,30
Jsoup,59,Ekstazi,21.0,0.804938271604938,5.766666666666667,0.21358024691358027,0,1,30
Jsoup,28,STARTS,21.0,0.8057971014492755,4.966666666666667,0.21594202898550732,0,1,30
Math,67,FAST,333.0,0.8072072072072075,64.7,0.1942942942942943,0,1,30
Math,33,Fastazi-P,86.0,0.8074803149606299,49.4,0.19448818897637787,0,1,30
Compress,35,Ekstazi+dpt,57.0,0.8076923076923076,18.0,0.1978021978021979,0,1,30
Lang,20,STARTS+FAST-S,58.0,0.8082352941176468,16.8,0.1976470588235295,0,1,30
Math,17,Ekstazi,71.0,0.8083333333333333,37.3,0.19427083333333328,0,1,30
Codec,13,Fastazi-S,46.0,0.8083333333333336,10.466666666666667,0.20128205128205137,0,1,30
Math,97,STARTS+FAST-S,169.0,0.8085760517799352,79.36666666666666,0.19263754045307435,0,1,30
Math,97,STARTS+FAST-P,169.0,0.8089805825242716,79.2,0.19223300970873786,0,1,30
Math,14,STARTS+DPT,63.0,0.8093632958801499,34.43333333333333,0.19344569288389513,0,1,30
Math,80,STARTS,153.0,0.8098659003831415,66.66666666666667,0.19157088122605362,0,1,30
Math,33,Fastazi-S,86.0,0.8101049868766407,48.733333333333334,0.19186351706036742,0,1,30
Jsoup,86,Fastazi-P,14.0,0.8101851851851855,7.333333333333333,0.2037037037037037,0,1,30
Cli,12,STARTS+DPT,20.0,0.8106060606060603,4.666666666666667,0.21212121212121202,0,1,30
Codec,13,Fastazi-P,46.0,0.810897435897436,10.333333333333334,0.19871794871794882,0,1,30
Math,48,STARTS+FAST-S,253.0,0.8111111111111113,54.9,0.19062500000000007,0,1,30
JxPath,21,Fastazi-S,20.0,0.8113333333333332,9.933333333333334,0.19866666666666674,0,1,30
Math,72,STARTS+FAST-S,303.0,0.8114060963618484,64.43333333333334,0.19006882989183882,0,1,30
Compress,23,FAST,75.0,0.8115555555555557,14.633333333333333,0.1951111111111111,0,1,30
Math,48,STARTS+FAST-P,253.0,0.8115740740740744,54.766666666666666,0.19016203703703707,0,1,30
Math,40,DPT,262.0,0.8122137404580152,49.7,0.18969465648854963,0,1,30
Jsoup,8,Fastazi-P,12.0,0.8122807017543855,4.066666666666666,0.2140350877192982,0,1,30
Jsoup,58,FAST,27.0,0.812345679012346,5.566666666666666,0.2061728395061729,0,1,30
Math,10,STARTS+FAST-P,175.0,0.8127946127946132,37.56666666666667,0.18973063973063978,0,1,30
Math,11,FAST,165.0,0.8139393939393942,31.2,0.18909090909090925,0,1,30
Jsoup,11,STARTS+FAST-P,17.0,0.8140350877192978,4.033333333333333,0.21228070175438593,0,1,30
Math,78,FAST,346.0,0.8142581888246629,64.76666666666667,0.1871868978805395,0,1,30
Jsoup,73,Ekstazi+dpt,26.0,0.8142857142857142,7.0,0.2000000000000001,0,1,30
Jsoup,73,DPT,35.0,0.8142857142857142,7.0,0.2000000000000001,0,1,30
Jsoup,73,STARTS+DPT,32.0,0.8142857142857142,7.0,0.2000000000000001,0,1,30
Math,83,STARTS,157.0,0.8143918291550604,67.13333333333334,0.1870009285051068,0,1,30
Jsoup,30,STARTS+FAST-S,15.0,0.8144927536231887,4.766666666666667,0.20724637681159425,0,1,30
JxPath,21,Fastazi-P,20.0,0.8153333333333331,9.733333333333333,0.1946666666666667,0,1,30
Gson,18,Fastazi-P,73.0,0.8157706093189965,17.633333333333333,0.18960573476702497,0,1,30
Jsoup,8,Ekstazi+dpt,12.0,0.81578947368421,4.0,0.21052631578947353,0,1,30
Jsoup,8,DPT,19.0,0.81578947368421,4.0,0.21052631578947353,0,1,30
Jsoup,8,STARTS+DPT,16.0,0.81578947368421,4.0,0.21052631578947353,0,1,30
Jsoup,73,FAST,35.0,0.8161904761904759,6.933333333333334,0.19809523809523813,0,1,30
Math,9,Fastazi-P,31.0,0.8162650602409645,31.0,0.1867469879518072,0,1,30
Time,8,STARTS+DPT,146.0,0.8163265306122445,27.5,0.18707482993197283,0,1,30
Cli,30,FAST,24.0,0.8166666666666667,4.9,0.2041666666666667,0,1,30
Jsoup,72,Ekstazi,22.0,0.8171428571428568,6.9,0.19714285714285712,0,1,30
Math,56,STARTS+FAST-S,275.0,0.8182017543859648,55.766666666666666,0.18344298245614027,0,1,30
Jsoup,58,STARTS+FAST-S,25.0,0.8185185185185188,5.4,0.20000000000000004,0,1,30
Math,43,STARTS,143.0,0.8185592185592181,50.03333333333333,0.18327228327228323,0,1,30
Math,51,DPT,283.0,0.8193168433451117,51.63333333333333,0.18244994110718496,0,1,30
Math,13,Fastazi-P,55.0,0.8198863636363635,32.2,0.1829545454545454,0,1,30
Math,25,Ekstazi,90.0,0.8202956989247312,45.06666666666667,0.1817204301075269,0,1,30
Jsoup,18,Ekstazi,11.0,0.8206349206349203,4.266666666666667,0.2031746031746032,0,1,30
Math,14,Ekstazi+dpt,59.0,0.8207865168539323,32.4,0.18202247191011242,0,1,30
Math,92,Fastazi-P,80.0,0.8211469534050174,67.03333333333333,0.18019713261648737,0,1,30
Math,51,Ekstazi+dpt,212.0,0.8213191990577147,51.06666666666667,0.1804475853945819,0,1,30
Math,51,STARTS+DPT,234.0,0.8213191990577147,51.06666666666667,0.18044758539458192,0,1,30
Math,8,Ekstazi,134.0,0.8214859437751003,30.133333333333333,0.18152610441767067,0,1,30
Math,37,STARTS+DPT,54.0,0.8215686274509802,46.0,0.18039215686274507,0,1,30
Cli,27,Fastazi-P,19.0,0.8217391304347826,4.6,0.20000000000000007,0,1,30
Jsoup,53,Fastazi-S,17.0,0.8217948717948718,5.133333333333334,0.19743589743589754,0,1,30
Math,9,Fastazi-S,31.0,0.8222891566265066,30.0,0.18072289156626503,0,1,30
Math,14,STARTS,63.0,0.8226591760299624,32.06666666666667,0.18014981273408245,0,1,30
Math,25,STARTS+FAST-P,193.0,0.8227150537634407,44.46666666666667,0.1793010752688173,0,1,30
Math,10,FAST,198.0,0.8228956228956223,35.56666666666667,0.1796296296296296,0,1,30
Lang,20,STARTS+FAST-P,58.0,0.8231372549019605,15.533333333333333,0.1827450980392157,0,1,30
Jsoup,28,Ekstazi,19.0,0.8231884057971013,4.566666666666666,0.19855072463768114,0,1,30
Time,8,DPT,147.0,0.8235827664399091,26.433333333333334,0.1798185941043084,0,1,30
Math,13,Fastazi-S,55.0,0.8244318181818178,31.4,0.17840909090909085,0,1,30
Compress,24,Fastazi-P,19.0,0.8244444444444446,13.666666666666666,0.18222222222222217,0,1,30
Jsoup,58,STARTS+FAST-P,25.0,0.8246913580246915,5.233333333333333,0.19382716049382717,0,1,30
Jsoup,53,Fastazi-P,17.0,0.8256410256410257,5.033333333333333,0.19358974358974365,0,1,30
Math,62,STARTS+FAST-S,281.0,0.825657202944269,55.766666666666666,0.17592008412197674,0,1,30
Compress,37,Ekstazi,32.0,0.8257246376811594,16.533333333333335,0.17971014492753623,0,1,30
Math,62,STARTS+FAST-P,281.0,0.8259726603575187,55.666666666666664,0.17560462670872753,0,1,30
Jsoup,31,FAST,23.0,0.8260869565217395,4.5,0.19565217391304351,0,1,30
Math,25,STARTS+FAST-S,193.0,0.8262096774193546,43.6,0.17580645161290326,0,1,30
Math,46,STARTS+FAST-P,247.0,0.8264741275571602,48.56666666666667,0.17533092659446442,0,1,30
Math,81,FAST,359.0,0.8265552460538536,62.766666666666666,0.17483751160631383,0,1,30
Jsoup,53,Ekstazi+dpt,17.0,0.8269230769230768,5.0,0.19230769230769243,0,1,30
Jsoup,53,DPT,26.0,0.8269230769230768,5.0,0.19230769230769243,0,1,30
Jsoup,53,STARTS+DPT,24.0,0.8269230769230768,5.0,0.19230769230769243,0,1,30
Jsoup,54,Ekstazi+dpt,19.0,0.8269230769230768,5.0,0.19230769230769243,0,1,30
Jsoup,54,DPT,26.0,0.8269230769230768,5.0,0.19230769230769243,0,1,30
Jsoup,54,STARTS+DPT,24.0,0.8269230769230768,5.0,0.19230769230769243,0,1,30
Compress,30,Fastazi-S,73.0,0.8269662921348312,15.9,0.1786516853932584,0,1,30
Math,68,Fastazi-P,72.0,0.8270270270270276,58.1,0.1744744744744745,0,1,30
Math,40,STARTS+DPT,189.0,0.8272264631043257,45.766666666666666,0.17468193384223918,0,1,30
Cli,34,FAST,24.0,0.8277777777777778,4.633333333333334,0.19305555555555554,0,1,30
Jsoup,33,FAST,25.0,0.8280000000000001,4.8,0.19200000000000006,0,1,30
Math,12,Ekstazi+dpt,31.0,0.8280808080808081,28.866666666666667,0.17494949494949497,0,1,30
Compress,17,STARTS+FAST-S,42.0,0.8282485875706217,10.633333333333333,0.18022598870056503,0,1,30
Math,15,STARTS+FAST-S,166.0,0.8287719298245615,33.03333333333333,0.17385964912280694,0,1,30
Math,72,STARTS+FAST-P,303.0,0.8292035398230087,58.4,0.17227138643067846,0,1,30
Math,21,STARTS+FAST-S,188.0,0.8292048929663605,37.733333333333334,0.1730886850152906,0,1,30
Math,81,STARTS+FAST-S,318.0,0.8295264623955432,61.7,0.171866295264624,0,1,30
Math,81,STARTS+FAST-P,318.0,0.8301764159702878,61.46666666666667,0.17121634168987934,0,1,30
Lang,17,Ekstazi,27.0,0.8305555555555555,14.733333333333333,0.1753968253968254,0,1,30
Cli,11,FAST,24.0,0.8305555555555555,4.566666666666666,0.19027777777777774,0,1,30
Cli,11,Fastazi-P,24.0,0.8305555555555555,4.566666666666666,0.19027777777777774,0,1,30
Math,56,STARTS+FAST-P,275.0,0.8305921052631577,52.0,0.17105263157894732,0,1,30
Jsoup,54,STARTS+FAST-S,24.0,0.8307692307692306,4.9,0.1884615384615386,0,1,30
Cli,37,STARTS+FAST-S,24.0,0.830864197530864,5.066666666666666,0.1876543209876543,0,1,30
Math,46,STARTS+FAST-S,247.0,0.8310469314079424,47.3,0.17075812274368224,0,1,30
Math,56,Fastazi-S,262.0,0.8312499999999999,51.8,0.17039473684210535,0,1,30
Math,92,Fastazi-S,80.0,0.83163082437276,63.13333333333333,0.16971326164874548,0,1,30
Compress,44,STARTS+DPT,22.0,0.8319327731092435,20.5,0.1722689075630252,0,1,30
Math,56,Fastazi-P,262.0,0.8321271929824563,51.53333333333333,0.16951754385964918,0,1,30
Math,46,Fastazi-S,240.0,0.8329723225030087,46.766666666666666,0.16883273164861612,0,1,30
Math,59,STARTS+DPT,101.0,0.8330128205128209,52.6,0.16858974358974352,0,1,30
Compress,13,DPT,57.0,0.8333333333333331,10.0,0.17543859649122803,0,1,30
Compress,13,STARTS+DPT,40.0,0.8333333333333331,10.0,0.17543859649122803,0,1,30
Cli,37,STARTS+FAST-P,24.0,0.8333333333333331,5.0,0.18518518518518515,0,1,30
Jsoup,61,Ekstazi+dpt,21.0,0.8333333333333331,5.0,0.18518518518518515,0,1,30
Jsoup,61,DPT,27.0,0.8333333333333331,5.0,0.18518518518518515,0,1,30
Jsoup,61,STARTS+DPT,25.0,0.8333333333333331,5.0,0.18518518518518515,0,1,30
Compress,41,Ekstazi,66.0,0.8333333333333333,16.833333333333332,0.1717687074829932,0,1,30
Jsoup,86,Ekstazi,14.0,0.8333333333333335,6.5,0.18055555555555555,0,1,30
Math,46,Fastazi-P,240.0,0.8333333333333336,46.666666666666664,0.1684717208182912,0,1,30
Time,20,Ekstazi+dpt,116.0,0.8333333333333336,25.0,0.1700680272108844,0,1,30
Jsoup,30,STARTS+FAST-P,15.0,0.8333333333333337,4.333333333333333,0.18840579710144925,0,1,30
Math,70,STARTS+FAST-P,166.0,0.8336327345309378,56.06666666666667,0.16786427145708582,0,1,30
Time,21,STARTS+DPT,146.0,0.8337868480725624,24.933333333333334,0.16961451247165543,0,1,30
Math,21,STARTS+FAST-P,188.0,0.8337920489296633,36.733333333333334,0.16850152905198784,0,1,30
Time,21,Ekstazi+dpt,116.0,0.8340136054421771,24.9,0.1693877551020409,0,1,30
Time,20,STARTS+DPT,146.0,0.8342403628117917,24.866666666666667,0.16916099773242635,0,1,30
Math,59,STARTS,101.0,0.8342948717948716,52.2,0.16730769230769227,0,1,30
Time,21,DPT,147.0,0.8344671201814062,24.833333333333332,0.16893424036281185,0,1,30
Jsoup,54,STARTS+FAST-P,24.0,0.8346153846153845,4.8,0.18461538461538474,0,1,30
Cli,30,Random,24.0,0.8347222222222225,4.466666666666667,0.18611111111111114,0,1,30
Cli,16,Random,57.0,0.8350877192982455,9.9,0.17368421052631572,0,1,30
Compress,26,Fastazi-P,49.0,0.8354978354978353,13.166666666666666,0.17099567099567098,0,1,30
Time,20,DPT,147.0,0.8358276643990931,24.633333333333333,0.16757369614512477,0,1,30
Math,15,STARTS+FAST-P,166.0,0.8359649122807017,31.666666666666668,0.1666666666666666,0,1,30
Math,91,Fastazi-P,84.0,0.8360360360360356,61.166666666666664,0.16531531531531526,0,1,30
Math,68,Fastazi-S,72.0,0.8360360360360359,55.1,0.16546546546546542,0,1,30
Math,44,DPT,275.0,0.8363636363636366,45.5,0.1654545454545455,0,1,30
Math,39,FAST,262.0,0.8363867684478374,43.36666666666667,0.16552162849872784,0,1,30
Math,38,Ekstazi,159.0,0.8368217054263566,42.6,0.1651162790697675,0,1,30
Math,44,STARTS+DPT,244.0,0.8369696969696973,45.333333333333336,0.16484848484848494,0,1,30
Jsoup,71,Fastazi-S,19.0,0.8371428571428569,6.2,0.17714285714285719,0,1,30
Jsoup,89,Fastazi-S,17.0,0.8379629629629624,6.333333333333333,0.17592592592592599,0,1,30
Compress,26,Fastazi-S,49.0,0.8385281385281383,12.933333333333334,0.16796536796536796,0,1,30
Jsoup,37,DPT,25.0,0.8386666666666666,4.533333333333333,0.1813333333333334,0,1,30
Jsoup,37,STARTS+DPT,23.0,0.8386666666666667,4.533333333333333,0.1813333333333334,0,1,30
Cli,30,STARTS+FAST-S,23.0,0.8388888888888889,4.366666666666666,0.1819444444444444,0,1,30
Math,74,FAST,339.0,0.8391347099311706,55.03333333333333,0.1623402163225172,0,1,30
Gson,6,FAST,88.0,0.8393939393939399,14.633333333333333,0.16628787878787885,0,1,30
Jsoup,58,Fastazi-S,23.0,0.8395061728395059,4.833333333333333,0.17901234567901228,0,1,30
Math,63,STARTS,107.0,0.8395373291272344,51.36666666666667,0.16203995793901158,0,1,30
Lang,27,Fastazi-P,21.0,0.8399267399267397,15.066666666666666,0.16556776556776556,0,1,30
Jsoup,71,Fastazi-P,19.0,0.8399999999999997,6.1,0.17428571428571435,0,1,30
Cli,34,STARTS+FAST-P,23.0,0.8402777777777779,4.333333333333333,0.18055555555555555,0,1,30
Math,70,STARTS+FAST-S,166.0,0.8403193612774449,53.833333333333336,0.16117764471057885,0,1,30
Math,81,Fastazi-P,310.0,0.840761374187558,57.666666666666664,0.16063138347260916,0,1,30
Math,65,STARTS+DPT,292.0,0.8410569105691056,52.63333333333333,0.16046747967479674,0,1,30
Math,91,Fastazi-S,84.0,0.8411711711711706,59.266666666666666,0.16018018018018015,0,1,30
Math,6,DPT,156.0,0.8412393162393161,25.266666666666666,0.16196581196581197,0,1,30
Math,65,Ekstazi+dpt,284.0,0.8413617886178861,52.53333333333333,0.16016260162601623,0,1,30
Codec,18,Fastazi-S,17.0,0.841379310344827,9.7,0.16724137931034494,0,1,30
Cli,15,Fastazi-S,33.0,0.8416666666666665,9.366666666666667,0.16726190476190472,0,1,30
Cli,34,STARTS+FAST-S,23.0,0.8416666666666668,4.3,0.17916666666666667,0,1,30
Math,65,DPT,328.0,0.841869918699187,52.36666666666667,0.1596544715447154,0,1,30
Math,40,FAST,262.0,0.8423664122137408,41.8,0.15954198473282447,0,1,30
Math,74,Fastazi-S,309.0,0.8423795476892822,53.93333333333333,0.15909537856440512,0,1,30
Jsoup,37,Ekstazi+dpt,20.0,0.8426666666666666,4.433333333333334,0.1773333333333334,0,1,30
Math,74,Fastazi-P,309.0,0.8426745329400197,53.833333333333336,0.15880039331366763,0,1,30
Math,10,Fastazi-P,175.0,0.8427609427609426,31.633333333333333,0.15976430976430978,0,1,30
Math,44,Ekstazi+dpt,239.0,0.8427878787878788,43.733333333333334,0.15903030303030305,0,1,30
Jsoup,71,Ekstazi+dpt,19.0,0.8428571428571424,6.0,0.17142857142857143,0,1,30
Jsoup,71,DPT,35.0,0.8428571428571424,6.0,0.17142857142857143,0,1,30
Jsoup,71,STARTS+DPT,32.0,0.8428571428571424,6.0,0.17142857142857143,0,1,30
Jsoup,73,STARTS+FAST-P,32.0,0.8428571428571426,6.0,0.17142857142857143,0,1,30
Math,11,Fastazi-P,142.0,0.843030303030303,26.4,0.16000000000000003,0,1,30
Cli,30,Fastazi-P,22.0,0.8430555555555554,4.266666666666667,0.17777777777777776,0,1,30
Math,69,DPT,333.0,0.8431431431431434,52.733333333333334,0.15835835835835835,0,1,30
Compress,14,Ekstazi+dpt,11.0,0.8432748538011692,9.433333333333334,0.16549707602339184,0,1,30
Jsoup,89,Fastazi-P,17.0,0.843518518518518,6.133333333333334,0.17037037037037042,0,1,30
Math,71,FAST,334.0,0.8436127744510981,52.733333333333334,0.1578842315369262,0,1,30
Lang,18,Ekstazi,24.0,0.8436507936507937,13.633333333333333,0.16230158730158728,0,1,30
Compress,28,FAST,78.0,0.8440170940170941,12.666666666666666,0.1623931623931624,0,1,30
Jsoup,67,STARTS+FAST-S,30.0,0.8440860215053766,5.333333333333333,0.17204301075268813,0,1,30
Math,78,DPT,346.0,0.8442196531791908,54.4,0.15722543352601162,0,1,30
Jsoup,12,STARTS+FAST-P,18.0,0.8450000000000001,3.6,0.18000000000000002,0,1,30
Math,69,STARTS+DPT,245.0,0.8454454454454455,51.96666666666667,0.15605605605605605,0,1,30
Math,72,Fastazi-S,245.0,0.845919370698132,52.733333333333334,0.15555555555555556,0,1,30
Math,17,FAST,192.0,0.846527777777778,29.966666666666665,0.1560763888888889,0,1,30
Jsoup,54,Fastazi-P,19.0,0.8474358974358975,4.466666666666667,0.17179487179487188,0,1,30
Jsoup,62,Fastazi-S,22.0,0.8481481481481478,4.6,0.17037037037037048,0,1,30
Math,6,Ekstazi,44.0,0.8485042735042734,24.133333333333333,0.15470085470085468,0,1,30
Jsoup,77,FAST,35.0,0.8485714285714283,5.8,0.16571428571428573,0,1,30
Jsoup,58,Fastazi-P,23.0,0.8493827160493823,4.566666666666666,0.16913580246913576,0,1,30
Math,72,Fastazi-P,245.0,0.8497541789577184,51.43333333333333,0.15172074729596854,0,1,30
Gson,2,STARTS+FAST-S,84.0,0.8499999999999996,13.1,0.15595238095238095,0,1,30
Math,59,STARTS+FAST-P,101.0,0.8501068376068377,47.266666666666666,0.15149572649572646,0,1,30
Jsoup,73,STARTS+FAST-S,32.0,0.85047619047619,5.733333333333333,0.16380952380952382,0,1,30
Compress,13,Ekstazi+dpt,22.0,0.8508771929824557,9.0,0.15789473684210528,0,1,30
Math,68,STARTS+FAST-P,75.0,0.8513513513513511,50.0,0.15015015015015012,0,1,30
Math,14,Ekstazi,59.0,0.8514981273408238,26.933333333333334,0.15131086142322095,0,1,30
Compress,41,FAST,98.0,0.8517006802721087,15.033333333333333,0.1534013605442177,0,1,30
Compress,39,Ekstazi,31.0,0.8518115942028986,14.133333333333333,0.15362318840579714,0,1,30
Math,59,STARTS+FAST-S,101.0,0.8519230769230774,46.7,0.14967948717948718,0,1,30
Compress,17,STARTS+FAST-P,42.0,0.8519774011299438,9.233333333333333,0.15649717514124292,0,1,30
Math,22,FAST,218.0,0.8522935779816512,32.7,0.14999999999999997,0,1,30
Math,77,Fastazi-S,106.0,0.8526570048309183,51.333333333333336,0.14879227053140096,0,1,30
Cli,30,STARTS,23.0,0.8527777777777779,4.033333333333333,0.1680555555555556,0,1,30
Compress,24,Fastazi-S,19.0,0.8528888888888893,11.533333333333333,0.15377777777777785,0,1,30
Lang,15,Fastazi-S,55.0,0.8530303030303036,13.433333333333334,0.1526515151515152,0,1,30
Gson,2,STARTS+FAST-P,84.0,0.853174603174603,12.833333333333334,0.15277777777777776,0,1,30
Math,77,Ekstazi,106.0,0.853623188405797,51.0,0.14782608695652172,0,1,30
Lang,15,FAST,88.0,0.8537878787878789,13.366666666666667,0.15189393939393941,0,1,30
Math,10,Fastazi-S,175.0,0.8538720538720536,29.433333333333334,0.14865319865319868,0,1,30
Jsoup,19,FAST,21.0,0.8539682539682537,3.566666666666667,0.16984126984126996,0,1,30
Compress,32,STARTS+FAST-S,63.0,0.8540740740740743,13.633333333333333,0.15148148148148147,0,1,30
Cli,24,Ekstazi+dpt,5.0,0.8541666666666671,4.0,0.16666666666666666,0,1,30
Cli,24,STARTS+DPT,5.0,0.8541666666666671,4.0,0.16666666666666666,0,1,30
Cli,25,Ekstazi+dpt,5.0,0.8541666666666671,4.0,0.16666666666666666,0,1,30
Cli,25,STARTS+DPT,5.0,0.8541666666666671,4.0,0.16666666666666666,0,1,30
Math,16,FAST,191.0,0.8553228621291449,28.133333333333333,0.14729493891797554,0,1,30
Jsoup,68,FAST,33.0,0.8555555555555557,5.266666666666667,0.1595959595959595,0,1,30
Cli,25,STARTS+FAST-P,5.0,0.855555555555556,3.966666666666667,0.16527777777777777,0,1,30
Math,95,FAST,412.0,0.8559870550161818,59.833333333333336,0.14522653721682846,0,1,30
Math,68,STARTS+FAST-S,75.0,0.856056056056056,48.43333333333333,0.1454454454454454,0,1,30
Compress,41,Ekstazi+dpt,66.0,0.8564625850340135,14.566666666666666,0.1486394557823129,0,1,30
Compress,32,STARTS+FAST-P,63.0,0.8566666666666667,13.4,0.14888888888888888,0,1,30
Math,13,Ekstazi,55.0,0.8568181818181819,25.7,0.14602272727272722,0,1,30
Math,12,Fastazi-S,31.0,0.8571717171717174,24.066666666666666,0.14585858585858588,0,1,30
Compress,23,DPT,75.0,0.8573333333333336,11.2,0.14933333333333335,0,1,30
Compress,32,Fastazi-P,47.0,0.8574074074074074,13.333333333333334,0.1481481481481481,0,1,30
Math,87,STARTS,153.0,0.8578995433789954,52.36666666666667,0.1434703196347032,0,1,30
Jsoup,65,STARTS+FAST-S,26.0,0.8580246913580244,4.333333333333333,0.1604938271604939,0,1,30
Math,77,Fastazi-P,106.0,0.8580676328502419,49.46666666666667,0.14338164251207725,0,1,30
Lang,27,Fastazi-S,21.0,0.858241758241758,13.4,0.14725274725274723,0,1,30
Compress,12,STARTS+FAST-S,34.0,0.8583333333333336,8.433333333333334,0.1505952380952381,0,1,30
Compress,41,DPT,98.0,0.8585034013605439,14.366666666666667,0.14659863945578228,0,1,30
JxPath,22,Fastazi-P,30.0,0.8588235294117644,7.7,0.15098039215686274,0,1,30
Compress,41,STARTS+DPT,71.0,0.8588435374149658,14.333333333333334,0.14625850340136054,0,1,30
Jsoup,21,Ekstazi+dpt,15.0,0.8590909090909088,3.6,0.16363636363636358,0,1,30
Math,39,Ekstazi,68.0,0.8591603053435115,37.4,0.1427480916030534,0,1,30
Time,7,Ekstazi+dpt,116.0,0.8605442176870747,21.0,0.14285714285714282,0,1,30
Time,7,DPT,147.0,0.8605442176870747,21.0,0.14285714285714282,0,1,30
Time,7,STARTS+DPT,146.0,0.8605442176870747,21.0,0.14285714285714282,0,1,30
Math,68,STARTS+DPT,75.0,0.8605605605605607,46.93333333333333,0.1409409409409409,0,1,30
Codec,18,Ekstazi,17.0,0.8614942528735631,8.533333333333333,0.1471264367816092,0,1,30
Jsoup,54,Fastazi-S,19.0,0.8615384615384615,4.1,0.15769230769230777,0,1,30
Compress,28,STARTS+FAST-P,49.0,0.8615384615384617,11.3,0.14487179487179486,0,1,30
Math,76,STARTS+FAST-S,282.0,0.8617790811339197,47.63333333333333,0.13968719452590417,0,1,30
Math,39,STARTS+FAST-P,213.0,0.8618320610687019,36.7,0.14007633587786264,0,1,30
Math,76,STARTS+FAST-P,282.0,0.8620723362658843,47.53333333333333,0.13939393939393935,0,1,30
JxPath,22,Fastazi-S,30.0,0.8620915032679733,7.533333333333333,0.1477124183006536,0,1,30
Math,33,Ekstazi,86.0,0.8622047244094487,35.5,0.13976377952755906,0,1,30
Compress,29,Fastazi-P,71.0,0.8628787878787884,12.566666666666666,0.14280303030303035,0,1,30
Math,11,Fastazi-S,142.0,0.8630303030303033,23.1,0.14,0,1,30
Math,12,Fastazi-P,31.0,0.8636363636363634,23.0,0.13939393939393951,0,1,30
Cli,38,STARTS,8.0,0.8641975308641974,4.166666666666667,0.15432098765432098,0,1,30
Math,17,STARTS+FAST-S,113.0,0.8642361111111112,26.566666666666666,0.13836805555555554,0,1,30
Math,17,STARTS+FAST-P,113.0,0.8644097222222222,26.533333333333335,0.13819444444444443,0,1,30
Math,12,STARTS,46.0,0.865050505050505,22.766666666666666,0.13797979797979798,0,1,30
Cli,17,DPT,23.0,0.8652173913043479,3.6,0.15652173913043474,0,1,30
Cli,20,STARTS+DPT,15.0,0.865217391304348,3.6,0.15652173913043474,0,1,30
Cli,19,DPT,23.0,0.865217391304348,3.6,0.15652173913043477,0,1,30
Cli,34,Fastazi-P,22.0,0.8652777777777781,3.7333333333333334,0.15555555555555553,0,1,30
Math,30,Fastazi-P,72.0,0.8653279785809901,34.03333333333333,0.13668005354752338,0,1,30
Jsoup,41,Ekstazi+dpt,24.0,0.8653846153846156,4.0,0.15384615384615383,0,1,30
Jsoup,41,DPT,26.0,0.8653846153846156,4.0,0.15384615384615383,0,1,30
Jsoup,41,STARTS+DPT,25.0,0.8653846153846156,4.0,0.15384615384615383,0,1,30
Jsoup,43,Ekstazi+dpt,24.0,0.8653846153846156,4.0,0.15384615384615383,0,1,30
Jsoup,43,DPT,26.0,0.8653846153846156,4.0,0.15384615384615383,0,1,30
Jsoup,43,STARTS+DPT,25.0,0.8653846153846156,4.0,0.15384615384615383,0,1,30
Jsoup,49,Ekstazi+dpt,23.0,0.8653846153846156,4.0,0.15384615384615383,0,1,30
Jsoup,49,DPT,26.0,0.8653846153846156,4.0,0.15384615384615383,0,1,30
Jsoup,49,STARTS+DPT,24.0,0.8653846153846156,4.0,0.15384615384615383,0,1,30
Math,95,Fastazi-S,349.0,0.8656957928802591,55.833333333333336,0.1355177993527508,0,1,30
Math,95,Fastazi-P,349.0,0.8661003236245954,55.666666666666664,0.13511326860841424,0,1,30
Jsoup,63,FAST,27.0,0.8666666666666666,4.1,0.15185185185185182,0,1,30
Jsoup,63,Fastazi-P,27.0,0.8666666666666666,4.1,0.15185185185185182,0,1,30
Cli,19,STARTS+DPT,15.0,0.8666666666666666,3.566666666666667,0.15507246376811593,0,1,30
Cli,20,DPT,23.0,0.8666666666666668,3.566666666666667,0.1550724637681159,0,1,30
Jsoup,32,Ekstazi+dpt,19.0,0.8666666666666668,3.566666666666667,0.15507246376811593,0,1,30
Jsoup,22,STARTS+DPT,19.0,0.8666666666666669,3.566666666666667,0.1550724637681159,0,1,30
Time,8,Ekstazi+dpt,48.0,0.8673469387755107,20.0,0.13605442176870755,0,1,30
Math,48,STARTS+DPT,253.0,0.8673611111111109,38.7,0.134375,0,1,30
Math,69,Ekstazi+dpt,154.0,0.8675675675675676,44.6,0.13393393393393394,0,1,30
Cli,24,STARTS+FAST-P,5.0,0.8680555555555559,3.6666666666666665,0.15277777777777776,0,1,30
Cli,18,STARTS+DPT,15.0,0.8681159420289856,3.533333333333333,0.15362318840579708,0,1,30
Cli,18,Ekstazi+dpt,15.0,0.8681159420289857,3.533333333333333,0.15362318840579706,0,1,30
Jsoup,21,DPT,22.0,0.8681818181818179,3.4,0.15454545454545449,0,1,30
Math,48,DPT,288.0,0.868287037037037,38.43333333333333,0.13344907407407408,0,1,30
Compress,14,STARTS+FAST-S,34.0,0.8684210526315789,8.0,0.14035087719298245,0,1,30
Math,68,Ekstazi+dpt,72.0,0.868868868868869,44.166666666666664,0.13263263263263264,0,1,30
Cli,16,STARTS,47.0,0.8690058479532163,7.966666666666667,0.13976608187134504,0,1,30
Lang,25,Ekstazi,21.0,0.8693181818181817,12.0,0.13636363636363633,0,1,30
Compress,44,STARTS+FAST-P,22.0,0.8694677871148457,16.033333333333335,0.13473389355742296,0,1,30
Jsoup,32,STARTS+DPT,20.0,0.8695652173913042,3.5,0.15217391304347816,0,1,30
Cli,17,STARTS+DPT,23.0,0.8695652173913045,3.5,0.15217391304347824,0,1,30
Compress,34,Fastazi-S,36.0,0.86962962962963,12.233333333333333,0.13592592592592592,0,1,30
Jsoup,21,STARTS+DPT,18.0,0.8696969696969696,3.3666666666666667,0.153030303030303,0,1,30
Math,62,Fastazi-S,193.0,0.8698212407991588,41.766666666666666,0.13175604626708734,0,1,30
Cli,38,Ekstazi+dpt,4.0,0.8703703703703703,4.0,0.14814814814814803,0,1,30
Jsoup,57,Ekstazi+dpt,21.0,0.8703703703703703,4.0,0.14814814814814803,0,1,30
Jsoup,57,DPT,27.0,0.8703703703703703,4.0,0.14814814814814803,0,1,30
Jsoup,57,STARTS+DPT,25.0,0.8703703703703703,4.0,0.14814814814814803,0,1,30
Compress,18,FAST,59.0,0.8706214689265541,8.133333333333333,0.13785310734463282,0,1,30
Math,62,Fastazi-P,193.0,0.8706624605678233,41.5,0.13091482649842276,0,1,30
Math,103,Random,427.0,0.8708821233411396,55.63333333333333,0.13028883684621387,0,1,30
Jsoup,22,DPT,23.0,0.8710144927536232,3.466666666666667,0.15072463768115937,0,1,30
Jsoup,32,DPT,23.0,0.8710144927536232,3.466666666666667,0.1507246376811594,0,1,30
Jsoup,22,Ekstazi+dpt,16.0,0.8710144927536233,3.466666666666667,0.15072463768115937,0,1,30
Time,8,Fastazi-S,48.0,0.871201814058957,19.433333333333334,0.1321995464852608,0,1,30
Compress,29,Fastazi-S,71.0,0.8712121212121215,11.833333333333334,0.13446969696969696,0,1,30
Jsoup,79,FAST,35.0,0.8714285714285712,5.0,0.14285714285714282,0,1,30
Jsoup,33,Fastazi-P,23.0,0.8720000000000001,3.7,0.14800000000000005,0,1,30
Cli,34,Fastazi-S,22.0,0.8722222222222222,3.566666666666667,0.1486111111111111,0,1,30
Cli,33,STARTS,5.0,0.8722222222222223,3.566666666666667,0.14861111111111117,0,1,30
Cli,40,STARTS+FAST-P,22.0,0.872413793103449,4.2,0.14482758620689662,0,1,30
Cli,17,Ekstazi+dpt,22.0,0.872463768115942,3.433333333333333,0.14927536231884056,0,1,30
Math,37,Ekstazi+dpt,36.0,0.8725490196078429,33.0,0.12941176470588237,0,1,30
Compress,13,Ekstazi,22.0,0.8736842105263157,7.7,0.13508771929824562,0,1,30
Cli,19,Ekstazi+dpt,15.0,0.8739130434782607,3.4,0.1478260869565217,0,1,30
Cli,20,Ekstazi+dpt,15.0,0.8739130434782607,3.4,0.14782608695652172,0,1,30
Cli,18,DPT,23.0,0.8739130434782608,3.4,0.14782608695652172,0,1,30
Time,18,STARTS+DPT,146.0,0.8741496598639457,19.0,0.12925170068027206,0,1,30
Codec,12,STARTS+FAST-P,12.0,0.8743589743589738,5.4,0.13846153846153844,0,1,30
Time,8,Ekstazi,48.0,0.8743764172335601,18.966666666666665,0.12902494331065759,0,1,30
Jsoup,66,Ekstazi+dpt,25.0,0.8750000000000001,4.0,0.14285714285714282,0,1,30
Jsoup,66,DPT,28.0,0.8750000000000001,4.0,0.14285714285714282,0,1,30
Jsoup,66,STARTS+DPT,26.0,0.8750000000000001,4.0,0.14285714285714282,0,1,30
Math,30,Fastazi-S,72.0,0.8753681392235608,31.533333333333335,0.12663989290495306,0,1,30
Compress,18,Fastazi-S,28.0,0.875706214689266,7.833333333333333,0.13276836158192096,0,1,30
Lang,23,Fastazi-P,13.0,0.8760784313725487,11.033333333333333,0.12980392156862744,0,1,30
Lang,27,Ekstazi,21.0,0.8761904761904759,11.766666666666667,0.12930402930402932,0,1,30
Math,87,STARTS+FAST-P,153.0,0.8768036529680365,45.46666666666667,0.12456621004566214,0,1,30
Jsoup,25,Fastazi-S,19.0,0.8768115942028981,3.3333333333333335,0.14492753623188406,0,1,30
Math,39,STARTS+FAST-S,213.0,0.8768447837150124,32.766666666666666,0.1250636132315522,0,1,30
Math,42,FAST,271.0,0.8769987699876995,33.833333333333336,0.12484624846248465,0,1,30
Cli,35,FAST,25.0,0.8773333333333333,3.566666666666667,0.14266666666666675,0,1,30
Math,35,STARTS+FAST-S,149.0,0.8774278215223094,31.633333333333333,0.12454068241469805,0,1,30
Math,30,Ekstazi,72.0,0.8775100401606425,31.0,0.12449799196787151,0,1,30
Math,37,STARTS,54.0,0.8775163398692808,31.733333333333334,0.12444444444444443,0,1,30
Time,18,DPT,147.0,0.8775510204081631,18.5,0.1258503401360544,0,1,30
Time,8,Fastazi-P,48.0,0.8775510204081634,18.5,0.12585034013605437,0,1,30
Jsoup,62,FAST,27.0,0.8777777777777779,3.8,0.14074074074074075,0,1,30
Jsoup,73,Fastazi-P,26.0,0.8780952380952377,4.766666666666667,0.13619047619047617,0,1,30
Math,40,STARTS+FAST-P,189.0,0.8783715012722647,32.36666666666667,0.12353689567430028,0,1,30
Collections,28,DPT,202.0,0.8783828382838283,25.066666666666666,0.12409240924092417,0,1,30
Math,43,FAST,273.0,0.8783882783882782,33.7,0.12344322344322345,0,1,30
Time,18,Ekstazi+dpt,116.0,0.8784580498866211,18.366666666666667,0.12494331065759638,0,1,30
Collections,28,Ekstazi+dpt,127.0,0.8787128712871287,25.0,0.12376237623762384,0,1,30
Collections,28,STARTS+DPT,129.0,0.878877887788779,24.966666666666665,0.12359735973597367,0,1,30
Math,48,Fastazi-P,165.0,0.878935185185185,35.36666666666667,0.12280092592592588,0,1,30
Cli,38,STARTS+FAST-S,8.0,0.8790123456790122,3.7666666666666666,0.13950617283950614,0,1,30
Jsoup,77,STARTS+FAST-P,33.0,0.8790476190476187,4.733333333333333,0.1352380952380952,0,1,30
Time,23,Fastazi-S,73.0,0.8790540540540542,18.4,0.12432432432432435,0,1,30
Cli,40,Ekstazi,7.0,0.8793103448275864,4.0,0.13793103448275862,0,1,30
Compress,18,Fastazi-P,28.0,0.8796610169491531,7.6,0.12881355932203395,0,1,30
Time,23,Fastazi-P,73.0,0.8797297297297295,18.3,0.12364864864864868,0,1,30
Jsoup,77,STARTS+FAST-S,33.0,0.8799999999999997,4.7,0.13428571428571426,0,1,30
Cli,35,Fastazi-S,24.0,0.8799999999999997,3.5,0.1400000000000001,0,1,30
Cli,25,STARTS,5.0,0.8805555555555556,3.3666666666666667,0.14027777777777775,0,1,30
Compress,47,FAST,132.0,0.8805555555555558,16.266666666666666,0.12323232323232321,0,1,30
Math,95,STARTS+FAST-P,371.0,0.8807443365695797,49.63333333333333,0.12046925566343045,0,1,30
Jsoup,45,FAST,26.0,0.8807692307692306,3.6,0.1384615384615385,0,1,30
Time,4,Ekstazi+dpt,121.0,0.8809523809523807,18.0,0.12244897959183679,0,1,30
Time,4,DPT,147.0,0.8809523809523807,18.0,0.12244897959183679,0,1,30
Time,4,STARTS+DPT,147.0,0.8809523809523807,18.0,0.12244897959183679,0,1,30
Time,5,Ekstazi+dpt,115.0,0.8809523809523807,18.0,0.12244897959183679,0,1,30
Time,5,DPT,147.0,0.8809523809523807,18.0,0.12244897959183679,0,1,30
Time,5,STARTS+DPT,146.0,0.8809523809523807,18.0,0.12244897959183679,0,1,30
Math,48,Ekstazi+dpt,165.0,0.8818287037037039,34.53333333333333,0.11990740740740732,0,1,30
Time,11,Ekstazi,29.0,0.8821917808219178,17.7,0.12123287671232875,0,1,30
Compress,38,STARTS+FAST-S,55.0,0.8826086956521738,11.3,0.12282608695652172,0,1,30
Compress,25,Ekstazi,17.0,0.8826666666666666,9.3,0.12399999999999999,0,1,30
Compress,24,Ekstazi,19.0,0.8831111111111111,9.266666666666667,0.12355555555555552,0,1,30
Time,11,Fastazi-P,29.0,0.8837899543378995,17.466666666666665,0.11963470319634704,0,1,30
Math,40,STARTS+FAST-S,189.0,0.8840966921119596,30.866666666666667,0.1178117048346056,0,1,30
Math,87,STARTS+FAST-S,153.0,0.8843835616438356,42.7,0.11698630136986303,0,1,30
Compress,37,Fastazi-P,32.0,0.8844202898550722,11.133333333333333,0.12101449275362315,0,1,30
Math,48,Fastazi-S,165.0,0.8846064814814819,33.733333333333334,0.11712962962962961,0,1,30
Math,95,STARTS+FAST-S,371.0,0.8846278317152109,48.03333333333333,0.11658576051779938,0,1,30
Compress,41,Fastazi-S,66.0,0.8846938775510205,11.8,0.1204081632653061,0,1,30
Math,91,Ekstazi,84.0,0.8849549549549548,43.06666666666667,0.1163963963963964,0,1,30
Lang,18,STARTS+FAST-P,57.0,0.885714285714286,10.1,0.12023809523809524,0,1,30
Compress,38,Ekstazi+dpt,13.0,0.8858695652173909,11.0,0.1195652173913043,0,1,30
Cli,30,Ekstazi,22.0,0.8861111111111113,3.2333333333333334,0.13472222222222222,0,1,30
Math,13,STARTS+FAST-S,99.0,0.8861742424242427,20.533333333333335,0.11666666666666663,0,1,30
Compress,16,STARTS+FAST-P,40.0,0.8864406779661018,7.2,0.12203389830508476,0,1,30
Lang,18,Fastazi-S,24.0,0.8865079365079367,10.033333333333333,0.11944444444444444,0,1,30
Compress,45,Ekstazi+dpt,14.0,0.8865546218487392,14.0,0.11764705882352942,0,1,30
Compress,19,DPT,62.0,0.886559139784946,7.533333333333333,0.12150537634408594,0,1,30
Compress,19,STARTS+DPT,54.0,0.886559139784946,7.533333333333333,0.12150537634408594,0,1,30
Compress,25,DPT,75.0,0.8866666666666667,9.0,0.12000000000000008,0,1,30
Compress,25,STARTS+DPT,49.0,0.8866666666666667,9.0,0.12000000000000008,0,1,30
Jsoup,19,STARTS+FAST-S,17.0,0.8873015873015869,2.8666666666666667,0.13650793650793647,0,1,30
Math,33,Ekstazi+dpt,86.0,0.8874015748031499,29.1,0.11456692913385819,0,1,30
Compress,41,STARTS+FAST-S,71.0,0.8874149659863942,11.533333333333333,0.11768707482993196,0,1,30
JxPath,21,Ekstazi,20.0,0.8879999999999999,6.1,0.12200000000000003,0,1,30
Compress,38,STARTS+FAST-P,55.0,0.8880434782608695,10.8,0.11739130434782612,0,1,30
Math,68,STARTS,75.0,0.8880880880880881,37.766666666666666,0.11341341341341342,0,1,30
Compress,19,Ekstazi+dpt,52.0,0.8881720430107525,7.433333333333334,0.1198924731182795,0,1,30
Math,67,Fastazi-S,173.0,0.8882882882882887,37.7,0.11321321321321319,0,1,30
Compress,35,FAST,91.0,0.889377289377289,10.566666666666666,0.11611721611721613,0,1,30
Math,92,Ekstazi,80.0,0.8896057347670251,41.56666666666667,0.1117383512544803,0,1,30
Time,11,STARTS+DPT,145.0,0.8897260273972599,16.6,0.11369863013698625,0,1,30
Math,67,Fastazi-P,173.0,0.8898898898898899,37.166666666666664,0.11161161161161164,0,1,30
Math,71,DPT,334.0,0.8907185628742517,37.0,0.11077844311377251,0,1,30
Time,11,DPT,146.0,0.8908675799086755,16.433333333333334,0.11255707762557074,0,1,30
Lang,22,Fastazi-P,17.0,0.8909803921568625,9.766666666666667,0.11490196078431374,0,1,30
Math,87,DPT,365.0,0.8911415525114157,40.233333333333334,0.11022831050228311,0,1,30
Lang,18,Fastazi-P,24.0,0.8912698412698418,9.633333333333333,0.11468253968253969,0,1,30
Compress,44,STARTS+FAST-S,22.0,0.891316526610644,13.433333333333334,0.11288515406162464,0,1,30
Math,32,Fastazi-P,30.0,0.8917322834645668,28.0,0.11023622047244089,0,1,30
Jsoup,19,STARTS+FAST-P,17.0,0.8920634920634917,2.7666666666666666,0.1317460317460317,0,1,30
Compress,11,FAST,56.0,0.892261904761905,6.533333333333333,0.11666666666666668,0,1,30
Jsoup,68,Fastazi-P,28.0,0.8929292929292934,4.033333333333333,0.12222222222222218,0,1,30
Compress,31,Ekstazi+dpt,14.0,0.8932584269662919,10.0,0.11235955056179771,0,1,30
Compress,12,Ekstazi+dpt,12.0,0.8934523809523813,6.466666666666667,0.1154761904761905,0,1,30
Jsoup,19,Fastazi-S,13.0,0.8936507936507933,2.7333333333333334,0.1301587301587301,0,1,30
Jsoup,31,Ekstazi,5.0,0.8942028985507247,2.933333333333333,0.12753623188405802,0,1,30
Math,12,STARTS+FAST-P,46.0,0.8947474747474751,17.866666666666667,0.10828282828282823,0,1,30
Math,42,STARTS+FAST-P,234.0,0.895325953259532,28.866666666666667,0.10651906519065196,0,1,30
Math,42,STARTS+FAST-S,234.0,0.8955719557195567,28.8,0.10627306273062732,0,1,30
Codec,12,STARTS,12.0,0.8957264957264951,4.566666666666666,0.11709401709401708,0,1,30
Math,16,Fastazi-S,111.0,0.895811518324607,20.4,0.10680628272251307,0,1,30
Cli,32,Ekstazi+dpt,5.0,0.8958333333333329,3.0,0.1255,0,1,30
Cli,32,STARTS+DPT,5.0,0.8958333333333329,3.0,0.1255,0,1,30
Cli,33,Ekstazi+dpt,5.0,0.8958333333333329,3.0,0.1255,0,1,30
Cli,33,STARTS+DPT,5.0,0.8958333333333329,3.0,0.1255,0,1,30
Math,59,Fastazi-P,59.0,0.8958333333333329,33.0,0.10576923076923081,0,1,30
Jsoup,68,Fastazi-S,28.0,0.8959595959595964,3.933333333333333,0.11919191919191911,0,1,30
Compress,28,STARTS+FAST-S,49.0,0.8961538461538461,8.6,0.11025641025641028,0,1,30
Math,68,Ekstazi,72.0,0.8964964964964964,34.96666666666667,0.10500500500500501,0,1,30
Math,22,Ekstazi+dpt,24.0,0.8967889908256874,23.0,0.10550458715596325,0,1,30
Math,22,STARTS+DPT,25.0,0.8967889908256874,23.0,0.10550458715596325,0,1,30
Math,41,DPT,262.0,0.8970737913486005,27.466666666666665,0.10483460559796438,0,1,30
Jsoup,25,FAST,23.0,0.8971014492753617,2.8666666666666667,0.12463768115942032,0,1,30
Jsoup,25,STARTS+FAST-S,21.0,0.8971014492753617,2.8666666666666667,0.12463768115942032,0,1,30
Math,59,Fastazi-S,59.0,0.8971153846153842,32.6,0.10448717948717953,0,1,30
Gson,6,Fastazi-P,65.0,0.8973484848484846,9.533333333333333,0.1083333333333333,0,1,30
Lang,15,Fastazi-P,55.0,0.8977272727272734,9.5,0.1079545454545455,0,1,30
Compress,17,FAST,59.0,0.8977401129943501,6.533333333333333,0.1107344632768362,0,1,30
Jsoup,67,STARTS+FAST-P,30.0,0.8978494623655917,3.6666666666666665,0.11827956989247308,0,1,30
Cli,33,Ekstazi,5.0,0.8986111111111114,2.933333333333333,0.12222222222222223,0,1,30
Math,100,FAST,420.0,0.8989682539682546,42.93333333333333,0.10222222222222227,0,1,30
Math,59,Ekstazi+dpt,59.0,0.8990384615384609,32.0,0.10256410256410262,0,1,30
Math,97,STARTS,169.0,0.8992718446601945,42.0,0.10194174757281556,0,1,30
Math,42,Fastazi-S,231.0,0.899384993849938,27.766666666666666,0.102460024600246,0,1,30
Math,42,Fastazi-P,231.0,0.8996309963099625,27.7,0.10221402214022139,0,1,30
Jsoup,70,Ekstazi+dpt,23.0,0.8999999999999996,4.0,0.11428571428571431,0,1,30
Jsoup,70,DPT,35.0,0.8999999999999996,4.0,0.11428571428571431,0,1,30
Jsoup,70,STARTS+DPT,32.0,0.8999999999999996,4.0,0.11428571428571431,0,1,30
Jsoup,74,Ekstazi+dpt,24.0,0.8999999999999996,4.0,0.11428571428571431,0,1,30
Jsoup,74,DPT,35.0,0.8999999999999996,4.0,0.11428571428571431,0,1,30
Jsoup,74,STARTS+DPT,33.0,0.8999999999999996,4.0,0.11428571428571431,0,1,30
Jsoup,75,Ekstazi+dpt,27.0,0.8999999999999996,4.0,0.11428571428571431,0,1,30
Jsoup,75,DPT,35.0,0.8999999999999996,4.0,0.11428571428571431,0,1,30
Jsoup,75,STARTS+DPT,32.0,0.8999999999999996,4.0,0.11428571428571431,0,1,30
Jsoup,93,Ekstazi,6.0,0.8999999999999998,4.1,0.11388888888888886,0,1,30
Time,10,Ekstazi+dpt,115.0,0.9006849315068488,15.0,0.10273972602739731,0,1,30
Time,10,DPT,146.0,0.9006849315068488,15.0,0.10273972602739731,0,1,30
Time,10,STARTS+DPT,145.0,0.9006849315068488,15.0,0.10273972602739731,0,1,30
Compress,47,STARTS+FAST-P,97.0,0.9007575757575754,13.6,0.10303030303030304,0,1,30
Compress,16,STARTS+FAST-S,40.0,0.9011299435028249,6.333333333333333,0.10734463276836158,0,1,30
Time,12,Ekstazi+dpt,118.0,0.9013605442176874,15.0,0.10204081632653055,0,1,30
Time,12,DPT,147.0,0.9013605442176874,15.0,0.10204081632653055,0,1,30
Time,12,STARTS+DPT,146.0,0.9013605442176874,15.0,0.10204081632653055,0,1,30
Math,9,Ekstazi,31.0,0.90140562248996,16.866666666666667,0.10160642570281121,0,1,30
Math,67,STARTS+FAST-S,237.0,0.9015015015015011,33.3,0.1,0,1,30
Math,67,STARTS+FAST-P,237.0,0.9016016016016015,33.266666666666666,0.0998998998998999,0,1,30
Jsoup,82,FAST,35.0,0.9019047619047614,3.933333333333333,0.11238095238095241,0,1,30
Math,78,STARTS,127.0,0.9019267822736029,34.43333333333333,0.09951830443159924,0,1,30
Compress,35,STARTS+FAST-S,62.0,0.9025641025641022,9.366666666666667,0.10293040293040297,0,1,30
Cli,24,STARTS,5.0,0.9027777777777779,2.8333333333333335,0.11805555555555557,0,1,30
Jsoup,92,FAST,36.0,0.9027777777777782,4.0,0.11111111111111115,0,1,30
Jsoup,79,STARTS+FAST-S,33.0,0.9028571428571424,3.9,0.11142857142857145,0,1,30
Jsoup,76,STARTS+FAST-S,32.0,0.9028571428571424,3.9,0.11142857142857147,0,1,30
Jsoup,28,FAST,23.0,0.9028985507246373,2.7333333333333334,0.11884057971014497,0,1,30
Compress,35,STARTS+FAST-P,62.0,0.9029304029304025,9.333333333333334,0.10256410256410262,0,1,30
Math,12,Ekstazi,31.0,0.9030303030303032,16.5,0.09999999999999999,0,1,30
Compress,29,Ekstazi+dpt,71.0,0.9034090909090907,9.0,0.10227272727272721,0,1,30
Compress,29,DPT,88.0,0.9034090909090907,9.0,0.10227272727272721,0,1,30
Compress,29,STARTS+DPT,74.0,0.9034090909090907,9.0,0.10227272727272721,0,1,30
Cli,16,Ekstazi,42.0,0.9035087719298247,6.0,0.10526315789473682,0,1,30
Cli,38,STARTS+FAST-P,8.0,0.9037037037037037,3.1,0.11481481481481486,0,1,30
Jsoup,92,STARTS+FAST-S,36.0,0.903703703703704,3.966666666666667,0.1101851851851852,0,1,30
Compress,28,Ekstazi+dpt,10.0,0.9038461538461535,8.0,0.10256410256410262,0,1,30
Jsoup,46,Ekstazi+dpt,17.0,0.9038461538461535,3.0,0.1153846153846154,0,1,30
Jsoup,46,DPT,26.0,0.9038461538461535,3.0,0.1153846153846154,0,1,30
Jsoup,46,STARTS+DPT,23.0,0.9038461538461535,3.0,0.1153846153846154,0,1,30
Jsoup,52,Ekstazi+dpt,23.0,0.9038461538461535,3.0,0.1153846153846154,0,1,30
Jsoup,52,DPT,26.0,0.9038461538461535,3.0,0.1153846153846154,0,1,30
Jsoup,52,STARTS+DPT,24.0,0.9038461538461535,3.0,0.1153846153846154,0,1,30
Jsoup,40,STARTS+FAST-S,23.0,0.9039999999999996,2.9,0.11600000000000008,0,1,30
Jsoup,40,STARTS+FAST-P,23.0,0.9039999999999996,2.9,0.11600000000000008,0,1,30
Cli,25,Fastazi-P,5.0,0.9041666666666665,2.8,0.11666666666666667,0,1,30
Lang,22,Fastazi-S,17.0,0.9043137254901957,8.633333333333333,0.10156862745098041,0,1,30
Jsoup,25,STARTS+FAST-P,21.0,0.9043478260869561,2.7,0.1173913043478261,0,1,30
Compress,17,Fastazi-P,40.0,0.9045197740112992,6.133333333333334,0.10395480225988703,0,1,30
Jsoup,76,FAST,35.0,0.9047619047619043,3.8333333333333335,0.10952380952380954,0,1,30
Jsoup,79,STARTS+FAST-P,33.0,0.9047619047619043,3.8333333333333335,0.10952380952380955,0,1,30
Jsoup,83,STARTS+FAST-S,34.0,0.9047619047619043,3.8333333333333335,0.10952380952380955,0,1,30
Math,6,STARTS+DPT,83.0,0.9051282051282054,15.3,0.09807692307692313,0,1,30
Math,85,FAST,365.0,0.9052054794520552,35.1,0.0961643835616438,0,1,30
Math,13,STARTS+FAST-P,99.0,0.9053030303030305,17.166666666666668,0.0975378787878788,0,1,30
Lang,22,Ekstazi,17.0,0.9054901960784308,8.533333333333333,0.10039215686274507,0,1,30
Compress,17,Fastazi-S,40.0,0.9056497175141244,6.066666666666666,0.10282485875706218,0,1,30
Jsoup,24,FAST,23.0,0.9057971014492749,2.6666666666666665,0.11594202898550728,0,1,30
Jsoup,25,Fastazi-P,19.0,0.905797101449275,2.6666666666666665,0.11594202898550726,0,1,30
Compress,12,Ekstazi,12.0,0.9059523809523807,5.766666666666667,0.10297619047619049,0,1,30
Time,11,Fastazi-S,29.0,0.9061643835616435,14.2,0.09726027397260271,0,1,30
Jsoup,40,FAST,25.0,0.9066666666666663,2.8333333333333335,0.11333333333333341,0,1,30
Jsoup,38,FAST,25.0,0.9066666666666664,2.8333333333333335,0.11333333333333341,0,1,30
Math,87,Ekstazi,87.0,0.9067579908675801,34.53333333333333,0.09461187214611871,0,1,30
Math,45,STARTS+DPT,245.0,0.9067632850241548,26.233333333333334,0.09504830917874398,0,1,30
Cli,40,STARTS+FAST-S,22.0,0.9068965517241382,3.2,0.11034482758620687,0,1,30
Math,45,DPT,276.0,0.9072463768115945,26.1,0.09456521739130438,0,1,30
Math,86,Ekstazi+dpt,261.0,0.9073059360730596,34.333333333333336,0.09406392694063924,0,1,30
Math,85,Ekstazi+dpt,267.0,0.9073972602739728,34.3,0.09397260273972602,0,1,30
Jsoup,59,Fastazi-S,21.0,0.9074074074074068,3.0,0.11111111111111106,0,1,30
Math,97,Fastazi-S,80.0,0.9075242718446606,38.6,0.09368932038834955,0,1,30
Jsoup,76,STARTS+FAST-P,32.0,0.9076190476190471,3.7333333333333334,0.10666666666666669,0,1,30
Codec,12,Fastazi-P,12.0,0.9076923076923072,4.1,0.10512820512820517,0,1,30
Jsoup,35,FAST,25.0,0.9079999999999997,2.8,0.11200000000000007,0,1,30
Math,85,DPT,365.0,0.9081278538812787,34.03333333333333,0.09324200913242012,0,1,30
Time,19,Ekstazi+dpt,32.0,0.9081632653061221,14.0,0.0952380952380953,0,1,30
Compress,14,Ekstazi,11.0,0.9081871345029238,5.733333333333333,0.10058479532163744,0,1,30
Math,86,DPT,365.0,0.9083105022831054,33.96666666666667,0.09305936073059361,0,1,30
Lang,25,Fastazi-S,21.0,0.908333333333333,8.566666666666666,0.09734848484848481,0,1,30
Jsoup,83,STARTS+FAST-P,34.0,0.908571428571428,3.7,0.10571428571428572,0,1,30
Jsoup,62,STARTS+FAST-S,25.0,0.9086419753086414,2.966666666666667,0.10987654320987647,0,1,30
Jsoup,65,STARTS+FAST-P,26.0,0.9086419753086415,2.966666666666667,0.1098765432098765,0,1,30
Math,85,STARTS+DPT,323.0,0.908675799086758,33.833333333333336,0.09269406392694066,0,1,30
Math,97,Fastazi-P,80.0,0.9087378640776701,38.1,0.09247572815533985,0,1,30
Math,86,STARTS+DPT,299.0,0.9091324200913247,33.666666666666664,0.09223744292237444,0,1,30
Jsoup,87,FAST,36.0,0.9092592592592597,3.7666666666666666,0.10462962962962966,0,1,30
Cli,25,STARTS+FAST-S,5.0,0.909722222222222,2.6666666666666665,0.1111111111111111,0,1,30
Cli,25,Ekstazi,5.0,0.9097222222222222,2.6666666666666665,0.11111111111111112,0,1,30
Cli,24,Ekstazi,5.0,0.9097222222222225,2.6666666666666665,0.11111111111111108,0,1,30
Cli,22,Ekstazi+dpt,21.0,0.9101449275362316,2.566666666666667,0.11159420289855074,0,1,30
Compress,45,Fastazi-P,14.0,0.9106442577030808,11.133333333333333,0.09355742296918775,0,1,30
Math,63,STARTS+FAST-S,107.0,0.910725552050473,28.8,0.09085173501577286,0,1,30
Codec,12,Ekstazi,12.0,0.9111111111111106,3.966666666666667,0.10170940170940171,0,1,30
Jsoup,65,FAST,27.0,0.9111111111111112,2.9,0.10740740740740744,0,1,30
Jsoup,77,Fastazi-S,23.0,0.9114285714285709,3.6,0.10285714285714288,0,1,30
Jsoup,77,Fastazi-P,23.0,0.9114285714285709,3.6,0.10285714285714288,0,1,30
Cli,40,FAST,29.0,0.9114942528735639,3.066666666666667,0.1057471264367816,0,1,30
Jsoup,45,Fastazi-P,22.0,0.911538461538462,2.8,0.10769230769230775,0,1,30
Math,32,STARTS+FAST-S,178.0,0.911811023622047,22.9,0.09015748031496061,0,1,30
Compress,41,Fastazi-P,66.0,0.9119047619047617,9.133333333333333,0.09319727891156462,0,1,30
Jsoup,40,Fastazi-P,19.0,0.9119999999999996,2.7,0.10800000000000007,0,1,30
Lang,23,Ekstazi,13.0,0.9121568627450977,7.966666666666667,0.09372549019607844,0,1,30
Jsoup,83,FAST,35.0,0.9123809523809518,3.566666666666667,0.10190476190476193,0,1,30
Cli,24,Fastazi-S,5.0,0.9124999999999998,2.6,0.10833333333333334,0,1,30
Math,63,STARTS+FAST-P,107.0,0.9125131440588847,28.233333333333334,0.08906414300736065,0,1,30
Jsoup,51,STARTS+FAST-P,24.0,0.9128205128205126,2.7666666666666666,0.10641025641025643,0,1,30
Jsoup,92,STARTS+FAST-P,36.0,0.9129629629629632,3.6333333333333333,0.10092592592592592,0,1,30
Cli,22,STARTS+DPT,23.0,0.9130434782608693,2.5,0.10869565217391304,0,1,30
Lang,25,Fastazi-P,21.0,0.9132575757575755,8.133333333333333,0.09242424242424238,0,1,30
Jsoup,40,Fastazi-S,19.0,0.913333333333333,2.6666666666666665,0.10666666666666673,0,1,30
Math,32,STARTS+FAST-P,178.0,0.9133858267716536,22.5,0.08858267716535433,0,1,30
Jsoup,59,FAST,27.0,0.9135802469135803,2.8333333333333335,0.1049382716049383,0,1,30
Codec,12,STARTS+FAST-S,12.0,0.9136752136752132,3.8666666666666667,0.09914529914529915,0,1,30
Cli,24,Fastazi-P,5.0,0.9138888888888889,2.566666666666667,0.10694444444444445,0,1,30
Jsoup,51,STARTS+FAST-S,24.0,0.9141025641025637,2.7333333333333334,0.10512820512820516,0,1,30
Time,25,STARTS+DPT,147.0,0.9146396396396393,13.133333333333333,0.08873873873873876,0,1,30
Math,45,Ekstazi+dpt,239.0,0.9147342995169087,24.033333333333335,0.08707729468599035,0,1,30
Time,25,Ekstazi+dpt,117.0,0.9148648648648648,13.1,0.08851351351351351,0,1,30
Math,25,Fastazi-S,90.0,0.9151881720430111,21.533333333333335,0.08682795698924733,0,1,30
Cli,11,Fastazi-S,24.0,0.9152777777777777,2.533333333333333,0.10555555555555557,0,1,30
Compress,44,STARTS,22.0,0.9154061624649856,10.566666666666666,0.08879551820728292,0,1,30
Time,25,DPT,148.0,0.9155405405405405,13.0,0.08783783783783784,0,1,30
Math,32,Fastazi-S,30.0,0.9156167979002622,21.933333333333334,0.0863517060367454,0,1,30
Compress,45,Fastazi-S,14.0,0.9156862745098034,10.533333333333333,0.08851540616246505,0,1,30
Math,86,FAST,365.0,0.9157990867579912,31.233333333333334,0.08557077625570773,0,1,30
Jsoup,51,FAST,26.0,0.9166666666666664,2.6666666666666665,0.10256410256410259,0,1,30
JxPath,21,STARTS+FAST-S,31.0,0.9166666666666666,4.666666666666667,0.09333333333333337,0,1,30
Compress,10,Ekstazi+dpt,33.0,0.9166666666666671,5.0,0.09259259259259257,0,1,30
Compress,10,DPT,54.0,0.9166666666666671,5.0,0.09259259259259257,0,1,30
Compress,10,STARTS+DPT,43.0,0.9166666666666671,5.0,0.09259259259259257,0,1,30
Math,16,Fastazi-P,111.0,0.9171029668411865,16.333333333333332,0.0855148342059337,0,1,30
Jsoup,31,Fastazi-S,5.0,0.9173913043478259,2.4,0.10434782608695653,0,1,30
Compress,14,STARTS+FAST-P,34.0,0.9175438596491226,5.2,0.09122807017543864,0,1,30
Math,102,Ekstazi+dpt,247.0,0.9179968701095462,35.43333333333333,0.08317683881064163,0,1,30
Cli,32,STARTS,5.0,0.9180555555555557,2.466666666666667,0.10277777777777777,0,1,30
Jsoup,68,STARTS+FAST-S,31.0,0.9181818181818185,3.2,0.09696969696969691,0,1,30
Math,102,STARTS+DPT,330.0,0.9183881064162753,35.266666666666666,0.08278560250391237,0,1,30
Codec,14,Fastazi-P,5.0,0.9185897435897442,4.733333333333333,0.09102564102564109,0,1,30
Math,102,DPT,426.0,0.9186228482003129,35.166666666666664,0.08255086071987479,0,1,30
Math,9,Ekstazi+dpt,31.0,0.9186746987951803,14.0,0.08433734939759036,0,1,30
Math,59,Ekstazi,59.0,0.9188034188034189,25.833333333333332,0.08279914529914528,0,1,30
Cli,22,DPT,23.0,0.9188405797101448,2.3666666666666667,0.10289855072463765,0,1,30
Jsoup,19,Fastazi-P,13.0,0.9190476190476186,2.2,0.10476190476190479,0,1,30
Jsoup,44,FAST,26.0,0.9192307692307691,2.6,0.10000000000000002,0,1,30
Jsoup,45,STARTS+FAST-S,23.0,0.9192307692307694,2.6,0.10000000000000005,0,1,30
Compress,35,Fastazi-S,57.0,0.9194139194139189,7.833333333333333,0.0860805860805861,0,1,30
Compress,11,Fastazi-S,35.0,0.9196428571428574,5.0,0.08928571428571429,0,1,30
Math,43,STARTS+FAST-P,143.0,0.9196581196581192,22.433333333333334,0.08217338217338217,0,1,30
Codec,12,Fastazi-S,12.0,0.9196581196581192,3.6333333333333333,0.09316239316239315,0,1,30
Compress,14,FAST,57.0,0.9210526315789477,5.0,0.08771929824561402,0,1,30
Jsoup,6,Ekstazi+dpt,18.0,0.9210526315789477,2.0,0.10526315789473677,0,1,30
Jsoup,6,DPT,19.0,0.9210526315789477,2.0,0.10526315789473677,0,1,30
Jsoup,6,STARTS+DPT,18.0,0.9210526315789477,2.0,0.10526315789473677,0,1,30
JxPath,21,STARTS+FAST-P,31.0,0.9213333333333332,4.433333333333334,0.08866666666666671,0,1,30
Jsoup,51,Fastazi-S,18.0,0.9217948717948716,2.533333333333333,0.09743589743589746,0,1,30
Compress,12,STARTS+FAST-P,34.0,0.9220238095238095,4.866666666666666,0.0869047619047619,0,1,30
Jsoup,62,STARTS+FAST-P,25.0,0.9222222222222217,2.6,0.09629629629629625,0,1,30
Jsoup,64,FAST,27.0,0.922222222222222,2.6,0.09629629629629631,0,1,30
Cli,32,Ekstazi,5.0,0.9222222222222223,2.3666666666666667,0.09861111111111112,0,1,30
Time,26,Ekstazi+dpt,16.0,0.9222972972972975,12.0,0.08108108108108113,0,1,30
Compress,31,Fastazi-P,14.0,0.9224719101123598,7.4,0.08314606741573034,0,1,30
Codec,16,Ekstazi+dpt,5.0,0.9228395061728399,4.666666666666667,0.08641975308641972,0,1,30
Jsoup,51,Fastazi-P,18.0,0.9230769230769229,2.5,0.09615384615384617,0,1,30
Jsoup,45,STARTS+FAST-P,23.0,0.9230769230769231,2.5,0.09615384615384619,0,1,30
Codec,15,FAST,54.0,0.9234567901234568,4.633333333333334,0.08580246913580251,0,1,30
Cli,25,Fastazi-S,5.0,0.9236111111111108,2.3333333333333335,0.09722222222222222,0,1,30
Cli,24,STARTS+FAST-S,5.0,0.9236111111111109,2.3333333333333335,0.09722222222222222,0,1,30
Jsoup,67,FAST,31.0,0.9236559139784944,2.8666666666666667,0.09247311827956985,0,1,30
Math,37,Ekstazi,36.0,0.9236601307189537,19.966666666666665,0.07830065359477124,0,1,30
Jsoup,82,STARTS+FAST-S,33.0,0.9238095238095233,3.1666666666666665,0.09047619047619046,0,1,30
Math,43,STARTS+FAST-S,143.0,0.9241758241758237,21.2,0.07765567765567764,0,1,30
Math,87,Fastazi-P,87.0,0.9243835616438354,28.1,0.07698630136986301,0,1,30
Jsoup,62,Fastazi-P,22.0,0.9246913580246907,2.533333333333333,0.09382716049382712,0,1,30
Jsoup,12,Ekstazi+dpt,14.0,0.9250000000000005,2.0,0.10000000000000005,0,1,30
Jsoup,12,DPT,20.0,0.9250000000000005,2.0,0.10000000000000005,0,1,30
Jsoup,12,STARTS+DPT,18.0,0.9250000000000005,2.0,0.10000000000000005,0,1,30
Compress,44,Ekstazi+dpt,11.0,0.9257703081232488,9.333333333333334,0.0784313725490196,0,1,30
Jsoup,93,Fastazi-S,6.0,0.9259259259259264,3.1666666666666665,0.08796296296296298,0,1,30
Jsoup,31,Fastazi-P,5.0,0.9260869565217391,2.2,0.09565217391304344,0,1,30
Codec,15,STARTS+FAST-P,35.0,0.9265432098765436,4.466666666666667,0.08271604938271601,0,1,30
Codec,16,STARTS+DPT,5.0,0.9265432098765437,4.466666666666667,0.082716049382716,0,1,30
Compress,25,Ekstazi+dpt,17.0,0.9266666666666661,6.0,0.08000000000000003,0,1,30
Compress,35,Fastazi-P,57.0,0.9267399267399262,7.166666666666667,0.07875457875457875,0,1,30
Math,85,Fastazi-S,267.0,0.9268493150684934,27.2,0.07452054794520549,0,1,30
Cli,38,Fastazi-S,4.0,0.9271604938271605,2.466666666666667,0.09135802469135806,0,1,30
Math,78,STARTS+DPT,127.0,0.9271676300578037,25.7,0.07427745664739886,0,1,30
Gson,2,Fastazi-S,83.0,0.9273809523809523,6.6,0.07857142857142858,0,1,30
Math,85,Fastazi-P,267.0,0.9273972602739728,27.0,0.07397260273972604,0,1,30
Compress,47,DPT,132.0,0.9280303030303035,10.0,0.07575757575757573,0,1,30
Cli,16,STARTS+FAST-P,47.0,0.9280701754385966,4.6,0.08070175438596493,0,1,30
Math,66,STARTS+FAST-S,296.0,0.9281124497991968,24.366666666666667,0.07339357429718879,0,1,30
Codec,15,STARTS+FAST-S,35.0,0.9283950617283953,4.366666666666666,0.08086419753086418,0,1,30
Math,87,Fastazi-S,87.0,0.9284931506849319,26.6,0.07287671232876712,0,1,30
Time,6,Ekstazi+dpt,116.0,0.928571428571428,11.0,0.07482993197278913,0,1,30
Time,6,DPT,147.0,0.928571428571428,11.0,0.07482993197278913,0,1,30
Time,6,STARTS+DPT,146.0,0.928571428571428,11.0,0.07482993197278913,0,1,30
Time,13,Ekstazi+dpt,118.0,0.928571428571428,11.0,0.07482993197278913,0,1,30
Time,13,DPT,147.0,0.928571428571428,11.0,0.07482993197278913,0,1,30
Time,13,STARTS+DPT,146.0,0.928571428571428,11.0,0.07482993197278913,0,1,30
Time,22,Ekstazi+dpt,115.0,0.928571428571428,11.0,0.07482993197278913,0,1,30
Time,22,DPT,147.0,0.928571428571428,11.0,0.07482993197278913,0,1,30
Time,22,STARTS+DPT,146.0,0.928571428571428,11.0,0.07482993197278913,0,1,30
Jsoup,84,STARTS+DPT,4.0,0.928571428571428,3.0,0.08571428571428572,0,1,30
Jsoup,18,STARTS+FAST-S,18.0,0.928571428571428,2.0,0.0952380952380953,0,1,30
Jsoup,68,STARTS+FAST-P,31.0,0.9292929292929294,2.8333333333333335,0.08585858585858581,0,1,30
Cli,38,Ekstazi,4.0,0.9296296296296293,2.4,0.08888888888888888,0,1,30
Jsoup,18,FAST,21.0,0.9301587301587296,1.9666666666666666,0.0936507936507937,0,1,30
Jsoup,82,STARTS+FAST-P,33.0,0.9304761904761899,2.933333333333333,0.0838095238095238,0,1,30
Jsoup,92,Fastazi-S,32.0,0.9305555555555559,3.0,0.08333333333333333,0,1,30
Jsoup,92,DPT,36.0,0.9305555555555561,3.0,0.08333333333333333,0,1,30
Jsoup,92,Fastazi-P,32.0,0.9305555555555561,3.0,0.08333333333333333,0,1,30
Compress,44,Fastazi-S,11.0,0.9308123249299715,8.733333333333333,0.0733893557422969,0,1,30
Compress,11,Fastazi-P,35.0,0.9309523809523808,4.366666666666666,0.07797619047619046,0,1,30
Lang,14,Ekstazi+dpt,87.0,0.931060606060606,6.566666666666666,0.07462121212121213,0,1,30
Compress,31,Fastazi-S,14.0,0.9310861423220967,6.633333333333334,0.07453183520599252,0,1,30
JxPath,22,STARTS+FAST-S,32.0,0.9320261437908491,3.966666666666667,0.07777777777777778,0,1,30
Math,78,STARTS+FAST-P,127.0,0.932466281310212,23.866666666666667,0.06897880539499038,0,1,30
Lang,14,DPT,88.0,0.9325757575757575,6.433333333333334,0.07310606060606059,0,1,30
Lang,14,STARTS+DPT,88.0,0.9325757575757575,6.433333333333334,0.0731060606060606,0,1,30
Math,6,Ekstazi+dpt,44.0,0.9326923076923074,11.0,0.0705128205128205,0,1,30
Compress,47,Fastazi-P,86.0,0.9330808080808077,9.333333333333334,0.07070707070707069,0,1,30
Time,19,Ekstazi,32.0,0.9331065759637187,10.333333333333334,0.07029478458049883,0,1,30
Jsoup,79,Fastazi-S,22.0,0.9333333333333328,2.8333333333333335,0.08095238095238094,0,1,30
Jsoup,18,Fastazi-S,11.0,0.9333333333333328,1.9,0.09047619047619053,0,1,30
Math,43,Ekstazi,53.0,0.9333333333333329,18.7,0.06849816849816848,0,1,30
Compress,38,Ekstazi,13.0,0.9333333333333336,6.633333333333334,0.07210144927536234,0,1,30
Compress,16,FAST,59.0,0.9333333333333336,4.433333333333334,0.0751412429378531,0,1,30
Jsoup,45,Fastazi-S,22.0,0.9333333333333337,2.2333333333333334,0.0858974358974359,0,1,30
Jsoup,87,STARTS+FAST-S,34.0,0.9333333333333338,2.9,0.08055555555555555,0,1,30
Math,43,DPT,273.0,0.9334554334554329,18.666666666666668,0.06837606837606837,0,1,30
Cli,16,STARTS+FAST-S,47.0,0.9339181286549709,4.266666666666667,0.07485380116959067,0,1,30
Math,70,DPT,334.0,0.934231536926148,22.466666666666665,0.06726546906187622,0,1,30
Jsoup,93,Fastazi-P,6.0,0.9342592592592596,2.8666666666666667,0.07962962962962962,0,1,30
Gson,2,Ekstazi+dpt,83.0,0.93452380952381,6.0,0.07142857142857141,0,1,30
Gson,2,DPT,84.0,0.93452380952381,6.0,0.07142857142857141,0,1,30
Gson,2,STARTS+DPT,84.0,0.93452380952381,6.0,0.07142857142857141,0,1,30
Math,49,Ekstazi+dpt,228.0,0.9346618357487925,18.533333333333335,0.06714975845410631,0,1,30
Cli,35,STARTS+FAST-S,25.0,0.934666666666667,2.1333333333333333,0.08533333333333336,0,1,30
Jsoup,30,Ekstazi,3.0,0.934782608695652,2.0,0.08695652173913043,0,1,30
Math,49,DPT,276.0,0.9349033816425122,18.466666666666665,0.06690821256038651,0,1,30
Math,49,STARTS+DPT,243.0,0.9349033816425122,18.466666666666665,0.06690821256038651,0,1,30
Jsoup,87,STARTS+FAST-P,34.0,0.9351851851851856,2.8333333333333335,0.07870370370370369,0,1,30
Codec,16,STARTS+FAST-P,5.0,0.9351851851851858,4.0,0.07407407407407401,0,1,30
Codec,16,Fastazi-P,5.0,0.9351851851851859,4.0,0.07407407407407401,0,1,30
Math,36,STARTS+FAST-P,180.0,0.9354248366013066,16.966666666666665,0.06653594771241829,0,1,30
Gson,13,Fastazi-S,82.0,0.9355072463768112,6.433333333333334,0.06992753623188407,0,1,30
Compress,47,Ekstazi+dpt,86.0,0.9356060606060613,9.0,0.06818181818181814,0,1,30
Compress,47,STARTS+DPT,97.0,0.9356060606060613,9.0,0.06818181818181814,0,1,30
Math,97,DPT,412.0,0.9356796116504854,27.0,0.0655339805825243,0,1,30
Gson,2,FAST,84.0,0.9357142857142855,5.9,0.07023809523809524,0,1,30
Codec,12,Ekstazi+dpt,12.0,0.9358974358974353,3.0,0.07692307692307691,0,1,30
Codec,12,DPT,39.0,0.9358974358974353,3.0,0.07692307692307691,0,1,30
Codec,12,STARTS+DPT,12.0,0.9358974358974353,3.0,0.07692307692307691,0,1,30
Codec,14,STARTS+FAST-P,5.0,0.9358974358974357,3.8333333333333335,0.0737179487179487,0,1,30
Cli,35,STARTS+FAST-P,25.0,0.9360000000000003,2.1,0.08400000000000005,0,1,30
JxPath,20,Fastazi-S,29.0,0.9360544217687073,3.6333333333333333,0.07414965986394557,0,1,30
Jsoup,30,Fastazi-S,3.0,0.9362318840579709,1.9666666666666666,0.08550724637681158,0,1,30
Math,78,STARTS+FAST-S,127.0,0.9364161849710985,22.5,0.06502890173410404,0,1,30
Gson,2,Fastazi-P,83.0,0.9365079365079364,5.833333333333333,0.06944444444444445,0,1,30
Math,17,Fastazi-S,71.0,0.9366319444444444,12.666666666666666,0.0659722222222222,0,1,30
Compress,44,Fastazi-P,11.0,0.9366946778711479,8.033333333333333,0.06750700280112044,0,1,30
JxPath,20,FAST,49.0,0.9367346938775509,3.6,0.07346938775510205,0,1,30
Compress,28,Ekstazi,10.0,0.9367521367521368,5.433333333333334,0.06965811965811965,0,1,30
Math,87,STARTS+DPT,153.0,0.9368036529680367,23.566666666666666,0.06456621004566208,0,1,30
Jsoup,79,Fastazi-P,22.0,0.9371428571428565,2.7,0.07714285714285711,0,1,30
Cli,31,STARTS+FAST-P,23.0,0.9375,2.0,0.08333333333333333,0,1,30
Cli,31,Fastazi-S,22.0,0.9375,2.0,0.08333333333333333,0,1,30
Cli,33,FAST,24.0,0.9375,2.0,0.08333333333333333,0,1,30
Math,100,STARTS+FAST-S,287.0,0.937539682539683,26.733333333333334,0.06365079365079365,0,1,30
Jsoup,24,STARTS+FAST-S,19.0,0.93768115942029,1.9333333333333333,0.08405797101449271,0,1,30
Math,100,STARTS+FAST-P,287.0,0.9378571428571428,26.6,0.06333333333333332,0,1,30
Cli,31,FAST,24.0,0.9388888888888888,1.9666666666666666,0.08194444444444444,0,1,30
Cli,31,STARTS+FAST-S,23.0,0.9388888888888889,1.9666666666666666,0.08194444444444443,0,1,30
Compress,33,DPT,90.0,0.9388888888888892,6.0,0.06666666666666667,0,1,30
Compress,31,Ekstazi,14.0,0.9389513108614232,5.933333333333334,0.06666666666666668,0,1,30
Lang,23,Fastazi-S,13.0,0.9392156862745094,5.666666666666667,0.06666666666666664,0,1,30
Compress,12,FAST,56.0,0.9392857142857144,3.9,0.06964285714285713,0,1,30
Gson,1,STARTS+FAST-P,78.0,0.939316239316239,5.233333333333333,0.0670940170940171,0,1,30
Math,70,Ekstazi+dpt,157.0,0.9396207584830341,20.666666666666668,0.061876247504990024,0,1,30
Math,70,STARTS+DPT,166.0,0.9398203592814374,20.6,0.061676646706586825,0,1,30
Gson,13,FAST,92.0,0.9398550724637679,6.033333333333333,0.06557971014492753,0,1,30
Jsoup,83,Fastazi-S,24.0,0.9399999999999994,2.6,0.07428571428571426,0,1,30
Jsoup,35,STARTS+FAST-S,22.0,0.9400000000000005,2.0,0.08000000000000003,0,1,30
Jsoup,36,Ekstazi+dpt,23.0,0.9400000000000005,2.0,0.08000000000000003,0,1,30
Jsoup,36,DPT,25.0,0.9400000000000005,2.0,0.08000000000000003,0,1,30
Jsoup,36,STARTS+DPT,23.0,0.9400000000000005,2.0,0.08000000000000003,0,1,30
Jsoup,38,Fastazi-S,16.0,0.9400000000000005,2.0,0.08000000000000003,0,1,30
Cli,31,Fastazi-P,22.0,0.9402777777777778,1.9333333333333333,0.08055555555555555,0,1,30
Cli,32,FAST,24.0,0.9402777777777779,1.9333333333333333,0.08055555555555555,0,1,30
Math,25,Fastazi-P,90.0,0.9404569892473119,15.266666666666667,0.06155913978494625,0,1,30
JxPath,22,STARTS+FAST-P,32.0,0.9405228758169929,3.533333333333333,0.06928104575163398,0,1,30
Math,97,STARTS+DPT,169.0,0.9405339805825247,25.0,0.06067961165048546,0,1,30
Math,22,STARTS,25.0,0.9406727828746178,13.433333333333334,0.06162079510703364,0,1,30
Time,26,Ekstazi,16.0,0.9409909909909909,9.233333333333333,0.06238738738738739,0,1,30
Cli,36,FAST,26.0,0.9410256410256411,2.033333333333333,0.07820512820512819,0,1,30
Cli,36,Fastazi-S,22.0,0.9410256410256412,2.033333333333333,0.07820512820512819,0,1,30
Jsoup,34,STARTS+FAST-S,23.0,0.9413333333333339,1.9666666666666666,0.07866666666666669,0,1,30
Math,80,FAST,348.0,0.9416666666666662,20.8,0.05977011494252873,0,1,30
Math,86,Fastazi-P,261.0,0.9420091324200912,21.666666666666668,0.059360730593607296,0,1,30
Jsoup,28,Fastazi-S,19.0,0.9420289855072465,1.8333333333333333,0.0797101449275362,0,1,30
Math,35,FAST,254.0,0.9422572178477694,15.166666666666666,0.05971128608923889,0,1,30
Codec,14,STARTS+FAST-S,5.0,0.9423076923076922,3.5,0.06730769230769228,0,1,30
Cli,36,STARTS+FAST-P,23.0,0.9423076923076923,2.0,0.07692307692307691,0,1,30
Cli,36,STARTS+FAST-S,23.0,0.9423076923076926,2.0,0.07692307692307691,0,1,30
Compress,16,Fastazi-S,37.0,0.9423728813559326,3.9,0.06610169491525426,0,1,30
Jsoup,38,STARTS+FAST-S,22.0,0.9426666666666671,1.9333333333333333,0.07733333333333335,0,1,30
Jsoup,35,Fastazi-S,16.0,0.9426666666666672,1.9333333333333333,0.07733333333333335,0,1,30
Jsoup,18,STARTS+FAST-P,18.0,0.9428571428571423,1.7,0.08095238095238098,0,1,30
Math,103,FAST,427.0,0.9430132708821233,24.833333333333332,0.058157689305230305,0,1,30
Cli,38,Fastazi-P,4.0,0.9432098765432093,2.033333333333333,0.0753086419753086,0,1,30
Lang,18,STARTS+FAST-S,57.0,0.9432539682539688,5.266666666666667,0.0626984126984127,0,1,30
Math,43,STARTS+DPT,143.0,0.9434676434676429,15.933333333333334,0.05836385836385837,0,1,30
Jsoup,28,STARTS+FAST-S,21.0,0.9434782608695653,1.8,0.07826086956521736,0,1,30
Jsoup,28,STARTS+FAST-P,21.0,0.9434782608695653,1.8,0.07826086956521736,0,1,30
Jsoup,24,STARTS+FAST-P,19.0,0.9434782608695653,1.8,0.07826086956521737,0,1,30
Jsoup,44,Fastazi-S,18.0,0.9435897435897439,1.9666666666666666,0.07564102564102562,0,1,30
Gson,13,Fastazi-P,82.0,0.9438405797101447,5.666666666666667,0.06159420289855073,0,1,30
Math,95,Ekstazi+dpt,349.0,0.9439320388349516,23.6,0.05728155339805825,0,1,30
Compress,45,Ekstazi,14.0,0.943977591036414,7.166666666666667,0.06022408963585434,0,1,30
Jsoup,34,Fastazi-S,17.0,0.9440000000000005,1.9,0.07600000000000003,0,1,30
Math,95,STARTS+DPT,371.0,0.9440129449838188,23.566666666666666,0.05720064724919093,0,1,30
Math,95,DPT,412.0,0.9441747572815534,23.5,0.05703883495145631,0,1,30
Codec,14,Fastazi-S,5.0,0.944230769230769,3.4,0.06538461538461536,0,1,30
Math,36,STARTS+FAST-S,180.0,0.9443137254901954,14.7,0.05764705882352942,0,1,30
Lang,22,DPT,85.0,0.9443137254901954,5.233333333333333,0.061568627450980386,0,1,30
Jsoup,64,STARTS+FAST-S,25.0,0.9444444444444439,2.0,0.07407407407407401,0,1,30
Jsoup,65,Fastazi-P,26.0,0.9444444444444439,2.0,0.07407407407407401,0,1,30
Cli,32,STARTS+FAST-S,5.0,0.9444444444444444,1.8333333333333333,0.07638888888888888,0,1,30
Cli,33,Fastazi-S,5.0,0.9444444444444444,1.8333333333333333,0.07638888888888888,0,1,30
Cli,32,Fastazi-S,5.0,0.9444444444444445,1.8333333333333333,0.07638888888888888,0,1,30
Math,77,DPT,345.0,0.9447342995169079,19.566666666666666,0.05671497584541063,0,1,30
Time,11,Ekstazi+dpt,29.0,0.9447488584474892,8.566666666666666,0.058675799086758,0,1,30
Jsoup,72,FAST,35.0,0.9447619047619041,2.433333333333333,0.06952380952380953,0,1,30
Jsoup,44,STARTS+FAST-S,23.0,0.9448717948717952,1.9333333333333333,0.07435897435897434,0,1,30
Jsoup,44,STARTS+FAST-P,23.0,0.9448717948717953,1.9333333333333333,0.07435897435897434,0,1,30
Math,87,Ekstazi+dpt,87.0,0.9451141552511415,20.533333333333335,0.05625570776255709,0,1,30
Math,77,STARTS+DPT,205.0,0.9451207729468597,19.433333333333334,0.05632850241545894,0,1,30
Jsoup,34,FAST,25.0,0.9453333333333339,1.8666666666666667,0.0746666666666667,0,1,30
Math,97,Ekstazi+dpt,80.0,0.9453883495145627,23.0,0.055825242718446626,0,1,30
Jsoup,59,STARTS+FAST-S,25.0,0.9456790123456784,1.9666666666666666,0.07283950617283946,0,1,30
Jsoup,65,Fastazi-S,26.0,0.9456790123456784,1.9666666666666666,0.07283950617283946,0,1,30
Math,37,FAST,255.0,0.9461437908496726,14.233333333333333,0.05581699346405231,0,1,30
Cli,36,Fastazi-P,22.0,0.9461538461538462,1.9,0.07307692307692308,0,1,30
Cli,16,FAST,57.0,0.9461988304093566,3.566666666666667,0.06257309941520467,0,1,30
Gson,6,STARTS+FAST-P,79.0,0.9462121212121214,5.233333333333333,0.05946969696969697,0,1,30
Jsoup,84,STARTS,4.0,0.946666666666666,2.3666666666666667,0.06761904761904762,0,1,30
Jsoup,64,Fastazi-S,18.0,0.946913580246913,1.9333333333333333,0.07160493827160488,0,1,30
Gson,7,FAST,88.0,0.9469696969696973,5.166666666666667,0.05871212121212119,0,1,30
Lang,26,FAST,90.0,0.9470370370370367,5.266666666666667,0.05851851851851853,0,1,30
Gson,4,Fastazi-S,84.0,0.9471264367816097,5.1,0.05862068965517243,0,1,30
Compress,47,Fastazi-S,86.0,0.9474747474747471,7.433333333333334,0.056313131313131294,0,1,30
Math,66,FAST,332.0,0.9477911646586346,17.833333333333332,0.053714859437751006,0,1,30
Jsoup,28,Fastazi-P,19.0,0.9478260869565219,1.7,0.07391304347826085,0,1,30
Jsoup,34,STARTS+FAST-P,23.0,0.9480000000000005,1.8,0.07200000000000004,0,1,30
Jsoup,38,STARTS+FAST-P,22.0,0.9480000000000005,1.8,0.07200000000000004,0,1,30
Jsoup,59,STARTS+FAST-P,25.0,0.9481481481481476,1.9,0.07037037037037033,0,1,30
Compress,11,STARTS+FAST-S,37.0,0.9482142857142856,3.4,0.06071428571428572,0,1,30
Cli,40,Fastazi-S,7.0,0.9482758620689656,2.0,0.0689655172413793,0,1,30
Compress,44,Ekstazi,11.0,0.9484593837535008,6.633333333333334,0.05574229691876752,0,1,30
Jsoup,83,Fastazi-P,24.0,0.948571428571428,2.3,0.0657142857142857,0,1,30
Codec,14,STARTS,5.0,0.9487179487179487,3.1666666666666665,0.0608974358974359,0,1,30
Math,36,FAST,255.0,0.9488888888888882,13.533333333333333,0.05307189542483662,0,1,30
Compress,16,Fastazi-P,37.0,0.9491525423728818,3.5,0.059322033898305114,0,1,30
Time,19,Fastazi-P,32.0,0.9492063492063496,7.966666666666667,0.05419501133786849,0,1,30
Jsoup,35,STARTS+FAST-P,22.0,0.9493333333333337,1.7666666666666666,0.07066666666666668,0,1,30
Jsoup,64,STARTS+FAST-P,25.0,0.9493827160493821,1.8666666666666667,0.06913580246913577,0,1,30
Math,97,Ekstazi,80.0,0.95,21.1,0.0512135922330097,0,1,30
Cli,33,STARTS+FAST-S,5.0,0.9500000000000003,1.7,0.07083333333333333,0,1,30
Compress,25,FAST,75.0,0.950222222222222,4.233333333333333,0.056444444444444415,0,1,30
Math,96,DPT,412.0,0.9502427184466027,21.0,0.050970873786407786,0,1,30
Math,22,Ekstazi,24.0,0.9503058103975536,11.333333333333334,0.05198776758409786,0,1,30
JxPath,20,Fastazi-P,29.0,0.9503401360544216,2.933333333333333,0.0598639455782313,0,1,30
Jsoup,84,STARTS+FAST-S,4.0,0.9504761904761898,2.2333333333333334,0.0638095238095238,0,1,30
Math,43,Ekstazi+dpt,53.0,0.9509157509157503,13.9,0.05091575091575094,0,1,30
Compress,36,Ekstazi+dpt,91.0,0.9510869565217386,5.0,0.054347826086956534,0,1,30
Compress,36,DPT,92.0,0.9510869565217386,5.0,0.054347826086956534,0,1,30
Compress,36,STARTS+DPT,92.0,0.9510869565217386,5.0,0.054347826086956534,0,1,30
Jsoup,67,Ekstazi+dpt,27.0,0.9516129032258068,2.0,0.06451612903225802,0,1,30
Jsoup,67,DPT,31.0,0.9516129032258068,2.0,0.06451612903225802,0,1,30
Jsoup,67,STARTS+DPT,30.0,0.9516129032258068,2.0,0.06451612903225802,0,1,30
Lang,23,Ekstazi+dpt,13.0,0.9517647058823523,4.6,0.054117647058823555,0,1,30
Codec,14,Ekstazi+dpt,5.0,0.9519230769230768,3.0,0.0576923076923077,0,1,30
Codec,14,DPT,52.0,0.9519230769230768,3.0,0.0576923076923077,0,1,30
Codec,14,STARTS+DPT,5.0,0.9519230769230768,3.0,0.0576923076923077,0,1,30
Compress,43,Fastazi-S,88.0,0.9520833333333335,5.866666666666666,0.052380952380952354,0,1,30
Math,77,Ekstazi+dpt,106.0,0.9521739130434776,17.0,0.049275362318840596,0,1,30
Compress,38,Fastazi-P,13.0,0.9521739130434778,4.9,0.0532608695652174,0,1,30
Codec,16,Ekstazi,5.0,0.9524691358024692,3.066666666666667,0.056790123456790124,0,1,30
Math,86,Fastazi-S,261.0,0.9526027397260275,17.8,0.04876712328767124,0,1,30
Math,17,Fastazi-P,71.0,0.9526041666666668,9.6,0.05,0,1,30
Gson,6,STARTS+FAST-S,79.0,0.9526515151515155,4.666666666666667,0.05303030303030302,0,1,30
Jsoup,67,Fastazi-S,27.0,0.9526881720430111,1.9666666666666666,0.06344086021505373,0,1,30
Compress,21,Ekstazi+dpt,58.0,0.9527027027027024,4.0,0.05405405405405402,0,1,30
Compress,21,DPT,74.0,0.9527027027027024,4.0,0.05405405405405402,0,1,30
Compress,21,STARTS+DPT,62.0,0.9527027027027024,4.0,0.05405405405405402,0,1,30
Math,66,Fastazi-S,286.0,0.9527108433734937,16.2,0.04879518072289155,0,1,30
Math,86,STARTS+FAST-S,299.0,0.9529680365296809,17.666666666666668,0.048401826484018265,0,1,30
Compress,11,STARTS+FAST-P,37.0,0.9529761904761902,3.1333333333333333,0.055952380952380955,0,1,30
Math,86,STARTS+FAST-P,299.0,0.953059360730594,17.633333333333333,0.04831050228310504,0,1,30
Codec,14,Ekstazi,5.0,0.9532051282051283,2.933333333333333,0.056410256410256404,0,1,30
Gson,13,STARTS+FAST-S,87.0,0.9536231884057967,4.766666666666667,0.05181159420289854,0,1,30
Math,89,STARTS+DPT,331.0,0.9536936936936934,17.633333333333333,0.04765765765765763,0,1,30
Compress,28,Fastazi-P,10.0,0.9538461538461535,4.1,0.052564102564102586,0,1,30
Math,89,DPT,370.0,0.9538738738738736,17.566666666666666,0.04747747747747745,0,1,30
Math,66,Fastazi-P,286.0,0.9539156626506026,15.8,0.047590361445783116,0,1,30
Cli,30,Ekstazi+dpt,22.0,0.9541666666666668,1.6,0.06666666666666667,0,1,30
Jsoup,59,Fastazi-P,21.0,0.9543209876543204,1.7333333333333334,0.06419753086419751,0,1,30
Math,89,Ekstazi+dpt,302.0,0.9543243243243239,17.4,0.047027027027027005,0,1,30
Math,80,Ekstazi,35.0,0.9544061302681991,16.366666666666667,0.047030651340996175,0,1,30
Jsoup,68,Ekstazi+dpt,28.0,0.9545454545454543,2.0,0.060606060606060566,0,1,30
Jsoup,68,DPT,33.0,0.9545454545454543,2.0,0.060606060606060566,0,1,30
Jsoup,68,STARTS+DPT,31.0,0.9545454545454543,2.0,0.060606060606060566,0,1,30
Jsoup,38,Fastazi-P,16.0,0.954666666666667,1.6333333333333333,0.06533333333333335,0,1,30
Compress,33,STARTS,9.0,0.9548148148148148,4.566666666666666,0.05074074074074074,0,1,30
Jsoup,67,Fastazi-P,27.0,0.9548387096774198,1.9,0.061290322580645124,0,1,30
Compress,13,Fastazi-S,22.0,0.9549707602339179,3.066666666666667,0.05380116959064326,0,1,30
Jsoup,72,Fastazi-S,22.0,0.9552380952380946,2.066666666666667,0.05904761904761905,0,1,30
Jsoup,84,STARTS+FAST-P,4.0,0.9552380952380946,2.066666666666667,0.05904761904761905,0,1,30
Math,90,DPT,370.0,0.955405405405405,17.0,0.04594594594594593,0,1,30
Compress,13,STARTS+FAST-P,40.0,0.955555555555555,3.033333333333333,0.05321637426900582,0,1,30
Compress,13,STARTS+FAST-S,40.0,0.9555555555555553,3.033333333333333,0.05321637426900582,0,1,30
Lang,17,FAST,84.0,0.9559523809523813,4.2,0.05000000000000001,0,1,30
Gson,1,STARTS+FAST-S,78.0,0.9559829059829057,3.933333333333333,0.050427350427350436,0,1,30
Time,19,Fastazi-S,32.0,0.956009070294785,6.966666666666667,0.04739229024943311,0,1,30
Compress,14,Fastazi-S,11.0,0.9561403508771924,3.0,0.0526315789473684,0,1,30
Compress,28,Fastazi-S,10.0,0.9564102564102563,3.9,0.05000000000000001,0,1,30
Jsoup,44,Fastazi-P,18.0,0.9564102564102566,1.6333333333333333,0.0628205128205128,0,1,30
Math,91,STARTS+DPT,212.0,0.956486486486486,16.6,0.04486486486486486,0,1,30
Math,91,DPT,370.0,0.9567567567567562,16.5,0.04459459459459459,0,1,30
Jsoup,64,Fastazi-P,18.0,0.9567901234567896,1.6666666666666667,0.061728395061728364,0,1,30
Cli,30,STARTS+DPT,23.0,0.9569444444444446,1.5333333333333334,0.06388888888888888,0,1,30
Jsoup,72,Ekstazi+dpt,22.0,0.9571428571428565,2.0,0.057142857142857155,0,1,30
Jsoup,72,DPT,35.0,0.9571428571428565,2.0,0.057142857142857155,0,1,30
Jsoup,72,STARTS+DPT,33.0,0.9571428571428565,2.0,0.057142857142857155,0,1,30
Jsoup,76,Ekstazi+dpt,22.0,0.9571428571428565,2.0,0.057142857142857155,0,1,30
Jsoup,76,DPT,35.0,0.9571428571428565,2.0,0.057142857142857155,0,1,30
Jsoup,76,STARTS+DPT,32.0,0.9571428571428565,2.0,0.057142857142857155,0,1,30
Jsoup,82,Ekstazi+dpt,27.0,0.9571428571428565,2.0,0.057142857142857155,0,1,30
Jsoup,82,DPT,35.0,0.9571428571428565,2.0,0.057142857142857155,0,1,30
Jsoup,82,STARTS+DPT,33.0,0.9571428571428565,2.0,0.057142857142857155,0,1,30
Jsoup,83,Ekstazi+dpt,24.0,0.9571428571428565,2.0,0.057142857142857155,0,1,30
Jsoup,83,DPT,35.0,0.9571428571428565,2.0,0.057142857142857155,0,1,30
Jsoup,83,STARTS+DPT,34.0,0.9571428571428565,2.0,0.057142857142857155,0,1,30
Jsoup,84,Ekstazi+dpt,2.0,0.9571428571428565,2.0,0.057142857142857155,0,1,30
Jsoup,84,Fastazi-P,2.0,0.9571428571428565,2.0,0.057142857142857155,0,1,30
Compress,13,FAST,57.0,0.9573099415204676,2.933333333333333,0.05146198830409354,0,1,30
Compress,25,STARTS+FAST-S,49.0,0.9573333333333329,3.7,0.049333333333333326,0,1,30
Math,78,Ekstazi+dpt,39.0,0.957514450867052,15.2,0.04393063583815028,0,1,30
Gson,4,STARTS+FAST-P,86.0,0.9578544061302687,4.166666666666667,0.04789272030651341,0,1,30
Cli,27,Ekstazi+dpt,19.0,0.9579710144927539,1.4666666666666666,0.06376811594202896,0,1,30
Lang,22,STARTS+DPT,55.0,0.9580392156862738,4.066666666666666,0.047843137254901975,0,1,30
Jsoup,76,Fastazi-S,22.0,0.9580952380952374,1.9666666666666666,0.0561904761904762,0,1,30
Jsoup,82,Fastazi-S,27.0,0.9580952380952374,1.9666666666666666,0.05619047619047621,0,1,30
Jsoup,87,Ekstazi+dpt,28.0,0.9583333333333328,2.0,0.05555555555555557,0,1,30
Jsoup,87,DPT,36.0,0.9583333333333328,2.0,0.05555555555555557,0,1,30
Jsoup,87,STARTS+DPT,34.0,0.9583333333333328,2.0,0.05555555555555557,0,1,30
Jsoup,92,Ekstazi+dpt,32.0,0.9583333333333328,2.0,0.05555555555555557,0,1,30
Jsoup,92,STARTS+DPT,36.0,0.9583333333333328,2.0,0.05555555555555557,0,1,30
Compress,12,Fastazi-S,12.0,0.9583333333333329,2.8333333333333335,0.05059523809523811,0,1,30
Compress,33,Ekstazi,9.0,0.9585185185185187,4.233333333333333,0.047037037037037016,0,1,30
Codec,16,STARTS,5.0,0.9586419753086417,2.7333333333333334,0.050617283950617285,0,1,30
Jsoup,34,Fastazi-P,17.0,0.9586666666666672,1.5333333333333334,0.061333333333333365,0,1,30
Gson,13,STARTS+FAST-P,87.0,0.9586956521739124,4.3,0.04673913043478261,0,1,30
Jsoup,72,Fastazi-P,22.0,0.9590476190476184,1.9333333333333333,0.05523809523809522,0,1,30
Jsoup,72,STARTS+FAST-S,33.0,0.9590476190476184,1.9333333333333333,0.05523809523809524,0,1,30
Gson,7,Fastazi-S,69.0,0.9590909090909095,4.1,0.0465909090909091,0,1,30
Jsoup,87,Fastazi-S,28.0,0.9592592592592588,1.9666666666666666,0.05462962962962965,0,1,30
Jsoup,24,Fastazi-S,2.0,0.9594202898550728,1.4333333333333333,0.06231884057971012,0,1,30
Time,15,Ekstazi,11.0,0.9596371882086169,6.433333333333334,0.04376417233560091,0,1,30
Cli,30,DPT,24.0,0.9597222222222225,1.4666666666666666,0.06111111111111111,0,1,30
Jsoup,35,Fastazi-P,16.0,0.9600000000000005,1.5,0.060000000000000026,0,1,30
Jsoup,18,Fastazi-P,11.0,0.9603174603174597,1.3333333333333333,0.06349206349206352,0,1,30
Codec,15,Fastazi-S,28.0,0.9604938271604934,2.6333333333333333,0.0487654320987654,0,1,30
Compress,33,STARTS+FAST-P,9.0,0.960740740740741,4.033333333333333,0.04481481481481482,0,1,30
Math,39,Fastazi-P,68.0,0.9608142493638673,10.766666666666667,0.0410941475826972,0,1,30
Cli,27,DPT,23.0,0.9608695652173916,1.4,0.06086956521739128,0,1,30
Math,38,STARTS+DPT,214.0,0.9611111111111109,10.533333333333333,0.04082687338501292,0,1,30
Math,60,DPT,312.0,0.9614316239316241,12.533333333333333,0.040170940170940174,0,1,30
Codec,16,STARTS+FAST-S,5.0,0.9617283950617282,2.566666666666667,0.047530864197530866,0,1,30
Math,38,DPT,258.0,0.9617571059431526,10.366666666666667,0.040180878552971575,0,1,30
Math,32,Ekstazi,30.0,0.9618110236220474,10.2,0.04015748031496062,0,1,30
Compress,33,Fastazi-P,9.0,0.9618518518518522,3.933333333333333,0.043703703703703696,0,1,30
Jsoup,24,Ekstazi,2.0,0.9623188405797103,1.3666666666666667,0.05942028985507243,0,1,30
Cli,27,STARTS+DPT,20.0,0.9623188405797105,1.3666666666666667,0.05942028985507243,0,1,30
Codec,16,Fastazi-S,5.0,0.9623456790123452,2.533333333333333,0.04691358024691359,0,1,30
Lang,26,STARTS+FAST-S,69.0,0.9625925925925924,3.8666666666666667,0.042962962962962974,0,1,30
Gson,4,STARTS+FAST-S,86.0,0.9628352490421465,3.7333333333333334,0.04291187739463601,0,1,30
Compress,25,STARTS+FAST-P,49.0,0.9631111111111106,3.2666666666666666,0.04355555555555557,0,1,30
Math,35,Fastazi-S,147.0,0.9631233595800529,9.866666666666667,0.03884514435695538,0,1,30
Gson,6,Fastazi-S,65.0,0.9636363636363642,3.7,0.04204545454545454,0,1,30
Math,66,STARTS+FAST-P,296.0,0.9636546184738957,12.566666666666666,0.03785140562248997,0,1,30
Jsoup,82,Fastazi-P,27.0,0.9638095238095231,1.7666666666666666,0.05047619047619047,0,1,30
Compress,41,STARTS+FAST-P,71.0,0.9639455782312923,4.033333333333333,0.041156462585034005,0,1,30
Compress,38,Fastazi-S,13.0,0.9641304347826088,3.8,0.04130434782608695,0,1,30
Math,100,Fastazi-P,187.0,0.9643650793650796,15.466666666666667,0.036825396825396824,0,1,30
Math,78,Ekstazi,39.0,0.9647398843930634,12.7,0.03670520231213872,0,1,30
Math,38,Ekstazi+dpt,159.0,0.9652454780361761,9.466666666666667,0.0366925064599483,0,1,30
Gson,1,FAST,78.0,0.9653846153846156,3.2,0.04102564102564103,0,1,30
Jsoup,72,STARTS+FAST-P,33.0,0.965714285714285,1.7,0.04857142857142858,0,1,30
Math,100,Fastazi-S,187.0,0.9657142857142861,14.9,0.03547619047619047,0,1,30
Gson,7,Fastazi-P,69.0,0.9659090909090912,3.5,0.03977272727272726,0,1,30
Lang,26,STARTS+FAST-P,69.0,0.965925925925926,3.566666666666667,0.03962962962962963,0,1,30
Collections,25,Ekstazi+dpt,157.0,0.9664948453608242,7.0,0.03608247422680412,0,1,30
Collections,25,DPT,194.0,0.9664948453608242,7.0,0.03608247422680412,0,1,30
Collections,25,STARTS+DPT,157.0,0.9664948453608242,7.0,0.03608247422680412,0,1,30
Compress,23,STARTS+DPT,3.0,0.966666666666666,3.0,0.040000000000000015,0,1,30
Gson,18,Ekstazi+dpt,73.0,0.9673835125448024,3.533333333333333,0.037992831541218616,0,1,30
Lang,26,Fastazi-S,54.0,0.9674074074074072,3.433333333333333,0.03814814814814815,0,1,30
Gson,18,STARTS+DPT,88.0,0.9677419354838706,3.5,0.03763440860215052,0,1,30
Gson,4,FAST,87.0,0.9678160919540236,3.3,0.03793103448275862,0,1,30
Gson,4,Fastazi-P,84.0,0.9678160919540236,3.3,0.03793103448275862,0,1,30
Cli,16,Fastazi-S,42.0,0.967836257309941,2.3333333333333335,0.04093567251461989,0,1,30
Gson,1,Fastazi-P,77.0,0.9679487179487183,3.0,0.03846153846153846,0,1,30
Gson,7,STARTS+FAST-S,79.0,0.9681818181818188,3.3,0.03749999999999999,0,1,30
Cli,16,Fastazi-P,42.0,0.9684210526315785,2.3,0.040350877192982464,0,1,30
Math,43,Fastazi-P,53.0,0.9684981684981678,9.1,0.03333333333333333,0,1,30
Jsoup,87,Fastazi-P,28.0,0.9685185185185182,1.6333333333333333,0.04537037037037037,0,1,30
Jsoup,76,Fastazi-P,22.0,0.9685714285714279,1.6,0.04571428571428571,0,1,30
JxPath,20,STARTS+FAST-S,30.0,0.9687074829931972,2.033333333333333,0.041496598639455796,0,1,30
Gson,1,Fastazi-S,77.0,0.9688034188034191,2.933333333333333,0.0376068376068376,0,1,30
Gson,18,DPT,93.0,0.9688172043010749,3.4,0.03655913978494622,0,1,30
Time,15,DPT,147.0,0.9693877551020408,5.0,0.03401360544217689,0,1,30
Time,15,STARTS+DPT,146.0,0.9693877551020408,5.0,0.03401360544217689,0,1,30
Compress,13,Fastazi-P,22.0,0.9695906432748534,2.2333333333333334,0.03918128654970759,0,1,30
Gson,7,STARTS+FAST-P,79.0,0.9696969696969702,3.1666666666666665,0.035984848484848474,0,1,30
Compress,43,FAST,112.0,0.9699404761904763,3.8666666666666667,0.03452380952380952,0,1,30
JxPath,21,Ekstazi+dpt,20.0,0.9699999999999995,2.0,0.040000000000000015,0,1,30
JxPath,21,DPT,50.0,0.9699999999999995,2.0,0.040000000000000015,0,1,30
JxPath,21,STARTS+DPT,31.0,0.9699999999999995,2.0,0.040000000000000015,0,1,30
Compress,14,Fastazi-P,11.0,0.9701754385964908,2.2,0.03859649122807019,0,1,30
Cli,33,STARTS+FAST-P,5.0,0.9708333333333337,1.2,0.05000000000000001,0,1,30
Math,80,STARTS+FAST-P,153.0,0.971743295019157,10.333333333333334,0.02969348659003833,0,1,30
Math,35,STARTS+FAST-P,149.0,0.9720472440944883,7.6,0.029921259842519664,0,1,30
Cli,32,Fastazi-P,5.0,0.9722222222222225,1.1666666666666667,0.048611111111111126,0,1,30
Cli,32,STARTS+FAST-P,5.0,0.9722222222222227,1.1666666666666667,0.048611111111111126,0,1,30
Compress,43,STARTS+FAST-P,94.0,0.9723214285714286,3.6,0.032142857142857154,0,1,30
Jsoup,84,Fastazi-S,2.0,0.9723809523809517,1.4666666666666666,0.0419047619047619,0,1,30
Jsoup,84,Ekstazi,2.0,0.9723809523809517,1.4666666666666666,0.04190476190476191,0,1,30
Compress,12,Fastazi-P,12.0,0.9726190476190474,2.033333333333333,0.0363095238095238,0,1,30
Math,101,STARTS+DPT,17.0,0.9727488151658764,12.0,0.028436018957345956,0,1,30
Math,60,STARTS+FAST-P,9.0,0.9727564102564098,9.0,0.02884615384615385,0,1,30
Math,39,Fastazi-S,68.0,0.973282442748091,7.5,0.028625954198473292,0,1,30
Math,54,STARTS+FAST-P,8.0,0.9736842105263153,8.0,0.028070175438596474,0,1,30
Jsoup,11,Ekstazi+dpt,13.0,0.9736842105263153,1.0,0.05263157894736838,0,1,30
Jsoup,11,DPT,19.0,0.9736842105263153,1.0,0.05263157894736838,0,1,30
Jsoup,11,STARTS+DPT,17.0,0.9736842105263153,1.0,0.05263157894736838,0,1,30
Jsoup,14,Ekstazi+dpt,12.0,0.9736842105263153,1.0,0.05263157894736838,0,1,30
Jsoup,14,DPT,19.0,0.9736842105263153,1.0,0.05263157894736838,0,1,30
Jsoup,14,STARTS+DPT,16.0,0.9736842105263153,1.0,0.05263157894736838,0,1,30
Jsoup,15,Ekstazi+dpt,12.0,0.9736842105263153,1.0,0.05263157894736838,0,1,30
Jsoup,15,DPT,19.0,0.9736842105263153,1.0,0.05263157894736838,0,1,30
Jsoup,15,STARTS+DPT,16.0,0.9736842105263153,1.0,0.05263157894736838,0,1,30
Math,35,Fastazi-P,147.0,0.9738845144356952,7.133333333333334,0.028083989501312315,0,1,30
Compress,43,Fastazi-P,88.0,0.9741071428571431,3.4,0.030357142857142857,0,1,30
Math,43,Fastazi-S,53.0,0.9741147741147734,7.566666666666666,0.027716727716727722,0,1,30
Math,36,Fastazi-S,123.0,0.9741176470588228,7.1,0.027843137254901975,0,1,30
Lang,17,Fastazi-S,27.0,0.9746031746031748,2.6333333333333333,0.03134920634920636,0,1,30
Lang,26,Fastazi-P,54.0,0.9748148148148147,2.7666666666666666,0.030740740740740742,0,1,30
Cli,33,Fastazi-P,5.0,0.9750000000000004,1.1,0.045833333333333344,0,1,30
Math,60,STARTS+FAST-S,9.0,0.9753205128205124,8.2,0.026282051282051286,0,1,30
Compress,25,Fastazi-S,17.0,0.9760000000000003,2.3,0.030666666666666644,0,1,30
Math,98,Ekstazi+dpt,13.0,0.9760290556900725,10.4,0.025181598062954,0,1,30
Time,15,Ekstazi+dpt,11.0,0.9761904761904755,4.0,0.027210884353741503,0,1,30
Jsoup,17,Ekstazi+dpt,10.0,0.9761904761904755,1.0,0.04761904761904765,0,1,30
Jsoup,17,DPT,21.0,0.9761904761904755,1.0,0.04761904761904765,0,1,30
Jsoup,17,STARTS+DPT,17.0,0.9761904761904755,1.0,0.04761904761904765,0,1,30
Jsoup,18,Ekstazi+dpt,11.0,0.9761904761904755,1.0,0.04761904761904765,0,1,30
Jsoup,18,DPT,21.0,0.9761904761904755,1.0,0.04761904761904765,0,1,30
Jsoup,18,STARTS+DPT,18.0,0.9761904761904755,1.0,0.04761904761904765,0,1,30
Math,98,STARTS+DPT,13.0,0.976190476190476,10.333333333333334,0.025020177562550452,0,1,30
Math,82,Ekstazi+dpt,12.0,0.9763231197771594,9.0,0.025069637883008346,0,1,30
Math,83,Ekstazi+dpt,12.0,0.9763231197771594,9.0,0.025069637883008346,0,1,30
Math,14,Fastazi-S,59.0,0.9764044943820226,4.7,0.026404494382022487,0,1,30
Compress,43,STARTS+FAST-S,94.0,0.9764880952380953,3.1333333333333333,0.02797619047619048,0,1,30
Math,98,STARTS+FAST-P,13.0,0.9769168684422921,10.033333333333333,0.024293785310734464,0,1,30
Math,54,Fastazi-P,7.0,0.9771929824561408,7.0,0.024561403508771926,0,1,30
Math,101,Ekstazi+dpt,15.0,0.9774881516587681,10.0,0.02369668246445499,0,1,30
Math,6,Fastazi-S,44.0,0.9777777777777776,3.966666666666667,0.025427350427350438,0,1,30
Math,80,STARTS+FAST-S,153.0,0.9780651340996166,8.133333333333333,0.023371647509578534,0,1,30
JxPath,20,STARTS+FAST-P,30.0,0.9782312925170066,1.5666666666666667,0.03197278911564628,0,1,30
Jsoup,24,Ekstazi+dpt,2.0,0.9782608695652178,1.0,0.043478260869565195,0,1,30
Jsoup,24,DPT,23.0,0.9782608695652178,1.0,0.043478260869565195,0,1,30
Jsoup,24,STARTS+DPT,19.0,0.9782608695652178,1.0,0.043478260869565195,0,1,30
Jsoup,24,Fastazi-P,2.0,0.9782608695652178,1.0,0.043478260869565195,0,1,30
Jsoup,25,Ekstazi+dpt,19.0,0.9782608695652178,1.0,0.043478260869565195,0,1,30
Jsoup,25,DPT,23.0,0.9782608695652178,1.0,0.043478260869565195,0,1,30
Jsoup,25,STARTS+DPT,21.0,0.9782608695652178,1.0,0.043478260869565195,0,1,30
Jsoup,28,Ekstazi+dpt,19.0,0.9782608695652178,1.0,0.043478260869565195,0,1,30
Jsoup,28,DPT,23.0,0.9782608695652178,1.0,0.043478260869565195,0,1,30
Jsoup,28,STARTS+DPT,21.0,0.9782608695652178,1.0,0.043478260869565195,0,1,30
Jsoup,30,Ekstazi+dpt,3.0,0.9782608695652178,1.0,0.043478260869565195,0,1,30
Jsoup,30,Fastazi-P,3.0,0.9782608695652178,1.0,0.043478260869565195,0,1,30
Math,14,STARTS+FAST-S,63.0,0.9784644194756557,4.333333333333333,0.02434456928838952,0,1,30
Math,14,FAST,178.0,0.9786516853932586,4.3,0.02415730337078652,0,1,30
Lang,17,STARTS+FAST-S,55.0,0.9793650793650795,2.2333333333333334,0.026587301587301604,0,1,30
Math,98,Fastazi-P,13.0,0.9794188861985476,9.0,0.02179176755447942,0,1,30
Compress,23,STARTS,3.0,0.9795555555555555,2.033333333333333,0.027111111111111096,0,1,30
Math,36,Fastazi-P,123.0,0.9796078431372541,5.7,0.02235294117647059,0,1,30
Codec,15,Fastazi-P,28.0,0.9796296296296293,1.6,0.029629629629629617,0,1,30
Time,15,Fastazi-S,11.0,0.979818594104308,3.466666666666667,0.023582766439909305,0,1,30
Compress,23,Ekstazi+dpt,2.0,0.9800000000000003,2.0,0.02666666666666665,0,1,30
Cli,35,Ekstazi+dpt,24.0,0.9800000000000003,1.0,0.040000000000000015,0,1,30
Cli,35,DPT,25.0,0.9800000000000003,1.0,0.040000000000000015,0,1,30
Cli,35,STARTS+DPT,25.0,0.9800000000000003,1.0,0.040000000000000015,0,1,30
Jsoup,33,Ekstazi+dpt,23.0,0.9800000000000003,1.0,0.040000000000000015,0,1,30
Jsoup,33,DPT,25.0,0.9800000000000003,1.0,0.040000000000000015,0,1,30
Jsoup,33,STARTS+DPT,23.0,0.9800000000000003,1.0,0.040000000000000015,0,1,30
Jsoup,34,Ekstazi+dpt,17.0,0.9800000000000003,1.0,0.040000000000000015,0,1,30
Jsoup,34,DPT,25.0,0.9800000000000003,1.0,0.040000000000000015,0,1,30
Jsoup,34,STARTS+DPT,23.0,0.9800000000000003,1.0,0.040000000000000015,0,1,30
Jsoup,35,Ekstazi+dpt,16.0,0.9800000000000003,1.0,0.040000000000000015,0,1,30
Jsoup,35,DPT,25.0,0.9800000000000003,1.0,0.040000000000000015,0,1,30
Jsoup,35,STARTS+DPT,22.0,0.9800000000000003,1.0,0.040000000000000015,0,1,30
Jsoup,38,Ekstazi+dpt,16.0,0.9800000000000003,1.0,0.040000000000000015,0,1,30
Jsoup,38,DPT,25.0,0.9800000000000003,1.0,0.040000000000000015,0,1,30
Jsoup,38,STARTS+DPT,22.0,0.9800000000000003,1.0,0.040000000000000015,0,1,30
Jsoup,40,Ekstazi+dpt,19.0,0.9800000000000003,1.0,0.040000000000000015,0,1,30
Jsoup,40,DPT,25.0,0.9800000000000003,1.0,0.040000000000000015,0,1,30
Jsoup,40,STARTS+DPT,23.0,0.9800000000000003,1.0,0.040000000000000015,0,1,30
Math,101,STARTS,17.0,0.9800157977883097,8.933333333333334,0.021169036334913113,0,1,30
Cli,40,Fastazi-P,7.0,0.9804597701149422,1.0666666666666667,0.03678160919540229,0,1,30
Time,26,Fastazi-S,16.0,0.9806306306306305,3.3666666666666667,0.02274774774774775,0,1,30
Jsoup,44,Ekstazi+dpt,18.0,0.9807692307692302,1.0,0.03846153846153846,0,1,30
Jsoup,44,DPT,26.0,0.9807692307692302,1.0,0.03846153846153846,0,1,30
Jsoup,44,STARTS+DPT,23.0,0.9807692307692302,1.0,0.03846153846153846,0,1,30
Jsoup,45,Ekstazi+dpt,22.0,0.9807692307692302,1.0,0.03846153846153846,0,1,30
Jsoup,45,DPT,26.0,0.9807692307692302,1.0,0.03846153846153846,0,1,30
Jsoup,45,STARTS+DPT,23.0,0.9807692307692302,1.0,0.03846153846153846,0,1,30
Jsoup,51,Ekstazi+dpt,18.0,0.9807692307692302,1.0,0.03846153846153846,0,1,30
Jsoup,51,DPT,26.0,0.9807692307692302,1.0,0.03846153846153846,0,1,30
Jsoup,51,STARTS+DPT,24.0,0.9807692307692302,1.0,0.03846153846153846,0,1,30
Math,78,Fastazi-P,39.0,0.9809248554913296,7.1,0.02052023121387283,0,1,30
Compress,33,Fastazi-S,9.0,0.981111111111111,2.2,0.024444444444444442,0,1,30
Jsoup,59,Ekstazi+dpt,21.0,0.9814814814814812,1.0,0.03703703703703701,0,1,30
Jsoup,59,DPT,27.0,0.9814814814814812,1.0,0.03703703703703701,0,1,30
Jsoup,59,STARTS+DPT,25.0,0.9814814814814812,1.0,0.03703703703703701,0,1,30
Jsoup,62,Ekstazi+dpt,22.0,0.9814814814814812,1.0,0.03703703703703701,0,1,30
Jsoup,62,DPT,27.0,0.9814814814814812,1.0,0.03703703703703701,0,1,30
Jsoup,62,STARTS+DPT,25.0,0.9814814814814812,1.0,0.03703703703703701,0,1,30
Jsoup,63,Ekstazi+dpt,27.0,0.9814814814814812,1.0,0.03703703703703701,0,1,30
Jsoup,63,DPT,27.0,0.9814814814814812,1.0,0.03703703703703701,0,1,30
Jsoup,63,STARTS+DPT,27.0,0.9814814814814812,1.0,0.03703703703703701,0,1,30
Jsoup,64,Ekstazi+dpt,18.0,0.9814814814814812,1.0,0.03703703703703701,0,1,30
Jsoup,64,DPT,27.0,0.9814814814814812,1.0,0.03703703703703701,0,1,30
Jsoup,64,STARTS+DPT,25.0,0.9814814814814812,1.0,0.03703703703703701,0,1,30
Jsoup,65,Ekstazi+dpt,26.0,0.9814814814814812,1.0,0.03703703703703701,0,1,30
Jsoup,65,DPT,27.0,0.9814814814814812,1.0,0.03703703703703701,0,1,30
Jsoup,65,STARTS+DPT,26.0,0.9814814814814812,1.0,0.03703703703703701,0,1,30
Math,83,Ekstazi,12.0,0.9815227483751162,7.133333333333334,0.019870009285051074,0,1,30
Math,54,STARTS,8.0,0.9818713450292397,5.666666666666667,0.019883040935672513,0,1,30
Lang,17,Fastazi-P,27.0,0.9821428571428572,2.0,0.02380952380952381,0,1,30
Lang,17,DPT,84.0,0.9821428571428574,2.0,0.023809523809523826,0,1,30
Lang,17,STARTS+DPT,55.0,0.9821428571428574,2.0,0.023809523809523826,0,1,30
Math,101,STARTS+FAST-P,17.0,0.9822274881516584,8.0,0.01895734597156397,0,1,30
Math,101,STARTS+FAST-S,17.0,0.9823064770932068,7.966666666666667,0.018878357030015797,0,1,30
Lang,21,Ekstazi+dpt,51.0,0.9823529411764699,2.0,0.0235294117647059,0,1,30
Lang,21,DPT,85.0,0.9823529411764699,2.0,0.0235294117647059,0,1,30
Lang,21,STARTS+DPT,59.0,0.9823529411764699,2.0,0.0235294117647059,0,1,30
Lang,22,Ekstazi+dpt,17.0,0.9823529411764699,2.0,0.0235294117647059,0,1,30
Math,22,STARTS+FAST-S,25.0,0.9827217125382263,4.266666666666667,0.019571865443425086,0,1,30
Math,96,Fastazi-S,9.0,0.9827669902912617,7.6,0.01844660194174757,0,1,30
Time,26,Fastazi-P,16.0,0.9828828828828833,3.033333333333333,0.020495495495495505,0,1,30
Math,54,STARTS+FAST-S,8.0,0.9830409356725147,5.333333333333333,0.018713450292397665,0,1,30
Math,20,Ekstazi+dpt,4.0,0.9830917874396131,4.0,0.019323671497584526,0,1,30
Math,20,STARTS+DPT,4.0,0.9830917874396131,4.0,0.019323671497584526,0,1,30
Compress,33,STARTS+FAST-S,9.0,0.9833333333333333,2.0,0.022222222222222223,0,1,30
Compress,33,Ekstazi+dpt,9.0,0.9833333333333336,2.0,0.02222222222222222,0,1,30
Compress,33,STARTS+DPT,9.0,0.9833333333333336,2.0,0.02222222222222222,0,1,30
Math,101,Ekstazi,15.0,0.9834913112164297,7.466666666666667,0.017693522906793054,0,1,30
Math,22,STARTS+FAST-P,25.0,0.9836391437308863,4.066666666666666,0.018654434250764525,0,1,30
Math,75,STARTS+FAST-P,7.0,0.9837758112094399,6.0,0.0176991150442478,0,1,30
Math,75,Fastazi-P,7.0,0.9837758112094399,6.0,0.0176991150442478,0,1,30
Math,35,DPT,254.0,0.9839895013123361,4.566666666666666,0.017979002624671916,0,1,30
Compress,23,STARTS+FAST-S,3.0,0.9840000000000002,1.7,0.022666666666666658,0,1,30
Math,54,Ekstazi+dpt,7.0,0.984210526315789,5.0,0.01754385964912281,0,1,30
Math,54,STARTS+DPT,8.0,0.984210526315789,5.0,0.01754385964912281,0,1,30
Math,96,Fastazi-P,9.0,0.9842233009708743,7.0,0.016990291262135918,0,1,30
Math,98,Ekstazi,13.0,0.9842615012106539,7.0,0.016949152542372885,0,1,30
Math,101,Fastazi-S,15.0,0.9843601895734599,7.1,0.016824644549763033,0,1,30
Math,98,Fastazi-S,13.0,0.9846650524616628,6.833333333333333,0.016545601291364002,0,1,30
Math,9,STARTS+DPT,3.0,0.9849397590361447,3.0,0.018072289156626505,0,1,30
Math,63,Ekstazi,9.0,0.9849631966351209,5.266666666666667,0.01661409043112513,0,1,30
Math,98,STARTS,13.0,0.9853107344632768,6.566666666666666,0.015899919289749802,0,1,30
Math,82,Ekstazi,12.0,0.9853296193129062,5.766666666666667,0.016063138347260912,0,1,30
Cli,16,DPT,57.0,0.985380116959064,1.3333333333333333,0.02339181286549708,0,1,30
Math,96,STARTS+FAST-S,9.0,0.9854368932038837,6.5,0.01577669902912621,0,1,30
Math,98,STARTS+FAST-S,13.0,0.985552865213882,6.466666666666667,0.01565778853914447,0,1,30
Math,60,Fastazi-P,5.0,0.9855769230769232,5.0,0.016025641025641024,0,1,30
Jsoup,78,Ekstazi+dpt,24.0,0.985714285714285,1.0,0.028571428571428577,0,1,30
Jsoup,78,DPT,35.0,0.985714285714285,1.0,0.028571428571428577,0,1,30
Jsoup,78,STARTS+DPT,34.0,0.985714285714285,1.0,0.028571428571428577,0,1,30
Lang,17,STARTS+FAST-P,55.0,0.9857142857142861,1.7,0.020238095238095246,0,1,30
Math,37,STARTS+FAST-P,54.0,0.9858823529411758,4.1,0.016078431372549017,0,1,30
Math,29,Ekstazi+dpt,4.0,0.9859437751004021,4.0,0.01606425702811244,0,1,30
Math,29,STARTS+DPT,4.0,0.9859437751004021,4.0,0.01606425702811244,0,1,30
Jsoup,91,Ekstazi+dpt,27.0,0.9861111111111108,1.0,0.027777777777777787,0,1,30
Jsoup,91,DPT,36.0,0.9861111111111108,1.0,0.027777777777777787,0,1,30
Jsoup,91,STARTS+DPT,35.0,0.9861111111111108,1.0,0.027777777777777787,0,1,30
Math,34,Ekstazi+dpt,4.0,0.9862204724409446,4.0,0.015748031496062978,0,1,30
Math,34,STARTS+DPT,4.0,0.9862204724409446,4.0,0.015748031496062978,0,1,30
Math,35,Ekstazi+dpt,147.0,0.9862204724409446,4.0,0.015748031496062978,0,1,30
Math,35,STARTS+DPT,149.0,0.9862204724409446,4.0,0.015748031496062978,0,1,30
Math,91,Ekstazi+dpt,84.0,0.9863963963963961,5.533333333333333,0.014954954954954953,0,1,30
Math,41,Fastazi-P,5.0,0.9866412213740461,4.0,0.015267175572519094,0,1,30
Math,101,Fastazi-P,15.0,0.9868878357030021,6.033333333333333,0.014296998420221163,0,1,30
Math,54,Fastazi-S,7.0,0.9870175438596488,4.2,0.01473684210526316,0,1,30
Compress,23,Ekstazi,2.0,0.9871111111111113,1.4666666666666666,0.019555555555555548,0,1,30
Math,37,STARTS+FAST-S,54.0,0.9874509803921566,3.7,0.01450980392156863,0,1,30
Compress,23,Fastazi-S,2.0,0.9875555555555555,1.4333333333333333,0.0191111111111111,0,1,30
Math,41,Fastazi-S,5.0,0.9876590330788806,3.7333333333333334,0.014249363867684486,0,1,30
Math,60,Fastazi-S,5.0,0.9877136752136753,4.333333333333333,0.013888888888888886,0,1,30
Math,22,Fastazi-S,24.0,0.9877675840978593,3.1666666666666665,0.014525993883792058,0,1,30
Math,20,STARTS+FAST-P,4.0,0.9879227053140094,3.0,0.014492753623188411,0,1,30
Math,20,Fastazi-P,4.0,0.9879227053140094,3.0,0.014492753623188411,0,1,30
Compress,25,Fastazi-P,17.0,0.9879999999999998,1.4,0.018666666666666654,0,1,30
Math,60,STARTS,9.0,0.9880341880341877,4.233333333333333,0.01356837606837607,0,1,30
Math,41,STARTS+FAST-S,5.0,0.988167938931298,3.6,0.013740458015267184,0,1,30
Math,96,Ekstazi,9.0,0.9882686084142394,5.333333333333333,0.012944983818770222,0,1,30
Cli,16,STARTS+DPT,47.0,0.9883040935672512,1.1666666666666667,0.020467836257309947,0,1,30
Math,54,Ekstazi,7.0,0.9883040935672517,3.8333333333333335,0.013450292397660824,0,1,30
Math,37,Fastazi-S,36.0,0.9887581699346408,3.3666666666666667,0.013202614379084971,0,1,30
Time,15,Fastazi-P,11.0,0.9888888888888886,2.1333333333333333,0.0145124716553288,0,1,30
Math,75,Ekstazi,7.0,0.9889872173058015,4.233333333333333,0.012487708947885938,0,1,30
Math,96,STARTS+FAST-P,9.0,0.989077669902912,5.0,0.012135922330097084,0,1,30
Math,96,STARTS,9.0,0.9892394822006473,4.933333333333334,0.011974110032362456,0,1,30
Cli,16,Ekstazi+dpt,42.0,0.9894736842105262,1.1,0.01929824561403509,0,1,30
Math,41,Ekstazi,5.0,0.9895674300254456,3.2333333333333334,0.012340966921119594,0,1,30
Math,32,DPT,254.0,0.9901574803149603,3.0,0.011811023622047242,0,1,30
Math,32,STARTS+DPT,178.0,0.9901574803149603,3.0,0.011811023622047242,0,1,30
Math,34,STARTS+FAST-P,4.0,0.9901574803149603,3.0,0.011811023622047242,0,1,30
Math,34,Fastazi-P,4.0,0.9901574803149603,3.0,0.011811023622047242,0,1,30
Math,9,STARTS+FAST-S,3.0,0.990160642570281,2.1333333333333333,0.012851405622489964,0,1,30
Math,41,STARTS+FAST-P,5.0,0.9902035623409673,3.066666666666667,0.011704834605597967,0,1,30
Math,82,Fastazi-P,12.0,0.9902506963788299,4.0,0.011142061281337047,0,1,30
Math,83,Fastazi-P,12.0,0.9902506963788299,4.0,0.011142061281337047,0,1,30
Math,63,Ekstazi+dpt,9.0,0.9905362776025236,3.5,0.011041009463722395,0,1,30
Math,75,STARTS,7.0,0.9906588003933138,3.6666666666666665,0.010816125860373647,0,1,30
Math,9,STARTS+FAST-P,3.0,0.9907630522088351,2.033333333333333,0.012248995983935742,0,1,30
Math,41,STARTS,5.0,0.9908396946564888,2.9,0.011068702290076338,0,1,30
Math,78,Fastazi-S,39.0,0.9909441233140659,3.6333333333333333,0.0105009633911368,0,1,30
Math,20,STARTS,4.0,0.9909822866344608,2.3666666666666667,0.011433172302737521,0,1,30
Math,20,Ekstazi,4.0,0.9911433172302737,2.3333333333333335,0.011272141706924315,0,1,30
Math,34,Fastazi-S,4.0,0.9913385826771651,2.7,0.01062992125984252,0,1,30
Math,34,Ekstazi,4.0,0.9914698162729658,2.6666666666666665,0.010498687664041991,0,1,30
Math,34,STARTS+FAST-S,4.0,0.9914698162729658,2.6666666666666665,0.010498687664041991,0,1,30
Math,9,STARTS,3.0,0.9915662650602407,1.9,0.011445783132530122,0,1,30
Math,34,STARTS,4.0,0.9918635170603675,2.566666666666667,0.010104986876640416,0,1,30
Math,63,Fastazi-P,9.0,0.992008412197687,3.033333333333333,0.009568874868559408,0,1,30
Math,60,Ekstazi,5.0,0.9920940170940169,2.966666666666667,0.009508547008547008,0,1,30
Compress,23,Fastazi-P,2.0,0.9924444444444442,1.0666666666666667,0.014222222222222214,0,1,30
Math,29,STARTS,4.0,0.9925033467202142,2.3666666666666667,0.009504685408299863,0,1,30
Math,14,Fastazi-P,59.0,0.9925093632958804,1.8333333333333333,0.010299625468164798,0,1,30
Math,20,Fastazi-S,4.0,0.9925925925925928,2.033333333333333,0.00982286634460547,0,1,30
Math,20,STARTS+FAST-S,4.0,0.9925925925925928,2.033333333333333,0.009822866344605472,0,1,30
Math,29,Ekstazi,4.0,0.9926372155287819,2.3333333333333335,0.00937081659973226,0,1,30
Math,22,Fastazi-P,24.0,0.9926605504587159,2.1,0.009633027522935782,0,1,30
Math,82,Fastazi-S,12.0,0.9927576601671306,3.1,0.008635097493036216,0,1,30
Math,37,Fastazi-P,36.0,0.9928104575163393,2.3333333333333335,0.00915032679738562,0,1,30
Compress,23,STARTS+FAST-P,3.0,0.9928888888888886,1.0333333333333334,0.01377777777777777,0,1,30
Math,23,Ekstazi+dpt,2.0,0.9931192660550463,2.0,0.009174311926605505,0,1,30
Math,23,STARTS+FAST-P,2.0,0.9931192660550463,2.0,0.009174311926605505,0,1,30
Math,23,STARTS+DPT,2.0,0.9931192660550463,2.0,0.009174311926605505,0,1,30
Math,83,Fastazi-S,12.0,0.9933147632311975,2.9,0.008077994428969365,0,1,30
Math,96,Ekstazi+dpt,9.0,0.993932038834952,3.0,0.00728155339805825,0,1,30
Math,96,STARTS+DPT,9.0,0.993932038834952,3.0,0.00728155339805825,0,1,30
Math,26,STARTS+FAST-P,2.0,0.9939516129032252,2.0,0.008064516129032253,0,1,30
Math,103,STARTS,24.0,0.9939890710382518,3.066666666666667,0.007181889149102266,0,1,30
Math,103,Ekstazi,23.0,0.993989071038252,3.066666666666667,0.007181889149102267,0,1,30
Gson,3,Ekstazi+dpt,83.0,0.9940476190476194,1.0,0.011904761904761913,0,1,30
Gson,3,DPT,84.0,0.9940476190476194,1.0,0.011904761904761913,0,1,30
Gson,3,STARTS+DPT,84.0,0.9940476190476194,1.0,0.011904761904761913,0,1,30
Lang,17,Ekstazi+dpt,27.0,0.9940476190476194,1.0,0.011904761904761913,0,1,30
Math,80,Fastazi-S,35.0,0.9940613026819918,2.566666666666667,0.007375478927203061,0,1,30
Gson,5,Ekstazi,1.0,0.9942528735632188,1.0,0.01149425287356321,0,1,30
Gson,5,Ekstazi+dpt,1.0,0.9942528735632188,1.0,0.01149425287356321,0,1,30
Gson,5,Fastazi-S,1.0,0.9942528735632188,1.0,0.01149425287356321,0,1,30
Gson,5,Fastazi-P,1.0,0.9942528735632188,1.0,0.01149425287356321,0,1,30
Math,40,Ekstazi+dpt,4.0,0.9942748091603056,2.0,0.007633587786259547,0,1,30
Gson,7,Ekstazi+dpt,69.0,0.9943181818181824,1.0,0.011363636363636359,0,1,30
Gson,7,DPT,88.0,0.9943181818181824,1.0,0.011363636363636359,0,1,30
Gson,7,STARTS+DPT,79.0,0.9943181818181824,1.0,0.011363636363636359,0,1,30
Math,63,Fastazi-S,9.0,0.994321766561514,2.3,0.0072555205047318575,0,1,30
Math,40,Ekstazi,4.0,0.9946564885496186,1.9,0.007251908396946568,0,1,30
Math,14,STARTS+FAST-P,63.0,0.9947565543071163,1.4333333333333333,0.008052434456928841,0,1,30
Math,80,DPT,348.0,0.9949233716475092,2.2666666666666666,0.006513409961685822,0,1,30
Math,29,STARTS+FAST-S,4.0,0.995046854082999,1.7333333333333334,0.006961178045515392,0,1,30
Math,23,Fastazi-P,2.0,0.9951070336391442,1.5666666666666667,0.007186544342507646,0,1,30
Math,29,Fastazi-S,4.0,0.9951807228915664,1.7,0.006827309236947787,0,1,30
Math,23,Ekstazi,2.0,0.9952599388379212,1.5333333333333334,0.007033639143730887,0,1,30
Math,80,Fastazi-P,35.0,0.995306513409961,2.1333333333333333,0.006130268199233713,0,1,30
Math,26,STARTS,2.0,0.9954301075268817,1.6333333333333333,0.00658602150537634,0,1,30
Math,23,STARTS+FAST-S,2.0,0.9955657492354744,1.4666666666666666,0.006727828746177371,0,1,30
Math,23,Fastazi-S,2.0,0.9955657492354745,1.4666666666666666,0.006727828746177371,0,1,30
Math,26,Ekstazi,2.0,0.9956989247311829,1.5666666666666667,0.006317204301075265,0,1,30
Math,80,STARTS+DPT,153.0,0.9957854406130264,1.9666666666666666,0.00565134099616858,0,1,30
Math,75,STARTS+FAST-S,7.0,0.9958702064896753,1.9,0.0056047197640118,0,1,30
Math,75,Fastazi-S,7.0,0.9959685349065878,1.8666666666666667,0.0055063913470993105,0,1,30
Math,23,STARTS,2.0,0.9960244648318048,1.3666666666666667,0.0062691131498470954,0,1,30
Math,40,Fastazi-S,4.0,0.9961832061068704,1.5,0.005725190839694661,0,1,30
Math,26,Fastazi-S,2.0,0.9962365591397848,1.4333333333333333,0.005779569892473115,0,1,30
Math,103,Fastazi-S,23.0,0.996252927400469,2.1,0.004918032786885246,0,1,30
Math,26,STARTS+FAST-S,2.0,0.9963709677419357,1.4,0.005645161290322578,0,1,30
Math,103,Fastazi-P,23.0,0.9964090554254493,2.033333333333333,0.004761904761904763,0,1,30
Math,103,STARTS+FAST-P,24.0,0.9964090554254494,2.033333333333333,0.004761904761904763,0,1,30
Math,71,STARTS+FAST-S,2.0,0.9965069860279441,1.6666666666666667,0.0049900199600798395,0,1,30
Math,71,STARTS,2.0,0.9971057884231536,1.4666666666666666,0.00439121756487026,0,1,30
Math,103,STARTS+FAST-S,24.0,0.9971116315378616,1.7333333333333334,0.004059328649492586,0,1,30
Math,26,Ekstazi+dpt,2.0,0.9979838709677428,1.0,0.004032258064516126,0,1,30
Math,26,STARTS+DPT,2.0,0.9979838709677428,1.0,0.004032258064516126,0,1,30
Math,26,Fastazi-P,2.0,0.9979838709677428,1.0,0.004032258064516126,0,1,30
Math,27,Ekstazi,1.0,0.9979838709677428,1.0,0.004032258064516126,0,1,30
Math,27,Ekstazi+dpt,1.0,0.9979838709677428,1.0,0.004032258064516126,0,1,30
Math,27,STARTS,1.0,0.9979838709677428,1.0,0.004032258064516126,0,1,30
Math,27,STARTS+FAST-S,1.0,0.9979838709677428,1.0,0.004032258064516126,0,1,30
Math,27,STARTS+FAST-P,1.0,0.9979838709677428,1.0,0.004032258064516126,0,1,30
Math,27,STARTS+DPT,1.0,0.9979838709677428,1.0,0.004032258064516126,0,1,30
Math,27,Fastazi-S,1.0,0.9979838709677428,1.0,0.004032258064516126,0,1,30
Math,27,Fastazi-P,1.0,0.9979838709677428,1.0,0.004032258064516126,0,1,30
Math,29,STARTS+FAST-P,4.0,0.9979919678714853,1.0,0.00401606425702811,0,1,30
Math,29,Fastazi-P,4.0,0.9979919678714853,1.0,0.00401606425702811,0,1,30
Math,32,Ekstazi+dpt,30.0,0.9980314960629925,1.0,0.0039370078740157445,0,1,30
Math,40,Fastazi-P,4.0,0.9980916030534351,1.0,0.0038167938931297734,0,1,30
Math,41,Ekstazi+dpt,5.0,0.9980916030534351,1.0,0.0038167938931297734,0,1,30
Math,41,STARTS+DPT,5.0,0.9980916030534351,1.0,0.0038167938931297734,0,1,30
Math,60,Ekstazi+dpt,5.0,0.9983974358974353,1.0,0.0032051282051282068,0,1,30
Math,60,STARTS+DPT,9.0,0.9983974358974353,1.0,0.0032051282051282068,0,1,30
Math,71,Ekstazi,1.0,0.9985029940119754,1.0,0.002994011976047904,0,1,30
Math,71,Ekstazi+dpt,1.0,0.9985029940119754,1.0,0.002994011976047904,0,1,30
Math,71,STARTS+FAST-P,2.0,0.9985029940119754,1.0,0.002994011976047904,0,1,30
Math,71,STARTS+DPT,2.0,0.9985029940119754,1.0,0.002994011976047904,0,1,30
Math,71,Fastazi-S,1.0,0.9985029940119754,1.0,0.002994011976047904,0,1,30
Math,71,Fastazi-P,1.0,0.9985029940119754,1.0,0.002994011976047904,0,1,30
Math,75,Ekstazi+dpt,7.0,0.9985250737463122,1.0,0.0029498525073746312,0,1,30
Math,75,STARTS+DPT,7.0,0.9985250737463122,1.0,0.0029498525073746312,0,1,30
Math,80,Ekstazi+dpt,35.0,0.9985632183908041,1.0,0.0028735632183908024,0,1,30
Math,90,Ekstazi,1.0,0.998648648648648,1.0,0.002702702702702703,0,1,30
Math,90,Ekstazi+dpt,1.0,0.998648648648648,1.0,0.002702702702702703,0,1,30
Math,90,STARTS,1.0,0.998648648648648,1.0,0.002702702702702703,0,1,30
Math,90,STARTS+FAST-S,1.0,0.998648648648648,1.0,0.002702702702702703,0,1,30
Math,90,STARTS+FAST-P,1.0,0.998648648648648,1.0,0.002702702702702703,0,1,30
Math,90,STARTS+DPT,1.0,0.998648648648648,1.0,0.002702702702702703,0,1,30
Math,90,Fastazi-S,1.0,0.998648648648648,1.0,0.002702702702702703,0,1,30
Math,90,Fastazi-P,1.0,0.998648648648648,1.0,0.002702702702702703,0,1,30
Math,103,Ekstazi+dpt,23.0,0.998829039812647,1.0,0.0023419203747072613,0,1,30
Math,103,DPT,427.0,0.998829039812647,1.0,0.0023419203747072613,0,1,30
Math,103,STARTS+DPT,24.0,0.998829039812647,1.0,0.0023419203747072613,0,1,30
